content_metric_id,metric_date,content_id,impressions,play_count,watch_seconds,interaction_count,play_rate,completion_rate
CM00000001,2026-08-26,V00010735,7,3,194,1,0.4286,0.479
CM00000002,2026-05-12,V00013763,7,1,44,1,0.1429,0.7458
CM00000003,2026-03-04,V00004351,8,2,65,0,0.25,0.6771
CM00000004,2026-07-03,V00000689,16,3,24,0,0.1875,0.1905
CM00000005,2026-08-06,V00006121,4,3,50,0,0.75,0.7246
CM00000006,2026-07-18,V00004424,9,3,93,0,0.3333,0.2897
CM00000007,2026-08-20,V00014450,10,5,661,1,0.5,0.8314
CM00000008,2026-03-06,V00005766,10,2,108,0,0.2,0.4576
CM00000009,2026-04-25,V00003613,8,3,24,0,0.375,0.1455
CM00000010,2026-02-15,V00011879,14,5,290,2,0.3571,0.5
CM00000011,2026-07-04,V00000956,10,1,61,0,0.1,0.488
CM00000012,2026-01-06,V00001568,15,4,147,1,0.2667,0.4273
CM00000013,2026-01-11,V00006595,1,0,0,0,0.0,0.0
CM00000014,2026-01-31,V00001438,9,3,168,0,0.3333,0.4242
CM00000015,2026-03-25,V00004784,5,0,0,0,0.0,0.0
CM00000016,2026-02-27,V00001286,13,6,41,1,0.4615,0.402
CM00000017,2026-06-01,V00012193,8,2,185,0,0.25,0.5818
CM00000018,2026-08-28,V00007595,8,3,113,0,0.375,0.4892
CM00000019,2026-06-06,V00007443,19,6,491,2,0.3158,0.6199
CM00000020,2026-06-02,V00006272,11,4,68,0,0.3636,0.68
CM00000021,2026-04-29,V00000951,11,7,679,1,0.6364,0.5706
CM00000022,2026-04-22,V00003834,8,3,204,0,0.375,0.764
CM00000023,2026-04-20,V00004397,11,4,245,1,0.3636,0.4375
CM00000024,2026-01-27,V00005072,7,2,68,0,0.2857,0.5
CM00000025,2026-02-27,V00014772,13,8,61,1,0.6154,0.6932
CM00000026,2026-08-14,V00005707,6,1,3,0,0.1667,0.0556
CM00000027,2026-07-22,V00007256,9,3,72,1,0.3333,0.7742
CM00000028,2026-07-18,V00013484,5,1,47,0,0.2,0.2848
CM00000029,2026-05-19,V00002506,13,2,33,0,0.1538,0.6346
CM00000030,2026-02-13,V00011655,7,2,85,0,0.2857,0.2833
CM00000031,2026-03-10,V00014777,8,2,70,1,0.25,0.5738
CM00000032,2026-08-11,V00002362,10,3,294,1,0.3,0.8829
CM00000033,2026-06-24,V00004881,8,2,201,0,0.25,0.7444
CM00000034,2026-06-07,V00011600,8,2,9,0,0.25,0.1667
CM00000035,2026-06-07,V00012469,9,5,419,1,0.5556,0.6207
CM00000036,2026-01-31,V00004642,12,3,108,0,0.25,0.5806
CM00000037,2026-04-04,V00000996,7,2,96,0,0.2857,0.3664
CM00000038,2026-02-04,V00003575,8,3,95,0,0.375,0.609
CM00000039,2026-02-28,V00000579,3,1,96,0,0.3333,0.5581
CM00000040,2026-01-14,V00014220,17,6,418,0,0.3529,0.4707
CM00000041,2026-08-23,V00001798,6,2,61,1,0.3333,0.4296
CM00000042,2026-05-01,V00001814,13,4,196,0,0.3077,0.3952
CM00000043,2026-03-15,V00011084,18,6,549,1,0.3333,0.7038
CM00000044,2026-04-15,V00012587,7,0,0,0,0.0,0.0
CM00000045,2026-07-03,V00000653,6,3,83,0,0.5,0.401
CM00000046,2026-05-05,V00003681,11,4,133,0,0.3636,0.7228
CM00000047,2026-07-07,V00000304,4,1,174,0,0.25,0.9943
CM00000048,2026-07-12,V00003564,8,2,122,0,0.25,0.4552
CM00000049,2026-08-02,V00004493,7,3,230,1,0.4286,0.6497
CM00000050,2026-08-07,V00010951,7,3,48,0,0.4286,0.1524
CM00000051,2026-08-16,V00002107,16,6,602,1,0.375,0.5902
CM00000052,2026-07-22,V00006027,13,1,10,0,0.0769,0.2083
CM00000053,2026-05-17,V00009522,12,7,662,2,0.5833,0.7816
CM00000054,2026-04-09,V00003128,11,2,28,0,0.1818,0.6364
CM00000055,2026-07-19,V00013038,8,2,77,0,0.25,0.7857
CM00000056,2026-07-25,V00009245,14,4,257,0,0.2857,0.4227
CM00000057,2026-07-16,V00001019,9,4,111,0,0.4444,0.8162
CM00000058,2026-07-11,V00001961,8,3,225,0,0.375,0.463
CM00000059,2026-01-15,V00010744,8,5,259,1,0.625,0.6395
CM00000060,2026-01-18,V00014357,12,5,323,0,0.4167,0.95
CM00000061,2026-01-23,V00000672,9,2,63,0,0.2222,0.4437
CM00000062,2026-04-06,V00002622,6,3,323,0,0.5,0.7324
CM00000063,2026-06-26,V00006883,12,4,257,0,0.3333,0.9049
CM00000064,2026-06-11,V00003448,4,1,33,0,0.25,0.3587
CM00000065,2026-04-29,V00008813,7,1,143,0,0.1429,0.8412
CM00000066,2026-07-28,V00001452,9,1,54,0,0.1111,0.5567
CM00000067,2026-08-17,V00010002,11,6,353,0,0.5455,0.7263
CM00000068,2026-05-18,V00006673,8,1,18,0,0.125,0.2169
CM00000069,2026-08-06,V00005504,14,6,734,2,0.4286,0.6834
CM00000070,2026-05-16,V00006087,12,2,72,1,0.1667,0.4186
CM00000071,2026-05-16,V00008306,13,5,242,0,0.3846,0.4523
CM00000072,2026-07-11,V00014240,9,3,123,0,0.3333,0.4767
CM00000073,2026-04-22,V00002897,10,2,102,0,0.2,0.3228
CM00000074,2026-04-21,V00012724,8,0,0,0,0.0,0.0
CM00000075,2026-05-03,V00014076,8,4,342,0,0.5,0.5481
CM00000076,2026-04-28,V00014219,12,3,45,1,0.25,0.4167
CM00000077,2026-07-13,V00013585,9,4,81,0,0.4444,0.3164
CM00000078,2026-01-30,V00012081,11,1,42,0,0.0909,0.2897
CM00000079,2026-08-16,V00009690,10,6,639,2,0.6,0.6698
CM00000080,2026-02-18,V00000885,10,2,93,0,0.2,0.3875
CM00000081,2026-06-11,V00012678,10,4,201,1,0.4,0.6526
CM00000082,2026-03-16,V00000427,10,2,141,0,0.2,0.5595
CM00000083,2026-04-21,V00007804,14,4,418,1,0.2857,0.5971
CM00000084,2026-02-11,V00006404,10,1,68,1,0.1,0.5714
CM00000085,2026-03-05,V00006885,11,3,24,0,0.2727,0.3077
CM00000086,2026-02-24,V00001952,15,4,95,0,0.2667,0.3893
CM00000087,2026-01-09,V00009717,9,3,111,0,0.3333,0.8409
CM00000088,2026-07-01,V00006414,8,2,10,0,0.25,0.5556
CM00000089,2026-02-24,V00001648,6,0,0,0,0.0,0.0
CM00000090,2026-02-17,V00011854,4,1,160,0,0.25,1.0
CM00000091,2026-07-10,V00009790,11,7,359,2,0.6364,0.7025
CM00000092,2026-08-21,V00001579,15,6,216,0,0.4,0.6545
CM00000093,2026-02-10,V00013006,9,3,219,0,0.3333,0.4867
CM00000094,2026-04-18,V00008757,10,4,273,1,0.4,0.65
CM00000095,2026-04-10,V00009130,6,3,187,0,0.5,0.6561
CM00000096,2026-05-22,V00007091,8,5,256,0,0.625,0.4785
CM00000097,2026-01-23,V00014517,9,5,218,4,0.5556,0.8226
CM00000098,2026-05-07,V00008023,5,4,487,2,0.8,0.8339
CM00000099,2026-02-06,V00008438,12,6,173,2,0.5,0.8009
CM00000100,2026-02-28,V00004403,11,6,134,0,0.5455,0.6204
CM00000101,2026-08-26,V00012666,10,1,136,0,0.1,0.8447
CM00000102,2026-04-07,V00010789,8,2,84,0,0.25,0.6364
CM00000103,2026-06-23,V00003740,7,3,293,0,0.4286,0.7129
CM00000104,2026-08-15,V00002582,12,7,516,1,0.5833,0.7371
CM00000105,2026-08-17,V00009976,8,1,66,1,0.125,0.8148
CM00000106,2026-01-28,V00001096,12,4,69,1,0.3333,0.6161
CM00000107,2026-06-03,V00014303,5,1,68,0,0.2,0.562
CM00000108,2026-08-21,V00007450,8,3,53,0,0.375,0.6543
CM00000109,2026-06-12,V00004816,5,2,229,0,0.4,0.8179
CM00000110,2026-03-08,V00003185,15,4,181,1,0.2667,0.3232
CM00000111,2026-08-26,V00012336,8,1,22,0,0.125,0.22
CM00000112,2026-08-01,V00002636,7,3,191,0,0.4286,0.7318
CM00000113,2026-03-05,V00013771,10,3,70,0,0.3,0.5185
CM00000114,2026-08-13,V00004122,13,4,113,1,0.3077,0.5539
CM00000115,2026-03-03,V00000040,12,2,91,0,0.1667,0.3856
CM00000116,2026-03-31,V00008748,14,3,55,1,0.2143,0.1273
CM00000117,2026-02-21,V00007475,11,6,127,1,0.5455,0.6048
CM00000118,2026-05-10,V00010560,3,2,160,0,0.6667,0.4494
CM00000119,2026-02-23,V00003153,12,6,379,1,0.5,0.6193
CM00000120,2026-03-10,V00012130,4,2,109,1,0.5,0.7078
CM00000121,2026-05-10,V00005450,14,3,125,0,0.2143,0.5952
CM00000122,2026-02-07,V00013530,12,6,297,1,0.5,0.6188
CM00000123,2026-07-17,V00013941,15,1,42,0,0.0667,0.2625
CM00000124,2026-07-26,V00000032,10,4,23,0,0.4,0.3026
CM00000125,2026-06-13,V00001733,5,3,104,1,0.6,0.6541
CM00000126,2026-05-26,V00004793,9,3,99,0,0.3333,0.5893
CM00000127,2026-05-25,V00011923,12,2,152,0,0.1667,0.5429
CM00000128,2026-08-18,V00002206,9,4,461,0,0.4444,0.7435
CM00000129,2026-06-25,V00001050,12,4,335,0,0.3333,0.5621
CM00000130,2026-05-19,V00006008,10,5,209,1,0.5,0.5806
CM00000131,2026-06-21,V00007133,13,4,304,1,0.3077,0.4524
CM00000132,2026-02-08,V00003674,8,0,0,0,0.0,0.0
CM00000133,2026-01-18,V00010659,12,2,81,0,0.1667,0.7788
CM00000134,2026-08-18,V00011550,10,7,512,2,0.7,0.5995
CM00000135,2026-01-15,V00009592,8,1,4,0,0.125,0.0267
CM00000136,2026-07-25,V00003315,7,2,16,1,0.2857,0.1455
CM00000137,2026-08-09,V00001992,12,7,78,1,0.5833,0.9286
CM00000138,2026-07-07,V00010908,7,1,8,0,0.1429,0.5714
CM00000139,2026-04-20,V00014092,5,4,367,1,0.8,0.8341
CM00000140,2026-06-17,V00004846,11,4,468,0,0.3636,0.8667
CM00000141,2026-01-04,V00014229,8,2,74,1,0.25,0.2067
CM00000142,2026-08-11,V00012940,7,3,227,0,0.4286,0.8902
CM00000143,2026-05-03,V00011506,9,7,66,0,0.7778,0.5546
CM00000144,2026-03-08,V00006997,9,1,15,0,0.1111,0.1103
CM00000145,2026-03-24,V00011999,6,2,111,1,0.3333,0.9098
CM00000146,2026-01-18,V00014208,11,2,50,0,0.1818,0.5
CM00000147,2026-07-16,V00012990,11,3,64,0,0.2727,0.6465
CM00000148,2026-01-21,V00011285,8,4,451,1,0.5,0.874
CM00000149,2026-08-07,V00008568,6,4,276,0,0.6667,0.4233
CM00000150,2026-07-29,V00007029,11,3,281,0,0.2727,0.5352
CM00000151,2026-07-30,V00012759,8,3,12,1,0.375,0.4444
CM00000152,2026-05-15,V00009617,6,2,29,0,0.3333,0.4531
CM00000153,2026-05-10,V00000547,9,2,41,0,0.2222,0.4767
CM00000154,2026-07-29,V00002885,14,6,179,0,0.4286,0.3208
CM00000155,2026-06-21,V00002254,7,2,83,1,0.2857,0.5
CM00000156,2026-08-27,V00012049,5,3,229,0,0.6,0.5055
CM00000157,2026-08-18,V00014879,15,4,218,0,0.2667,0.3428
CM00000158,2026-06-06,V00003862,3,1,71,0,0.3333,0.5726
CM00000159,2026-07-11,V00010129,13,5,593,1,0.3846,0.6855
CM00000160,2026-08-22,V00010880,15,9,1052,4,0.6,0.8789
CM00000161,2026-08-12,V00014658,13,7,448,0,0.5385,0.6957
CM00000162,2026-08-15,V00004762,7,4,125,0,0.5714,0.8929
CM00000163,2026-08-02,V00001374,8,3,46,0,0.375,0.5897
CM00000164,2026-05-26,V00003184,10,0,0,0,0.0,0.0
CM00000165,2026-07-14,V00007912,9,3,242,0,0.3333,0.5204
CM00000166,2026-06-20,V00010753,13,4,47,0,0.3077,0.6912
CM00000167,2026-04-02,V00003963,11,4,40,1,0.3636,0.7692
CM00000168,2026-08-20,V00011852,8,3,154,0,0.375,0.6754
CM00000169,2026-03-21,V00009623,11,4,111,0,0.3636,0.5337
CM00000170,2026-03-24,V00008655,16,5,279,0,0.3125,0.6341
CM00000171,2026-01-06,V00008276,4,1,95,0,0.25,0.8962
CM00000172,2026-05-31,V00010742,10,2,163,1,0.2,0.8956
CM00000173,2026-06-09,V00014244,2,0,0,0,0.0,0.0
CM00000174,2026-08-12,V00000852,9,2,82,0,0.2222,0.3333
CM00000175,2026-07-21,V00005917,4,0,0,0,0.0,0.0
CM00000176,2026-05-04,V00008290,11,1,10,1,0.0909,0.1087
CM00000177,2026-05-09,V00007725,11,3,141,1,0.2727,0.3013
CM00000178,2026-05-12,V00004575,10,1,26,0,0.1,0.2574
CM00000179,2026-05-09,V00008532,12,4,461,0,0.3333,0.7027
CM00000180,2026-06-01,V00002236,9,2,37,0,0.2222,0.2403
CM00000181,2026-06-18,V00008341,8,5,349,0,0.625,0.6123
CM00000182,2026-04-02,V00008912,9,3,37,0,0.3333,0.4568
CM00000183,2026-05-23,V00007881,11,1,40,0,0.0909,0.2878
CM00000184,2026-06-19,V00008526,16,3,158,0,0.1875,0.5016
CM00000185,2026-07-30,V00010708,8,3,48,0,0.375,0.6957
CM00000186,2026-06-21,V00001114,9,6,734,1,0.6667,0.7414
CM00000187,2026-05-17,V00010820,7,4,190,0,0.5714,0.4025
CM00000188,2026-07-27,V00014767,10,4,476,0,0.4,0.8207
CM00000189,2026-03-19,V00010960,16,9,554,1,0.5625,0.8318
CM00000190,2026-06-19,V00002159,8,2,65,1,0.25,0.1816
CM00000191,2026-07-21,V00001080,4,2,66,0,0.5,0.4459
CM00000192,2026-03-28,V00008190,7,3,62,0,0.4286,0.7654
CM00000193,2026-03-07,V00007837,6,2,229,0,0.3333,0.8358
CM00000194,2026-04-18,V00007152,6,3,140,0,0.5,0.5983
CM00000195,2026-05-27,V00012482,9,3,361,1,0.3333,0.8356
CM00000196,2026-04-24,V00014370,10,2,30,0,0.2,0.121
CM00000197,2026-05-08,V00002327,9,2,60,1,0.2222,0.4839
CM00000198,2026-07-28,V00003873,8,2,80,0,0.25,0.4651
CM00000199,2026-05-04,V00002797,13,5,197,0,0.3846,0.4987
CM00000200,2026-06-12,V00014845,5,2,77,0,0.4,0.3889
CM00000201,2026-06-16,V00014552,12,4,250,1,0.3333,0.5631
CM00000202,2026-08-24,V00009940,12,5,222,1,0.4167,0.5766
CM00000203,2026-05-18,V00000403,13,0,0,0,0.0,0.0
CM00000204,2026-07-06,V00003016,9,4,28,1,0.4444,0.875
CM00000205,2026-02-08,V00007689,15,5,320,0,0.3333,0.4129
CM00000206,2026-01-15,V00002887,14,3,258,0,0.2143,0.6466
CM00000207,2026-01-27,V00011472,10,2,119,1,0.2,0.6538
CM00000208,2026-08-15,V00011684,5,2,148,0,0.4,0.6379
CM00000209,2026-01-14,V00008749,9,2,109,0,0.2222,0.7466
CM00000210,2026-08-18,V00007273,16,7,480,0,0.4375,0.5234
CM00000211,2026-03-04,V00008755,16,6,347,1,0.375,0.6152
CM00000212,2026-04-17,V00004295,8,2,183,0,0.25,0.688
CM00000213,2026-06-29,V00002632,9,3,290,0,0.3333,0.6576
CM00000214,2026-02-03,V00011951,10,3,294,0,0.3,0.695
CM00000215,2026-01-12,V00003529,9,3,236,0,0.3333,0.6293
CM00000216,2026-08-22,V00002006,5,1,45,0,0.2,0.4327
CM00000217,2026-01-16,V00014793,12,4,306,0,0.3333,0.45
CM00000218,2026-03-27,V00000880,10,3,154,0,0.3,0.4107
CM00000219,2026-08-19,V00006526,11,6,644,1,0.5455,0.8131
CM00000220,2026-05-21,V00008462,10,4,505,1,0.4,0.7173
CM00000221,2026-05-30,V00001888,8,2,36,0,0.25,0.4865
CM00000222,2026-01-11,V00010465,11,1,24,0,0.0909,0.1633
CM00000223,2026-07-31,V00000817,14,7,888,1,0.5,0.7375
CM00000224,2026-08-08,V00006422,7,3,27,1,0.4286,0.5625
CM00000225,2026-07-21,V00010739,8,5,106,1,0.625,0.8833
CM00000226,2026-05-10,V00007366,15,5,471,0,0.3333,0.8804
CM00000227,2026-02-13,V00009357,9,4,573,0,0.4444,0.8093
CM00000228,2026-08-13,V00003718,12,3,173,0,0.25,0.6705
CM00000229,2026-07-24,V00008410,7,4,36,0,0.5714,0.4286
CM00000230,2026-04-02,V00004553,13,6,436,0,0.4615,0.559
CM00000231,2026-01-03,V00010679,6,3,353,0,0.5,0.7046
CM00000232,2026-06-04,V00007719,4,2,252,0,0.5,0.75
CM00000233,2026-06-01,V00013338,9,3,70,0,0.3333,0.6306
CM00000234,2026-07-30,V00009252,10,1,90,0,0.1,0.6122
CM00000235,2026-01-07,V00004465,6,3,368,0,0.5,0.8825
CM00000236,2026-08-26,V00008865,9,3,47,0,0.3333,0.6267
CM00000237,2026-08-03,V00011250,12,4,202,0,0.3333,0.5739
CM00000238,2026-05-04,V00013481,14,7,570,1,0.5,0.7471
CM00000239,2026-05-16,V00012278,14,6,328,0,0.4286,0.5413
CM00000240,2026-08-01,V00002766,11,5,477,0,0.4545,0.8224
CM00000241,2026-02-14,V00008026,9,3,168,1,0.3333,0.9032
CM00000242,2026-08-25,V00007637,2,2,199,0,1.0,0.5785
CM00000243,2026-08-05,V00005572,5,1,1,0,0.2,0.0833
CM00000244,2026-06-03,V00004330,10,7,318,2,0.7,0.5977
CM00000245,2026-05-08,V00010534,9,4,84,0,0.4444,0.4375
CM00000246,2026-01-12,V00007766,8,5,325,1,0.625,0.7738
CM00000247,2026-06-30,V00000443,7,2,66,0,0.2857,0.7174
CM00000248,2026-07-27,V00005615,4,1,18,0,0.25,0.1353
CM00000249,2026-04-02,V00002704,12,5,533,2,0.4167,0.6308
CM00000250,2026-07-30,V00013410,7,3,167,1,0.4286,0.784
CM00000251,2026-07-02,V00012099,11,3,270,0,0.2727,0.5085
CM00000252,2026-08-15,V00013381,4,0,0,0,0.0,0.0
CM00000253,2026-08-07,V00000382,11,5,337,0,0.4545,0.4036
CM00000254,2026-06-18,V00005586,3,0,0,0,0.0,0.0
CM00000255,2026-01-28,V00003263,13,7,350,1,0.5385,0.8475
CM00000256,2026-06-08,V00007509,6,3,48,0,0.5,0.5161
CM00000257,2026-08-11,V00008257,10,3,14,0,0.3,0.5185
CM00000258,2026-05-15,V00002944,8,3,263,0,0.375,0.8429
CM00000259,2026-03-08,V00013801,8,4,186,1,0.5,0.4079
CM00000260,2026-05-10,V00012937,11,2,22,0,0.1818,0.7333
CM00000261,2026-07-30,V00008677,5,2,123,0,0.4,0.492
CM00000262,2026-07-05,V00005265,8,4,221,2,0.5,0.8246
CM00000263,2026-08-16,V00000887,10,5,265,0,0.5,0.7465
CM00000264,2026-01-03,V00002391,5,4,24,0,0.8,0.6667
CM00000265,2026-08-13,V00002525,5,0,0,0,0.0,0.0
CM00000266,2026-06-30,V00001490,7,4,7,0,0.5714,0.1944
CM00000267,2026-08-28,V00011542,7,2,223,0,0.2857,0.9867
CM00000268,2026-03-30,V00005228,11,3,15,0,0.2727,0.0625
CM00000269,2026-07-12,V00011641,8,2,117,0,0.25,0.375
CM00000270,2026-08-09,V00008942,12,4,64,0,0.3333,0.6957
CM00000271,2026-08-25,V00000107,9,3,150,1,0.3333,0.9259
CM00000272,2026-08-27,V00001852,19,2,63,0,0.1053,0.75
CM00000273,2026-08-10,V00005327,10,3,275,0,0.3,0.6152
CM00000274,2026-03-24,V00014868,11,4,187,2,0.3636,0.3412
CM00000275,2026-01-28,V00005407,13,6,405,0,0.4615,0.6368
CM00000276,2026-08-16,V00014458,5,2,205,0,0.4,0.6327
CM00000277,2026-05-25,V00002557,11,6,198,0,0.5455,0.825
CM00000278,2026-05-25,V00013835,10,2,17,0,0.2,0.425
CM00000279,2026-05-27,V00003033,15,6,55,3,0.4,0.4365
CM00000280,2026-06-13,V00006390,10,3,164,1,0.3,0.5359
CM00000281,2026-07-23,V00003559,9,5,168,0,0.5556,0.4364
CM00000282,2026-07-05,V00005823,6,2,80,0,0.3333,0.678
CM00000283,2026-05-13,V00001424,7,3,25,0,0.4286,0.1016
CM00000284,2026-08-09,V00010158,10,3,196,0,0.3,0.7597
CM00000285,2026-08-05,V00010126,7,5,52,0,0.7143,0.5474
CM00000286,2026-06-22,V00006248,7,4,75,0,0.5714,0.3289
CM00000287,2026-08-07,V00005839,7,2,30,1,0.2857,0.7895
CM00000288,2026-03-06,V00004538,15,8,620,1,0.5333,0.799
CM00000289,2026-07-18,V00000550,11,8,514,1,0.7273,0.5266
CM00000290,2026-05-09,V00014285,14,6,269,0,0.4286,0.5402
CM00000291,2026-08-26,V00002003,16,6,39,2,0.375,0.8125
CM00000292,2026-08-01,V00000409,9,1,48,0,0.1111,0.4138
CM00000293,2026-05-09,V00007239,12,5,524,0,0.4167,0.9034
CM00000294,2026-01-10,V00006692,8,1,126,0,0.125,1.0
CM00000295,2026-08-21,V00005825,8,3,277,0,0.375,0.5158
CM00000296,2026-08-15,V00010437,8,1,101,0,0.125,0.7063
CM00000297,2026-05-20,V00014085,4,3,347,1,0.75,0.7415
CM00000298,2026-07-17,V00005138,7,3,310,0,0.4286,0.6798
CM00000299,2026-04-05,V00012111,9,2,113,0,0.2222,0.3792
CM00000300,2026-02-22,V00013278,10,2,11,1,0.2,0.6111
CM00000301,2026-07-24,V00008726,12,3,131,1,0.25,0.3732
CM00000302,2026-06-08,V00006356,6,4,246,1,0.6667,0.7321
CM00000303,2026-05-13,V00003316,10,2,30,0,0.2,0.4054
CM00000304,2026-06-12,V00007120,12,2,91,0,0.1667,0.2955
CM00000305,2026-05-11,V00002505,6,4,56,0,0.6667,0.56
CM00000306,2026-04-08,V00011179,5,2,283,1,0.4,0.8735
CM00000307,2026-01-11,V00002377,13,5,676,0,0.3846,0.7682
CM00000308,2026-01-22,V00013908,11,4,32,0,0.3636,0.5714
CM00000309,2026-03-28,V00014668,8,2,179,0,0.25,0.5525
CM00000310,2026-01-01,V00002982,13,2,61,0,0.1538,0.61
CM00000311,2026-08-15,V00013374,6,2,86,1,0.3333,0.3981
CM00000312,2026-05-01,V00009802,11,5,93,1,0.4545,0.7154
CM00000313,2026-07-31,V00005724,9,6,95,1,0.6667,0.5864
CM00000314,2026-08-19,V00003334,11,4,197,0,0.3636,0.3878
CM00000315,2026-04-30,V00000546,9,4,192,0,0.4444,0.5714
CM00000316,2026-04-28,V00006458,16,6,73,0,0.375,0.4506
CM00000317,2026-02-27,V00008684,7,2,80,0,0.2857,0.5195
CM00000318,2026-01-02,V00007395,11,2,210,0,0.1818,0.875
CM00000319,2026-01-09,V00008486,16,6,115,0,0.375,0.3305
CM00000320,2026-04-09,V00002160,8,3,245,1,0.375,0.4537
CM00000321,2026-01-31,V00004136,12,3,278,0,0.25,0.5792
CM00000322,2026-07-27,V00012663,14,4,102,0,0.2857,0.5
CM00000323,2026-03-31,V00008466,10,4,521,0,0.4,0.7617
CM00000324,2026-03-30,V00009886,5,4,263,1,0.8,0.5389
CM00000325,2026-08-26,V00011912,8,1,6,0,0.125,0.6667
CM00000326,2026-04-01,V00011168,10,7,503,1,0.7,0.6303
CM00000327,2026-06-10,V00007188,14,7,717,1,0.5,0.868
CM00000328,2026-02-10,V00004754,14,8,564,3,0.5714,0.5341
CM00000329,2026-06-18,V00012314,6,0,0,0,0.0,0.0
CM00000330,2026-03-10,V00002547,12,3,35,0,0.25,0.4861
CM00000331,2026-07-27,V00012266,10,5,134,0,0.5,0.7657
CM00000332,2026-06-29,V00008825,11,4,201,0,0.3636,0.4258
CM00000333,2026-02-23,V00013501,9,5,77,1,0.5556,0.77
CM00000334,2026-03-05,V00009642,11,3,128,0,0.2727,0.371
CM00000335,2026-07-29,V00014659,11,1,5,0,0.0909,0.0649
CM00000336,2026-08-12,V00000024,14,5,368,1,0.3571,0.8088
CM00000337,2026-07-16,V00008803,6,2,240,0,0.3333,0.6667
CM00000338,2026-01-01,V00004359,13,7,154,0,0.5385,0.7586
CM00000339,2026-07-15,V00009247,6,3,27,0,0.5,0.5
CM00000340,2026-07-29,V00002033,8,1,52,0,0.125,1.0
CM00000341,2026-02-03,V00005414,11,2,39,0,0.1818,0.527
CM00000342,2026-01-19,V00003471,11,6,377,0,0.5455,0.3611
CM00000343,2026-04-07,V00001407,5,1,94,0,0.2,0.8319
CM00000344,2026-03-15,V00002447,11,3,27,0,0.2727,0.6429
CM00000345,2026-08-17,V00005182,12,6,94,1,0.5,0.6026
CM00000346,2026-08-24,V00011149,5,2,190,0,0.4,0.7787
CM00000347,2026-04-29,V00007850,10,1,52,0,0.1,0.391
CM00000348,2026-07-01,V00014945,9,2,121,0,0.2222,0.6368
CM00000349,2026-06-27,V00008797,14,5,373,0,0.3571,0.6782
CM00000350,2026-04-10,V00013559,10,3,161,0,0.3,0.624
CM00000351,2026-05-30,V00009401,8,2,37,0,0.25,0.7708
CM00000352,2026-05-29,V00004153,14,3,159,0,0.2143,0.2994
CM00000353,2026-07-16,V00011895,13,7,449,1,0.5385,0.6613
CM00000354,2026-01-08,V00005667,7,4,511,0,0.5714,0.8085
CM00000355,2026-01-15,V00013184,7,3,49,1,0.4286,0.363
CM00000356,2026-03-13,V00003743,11,5,158,2,0.4545,0.8316
CM00000357,2026-05-23,V00002831,10,5,76,1,0.5,0.5241
CM00000358,2026-07-04,V00005394,13,3,18,0,0.2308,0.2069
CM00000359,2026-05-05,V00009914,7,3,105,1,0.4286,0.7447
CM00000360,2026-06-11,V00001707,7,0,0,0,0.0,0.0
CM00000361,2026-06-04,V00005164,6,1,19,1,0.1667,0.5278
CM00000362,2026-05-14,V00006251,6,2,16,0,0.3333,0.4706
CM00000363,2026-07-11,V00008060,8,3,290,1,0.375,0.593
CM00000364,2026-06-08,V00002543,9,3,309,1,0.3333,0.8047
CM00000365,2026-08-19,V00013937,8,2,209,0,0.25,0.7013
CM00000366,2026-07-22,V00013234,16,4,278,0,0.25,0.5697
CM00000367,2026-04-20,V00005508,12,4,460,0,0.3333,0.6425
CM00000368,2026-02-03,V00011800,9,2,107,1,0.2222,0.7754
CM00000369,2026-05-28,V00005354,11,1,65,0,0.0909,0.3736
CM00000370,2026-07-12,V00007886,10,1,80,0,0.1,0.5634
CM00000371,2026-08-18,V00008571,18,13,1348,2,0.7222,0.823
CM00000372,2026-05-03,V00007513,7,2,52,1,0.2857,0.2222
CM00000373,2026-08-19,V00010187,6,0,0,0,0.0,0.0
CM00000374,2026-06-09,V00014602,10,2,56,0,0.2,0.3889
CM00000375,2026-07-20,V00002703,11,4,200,1,0.3636,0.4237
CM00000376,2026-04-26,V00007311,12,0,0,0,0.0,0.0
CM00000377,2026-04-12,V00014007,7,3,104,0,0.4286,0.3939
CM00000378,2026-07-19,V00002623,5,2,65,0,0.4,0.6019
CM00000379,2026-08-27,V00001219,12,4,24,0,0.3333,0.5455
CM00000380,2026-01-11,V00006254,4,3,101,2,0.75,0.4612
CM00000381,2026-08-02,V00005233,9,6,49,1,0.6667,0.9074
CM00000382,2026-05-31,V00006497,17,4,445,0,0.2353,0.6583
CM00000383,2026-07-07,V00004279,9,4,270,0,0.4444,0.587
CM00000384,2026-06-16,V00003827,7,4,370,0,0.5714,0.7227
CM00000385,2026-07-29,V00010164,9,3,80,0,0.3333,0.5128
CM00000386,2026-07-18,V00011920,8,1,6,1,0.125,0.25
CM00000387,2026-06-21,V00007526,12,6,606,1,0.5,0.7426
CM00000388,2026-07-06,V00003820,13,6,419,2,0.4615,0.6914
CM00000389,2026-03-02,V00006987,5,1,124,1,0.2,0.7702
CM00000390,2026-08-10,V00010911,11,6,524,1,0.5455,0.6329
CM00000391,2026-04-12,V00008879,12,1,26,0,0.0833,0.2989
CM00000392,2026-08-27,V00003584,5,1,7,0,0.2,0.3043
CM00000393,2026-05-21,V00001830,11,4,78,0,0.3636,0.5909
CM00000394,2026-08-05,V00004368,8,2,115,0,0.25,0.7278
CM00000395,2026-08-28,V00006479,13,3,226,0,0.2308,0.6787
CM00000396,2026-02-19,V00001629,7,2,81,0,0.2857,0.54
CM00000397,2026-01-06,V00013868,6,4,120,0,0.6667,0.3371
CM00000398,2026-01-29,V00004580,5,1,137,0,0.2,0.8509
CM00000399,2026-06-23,V00014705,10,3,109,0,0.3,0.3597
CM00000400,2026-08-25,V00010902,10,2,131,0,0.2,0.3701
CM00000401,2026-01-03,V00003425,7,0,0,0,0.0,0.0
CM00000402,2026-02-26,V00008055,13,5,173,1,0.3846,0.6784
CM00000403,2026-07-05,V00014862,7,0,0,0,0.0,0.0
CM00000404,2026-04-28,V00000366,6,3,138,0,0.5,0.5974
CM00000405,2026-04-26,V00010621,8,1,34,0,0.125,0.5397
CM00000406,2026-05-26,V00004016,10,2,206,0,0.2,0.7687
CM00000407,2026-07-19,V00002010,10,8,1132,1,0.8,0.8275
CM00000408,2026-07-24,V00000854,10,1,56,0,0.1,0.381
CM00000409,2026-01-31,V00005330,4,2,114,0,0.5,0.4672
CM00000410,2026-02-19,V00013263,14,6,436,1,0.4286,0.5633
CM00000411,2026-04-21,V00013826,8,2,210,1,0.25,0.8203
CM00000412,2026-01-31,V00003762,18,9,861,0,0.5,0.7842
CM00000413,2026-07-09,V00003764,9,3,278,1,0.3333,0.6814
CM00000414,2026-07-11,V00010318,13,6,99,0,0.4615,0.6875
CM00000415,2026-02-24,V00003602,12,6,551,2,0.5,0.6247
CM00000416,2026-03-08,V00009556,13,3,184,0,0.2308,0.381
CM00000417,2026-06-17,V00003245,7,1,58,0,0.1429,0.3558
CM00000418,2026-06-29,V00013333,14,3,240,0,0.2143,0.5714
CM00000419,2026-01-10,V00005226,4,1,53,0,0.25,0.3706
CM00000420,2026-01-29,V00009225,10,1,46,0,0.1,0.46
CM00000421,2026-07-13,V00012552,9,2,82,0,0.2222,0.3694
CM00000422,2026-08-13,V00013303,13,4,102,1,0.3077,0.3493
CM00000423,2026-01-16,V00004076,11,1,11,0,0.0909,0.2683
CM00000424,2026-08-19,V00007251,10,5,157,0,0.5,0.2574
CM00000425,2026-04-03,V00000942,9,3,47,1,0.3333,0.3333
CM00000426,2026-03-23,V00002585,8,5,496,0,0.625,0.7936
CM00000427,2026-04-30,V00011547,6,0,0,0,0.0,0.0
CM00000428,2026-08-01,V00013096,8,1,66,1,0.125,0.4889
CM00000429,2026-03-02,V00005109,9,2,224,1,0.2222,0.6222
CM00000430,2026-06-14,V00013971,16,3,103,1,0.1875,0.4402
CM00000431,2026-08-19,V00010180,7,1,34,0,0.1429,0.6939
CM00000432,2026-02-13,V00011401,10,2,42,0,0.2,0.913
CM00000433,2026-08-06,V00014969,8,4,219,1,0.5,0.928
CM00000434,2026-06-12,V00013988,14,3,64,1,0.2143,0.4638
CM00000435,2026-08-28,V00007435,9,1,127,0,0.1111,0.8759
CM00000436,2026-01-06,V00002969,17,2,108,0,0.1176,0.9
CM00000437,2026-03-21,V00013393,9,2,267,0,0.2222,0.8292
CM00000438,2026-05-14,V00005321,16,4,84,0,0.25,0.3621
CM00000439,2026-04-21,V00008175,14,6,173,0,0.4286,0.6268
CM00000440,2026-07-27,V00012357,11,3,36,0,0.2727,0.2308
CM00000441,2026-08-16,V00001840,7,4,283,0,0.5714,0.7447
CM00000442,2026-06-08,V00014544,11,2,80,0,0.1818,0.404
CM00000443,2026-03-26,V00008066,6,3,135,1,0.5,0.75
CM00000444,2026-02-24,V00010663,8,1,103,0,0.125,0.6023
CM00000445,2026-07-02,V00005176,12,2,127,1,0.1667,0.7651
CM00000446,2026-04-04,V00008588,10,4,412,0,0.4,0.981
CM00000447,2026-08-13,V00007389,15,8,542,2,0.5333,0.5646
CM00000448,2026-02-06,V00013743,12,4,216,0,0.3333,0.6429
CM00000449,2026-02-20,V00012409,11,5,511,0,0.4545,0.5678
CM00000450,2026-06-22,V00001616,14,3,196,0,0.2143,0.5833
CM00000451,2026-01-21,V00013706,8,2,153,1,0.25,0.45
CM00000452,2026-08-22,V00010342,10,2,156,1,0.2,0.4483
CM00000453,2026-05-16,V00013198,8,1,75,0,0.125,0.7009
CM00000454,2026-02-12,V00008311,8,2,95,0,0.25,0.2654
CM00000455,2026-02-22,V00013415,5,0,0,0,0.0,0.0
CM00000456,2026-07-15,V00003127,9,3,14,1,0.3333,0.2593
CM00000457,2026-08-13,V00008969,12,5,95,1,0.4167,0.5588
CM00000458,2026-07-06,V00010382,8,3,212,0,0.375,0.6604
CM00000459,2026-05-20,V00009547,8,3,302,0,0.375,0.9869
CM00000460,2026-01-25,V00003976,5,3,31,0,0.6,0.9394
CM00000461,2026-07-01,V00006102,7,1,6,0,0.1429,0.1622
CM00000462,2026-01-24,V00005611,11,4,305,2,0.3636,0.5486
CM00000463,2026-05-16,V00012236,5,3,302,0,0.6,0.883
CM00000464,2026-07-20,V00010309,6,1,17,0,0.1667,0.2394
CM00000465,2026-07-12,V00011558,10,4,79,1,0.4,0.6172
CM00000466,2026-02-18,V00010810,1,1,11,0,1.0,0.1111
CM00000467,2026-07-19,V00005472,15,5,523,0,0.3333,0.591
CM00000468,2026-05-19,V00001358,10,2,116,0,0.2,0.3742
CM00000469,2026-07-12,V00006525,7,1,47,0,0.1429,0.4563
CM00000470,2026-06-22,V00002660,1,1,75,0,1.0,0.6696
CM00000471,2026-01-30,V00013285,7,2,11,0,0.2857,0.4231
CM00000472,2026-07-31,V00004464,10,6,339,2,0.6,0.7847
CM00000473,2026-03-15,V00009342,5,1,66,1,0.2,0.7586
CM00000474,2026-05-26,V00010746,7,4,470,1,0.5714,0.6564
CM00000475,2026-04-16,V00012268,8,3,23,0,0.375,0.8519
CM00000476,2026-08-03,V00007574,5,3,476,1,0.6,0.9015
CM00000477,2026-08-25,V00014400,3,0,0,0,0.0,0.0
CM00000478,2026-08-16,V00010758,10,6,367,0,0.6,0.5228
CM00000479,2026-01-18,V00003535,9,4,155,0,0.4444,0.31
CM00000480,2026-07-19,V00005292,7,3,38,0,0.4286,0.3725
CM00000481,2026-05-29,V00000625,10,6,241,0,0.6,0.4898
CM00000482,2026-05-19,V00008509,14,3,371,0,0.2143,0.916
CM00000483,2026-08-24,V00004920,9,2,16,0,0.2222,0.0506
CM00000484,2026-07-04,V00003442,11,7,537,3,0.6364,0.9711
CM00000485,2026-01-17,V00006244,4,0,0,0,0.0,0.0
CM00000486,2026-05-15,V00008130,7,0,0,0,0.0,0.0
CM00000487,2026-02-04,V00002261,10,5,174,0,0.5,0.8286
CM00000488,2026-07-05,V00014792,10,1,4,0,0.1,0.4
CM00000489,2026-08-23,V00013546,7,3,359,0,0.4286,0.6998
CM00000490,2026-02-25,V00010879,19,9,815,0,0.4737,0.5455
CM00000491,2026-05-11,V00002839,11,4,74,1,0.3636,0.8409
CM00000492,2026-08-21,V00002342,7,3,122,1,0.4286,0.3987
CM00000493,2026-05-06,V00002234,11,4,456,1,0.3636,0.958
CM00000494,2026-04-15,V00003778,8,3,208,0,0.375,0.6603
CM00000495,2026-03-10,V00006529,4,0,0,0,0.0,0.0
CM00000496,2026-05-19,V00008751,5,0,0,0,0.0,0.0
CM00000497,2026-03-02,V00004119,12,3,199,0,0.25,0.6199
CM00000498,2026-05-26,V00006729,8,3,120,1,0.375,0.4762
CM00000499,2026-08-20,V00008302,17,7,39,1,0.4118,0.6964
CM00000500,2026-07-22,V00011340,14,5,39,1,0.3571,0.7091
CM00000501,2026-04-11,V00010441,3,0,0,0,0.0,0.0
CM00000502,2026-05-22,V00003266,8,2,28,0,0.25,0.4375
CM00000503,2026-07-16,V00001972,9,3,60,0,0.3333,0.7143
CM00000504,2026-01-27,V00011490,10,4,142,2,0.4,0.5917
CM00000505,2026-03-08,V00000393,12,5,349,1,0.4167,0.5584
CM00000506,2026-07-18,V00001321,11,3,26,0,0.2727,0.2626
CM00000507,2026-03-05,V00009719,10,2,19,0,0.2,0.6786
CM00000508,2026-02-17,V00013164,11,4,300,0,0.3636,0.4237
CM00000509,2026-04-27,V00011651,9,3,87,3,0.3333,0.4915
CM00000510,2026-07-12,V00013403,17,6,262,2,0.3529,0.8562
CM00000511,2026-08-04,V00007111,9,2,33,2,0.2222,0.825
CM00000512,2026-03-17,V00001023,6,3,151,0,0.5,0.5136
CM00000513,2026-04-16,V00010917,16,5,290,1,0.3125,0.7632
CM00000514,2026-03-09,V00004034,5,2,23,0,0.4,0.2674
CM00000515,2026-06-01,V00014805,15,5,144,0,0.3333,0.48
CM00000516,2026-02-11,V00004341,7,0,0,0,0.0,0.0
CM00000517,2026-02-01,V00001408,5,0,0,0,0.0,0.0
CM00000518,2026-08-10,V00001110,11,5,319,0,0.4545,0.6255
CM00000519,2026-07-07,V00008692,11,4,400,1,0.3636,0.7634
CM00000520,2026-03-16,V00012747,11,4,147,0,0.3636,0.6447
CM00000521,2026-01-09,V00007158,6,0,0,0,0.0,0.0
CM00000522,2026-06-01,V00005148,7,0,0,0,0.0,0.0
CM00000523,2026-06-27,V00008463,2,1,36,0,0.5,0.5294
CM00000524,2026-06-05,V00005925,8,4,45,0,0.5,0.7031
CM00000525,2026-05-13,V00002480,8,2,68,0,0.25,0.5574
CM00000526,2026-01-24,V00011071,16,3,231,0,0.1875,0.6581
CM00000527,2026-02-21,V00010128,9,3,24,0,0.3333,0.4
CM00000528,2026-07-17,V00004721,2,2,154,0,1.0,0.7264
CM00000529,2026-04-10,V00002302,7,3,172,0,0.4286,0.4155
CM00000530,2026-02-17,V00010944,6,0,0,0,0.0,0.0
CM00000531,2026-02-01,V00002017,6,2,121,0,0.3333,0.3829
CM00000532,2026-08-01,V00002214,9,2,26,0,0.2222,0.3095
CM00000533,2026-03-12,V00013021,10,2,236,1,0.2,0.8872
CM00000534,2026-01-10,V00004450,10,3,93,1,0.3,0.8158
CM00000535,2026-07-21,V00011088,6,0,0,0,0.0,0.0
CM00000536,2026-07-13,V00005807,10,3,49,0,0.3,0.6282
CM00000537,2026-01-19,V00001311,12,1,26,0,0.0833,0.5778
CM00000538,2026-03-12,V00012980,7,4,295,0,0.5714,0.793
CM00000539,2026-05-22,V00000686,12,5,171,0,0.4167,0.2714
CM00000540,2026-08-25,V00011970,9,3,161,0,0.3333,0.6098
CM00000541,2026-05-01,V00014922,12,0,0,0,0.0,0.0
CM00000542,2026-06-13,V00003782,8,2,222,0,0.25,0.6307
CM00000543,2026-07-23,V00007308,7,4,537,2,0.5714,0.8497
CM00000544,2026-03-20,V00001354,12,6,471,3,0.5,0.9345
CM00000545,2026-08-19,V00005744,6,2,161,0,0.3333,0.7188
CM00000546,2026-07-25,V00009699,9,4,221,0,0.4444,0.3759
CM00000547,2026-05-31,V00002901,10,4,347,1,0.4,0.8262
CM00000548,2026-08-24,V00011615,9,1,56,0,0.1111,0.7671
CM00000549,2026-04-08,V00006467,20,6,641,0,0.3,0.6762
CM00000550,2026-06-23,V00005669,5,0,0,0,0.0,0.0
CM00000551,2026-06-08,V00013834,11,1,57,0,0.0909,0.3931
CM00000552,2026-03-24,V00000035,9,4,62,0,0.4444,0.369
CM00000553,2026-08-09,V00014751,10,7,502,0,0.7,0.8537
CM00000554,2026-05-24,V00000571,8,0,0,0,0.0,0.0
CM00000555,2026-06-14,V00002584,3,2,229,0,0.6667,0.7068
CM00000556,2026-04-16,V00013377,7,3,449,0,0.4286,0.9533
CM00000557,2026-07-14,V00009683,9,0,0,0,0.0,0.0
CM00000558,2026-05-25,V00010890,8,4,440,0,0.5,0.6748
CM00000559,2026-08-20,V00006913,4,3,274,1,0.75,0.9226
CM00000560,2026-02-16,V00000349,10,6,593,2,0.6,0.8035
CM00000561,2026-08-02,V00009583,9,2,67,0,0.2222,0.3764
CM00000562,2026-06-19,V00005468,12,2,73,0,0.1667,0.529
CM00000563,2026-02-15,V00002671,15,6,340,1,0.4,0.4077
CM00000564,2026-08-15,V00008734,11,3,78,0,0.2727,0.3939
CM00000565,2026-05-02,V00001459,6,1,18,0,0.1667,0.4615
CM00000566,2026-07-11,V00014257,10,2,142,1,0.2,0.4057
CM00000567,2026-05-09,V00008383,10,3,90,0,0.3,0.4478
CM00000568,2026-08-24,V00010369,9,1,6,0,0.1111,0.6
CM00000569,2026-07-14,V00003078,9,2,104,0,0.2222,0.3377
CM00000570,2026-06-17,V00001736,8,1,69,0,0.125,0.6
CM00000571,2026-06-14,V00011173,5,2,204,0,0.4,0.816
CM00000572,2026-06-05,V00014336,7,0,0,0,0.0,0.0
CM00000573,2026-02-26,V00006067,7,0,0,0,0.0,0.0
CM00000574,2026-07-25,V00009207,9,4,172,1,0.4444,0.6935
CM00000575,2026-03-21,V00008497,7,2,160,0,0.2857,0.8602
CM00000576,2026-06-06,V00010617,9,2,70,0,0.2222,0.3535
CM00000577,2026-04-21,V00005831,13,5,265,2,0.3846,0.3136
CM00000578,2026-01-22,V00011802,8,4,27,1,0.5,0.6136
CM00000579,2026-03-10,V00003364,8,2,61,1,0.25,0.5446
CM00000580,2026-04-16,V00012089,12,7,73,1,0.5833,0.8022
CM00000581,2026-08-28,V00003956,14,8,923,1,0.5714,0.8807
CM00000582,2026-02-15,V00000270,9,3,364,1,0.3333,0.8545
CM00000583,2026-06-11,V00013512,15,4,185,1,0.2667,0.3504
CM00000584,2026-08-24,V00008775,12,7,22,2,0.5833,0.3929
CM00000585,2026-05-06,V00002044,12,3,125,0,0.25,0.3531
CM00000586,2026-06-19,V00000081,3,0,0,0,0.0,0.0
CM00000587,2026-07-19,V00012239,12,0,0,0,0.0,0.0
CM00000588,2026-04-01,V00004815,10,6,201,3,0.6,0.7283
CM00000589,2026-08-23,V00001148,13,5,67,0,0.3846,0.536
CM00000590,2026-02-11,V00012626,14,6,107,0,0.4286,0.6149
CM00000591,2026-01-27,V00003505,9,3,12,0,0.3333,0.4
CM00000592,2026-04-08,V00004038,12,4,145,0,0.3333,0.6971
CM00000593,2026-08-09,V00012876,11,3,131,0,0.2727,0.7529
CM00000594,2026-02-17,V00003536,14,1,37,0,0.0714,0.881
CM00000595,2026-02-25,V00002202,9,1,4,0,0.1111,0.027
CM00000596,2026-04-23,V00012370,13,4,552,0,0.3077,1.0
CM00000597,2026-07-28,V00012094,8,1,55,0,0.125,0.6875
CM00000598,2026-01-07,V00005885,12,5,286,1,0.4167,0.6729
CM00000599,2026-05-31,V00013201,9,6,692,0,0.6667,0.9377
CM00000600,2026-08-20,V00008550,9,2,52,1,0.2222,0.52
CM00000601,2026-03-15,V00013206,8,2,165,0,0.25,0.8871
CM00000602,2026-03-11,V00006152,13,5,172,1,0.3846,0.6035
CM00000603,2026-02-09,V00001294,12,0,0,0,0.0,0.0
CM00000604,2026-07-06,V00007080,10,5,506,2,0.5,0.9731
CM00000605,2026-04-14,V00012114,12,1,20,0,0.0833,0.1754
CM00000606,2026-08-18,V00007556,12,3,96,1,0.25,0.6275
CM00000607,2026-06-02,V00006056,11,4,123,1,0.3636,0.5212
CM00000608,2026-03-25,V00005163,12,3,235,0,0.25,0.6528
CM00000609,2026-08-25,V00002945,21,12,1625,2,0.5714,0.8851
CM00000610,2026-04-18,V00014192,10,4,274,0,0.4,0.5805
CM00000611,2026-08-21,V00010207,10,2,17,1,0.2,0.5
CM00000612,2026-02-28,V00000149,6,2,156,1,0.3333,0.527
CM00000613,2026-07-08,V00007608,8,0,0,0,0.0,0.0
CM00000614,2026-07-05,V00002426,10,4,396,0,0.4,0.8462
CM00000615,2026-08-10,V00011596,8,4,68,1,0.5,0.3333
CM00000616,2026-08-02,V00013349,12,4,28,1,0.3333,0.875
CM00000617,2026-08-24,V00011136,13,5,35,3,0.3846,0.5833
CM00000618,2026-07-04,V00001480,7,3,179,0,0.4286,0.528
CM00000619,2026-07-19,V00010018,6,3,75,0,0.5,0.7143
CM00000620,2026-02-14,V00007175,9,3,161,0,0.3333,0.7778
CM00000621,2026-01-20,V00000134,12,1,22,0,0.0833,0.5
CM00000622,2026-07-02,V00004966,14,3,360,0,0.2143,0.8451
CM00000623,2026-01-25,V00008540,7,3,150,2,0.4286,0.9091
CM00000624,2026-02-23,V00003379,8,1,88,0,0.125,0.6331
CM00000625,2026-04-08,V00010745,4,1,7,0,0.25,0.2333
CM00000626,2026-01-31,V00013975,10,4,231,1,0.4,0.5833
CM00000627,2026-04-26,V00000760,12,7,896,0,0.5833,0.8101
CM00000628,2026-06-30,V00003416,7,3,202,0,0.4286,0.443
CM00000629,2026-07-19,V00013933,10,2,39,1,0.2,0.8478
CM00000630,2026-03-01,V00003226,14,4,27,1,0.2857,0.5625
CM00000631,2026-07-31,V00000623,11,9,694,0,0.8182,0.5932
CM00000632,2026-01-04,V00006237,14,5,546,0,0.3571,0.624
CM00000633,2026-04-09,V00008086,8,4,153,0,0.5,0.2516
CM00000634,2026-02-05,V00002026,9,4,271,0,0.4444,0.6843
CM00000635,2026-02-24,V00000262,10,4,58,1,0.4,0.725
CM00000636,2026-06-11,V00004678,6,0,0,0,0.0,0.0
CM00000637,2026-08-18,V00002403,15,2,43,0,0.1333,0.4574
CM00000638,2026-08-22,V00010867,9,3,67,0,0.3333,0.4136
CM00000639,2026-01-02,V00013152,7,0,0,0,0.0,0.0
CM00000640,2026-02-01,V00007139,9,0,0,0,0.0,0.0
CM00000641,2026-05-17,V00005534,4,1,121,0,0.25,0.7562
CM00000642,2026-05-14,V00014692,11,3,31,0,0.2727,0.3974
CM00000643,2026-01-10,V00002974,9,3,399,1,0.3333,0.7778
CM00000644,2026-06-18,V00002679,10,4,297,0,0.4,0.5846
CM00000645,2026-02-21,V00012280,14,5,241,0,0.3571,0.5021
CM00000646,2026-06-12,V00008316,4,3,59,1,0.75,0.9365
CM00000647,2026-06-20,V00004524,7,3,178,0,0.4286,0.7149
CM00000648,2026-06-14,V00002924,17,3,18,0,0.1765,0.6
CM00000649,2026-07-23,V00003113,13,2,122,0,0.1538,0.3675
CM00000650,2026-07-26,V00009871,10,7,450,1,0.7,0.6988
CM00000651,2026-07-24,V00006406,14,6,101,2,0.4286,0.455
CM00000652,2026-05-15,V00001404,13,3,32,1,0.2308,0.8205
CM00000653,2026-08-11,V00007176,10,5,422,1,0.5,0.7404
CM00000654,2026-06-13,V00010121,9,2,153,0,0.2222,0.75
CM00000655,2026-07-15,V00014239,12,4,494,1,0.3333,0.6899
CM00000656,2026-07-23,V00010329,18,9,40,2,0.5,0.5556
CM00000657,2026-04-19,V00000989,14,4,333,0,0.2857,0.75
CM00000658,2026-01-27,V00013721,10,2,114,0,0.2,0.4161
CM00000659,2026-08-27,V00011175,8,0,0,0,0.0,0.0
CM00000660,2026-08-05,V00003002,8,2,65,1,0.25,0.3916
CM00000661,2026-03-04,V00006775,8,2,9,1,0.25,0.45
CM00000662,2026-06-20,V00012171,8,3,18,0,0.375,0.5455
CM00000663,2026-07-03,V00004408,10,5,102,0,0.5,0.7034
CM00000664,2026-01-12,V00003570,11,0,0,0,0.0,0.0
CM00000665,2026-03-26,V00010169,15,2,40,1,0.1333,0.4878
CM00000666,2026-04-26,V00007771,4,1,66,0,0.25,0.9851
CM00000667,2026-08-27,V00001676,8,3,160,0,0.375,0.4267
CM00000668,2026-06-21,V00001543,10,7,585,0,0.7,0.5927
CM00000669,2026-08-17,V00004423,8,3,196,1,0.375,0.6735
CM00000670,2026-04-02,V00005650,8,5,366,1,0.625,0.7546
CM00000671,2026-08-08,V00010458,10,2,74,0,0.2,0.2846
CM00000672,2026-06-03,V00007498,5,2,33,0,0.4,0.4342
CM00000673,2026-08-02,V00010279,7,3,224,3,0.4286,0.8889
CM00000674,2026-06-02,V00001879,10,7,73,0,0.7,0.7449
CM00000675,2026-03-16,V00001606,10,1,30,0,0.1,0.6383
CM00000676,2026-04-10,V00000577,14,6,358,2,0.4286,0.765
CM00000677,2026-04-11,V00002883,17,6,555,2,0.3529,0.8645
CM00000678,2026-04-20,V00014069,10,2,142,0,0.2,0.5035
CM00000679,2026-07-27,V00011055,9,1,96,0,0.1111,0.568
CM00000680,2026-03-28,V00001724,10,2,56,1,0.2,0.1879
CM00000681,2026-06-25,V00011683,10,7,324,1,0.7,0.609
CM00000682,2026-08-18,V00007891,8,2,19,0,0.25,0.7917
CM00000683,2026-04-09,V00010443,10,4,64,2,0.4,0.6154
CM00000684,2026-05-23,V00007316,17,6,578,1,0.3529,0.6059
CM00000685,2026-05-09,V00004232,8,4,154,0,0.5,0.4873
CM00000686,2026-07-27,V00000842,5,4,364,1,0.8,0.8505
CM00000687,2026-06-10,V00009145,6,2,161,1,0.3333,0.4879
CM00000688,2026-04-25,V00002330,10,6,658,0,0.6,0.6812
CM00000689,2026-07-03,V00005974,8,1,25,1,0.125,0.2033
CM00000690,2026-04-21,V00001033,7,2,92,0,0.2857,0.8679
CM00000691,2026-04-25,V00011673,14,2,103,1,0.1429,0.6438
CM00000692,2026-05-06,V00002548,11,4,263,0,0.3636,0.6778
CM00000693,2026-08-10,V00011102,10,3,90,1,0.3,0.5556
CM00000694,2026-05-09,V00002821,11,4,147,0,0.3636,0.75
CM00000695,2026-03-04,V00008474,8,3,193,0,0.375,0.3923
CM00000696,2026-03-13,V00002515,9,2,82,0,0.2222,0.5395
CM00000697,2026-05-19,V00004892,12,3,368,0,0.25,0.705
CM00000698,2026-03-19,V00000351,16,5,265,1,0.3125,0.53
CM00000699,2026-05-31,V00008559,11,2,76,0,0.1818,0.5067
CM00000700,2026-07-18,V00001079,8,5,27,0,0.625,0.6
CM00000701,2026-01-12,V00005112,9,1,48,0,0.1111,0.7273
CM00000702,2026-07-27,V00002549,8,1,35,0,0.125,0.7778
CM00000703,2026-04-22,V00012138,8,1,18,0,0.125,0.3214
CM00000704,2026-06-17,V00012033,10,2,69,0,0.2,0.5227
CM00000705,2026-04-06,V00003566,15,4,348,0,0.2667,0.6641
CM00000706,2026-02-27,V00002502,12,9,547,3,0.75,0.7693
CM00000707,2026-08-07,V00014169,16,3,134,0,0.1875,0.4752
CM00000708,2026-05-30,V00009201,10,4,238,2,0.4,0.34
CM00000709,2026-04-24,V00008273,13,7,441,2,0.5385,0.7975
CM00000710,2026-08-19,V00009640,11,1,74,0,0.0909,0.881
CM00000711,2026-05-27,V00010160,6,2,40,0,0.3333,0.1408
CM00000712,2026-04-10,V00009236,7,1,60,0,0.1429,0.339
CM00000713,2026-02-06,V00007825,5,2,7,0,0.4,0.3182
CM00000714,2026-06-21,V00014510,7,1,90,0,0.1429,0.7377
CM00000715,2026-04-10,V00000778,7,3,149,0,0.4286,0.5068
CM00000716,2026-03-06,V00014863,15,6,58,4,0.4,0.2929
CM00000717,2026-08-12,V00005722,3,1,88,1,0.3333,0.6154
CM00000718,2026-01-05,V00010905,6,2,18,0,0.3333,0.4286
CM00000719,2026-05-28,V00010603,9,2,47,1,0.2222,0.3852
CM00000720,2026-05-17,V00006381,10,7,619,0,0.7,0.7074
CM00000721,2026-05-10,V00007422,9,2,171,0,0.2222,0.6895
CM00000722,2026-08-02,V00012524,16,4,151,2,0.25,0.4103
CM00000723,2026-06-19,V00004997,13,6,276,1,0.4615,0.3833
CM00000724,2026-05-06,V00011426,5,1,114,1,0.2,1.0
CM00000725,2026-07-18,V00004318,6,5,133,0,0.8333,0.8313
CM00000726,2026-06-14,V00009113,8,4,300,2,0.5,0.8523
CM00000727,2026-05-25,V00006929,9,6,281,1,0.6667,0.2945
CM00000728,2026-02-08,V00003135,10,3,80,1,0.3,0.5556
CM00000729,2026-02-04,V00006249,6,1,55,0,0.1667,0.5046
CM00000730,2026-05-19,V00009801,9,2,33,0,0.2222,0.22
CM00000731,2026-04-01,V00006200,13,5,271,0,0.3846,0.3899
CM00000732,2026-08-28,V00007323,10,5,651,0,0.5,0.7843
CM00000733,2026-06-17,V00005829,10,2,121,0,0.2,0.4654
CM00000734,2026-07-24,V00008867,14,5,450,1,0.3571,0.8036
CM00000735,2026-03-25,V00004108,7,3,38,0,0.4286,0.3838
CM00000736,2026-03-20,V00001652,15,4,359,1,0.2667,0.5129
CM00000737,2026-04-06,V00012161,11,4,40,0,0.3636,0.4167
CM00000738,2026-03-30,V00004227,8,3,208,0,0.375,0.6933
CM00000739,2026-07-04,V00004043,12,7,371,2,0.5833,0.6092
CM00000740,2026-02-16,V00012959,10,4,24,1,0.4,0.6667
CM00000741,2026-08-21,V00009009,10,3,275,1,0.3,0.7514
CM00000742,2026-02-28,V00007118,8,3,45,1,0.375,0.3488
CM00000743,2026-05-01,V00014894,11,4,57,0,0.3636,0.5938
CM00000744,2026-08-28,V00008826,11,2,77,0,0.1818,0.4639
CM00000745,2026-04-19,V00001223,8,6,528,2,0.75,0.55
CM00000746,2026-06-26,V00013973,11,2,131,0,0.1818,0.6485
CM00000747,2026-08-06,V00001063,4,2,92,0,0.5,0.5169
CM00000748,2026-07-25,V00011342,12,3,83,0,0.25,0.5764
CM00000749,2026-02-09,V00001730,9,1,44,0,0.1111,0.2472
CM00000750,2026-08-20,V00013192,14,9,440,2,0.6429,0.6433
CM00000751,2026-08-01,V00008792,4,1,32,0,0.25,0.8
CM00000752,2026-04-08,V00014888,8,1,5,0,0.125,0.4167
CM00000753,2026-01-15,V00007442,11,5,565,0,0.4545,0.8309
CM00000754,2026-02-16,V00006938,9,2,51,0,0.2222,0.7286
CM00000755,2026-01-25,V00007765,12,6,312,2,0.5,0.9286
CM00000756,2026-05-14,V00003235,13,9,265,2,0.6923,0.7958
CM00000757,2026-08-14,V00010340,9,2,94,1,0.2222,0.7966
CM00000758,2026-02-22,V00006619,11,4,209,2,0.3636,0.6451
CM00000759,2026-01-31,V00000220,10,5,45,0,0.5,0.3913
CM00000760,2026-01-05,V00013563,7,0,0,0,0.0,0.0
CM00000761,2026-07-07,V00009743,10,1,23,0,0.1,0.7419
CM00000762,2026-02-17,V00000740,7,4,301,1,0.5714,0.5337
CM00000763,2026-02-21,V00014786,9,5,71,0,0.5556,0.7474
CM00000764,2026-03-12,V00011538,12,1,14,0,0.0833,0.2593
CM00000765,2026-06-03,V00014094,14,7,192,0,0.5,0.5079
CM00000766,2026-01-19,V00014161,8,4,403,0,0.5,0.6069
CM00000767,2026-02-21,V00000476,4,1,89,0,0.25,0.7008
CM00000768,2026-07-09,V00004685,9,2,207,0,0.2222,0.6273
CM00000769,2026-08-01,V00007348,6,2,119,0,0.3333,0.8041
CM00000770,2026-03-26,V00005030,13,4,500,0,0.3077,0.8013
CM00000771,2026-05-01,V00004549,5,1,12,0,0.2,0.1429
CM00000772,2026-07-22,V00010836,8,1,59,0,0.125,0.3598
CM00000773,2026-05-05,V00012368,8,5,32,2,0.625,0.64
CM00000774,2026-03-15,V00008163,12,3,115,1,0.25,0.4356
CM00000775,2026-07-26,V00004138,8,2,240,0,0.25,0.9677
CM00000776,2026-08-01,V00011818,14,5,402,2,0.3571,0.4647
CM00000777,2026-03-09,V00002351,8,3,38,0,0.375,0.7037
CM00000778,2026-05-17,V00008523,7,3,89,2,0.4286,0.4363
CM00000779,2026-05-11,V00004167,6,1,61,0,0.1667,0.4388
CM00000780,2026-03-08,V00006853,8,3,103,0,0.375,0.3333
CM00000781,2026-08-17,V00012630,12,8,654,1,0.6667,0.8984
CM00000782,2026-08-20,V00005492,19,11,926,3,0.5789,0.7942
CM00000783,2026-08-20,V00014717,8,1,41,0,0.125,0.6949
CM00000784,2026-05-31,V00004901,5,0,0,0,0.0,0.0
CM00000785,2026-07-14,V00012612,9,4,172,1,0.4444,0.3139
CM00000786,2026-06-05,V00005254,5,2,200,0,0.4,0.885
CM00000787,2026-03-17,V00008418,8,3,91,0,0.375,0.337
CM00000788,2026-04-14,V00012153,9,2,240,0,0.2222,0.8276
CM00000789,2026-08-24,V00000640,11,2,169,0,0.1818,0.7412
CM00000790,2026-08-18,V00008241,7,4,259,0,0.5714,0.7194
CM00000791,2026-04-08,V00014014,7,4,291,1,0.5714,0.5234
CM00000792,2026-05-13,V00005442,10,7,229,2,0.7,0.5842
CM00000793,2026-04-19,V00005786,8,2,212,0,0.25,0.8281
CM00000794,2026-04-06,V00006486,9,4,82,2,0.4444,0.3417
CM00000795,2026-04-05,V00011631,15,7,823,1,0.4667,0.6836
CM00000796,2026-08-19,V00010718,16,5,202,1,0.3125,0.3483
CM00000797,2026-06-06,V00008577,6,4,201,1,0.6667,0.6204
CM00000798,2026-07-25,V00008644,5,3,20,0,0.6,0.3175
CM00000799,2026-07-31,V00007679,15,7,339,1,0.4667,0.7567
CM00000800,2026-01-13,V00005822,17,7,788,2,0.4118,0.6289
CM00000801,2026-05-03,V00006052,10,5,205,0,0.5,0.7069
CM00000802,2026-08-03,V00009736,5,1,118,0,0.2,0.6667
CM00000803,2026-08-25,V00009230,15,4,269,1,0.2667,0.4703
CM00000804,2026-08-11,V00003035,5,1,24,1,0.2,0.4068
CM00000805,2026-04-19,V00014682,10,6,584,0,0.6,0.616
CM00000806,2026-08-02,V00010914,14,8,623,1,0.5714,0.8374
CM00000807,2026-06-19,V00003519,9,2,92,0,0.2222,0.4842
CM00000808,2026-02-21,V00001306,8,2,30,1,0.25,0.2542
CM00000809,2026-06-14,V00005815,13,3,50,0,0.2308,0.5208
CM00000810,2026-04-29,V00013002,6,3,148,0,0.5,0.5804
CM00000811,2026-08-19,V00011936,8,1,113,0,0.125,0.6766
CM00000812,2026-07-08,V00013860,11,3,111,0,0.2727,0.5139
CM00000813,2026-07-25,V00014621,7,2,42,1,0.2857,0.4667
CM00000814,2026-07-03,V00009666,12,2,88,1,0.1667,0.3548
CM00000815,2026-06-04,V00006331,10,3,98,0,0.3,0.6806
CM00000816,2026-04-28,V00004009,11,2,93,0,0.1818,0.949
CM00000817,2026-06-24,V00011863,9,3,217,1,0.3333,0.5358
CM00000818,2026-02-09,V00008736,7,1,98,0,0.1429,0.6364
CM00000819,2026-03-17,V00005168,8,1,48,0,0.125,0.6316
CM00000820,2026-07-16,V00000674,11,9,1043,0,0.8182,0.7525
CM00000821,2026-05-13,V00013562,12,5,558,1,0.4167,0.8857
CM00000822,2026-07-07,V00005988,9,4,590,0,0.4444,0.9395
CM00000823,2026-02-16,V00014787,17,5,110,1,0.2941,0.5238
CM00000824,2026-05-30,V00010009,12,3,111,0,0.25,0.2891
CM00000825,2026-03-28,V00006599,9,3,319,0,0.3333,0.7762
CM00000826,2026-06-26,V00007488,18,10,1311,1,0.5556,0.7712
CM00000827,2026-08-13,V00000499,12,5,140,0,0.4167,0.56
CM00000828,2026-06-11,V00004395,7,1,19,0,0.1429,0.5278
CM00000829,2026-05-01,V00010529,9,4,319,2,0.4444,0.8307
CM00000830,2026-07-03,V00002729,3,2,4,0,0.6667,0.2
CM00000831,2026-08-06,V00006911,5,2,254,0,0.4,0.7605
CM00000832,2026-01-08,V00010402,9,4,209,1,0.4444,0.8427
CM00000833,2026-05-21,V00003595,21,3,251,0,0.1429,0.7404
CM00000834,2026-01-01,V00001473,7,1,51,0,0.1429,0.6375
CM00000835,2026-06-05,V00000433,8,3,323,3,0.375,0.9282
CM00000836,2026-02-02,V00004712,6,2,203,1,0.3333,0.6344
CM00000837,2026-06-26,V00010004,9,2,184,1,0.2222,0.7244
CM00000838,2026-03-25,V00004931,13,7,595,2,0.5385,0.9551
CM00000839,2026-08-23,V00003913,8,4,101,0,0.5,0.3412
CM00000840,2026-08-21,V00013214,10,5,288,2,0.5,0.4267
CM00000841,2026-05-03,V00001623,13,2,99,0,0.1538,0.3056
CM00000842,2026-02-15,V00002275,11,3,164,1,0.2727,0.5467
CM00000843,2026-04-17,V00003552,8,2,205,0,0.25,0.5824
CM00000844,2026-06-22,V00002699,13,7,185,2,0.5385,0.8525
CM00000845,2026-05-30,V00014633,7,0,0,0,0.0,0.0
CM00000846,2026-02-28,V00001357,13,7,784,1,0.5385,0.7134
CM00000847,2026-08-15,V00009682,5,1,101,0,0.2,0.6824
CM00000848,2026-06-16,V00001145,11,4,68,0,0.3636,0.5
CM00000849,2026-04-01,V00010427,12,6,409,0,0.5,0.6886
CM00000850,2026-04-16,V00002921,4,1,47,1,0.25,0.6912
CM00000851,2026-05-18,V00012748,12,6,628,1,0.5,0.5815
CM00000852,2026-02-01,V00002224,14,7,302,0,0.5,0.8805
CM00000853,2026-08-14,V00000334,13,5,21,2,0.3846,0.3231
CM00000854,2026-04-19,V00007933,11,1,6,0,0.0909,0.4615
CM00000855,2026-04-14,V00009379,12,5,124,1,0.4167,0.6049
CM00000856,2026-05-26,V00002775,10,1,1,0,0.1,0.0417
CM00000857,2026-08-06,V00010383,7,1,37,0,0.1429,0.4157
CM00000858,2026-05-19,V00011922,11,2,79,0,0.1818,0.297
CM00000859,2026-08-17,V00005501,9,2,83,0,0.2222,0.2767
CM00000860,2026-07-27,V00006170,12,4,146,1,0.3333,0.4148
CM00000861,2026-07-01,V00009069,12,5,120,1,0.4167,0.7059
CM00000862,2026-04-02,V00008268,11,4,20,0,0.3636,0.3571
CM00000863,2026-08-27,V00006739,6,2,58,0,0.3333,0.3222
CM00000864,2026-04-17,V00007514,12,3,333,0,0.25,0.7025
CM00000865,2026-01-09,V00000176,12,6,784,0,0.5,0.8218
CM00000866,2026-04-12,V00006657,4,3,92,1,0.75,0.807
CM00000867,2026-06-01,V00014573,13,4,24,0,0.3077,0.3333
CM00000868,2026-07-23,V00009771,8,3,24,0,0.375,0.4444
CM00000869,2026-08-16,V00001016,12,4,121,0,0.3333,0.4033
CM00000870,2026-04-29,V00008811,8,2,88,0,0.25,0.4356
CM00000871,2026-05-15,V00013524,7,4,473,0,0.5714,0.758
CM00000872,2026-03-20,V00002647,8,3,79,0,0.375,0.5163
CM00000873,2026-03-11,V00010014,11,2,10,0,0.1818,0.4545
CM00000874,2026-07-24,V00008957,8,1,24,0,0.125,0.16
CM00000875,2026-07-22,V00001295,13,5,56,0,0.3846,0.4308
CM00000876,2026-05-08,V00007735,8,1,114,0,0.125,0.6706
CM00000877,2026-08-05,V00014959,6,1,20,0,0.1667,0.3279
CM00000878,2026-05-21,V00004755,5,2,142,1,0.4,0.5726
CM00000879,2026-05-14,V00010330,11,4,268,0,0.3636,0.6036
CM00000880,2026-07-13,V00011143,8,3,54,0,0.375,0.6
CM00000881,2026-07-25,V00004603,9,3,227,0,0.3333,0.4978
CM00000882,2026-08-10,V00008592,11,1,97,0,0.0909,0.9151
CM00000883,2026-01-02,V00003465,13,3,163,1,0.2308,0.6392
CM00000884,2026-07-24,V00009796,9,3,211,1,0.3333,0.8792
CM00000885,2026-07-08,V00008120,7,0,0,0,0.0,0.0
CM00000886,2026-08-03,V00004253,8,4,38,1,0.5,0.5938
CM00000887,2026-04-18,V00005739,12,8,192,1,0.6667,0.7273
CM00000888,2026-07-09,V00003115,5,1,17,0,0.2,0.5484
CM00000889,2026-07-27,V00006396,9,3,154,0,0.3333,0.713
CM00000890,2026-08-09,V00006715,12,4,86,1,0.3333,0.6324
CM00000891,2026-02-16,V00012723,12,5,354,0,0.4167,0.7152
CM00000892,2026-07-16,V00000463,8,2,50,0,0.25,0.4032
CM00000893,2026-08-23,V00004919,6,4,95,1,0.6667,0.5278
CM00000894,2026-06-29,V00014897,5,2,119,0,0.4,0.6467
CM00000895,2026-08-19,V00008460,9,3,64,0,0.3333,0.4741
CM00000896,2026-03-07,V00014101,5,1,85,0,0.2,0.8673
CM00000897,2026-02-13,V00002868,1,0,0,0,0.0,0.0
CM00000898,2026-06-01,V00000143,8,3,137,1,0.375,0.5189
CM00000899,2026-02-09,V00009534,8,2,69,0,0.25,0.4059
CM00000900,2026-08-03,V00008115,6,4,640,4,0.6667,0.9581
CM00000901,2026-01-21,V00006654,8,3,41,0,0.375,0.9762
CM00000902,2026-01-05,V00009850,7,4,574,1,0.5714,0.8295
CM00000903,2026-08-21,V00001834,13,2,85,1,0.1538,0.3036
CM00000904,2026-08-19,V00007521,9,6,508,1,0.6667,0.4838
CM00000905,2026-03-08,V00013583,12,2,260,1,0.1667,0.9489
CM00000906,2026-05-06,V00006895,10,5,452,1,0.5,0.7726
CM00000907,2026-07-23,V00014628,12,4,155,1,0.3333,0.6798
CM00000908,2026-03-17,V00013739,16,7,178,0,0.4375,0.6202
CM00000909,2026-08-23,V00010892,9,2,44,0,0.2222,0.6471
CM00000910,2026-08-08,V00010953,8,3,253,0,0.375,0.7956
CM00000911,2026-08-23,V00014338,5,1,75,1,0.2,0.7009
CM00000912,2026-06-15,V00011986,10,5,109,1,0.5,0.6056
CM00000913,2026-08-03,V00008560,13,4,257,0,0.3077,0.3802
CM00000914,2026-07-06,V00009185,3,1,41,0,0.3333,0.7593
CM00000915,2026-08-24,V00000896,9,5,146,3,0.5556,0.7892
CM00000916,2026-08-15,V00001967,14,4,141,1,0.2857,0.3039
CM00000917,2026-01-14,V00003353,10,5,444,0,0.5,0.6992
CM00000918,2026-05-26,V00001469,12,3,290,1,0.25,0.5823
CM00000919,2026-02-23,V00009142,3,2,69,0,0.6667,0.7841
CM00000920,2026-08-24,V00014731,11,1,3,0,0.0909,0.0789
CM00000921,2026-08-03,V00007815,2,0,0,0,0.0,0.0
CM00000922,2026-04-24,V00004092,8,1,4,0,0.125,0.0296
CM00000923,2026-02-18,V00005563,8,1,51,0,0.125,0.4811
CM00000924,2026-03-03,V00010303,6,3,168,0,0.5,0.9032
CM00000925,2026-01-20,V00001678,8,2,122,0,0.25,0.4178
CM00000926,2026-07-11,V00013601,5,3,290,1,0.6,0.6576
CM00000927,2026-08-10,V00009697,6,3,22,0,0.5,0.9167
CM00000928,2026-01-10,V00008219,15,4,252,1,0.2667,0.4375
CM00000929,2026-07-24,V00009390,8,3,269,0,0.375,0.7599
CM00000930,2026-03-31,V00006323,14,6,485,1,0.4286,0.5084
CM00000931,2026-04-11,V00005466,10,5,215,0,0.5,0.43
CM00000932,2026-06-08,V00014116,9,2,177,0,0.2222,0.5463
CM00000933,2026-02-21,V00009533,13,8,666,0,0.6154,0.5441
CM00000934,2026-08-07,V00012571,11,5,196,1,0.4545,0.7127
CM00000935,2026-04-22,V00011111,14,4,89,1,0.2857,0.3477
CM00000936,2026-08-11,V00003093,5,1,32,0,0.2,0.5818
CM00000937,2026-08-11,V00010154,12,0,0,0,0.0,0.0
CM00000938,2026-03-29,V00011768,12,7,920,1,0.5833,0.8318
CM00000939,2026-03-16,V00004792,8,1,53,0,0.125,0.53
CM00000940,2026-08-03,V00012021,3,0,0,0,0.0,0.0
CM00000941,2026-06-28,V00001022,8,2,62,0,0.25,0.2583
CM00000942,2026-04-09,V00011343,6,3,221,1,0.5,0.5893
CM00000943,2026-06-12,V00003011,9,1,85,0,0.1111,0.5556
CM00000944,2026-08-13,V00005091,10,4,420,0,0.4,0.8468
CM00000945,2026-04-12,V00013365,12,2,173,0,0.1667,0.7149
CM00000946,2026-08-25,V00011465,5,3,525,1,0.6,1.0
CM00000947,2026-07-18,V00007223,8,3,97,1,0.375,0.4145
CM00000948,2026-08-08,V00011267,14,7,475,1,0.5,0.5751
CM00000949,2026-04-29,V00007138,9,2,146,0,0.2222,0.6952
CM00000950,2026-01-15,V00005410,6,4,239,0,0.6667,0.5432
CM00000951,2026-08-16,V00003087,13,6,451,1,0.4615,0.4474
CM00000952,2026-05-29,V00000600,9,5,50,2,0.5556,0.625
CM00000953,2026-08-27,V00007587,15,4,377,2,0.2667,0.8341
CM00000954,2026-05-13,V00012845,10,6,552,2,0.6,0.6667
CM00000955,2026-02-20,V00013294,8,1,26,0,0.125,0.2737
CM00000956,2026-06-08,V00010053,11,2,24,0,0.1818,0.2667
CM00000957,2026-08-08,V00009003,10,3,85,0,0.3,0.787
CM00000958,2026-07-01,V00002135,8,3,30,0,0.375,0.3125
CM00000959,2026-03-01,V00008431,12,2,50,0,0.1667,0.2033
CM00000960,2026-07-02,V00012775,8,2,31,0,0.25,0.0957
CM00000961,2026-03-11,V00010671,4,1,95,1,0.25,0.6884
CM00000962,2026-02-24,V00006419,11,5,201,1,0.4545,0.5025
CM00000963,2026-08-18,V00009821,5,2,111,0,0.4,0.5904
CM00000964,2026-04-12,V00009194,13,5,278,0,0.3846,0.6864
CM00000965,2026-03-20,V00013756,7,4,138,2,0.5714,0.69
CM00000966,2026-07-30,V00003619,5,1,30,1,0.2,0.5455
CM00000967,2026-05-25,V00011410,8,5,347,2,0.625,0.9378
CM00000968,2026-07-21,V00003493,6,1,20,0,0.1667,0.2299
CM00000969,2026-08-05,V00008424,19,2,60,0,0.1053,0.5455
CM00000970,2026-08-28,V00007641,6,2,57,0,0.3333,0.7917
CM00000971,2026-04-29,V00008579,5,1,79,0,0.2,0.4877
CM00000972,2026-03-08,V00013759,8,2,92,0,0.25,0.4742
CM00000973,2026-06-16,V00006080,8,2,77,0,0.25,0.7549
CM00000974,2026-08-28,V00000862,12,8,649,0,0.6667,0.7876
CM00000975,2026-06-05,V00003187,10,2,48,0,0.2,0.8
CM00000976,2026-04-14,V00005914,10,8,655,2,0.8,0.8804
CM00000977,2026-06-27,V00001297,6,4,407,0,0.6667,0.5916
CM00000978,2026-08-25,V00010545,5,4,319,1,0.8,0.6758
CM00000979,2026-06-05,V00000309,10,7,607,1,0.7,0.598
CM00000980,2026-04-26,V00004435,8,2,64,0,0.25,0.1818
CM00000981,2026-06-18,V00004989,5,1,10,0,0.2,0.7143
CM00000982,2026-08-09,V00001955,8,2,154,0,0.25,0.6754
CM00000983,2026-08-03,V00003186,9,3,186,1,0.3333,0.6667
CM00000984,2026-04-20,V00009930,17,5,26,0,0.2941,0.65
CM00000985,2026-01-27,V00012685,8,4,602,0,0.5,0.875
CM00000986,2026-01-01,V00006090,12,5,44,0,0.4167,0.352
CM00000987,2026-02-13,V00003472,3,3,125,0,1.0,0.5274
CM00000988,2026-06-26,V00009415,9,4,322,0,0.4444,0.5261
CM00000989,2026-05-03,V00011441,11,2,199,1,0.1818,0.7595
CM00000990,2026-08-25,V00008989,14,6,264,0,0.4286,0.3894
CM00000991,2026-03-19,V00004796,12,3,77,1,0.25,0.6111
CM00000992,2026-08-25,V00001775,10,5,156,2,0.5,0.7091
CM00000993,2026-05-11,V00010476,9,4,159,2,0.4444,0.7361
CM00000994,2026-05-28,V00013007,8,4,380,1,0.5,0.5556
CM00000995,2026-05-20,V00014748,11,5,409,0,0.4545,0.7574
CM00000996,2026-07-12,V00009926,11,5,437,0,0.4545,0.6882
CM00000997,2026-02-18,V00002728,9,4,208,0,0.4444,0.52
CM00000998,2026-05-21,V00014403,8,1,27,0,0.125,0.25
CM00000999,2026-04-29,V00005245,9,1,69,0,0.1111,0.5188
CM00001000,2026-05-21,V00011244,9,4,278,2,0.4444,0.7394
CM00001001,2026-06-07,V00009870,15,6,171,0,0.4,0.4597
CM00001002,2026-04-22,V00002930,8,6,339,1,0.75,0.7958
CM00001003,2026-02-11,V00010826,6,4,408,0,0.6667,0.6375
CM00001004,2026-05-26,V00002936,5,0,0,0,0.0,0.0
CM00001005,2026-01-24,V00013082,10,6,244,0,0.6,0.7531
CM00001006,2026-05-14,V00008716,10,3,323,0,0.3,0.6049
CM00001007,2026-08-16,V00009346,9,4,407,0,0.4444,0.7537
CM00001008,2026-07-12,V00011044,8,4,418,1,0.5,0.7464
CM00001009,2026-08-21,V00010767,9,5,603,0,0.5556,0.7354
CM00001010,2026-07-25,V00011525,15,8,496,0,0.5333,0.5391
CM00001011,2026-04-08,V00003139,11,6,371,1,0.5455,0.8961
CM00001012,2026-03-11,V00012145,10,3,423,1,0.3,0.9276
CM00001013,2026-04-21,V00010512,7,2,162,0,0.2857,0.5364
CM00001014,2026-07-21,V00000892,12,4,173,0,0.3333,0.4651
CM00001015,2026-01-19,V00012014,11,5,336,1,0.4545,0.5376
CM00001016,2026-06-18,V00007497,9,4,49,0,0.4444,0.8167
CM00001017,2026-07-08,V00000834,7,2,106,0,0.2857,0.7465
CM00001018,2026-08-28,V00014828,15,3,111,1,0.2,0.2913
CM00001019,2026-08-24,V00005229,7,2,9,0,0.2857,0.45
CM00001020,2026-06-04,V00010141,9,5,58,0,0.5556,0.6105
CM00001021,2026-07-11,V00004958,6,1,5,0,0.1667,0.0439
CM00001022,2026-05-12,V00007888,6,1,153,0,0.1667,0.9107
CM00001023,2026-05-12,V00014994,7,1,104,1,0.1429,0.782
CM00001024,2026-05-20,V00007447,9,3,133,2,0.3333,0.403
CM00001025,2026-07-20,V00002004,8,4,134,2,0.5,0.5492
CM00001026,2026-06-21,V00005533,10,1,1,0,0.1,0.0588
CM00001027,2026-05-17,V00014678,5,3,59,0,0.6,0.4184
CM00001028,2026-08-27,V00012965,10,3,118,1,0.3,0.7152
CM00001029,2026-07-10,V00010403,9,4,58,1,0.4444,0.725
CM00001030,2026-08-01,V00000833,4,2,222,0,0.5,0.7551
CM00001031,2026-01-09,V00001484,7,5,498,0,0.7143,0.8586
CM00001032,2026-08-11,V00012865,14,6,395,1,0.4286,0.4636
CM00001033,2026-07-23,V00004276,9,4,92,0,0.4444,0.4694
CM00001034,2026-01-09,V00013280,6,3,202,0,0.5,0.6066
CM00001035,2026-02-24,V00005160,5,2,7,1,0.4,0.4375
CM00001036,2026-04-05,V00006124,8,2,97,1,0.25,0.7462
CM00001037,2026-08-24,V00009604,13,4,331,1,0.3077,0.7323
CM00001038,2026-07-28,V00009120,9,4,268,0,0.4444,0.7528
CM00001039,2026-02-28,V00000929,7,1,30,0,0.1429,0.3947
CM00001040,2026-03-19,V00002181,5,2,15,1,0.4,0.3947
CM00001041,2026-03-25,V00014246,7,2,215,0,0.2857,0.6476
CM00001042,2026-06-01,V00009923,5,2,62,1,0.4,0.2743
CM00001043,2026-03-16,V00004593,10,5,190,0,0.5,0.3455
CM00001044,2026-08-09,V00001489,10,3,94,0,0.3,0.5137
CM00001045,2026-05-25,V00000958,6,1,18,0,0.1667,0.5
CM00001046,2026-07-07,V00010804,11,1,12,0,0.0909,0.0857
CM00001047,2026-07-04,V00003638,13,6,341,2,0.4615,0.7478
CM00001048,2026-01-30,V00002743,11,5,145,0,0.4545,0.9355
CM00001049,2026-08-06,V00013596,5,4,59,1,0.8,0.3688
CM00001050,2026-08-19,V00014067,7,2,116,0,0.2857,0.5421
CM00001051,2026-08-04,V00005068,13,6,439,2,0.4615,0.5117
CM00001052,2026-05-19,V00002119,8,2,10,0,0.25,0.2083
CM00001053,2026-01-02,V00000903,11,2,125,0,0.1818,0.6944
CM00001054,2026-01-14,V00004303,12,7,474,1,0.5833,0.7204
CM00001055,2026-08-07,V00000734,4,0,0,0,0.0,0.0
CM00001056,2026-01-18,V00001162,10,4,171,0,0.4,0.7917
CM00001057,2026-01-17,V00013144,17,4,304,0,0.2353,0.7037
CM00001058,2026-07-17,V00012648,10,1,79,0,0.1,0.9875
CM00001059,2026-05-28,V00010848,11,6,252,1,0.5455,0.3529
CM00001060,2026-07-24,V00014163,6,2,160,0,0.3333,0.5161
CM00001061,2026-01-15,V00004284,12,6,206,1,0.5,0.5282
CM00001062,2026-07-20,V00008936,4,3,176,1,0.75,0.6822
CM00001063,2026-07-18,V00010321,15,7,535,1,0.4667,0.4632
CM00001064,2026-05-23,V00014304,9,4,273,1,0.4444,0.8426
CM00001065,2026-04-16,V00005467,12,4,181,0,0.3333,0.7298
CM00001066,2026-07-19,V00008262,12,5,378,1,0.4167,0.922
CM00001067,2026-05-02,V00014906,3,2,29,0,0.6667,0.7632
CM00001068,2026-07-15,V00012517,11,4,252,1,0.3636,0.6429
CM00001069,2026-03-16,V00009528,3,1,41,0,0.3333,0.8723
CM00001070,2026-08-28,V00004292,10,2,74,1,0.2,0.2681
CM00001071,2026-08-18,V00013149,14,4,182,1,0.2857,0.4892
CM00001072,2026-01-30,V00013866,15,2,36,0,0.1333,0.75
CM00001073,2026-04-03,V00001439,8,5,247,1,0.625,0.4891
CM00001074,2026-03-20,V00007805,8,2,148,0,0.25,0.592
CM00001075,2026-01-12,V00009518,11,2,101,0,0.1818,0.481
CM00001076,2026-01-02,V00008240,9,3,241,0,0.3333,0.6751
CM00001077,2026-07-14,V00006841,12,6,265,1,0.5,0.7749
CM00001078,2026-08-03,V00011067,11,5,242,1,0.4545,0.9878
CM00001079,2026-04-18,V00014632,12,3,91,0,0.25,0.2407
CM00001080,2026-01-03,V00005840,13,8,1046,1,0.6154,0.7387
CM00001081,2026-04-02,V00008376,18,7,338,0,0.3889,0.3832
CM00001082,2026-08-07,V00011414,10,4,207,0,0.4,0.2991
CM00001083,2026-06-12,V00011772,8,1,45,0,0.125,0.6716
CM00001084,2026-08-14,V00012606,14,6,633,0,0.4286,0.7226
CM00001085,2026-05-18,V00010193,10,3,107,0,0.3,0.2074
CM00001086,2026-07-01,V00006109,15,9,430,1,0.6,0.4977
CM00001087,2026-08-27,V00011748,4,2,40,0,0.5,0.8333
CM00001088,2026-05-31,V00011397,10,2,43,0,0.2,0.2067
CM00001089,2026-03-14,V00001255,5,0,0,0,0.0,0.0
CM00001090,2026-05-03,V00006630,8,1,57,1,0.125,0.8261
CM00001091,2026-06-29,V00007940,12,6,190,0,0.5,0.6209
CM00001092,2026-01-11,V00005607,12,6,189,0,0.5,0.8289
CM00001093,2026-06-03,V00012782,10,3,22,0,0.3,0.3667
CM00001094,2026-06-22,V00013221,3,1,102,1,0.3333,1.0
CM00001095,2026-08-15,V00008888,7,1,124,0,0.1429,0.7168
CM00001096,2026-06-04,V00007857,9,2,190,0,0.2222,0.7308
CM00001097,2026-07-07,V00002626,6,2,9,0,0.3333,0.5
CM00001098,2026-07-22,V00003821,12,3,97,2,0.25,0.4199
CM00001099,2026-05-15,V00014826,3,0,0,0,0.0,0.0
CM00001100,2026-01-22,V00014072,10,3,150,0,0.3,0.4587
CM00001101,2026-05-02,V00008176,6,3,59,2,0.5,0.7284
CM00001102,2026-05-27,V00002185,10,4,34,0,0.4,0.3696
CM00001103,2026-08-08,V00009054,13,3,443,2,0.2308,0.9844
CM00001104,2026-08-04,V00000605,12,5,518,1,0.4167,0.9505
CM00001105,2026-08-17,V00006721,9,5,357,1,0.5556,0.6865
CM00001106,2026-03-02,V00001942,11,8,384,1,0.7273,0.8276
CM00001107,2026-04-10,V00005293,9,4,268,0,0.4444,0.3785
CM00001108,2026-08-26,V00002601,6,1,52,0,0.1667,0.4062
CM00001109,2026-01-18,V00004908,10,5,504,1,0.5,0.9421
CM00001110,2026-08-28,V00009095,12,3,100,0,0.25,0.2564
CM00001111,2026-04-02,V00004614,10,4,474,1,0.4,0.9046
CM00001112,2026-04-22,V00004724,11,3,170,0,0.2727,0.4393
CM00001113,2026-08-24,V00005184,13,4,524,1,0.3077,0.7892
CM00001114,2026-05-28,V00010598,14,5,767,0,0.3571,0.9131
CM00001115,2026-06-01,V00005838,13,3,203,0,0.2308,0.5286
CM00001116,2026-05-21,V00003965,7,4,125,0,0.5714,0.2404
CM00001117,2026-06-22,V00004622,11,4,354,0,0.3636,0.7832
CM00001118,2026-02-14,V00001450,7,1,41,0,0.1429,0.9111
CM00001119,2026-05-15,V00004052,11,3,127,1,0.2727,0.694
CM00001120,2026-04-01,V00006871,14,4,288,1,0.2857,0.8
CM00001121,2026-06-11,V00014789,9,4,152,0,0.4444,0.475
CM00001122,2026-08-05,V00000890,13,6,243,2,0.4615,0.5062
CM00001123,2026-07-17,V00002583,8,2,121,0,0.25,0.5
CM00001124,2026-04-05,V00003497,10,2,97,1,0.2,0.7348
CM00001125,2026-06-22,V00000582,4,2,90,1,0.5,0.8182
CM00001126,2026-02-03,V00000919,7,5,544,3,0.7143,0.7827
CM00001127,2026-07-15,V00012056,13,8,1206,0,0.6154,0.9136
CM00001128,2026-08-25,V00013740,9,2,24,1,0.2222,0.3333
CM00001129,2026-01-10,V00007487,4,1,48,0,0.25,0.2824
CM00001130,2026-04-05,V00001254,10,6,173,1,0.6,0.8009
CM00001131,2026-05-09,V00014775,5,1,17,0,0.2,0.3617
CM00001132,2026-08-16,V00014017,11,3,132,0,0.2727,0.3667
CM00001133,2026-07-12,V00001274,9,4,382,0,0.4444,0.7579
CM00001134,2026-07-06,V00006505,8,0,0,0,0.0,0.0
CM00001135,2026-01-21,V00006051,15,7,576,1,0.4667,0.6429
CM00001136,2026-04-28,V00004699,9,2,72,0,0.2222,0.6667
CM00001137,2026-07-28,V00000928,12,2,12,0,0.1667,0.375
CM00001138,2026-08-01,V00006418,6,1,21,0,0.1667,0.2838
CM00001139,2026-04-01,V00006383,8,3,89,1,0.375,0.7807
CM00001140,2026-01-27,V00014412,11,6,364,2,0.5455,0.5056
CM00001141,2026-03-23,V00003213,11,2,130,0,0.1818,0.4887
CM00001142,2026-06-06,V00009686,7,2,32,0,0.2857,0.4324
CM00001143,2026-05-28,V00005426,9,1,28,0,0.1111,0.56
CM00001144,2026-06-11,V00013793,10,4,106,0,0.4,0.2624
CM00001145,2026-07-03,V00014390,10,2,16,0,0.2,0.2162
CM00001146,2026-06-04,V00011026,4,1,57,0,0.25,0.4872
CM00001147,2026-01-09,V00011961,11,6,349,1,0.5455,0.8682
CM00001148,2026-06-29,V00011316,9,4,166,1,0.4444,0.477
CM00001149,2026-04-19,V00001802,6,1,37,0,0.1667,0.4157
CM00001150,2026-08-03,V00000648,7,5,515,1,0.7143,0.811
CM00001151,2026-08-18,V00001837,6,2,18,1,0.3333,0.75
CM00001152,2026-07-18,V00008793,8,1,19,1,0.125,0.7308
CM00001153,2026-08-11,V00006793,11,1,66,0,0.0909,0.4615
CM00001154,2026-06-24,V00000795,18,8,224,1,0.4444,0.5833
CM00001155,2026-04-13,V00011672,15,7,1073,0,0.4667,0.886
CM00001156,2026-07-06,V00014557,9,2,194,0,0.2222,0.6554
CM00001157,2026-01-05,V00002838,13,3,16,0,0.2308,0.4444
CM00001158,2026-03-19,V00007638,8,5,170,2,0.625,0.6939
CM00001159,2026-05-20,V00004242,4,3,199,1,0.75,0.3925
CM00001160,2026-03-15,V00014942,9,3,152,1,0.3333,0.539
CM00001161,2026-03-24,V00000124,11,4,221,0,0.3636,0.4977
CM00001162,2026-05-11,V00011584,12,1,21,0,0.0833,0.6176
CM00001163,2026-03-15,V00012285,9,7,22,0,0.7778,0.3929
CM00001164,2026-02-02,V00009126,2,0,0,0,0.0,0.0
CM00001165,2026-03-06,V00013256,6,3,71,0,0.5,0.6068
CM00001166,2026-06-24,V00001783,9,4,261,0,0.4444,0.3686
CM00001167,2026-06-13,V00005783,7,3,38,0,0.4286,0.3423
CM00001168,2026-01-18,V00007751,10,6,292,0,0.6,0.4679
CM00001169,2026-08-21,V00008605,8,2,31,0,0.25,0.5741
CM00001170,2026-06-14,V00007846,15,5,431,1,0.3333,0.7431
CM00001171,2026-05-09,V00005955,5,2,94,1,0.4,0.5663
CM00001172,2026-01-28,V00006796,10,6,121,0,0.6,0.545
CM00001173,2026-05-29,V00010350,9,4,469,1,0.4444,0.7976
CM00001174,2026-01-21,V00004247,11,4,169,1,0.3636,0.4801
CM00001175,2026-06-18,V00008616,6,2,125,0,0.3333,0.8117
CM00001176,2026-07-23,V00000568,9,6,270,1,0.6667,0.6338
CM00001177,2026-02-07,V00001229,13,4,117,1,0.3077,0.9435
CM00001178,2026-04-17,V00013526,9,2,77,1,0.2222,0.5662
CM00001179,2026-04-14,V00014514,6,2,79,1,0.3333,0.3211
CM00001180,2026-03-05,V00011944,11,6,240,0,0.5455,0.5063
CM00001181,2026-08-23,V00009881,8,1,6,0,0.125,0.06
CM00001182,2026-04-08,V00009099,10,4,107,0,0.4,0.4693
CM00001183,2026-02-03,V00000429,10,5,67,0,0.5,0.67
CM00001184,2026-08-14,V00007633,12,7,104,0,0.5833,0.782
CM00001185,2026-01-20,V00000552,12,5,444,0,0.4167,0.596
CM00001186,2026-05-19,V00011587,7,1,68,0,0.1429,0.6733
CM00001187,2026-04-25,V00004385,13,6,513,1,0.4615,0.7308
CM00001188,2026-07-21,V00006766,6,3,26,0,0.5,0.4815
CM00001189,2026-04-12,V00014418,12,3,254,0,0.25,0.7493
CM00001190,2026-07-20,V00007726,8,2,127,1,0.25,0.4536
CM00001191,2026-08-22,V00005281,7,4,44,0,0.5714,0.2245
CM00001192,2026-05-21,V00003807,8,5,246,0,0.625,0.4033
CM00001193,2026-06-21,V00009822,9,5,187,0,0.5556,0.7633
CM00001194,2026-02-14,V00010206,6,1,61,0,0.1667,0.8243
CM00001195,2026-07-28,V00008411,7,5,152,1,0.7143,0.6204
CM00001196,2026-08-06,V00010870,7,3,134,0,0.4286,0.3818
CM00001197,2026-02-28,V00008089,9,4,167,1,0.4444,0.7325
CM00001198,2026-04-25,V00014245,10,2,71,0,0.2,0.3901
CM00001199,2026-02-28,V00011006,8,3,67,1,0.375,0.5317
CM00001200,2026-06-26,V00008694,12,4,248,0,0.3333,0.5
CM00001201,2026-01-26,V00007017,8,2,27,0,0.25,0.5625
CM00001202,2026-01-17,V00012306,7,2,48,0,0.2857,0.2727
CM00001203,2026-05-02,V00014038,9,2,102,0,0.2222,0.6456
CM00001204,2026-08-07,V00008985,11,4,62,1,0.3636,0.5741
CM00001205,2026-08-25,V00011018,6,2,172,0,0.3333,0.9149
CM00001206,2026-04-16,V00011287,12,5,320,0,0.4167,0.6809
CM00001207,2026-04-01,V00003208,3,1,49,0,0.3333,0.3161
CM00001208,2026-06-08,V00004659,10,2,56,0,0.2,0.4828
CM00001209,2026-04-07,V00011870,11,7,502,0,0.6364,0.4539
CM00001210,2026-06-14,V00014685,16,5,473,0,0.3125,0.8298
CM00001211,2026-06-20,V00011370,10,6,761,2,0.6,0.8079
CM00001212,2026-04-10,V00004196,8,1,23,0,0.125,0.4259
CM00001213,2026-05-19,V00010429,6,2,147,0,0.3333,0.7277
CM00001214,2026-02-24,V00008138,14,6,228,0,0.4286,0.6786
CM00001215,2026-05-06,V00005401,8,6,161,1,0.75,0.5709
CM00001216,2026-06-17,V00012594,8,3,220,0,0.375,0.7885
CM00001217,2026-04-27,V00012931,14,5,534,1,0.3571,0.7574
CM00001218,2026-03-23,V00008756,10,4,428,0,0.4,0.7643
CM00001219,2026-06-16,V00010687,9,6,330,3,0.6667,0.8594
CM00001220,2026-08-11,V00009336,8,1,7,1,0.125,0.4118
CM00001221,2026-06-21,V00000914,12,3,142,0,0.25,0.4011
CM00001222,2026-07-06,V00003754,7,3,231,0,0.4286,0.837
CM00001223,2026-06-11,V00010481,11,7,119,2,0.6364,0.34
CM00001224,2026-05-22,V00013107,8,3,357,0,0.375,0.8207
CM00001225,2026-01-25,V00004440,9,7,329,1,0.7778,0.6812
CM00001226,2026-07-23,V00009046,6,2,106,0,0.3333,0.4417
CM00001227,2026-06-05,V00012805,6,3,301,1,0.5,0.6968
CM00001228,2026-05-09,V00014853,13,4,43,2,0.3077,0.3707
CM00001229,2026-08-17,V00009320,4,4,329,0,1.0,0.5239
CM00001230,2026-02-25,V00002412,11,7,77,2,0.6364,0.7333
CM00001231,2026-04-06,V00009607,6,1,99,0,0.1667,0.7279
CM00001232,2026-08-24,V00014773,12,1,72,0,0.0833,0.9474
CM00001233,2026-08-28,V00000882,8,1,3,0,0.125,0.3
CM00001234,2026-03-08,V00009545,13,3,249,1,0.2308,0.5188
CM00001235,2026-02-25,V00005820,17,9,532,1,0.5294,0.6642
CM00001236,2026-08-04,V00008327,11,3,148,0,0.2727,0.4654
CM00001237,2026-05-19,V00012305,7,2,36,0,0.2857,0.4
CM00001238,2026-02-08,V00011007,10,4,154,1,0.4,0.3105
CM00001239,2026-07-28,V00002251,8,3,181,0,0.375,0.3352
CM00001240,2026-07-10,V00000938,12,4,59,0,0.3333,0.4758
CM00001241,2026-05-10,V00003742,6,4,252,0,0.6667,0.6117
CM00001242,2026-07-24,V00014699,16,6,136,1,0.375,0.7083
CM00001243,2026-07-31,V00005771,4,0,0,0,0.0,0.0
CM00001244,2026-03-19,V00007028,15,5,203,1,0.3333,0.7
CM00001245,2026-05-12,V00005150,7,3,189,0,0.4286,0.4038
CM00001246,2026-06-21,V00005502,11,4,77,0,0.3636,0.3377
CM00001247,2026-03-05,V00012549,8,4,363,0,0.5,0.5744
CM00001248,2026-03-07,V00005515,5,1,55,0,0.2,0.4074
CM00001249,2026-01-07,V00009984,4,1,23,0,0.25,0.2255
CM00001250,2026-08-23,V00006035,8,3,167,0,0.375,0.3976
CM00001251,2026-07-07,V00013853,9,5,476,2,0.5556,0.6389
CM00001252,2026-06-17,V00006809,8,1,2,0,0.125,0.0215
CM00001253,2026-08-13,V00002654,9,5,47,2,0.5556,0.3357
CM00001254,2026-08-23,V00014620,8,3,218,0,0.375,0.7569
CM00001255,2026-07-15,V00011146,3,3,329,0,1.0,0.6528
CM00001256,2026-08-24,V00014525,9,5,462,1,0.5556,0.88
CM00001257,2026-04-16,V00006172,10,1,6,0,0.1,0.125
CM00001258,2026-03-11,V00003229,8,3,40,0,0.375,0.6349
CM00001259,2026-01-02,V00012377,6,3,91,0,0.5,0.4596
CM00001260,2026-05-25,V00011251,10,7,52,2,0.7,0.4952
CM00001261,2026-02-25,V00003209,12,5,343,0,0.4167,0.5863
CM00001262,2026-05-05,V00008266,7,3,52,0,0.4286,0.4952
CM00001263,2026-03-05,V00009680,15,3,101,0,0.2,0.4951
CM00001264,2026-08-11,V00008212,9,4,98,2,0.4444,0.4537
CM00001265,2026-06-16,V00004836,6,2,72,0,0.3333,0.5902
CM00001266,2026-04-03,V00011809,7,1,142,1,0.1429,0.8161
CM00001267,2026-06-10,V00008601,10,4,296,0,0.4,0.74
CM00001268,2026-08-14,V00000902,6,1,91,0,0.1667,0.5871
CM00001269,2026-03-27,V00001663,15,6,206,1,0.4,0.296
CM00001270,2026-03-04,V00009335,11,3,383,0,0.2727,0.8685
CM00001271,2026-06-18,V00007615,9,4,93,1,0.4444,0.6838
CM00001272,2026-04-26,V00000259,7,3,109,0,0.4286,0.4129
CM00001273,2026-02-18,V00002741,8,3,49,1,0.375,0.6806
CM00001274,2026-04-02,V00012753,8,1,65,0,0.125,1.0
CM00001275,2026-08-15,V00002565,10,2,113,1,0.2,0.642
CM00001276,2026-03-18,V00001522,11,2,28,0,0.1818,0.3043
CM00001277,2026-07-16,V00009932,7,2,50,0,0.2857,0.625
CM00001278,2026-04-26,V00010343,7,2,255,1,0.2857,0.7456
CM00001279,2026-08-01,V00010992,8,1,14,0,0.125,0.2333
CM00001280,2026-07-09,V00012694,13,5,149,2,0.3846,0.6478
CM00001281,2026-01-06,V00005455,13,6,240,2,0.4615,0.3478
CM00001282,2026-05-11,V00001982,11,4,99,0,0.3636,0.3214
CM00001283,2026-07-18,V00002928,11,6,485,0,0.5455,0.6968
CM00001284,2026-03-06,V00014917,6,2,208,2,0.3333,0.6154
CM00001285,2026-07-26,V00004542,11,7,521,0,0.6364,0.5355
CM00001286,2026-08-22,V00000484,9,1,1,0,0.1111,0.0233
CM00001287,2026-08-10,V00013307,2,2,120,0,1.0,0.5357
CM00001288,2026-02-23,V00009841,13,6,215,1,0.4615,0.4842
CM00001289,2026-02-27,V00008916,9,4,148,0,0.4444,0.74
CM00001290,2026-07-28,V00008887,15,5,119,0,0.3333,0.7933
CM00001291,2026-01-30,V00007249,7,1,46,0,0.1429,0.3538
CM00001292,2026-02-23,V00002298,12,3,166,0,0.25,0.8513
CM00001293,2026-03-10,V00004741,4,0,0,0,0.0,0.0
CM00001294,2026-08-28,V00007074,12,3,97,0,0.25,0.4429
CM00001295,2026-08-15,V00008930,10,5,288,1,0.5,0.5938
CM00001296,2026-01-08,V00008420,7,3,50,1,0.4286,0.6667
CM00001297,2026-06-26,V00004170,10,3,32,1,0.3,0.1067
CM00001298,2026-06-30,V00005107,15,4,138,1,0.2667,0.6273
CM00001299,2026-04-29,V00006709,6,2,233,1,0.3333,0.6813
CM00001300,2026-07-02,V00006651,7,2,134,1,0.2857,0.5038
CM00001301,2026-04-25,V00003061,8,4,583,1,0.5,0.9464
CM00001302,2026-06-30,V00002457,6,2,42,0,0.3333,0.6562
CM00001303,2026-02-21,V00009693,11,3,47,0,0.2727,0.3333
CM00001304,2026-01-01,V00007561,10,4,22,0,0.4,0.5
CM00001305,2026-08-22,V00009596,15,3,13,1,0.2,0.5417
CM00001306,2026-08-28,V00001749,13,5,434,0,0.3846,0.6729
CM00001307,2026-06-17,V00012403,15,3,323,0,0.2,0.6188
CM00001308,2026-04-04,V00007354,9,4,412,0,0.4444,0.6821
CM00001309,2026-07-02,V00007686,9,2,11,0,0.2222,0.4583
CM00001310,2026-08-22,V00014725,9,2,198,0,0.2222,0.6266
CM00001311,2026-06-17,V00014532,11,5,196,0,0.4545,0.4455
CM00001312,2026-06-08,V00010482,3,2,215,0,0.6667,0.8022
CM00001313,2026-03-18,V00000110,12,3,101,0,0.25,0.5101
CM00001314,2026-05-21,V00006105,8,3,100,0,0.375,0.7092
CM00001315,2026-07-25,V00007889,14,0,0,0,0.0,0.0
CM00001316,2026-06-05,V00008185,6,0,0,0,0.0,0.0
CM00001317,2026-06-09,V00010937,5,0,0,0,0.0,0.0
CM00001318,2026-06-09,V00013588,10,3,117,0,0.3,0.4105
CM00001319,2026-04-26,V00007985,8,2,255,0,0.25,0.8173
CM00001320,2026-05-08,V00004286,15,7,380,0,0.4667,0.498
CM00001321,2026-01-03,V00000933,12,1,24,0,0.0833,0.2553
CM00001322,2026-06-29,V00012139,7,3,344,0,0.4286,0.8249
CM00001323,2026-08-22,V00003832,5,2,136,1,0.4,0.6667
CM00001324,2026-03-14,V00004711,15,6,82,1,0.4,0.4141
CM00001325,2026-02-09,V00003573,6,3,13,0,0.5,0.4815
CM00001326,2026-08-19,V00013553,11,7,87,2,0.6364,0.5404
CM00001327,2026-01-14,V00010852,12,3,348,0,0.25,0.6784
CM00001328,2026-05-13,V00014354,9,2,21,0,0.2222,0.1842
CM00001329,2026-03-31,V00010389,6,2,326,0,0.3333,1.0
CM00001330,2026-01-14,V00000296,10,1,45,0,0.1,1.0
CM00001331,2026-08-10,V00007740,12,5,354,0,0.4167,0.701
CM00001332,2026-08-21,V00007844,8,3,249,0,0.375,0.4716
CM00001333,2026-08-27,V00008590,7,2,327,0,0.2857,0.997
CM00001334,2026-04-05,V00009840,5,0,0,0,0.0,0.0
CM00001335,2026-02-13,V00013929,12,3,168,1,0.25,0.3373
CM00001336,2026-03-07,V00014113,6,1,13,0,0.1667,0.1884
CM00001337,2026-05-27,V00010447,6,2,94,1,0.3333,0.8545
CM00001338,2026-04-25,V00013283,11,7,354,1,0.6364,0.8429
CM00001339,2026-08-25,V00014735,6,3,281,0,0.5,0.8363
CM00001340,2026-07-30,V00012276,11,2,40,0,0.1818,0.2985
CM00001341,2026-06-14,V00009546,7,0,0,0,0.0,0.0
CM00001342,2026-07-16,V00009268,10,3,388,1,0.3,0.7519
CM00001343,2026-08-11,V00004979,7,1,55,0,0.1429,0.514
CM00001344,2026-05-21,V00000741,12,4,28,0,0.3333,0.7
CM00001345,2026-02-26,V00012429,13,3,216,1,0.2308,0.5217
CM00001346,2026-08-01,V00005856,11,3,379,0,0.2727,0.7345
CM00001347,2026-07-28,V00010519,8,4,99,0,0.5,0.7984
CM00001348,2026-02-09,V00014207,8,1,60,0,0.125,0.8451
CM00001349,2026-08-27,V00008799,8,0,0,0,0.0,0.0
CM00001350,2026-04-12,V00005585,8,3,72,0,0.375,0.32
CM00001351,2026-07-18,V00007738,10,4,275,2,0.4,0.6366
CM00001352,2026-05-08,V00005405,7,3,222,0,0.4286,0.454
CM00001353,2026-08-06,V00003177,10,4,247,0,0.4,0.4062
CM00001354,2026-07-21,V00001762,15,6,268,0,0.4,0.2724
CM00001355,2026-07-22,V00006780,10,3,330,2,0.3,0.7692
CM00001356,2026-08-06,V00004706,10,2,71,0,0.2,0.3859
CM00001357,2026-08-26,V00008976,11,2,266,0,0.1818,1.0
CM00001358,2026-01-06,V00001337,11,6,320,0,0.5455,0.7306
CM00001359,2026-04-23,V00009974,7,4,96,2,0.5714,0.7273
CM00001360,2026-08-26,V00012412,12,0,0,0,0.0,0.0
CM00001361,2026-02-15,V00008118,14,7,683,1,0.5,0.9205
CM00001362,2026-08-07,V00004693,8,1,10,0,0.125,0.1042
CM00001363,2026-03-23,V00004018,11,2,13,0,0.1818,0.5
CM00001364,2026-03-09,V00006602,15,1,49,0,0.0667,0.7101
CM00001365,2026-07-20,V00005985,8,2,31,0,0.25,0.125
CM00001366,2026-08-15,V00008457,11,5,245,0,0.4545,0.7313
CM00001367,2026-01-31,V00002805,10,2,27,0,0.2,0.1406
CM00001368,2026-01-04,V00010918,5,3,160,0,0.6,0.7407
CM00001369,2026-01-06,V00009912,12,4,465,1,0.3333,0.6458
CM00001370,2026-02-09,V00000730,7,3,253,0,0.4286,0.6589
CM00001371,2026-03-22,V00003021,5,2,83,0,0.4,0.312
CM00001372,2026-01-19,V00010074,5,1,34,0,0.2,0.2125
CM00001373,2026-02-07,V00001823,9,4,412,3,0.4444,0.7518
CM00001374,2026-08-27,V00002615,8,3,47,2,0.375,0.6528
CM00001375,2026-01-21,V00006632,16,5,540,0,0.3125,0.931
CM00001376,2026-02-08,V00005600,6,2,20,0,0.3333,0.2778
CM00001377,2026-04-24,V00003886,10,3,77,2,0.3,0.5461
CM00001378,2026-01-25,V00006189,10,2,45,0,0.2,0.75
CM00001379,2026-02-04,V00011727,16,4,208,0,0.25,0.5909
CM00001380,2026-01-18,V00003916,9,3,235,0,0.3333,0.6474
CM00001381,2026-08-05,V00007682,7,4,50,1,0.5714,0.4032
CM00001382,2026-03-03,V00001535,7,3,167,0,0.4286,0.7325
CM00001383,2026-05-14,V00012299,9,3,258,1,0.3333,0.5212
CM00001384,2026-04-27,V00007593,12,7,584,1,0.5833,0.6134
CM00001385,2026-05-25,V00001563,8,2,112,1,0.25,0.8116
CM00001386,2026-07-29,V00014560,12,4,27,0,0.3333,0.45
CM00001387,2026-04-26,V00008615,10,4,156,1,0.4,0.39
CM00001388,2026-04-02,V00013536,11,1,6,1,0.0909,0.5
CM00001389,2026-07-07,V00005879,11,0,0,0,0.0,0.0
CM00001390,2026-05-05,V00012614,7,1,37,0,0.1429,0.3162
CM00001391,2026-06-05,V00013705,8,5,502,0,0.625,0.6048
CM00001392,2026-07-17,V00011929,11,4,178,0,0.3636,0.2543
CM00001393,2026-06-29,V00014834,8,4,280,0,0.5,0.5512
CM00001394,2026-08-15,V00008217,6,3,229,0,0.5,0.6058
CM00001395,2026-05-11,V00000066,6,2,17,1,0.3333,0.7727
CM00001396,2026-04-23,V00008251,10,6,133,2,0.6,0.7644
CM00001397,2026-08-02,V00005986,10,3,14,0,0.3,0.3889
CM00001398,2026-06-12,V00006647,12,3,269,2,0.25,0.6142
CM00001399,2026-01-06,V00014125,12,4,208,0,0.3333,0.416
CM00001400,2026-08-23,V00005875,6,0,0,0,0.0,0.0
CM00001401,2026-06-29,V00007449,5,3,30,0,0.6,0.3226
CM00001402,2026-03-16,V00013640,4,1,10,0,0.25,0.1471
CM00001403,2026-05-08,V00013173,3,0,0,0,0.0,0.0
CM00001404,2026-01-18,V00002217,7,1,21,0,0.1429,1.0
CM00001405,2026-02-12,V00001937,8,5,80,1,0.625,0.4103
CM00001406,2026-08-07,V00012205,14,5,751,1,0.3571,0.8486
CM00001407,2026-05-15,V00005476,2,1,24,0,0.5,0.4444
CM00001408,2026-07-20,V00005284,10,5,88,0,0.5,0.8
CM00001409,2026-01-26,V00013409,7,3,201,0,0.4286,0.5776
CM00001410,2026-07-30,V00005318,12,4,159,0,0.3333,0.5846
CM00001411,2026-05-14,V00012262,8,3,79,0,0.375,0.4969
CM00001412,2026-08-11,V00011844,12,7,308,0,0.5833,0.7333
CM00001413,2026-05-05,V00011994,4,1,88,0,0.25,0.6667
CM00001414,2026-07-28,V00008252,11,3,65,1,0.2727,0.1389
CM00001415,2026-06-06,V00012627,11,7,418,0,0.6364,0.3981
CM00001416,2026-01-18,V00008834,8,4,232,1,0.5,0.6237
CM00001417,2026-07-26,V00003080,9,5,681,1,0.5556,0.8902
CM00001418,2026-02-08,V00007591,11,4,132,0,0.3636,0.2292
CM00001419,2026-05-08,V00003234,7,2,40,1,0.2857,0.7143
CM00001420,2026-07-15,V00013974,5,3,356,0,0.6,0.8357
CM00001421,2026-06-05,V00009662,6,2,45,0,0.3333,0.7258
CM00001422,2026-06-12,V00007326,12,5,425,1,0.4167,0.4885
CM00001423,2026-01-11,V00003066,15,7,688,1,0.4667,0.7174
CM00001424,2026-02-07,V00001102,15,6,394,3,0.4,0.5339
CM00001425,2026-04-16,V00008003,18,6,158,0,0.3333,0.3292
CM00001426,2026-07-14,V00012661,3,1,15,0,0.3333,0.4839
CM00001427,2026-06-16,V00008205,6,0,0,0,0.0,0.0
CM00001428,2026-06-22,V00013168,5,2,72,0,0.4,0.3158
CM00001429,2026-05-27,V00003601,10,3,189,0,0.3,0.5294
CM00001430,2026-07-15,V00004398,11,7,120,1,0.6364,0.3008
CM00001431,2026-03-23,V00011032,10,2,24,0,0.2,0.1091
CM00001432,2026-08-08,V00000520,6,1,11,0,0.1667,0.071
CM00001433,2026-04-16,V00000362,11,3,18,0,0.2727,0.0674
CM00001434,2026-08-12,V00001833,9,2,243,1,0.2222,0.8154
CM00001435,2026-07-24,V00009668,8,2,27,0,0.25,0.1406
CM00001436,2026-07-31,V00004365,4,2,237,0,0.5,0.7596
CM00001437,2026-08-16,V00000655,7,5,271,1,0.7143,0.5891
CM00001438,2026-03-19,V00006559,8,1,92,0,0.125,0.5227
CM00001439,2026-08-21,V00003486,5,0,0,0,0.0,0.0
CM00001440,2026-02-21,V00001627,7,4,116,1,0.5714,0.725
CM00001441,2026-06-05,V00006924,13,11,431,0,0.8462,0.7393
CM00001442,2026-07-30,V00011191,8,5,102,1,0.625,0.5231
CM00001443,2026-05-04,V00007062,17,4,348,1,0.2353,0.486
CM00001444,2026-01-18,V00000541,9,4,306,1,0.4444,0.627
CM00001445,2026-05-26,V00010488,2,1,83,0,0.5,0.5764
CM00001446,2026-01-25,V00000330,10,3,58,1,0.3,0.3452
CM00001447,2026-02-03,V00003733,9,7,648,1,0.7778,0.696
CM00001448,2026-05-07,V00011362,12,5,105,1,0.4167,0.3889
CM00001449,2026-06-10,V00008608,12,8,438,1,0.6667,0.3626
CM00001450,2026-06-16,V00014148,9,5,385,1,0.5556,0.7857
CM00001451,2026-02-24,V00012400,13,5,174,1,0.3846,0.6566
CM00001452,2026-04-02,V00013321,10,4,122,0,0.4,0.2194
CM00001453,2026-05-01,V00000685,9,1,91,0,0.1111,0.8125
CM00001454,2026-07-15,V00009794,7,2,12,0,0.2857,0.6667
CM00001455,2026-08-19,V00004709,9,3,356,0,0.3333,0.7964
CM00001456,2026-07-26,V00013970,6,1,72,0,0.1667,0.4472
CM00001457,2026-03-10,V00007723,9,2,97,0,0.2222,0.3489
CM00001458,2026-01-31,V00001474,7,4,315,0,0.5714,0.5507
CM00001459,2026-04-13,V00013151,8,2,173,0,0.25,0.709
CM00001460,2026-01-04,V00005203,6,0,0,0,0.0,0.0
CM00001461,2026-08-21,V00014106,8,3,213,1,0.375,0.7717
CM00001462,2026-02-06,V00013205,8,3,106,0,0.375,0.4157
CM00001463,2026-06-21,V00001092,11,1,97,0,0.0909,0.6783
CM00001464,2026-02-26,V00002750,10,3,143,0,0.3,0.4455
CM00001465,2026-01-11,V00004116,8,5,126,2,0.625,0.4755
CM00001466,2026-07-07,V00000694,10,3,60,0,0.3,0.5128
CM00001467,2026-05-10,V00002252,12,3,206,2,0.25,0.5819
CM00001468,2026-04-12,V00007558,8,2,14,0,0.25,0.4118
CM00001469,2026-08-24,V00013346,9,5,316,1,0.5556,0.6945
CM00001470,2026-08-19,V00004234,10,4,82,2,0.4,0.4556
CM00001471,2026-05-03,V00001501,12,5,194,1,0.4167,0.5791
CM00001472,2026-08-16,V00008806,9,4,378,0,0.4444,0.5943
CM00001473,2026-04-19,V00010278,7,2,85,0,0.2857,0.4885
CM00001474,2026-05-12,V00014843,12,3,254,0,0.25,0.8383
CM00001475,2026-05-17,V00011880,10,3,173,0,0.3,0.6135
CM00001476,2026-07-04,V00003571,12,6,328,1,0.5,0.7923
CM00001477,2026-05-08,V00011365,4,0,0,0,0.0,0.0
CM00001478,2026-08-12,V00010615,9,3,155,0,0.3333,0.4613
CM00001479,2026-03-13,V00004661,8,2,199,0,0.25,0.6461
CM00001480,2026-04-19,V00004391,14,4,53,0,0.2857,0.1636
CM00001481,2026-02-18,V00012790,6,5,245,1,0.8333,0.7656
CM00001482,2026-04-26,V00005720,9,2,109,0,0.2222,0.6566
CM00001483,2026-07-07,V00004729,9,3,15,1,0.3333,0.2941
CM00001484,2026-02-23,V00006961,8,3,234,2,0.375,0.7879
CM00001485,2026-07-24,V00004827,10,7,173,0,0.7,0.2399
CM00001486,2026-01-06,V00008432,8,3,217,0,0.375,0.4493
CM00001487,2026-04-27,V00014206,7,5,677,0,0.7143,0.8462
CM00001488,2026-08-07,V00011381,10,3,289,0,0.3,0.8838
CM00001489,2026-03-09,V00003214,6,2,105,0,0.3333,0.8203
CM00001490,2026-02-27,V00002132,7,3,61,2,0.4286,0.5214
CM00001491,2026-02-15,V00013160,8,2,216,0,0.25,0.6136
CM00001492,2026-05-08,V00001413,8,1,95,0,0.125,0.8636
CM00001493,2026-07-23,V00000949,8,5,21,0,0.625,0.4667
CM00001494,2026-05-06,V00008576,15,10,86,1,0.6667,0.7818
CM00001495,2026-03-31,V00014089,14,6,398,2,0.4286,0.5923
CM00001496,2026-03-18,V00002558,7,1,1,0,0.1429,0.0476
CM00001497,2026-06-11,V00013071,9,2,31,0,0.2222,0.4189
CM00001498,2026-08-08,V00009204,9,1,2,0,0.1111,0.0211
CM00001499,2026-05-10,V00009874,10,5,158,0,0.5,0.5016
CM00001500,2026-03-08,V00002961,11,4,73,1,0.3636,0.5214
CM00001501,2026-01-02,V00006583,7,1,34,1,0.1429,0.4789
CM00001502,2026-08-13,V00010577,12,2,156,1,0.1667,0.5493
CM00001503,2026-06-10,V00014363,7,4,72,3,0.5714,0.5806
CM00001504,2026-05-20,V00001028,8,2,226,0,0.25,0.7958
CM00001505,2026-08-11,V00001451,9,4,256,1,0.4444,0.7033
CM00001506,2026-05-07,V00005389,12,6,610,2,0.5,0.6276
CM00001507,2026-04-06,V00008308,7,3,189,1,0.4286,0.759
CM00001508,2026-04-14,V00010859,8,2,90,0,0.25,0.3103
CM00001509,2026-04-13,V00003344,8,5,73,0,0.625,0.6952
CM00001510,2026-05-22,V00002569,9,4,295,1,0.4444,0.6585
CM00001511,2026-08-02,V00001842,5,1,14,0,0.2,0.4242
CM00001512,2026-04-19,V00011857,6,3,21,0,0.5,0.7
CM00001513,2026-04-03,V00006720,8,3,132,1,0.375,0.557
CM00001514,2026-06-24,V00001945,10,3,195,0,0.3,0.6701
CM00001515,2026-03-08,V00004070,7,2,6,1,0.2857,0.25
CM00001516,2026-02-13,V00012172,7,1,14,0,0.1429,0.1522
CM00001517,2026-07-22,V00007958,7,0,0,0,0.0,0.0
CM00001518,2026-05-13,V00012141,9,3,51,1,0.3333,0.5667
CM00001519,2026-08-09,V00006681,8,6,456,1,0.75,0.6909
CM00001520,2026-02-03,V00007727,7,4,358,2,0.5714,0.7851
CM00001521,2026-08-17,V00000632,8,5,679,1,0.625,0.776
CM00001522,2026-07-28,V00001267,10,5,409,2,0.5,0.6341
CM00001523,2026-08-15,V00014194,5,0,0,0,0.0,0.0
CM00001524,2026-07-30,V00010257,5,2,186,0,0.4,0.7815
CM00001525,2026-08-21,V00003610,9,2,12,0,0.2222,0.2308
CM00001526,2026-07-10,V00011864,6,2,27,0,0.3333,0.1116
CM00001527,2026-01-08,V00009382,8,1,20,1,0.125,0.2667
CM00001528,2026-04-21,V00003872,13,4,407,0,0.3077,0.6875
CM00001529,2026-06-27,V00005782,16,8,347,2,0.5,0.7111
CM00001530,2026-01-17,V00009962,8,2,236,1,0.25,0.8939
CM00001531,2026-08-13,V00002706,14,5,505,0,0.3571,0.6273
CM00001532,2026-08-23,V00013886,6,2,50,0,0.3333,0.4902
CM00001533,2026-01-09,V00000589,10,3,149,0,0.3,0.8011
CM00001534,2026-07-01,V00006007,12,3,52,0,0.25,0.1026
CM00001535,2026-08-02,V00004865,9,4,17,0,0.4444,0.4722
CM00001536,2026-08-07,V00004432,9,4,220,2,0.4444,0.4783
CM00001537,2026-03-15,V00000904,4,3,67,1,0.75,0.5726
CM00001538,2026-08-09,V00009416,19,6,123,1,0.3158,0.4767
CM00001539,2026-05-20,V00001343,11,3,188,2,0.2727,0.5595
CM00001540,2026-08-15,V00012635,12,5,103,0,0.4167,0.8583
CM00001541,2026-03-24,V00012977,8,3,278,0,0.375,0.8742
CM00001542,2026-05-27,V00008296,9,2,117,1,0.2222,0.3611
CM00001543,2026-06-01,V00002438,11,5,125,0,0.4545,0.641
CM00001544,2026-01-14,V00000168,11,3,75,0,0.2727,0.3788
CM00001545,2026-07-17,V00002667,10,6,530,1,0.6,0.6642
CM00001546,2026-07-19,V00008458,10,4,290,0,0.4,0.8333
CM00001547,2026-08-03,V00007146,10,1,27,0,0.1,0.4576
CM00001548,2026-08-09,V00011541,10,3,39,1,0.3,0.325
CM00001549,2026-07-11,V00005926,6,2,39,0,0.3333,0.1726
CM00001550,2026-08-27,V00012064,14,5,566,0,0.3571,0.7916
CM00001551,2026-04-04,V00008305,10,4,231,1,0.4,0.3876
CM00001552,2026-07-16,V00004210,11,2,137,0,0.1818,0.6402
CM00001553,2026-08-15,V00015000,2,1,14,0,0.5,0.56
CM00001554,2026-08-25,V00008745,12,5,410,1,0.4167,0.5857
CM00001555,2026-08-25,V00001638,9,0,0,0,0.0,0.0
CM00001556,2026-02-11,V00012730,6,2,14,1,0.3333,0.14
CM00001557,2026-03-05,V00001548,10,3,20,0,0.3,0.5556
CM00001558,2026-07-11,V00002605,6,2,102,0,0.3333,0.593
CM00001559,2026-07-12,V00001735,6,3,143,1,0.5,0.662
CM00001560,2026-05-10,V00003531,10,6,87,3,0.6,0.8056
CM00001561,2026-06-26,V00001998,11,6,323,1,0.5455,0.4307
CM00001562,2026-07-29,V00002101,9,3,233,0,0.3333,0.7327
CM00001563,2026-03-19,V00011384,13,8,240,0,0.6154,0.411
CM00001564,2026-07-20,V00010011,9,4,269,0,0.4444,0.8302
CM00001565,2026-06-29,V00013227,11,4,414,2,0.3636,0.6088
CM00001566,2026-02-23,V00011531,11,4,322,0,0.3636,0.624
CM00001567,2026-01-04,V00001815,9,3,142,0,0.3333,0.8452
CM00001568,2026-06-03,V00000114,14,5,255,1,0.3571,0.9623
CM00001569,2026-02-11,V00002176,14,3,138,0,0.2143,0.3067
CM00001570,2026-08-11,V00008543,8,4,184,0,0.5,0.7667
CM00001571,2026-05-15,V00009649,10,5,184,1,0.5,0.6571
CM00001572,2026-04-02,V00002442,7,4,86,0,0.5714,0.4574
CM00001573,2026-04-03,V00010616,10,2,69,0,0.2,0.575
CM00001574,2026-08-28,V00003227,12,5,271,2,0.4167,0.7634
CM00001575,2026-08-24,V00013703,13,3,127,0,0.2308,0.7427
CM00001576,2026-06-07,V00008019,3,3,26,0,1.0,0.5417
CM00001577,2026-03-07,V00003534,8,4,389,0,0.5,0.8457
CM00001578,2026-03-01,V00014037,10,3,47,1,0.3,0.4608
CM00001579,2026-08-27,V00000932,10,2,67,0,0.2,0.5154
CM00001580,2026-08-26,V00011196,9,3,142,0,0.3333,0.5992
CM00001581,2026-02-27,V00011851,13,2,172,0,0.1538,0.4859
CM00001582,2026-08-11,V00007551,6,3,147,1,0.5,0.7
CM00001583,2026-05-15,V00009197,11,6,106,1,0.5455,0.803
CM00001584,2026-07-23,V00006777,5,0,0,0,0.0,0.0
CM00001585,2026-01-26,V00003556,11,2,8,0,0.1818,0.4
CM00001586,2026-01-19,V00012842,4,2,138,1,0.5,0.6832
CM00001587,2026-08-22,V00009292,8,3,311,1,0.375,0.7512
CM00001588,2026-06-29,V00008158,12,6,89,1,0.5,0.3904
CM00001589,2026-06-23,V00002871,11,7,829,1,0.6364,0.7791
CM00001590,2026-04-28,V00002168,9,4,175,1,0.4444,0.9943
CM00001591,2026-06-10,V00007151,12,3,17,0,0.25,0.5152
CM00001592,2026-08-23,V00013513,12,4,102,0,0.3333,0.6538
CM00001593,2026-05-17,V00006127,12,4,293,0,0.3333,0.5678
CM00001594,2026-08-06,V00002293,7,2,11,0,0.2857,0.55
CM00001595,2026-08-07,V00011049,11,7,338,1,0.6364,0.7664
CM00001596,2026-03-18,V00011792,12,4,266,2,0.3333,0.8313
CM00001597,2026-05-31,V00007516,11,4,264,0,0.3636,0.6346
CM00001598,2026-07-06,V00011325,9,3,16,2,0.3333,0.6667
CM00001599,2026-05-16,V00004797,8,1,104,0,0.125,0.6667
CM00001600,2026-08-24,V00013636,6,3,106,1,0.5,0.8833
CM00001601,2026-01-30,V00013428,17,4,126,1,0.2353,0.225
CM00001602,2026-02-18,V00001371,9,1,69,0,0.1111,0.4825
CM00001603,2026-07-26,V00004347,8,2,80,0,0.25,0.4255
CM00001604,2026-06-03,V00012248,9,5,575,1,0.5556,0.6928
CM00001605,2026-08-01,V00014944,11,3,8,0,0.2727,0.2222
CM00001606,2026-07-31,V00005274,12,1,41,1,0.0833,0.3534
CM00001607,2026-04-21,V00004129,7,1,7,0,0.1429,0.0972
CM00001608,2026-04-07,V00005580,13,6,220,0,0.4615,0.6322
CM00001609,2026-04-22,V00014721,8,1,15,0,0.125,0.1327
CM00001610,2026-06-30,V00005484,11,4,301,0,0.3636,0.7839
CM00001611,2026-02-04,V00000336,9,0,0,0,0.0,0.0
CM00001612,2026-06-16,V00004572,7,1,76,0,0.1429,0.6179
CM00001613,2026-07-04,V00010610,10,4,380,0,0.4,0.7787
CM00001614,2026-01-16,V00002308,8,2,140,0,0.25,0.4605
CM00001615,2026-07-05,V00012335,10,4,398,1,0.4,0.9045
CM00001616,2026-03-24,V00005178,6,2,45,0,0.3333,0.75
CM00001617,2026-08-24,V00008490,13,6,196,1,0.4615,0.8167
CM00001618,2026-05-26,V00005989,9,2,7,0,0.2222,0.2188
CM00001619,2026-02-18,V00009404,9,2,32,1,0.2222,0.2857
CM00001620,2026-02-08,V00001262,12,5,581,0,0.4167,0.7085
CM00001621,2026-08-23,V00004948,8,3,272,0,0.375,0.5037
CM00001622,2026-08-24,V00012853,7,0,0,0,0.0,0.0
CM00001623,2026-06-08,V00004526,9,4,389,1,0.4444,0.6897
CM00001624,2026-06-20,V00000706,9,0,0,0,0.0,0.0
CM00001625,2026-04-21,V00006264,14,2,62,0,0.1429,0.4493
CM00001626,2026-05-05,V00010232,8,3,120,0,0.375,0.404
CM00001627,2026-05-03,V00010581,10,4,24,1,0.4,0.375
CM00001628,2026-08-26,V00012896,10,5,384,1,0.5,0.5606
CM00001629,2026-05-01,V00003527,5,1,31,0,0.2,0.4079
CM00001630,2026-05-22,V00011153,8,3,63,0,0.375,0.3
CM00001631,2026-06-08,V00011448,10,3,130,1,0.3,0.5221
CM00001632,2026-04-01,V00008170,10,2,25,2,0.2,0.7353
CM00001633,2026-08-20,V00007219,6,3,277,1,0.5,0.8629
CM00001634,2026-07-13,V00013939,6,2,63,1,0.3333,0.3281
CM00001635,2026-07-31,V00000509,12,2,55,1,0.1667,0.625
CM00001636,2026-02-26,V00005933,9,4,455,1,0.4444,0.8887
CM00001637,2026-08-28,V00001289,12,5,283,1,0.4167,0.4131
CM00001638,2026-05-27,V00000979,14,8,873,1,0.5714,0.704
CM00001639,2026-07-06,V00003267,7,4,264,1,0.5714,0.7174
CM00001640,2026-04-03,V00006818,12,6,452,1,0.5,0.6439
CM00001641,2026-01-20,V00013964,12,5,350,1,0.4167,0.8046
CM00001642,2026-07-25,V00006759,18,8,216,1,0.4444,0.7714
CM00001643,2026-01-02,V00004145,13,4,266,1,0.3077,0.4586
CM00001644,2026-01-14,V00002932,12,7,875,0,0.5833,0.7143
CM00001645,2026-07-12,V00007470,16,7,825,0,0.4375,0.6974
CM00001646,2026-08-19,V00003875,3,1,20,0,0.3333,0.5263
CM00001647,2026-02-12,V00010284,7,4,247,0,0.5714,0.5938
CM00001648,2026-03-07,V00011794,9,5,322,1,0.5556,0.7951
CM00001649,2026-04-26,V00004734,5,1,116,0,0.2,1.0
CM00001650,2026-01-16,V00005035,4,3,78,0,0.75,0.5778
CM00001651,2026-06-05,V00013674,3,1,10,0,0.3333,0.2439
CM00001652,2026-06-23,V00013918,10,2,13,0,0.2,0.4062
CM00001653,2026-07-08,V00010747,8,4,87,1,0.5,0.5577
CM00001654,2026-05-28,V00008409,7,2,95,0,0.2857,0.9896
CM00001655,2026-04-16,V00012888,6,1,83,0,0.1667,0.4826
CM00001656,2026-05-03,V00008546,7,1,36,0,0.1429,0.72
CM00001657,2026-03-23,V00009776,11,5,241,0,0.4545,0.6342
CM00001658,2026-06-03,V00009450,8,3,351,1,0.375,0.6802
CM00001659,2026-05-28,V00011398,12,7,256,1,0.5833,0.8505
CM00001660,2026-06-13,V00001718,2,1,46,0,0.5,0.92
CM00001661,2026-07-18,V00007068,10,2,106,1,0.2,0.7794
CM00001662,2026-08-07,V00011927,10,5,138,0,0.5,0.3943
CM00001663,2026-02-23,V00004605,11,4,53,1,0.3636,0.4907
CM00001664,2026-06-30,V00010475,12,5,317,0,0.4167,0.8568
CM00001665,2026-04-08,V00000080,10,2,26,1,0.2,0.325
CM00001666,2026-05-15,V00000472,10,4,483,1,0.4,0.7997
CM00001667,2026-01-17,V00014083,10,7,106,0,0.7,0.797
CM00001668,2026-02-06,V00014284,8,4,48,0,0.5,0.4138
CM00001669,2026-08-02,V00011953,9,4,288,0,0.4444,1.0
CM00001670,2026-06-07,V00002802,6,2,41,2,0.3333,0.2929
CM00001671,2026-05-09,V00013361,5,1,30,1,0.2,0.625
CM00001672,2026-05-21,V00007433,10,2,268,0,0.2,0.8535
CM00001673,2026-01-10,V00013077,11,1,31,0,0.0909,0.2627
CM00001674,2026-01-07,V00007937,7,5,88,1,0.7143,0.5677
CM00001675,2026-08-27,V00000196,7,2,76,0,0.2857,0.3423
CM00001676,2026-07-12,V00014941,7,3,239,0,0.4286,0.4918
CM00001677,2026-08-28,V00013508,12,4,217,0,0.3333,0.3048
CM00001678,2026-07-01,V00000261,10,7,124,2,0.7,0.3163
CM00001679,2026-08-12,V00000263,9,2,92,0,0.2222,0.4742
CM00001680,2026-01-18,V00011463,13,2,34,0,0.1538,0.4595
CM00001681,2026-01-20,V00006199,11,2,81,0,0.1818,0.5786
CM00001682,2026-06-10,V00011500,12,6,483,1,0.5,0.8385
CM00001683,2026-01-01,V00002874,11,3,87,0,0.2727,0.3718
CM00001684,2026-07-18,V00004805,10,1,54,0,0.1,0.4821
CM00001685,2026-03-11,V00011218,7,2,51,0,0.2857,0.3148
CM00001686,2026-08-11,V00006976,10,3,130,0,0.3,0.4333
CM00001687,2026-07-31,V00001208,11,2,68,1,0.1818,0.6296
CM00001688,2026-05-16,V00001115,13,5,553,0,0.3846,0.8443
CM00001689,2026-01-29,V00013753,8,2,47,1,0.25,0.8704
CM00001690,2026-07-19,V00002244,11,1,3,0,0.0909,0.0278
CM00001691,2026-08-19,V00001010,10,1,53,0,0.1,0.4077
CM00001692,2026-07-12,V00001599,11,5,126,1,0.4545,0.56
CM00001693,2026-07-28,V00014485,7,3,200,1,0.4286,0.8032
CM00001694,2026-04-09,V00014629,8,1,6,0,0.125,0.0741
CM00001695,2026-02-21,V00001283,12,5,214,1,0.4167,0.3508
CM00001696,2026-04-13,V00005528,11,5,696,0,0.4545,0.8646
CM00001697,2026-03-25,V00010065,11,9,359,2,0.8182,0.7387
CM00001698,2026-07-31,V00006667,7,3,124,0,0.4286,0.5232
CM00001699,2026-08-02,V00000206,7,3,172,1,0.4286,0.7078
CM00001700,2026-02-11,V00006147,13,2,173,0,0.1538,0.6455
CM00001701,2026-03-08,V00004053,9,4,186,0,0.4444,0.4009
CM00001702,2026-08-10,V00003816,8,3,81,0,0.375,0.45
CM00001703,2026-08-13,V00005345,13,6,138,0,0.4615,0.8214
CM00001704,2026-04-04,V00006004,10,3,143,1,0.3,0.5543
CM00001705,2026-05-17,V00005289,10,6,271,1,0.6,0.5646
CM00001706,2026-07-06,V00004692,14,4,307,0,0.2857,0.4386
CM00001707,2026-08-27,V00000943,7,1,89,0,0.1429,0.6899
CM00001708,2026-08-19,V00001386,5,3,321,0,0.6,0.6221
CM00001709,2026-02-06,V00006792,10,3,197,0,0.3,0.571
CM00001710,2026-01-13,V00001188,7,2,27,1,0.2857,0.54
CM00001711,2026-07-09,V00006493,8,3,45,1,0.375,0.5
CM00001712,2026-04-05,V00002133,10,3,94,0,0.3,0.3443
CM00001713,2026-02-18,V00005460,7,4,151,0,0.5714,0.8389
CM00001714,2026-02-05,V00009442,11,2,112,1,0.1818,0.5833
CM00001715,2026-01-12,V00014870,13,3,204,0,0.2308,0.5
CM00001716,2026-08-24,V00009663,11,2,152,0,0.1818,0.5938
CM00001717,2026-03-31,V00007816,6,2,74,0,0.3333,0.3458
CM00001718,2026-02-07,V00005927,7,3,189,0,0.4286,0.5478
CM00001719,2026-03-14,V00013318,13,6,264,0,0.4615,0.55
CM00001720,2026-07-07,V00013728,6,4,301,0,0.6667,0.5262
CM00001721,2026-08-24,V00007312,14,5,192,0,0.3571,0.5333
CM00001722,2026-04-20,V00003255,12,7,732,1,0.5833,0.8642
CM00001723,2026-01-05,V00008014,4,3,220,1,0.75,0.8148
CM00001724,2026-06-22,V00002757,9,5,559,2,0.5556,0.771
CM00001725,2026-08-10,V00001264,13,6,894,0,0.4615,0.8817
CM00001726,2026-05-03,V00011639,13,2,107,0,0.1538,0.3993
CM00001727,2026-04-10,V00009351,10,5,120,1,0.5,0.7742
CM00001728,2026-06-27,V00000325,10,3,84,0,0.3,0.549
CM00001729,2026-01-14,V00002530,8,3,60,1,0.375,0.4255
CM00001730,2026-06-13,V00004028,9,7,603,0,0.7778,0.586
CM00001731,2026-07-30,V00011598,6,2,186,0,0.3333,0.75
CM00001732,2026-05-18,V00003299,12,3,40,0,0.25,0.4301
CM00001733,2026-07-16,V00005048,6,2,254,0,0.3333,0.8194
CM00001734,2026-07-04,V00002250,11,4,100,1,0.3636,0.4386
CM00001735,2026-06-25,V00011428,9,2,142,0,0.2222,0.4011
CM00001736,2026-08-02,V00007471,7,2,77,0,0.2857,0.7404
CM00001737,2026-05-12,V00009574,6,2,80,0,0.3333,0.5333
CM00001738,2026-08-11,V00004412,11,2,170,0,0.1818,0.512
CM00001739,2026-08-16,V00007199,4,1,157,0,0.25,1.0
CM00001740,2026-03-14,V00009730,8,2,34,0,0.25,0.2267
CM00001741,2026-08-11,V00013529,9,3,63,0,0.3333,0.3333
CM00001742,2026-01-14,V00014062,19,9,338,0,0.4737,0.4525
CM00001743,2026-08-12,V00013963,12,1,24,0,0.0833,0.1437
CM00001744,2026-05-16,V00003854,7,2,80,1,0.2857,0.4762
CM00001745,2026-03-21,V00000609,7,1,28,0,0.1429,0.3684
CM00001746,2026-01-18,V00001333,7,3,170,0,0.4286,0.4077
CM00001747,2026-01-01,V00002335,11,4,397,0,0.3636,0.7519
CM00001748,2026-06-08,V00002120,8,1,64,0,0.125,0.5714
CM00001749,2026-06-02,V00001355,4,1,17,0,0.25,0.5667
CM00001750,2026-04-29,V00014835,8,2,229,0,0.25,0.6815
CM00001751,2026-03-20,V00006283,8,3,77,0,0.375,0.6417
CM00001752,2026-04-11,V00011969,7,1,20,0,0.1429,0.5
CM00001753,2026-08-16,V00003211,8,2,130,0,0.25,0.3892
CM00001754,2026-06-02,V00000761,10,3,12,0,0.3,0.4444
CM00001755,2026-03-25,V00009150,8,3,45,0,0.375,0.4688
CM00001756,2026-07-24,V00005578,5,0,0,0,0.0,0.0
CM00001757,2026-08-16,V00012713,10,6,378,0,0.6,0.3728
CM00001758,2026-08-17,V00001680,5,0,0,0,0.0,0.0
CM00001759,2026-08-19,V00012978,11,1,87,0,0.0909,0.6744
CM00001760,2026-07-26,V00012407,6,2,61,1,0.3333,0.305
CM00001761,2026-01-07,V00007020,12,6,1010,2,0.5,0.9619
CM00001762,2026-03-03,V00010654,12,4,260,0,0.3333,0.461
CM00001763,2026-01-18,V00012035,9,2,65,1,0.2222,0.4514
CM00001764,2026-08-02,V00012117,10,5,234,0,0.5,0.4179
CM00001765,2026-01-24,V00003404,6,3,284,0,0.5,0.5504
CM00001766,2026-03-30,V00013922,11,3,20,1,0.2727,0.2564
CM00001767,2026-03-18,V00001042,14,5,521,0,0.3571,0.6637
CM00001768,2026-06-06,V00012717,15,5,206,1,0.3333,0.2438
CM00001769,2026-07-26,V00009924,13,4,420,0,0.3077,0.5866
CM00001770,2026-06-15,V00010981,6,1,110,0,0.1667,0.7801
CM00001771,2026-05-27,V00012181,16,4,395,0,0.25,0.7425
CM00001772,2026-08-11,V00005750,12,3,92,0,0.25,0.2866
CM00001773,2026-01-16,V00004698,9,2,165,1,0.2222,0.5156
CM00001774,2026-04-23,V00001083,14,6,289,0,0.4286,0.5734
CM00001775,2026-01-25,V00004745,7,5,210,0,0.7143,0.4
CM00001776,2026-06-19,V00003446,12,3,274,1,0.25,0.5638
CM00001777,2026-05-29,V00000563,5,2,16,0,0.4,0.6667
CM00001778,2026-08-19,V00000618,7,3,217,0,0.4286,0.6824
CM00001779,2026-01-20,V00000713,14,3,164,1,0.2143,0.3254
CM00001780,2026-04-16,V00011407,8,3,158,0,0.375,0.3683
CM00001781,2026-03-21,V00007217,3,0,0,0,0.0,0.0
CM00001782,2026-01-26,V00006803,8,2,53,0,0.25,0.2624
CM00001783,2026-05-28,V00005624,5,0,0,0,0.0,0.0
CM00001784,2026-04-20,V00005207,5,1,11,0,0.2,0.8462
CM00001785,2026-08-08,V00012506,14,7,994,1,0.5,0.7933
CM00001786,2026-02-16,V00011901,16,5,149,0,0.3125,0.2865
CM00001787,2026-05-24,V00003654,8,2,124,0,0.25,0.4921
CM00001788,2026-06-11,V00011292,13,3,27,0,0.2308,0.6429
CM00001789,2026-01-28,V00014232,8,2,79,1,0.25,0.79
CM00001790,2026-06-21,V00005364,5,2,278,0,0.4,0.9789
CM00001791,2026-08-11,V00011828,6,2,167,0,0.3333,0.4855
CM00001792,2026-08-26,V00011207,14,1,1,0,0.0714,0.0222
CM00001793,2026-03-03,V00009306,7,2,72,0,0.2857,0.5455
CM00001794,2026-04-06,V00004541,13,3,107,0,0.2308,0.3603
CM00001795,2026-08-14,V00001510,8,5,492,1,0.625,0.8339
CM00001796,2026-05-10,V00003658,5,1,109,1,0.2,0.7676
CM00001797,2026-04-25,V00002381,8,2,154,1,0.25,0.435
CM00001798,2026-06-07,V00001505,11,1,16,0,0.0909,0.1176
CM00001799,2026-02-11,V00000465,6,3,296,2,0.5,0.6622
CM00001800,2026-02-27,V00005589,10,5,154,0,0.5,0.88
CM00001801,2026-01-27,V00005431,9,4,464,0,0.4444,0.8345
CM00001802,2026-04-24,V00011262,6,2,22,0,0.3333,0.6471
CM00001803,2026-05-22,V00005374,10,4,51,1,0.4,0.6375
CM00001804,2026-02-14,V00001094,17,10,514,0,0.5882,0.7672
CM00001805,2026-08-21,V00014039,8,4,330,0,0.5,0.4661
CM00001806,2026-08-05,V00014640,3,0,0,0,0.0,0.0
CM00001807,2026-07-06,V00009271,14,2,113,0,0.1429,0.689
CM00001808,2026-07-31,V00011785,12,4,122,0,0.3333,0.4122
CM00001809,2026-01-25,V00004589,10,3,368,1,0.3,0.7863
CM00001810,2026-07-15,V00007253,10,4,313,1,0.4,0.4953
CM00001811,2026-08-22,V00004857,11,3,258,0,0.2727,0.4778
CM00001812,2026-04-16,V00009746,9,4,98,1,0.4444,0.7
CM00001813,2026-08-17,V00003985,4,0,0,0,0.0,0.0
CM00001814,2026-05-27,V00008489,9,6,336,0,0.6667,0.4956
CM00001815,2026-04-23,V00002140,10,4,120,0,0.4,0.625
CM00001816,2026-01-26,V00012009,10,3,92,0,0.3,0.5786
CM00001817,2026-05-20,V00013614,9,2,127,0,0.2222,0.5991
CM00001818,2026-04-06,V00010597,11,5,293,0,0.4545,0.7418
CM00001819,2026-01-09,V00007336,6,1,46,0,0.1667,0.3309
CM00001820,2026-06-03,V00000475,16,6,356,0,0.375,0.3956
CM00001821,2026-03-09,V00010144,11,4,242,0,0.3636,0.5216
CM00001822,2026-06-02,V00003995,8,3,254,0,0.375,0.4866
CM00001823,2026-06-24,V00006344,5,2,8,2,0.4,0.3636
CM00001824,2026-08-15,V00008995,4,1,25,0,0.25,0.25
CM00001825,2026-07-18,V00010485,11,8,930,1,0.7273,0.6568
CM00001826,2026-07-17,V00010906,8,1,99,0,0.125,0.8462
CM00001827,2026-02-27,V00005498,11,5,455,0,0.4545,0.5385
CM00001828,2026-07-06,V00009101,6,4,41,1,0.6667,0.6833
CM00001829,2026-04-24,V00009241,8,7,25,0,0.875,0.2232
CM00001830,2026-02-20,V00009966,11,3,158,0,0.2727,0.5215
CM00001831,2026-06-21,V00013313,14,4,329,0,0.2857,0.8144
CM00001832,2026-01-31,V00007734,8,4,54,0,0.5,0.7105
CM00001833,2026-01-01,V00006260,11,5,433,1,0.4545,0.7732
CM00001834,2026-06-02,V00013729,12,3,113,0,0.25,0.3113
CM00001835,2026-01-28,V00002900,5,3,189,0,0.6,0.4406
CM00001836,2026-07-26,V00001135,7,3,99,1,0.4286,0.7857
CM00001837,2026-08-23,V00008709,11,5,536,2,0.4545,0.6872
CM00001838,2026-06-15,V00008847,8,2,92,1,0.25,0.5823
CM00001839,2026-01-12,V00002209,10,3,350,0,0.3,0.8274
CM00001840,2026-06-21,V00014639,7,3,378,0,0.4286,0.7636
CM00001841,2026-02-04,V00014108,10,7,497,1,0.7,0.7717
CM00001842,2026-04-18,V00003476,9,2,53,1,0.2222,0.4732
CM00001843,2026-04-21,V00004616,11,4,305,0,0.3636,0.4984
CM00001844,2026-02-23,V00005883,13,2,120,0,0.1538,0.3846
CM00001845,2026-03-25,V00010258,15,6,720,1,0.4,0.9302
CM00001846,2026-07-01,V00012383,7,3,109,0,0.4286,0.6855
CM00001847,2026-08-21,V00007127,12,5,401,0,0.4167,0.6683
CM00001848,2026-06-25,V00006868,8,2,282,1,0.25,0.986
CM00001849,2026-06-08,V00004665,14,3,124,0,0.2143,0.6667
CM00001850,2026-07-19,V00003454,7,2,9,0,0.2857,0.5
CM00001851,2026-04-26,V00003233,7,0,0,0,0.0,0.0
CM00001852,2026-08-15,V00004384,6,1,13,0,0.1667,0.52
CM00001853,2026-02-18,V00003264,19,2,24,0,0.1053,0.4444
CM00001854,2026-03-21,V00006516,9,2,112,0,0.2222,0.3733
CM00001855,2026-06-04,V00014956,7,3,65,1,0.4286,0.6989
CM00001856,2026-05-29,V00008819,14,6,26,0,0.4286,0.4333
CM00001857,2026-08-15,V00004838,18,3,207,0,0.1667,0.575
CM00001858,2026-08-22,V00013615,7,2,142,1,0.2857,0.6068
CM00001859,2026-03-22,V00008948,7,5,243,2,0.7143,0.7147
CM00001860,2026-02-27,V00011563,5,2,213,0,0.4,0.7196
CM00001861,2026-01-14,V00001109,15,5,372,1,0.3333,0.5552
CM00001862,2026-04-16,V00006733,18,6,699,0,0.3333,0.6695
CM00001863,2026-05-21,V00009039,6,1,83,0,0.1667,0.664
CM00001864,2026-08-23,V00006022,6,2,95,0,0.3333,0.3493
CM00001865,2026-01-03,V00007744,11,6,427,0,0.5455,0.6411
CM00001866,2026-05-09,V00008689,10,1,47,0,0.1,0.3264
CM00001867,2026-07-06,V00012885,12,6,392,0,0.5,0.6806
CM00001868,2026-03-28,V00000843,8,1,59,0,0.125,0.5268
CM00001869,2026-06-17,V00008993,15,6,373,1,0.4,0.4347
CM00001870,2026-08-10,V00002035,13,8,228,0,0.6154,0.7703
CM00001871,2026-08-13,V00011964,5,1,39,0,0.2,0.291
CM00001872,2026-02-08,V00006077,8,5,665,1,0.625,0.821
CM00001873,2026-01-06,V00007820,9,3,265,0,0.3333,0.6177
CM00001874,2026-06-20,V00014696,11,5,144,0,0.4545,0.3945
CM00001875,2026-06-06,V00009496,11,6,156,1,0.5455,0.65
CM00001876,2026-07-30,V00002621,9,3,131,0,0.3333,0.2873
CM00001877,2026-02-03,V00013519,10,4,314,1,0.4,0.8177
CM00001878,2026-08-24,V00005654,10,2,153,0,0.2,0.677
CM00001879,2026-07-22,V00006069,12,4,143,0,0.3333,0.55
CM00001880,2026-08-22,V00014981,10,0,0,0,0.0,0.0
CM00001881,2026-06-25,V00008647,6,2,106,0,0.3333,0.7162
CM00001882,2026-05-12,V00008623,7,1,54,0,0.1429,0.6923
CM00001883,2026-01-11,V00011855,9,2,126,0,0.2222,0.6848
CM00001884,2026-03-17,V00012660,15,6,267,0,0.4,0.6181
CM00001885,2026-07-08,V00000692,1,0,0,0,0.0,0.0
CM00001886,2026-07-13,V00002752,6,2,19,0,0.3333,0.3958
CM00001887,2026-08-09,V00006615,12,7,689,1,0.5833,0.6002
CM00001888,2026-07-27,V00007675,9,3,25,1,0.3333,0.2525
CM00001889,2026-07-18,V00010370,3,2,57,1,0.6667,0.6786
CM00001890,2026-07-23,V00012645,10,2,13,0,0.2,0.0699
CM00001891,2026-01-08,V00013183,9,5,420,2,0.5556,0.5122
CM00001892,2026-04-21,V00007716,10,3,86,0,0.3,0.6232
CM00001893,2026-06-23,V00013647,8,1,26,0,0.125,0.1566
CM00001894,2026-07-17,V00008845,13,5,228,1,0.3846,0.8291
CM00001895,2026-08-03,V00000783,11,5,385,1,0.4545,0.562
CM00001896,2026-01-16,V00007634,12,5,43,1,0.4167,0.3739
CM00001897,2026-04-27,V00002109,6,4,424,1,0.6667,0.6974
CM00001898,2026-04-24,V00014260,11,4,71,0,0.3636,0.5726
CM00001899,2026-08-12,V00011318,7,3,32,1,0.4286,0.5926
CM00001900,2026-05-08,V00003794,14,2,31,0,0.1429,0.2981
CM00001901,2026-04-16,V00010208,7,1,46,0,0.1429,0.8846
CM00001902,2026-08-24,V00000878,9,4,112,0,0.4444,0.5091
CM00001903,2026-07-09,V00013056,15,4,44,2,0.2667,0.4074
CM00001904,2026-05-30,V00000611,7,3,126,0,0.4286,0.8077
CM00001905,2026-08-09,V00010642,9,0,0,0,0.0,0.0
CM00001906,2026-04-21,V00000779,7,3,243,0,0.4286,0.7714
CM00001907,2026-03-21,V00002823,8,2,150,0,0.25,0.4902
CM00001908,2026-06-21,V00003838,8,2,263,1,0.25,0.9261
CM00001909,2026-06-15,V00003802,4,2,48,0,0.5,0.7742
CM00001910,2026-08-12,V00014749,7,1,32,1,0.1429,0.227
CM00001911,2026-08-25,V00001209,6,4,440,0,0.6667,0.6962
CM00001912,2026-06-20,V00008899,7,0,0,0,0.0,0.0
CM00001913,2026-07-31,V00003181,13,4,272,0,0.3077,0.469
CM00001914,2026-02-11,V00000753,15,6,446,0,0.4,0.6637
CM00001915,2026-04-05,V00010728,6,2,244,1,0.3333,0.9606
CM00001916,2026-06-27,V00001709,14,2,115,0,0.1429,0.5134
CM00001917,2026-06-16,V00012960,7,2,160,0,0.2857,1.0
CM00001918,2026-05-07,V00000486,14,7,265,0,0.5,0.8604
CM00001919,2026-07-19,V00010676,8,2,41,0,0.25,0.5857
CM00001920,2026-06-18,V00014673,6,1,50,0,0.1667,0.4902
CM00001921,2026-06-30,V00004588,11,5,170,0,0.4545,0.6667
CM00001922,2026-05-19,V00001458,7,3,185,1,0.4286,0.4139
CM00001923,2026-04-14,V00005236,10,6,116,2,0.6,0.6667
CM00001924,2026-04-05,V00007992,6,1,142,0,0.1667,0.9467
CM00001925,2026-02-01,V00002038,7,2,46,0,0.2857,0.4035
CM00001926,2026-05-30,V00002804,10,2,106,1,0.2,0.469
CM00001927,2026-05-25,V00003538,6,3,103,1,0.5,0.6603
CM00001928,2026-02-11,V00013687,9,1,45,0,0.1111,0.6
CM00001929,2026-02-09,V00012465,9,2,193,0,0.2222,0.5676
CM00001930,2026-04-01,V00009684,5,0,0,0,0.0,0.0
CM00001931,2026-03-10,V00014082,8,4,460,0,0.5,0.8712
CM00001932,2026-03-23,V00014739,9,5,132,0,0.5556,0.6947
CM00001933,2026-02-09,V00012214,7,3,22,0,0.4286,0.4583
CM00001934,2026-08-04,V00000665,10,0,0,0,0.0,0.0
CM00001935,2026-01-21,V00004900,18,5,248,1,0.2778,0.4863
CM00001936,2026-07-12,V00003224,1,1,38,0,1.0,0.481
CM00001937,2026-08-03,V00004006,5,2,112,0,0.4,0.6829
CM00001938,2026-02-23,V00000610,13,2,2,0,0.1538,0.0154
CM00001939,2026-02-27,V00012289,9,3,102,0,0.3333,0.3333
CM00001940,2026-05-19,V00001185,6,4,30,0,0.6667,0.4688
CM00001941,2026-08-04,V00003598,5,1,139,1,0.2,1.0
CM00001942,2026-08-27,V00011182,9,1,18,0,0.1111,0.4615
CM00001943,2026-03-12,V00004266,9,1,3,0,0.1111,0.0256
CM00001944,2026-07-13,V00008996,9,4,204,0,0.4444,0.7083
CM00001945,2026-03-31,V00012160,9,2,88,0,0.2222,0.7857
CM00001946,2026-05-17,V00000387,9,3,272,1,0.3333,0.6667
CM00001947,2026-06-12,V00000690,18,8,774,0,0.4444,0.7618
CM00001948,2026-08-04,V00006203,11,6,348,0,0.5455,0.7945
CM00001949,2026-06-19,V00004097,8,5,588,2,0.625,0.7215
CM00001950,2026-07-17,V00010147,13,2,4,1,0.1538,0.1429
CM00001951,2026-06-13,V00009408,11,2,52,0,0.1818,0.6667
CM00001952,2026-03-06,V00004689,12,0,0,0,0.0,0.0
CM00001953,2026-08-02,V00013914,13,2,68,0,0.1538,0.6071
CM00001954,2026-06-21,V00008660,8,1,41,0,0.125,0.4767
CM00001955,2026-07-10,V00008207,12,3,25,0,0.25,0.4167
CM00001956,2026-08-09,V00007384,5,2,57,0,0.4,0.5816
CM00001957,2026-08-02,V00014671,13,4,14,1,0.3077,0.35
CM00001958,2026-04-04,V00003277,7,3,202,0,0.4286,0.8112
CM00001959,2026-08-10,V00014520,7,1,8,0,0.1429,0.2667
CM00001960,2026-02-20,V00008923,11,3,110,0,0.2727,0.4527
CM00001961,2026-07-23,V00004682,10,5,175,1,0.5,0.6604
CM00001962,2026-04-20,V00003111,11,3,222,0,0.2727,0.5968
CM00001963,2026-07-09,V00007808,7,4,427,1,0.5714,0.9617
CM00001964,2026-07-22,V00008108,10,4,372,0,0.4,0.7154
CM00001965,2026-03-23,V00012564,11,5,222,0,0.4545,0.7789
CM00001966,2026-08-10,V00007473,10,5,186,0,0.5,0.3796
CM00001967,2026-05-19,V00000955,11,5,330,0,0.4545,0.4074
CM00001968,2026-02-23,V00014054,8,1,24,0,0.125,0.2667
CM00001969,2026-07-20,V00012068,3,1,131,0,0.3333,0.7318
CM00001970,2026-05-31,V00004202,8,2,59,0,0.25,0.8194
CM00001971,2026-05-26,V00011000,11,2,267,0,0.1818,0.7585
CM00001972,2026-05-15,V00009157,11,2,99,0,0.1818,0.6972
CM00001973,2026-05-06,V00003644,10,2,136,0,0.2,0.8095
CM00001974,2026-04-15,V00008732,10,2,17,0,0.2,0.85
CM00001975,2026-05-31,V00011382,7,3,196,0,0.4286,0.7025
CM00001976,2026-07-16,V00006540,12,4,669,0,0.3333,0.9781
CM00001977,2026-07-18,V00003000,9,3,214,0,0.3333,0.5847
CM00001978,2026-03-11,V00013135,9,2,34,0,0.2222,0.5152
CM00001979,2026-07-23,V00005597,8,0,0,0,0.0,0.0
CM00001980,2026-08-13,V00003647,8,4,18,1,0.5,0.45
CM00001981,2026-08-08,V00012159,7,2,17,0,0.2857,0.6071
CM00001982,2026-08-16,V00001461,13,7,286,1,0.5385,0.7296
CM00001983,2026-01-18,V00014768,6,2,119,0,0.3333,0.9015
CM00001984,2026-08-20,V00002153,6,4,79,1,0.6667,0.4938
CM00001985,2026-04-09,V00009538,10,0,0,0,0.0,0.0
CM00001986,2026-07-14,V00005773,8,1,33,1,0.125,0.3204
CM00001987,2026-07-15,V00012379,12,3,70,0,0.25,0.2745
CM00001988,2026-04-25,V00000042,10,1,31,0,0.1,0.3069
CM00001989,2026-06-21,V00006319,4,0,0,0,0.0,0.0
CM00001990,2026-05-04,V00011512,8,0,0,0,0.0,0.0
CM00001991,2026-08-26,V00001854,10,2,69,0,0.2,0.7188
CM00001992,2026-08-22,V00014389,10,3,241,0,0.3,0.5618
CM00001993,2026-02-16,V00007276,7,4,56,1,0.5714,0.5833
CM00001994,2026-02-26,V00002284,11,4,417,1,0.3636,0.891
CM00001995,2026-06-08,V00008772,9,4,258,0,0.4444,0.6202
CM00001996,2026-03-27,V00001247,5,1,19,0,0.2,0.2184
CM00001997,2026-01-13,V00001853,5,3,122,0,0.6,0.581
CM00001998,2026-06-06,V00014754,14,4,303,0,0.2857,0.7575
CM00001999,2026-08-09,V00008631,9,4,353,0,0.4444,0.7741
CM00002000,2026-07-11,V00006013,7,1,35,0,0.1429,0.4605
CM00002001,2026-06-13,V00007643,15,4,332,0,0.2667,0.522
CM00002002,2026-06-25,V00003792,5,3,246,0,0.6,0.6457
CM00002003,2026-03-18,V00005169,9,2,160,0,0.2222,0.5556
CM00002004,2026-07-06,V00010098,12,7,867,0,0.5833,0.7159
CM00002005,2026-07-28,V00008469,5,2,58,0,0.4,0.725
CM00002006,2026-08-21,V00008408,6,1,22,0,0.1667,0.8148
CM00002007,2026-06-09,V00003582,13,3,328,1,0.2308,0.6469
CM00002008,2026-07-10,V00009309,16,4,149,0,0.25,0.5034
CM00002009,2026-02-25,V00012984,11,3,85,1,0.2727,0.3881
CM00002010,2026-04-05,V00012179,16,6,90,1,0.375,0.4688
CM00002011,2026-08-15,V00014084,10,2,6,0,0.2,0.0857
CM00002012,2026-01-22,V00003207,9,1,27,0,0.1111,0.4737
CM00002013,2026-08-16,V00010310,5,2,129,0,0.4,0.6324
CM00002014,2026-04-11,V00003752,4,1,48,0,0.25,0.2927
CM00002015,2026-07-25,V00000773,11,3,108,1,0.2727,0.5373
CM00002016,2026-02-26,V00004216,8,2,163,0,0.25,0.4711
CM00002017,2026-03-08,V00014816,8,3,18,0,0.375,0.3529
CM00002018,2026-03-25,V00012734,11,5,96,1,0.4545,0.4085
CM00002019,2026-07-21,V00000988,11,5,91,0,0.4545,0.5056
CM00002020,2026-08-23,V00006991,10,6,889,0,0.6,0.8515
CM00002021,2026-06-08,V00007625,9,4,128,0,0.4444,0.4267
CM00002022,2026-01-16,V00009180,14,4,190,0,0.2857,0.5864
CM00002023,2026-03-07,V00009267,15,3,177,1,0.2,0.4836
CM00002024,2026-08-01,V00007032,11,3,20,1,0.2727,0.4167
CM00002025,2026-04-30,V00005344,6,3,260,2,0.5,0.6989
CM00002026,2026-08-14,V00001293,11,3,7,1,0.2727,0.2593
CM00002027,2026-07-03,V00002449,7,1,58,0,0.1429,0.4296
CM00002028,2026-02-04,V00005375,4,3,274,0,0.75,0.9614
CM00002029,2026-01-14,V00010674,10,3,175,0,0.3,0.5401
CM00002030,2026-06-14,V00000537,7,1,92,0,0.1429,0.736
CM00002031,2026-07-29,V00004667,5,4,175,0,0.8,0.8413
CM00002032,2026-08-10,V00001165,8,3,174,1,0.375,0.5273
CM00002033,2026-03-15,V00010624,9,5,19,1,0.5556,0.4222
CM00002034,2026-02-23,V00004807,12,4,356,1,0.3333,0.5057
CM00002035,2026-07-03,V00000162,6,1,56,0,0.1667,1.0
CM00002036,2026-04-29,V00013499,6,3,96,0,0.5,0.8889
CM00002037,2026-06-15,V00008950,11,4,70,1,0.3636,0.2692
CM00002038,2026-01-15,V00010682,11,3,23,0,0.2727,0.7667
CM00002039,2026-07-17,V00012297,6,2,239,0,0.3333,0.7914
CM00002040,2026-04-06,V00010628,4,1,38,1,0.25,0.6909
CM00002041,2026-01-21,V00009828,11,5,453,0,0.4545,0.7078
CM00002042,2026-04-16,V00006823,7,6,420,0,0.8571,0.9091
CM00002043,2026-04-23,V00000681,9,3,226,1,0.3333,0.6551
CM00002044,2026-04-14,V00001121,7,1,44,0,0.1429,0.3308
CM00002045,2026-06-22,V00006400,6,2,40,0,0.3333,0.5128
CM00002046,2026-08-26,V00002909,10,2,16,0,0.2,0.5714
CM00002047,2026-07-30,V00009638,8,4,485,1,0.5,0.7578
CM00002048,2026-06-08,V00001902,9,2,91,0,0.2222,0.2993
CM00002049,2026-07-14,V00012851,6,3,46,0,0.5,0.5476
CM00002050,2026-07-02,V00006357,7,4,480,0,0.5714,0.7362
CM00002051,2026-06-10,V00013181,3,0,0,0,0.0,0.0
CM00002052,2026-08-02,V00000501,7,2,186,1,0.2857,0.6838
CM00002053,2026-07-06,V00006588,6,3,118,0,0.5,0.3819
CM00002054,2026-01-09,V00001699,10,4,217,1,0.4,0.9518
CM00002055,2026-04-11,V00007177,11,5,159,0,0.4545,0.5679
CM00002056,2026-02-22,V00010586,10,3,87,0,0.3,0.358
CM00002057,2026-07-25,V00009632,10,3,92,0,0.3,0.7132
CM00002058,2026-06-27,V00006719,10,5,402,1,0.5,0.6
CM00002059,2026-08-14,V00009446,10,3,96,0,0.3,0.5
CM00002060,2026-08-01,V00007786,5,2,317,1,0.4,0.8904
CM00002061,2026-05-06,V00000894,10,6,513,0,0.6,0.9396
CM00002062,2026-03-22,V00001819,3,2,32,0,0.6667,0.2963
CM00002063,2026-07-23,V00011300,14,0,0,0,0.0,0.0
CM00002064,2026-03-04,V00008530,10,7,62,1,0.7,0.4662
CM00002065,2026-03-21,V00006940,10,4,141,0,0.4,0.7194
CM00002066,2026-03-11,V00002996,8,4,381,1,0.5,0.7937
CM00002067,2026-04-20,V00006716,11,4,266,1,0.3636,0.7228
CM00002068,2026-01-02,V00013485,10,4,120,0,0.4,0.7143
CM00002069,2026-07-12,V00003062,13,5,89,0,0.3846,0.3956
CM00002070,2026-08-03,V00012591,4,1,19,0,0.25,0.38
CM00002071,2026-06-27,V00003659,7,3,227,0,0.4286,0.9458
CM00002072,2026-08-03,V00011514,5,1,44,0,0.2,0.4272
CM00002073,2026-08-28,V00003357,10,2,130,1,0.2,0.5285
CM00002074,2026-08-20,V00014575,8,3,268,0,0.375,0.7976
CM00002075,2026-04-27,V00010037,8,6,158,1,0.75,0.4702
CM00002076,2026-03-24,V00008487,8,3,231,0,0.375,0.6364
CM00002077,2026-04-25,V00006593,6,0,0,0,0.0,0.0
CM00002078,2026-07-21,V00006897,7,3,160,0,0.4286,0.3893
CM00002079,2026-04-25,V00008596,7,3,312,0,0.4286,0.5876
CM00002080,2026-05-19,V00000790,20,10,586,1,0.5,0.7919
CM00002081,2026-07-14,V00005118,9,2,20,0,0.2222,0.5556
CM00002082,2026-06-05,V00005601,11,6,676,1,0.5455,0.7176
CM00002083,2026-04-14,V00006241,12,6,291,0,0.5,0.6218
CM00002084,2026-07-18,V00011866,9,3,144,0,0.3333,0.3038
CM00002085,2026-08-20,V00000175,6,2,59,1,0.3333,0.6277
CM00002086,2026-05-16,V00000755,10,4,226,0,0.4,0.4913
CM00002087,2026-03-08,V00009761,7,5,676,1,0.7143,0.8398
CM00002088,2026-08-02,V00012951,4,2,112,0,0.5,0.4242
CM00002089,2026-07-23,V00012891,9,3,173,0,0.3333,0.5058
CM00002090,2026-05-09,V00001152,8,4,283,0,0.5,0.5799
CM00002091,2026-07-22,V00009462,7,0,0,0,0.0,0.0
CM00002092,2026-06-26,V00014523,11,5,161,0,0.4545,0.5279
CM00002093,2026-03-05,V00009904,9,3,57,0,0.3333,0.4318
CM00002094,2026-03-11,V00002864,4,2,45,0,0.5,0.3814
CM00002095,2026-03-14,V00000154,6,4,218,1,0.6667,0.6728
CM00002096,2026-04-03,V00014398,12,5,100,0,0.4167,0.4348
CM00002097,2026-03-13,V00009117,13,4,273,0,0.3077,0.4087
CM00002098,2026-04-14,V00010596,7,4,215,0,0.5714,0.6555
CM00002099,2026-04-03,V00012954,5,3,126,0,0.6,0.3088
CM00002100,2026-02-26,V00001169,9,1,97,0,0.1111,0.8739
CM00002101,2026-07-11,V00003286,10,7,989,0,0.7,0.8776
CM00002102,2026-08-11,V00012264,8,1,50,0,0.125,0.6329
CM00002103,2026-08-17,V00002556,11,1,61,0,0.0909,0.4388
CM00002104,2026-01-20,V00003023,11,2,141,0,0.1818,0.5036
CM00002105,2026-04-11,V00006314,13,6,268,0,0.4615,0.3953
CM00002106,2026-01-14,V00004290,14,5,77,1,0.3571,0.2406
CM00002107,2026-05-15,V00009954,10,5,470,0,0.5,0.6026
CM00002108,2026-05-29,V00014419,13,1,93,0,0.0769,0.7099
CM00002109,2026-07-31,V00002964,6,0,0,0,0.0,0.0
CM00002110,2026-06-29,V00001689,8,3,140,0,0.375,0.462
CM00002111,2026-06-12,V00009702,8,3,57,1,0.375,0.322
CM00002112,2026-02-07,V00010012,12,8,332,1,0.6667,0.7411
CM00002113,2026-01-24,V00003408,8,2,136,1,0.25,0.4789
CM00002114,2026-03-26,V00003704,7,6,305,0,0.8571,0.4345
CM00002115,2026-06-24,V00003492,9,2,121,0,0.2222,0.3712
CM00002116,2026-01-28,V00007245,11,3,132,1,0.2727,0.7213
CM00002117,2026-05-30,V00005015,8,2,22,0,0.25,0.1692
CM00002118,2026-07-09,V00005282,6,3,267,0,0.5,0.7177
CM00002119,2026-06-04,V00013493,9,1,21,0,0.1111,0.3443
CM00002120,2026-07-13,V00007351,9,1,14,0,0.1111,0.3889
CM00002121,2026-04-03,V00009979,15,5,228,0,0.3333,0.4183
CM00002122,2026-07-26,V00012569,12,8,734,2,0.6667,0.5997
CM00002123,2026-05-06,V00010904,5,4,101,3,0.8,0.443
CM00002124,2026-08-05,V00011271,15,6,427,3,0.4,0.9124
CM00002125,2026-07-27,V00007039,6,1,49,1,0.1667,0.4375
CM00002126,2026-04-30,V00006212,10,4,362,1,0.4,0.7418
CM00002127,2026-06-01,V00009023,12,7,311,0,0.5833,0.5624
CM00002128,2026-06-08,V00010592,11,6,90,1,0.5455,0.5769
CM00002129,2026-07-08,V00008781,4,2,184,0,0.5,0.6866
CM00002130,2026-04-29,V00004859,5,1,4,0,0.2,0.0263
CM00002131,2026-06-14,V00013630,11,4,152,0,0.3636,0.4043
CM00002132,2026-08-08,V00001949,9,3,39,2,0.3333,0.5909
CM00002133,2026-06-28,V00005073,14,5,590,0,0.3571,0.9365
CM00002134,2026-05-07,V00005884,9,4,49,0,0.4444,0.49
CM00002135,2026-08-14,V00002178,10,3,54,1,0.3,0.4286
CM00002136,2026-03-25,V00004270,7,3,80,0,0.4286,0.5674
CM00002137,2026-07-21,V00008765,10,3,99,0,0.3,1.0
CM00002138,2026-04-19,V00000217,13,2,18,0,0.1538,0.1233
CM00002139,2026-08-06,V00012405,11,4,170,0,0.3636,0.7727
CM00002140,2026-02-03,V00000679,13,5,292,0,0.3846,0.3973
CM00002141,2026-05-27,V00012442,11,1,70,0,0.0909,0.8861
CM00002142,2026-07-29,V00007361,11,5,572,1,0.4545,0.7106
CM00002143,2026-08-09,V00009635,10,1,48,0,0.1,0.32
CM00002144,2026-07-03,V00013783,9,4,26,1,0.4444,0.5
CM00002145,2026-02-14,V00011004,9,5,227,0,0.5556,0.6776
CM00002146,2026-05-30,V00004353,11,1,25,0,0.0909,0.2604
CM00002147,2026-05-26,V00013606,11,4,412,3,0.3636,0.7203
CM00002148,2026-03-02,V00008971,8,3,154,0,0.375,0.6581
CM00002149,2026-08-01,V00000286,11,6,57,0,0.5455,0.8636
CM00002150,2026-05-18,V00004485,9,3,56,1,0.3333,0.4912
CM00002151,2026-04-24,V00008373,3,2,81,0,0.6667,0.7364
CM00002152,2026-06-02,V00002516,9,4,74,0,0.4444,0.1729
CM00002153,2026-03-03,V00000675,13,2,50,0,0.1538,0.3472
CM00002154,2026-08-16,V00005721,9,1,9,0,0.1111,0.6923
CM00002155,2026-03-06,V00014618,15,7,1035,1,0.4667,0.9418
CM00002156,2026-06-10,V00004364,14,5,40,1,0.3571,0.6667
CM00002157,2026-04-06,V00014918,11,2,116,0,0.1818,0.3694
CM00002158,2026-08-27,V00000823,10,5,254,0,0.5,0.8063
CM00002159,2026-08-27,V00014381,8,1,10,0,0.125,0.1205
CM00002160,2026-08-14,V00005313,9,5,406,1,0.5556,0.5971
CM00002161,2026-04-29,V00001066,7,3,59,0,0.4286,0.2428
CM00002162,2026-07-06,V00011704,4,1,27,0,0.25,0.3375
CM00002163,2026-02-25,V00010518,11,1,75,0,0.0909,0.4967
CM00002164,2026-05-28,V00004879,11,1,46,0,0.0909,0.5
CM00002165,2026-05-07,V00000041,10,3,120,0,0.3,0.6452
CM00002166,2026-02-21,V00006639,10,4,196,0,0.4,0.4016
CM00002167,2026-01-08,V00003317,7,4,22,0,0.5714,0.6111
CM00002168,2026-08-11,V00014951,9,4,45,0,0.4444,0.4327
CM00002169,2026-07-29,V00011335,11,3,250,0,0.2727,0.7788
CM00002170,2026-04-15,V00001928,7,3,89,0,0.4286,0.5817
CM00002171,2026-08-21,V00007758,8,2,121,0,0.25,0.8403
CM00002172,2026-08-09,V00013940,13,4,88,1,0.3077,0.5238
CM00002173,2026-01-16,V00005709,10,3,166,0,0.3,0.5425
CM00002174,2026-04-23,V00002453,10,4,236,0,0.4,1.0
CM00002175,2026-05-03,V00001202,7,1,60,0,0.1429,0.6742
CM00002176,2026-05-22,V00007134,12,8,203,0,0.6667,0.5286
CM00002177,2026-04-14,V00000027,8,0,0,0,0.0,0.0
CM00002178,2026-07-13,V00011495,7,1,82,0,0.1429,0.6949
CM00002179,2026-04-21,V00000254,9,2,15,0,0.2222,0.4167
CM00002180,2026-08-21,V00014269,12,6,436,0,0.5,0.7569
CM00002181,2026-06-14,V00013300,8,4,152,0,0.5,0.7451
CM00002182,2026-05-06,V00009656,10,4,88,0,0.4,0.4583
CM00002183,2026-07-16,V00012946,7,4,502,0,0.5714,0.9029
CM00002184,2026-05-25,V00003028,15,8,981,1,0.5333,0.7213
CM00002185,2026-03-05,V00012553,8,2,147,0,0.25,0.4742
CM00002186,2026-07-17,V00005491,14,6,459,0,0.4286,0.8895
CM00002187,2026-08-16,V00006432,15,6,79,0,0.4,0.5486
CM00002188,2026-06-03,V00010063,11,3,52,0,0.2727,0.4952
CM00002189,2026-08-21,V00002130,8,2,59,0,0.25,0.2588
CM00002190,2026-05-24,V00003473,9,2,267,1,0.2222,0.75
CM00002191,2026-08-12,V00007511,12,3,227,1,0.25,0.5113
CM00002192,2026-05-09,V00010341,7,4,225,0,0.5714,0.625
CM00002193,2026-07-10,V00000070,10,5,78,0,0.5,0.4
CM00002194,2026-03-25,V00010572,9,2,15,1,0.2222,0.2273
CM00002195,2026-04-01,V00012077,11,4,71,0,0.3636,0.3622
CM00002196,2026-08-20,V00010664,7,0,0,0,0.0,0.0
CM00002197,2026-06-13,V00010418,11,4,138,0,0.3636,0.4929
CM00002198,2026-05-25,V00012737,8,4,632,0,0.5,0.924
CM00002199,2026-06-17,V00010503,10,5,329,1,0.5,0.7075
CM00002200,2026-08-01,V00007993,5,1,67,0,0.2,0.5447
CM00002201,2026-05-04,V00011717,8,5,285,0,0.625,0.5278
CM00002202,2026-03-15,V00010819,6,1,27,0,0.1667,0.75
CM00002203,2026-01-22,V00000428,7,1,56,0,0.1429,0.5185
CM00002204,2026-04-16,V00010339,12,4,52,0,0.3333,0.4333
CM00002205,2026-07-31,V00004479,9,3,241,0,0.3333,0.7876
CM00002206,2026-08-15,V00003783,11,1,5,0,0.0909,0.0281
CM00002207,2026-02-28,V00014496,10,2,161,0,0.2,0.5331
CM00002208,2026-06-27,V00003982,13,5,234,0,0.3846,0.3059
CM00002209,2026-02-23,V00010963,8,1,14,0,0.125,0.1944
CM00002210,2026-06-17,V00005581,6,2,233,0,0.3333,0.9102
CM00002211,2026-07-14,V00006204,6,1,58,0,0.1667,0.9062
CM00002212,2026-05-13,V00013731,10,1,71,0,0.1,0.9726
CM00002213,2026-06-10,V00002523,7,2,138,0,0.2857,0.6053
CM00002214,2026-07-15,V00005506,6,1,44,0,0.1667,0.275
CM00002215,2026-06-24,V00006580,5,1,70,0,0.2,0.9211
CM00002216,2026-05-24,V00005252,6,4,373,0,0.6667,0.5721
CM00002217,2026-01-13,V00011709,5,3,373,1,0.6,0.6907
CM00002218,2026-02-13,V00011449,13,4,194,0,0.3077,0.7823
CM00002219,2026-05-06,V00007999,5,1,112,1,0.2,0.7273
CM00002220,2026-05-12,V00005690,11,2,163,0,0.1818,0.5258
CM00002221,2026-06-21,V00007972,4,2,138,0,0.5,0.6216
CM00002222,2026-01-20,V00012434,9,2,62,0,0.2222,0.3298
CM00002223,2026-07-18,V00013913,8,3,108,0,0.375,0.48
CM00002224,2026-06-05,V00003298,9,3,23,0,0.3333,0.2556
CM00002225,2026-04-06,V00000150,10,5,308,0,0.5,0.7163
CM00002226,2026-02-11,V00001688,6,4,460,0,0.6667,0.8712
CM00002227,2026-04-20,V00008838,9,1,84,0,0.1111,0.5526
CM00002228,2026-08-25,V00006174,8,3,61,0,0.375,0.1955
CM00002229,2026-03-23,V00010320,13,9,1298,1,0.6923,0.8636
CM00002230,2026-01-03,V00013250,7,0,0,0,0.0,0.0
CM00002231,2026-03-11,V00013991,9,2,204,0,0.2222,0.7786
CM00002232,2026-07-06,V00010001,4,0,0,0,0.0,0.0
CM00002233,2026-05-28,V00005936,8,2,186,0,0.25,0.5569
CM00002234,2026-03-08,V00000536,6,3,229,0,0.5,0.4544
CM00002235,2026-07-23,V00001661,11,1,67,0,0.0909,0.5447
CM00002236,2026-03-15,V00013062,11,4,353,0,0.3636,0.7117
CM00002237,2026-02-22,V00013125,7,3,375,0,0.4286,0.7622
CM00002238,2026-08-10,V00009082,10,4,46,0,0.4,0.3026
CM00002239,2026-07-16,V00003453,10,3,96,0,0.3,0.2883
CM00002240,2026-08-04,V00013699,6,3,227,0,0.5,0.6306
CM00002241,2026-03-24,V00010117,6,2,87,1,0.3333,0.3783
CM00002242,2026-06-19,V00001055,12,4,267,0,0.3333,0.6418
CM00002243,2026-06-28,V00007356,11,2,42,0,0.1818,0.2234
CM00002244,2026-06-09,V00007060,10,4,79,0,0.4,0.6172
CM00002245,2026-08-21,V00000811,11,3,59,1,0.2727,0.3576
CM00002246,2026-05-15,V00005752,10,4,296,0,0.4,0.5362
CM00002247,2026-06-03,V00002233,6,0,0,0,0.0,0.0
CM00002248,2026-08-01,V00011661,9,2,74,1,0.2222,0.5362
CM00002249,2026-03-04,V00001651,11,7,140,4,0.6364,0.9091
CM00002250,2026-01-24,V00006693,9,6,438,2,0.6667,0.9241
CM00002251,2026-06-01,V00003248,6,1,15,0,0.1667,0.2381
CM00002252,2026-06-27,V00013018,7,2,57,1,0.2857,0.5278
CM00002253,2026-02-26,V00006713,11,4,600,1,0.3636,0.9259
CM00002254,2026-08-28,V00008297,7,5,550,2,0.7143,0.8029
CM00002255,2026-05-31,V00001632,13,5,137,1,0.3846,0.685
CM00002256,2026-08-19,V00003076,8,2,189,0,0.25,0.7052
CM00002257,2026-07-02,V00012841,11,6,54,0,0.5455,0.6923
CM00002258,2026-04-23,V00000148,7,4,182,1,0.5714,0.5353
CM00002259,2026-05-02,V00011725,7,1,42,0,0.1429,0.3256
CM00002260,2026-04-26,V00011955,6,1,4,0,0.1667,0.1538
CM00002261,2026-06-23,V00010373,11,2,88,1,0.1818,0.8148
CM00002262,2026-04-27,V00013670,7,2,102,0,0.2857,0.4679
CM00002263,2026-04-29,V00011213,11,5,553,1,0.4545,0.8709
CM00002264,2026-07-05,V00014630,6,3,45,0,0.5,0.625
CM00002265,2026-05-28,V00000049,14,4,358,0,0.2857,0.792
CM00002266,2026-08-27,V00014330,5,3,287,0,0.6,0.5405
CM00002267,2026-06-20,V00010513,12,2,139,1,0.1667,0.4513
CM00002268,2026-07-24,V00000157,4,2,164,1,0.5,0.8283
CM00002269,2026-02-17,V00007502,14,4,73,1,0.2857,0.4803
CM00002270,2026-07-18,V00012100,8,4,252,0,0.5,0.578
CM00002271,2026-06-15,V00013235,8,6,177,0,0.75,0.4917
CM00002272,2026-08-08,V00007949,11,4,183,1,0.3636,0.6536
CM00002273,2026-01-26,V00001748,12,2,33,1,0.1667,0.7174
CM00002274,2026-05-28,V00003708,7,3,187,1,0.4286,0.3824
CM00002275,2026-07-13,V00006292,19,12,1364,4,0.6316,0.7149
CM00002276,2026-06-14,V00009211,14,5,262,0,0.3571,0.4721
CM00002277,2026-08-28,V00005275,6,2,14,1,0.3333,0.4375
CM00002278,2026-01-08,V00005074,6,1,63,1,0.1667,0.5575
CM00002279,2026-04-14,V00009186,10,4,113,2,0.4,0.4484
CM00002280,2026-05-14,V00003687,6,5,361,1,0.8333,0.4079
CM00002281,2026-08-27,V00010194,7,1,2,1,0.1429,0.1
CM00002282,2026-03-13,V00001605,6,1,60,0,0.1667,0.4959
CM00002283,2026-05-03,V00009884,9,5,164,0,0.5556,0.4152
CM00002284,2026-06-12,V00005299,9,3,135,1,0.3333,0.5556
CM00002285,2026-02-02,V00005459,12,4,111,0,0.3333,0.1862
CM00002286,2026-03-10,V00001545,9,2,87,0,0.2222,0.2753
CM00002287,2026-08-27,V00014050,10,2,182,0,0.2,0.8349
CM00002288,2026-08-10,V00011284,5,2,99,0,0.4,0.8534
CM00002289,2026-08-16,V00009580,8,4,561,0,0.5,0.8877
CM00002290,2026-07-15,V00014823,8,3,161,1,0.375,0.7061
CM00002291,2026-01-09,V00014955,10,1,17,1,0.1,0.4722
CM00002292,2026-03-29,V00014921,15,3,296,0,0.2,0.6366
CM00002293,2026-03-16,V00000821,12,2,37,0,0.1667,0.3936
CM00002294,2026-06-25,V00002700,8,5,210,0,0.625,0.84
CM00002295,2026-01-04,V00002417,8,5,111,0,0.625,0.74
CM00002296,2026-02-04,V00014815,14,5,280,2,0.3571,0.5
CM00002297,2026-08-26,V00003645,10,4,308,0,0.4,0.5461
CM00002298,2026-02-14,V00014133,7,4,151,2,0.5714,0.7865
CM00002299,2026-02-20,V00012827,12,5,325,1,0.4167,0.4362
CM00002300,2026-04-30,V00012789,11,1,7,0,0.0909,0.0854
CM00002301,2026-07-26,V00000628,8,2,106,0,0.25,0.3605
CM00002302,2026-04-19,V00003281,11,2,133,0,0.1818,0.4555
CM00002303,2026-03-31,V00001492,4,1,7,0,0.25,0.5
CM00002304,2026-06-06,V00001739,13,3,134,0,0.2308,0.3358
CM00002305,2026-05-18,V00013566,3,2,236,0,0.6667,0.7516
CM00002306,2026-05-22,V00001705,11,6,240,0,0.5455,0.9091
CM00002307,2026-07-15,V00013921,13,5,182,0,0.3846,0.5056
CM00002308,2026-07-26,V00008272,8,3,70,1,0.375,0.3333
CM00002309,2026-07-10,V00007392,14,5,39,1,0.3571,0.65
CM00002310,2026-01-05,V00011464,4,0,0,0,0.0,0.0
CM00002311,2026-08-02,V00010305,13,3,112,0,0.2308,0.2133
CM00002312,2026-08-17,V00013900,7,0,0,0,0.0,0.0
CM00002313,2026-01-10,V00014986,10,3,145,1,0.3,0.5431
CM00002314,2026-06-07,V00012075,8,0,0,0,0.0,0.0
CM00002315,2026-05-22,V00010107,17,7,516,1,0.4118,0.8012
CM00002316,2026-06-23,V00014587,10,1,16,0,0.1,0.8421
CM00002317,2026-01-11,V00002739,11,2,101,1,0.1818,0.3607
CM00002318,2026-06-01,V00002643,12,4,304,0,0.3333,0.5846
CM00002319,2026-08-16,V00014051,7,4,241,1,0.5714,0.7173
CM00002320,2026-01-29,V00011369,10,4,207,1,0.4,0.395
CM00002321,2026-01-17,V00004314,7,0,0,0,0.0,0.0
CM00002322,2026-08-28,V00014722,10,2,224,0,0.2,0.7568
CM00002323,2026-04-13,V00010407,11,5,319,1,0.4545,0.9815
CM00002324,2026-07-20,V00007852,10,1,32,0,0.1,0.1975
CM00002325,2026-06-07,V00008422,9,1,46,1,0.1111,0.4842
CM00002326,2026-08-20,V00009963,11,2,234,1,0.1818,0.7178
CM00002327,2026-04-01,V00009505,8,3,145,1,0.375,0.4517
CM00002328,2026-08-19,V00007618,5,0,0,0,0.0,0.0
CM00002329,2026-01-30,V00004514,13,7,586,0,0.5385,0.7408
CM00002330,2026-08-11,V00007372,9,3,282,0,0.3333,0.8319
CM00002331,2026-05-02,V00006782,9,3,56,1,0.3333,0.3733
CM00002332,2026-06-16,V00011035,11,2,152,0,0.1818,0.6609
CM00002333,2026-08-05,V00002167,8,3,170,0,0.375,0.5903
CM00002334,2026-03-31,V00006959,5,2,34,1,0.4,0.9444
CM00002335,2026-04-18,V00013817,5,1,81,1,0.2,0.6328
CM00002336,2026-08-28,V00004993,9,2,97,0,0.2222,0.5915
CM00002337,2026-08-18,V00011164,6,1,75,0,0.1667,0.4261
CM00002338,2026-02-07,V00005317,9,4,172,1,0.4444,0.3359
CM00002339,2026-07-24,V00002396,11,5,359,0,0.4545,0.8067
CM00002340,2026-04-25,V00009263,5,2,34,1,0.4,0.5862
CM00002341,2026-07-04,V00000185,6,0,0,0,0.0,0.0
CM00002342,2026-04-29,V00001971,8,4,61,0,0.5,0.3112
CM00002343,2026-08-23,V00002344,4,1,34,0,0.25,0.425
CM00002344,2026-03-12,V00013273,11,6,668,0,0.5455,0.6667
CM00002345,2026-08-12,V00012426,10,6,297,0,0.6,0.6429
CM00002346,2026-05-06,V00011861,7,1,96,0,0.1429,0.7442
CM00002347,2026-08-23,V00008188,6,4,351,0,0.6667,0.6268
CM00002348,2026-07-28,V00006789,8,1,67,0,0.125,0.563
CM00002349,2026-05-27,V00004360,7,1,106,0,0.1429,0.5889
CM00002350,2026-06-28,V00010522,6,1,12,0,0.1667,0.5714
CM00002351,2026-03-07,V00008412,10,4,182,1,0.4,0.65
CM00002352,2026-08-25,V00010778,15,6,702,1,0.4,0.6882
CM00002353,2026-08-11,V00010286,12,5,285,0,0.4167,0.4914
CM00002354,2026-07-26,V00001021,4,3,316,1,0.75,0.8165
CM00002355,2026-08-18,V00003855,5,1,54,0,0.2,0.3354
CM00002356,2026-07-18,V00002692,14,6,552,0,0.4286,0.7023
CM00002357,2026-08-26,V00011613,11,4,274,0,0.3636,0.7611
CM00002358,2026-07-14,V00010082,9,3,121,1,0.3333,0.4481
CM00002359,2026-01-20,V00014080,14,5,147,0,0.3571,0.525
CM00002360,2026-02-22,V00002639,8,5,161,0,0.625,0.7
CM00002361,2026-01-31,V00004635,13,7,719,1,0.5385,0.909
CM00002362,2026-07-25,V00013496,9,0,0,0,0.0,0.0
CM00002363,2026-07-09,V00003787,11,2,137,0,0.1818,0.7874
CM00002364,2026-03-07,V00006245,11,4,472,0,0.3636,0.8806
CM00002365,2026-06-08,V00014501,3,2,122,0,0.6667,0.4013
CM00002366,2026-07-24,V00007489,8,4,256,0,0.5,0.6737
CM00002367,2026-05-21,V00004540,9,4,177,2,0.4444,0.851
CM00002368,2026-07-25,V00002596,13,5,55,0,0.3846,0.1222
CM00002369,2026-05-22,V00000750,9,3,206,0,0.3333,0.8374
CM00002370,2026-06-18,V00010958,9,3,115,0,0.3333,0.4915
CM00002371,2026-01-24,V00013870,9,4,32,0,0.4444,0.6667
CM00002372,2026-06-02,V00005134,12,4,116,0,0.3333,0.725
CM00002373,2026-08-12,V00000707,13,3,263,0,0.2308,0.6353
CM00002374,2026-07-25,V00010017,13,9,1272,0,0.6923,0.8514
CM00002375,2026-04-27,V00001851,8,4,445,1,0.5,0.762
CM00002376,2026-01-08,V00000622,9,3,118,0,0.3333,0.4229
CM00002377,2026-03-14,V00004058,11,5,86,0,0.4545,0.3739
CM00002378,2026-06-14,V00006679,7,0,0,0,0.0,0.0
CM00002379,2026-07-19,V00000677,10,3,39,0,0.3,0.619
CM00002380,2026-04-27,V00013051,13,4,169,1,0.3077,0.6815
CM00002381,2026-03-30,V00002517,4,0,0,0,0.0,0.0
CM00002382,2026-05-11,V00002747,9,4,191,1,0.4444,0.3617
CM00002383,2026-07-04,V00005384,7,0,0,0,0.0,0.0
CM00002384,2026-07-11,V00006541,12,5,551,0,0.4167,0.6122
CM00002385,2026-05-25,V00010891,6,3,249,0,0.5,0.6014
CM00002386,2026-06-16,V00009920,8,4,508,0,0.5,0.7937
CM00002387,2026-07-28,V00009074,7,1,53,0,0.1429,0.803
CM00002388,2026-03-19,V00002282,12,2,148,0,0.1667,0.5103
CM00002389,2026-04-18,V00009318,9,5,102,2,0.5556,0.7846
CM00002390,2026-07-15,V00003172,9,2,24,0,0.2222,0.6316
CM00002391,2026-03-04,V00004003,7,5,446,1,0.7143,0.5278
CM00002392,2026-02-27,V00010564,14,7,225,1,0.5,0.6181
CM00002393,2026-02-02,V00002755,9,4,215,0,0.4444,0.5218
CM00002394,2026-08-27,V00001899,7,2,24,0,0.2857,0.6667
CM00002395,2026-06-26,V00012732,9,4,37,0,0.4444,0.3426
CM00002396,2026-05-21,V00001224,11,8,1021,2,0.7273,0.713
CM00002397,2026-03-09,V00008056,7,2,38,0,0.2857,0.4043
CM00002398,2026-03-30,V00014752,9,1,51,0,0.1111,0.5484
CM00002399,2026-07-25,V00011808,13,2,92,0,0.1538,0.2674
CM00002400,2026-05-16,V00011298,4,2,109,0,0.5,0.9083
CM00002401,2026-01-21,V00001811,7,1,1,0,0.1429,0.0238
CM00002402,2026-04-02,V00013610,11,2,143,0,0.1818,0.4767
CM00002403,2026-01-03,V00007359,8,3,110,1,0.375,0.7801
CM00002404,2026-07-20,V00009993,8,3,116,0,0.375,0.3986
CM00002405,2026-08-14,V00007227,8,2,46,0,0.25,0.371
CM00002406,2026-05-09,V00014075,5,1,34,0,0.2,0.2482
CM00002407,2026-04-28,V00011543,7,3,96,0,0.4286,0.8205
CM00002408,2026-08-26,V00001506,6,1,81,0,0.1667,0.4793
CM00002409,2026-04-12,V00011358,17,6,459,1,0.3529,0.5134
CM00002410,2026-06-29,V00003375,10,3,42,0,0.3,0.5
CM00002411,2026-08-07,V00014504,9,5,159,1,0.5556,0.6913
CM00002412,2026-05-10,V00004026,5,2,26,0,0.4,0.2766
CM00002413,2026-03-14,V00006962,5,2,17,0,0.4,0.0607
CM00002414,2026-08-27,V00001432,8,3,192,0,0.375,0.3855
CM00002415,2026-07-29,V00000923,12,8,195,1,0.6667,0.3996
CM00002416,2026-06-24,V00009220,5,2,46,0,0.4,0.4894
CM00002417,2026-06-14,V00008951,11,5,118,1,0.4545,0.6743
CM00002418,2026-07-25,V00013223,13,5,135,0,0.3846,0.5094
CM00002419,2026-08-02,V00009049,6,1,125,0,0.1667,0.6983
CM00002420,2026-07-02,V00014932,11,2,123,0,0.1818,0.6685
CM00002421,2026-03-09,V00004769,9,3,151,0,0.3333,0.7402
CM00002422,2026-06-20,V00011592,15,10,120,2,0.6667,0.5714
CM00002423,2026-08-21,V00003009,13,5,381,2,0.3846,0.7327
CM00002424,2026-03-15,V00006160,9,4,390,0,0.4444,0.621
CM00002425,2026-01-26,V00001112,9,3,8,0,0.3333,0.1481
CM00002426,2026-06-03,V00009692,10,1,23,0,0.1,0.1329
CM00002427,2026-04-05,V00009248,4,0,0,0,0.0,0.0
CM00002428,2026-05-18,V00014791,13,6,100,1,0.4615,0.6667
CM00002429,2026-05-10,V00006374,12,6,46,1,0.5,0.6389
CM00002430,2026-05-02,V00011932,10,4,31,2,0.4,0.6458
CM00002431,2026-05-12,V00011266,10,5,608,1,0.5,0.7415
CM00002432,2026-08-01,V00013011,12,6,505,2,0.5,0.6474
CM00002433,2026-08-14,V00009423,7,2,4,0,0.2857,0.0769
CM00002434,2026-08-10,V00002256,10,3,48,0,0.3,0.2254
CM00002435,2026-02-14,V00010897,16,3,157,0,0.1875,0.4891
CM00002436,2026-01-14,V00006914,8,6,234,0,0.75,0.7959
CM00002437,2026-07-20,V00001155,17,5,16,1,0.2941,0.2667
CM00002438,2026-08-18,V00000128,9,5,93,1,0.5556,0.5027
CM00002439,2026-08-17,V00014254,11,4,122,1,0.3636,0.5648
CM00002440,2026-07-30,V00007917,10,3,102,0,0.3,0.6182
CM00002441,2026-05-23,V00014454,14,4,254,2,0.2857,0.6048
CM00002442,2026-03-18,V00011849,8,2,168,0,0.25,0.506
CM00002443,2026-05-11,V00001922,10,6,159,0,0.6,0.7361
CM00002444,2026-02-11,V00014099,11,5,291,1,0.4545,0.8687
CM00002445,2026-02-04,V00008886,3,0,0,0,0.0,0.0
CM00002446,2026-08-05,V00011663,8,2,169,0,0.25,0.4913
CM00002447,2026-07-31,V00011746,10,5,594,0,0.5,0.6789
CM00002448,2026-02-27,V00002093,10,3,164,0,0.3,0.8283
CM00002449,2026-03-30,V00009444,9,3,90,2,0.3333,0.219
CM00002450,2026-08-17,V00001668,10,4,104,0,0.4,0.5909
CM00002451,2026-03-27,V00003158,9,2,74,0,0.2222,0.3558
CM00002452,2026-08-15,V00008496,11,4,372,0,0.3636,0.5196
CM00002453,2026-01-24,V00000221,10,3,258,0,0.3,0.5658
CM00002454,2026-02-22,V00008549,9,1,36,0,0.1111,0.2308
CM00002455,2026-06-25,V00012155,15,8,285,1,0.5333,0.6362
CM00002456,2026-05-11,V00001133,6,2,52,0,0.3333,0.3768
CM00002457,2026-07-02,V00013627,6,3,60,0,0.5,0.5
CM00002458,2026-04-08,V00011272,9,3,43,0,0.3333,0.2986
CM00002459,2026-02-18,V00000970,13,3,248,1,0.2308,0.5905
CM00002460,2026-01-03,V00009908,9,5,119,1,0.5556,0.7212
CM00002461,2026-05-05,V00006064,11,1,69,0,0.0909,0.5476
CM00002462,2026-08-28,V00003232,14,6,417,2,0.4286,0.7637
CM00002463,2026-03-14,V00004828,8,2,15,1,0.25,0.1154
CM00002464,2026-08-09,V00014271,11,4,338,1,0.3636,0.7284
CM00002465,2026-03-28,V00005655,9,3,234,1,0.3333,0.6393
CM00002466,2026-08-05,V00011566,6,2,117,1,0.3333,0.4643
CM00002467,2026-08-21,V00010401,10,1,98,0,0.1,0.7903
CM00002468,2026-02-05,V00008106,13,3,105,0,0.2308,0.4861
CM00002469,2026-07-22,V00001973,14,9,281,1,0.6429,0.8006
CM00002470,2026-05-20,V00011570,9,1,38,0,0.1111,0.6552
CM00002471,2026-02-26,V00013873,3,1,76,0,0.3333,0.4497
CM00002472,2026-07-21,V00003614,11,3,111,0,0.2727,0.3217
CM00002473,2026-02-12,V00002685,9,4,15,1,0.4444,0.4167
CM00002474,2026-07-09,V00005514,6,4,150,2,0.6667,0.7979
CM00002475,2026-06-18,V00006533,7,1,60,0,0.1429,0.6452
CM00002476,2026-06-23,V00002086,13,1,22,0,0.0769,0.4151
CM00002477,2026-08-17,V00012083,13,3,68,0,0.2308,0.2159
CM00002478,2026-07-22,V00008970,13,5,506,2,0.3846,0.6838
CM00002479,2026-03-03,V00008798,7,4,28,0,0.5714,0.5
CM00002480,2026-03-06,V00005851,8,2,8,0,0.25,0.1739
CM00002481,2026-03-10,V00011830,8,2,74,1,0.25,0.3737
CM00002482,2026-03-12,V00003406,8,3,99,1,0.375,0.2308
CM00002483,2026-05-01,V00003781,16,6,391,0,0.375,0.3724
CM00002484,2026-02-02,V00006609,5,5,497,1,1.0,0.6627
CM00002485,2026-05-28,V00000841,12,5,404,1,0.4167,0.5146
CM00002486,2026-02-19,V00010363,10,5,478,1,0.5,0.5463
CM00002487,2026-01-06,V00013413,2,1,70,0,0.5,0.8046
CM00002488,2026-07-02,V00012302,7,0,0,0,0.0,0.0
CM00002489,2026-04-27,V00006607,12,5,350,1,0.4167,0.6667
CM00002490,2026-08-26,V00004968,12,2,9,0,0.1667,0.0634
CM00002491,2026-08-19,V00010849,9,3,31,0,0.3333,0.4493
CM00002492,2026-07-24,V00014296,9,2,137,0,0.2222,0.3914
CM00002493,2026-03-17,V00004624,6,1,18,0,0.1667,1.0
CM00002494,2026-06-30,V00011400,14,5,95,1,0.3571,0.76
CM00002495,2026-05-09,V00013347,7,2,134,0,0.2857,0.5537
CM00002496,2026-06-17,V00003010,9,3,247,0,0.3333,0.4843
CM00002497,2026-06-19,V00007466,9,3,295,0,0.3333,0.5587
CM00002498,2026-07-19,V00001212,11,1,43,0,0.0909,0.4388
CM00002499,2026-03-27,V00006461,10,5,115,0,0.5,0.7419
CM00002500,2026-08-26,V00012788,9,4,181,1,0.4444,0.3901
CM00002501,2026-07-08,V00013243,10,2,18,0,0.2,0.6
CM00002502,2026-06-02,V00007474,10,4,364,1,0.4,0.7222
CM00002503,2026-07-03,V00008702,12,3,99,0,0.25,0.5156
CM00002504,2026-01-15,V00007512,9,4,19,0,0.4444,0.475
CM00002505,2026-02-27,V00009070,9,1,15,0,0.1111,0.5172
CM00002506,2026-04-26,V00014218,5,1,66,0,0.2,0.7097
CM00002507,2026-05-29,V00013850,8,5,705,2,0.625,0.815
CM00002508,2026-07-21,V00008515,8,4,259,2,0.5,0.7358
CM00002509,2026-05-11,V00011497,10,5,30,1,0.5,0.5455
CM00002510,2026-08-18,V00004327,8,1,39,0,0.125,0.5132
CM00002511,2026-05-22,V00010243,9,3,126,0,0.3333,0.4773
CM00002512,2026-03-10,V00013308,14,6,258,0,0.4286,0.5059
CM00002513,2026-07-13,V00009880,11,3,165,0,0.2727,0.3595
CM00002514,2026-06-03,V00008450,10,4,303,3,0.4,0.7014
CM00002515,2026-01-29,V00005437,13,6,59,1,0.4615,0.5463
CM00002516,2026-08-15,V00000507,10,1,41,0,0.1,0.5
CM00002517,2026-04-13,V00008816,15,4,130,1,0.2667,0.5909
CM00002518,2026-08-06,V00005438,18,6,536,0,0.3333,0.6291
CM00002519,2026-04-04,V00002392,13,4,166,1,0.3077,0.3705
CM00002520,2026-08-21,V00010816,6,1,3,0,0.1667,0.1765
CM00002521,2026-04-27,V00000643,8,1,18,0,0.125,0.4865
CM00002522,2026-08-20,V00000936,10,1,82,0,0.1,0.4852
CM00002523,2026-01-01,V00006168,11,4,387,0,0.3636,0.6407
CM00002524,2026-08-26,V00013208,7,2,63,0,0.2857,0.1898
CM00002525,2026-05-26,V00010346,8,3,222,0,0.375,0.6667
CM00002526,2026-05-11,V00011227,6,3,200,0,0.5,0.813
CM00002527,2026-04-27,V00007733,9,6,420,0,0.6667,0.5932
CM00002528,2026-04-25,V00010563,10,5,213,0,0.5,0.8875
CM00002529,2026-04-03,V00006960,4,2,140,0,0.5,0.7609
CM00002530,2026-08-01,V00014913,12,6,430,0,0.5,0.6073
CM00002531,2026-05-06,V00014351,12,4,111,2,0.3333,0.6453
CM00002532,2026-05-29,V00002960,10,3,96,2,0.3,0.5517
CM00002533,2026-07-29,V00009910,7,2,71,0,0.2857,0.9103
CM00002534,2026-04-19,V00007979,10,3,351,0,0.3,0.6573
CM00002535,2026-01-09,V00000766,7,1,8,0,0.1429,0.0519
CM00002536,2026-04-15,V00009846,8,0,0,0,0.0,0.0
CM00002537,2026-01-07,V00009122,11,3,47,0,0.2727,0.5402
CM00002538,2026-08-28,V00014494,4,2,125,0,0.5,0.4596
CM00002539,2026-08-13,V00001753,4,1,14,0,0.25,0.5385
CM00002540,2026-08-25,V00001824,9,2,135,0,0.2222,0.4219
CM00002541,2026-01-11,V00013891,9,2,21,0,0.2222,0.5526
CM00002542,2026-03-19,V00009196,14,4,84,0,0.2857,0.3281
CM00002543,2026-02-15,V00006096,11,3,130,0,0.2727,0.8025
CM00002544,2026-08-26,V00009249,6,2,100,0,0.3333,0.7042
CM00002545,2026-01-23,V00014667,7,3,41,0,0.4286,0.5062
CM00002546,2026-06-12,V00004753,9,6,166,1,0.6667,0.5646
CM00002547,2026-06-18,V00006387,9,3,204,0,0.3333,0.5037
CM00002548,2026-08-06,V00011509,15,8,608,2,0.5333,0.4524
CM00002549,2026-02-12,V00002226,7,5,147,0,0.7143,0.5547
CM00002550,2026-03-22,V00013678,10,4,13,1,0.4,0.25
CM00002551,2026-08-08,V00000235,6,1,57,0,0.1667,0.5229
CM00002552,2026-05-31,V00004105,7,3,163,0,0.4286,0.6105
CM00002553,2026-08-21,V00008707,12,3,35,0,0.25,0.307
CM00002554,2026-08-08,V00008395,9,4,122,0,0.4444,0.2179
CM00002555,2026-06-11,V00004835,4,1,17,0,0.25,0.2982
CM00002556,2026-08-17,V00010942,10,4,219,0,0.4,0.4415
CM00002557,2026-04-15,V00012201,8,2,105,0,0.25,0.3221
CM00002558,2026-04-06,V00011296,6,2,179,0,0.3333,0.5594
CM00002559,2026-08-14,V00004154,12,5,391,0,0.4167,0.8062
CM00002560,2026-03-17,V00004974,10,2,72,0,0.2,0.3243
CM00002561,2026-04-24,V00003731,7,2,66,0,0.2857,0.4459
CM00002562,2026-05-12,V00007598,6,2,175,1,0.3333,0.8495
CM00002563,2026-06-23,V00011239,10,6,51,2,0.6,0.6538
CM00002564,2026-03-28,V00002238,11,2,154,1,0.1818,0.4936
CM00002565,2026-05-04,V00000248,9,2,235,0,0.2222,0.763
CM00002566,2026-05-20,V00005808,8,2,84,1,0.25,0.4078
CM00002567,2026-08-20,V00002467,6,2,28,0,0.3333,0.209
CM00002568,2026-01-13,V00006975,6,4,42,1,0.6667,0.4773
CM00002569,2026-01-08,V00005640,15,3,116,0,0.2,0.3828
CM00002570,2026-05-19,V00010364,9,3,307,0,0.3333,0.8457
CM00002571,2026-03-25,V00007163,9,5,519,0,0.5556,0.7362
CM00002572,2026-03-01,V00003969,11,2,26,0,0.1818,0.4643
CM00002573,2026-01-18,V00013284,13,4,62,1,0.3077,0.3523
CM00002574,2026-01-08,V00013088,5,1,48,1,0.2,0.381
CM00002575,2026-08-22,V00011330,10,4,48,1,0.4,0.4444
CM00002576,2026-08-18,V00000200,7,5,494,0,0.7143,0.6958
CM00002577,2026-01-05,V00006560,8,2,136,0,0.25,0.5965
CM00002578,2026-05-24,V00014150,8,5,353,3,0.625,0.6477
CM00002579,2026-01-17,V00013577,12,3,157,0,0.25,0.306
CM00002580,2026-03-30,V00002260,8,2,156,0,0.25,0.5132
CM00002581,2026-04-01,V00013009,6,2,2,0,0.3333,0.0161
CM00002582,2026-07-31,V00014763,2,0,0,0,0.0,0.0
CM00002583,2026-06-03,V00012165,6,3,174,0,0.5,0.4915
CM00002584,2026-03-11,V00001512,8,3,43,1,0.375,0.8431
CM00002585,2026-08-27,V00004022,8,4,218,2,0.5,0.5343
CM00002586,2026-08-11,V00005114,13,4,18,0,0.3077,0.2812
CM00002587,2026-05-22,V00012756,9,3,173,0,0.3333,0.3495
CM00002588,2026-03-27,V00011726,15,3,68,1,0.2,0.5528
CM00002589,2026-02-25,V00013322,9,2,216,0,0.2222,0.7347
CM00002590,2026-05-17,V00009016,13,7,38,1,0.5385,0.3878
CM00002591,2026-02-18,V00013276,10,3,159,0,0.3,0.6463
CM00002592,2026-03-07,V00002550,11,5,567,0,0.4545,0.6335
CM00002593,2026-06-29,V00013544,5,1,45,0,0.2,0.9574
CM00002594,2026-07-24,V00012647,18,5,78,0,0.2778,0.5571
CM00002595,2026-08-24,V00011838,8,2,191,0,0.25,0.8451
CM00002596,2026-03-27,V00007796,12,5,362,0,0.4167,0.5324
CM00002597,2026-05-14,V00005748,11,5,418,4,0.4545,0.6852
CM00002598,2026-08-06,V00002744,8,3,139,0,0.375,0.2808
CM00002599,2026-06-22,V00002657,7,5,319,1,0.7143,0.7687
CM00002600,2026-08-20,V00003706,12,2,11,0,0.1667,0.4583
CM00002601,2026-01-23,V00001537,13,6,201,0,0.4615,0.2081
CM00002602,2026-06-26,V00003888,7,2,95,1,0.2857,0.4204
CM00002603,2026-06-24,V00008021,14,6,140,1,0.4286,0.8046
CM00002604,2026-02-09,V00012003,6,0,0,0,0.0,0.0
CM00002605,2026-05-24,V00000279,10,4,510,0,0.4,0.8916
CM00002606,2026-02-23,V00011980,16,8,660,1,0.5,0.7051
CM00002607,2026-06-01,V00009019,3,1,134,0,0.3333,0.7746
CM00002608,2026-08-10,V00001970,4,2,9,0,0.5,0.5
CM00002609,2026-07-14,V00000256,5,1,3,0,0.2,0.0909
CM00002610,2026-06-23,V00012656,5,2,32,1,0.4,0.3721
CM00002611,2026-04-26,V00005352,9,3,288,2,0.3333,0.7218
CM00002612,2026-04-11,V00010271,12,2,349,1,0.1667,0.9971
CM00002613,2026-02-17,V00000646,8,4,561,0,0.5,0.9413
CM00002614,2026-04-15,V00001790,10,3,97,0,0.3,0.3633
CM00002615,2026-07-15,V00002370,9,3,110,0,0.3333,0.4527
CM00002616,2026-03-03,V00005871,11,4,351,0,0.3636,0.7252
CM00002617,2026-03-11,V00003814,7,4,115,0,0.5714,0.3783
CM00002618,2026-06-10,V00001591,9,2,198,1,0.2222,0.5789
CM00002619,2026-06-08,V00014005,11,0,0,0,0.0,0.0
CM00002620,2026-08-12,V00000631,15,7,94,1,0.4667,0.6104
CM00002621,2026-04-21,V00014995,9,4,333,2,0.4444,0.5269
CM00002622,2026-04-27,V00005912,8,3,252,1,0.375,0.6364
CM00002623,2026-08-10,V00002779,8,3,20,0,0.375,0.3333
CM00002624,2026-07-20,V00001195,12,6,62,1,0.5,0.4921
CM00002625,2026-07-19,V00008853,8,1,17,0,0.125,0.8095
CM00002626,2026-03-22,V00011972,10,4,135,0,0.4,0.4383
CM00002627,2026-07-24,V00004386,11,4,532,0,0.3636,0.8471
CM00002628,2026-01-29,V00014160,8,5,306,1,0.625,0.7373
CM00002629,2026-03-17,V00012222,10,3,234,0,0.3,0.5379
CM00002630,2026-01-27,V00011899,7,3,32,0,0.4286,0.4103
CM00002631,2026-06-06,V00001087,8,4,429,0,0.5,0.7056
CM00002632,2026-04-05,V00010474,6,0,0,0,0.0,0.0
CM00002633,2026-06-20,V00000850,13,6,222,3,0.4615,0.7551
CM00002634,2026-04-28,V00001172,13,4,49,0,0.3077,0.4375
CM00002635,2026-08-15,V00013584,5,2,294,0,0.4,0.8647
CM00002636,2026-04-11,V00010802,6,4,112,1,0.6667,0.7
CM00002637,2026-05-22,V00002240,8,3,250,0,0.375,0.7003
CM00002638,2026-08-14,V00004639,12,4,294,0,0.3333,0.8448
CM00002639,2026-03-21,V00006388,7,4,149,1,0.5714,0.4331
CM00002640,2026-07-07,V00001966,6,0,0,0,0.0,0.0
CM00002641,2026-03-04,V00001168,6,1,63,0,0.1667,0.3684
CM00002642,2026-05-15,V00004722,12,4,34,0,0.3333,0.7083
CM00002643,2026-06-21,V00003132,12,4,26,1,0.3333,0.4643
CM00002644,2026-08-03,V00009781,14,7,870,0,0.5,0.7866
CM00002645,2026-08-18,V00010790,10,6,218,0,0.6,0.4325
CM00002646,2026-04-07,V00010737,11,3,48,1,0.2727,0.5333
CM00002647,2026-08-27,V00001561,9,1,83,1,0.1111,0.7685
CM00002648,2026-07-05,V00004254,9,2,104,0,0.2222,0.3768
CM00002649,2026-08-16,V00011395,11,1,6,0,0.0909,0.6667
CM00002650,2026-07-25,V00001233,4,3,127,0,0.75,0.6414
CM00002651,2026-04-24,V00000969,8,3,285,0,0.375,0.546
CM00002652,2026-07-23,V00011322,11,5,118,3,0.4545,0.6211
CM00002653,2026-06-06,V00008349,8,4,156,0,0.5,0.6
CM00002654,2026-07-21,V00010440,7,0,0,0,0.0,0.0
CM00002655,2026-03-05,V00000634,12,5,165,0,0.4167,0.66
CM00002656,2026-08-08,V00000152,9,1,96,0,0.1111,0.8571
CM00002657,2026-01-19,V00012030,13,2,58,0,0.1538,0.537
CM00002658,2026-05-25,V00014802,12,5,332,0,0.4167,0.6917
CM00002659,2026-07-17,V00014256,11,1,36,0,0.0909,0.4557
CM00002660,2026-04-11,V00004632,11,2,105,1,0.1818,0.3547
CM00002661,2026-04-25,V00014209,7,2,68,1,0.2857,0.272
CM00002662,2026-03-31,V00007337,13,6,829,2,0.4615,0.7895
CM00002663,2026-08-05,V00000338,18,8,649,1,0.4444,0.5634
CM00002664,2026-07-01,V00001387,9,3,193,0,0.3333,0.5106
CM00002665,2026-02-15,V00011329,8,2,11,0,0.25,0.25
CM00002666,2026-01-01,V00010704,5,2,52,2,0.4,0.7027
CM00002667,2026-06-23,V00003957,6,1,79,0,0.1667,1.0
CM00002668,2026-08-18,V00000400,9,1,87,0,0.1111,0.5305
CM00002669,2026-05-02,V00014898,15,6,191,2,0.4,0.7074
CM00002670,2026-03-24,V00014812,7,4,108,0,0.5714,0.551
CM00002671,2026-03-15,V00006784,11,5,66,0,0.4545,0.275
CM00002672,2026-08-25,V00010058,8,4,211,1,0.5,0.6941
CM00002673,2026-06-12,V00009137,9,3,67,0,0.3333,0.7444
CM00002674,2026-06-29,V00007984,11,3,90,0,0.2727,0.5882
CM00002675,2026-08-02,V00006130,5,2,50,0,0.4,0.8333
CM00002676,2026-08-19,V00011783,8,3,109,0,0.375,0.586
CM00002677,2026-01-11,V00001769,12,2,52,0,0.1667,0.3824
CM00002678,2026-05-13,V00014213,7,2,68,2,0.2857,0.5
CM00002679,2026-06-20,V00011161,14,4,117,0,0.2857,0.3047
CM00002680,2026-07-14,V00006364,6,3,177,0,0.5,0.5043
CM00002681,2026-07-18,V00012408,4,2,264,0,0.5,0.8354
CM00002682,2026-02-17,V00012118,8,5,387,1,0.625,0.4899
CM00002683,2026-05-23,V00000831,3,1,101,0,0.3333,0.6121
CM00002684,2026-04-28,V00008152,15,5,458,1,0.3333,0.5175
CM00002685,2026-04-13,V00001786,9,2,41,1,0.2222,0.7593
CM00002686,2026-08-10,V00009628,7,3,48,0,0.4286,0.4324
CM00002687,2026-08-01,V00006171,8,5,624,3,0.625,0.8978
CM00002688,2026-07-08,V00006049,6,3,157,0,0.5,0.6797
CM00002689,2026-04-24,V00012332,9,3,276,1,0.3333,0.748
CM00002690,2026-03-24,V00014694,6,0,0,0,0.0,0.0
CM00002691,2026-03-28,V00005446,17,3,308,0,0.1765,0.626
CM00002692,2026-07-19,V00010853,4,2,57,0,0.5,0.5816
CM00002693,2026-07-12,V00003451,11,2,136,1,0.1818,0.85
CM00002694,2026-02-25,V00009762,12,3,52,0,0.25,0.4228
CM00002695,2026-05-18,V00008229,14,1,98,0,0.0714,0.7368
CM00002696,2026-01-15,V00011942,9,4,129,1,0.4444,0.4743
CM00002697,2026-04-10,V00005357,7,4,345,2,0.5714,0.854
CM00002698,2026-02-19,V00012778,9,7,869,4,0.7778,0.9334
CM00002699,2026-01-19,V00004011,15,7,232,1,0.4667,0.7891
CM00002700,2026-01-18,V00008952,9,4,464,2,0.4444,0.6667
CM00002701,2026-06-26,V00003441,11,2,204,1,0.1818,0.8095
CM00002702,2026-08-18,V00013603,10,3,134,0,0.3,0.4963
CM00002703,2026-07-29,V00001370,8,3,272,0,0.375,0.6385
CM00002704,2026-08-06,V00007061,11,2,182,0,0.1818,0.5617
CM00002705,2026-01-11,V00012437,10,3,216,0,0.3,0.6923
CM00002706,2026-05-07,V00006876,11,0,0,0,0.0,0.0
CM00002707,2026-05-15,V00008059,9,3,225,0,0.3333,0.7075
CM00002708,2026-02-26,V00014968,6,1,111,1,0.1667,1.0
CM00002709,2026-08-18,V00002029,11,6,469,0,0.5455,0.7516
CM00002710,2026-06-07,V00014964,10,6,370,1,0.6,0.3978
CM00002711,2026-02-13,V00008134,4,1,23,1,0.25,0.3382
CM00002712,2026-01-15,V00009424,5,2,41,0,0.4,0.203
CM00002713,2026-01-18,V00002487,7,2,199,0,0.2857,0.7007
CM00002714,2026-05-24,V00000545,7,2,249,1,0.2857,0.8032
CM00002715,2026-08-26,V00000720,10,6,219,0,0.6,0.5984
CM00002716,2026-07-20,V00000791,3,1,37,0,0.3333,0.5362
CM00002717,2026-07-18,V00005536,8,3,299,1,0.375,0.7383
CM00002718,2026-06-08,V00005063,9,2,211,0,0.2222,0.7815
CM00002719,2026-06-01,V00009524,14,2,28,0,0.1429,0.5185
CM00002720,2026-04-04,V00004315,6,1,28,0,0.1667,1.0
CM00002721,2026-07-01,V00007610,13,5,334,0,0.3846,0.7183
CM00002722,2026-03-12,V00005965,11,4,389,1,0.3636,0.6194
CM00002723,2026-05-28,V00006351,10,5,570,0,0.5,0.6867
CM00002724,2026-08-07,V00014126,10,3,70,1,0.3,0.8046
CM00002725,2026-08-28,V00006320,8,7,77,0,0.875,0.8462
CM00002726,2026-04-07,V00013788,3,0,0,0,0.0,0.0
CM00002727,2026-08-20,V00003763,13,2,250,0,0.1538,0.8562
CM00002728,2026-02-08,V00007973,14,6,357,1,0.4286,0.7727
CM00002729,2026-05-14,V00007155,10,5,385,0,0.5,0.7064
CM00002730,2026-08-26,V00013258,7,2,35,0,0.2857,0.6731
CM00002731,2026-06-26,V00013645,10,6,322,0,0.6,0.3779
CM00002732,2026-05-20,V00013859,15,2,40,0,0.1333,0.6667
CM00002733,2026-01-09,V00006498,10,4,200,0,0.4,0.4425
CM00002734,2026-01-31,V00009970,13,3,14,0,0.2308,0.4667
CM00002735,2026-04-25,V00012709,10,2,144,0,0.2,0.5806
CM00002736,2026-03-15,V00013405,12,5,610,2,0.4167,0.7771
CM00002737,2026-02-01,V00008683,8,4,267,0,0.5,0.5095
CM00002738,2026-04-17,V00005854,9,6,576,2,0.6667,0.6957
CM00002739,2026-04-24,V00004704,8,5,483,0,0.625,0.6314
CM00002740,2026-02-05,V00008619,14,5,133,0,0.3571,0.5019
CM00002741,2026-05-24,V00000915,11,3,87,0,0.2727,0.4603
CM00002742,2026-01-10,V00007202,7,6,360,2,0.8571,0.6818
CM00002743,2026-04-06,V00002809,9,5,190,1,0.5556,0.5352
CM00002744,2026-08-09,V00009657,11,5,251,1,0.4545,0.8964
CM00002745,2026-08-07,V00013462,13,4,364,0,0.3077,0.52
CM00002746,2026-08-20,V00005765,7,2,196,0,0.2857,0.6282
CM00002747,2026-01-01,V00006765,7,2,105,0,0.2857,0.5412
CM00002748,2026-05-18,V00004954,9,1,20,0,0.1111,0.3279
CM00002749,2026-06-16,V00003931,12,4,471,0,0.3333,0.7747
CM00002750,2026-07-10,V00001976,7,2,128,0,0.2857,0.7529
CM00002751,2026-04-10,V00014872,13,4,179,0,0.3077,0.4711
CM00002752,2026-07-27,V00007333,16,4,421,0,0.25,0.7518
CM00002753,2026-05-22,V00010125,8,2,23,2,0.25,0.5476
CM00002754,2026-08-12,V00012022,16,7,229,0,0.4375,0.6415
CM00002755,2026-06-05,V00011822,8,4,217,1,0.5,0.6616
CM00002756,2026-05-12,V00012785,11,2,233,0,0.1818,0.863
CM00002757,2026-08-15,V00014377,7,4,176,0,0.5714,0.5366
CM00002758,2026-03-07,V00009687,12,3,66,0,0.25,0.2716
CM00002759,2026-08-02,V00010176,7,2,70,0,0.2857,0.5738
CM00002760,2026-01-17,V00011767,5,2,290,0,0.4,0.8896
CM00002761,2026-07-11,V00014437,9,4,230,0,0.4444,0.3363
CM00002762,2026-06-02,V00012793,10,6,237,1,0.6,0.6583
CM00002763,2026-06-01,V00009377,9,5,482,1,0.5556,0.6886
CM00002764,2026-05-08,V00009557,9,3,404,0,0.3333,0.847
CM00002765,2026-03-18,V00005706,12,4,357,1,0.3333,0.6375
CM00002766,2026-04-28,V00006919,4,1,13,0,0.25,0.2
CM00002767,2026-05-08,V00002124,10,4,10,0,0.4,0.3125
CM00002768,2026-04-17,V00000205,11,3,188,0,0.2727,0.5402
CM00002769,2026-04-11,V00012781,11,1,34,1,0.0909,0.4658
CM00002770,2026-01-07,V00009177,12,1,5,0,0.0833,0.3125
CM00002771,2026-01-10,V00012592,8,3,52,1,0.375,0.4815
CM00002772,2026-07-24,V00004909,8,3,235,1,0.375,0.5054
CM00002773,2026-08-15,V00007746,10,4,382,0,0.4,0.7702
CM00002774,2026-04-06,V00009330,11,2,154,0,0.1818,0.5704
CM00002775,2026-06-09,V00013332,5,2,102,0,0.4,0.6456
CM00002776,2026-08-23,V00010252,10,3,11,1,0.3,0.4583
CM00002777,2026-06-15,V00000491,7,3,244,1,0.4286,0.518
CM00002778,2026-03-22,V00010255,13,5,479,0,0.3846,0.5669
CM00002779,2026-03-31,V00004818,12,2,10,0,0.1667,0.0877
CM00002780,2026-01-20,V00008510,10,4,151,1,0.4,0.4778
CM00002781,2026-08-21,V00013091,10,3,234,2,0.3,0.4615
CM00002782,2026-08-08,V00006573,14,5,196,1,0.3571,0.7259
CM00002783,2026-01-08,V00009587,10,2,25,0,0.2,0.2083
CM00002784,2026-07-19,V00011477,13,5,268,2,0.3846,0.7549
CM00002785,2026-04-28,V00007749,8,2,205,0,0.25,0.6447
CM00002786,2026-08-03,V00001142,13,5,318,1,0.3846,0.573
CM00002787,2026-05-20,V00012649,12,7,463,0,0.5833,0.6485
CM00002788,2026-01-03,V00002817,8,3,124,2,0.375,0.5822
CM00002789,2026-07-22,V00004773,11,3,7,0,0.2727,0.2593
CM00002790,2026-06-11,V00000301,14,5,320,1,0.3571,0.3657
CM00002791,2026-02-04,V00003089,9,6,532,0,0.6667,0.8135
CM00002792,2026-07-18,V00013871,10,2,90,0,0.2,0.2514
CM00002793,2026-02-23,V00005356,4,1,23,0,0.25,0.2875
CM00002794,2026-01-12,V00013432,9,5,152,0,0.5556,0.4677
CM00002795,2026-04-13,V00007106,8,2,233,0,0.25,0.7516
CM00002796,2026-08-09,V00011462,19,4,241,0,0.2105,0.5907
CM00002797,2026-07-13,V00003075,13,3,396,1,0.2308,0.8408
CM00002798,2026-05-08,V00006808,8,4,403,0,0.5,0.6458
CM00002799,2026-06-07,V00006640,7,2,24,0,0.2857,0.8571
CM00002800,2026-06-15,V00004184,10,3,29,0,0.3,0.6444
CM00002801,2026-06-11,V00002777,10,2,30,0,0.2,0.4286
CM00002802,2026-07-13,V00001727,8,6,265,1,0.75,0.7887
CM00002803,2026-03-11,V00006302,8,1,4,0,0.125,0.0741
CM00002804,2026-07-28,V00003390,6,3,281,0,0.5,0.8754
CM00002805,2026-04-26,V00011897,7,3,59,0,0.4286,0.8551
CM00002806,2026-05-31,V00013008,5,0,0,0,0.0,0.0
CM00002807,2026-03-27,V00014653,10,4,159,0,0.4,0.2598
CM00002808,2026-06-21,V00008403,9,2,86,0,0.2222,0.4216
CM00002809,2026-08-20,V00012708,12,2,29,0,0.1667,0.29
CM00002810,2026-06-05,V00001104,14,9,1147,4,0.6429,0.833
CM00002811,2026-05-31,V00013616,10,4,92,1,0.4,0.4694
CM00002812,2026-08-13,V00008374,14,7,693,3,0.5,0.839
CM00002813,2026-01-16,V00000566,9,3,244,1,0.3333,0.518
CM00002814,2026-04-29,V00008389,12,5,378,0,0.4167,0.5439
CM00002815,2026-05-27,V00009978,12,4,31,1,0.3333,0.5167
CM00002816,2026-01-15,V00012209,10,2,16,0,0.2,0.7273
CM00002817,2026-08-16,V00009814,13,6,648,1,0.4615,0.6207
CM00002818,2026-03-14,V00011995,9,2,135,0,0.2222,0.8232
CM00002819,2026-08-11,V00001211,11,2,66,0,0.1818,0.5593
CM00002820,2026-03-16,V00002682,9,3,297,1,0.3333,0.66
CM00002821,2026-08-15,V00005625,11,1,20,0,0.0909,0.2632
CM00002822,2026-08-11,V00010691,6,3,322,1,0.5,0.7835
CM00002823,2026-07-26,V00004950,10,3,63,0,0.3,0.375
CM00002824,2026-04-15,V00010414,9,0,0,0,0.0,0.0
CM00002825,2026-02-14,V00010298,5,1,77,0,0.2,0.77
CM00002826,2026-07-15,V00002850,9,1,12,0,0.1111,0.8571
CM00002827,2026-03-11,V00004561,15,2,36,0,0.1333,0.9474
CM00002828,2026-06-13,V00000300,7,1,52,0,0.1429,0.349
CM00002829,2026-06-30,V00008841,10,4,165,0,0.4,0.2531
CM00002830,2026-03-25,V00009952,12,4,396,1,0.3333,0.6972
CM00002831,2026-05-21,V00000276,11,6,618,0,0.5455,0.8175
CM00002832,2026-01-23,V00000710,12,2,31,0,0.1667,0.62
CM00002833,2026-03-19,V00003358,14,2,72,0,0.1429,0.3364
CM00002834,2026-01-27,V00001700,6,1,70,0,0.1667,0.4965
CM00002835,2026-03-04,V00009022,13,4,249,0,0.3077,0.5231
CM00002836,2026-06-24,V00005483,9,5,195,0,0.5556,0.75
CM00002837,2026-05-01,V00009280,5,2,132,0,0.4,0.4286
CM00002838,2026-03-15,V00006535,15,7,428,1,0.4667,0.8992
CM00002839,2026-07-09,V00006429,10,2,155,0,0.2,0.5657
CM00002840,2026-06-30,V00002331,4,3,184,1,0.75,0.5841
CM00002841,2026-05-01,V00007709,11,0,0,0,0.0,0.0
CM00002842,2026-04-18,V00001488,9,1,37,0,0.1111,0.5692
CM00002843,2026-01-26,V00011583,9,4,377,0,0.4444,0.7663
CM00002844,2026-04-07,V00000251,12,5,581,1,0.4167,0.7085
CM00002845,2026-02-25,V00002410,13,5,140,2,0.3846,0.549
CM00002846,2026-06-28,V00003903,10,2,76,0,0.2,0.4524
CM00002847,2026-02-06,V00009025,9,7,624,0,0.7778,0.8826
CM00002848,2026-01-13,V00007533,13,2,107,0,0.1538,0.5144
CM00002849,2026-01-15,V00000004,5,1,61,0,0.2,0.4266
CM00002850,2026-06-11,V00012695,14,4,419,0,0.2857,0.6715
CM00002851,2026-04-11,V00012110,6,3,387,0,0.5,0.9085
CM00002852,2026-06-02,V00010863,11,6,956,2,0.5455,0.9428
CM00002853,2026-04-13,V00013156,8,3,88,0,0.375,0.2691
CM00002854,2026-01-27,V00003756,14,3,246,0,0.2143,0.5125
CM00002855,2026-03-01,V00010901,10,7,47,1,0.7,0.746
CM00002856,2026-08-02,V00008446,9,5,158,0,0.5556,0.6583
CM00002857,2026-06-17,V00009144,8,1,49,0,0.125,0.405
CM00002858,2026-04-04,V00012385,7,0,0,0,0.0,0.0
CM00002859,2026-05-19,V00008004,10,0,0,0,0.0,0.0
CM00002860,2026-05-04,V00003642,11,4,114,0,0.3636,0.6628
CM00002861,2026-07-09,V00009577,6,2,45,1,0.3333,0.4592
CM00002862,2026-03-15,V00002646,4,1,9,0,0.25,0.2368
CM00002863,2026-08-21,V00014741,6,3,235,0,0.5,0.5402
CM00002864,2026-03-23,V00000888,7,4,218,0,0.5714,0.524
CM00002865,2026-03-28,V00008124,9,2,190,0,0.2222,0.5398
CM00002866,2026-07-28,V00006507,8,2,25,0,0.25,0.6579
CM00002867,2026-08-13,V00003383,4,4,439,0,1.0,0.6381
CM00002868,2026-07-03,V00005781,12,2,65,0,0.1667,0.4392
CM00002869,2026-08-27,V00011891,9,3,41,0,0.3333,0.5256
CM00002870,2026-05-10,V00005044,7,3,261,0,0.4286,0.7373
CM00002871,2026-05-01,V00008997,9,5,280,0,0.5556,0.8485
CM00002872,2026-01-12,V00006380,9,2,60,0,0.2222,0.1714
CM00002873,2026-07-19,V00009060,6,2,77,0,0.3333,0.6525
CM00002874,2026-07-18,V00013668,10,3,156,1,0.3,0.3562
CM00002875,2026-05-28,V00005895,4,1,14,0,0.25,0.6667
CM00002876,2026-08-23,V00003225,12,5,376,1,0.4167,0.6836
CM00002877,2026-08-07,V00002136,12,1,74,0,0.0833,0.4654
CM00002878,2026-03-11,V00010602,10,4,341,1,0.4,0.5609
CM00002879,2026-06-16,V00014759,7,1,39,0,0.1429,0.8125
CM00002880,2026-05-29,V00008850,8,3,235,0,0.375,0.5222
CM00002881,2026-05-13,V00011622,12,2,134,0,0.1667,0.4621
CM00002882,2026-02-02,V00003117,9,4,58,0,0.4444,0.2843
CM00002883,2026-04-22,V00013662,9,5,527,2,0.5556,0.7371
CM00002884,2026-07-29,V00011487,9,1,52,0,0.1111,0.3355
CM00002885,2026-06-04,V00002429,10,2,27,0,0.2,0.375
CM00002886,2026-08-22,V00006536,9,0,0,0,0.0,0.0
CM00002887,2026-05-12,V00006844,10,5,591,1,0.5,0.7529
CM00002888,2026-08-15,V00008941,7,2,179,0,0.2857,0.5028
CM00002889,2026-06-21,V00004550,5,4,528,2,0.8,0.8302
CM00002890,2026-08-26,V00014231,13,6,320,0,0.4615,0.4408
CM00002891,2026-08-02,V00005734,8,2,33,0,0.25,0.4853
CM00002892,2026-03-26,V00006711,10,2,109,1,0.2,0.5619
CM00002893,2026-06-23,V00007189,7,1,36,0,0.1429,0.4737
CM00002894,2026-02-05,V00008944,9,5,58,1,0.5556,0.5043
CM00002895,2026-04-01,V00002345,8,0,0,0,0.0,0.0
CM00002896,2026-07-05,V00012902,11,4,37,1,0.3636,0.3854
CM00002897,2026-08-02,V00013558,15,8,468,0,0.5333,0.4301
CM00002898,2026-08-14,V00013287,8,2,21,0,0.25,0.1842
CM00002899,2026-04-08,V00012432,8,6,305,1,0.75,0.5351
CM00002900,2026-08-06,V00004047,10,3,120,1,0.3,0.625
CM00002901,2026-02-15,V00007110,9,2,6,1,0.2222,0.3
CM00002902,2026-08-08,V00002076,7,2,126,0,0.2857,0.5294
CM00002903,2026-06-10,V00005900,15,6,468,1,0.4,0.78
CM00002904,2026-08-22,V00007491,13,4,444,0,0.3077,0.6647
CM00002905,2026-02-05,V00008860,9,1,62,0,0.1111,0.7381
CM00002906,2026-06-25,V00014728,9,1,48,1,0.1111,0.5581
CM00002907,2026-04-10,V00013463,8,5,362,0,0.625,0.6582
CM00002908,2026-07-29,V00008988,10,3,82,1,0.3,0.408
CM00002909,2026-02-23,V00008161,10,4,338,0,0.4,0.6602
CM00002910,2026-06-15,V00009290,9,3,259,1,0.3333,0.7077
CM00002911,2026-04-05,V00006979,9,3,19,1,0.3333,0.5758
CM00002912,2026-08-07,V00006043,5,2,74,0,0.4,0.6852
CM00002913,2026-06-17,V00006034,8,1,3,1,0.125,0.375
CM00002914,2026-02-15,V00012126,7,4,192,1,0.5714,0.5581
CM00002915,2026-08-28,V00013994,7,1,129,0,0.1429,0.8113
CM00002916,2026-08-01,V00011685,9,3,95,0,0.3333,0.9314
CM00002917,2026-05-05,V00005695,5,1,41,0,0.2,0.3628
CM00002918,2026-08-06,V00005105,14,4,243,0,0.2857,0.6199
CM00002919,2026-01-14,V00007678,11,3,177,0,0.2727,0.7564
CM00002920,2026-06-26,V00011313,9,5,570,0,0.5556,0.7808
CM00002921,2026-05-30,V00004056,12,3,254,0,0.25,0.4757
CM00002922,2026-06-17,V00002380,10,5,565,0,0.5,0.8968
CM00002923,2026-03-29,V00001396,6,3,140,0,0.5,0.5833
CM00002924,2026-06-27,V00007381,12,5,488,0,0.4167,0.7394
CM00002925,2026-03-24,V00013282,6,0,0,0,0.0,0.0
CM00002926,2026-02-01,V00012528,13,5,681,0,0.3846,0.8407
CM00002927,2026-04-04,V00002165,11,1,110,0,0.0909,0.7483
CM00002928,2026-06-13,V00010453,5,2,238,1,0.4,0.6919
CM00002929,2026-08-11,V00010185,13,5,203,0,0.3846,0.4101
CM00002930,2026-05-19,V00011422,9,5,81,0,0.5556,0.5586
CM00002931,2026-08-26,V00008895,6,1,32,0,0.1667,0.4384
CM00002932,2026-03-08,V00000285,8,2,29,1,0.25,0.537
CM00002933,2026-08-07,V00001919,8,3,203,0,0.375,0.6506
CM00002934,2026-04-17,V00014013,10,3,320,0,0.3,0.6061
CM00002935,2026-04-13,V00002084,6,1,18,0,0.1667,0.2571
CM00002936,2026-05-19,V00013802,9,2,89,0,0.2222,0.3739
CM00002937,2026-08-19,V00000590,9,4,62,0,0.4444,0.3229
CM00002938,2026-07-07,V00002723,8,4,229,0,0.5,0.5668
CM00002939,2026-05-18,V00006993,8,1,24,1,0.125,0.5455
CM00002940,2026-07-22,V00006882,11,3,10,0,0.2727,0.1333
CM00002941,2026-05-17,V00003804,8,4,103,0,0.5,0.6438
CM00002942,2026-01-18,V00008050,7,1,18,0,0.1429,0.1343
CM00002943,2026-04-12,V00010104,10,3,161,0,0.3,0.624
CM00002944,2026-07-30,V00013166,8,3,118,0,0.375,0.7564
CM00002945,2026-04-18,V00014136,5,1,11,0,0.2,0.2115
CM00002946,2026-06-25,V00000695,9,0,0,0,0.0,0.0
CM00002947,2026-01-28,V00010965,6,2,93,0,0.3333,0.3523
CM00002948,2026-03-22,V00006814,10,2,249,0,0.2,0.783
CM00002949,2026-06-13,V00002511,8,5,329,0,0.625,0.7311
CM00002950,2026-06-15,V00003452,15,4,102,0,0.2667,0.3072
CM00002951,2026-05-21,V00014574,6,3,108,0,0.5,0.3529
CM00002952,2026-08-07,V00001779,11,4,119,2,0.3636,0.4958
CM00002953,2026-02-09,V00004113,12,7,298,2,0.5833,0.43
CM00002954,2026-04-06,V00003690,8,2,140,0,0.25,0.5
CM00002955,2026-01-12,V00001502,8,3,206,0,0.375,0.4016
CM00002956,2026-07-02,V00000523,12,2,27,0,0.1667,0.5
CM00002957,2026-08-21,V00011185,8,6,960,1,0.75,0.904
CM00002958,2026-08-04,V00005795,7,4,210,0,0.5714,0.4646
CM00002959,2026-01-18,V00005047,11,4,220,0,0.3636,0.9322
CM00002960,2026-05-12,V00012974,6,5,125,0,0.8333,0.641
CM00002961,2026-03-11,V00008719,9,2,53,0,0.2222,0.2677
CM00002962,2026-03-27,V00004583,5,3,120,1,0.6,0.5
CM00002963,2026-04-19,V00004508,7,2,116,1,0.2857,0.5631
CM00002964,2026-08-17,V00006373,7,5,221,0,0.7143,0.4911
CM00002965,2026-01-03,V00003347,19,10,213,1,0.5263,0.5462
CM00002966,2026-04-09,V00008554,9,4,387,0,0.4444,0.6324
CM00002967,2026-08-04,V00004074,13,7,541,2,0.5385,0.7291
CM00002968,2026-06-15,V00004873,8,2,9,0,0.25,0.4091
CM00002969,2026-03-10,V00012893,11,7,128,1,0.6364,0.8707
CM00002970,2026-04-05,V00010700,14,5,569,0,0.3571,0.8246
CM00002971,2026-05-06,V00006410,10,4,239,0,0.4,0.616
CM00002972,2026-07-09,V00010266,15,4,51,0,0.2667,0.6071
CM00002973,2026-04-28,V00007417,7,3,357,0,0.4286,0.7391
CM00002974,2026-07-24,V00012562,12,5,450,1,0.4167,0.7258
CM00002975,2026-01-21,V00000426,6,2,28,1,0.3333,0.6364
CM00002976,2026-07-27,V00000814,2,1,94,0,0.5,0.6309
CM00002977,2026-01-20,V00013251,6,5,400,0,0.8333,0.5229
CM00002978,2026-06-09,V00009394,15,4,72,0,0.2667,0.6207
CM00002979,2026-07-12,V00002600,10,1,25,0,0.1,0.463
CM00002980,2026-05-14,V00012312,13,4,26,1,0.3077,0.2708
CM00002981,2026-02-09,V00003464,10,6,552,1,0.6,0.7302
CM00002982,2026-06-28,V00009200,7,2,117,1,0.2857,0.7048
CM00002983,2026-02-10,V00003321,12,3,137,0,0.25,0.4228
CM00002984,2026-04-10,V00001812,10,1,91,0,0.1,0.5417
CM00002985,2026-04-02,V00013031,7,3,456,1,0.4286,0.8736
CM00002986,2026-08-17,V00010111,10,3,111,1,0.3,0.5211
CM00002987,2026-08-10,V00006044,14,5,127,0,0.3571,0.4456
CM00002988,2026-03-21,V00008922,11,6,573,1,0.5455,0.8025
CM00002989,2026-06-27,V00001924,4,2,101,0,0.5,0.3367
CM00002990,2026-03-30,V00009752,15,7,283,1,0.4667,0.3925
CM00002991,2026-08-23,V00003156,15,6,63,0,0.4,0.6176
CM00002992,2026-03-19,V00003774,11,3,216,0,0.2727,0.6154
CM00002993,2026-08-09,V00005054,7,3,146,0,0.4286,0.3223
CM00002994,2026-03-15,V00004852,19,7,279,0,0.3684,0.7381
CM00002995,2026-08-21,V00014851,6,1,6,0,0.1667,0.0438
CM00002996,2026-01-14,V00012150,15,7,806,3,0.4667,0.7526
CM00002997,2026-05-25,V00005993,15,4,301,1,0.2667,0.5493
CM00002998,2026-02-23,V00001721,7,3,335,1,0.4286,0.7113
CM00002999,2026-08-07,V00009609,11,2,121,1,0.1818,0.7961
CM00003000,2026-01-15,V00013995,14,7,1040,0,0.5,0.83
CM00003001,2026-03-06,V00009506,8,6,491,0,0.75,0.7577
CM00003002,2026-08-19,V00002068,7,3,80,0,0.4286,0.5442
CM00003003,2026-06-16,V00001270,11,2,14,0,0.1818,0.3889
CM00003004,2026-06-15,V00000091,4,0,0,0,0.0,0.0
CM00003005,2026-05-11,V00001944,12,3,184,1,0.25,0.5242
CM00003006,2026-01-30,V00008452,5,2,229,0,0.4,0.7156
CM00003007,2026-08-20,V00005227,6,2,42,0,0.3333,0.6774
CM00003008,2026-02-19,V00012132,3,1,51,0,0.3333,0.5795
CM00003009,2026-01-09,V00005995,8,2,296,0,0.25,1.0
CM00003010,2026-04-11,V00012673,6,2,77,0,0.3333,0.3929
CM00003011,2026-07-30,V00013675,15,7,186,1,0.4667,0.7592
CM00003012,2026-06-23,V00004235,7,4,231,0,0.5714,0.825
CM00003013,2026-08-22,V00013787,6,3,120,1,0.5,0.7143
CM00003014,2026-05-13,V00006745,9,3,19,0,0.3333,0.5758
CM00003015,2026-08-27,V00002845,4,1,1,0,0.25,0.1111
CM00003016,2026-02-20,V00001248,14,6,545,2,0.4286,0.7209
CM00003017,2026-05-12,V00012749,6,4,157,1,0.6667,0.5688
CM00003018,2026-06-05,V00004413,11,3,42,0,0.2727,0.6087
CM00003019,2026-01-11,V00008386,8,2,172,0,0.25,0.6232
CM00003020,2026-02-16,V00010933,13,2,125,0,0.1538,0.672
CM00003021,2026-02-02,V00010210,11,2,149,0,0.1818,0.536
CM00003022,2026-06-29,V00013252,5,1,4,0,0.2,0.3636
CM00003023,2026-01-08,V00011664,4,0,0,0,0.0,0.0
CM00003024,2026-01-11,V00013682,12,4,123,0,0.3333,0.6833
CM00003025,2026-06-04,V00013319,15,5,314,0,0.3333,0.4758
CM00003026,2026-06-25,V00014465,15,6,441,0,0.4,0.7656
CM00003027,2026-05-13,V00000392,13,5,175,0,0.3846,0.7955
CM00003028,2026-05-11,V00002073,4,2,223,0,0.5,0.8849
CM00003029,2026-07-27,V00003553,6,1,17,0,0.1667,0.5312
CM00003030,2026-07-11,V00009779,10,7,484,1,0.7,0.7857
CM00003031,2026-03-01,V00004775,10,6,815,2,0.6,0.7588
CM00003032,2026-07-06,V00013357,8,1,41,0,0.125,0.4059
CM00003033,2026-08-09,V00014684,10,2,129,0,0.2,0.3603
CM00003034,2026-04-14,V00005424,12,4,469,0,0.3333,0.938
CM00003035,2026-02-17,V00004317,10,3,33,0,0.3,0.6875
CM00003036,2026-03-07,V00005367,8,3,182,1,0.375,0.5833
CM00003037,2026-08-19,V00008027,11,3,50,0,0.2727,0.8772
CM00003038,2026-07-26,V00013052,12,3,255,1,0.25,0.8019
CM00003039,2026-08-23,V00010524,7,4,381,0,0.5714,0.567
CM00003040,2026-07-10,V00004707,16,6,249,1,0.375,0.477
CM00003041,2026-01-20,V00006538,10,0,0,0,0.0,0.0
CM00003042,2026-08-11,V00001849,7,2,26,0,0.2857,0.3421
CM00003043,2026-07-18,V00006478,9,3,260,0,0.3333,0.8254
CM00003044,2026-04-02,V00003863,11,3,134,1,0.2727,0.4422
CM00003045,2026-07-19,V00007651,11,6,735,1,0.5455,0.6921
CM00003046,2026-07-20,V00012404,6,3,187,0,0.5,0.3872
CM00003047,2026-03-29,V00003565,9,2,12,1,0.2222,0.24
CM00003048,2026-06-17,V00002299,9,5,565,0,0.5556,0.6975
CM00003049,2026-04-16,V00005082,12,7,429,1,0.5833,0.4256
CM00003050,2026-01-27,V00012460,8,3,10,0,0.375,0.2564
CM00003051,2026-05-09,V00000739,7,2,33,0,0.2857,0.7174
CM00003052,2026-02-11,V00001712,10,2,153,1,0.2,0.5584
CM00003053,2026-01-04,V00008581,4,2,136,2,0.5,0.7727
CM00003054,2026-08-21,V00006697,10,4,257,0,0.4,0.363
CM00003055,2026-03-14,V00005173,9,4,177,1,0.4444,0.5673
CM00003056,2026-06-27,V00001326,5,2,163,0,0.4,0.6417
CM00003057,2026-04-11,V00010026,9,4,128,0,0.4444,0.4923
CM00003058,2026-01-23,V00006644,10,4,264,0,0.4,0.4342
CM00003059,2026-04-10,V00006287,4,1,43,0,0.25,0.4778
CM00003060,2026-03-01,V00008187,14,7,1137,3,0.5,0.9229
CM00003061,2026-07-08,V00012898,7,1,17,0,0.1429,0.1049
CM00003062,2026-08-09,V00003722,7,1,41,0,0.1429,0.2908
CM00003063,2026-08-05,V00001403,9,3,36,0,0.3333,0.3636
CM00003064,2026-01-03,V00014451,8,3,155,1,0.375,0.6379
CM00003065,2026-07-23,V00013684,13,4,50,1,0.3077,0.5208
CM00003066,2026-06-19,V00004821,7,3,363,0,0.4286,0.7035
CM00003067,2026-08-28,V00014172,9,4,67,1,0.4444,0.5776
CM00003068,2026-05-24,V00000615,14,7,327,0,0.5,0.4134
CM00003069,2026-07-26,V00008760,7,2,102,0,0.2857,0.573
CM00003070,2026-05-13,V00008882,10,5,202,0,0.5,0.2806
CM00003071,2026-01-31,V00002520,8,4,86,0,0.5,0.5972
CM00003072,2026-08-20,V00004867,13,5,138,1,0.3846,0.7077
CM00003073,2026-04-21,V00002225,7,4,165,0,0.5714,0.825
CM00003074,2026-01-16,V00008168,2,0,0,0,0.0,0.0
CM00003075,2026-06-28,V00001344,7,2,152,0,0.2857,0.5241
CM00003076,2026-03-14,V00005539,8,2,37,0,0.25,0.4111
CM00003077,2026-03-25,V00000782,11,3,231,1,0.2727,0.562
CM00003078,2026-01-14,V00009807,10,5,61,0,0.5,0.4519
CM00003079,2026-07-04,V00009205,5,0,0,0,0.0,0.0
CM00003080,2026-05-26,V00010250,4,1,85,0,0.25,0.6641
CM00003081,2026-03-14,V00006936,14,7,484,2,0.5,0.6229
CM00003082,2026-07-19,V00012522,9,3,42,0,0.3333,0.25
CM00003083,2026-08-13,V00000169,14,5,287,1,0.3571,0.7455
CM00003084,2026-07-04,V00014487,9,2,182,1,0.2222,0.7165
CM00003085,2026-03-25,V00014012,8,6,162,1,0.75,0.8182
CM00003086,2026-08-23,V00012852,9,1,45,0,0.1111,0.5172
CM00003087,2026-02-11,V00005246,7,2,198,0,0.2857,0.8534
CM00003088,2026-01-14,V00000173,10,4,234,1,0.4,0.3849
CM00003089,2026-03-04,V00010149,5,3,261,1,0.6,0.4971
CM00003090,2026-07-27,V00008382,11,4,437,0,0.3636,0.8535
CM00003091,2026-05-15,V00003747,10,2,90,0,0.2,0.3383
CM00003092,2026-05-10,V00013355,9,4,86,0,0.4444,0.5244
CM00003093,2026-03-02,V00006779,14,7,93,3,0.5,0.7381
CM00003094,2026-05-02,V00010384,5,1,8,0,0.2,0.2162
CM00003095,2026-06-30,V00004910,10,3,60,1,0.3,0.8
CM00003096,2026-03-01,V00004431,8,0,0,0,0.0,0.0
CM00003097,2026-05-24,V00010386,10,2,85,0,0.2,0.4775
CM00003098,2026-07-20,V00010907,8,2,99,0,0.25,0.4267
CM00003099,2026-03-29,V00012593,8,4,31,0,0.5,0.4844
CM00003100,2026-05-03,V00014675,8,2,250,1,0.25,0.9615
CM00003101,2026-03-25,V00009483,8,2,36,0,0.25,0.5294
CM00003102,2026-01-03,V00003836,9,3,81,0,0.3333,0.5094
CM00003103,2026-07-16,V00013453,10,6,486,1,0.6,0.9205
CM00003104,2026-04-09,V00010248,8,2,49,0,0.25,0.3063
CM00003105,2026-03-29,V00008433,9,2,84,0,0.2222,0.6462
CM00003106,2026-05-21,V00007775,8,2,75,0,0.25,0.8333
CM00003107,2026-03-07,V00000117,4,1,9,0,0.25,0.8182
CM00003108,2026-06-06,V00009041,12,5,488,1,0.4167,0.5483
CM00003109,2026-03-09,V00007616,14,6,375,0,0.4286,0.4845
CM00003110,2026-08-15,V00012928,6,2,195,1,0.3333,0.625
CM00003111,2026-01-15,V00004271,12,4,179,1,0.3333,0.4864
CM00003112,2026-01-01,V00009388,11,2,125,1,0.1818,0.5208
CM00003113,2026-08-09,V00012618,6,2,87,0,0.3333,0.3508
CM00003114,2026-07-18,V00014011,9,4,342,0,0.4444,0.75
CM00003115,2026-01-25,V00012616,6,4,45,0,0.6667,0.4327
CM00003116,2026-02-28,V00003174,12,5,343,2,0.4167,0.7221
CM00003117,2026-04-02,V00008459,8,2,92,0,0.25,0.6667
CM00003118,2026-01-10,V00013370,11,2,161,0,0.1818,0.5876
CM00003119,2026-08-10,V00012036,6,3,101,1,0.5,0.4208
CM00003120,2026-06-11,V00007490,15,5,217,0,0.3333,0.2747
CM00003121,2026-04-15,V00008275,7,1,7,0,0.1429,0.5385
CM00003122,2026-08-17,V00007659,12,3,96,1,0.25,0.2353
CM00003123,2026-07-25,V00001056,7,3,299,0,0.4286,0.5568
CM00003124,2026-06-11,V00000578,6,3,147,1,0.5,0.3141
CM00003125,2026-05-16,V00001640,7,3,90,1,0.4286,0.375
CM00003126,2026-02-18,V00003279,13,2,50,0,0.1538,0.463
CM00003127,2026-03-27,V00000569,11,2,81,0,0.1818,0.75
CM00003128,2026-02-19,V00010237,8,3,140,1,0.375,0.5185
CM00003129,2026-03-22,V00005801,12,5,249,2,0.4167,0.6822
CM00003130,2026-04-24,V00014282,8,2,30,0,0.25,0.75
CM00003131,2026-07-29,V00005167,8,2,29,0,0.25,0.3295
CM00003132,2026-06-05,V00013550,13,3,27,0,0.2308,0.5625
CM00003133,2026-08-11,V00006731,6,2,158,0,0.3333,0.6423
CM00003134,2026-06-24,V00009554,6,4,47,0,0.6667,0.47
CM00003135,2026-06-05,V00007655,9,4,346,0,0.4444,0.5545
CM00003136,2026-08-06,V00004305,7,4,91,1,0.5714,0.474
CM00003137,2026-04-14,V00007795,7,3,339,0,0.4286,0.9912
CM00003138,2026-05-29,V00008511,6,3,130,1,0.5,0.8667
CM00003139,2026-06-16,V00011858,6,4,350,1,0.6667,0.6944
CM00003140,2026-05-20,V00003175,9,2,145,1,0.2222,0.4899
CM00003141,2026-02-18,V00013441,9,4,345,1,0.4444,0.5291
CM00003142,2026-05-09,V00001737,9,3,195,1,0.3333,0.619
CM00003143,2026-02-17,V00013604,14,8,1001,1,0.5714,0.7583
CM00003144,2026-08-20,V00002651,11,7,597,1,0.6364,0.8703
CM00003145,2026-05-23,V00010983,7,0,0,0,0.0,0.0
CM00003146,2026-08-20,V00004926,15,5,243,1,0.3333,0.5461
CM00003147,2026-01-22,V00004680,9,8,1053,2,0.8889,0.7835
CM00003148,2026-08-26,V00012991,15,3,186,0,0.2,0.5586
CM00003149,2026-08-27,V00004747,5,1,75,0,0.2,0.9036
CM00003150,2026-04-08,V00001774,5,3,144,1,0.6,0.4898
CM00003151,2026-03-20,V00013364,9,4,367,1,0.4444,0.5734
CM00003152,2026-02-04,V00003714,9,3,188,0,0.3333,0.3868
CM00003153,2026-07-06,V00012744,11,3,152,1,0.2727,0.3108
CM00003154,2026-04-24,V00012620,8,5,166,1,0.625,0.8098
CM00003155,2026-02-07,V00003415,10,1,18,0,0.1,0.2857
CM00003156,2026-06-30,V00002910,13,4,166,1,0.3077,0.5929
CM00003157,2026-03-25,V00009278,7,2,38,1,0.2857,0.7037
CM00003158,2026-07-16,V00002806,14,6,468,0,0.4286,0.527
CM00003159,2026-02-16,V00001598,10,3,240,0,0.3,0.8421
CM00003160,2026-02-02,V00012914,8,6,333,0,0.75,0.9098
CM00003161,2026-01-06,V00010938,9,5,229,0,0.5556,0.7897
CM00003162,2026-05-16,V00007522,3,0,0,0,0.0,0.0
CM00003163,2026-07-05,V00002531,13,7,352,1,0.5385,0.7184
CM00003164,2026-07-26,V00010355,8,3,191,1,0.375,0.7074
CM00003165,2026-07-29,V00002722,8,7,28,2,0.875,0.4444
CM00003166,2026-05-04,V00011585,8,2,24,0,0.25,0.2222
CM00003167,2026-05-15,V00009937,6,1,25,0,0.1667,0.7143
CM00003168,2026-08-20,V00009149,3,1,69,0,0.3333,0.5111
CM00003169,2026-08-19,V00009311,10,2,40,1,0.2,0.2222
CM00003170,2026-06-27,V00004379,12,4,33,0,0.3333,0.2661
CM00003171,2026-06-21,V00004684,12,6,332,1,0.5,0.5704
CM00003172,2026-06-07,V00004326,11,2,117,1,0.1818,0.4718
CM00003173,2026-05-22,V00008640,8,2,206,0,0.25,0.6242
CM00003174,2026-07-26,V00012176,9,3,169,1,0.3333,0.4173
CM00003175,2026-04-17,V00013165,12,7,279,2,0.5833,0.8304
CM00003176,2026-08-28,V00009819,9,3,70,3,0.3333,0.7778
CM00003177,2026-08-27,V00004015,10,4,310,0,0.4,0.62
CM00003178,2026-07-27,V00013617,8,1,68,0,0.125,0.4789
CM00003179,2026-02-11,V00008331,11,4,333,0,0.3636,0.7367
CM00003180,2026-08-20,V00001006,7,2,70,1,0.2857,0.5147
CM00003181,2026-07-20,V00006769,12,3,86,1,0.25,0.3185
CM00003182,2026-08-15,V00010720,9,3,294,0,0.3333,0.7597
CM00003183,2026-04-02,V00004296,5,1,90,0,0.2,0.6
CM00003184,2026-04-01,V00000751,5,2,179,1,0.4,0.6938
CM00003185,2026-05-07,V00001178,9,2,50,1,0.2222,0.2688
CM00003186,2026-05-16,V00006358,7,4,112,0,0.5714,0.5185
CM00003187,2026-08-16,V00004486,7,1,10,0,0.1429,0.3846
CM00003188,2026-01-26,V00012999,6,2,159,0,0.3333,0.4676
CM00003189,2026-07-10,V00011001,9,0,0,0,0.0,0.0
CM00003190,2026-04-18,V00011784,16,8,85,1,0.5,0.5903
CM00003191,2026-05-20,V00000822,15,7,154,2,0.4667,0.449
CM00003192,2026-08-25,V00007096,13,7,563,2,0.5385,0.7246
CM00003193,2026-01-02,V00007270,6,3,18,0,0.5,0.3158
CM00003194,2026-08-23,V00006867,12,8,439,1,0.6667,0.8574
CM00003195,2026-06-11,V00004570,11,3,389,0,0.2727,0.9396
CM00003196,2026-08-14,V00007342,8,4,148,1,0.5,0.74
CM00003197,2026-03-06,V00004917,7,2,22,0,0.2857,0.6471
CM00003198,2026-06-22,V00012076,6,1,111,0,0.1667,0.9823
CM00003199,2026-04-27,V00012017,6,1,10,0,0.1667,0.068
CM00003200,2026-05-03,V00014355,17,7,314,4,0.4118,0.4722
CM00003201,2026-07-24,V00008620,9,3,114,1,0.3333,0.3918
CM00003202,2026-08-01,V00005526,10,4,89,0,0.4,0.9271
CM00003203,2026-08-12,V00000461,8,5,453,1,0.625,0.897
CM00003204,2026-02-12,V00007977,14,7,117,0,0.5,0.4398
CM00003205,2026-03-15,V00004089,10,4,321,0,0.4,0.4805
CM00003206,2026-05-30,V00001618,11,6,251,2,0.5455,0.6244
CM00003207,2026-08-04,V00014610,8,1,44,1,0.125,0.4632
CM00003208,2026-07-09,V00008627,11,4,169,0,0.3636,0.5868
CM00003209,2026-04-18,V00008223,10,2,129,0,0.2,0.5079
CM00003210,2026-03-14,V00004743,11,2,95,1,0.1818,0.4204
CM00003211,2026-08-20,V00007317,9,2,58,0,0.2222,0.4462
CM00003212,2026-06-23,V00008780,10,7,518,3,0.7,0.881
CM00003213,2026-04-30,V00001314,4,1,9,0,0.25,0.5625
CM00003214,2026-07-17,V00000913,7,4,189,1,0.5714,0.3635
CM00003215,2026-04-14,V00009896,6,3,257,1,0.5,0.5711
CM00003216,2026-06-18,V00012446,10,5,142,0,0.5,0.71
CM00003217,2026-04-07,V00007895,9,2,36,1,0.2222,0.439
CM00003218,2026-03-23,V00012776,11,3,21,0,0.2727,0.1346
CM00003219,2026-04-03,V00004634,7,2,20,1,0.2857,0.2703
CM00003220,2026-01-14,V00005181,9,3,53,0,0.3333,0.5354
CM00003221,2026-07-28,V00002411,12,5,156,2,0.4167,0.4727
CM00003222,2026-06-25,V00001097,7,3,195,0,0.4286,0.6075
CM00003223,2026-08-05,V00008661,9,4,653,0,0.4444,0.9171
CM00003224,2026-08-22,V00012880,6,4,232,0,0.6667,0.6667
CM00003225,2026-03-13,V00013535,12,3,259,1,0.25,0.7443
CM00003226,2026-03-25,V00000018,7,2,128,0,0.2857,0.4571
CM00003227,2026-07-29,V00014856,12,2,124,0,0.1667,0.4697
CM00003228,2026-07-08,V00005810,10,2,93,0,0.2,0.355
CM00003229,2026-07-09,V00005258,14,0,0,0,0.0,0.0
CM00003230,2026-06-20,V00006460,10,2,14,0,0.2,0.2692
CM00003231,2026-02-20,V00010898,7,3,379,0,0.4286,0.8257
CM00003232,2026-03-25,V00003608,9,4,149,0,0.4444,0.6107
CM00003233,2026-02-05,V00013786,8,2,252,0,0.25,0.773
CM00003234,2026-02-23,V00012761,8,2,27,0,0.25,0.6429
CM00003235,2026-05-24,V00011421,7,2,128,1,0.2857,0.4539
CM00003236,2026-06-12,V00008832,8,1,10,0,0.125,0.625
CM00003237,2026-08-08,V00009216,13,2,60,0,0.1538,0.2727
CM00003238,2026-07-06,V00003363,9,4,204,1,0.4444,0.6296
CM00003239,2026-07-16,V00014270,9,4,37,1,0.4444,0.7708
CM00003240,2026-08-13,V00013057,7,1,42,0,0.1429,1.0
CM00003241,2026-08-19,V00010882,5,3,119,0,0.6,0.4722
CM00003242,2026-02-01,V00013608,8,1,83,0,0.125,0.7217
CM00003243,2026-03-18,V00014333,12,3,58,1,0.25,0.7733
CM00003244,2026-01-10,V00002476,6,1,40,0,0.1667,0.5634
CM00003245,2026-08-03,V00002763,6,1,35,0,0.1667,0.2465
CM00003246,2026-06-05,V00000671,6,4,408,1,0.6667,0.7846
CM00003247,2026-08-05,V00006944,8,2,153,0,0.25,0.535
CM00003248,2026-07-27,V00006401,10,5,132,0,0.5,0.4258
CM00003249,2026-04-19,V00014737,12,2,42,2,0.1667,0.6364
CM00003250,2026-07-18,V00007292,10,1,32,0,0.1,0.3516
CM00003251,2026-01-17,V00014241,10,3,271,1,0.3,0.7113
CM00003252,2026-03-08,V00005140,5,0,0,0,0.0,0.0
CM00003253,2026-07-04,V00005429,11,5,392,2,0.4545,0.6877
CM00003254,2026-04-15,V00006983,12,7,249,2,0.5833,0.6352
CM00003255,2026-03-16,V00008347,10,2,195,1,0.2,0.5478
CM00003256,2026-07-20,V00002866,9,2,42,0,0.2222,0.6774
CM00003257,2026-02-13,V00000714,6,2,190,0,0.3333,0.7252
CM00003258,2026-06-04,V00004096,11,5,419,1,0.4545,0.6496
CM00003259,2026-03-23,V00013516,9,3,14,0,0.3333,0.5833
CM00003260,2026-04-24,V00004106,5,2,12,0,0.4,0.5455
CM00003261,2026-03-08,V00012207,12,3,154,1,0.25,0.7662
CM00003262,2026-08-20,V00012830,9,1,26,0,0.1111,0.3095
CM00003263,2026-07-15,V00010197,11,6,39,0,0.5455,0.5417
CM00003264,2026-02-21,V00014088,7,1,20,0,0.1429,0.2326
CM00003265,2026-08-16,V00002139,5,2,157,0,0.4,0.4361
CM00003266,2026-05-02,V00014216,10,5,202,0,0.5,0.6516
CM00003267,2026-08-07,V00010973,6,2,38,0,0.3333,0.6333
CM00003268,2026-04-05,V00006300,11,3,51,0,0.2727,0.6538
CM00003269,2026-02-07,V00010008,8,4,391,2,0.5,0.7697
CM00003270,2026-06-30,V00005937,10,4,60,0,0.4,0.6
CM00003271,2026-02-11,V00007086,9,2,43,0,0.2222,0.3308
CM00003272,2026-07-08,V00002408,8,2,148,0,0.25,0.6435
CM00003273,2026-07-13,V00001795,7,1,15,0,0.1429,0.1829
CM00003274,2026-05-08,V00014311,10,3,29,0,0.3,0.3021
CM00003275,2026-08-25,V00013081,9,2,57,0,0.2222,0.6064
CM00003276,2026-07-23,V00011341,9,5,237,1,0.5556,0.8778
CM00003277,2026-03-24,V00002110,8,2,69,1,0.25,0.5227
CM00003278,2026-04-19,V00000199,11,1,8,0,0.0909,0.4211
CM00003279,2026-05-10,V00001580,11,4,39,0,0.3636,0.2868
CM00003280,2026-08-23,V00014030,12,1,19,0,0.0833,0.1267
CM00003281,2026-03-10,V00011996,9,6,674,0,0.6667,0.6419
CM00003282,2026-06-24,V00001011,9,0,0,0,0.0,0.0
CM00003283,2026-04-03,V00002881,9,5,170,1,0.5556,0.7234
CM00003284,2026-07-18,V00006425,7,5,314,2,0.7143,0.8051
CM00003285,2026-07-17,V00002674,9,3,126,0,0.3333,0.5
CM00003286,2026-02-09,V00012096,8,1,107,0,0.125,0.7039
CM00003287,2026-01-10,V00004557,7,1,15,0,0.1429,0.5
CM00003288,2026-06-09,V00005124,9,5,358,3,0.5556,0.6819
CM00003289,2026-05-01,V00012263,4,2,46,0,0.5,0.4423
CM00003290,2026-08-24,V00008178,6,0,0,0,0.0,0.0
CM00003291,2026-06-15,V00000853,15,4,253,0,0.2667,0.6082
CM00003292,2026-02-09,V00010378,6,0,0,0,0.0,0.0
CM00003293,2026-04-26,V00011138,12,5,409,0,0.4167,0.6817
CM00003294,2026-04-27,V00011914,9,4,47,0,0.4444,0.6528
CM00003295,2026-04-02,V00013805,12,3,60,2,0.25,0.3704
CM00003296,2026-04-27,V00008243,15,6,110,1,0.4,0.5729
CM00003297,2026-05-10,V00003766,8,1,12,0,0.125,0.3871
CM00003298,2026-05-22,V00006734,7,1,63,0,0.1429,0.4667
CM00003299,2026-01-12,V00002890,11,2,155,0,0.1818,0.5784
CM00003300,2026-08-19,V00006211,10,4,206,0,0.4,0.4905
CM00003301,2026-06-15,V00002346,12,4,391,0,0.3333,0.5461
CM00003302,2026-04-30,V00006826,12,3,310,1,0.25,0.7769
CM00003303,2026-03-25,V00000165,9,1,25,0,0.1111,0.1497
CM00003304,2026-04-25,V00004352,11,4,198,0,0.3636,0.4714
CM00003305,2026-04-25,V00005387,8,3,79,0,0.375,0.7745
CM00003306,2026-08-07,V00001926,4,2,109,0,0.5,0.9397
CM00003307,2026-08-08,V00011576,8,1,98,1,0.125,0.6667
CM00003308,2026-06-12,V00011430,7,3,32,0,0.4286,0.6275
CM00003309,2026-03-30,V00013443,5,1,74,0,0.2,0.7957
CM00003310,2026-08-08,V00013800,13,5,140,2,0.3846,0.459
CM00003311,2026-06-04,V00012390,7,2,131,0,0.2857,0.4746
CM00003312,2026-08-03,V00000754,8,3,115,0,0.375,0.3142
CM00003313,2026-05-02,V00000911,10,4,456,2,0.4,0.7215
CM00003314,2026-04-05,V00001697,7,2,107,0,0.2857,0.3429
CM00003315,2026-07-02,V00010466,10,2,54,0,0.2,0.8182
CM00003316,2026-05-19,V00006670,6,0,0,0,0.0,0.0
CM00003317,2026-06-23,V00008673,8,3,157,1,0.375,0.4187
CM00003318,2026-01-23,V00001443,13,6,132,1,0.4615,0.4583
CM00003319,2026-04-16,V00008872,9,4,197,1,0.4444,0.5184
CM00003320,2026-08-17,V00005855,7,1,15,0,0.1429,0.2206
CM00003321,2026-05-01,V00005618,9,1,50,0,0.1111,0.4167
CM00003322,2026-07-21,V00002855,12,7,426,0,0.5833,0.8694
CM00003323,2026-03-02,V00014374,15,5,396,0,0.3333,0.6286
CM00003324,2026-01-09,V00004944,13,5,355,0,0.3846,0.5182
CM00003325,2026-06-08,V00004404,7,3,36,1,0.4286,0.6
CM00003326,2026-08-13,V00000146,11,4,37,1,0.3636,0.4205
CM00003327,2026-04-30,V00010233,10,1,70,0,0.1,1.0
CM00003328,2026-06-16,V00009559,5,2,65,1,0.4,0.7738
CM00003329,2026-01-14,V00009237,9,3,26,0,0.3333,0.0833
CM00003330,2026-01-26,V00002608,7,6,548,3,0.8571,0.9043
CM00003331,2026-04-06,V00003325,10,4,327,1,0.4,0.9506
CM00003332,2026-06-11,V00009297,4,2,99,0,0.5,0.4267
CM00003333,2026-03-13,V00007916,13,4,277,0,0.3077,0.405
CM00003334,2026-04-01,V00001979,12,7,187,0,0.5833,0.4379
CM00003335,2026-07-31,V00004193,12,1,10,0,0.0833,0.5
CM00003336,2026-01-05,V00006666,11,3,122,1,0.2727,0.4674
CM00003337,2026-04-05,V00001241,9,7,235,0,0.7778,0.6104
CM00003338,2026-03-27,V00001504,12,5,445,1,0.4167,0.6846
CM00003339,2026-06-29,V00014112,6,3,174,0,0.5,0.3537
CM00003340,2026-08-09,V00004617,12,6,761,0,0.5,0.8869
CM00003341,2026-06-26,V00008774,17,7,298,1,0.4118,0.5321
CM00003342,2026-03-21,V00007986,8,2,23,0,0.25,0.6053
CM00003343,2026-06-23,V00006942,3,1,59,0,0.3333,0.7024
CM00003344,2026-05-06,V00004473,8,4,383,0,0.5,0.6218
CM00003345,2026-04-29,V00009515,8,4,165,1,0.5,0.4484
CM00003346,2026-04-23,V00006528,11,2,60,0,0.1818,0.5882
CM00003347,2026-02-02,V00000748,9,3,179,0,0.3333,0.3594
CM00003348,2026-03-29,V00009673,8,3,98,0,0.375,0.4242
CM00003349,2026-08-05,V00005454,9,4,73,2,0.4444,0.4562
CM00003350,2026-03-31,V00009373,12,5,360,1,0.4167,0.4114
CM00003351,2026-06-12,V00010227,11,8,358,1,0.7273,0.8443
CM00003352,2026-02-22,V00006265,8,2,121,0,0.25,0.4291
CM00003353,2026-05-30,V00011252,8,2,103,0,0.25,0.3366
CM00003354,2026-07-07,V00001907,9,1,10,0,0.1111,0.5556
CM00003355,2026-08-22,V00009108,8,3,180,0,0.375,0.5607
CM00003356,2026-07-12,V00013301,12,3,163,1,0.25,0.4985
CM00003357,2026-04-28,V00012288,6,1,19,0,0.1667,0.1863
CM00003358,2026-04-09,V00006604,8,5,334,1,0.625,0.5302
CM00003359,2026-05-03,V00012857,9,3,304,0,0.3333,0.7451
CM00003360,2026-08-22,V00004975,5,0,0,0,0.0,0.0
CM00003361,2026-08-23,V00003648,6,2,57,0,0.3333,0.4254
CM00003362,2026-03-30,V00012582,4,2,28,0,0.5,1.0
CM00003363,2026-08-13,V00010530,8,2,106,1,0.25,0.4907
CM00003364,2026-02-18,V00014000,8,6,433,1,0.75,0.5426
CM00003365,2026-08-20,V00008730,11,4,206,0,0.3636,0.7153
CM00003366,2026-08-13,V00012322,18,4,159,1,0.2222,0.286
CM00003367,2026-04-28,V00007874,7,5,416,3,0.7143,0.7704
CM00003368,2026-04-25,V00008641,13,5,168,0,0.3846,0.5419
CM00003369,2026-01-06,V00004810,13,3,16,0,0.2308,0.6667
CM00003370,2026-08-09,V00006407,6,1,3,1,0.1667,0.3333
CM00003371,2026-08-21,V00007836,14,6,527,0,0.4286,0.9055
CM00003372,2026-07-24,V00014171,9,4,241,0,0.4444,0.482
CM00003373,2026-02-07,V00004393,2,0,0,0,0.0,0.0
CM00003374,2026-08-22,V00009829,7,2,87,0,0.2857,0.6304
CM00003375,2026-04-25,V00014478,9,2,8,1,0.2222,0.3636
CM00003376,2026-08-28,V00001008,7,2,27,0,0.2857,0.45
CM00003377,2026-08-06,V00014464,8,4,67,1,0.5,0.6442
CM00003378,2026-02-13,V00009081,5,2,142,0,0.4,0.5504
CM00003379,2026-03-30,V00002846,11,4,170,0,0.3636,0.3632
CM00003380,2026-02-15,V00009339,16,2,128,0,0.125,0.5079
CM00003381,2026-03-20,V00000728,6,2,163,0,0.3333,0.5739
CM00003382,2026-05-17,V00001482,10,2,218,1,0.2,0.6374
CM00003383,2026-05-06,V00007941,10,5,244,0,0.5,0.4207
CM00003384,2026-03-21,V00013004,11,5,499,1,0.4545,0.8458
CM00003385,2026-03-16,V00007423,9,4,385,0,0.4444,0.6016
CM00003386,2026-07-17,V00003346,6,2,226,1,0.3333,0.6807
CM00003387,2026-03-24,V00004446,8,2,156,0,0.25,0.5379
CM00003388,2026-01-20,V00009913,4,2,175,1,0.5,0.5757
CM00003389,2026-06-20,V00007451,8,5,223,1,0.625,0.9292
CM00003390,2026-03-26,V00000223,13,4,163,1,0.3077,0.6367
CM00003391,2026-05-14,V00006563,8,4,540,0,0.5,0.7988
CM00003392,2026-05-27,V00011492,6,4,398,0,0.6667,0.7316
CM00003393,2026-08-24,V00008342,11,7,470,0,0.6364,0.8393
CM00003394,2026-08-13,V00002590,8,3,109,0,0.375,0.5677
CM00003395,2026-04-13,V00009669,8,5,398,0,0.625,0.8652
CM00003396,2026-05-28,V00007661,8,4,27,0,0.5,0.45
CM00003397,2026-03-02,V00011978,9,5,575,3,0.5556,0.9664
CM00003398,2026-08-26,V00006772,11,5,121,1,0.4545,0.6541
CM00003399,2026-03-07,V00009151,10,0,0,0,0.0,0.0
CM00003400,2026-08-21,V00003739,6,1,62,0,0.1667,0.4697
CM00003401,2026-06-28,V00013382,9,6,812,0,0.6667,0.8104
CM00003402,2026-06-07,V00010710,5,0,0,0,0.0,0.0
CM00003403,2026-04-02,V00000487,3,2,74,0,0.6667,0.3737
CM00003404,2026-08-26,V00001031,6,3,125,0,0.5,0.7716
CM00003405,2026-06-30,V00003563,10,3,227,1,0.3,0.7276
CM00003406,2026-08-20,V00012739,10,3,153,1,0.3,0.3493
CM00003407,2026-02-14,V00005128,7,1,16,0,0.1429,0.381
CM00003408,2026-08-23,V00014720,6,3,65,1,0.5,0.7738
CM00003409,2026-06-23,V00009709,12,6,440,2,0.5,0.6322
CM00003410,2026-06-27,V00007843,6,1,5,0,0.1667,0.0284
CM00003411,2026-06-16,V00002665,10,4,105,1,0.4,0.3804
CM00003412,2026-01-31,V00002439,12,6,227,1,0.5,0.8407
CM00003413,2026-05-02,V00010316,7,2,51,1,0.2857,0.4048
CM00003414,2026-05-01,V00000851,7,2,101,0,0.2857,0.7319
CM00003415,2026-06-25,V00011573,13,4,435,1,0.3077,0.6435
CM00003416,2026-06-05,V00001440,11,3,396,1,0.2727,0.8148
CM00003417,2026-03-02,V00000835,10,2,230,0,0.2,0.7233
CM00003418,2026-08-28,V00003915,10,3,307,0,0.3,0.7258
CM00003419,2026-08-27,V00008427,11,4,409,1,0.3636,0.6235
CM00003420,2026-08-21,V00001235,14,5,211,0,0.3571,0.5553
CM00003421,2026-05-03,V00001791,8,3,234,0,0.375,0.4906
CM00003422,2026-06-29,V00003421,9,3,70,1,0.3333,0.5691
CM00003423,2026-06-29,V00008314,3,0,0,0,0.0,0.0
CM00003424,2026-08-26,V00007459,6,2,197,0,0.3333,0.5597
CM00003425,2026-03-26,V00005430,7,2,83,0,0.2857,0.4716
CM00003426,2026-08-17,V00007095,13,3,247,1,0.2308,0.5758
CM00003427,2026-07-12,V00003295,7,3,7,0,0.4286,0.2917
CM00003428,2026-07-09,V00010120,12,9,872,0,0.75,0.5666
CM00003429,2026-07-02,V00008442,13,3,205,1,0.2308,0.5694
CM00003430,2026-08-28,V00001139,10,6,588,1,0.6,0.6164
CM00003431,2026-04-24,V00012976,10,3,113,0,0.3,0.7107
CM00003432,2026-06-04,V00013150,4,2,22,0,0.5,0.55
CM00003433,2026-05-31,V00014566,7,4,214,1,0.5714,0.5404
CM00003434,2026-08-21,V00004980,7,4,440,1,0.5714,0.6627
CM00003435,2026-07-12,V00004308,7,1,29,0,0.1429,1.0
CM00003436,2026-08-15,V00010137,11,2,66,0,0.1818,0.9429
CM00003437,2026-05-17,V00010574,10,1,30,0,0.1,0.625
CM00003438,2026-08-06,V00000837,11,7,74,2,0.6364,0.5564
CM00003439,2026-04-25,V00014839,9,1,132,0,0.1111,0.898
CM00003440,2026-08-15,V00003051,10,3,383,2,0.3,0.9974
CM00003441,2026-08-17,V00000918,8,3,160,0,0.375,0.6926
CM00003442,2026-06-10,V00001991,11,5,315,0,0.4545,0.5625
CM00003443,2026-08-13,V00013552,14,6,443,1,0.4286,0.6477
CM00003444,2026-04-30,V00009470,14,4,342,1,0.2857,0.9194
CM00003445,2026-08-03,V00009156,13,5,243,0,0.3846,0.81
CM00003446,2026-05-18,V00007911,12,4,350,1,0.3333,0.6076
CM00003447,2026-07-05,V00006252,14,6,270,2,0.4286,0.9574
CM00003448,2026-03-09,V00011720,14,3,67,1,0.2143,0.1284
CM00003449,2026-08-21,V00008209,11,4,405,2,0.3636,0.6618
CM00003450,2026-01-16,V00002946,8,2,220,2,0.25,0.6215
CM00003451,2026-06-08,V00005358,11,6,74,0,0.5455,0.1341
CM00003452,2026-07-04,V00003355,6,1,45,0,0.1667,0.3782
CM00003453,2026-02-23,V00010445,12,4,444,0,0.3333,0.7303
CM00003454,2026-03-01,V00010977,9,4,321,1,0.4444,0.4834
CM00003455,2026-05-26,V00008929,8,5,261,0,0.625,0.7151
CM00003456,2026-08-27,V00004221,3,1,18,0,0.3333,0.3051
CM00003457,2026-04-19,V00014614,7,1,74,0,0.1429,0.4458
CM00003458,2026-04-08,V00001803,3,0,0,0,0.0,0.0
CM00003459,2026-02-20,V00008009,13,1,6,0,0.0769,0.3158
CM00003460,2026-03-21,V00003274,6,1,115,0,0.1667,0.8394
CM00003461,2026-07-31,V00012601,12,3,107,1,0.25,0.5023
CM00003462,2026-06-23,V00013632,9,4,381,0,0.4444,0.6106
CM00003463,2026-05-17,V00013618,9,6,620,1,0.6667,0.8267
CM00003464,2026-08-17,V00011522,7,3,136,0,0.4286,0.8095
CM00003465,2026-05-10,V00005889,8,5,416,0,0.625,0.7363
CM00003466,2026-02-19,V00012057,16,5,30,0,0.3125,0.1538
CM00003467,2026-04-12,V00009722,9,2,112,0,0.2222,0.4667
CM00003468,2026-05-27,V00001965,9,2,172,0,0.2222,0.7414
CM00003469,2026-01-21,V00002786,5,0,0,0,0.0,0.0
CM00003470,2026-08-04,V00002395,8,4,259,0,0.5,0.8196
CM00003471,2026-08-07,V00007179,11,3,19,0,0.2727,0.2879
CM00003472,2026-01-02,V00002348,6,3,379,0,0.5,0.8479
CM00003473,2026-07-24,V00011954,4,1,79,0,0.25,0.632
CM00003474,2026-01-22,V00003959,10,3,16,0,0.3,0.4103
CM00003475,2026-04-11,V00011064,14,2,171,0,0.1429,0.5897
CM00003476,2026-05-01,V00007506,7,0,0,0,0.0,0.0
CM00003477,2026-06-15,V00005336,12,8,315,1,0.6667,0.579
CM00003478,2026-06-11,V00005726,8,5,123,0,0.625,0.4241
CM00003479,2026-05-29,V00001149,5,2,57,0,0.4,0.3904
CM00003480,2026-05-14,V00003843,10,2,19,0,0.2,0.3167
CM00003481,2026-04-01,V00005647,11,2,195,1,0.1818,0.6915
CM00003482,2026-08-17,V00001877,10,5,463,0,0.5,0.7717
CM00003483,2026-05-13,V00005156,10,5,418,1,0.5,0.6531
CM00003484,2026-05-26,V00001272,9,1,34,0,0.1111,0.3091
CM00003485,2026-05-11,V00010637,11,2,71,0,0.1818,0.2886
CM00003486,2026-08-20,V00002644,6,3,299,2,0.5,0.6348
CM00003487,2026-04-02,V00011556,7,2,111,1,0.2857,0.5045
CM00003488,2026-08-19,V00009754,11,4,368,1,0.3636,0.6133
CM00003489,2026-08-13,V00003405,17,6,140,1,0.3529,0.3286
CM00003490,2026-04-28,V00008705,14,5,194,0,0.3571,0.2732
CM00003491,2026-03-18,V00005486,5,2,20,0,0.4,0.0667
CM00003492,2026-05-22,V00006571,15,7,72,1,0.4667,0.2338
CM00003493,2026-04-28,V00005104,10,2,157,0,0.2,0.9128
CM00003494,2026-01-24,V00002372,10,5,315,0,0.5,0.5
CM00003495,2026-04-14,V00011548,7,4,109,1,0.5714,0.524
CM00003496,2026-07-13,V00009943,10,6,551,1,0.6,0.5159
CM00003497,2026-05-12,V00002464,11,0,0,0,0.0,0.0
CM00003498,2026-05-15,V00009601,10,2,115,0,0.2,0.4291
CM00003499,2026-08-13,V00001203,12,2,28,0,0.1667,0.359
CM00003500,2026-06-10,V00001077,14,10,790,1,0.7143,0.5411
CM00003501,2026-06-11,V00002271,10,3,47,0,0.3,0.4747
CM00003502,2026-03-01,V00009581,12,3,220,1,0.25,0.6061
CM00003503,2026-03-17,V00002943,5,1,119,0,0.2,0.8322
CM00003504,2026-08-02,V00009563,7,0,0,0,0.0,0.0
CM00003505,2026-05-23,V00001041,6,4,23,1,0.6667,0.6389
CM00003506,2026-04-21,V00000992,15,6,134,0,0.4,0.4653
CM00003507,2026-08-01,V00003083,5,2,69,1,0.4,0.4662
CM00003508,2026-03-21,V00014764,7,3,69,0,0.4286,0.6216
CM00003509,2026-07-02,V00013633,6,0,0,0,0.0,0.0
CM00003510,2026-03-27,V00010451,13,6,301,1,0.4615,0.6271
CM00003511,2026-06-06,V00002047,9,1,62,0,0.1111,0.6263
CM00003512,2026-06-01,V00003526,3,1,83,0,0.3333,0.5188
CM00003513,2026-08-04,V00014307,11,3,101,0,0.2727,0.481
CM00003514,2026-07-04,V00009712,9,1,79,0,0.1111,0.6991
CM00003515,2026-07-17,V00011626,10,1,14,0,0.1,0.5
CM00003516,2026-02-26,V00012719,9,5,617,0,0.5556,0.8065
CM00003517,2026-02-10,V00004306,8,4,105,0,0.5,0.5469
CM00003518,2026-05-04,V00013416,11,4,153,1,0.3636,0.2347
CM00003519,2026-06-03,V00014934,5,1,104,1,0.2,0.6624
CM00003520,2026-01-18,V00008141,9,4,296,0,0.4444,0.5827
CM00003521,2026-05-01,V00008028,7,2,138,1,0.2857,0.5948
CM00003522,2026-02-12,V00010296,10,2,172,1,0.2,0.6056
CM00003523,2026-04-19,V00005067,13,4,91,0,0.3077,0.3396
CM00003524,2026-04-29,V00011962,10,3,273,0,0.3,0.5482
CM00003525,2026-08-24,V00013625,7,3,89,2,0.4286,0.899
CM00003526,2026-04-29,V00011892,5,1,8,1,0.2,0.0899
CM00003527,2026-03-18,V00000747,12,7,353,0,0.5833,0.7416
CM00003528,2026-06-08,V00002490,11,3,8,0,0.2727,0.2222
CM00003529,2026-05-02,V00013838,9,3,248,0,0.3333,0.7126
CM00003530,2026-03-10,V00010277,12,7,455,0,0.5833,0.6373
CM00003531,2026-08-13,V00013474,12,5,169,0,0.4167,0.6145
CM00003532,2026-08-17,V00013468,10,3,109,0,0.3,0.4431
CM00003533,2026-06-25,V00000525,8,3,84,0,0.375,0.4912
CM00003534,2026-08-10,V00014176,9,2,7,0,0.2222,0.25
CM00003535,2026-05-07,V00005192,8,4,89,2,0.5,0.4734
CM00003536,2026-08-08,V00014611,10,3,55,0,0.3,0.6322
CM00003537,2026-01-23,V00001129,10,1,8,0,0.1,0.0734
CM00003538,2026-02-16,V00011911,9,5,260,0,0.5556,0.3095
CM00003539,2026-08-04,V00012819,4,1,90,0,0.25,0.5882
CM00003540,2026-03-02,V00012631,8,0,0,0,0.0,0.0
CM00003541,2026-03-11,V00010335,11,3,182,1,0.2727,0.589
CM00003542,2026-08-02,V00003874,10,3,120,0,0.3,0.2667
CM00003543,2026-08-09,V00012399,10,2,268,0,0.2,0.8272
CM00003544,2026-05-24,V00007560,8,3,396,0,0.375,0.8098
CM00003545,2026-03-25,V00005471,11,2,283,0,0.1818,0.8373
CM00003546,2026-08-13,V00004851,9,1,6,0,0.1111,0.042
CM00003547,2026-05-19,V00011549,5,1,23,0,0.2,0.3239
CM00003548,2026-03-07,V00012395,9,4,76,0,0.4444,0.7037
CM00003549,2026-05-19,V00010928,10,1,31,1,0.1,0.2925
CM00003550,2026-04-07,V00014181,9,4,245,0,0.4444,0.5889
CM00003551,2026-04-23,V00004943,12,4,141,0,0.3333,0.5261
CM00003552,2026-01-14,V00009815,4,0,0,0,0.0,0.0
CM00003553,2026-03-06,V00004903,11,1,74,0,0.0909,0.4111
CM00003554,2026-08-17,V00004380,7,0,0,0,0.0,0.0
CM00003555,2026-08-20,V00003817,8,4,39,1,0.5,0.8125
CM00003556,2026-07-12,V00012780,11,3,93,0,0.2727,0.5849
CM00003557,2026-03-03,V00006024,12,7,274,2,0.5833,0.6634
CM00003558,2026-03-07,V00013500,8,4,332,0,0.5,0.7905
CM00003559,2026-04-09,V00000015,12,4,306,1,0.3333,0.7969
CM00003560,2026-04-05,V00003607,6,4,286,2,0.6667,0.872
CM00003561,2026-07-08,V00003498,10,4,314,0,0.4,0.5268
CM00003562,2026-07-29,V00012773,14,3,85,0,0.2143,0.6439
CM00003563,2026-08-02,V00005948,11,3,266,1,0.2727,0.5795
CM00003564,2026-03-19,V00009427,3,1,70,0,0.3333,0.4142
CM00003565,2026-08-28,V00003413,11,4,250,0,0.3636,0.625
CM00003566,2026-08-05,V00008516,9,2,191,0,0.2222,0.7022
CM00003567,2026-08-07,V00007367,7,3,21,0,0.4286,0.3182
CM00003568,2026-08-22,V00009700,10,2,262,0,0.2,0.8733
CM00003569,2026-07-27,V00011486,9,3,90,0,0.3333,0.8824
CM00003570,2026-07-04,V00006757,15,6,177,0,0.4,0.5268
CM00003571,2026-06-02,V00005145,9,3,209,0,0.3333,0.8819
CM00003572,2026-05-07,V00007569,12,5,327,0,0.4167,0.5232
CM00003573,2026-08-02,V00001302,8,1,13,0,0.125,1.0
CM00003574,2026-07-06,V00007421,12,4,292,0,0.3333,0.465
CM00003575,2026-07-04,V00009347,7,3,248,0,0.4286,0.5403
CM00003576,2026-05-24,V00012703,14,8,222,0,0.5714,0.4549
CM00003577,2026-07-25,V00003417,7,2,70,0,0.2857,0.3846
CM00003578,2026-07-02,V00011412,8,6,275,2,0.75,0.4365
CM00003579,2026-07-19,V00003676,19,9,285,1,0.4737,0.6333
CM00003580,2026-04-03,V00002473,13,5,452,1,0.3846,0.6322
CM00003581,2026-01-24,V00008472,8,2,36,0,0.25,0.2432
CM00003582,2026-04-08,V00010912,11,6,249,2,0.5455,0.4611
CM00003583,2026-07-24,V00011025,8,4,316,0,0.5,0.5643
CM00003584,2026-07-08,V00010145,9,3,202,0,0.3333,0.8016
CM00003585,2026-08-22,V00014340,13,5,231,0,0.3846,0.3101
CM00003586,2026-07-10,V00009392,12,5,470,0,0.4167,0.746
CM00003587,2026-04-22,V00005058,14,3,27,1,0.2143,0.6
CM00003588,2026-02-02,V00000617,12,3,134,0,0.25,0.5726
CM00003589,2026-08-27,V00007957,8,4,43,1,0.5,0.4135
CM00003590,2026-08-28,V00011754,15,1,77,0,0.0667,0.7549
CM00003591,2026-01-02,V00003303,9,3,98,1,0.3333,0.4949
CM00003592,2026-04-20,V00010837,12,2,73,0,0.1667,0.6293
CM00003593,2026-03-11,V00000170,8,4,398,1,0.5,0.7654
CM00003594,2026-07-21,V00001377,5,1,5,0,0.2,0.5
CM00003595,2026-08-05,V00003858,14,6,227,1,0.4286,0.3673
CM00003596,2026-08-23,V00008192,12,3,95,1,0.25,0.5758
CM00003597,2026-04-21,V00003107,9,2,136,0,0.2222,0.7816
CM00003598,2026-02-14,V00010110,11,3,84,0,0.2727,0.2545
CM00003599,2026-07-27,V00003378,11,4,123,0,0.3636,0.3455
CM00003600,2026-02-12,V00006098,10,3,158,0,0.3,0.5985
CM00003601,2026-05-03,V00012175,6,1,22,0,0.1667,0.2716
CM00003602,2026-08-20,V00013839,11,5,622,2,0.4545,0.8026
CM00003603,2026-07-22,V00006477,9,4,284,0,0.4444,0.4383
CM00003604,2026-01-24,V00004426,9,4,506,2,0.4444,0.8547
CM00003605,2026-05-31,V00004448,9,3,78,0,0.3333,0.65
CM00003606,2026-05-26,V00003779,14,5,56,0,0.3571,0.7467
CM00003607,2026-06-18,V00004036,12,4,410,0,0.3333,0.6212
CM00003608,2026-03-22,V00000557,13,4,257,0,0.3077,0.4371
CM00003609,2026-05-17,V00005214,10,3,74,1,0.3,0.3978
CM00003610,2026-01-10,V00005902,10,2,45,0,0.2,0.4245
CM00003611,2026-06-05,V00002528,13,6,107,1,0.4615,0.8492
CM00003612,2026-04-29,V00002561,10,2,90,0,0.2,0.6923
CM00003613,2026-04-25,V00004860,5,2,36,0,0.4,0.3396
CM00003614,2026-08-02,V00000258,6,4,524,2,0.6667,0.8452
CM00003615,2026-06-17,V00008788,5,0,0,0,0.0,0.0
CM00003616,2026-06-30,V00003665,8,5,35,0,0.625,0.7778
CM00003617,2026-07-07,V00012468,7,2,180,0,0.2857,0.6429
CM00003618,2026-04-04,V00007863,13,7,362,1,0.5385,0.3567
CM00003619,2026-07-12,V00000047,8,2,194,0,0.25,0.6424
CM00003620,2026-04-13,V00007467,10,3,77,0,0.3,0.2821
CM00003621,2026-03-03,V00003760,10,4,74,0,0.4,0.2984
CM00003622,2026-05-09,V00008103,8,4,89,1,0.5,0.5855
CM00003623,2026-04-15,V00006605,8,4,42,1,0.5,0.5833
CM00003624,2026-08-12,V00013406,15,6,730,2,0.4,0.8111
CM00003625,2026-06-17,V00009366,8,5,368,1,0.625,0.575
CM00003626,2026-05-12,V00010972,9,2,163,0,0.2222,0.7212
CM00003627,2026-03-04,V00003197,11,5,219,2,0.4545,0.3063
CM00003628,2026-05-31,V00007391,8,5,166,0,0.625,0.664
CM00003629,2026-05-27,V00014230,9,2,36,1,0.2222,0.5806
CM00003630,2026-06-25,V00004884,6,3,447,1,0.5,0.8324
CM00003631,2026-07-19,V00011066,8,3,111,1,0.375,0.4512
CM00003632,2026-03-06,V00003885,9,5,231,0,0.5556,0.3448
CM00003633,2026-05-31,V00011183,10,4,91,1,0.4,0.484
CM00003634,2026-08-11,V00007752,14,5,264,0,0.3571,0.6286
CM00003635,2026-07-22,V00005270,8,5,492,0,0.625,0.7872
CM00003636,2026-01-15,V00001111,5,2,120,0,0.4,0.5714
CM00003637,2026-01-17,V00005742,8,1,41,0,0.125,0.2697
CM00003638,2026-05-13,V00006524,9,1,33,0,0.1111,0.7021
CM00003639,2026-03-10,V00000074,7,2,96,0,0.2857,0.375
CM00003640,2026-01-14,V00007015,6,3,292,0,0.5,0.7913
CM00003641,2026-04-21,V00010070,11,4,265,2,0.3636,0.7201
CM00003642,2026-07-23,V00001518,15,2,28,0,0.1333,0.1359
CM00003643,2026-01-05,V00000113,6,1,24,0,0.1667,0.6486
CM00003644,2026-02-13,V00005672,5,1,12,0,0.2,0.0774
CM00003645,2026-07-27,V00006725,16,4,364,2,0.25,0.8505
CM00003646,2026-02-21,V00004215,6,2,51,0,0.3333,0.75
CM00003647,2026-02-12,V00013725,5,1,13,0,0.2,0.2453
CM00003648,2026-08-18,V00003269,11,1,37,0,0.0909,0.4568
CM00003649,2026-03-21,V00012725,9,4,343,0,0.4444,0.6039
CM00003650,2026-08-17,V00000500,7,6,137,0,0.8571,0.9133
CM00003651,2026-01-24,V00013389,15,4,157,0,0.2667,0.2282
CM00003652,2026-02-01,V00002899,7,7,188,3,1.0,0.8664
CM00003653,2026-05-12,V00003670,10,5,168,0,0.5,0.5419
CM00003654,2026-08-18,V00003856,10,3,83,0,0.3,0.1677
CM00003655,2026-08-27,V00005206,5,4,283,0,0.8,0.7005
CM00003656,2026-01-12,V00002085,8,4,154,1,0.5,0.4936
CM00003657,2026-08-02,V00001856,12,4,123,1,0.3333,0.2023
CM00003658,2026-06-26,V00012393,11,4,176,0,0.3636,0.6567
CM00003659,2026-01-13,V00006028,12,4,294,0,0.3333,0.4565
CM00003660,2026-06-07,V00003699,4,1,25,0,0.25,0.2381
CM00003661,2026-05-31,V00006659,11,3,154,1,0.2727,0.3775
CM00003662,2026-04-01,V00002074,8,0,0,0,0.0,0.0
CM00003663,2026-04-26,V00007830,8,6,451,1,0.75,0.6594
CM00003664,2026-07-28,V00012327,14,7,455,0,0.5,0.7471
CM00003665,2026-07-14,V00013726,9,2,75,1,0.2222,0.8523
CM00003666,2026-02-16,V00008570,11,3,201,0,0.2727,0.4926
CM00003667,2026-08-21,V00005022,3,1,134,1,0.3333,0.8701
CM00003668,2026-08-14,V00000534,7,4,92,1,0.5714,0.5349
CM00003669,2026-03-11,V00013507,11,6,818,2,0.5455,0.8521
CM00003670,2026-07-11,V00000636,9,2,97,0,0.2222,0.533
CM00003671,2026-06-11,V00005753,13,2,46,0,0.1538,0.2738
CM00003672,2026-08-14,V00013061,11,3,62,0,0.2727,0.5167
CM00003673,2026-06-05,V00009193,9,4,415,0,0.4444,0.5963
CM00003674,2026-03-15,V00005412,6,1,22,0,0.1667,0.4583
CM00003675,2026-06-18,V00007962,4,1,23,0,0.25,0.3833
CM00003676,2026-06-13,V00013677,9,3,36,0,0.3333,0.1395
CM00003677,2026-05-24,V00004367,10,3,222,0,0.3,0.4379
CM00003678,2026-08-28,V00010385,12,8,509,2,0.6667,0.8263
CM00003679,2026-07-07,V00005322,6,3,100,0,0.5,0.5747
CM00003680,2026-05-17,V00010112,7,4,243,1,0.5714,0.6075
CM00003681,2026-05-07,V00007135,13,1,1,0,0.0769,0.0323
CM00003682,2026-08-15,V00010055,13,3,313,0,0.2308,0.6956
CM00003683,2026-08-01,V00003583,8,4,507,1,0.5,0.8177
CM00003684,2026-05-10,V00004832,19,7,190,2,0.3684,0.662
CM00003685,2026-01-17,V00000127,5,1,33,0,0.2,0.4521
CM00003686,2026-06-21,V00007654,9,2,32,0,0.2222,0.9412
CM00003687,2026-05-09,V00014356,10,6,496,0,0.6,0.5265
CM00003688,2026-03-14,V00003370,4,0,0,0,0.0,0.0
CM00003689,2026-03-03,V00003968,9,4,56,1,0.4444,0.4242
CM00003690,2026-08-12,V00010976,8,3,67,0,0.375,0.5583
CM00003691,2026-08-28,V00014036,11,2,119,0,0.1818,0.402
CM00003692,2026-06-17,V00010152,8,2,24,0,0.25,0.1765
CM00003693,2026-06-23,V00011333,12,5,30,0,0.4167,0.6667
CM00003694,2026-08-23,V00003923,11,3,61,1,0.2727,0.415
CM00003695,2026-08-22,V00014445,8,3,136,0,0.375,0.6766
CM00003696,2026-06-23,V00014382,12,5,528,0,0.4167,0.7543
CM00003697,2026-06-22,V00009562,12,5,339,0,0.4167,0.6396
CM00003698,2026-05-11,V00009994,12,5,193,1,0.4167,0.6655
CM00003699,2026-08-14,V00003204,11,6,534,2,0.5455,0.7672
CM00003700,2026-08-24,V00004592,12,7,233,0,0.5833,0.7397
CM00003701,2026-03-20,V00011423,8,3,392,0,0.375,0.7778
CM00003702,2026-08-01,V00013392,12,5,613,1,0.4167,0.7615
CM00003703,2026-08-26,V00012212,8,3,448,1,0.375,0.8533
CM00003704,2026-05-18,V00006232,8,4,389,0,0.5,0.5894
CM00003705,2026-05-03,V00007736,7,5,78,1,0.7143,0.65
CM00003706,2026-06-17,V00011202,9,5,70,1,0.5556,0.5833
CM00003707,2026-01-13,V00006019,14,6,248,1,0.4286,0.5103
CM00003708,2026-06-13,V00007446,11,6,270,1,0.5455,0.7258
CM00003709,2026-08-06,V00004573,8,0,0,0,0.0,0.0
CM00003710,2026-07-26,V00000401,14,5,135,1,0.3571,0.3913
CM00003711,2026-04-23,V00002369,11,3,256,1,0.2727,0.7111
CM00003712,2026-04-27,V00012230,9,3,198,1,0.3333,0.449
CM00003713,2026-07-22,V00012454,12,1,6,0,0.0833,0.1622
CM00003714,2026-08-12,V00003824,7,2,207,0,0.2857,0.6809
CM00003715,2026-03-31,V00006473,11,2,156,1,0.1818,0.5235
CM00003716,2026-04-08,V00005315,6,1,4,0,0.1667,0.0299
CM00003717,2026-06-20,V00003419,6,2,23,0,0.3333,0.1554
CM00003718,2026-05-20,V00001470,10,2,3,0,0.2,0.15
CM00003719,2026-02-16,V00013820,10,4,118,0,0.4,0.5175
CM00003720,2026-07-13,V00009948,15,5,130,0,0.3333,0.4262
CM00003721,2026-03-11,V00013026,5,1,27,1,0.2,0.2727
CM00003722,2026-08-02,V00000676,12,1,78,0,0.0833,0.6964
CM00003723,2026-06-04,V00000414,8,4,400,0,0.5,0.6536
CM00003724,2026-04-18,V00001456,15,7,301,0,0.4667,0.5181
CM00003725,2026-08-09,V00014387,5,2,112,0,0.4,0.5714
CM00003726,2026-08-14,V00002368,6,2,60,1,0.3333,0.6122
CM00003727,2026-08-28,V00005990,14,4,352,1,0.2857,0.5366
CM00003728,2026-02-05,V00005092,14,0,0,0,0.0,0.0
CM00003729,2026-07-17,V00009720,9,4,332,0,0.4444,0.4743
CM00003730,2026-04-26,V00010062,9,1,41,0,0.1111,0.5541
CM00003731,2026-08-22,V00011507,17,7,120,0,0.4118,0.5042
CM00003732,2026-05-13,V00010094,7,3,100,0,0.4286,0.9009
CM00003733,2026-02-08,V00012461,10,5,126,0,0.5,0.63
CM00003734,2026-08-25,V00002510,18,7,537,1,0.3889,0.5901
CM00003735,2026-06-23,V00005263,7,1,122,0,0.1429,1.0
CM00003736,2026-06-04,V00006275,7,3,226,0,0.4286,0.4989
CM00003737,2026-06-28,V00008301,12,5,110,2,0.4167,0.7333
CM00003738,2026-02-26,V00003960,6,2,52,0,0.3333,0.8387
CM00003739,2026-02-26,V00010861,8,4,662,2,0.5,0.9194
CM00003740,2026-02-19,V00004871,10,3,103,1,0.3,0.5124
CM00003741,2026-02-19,V00008904,8,4,218,1,0.5,0.8258
CM00003742,2026-08-01,V00000227,9,4,200,0,0.4444,0.6024
CM00003743,2026-02-17,V00000513,12,8,689,3,0.6667,0.522
CM00003744,2026-03-07,V00002676,13,6,31,0,0.4615,0.3974
CM00003745,2026-07-25,V00012834,8,2,61,0,0.25,0.6778
CM00003746,2026-02-01,V00012018,7,3,413,1,0.4286,0.7691
CM00003747,2026-01-16,V00004702,8,6,179,0,0.75,0.585
CM00003748,2026-06-29,V00011323,10,3,347,0,0.3,0.7367
CM00003749,2026-01-28,V00008533,6,3,418,0,0.5,0.8008
CM00003750,2026-06-09,V00008979,11,5,173,0,0.4545,0.2149
CM00003751,2026-05-05,V00010941,7,3,96,0,0.4286,0.6809
CM00003752,2026-06-23,V00008473,3,1,38,0,0.3333,0.2794
CM00003753,2026-03-11,V00003292,9,0,0,0,0.0,0.0
CM00003754,2026-07-29,V00007622,16,4,145,0,0.25,0.3452
CM00003755,2026-01-01,V00004186,11,5,218,0,0.4545,0.7267
CM00003756,2026-07-01,V00013845,8,5,78,1,0.625,0.5778
CM00003757,2026-04-19,V00005583,11,6,266,2,0.5455,0.7268
CM00003758,2026-05-18,V00009934,11,2,4,0,0.1818,0.0286
CM00003759,2026-04-08,V00011736,9,6,403,1,0.6667,0.7902
CM00003760,2026-05-03,V00013770,14,7,203,1,0.5,0.5088
CM00003761,2026-06-07,V00002061,4,1,74,0,0.25,0.7048
CM00003762,2026-03-04,V00014962,11,4,109,0,0.3636,0.6646
CM00003763,2026-05-25,V00002940,14,3,268,0,0.2143,0.5877
CM00003764,2026-04-13,V00006221,9,4,213,1,0.4444,0.3804
CM00003765,2026-07-10,V00009575,13,3,146,1,0.2308,0.3715
CM00003766,2026-05-14,V00008668,11,6,167,0,0.5455,0.4718
CM00003767,2026-03-22,V00008135,10,2,125,0,0.2,0.6579
CM00003768,2026-07-15,V00009573,9,1,77,0,0.1111,0.8556
CM00003769,2026-02-08,V00007476,8,3,216,0,0.375,0.6606
CM00003770,2026-05-14,V00010322,12,3,73,1,0.25,0.4867
CM00003771,2026-01-21,V00013609,11,4,209,0,0.3636,0.5387
CM00003772,2026-07-20,V00001934,11,3,212,1,0.2727,0.604
CM00003773,2026-07-08,V00001958,13,5,216,0,0.3846,0.3963
CM00003774,2026-07-29,V00003282,10,1,23,0,0.1,0.4423
CM00003775,2026-05-18,V00012228,13,5,242,1,0.3846,0.436
CM00003776,2026-06-15,V00000612,9,5,341,1,0.5556,0.392
CM00003777,2026-03-23,V00008977,6,1,79,0,0.1667,0.8876
CM00003778,2026-08-27,V00006922,13,4,281,1,0.3077,0.8075
CM00003779,2026-05-02,V00000195,9,3,159,1,0.3333,0.5
CM00003780,2026-03-31,V00011701,10,2,199,1,0.2,0.7773
CM00003781,2026-04-27,V00012508,3,1,116,0,0.3333,0.6554
CM00003782,2026-05-14,V00013879,7,1,117,0,0.1429,0.7405
CM00003783,2026-07-25,V00012120,9,4,301,0,0.4444,0.5658
CM00003784,2026-06-06,V00014598,6,3,41,0,0.5,0.5694
CM00003785,2026-03-01,V00008994,8,1,18,0,0.125,0.4865
CM00003786,2026-01-23,V00009593,10,2,339,1,0.2,0.9417
CM00003787,2026-08-23,V00009606,8,3,391,0,0.375,0.8463
CM00003788,2026-07-11,V00009014,10,2,166,0,0.2,0.7411
CM00003789,2026-06-30,V00003887,6,2,134,0,0.3333,0.7363
CM00003790,2026-03-11,V00011366,7,2,122,0,0.2857,0.7093
CM00003791,2026-02-20,V00002833,10,3,171,1,0.3,0.3958
CM00003792,2026-02-13,V00002917,6,1,122,0,0.1667,0.7011
CM00003793,2026-06-05,V00004727,10,2,169,1,0.2,0.6926
CM00003794,2026-07-25,V00004420,11,3,63,0,0.2727,0.4667
CM00003795,2026-06-08,V00000820,7,2,109,0,0.2857,0.5343
CM00003796,2026-07-23,V00006744,9,2,164,0,0.2222,0.5655
CM00003797,2026-08-22,V00009488,12,3,131,1,0.25,0.383
CM00003798,2026-08-22,V00008625,10,6,335,2,0.6,0.6136
CM00003799,2026-06-28,V00010551,12,6,599,1,0.5,0.8994
CM00003800,2026-06-04,V00012867,10,1,63,1,0.1,0.9
CM00003801,2026-05-20,V00000705,11,4,293,0,0.3636,0.691
CM00003802,2026-02-17,V00014047,11,5,364,1,0.4545,0.6118
CM00003803,2026-08-19,V00004961,14,1,12,0,0.0714,0.375
CM00003804,2026-08-17,V00012900,7,3,139,1,0.4286,0.6715
CM00003805,2026-01-10,V00007676,6,3,6,0,0.5,0.1333
CM00003806,2026-06-25,V00004143,7,1,31,0,0.1429,0.5962
CM00003807,2026-06-09,V00011872,8,4,66,0,0.5,0.7174
CM00003808,2026-02-18,V00005678,12,6,294,1,0.5,0.6364
CM00003809,2026-04-09,V00009652,13,4,500,1,0.3077,0.8333
CM00003810,2026-04-07,V00013980,10,3,163,0,0.3,0.3598
CM00003811,2026-07-30,V00014372,7,3,229,1,0.4286,0.727
CM00003812,2026-06-06,V00011264,11,5,62,1,0.4545,0.5905
CM00003813,2026-04-28,V00011450,11,5,51,1,0.4545,0.5368
CM00003814,2026-01-21,V00004779,9,4,147,1,0.4444,0.6682
CM00003815,2026-06-26,V00000921,8,2,48,0,0.25,0.3077
CM00003816,2026-08-13,V00005172,13,4,250,1,0.3077,0.434
CM00003817,2026-04-12,V00003134,8,3,328,1,0.375,0.9507
CM00003818,2026-03-03,V00013053,11,3,7,0,0.2727,0.2593
CM00003819,2026-06-17,V00003685,11,5,300,0,0.4545,0.6452
CM00003820,2026-08-14,V00006482,9,4,92,0,0.4444,0.1704
CM00003821,2026-04-25,V00013766,10,2,125,0,0.2,0.4596
CM00003822,2026-03-04,V00007760,12,3,135,1,0.25,0.5114
CM00003823,2026-07-08,V00000098,6,1,103,0,0.1667,0.7923
CM00003824,2026-06-14,V00013020,11,2,74,0,0.1818,0.2891
CM00003825,2026-07-13,V00002273,14,5,549,0,0.3571,0.6655
CM00003826,2026-06-13,V00006338,8,1,52,0,0.125,0.7123
CM00003827,2026-08-02,V00000895,5,0,0,0,0.0,0.0
CM00003828,2026-02-10,V00000986,5,1,16,0,0.2,0.1818
CM00003829,2026-06-11,V00005402,5,2,226,0,0.4,0.7635
CM00003830,2026-02-17,V00004437,12,3,217,0,0.25,0.423
CM00003831,2026-08-26,V00010202,12,5,289,0,0.4167,0.7811
CM00003832,2026-08-27,V00001379,6,1,36,0,0.1667,0.6923
CM00003833,2026-08-16,V00014305,10,4,135,1,0.4,0.649
CM00003834,2026-07-08,V00009334,13,6,656,0,0.4615,0.6791
CM00003835,2026-05-15,V00009238,7,1,82,0,0.1429,0.8039
CM00003836,2026-08-17,V00008239,5,2,200,1,0.4,0.8333
CM00003837,2026-01-04,V00000467,9,4,414,0,0.4444,0.5815
CM00003838,2026-06-15,V00008743,4,1,118,0,0.25,0.7516
CM00003839,2026-05-18,V00005830,16,9,1087,1,0.5625,0.7502
CM00003840,2026-08-19,V00004564,11,4,511,1,0.3636,0.9678
CM00003841,2026-05-27,V00000816,6,1,27,1,0.1667,0.6279
CM00003842,2026-04-23,V00001099,9,2,19,0,0.2222,0.8636
CM00003843,2026-06-04,V00006881,14,7,87,1,0.5,0.7311
CM00003844,2026-01-01,V00006065,12,4,110,0,0.3333,0.5093
CM00003845,2026-05-13,V00008528,9,4,351,0,0.4444,0.6452
CM00003846,2026-03-10,V00011782,8,4,564,1,0.5,0.9038
CM00003847,2026-06-09,V00012402,9,3,147,0,0.3333,0.6282
CM00003848,2026-08-01,V00014730,7,3,255,0,0.4286,0.5519
CM00003849,2026-01-12,V00003979,9,2,196,0,0.2222,0.6901
CM00003850,2026-07-01,V00012290,15,7,536,0,0.4667,0.7156
CM00003851,2026-01-25,V00005320,10,7,242,1,0.7,0.5402
CM00003852,2026-06-12,V00011925,7,3,27,0,0.4286,0.2368
CM00003853,2026-01-25,V00009367,9,4,336,0,0.4444,0.5957
CM00003854,2026-07-08,V00006443,10,5,604,1,0.5,0.7023
CM00003855,2026-02-20,V00011012,6,3,39,0,0.5,0.8667
CM00003856,2026-07-18,V00011034,11,2,71,0,0.1818,0.3034
CM00003857,2026-01-09,V00007964,12,4,213,1,0.3333,0.4712
CM00003858,2026-07-27,V00002389,14,6,108,2,0.4286,0.4737
CM00003859,2026-01-31,V00002950,12,4,529,1,0.3333,0.7734
CM00003860,2026-07-15,V00002919,11,4,234,0,0.3636,0.3679
CM00003861,2026-08-15,V00004019,9,3,243,1,0.3333,0.648
CM00003862,2026-07-06,V00011737,8,2,66,1,0.25,0.825
CM00003863,2026-07-16,V00009369,9,5,70,1,0.5556,0.5
CM00003864,2026-01-29,V00001448,9,0,0,0,0.0,0.0
CM00003865,2026-08-11,V00007148,10,6,422,1,0.6,0.7815
CM00003866,2026-08-17,V00005296,8,3,80,0,0.375,0.254
CM00003867,2026-06-28,V00014188,12,4,44,2,0.3333,0.5238
CM00003868,2026-08-11,V00014469,13,7,566,0,0.5385,0.525
CM00003869,2026-01-25,V00007002,7,4,479,1,0.5714,0.6843
CM00003870,2026-03-09,V00012559,11,6,219,1,0.5455,0.553
CM00003871,2026-03-30,V00009838,13,3,124,0,0.2308,0.6078
CM00003872,2026-05-05,V00006475,9,0,0,0,0.0,0.0
CM00003873,2026-04-08,V00014022,8,4,266,0,0.5,0.5496
CM00003874,2026-06-25,V00007357,11,4,140,0,0.3636,0.8537
CM00003875,2026-08-28,V00010148,9,3,27,0,0.3333,0.3913
CM00003876,2026-06-01,V00001118,4,1,48,0,0.25,0.7869
CM00003877,2026-06-12,V00003698,16,7,620,1,0.4375,0.7506
CM00003878,2026-02-15,V00002062,14,7,401,1,0.5,0.4063
CM00003879,2026-07-15,V00002641,7,1,119,0,0.1429,0.6919
CM00003880,2026-08-12,V00002157,7,3,326,1,0.4286,0.7293
CM00003881,2026-06-04,V00007936,11,6,420,0,0.5455,0.5263
CM00003882,2026-05-03,V00003910,7,1,11,0,0.1429,0.8462
CM00003883,2026-01-29,V00002313,10,6,167,2,0.6,0.6627
CM00003884,2026-01-26,V00005043,6,1,86,0,0.1667,0.6324
CM00003885,2026-05-22,V00004381,8,1,4,0,0.125,0.1905
CM00003886,2026-01-07,V00003112,6,4,336,1,0.6667,0.8571
CM00003887,2026-04-22,V00007456,9,3,295,1,0.3333,0.7682
CM00003888,2026-07-09,V00012545,2,1,57,0,0.5,0.5429
CM00003889,2026-06-05,V00011144,7,3,91,0,0.4286,0.1838
CM00003890,2026-06-29,V00003998,7,4,213,1,0.5714,0.4004
CM00003891,2026-04-09,V00000614,8,0,0,0,0.0,0.0
CM00003892,2026-05-18,V00012998,10,5,242,1,0.5,0.6914
CM00003893,2026-08-18,V00001981,9,4,479,0,0.4444,0.7086
CM00003894,2026-03-10,V00001666,11,2,83,1,0.1818,0.5608
CM00003895,2026-08-09,V00002436,10,6,528,2,0.6,0.7213
CM00003896,2026-07-14,V00003036,13,6,589,1,0.4615,0.7981
CM00003897,2026-02-09,V00008336,5,1,3,0,0.2,0.0811
CM00003898,2026-08-25,V00001667,11,5,765,1,0.4545,0.8895
CM00003899,2026-01-14,V00009727,6,2,126,0,0.3333,1.0
CM00003900,2026-03-24,V00014365,11,3,181,1,0.2727,0.3868
CM00003901,2026-02-11,V00011083,13,6,129,0,0.4615,0.7414
CM00003902,2026-05-24,V00002340,11,3,298,0,0.2727,0.7947
CM00003903,2026-07-21,V00001587,7,2,28,0,0.2857,0.1102
CM00003904,2026-02-23,V00009523,16,5,457,0,0.3125,0.8705
CM00003905,2026-05-15,V00002334,6,2,142,0,0.3333,0.483
CM00003906,2026-08-20,V00002642,2,1,2,0,0.5,0.0204
CM00003907,2026-04-15,V00004027,9,4,466,0,0.4444,0.6893
CM00003908,2026-06-29,V00012585,11,3,87,0,0.2727,0.2589
CM00003909,2026-04-26,V00006101,6,0,0,0,0.0,0.0
CM00003910,2026-03-30,V00007026,5,4,128,1,0.8,0.3516
CM00003911,2026-07-05,V00002492,4,2,129,0,0.5,0.4674
CM00003912,2026-05-06,V00008248,12,3,111,0,0.25,0.5441
CM00003913,2026-05-14,V00003220,10,2,56,0,0.2,0.4179
CM00003914,2026-01-21,V00012869,7,2,85,0,0.2857,0.467
CM00003915,2026-01-20,V00000999,5,1,26,0,0.2,0.8125
CM00003916,2026-08-16,V00000908,15,3,78,0,0.2,0.3714
CM00003917,2026-03-07,V00007720,11,3,40,1,0.2727,0.1569
CM00003918,2026-08-05,V00007464,8,1,145,0,0.125,1.0
CM00003919,2026-08-21,V00000490,15,6,757,0,0.4,0.721
CM00003920,2026-08-16,V00013656,13,6,791,1,0.4615,0.8138
CM00003921,2026-05-07,V00002995,8,5,127,1,0.625,0.7056
CM00003922,2026-06-23,V00009797,12,4,80,0,0.3333,0.4444
CM00003923,2026-02-12,V00003612,14,7,71,1,0.5,0.441
CM00003924,2026-07-23,V00000934,15,4,175,1,0.2667,0.4808
CM00003925,2026-08-27,V00012894,6,2,191,0,0.3333,0.6409
CM00003926,2026-08-27,V00006394,12,2,82,0,0.1667,0.4227
CM00003927,2026-07-12,V00014448,13,6,166,0,0.4615,0.6014
CM00003928,2026-08-12,V00004855,5,2,231,0,0.4,0.8077
CM00003929,2026-07-31,V00002564,13,6,258,2,0.4615,0.5059
CM00003930,2026-04-30,V00002827,8,3,467,0,0.375,0.9915
CM00003931,2026-03-05,V00001191,7,4,78,2,0.5714,0.4535
CM00003932,2026-02-23,V00008189,10,2,142,1,0.2,0.5772
CM00003933,2026-08-07,V00014831,11,3,40,0,0.2727,0.2469
CM00003934,2026-08-20,V00010684,7,2,124,1,0.2857,0.5586
CM00003935,2026-07-07,V00011930,11,2,5,0,0.1818,0.0625
CM00003936,2026-02-07,V00003686,5,0,0,0,0.0,0.0
CM00003937,2026-01-13,V00007480,10,4,368,0,0.4,0.5542
CM00003938,2026-08-27,V00004339,10,1,34,0,0.1,0.4789
CM00003939,2026-08-21,V00009139,11,3,96,1,0.2727,0.6667
CM00003940,2026-03-05,V00010694,8,4,22,0,0.5,0.5
CM00003941,2026-02-01,V00003084,8,3,161,1,0.375,0.5709
CM00003942,2026-03-26,V00005144,9,3,5,1,0.3333,0.1667
CM00003943,2026-05-07,V00009603,10,3,441,0,0.3,0.9866
CM00003944,2026-08-23,V00006601,9,2,179,0,0.2222,0.5665
CM00003945,2026-04-22,V00000192,8,2,239,0,0.25,0.6988
CM00003946,2026-05-01,V00004146,8,4,237,1,0.5,0.5197
CM00003947,2026-05-05,V00001572,12,8,659,0,0.6667,0.6697
CM00003948,2026-04-11,V00013180,8,2,66,0,0.25,0.825
CM00003949,2026-06-10,V00008280,10,6,221,0,0.6,0.3683
CM00003950,2026-02-16,V00008058,5,0,0,0,0.0,0.0
CM00003951,2026-07-12,V00005857,8,1,75,0,0.125,0.5102
CM00003952,2026-03-13,V00002941,10,2,277,0,0.2,0.8147
CM00003953,2026-04-26,V00000785,9,4,26,0,0.4444,0.3824
CM00003954,2026-03-20,V00014719,4,1,100,0,0.25,0.8065
CM00003955,2026-08-09,V00004748,14,3,92,1,0.2143,0.4381
CM00003956,2026-08-28,V00002489,14,5,174,0,0.3571,0.6824
CM00003957,2026-07-02,V00001141,13,6,113,0,0.4615,0.4484
CM00003958,2026-04-01,V00014534,10,3,41,1,0.3,0.7193
CM00003959,2026-01-22,V00012787,5,2,150,0,0.4,0.4386
CM00003960,2026-08-15,V00011747,7,4,160,0,0.5714,1.0
CM00003961,2026-04-19,V00007294,8,1,60,1,0.125,0.4545
CM00003962,2026-08-23,V00008426,12,6,493,1,0.5,0.9029
CM00003963,2026-03-25,V00003244,11,3,203,0,0.2727,0.5012
CM00003964,2026-06-29,V00008471,8,3,197,0,0.375,0.5472
CM00003965,2026-06-04,V00013666,12,6,556,1,0.5,0.5206
CM00003966,2026-03-03,V00008752,15,5,70,1,0.3333,0.4667
CM00003967,2026-08-24,V00014035,12,5,432,1,0.4167,0.6496
CM00003968,2026-04-06,V00000587,9,3,134,0,0.3333,0.4512
CM00003969,2026-07-10,V00004594,8,3,294,1,0.375,0.5939
CM00003970,2026-08-04,V00012707,10,3,253,0,0.3,0.4711
CM00003971,2026-08-03,V00004694,8,4,141,0,0.5,0.5875
CM00003972,2026-07-08,V00001511,16,7,109,0,0.4375,0.677
CM00003973,2026-03-11,V00008030,10,6,756,2,0.6,0.773
CM00003974,2026-07-19,V00009927,9,5,307,0,0.5556,0.614
CM00003975,2026-06-05,V00003247,5,1,45,0,0.2,0.2632
CM00003976,2026-05-05,V00005083,15,5,309,1,0.3333,0.6371
CM00003977,2026-03-25,V00009759,13,12,99,1,0.9231,0.75
CM00003978,2026-08-28,V00014122,11,2,88,0,0.1818,0.2876
CM00003979,2026-05-28,V00004765,5,1,99,1,0.2,0.8684
CM00003980,2026-05-06,V00003362,11,6,64,0,0.5455,0.5333
CM00003981,2026-04-14,V00006969,13,5,321,2,0.3846,0.5136
CM00003982,2026-06-13,V00007171,7,4,491,1,0.5714,0.7485
CM00003983,2026-01-02,V00004415,6,2,93,1,0.3333,0.949
CM00003984,2026-07-18,V00014002,11,5,441,1,0.4545,0.882
CM00003985,2026-01-15,V00011301,8,3,178,1,0.375,0.6054
CM00003986,2026-07-22,V00000797,7,3,138,1,0.4286,0.6216
CM00003987,2026-05-14,V00005009,8,1,44,0,0.125,0.449
CM00003988,2026-07-10,V00001980,11,5,346,1,0.4545,0.4943
CM00003989,2026-05-13,V00009532,17,3,266,0,0.1765,0.5758
CM00003990,2026-02-21,V00007812,11,4,133,0,0.3636,0.8986
CM00003991,2026-08-24,V00011135,7,2,40,1,0.2857,0.8333
CM00003992,2026-08-09,V00003388,10,3,355,1,0.3,0.7086
CM00003993,2026-02-08,V00009104,7,2,316,0,0.2857,0.9186
CM00003994,2026-08-21,V00005938,7,1,29,0,0.1429,0.2266
CM00003995,2026-02-25,V00011155,7,3,65,1,0.4286,0.5417
CM00003996,2026-04-26,V00005668,10,6,198,2,0.6,0.3837
CM00003997,2026-08-05,V00007005,5,3,215,1,0.6,0.6073
CM00003998,2026-01-18,V00001199,15,4,56,1,0.2667,0.6364
CM00003999,2026-08-09,V00014408,12,9,81,1,0.75,0.75
CM00004000,2026-03-15,V00005614,11,4,96,0,0.3636,0.5106
CM00004001,2026-02-17,V00005976,11,3,90,1,0.2727,0.4167
CM00004002,2026-03-24,V00011473,10,2,167,0,0.2,0.5186
CM00004003,2026-03-08,V00008076,10,2,89,0,0.2,0.4198
CM00004004,2026-07-29,V00006553,7,2,67,0,0.2857,0.6321
CM00004005,2026-05-17,V00000284,9,0,0,0,0.0,0.0
CM00004006,2026-07-27,V00003847,10,4,92,2,0.4,0.5476
CM00004007,2026-03-19,V00013074,7,3,204,0,0.4286,0.6415
CM00004008,2026-03-18,V00004152,9,2,92,0,0.2222,0.4842
CM00004009,2026-02-25,V00005962,10,2,139,0,0.2,0.4399
CM00004010,2026-07-31,V00007884,13,9,300,0,0.6923,0.463
CM00004011,2026-03-14,V00003751,11,4,328,1,0.3636,0.5985
CM00004012,2026-07-07,V00013711,7,3,311,0,0.4286,0.6171
CM00004013,2026-08-08,V00001619,6,1,27,0,0.1667,0.3333
CM00004014,2026-07-16,V00013190,6,0,0,0,0.0,0.0
CM00004015,2026-07-26,V00007717,9,4,22,0,0.4444,0.5
CM00004016,2026-07-08,V00009622,8,2,63,1,0.25,0.3351
CM00004017,2026-08-18,V00004771,7,1,74,0,0.1429,0.9737
CM00004018,2026-07-25,V00000388,11,4,356,0,0.3636,0.6794
CM00004019,2026-06-29,V00012259,8,1,29,1,0.125,0.2522
CM00004020,2026-06-10,V00003724,8,3,458,1,0.375,0.8774
CM00004021,2026-06-04,V00013567,13,6,96,1,0.4615,0.5926
CM00004022,2026-04-04,V00012007,12,7,346,1,0.5833,0.5884
CM00004023,2026-08-12,V00007859,11,5,33,0,0.4545,0.7333
CM00004024,2026-01-26,V00002387,5,1,14,0,0.2,0.6087
CM00004025,2026-07-18,V00010968,8,4,117,0,0.5,0.5043
CM00004026,2026-08-03,V00007794,10,1,38,0,0.1,0.2209
CM00004027,2026-06-25,V00012583,13,3,212,0,0.2308,0.4473
CM00004028,2026-07-27,V00008962,7,4,352,1,0.5714,0.6617
CM00004029,2026-05-15,V00004787,16,6,304,0,0.375,0.6414
CM00004030,2026-03-16,V00003304,7,3,49,0,0.4286,0.5632
CM00004031,2026-08-04,V00011467,9,3,99,1,0.3333,0.7174
CM00004032,2026-07-11,V00013268,5,2,174,0,0.4,0.6397
CM00004033,2026-04-18,V00011668,9,5,169,1,0.5556,0.3885
CM00004034,2026-02-12,V00001243,8,2,37,0,0.25,0.25
CM00004035,2026-08-21,V00008973,10,4,112,1,0.4,0.6364
CM00004036,2026-07-20,V00011763,7,2,31,1,0.2857,0.5
CM00004037,2026-06-15,V00007495,13,4,128,0,0.3077,0.4571
CM00004038,2026-05-03,V00010013,7,4,243,0,0.5714,0.7232
CM00004039,2026-08-10,V00000230,13,2,167,0,0.1538,0.6473
CM00004040,2026-08-19,V00014294,14,2,28,0,0.1429,0.1667
CM00004041,2026-05-13,V00013784,7,0,0,0,0.0,0.0
CM00004042,2026-08-14,V00012973,14,7,449,1,0.5,0.6545
CM00004043,2026-07-22,V00001361,8,3,77,1,0.375,0.8556
CM00004044,2026-08-10,V00000863,11,2,12,0,0.1818,0.75
CM00004045,2026-08-23,V00006184,14,4,222,0,0.2857,0.6687
CM00004046,2026-07-08,V00010138,11,6,666,1,0.5455,0.8162
CM00004047,2026-01-08,V00012255,12,3,104,0,0.25,0.6303
CM00004048,2026-08-04,V00013938,3,1,47,0,0.3333,0.4434
CM00004049,2026-04-20,V00001643,13,5,614,0,0.3846,0.7872
CM00004050,2026-03-31,V00009864,12,6,558,0,0.5,0.93
CM00004051,2026-07-26,V00000378,7,3,224,0,0.4286,0.8296
CM00004052,2026-05-11,V00013720,9,5,49,0,0.5556,0.8909
CM00004053,2026-07-03,V00008399,12,4,36,1,0.3333,0.8182
CM00004054,2026-05-28,V00006258,9,2,167,2,0.2222,0.6523
CM00004055,2026-06-12,V00007137,6,2,164,0,0.3333,0.5467
CM00004056,2026-03-12,V00006824,10,5,139,0,0.5,0.7722
CM00004057,2026-07-26,V00008039,5,2,143,0,0.4,0.8412
CM00004058,2026-06-24,V00013315,8,1,46,0,0.125,0.4071
CM00004059,2026-02-19,V00008292,6,4,203,0,0.6667,0.4413
CM00004060,2026-03-12,V00010101,6,3,220,0,0.5,0.5276
CM00004061,2026-03-11,V00006006,6,2,45,0,0.3333,0.7258
CM00004062,2026-04-26,V00005099,11,4,213,0,0.3636,0.5272
CM00004063,2026-04-04,V00003908,10,3,92,0,0.3,0.1991
CM00004064,2026-08-25,V00013140,7,4,64,1,0.5714,0.5517
CM00004065,2026-05-18,V00004323,8,3,18,1,0.375,0.6667
CM00004066,2026-03-26,V00001305,9,6,376,0,0.6667,0.3845
CM00004067,2026-03-27,V00009701,13,4,32,0,0.3077,0.2581
CM00004068,2026-01-10,V00014104,12,3,315,0,0.25,0.8678
CM00004069,2026-07-27,V00003230,7,3,296,0,0.4286,0.9308
CM00004070,2026-02-01,V00014394,13,5,126,0,0.3846,0.1938
CM00004071,2026-03-11,V00003148,5,1,131,0,0.2,0.7616
CM00004072,2026-07-21,V00004063,8,5,19,1,0.625,0.3455
CM00004073,2026-07-29,V00008502,9,3,174,1,0.3333,0.9355
CM00004074,2026-02-07,V00008093,8,2,92,0,0.25,0.4792
CM00004075,2026-02-14,V00014431,5,4,384,0,0.8,0.6316
CM00004076,2026-07-03,V00004904,8,3,195,0,0.375,0.6701
CM00004077,2026-04-11,V00009973,14,7,783,1,0.5,0.7822
CM00004078,2026-04-15,V00012497,7,0,0,0,0.0,0.0
CM00004079,2026-01-23,V00005221,5,3,223,1,0.6,0.8745
CM00004080,2026-08-20,V00007925,5,2,195,0,0.4,0.65
CM00004081,2026-07-16,V00007160,8,1,4,0,0.125,0.129
CM00004082,2026-08-22,V00010620,9,2,42,1,0.2222,0.6364
CM00004083,2026-03-13,V00012625,10,2,46,0,0.2,0.434
CM00004084,2026-08-17,V00014243,11,3,318,1,0.2727,0.9217
CM00004085,2026-08-28,V00008593,8,2,88,0,0.25,0.2821
CM00004086,2026-03-15,V00014923,10,0,0,0,0.0,0.0
CM00004087,2026-04-28,V00012427,6,2,248,1,0.3333,0.8212
CM00004088,2026-06-06,V00012223,15,5,793,1,0.3333,0.9221
CM00004089,2026-07-05,V00011241,15,3,58,1,0.2,0.1239
CM00004090,2026-02-12,V00009621,11,4,398,1,0.3636,0.721
CM00004091,2026-03-28,V00001558,10,4,110,1,0.4,0.5288
CM00004092,2026-01-25,V00005208,11,4,217,2,0.3636,0.8477
CM00004093,2026-08-20,V00013267,10,5,59,0,0.5,0.8429
CM00004094,2026-05-12,V00008529,13,4,234,1,0.3077,0.8864
CM00004095,2026-06-28,V00009535,8,1,117,1,0.125,1.0
CM00004096,2026-07-02,V00007902,13,3,134,0,0.2308,0.6569
CM00004097,2026-07-20,V00004389,7,4,390,1,0.5714,0.8333
CM00004098,2026-06-09,V00014782,15,6,476,1,0.4,0.475
CM00004099,2026-08-14,V00008077,7,2,25,0,0.2857,0.463
CM00004100,2026-03-31,V00004294,4,2,165,0,0.5,0.494
CM00004101,2026-05-29,V00006062,9,1,24,0,0.1111,0.4528
CM00004102,2026-03-29,V00009254,10,2,37,0,0.2,0.2606
CM00004103,2026-02-26,V00011934,8,5,637,1,0.625,0.8382
CM00004104,2026-06-06,V00013511,9,2,102,0,0.2222,0.5312
CM00004105,2026-01-20,V00008295,8,4,199,1,0.5,0.4326
CM00004106,2026-06-13,V00009163,4,2,104,0,0.5,0.5474
CM00004107,2026-01-04,V00009079,8,3,28,0,0.375,0.3889
CM00004108,2026-05-01,V00003311,7,2,101,0,0.2857,0.4591
CM00004109,2026-01-27,V00002575,10,8,205,2,0.8,0.7321
CM00004110,2026-05-13,V00005132,5,4,150,0,0.8,0.6579
CM00004111,2026-03-25,V00009747,9,3,280,0,0.3333,0.5556
CM00004112,2026-07-19,V00007259,11,5,191,1,0.4545,0.4064
CM00004113,2026-07-10,V00007117,8,5,502,0,0.625,0.7021
CM00004114,2026-01-16,V00001831,11,0,0,0,0.0,0.0
CM00004115,2026-02-21,V00011989,8,3,173,0,0.375,0.4179
CM00004116,2026-04-27,V00014127,8,3,195,2,0.375,0.8025
CM00004117,2026-01-04,V00014638,7,2,70,1,0.2857,0.2692
CM00004118,2026-07-12,V00004609,13,4,236,0,0.3077,0.4758
CM00004119,2026-06-16,V00014428,8,2,201,1,0.25,0.7614
CM00004120,2026-05-22,V00001350,8,2,206,0,0.25,0.6438
CM00004121,2026-06-18,V00012514,10,3,18,0,0.3,0.4286
CM00004122,2026-06-30,V00010670,13,9,670,1,0.6923,0.5395
CM00004123,2026-08-26,V00012667,13,4,24,0,0.3077,0.6667
CM00004124,2026-04-12,V00014462,10,6,221,1,0.6,0.8185
CM00004125,2026-08-18,V00010648,6,1,55,0,0.1667,1.0
CM00004126,2026-08-11,V00006085,11,5,43,2,0.4545,0.2098
CM00004127,2026-08-09,V00014168,9,0,0,0,0.0,0.0
CM00004128,2026-06-21,V00000028,9,3,28,0,0.3333,0.0856
CM00004129,2026-03-11,V00003555,9,3,152,1,0.3333,0.5223
CM00004130,2026-04-06,V00006672,8,4,106,1,0.5,0.8281
CM00004131,2026-03-18,V00005957,15,6,759,0,0.4,0.7575
CM00004132,2026-01-02,V00012722,2,1,37,0,0.5,0.4253
CM00004133,2026-01-15,V00009232,8,5,211,0,0.625,0.2993
CM00004134,2026-02-24,V00009868,8,4,237,0,0.5,0.6172
CM00004135,2026-08-02,V00013207,7,3,147,0,0.4286,0.5269
CM00004136,2026-08-14,V00008051,6,4,111,0,0.6667,0.6307
CM00004137,2026-06-06,V00005780,8,3,84,2,0.375,0.5833
CM00004138,2026-03-09,V00008945,16,7,271,0,0.4375,0.5956
CM00004139,2026-07-19,V00000818,14,3,124,0,0.2143,0.3444
CM00004140,2026-02-21,V00007360,10,2,37,1,0.2,0.5286
CM00004141,2026-07-01,V00010354,8,1,91,0,0.125,0.6149
CM00004142,2026-08-04,V00001367,4,2,112,0,0.5,0.5045
CM00004143,2026-02-28,V00011039,11,4,163,0,0.3636,0.4075
CM00004144,2026-06-18,V00009710,8,2,150,0,0.25,0.7143
CM00004145,2026-08-15,V00014524,14,6,95,1,0.4286,0.4524
CM00004146,2026-06-25,V00013335,4,0,0,0,0.0,0.0
CM00004147,2026-05-20,V00006815,9,6,307,1,0.6667,0.4694
CM00004148,2026-07-16,V00008087,8,3,365,0,0.375,0.6952
CM00004149,2026-03-07,V00003374,8,5,98,1,0.625,0.784
CM00004150,2026-03-29,V00008247,10,2,248,0,0.2,0.7337
CM00004151,2026-03-29,V00014139,5,2,201,0,0.4,0.5877
CM00004152,2026-06-20,V00007087,7,4,213,0,0.5714,0.4475
CM00004153,2026-08-03,V00009165,11,5,316,1,0.4545,0.6653
CM00004154,2026-01-19,V00005103,11,2,19,0,0.1818,0.3654
CM00004155,2026-06-11,V00006153,9,4,41,1,0.4444,0.4457
CM00004156,2026-08-22,V00011314,6,2,200,0,0.3333,0.7246
CM00004157,2026-08-13,V00002822,9,3,253,0,0.3333,0.6693
CM00004158,2026-05-10,V00001034,8,1,16,0,0.125,0.8421
CM00004159,2026-08-05,V00004335,4,1,80,0,0.25,0.6349
CM00004160,2026-06-13,V00002077,5,3,86,1,0.6,0.4859
CM00004161,2026-05-30,V00010542,14,4,126,2,0.2857,0.3351
CM00004162,2026-08-04,V00006030,6,1,44,0,0.1667,0.7458
CM00004163,2026-03-31,V00013385,5,3,162,1,0.6,0.4696
CM00004164,2026-04-29,V00004770,9,4,366,0,0.4444,0.7093
CM00004165,2026-07-31,V00002416,16,8,404,1,0.5,0.6558
CM00004166,2026-06-03,V00001383,7,1,77,0,0.1429,0.5347
CM00004167,2026-02-06,V00006638,10,6,679,1,0.6,0.7969
CM00004168,2026-07-21,V00001249,6,3,385,1,0.5,0.7505
CM00004169,2026-06-30,V00011200,8,3,357,0,0.375,0.7987
CM00004170,2026-02-25,V00001210,11,6,191,0,0.5455,0.7579
CM00004171,2026-08-23,V00001327,5,2,153,0,0.4,0.45
CM00004172,2026-04-18,V00014457,9,1,3,0,0.1111,0.0242
CM00004173,2026-05-30,V00011070,6,1,5,0,0.1667,0.5
CM00004174,2026-03-21,V00013716,5,1,10,0,0.2,0.4545
CM00004175,2026-05-27,V00004537,10,3,179,0,0.3,0.6215
CM00004176,2026-01-31,V00000998,12,6,135,0,0.5,0.3214
CM00004177,2026-08-16,V00014201,6,0,0,0,0.0,0.0
CM00004178,2026-04-11,V00003884,7,4,162,0,0.5714,0.2682
CM00004179,2026-05-05,V00001360,6,3,207,0,0.5,0.6161
CM00004180,2026-06-28,V00006708,8,4,54,0,0.5,0.7105
CM00004181,2026-03-12,V00014770,12,4,581,1,0.3333,0.8544
CM00004182,2026-02-28,V00014262,11,3,236,0,0.2727,0.4419
CM00004183,2026-01-31,V00005934,3,1,128,0,0.3333,1.0
CM00004184,2026-07-11,V00000318,10,2,140,0,0.2,0.5469
CM00004185,2026-08-11,V00000511,6,1,71,0,0.1667,0.7717
CM00004186,2026-03-02,V00010686,6,1,46,0,0.1667,0.284
CM00004187,2026-08-06,V00005416,8,2,84,1,0.25,0.4286
CM00004188,2026-06-12,V00014603,10,3,249,1,0.3,0.503
CM00004189,2026-08-28,V00000518,14,4,414,2,0.2857,0.6946
CM00004190,2026-08-17,V00003013,5,2,28,0,0.4,0.875
CM00004191,2026-07-23,V00002815,13,5,159,0,0.3846,0.4479
CM00004192,2026-05-07,V00009035,12,7,183,1,0.5833,0.6703
CM00004193,2026-03-31,V00005691,14,4,167,0,0.2857,0.3139
CM00004194,2026-05-25,V00006042,9,3,45,0,0.3333,0.625
CM00004195,2026-05-31,V00004604,10,2,83,0,0.2,0.3347
CM00004196,2026-08-20,V00011614,10,3,65,0,0.3,0.471
CM00004197,2026-05-21,V00003548,8,1,90,0,0.125,0.9375
CM00004198,2026-07-04,V00000596,5,1,68,1,0.2,0.5354
CM00004199,2026-06-13,V00014298,12,6,34,1,0.5,0.4722
CM00004200,2026-07-03,V00001523,13,11,437,2,0.8462,0.685
CM00004201,2026-06-16,V00007920,12,5,53,0,0.4167,0.3419
CM00004202,2026-08-02,V00002230,10,4,113,1,0.4,0.5765
CM00004203,2026-07-11,V00003428,10,2,39,0,0.2,0.5
CM00004204,2026-06-22,V00014522,14,3,437,0,0.2143,0.842
CM00004205,2026-02-19,V00000858,11,4,339,0,0.3636,0.5927
CM00004206,2026-03-22,V00002482,16,7,634,0,0.4375,0.6563
CM00004207,2026-05-07,V00011289,7,2,120,0,0.2857,0.3974
CM00004208,2026-01-06,V00009323,6,2,150,0,0.3333,0.8929
CM00004209,2026-06-10,V00007663,7,2,238,0,0.2857,0.8947
CM00004210,2026-07-16,V00004913,12,3,21,0,0.25,0.3889
CM00004211,2026-01-19,V00008672,12,4,203,0,0.3333,0.6114
CM00004212,2026-08-06,V00006484,13,3,151,0,0.2308,0.4494
CM00004213,2026-03-23,V00008787,6,3,174,0,0.5,0.6824
CM00004214,2026-08-13,V00008818,7,3,220,0,0.4286,0.6854
CM00004215,2026-02-10,V00009753,12,2,44,0,0.1667,0.2857
CM00004216,2026-04-26,V00009295,9,3,103,0,0.3333,0.8175
CM00004217,2026-07-20,V00005238,9,1,23,0,0.1111,0.6765
CM00004218,2026-07-10,V00012632,8,3,439,0,0.375,0.8659
CM00004219,2026-06-11,V00009480,9,5,106,0,0.5556,0.5048
CM00004220,2026-02-03,V00002603,10,4,525,1,0.4,0.875
CM00004221,2026-01-08,V00002544,9,2,311,0,0.2222,0.8937
CM00004222,2026-08-15,V00013257,10,3,242,0,0.3,0.6402
CM00004223,2026-03-08,V00000377,13,8,539,2,0.6154,0.4679
CM00004224,2026-03-30,V00007343,7,0,0,0,0.0,0.0
CM00004225,2026-01-28,V00007947,4,0,0,0,0.0,0.0
CM00004226,2026-07-08,V00011209,6,3,251,1,0.5,0.4754
CM00004227,2026-01-11,V00010394,14,5,318,1,0.3571,0.4268
CM00004228,2026-08-28,V00008246,11,4,235,2,0.3636,0.816
CM00004229,2026-01-14,V00003306,13,6,469,2,0.4615,0.8883
CM00004230,2026-07-15,V00003293,16,7,42,1,0.4375,0.375
CM00004231,2026-07-13,V00002963,10,5,586,2,0.5,0.6894
CM00004232,2026-06-26,V00007797,6,0,0,0,0.0,0.0
CM00004233,2026-06-08,V00011048,6,3,84,1,0.5,0.6667
CM00004234,2026-06-19,V00009689,13,7,284,0,0.5385,0.3688
CM00004235,2026-06-27,V00002373,6,3,34,2,0.5,0.1889
CM00004236,2026-06-29,V00005194,9,3,238,2,0.3333,0.7855
CM00004237,2026-08-16,V00008676,8,6,199,0,0.75,0.603
CM00004238,2026-06-18,V00000090,5,0,0,0,0.0,0.0
CM00004239,2026-06-27,V00004301,6,2,294,0,0.3333,1.0
CM00004240,2026-01-07,V00008371,12,4,386,1,0.3333,0.5361
CM00004241,2026-01-12,V00009494,11,4,227,0,0.3636,0.5304
CM00004242,2026-02-18,V00003411,11,5,191,2,0.4545,0.5306
CM00004243,2026-07-26,V00006268,14,4,297,0,0.2857,0.6346
CM00004244,2026-03-20,V00013742,10,2,95,0,0.2,0.546
CM00004245,2026-08-23,V00011331,11,2,70,1,0.1818,0.5645
CM00004246,2026-05-08,V00005262,5,2,39,1,0.4,0.7222
CM00004247,2026-01-21,V00005737,8,3,116,1,0.375,0.3906
CM00004248,2026-07-23,V00013865,8,1,43,0,0.125,0.344
CM00004249,2026-01-18,V00006195,5,2,35,1,0.4,0.4167
CM00004250,2026-03-17,V00005873,8,6,611,1,0.75,0.6209
CM00004251,2026-03-18,V00001086,11,5,522,0,0.4545,0.72
CM00004252,2026-06-15,V00001620,12,7,343,1,0.5833,0.4804
CM00004253,2026-01-25,V00000312,11,6,430,2,0.5455,0.7465
CM00004254,2026-03-01,V00005943,12,4,224,2,0.3333,0.4553
CM00004255,2026-08-17,V00008783,10,2,91,0,0.2,0.337
CM00004256,2026-07-16,V00009209,11,3,306,0,0.2727,0.6538
CM00004257,2026-07-27,V00008413,10,2,61,0,0.2,0.2748
CM00004258,2026-06-10,V00011752,10,4,35,0,0.4,0.3646
CM00004259,2026-03-27,V00000226,16,6,323,0,0.375,0.6409
CM00004260,2026-07-29,V00011618,6,3,178,2,0.5,0.7063
CM00004261,2026-02-01,V00013059,9,2,130,0,0.2222,0.6842
CM00004262,2026-06-13,V00000898,5,1,79,0,0.2,0.4389
CM00004263,2026-05-05,V00013127,7,2,255,0,0.2857,0.7681
CM00004264,2026-06-19,V00011442,9,3,250,1,0.3333,0.5747
CM00004265,2026-05-07,V00012284,16,7,132,1,0.4375,0.6286
CM00004266,2026-02-05,V00006040,12,6,559,1,0.5,0.8707
CM00004267,2026-01-24,V00014650,12,3,211,1,0.25,0.5627
CM00004268,2026-07-19,V00003482,9,3,343,0,0.3333,0.7101
CM00004269,2026-07-09,V00007071,11,3,190,1,0.2727,0.4872
CM00004270,2026-04-30,V00002350,7,3,50,0,0.4286,0.8333
CM00004271,2026-07-08,V00000132,8,1,131,0,0.125,0.8912
CM00004272,2026-02-14,V00007427,5,3,19,0,0.6,0.5758
CM00004273,2026-05-25,V00013851,13,8,686,2,0.6154,0.7867
CM00004274,2026-08-02,V00012093,5,1,16,1,0.2,0.2319
CM00004275,2026-05-16,V00002695,7,1,45,0,0.1429,0.3261
CM00004276,2026-08-21,V00002431,6,0,0,0,0.0,0.0
CM00004277,2026-06-10,V00003741,6,1,70,0,0.1667,0.5426
CM00004278,2026-04-07,V00011682,4,2,120,0,0.5,0.4878
CM00004279,2026-08-12,V00001805,9,4,72,0,0.4444,0.5
CM00004280,2026-08-16,V00002315,8,4,411,1,0.5,0.822
CM00004281,2026-07-24,V00002554,9,3,82,1,0.3333,0.2877
CM00004282,2026-08-14,V00013116,14,6,702,2,0.4286,0.8357
CM00004283,2026-05-27,V00002148,11,7,635,0,0.6364,0.6526
CM00004284,2026-08-02,V00007044,8,4,6,0,0.5,0.1364
CM00004285,2026-03-16,V00008525,8,5,274,0,0.625,0.6372
CM00004286,2026-08-27,V00012742,8,3,80,0,0.375,0.2402
CM00004287,2026-06-10,V00003848,15,2,60,0,0.1333,0.5
CM00004288,2026-04-22,V00006136,10,4,450,0,0.4,0.755
CM00004289,2026-05-15,V00011409,13,7,707,0,0.5385,0.6689
CM00004290,2026-06-20,V00003934,12,5,41,2,0.4167,0.6833
CM00004291,2026-07-12,V00012637,5,2,116,0,0.4,0.6667
CM00004292,2026-03-04,V00010883,14,10,170,1,0.7143,0.5667
CM00004293,2026-01-02,V00005653,9,6,429,0,0.6667,0.6942
CM00004294,2026-04-21,V00002767,8,2,97,0,0.25,0.3368
CM00004295,2026-02-02,V00010538,8,6,708,0,0.75,0.7763
CM00004296,2026-05-13,V00002262,8,3,178,1,0.375,0.7417
CM00004297,2026-02-10,V00008000,12,6,340,0,0.5,0.4971
CM00004298,2026-03-25,V00014711,9,4,406,1,0.4444,0.6078
CM00004299,2026-01-18,V00012646,9,5,632,0,0.5556,0.7614
CM00004300,2026-02-10,V00000458,9,2,75,0,0.2222,0.3676
CM00004301,2026-05-13,V00009300,7,2,156,1,0.2857,0.6094
CM00004302,2026-03-01,V00004342,9,3,209,0,0.3333,0.516
CM00004303,2026-04-13,V00012581,4,0,0,0,0.0,0.0
CM00004304,2026-07-21,V00006694,7,2,52,0,0.2857,0.8125
CM00004305,2026-07-06,V00002143,14,1,72,0,0.0714,0.9351
CM00004306,2026-05-25,V00012798,8,4,211,0,0.5,0.5438
CM00004307,2026-03-07,V00005886,8,2,78,1,0.25,0.75
CM00004308,2026-07-02,V00013861,5,3,107,0,0.6,0.673
CM00004309,2026-04-04,V00004651,12,6,361,1,0.5,0.3907
CM00004310,2026-04-27,V00009510,10,2,42,0,0.2,0.3387
CM00004311,2026-04-28,V00004776,14,4,233,1,0.2857,0.3687
CM00004312,2026-08-10,V00013344,7,1,11,0,0.1429,0.5
CM00004313,2026-07-30,V00000089,14,4,302,1,0.2857,0.7123
CM00004314,2026-08-28,V00003280,15,8,1124,0,0.5333,0.8075
CM00004315,2026-08-27,V00014197,4,1,63,0,0.25,0.3889
CM00004316,2026-02-10,V00003065,12,6,219,0,0.5,0.4451
CM00004317,2026-01-27,V00008198,10,2,109,0,0.2,0.8651
CM00004318,2026-06-05,V00004674,10,2,123,0,0.2,0.6758
CM00004319,2026-02-17,V00006503,9,4,454,1,0.4444,0.8285
CM00004320,2026-01-01,V00002199,11,1,20,0,0.0909,0.2128
CM00004321,2026-01-21,V00012470,8,1,51,0,0.125,0.7969
CM00004322,2026-02-14,V00013060,10,4,105,0,0.4,0.2244
CM00004323,2026-03-29,V00013996,15,8,294,3,0.5333,0.6447
CM00004324,2026-08-18,V00000978,7,2,203,0,0.2857,0.6858
CM00004325,2026-02-20,V00007088,6,2,48,0,0.3333,0.2963
CM00004326,2026-06-14,V00008703,5,1,82,0,0.2,0.5694
CM00004327,2026-01-20,V00005789,10,4,58,0,0.4,0.4677
CM00004328,2026-06-08,V00009261,11,3,116,1,0.2727,0.4203
CM00004329,2026-06-17,V00001275,13,5,340,0,0.3846,0.3908
CM00004330,2026-07-20,V00014348,12,2,151,0,0.1667,0.4719
CM00004331,2026-07-08,V00007388,7,2,184,1,0.2857,0.7731
CM00004332,2026-06-19,V00007529,10,4,20,0,0.4,0.2941
CM00004333,2026-04-23,V00012844,5,2,30,1,0.4,0.6
CM00004334,2026-08-15,V00010692,12,1,37,0,0.0833,0.8043
CM00004335,2026-06-14,V00010893,6,2,19,0,0.3333,0.2714
CM00004336,2026-08-13,V00010067,15,5,314,0,0.3333,0.4618
CM00004337,2026-05-03,V00005728,8,6,331,2,0.75,0.8487
CM00004338,2026-08-25,V00005557,8,3,45,0,0.375,0.2459
CM00004339,2026-01-29,V00011439,5,1,89,0,0.2,0.5361
CM00004340,2026-04-16,V00011197,10,0,0,0,0.0,0.0
CM00004341,2026-03-10,V00000859,5,3,31,0,0.6,0.4921
CM00004342,2026-08-19,V00000732,8,4,481,1,0.5,0.7516
CM00004343,2026-07-11,V00008069,15,3,19,0,0.2,0.1092
CM00004344,2026-08-26,V00008844,4,1,72,0,0.25,0.4557
CM00004345,2026-07-11,V00006266,4,0,0,0,0.0,0.0
CM00004346,2026-06-29,V00006138,7,4,255,1,0.5714,0.4866
CM00004347,2026-08-19,V00003666,8,2,78,0,0.25,0.7647
CM00004348,2026-08-06,V00002999,11,2,64,0,0.1818,0.9143
CM00004349,2026-05-05,V00001509,6,2,171,0,0.3333,0.7703
CM00004350,2026-01-26,V00007548,8,5,130,0,0.625,0.6047
CM00004351,2026-04-02,V00009550,8,4,423,1,0.5,0.6957
CM00004352,2026-06-18,V00001528,6,2,126,0,0.3333,0.6
CM00004353,2026-07-15,V00014539,6,2,56,0,0.3333,0.7179
CM00004354,2026-01-30,V00014553,8,3,258,0,0.375,0.8037
CM00004355,2026-06-03,V00001551,12,5,87,0,0.4167,0.5118
CM00004356,2026-04-18,V00003103,9,2,69,0,0.2222,0.2899
CM00004357,2026-08-16,V00002007,13,7,682,2,0.5385,0.7271
CM00004358,2026-05-24,V00005627,12,9,790,4,0.75,0.8053
CM00004359,2026-06-26,V00001608,6,0,0,0,0.0,0.0
CM00004360,2026-07-08,V00006290,5,0,0,0,0.0,0.0
CM00004361,2026-07-26,V00003632,13,6,207,1,0.4615,0.8214
CM00004362,2026-01-13,V00000947,7,2,64,1,0.2857,0.4776
CM00004363,2026-08-22,V00004310,7,3,41,1,0.4286,0.402
CM00004364,2026-01-14,V00001555,5,1,16,1,0.2,0.3636
CM00004365,2026-04-23,V00014929,7,3,56,1,0.4286,0.8116
CM00004366,2026-01-29,V00004188,11,7,85,0,0.6364,0.7589
CM00004367,2026-07-03,V00008255,2,1,19,0,0.5,0.4419
CM00004368,2026-02-21,V00010366,8,2,168,0,0.25,0.6667
CM00004369,2026-04-25,V00008535,11,6,116,2,0.5455,0.8056
CM00004370,2026-06-22,V00004430,11,4,134,0,0.3636,0.2965
CM00004371,2026-05-05,V00007557,9,5,329,0,0.5556,0.615
CM00004372,2026-08-26,V00003869,5,1,118,0,0.2,0.6901
CM00004373,2026-08-28,V00006316,13,4,68,0,0.3077,0.4474
CM00004374,2026-01-14,V00001785,10,4,421,0,0.4,0.7973
CM00004375,2026-03-01,V00002208,7,1,75,0,0.1429,0.7143
CM00004376,2026-07-09,V00006092,13,3,31,0,0.2308,0.3827
CM00004377,2026-06-18,V00009343,12,3,241,1,0.25,0.7303
CM00004378,2026-05-14,V00008638,10,5,148,0,0.5,0.897
CM00004379,2026-08-09,V00011233,7,3,230,1,0.4286,0.5637
CM00004380,2026-01-22,V00008643,7,3,15,0,0.4286,0.4167
CM00004381,2026-03-28,V00009708,13,4,225,0,0.3077,0.5569
CM00004382,2026-06-05,V00005421,14,5,191,1,0.3571,0.7074
CM00004383,2026-07-10,V00004811,9,2,38,0,0.2222,0.3725
CM00004384,2026-05-19,V00014688,11,2,8,0,0.1818,0.3333
CM00004385,2026-06-21,V00004822,7,1,97,1,0.1429,0.8818
CM00004386,2026-05-25,V00002884,7,3,155,0,0.4286,0.427
CM00004387,2026-08-28,V00013556,7,2,105,0,0.2857,0.5469
CM00004388,2026-06-17,V00000061,8,5,144,0,0.625,0.5333
CM00004389,2026-01-28,V00003387,5,1,27,0,0.2,0.7941
CM00004390,2026-01-07,V00009665,12,5,550,2,0.4167,0.8029
CM00004391,2026-03-16,V00001588,14,7,563,2,0.5,0.6539
CM00004392,2026-05-24,V00012858,10,2,46,0,0.2,0.575
CM00004393,2026-03-26,V00003418,10,6,994,0,0.6,0.9255
CM00004394,2026-06-10,V00002711,16,8,436,0,0.5,0.6264
CM00004395,2026-02-03,V00014901,10,2,103,1,0.2,0.6059
CM00004396,2026-05-20,V00009858,10,3,155,1,0.3,0.4572
CM00004397,2026-07-02,V00006342,12,4,173,0,0.3333,0.4601
CM00004398,2026-08-26,V00004358,9,4,197,1,0.4444,0.4283
CM00004399,2026-03-08,V00004876,6,3,23,1,0.5,0.6389
CM00004400,2026-08-24,V00010583,11,3,19,1,0.2727,0.6333
CM00004401,2026-05-15,V00011501,8,2,96,0,0.25,0.6154
CM00004402,2026-03-03,V00012375,9,3,9,0,0.3333,0.1579
CM00004403,2026-02-04,V00006735,8,4,416,0,0.5,0.7591
CM00004404,2026-04-19,V00007640,11,5,477,0,0.4545,0.649
CM00004405,2026-07-13,V00013564,8,3,80,0,0.375,0.7207
CM00004406,2026-05-19,V00005361,8,3,69,1,0.375,0.8519
CM00004407,2026-06-09,V00010469,7,2,136,0,0.2857,0.4533
CM00004408,2026-01-27,V00000703,10,2,165,0,0.2,0.825
CM00004409,2026-01-12,V00003327,7,3,34,0,0.4286,0.4359
CM00004410,2026-04-01,V00012342,6,4,154,0,0.6667,0.7264
CM00004411,2026-07-18,V00005751,9,4,375,0,0.4444,0.6127
CM00004412,2026-06-10,V00007950,8,1,54,0,0.125,0.4954
CM00004413,2026-06-13,V00004082,6,2,121,0,0.3333,0.4764
CM00004414,2026-05-30,V00000680,8,1,102,0,0.125,0.887
CM00004415,2026-04-29,V00004636,4,1,52,0,0.25,0.8254
CM00004416,2026-05-29,V00002857,13,6,42,0,0.4615,0.5
CM00004417,2026-04-02,V00003397,9,6,474,0,0.6667,0.7117
CM00004418,2026-03-04,V00003144,12,7,91,0,0.5833,0.6842
CM00004419,2026-08-27,V00011418,17,4,183,0,0.2353,0.5791
CM00004420,2026-03-22,V00003168,9,4,97,0,0.4444,0.6218
CM00004421,2026-02-26,V00011933,6,5,461,1,0.8333,0.8617
CM00004422,2026-06-18,V00007838,8,3,152,0,0.375,0.4258
CM00004423,2026-07-04,V00005353,8,4,254,0,0.5,0.5427
CM00004424,2026-02-01,V00013665,11,4,162,0,0.3636,0.4939
CM00004425,2026-01-12,V00013358,8,6,319,1,0.75,0.5974
CM00004426,2026-06-16,V00007824,14,6,116,1,0.4286,0.6444
CM00004427,2026-08-16,V00005337,13,3,52,0,0.2308,0.5253
CM00004428,2026-04-01,V00005682,9,1,10,0,0.1111,0.7143
CM00004429,2026-08-05,V00012213,5,4,522,0,0.8,0.8818
CM00004430,2026-08-24,V00000239,11,4,310,0,0.3636,0.6858
CM00004431,2026-06-11,V00003808,10,4,76,1,0.4,0.6552
CM00004432,2026-03-19,V00012343,5,1,121,0,0.2,0.7562
CM00004433,2026-02-08,V00000912,8,4,363,0,0.5,0.5567
CM00004434,2026-04-12,V00008958,9,3,96,0,0.3333,0.5079
CM00004435,2026-04-11,V00003801,10,2,100,0,0.2,0.5495
CM00004436,2026-04-02,V00013808,7,4,523,1,0.5714,0.8546
CM00004437,2026-03-10,V00002311,9,7,431,0,0.7778,0.5263
CM00004438,2026-06-15,V00012955,9,5,55,1,0.5556,0.55
CM00004439,2026-01-26,V00000758,11,4,227,0,0.3636,0.5457
CM00004440,2026-01-02,V00014414,8,4,99,1,0.5,0.495
CM00004441,2026-01-16,V00014795,4,4,277,0,1.0,0.6239
CM00004442,2026-01-04,V00008315,6,4,174,0,0.6667,0.7909
CM00004443,2026-02-25,V00008234,15,8,135,1,0.5333,0.767
CM00004444,2026-06-09,V00014702,7,1,67,0,0.1429,0.9437
CM00004445,2026-08-08,V00012952,11,3,71,0,0.2727,0.7172
CM00004446,2026-01-27,V00006173,9,3,102,0,0.3333,0.3036
CM00004447,2026-05-23,V00012326,7,2,228,2,0.2857,0.8444
CM00004448,2026-05-09,V00005286,10,4,310,1,0.4,0.6102
CM00004449,2026-07-31,V00008704,10,4,413,1,0.4,0.8825
CM00004450,2026-05-04,V00011591,14,5,420,0,0.3571,0.506
CM00004451,2026-06-24,V00009651,7,3,44,0,0.4286,0.6377
CM00004452,2026-04-18,V00000604,14,3,110,0,0.2143,0.2842
CM00004453,2026-02-10,V00004206,12,5,41,2,0.4167,0.6833
CM00004454,2026-08-04,V00008685,14,4,301,0,0.2857,0.6069
CM00004455,2026-04-05,V00002300,8,2,130,0,0.25,0.7471
CM00004456,2026-03-03,V00000163,8,5,120,2,0.625,0.8276
CM00004457,2026-06-26,V00013837,15,8,553,0,0.5333,0.7054
CM00004458,2026-02-03,V00014261,7,4,291,0,0.5714,0.6496
CM00004459,2026-03-23,V00011317,6,1,18,0,0.1667,0.1065
CM00004460,2026-04-19,V00002876,6,2,67,0,0.3333,0.5678
CM00004461,2026-07-18,V00010153,14,9,418,0,0.6429,0.8601
CM00004462,2026-03-02,V00011762,7,2,204,1,0.2857,0.5667
CM00004463,2026-03-17,V00014801,10,3,102,1,0.3,0.6182
CM00004464,2026-06-29,V00008602,9,2,24,0,0.2222,0.3636
CM00004465,2026-06-10,V00006616,3,1,39,0,0.3333,0.5
CM00004466,2026-03-21,V00009576,6,2,215,0,0.3333,0.8958
CM00004467,2026-07-05,V00008906,7,3,117,1,0.4286,0.5909
CM00004468,2026-07-25,V00001583,8,3,121,1,0.375,0.4919
CM00004469,2026-03-15,V00008454,6,0,0,0,0.0,0.0
CM00004470,2026-06-15,V00000180,16,8,145,1,0.5,0.625
CM00004471,2026-08-26,V00012883,5,3,77,1,0.6,0.4208
CM00004472,2026-05-03,V00007241,8,5,130,1,0.625,0.4194
CM00004473,2026-05-10,V00013034,13,2,101,0,0.1538,0.5872
CM00004474,2026-01-05,V00002177,16,2,92,0,0.125,0.3511
CM00004475,2026-08-17,V00001364,10,2,114,0,0.2,0.4914
CM00004476,2026-04-01,V00014776,10,6,138,0,0.6,0.4259
CM00004477,2026-03-10,V00006378,11,5,313,2,0.4545,0.8694
CM00004478,2026-04-24,V00012421,6,1,49,0,0.1667,0.7424
CM00004479,2026-05-04,V00012043,8,1,88,0,0.125,0.8073
CM00004480,2026-02-23,V00005523,4,2,293,0,0.5,0.9702
CM00004481,2026-07-03,V00006956,8,4,129,1,0.5,0.2804
CM00004482,2026-08-24,V00009863,9,4,65,0,0.4444,0.9028
CM00004483,2026-03-15,V00006865,10,1,31,0,0.1,0.5254
CM00004484,2026-01-16,V00012186,8,2,118,1,0.25,0.3471
CM00004485,2026-06-30,V00002090,6,0,0,0,0.0,0.0
CM00004486,2026-05-14,V00011311,10,4,67,1,0.4,0.8375
CM00004487,2026-06-02,V00010618,11,1,14,0,0.0909,0.3043
CM00004488,2026-05-18,V00005788,7,4,388,0,0.5714,0.6101
CM00004489,2026-02-19,V00011700,10,2,37,0,0.2,0.4111
CM00004490,2026-04-23,V00000191,6,2,17,1,0.3333,0.3148
CM00004491,2026-05-14,V00002314,11,4,382,0,0.3636,0.5651
CM00004492,2026-05-16,V00000058,15,6,448,1,0.4,0.607
CM00004493,2026-05-17,V00004551,5,2,340,0,0.4,0.9659
CM00004494,2026-03-23,V00005191,9,2,93,1,0.2222,0.6739
CM00004495,2026-07-28,V00005014,13,5,306,1,0.3846,0.9273
CM00004496,2026-02-25,V00010470,5,1,86,0,0.2,0.8515
CM00004497,2026-01-20,V00006790,8,2,50,0,0.25,0.641
CM00004498,2026-02-28,V00003634,9,4,251,0,0.4444,0.3627
CM00004499,2026-05-25,V00013498,12,4,304,1,0.3333,0.7755
CM00004500,2026-05-08,V00013464,14,4,275,1,0.2857,0.6194
CM00004501,2026-06-11,V00003936,4,1,117,0,0.25,0.7006
CM00004502,2026-01-05,V00007930,7,3,108,1,0.4286,0.375
CM00004503,2026-06-19,V00007040,10,3,42,0,0.3,0.2979
CM00004504,2026-02-01,V00014949,9,5,316,0,0.5556,0.4938
CM00004505,2026-02-22,V00003467,8,2,121,0,0.25,0.5
CM00004506,2026-01-03,V00014342,9,4,90,1,0.4444,0.5
CM00004507,2026-08-13,V00008393,6,3,277,1,0.5,0.5276
CM00004508,2026-03-05,V00000391,7,1,55,0,0.1429,0.3901
CM00004509,2026-03-23,V00014288,13,5,319,0,0.3846,0.7506
CM00004510,2026-04-21,V00008498,13,2,7,1,0.1538,0.2059
CM00004511,2026-02-13,V00014952,8,3,158,0,0.375,0.836
CM00004512,2026-02-22,V00003460,15,5,418,2,0.3333,0.5225
CM00004513,2026-08-27,V00009925,12,1,64,0,0.0833,0.4638
CM00004514,2026-08-22,V00012115,13,4,159,0,0.3077,0.3897
CM00004515,2026-01-05,V00012879,10,2,32,0,0.2,0.1818
CM00004516,2026-06-14,V00002383,11,2,77,0,0.1818,0.837
CM00004517,2026-04-28,V00007006,7,4,336,1,0.5714,0.6
CM00004518,2026-02-24,V00003633,8,4,34,0,0.5,0.3542
CM00004519,2026-02-17,V00003258,14,4,224,2,0.2857,0.7671
CM00004520,2026-04-04,V00000412,9,2,178,0,0.2222,0.6096
CM00004521,2026-02-21,V00009021,6,1,23,0,0.1667,0.46
CM00004522,2026-03-17,V00010179,9,3,347,0,0.3333,0.6498
CM00004523,2026-07-06,V00005220,6,2,11,1,0.3333,0.6111
CM00004524,2026-06-30,V00013776,11,3,65,0,0.2727,0.6019
CM00004525,2026-04-15,V00009969,4,3,152,1,0.75,0.5507
CM00004526,2026-08-25,V00013084,16,8,240,4,0.5,0.6383
CM00004527,2026-07-06,V00013663,12,6,444,1,0.5,0.7184
CM00004528,2026-01-31,V00012904,9,3,171,1,0.3333,0.6196
CM00004529,2026-07-06,V00011380,5,3,214,1,0.6,0.5847
CM00004530,2026-02-11,V00007538,9,4,142,0,0.4444,0.3989
CM00004531,2026-02-17,V00002529,15,10,1104,3,0.6667,0.751
CM00004532,2026-06-05,V00006162,10,3,97,2,0.3,0.5575
CM00004533,2026-07-03,V00000840,9,4,63,0,0.4444,0.2072
CM00004534,2026-06-05,V00004854,11,6,782,2,0.5455,0.9513
CM00004535,2026-04-19,V00009848,4,1,22,0,0.25,0.6471
CM00004536,2026-08-14,V00003591,12,4,135,0,0.3333,0.2033
CM00004537,2026-08-17,V00000879,9,2,66,0,0.2222,0.2409
CM00004538,2026-06-26,V00012085,9,2,128,0,0.2222,0.4354
CM00004539,2026-01-31,V00012833,7,2,89,1,0.2857,0.8396
CM00004540,2026-04-09,V00014258,9,3,131,0,0.3333,0.5598
CM00004541,2026-02-24,V00008848,12,5,32,0,0.4167,0.5333
CM00004542,2026-05-24,V00010872,8,4,269,1,0.5,0.731
CM00004543,2026-02-13,V00010798,9,5,331,2,0.5556,0.7275
CM00004544,2026-05-07,V00010060,9,2,118,0,0.2222,0.4876
CM00004545,2026-04-26,V00004738,9,4,347,0,0.4444,0.5861
CM00004546,2026-05-27,V00009849,10,4,40,1,0.4,0.6667
CM00004547,2026-07-20,V00011302,13,4,214,0,0.3077,0.304
CM00004548,2026-04-27,V00000944,10,3,148,0,0.3,0.2787
CM00004549,2026-05-14,V00010326,3,2,79,1,0.6667,0.8404
CM00004550,2026-02-06,V00009590,9,3,366,1,0.3333,0.7922
CM00004551,2026-08-04,V00012418,15,4,380,0,0.2667,0.6419
CM00004552,2026-03-05,V00003351,7,3,232,0,0.4286,0.5022
CM00004553,2026-08-01,V00001500,7,1,75,0,0.1429,0.5515
CM00004554,2026-08-26,V00006627,11,1,34,1,0.0909,0.7907
CM00004555,2026-05-16,V00011373,12,4,171,1,0.3333,0.475
CM00004556,2026-04-15,V00007883,11,3,430,2,0.2727,0.8052
CM00004557,2026-04-11,V00011081,12,1,25,0,0.0833,0.3125
CM00004558,2026-07-11,V00000489,7,1,36,0,0.1429,0.2432
CM00004559,2026-06-17,V00012240,14,5,596,0,0.3571,0.745
CM00004560,2026-04-03,V00003945,10,1,49,0,0.1,0.4579
CM00004561,2026-04-24,V00006301,5,2,11,0,0.4,0.1719
CM00004562,2026-07-11,V00001107,11,3,59,1,0.2727,0.6146
CM00004563,2026-01-07,V00001052,9,6,60,0,0.6667,0.625
CM00004564,2026-01-06,V00006386,9,5,142,2,0.5556,0.8875
CM00004565,2026-04-17,V00009160,12,5,214,0,0.4167,0.3397
CM00004566,2026-05-02,V00003456,10,3,40,1,0.3,0.5797
CM00004567,2026-07-07,V00012987,11,5,154,0,0.4545,0.5811
CM00004568,2026-06-07,V00000054,9,1,60,0,0.1111,0.5882
CM00004569,2026-03-21,V00012777,9,3,377,1,0.3333,0.816
CM00004570,2026-05-15,V00000233,7,2,155,0,0.2857,0.5962
CM00004571,2026-08-15,V00010300,7,1,26,0,0.1429,0.1818
CM00004572,2026-08-16,V00000030,7,4,283,0,0.5714,0.5945
CM00004573,2026-03-22,V00004201,5,2,15,0,0.4,0.3947
CM00004574,2026-07-12,V00005243,6,4,271,0,0.6667,0.4672
CM00004575,2026-08-08,V00002707,11,3,38,0,0.2727,0.2147
CM00004576,2026-03-19,V00005165,5,1,27,0,0.2,0.3068
CM00004577,2026-07-21,V00005149,6,1,145,0,0.1667,0.8951
CM00004578,2026-08-07,V00008934,11,2,67,0,0.1818,0.6204
CM00004579,2026-04-13,V00000767,11,4,299,2,0.3636,0.8494
CM00004580,2026-05-10,V00003123,8,3,147,1,0.375,0.3769
CM00004581,2026-07-20,V00008777,7,2,116,1,0.2857,0.725
CM00004582,2026-06-06,V00008870,13,4,327,1,0.3077,0.8175
CM00004583,2026-01-28,V00003797,12,8,636,2,0.6667,0.7294
CM00004584,2026-02-13,V00008043,9,2,105,0,0.2222,0.7721
CM00004585,2026-02-01,V00005319,7,3,191,0,0.4286,0.4081
CM00004586,2026-08-27,V00008097,6,3,30,0,0.5,0.1136
CM00004587,2026-07-12,V00006002,9,6,538,2,0.6667,0.9539
CM00004588,2026-01-29,V00009508,8,3,132,1,0.375,0.4731
CM00004589,2026-05-02,V00011502,9,3,279,0,0.3333,0.6078
CM00004590,2026-08-14,V00012347,7,1,24,0,0.1429,0.4068
CM00004591,2026-05-27,V00005415,7,1,25,0,0.1429,0.3906
CM00004592,2026-07-04,V00001090,12,5,315,0,0.4167,0.6562
CM00004593,2026-03-20,V00009002,7,1,1,0,0.1429,0.0156
CM00004594,2026-04-24,V00007580,8,2,88,0,0.25,0.3929
CM00004595,2026-06-07,V00001986,9,4,287,0,0.4444,0.4783
CM00004596,2026-03-22,V00012494,12,4,133,0,0.3333,0.5636
CM00004597,2026-04-23,V00011437,9,3,388,0,0.3333,0.7266
CM00004598,2026-04-18,V00011470,11,5,503,0,0.4545,0.996
CM00004599,2026-08-21,V00000733,7,2,124,0,0.2857,0.747
CM00004600,2026-02-16,V00006476,8,2,240,0,0.25,0.7018
CM00004601,2026-06-06,V00007518,11,4,112,0,0.3636,0.2545
CM00004602,2026-03-22,V00009995,13,4,585,0,0.3077,0.8553
CM00004603,2026-04-01,V00005566,1,0,0,0,0.0,0.0
CM00004604,2026-07-02,V00013039,9,4,263,0,0.4444,0.6322
CM00004605,2026-06-23,V00000899,10,4,96,0,0.4,0.15
CM00004606,2026-07-29,V00009243,11,4,71,0,0.3636,0.1888
CM00004607,2026-04-12,V00013621,14,7,361,1,0.5,0.6289
CM00004608,2026-01-08,V00004049,5,3,62,0,0.6,0.5439
CM00004609,2026-08-13,V00011710,4,0,0,0,0.0,0.0
CM00004610,2026-08-21,V00003256,4,2,185,0,0.5,0.6336
CM00004611,2026-07-26,V00005558,5,1,43,0,0.2,0.5119
CM00004612,2026-05-30,V00002455,10,2,77,0,0.2,0.275
CM00004613,2026-07-01,V00014479,8,4,23,1,0.5,0.6389
CM00004614,2026-07-14,V00001184,7,2,27,1,0.2857,0.5
CM00004615,2026-03-10,V00008614,9,6,834,0,0.6667,0.7853
CM00004616,2026-08-27,V00001835,8,5,248,0,0.625,0.8407
CM00004617,2026-05-24,V00001153,11,3,366,0,0.2727,0.8243
CM00004618,2026-06-06,V00011261,13,6,38,0,0.4615,0.3333
CM00004619,2026-07-07,V00000385,7,1,6,0,0.1429,0.3158
CM00004620,2026-06-10,V00008378,9,2,17,0,0.2222,0.5667
CM00004621,2026-08-23,V00013744,8,4,293,1,0.5,0.6208
CM00004622,2026-02-04,V00014436,12,7,49,3,0.5833,0.5833
CM00004623,2026-05-30,V00000269,10,3,123,0,0.3,0.6721
CM00004624,2026-03-01,V00009219,7,3,334,1,0.4286,0.6435
CM00004625,2026-08-12,V00013375,10,1,105,0,0.1,0.625
CM00004626,2026-01-11,V00000376,5,0,0,0,0.0,0.0
CM00004627,2026-08-10,V00000068,3,0,0,0,0.0,0.0
CM00004628,2026-06-15,V00002832,7,3,213,0,0.4286,0.6636
CM00004629,2026-08-09,V00010177,8,2,112,0,0.25,0.4409
CM00004630,2026-04-18,V00013171,8,1,65,0,0.125,0.5702
CM00004631,2026-08-16,V00003587,3,1,19,0,0.3333,0.6129
CM00004632,2026-04-04,V00001017,7,2,23,0,0.2857,0.6389
CM00004633,2026-06-08,V00013373,15,6,339,1,0.4,0.6494
CM00004634,2026-06-24,V00000310,4,1,53,0,0.25,0.3841
CM00004635,2026-02-21,V00014535,11,2,45,0,0.1818,0.4412
CM00004636,2026-01-27,V00005055,11,3,52,1,0.2727,0.5098
CM00004637,2026-02-25,V00005218,9,8,138,1,0.8889,0.8214
CM00004638,2026-01-08,V00008202,9,5,39,1,0.5556,0.5571
CM00004639,2026-07-29,V00012438,7,2,108,0,0.2857,0.5143
CM00004640,2026-07-04,V00013063,9,1,45,0,0.1111,0.5294
CM00004641,2026-06-07,V00008078,8,3,45,1,0.375,0.4286
CM00004642,2026-03-24,V00008001,8,2,81,1,0.25,0.54
CM00004643,2026-01-04,V00014837,9,3,337,0,0.3333,0.9208
CM00004644,2026-07-23,V00001722,8,0,0,0,0.0,0.0
CM00004645,2026-07-23,V00010487,7,3,198,1,0.4286,0.7174
CM00004646,2026-04-25,V00004429,11,4,175,1,0.3636,0.653
CM00004647,2026-06-04,V00010731,5,0,0,0,0.0,0.0
CM00004648,2026-03-07,V00009399,5,2,128,0,0.4,0.8649
CM00004649,2026-03-13,V00014836,15,9,649,1,0.6,0.4652
CM00004650,2026-07-22,V00010743,11,2,111,0,0.1818,0.3675
CM00004651,2026-08-22,V00009440,8,3,223,0,0.375,0.4322
CM00004652,2026-05-06,V00000147,9,1,32,0,0.1111,0.5517
CM00004653,2026-03-15,V00004372,15,7,343,1,0.4667,0.7778
CM00004654,2026-04-22,V00009804,11,3,16,1,0.2727,0.5926
CM00004655,2026-07-27,V00011054,8,1,23,0,0.125,0.1544
CM00004656,2026-05-31,V00007271,11,6,689,0,0.5455,0.7002
CM00004657,2026-06-12,V00002935,11,2,174,1,0.1818,0.685
CM00004658,2026-07-14,V00001768,11,2,112,0,0.1818,0.6154
CM00004659,2026-03-24,V00011230,10,6,641,1,0.6,0.8616
CM00004660,2026-04-26,V00001609,10,6,535,1,0.6,0.9192
CM00004661,2026-07-22,V00009865,4,3,41,0,0.75,0.5467
CM00004662,2026-02-07,V00009217,4,1,4,1,0.25,0.3333
CM00004663,2026-07-31,V00004490,6,4,183,1,0.6667,0.3222
CM00004664,2026-07-06,V00012039,8,4,93,1,0.5,0.7266
CM00004665,2026-03-31,V00006992,14,4,265,0,0.2857,0.6625
CM00004666,2026-06-18,V00007997,10,4,172,1,0.4,0.8958
CM00004667,2026-04-21,V00011379,9,2,70,0,0.2222,0.2823
CM00004668,2026-08-10,V00011795,6,1,107,0,0.1667,0.5944
CM00004669,2026-05-13,V00010877,4,2,41,0,0.5,0.1434
CM00004670,2026-07-30,V00007748,9,3,48,0,0.3333,0.5
CM00004671,2026-04-16,V00007918,6,1,47,1,0.1667,0.4087
CM00004672,2026-03-09,V00004194,10,2,127,0,0.2,0.5248
CM00004673,2026-03-26,V00013460,6,0,0,0,0.0,0.0
CM00004674,2026-06-18,V00006899,4,2,29,0,0.5,0.4833
CM00004675,2026-04-04,V00008738,10,5,183,0,0.5,0.5382
CM00004676,2026-04-19,V00002607,8,1,117,0,0.125,0.6648
CM00004677,2026-08-14,V00005119,12,6,97,0,0.5,0.4042
CM00004678,2026-08-05,V00005940,12,5,243,1,0.4167,0.4585
CM00004679,2026-07-19,V00001931,10,3,45,1,0.3,0.5357
CM00004680,2026-07-06,V00008169,5,3,249,1,0.6,0.4882
CM00004681,2026-08-27,V00004482,9,3,272,1,0.3333,0.6921
CM00004682,2026-01-30,V00014613,12,3,292,1,0.25,0.7002
CM00004683,2026-02-20,V00012451,8,3,380,1,0.375,0.8676
CM00004684,2026-06-11,V00005816,6,4,495,0,0.6667,0.7237
CM00004685,2026-06-25,V00005475,15,3,81,0,0.2,0.7297
CM00004686,2026-02-09,V00000017,7,3,371,1,0.4286,0.7978
CM00004687,2026-06-18,V00002602,12,3,45,0,0.25,0.3333
CM00004688,2026-07-06,V00011113,6,0,0,0,0.0,0.0
CM00004689,2026-02-28,V00001161,8,2,16,0,0.25,0.6154
CM00004690,2026-03-06,V00010501,9,3,127,0,0.3333,0.5359
CM00004691,2026-06-17,V00010658,4,1,63,0,0.25,0.5431
CM00004692,2026-02-28,V00001990,11,5,196,1,0.4545,0.4506
CM00004693,2026-07-28,V00008939,9,3,130,1,0.3333,0.6878
CM00004694,2026-04-18,V00007969,12,4,189,0,0.3333,0.3351
CM00004695,2026-08-23,V00008911,9,4,260,1,0.4444,0.4676
CM00004696,2026-05-11,V00007652,9,1,76,0,0.1111,1.0
CM00004697,2026-08-26,V00009955,14,9,928,1,0.6429,0.6404
CM00004698,2026-02-06,V00012829,12,5,554,1,0.4167,0.6225
CM00004699,2026-03-18,V00009172,9,2,259,0,0.2222,0.7443
CM00004700,2026-08-17,V00007213,8,4,374,1,0.5,0.6727
CM00004701,2026-06-18,V00000554,11,5,238,2,0.4545,0.8207
CM00004702,2026-07-14,V00007697,3,1,24,0,0.3333,0.3692
CM00004703,2026-04-22,V00008244,9,6,286,0,0.6667,0.3287
CM00004704,2026-05-14,V00012467,11,2,84,0,0.1818,0.6087
CM00004705,2026-06-11,V00005434,10,5,227,0,0.5,0.7965
CM00004706,2026-06-07,V00002471,7,1,97,0,0.1429,1.0
CM00004707,2026-03-10,V00009349,5,1,63,0,0.2,0.6702
CM00004708,2026-06-08,V00005428,9,2,219,1,0.2222,0.6718
CM00004709,2026-02-10,V00005561,8,4,235,0,0.5,0.612
CM00004710,2026-03-27,V00004795,11,3,61,0,0.2727,0.391
CM00004711,2026-01-20,V00013437,10,6,241,1,0.6,0.4671
CM00004712,2026-06-17,V00010645,15,6,251,0,0.4,0.7747
CM00004713,2026-02-20,V00001562,8,4,356,0,0.5,0.8558
CM00004714,2026-07-21,V00008436,14,5,498,0,0.3571,0.6036
CM00004715,2026-03-04,V00007073,14,6,595,1,0.4286,0.5509
CM00004716,2026-08-25,V00007987,7,2,200,0,0.2857,0.6623
CM00004717,2026-08-28,V00011030,11,5,176,0,0.4545,0.3629
CM00004718,2026-06-06,V00007468,13,2,202,0,0.1538,0.6516
CM00004719,2026-02-12,V00000086,14,10,169,2,0.7143,0.845
CM00004720,2026-04-06,V00003892,5,2,124,0,0.4,0.8378
CM00004721,2026-06-03,V00002138,9,4,197,0,0.4444,0.3788
CM00004722,2026-06-21,V00002122,17,7,787,3,0.4118,0.9067
CM00004723,2026-03-03,V00010683,9,2,152,0,0.2222,0.478
CM00004724,2026-05-14,V00006402,10,2,214,0,0.2,0.6687
CM00004725,2026-07-26,V00008404,4,0,0,0,0.0,0.0
CM00004726,2026-08-24,V00011608,11,4,229,0,0.3636,0.7435
CM00004727,2026-02-19,V00009187,6,3,236,0,0.5,0.5351
CM00004728,2026-05-18,V00002513,11,1,40,0,0.0909,0.3361
CM00004729,2026-07-29,V00002270,13,3,201,0,0.2308,0.536
CM00004730,2026-08-01,V00003729,8,1,142,0,0.125,0.9793
CM00004731,2026-08-14,V00009803,3,0,0,0,0.0,0.0
CM00004732,2026-08-23,V00010570,9,5,245,0,0.5556,0.6622
CM00004733,2026-03-26,V00003549,13,5,46,0,0.3846,0.6571
CM00004734,2026-04-26,V00000905,14,5,554,2,0.3571,0.7148
CM00004735,2026-08-10,V00010371,5,4,127,1,0.8,0.9338
CM00004736,2026-01-16,V00012487,7,3,209,0,0.4286,0.5758
CM00004737,2026-02-26,V00001717,18,9,918,1,0.5,0.8031
CM00004738,2026-05-02,V00010201,2,0,0,0,0.0,0.0
CM00004739,2026-05-03,V00004971,6,4,127,0,0.6667,0.9922
CM00004740,2026-06-10,V00001014,7,3,358,0,0.4286,0.7276
CM00004741,2026-01-24,V00003164,6,2,53,1,0.3333,0.8548
CM00004742,2026-06-10,V00013320,15,3,179,0,0.2,0.7276
CM00004743,2026-03-06,V00012004,8,6,479,0,0.75,0.9283
CM00004744,2026-07-11,V00000527,10,4,249,0,0.4,0.6418
CM00004745,2026-07-11,V00008908,13,4,423,0,0.3077,0.8962
CM00004746,2026-07-26,V00008905,12,3,186,0,0.25,0.6078
CM00004747,2026-07-26,V00013114,8,4,292,1,0.5,0.432
CM00004748,2026-01-23,V00009569,11,4,18,0,0.3636,0.1875
CM00004749,2026-04-14,V00008148,11,4,167,0,0.3636,0.497
CM00004750,2026-02-28,V00000315,7,1,100,0,0.1429,0.5988
CM00004751,2026-03-07,V00007552,6,3,230,0,0.5,0.4536
CM00004752,2026-04-02,V00003974,8,3,199,0,0.375,0.4575
CM00004753,2026-07-30,V00003216,13,7,331,0,0.5385,0.7275
CM00004754,2026-06-16,V00007012,11,5,676,1,0.4545,0.7906
CM00004755,2026-06-09,V00014468,11,4,33,0,0.3636,0.2845
CM00004756,2026-01-29,V00011159,7,4,36,1,0.5714,0.9
CM00004757,2026-08-21,V00011110,7,2,28,0,0.2857,0.2059
CM00004758,2026-08-23,V00002198,11,1,5,0,0.0909,0.0735
CM00004759,2026-08-25,V00001313,13,2,13,0,0.1538,0.3824
CM00004760,2026-08-05,V00004410,6,1,27,1,0.1667,0.75
CM00004761,2026-04-26,V00004503,9,1,5,0,0.1111,0.1724
CM00004762,2026-07-13,V00008236,15,5,76,0,0.3333,0.3378
CM00004763,2026-01-21,V00014977,6,2,130,0,0.3333,1.0
CM00004764,2026-06-29,V00009114,8,2,166,0,0.25,0.497
CM00004765,2026-04-30,V00012122,12,4,211,0,0.3333,0.4433
CM00004766,2026-02-23,V00001672,9,2,79,0,0.2222,0.7745
CM00004767,2026-06-14,V00004477,10,3,10,0,0.3,0.4167
CM00004768,2026-06-16,V00010127,10,2,51,0,0.2,0.3269
CM00004769,2026-07-01,V00000236,13,6,369,1,0.4615,0.6029
CM00004770,2026-06-09,V00001397,7,3,210,0,0.4286,0.6087
CM00004771,2026-05-30,V00013431,8,2,22,0,0.25,0.5789
CM00004772,2026-08-12,V00013599,17,7,421,0,0.4118,0.6834
CM00004773,2026-04-07,V00002216,12,3,53,0,0.25,0.5699
CM00004774,2026-08-26,V00005571,10,5,449,1,0.5,0.7184
CM00004775,2026-08-06,V00009432,9,2,134,0,0.2222,0.6321
CM00004776,2026-04-09,V00007397,7,3,47,2,0.4286,0.6267
CM00004777,2026-02-05,V00010528,5,0,0,0,0.0,0.0
CM00004778,2026-07-26,V00008162,11,7,741,0,0.6364,0.7403
CM00004779,2026-05-19,V00002770,4,1,40,0,0.25,0.4762
CM00004780,2026-04-04,V00004740,6,1,101,0,0.1667,0.7537
CM00004781,2026-07-28,V00013492,11,2,15,1,0.1818,0.3571
CM00004782,2026-03-31,V00000006,6,2,306,0,0.3333,0.9808
CM00004783,2026-02-06,V00003989,7,1,125,0,0.1429,0.817
CM00004784,2026-05-13,V00009983,6,3,168,1,0.5,0.6914
CM00004785,2026-06-03,V00011377,4,1,28,0,0.25,0.1707
CM00004786,2026-08-28,V00009135,9,4,226,0,0.4444,0.9113
CM00004787,2026-06-12,V00005701,9,3,36,1,0.3333,0.4286
CM00004788,2026-06-03,V00010943,9,6,655,3,0.6667,0.9576
CM00004789,2026-05-06,V00003455,14,5,423,0,0.3571,0.613
CM00004790,2026-03-10,V00001921,8,4,17,2,0.5,0.2656
CM00004791,2026-08-28,V00007101,10,2,124,0,0.2,0.5741
CM00004792,2026-04-20,V00006517,9,5,126,1,0.5556,0.7412
CM00004793,2026-04-23,V00007327,8,4,240,0,0.5,0.625
CM00004794,2026-03-24,V00003621,12,4,325,1,0.3333,0.5276
CM00004795,2026-05-25,V00006675,14,9,852,2,0.6429,0.8606
CM00004796,2026-05-08,V00008159,7,4,328,0,0.5714,0.6074
CM00004797,2026-07-12,V00009748,9,2,91,0,0.2222,0.5987
CM00004798,2026-02-27,V00001988,12,5,217,0,0.4167,0.7
CM00004799,2026-08-12,V00010808,12,3,166,0,0.25,0.503
CM00004800,2026-08-18,V00014790,9,2,72,0,0.2222,0.4865
CM00004801,2026-04-28,V00001038,6,1,58,0,0.1667,0.3558
CM00004802,2026-04-19,V00005930,4,1,81,1,0.25,0.6279
CM00004803,2026-08-28,V00000743,14,6,557,1,0.4286,0.8289
CM00004804,2026-03-13,V00000406,16,4,197,2,0.25,0.5727
CM00004805,2026-06-14,V00014844,9,1,32,0,0.1111,0.9412
CM00004806,2026-08-20,V00007399,8,4,112,1,0.5,0.2887
CM00004807,2026-01-11,V00005505,7,3,69,0,0.4286,0.3898
CM00004808,2026-06-28,V00007290,13,4,207,0,0.3077,0.5625
CM00004809,2026-07-18,V00010566,4,1,46,0,0.25,0.4381
CM00004810,2026-04-06,V00010467,8,1,92,0,0.125,0.7667
CM00004811,2026-06-26,V00009489,9,3,33,0,0.3333,0.1774
CM00004812,2026-08-19,V00008310,8,6,405,0,0.75,0.4561
CM00004813,2026-08-01,V00009341,7,2,222,0,0.2857,0.8043
CM00004814,2026-04-17,V00014838,5,3,163,0,0.6,0.5906
CM00004815,2026-03-03,V00014950,12,4,198,2,0.3333,0.8839
CM00004816,2026-02-07,V00007919,10,6,201,1,0.6,0.4926
CM00004817,2026-06-19,V00004619,11,2,125,0,0.1818,0.744
CM00004818,2026-06-17,V00008196,8,1,54,0,0.125,0.3624
CM00004819,2026-03-29,V00012334,11,4,349,1,0.3636,0.4957
CM00004820,2026-06-29,V00003041,4,2,104,0,0.5,0.3688
CM00004821,2026-02-26,V00014545,12,4,160,1,0.3333,0.7692
CM00004822,2026-04-07,V00006755,6,1,28,0,0.1667,0.2979
CM00004823,2026-05-17,V00014558,4,2,92,1,0.5,0.7077
CM00004824,2026-07-28,V00000340,17,5,597,0,0.2941,0.9185
CM00004825,2026-08-13,V00008854,7,1,118,0,0.1429,0.9916
CM00004826,2026-03-21,V00006214,5,2,64,0,0.4,0.4571
CM00004827,2026-02-25,V00005754,12,5,59,0,0.4167,0.5619
CM00004828,2026-07-26,V00003079,8,1,68,0,0.125,0.4048
CM00004829,2026-07-07,V00000020,5,2,263,0,0.4,0.8767
CM00004830,2026-07-05,V00007255,13,4,48,0,0.3077,0.3158
CM00004831,2026-07-28,V00008137,5,0,0,0,0.0,0.0
CM00004832,2026-02-11,V00001349,10,3,140,1,0.3,0.614
CM00004833,2026-07-25,V00009907,7,7,384,2,1.0,0.844
CM00004834,2026-01-15,V00013568,8,0,0,0,0.0,0.0
CM00004835,2026-01-12,V00012784,10,3,158,0,0.3,0.3607
CM00004836,2026-04-28,V00014459,12,4,381,1,0.3333,0.5603
CM00004837,2026-08-28,V00000849,8,2,12,0,0.25,0.0541
CM00004838,2026-05-01,V00008208,14,7,232,0,0.5,0.5617
CM00004839,2026-06-21,V00008856,7,1,102,0,0.1429,0.7391
CM00004840,2026-08-03,V00013932,8,4,221,1,0.5,0.6821
CM00004841,2026-05-20,V00009076,9,0,0,0,0.0,0.0
CM00004842,2026-05-02,V00013978,9,6,411,0,0.6667,0.8562
CM00004843,2026-07-01,V00003691,7,1,21,0,0.1429,0.3387
CM00004844,2026-03-04,V00005306,10,0,0,0,0.0,0.0
CM00004845,2026-07-15,V00001549,12,5,677,3,0.4167,0.9338
CM00004846,2026-01-27,V00002332,10,4,188,2,0.4,0.2975
CM00004847,2026-04-11,V00007315,15,1,29,0,0.0667,0.3118
CM00004848,2026-02-25,V00014505,5,1,27,0,0.2,0.1765
CM00004849,2026-03-31,V00002947,5,1,53,0,0.2,0.5955
CM00004850,2026-08-24,V00007875,7,2,29,0,0.2857,0.6042
CM00004851,2026-02-09,V00001696,9,3,159,0,0.3333,0.469
CM00004852,2026-03-19,V00013543,16,7,276,2,0.4375,0.5401
CM00004853,2026-01-14,V00000012,6,1,7,0,0.1667,0.1795
CM00004854,2026-04-29,V00006437,10,1,23,1,0.1,0.2987
CM00004855,2026-03-14,V00008172,6,0,0,0,0.0,0.0
CM00004856,2026-06-16,V00007284,12,5,192,1,0.4167,0.6621
CM00004857,2026-03-06,V00004418,7,1,45,0,0.1429,0.2903
CM00004858,2026-05-30,V00012257,9,4,483,0,0.4444,0.7274
CM00004859,2026-07-27,V00009499,11,3,128,0,0.2727,0.3844
CM00004860,2026-03-22,V00005616,8,4,24,0,0.5,0.3
CM00004861,2026-08-01,V00014165,14,4,418,0,0.2857,0.7917
CM00004862,2026-08-26,V00000153,10,2,58,1,0.2,0.8788
CM00004863,2026-08-24,V00014470,14,8,855,1,0.5714,0.8415
CM00004864,2026-03-10,V00003283,8,5,518,1,0.625,0.6953
CM00004865,2026-07-27,V00003458,5,2,163,0,0.4,0.9056
CM00004866,2026-04-09,V00012338,6,1,45,0,0.1667,0.4369
CM00004867,2026-02-10,V00006465,7,2,85,0,0.2857,0.5519
CM00004868,2026-07-17,V00005809,13,4,173,1,0.3077,0.4199
CM00004869,2026-08-24,V00002418,7,1,30,0,0.1429,0.8333
CM00004870,2026-05-17,V00003697,9,1,19,0,0.1111,0.5278
CM00004871,2026-03-15,V00013532,7,3,19,1,0.4286,0.4524
CM00004872,2026-06-09,V00013390,7,2,62,0,0.2857,0.337
CM00004873,2026-08-16,V00008127,7,1,73,0,0.1429,0.73
CM00004874,2026-05-22,V00012041,18,4,27,0,0.2222,0.5625
CM00004875,2026-08-24,V00000522,8,3,344,3,0.375,0.9173
CM00004876,2026-03-20,V00013032,9,2,44,0,0.2222,0.4314
CM00004877,2026-08-19,V00002977,6,3,175,2,0.5,0.5255
CM00004878,2026-03-21,V00008007,8,2,97,0,0.25,0.7348
CM00004879,2026-05-30,V00013803,13,6,33,1,0.4615,0.6875
CM00004880,2026-05-24,V00001197,14,3,45,1,0.2143,0.4286
CM00004881,2026-08-05,V00011743,10,2,133,1,0.2,0.821
CM00004882,2026-05-09,V00008461,12,1,14,0,0.0833,0.3043
CM00004883,2026-08-21,V00001860,8,1,73,0,0.125,0.73
CM00004884,2026-03-10,V00005711,7,1,22,0,0.1429,0.3548
CM00004885,2026-01-26,V00009103,11,4,116,0,0.3636,0.7436
CM00004886,2026-01-05,V00005517,16,7,879,2,0.4375,0.7474
CM00004887,2026-08-27,V00001105,12,2,23,0,0.1667,0.1127
CM00004888,2026-05-06,V00007404,2,0,0,0,0.0,0.0
CM00004889,2026-08-25,V00001339,16,6,326,0,0.375,0.4347
CM00004890,2026-08-18,V00009685,14,3,105,1,0.2143,0.6863
CM00004891,2026-08-18,V00005947,9,3,116,2,0.3333,0.8056
CM00004892,2026-05-21,V00001003,6,1,47,0,0.1667,0.6528
CM00004893,2026-08-21,V00012042,10,5,123,1,0.5,0.5125
CM00004894,2026-04-17,V00010438,6,1,37,1,0.1667,0.3814
CM00004895,2026-08-19,V00008010,9,5,243,0,0.5556,0.5116
CM00004896,2026-06-26,V00004534,5,2,46,0,0.4,0.1484
CM00004897,2026-06-10,V00006995,8,4,437,0,0.5,0.6103
CM00004898,2026-06-19,V00011189,5,2,117,1,0.4,0.4007
CM00004899,2026-07-30,V00013042,7,2,73,0,0.2857,0.3842
CM00004900,2026-03-05,V00006989,9,5,158,1,0.5556,0.687
CM00004901,2026-04-14,V00002535,9,3,234,0,0.3333,0.4727
CM00004902,2026-06-02,V00014531,8,4,245,0,0.5,0.5373
CM00004903,2026-03-24,V00001336,9,2,135,1,0.2222,0.5
CM00004904,2026-05-25,V00008388,12,4,520,1,0.3333,0.8784
CM00004905,2026-07-26,V00001985,6,2,35,0,0.3333,0.5469
CM00004906,2026-01-18,V00014594,6,2,13,0,0.3333,0.8125
CM00004907,2026-03-25,V00000016,10,4,52,0,0.4,0.7222
CM00004908,2026-01-24,V00000780,7,2,34,0,0.2857,0.8947
CM00004909,2026-06-11,V00006934,10,5,449,1,0.5,0.5509
CM00004910,2026-02-15,V00009466,9,4,152,0,0.4444,0.4691
CM00004911,2026-02-13,V00000341,7,4,113,0,0.5714,0.8309
CM00004912,2026-07-23,V00008633,9,4,182,0,0.4444,0.5987
CM00004913,2026-03-11,V00001217,9,3,132,1,0.3333,0.5641
CM00004914,2026-07-08,V00011764,12,6,387,0,0.5,0.6028
CM00004915,2026-01-14,V00014936,9,2,216,0,0.2222,0.7347
CM00004916,2026-08-11,V00010068,8,1,7,0,0.125,0.35
CM00004917,2026-02-23,V00008467,11,3,136,1,0.2727,0.5667
CM00004918,2026-07-28,V00009694,4,0,0,0,0.0,0.0
CM00004919,2026-05-16,V00001628,18,8,385,2,0.4444,0.5066
CM00004920,2026-08-20,V00006706,15,2,91,1,0.1333,0.5417
CM00004921,2026-01-15,V00011753,10,1,9,0,0.1,0.1216
CM00004922,2026-03-28,V00001346,7,1,24,0,0.1429,0.2376
CM00004923,2026-07-26,V00014103,12,4,218,0,0.3333,0.6056
CM00004924,2026-03-27,V00001421,9,3,26,0,0.3333,0.071
CM00004925,2026-03-26,V00008963,11,2,48,0,0.1818,0.4706
CM00004926,2026-07-07,V00002655,8,2,143,0,0.25,0.8314
CM00004927,2026-04-02,V00001925,7,2,144,0,0.2857,0.4932
CM00004928,2026-07-27,V00005603,10,3,127,1,0.3,0.5226
CM00004929,2026-07-21,V00006242,10,4,366,1,0.4,0.8026
CM00004930,2026-02-09,V00013594,8,4,146,0,0.5,0.4679
CM00004931,2026-03-31,V00003852,8,1,7,1,0.125,0.0686
CM00004932,2026-01-19,V00011475,9,2,9,0,0.2222,0.5625
CM00004933,2026-02-14,V00008884,6,3,152,0,0.5,0.478
CM00004934,2026-06-28,V00010347,10,4,55,0,0.4,0.6548
CM00004935,2026-05-16,V00012516,4,2,137,0,0.5,0.466
CM00004936,2026-05-14,V00012934,10,2,25,0,0.2,0.4808
CM00004937,2026-07-31,V00005224,10,3,233,0,0.3,0.7845
CM00004938,2026-07-28,V00006146,12,4,138,2,0.3333,0.6053
CM00004939,2026-06-01,V00002401,9,1,152,0,0.1111,0.9102
CM00004940,2026-01-12,V00011708,6,3,140,1,0.5,0.3922
CM00004941,2026-08-28,V00010916,7,2,161,1,0.2857,0.516
CM00004942,2026-02-21,V00002508,8,4,102,1,0.5,0.6375
CM00004943,2026-05-20,V00004226,13,6,368,0,0.4615,0.7572
CM00004944,2026-07-27,V00005408,5,2,45,2,0.4,0.7031
CM00004945,2026-02-11,V00013145,13,7,190,1,0.5385,0.4935
CM00004946,2026-06-05,V00011337,8,4,147,0,0.5,0.6229
CM00004947,2026-08-27,V00013620,6,0,0,0,0.0,0.0
CM00004948,2026-08-14,V00011279,5,0,0,0,0.0,0.0
CM00004949,2026-05-07,V00009493,16,1,83,0,0.0625,0.8058
CM00004950,2026-08-18,V00006500,7,5,597,1,0.7143,0.859
CM00004951,2026-08-10,V00013095,14,8,1175,1,0.5714,0.9011
CM00004952,2026-08-21,V00014878,4,0,0,0,0.0,0.0
CM00004953,2026-08-26,V00005796,12,1,3,0,0.0833,0.0288
CM00004954,2026-07-29,V00007710,10,6,187,0,0.6,0.3582
CM00004955,2026-08-23,V00004195,8,5,317,0,0.625,0.6817
CM00004956,2026-06-24,V00010081,4,1,124,0,0.25,1.0
CM00004957,2026-04-21,V00001693,5,2,57,0,0.4,0.7308
CM00004958,2026-05-23,V00002684,11,6,136,0,0.5455,0.3977
CM00004959,2026-03-25,V00005984,12,6,563,1,0.5,0.7885
CM00004960,2026-07-08,V00009624,5,1,1,0,0.2,0.0417
CM00004961,2026-05-25,V00002338,9,3,71,0,0.3333,0.3641
CM00004962,2026-05-05,V00013024,8,3,97,0,0.375,0.8739
CM00004963,2026-08-13,V00000974,16,8,470,1,0.5,0.7253
CM00004964,2026-07-12,V00005000,8,2,93,1,0.25,0.3
CM00004965,2026-03-01,V00010200,7,3,277,0,0.4286,0.674
CM00004966,2026-07-16,V00014905,8,3,21,0,0.375,0.6364
CM00004967,2026-07-16,V00004324,5,0,0,0,0.0,0.0
CM00004968,2026-07-22,V00005694,8,3,104,0,0.375,0.5417
CM00004969,2026-01-09,V00008671,11,3,359,2,0.2727,0.7039
CM00004970,2026-05-22,V00014904,7,2,121,1,0.2857,0.7857
CM00004971,2026-08-11,V00006649,12,2,21,0,0.1667,0.525
CM00004972,2026-01-03,V00006148,15,4,248,0,0.2667,0.4397
CM00004973,2026-08-15,V00008385,12,5,433,0,0.4167,0.9516
CM00004974,2026-07-31,V00002398,11,3,168,0,0.2727,0.6829
CM00004975,2026-01-08,V00004633,12,6,722,0,0.5,0.7078
CM00004976,2026-08-26,V00008361,11,4,201,0,0.3636,0.2991
CM00004977,2026-07-17,V00005715,12,5,92,0,0.4167,0.6133
CM00004978,2026-04-04,V00000303,12,7,466,2,0.5833,0.5789
CM00004979,2026-07-09,V00005333,11,3,161,0,0.2727,0.344
CM00004980,2026-07-25,V00014585,10,0,0,0,0.0,0.0
CM00004981,2026-06-23,V00004563,4,1,10,1,0.25,0.5
CM00004982,2026-03-05,V00014881,13,9,529,2,0.6923,0.8773
CM00004983,2026-02-22,V00009244,10,3,299,1,0.3,0.8667
CM00004984,2026-01-11,V00000872,8,3,112,0,0.375,0.5833
CM00004985,2026-08-08,V00000171,6,6,616,1,1.0,0.8485
CM00004986,2026-04-08,V00008397,7,3,303,0,0.4286,0.6048
CM00004987,2026-06-20,V00012862,13,9,556,1,0.6923,0.5023
CM00004988,2026-07-04,V00006520,6,3,356,3,0.5,0.899
CM00004989,2026-07-05,V00014946,4,0,0,0,0.0,0.0
CM00004990,2026-01-05,V00011137,11,2,80,0,0.1818,0.5882
CM00004991,2026-06-19,V00004700,13,3,423,0,0.2308,0.9276
CM00004992,2026-04-02,V00004578,8,3,159,0,0.375,0.3759
CM00004993,2026-01-28,V00004269,9,2,136,0,0.2222,0.7234
CM00004994,2026-04-02,V00010023,10,5,65,0,0.5,0.8125
CM00004995,2026-07-05,V00004185,10,4,193,0,0.4,0.652
CM00004996,2026-07-17,V00005971,8,1,18,1,0.125,0.45
CM00004997,2026-07-30,V00008390,11,4,144,1,0.3636,0.8571
CM00004998,2026-07-26,V00012763,5,3,129,0,0.6,0.4388
CM00004999,2026-08-26,V00011766,12,3,153,0,0.25,0.6623
CM00005000,2026-03-18,V00003414,10,1,47,0,0.1,0.4653
CM00005001,2026-08-05,V00001911,9,5,445,1,0.5556,0.8641
CM00005002,2026-01-04,V00006641,7,1,57,0,0.1429,0.6129
CM00005003,2026-06-25,V00009644,8,5,319,0,0.625,0.8286
CM00005004,2026-04-13,V00010375,11,2,155,1,0.1818,0.4784
CM00005005,2026-06-04,V00004083,7,1,144,0,0.1429,0.9
CM00005006,2026-08-27,V00004357,8,2,89,0,0.25,0.7542
CM00005007,2026-06-27,V00007496,15,2,208,1,0.1333,0.65
CM00005008,2026-08-28,V00011229,11,3,59,0,0.2727,0.1772
CM00005009,2026-08-09,V00012702,10,1,9,0,0.1,0.1731
CM00005010,2026-07-23,V00014804,12,4,499,0,0.3333,0.747
CM00005011,2026-06-26,V00010900,10,4,92,0,0.4,0.3067
CM00005012,2026-05-23,V00012028,9,2,110,0,0.2222,0.3503
CM00005013,2026-06-17,V00004602,7,2,77,1,0.2857,0.8953
CM00005014,2026-08-27,V00006800,13,3,17,0,0.2308,0.5667
CM00005015,2026-01-19,V00012981,12,1,9,0,0.0833,0.5
CM00005016,2026-04-02,V00009234,7,0,0,0,0.0,0.0
CM00005017,2026-05-08,V00013883,11,6,132,0,0.5455,0.6471
CM00005018,2026-01-31,V00009605,3,1,13,0,0.3333,0.4194
CM00005019,2026-08-15,V00005661,8,3,14,0,0.375,0.3889
CM00005020,2026-05-05,V00011653,16,6,301,2,0.375,0.7066
CM00005021,2026-01-19,V00012166,11,4,446,0,0.3636,0.6799
CM00005022,2026-07-19,V00003508,13,6,497,1,0.4615,0.8283
CM00005023,2026-08-26,V00009374,4,1,80,0,0.25,0.6957
CM00005024,2026-05-25,V00005799,6,1,86,0,0.1667,0.5309
CM00005025,2026-08-11,V00010186,9,7,180,1,0.7778,0.3956
CM00005026,2026-06-16,V00014937,15,5,116,2,0.3333,0.8286
CM00005027,2026-05-15,V00014366,5,3,22,0,0.6,0.5641
CM00005028,2026-08-25,V00003530,9,2,104,1,0.2222,0.325
CM00005029,2026-06-12,V00010351,11,2,113,0,0.1818,0.4065
CM00005030,2026-08-23,V00003469,11,2,189,1,0.1818,0.6058
CM00005031,2026-05-17,V00004915,6,4,52,0,0.6667,0.7647
CM00005032,2026-03-20,V00005915,12,8,1014,1,0.6667,0.8125
CM00005033,2026-08-24,V00008999,9,2,94,0,0.2222,0.6812
CM00005034,2026-04-04,V00003605,9,3,342,1,0.3333,0.8028
CM00005035,2026-07-01,V00005349,8,4,188,1,0.5,0.3643
CM00005036,2026-05-07,V00014066,11,6,153,0,0.5455,0.9444
CM00005037,2026-01-17,V00002594,13,3,51,0,0.2308,0.4722
CM00005038,2026-04-17,V00007790,10,3,240,1,0.3,0.4678
CM00005039,2026-01-17,V00002652,12,5,419,1,0.4167,0.7162
CM00005040,2026-01-23,V00006114,5,2,90,0,0.4,0.625
CM00005041,2026-03-31,V00008894,6,2,224,1,0.3333,0.8358
CM00005042,2026-04-16,V00004509,5,0,0,0,0.0,0.0
CM00005043,2026-02-04,V00001378,13,4,74,0,0.3077,0.4625
CM00005044,2026-05-09,V00013989,11,3,73,0,0.2727,0.2829
CM00005045,2026-06-25,V00014511,14,5,40,1,0.3571,0.3478
CM00005046,2026-05-19,V00006687,9,3,375,0,0.3333,0.731
CM00005047,2026-04-27,V00004804,10,3,63,0,0.3,0.4038
CM00005048,2026-02-12,V00007835,12,2,107,0,0.1667,0.4652
CM00005049,2026-08-04,V00008364,8,3,99,0,0.375,0.2185
CM00005050,2026-01-09,V00004388,12,6,39,2,0.5,0.8125
CM00005051,2026-08-16,V00001677,11,7,225,0,0.6364,0.7143
CM00005052,2026-08-17,V00014512,17,6,164,0,0.3529,0.3037
CM00005053,2026-06-08,V00014151,7,1,93,0,0.1429,0.6078
CM00005054,2026-08-20,V00013430,11,4,102,1,0.3636,0.2073
CM00005055,2026-06-15,V00009073,10,2,32,0,0.2,0.5
CM00005056,2026-08-19,V00008285,6,0,0,0,0.0,0.0
CM00005057,2026-03-30,V00008613,11,3,258,0,0.2727,0.7049
CM00005058,2026-01-04,V00002376,12,9,967,2,0.75,0.68
CM00005059,2026-06-24,V00009788,7,2,125,0,0.2857,0.7911
CM00005060,2026-05-05,V00001799,15,8,409,1,0.5333,0.4823
CM00005061,2026-07-12,V00014456,11,3,168,1,0.2727,0.4828
CM00005062,2026-08-28,V00002670,7,4,357,1,0.5714,0.8264
CM00005063,2026-08-18,V00001905,9,4,299,0,0.4444,0.6557
CM00005064,2026-04-08,V00012121,8,0,0,0,0.0,0.0
CM00005065,2026-03-08,V00006827,8,6,195,1,0.75,0.5909
CM00005066,2026-01-31,V00004197,9,3,425,1,0.3333,0.8799
CM00005067,2026-07-02,V00000737,9,3,183,0,0.3333,0.4296
CM00005068,2026-04-27,V00003900,15,7,621,2,0.4667,0.7921
CM00005069,2026-06-06,V00013990,2,1,51,0,0.5,0.6538
CM00005070,2026-05-24,V00005792,13,5,418,0,0.3846,0.6286
CM00005071,2026-08-10,V00003578,9,4,303,0,0.4444,0.6704
CM00005072,2026-06-14,V00007539,9,5,526,2,0.5556,0.7357
CM00005073,2026-06-13,V00011150,11,2,110,0,0.1818,0.3395
CM00005074,2026-07-16,V00010167,10,2,25,0,0.2,0.7812
CM00005075,2026-02-02,V00004484,8,3,43,0,0.375,0.8958
CM00005076,2026-06-10,V00009195,5,1,104,0,0.2,0.9369
CM00005077,2026-03-03,V00007959,8,2,36,0,0.25,0.4615
CM00005078,2026-03-26,V00008338,12,5,124,2,0.4167,0.5167
CM00005079,2026-08-21,V00013421,12,2,172,1,0.1667,0.7679
CM00005080,2026-01-14,V00013080,7,3,93,1,0.4286,0.2897
CM00005081,2026-08-28,V00006225,15,6,21,1,0.4,0.2188
CM00005082,2026-08-26,V00006068,11,1,68,0,0.0909,0.5667
CM00005083,2026-02-02,V00009827,14,5,442,1,0.3571,0.7621
CM00005084,2026-06-14,V00012968,11,2,43,0,0.1818,0.2756
CM00005085,2026-03-12,V00014957,8,3,96,2,0.375,0.5818
CM00005086,2026-08-24,V00007182,9,4,88,0,0.4444,0.4681
CM00005087,2026-08-06,V00014318,8,1,13,1,0.125,0.4333
CM00005088,2026-07-09,V00010995,9,3,53,1,0.3333,0.2008
CM00005089,2026-05-12,V00002105,17,5,129,1,0.2941,0.5733
CM00005090,2026-05-23,V00006073,11,5,41,0,0.4545,0.6308
CM00005091,2026-08-17,V00011715,9,3,214,0,0.3333,0.4323
CM00005092,2026-02-13,V00010588,9,3,175,0,0.3333,0.3493
CM00005093,2026-08-26,V00008817,4,1,116,1,0.25,0.9587
CM00005094,2026-02-25,V00006890,8,3,23,0,0.375,0.4792
CM00005095,2026-06-26,V00014134,13,4,57,0,0.3077,0.7917
CM00005096,2026-03-04,V00014891,10,1,51,0,0.1,0.4595
CM00005097,2026-04-12,V00001342,13,2,186,0,0.1538,0.7099
CM00005098,2026-07-02,V00014199,6,3,86,1,0.5,0.8958
CM00005099,2026-01-09,V00003732,3,2,260,0,0.6667,0.7831
CM00005100,2026-01-27,V00013696,10,3,228,0,0.3,0.8261
CM00005101,2026-02-22,V00002171,10,3,84,0,0.3,0.5957
CM00005102,2026-05-17,V00005094,7,3,105,1,0.4286,0.2846
CM00005103,2026-07-16,V00001261,11,4,477,2,0.3636,0.8339
CM00005104,2026-02-06,V00005606,12,6,415,0,0.5,0.5669
CM00005105,2026-07-27,V00011242,13,4,530,0,0.3077,0.866
CM00005106,2026-08-24,V00000333,9,6,496,1,0.6667,0.5368
CM00005107,2026-06-25,V00003399,14,12,452,3,0.8571,0.7107
CM00005108,2026-06-24,V00004955,8,3,172,1,0.375,0.4038
CM00005109,2026-02-19,V00013952,10,3,85,0,0.3,0.4359
CM00005110,2026-01-13,V00002190,7,1,41,0,0.1429,0.8542
CM00005111,2026-07-28,V00014931,13,5,434,1,0.3846,0.6781
CM00005112,2026-02-05,V00009370,13,3,118,0,0.2308,0.7867
CM00005113,2026-03-24,V00003329,7,3,97,0,0.4286,0.317
CM00005114,2026-01-14,V00004162,8,2,31,0,0.25,0.2981
CM00005115,2026-05-13,V00006455,14,4,32,0,0.2857,0.6154
CM00005116,2026-04-11,V00002738,10,1,41,0,0.1,0.3661
CM00005117,2026-07-09,V00005778,11,1,115,0,0.0909,0.7372
CM00005118,2026-08-21,V00007142,13,6,184,0,0.4615,0.7132
CM00005119,2026-08-21,V00008839,12,0,0,0,0.0,0.0
CM00005120,2026-01-24,V00003252,8,5,469,0,0.625,0.5685
CM00005121,2026-03-07,V00000299,7,1,4,0,0.1429,0.0241
CM00005122,2026-04-03,V00007724,10,4,445,0,0.4,0.6742
CM00005123,2026-05-17,V00014991,7,0,0,0,0.0,0.0
CM00005124,2026-07-29,V00012771,10,2,21,0,0.2,0.7
CM00005125,2026-01-31,V00012871,16,9,1192,2,0.5625,0.8027
CM00005126,2026-07-18,V00012590,4,1,61,0,0.25,0.5545
CM00005127,2026-05-17,V00014078,4,2,92,0,0.5,0.2644
CM00005128,2026-02-01,V00013225,8,6,243,1,0.75,0.8265
CM00005129,2026-05-28,V00007414,9,4,134,0,0.4444,0.3895
CM00005130,2026-07-20,V00004888,11,6,227,1,0.5455,0.4451
CM00005131,2026-05-30,V00007057,12,7,797,2,0.5833,0.7442
CM00005132,2026-03-02,V00014164,9,7,131,2,0.7778,0.5198
CM00005133,2026-04-06,V00001750,13,5,309,1,0.3846,0.8351
CM00005134,2026-04-23,V00014829,10,4,177,1,0.4,0.6321
CM00005135,2026-08-15,V00014249,9,4,133,1,0.4444,0.3958
CM00005136,2026-04-02,V00001859,6,1,58,0,0.1667,0.725
CM00005137,2026-07-12,V00007145,13,5,44,0,0.3846,0.4889
CM00005138,2026-08-13,V00007991,8,3,313,2,0.375,0.7964
CM00005139,2026-06-08,V00007130,12,6,292,1,0.5,0.4345
CM00005140,2026-05-30,V00007335,13,6,127,0,0.4615,0.6225
CM00005141,2026-06-08,V00013260,8,2,84,0,0.25,0.3333
CM00005142,2026-01-14,V00006129,13,4,351,1,0.3077,0.7905
CM00005143,2026-04-27,V00009443,8,3,178,1,0.375,0.4599
CM00005144,2026-05-16,V00000432,8,3,315,0,0.375,0.6287
CM00005145,2026-06-07,V00000719,7,2,33,0,0.2857,0.6111
CM00005146,2026-08-01,V00008946,15,8,966,0,0.5333,0.702
CM00005147,2026-03-26,V00002807,7,1,10,1,0.1429,0.6667
CM00005148,2026-06-07,V00011816,7,3,29,0,0.4286,0.7436
CM00005149,2026-08-22,V00000133,6,4,45,0,0.6667,0.4018
CM00005150,2026-03-12,V00006439,8,5,291,1,0.625,0.8687
CM00005151,2026-08-27,V00011606,8,3,120,2,0.375,0.9524
CM00005152,2026-02-09,V00000927,9,2,196,0,0.2222,0.784
CM00005153,2026-06-23,V00006847,11,2,3,0,0.1818,0.0714
CM00005154,2026-06-29,V00003081,7,4,242,2,0.5714,0.6648
CM00005155,2026-07-10,V00009449,12,3,303,0,0.25,0.5941
CM00005156,2026-05-30,V00014726,7,3,371,0,0.4286,0.8961
CM00005157,2026-07-02,V00007314,14,5,240,0,0.3571,0.5
CM00005158,2026-06-21,V00009549,10,5,131,1,0.5,0.6093
CM00005159,2026-04-17,V00012067,10,4,160,0,0.4,0.6452
CM00005160,2026-03-11,V00002018,8,6,521,0,0.75,0.6115
CM00005161,2026-01-11,V00013701,9,3,175,1,0.3333,0.5503
CM00005162,2026-08-28,V00013112,18,9,544,0,0.5,0.3802
CM00005163,2026-07-19,V00007004,5,1,36,0,0.2,0.4337
CM00005164,2026-02-01,V00000297,9,7,581,0,0.7778,0.7477
CM00005165,2026-07-23,V00013936,7,3,425,0,0.4286,0.8586
CM00005166,2026-06-18,V00013624,8,4,436,2,0.5,0.7267
CM00005167,2026-08-13,V00009996,8,3,27,0,0.375,0.36
CM00005168,2026-04-24,V00002925,10,3,59,0,0.3,0.596
CM00005169,2026-07-16,V00012551,7,4,484,0,0.5714,0.8897
CM00005170,2026-07-01,V00011141,9,3,177,0,0.3333,0.3315
CM00005171,2026-05-11,V00004952,9,4,174,1,0.4444,0.75
CM00005172,2026-08-26,V00007266,11,6,64,1,0.5455,0.6667
CM00005173,2026-07-01,V00010587,11,3,238,1,0.2727,0.4722
CM00005174,2026-04-05,V00012227,4,2,21,0,0.5,0.0695
CM00005175,2026-02-07,V00012540,6,3,270,1,0.5,0.7087
CM00005176,2026-07-16,V00012420,10,4,186,1,0.4,0.6549
CM00005177,2026-05-19,V00005564,9,4,183,1,0.4444,0.7379
CM00005178,2026-04-15,V00002748,10,3,219,0,0.3,0.5252
CM00005179,2026-07-12,V00003402,9,3,178,0,0.3333,0.6054
CM00005180,2026-03-28,V00008096,7,4,292,2,0.5714,0.6577
CM00005181,2026-06-07,V00011282,13,4,446,0,0.3077,0.8577
CM00005182,2026-02-18,V00007432,12,3,310,0,0.25,0.6624
CM00005183,2026-08-04,V00001704,13,7,62,1,0.5385,0.6813
CM00005184,2026-02-16,V00014582,11,6,508,1,0.5455,0.6615
CM00005185,2026-08-15,V00008909,10,1,53,0,0.1,0.2944
CM00005186,2026-03-24,V00008281,11,5,192,0,0.4545,0.5647
CM00005187,2026-04-18,V00012941,8,4,30,0,0.5,0.5
CM00005188,2026-04-26,V00009428,6,1,70,0,0.1667,0.5185
CM00005189,2026-03-26,V00002916,9,5,614,1,0.5556,0.8771
CM00005190,2026-05-16,V00002493,11,4,205,1,0.3636,0.5571
CM00005191,2026-03-20,V00009269,9,3,29,0,0.3333,0.6042
CM00005192,2026-04-04,V00001820,9,5,298,1,0.5556,0.8514
CM00005193,2026-02-02,V00001136,8,6,676,0,0.75,0.7042
CM00005194,2026-08-18,V00003142,10,3,154,1,0.3,0.3979
CM00005195,2026-03-11,V00009393,10,4,210,0,0.4,0.7394
CM00005196,2026-08-10,V00011493,14,1,35,0,0.0714,0.3431
CM00005197,2026-08-10,V00008167,7,5,548,0,0.7143,0.8059
CM00005198,2026-01-01,V00004088,8,5,336,1,0.625,0.634
CM00005199,2026-07-22,V00006909,9,2,235,1,0.2222,0.739
CM00005200,2026-07-03,V00014637,9,2,243,0,0.2222,0.7409
CM00005201,2026-03-07,V00003921,9,3,145,0,0.3333,0.3528
CM00005202,2026-01-16,V00014515,12,6,313,1,0.5,0.4108
CM00005203,2026-01-15,V00008892,10,2,61,0,0.2,0.5545
CM00005204,2026-04-27,V00007932,8,5,93,1,0.625,0.8087
CM00005205,2026-04-27,V00009140,10,3,225,0,0.3,0.7282
CM00005206,2026-06-12,V00000190,5,1,36,0,0.2,0.3243
CM00005207,2026-07-25,V00008586,5,1,111,0,0.2,0.6491
CM00005208,2026-06-09,V00004405,9,4,93,1,0.4444,0.337
CM00005209,2026-01-01,V00004471,8,2,165,0,0.25,0.4911
CM00005210,2026-08-23,V00006165,13,9,254,0,0.6923,0.588
CM00005211,2026-01-16,V00003667,7,1,2,0,0.1429,0.0222
CM00005212,2026-07-06,V00010142,11,1,18,0,0.0909,0.3103
CM00005213,2026-02-28,V00008829,10,2,46,0,0.2,0.5111
CM00005214,2026-05-14,V00008691,9,4,144,1,0.4444,0.7826
CM00005215,2026-08-16,V00001670,4,1,95,0,0.25,1.0
CM00005216,2026-08-13,V00012715,4,3,13,0,0.75,0.4815
CM00005217,2026-03-12,V00007457,10,6,419,0,0.6,0.5678
CM00005218,2026-03-08,V00013172,5,1,36,0,0.2,1.0
CM00005219,2026-06-04,V00002474,8,2,269,0,0.25,0.8406
CM00005220,2026-06-08,V00002668,9,6,144,0,0.6667,0.2034
CM00005221,2026-06-24,V00002444,13,6,250,1,0.4615,0.3255
CM00005222,2026-08-28,V00000375,15,4,458,1,0.2667,0.7112
CM00005223,2026-02-19,V00014369,6,4,129,0,0.6667,0.2643
CM00005224,2026-08-06,V00013569,12,4,69,1,0.3333,0.4662
CM00005225,2026-08-20,V00010516,14,2,136,0,0.1429,0.7727
CM00005226,2026-06-17,V00012924,8,4,255,0,0.5,0.5357
CM00005227,2026-01-10,V00008485,18,9,993,4,0.5,0.9194
CM00005228,2026-04-02,V00008199,7,2,79,0,0.2857,0.5643
CM00005229,2026-03-23,V00005911,5,1,147,1,0.2,0.9545
CM00005230,2026-04-10,V00001002,11,6,632,0,0.5455,0.616
CM00005231,2026-06-23,V00003964,11,2,40,1,0.1818,0.8333
CM00005232,2026-06-29,V00008080,11,3,137,0,0.2727,0.4434
CM00005233,2026-08-07,V00000514,6,3,69,0,0.5,0.4182
CM00005234,2026-06-21,V00009566,10,3,346,1,0.3,0.848
CM00005235,2026-08-08,V00002733,12,2,117,0,0.1667,0.5792
CM00005236,2026-06-06,V00012088,11,8,1263,1,0.7273,0.9627
CM00005237,2026-03-14,V00013115,10,2,71,1,0.2,0.6698
CM00005238,2026-08-10,V00002329,8,2,110,0,0.25,0.8088
CM00005239,2026-05-28,V00004764,10,5,306,1,0.5,0.4672
CM00005240,2026-02-15,V00011904,10,1,143,0,0.1,1.0
CM00005241,2026-08-20,V00002701,4,3,116,0,0.75,0.3333
CM00005242,2026-04-05,V00014120,9,4,332,0,0.4444,0.5061
CM00005243,2026-04-14,V00005784,11,5,351,1,0.4545,0.6382
CM00005244,2026-05-26,V00006115,10,5,121,0,0.5,0.3025
CM00005245,2026-04-16,V00005853,15,6,91,2,0.4,0.7583
CM00005246,2026-07-14,V00010866,8,6,132,0,0.75,0.4314
CM00005247,2026-06-21,V00009718,14,5,280,1,0.3571,0.6087
CM00005248,2026-08-26,V00004159,9,5,329,2,0.5556,0.4734
CM00005249,2026-01-29,V00002756,7,4,401,1,0.5714,0.5761
CM00005250,2026-03-23,V00000647,9,3,268,0,0.3333,0.7383
CM00005251,2026-04-22,V00012291,9,3,81,0,0.3333,0.4154
CM00005252,2026-07-29,V00003773,5,0,0,0,0.0,0.0
CM00005253,2026-02-28,V00012634,11,2,98,0,0.1818,0.4579
CM00005254,2026-01-01,V00005629,12,5,279,0,0.4167,0.4195
CM00005255,2026-01-16,V00007544,16,4,108,0,0.25,0.75
CM00005256,2026-05-23,V00009799,12,7,133,2,0.5833,0.8636
CM00005257,2026-07-08,V00011520,5,3,254,1,0.6,0.6615
CM00005258,2026-04-26,V00011069,14,9,1223,3,0.6429,0.7855
CM00005259,2026-03-25,V00000900,9,4,113,0,0.4444,0.387
CM00005260,2026-08-20,V00004501,7,1,37,0,0.1429,0.6981
CM00005261,2026-07-07,V00001713,7,2,6,0,0.2857,0.2727
CM00005262,2026-08-08,V00012051,11,5,474,0,0.4545,0.5512
CM00005263,2026-05-05,V00014907,10,4,123,1,0.4,0.375
CM00005264,2026-06-26,V00007768,14,6,356,2,0.4286,0.5875
CM00005265,2026-03-09,V00014289,11,4,337,0,0.3636,0.818
CM00005266,2026-04-10,V00006718,11,5,460,0,0.4545,0.6479
CM00005267,2026-05-22,V00001253,8,1,1,0,0.125,0.0167
CM00005268,2026-04-02,V00006119,7,1,9,0,0.1429,0.6
CM00005269,2026-08-16,V00005392,12,4,339,2,0.3333,0.5075
CM00005270,2026-04-17,V00004476,2,1,39,1,0.5,0.6724
CM00005271,2026-07-07,V00010291,10,4,351,0,0.4,0.5969
CM00005272,2026-08-15,V00003652,7,4,321,0,0.5714,0.535
CM00005273,2026-06-23,V00011277,5,2,158,1,0.4,0.5725
CM00005274,2026-07-24,V00000372,7,2,148,0,0.2857,0.454
CM00005275,2026-08-10,V00005637,6,1,40,0,0.1667,0.3604
CM00005276,2026-05-06,V00005991,10,1,58,0,0.1,0.6237
CM00005277,2026-03-13,V00013889,7,1,41,0,0.1429,0.9318
CM00005278,2026-03-27,V00012688,9,2,241,0,0.2222,0.8796
CM00005279,2026-06-18,V00013176,6,1,85,0,0.1667,0.538
CM00005280,2026-01-09,V00000812,8,2,13,0,0.25,0.5909
CM00005281,2026-07-01,V00010550,10,7,978,3,0.7,0.9192
CM00005282,2026-04-02,V00001757,19,8,974,1,0.4211,0.7469
CM00005283,2026-01-13,V00008233,11,3,70,1,0.2727,0.614
CM00005284,2026-06-11,V00006807,9,3,206,0,0.3333,0.3969
CM00005285,2026-01-24,V00008035,10,3,318,1,0.3,0.7571
CM00005286,2026-05-02,V00001776,9,2,68,1,0.2222,0.4722
CM00005287,2026-04-15,V00006648,11,2,131,0,0.1818,0.7043
CM00005288,2026-02-24,V00006650,8,2,59,0,0.25,0.3782
CM00005289,2026-06-29,V00014280,4,1,33,0,0.25,0.1854
CM00005290,2026-08-05,V00002374,6,2,153,0,0.3333,0.535
CM00005291,2026-07-27,V00009176,6,2,7,1,0.3333,0.35
CM00005292,2026-01-24,V00001793,9,4,240,1,0.4444,0.6122
CM00005293,2026-03-22,V00004500,6,2,159,0,0.3333,0.5977
CM00005294,2026-06-26,V00000446,7,4,562,0,0.5714,0.8413
CM00005295,2026-06-05,V00014180,5,0,0,0,0.0,0.0
CM00005296,2026-04-24,V00011114,11,5,187,0,0.4545,0.5268
CM00005297,2026-07-23,V00010267,20,9,625,0,0.45,0.5836
CM00005298,2026-03-15,V00004282,12,6,507,0,0.5,0.5748
CM00005299,2026-05-03,V00005658,10,5,545,0,0.5,0.6606
CM00005300,2026-07-15,V00014820,8,0,0,0,0.0,0.0
CM00005301,2026-01-07,V00008805,5,3,247,2,0.6,0.9048
CM00005302,2026-08-26,V00009551,10,1,41,0,0.1,0.3333
CM00005303,2026-08-20,V00004812,9,4,378,0,0.4444,0.5279
CM00005304,2026-07-21,V00005255,11,6,295,3,0.5455,0.4239
CM00005305,2026-07-18,V00004494,12,5,163,1,0.4167,0.8579
CM00005306,2026-04-22,V00003688,17,6,338,1,0.3529,0.3706
CM00005307,2026-02-14,V00011046,9,6,355,0,0.6667,0.3817
CM00005308,2026-08-24,V00000214,10,4,97,0,0.4,0.485
CM00005309,2026-06-03,V00003494,11,5,336,0,0.4545,0.8615
CM00005310,2026-04-05,V00003593,3,2,90,0,0.6667,0.2866
CM00005311,2026-06-01,V00007187,13,6,127,0,0.4615,0.2785
CM00005312,2026-05-23,V00003799,10,3,5,0,0.3,0.1111
CM00005313,2026-04-19,V00004029,13,5,303,1,0.3846,0.7301
CM00005314,2026-03-04,V00008465,7,3,293,1,0.4286,0.5779
CM00005315,2026-07-31,V00000803,12,8,639,4,0.6667,0.8497
CM00005316,2026-06-11,V00000396,6,0,0,0,0.0,0.0
CM00005317,2026-01-28,V00010715,8,2,200,0,0.25,0.7519
CM00005318,2026-05-02,V00011338,10,4,123,2,0.4,0.3796
CM00005319,2026-03-04,V00003438,10,2,60,1,0.2,0.7895
CM00005320,2026-08-03,V00006903,8,1,55,0,0.125,0.3741
CM00005321,2026-07-04,V00002111,9,3,253,0,0.3333,0.6156
CM00005322,2026-03-03,V00000063,12,6,378,1,0.5,0.7
CM00005323,2026-05-27,V00003265,11,4,67,1,0.3636,0.3895
CM00005324,2026-07-04,V00003072,4,0,0,0,0.0,0.0
CM00005325,2026-06-13,V00002011,6,0,0,0,0.0,0.0
CM00005326,2026-05-05,V00005418,9,4,89,2,0.4444,0.89
CM00005327,2026-02-11,V00006750,11,3,49,0,0.2727,0.6533
CM00005328,2026-03-08,V00009597,16,4,55,0,0.25,0.3198
CM00005329,2026-01-07,V00013948,11,5,191,1,0.4545,0.8489
CM00005330,2026-08-19,V00013106,6,3,21,1,0.5,0.5833
CM00005331,2026-04-19,V00002259,13,2,26,0,0.1538,0.4333
CM00005332,2026-04-03,V00002013,10,2,139,0,0.2,0.5388
CM00005333,2026-04-17,V00011940,8,1,19,0,0.125,0.1827
CM00005334,2026-06-13,V00004174,15,5,12,0,0.3333,0.3
CM00005335,2026-05-12,V00002522,12,3,31,0,0.25,0.082
CM00005336,2026-06-29,V00009929,10,1,9,0,0.1,0.5625
CM00005337,2026-08-26,V00005674,6,0,0,0,0.0,0.0
CM00005338,2026-05-20,V00006872,7,1,62,0,0.1429,0.7045
CM00005339,2026-08-13,V00001885,6,0,0,0,0.0,0.0
CM00005340,2026-08-20,V00010096,8,2,69,0,0.25,0.3416
CM00005341,2026-04-09,V00002009,12,0,0,0,0.0,0.0
CM00005342,2026-02-22,V00000784,10,5,147,0,0.5,0.588
CM00005343,2026-05-08,V00007105,11,7,155,2,0.6364,0.9226
CM00005344,2026-02-23,V00001053,7,4,23,1,0.5714,0.6389
CM00005345,2026-07-11,V00013044,13,6,135,1,0.4615,0.6818
CM00005346,2026-07-07,V00011739,15,5,366,1,0.3333,0.6478
CM00005347,2026-07-12,V00010511,5,1,62,0,0.2,0.7294
CM00005348,2026-06-08,V00002435,9,2,8,0,0.2222,0.3636
CM00005349,2026-06-21,V00010842,14,4,163,0,0.2857,0.6269
CM00005350,2026-06-22,V00008686,7,3,55,0,0.4286,0.4167
CM00005351,2026-07-26,V00007989,5,2,135,1,0.4,0.6888
CM00005352,2026-06-05,V00006307,16,3,294,0,0.1875,0.6203
CM00005353,2026-01-16,V00001698,11,3,127,2,0.2727,0.4866
CM00005354,2026-03-05,V00004825,7,1,83,0,0.1429,0.5461
CM00005355,2026-01-14,V00005028,13,8,121,0,0.6154,0.6875
CM00005356,2026-05-16,V00012927,8,3,144,0,0.375,0.3478
CM00005357,2026-03-01,V00005070,17,10,1058,1,0.5882,0.6782
CM00005358,2026-05-15,V00009477,10,2,57,0,0.2,0.2767
CM00005359,2026-01-30,V00004681,10,2,81,0,0.2,0.6328
CM00005360,2026-07-22,V00012912,6,2,28,0,0.3333,0.875
CM00005361,2026-01-20,V00001781,10,1,108,0,0.1,0.6102
CM00005362,2026-07-25,V00000804,15,4,247,1,0.2667,0.5103
CM00005363,2026-07-01,V00008578,11,0,0,0,0.0,0.0
CM00005364,2026-08-25,V00007718,3,1,2,0,0.3333,0.1667
CM00005365,2026-08-11,V00003218,10,3,351,0,0.3,0.7006
CM00005366,2026-02-28,V00007684,10,4,147,0,0.4,0.21
CM00005367,2026-05-17,V00013271,9,3,123,0,0.3333,0.6721
CM00005368,2026-06-26,V00006705,13,4,102,0,0.3077,0.2198
CM00005369,2026-02-08,V00008231,8,1,5,0,0.125,0.625
CM00005370,2026-04-05,V00011519,12,7,844,4,0.5833,0.7397
CM00005371,2026-04-01,V00010661,12,6,271,0,0.5,0.9819
CM00005372,2026-07-26,V00012920,11,5,709,0,0.4545,0.8103
CM00005373,2026-05-24,V00010752,9,4,165,0,0.4444,0.5729
CM00005374,2026-08-04,V00013497,8,6,443,1,0.75,0.8296
CM00005375,2026-03-24,V00005180,6,1,54,0,0.1667,0.432
CM00005376,2026-07-14,V00002428,10,5,345,0,0.5,0.9079
CM00005377,2026-03-29,V00011853,6,1,23,0,0.1667,0.3594
CM00005378,2026-07-25,V00010357,10,5,159,2,0.5,0.795
CM00005379,2026-07-23,V00014674,8,6,439,2,0.75,0.7702
CM00005380,2026-03-15,V00002637,12,3,223,0,0.25,0.6246
CM00005381,2026-07-31,V00011195,12,5,34,0,0.4167,0.85
CM00005382,2026-04-29,V00006544,9,4,164,0,0.4444,0.3388
CM00005383,2026-08-23,V00003125,5,3,35,0,0.6,0.5303
CM00005384,2026-08-03,V00003042,5,1,115,0,0.2,0.7468
CM00005385,2026-07-01,V00006230,9,3,195,1,0.3333,0.8442
CM00005386,2026-01-08,V00001245,9,2,10,0,0.2222,0.5
CM00005387,2026-05-23,V00010719,8,3,244,1,0.375,0.6115
CM00005388,2026-07-26,V00009256,5,1,11,0,0.2,0.2821
CM00005389,2026-05-12,V00007363,12,5,219,2,0.4167,0.5407
CM00005390,2026-08-08,V00012333,12,6,186,1,0.5,0.5741
CM00005391,2026-08-28,V00011667,8,4,191,1,0.5,0.5895
CM00005392,2026-08-19,V00008858,10,3,86,0,0.3,0.7544
CM00005393,2026-04-24,V00009584,16,5,149,1,0.3125,0.7095
CM00005394,2026-06-15,V00014920,7,4,331,0,0.5714,0.5015
CM00005395,2026-03-22,V00014996,14,7,915,2,0.5,0.7556
CM00005396,2026-03-29,V00011376,11,7,688,0,0.6364,0.9272
CM00005397,2026-07-11,V00002278,7,0,0,0,0.0,0.0
CM00005398,2026-07-21,V00009820,12,6,77,2,0.5,0.5133
CM00005399,2026-06-01,V00004999,6,2,67,0,0.3333,0.5678
CM00005400,2026-06-24,V00013890,9,4,47,0,0.4444,0.4519
CM00005401,2026-06-14,V00004996,13,7,484,1,0.5385,0.8231
CM00005402,2026-02-12,V00014315,10,5,451,1,0.5,0.6136
CM00005403,2026-02-12,V00011237,9,4,49,1,0.4444,0.3828
CM00005404,2026-02-06,V00006187,8,3,196,2,0.375,0.5584
CM00005405,2026-07-15,V00004211,10,1,6,0,0.1,0.0541
CM00005406,2026-07-04,V00003609,12,6,257,1,0.5,0.8567
CM00005407,2026-03-13,V00008324,10,5,183,0,0.5,0.8714
CM00005408,2026-07-18,V00011348,7,5,291,0,0.7143,0.7865
CM00005409,2026-06-28,V00010181,9,2,76,1,0.2222,0.5938
CM00005410,2026-08-05,V00001953,7,1,2,0,0.1429,0.0211
CM00005411,2026-08-09,V00013241,9,3,166,0,0.3333,0.6014
CM00005412,2026-01-04,V00006133,6,3,46,0,0.5,0.4035
CM00005413,2026-07-08,V00011575,9,3,132,0,0.3333,0.3099
CM00005414,2026-02-21,V00014693,7,3,287,0,0.4286,0.5798
CM00005415,2026-05-26,V00003108,11,2,199,0,0.1818,0.5686
CM00005416,2026-02-07,V00002087,5,3,68,0,0.6,0.5271
CM00005417,2026-01-28,V00013186,14,4,76,0,0.2857,0.1061
CM00005418,2026-07-02,V00008766,12,7,647,2,0.5833,0.5374
CM00005419,2026-03-02,V00014281,11,5,54,0,0.4545,0.6353
CM00005420,2026-03-18,V00011695,8,3,228,0,0.375,0.5507
CM00005421,2026-03-29,V00011876,8,1,26,0,0.125,0.4062
CM00005422,2026-07-26,V00012604,6,2,23,0,0.3333,0.575
CM00005423,2026-08-22,V00000064,9,5,120,0,0.5556,0.6316
CM00005424,2026-08-06,V00012106,5,1,9,0,0.2,0.75
CM00005425,2026-02-10,V00005891,9,4,342,1,0.4444,0.8143
CM00005426,2026-01-09,V00005190,7,3,326,0,0.4286,0.6586
CM00005427,2026-05-08,V00002001,7,2,286,0,0.2857,0.8773
CM00005428,2026-08-26,V00011474,6,0,0,0,0.0,0.0
CM00005429,2026-06-06,V00005302,8,3,316,0,0.375,0.7022
CM00005430,2026-05-21,V00013832,11,6,446,1,0.5455,0.42
CM00005431,2026-01-13,V00008045,10,2,197,0,0.2,0.7296
CM00005432,2026-08-24,V00009941,4,1,25,0,0.25,0.2451
CM00005433,2026-02-12,V00012543,13,8,178,0,0.6154,0.7177
CM00005434,2026-03-09,V00009740,10,2,16,0,0.2,0.5714
CM00005435,2026-07-23,V00008092,12,6,109,1,0.5,0.3132
CM00005436,2026-03-02,V00002309,4,1,19,0,0.25,0.1429
CM00005437,2026-08-21,V00002496,9,5,279,1,0.5556,0.5314
CM00005438,2026-06-10,V00002907,5,3,381,0,0.6,0.9478
CM00005439,2026-01-28,V00004799,6,3,47,0,0.5,0.7833
CM00005440,2026-02-24,V00001841,8,1,118,0,0.125,0.7867
CM00005441,2026-06-24,V00004717,8,2,42,0,0.25,0.6774
CM00005442,2026-07-18,V00003861,7,3,51,0,0.4286,0.3091
CM00005443,2026-04-30,V00000302,6,2,3,0,0.3333,0.1875
CM00005444,2026-03-10,V00014322,8,2,248,0,0.25,0.7381
CM00005445,2026-06-08,V00005076,10,3,146,1,0.3,0.5123
CM00005446,2026-07-14,V00004151,13,4,141,1,0.3077,0.3176
CM00005447,2026-06-19,V00012013,11,4,34,0,0.3636,0.3864
CM00005448,2026-05-08,V00013154,5,1,23,0,0.2,0.3594
CM00005449,2026-06-19,V00012565,11,5,318,3,0.4545,0.6175
CM00005450,2026-06-07,V00014569,10,5,218,0,0.5,0.507
CM00005451,2026-02-15,V00000418,11,1,97,0,0.0909,0.8083
CM00005452,2026-08-05,V00006228,12,6,70,0,0.5,0.4321
CM00005453,2026-05-22,V00011312,7,2,125,0,0.2857,0.625
CM00005454,2026-08-14,V00010304,10,4,210,1,0.4,0.5097
CM00005455,2026-07-08,V00004285,5,1,162,0,0.2,0.9818
CM00005456,2026-04-13,V00004499,7,1,115,0,0.1429,0.7099
CM00005457,2026-03-24,V00000736,6,3,155,0,0.5,0.8757
CM00005458,2026-06-26,V00011031,7,3,345,0,0.4286,0.7718
CM00005459,2026-05-07,V00004581,9,3,129,0,0.3333,0.256
CM00005460,2026-04-28,V00007390,11,4,106,0,0.3636,0.9138
CM00005461,2026-08-23,V00004590,7,5,180,0,0.7143,0.4675
CM00005462,2026-01-18,V00011859,18,7,475,0,0.3889,0.5472
CM00005463,2026-08-03,V00004798,8,2,135,1,0.25,0.6818
CM00005464,2026-06-20,V00000560,3,1,45,0,0.3333,0.9375
CM00005465,2026-02-28,V00001444,14,3,121,0,0.2143,0.545
CM00005466,2026-04-25,V00002761,13,4,97,1,0.3077,0.4755
CM00005467,2026-01-03,V00007601,13,5,484,0,0.3846,0.6865
CM00005468,2026-04-14,V00012346,8,4,114,0,0.5,0.7308
CM00005469,2026-02-22,V00009486,7,2,189,0,0.2857,0.6473
CM00005470,2026-01-11,V00008835,14,5,106,1,0.3571,0.424
CM00005471,2026-02-07,V00010183,11,2,47,0,0.1818,0.3615
CM00005472,2026-08-28,V00007260,6,1,16,0,0.1667,0.8421
CM00005473,2026-06-24,V00006012,8,2,75,0,0.25,0.3074
CM00005474,2026-08-16,V00008907,12,4,310,0,0.3333,0.4905
CM00005475,2026-01-29,V00007103,9,4,222,0,0.4444,0.6307
CM00005476,2026-04-07,V00010949,10,5,481,1,0.5,0.7885
CM00005477,2026-08-01,V00013215,9,6,428,0,0.6667,0.6544
CM00005478,2026-04-19,V00009619,12,5,75,1,0.4167,0.4545
CM00005479,2026-07-18,V00009056,6,2,18,0,0.3333,0.5
CM00005480,2026-08-27,V00010356,4,1,96,0,0.25,0.5749
CM00005481,2026-08-10,V00006842,12,7,876,0,0.5833,0.7361
CM00005482,2026-04-25,V00007763,13,5,711,0,0.3846,0.8126
CM00005483,2026-03-31,V00011529,8,3,114,0,0.375,0.3304
CM00005484,2026-04-28,V00010211,8,2,177,1,0.25,0.7314
CM00005485,2026-05-12,V00000555,4,2,137,0,0.5,0.5269
CM00005486,2026-08-26,V00006469,11,5,587,0,0.4545,0.7338
CM00005487,2026-03-10,V00005870,17,4,365,0,0.2353,0.7019
CM00005488,2026-01-13,V00003309,5,1,51,0,0.2,0.7969
CM00005489,2026-01-29,V00011050,11,5,85,1,0.4545,0.4474
CM00005490,2026-08-28,V00013246,8,4,76,0,0.5,0.7037
CM00005491,2026-04-25,V00007741,13,3,103,0,0.2308,0.6478
CM00005492,2026-01-01,V00010936,10,0,0,0,0.0,0.0
CM00005493,2026-07-09,V00009327,9,4,375,0,0.4444,0.6649
CM00005494,2026-03-11,V00012185,5,2,160,0,0.4,0.7619
CM00005495,2026-07-04,V00005716,9,3,87,0,0.3333,0.3919
CM00005496,2026-04-16,V00000496,11,7,373,2,0.6364,0.5609
CM00005497,2026-08-03,V00014170,7,1,37,0,0.1429,1.0
CM00005498,2026-05-24,V00004497,13,1,65,1,0.0769,0.7386
CM00005499,2026-08-08,V00002714,10,5,606,1,0.5,0.7623
CM00005500,2026-04-03,V00006557,15,7,573,2,0.4667,0.7309
CM00005501,2026-08-03,V00011162,4,2,207,0,0.5,0.7841
CM00005502,2026-07-08,V00012055,11,3,258,0,0.2727,0.835
CM00005503,2026-05-14,V00011885,7,4,55,0,0.5714,0.625
CM00005504,2026-06-22,V00006642,4,1,19,0,0.25,0.1583
CM00005505,2026-06-06,V00005648,7,1,4,0,0.1429,0.3077
CM00005506,2026-01-24,V00005712,13,6,522,1,0.4615,0.5541
CM00005507,2026-05-05,V00011063,7,2,91,1,0.2857,0.2844
CM00005508,2026-05-30,V00003468,10,2,66,0,0.2,0.6471
CM00005509,2026-07-04,V00012012,8,3,147,0,0.375,0.392
CM00005510,2026-01-27,V00005308,9,5,244,1,0.5556,0.4784
CM00005511,2026-01-24,V00010362,12,4,385,0,0.3333,0.6875
CM00005512,2026-05-14,V00006421,19,4,191,0,0.2105,0.5552
CM00005513,2026-08-24,V00006452,13,3,25,1,0.2308,0.4167
CM00005514,2026-02-02,V00012197,12,4,177,0,0.3333,0.5268
CM00005515,2026-06-24,V00014439,15,6,412,1,0.4,0.6603
CM00005516,2026-06-10,V00004128,9,1,67,0,0.1111,0.7444
CM00005517,2026-03-28,V00006196,9,4,155,1,0.4444,0.4844
CM00005518,2026-06-25,V00007207,7,4,577,0,0.5714,0.885
CM00005519,2026-05-06,V00011015,5,2,334,1,0.4,0.9824
CM00005520,2026-08-02,V00001280,7,2,235,0,0.2857,0.6831
CM00005521,2026-03-12,V00005481,11,2,95,0,0.1818,0.6884
CM00005522,2026-07-19,V00013005,11,3,167,1,0.2727,0.6117
CM00005523,2026-03-24,V00008822,6,0,0,0,0.0,0.0
CM00005524,2026-08-24,V00000802,7,5,231,1,0.7143,0.6417
CM00005525,2026-02-09,V00012029,11,5,372,0,0.4545,0.62
CM00005526,2026-07-23,V00001134,10,4,78,0,0.4,0.2566
CM00005527,2026-04-13,V00003495,13,6,232,0,0.4615,0.703
CM00005528,2026-04-26,V00006430,7,2,11,0,0.2857,0.6111
CM00005529,2026-04-15,V00011469,10,4,131,1,0.4,0.3853
CM00005530,2026-04-04,V00007998,6,0,0,0,0.0,0.0
CM00005531,2026-01-04,V00004456,9,5,701,1,0.5556,0.7832
CM00005532,2026-01-12,V00000860,6,1,142,0,0.1667,0.7889
CM00005533,2026-02-09,V00006485,11,7,45,0,0.6364,0.6429
CM00005534,2026-07-25,V00012466,16,4,133,0,0.25,0.3428
CM00005535,2026-06-13,V00013518,7,3,226,0,0.4286,0.6975
CM00005536,2026-05-23,V00007083,7,2,201,0,0.2857,0.6242
CM00005537,2026-06-03,V00013757,12,4,52,0,0.3333,0.2549
CM00005538,2026-01-24,V00001431,8,2,120,0,0.25,0.3509
CM00005539,2026-08-27,V00012398,10,2,137,1,0.2,0.387
CM00005540,2026-02-02,V00000963,8,3,108,0,0.375,1.0
CM00005541,2026-08-21,V00005779,7,3,45,0,0.4286,0.7143
CM00005542,2026-03-14,V00012321,11,6,548,0,0.5455,0.6049
CM00005543,2026-07-19,V00002629,5,1,51,0,0.2,0.4722
CM00005544,2026-05-29,V00001611,7,2,192,0,0.2857,0.6076
CM00005545,2026-08-12,V00001198,9,3,55,1,0.3333,0.8333
CM00005546,2026-04-30,V00013363,10,3,212,0,0.3,0.6861
CM00005547,2026-02-04,V00013669,7,1,97,0,0.1429,1.0
CM00005548,2026-02-24,V00009713,6,1,18,0,0.1667,0.375
CM00005549,2026-05-12,V00006945,12,5,283,0,0.4167,0.4797
CM00005550,2026-07-29,V00010192,16,9,611,2,0.5625,0.7987
CM00005551,2026-08-03,V00005021,6,2,54,0,0.3333,1.0
CM00005552,2026-08-17,V00002443,10,2,2,0,0.2,0.0175
CM00005553,2026-06-22,V00005106,9,4,409,0,0.4444,0.6554
CM00005554,2026-07-23,V00007185,16,5,555,0,0.3125,0.75
CM00005555,2026-07-03,V00002318,11,2,158,0,0.1818,0.8587
CM00005556,2026-06-07,V00011960,10,3,20,0,0.3,0.4167
CM00005557,2026-08-27,V00012554,4,1,14,0,0.25,0.875
CM00005558,2026-07-28,V00003481,7,2,169,0,0.2857,0.5184
CM00005559,2026-01-01,V00003851,12,5,141,1,0.4167,0.4406
CM00005560,2026-04-28,V00014158,10,3,13,0,0.3,0.3939
CM00005561,2026-08-25,V00005710,9,3,40,3,0.3333,0.6667
CM00005562,2026-08-16,V00010909,8,1,91,0,0.125,0.6791
CM00005563,2026-07-03,V00001920,8,2,69,0,0.25,0.5476
CM00005564,2026-08-25,V00002116,13,6,507,0,0.4615,0.5633
CM00005565,2026-07-16,V00011648,17,4,194,0,0.2353,0.6554
CM00005566,2026-06-29,V00004198,10,3,86,0,0.3,0.3295
CM00005567,2026-04-16,V00013634,11,9,169,0,0.8182,0.4173
CM00005568,2026-05-19,V00002861,11,4,225,0,0.3636,0.632
CM00005569,2026-08-26,V00009097,10,5,403,1,0.5,0.5234
CM00005570,2026-07-25,V00008630,9,4,246,1,0.4444,0.41
CM00005571,2026-08-27,V00004406,8,3,141,0,0.375,0.2686
CM00005572,2026-05-11,V00014452,9,2,92,1,0.2222,0.2738
CM00005573,2026-03-20,V00010312,11,5,566,2,0.4545,0.6543
CM00005574,2026-06-19,V00005011,5,2,18,0,0.4,0.75
CM00005575,2026-06-19,V00010653,4,1,19,0,0.25,0.6333
CM00005576,2026-03-16,V00007409,5,2,2,0,0.4,0.0833
CM00005577,2026-07-31,V00002249,4,1,40,1,0.25,0.241
CM00005578,2026-07-24,V00008421,5,3,18,2,0.6,0.5455
CM00005579,2026-08-19,V00007257,7,1,128,0,0.1429,0.795
CM00005580,2026-06-22,V00002938,5,2,31,0,0.4,0.2719
CM00005581,2026-07-27,V00010668,11,1,3,0,0.0909,0.0226
CM00005582,2026-08-23,V00004934,10,7,241,2,0.7,0.3825
CM00005583,2026-08-25,V00009028,9,3,292,1,0.3333,0.6713
CM00005584,2026-08-24,V00009383,11,4,111,1,0.3636,0.2135
CM00005585,2026-06-07,V00004518,8,2,122,0,0.25,0.6932
CM00005586,2026-04-17,V00012638,12,2,139,1,0.1667,0.615
CM00005587,2026-07-19,V00012530,5,0,0,0,0.0,0.0
CM00005588,2026-02-13,V00013947,16,3,143,0,0.1875,0.7222
CM00005589,2026-02-10,V00002379,9,4,150,1,0.4444,0.7353
CM00005590,2026-06-11,V00010005,7,4,328,0,0.5714,0.4633
CM00005591,2026-02-20,V00005828,9,2,67,0,0.2222,0.2264
CM00005592,2026-03-12,V00011635,12,7,947,0,0.5833,0.8842
CM00005593,2026-01-24,V00013986,8,5,190,1,0.625,0.6333
CM00005594,2026-07-02,V00009878,15,7,755,1,0.4667,0.6959
CM00005595,2026-02-05,V00006286,7,1,43,0,0.1429,0.7679
CM00005596,2026-08-13,V00005598,14,7,268,1,0.5,0.6601
CM00005597,2026-08-21,V00011104,9,2,126,0,0.2222,0.5676
CM00005598,2026-02-01,V00014710,9,3,15,0,0.3333,0.2
CM00005599,2026-02-05,V00002258,12,7,211,1,0.5833,0.5687
CM00005600,2026-07-11,V00010680,8,1,41,0,0.125,0.7455
CM00005601,2026-03-20,V00004107,9,2,86,0,0.2222,0.5811
CM00005602,2026-06-06,V00007642,8,1,81,0,0.125,0.7642
CM00005603,2026-08-18,V00014819,4,1,119,1,0.25,0.6611
CM00005604,2026-07-19,V00012095,8,2,61,0,0.25,0.4766
CM00005605,2026-04-05,V00006589,6,2,104,0,0.3333,0.5652
CM00005606,2026-08-03,V00007375,2,1,14,0,0.5,0.1842
CM00005607,2026-08-16,V00003251,8,0,0,0,0.0,0.0
CM00005608,2026-05-10,V00008245,11,2,14,1,0.1818,0.6364
CM00005609,2026-03-08,V00013555,14,3,111,0,0.2143,0.6271
CM00005610,2026-06-21,V00005123,12,6,242,4,0.5,0.9167
CM00005611,2026-05-30,V00005422,12,5,555,1,0.4167,0.6607
CM00005612,2026-06-12,V00011224,10,3,174,0,0.3,0.3222
CM00005613,2026-04-29,V00001189,11,5,47,3,0.4545,0.5875
CM00005614,2026-07-18,V00005464,10,4,176,0,0.4,0.2914
CM00005615,2026-05-30,V00010631,11,3,74,2,0.2727,0.4568
CM00005616,2026-06-14,V00003894,12,3,72,0,0.25,0.375
CM00005617,2026-01-29,V00007064,10,2,77,0,0.2,0.4873
CM00005618,2026-06-24,V00002257,8,1,34,0,0.125,0.3908
CM00005619,2026-02-26,V00010216,6,2,263,1,0.3333,0.7874
CM00005620,2026-02-05,V00003640,5,1,118,0,0.2,0.8551
CM00005621,2026-03-21,V00012657,14,0,0,0,0.0,0.0
CM00005622,2026-05-27,V00011130,9,2,84,1,0.2222,0.3387
CM00005623,2026-02-04,V00002103,8,2,7,0,0.25,0.0443
CM00005624,2026-05-20,V00002892,13,7,129,0,0.5385,0.4495
CM00005625,2026-05-25,V00007699,8,3,44,1,0.375,0.6111
CM00005626,2026-04-30,V00004663,10,6,490,1,0.6,0.6095
CM00005627,2026-08-02,V00010430,17,6,703,0,0.3529,0.8615
CM00005628,2026-02-10,V00003713,9,2,137,1,0.2222,0.9514
CM00005629,2026-07-09,V00007834,8,2,87,1,0.25,0.4307
CM00005630,2026-08-02,V00012945,10,4,380,0,0.4,0.709
CM00005631,2026-08-12,V00009737,8,3,336,0,0.375,0.6829
CM00005632,2026-01-07,V00014666,11,4,508,1,0.3636,0.7299
CM00005633,2026-06-05,V00001646,6,3,182,0,0.5,0.6523
CM00005634,2026-01-03,V00011059,6,2,203,0,0.3333,0.5867
CM00005635,2026-05-12,V00014346,8,2,117,1,0.25,0.412
CM00005636,2026-07-14,V00010760,12,3,57,2,0.25,0.5758
CM00005637,2026-08-07,V00009158,8,3,91,0,0.375,0.619
CM00005638,2026-06-24,V00004638,8,4,345,1,0.5,0.707
CM00005639,2026-06-28,V00002754,6,1,38,0,0.1667,0.4634
CM00005640,2026-02-28,V00006156,8,0,0,0,0.0,0.0
CM00005641,2026-06-19,V00014708,11,4,261,0,0.3636,0.5826
CM00005642,2026-02-21,V00004657,14,8,50,1,0.5714,0.5682
CM00005643,2026-02-24,V00011201,17,6,425,0,0.3529,0.4002
CM00005644,2026-08-01,V00012078,11,3,179,0,0.2727,0.6704
CM00005645,2026-04-10,V00001300,7,3,37,0,0.4286,0.1326
CM00005646,2026-07-07,V00001940,13,4,43,1,0.3077,0.5119
CM00005647,2026-06-08,V00007542,6,2,57,0,0.3333,0.1875
CM00005648,2026-08-08,V00005764,5,2,19,0,0.4,0.3065
CM00005649,2026-07-11,V00002268,11,8,832,1,0.7273,0.6541
CM00005650,2026-02-20,V00007186,7,4,31,0,0.5714,0.775
CM00005651,2026-06-29,V00004048,7,2,200,0,0.2857,0.6211
CM00005652,2026-06-29,V00000183,9,2,144,0,0.2222,0.7826
CM00005653,2026-07-21,V00004794,12,6,719,0,0.5,0.7832
CM00005654,2026-04-07,V00012054,11,1,9,0,0.0909,0.5294
CM00005655,2026-08-28,V00013825,7,3,132,1,0.4286,0.4356
CM00005656,2026-01-06,V00009096,13,3,22,0,0.2308,0.6111
CM00005657,2026-03-21,V00002702,15,5,287,1,0.3333,0.9111
CM00005658,2026-02-01,V00007050,6,2,145,0,0.3333,0.6416
CM00005659,2026-08-23,V00008085,10,3,121,0,0.3,0.6402
CM00005660,2026-06-23,V00003104,13,5,615,0,0.3846,0.7193
CM00005661,2026-05-19,V00000985,7,1,131,0,0.1429,0.8037
CM00005662,2026-08-18,V00012547,13,3,110,1,0.2308,0.719
CM00005663,2026-07-29,V00005719,7,1,5,1,0.1429,0.0294
CM00005664,2026-06-06,V00005727,4,1,65,0,0.25,0.7471
CM00005665,2026-08-28,V00014664,13,9,974,3,0.6923,0.7675
CM00005666,2026-08-10,V00004673,10,2,74,0,0.2,0.3776
CM00005667,2026-08-05,V00007396,10,3,10,0,0.3,0.4167
CM00005668,2026-05-06,V00006025,4,2,80,1,0.5,0.5797
CM00005669,2026-06-12,V00013956,8,3,46,0,0.375,0.1333
CM00005670,2026-08-14,V00011172,10,5,373,0,0.5,0.6602
CM00005671,2026-04-08,V00002537,11,4,65,1,0.3636,0.65
CM00005672,2026-05-01,V00009725,10,6,488,0,0.6,0.7072
CM00005673,2026-08-25,V00003883,8,6,667,1,0.75,0.6737
CM00005674,2026-08-07,V00009890,7,2,53,2,0.2857,0.5096
CM00005675,2026-08-26,V00009544,9,3,320,0,0.3333,0.5959
CM00005676,2026-05-28,V00001037,6,0,0,0,0.0,0.0
CM00005677,2026-08-23,V00009085,8,3,16,0,0.375,0.3556
CM00005678,2026-08-14,V00009519,8,6,839,0,0.75,0.813
CM00005679,2026-01-28,V00003755,12,4,125,0,0.3333,0.7622
CM00005680,2026-05-21,V00004118,9,3,47,0,0.3333,0.5402
CM00005681,2026-07-10,V00010643,11,3,269,0,0.2727,0.6845
CM00005682,2026-04-18,V00003099,9,5,112,0,0.5556,0.7
CM00005683,2026-03-25,V00004169,15,3,99,0,0.2,0.1908
CM00005684,2026-08-17,V00001485,8,5,108,0,0.625,0.7714
CM00005685,2026-04-06,V00009080,11,4,170,1,0.3636,0.5247
CM00005686,2026-04-27,V00005441,9,1,61,0,0.1111,0.5351
CM00005687,2026-03-21,V00005745,12,0,0,0,0.0,0.0
CM00005688,2026-05-03,V00009319,9,2,70,0,0.2222,0.2273
CM00005689,2026-08-26,V00006916,6,1,99,1,0.1667,0.6781
CM00005690,2026-06-05,V00012287,11,4,301,0,0.3636,0.5574
CM00005691,2026-04-14,V00009678,11,3,181,2,0.2727,0.6418
CM00005692,2026-01-25,V00001483,10,7,737,2,0.7,0.8162
CM00005693,2026-08-21,V00002503,13,5,142,3,0.3846,0.8353
CM00005694,2026-01-26,V00001455,12,4,121,1,0.3333,0.4583
CM00005695,2026-04-07,V00003022,9,3,32,1,0.3333,0.5926
CM00005696,2026-01-02,V00007567,9,2,133,0,0.2222,0.6584
CM00005697,2026-05-25,V00010555,10,6,643,1,0.6,0.734
CM00005698,2026-06-09,V00011873,5,2,340,0,0.4,0.9659
CM00005699,2026-08-28,V00007164,9,3,11,1,0.3333,0.3667
CM00005700,2026-02-16,V00005790,7,2,132,0,0.2857,0.5739
CM00005701,2026-08-19,V00014060,11,4,324,0,0.3636,0.7714
CM00005702,2026-07-08,V00006999,14,5,111,1,0.3571,0.7929
CM00005703,2026-02-07,V00008439,12,4,404,0,0.3333,0.7113
CM00005704,2026-05-01,V00014449,8,0,0,0,0.0,0.0
CM00005705,2026-04-24,V00003138,6,2,208,0,0.3333,0.6582
CM00005706,2026-05-11,V00002782,4,4,115,0,1.0,0.8456
CM00005707,2026-06-27,V00004417,7,4,317,0,0.5714,0.7407
CM00005708,2026-08-03,V00010468,12,7,207,1,0.5833,0.4929
CM00005709,2026-07-27,V00013232,6,4,256,0,0.6667,0.5614
CM00005710,2026-03-29,V00011009,6,3,65,0,0.5,0.3439
CM00005711,2026-02-08,V00012249,8,5,236,0,0.625,0.433
CM00005712,2026-04-10,V00005935,14,5,540,0,0.3571,0.6585
CM00005713,2026-06-09,V00014383,10,5,482,1,0.5,0.5385
CM00005714,2026-03-01,V00008040,9,3,64,0,0.3333,0.8205
CM00005715,2026-07-28,V00001215,9,3,139,0,0.3333,0.724
CM00005716,2026-06-18,V00000700,10,2,218,0,0.2,0.8015
CM00005717,2026-05-11,V00010997,2,0,0,0,0.0,0.0
CM00005718,2026-06-13,V00005996,10,3,123,1,0.3,0.295
CM00005719,2026-03-22,V00000613,8,3,145,0,0.375,0.3333
CM00005720,2026-08-08,V00008173,5,2,111,0,0.4,0.7115
CM00005721,2026-03-08,V00008121,4,2,86,1,0.5,0.6232
CM00005722,2026-08-06,V00001889,6,3,182,0,0.5,0.4242
CM00005723,2026-02-25,V00006554,7,1,73,0,0.1429,0.4078
CM00005724,2026-04-12,V00010825,12,3,103,1,0.25,0.2837
CM00005725,2026-04-16,V00001144,7,4,36,0,0.5714,0.6923
CM00005726,2026-03-12,V00006321,16,7,511,0,0.4375,0.6518
CM00005727,2026-06-08,V00009891,9,5,465,0,0.5556,0.694
CM00005728,2026-04-05,V00001650,12,5,376,0,0.4167,0.4297
CM00005729,2026-05-26,V00003440,13,4,342,0,0.3077,0.5777
CM00005730,2026-08-04,V00006683,10,3,144,0,0.3,0.4444
CM00005731,2026-04-24,V00002072,9,3,53,0,0.3333,0.7067
CM00005732,2026-04-06,V00007802,5,3,78,1,0.6,0.7429
CM00005733,2026-05-01,V00010214,18,7,106,0,0.3889,0.797
CM00005734,2026-08-03,V00010632,7,4,57,0,0.5714,0.7125
CM00005735,2026-07-11,V00005131,17,7,562,1,0.4118,0.5614
CM00005736,2026-08-12,V00014118,13,1,45,0,0.0769,0.5488
CM00005737,2026-07-02,V00002479,7,4,171,0,0.5714,0.5278
CM00005738,2026-08-13,V00001527,8,3,194,0,0.375,0.5527
CM00005739,2026-03-03,V00007578,6,2,117,0,0.3333,0.4179
CM00005740,2026-03-01,V00007228,11,4,80,0,0.3636,0.7143
CM00005741,2026-08-26,V00010811,10,5,649,2,0.5,0.9338
CM00005742,2026-07-27,V00008038,12,2,203,0,0.1667,0.6078
CM00005743,2026-01-09,V00010707,13,3,246,0,0.2308,0.491
CM00005744,2026-04-15,V00000050,6,6,223,1,1.0,0.7743
CM00005745,2026-06-29,V00005101,10,2,116,0,0.2,0.7733
CM00005746,2026-08-10,V00002965,5,0,0,0,0.0,0.0
CM00005747,2026-02-22,V00009411,6,2,56,0,0.3333,0.4516
CM00005748,2026-01-01,V00008842,13,3,336,0,0.2308,0.8682
CM00005749,2026-08-27,V00004355,12,8,570,1,0.6667,0.7125
CM00005750,2026-05-12,V00008740,7,3,140,0,0.4286,0.413
CM00005751,2026-07-06,V00007783,12,1,11,0,0.0833,0.6111
CM00005752,2026-06-13,V00007645,12,3,164,0,0.25,0.5307
CM00005753,2026-06-03,V00012217,9,3,234,0,0.3333,0.7723
CM00005754,2026-01-26,V00014948,16,5,504,0,0.3125,0.63
CM00005755,2026-04-11,V00010479,5,2,141,1,0.4,0.4123
CM00005756,2026-06-20,V00005493,6,2,121,1,0.3333,0.7202
CM00005757,2026-02-25,V00009749,9,1,69,0,0.1111,0.5036
CM00005758,2026-06-28,V00006740,6,2,135,0,0.3333,0.6429
CM00005759,2026-03-13,V00006523,8,4,192,0,0.5,0.3453
CM00005760,2026-04-08,V00011367,12,2,93,0,0.1667,0.5671
CM00005761,2026-05-08,V00002057,8,2,22,0,0.25,0.3056
CM00005762,2026-04-14,V00002303,10,1,56,0,0.1,0.7089
CM00005763,2026-08-27,V00001754,9,2,71,0,0.2222,0.8068
CM00005764,2026-05-28,V00004311,8,1,77,0,0.125,1.0
CM00005765,2026-06-16,V00002382,14,5,343,1,0.3571,0.6352
CM00005766,2026-08-26,V00000008,5,0,0,0,0.0,0.0
CM00005767,2026-04-20,V00009259,10,5,346,3,0.5,0.8141
CM00005768,2026-04-09,V00006966,16,5,119,0,0.3125,0.5409
CM00005769,2026-08-12,V00005006,7,2,168,0,0.2857,0.8936
CM00005770,2026-08-19,V00013745,8,1,24,0,0.125,0.8571
CM00005771,2026-02-05,V00001284,13,2,5,0,0.1538,0.0714
CM00005772,2026-04-19,V00013324,10,4,359,1,0.4,0.7606
CM00005773,2026-06-22,V00005117,8,3,249,0,0.375,0.7477
CM00005774,2026-05-31,V00005301,10,2,25,1,0.2,0.1984
CM00005775,2026-08-21,V00011215,13,4,449,1,0.3077,0.6887
CM00005776,2026-06-25,V00010299,12,2,150,0,0.1667,0.4491
CM00005777,2026-01-23,V00003025,8,0,0,0,0.0,0.0
CM00005778,2026-04-05,V00000742,11,2,89,0,0.1818,0.5855
CM00005779,2026-06-15,V00010832,10,6,488,0,0.6,0.6952
CM00005780,2026-03-09,V00012680,10,5,184,0,0.5,0.3573
CM00005781,2026-07-06,V00007650,10,3,42,0,0.3,0.7
CM00005782,2026-07-23,V00012556,8,3,136,0,0.375,0.3148
CM00005783,2026-06-08,V00013525,12,3,191,0,0.25,0.6773
CM00005784,2026-06-25,V00012966,11,6,366,3,0.5455,0.6559
CM00005785,2026-06-07,V00001268,10,2,36,0,0.2,0.1579
CM00005786,2026-01-26,V00002791,8,3,257,0,0.375,0.6208
CM00005787,2026-02-12,V00001946,16,4,344,0,0.25,0.7049
CM00005788,2026-08-04,V00010765,16,6,82,0,0.375,0.6212
CM00005789,2026-07-02,V00011247,4,2,66,0,0.5,0.7021
CM00005790,2026-07-12,V00007136,7,2,306,0,0.2857,0.8895
CM00005791,2026-06-29,V00003539,8,1,27,1,0.125,0.5625
CM00005792,2026-06-29,V00007209,6,1,35,0,0.1667,0.5738
CM00005793,2026-03-30,V00002889,9,5,685,1,0.5556,0.8405
CM00005794,2026-06-02,V00004204,9,1,65,0,0.1111,0.3916
CM00005795,2026-06-05,V00009479,4,1,81,0,0.25,0.6923
CM00005796,2026-01-23,V00001075,8,4,153,0,0.5,0.8693
CM00005797,2026-02-17,V00013877,12,5,381,1,0.4167,0.6048
CM00005798,2026-01-29,V00001479,11,4,127,1,0.3636,0.7744
CM00005799,2026-08-25,V00005880,12,4,89,1,0.3333,0.6544
CM00005800,2026-07-31,V00003577,15,6,163,0,0.4,0.4766
CM00005801,2026-02-04,V00003018,9,2,75,1,0.2222,0.5282
CM00005802,2026-01-28,V00002023,7,2,26,0,0.2857,0.5
CM00005803,2026-03-12,V00011482,19,8,94,0,0.4211,0.4052
CM00005804,2026-05-09,V00006250,9,4,113,0,0.4444,0.3404
CM00005805,2026-05-01,V00008763,8,2,290,1,0.25,1.0
CM00005806,2026-06-09,V00009792,16,5,393,1,0.3125,0.524
CM00005807,2026-07-16,V00011374,9,4,400,0,0.4444,0.8333
CM00005808,2026-08-21,V00008830,8,1,6,0,0.125,0.0822
CM00005809,2026-01-03,V00005433,9,3,41,2,0.3333,0.7593
CM00005810,2026-05-09,V00012992,15,8,108,1,0.5333,0.4655
CM00005811,2026-07-30,V00014044,4,1,134,0,0.25,0.7571
CM00005812,2026-06-23,V00011288,13,5,12,0,0.3846,0.3
CM00005813,2026-07-17,V00012303,6,4,237,0,0.6667,0.8587
CM00005814,2026-03-14,V00005121,15,5,215,1,0.3333,0.7963
CM00005815,2026-02-07,V00012355,4,1,72,0,0.25,0.8182
CM00005816,2026-03-11,V00010317,16,2,148,0,0.125,0.454
CM00005817,2026-08-25,V00012859,5,2,23,0,0.4,0.7188
CM00005818,2026-05-07,V00000539,12,7,384,1,0.5833,0.5598
CM00005819,2026-08-24,V00003635,13,3,277,1,0.2308,0.6995
CM00005820,2026-05-24,V00006427,7,4,162,2,0.5714,0.7364
CM00005821,2026-08-28,V00002746,3,1,16,0,0.3333,0.254
CM00005822,2026-07-29,V00002098,10,2,85,2,0.2,0.7203
CM00005823,2026-02-09,V00008744,9,2,34,0,0.2222,0.5152
CM00005824,2026-08-20,V00004001,8,3,34,0,0.375,0.8095
CM00005825,2026-04-24,V00014090,14,4,30,0,0.2857,0.1786
CM00005826,2026-08-01,V00007728,4,1,95,0,0.25,0.5793
CM00005827,2026-04-07,V00003500,9,5,334,1,0.5556,0.4948
CM00005828,2026-06-04,V00000585,7,1,7,1,0.1429,0.5385
CM00005829,2026-04-23,V00014489,14,1,2,0,0.0714,0.0227
CM00005830,2026-08-18,V00006684,12,3,374,0,0.25,0.7556
CM00005831,2026-08-14,V00003938,10,1,23,1,0.1,0.7931
CM00005832,2026-06-11,V00002053,10,3,71,0,0.3,0.4011
CM00005833,2026-05-27,V00005730,8,4,287,2,0.5,0.4815
CM00005834,2026-07-08,V00011723,7,5,530,0,0.7143,0.797
CM00005835,2026-05-18,V00002192,11,5,452,0,0.4545,0.6366
CM00005836,2026-02-01,V00014283,7,1,153,0,0.1429,1.0
CM00005837,2026-07-06,V00000452,8,3,14,1,0.375,0.5185
CM00005838,2026-06-16,V00006832,8,4,227,1,0.5,0.3809
CM00005839,2026-04-11,V00006754,13,3,110,0,0.2308,0.5392
CM00005840,2026-03-18,V00005966,4,1,36,0,0.25,0.3158
CM00005841,2026-07-07,V00007494,13,7,740,1,0.5385,0.8259
CM00005842,2026-08-26,V00000245,10,1,66,0,0.1,0.4889
CM00005843,2026-06-25,V00000530,16,7,74,1,0.4375,0.881
CM00005844,2026-06-20,V00013867,5,1,34,0,0.2,0.4857
CM00005845,2026-07-11,V00005453,7,2,84,1,0.2857,0.6364
CM00005846,2026-06-26,V00007646,6,3,129,1,0.5,0.5733
CM00005847,2026-05-03,V00000103,11,3,122,0,0.2727,0.442
CM00005848,2026-01-29,V00006213,13,3,246,0,0.2308,0.5616
CM00005849,2026-07-08,V00012382,10,5,246,1,0.5,0.7343
CM00005850,2026-08-03,V00003162,11,2,24,0,0.1818,0.5
CM00005851,2026-04-16,V00010903,12,8,761,0,0.6667,0.8418
CM00005852,2026-08-23,V00014417,12,3,361,0,0.25,0.7382
CM00005853,2026-08-01,V00002014,10,6,553,3,0.6,0.7201
CM00005854,2026-08-07,V00010131,7,3,304,0,0.4286,0.8661
CM00005855,2026-08-23,V00008008,11,2,44,0,0.1818,0.449
CM00005856,2026-08-02,V00009439,5,1,10,0,0.2,0.2326
CM00005857,2026-03-31,V00014405,13,5,260,1,0.3846,0.4062
CM00005858,2026-08-23,V00004472,16,7,765,1,0.4375,0.6746
CM00005859,2026-03-21,V00010929,15,7,716,1,0.4667,0.9741
CM00005860,2026-06-11,V00004737,15,3,366,0,0.2,0.6778
CM00005861,2026-07-02,V00002183,11,5,78,0,0.4545,0.4875
CM00005862,2026-04-12,V00000121,7,2,191,0,0.2857,0.9363
CM00005863,2026-02-22,V00007606,7,3,155,0,0.4286,0.427
CM00005864,2026-04-28,V00014174,10,2,203,0,0.2,0.6465
CM00005865,2026-02-17,V00005288,8,1,13,0,0.125,0.2889
CM00005866,2026-03-10,V00010113,8,3,186,0,0.375,0.4697
CM00005867,2026-05-30,V00012104,5,0,0,0,0.0,0.0
CM00005868,2026-04-10,V00008897,7,3,225,0,0.4286,0.6696
CM00005869,2026-02-07,V00014953,8,3,218,0,0.375,0.7814
CM00005870,2026-01-21,V00000031,15,7,602,1,0.4667,0.86
CM00005871,2026-03-28,V00008968,13,4,50,0,0.3077,0.25
CM00005872,2026-01-20,V00000046,14,8,674,1,0.5714,0.8342
CM00005873,2026-01-10,V00011675,11,1,55,0,0.0909,0.5288
CM00005874,2026-03-19,V00003122,2,1,19,0,0.5,0.1863
CM00005875,2026-07-22,V00007173,8,3,159,0,0.375,0.5699
CM00005876,2026-04-29,V00000079,14,7,60,1,0.5,0.5042
CM00005877,2026-08-25,V00009198,11,7,808,2,0.6364,0.7852
CM00005878,2026-08-28,V00009957,15,5,370,1,0.3333,0.6435
CM00005879,2026-07-27,V00000607,16,5,399,1,0.3125,0.7389
CM00005880,2026-06-23,V00007159,7,3,5,0,0.4286,0.1515
CM00005881,2026-08-07,V00013014,13,3,76,0,0.2308,0.5067
CM00005882,2026-04-30,V00008712,10,3,102,1,0.3,0.6071
CM00005883,2026-03-10,V00011647,7,2,74,0,0.2857,0.4458
CM00005884,2026-01-27,V00007194,7,2,139,0,0.2857,0.4664
CM00005885,2026-01-16,V00012847,5,2,181,0,0.4,0.6199
CM00005886,2026-08-20,V00004655,7,3,170,0,0.4286,0.5782
CM00005887,2026-02-18,V00003092,11,3,283,0,0.2727,0.6787
CM00005888,2026-01-13,V00000519,10,0,0,0,0.0,0.0
CM00005889,2026-07-27,V00008924,11,4,229,0,0.3636,0.9542
CM00005890,2026-06-06,V00009154,12,6,446,1,0.5,0.4478
CM00005891,2026-08-22,V00011689,6,1,48,0,0.1667,0.32
CM00005892,2026-03-21,V00000973,12,2,117,0,0.1667,0.5792
CM00005893,2026-07-07,V00002992,6,4,81,3,0.6667,0.5625
CM00005894,2026-01-04,V00006840,8,2,194,0,0.25,0.708
CM00005895,2026-02-21,V00013394,11,4,68,1,0.3636,0.4474
CM00005896,2026-01-11,V00001192,10,4,361,1,0.4,0.6446
CM00005897,2026-07-06,V00011332,8,4,65,1,0.5,0.9559
CM00005898,2026-01-20,V00005620,5,1,74,0,0.2,0.4512
CM00005899,2026-04-05,V00001244,8,2,110,0,0.25,0.3793
CM00005900,2026-08-04,V00009414,9,1,12,0,0.1111,0.0851
CM00005901,2026-08-26,V00007300,5,0,0,0,0.0,0.0
CM00005902,2026-08-02,V00000305,6,1,62,0,0.1667,0.8378
CM00005903,2026-03-12,V00002288,9,5,441,0,0.5556,0.5011
CM00005904,2026-03-04,V00008335,10,3,98,1,0.3,0.363
CM00005905,2026-07-03,V00012182,13,3,37,1,0.2308,0.6491
CM00005906,2026-07-11,V00012225,7,3,46,1,0.4286,0.8519
CM00005907,2026-07-22,V00012015,8,3,156,1,0.375,0.7222
CM00005908,2026-04-01,V00000756,13,4,43,0,0.3077,0.7167
CM00005909,2026-04-17,V00008551,7,4,338,2,0.5714,0.506
CM00005910,2026-05-18,V00002987,11,5,76,0,0.4545,0.38
CM00005911,2026-03-19,V00000072,8,4,199,1,0.5,0.5293
CM00005912,2026-03-16,V00007893,5,0,0,0,0.0,0.0
CM00005913,2026-08-27,V00012431,13,5,258,2,0.3846,0.5609
CM00005914,2026-06-14,V00000712,10,3,181,0,0.3,0.7098
CM00005915,2026-04-25,V00003546,13,3,51,0,0.2308,0.3953
CM00005916,2026-07-09,V00014196,11,7,686,0,0.6364,0.6282
CM00005917,2026-03-15,V00005256,6,2,70,0,0.3333,0.625
CM00005918,2026-01-22,V00000137,11,2,98,0,0.1818,0.5213
CM00005919,2026-06-27,V00005553,5,4,454,1,0.8,0.8165
CM00005920,2026-05-26,V00004008,9,1,86,0,0.1111,0.835
CM00005921,2026-04-21,V00008238,7,1,77,0,0.1429,0.5704
CM00005922,2026-05-24,V00001338,6,4,579,0,0.6667,0.8224
CM00005923,2026-01-31,V00011868,8,3,14,1,0.375,0.1944
CM00005924,2026-06-22,V00012822,7,4,180,0,0.5714,0.6081
CM00005925,2026-04-19,V00014360,8,4,298,1,0.5,0.5913
CM00005926,2026-03-31,V00003907,10,2,289,0,0.2,0.85
CM00005927,2026-08-03,V00001602,13,4,95,0,0.3077,0.4847
CM00005928,2026-08-11,V00010480,11,5,322,2,0.4545,0.4701
CM00005929,2026-04-23,V00005277,7,3,245,1,0.4286,0.698
CM00005930,2026-08-27,V00013593,5,0,0,0,0.0,0.0
CM00005931,2026-08-02,V00001882,8,1,28,0,0.125,0.1628
CM00005932,2026-08-07,V00014911,12,5,522,0,0.4167,0.696
CM00005933,2026-03-14,V00000371,8,4,42,1,0.5,0.6562
CM00005934,2026-08-23,V00005031,11,5,454,0,0.4545,0.7965
CM00005935,2026-03-30,V00011545,8,3,293,0,0.375,0.6425
CM00005936,2026-08-23,V00010557,7,4,30,1,0.5714,0.8333
CM00005937,2026-07-12,V00006852,12,6,113,1,0.5,0.6726
CM00005938,2026-03-28,V00012489,15,6,121,0,0.4,0.2725
CM00005939,2026-07-25,V00009425,11,5,265,0,0.4545,0.5196
CM00005940,2026-02-13,V00000548,8,3,211,0,0.375,0.6828
CM00005941,2026-05-29,V00001760,10,2,118,0,0.2,0.3907
CM00005942,2026-05-09,V00005241,4,1,16,0,0.25,0.4
CM00005943,2026-01-15,V00013807,15,9,295,3,0.6,0.6974
CM00005944,2026-07-30,V00003772,7,3,42,0,0.4286,0.5385
CM00005945,2026-02-18,V00012577,8,4,294,0,0.5,0.4176
CM00005946,2026-08-26,V00001341,9,1,44,0,0.1111,0.4037
CM00005947,2026-02-20,V00002446,12,7,411,0,0.5833,0.6524
CM00005948,2026-08-19,V00010270,9,3,143,0,0.3333,0.5743
CM00005949,2026-04-03,V00011674,13,8,554,2,0.6154,0.4911
CM00005950,2026-04-30,V00013350,5,3,280,1,0.6,0.7843
CM00005951,2026-02-02,V00001576,10,1,69,0,0.1,0.5
CM00005952,2026-08-15,V00000984,10,6,634,2,0.6,0.6252
CM00005953,2026-08-13,V00006088,8,2,153,0,0.25,0.51
CM00005954,2026-02-12,V00004427,11,3,26,0,0.2727,0.2708
CM00005955,2026-04-02,V00013292,7,3,81,1,0.4286,0.3553
CM00005956,2026-03-12,V00011193,6,3,54,0,0.5,0.4
CM00005957,2026-05-02,V00013069,12,5,398,2,0.4167,0.9149
CM00005958,2026-02-26,V00006306,9,0,0,0,0.0,0.0
CM00005959,2026-08-25,V00011569,8,3,37,0,0.375,0.2624
CM00005960,2026-02-10,V00004392,10,1,66,0,0.1,0.6111
CM00005961,2026-02-27,V00008083,10,4,233,0,0.4,0.3329
CM00005962,2026-03-11,V00006953,9,3,28,0,0.3333,0.7179
CM00005963,2026-01-29,V00005859,11,3,173,1,0.2727,0.4688
CM00005964,2026-08-04,V00010344,9,5,203,0,0.5556,0.6444
CM00005965,2026-05-25,V00010705,9,5,92,1,0.5556,0.8
CM00005966,2026-08-22,V00002759,3,3,51,0,1.0,0.68
CM00005967,2026-05-26,V00007906,12,2,216,0,0.1667,0.7397
CM00005968,2026-05-01,V00001279,5,2,74,1,0.4,0.4111
CM00005969,2026-07-11,V00009272,5,2,170,1,0.4,0.9551
CM00005970,2026-06-12,V00008521,5,3,72,0,0.6,0.4211
CM00005971,2026-04-25,V00012358,4,0,0,0,0.0,0.0
CM00005972,2026-06-10,V00005812,11,6,534,1,0.5455,0.6593
CM00005973,2026-05-20,V00008910,9,2,232,1,0.2222,0.703
CM00005974,2026-07-16,V00003403,8,2,184,1,0.25,0.538
CM00005975,2026-05-30,V00011134,7,4,344,0,0.5714,0.7478
CM00005976,2026-05-07,V00010048,10,5,205,1,0.5,0.9111
CM00005977,2026-07-09,V00007484,11,2,147,0,0.1818,0.7206
CM00005978,2026-05-21,V00012873,4,0,0,0,0.0,0.0
CM00005979,2026-07-01,V00000361,13,4,56,1,0.3077,0.7368
CM00005980,2026-03-15,V00013962,9,2,75,0,0.2222,0.3947
CM00005981,2026-04-08,V00007452,5,2,37,0,0.4,0.2681
CM00005982,2026-03-21,V00002736,11,6,343,3,0.5455,0.8662
CM00005983,2026-07-20,V00005567,9,1,29,0,0.1111,0.617
CM00005984,2026-01-19,V00000630,10,4,52,0,0.4,0.5
CM00005985,2026-06-09,V00012169,13,3,216,0,0.2308,0.4091
CM00005986,2026-08-20,V00010954,9,8,963,1,0.8889,0.8477
CM00005987,2026-08-12,V00005448,9,4,252,0,0.4444,0.504
CM00005988,2026-03-05,V00010614,7,3,171,0,0.4286,0.5377
CM00005989,2026-06-30,V00003313,5,2,7,0,0.4,0.1944
CM00005990,2026-04-19,V00014909,11,1,93,0,0.0909,0.5407
CM00005991,2026-08-11,V00014143,10,4,306,1,0.4,0.9329
CM00005992,2026-08-23,V00006691,15,3,123,1,0.2,0.4141
CM00005993,2026-02-19,V00004267,7,2,48,0,0.2857,0.3429
CM00005994,2026-04-22,V00014713,7,3,166,1,0.4286,0.3739
CM00005995,2026-07-12,V00012473,5,2,32,0,0.4,1.0
CM00005996,2026-07-06,V00001933,6,2,19,1,0.3333,0.7308
CM00005997,2026-04-26,V00009916,10,5,68,0,0.5,0.2194
CM00005998,2026-05-23,V00008846,6,3,321,0,0.5,0.7926
CM00005999,2026-08-25,V00012386,12,5,171,0,0.4167,0.3717
CM00006000,2026-05-31,V00013538,9,3,289,0,0.3333,0.6981
CM00006001,2026-01-25,V00002069,14,5,198,2,0.3571,0.3118
CM00006002,2026-04-01,V00004460,13,4,151,0,0.3077,0.6864
CM00006003,2026-08-01,V00000592,12,1,4,0,0.0833,0.0267
CM00006004,2026-07-31,V00006926,9,7,156,0,0.7778,0.5865
CM00006005,2026-01-15,V00011363,9,0,0,0,0.0,0.0
CM00006006,2026-05-21,V00010059,7,3,153,0,0.4286,0.3806
CM00006007,2026-08-21,V00009463,8,3,179,1,0.375,0.7103
CM00006008,2026-07-25,V00003037,9,5,342,1,0.5556,0.7052
CM00006009,2026-07-18,V00009398,12,2,22,0,0.1667,0.1692
CM00006010,2026-07-23,V00011389,11,5,49,0,0.4545,0.3769
CM00006011,2026-02-06,V00010103,8,3,255,0,0.375,0.4913
CM00006012,2026-05-21,V00006038,4,2,45,0,0.5,0.3409
CM00006013,2026-07-22,V00004889,7,2,267,1,0.2857,0.9271
CM00006014,2026-02-10,V00000440,16,8,516,1,0.5,0.8165
CM00006015,2026-06-20,V00006948,5,4,413,0,0.8,0.9137
CM00006016,2026-07-23,V00009942,9,3,294,0,0.3333,0.8596
CM00006017,2026-08-22,V00006368,8,5,615,1,0.625,0.9248
CM00006018,2026-06-28,V00013367,12,3,140,0,0.25,0.5556
CM00006019,2026-05-25,V00005250,9,4,284,1,0.4444,0.5868
CM00006020,2026-03-30,V00012371,6,0,0,0,0.0,0.0
CM00006021,2026-06-21,V00004209,8,0,0,0,0.0,0.0
CM00006022,2026-01-27,V00003954,8,5,255,0,0.625,0.6623
CM00006023,2026-07-14,V00012567,10,4,119,1,0.4,0.5721
CM00006024,2026-08-28,V00004853,18,8,215,0,0.4444,0.3583
CM00006025,2026-08-05,V00006326,12,3,110,2,0.25,0.3216
CM00006026,2026-06-12,V00008072,10,3,115,0,0.3,0.2573
CM00006027,2026-03-23,V00002404,6,3,144,1,0.5,0.8421
CM00006028,2026-06-10,V00013488,8,4,334,0,0.5,0.6734
CM00006029,2026-08-26,V00000717,12,3,83,1,0.25,0.3144
CM00006030,2026-05-09,V00012849,8,2,73,0,0.25,0.4506
CM00006031,2026-08-27,V00011204,17,4,149,0,0.2353,0.2191
CM00006032,2026-01-22,V00003348,10,4,70,0,0.4,0.1902
CM00006033,2026-08-18,V00007594,10,3,361,0,0.3,0.7428
CM00006034,2026-03-01,V00004569,13,5,319,1,0.3846,0.9114
CM00006035,2026-03-22,V00007630,12,3,37,0,0.25,0.3162
CM00006036,2026-06-23,V00011947,7,2,176,0,0.2857,0.7586
CM00006037,2026-06-30,V00006291,14,7,660,4,0.5,0.7543
CM00006038,2026-07-21,V00001569,7,3,121,0,0.4286,0.6302
CM00006039,2026-03-15,V00014660,16,7,422,1,0.4375,0.8612
CM00006040,2026-07-28,V00009105,10,4,58,0,0.4,0.6304
CM00006041,2026-07-28,V00012044,11,1,17,1,0.0909,0.3036
CM00006042,2026-07-08,V00013003,8,2,149,1,0.25,0.5438
CM00006043,2026-05-14,V00008721,9,5,129,1,0.5556,0.2716
CM00006044,2026-08-28,V00012840,6,2,213,0,0.3333,0.8452
CM00006045,2026-05-08,V00001554,8,3,193,0,0.375,0.7751
CM00006046,2026-02-14,V00010835,9,2,9,1,0.2222,0.375
CM00006047,2026-02-22,V00005924,7,2,38,0,0.2857,0.9048
CM00006048,2026-06-12,V00010408,7,3,91,1,0.4286,0.3655
CM00006049,2026-08-20,V00007038,7,3,273,0,0.4286,0.7339
CM00006050,2026-04-15,V00012527,11,3,286,2,0.2727,0.5448
CM00006051,2026-04-11,V00000417,9,2,120,0,0.2222,0.6186
CM00006052,2026-02-02,V00010345,8,2,121,0,0.25,0.3805
CM00006053,2026-03-21,V00005166,8,6,550,0,0.75,0.8185
CM00006054,2026-08-19,V00002854,7,4,327,1,0.5714,0.8605
CM00006055,2026-06-30,V00014697,3,3,271,1,1.0,0.6452
CM00006056,2026-08-14,V00010295,14,5,139,1,0.3571,0.678
CM00006057,2026-03-12,V00001825,12,1,3,0,0.0833,0.0254
CM00006058,2026-08-01,V00001936,11,4,123,1,0.3636,0.4731
CM00006059,2026-06-24,V00013664,7,2,70,1,0.2857,0.4861
CM00006060,2026-06-06,V00010871,8,3,332,0,0.375,0.696
CM00006061,2026-02-23,V00013730,12,3,196,0,0.25,0.5886
CM00006062,2026-07-31,V00000084,11,3,265,0,0.2727,0.9107
CM00006063,2026-02-13,V00014156,7,1,29,0,0.1429,0.3919
CM00006064,2026-01-13,V00011122,5,1,126,0,0.2,1.0
CM00006065,2026-05-07,V00010712,14,1,40,0,0.0714,0.4762
CM00006066,2026-07-25,V00002228,16,11,1449,2,0.6875,0.7795
CM00006067,2026-06-15,V00012949,9,5,181,1,0.5556,0.787
CM00006068,2026-07-16,V00005587,8,5,668,1,0.625,0.8048
CM00006069,2026-02-12,V00002267,11,8,451,1,0.7273,0.5473
CM00006070,2026-07-05,V00004586,8,3,117,1,0.375,0.39
CM00006071,2026-02-20,V00008634,14,1,22,0,0.0714,0.3014
CM00006072,2026-03-07,V00000875,7,3,370,0,0.4286,0.9561
CM00006073,2026-06-06,V00004723,14,3,87,2,0.2143,0.5
CM00006074,2026-04-04,V00000243,11,7,320,0,0.6364,0.4482
CM00006075,2026-07-12,V00003761,8,4,494,1,0.5,0.7719
CM00006076,2026-04-11,V00005060,7,2,52,1,0.2857,0.7879
CM00006077,2026-04-11,V00005305,9,5,137,0,0.5556,0.7405
CM00006078,2026-08-21,V00013772,9,3,18,0,0.3333,0.6
CM00006079,2026-01-20,V00014609,7,3,386,0,0.4286,0.8301
CM00006080,2026-08-13,V00006817,9,3,265,0,0.3333,0.7681
CM00006081,2026-05-09,V00010372,10,3,272,0,0.3,0.5365
CM00006082,2026-01-30,V00005135,12,1,57,0,0.0833,0.3775
CM00006083,2026-08-23,V00013934,5,3,31,1,0.6,0.5439
CM00006084,2026-05-18,V00002316,13,7,749,2,0.5385,0.6446
CM00006085,2026-07-20,V00009124,12,4,125,1,0.3333,0.5896
CM00006086,2026-01-30,V00013549,7,3,68,1,0.4286,0.4928
CM00006087,2026-05-20,V00014993,18,7,457,0,0.3889,0.4132
CM00006088,2026-06-12,V00007180,11,3,61,0,0.2727,0.4841
CM00006089,2026-04-10,V00011650,7,2,39,0,0.2857,0.3824
CM00006090,2026-01-18,V00010794,12,5,179,1,0.4167,0.663
CM00006091,2026-01-11,V00011062,12,5,60,1,0.4167,0.2553
CM00006092,2026-05-19,V00001234,13,4,82,0,0.3077,0.4362
CM00006093,2026-06-29,V00001826,9,4,210,0,0.4444,0.5198
CM00006094,2026-07-18,V00006132,6,1,39,1,0.1667,0.269
CM00006095,2026-08-28,V00013016,13,5,140,1,0.3846,0.7778
CM00006096,2026-06-30,V00006985,8,6,284,0,0.75,0.6961
CM00006097,2026-04-25,V00000553,15,4,242,0,0.2667,0.8521
CM00006098,2026-06-12,V00009481,11,4,12,0,0.3636,0.375
CM00006099,2026-08-19,V00001051,9,2,49,0,0.2222,0.4016
CM00006100,2026-07-02,V00009856,9,4,165,0,0.4444,0.4853
CM00006101,2026-07-23,V00011732,10,4,162,0,0.4,0.4355
CM00006102,2026-07-20,V00013574,13,6,343,1,0.4615,0.4573
CM00006103,2026-05-27,V00003606,9,3,377,0,0.3333,0.706
CM00006104,2026-01-20,V00007262,8,1,55,0,0.125,0.7432
CM00006105,2026-06-29,V00006848,10,2,58,0,0.2,0.8788
CM00006106,2026-05-19,V00005129,3,0,0,0,0.0,0.0
CM00006107,2026-05-25,V00012578,8,2,134,1,0.25,0.6381
CM00006108,2026-02-23,V00012313,10,3,13,0,0.3,0.1548
CM00006109,2026-07-05,V00009328,7,2,35,0,0.2857,0.4167
CM00006110,2026-07-15,V00007303,7,1,41,0,0.1429,0.519
CM00006111,2026-08-02,V00014589,4,1,8,0,0.25,0.3333
CM00006112,2026-07-22,V00006767,8,3,112,0,0.375,0.2393
CM00006113,2026-08-16,V00007153,10,3,65,0,0.3,0.6566
CM00006114,2026-03-11,V00000633,10,5,375,0,0.5,0.8621
CM00006115,2026-06-09,V00007093,7,2,172,0,0.2857,0.8037
CM00006116,2026-05-28,V00002879,6,2,181,0,0.3333,0.5262
CM00006117,2026-01-07,V00008146,3,1,29,0,0.3333,0.5472
CM00006118,2026-07-27,V00011417,13,9,433,4,0.6923,0.6168
CM00006119,2026-07-14,V00002212,10,1,43,1,0.1,0.2739
CM00006120,2026-06-10,V00002419,10,1,11,0,0.1,0.1642
CM00006121,2026-06-22,V00014902,9,2,23,0,0.2222,0.6053
CM00006122,2026-06-28,V00003014,12,6,41,0,0.5,0.4881
CM00006123,2026-07-11,V00013423,10,3,247,1,0.3,0.5839
CM00006124,2026-06-24,V00002150,7,3,113,0,0.4286,0.7107
CM00006125,2026-05-12,V00008583,10,6,453,1,0.6,0.8207
CM00006126,2026-07-11,V00003285,3,0,0,0,0.0,0.0
CM00006127,2026-05-25,V00009386,8,3,170,0,0.375,0.8586
CM00006128,2026-08-05,V00009800,4,1,66,0,0.25,0.6408
CM00006129,2026-05-19,V00012537,7,2,181,0,0.2857,0.6033
CM00006130,2026-01-04,V00008956,10,1,2,0,0.1,0.0282
CM00006131,2026-05-04,V00007577,6,0,0,0,0.0,0.0
CM00006132,2026-08-18,V00005961,5,3,65,0,0.6,0.2708
CM00006133,2026-05-08,V00003340,9,3,50,1,0.3333,0.5952
CM00006134,2026-04-18,V00003709,10,1,98,0,0.1,0.7597
CM00006135,2026-01-09,V00000945,11,8,41,2,0.7273,0.5694
CM00006136,2026-04-30,V00014687,15,5,446,0,0.3333,0.7624
CM00006137,2026-08-11,V00006950,7,2,216,0,0.2857,1.0
CM00006138,2026-08-22,V00010766,11,4,109,0,0.3636,0.4395
CM00006139,2026-05-01,V00005874,12,4,283,1,0.3333,0.6206
CM00006140,2026-05-22,V00002803,9,7,47,1,0.7778,0.746
CM00006141,2026-08-04,V00008101,11,3,48,0,0.2727,0.4848
CM00006142,2026-08-23,V00001910,11,4,153,0,0.3636,0.75
CM00006143,2026-08-26,V00011888,11,7,339,0,0.6364,0.6918
CM00006144,2026-02-14,V00007823,9,3,413,0,0.3333,0.7912
CM00006145,2026-08-16,V00005413,8,3,16,0,0.375,0.2667
CM00006146,2026-07-13,V00014430,12,6,623,0,0.5,0.5769
CM00006147,2026-04-03,V00007238,13,3,27,1,0.2308,0.3913
CM00006148,2026-08-28,V00000474,4,1,24,0,0.25,0.5
CM00006149,2026-04-11,V00005767,10,1,13,0,0.1,0.1313
CM00006150,2026-03-23,V00012433,12,6,254,3,0.5,0.557
CM00006151,2026-05-28,V00014706,10,4,64,0,0.4,0.2424
CM00006152,2026-08-13,V00005316,12,2,198,0,0.1667,0.7444
CM00006153,2026-05-09,V00014670,11,6,84,1,0.5455,0.56
CM00006154,2026-01-20,V00000997,8,1,31,1,0.125,0.4429
CM00006155,2026-05-28,V00007309,9,3,92,2,0.3333,0.4646
CM00006156,2026-08-15,V00010016,9,1,21,0,0.1111,0.5122
CM00006157,2026-07-13,V00003798,7,3,41,0,0.4286,0.6212
CM00006158,2026-07-03,V00010851,8,1,50,0,0.125,0.3704
CM00006159,2026-01-05,V00001166,7,2,342,1,0.2857,0.95
CM00006160,2026-08-28,V00012509,8,4,306,1,0.5,0.6429
CM00006161,2026-08-08,V00006470,8,2,265,0,0.25,0.7571
CM00006162,2026-05-15,V00014784,19,8,761,1,0.4211,0.6795
CM00006163,2026-02-24,V00005351,7,2,76,1,0.2857,0.6333
CM00006164,2026-07-25,V00012456,13,2,2,0,0.1538,0.0833
CM00006165,2026-07-05,V00000368,8,3,11,0,0.375,0.1528
CM00006166,2026-05-02,V00000266,9,4,239,0,0.4444,0.5151
CM00006167,2026-04-01,V00012131,12,3,116,0,0.25,0.2544
CM00006168,2026-06-28,V00002048,6,2,187,0,0.3333,0.5772
CM00006169,2026-06-30,V00012716,6,1,71,0,0.1667,0.6174
CM00006170,2026-07-05,V00008447,14,5,61,0,0.3571,0.4519
CM00006171,2026-07-31,V00010675,8,1,4,0,0.125,0.0272
CM00006172,2026-08-22,V00012424,12,4,212,2,0.3333,0.5196
CM00006173,2026-06-19,V00003212,5,1,24,0,0.2,0.3636
CM00006174,2026-03-04,V00011992,11,4,121,1,0.3636,0.2677
CM00006175,2026-08-22,V00014345,10,3,356,1,0.3,0.7756
CM00006176,2026-06-30,V00007524,11,5,362,2,0.4545,0.5612
CM00006177,2026-03-06,V00008724,10,5,109,0,0.5,0.7267
CM00006178,2026-08-07,V00010971,6,2,225,0,0.3333,0.6818
CM00006179,2026-08-23,V00003116,8,1,87,0,0.125,0.8286
CM00006180,2026-07-13,V00013713,7,4,22,1,0.5714,0.4583
CM00006181,2026-08-02,V00010593,6,3,393,0,0.5,0.7798
CM00006182,2026-07-31,V00007331,9,2,203,0,0.2222,0.8458
CM00006183,2026-05-14,V00000839,10,3,344,0,0.3,0.9399
CM00006184,2026-04-23,V00000910,10,5,239,0,0.5,0.4979
CM00006185,2026-01-30,V00003058,9,6,496,0,0.6667,0.8889
CM00006186,2026-08-17,V00012215,10,4,345,1,0.4,0.5908
CM00006187,2026-08-07,V00002769,8,1,142,0,0.125,0.8765
CM00006188,2026-01-14,V00011273,15,7,524,0,0.4667,0.5504
CM00006189,2026-06-25,V00010259,14,3,52,0,0.2143,0.1204
CM00006190,2026-02-27,V00007607,8,2,139,0,0.25,0.7722
CM00006191,2026-01-26,V00014723,7,2,29,0,0.2857,0.8056
CM00006192,2026-02-27,V00012128,12,6,647,2,0.5,0.7758
CM00006193,2026-06-27,V00006392,13,5,368,1,0.3846,0.5795
CM00006194,2026-04-13,V00010047,12,6,496,0,0.5,0.5905
CM00006195,2026-06-20,V00012700,11,7,65,1,0.6364,0.7738
CM00006196,2026-07-25,V00003599,9,3,76,0,0.3333,0.4368
CM00006197,2026-05-15,V00005283,14,5,283,1,0.3571,0.6738
CM00006198,2026-03-26,V00003376,10,5,451,0,0.5,0.6221
CM00006199,2026-05-08,V00011427,6,1,28,0,0.1667,0.4242
CM00006200,2026-04-09,V00003902,13,3,55,1,0.2308,0.1072
CM00006201,2026-07-23,V00007113,12,4,186,0,0.3333,0.2835
CM00006202,2026-03-02,V00010946,4,2,24,0,0.5,0.2353
CM00006203,2026-02-08,V00009988,9,3,157,0,0.3333,0.5567
CM00006204,2026-05-07,V00010562,13,6,180,0,0.4615,0.566
CM00006205,2026-04-22,V00003005,7,2,69,0,0.2857,0.9324
CM00006206,2026-05-19,V00004325,10,5,637,3,0.5,0.745
CM00006207,2026-02-10,V00002859,9,4,162,1,0.4444,0.9419
CM00006208,2026-08-21,V00001570,12,4,352,0,0.3333,0.5946
CM00006209,2026-04-22,V00010979,5,3,70,0,0.6,0.4167
CM00006210,2026-05-15,V00004050,7,4,99,1,0.5714,0.6513
CM00006211,2026-07-11,V00003663,7,3,65,0,0.4286,0.5159
CM00006212,2026-05-24,V00008320,8,8,689,2,1.0,0.6574
CM00006213,2026-02-11,V00004032,11,4,78,1,0.3636,0.527
CM00006214,2026-08-10,V00006552,14,4,308,0,0.2857,0.713
CM00006215,2026-06-09,V00014503,14,5,570,1,0.3571,0.7037
CM00006216,2026-07-09,V00004845,12,3,46,0,0.25,0.1087
CM00006217,2026-01-24,V00010950,7,1,9,0,0.1429,0.1169
CM00006218,2026-03-21,V00003516,9,2,34,0,0.2222,0.5667
CM00006219,2026-01-08,V00012063,6,3,257,0,0.5,0.4786
CM00006220,2026-03-29,V00003980,13,4,112,0,0.3077,0.2373
CM00006221,2026-08-09,V00007731,9,2,102,0,0.2222,0.6145
CM00006222,2026-07-30,V00005385,15,8,869,1,0.5333,0.8486
CM00006223,2026-08-04,V00003470,12,3,310,1,0.25,0.7434
CM00006224,2026-07-19,V00005981,11,3,92,1,0.2727,0.1905
CM00006225,2026-05-06,V00006851,7,0,0,0,0.0,0.0
CM00006226,2026-03-20,V00001595,9,1,48,0,0.1111,0.3664
CM00006227,2026-06-12,V00014388,6,1,58,0,0.1667,0.4567
CM00006228,2026-02-07,V00012221,9,2,118,0,0.2222,0.596
CM00006229,2026-04-12,V00009162,6,1,40,0,0.1667,0.8
CM00006230,2026-02-17,V00009092,16,4,380,1,0.25,0.7917
CM00006231,2026-02-10,V00011741,9,2,52,0,0.2222,0.4
CM00006232,2026-01-19,V00003701,14,5,641,0,0.3571,0.8379
CM00006233,2026-06-26,V00009616,6,2,177,0,0.3333,0.6914
CM00006234,2026-08-07,V00010349,14,1,79,0,0.0714,0.7054
CM00006235,2026-06-13,V00004844,9,2,126,0,0.2222,0.4038
CM00006236,2026-07-26,V00013785,6,2,44,0,0.3333,0.4074
CM00006237,2026-06-18,V00009471,11,2,193,1,0.1818,0.6565
CM00006238,2026-07-04,V00014884,10,3,288,0,0.3,0.6575
CM00006239,2026-08-28,V00011158,4,1,14,0,0.25,0.4828
CM00006240,2026-02-05,V00005399,9,3,76,1,0.3333,0.5278
CM00006241,2026-07-19,V00007890,7,3,343,0,0.4286,0.6571
CM00006242,2026-06-10,V00005942,8,3,70,1,0.375,0.4321
CM00006243,2026-03-26,V00006811,9,5,559,1,0.5556,0.6316
CM00006244,2026-04-26,V00011257,3,3,104,1,1.0,0.642
CM00006245,2026-03-21,V00014744,7,4,238,2,0.5714,0.5777
CM00006246,2026-03-28,V00013446,5,2,146,0,0.4,0.5984
CM00006247,2026-08-24,V00012956,12,4,186,0,0.3333,0.4043
CM00006248,2026-04-18,V00002726,8,4,129,1,0.5,0.75
CM00006249,2026-08-18,V00002715,10,3,270,1,0.3,0.6207
CM00006250,2026-05-26,V00003947,6,3,195,0,0.5,0.5372
CM00006251,2026-02-19,V00001540,9,5,252,1,0.5556,0.8262
CM00006252,2026-02-08,V00002929,14,5,462,1,0.3571,0.8717
CM00006253,2026-08-16,V00011761,5,2,210,0,0.4,0.5899
CM00006254,2026-05-01,V00013737,10,1,8,0,0.1,0.1905
CM00006255,2026-04-20,V00013582,9,4,20,1,0.4444,0.4545
CM00006256,2026-07-11,V00000026,18,7,524,0,0.3889,0.4327
CM00006257,2026-05-07,V00003436,12,3,342,0,0.25,0.6552
CM00006258,2026-01-07,V00007828,12,6,93,1,0.5,0.4844
CM00006259,2026-08-11,V00011728,4,1,26,0,0.25,0.5417
CM00006260,2026-06-11,V00007826,7,2,109,0,0.2857,0.3494
CM00006261,2026-03-31,V00009599,10,2,33,0,0.2,0.1012
CM00006262,2026-06-29,V00006763,7,2,245,0,0.2857,0.7292
CM00006263,2026-04-28,V00004453,9,3,112,0,0.3333,0.7619
CM00006264,2026-08-10,V00002325,10,5,244,0,0.5,0.4319
CM00006265,2026-06-24,V00009839,6,1,16,0,0.1667,0.2105
CM00006266,2026-06-08,V00013551,8,0,0,0,0.0,0.0
CM00006267,2026-08-15,V00010591,10,4,23,1,0.4,0.4423
CM00006268,2026-03-05,V00010801,6,3,191,1,0.5,0.4421
CM00006269,2026-08-25,V00010736,8,4,120,0,0.5,0.7895
CM00006270,2026-05-25,V00006502,15,5,282,0,0.3333,0.9246
CM00006271,2026-08-28,V00012644,7,2,69,0,0.2857,0.3876
CM00006272,2026-01-18,V00005897,13,5,29,1,0.3846,0.725
CM00006273,2026-04-09,V00010756,12,4,270,1,0.3333,0.8882
CM00006274,2026-08-09,V00003829,11,3,178,0,0.2727,0.682
CM00006275,2026-08-16,V00010781,15,1,57,0,0.0667,0.4014
CM00006276,2026-06-29,V00007929,10,2,122,0,0.2,0.5126
CM00006277,2026-02-12,V00013411,9,5,460,1,0.5556,0.7302
CM00006278,2026-06-28,V00001577,11,1,73,1,0.0909,0.5252
CM00006279,2026-07-11,V00009633,12,2,23,1,0.1667,0.371
CM00006280,2026-05-14,V00008917,7,4,32,1,0.5714,0.3478
CM00006281,2026-04-25,V00004970,5,2,77,2,0.4,0.5274
CM00006282,2026-08-21,V00014128,12,3,243,0,0.25,0.551
CM00006283,2026-07-02,V00000832,8,2,89,0,0.25,0.3771
CM00006284,2026-05-04,V00012693,4,2,22,0,0.5,0.2245
CM00006285,2026-04-26,V00002708,11,3,179,1,0.2727,0.765
CM00006286,2026-08-02,V00000621,15,4,361,1,0.2667,0.6311
CM00006287,2026-06-11,V00014734,8,3,177,1,0.375,0.8551
CM00006288,2026-07-04,V00004969,10,5,238,0,0.5,0.9714
CM00006289,2026-07-18,V00000095,6,3,343,1,0.5,0.9449
CM00006290,2026-07-23,V00004777,11,4,122,0,0.3636,0.5865
CM00006291,2026-01-24,V00002078,6,3,223,0,0.5,0.6758
CM00006292,2026-03-01,V00012589,8,0,0,0,0.0,0.0
CM00006293,2026-05-08,V00011836,3,1,114,0,0.3333,0.95
CM00006294,2026-08-01,V00006643,3,1,18,1,0.3333,0.3462
CM00006295,2026-08-23,V00005835,9,4,313,0,0.4444,0.4801
CM00006296,2026-05-20,V00010042,3,3,91,0,1.0,0.3408
CM00006297,2026-01-29,V00001256,10,3,55,0,0.3,0.4825
CM00006298,2026-03-15,V00002343,14,5,253,1,0.3571,0.7552
CM00006299,2026-04-18,V00001266,12,4,202,0,0.3333,0.4676
CM00006300,2026-06-24,V00011068,3,1,158,0,0.3333,0.8876
CM00006301,2026-05-29,V00003429,7,4,92,1,0.5714,0.6765
CM00006302,2026-03-20,V00014442,11,5,495,1,0.4545,0.6188
CM00006303,2026-02-10,V00008809,4,2,189,0,0.5,0.587
CM00006304,2026-01-25,V00003918,12,5,555,0,0.4167,0.8409
CM00006305,2026-01-16,V00008346,8,3,228,0,0.375,0.6179
CM00006306,2026-06-04,V00007165,9,1,18,0,0.1111,0.1682
CM00006307,2026-01-22,V00004042,13,3,108,0,0.2308,0.7826
CM00006308,2026-08-26,V00003328,6,2,166,0,0.3333,0.4637
CM00006309,2026-04-06,V00004332,9,5,502,2,0.5556,0.8032
CM00006310,2026-05-05,V00009161,12,1,8,0,0.0833,0.2286
CM00006311,2026-08-17,V00013148,9,1,50,0,0.1111,0.463
CM00006312,2026-01-11,V00011457,7,3,110,1,0.4286,0.7639
CM00006313,2026-05-01,V00003030,9,4,103,2,0.4444,0.9904
CM00006314,2026-05-16,V00010797,8,3,128,0,0.375,0.3616
CM00006315,2026-06-22,V00001747,11,6,275,1,0.5455,0.4876
CM00006316,2026-06-15,V00010043,15,3,399,0,0.2,0.7557
CM00006317,2026-02-16,V00006304,6,3,235,0,0.5,0.6474
CM00006318,2026-01-10,V00001660,11,6,527,1,0.5455,0.4991
CM00006319,2026-03-12,V00006010,11,3,290,2,0.2727,0.593
CM00006320,2026-02-21,V00012642,13,8,875,2,0.6154,0.7292
CM00006321,2026-08-22,V00012474,8,0,0,0,0.0,0.0
CM00006322,2026-01-19,V00003385,11,5,41,0,0.4545,0.5467
CM00006323,2026-02-07,V00001542,14,5,362,1,0.3571,0.5527
CM00006324,2026-04-13,V00006558,9,6,153,0,0.6667,0.9107
CM00006325,2026-02-15,V00002962,4,2,50,0,0.5,0.8065
CM00006326,2026-06-25,V00008031,11,7,786,2,0.6364,0.7244
CM00006327,2026-07-30,V00000498,6,1,23,0,0.1667,0.46
CM00006328,2026-03-19,V00003620,7,5,331,0,0.7143,0.6365
CM00006329,2026-03-16,V00005551,5,3,200,0,0.6,0.939
CM00006330,2026-06-12,V00007269,20,7,777,0,0.35,0.6416
CM00006331,2026-07-24,V00007702,11,3,201,1,0.2727,0.5234
CM00006332,2026-02-15,V00003120,9,2,221,0,0.2222,0.6351
CM00006333,2026-06-23,V00005565,5,1,99,0,0.2,0.9519
CM00006334,2026-02-19,V00007860,10,3,28,1,0.3,0.549
CM00006335,2026-08-28,V00011072,11,6,608,1,0.5455,0.7917
CM00006336,2026-05-03,V00005899,11,3,93,0,0.2727,0.5
CM00006337,2026-03-01,V00011617,2,1,71,0,0.5,0.6893
CM00006338,2026-07-14,V00005116,15,6,411,2,0.4,0.5805
CM00006339,2026-05-10,V00005040,9,3,48,1,0.3333,0.5926
CM00006340,2026-03-08,V00006398,9,3,17,0,0.3333,0.4048
CM00006341,2026-08-13,V00003589,6,2,4,0,0.3333,0.2222
CM00006342,2026-08-24,V00001319,8,2,155,0,0.25,0.6513
CM00006343,2026-08-20,V00001471,7,2,139,0,0.2857,0.4399
CM00006344,2026-08-09,V00006216,12,4,39,0,0.3333,0.3145
CM00006345,2026-05-15,V00014320,11,2,221,0,0.1818,0.7782
CM00006346,2026-01-18,V00011793,12,7,632,1,0.5833,0.627
CM00006347,2026-01-15,V00000045,13,7,759,0,0.5385,0.6652
CM00006348,2026-07-13,V00009484,14,4,185,1,0.2857,0.373
CM00006349,2026-04-23,V00001716,11,6,709,1,0.5455,0.734
CM00006350,2026-04-30,V00001887,11,2,124,0,0.1818,0.4844
CM00006351,2026-07-12,V00010397,8,1,36,0,0.125,0.6429
CM00006352,2026-04-15,V00001845,10,4,79,0,0.4,0.4938
CM00006353,2026-04-14,V00003604,12,5,296,0,0.4167,0.7133
CM00006354,2026-08-11,V00003937,11,2,59,0,0.1818,0.4609
CM00006355,2026-07-04,V00012189,8,3,229,0,0.375,0.7484
CM00006356,2026-06-07,V00012372,5,1,106,0,0.2,0.6092
CM00006357,2026-07-13,V00000174,7,1,100,0,0.1429,0.7246
CM00006358,2026-07-22,V00006229,10,4,141,0,0.4,0.4638
CM00006359,2026-05-05,V00003496,11,3,223,1,0.2727,0.6464
CM00006360,2026-03-23,V00006799,11,3,271,0,0.2727,0.5314
CM00006361,2026-07-15,V00002957,7,5,106,0,0.7143,0.5436
CM00006362,2026-07-15,V00011208,9,5,297,1,0.5556,0.4752
CM00006363,2026-06-16,V00007463,10,5,408,0,0.5,0.6044
CM00006364,2026-06-11,V00003312,6,2,153,0,0.3333,0.4665
CM00006365,2026-07-18,V00010517,15,7,512,1,0.4667,0.9259
CM00006366,2026-03-04,V00002361,9,3,113,1,0.3333,0.428
CM00006367,2026-08-06,V00002485,3,2,78,0,0.6667,0.39
CM00006368,2026-08-28,V00010003,16,5,282,0,0.3125,0.613
CM00006369,2026-01-29,V00012586,10,2,82,0,0.2,0.2611
CM00006370,2026-01-30,V00013824,9,4,361,0,0.4444,0.7459
CM00006371,2026-07-14,V00014601,13,1,85,0,0.0769,0.6391
CM00006372,2026-01-16,V00001836,6,1,91,0,0.1667,0.5515
CM00006373,2026-05-15,V00001331,5,1,53,0,0.2,1.0
CM00006374,2026-08-28,V00008918,9,3,167,0,0.3333,0.4185
CM00006375,2026-05-24,V00005215,7,4,231,0,0.5714,0.4038
CM00006376,2026-08-20,V00012729,10,5,518,1,0.5,0.7348
CM00006377,2026-04-27,V00006810,16,5,393,1,0.3125,0.5955
CM00006378,2026-08-23,V00001565,12,6,398,0,0.5,0.8189
CM00006379,2026-01-18,V00002161,13,5,549,0,0.3846,0.7369
CM00006380,2026-03-08,V00006935,10,4,163,0,0.4,0.6082
CM00006381,2026-01-13,V00012675,5,2,36,1,0.4,0.75
CM00006382,2026-07-23,V00009170,8,2,133,0,0.25,0.4156
CM00006383,2026-03-20,V00004713,8,3,13,1,0.375,0.3611
CM00006384,2026-07-24,V00001763,13,9,296,1,0.6923,0.8022
CM00006385,2026-07-28,V00005062,15,10,1046,1,0.6667,0.6792
CM00006386,2026-05-06,V00009511,9,3,205,0,0.3333,0.5467
CM00006387,2026-06-29,V00006104,12,5,561,1,0.4167,0.8436
CM00006388,2026-05-28,V00002114,5,3,49,0,0.6,0.4414
CM00006389,2026-03-16,V00006009,9,6,237,1,0.6667,0.4593
CM00006390,2026-08-23,V00013534,12,6,292,0,0.5,0.4679
CM00006391,2026-05-11,V00014526,15,8,754,0,0.5333,0.6637
CM00006392,2026-01-05,V00009945,11,3,218,0,0.2727,0.7195
CM00006393,2026-06-15,V00001414,8,2,37,0,0.25,0.3854
CM00006394,2026-06-14,V00010022,8,1,17,0,0.125,0.7083
CM00006395,2026-08-01,V00013899,5,2,205,0,0.4,0.8071
CM00006396,2026-08-27,V00003382,7,3,188,0,0.4286,0.4043
CM00006397,2026-06-14,V00014371,8,4,22,0,0.5,0.55
CM00006398,2026-08-18,V00013623,10,5,537,0,0.5,0.7113
CM00006399,2026-08-23,V00013487,9,4,151,0,0.4444,0.4016
CM00006400,2026-05-17,V00006463,8,2,230,0,0.25,0.6647
CM00006401,2026-08-20,V00011602,14,4,246,2,0.2857,0.82
CM00006402,2026-07-04,V00013749,7,2,110,0,0.2857,0.7639
CM00006403,2026-06-02,V00006449,9,1,18,0,0.1111,0.5294
CM00006404,2026-05-16,V00002064,6,0,0,0,0.0,0.0
CM00006405,2026-08-15,V00013311,5,2,78,2,0.4,0.7959
CM00006406,2026-02-17,V00014809,12,5,64,3,0.4167,0.7111
CM00006407,2026-07-26,V00013901,8,3,210,0,0.375,0.4167
CM00006408,2026-08-06,V00005271,8,3,124,0,0.375,0.6359
CM00006409,2026-06-28,V00006787,11,3,188,1,0.2727,0.4123
CM00006410,2026-06-07,V00007277,17,8,87,1,0.4706,0.4728
CM00006411,2026-01-13,V00004400,9,4,350,0,0.4444,0.6119
CM00006412,2026-08-14,V00000389,8,4,393,2,0.5,0.7616
CM00006413,2026-08-04,V00001498,11,3,344,0,0.2727,0.6908
CM00006414,2026-08-18,V00002149,8,5,690,2,0.625,0.7797
CM00006415,2026-03-01,V00005257,9,3,274,1,0.3333,0.6524
CM00006416,2026-01-29,V00014647,13,5,137,1,0.3846,0.3753
CM00006417,2026-03-13,V00006774,16,7,384,0,0.4375,0.3757
CM00006418,2026-06-26,V00012887,8,2,129,0,0.25,0.4674
CM00006419,2026-02-12,V00010507,13,0,0,0,0.0,0.0
CM00006420,2026-04-10,V00009537,20,11,316,1,0.55,0.8449
CM00006421,2026-04-11,V00013027,12,4,54,1,0.3333,0.587
CM00006422,2026-07-31,V00001457,6,3,120,0,0.5,0.6667
CM00006423,2026-07-18,V00007664,11,4,91,1,0.3636,0.4375
CM00006424,2026-08-27,V00014177,14,3,41,0,0.2143,0.2971
CM00006425,2026-07-06,V00001878,12,2,145,0,0.1667,0.5106
CM00006426,2026-06-22,V00013182,6,1,18,0,0.1667,0.7826
CM00006427,2026-08-07,V00012843,13,6,135,3,0.4615,0.6429
CM00006428,2026-08-24,V00006836,6,1,58,0,0.1667,1.0
CM00006429,2026-04-02,V00000704,10,5,123,1,0.5,0.7029
CM00006430,2026-05-22,V00004772,9,3,222,0,0.3333,0.4837
CM00006431,2026-03-08,V00013752,11,6,114,0,0.5455,0.5429
CM00006432,2026-02-02,V00013089,15,5,96,1,0.3333,0.3048
CM00006433,2026-03-11,V00003522,5,1,63,1,0.2,0.4172
CM00006434,2026-06-20,V00002825,9,5,386,0,0.5556,0.7148
CM00006435,2026-03-21,V00012823,15,5,185,0,0.3333,0.6981
CM00006436,2026-04-04,V00002037,11,3,23,0,0.2727,0.1783
CM00006437,2026-08-15,V00000172,10,3,254,0,0.3,0.672
CM00006438,2026-08-19,V00005760,12,6,127,0,0.5,0.756
CM00006439,2026-01-25,V00001310,7,2,242,1,0.2857,1.0
CM00006440,2026-01-20,V00012511,13,2,141,0,0.1538,0.4638
CM00006441,2026-01-27,V00004523,16,3,69,0,0.1875,0.5349
CM00006442,2026-07-29,V00009968,8,2,40,0,0.25,0.4444
CM00006443,2026-05-28,V00013041,12,5,95,0,0.4167,0.4872
CM00006444,2026-01-20,V00004696,12,2,39,0,0.1667,0.4239
CM00006445,2026-08-26,V00007632,8,3,151,0,0.375,0.4339
CM00006446,2026-04-02,V00013033,7,2,144,0,0.2857,0.5806
CM00006447,2026-01-22,V00014958,7,6,414,0,0.8571,0.7419
CM00006448,2026-03-09,V00010387,9,4,410,0,0.4444,0.5758
CM00006449,2026-02-19,V00011118,10,3,51,2,0.3,0.2576
CM00006450,2026-02-24,V00002689,5,2,247,0,0.4,0.753
CM00006451,2026-08-20,V00014329,13,3,18,0,0.2308,0.6
CM00006452,2026-05-29,V00010165,7,3,108,2,0.4286,0.25
CM00006453,2026-05-12,V00008861,9,3,51,0,0.3333,0.5484
CM00006454,2026-06-19,V00010170,12,1,27,0,0.0833,0.1824
CM00006455,2026-02-25,V00012384,7,1,3,1,0.1429,0.0268
CM00006456,2026-08-13,V00004607,8,2,70,0,0.25,0.3608
CM00006457,2026-05-30,V00008697,10,5,306,0,0.5,0.7463
CM00006458,2026-08-01,V00002591,8,1,102,0,0.125,0.816
CM00006459,2026-06-12,V00001839,7,2,13,0,0.2857,0.4062
CM00006460,2026-01-11,V00005187,6,2,167,2,0.3333,0.7591
CM00006461,2026-08-15,V00004701,7,2,86,0,0.2857,0.6515
CM00006462,2026-03-09,V00006134,9,0,0,0,0.0,0.0
CM00006463,2026-02-07,V00003942,12,3,356,0,0.25,0.6629
CM00006464,2026-01-22,V00014391,8,1,1,0,0.125,0.02
CM00006465,2026-06-01,V00009905,13,5,288,1,0.3846,0.9143
CM00006466,2026-07-27,V00011275,6,3,82,1,0.5,0.5467
CM00006467,2026-08-22,V00003624,16,5,126,0,0.3125,0.3877
CM00006468,2026-03-14,V00007377,9,2,170,0,0.2222,0.6538
CM00006469,2026-03-26,V00000721,14,2,193,1,0.1429,0.6433
CM00006470,2026-07-14,V00009001,7,0,0,0,0.0,0.0
CM00006471,2026-05-05,V00010573,9,6,105,1,0.6667,0.3804
CM00006472,2026-05-08,V00010726,13,6,745,0,0.4615,0.7347
CM00006473,2026-06-06,V00010073,5,1,112,0,0.2,0.7226
CM00006474,2026-07-03,V00012000,6,3,55,0,0.5,0.679
CM00006475,2026-05-05,V00000624,13,8,177,0,0.6154,0.4175
CM00006476,2026-08-27,V00002156,4,1,77,0,0.25,0.5923
CM00006477,2026-03-06,V00005388,12,4,315,2,0.3333,0.7721
CM00006478,2026-08-14,V00013139,13,4,398,1,0.3077,0.6297
CM00006479,2026-08-28,V00007098,5,3,196,0,0.6,0.4804
CM00006480,2026-08-13,V00007077,11,4,67,0,0.3636,0.5583
CM00006481,2026-05-27,V00002347,8,2,64,0,0.25,0.64
CM00006482,2026-07-09,V00009653,11,3,27,1,0.2727,0.75
CM00006483,2026-08-21,V00011589,5,0,0,0,0.0,0.0
CM00006484,2026-08-21,V00005978,9,1,78,0,0.1111,0.75
CM00006485,2026-01-05,V00004447,6,1,2,0,0.1667,0.0408
CM00006486,2026-08-17,V00006488,9,3,318,0,0.3333,0.7465
CM00006487,2026-07-22,V00003193,5,1,3,0,0.2,0.027
CM00006488,2026-08-05,V00007872,9,6,360,0,0.6667,0.7895
CM00006489,2026-03-17,V00003736,12,5,275,0,0.4167,0.3333
CM00006490,2026-07-14,V00012908,7,3,61,0,0.4286,0.1799
CM00006491,2026-03-02,V00000112,11,3,104,0,0.2727,0.619
CM00006492,2026-07-22,V00007214,9,4,234,1,0.4444,0.6223
CM00006493,2026-03-25,V00004278,11,7,97,1,0.6364,0.5543
CM00006494,2026-08-28,V00004552,13,4,335,0,0.3077,0.5138
CM00006495,2026-06-25,V00012607,14,3,94,0,0.2143,0.323
CM00006496,2026-07-14,V00012518,14,5,151,0,0.3571,0.4646
CM00006497,2026-07-15,V00007880,9,1,27,0,0.1111,0.3913
CM00006498,2026-05-28,V00000983,5,1,41,0,0.2,0.4607
CM00006499,2026-06-17,V00008304,9,2,78,0,0.2222,0.4875
CM00006500,2026-06-06,V00005210,8,3,401,0,0.375,0.8971
CM00006501,2026-08-03,V00013702,9,2,87,0,0.2222,0.3625
CM00006502,2026-05-01,V00009636,5,3,28,0,0.6,0.3733
CM00006503,2026-04-03,V00009964,9,2,77,1,0.2222,0.5347
CM00006504,2026-03-07,V00014803,8,2,67,0,0.25,0.7283
CM00006505,2026-08-15,V00014204,10,3,74,0,0.3,0.3122
CM00006506,2026-06-20,V00004362,10,4,226,2,0.4,0.8433
CM00006507,2026-07-19,V00014967,9,3,49,0,0.3333,0.6049
CM00006508,2026-07-20,V00014109,6,3,93,0,0.5,0.378
CM00006509,2026-07-22,V00014680,14,3,194,0,0.2143,0.3849
CM00006510,2026-08-27,V00002174,7,1,113,0,0.1429,0.8898
CM00006511,2026-04-09,V00014447,8,5,246,2,0.625,0.6474
CM00006512,2026-03-25,V00003914,13,5,572,1,0.3846,0.6769
CM00006513,2026-07-12,V00001437,7,0,0,0,0.0,0.0
CM00006514,2026-07-10,V00009498,12,2,132,0,0.1667,0.44
CM00006515,2026-03-30,V00010841,7,3,74,0,0.4286,0.5248
CM00006516,2026-03-06,V00011140,12,4,209,2,0.3333,0.5332
CM00006517,2026-05-19,V00013043,11,5,350,2,0.4545,0.4861
CM00006518,2026-04-21,V00009452,5,2,319,0,0.4,0.9382
CM00006519,2026-08-18,V00011678,14,5,36,1,0.3571,0.2571
CM00006520,2026-04-25,V00006925,11,1,63,1,0.0909,0.352
CM00006521,2026-01-29,V00007347,8,2,33,0,0.25,0.75
CM00006522,2026-05-28,V00007944,7,3,357,0,0.4286,0.7346
CM00006523,2026-08-23,V00012351,10,6,271,1,0.6,0.6104
CM00006524,2026-04-05,V00007829,9,2,240,0,0.2222,0.75
CM00006525,2026-06-08,V00012821,10,3,142,1,0.3,0.6147
CM00006526,2026-04-01,V00014460,5,3,414,1,0.6,0.7931
CM00006527,2026-05-18,V00000441,16,5,99,1,0.3125,0.6828
CM00006528,2026-05-20,V00009594,8,4,468,2,0.5,0.8731
CM00006529,2026-07-23,V00012598,5,1,7,0,0.2,0.3889
CM00006530,2026-06-15,V00009454,5,2,146,0,0.4,0.6636
CM00006531,2026-05-12,V00009744,14,6,284,0,0.4286,0.7065
CM00006532,2026-05-14,V00008802,9,5,217,1,0.5556,0.7614
CM00006533,2026-01-23,V00011760,7,1,81,0,0.1429,0.45
CM00006534,2026-03-16,V00003272,6,0,0,0,0.0,0.0
CM00006535,2026-04-22,V00014506,12,1,52,0,0.0833,0.5417
CM00006536,2026-02-15,V00010435,13,4,137,0,0.3077,0.3231
CM00006537,2026-03-11,V00004438,9,4,176,0,0.4444,0.7097
CM00006538,2026-08-27,V00001065,11,2,13,0,0.1818,0.0823
CM00006539,2026-01-06,V00013708,7,2,208,0,0.2857,0.6118
CM00006540,2026-04-20,V00012525,2,0,0,0,0.0,0.0
CM00006541,2026-04-01,V00009228,4,2,124,0,0.5,0.5586
CM00006542,2026-02-20,V00003060,8,3,333,1,0.375,0.7115
CM00006543,2026-02-21,V00014875,10,3,136,1,0.3,0.4159
CM00006544,2026-07-28,V00003796,9,4,530,0,0.4444,0.8079
CM00006545,2026-07-06,V00014178,3,0,0,0,0.0,0.0
CM00006546,2026-05-28,V00005377,11,1,11,0,0.0909,0.2895
CM00006547,2026-08-18,V00006603,7,4,81,0,0.5714,0.4219
CM00006548,2026-02-28,V00002213,10,7,529,0,0.7,0.6629
CM00006549,2026-04-23,V00008237,8,2,153,1,0.25,0.4474
CM00006550,2026-04-14,V00002031,11,5,333,0,0.4545,0.444
CM00006551,2026-08-02,V00007747,8,5,530,0,0.625,0.6709
CM00006552,2026-03-01,V00010217,12,3,192,0,0.25,0.5714
CM00006553,2026-01-09,V00014592,8,4,208,0,0.5,0.7324
CM00006554,2026-01-27,V00008419,8,3,337,0,0.375,0.7065
CM00006555,2026-02-04,V00003449,4,3,352,1,0.75,0.8263
CM00006556,2026-06-11,V00009260,10,5,390,0,0.5,0.4845
CM00006557,2026-05-18,V00014677,7,4,417,1,0.5714,0.7394
CM00006558,2026-03-02,V00004059,15,6,316,1,0.4,0.7215
CM00006559,2026-01-08,V00009875,10,5,520,0,0.5,0.6842
CM00006560,2026-06-20,V00008166,8,1,82,0,0.125,0.5125
CM00006561,2026-06-02,V00001322,7,0,0,0,0.0,0.0
CM00006562,2026-04-19,V00012253,9,4,52,0,0.4444,0.619
CM00006563,2026-06-14,V00000326,8,2,21,0,0.25,0.2561
CM00006564,2026-04-05,V00002205,9,2,59,0,0.2222,0.2021
CM00006565,2026-07-02,V00001828,6,0,0,0,0.0,0.0
CM00006566,2026-08-13,V00008105,10,4,388,1,0.4,0.669
CM00006567,2026-08-04,V00014864,6,2,178,0,0.3333,0.7008
CM00006568,2026-07-23,V00012423,7,2,50,0,0.2857,0.5102
CM00006569,2026-02-16,V00002617,11,3,330,0,0.2727,0.7692
CM00006570,2026-04-19,V00005802,13,5,264,0,0.3846,0.5617
CM00006571,2026-07-16,V00005012,8,3,286,2,0.375,0.6072
CM00006572,2026-05-23,V00014655,5,1,59,0,0.2,0.3758
CM00006573,2026-07-01,V00004783,8,2,109,0,0.25,0.6488
CM00006574,2026-05-12,V00006135,10,4,316,0,0.4,0.5
CM00006575,2026-03-29,V00011411,8,4,380,0,0.5,0.669
CM00006576,2026-04-14,V00002166,10,8,572,0,0.8,0.5336
CM00006577,2026-06-15,V00014604,14,5,100,1,0.3571,0.4651
CM00006578,2026-06-12,V00006664,7,2,259,0,0.2857,0.7573
CM00006579,2026-08-16,V00006428,14,3,135,0,0.2143,0.3435
CM00006580,2026-02-15,V00013343,12,5,144,1,0.4167,0.6
CM00006581,2026-04-14,V00000772,8,4,335,1,0.5,0.5234
CM00006582,2026-02-06,V00013444,10,5,414,0,0.5,0.5831
CM00006583,2026-02-01,V00006618,8,4,203,1,0.5,0.7049
CM00006584,2026-02-10,V00012320,8,2,114,1,0.25,0.3239
CM00006585,2026-08-23,V00000871,8,3,376,1,0.375,0.7329
CM00006586,2026-06-08,V00011698,6,0,0,0,0.0,0.0
CM00006587,2026-03-01,V00013072,9,5,200,0,0.5556,0.7143
CM00006588,2026-08-23,V00009539,3,0,0,0,0.0,0.0
CM00006589,2026-07-09,V00000967,11,7,658,0,0.6364,0.8174
CM00006590,2026-07-23,V00010411,13,1,62,0,0.0769,0.3851
CM00006591,2026-02-06,V00002339,15,9,1394,1,0.6,0.8751
CM00006592,2026-07-17,V00001499,9,5,517,2,0.5556,0.6462
CM00006593,2026-07-05,V00004245,15,6,403,2,0.4,0.707
CM00006594,2026-08-25,V00000177,5,0,0,0,0.0,0.0
CM00006595,2026-07-22,V00010244,6,2,87,1,0.3333,0.5959
CM00006596,2026-02-07,V00002274,6,1,153,0,0.1667,0.9745
CM00006597,2026-05-03,V00003757,10,8,897,0,0.8,0.8306
CM00006598,2026-01-01,V00007483,12,4,32,0,0.3333,0.5714
CM00006599,2026-02-21,V00013885,10,3,167,0,0.3,0.5922
CM00006600,2026-05-17,V00006742,3,0,0,0,0.0,0.0
CM00006601,2026-07-03,V00001810,5,2,78,0,0.4,0.312
CM00006602,2026-04-24,V00003501,10,5,225,1,0.5,0.5357
CM00006603,2026-08-25,V00003434,10,2,76,0,0.2,0.5588
CM00006604,2026-05-12,V00008642,10,7,263,0,0.7,0.9164
CM00006605,2026-04-27,V00012629,9,5,55,1,0.5556,0.6471
CM00006606,2026-08-03,V00006468,7,3,28,0,0.4286,0.6222
CM00006607,2026-04-09,V00008954,12,5,210,0,0.4167,0.4941
CM00006608,2026-02-11,V00000141,11,4,343,1,0.3636,0.5427
CM00006609,2026-01-10,V00014043,12,0,0,0,0.0,0.0
CM00006610,2026-01-01,V00008987,4,0,0,0,0.0,0.0
CM00006611,2026-01-08,V00013050,10,2,52,0,0.2,0.7879
CM00006612,2026-08-09,V00011974,8,5,93,0,0.625,0.3957
CM00006613,2026-05-04,V00001416,7,5,336,0,0.7143,0.4667
CM00006614,2026-02-19,V00004277,15,8,580,2,0.5333,0.6092
CM00006615,2026-07-26,V00011416,17,5,352,1,0.2941,0.8381
CM00006616,2026-08-22,V00000937,10,1,3,0,0.1,0.0244
CM00006617,2026-08-10,V00008862,7,5,438,2,0.7143,0.6687
CM00006618,2026-02-25,V00001257,8,1,6,0,0.125,0.0714
CM00006619,2026-03-27,V00002816,12,2,72,1,0.1667,0.2812
CM00006620,2026-01-27,V00006998,6,4,275,0,0.6667,0.9291
CM00006621,2026-08-13,V00001061,11,5,377,1,0.4545,0.6557
CM00006622,2026-01-24,V00008112,12,4,196,1,0.3333,0.7
CM00006623,2026-08-25,V00010249,15,7,852,0,0.4667,0.716
CM00006624,2026-03-28,V00009898,3,0,0,0,0.0,0.0
CM00006625,2026-07-04,V00010209,11,1,15,0,0.0909,0.1471
CM00006626,2026-08-21,V00003581,12,6,108,0,0.5,0.6429
CM00006627,2026-07-03,V00013828,12,1,30,0,0.0833,0.7895
CM00006628,2026-08-23,V00000906,12,4,70,1,0.3333,0.5645
CM00006629,2026-07-24,V00011265,7,2,130,0,0.2857,0.6842
CM00006630,2026-03-09,V00004229,9,5,217,0,0.5556,0.434
CM00006631,2026-06-06,V00013229,10,3,265,0,0.3,0.5662
CM00006632,2026-02-10,V00012277,12,5,370,0,0.4167,0.5248
CM00006633,2026-06-26,V00013998,6,3,9,0,0.5,0.03
CM00006634,2026-07-18,V00011601,10,4,71,1,0.4,0.6339
CM00006635,2026-02-03,V00009500,8,2,40,0,0.25,0.3636
CM00006636,2026-07-28,V00009384,6,3,184,0,0.5,0.9735
CM00006637,2026-01-20,V00002102,9,4,25,0,0.4444,0.7812
CM00006638,2026-03-04,V00006015,11,5,340,1,0.4545,0.7234
CM00006639,2026-07-14,V00005970,11,3,212,1,0.2727,0.397
CM00006640,2026-07-02,V00010711,7,3,157,0,0.4286,0.7269
CM00006641,2026-05-26,V00000298,8,3,147,0,0.375,0.7903
CM00006642,2026-07-01,V00007721,9,3,273,0,0.3333,0.5948
CM00006643,2026-08-16,V00010221,12,4,279,0,0.3333,0.7342
CM00006644,2026-07-28,V00005675,15,6,67,1,0.4,0.5583
CM00006645,2026-07-15,V00001182,11,6,170,0,0.5455,0.5556
CM00006646,2026-07-17,V00009218,6,3,178,1,0.5,0.8018
CM00006647,2026-02-27,V00000981,6,4,503,1,0.6667,0.7762
CM00006648,2026-08-15,V00004171,9,3,57,0,0.3333,0.6129
CM00006649,2026-05-01,V00002573,8,4,411,1,0.5,0.7392
CM00006650,2026-03-04,V00004902,6,2,216,0,0.3333,0.806
CM00006651,2026-08-18,V00007195,5,1,31,0,0.2,0.1879
CM00006652,2026-08-08,V00009034,6,1,25,0,0.1667,0.5102
CM00006653,2026-08-08,V00000961,8,2,94,0,0.25,0.3431
CM00006654,2026-03-16,V00001827,9,4,328,0,0.4444,0.7321
CM00006655,2026-06-26,V00006888,8,5,136,0,0.625,0.7351
CM00006656,2026-07-30,V00001532,6,2,75,0,0.3333,0.4261
CM00006657,2026-04-17,V00007968,9,3,407,0,0.3333,0.9229
CM00006658,2026-03-25,V00008441,7,1,18,0,0.1429,0.6
CM00006659,2026-01-15,V00005608,8,4,192,0,0.5,0.375
CM00006660,2026-07-20,V00010724,10,2,44,1,0.2,0.3929
CM00006661,2026-07-23,V00008012,9,3,250,1,0.3333,0.6831
CM00006662,2026-01-08,V00003159,9,3,30,0,0.3333,0.4348
CM00006663,2026-08-10,V00007206,10,4,289,1,0.4,0.8305
CM00006664,2026-02-04,V00002358,10,3,82,0,0.3,0.2377
CM00006665,2026-05-26,V00007687,12,5,398,1,0.4167,0.8292
CM00006666,2026-01-10,V00012684,8,3,270,0,0.375,0.8182
CM00006667,2026-03-29,V00013884,13,6,718,1,0.4615,0.7925
CM00006668,2026-08-15,V00014799,17,7,498,0,0.4118,0.6296
CM00006669,2026-05-31,V00011513,13,5,109,0,0.3846,0.2422
CM00006670,2026-05-21,V00013622,7,3,36,0,0.4286,0.4615
CM00006671,2026-06-09,V00005404,10,5,520,1,0.5,0.8387
CM00006672,2026-08-22,V00007970,9,3,192,0,0.3333,0.6882
CM00006673,2026-05-21,V00008082,7,1,52,0,0.1429,0.7647
CM00006674,2026-08-20,V00009541,8,3,71,2,0.375,0.3641
CM00006675,2026-07-23,V00010850,8,5,60,1,0.625,0.2609
CM00006676,2026-07-01,V00002966,10,4,9,2,0.4,0.2812
CM00006677,2026-08-01,V00006856,10,6,610,0,0.6,0.7644
CM00006678,2026-01-07,V00007537,7,1,20,0,0.1429,0.4082
CM00006679,2026-08-13,V00010657,9,1,111,1,0.1111,0.8222
CM00006680,2026-05-26,V00008632,5,2,81,1,0.4,0.488
CM00006681,2026-03-14,V00011819,10,6,468,0,0.6,0.6047
CM00006682,2026-04-24,V00002858,9,5,638,1,0.5556,0.7975
CM00006683,2026-04-16,V00011248,14,9,304,2,0.6429,0.6496
CM00006684,2026-07-27,V00002571,9,2,169,1,0.2222,0.7161
CM00006685,2026-01-11,V00009602,6,1,117,0,0.1667,0.7222
CM00006686,2026-08-07,V00006504,6,4,97,1,0.6667,0.1757
CM00006687,2026-06-25,V00000515,16,4,179,0,0.25,0.5085
CM00006688,2026-07-17,V00001232,8,2,188,0,0.25,0.5497
CM00006689,2026-07-15,V00012124,9,2,55,0,0.2222,0.2926
CM00006690,2026-08-14,V00003637,7,3,149,1,0.4286,0.7095
CM00006691,2026-05-02,V00013486,14,9,1162,2,0.6429,0.9424
CM00006692,2026-07-26,V00011432,8,3,73,0,0.375,0.7849
CM00006693,2026-05-10,V00006932,7,1,75,0,0.1429,0.4464
CM00006694,2026-07-15,V00001694,10,5,377,1,0.5,0.6855
CM00006695,2026-02-13,V00005125,5,0,0,0,0.0,0.0
CM00006696,2026-04-23,V00011099,7,3,28,2,0.4286,0.3733
CM00006697,2026-05-05,V00003767,10,2,33,0,0.2,0.4714
CM00006698,2026-08-06,V00014337,7,4,326,1,0.5714,0.9477
CM00006699,2026-03-23,V00001508,7,1,4,0,0.1429,0.087
CM00006700,2026-02-08,V00002147,9,6,67,1,0.6667,0.4855
CM00006701,2026-08-15,V00004030,6,2,121,1,0.3333,0.5216
CM00006702,2026-04-15,V00006707,12,2,51,0,0.1667,0.6892
CM00006703,2026-07-24,V00004064,11,2,186,0,0.1818,0.6
CM00006704,2026-07-28,V00000453,7,4,327,1,0.5714,0.687
CM00006705,2026-01-10,V00005633,11,2,23,1,0.1818,0.4792
CM00006706,2026-02-28,V00011391,18,7,494,1,0.3889,0.5429
CM00006707,2026-02-28,V00008114,11,3,54,0,0.2727,0.6429
CM00006708,2026-03-20,V00002789,19,8,828,2,0.4211,0.761
CM00006709,2026-06-23,V00005609,8,5,440,0,0.625,0.6111
CM00006710,2026-03-18,V00011787,10,3,97,0,0.3,0.1827
CM00006711,2026-08-15,V00010425,8,2,132,1,0.25,0.7952
CM00006712,2026-08-02,V00011632,6,2,90,1,0.3333,0.6818
CM00006713,2026-07-01,V00009830,7,2,33,0,0.2857,0.3929
CM00006714,2026-01-01,V00006893,11,4,432,1,0.3636,0.6316
CM00006715,2026-02-21,V00002450,9,3,258,0,0.3333,0.5478
CM00006716,2026-01-24,V00012814,7,1,40,0,0.1429,0.4545
CM00006717,2026-08-26,V00011731,14,5,164,3,0.3571,0.713
CM00006718,2026-07-16,V00011357,7,3,388,0,0.4286,0.8238
CM00006719,2026-01-09,V00005171,14,6,391,0,0.4286,0.4494
CM00006720,2026-02-07,V00014326,4,1,9,1,0.25,0.1406
CM00006721,2026-07-22,V00012087,10,6,118,0,0.6,0.5619
CM00006722,2026-08-24,V00014073,18,11,1844,0,0.6111,0.9471
CM00006723,2026-01-28,V00007412,8,3,18,0,0.375,0.4615
CM00006724,2026-04-23,V00010558,7,3,196,0,0.4286,0.4161
CM00006725,2026-05-20,V00000317,13,4,63,0,0.3077,0.63
CM00006726,2026-06-09,V00014518,12,4,496,1,0.3333,0.8105
CM00006727,2026-08-27,V00012758,11,3,157,0,0.2727,0.5815
CM00006728,2026-07-07,V00014027,6,2,26,0,0.3333,0.5652
CM00006729,2026-03-27,V00007479,8,3,241,1,0.375,0.8033
CM00006730,2026-08-13,V00003336,8,5,18,0,0.625,0.3
CM00006731,2026-06-13,V00014331,12,5,437,1,0.4167,0.8168
CM00006732,2026-02-28,V00014440,13,6,402,1,0.4615,0.6321
CM00006733,2026-06-24,V00005931,9,3,70,0,0.3333,0.7527
CM00006734,2026-07-18,V00005369,7,2,60,0,0.2857,0.3846
CM00006735,2026-06-24,V00014718,12,3,265,0,0.25,0.5811
CM00006736,2026-06-23,V00011095,5,3,248,1,0.6,0.8611
CM00006737,2026-07-16,V00011444,7,1,86,0,0.1429,0.7167
CM00006738,2026-07-28,V00011834,12,5,216,1,0.4167,0.72
CM00006739,2026-03-10,V00002385,10,5,18,1,0.5,0.45
CM00006740,2026-04-10,V00013816,11,3,7,0,0.2727,0.0972
CM00006741,2026-02-24,V00010380,10,8,1054,1,0.8,0.7529
CM00006742,2026-07-02,V00012061,11,4,171,0,0.3636,0.3922
CM00006743,2026-08-20,V00009417,5,4,184,0,0.8,0.3866
CM00006744,2026-06-26,V00001806,13,3,42,1,0.2308,0.7368
CM00006745,2026-07-03,V00003917,10,3,125,0,0.3,0.4902
CM00006746,2026-07-26,V00007128,8,2,38,1,0.25,0.5588
CM00006747,2026-08-27,V00001880,11,4,269,0,0.3636,0.5134
CM00006748,2026-08-14,V00009055,13,7,332,0,0.5385,0.304
CM00006749,2026-06-30,V00008470,16,5,192,0,0.3125,0.5565
CM00006750,2026-08-27,V00005147,5,4,236,1,0.8,0.4245
CM00006751,2026-07-14,V00008863,9,3,93,0,0.3333,0.2719
CM00006752,2026-08-03,V00000893,8,3,365,0,0.375,0.7199
CM00006753,2026-01-26,V00012919,7,1,4,0,0.1429,0.1667
CM00006754,2026-08-07,V00009630,10,1,6,0,0.1,0.3158
CM00006755,2026-06-28,V00004878,10,5,81,1,0.5,0.7043
CM00006756,2026-05-10,V00007546,9,1,2,0,0.1111,0.0213
CM00006757,2026-08-22,V00011773,6,2,173,1,0.3333,0.9505
CM00006758,2026-05-13,V00004173,13,7,312,2,0.5385,0.7189
CM00006759,2026-05-30,V00002792,11,4,487,0,0.3636,0.712
CM00006760,2026-02-25,V00009671,9,4,142,0,0.4444,0.7396
CM00006761,2026-04-06,V00010773,13,2,152,0,0.1538,0.4393
CM00006762,2026-03-10,V00000657,6,0,0,0,0.0,0.0
CM00006763,2026-04-21,V00008621,8,3,61,0,0.375,0.4841
CM00006764,2026-05-03,V00000182,10,4,270,0,0.4,0.4091
CM00006765,2026-04-23,V00010019,8,6,131,0,0.75,0.7798
CM00006766,2026-08-12,V00009655,4,0,0,0,0.0,0.0
CM00006767,2026-03-03,V00012250,9,7,502,1,0.7778,0.7549
CM00006768,2026-08-25,V00011896,9,1,45,0,0.1111,0.7143
CM00006769,2026-05-19,V00000567,8,3,165,0,0.375,0.873
CM00006770,2026-04-11,V00003897,13,4,44,2,0.3077,0.55
CM00006771,2026-07-31,V00014886,17,6,265,1,0.3529,0.5453
CM00006772,2026-03-23,V00004411,7,1,45,1,0.1429,0.8491
CM00006773,2026-06-23,V00005197,7,0,0,0,0.0,0.0
CM00006774,2026-04-18,V00001513,12,4,423,1,0.3333,0.6448
CM00006775,2026-07-28,V00002942,8,1,33,0,0.125,0.4853
CM00006776,2026-06-02,V00001871,9,3,109,1,0.3333,0.8074
CM00006777,2026-01-01,V00008648,10,3,257,1,0.3,0.6299
CM00006778,2026-07-03,V00012457,10,2,96,0,0.2,0.3179
CM00006779,2026-07-28,V00002108,7,4,349,1,0.5714,0.7093
CM00006780,2026-02-01,V00012741,11,3,104,0,0.2727,0.3333
CM00006781,2026-06-21,V00007714,12,2,67,0,0.1667,0.5492
CM00006782,2026-08-12,V00007867,11,3,129,0,0.2727,0.2606
CM00006783,2026-04-02,V00010932,12,7,597,2,0.5833,0.8884
CM00006784,2026-08-11,V00004752,7,1,20,0,0.1429,0.2439
CM00006785,2026-08-13,V00006308,8,3,41,0,0.375,0.5467
CM00006786,2026-04-24,V00005335,8,1,30,0,0.125,0.2419
CM00006787,2026-06-03,V00004688,6,2,286,0,0.3333,0.872
CM00006788,2026-02-02,V00011383,9,4,178,0,0.4444,0.8725
CM00006789,2026-07-29,V00005027,7,3,107,0,0.4286,0.4403
CM00006790,2026-01-07,V00000379,4,0,0,0,0.0,0.0
CM00006791,2026-01-04,V00005842,7,1,73,0,0.1429,0.474
CM00006792,2026-08-20,V00001069,7,3,16,0,0.4286,0.381
CM00006793,2026-02-02,V00005576,9,3,96,0,0.3333,0.64
CM00006794,2026-05-27,V00007047,9,1,64,0,0.1111,0.6275
CM00006795,2026-02-20,V00003047,17,3,112,0,0.1765,0.6022
CM00006796,2026-08-08,V00006089,10,4,119,1,0.4,0.7083
CM00006797,2026-06-11,V00010332,10,4,132,0,0.4,0.3367
CM00006798,2026-08-17,V00003070,5,4,176,0,0.8,0.3359
CM00006799,2026-05-31,V00006094,8,4,325,0,0.5,0.8125
CM00006800,2026-05-24,V00008428,12,4,145,0,0.3333,0.5492
CM00006801,2026-01-04,V00014358,10,3,217,0,0.3,0.528
CM00006802,2026-04-13,V00012816,3,2,96,0,0.6667,0.7059
CM00006803,2026-08-26,V00007626,9,2,7,0,0.2222,0.35
CM00006804,2026-03-08,V00009696,6,1,48,0,0.1667,0.6575
CM00006805,2026-01-05,V00013351,8,3,122,0,0.375,0.4192
CM00006806,2026-01-29,V00008967,7,1,47,0,0.1429,0.7344
CM00006807,2026-08-21,V00010235,7,2,122,1,0.2857,0.7821
CM00006808,2026-03-03,V00003273,3,1,43,0,0.3333,0.3413
CM00006809,2026-05-03,V00006295,10,6,644,0,0.6,0.7722
CM00006810,2026-08-18,V00005098,9,0,0,0,0.0,0.0
CM00006811,2026-08-08,V00004782,8,3,187,0,0.375,0.5719
CM00006812,2026-05-21,V00014395,5,2,220,0,0.4,0.7857
CM00006813,2026-04-24,V00014121,8,4,77,0,0.5,0.4375
CM00006814,2026-03-10,V00010626,12,7,745,2,0.5833,0.645
CM00006815,2026-07-21,V00014488,5,2,91,0,0.4,0.455
CM00006816,2026-07-31,V00003680,16,4,53,0,0.25,0.53
CM00006817,2026-05-17,V00002163,5,1,53,0,0.2,0.803
CM00006818,2026-08-09,V00009726,5,2,81,0,0.4,0.4309
CM00006819,2026-04-13,V00014029,3,0,0,0,0.0,0.0
CM00006820,2026-07-16,V00014010,10,4,187,0,0.4,0.6775
CM00006821,2026-05-23,V00009086,6,0,0,0,0.0,0.0
CM00006822,2026-04-21,V00007554,19,8,259,1,0.4211,0.6888
CM00006823,2026-07-31,V00003828,7,2,47,0,0.2857,0.4796
CM00006824,2026-01-09,V00012754,7,5,467,0,0.7143,0.6868
CM00006825,2026-03-21,V00006108,12,7,355,2,0.5833,0.6261
CM00006826,2026-03-28,V00004099,13,4,220,0,0.3077,0.3767
CM00006827,2026-01-29,V00010381,13,4,28,1,0.3077,0.6364
CM00006828,2026-03-29,V00010920,8,3,80,0,0.375,0.5797
CM00006829,2026-08-18,V00008928,7,4,202,0,0.5714,0.8016
CM00006830,2026-02-18,V00003176,6,3,211,1,0.5,0.4369
CM00006831,2026-07-02,V00004481,12,3,284,0,0.25,0.9759
CM00006832,2026-05-24,V00011776,14,6,108,0,0.4286,0.4737
CM00006833,2026-04-20,V00006247,6,3,135,1,0.5,1.0
CM00006834,2026-08-09,V00000436,10,4,65,1,0.4,0.2955
CM00006835,2026-03-18,V00008913,8,3,21,0,0.375,0.5833
CM00006836,2026-08-24,V00010730,9,5,536,0,0.5556,0.5956
CM00006837,2026-03-25,V00005740,10,4,382,1,0.4,0.7022
CM00006838,2026-02-26,V00001950,9,3,49,0,0.3333,0.3984
CM00006839,2026-01-09,V00002036,7,0,0,0,0.0,0.0
CM00006840,2026-05-10,V00005949,10,3,272,1,0.3,0.8474
CM00006841,2026-08-01,V00005212,15,5,418,0,0.3333,0.6431
CM00006842,2026-02-05,V00013754,9,3,101,0,0.3333,0.5344
CM00006843,2026-07-31,V00003433,13,4,536,0,0.3077,0.7444
CM00006844,2026-07-04,V00008914,9,4,220,0,0.4444,0.5729
CM00006845,2026-02-05,V00007203,10,3,107,0,0.3,0.7926
CM00006846,2026-02-24,V00007306,17,9,124,0,0.5294,0.5103
CM00006847,2026-01-20,V00000684,7,1,27,0,0.1429,0.3214
CM00006848,2026-04-20,V00001655,9,2,16,0,0.2222,0.3333
CM00006849,2026-01-18,V00013758,12,5,307,1,0.4167,0.4324
CM00006850,2026-04-03,V00007703,11,4,349,0,0.3636,0.5386
CM00006851,2026-08-16,V00007254,9,2,229,0,0.2222,0.7789
CM00006852,2026-06-27,V00002272,11,3,405,1,0.2727,0.906
CM00006853,2026-07-20,V00005397,8,5,229,1,0.625,0.7897
CM00006854,2026-05-16,V00005621,10,6,259,1,0.6,0.6443
CM00006855,2026-08-23,V00006513,14,7,793,2,0.5,0.9136
CM00006856,2026-07-22,V00008558,6,1,5,0,0.1667,0.2778
CM00006857,2026-08-26,V00012597,9,3,134,0,0.3333,0.2809
CM00006858,2026-01-19,V00012807,10,3,341,0,0.3,0.6647
CM00006859,2026-02-26,V00001236,7,4,414,2,0.5714,0.5983
CM00006860,2026-01-13,V00005423,6,0,0,0,0.0,0.0
CM00006861,2026-02-27,V00001054,19,12,1065,2,0.6316,0.6163
CM00006862,2026-08-10,V00010579,14,8,999,2,0.5714,0.7523
CM00006863,2026-03-08,V00004986,13,4,385,1,0.3077,0.5662
CM00006864,2026-04-05,V00014847,8,0,0,0,0.0,0.0
CM00006865,2026-04-16,V00014676,8,5,263,3,0.625,0.6921
CM00006866,2026-01-24,V00001794,8,3,110,0,0.375,0.412
CM00006867,2026-06-23,V00001132,7,3,161,0,0.4286,0.7252
CM00006868,2026-04-30,V00003136,7,2,145,0,0.2857,0.4932
CM00006869,2026-05-28,V00012745,11,5,349,0,0.4545,0.607
CM00006870,2026-08-23,V00013903,8,4,161,0,0.5,0.6007
CM00006871,2026-03-11,V00009203,11,1,30,0,0.0909,0.7317
CM00006872,2026-02-14,V00010531,9,5,585,2,0.5556,0.7548
CM00006873,2026-06-20,V00004316,6,2,53,0,0.3333,0.7361
CM00006874,2026-04-10,V00004742,9,1,96,0,0.1111,0.7442
CM00006875,2026-03-12,V00003515,9,4,412,1,0.4444,0.5722
CM00006876,2026-08-05,V00002494,4,2,18,0,0.5,0.6
CM00006877,2026-08-11,V00011085,10,4,191,0,0.4,0.5895
CM00006878,2026-02-05,V00003569,5,3,20,1,0.6,0.4444
CM00006879,2026-07-17,V00005738,15,5,192,1,0.3333,0.4683
CM00006880,2026-08-03,V00004414,10,3,85,0,0.3,0.4722
CM00006881,2026-04-19,V00005708,5,3,30,1,0.6,0.303
CM00006882,2026-07-23,V00012026,12,2,228,0,0.1667,0.7215
CM00006883,2026-05-22,V00006117,12,2,48,0,0.1667,0.3333
CM00006884,2026-01-30,V00010939,13,6,13,0,0.4615,0.1667
CM00006885,2026-08-28,V00014662,12,4,215,0,0.3333,0.3707
CM00006886,2026-08-14,V00006079,13,7,329,1,0.5385,0.5341
CM00006887,2026-06-26,V00003664,5,1,109,1,0.2,0.6488
CM00006888,2026-07-16,V00006313,11,4,146,0,0.3636,0.9125
CM00006889,2026-01-30,V00008589,12,5,378,0,0.4167,0.6873
CM00006890,2026-06-30,V00001857,6,2,87,0,0.3333,0.2444
CM00006891,2026-03-31,V00006341,8,2,117,1,0.25,0.6158
CM00006892,2026-07-26,V00012147,13,4,126,1,0.3077,0.75
CM00006893,2026-03-22,V00012596,5,2,13,1,0.4,0.4333
CM00006894,2026-02-02,V00011453,10,2,54,1,0.2,0.6279
CM00006895,2026-06-15,V00008366,13,7,890,0,0.5385,0.7659
CM00006896,2026-08-18,V00007905,13,6,95,1,0.4615,0.6597
CM00006897,2026-06-15,V00001954,8,3,43,0,0.375,0.6232
CM00006898,2026-07-16,V00010729,7,5,287,1,0.7143,0.4284
CM00006899,2026-04-24,V00010455,10,4,28,0,0.4,0.5833
CM00006900,2026-08-26,V00012783,11,6,319,3,0.5455,0.5425
CM00006901,2026-07-10,V00001281,14,6,476,1,0.4286,0.7778
CM00006902,2026-01-16,V00000122,8,3,43,0,0.375,0.3258
CM00006903,2026-03-27,V00010770,9,2,56,0,0.2222,0.2947
CM00006904,2026-03-04,V00005188,11,1,43,0,0.0909,0.4216
CM00006905,2026-06-16,V00008206,7,3,211,0,0.4286,0.7563
CM00006906,2026-08-17,V00011480,16,6,76,0,0.375,0.6333
CM00006907,2026-06-19,V00001715,3,1,13,1,0.3333,0.619
CM00006908,2026-07-07,V00011829,10,2,132,2,0.2,0.4099
CM00006909,2026-06-24,V00008768,4,2,103,0,0.5,0.5099
CM00006910,2026-05-09,V00012406,14,5,660,2,0.3571,0.8049
CM00006911,2026-03-12,V00001544,10,5,107,1,0.5,0.3754
CM00006912,2026-06-11,V00008657,8,2,134,1,0.25,0.482
CM00006913,2026-01-16,V00005628,12,5,111,0,0.4167,0.4826
CM00006914,2026-05-07,V00010452,9,5,59,0,0.5556,0.7867
CM00006915,2026-01-07,V00008742,10,1,25,0,0.1,0.2174
CM00006916,2026-05-19,V00010327,10,6,445,0,0.6,0.6867
CM00006917,2026-07-08,V00012125,7,3,331,0,0.4286,0.9194
CM00006918,2026-04-29,V00006277,12,6,257,1,0.5,0.726
CM00006919,2026-08-10,V00013455,11,4,324,0,0.3636,0.6923
CM00006920,2026-07-07,V00014513,3,0,0,0,0.0,0.0
CM00006921,2026-02-07,V00002363,10,5,501,0,0.5,0.5693
CM00006922,2026-05-18,V00011147,15,4,185,0,0.2667,0.3642
CM00006923,2026-01-20,V00013842,7,4,461,0,0.5714,0.7683
CM00006924,2026-01-14,V00010824,4,2,133,0,0.5,0.8636
CM00006925,2026-02-09,V00008047,6,0,0,0,0.0,0.0
CM00006926,2026-08-23,V00008260,10,5,354,0,0.5,0.8962
CM00006927,2026-06-09,V00005355,9,1,7,0,0.1111,0.7778
CM00006928,2026-04-03,V00006137,12,3,172,0,0.25,0.735
CM00006929,2026-06-04,V00005158,14,8,523,0,0.5714,0.6409
CM00006930,2026-07-26,V00002452,11,5,509,1,0.4545,0.7119
CM00006931,2026-06-14,V00007021,3,1,81,0,0.3333,0.6694
CM00006932,2026-04-16,V00014578,6,4,223,1,0.6667,0.362
CM00006933,2026-07-23,V00006812,4,3,173,1,0.75,0.5767
CM00006934,2026-07-12,V00011505,10,1,4,0,0.1,0.1538
CM00006935,2026-06-23,V00013858,6,0,0,0,0.0,0.0
CM00006936,2026-08-06,V00004495,9,2,138,0,0.2222,0.5149
CM00006937,2026-02-13,V00009301,10,0,0,0,0.0,0.0
CM00006938,2026-01-05,V00004898,8,3,190,0,0.375,0.6667
CM00006939,2026-07-05,V00005189,13,7,312,1,0.5385,0.7189
CM00006940,2026-04-28,V00012856,6,1,46,0,0.1667,0.7419
CM00006941,2026-06-30,V00008824,4,2,38,0,0.5,0.2317
CM00006942,2026-07-20,V00014709,5,0,0,0,0.0,0.0
CM00006943,2026-06-23,V00005003,16,5,115,0,0.3125,0.3538
CM00006944,2026-06-11,V00001376,6,2,158,0,0.3333,0.5643
CM00006945,2026-05-06,V00007978,8,4,174,1,0.5,0.6127
CM00006946,2026-05-05,V00006311,12,4,183,0,0.3333,0.7038
CM00006947,2026-04-02,V00002307,12,2,131,0,0.1667,0.5746
CM00006948,2026-05-06,V00007627,10,0,0,0,0.0,0.0
CM00006949,2026-04-21,V00000369,6,3,210,0,0.5,0.5833
CM00006950,2026-04-29,V00009391,10,1,6,0,0.1,0.375
CM00006951,2026-04-22,V00013048,11,3,166,1,0.2727,0.5764
CM00006952,2026-06-08,V00004060,8,2,137,0,0.25,0.6009
CM00006953,2026-05-18,V00008416,8,3,276,1,0.375,0.7603
CM00006954,2026-02-17,V00006530,12,4,365,0,0.3333,0.6166
CM00006955,2026-07-09,V00012133,7,2,66,0,0.2857,0.66
CM00006956,2026-03-18,V00010833,3,1,35,0,0.3333,0.7778
CM00006957,2026-05-14,V00007628,5,1,43,0,0.2,0.6056
CM00006958,2026-08-13,V00011958,2,1,146,0,0.5,0.8743
CM00006959,2026-08-19,V00007208,6,2,59,0,0.3333,0.686
CM00006960,2026-08-03,V00001057,5,2,18,0,0.4,0.1
CM00006961,2026-08-25,V00010546,15,6,338,2,0.4,0.7412
CM00006962,2026-08-26,V00013157,5,2,25,0,0.4,0.5435
CM00006963,2026-06-04,V00010446,10,6,318,0,0.6,0.7162
CM00006964,2026-03-12,V00012504,5,3,361,0,0.6,0.7037
CM00006965,2026-08-21,V00005923,13,7,39,1,0.5385,0.4643
CM00006966,2026-02-04,V00003143,8,2,139,0,0.25,0.7809
CM00006967,2026-06-19,V00000744,8,3,277,0,0.375,0.6281
CM00006968,2026-04-02,V00011243,7,2,37,0,0.2857,0.2372
CM00006969,2026-07-30,V00000626,8,0,0,0,0.0,0.0
CM00006970,2026-01-31,V00004225,6,2,82,0,0.3333,0.6833
CM00006971,2026-05-13,V00006123,11,2,163,0,0.1818,0.5397
CM00006972,2026-06-16,V00009676,12,2,291,1,0.1667,0.841
CM00006973,2026-06-29,V00006798,11,6,108,0,0.5455,0.6429
CM00006974,2026-05-02,V00005297,11,5,79,0,0.4545,0.5448
CM00006975,2026-01-10,V00011557,4,1,23,0,0.25,0.5897
CM00006976,2026-07-20,V00000495,9,2,17,0,0.2222,0.1809
CM00006977,2026-07-07,V00001645,9,5,492,0,0.5556,0.674
CM00006978,2026-05-18,V00008682,9,6,142,1,0.6667,0.8452
CM00006979,2026-04-29,V00005081,14,2,99,2,0.1429,0.2812
CM00006980,2026-06-14,V00009558,10,5,272,0,0.5,0.6974
CM00006981,2026-01-16,V00000038,12,3,24,0,0.25,0.5714
CM00006982,2026-08-04,V00000316,9,2,29,0,0.2222,0.725
CM00006983,2026-04-26,V00014385,11,7,102,0,0.6364,0.8571
CM00006984,2026-04-20,V00011607,10,4,384,1,0.4,0.8649
CM00006985,2026-03-06,V00014619,7,4,402,1,0.5714,0.8445
CM00006986,2026-08-26,V00003361,10,3,44,0,0.3,0.4731
CM00006987,2026-08-08,V00011874,10,3,86,0,0.3,0.4778
CM00006988,2026-07-24,V00005932,8,5,253,2,0.625,0.9036
CM00006989,2026-07-07,V00000119,10,5,295,2,0.5,0.5784
CM00006990,2026-03-26,V00007478,11,1,40,0,0.0909,0.3448
CM00006991,2026-03-11,V00006620,7,1,15,0,0.1429,0.4167
CM00006992,2026-08-13,V00001507,8,3,122,1,0.375,0.6256
CM00006993,2026-07-15,V00011652,18,7,548,1,0.3889,0.6807
CM00006994,2026-04-11,V00000935,16,5,228,0,0.3125,0.2961
CM00006995,2026-02-03,V00014724,12,4,377,0,0.3333,0.693
CM00006996,2026-06-08,V00013105,8,1,11,1,0.125,0.1833
CM00006997,2026-05-19,V00008896,12,5,420,1,0.4167,0.5676
CM00006998,2026-08-25,V00002518,14,8,543,2,0.5714,0.5103
CM00006999,2026-04-26,V00009015,7,1,152,0,0.1429,0.9441
CM00007000,2026-08-11,V00004585,7,2,67,0,0.2857,0.5403
CM00007001,2026-05-02,V00002913,11,1,79,0,0.0909,0.594
CM00007002,2026-01-02,V00008965,9,3,232,0,0.3333,0.5333
CM00007003,2026-08-04,V00000419,10,3,17,1,0.3,0.5667
CM00007004,2026-06-11,V00005363,9,3,337,0,0.3333,0.6241
CM00007005,2026-07-04,V00013456,5,1,78,0,0.2,0.7156
CM00007006,2026-01-01,V00010489,9,2,68,0,0.2222,0.7234
CM00007007,2026-04-13,V00000255,12,5,256,1,0.4167,0.7758
CM00007008,2026-07-20,V00010392,13,5,321,3,0.3846,0.5487
CM00007009,2026-04-08,V00009030,9,3,400,0,0.3333,0.8772
CM00007010,2026-01-08,V00003882,11,8,243,1,0.7273,0.5424
CM00007011,2026-03-25,V00007505,13,3,45,0,0.2308,0.4412
CM00007012,2026-01-25,V00007833,5,1,38,0,0.2,0.481
CM00007013,2026-05-05,V00005941,11,9,74,2,0.8182,0.8222
CM00007014,2026-07-14,V00010212,8,1,27,0,0.125,0.4655
CM00007015,2026-08-23,V00012086,12,5,335,0,0.4167,0.7283
CM00007016,2026-07-06,V00001082,5,2,56,0,0.4,0.5385
CM00007017,2026-01-27,V00013539,14,3,92,0,0.2143,0.1762
CM00007018,2026-02-02,V00012792,11,5,569,0,0.4545,0.6855
CM00007019,2026-07-17,V00005685,11,3,317,0,0.2727,0.597
CM00007020,2026-01-09,V00004621,10,1,69,0,0.1,0.4452
CM00007021,2026-05-31,V00009876,11,4,203,1,0.3636,0.3113
CM00007022,2026-07-29,V00001601,8,0,0,0,0.0,0.0
CM00007023,2026-02-10,V00005775,10,8,662,1,0.8,0.8995
CM00007024,2026-04-25,V00013931,8,2,53,0,0.25,0.3118
CM00007025,2026-02-10,V00009110,12,7,446,0,0.5833,0.6246
CM00007026,2026-04-16,V00002415,11,3,157,0,0.2727,0.382
CM00007027,2026-03-28,V00010157,16,1,9,0,0.0625,0.6
CM00007028,2026-07-26,V00004080,3,1,2,0,0.3333,0.0282
CM00007029,2026-05-08,V00006122,9,0,0,0,0.0,0.0
CM00007030,2026-08-10,V00001900,10,4,213,2,0.4,0.8589
CM00007031,2026-08-28,V00001039,13,3,218,0,0.2308,0.5956
CM00007032,2026-08-09,V00001373,11,7,186,0,0.6364,0.5013
CM00007033,2026-03-20,V00003785,11,7,689,2,0.6364,0.7938
CM00007034,2026-07-08,V00009441,12,5,453,3,0.4167,0.9956
CM00007035,2026-08-06,V00002075,6,1,3,0,0.1667,0.0283
CM00007036,2026-03-08,V00013188,5,1,78,0,0.2,0.5735
CM00007037,2026-06-13,V00012536,13,7,849,0,0.5385,0.7177
CM00007038,2026-02-28,V00002324,11,4,76,1,0.3636,0.4872
CM00007039,2026-08-19,V00007901,8,1,49,0,0.125,0.2882
CM00007040,2026-03-04,V00010771,6,2,124,0,0.3333,0.4161
CM00007041,2026-07-02,V00012535,8,4,64,0,0.5,0.3077
CM00007042,2026-08-26,V00010434,13,5,118,0,0.3846,0.6941
CM00007043,2026-03-28,V00013075,10,4,56,0,0.4,0.5185
CM00007044,2026-08-12,V00009326,3,1,15,1,0.3333,0.2632
CM00007045,2026-08-15,V00002434,10,3,370,0,0.3,0.7008
CM00007046,2026-03-02,V00004093,9,2,172,0,0.2222,0.7748
CM00007047,2026-03-27,V00006011,12,3,211,1,0.25,0.7177
CM00007048,2026-06-21,V00010780,14,8,560,2,0.5714,0.6796
CM00007049,2026-07-26,V00010884,12,7,577,2,0.5833,0.8326
CM00007050,2026-05-14,V00000809,9,2,165,0,0.2222,0.5464
CM00007051,2026-03-19,V00014715,14,4,46,0,0.2857,0.3194
CM00007052,2026-07-08,V00002985,10,5,369,1,0.5,0.6833
CM00007053,2026-08-20,V00012341,7,3,283,0,0.4286,0.6086
CM00007054,2026-05-18,V00013565,8,3,276,0,0.375,0.6479
CM00007055,2026-04-06,V00009495,6,3,10,0,0.5,0.2381
CM00007056,2026-05-05,V00004461,10,2,73,0,0.2,0.4867
CM00007057,2026-08-03,V00007848,7,3,225,0,0.4286,0.8152
CM00007058,2026-01-06,V00005977,9,2,91,1,0.2222,0.484
CM00007059,2026-04-25,V00005093,11,3,105,2,0.2727,0.3302
CM00007060,2026-04-14,V00010795,8,4,145,0,0.5,0.3266
CM00007061,2026-07-11,V00011578,8,2,127,0,0.25,0.5619
CM00007062,2026-05-12,V00005445,6,2,58,0,0.3333,0.4462
CM00007063,2026-07-14,V00003978,11,3,82,1,0.2727,0.6833
CM00007064,2026-05-17,V00008032,8,4,198,2,0.5,0.9
CM00007065,2026-02-12,V00013844,10,1,5,0,0.1,0.3125
CM00007066,2026-08-19,V00007887,9,4,295,0,0.4444,0.9105
CM00007067,2026-05-16,V00006106,7,1,19,0,0.1429,0.3333
CM00007068,2026-07-21,V00010205,9,4,244,0,0.4444,0.7439
CM00007069,2026-08-18,V00004691,8,4,107,0,0.5,0.4864
CM00007070,2026-02-23,V00003459,9,3,240,0,0.3333,0.452
CM00007071,2026-04-29,V00009867,6,0,0,0,0.0,0.0
CM00007072,2026-05-08,V00001205,9,2,272,0,0.2222,0.7727
CM00007073,2026-04-29,V00005020,13,4,161,1,0.3077,0.3246
CM00007074,2026-02-14,V00006794,7,4,125,0,0.5714,0.4529
CM00007075,2026-08-02,V00005312,7,2,28,0,0.2857,0.7778
CM00007076,2026-02-06,V00009862,13,2,7,0,0.1538,0.175
CM00007077,2026-05-17,V00006282,10,4,460,0,0.4,0.6609
CM00007078,2026-08-26,V00004164,6,1,32,0,0.1667,0.2645
CM00007079,2026-05-22,V00002778,11,2,68,1,0.1818,0.2237
CM00007080,2026-05-13,V00008626,9,4,296,0,0.4444,0.6116
CM00007081,2026-04-26,V00010525,11,5,271,1,0.4545,0.8212
CM00007082,2026-06-20,V00014290,11,1,98,0,0.0909,0.8235
CM00007083,2026-08-19,V00014302,8,2,11,0,0.25,0.3235
CM00007084,2026-06-08,V00011304,14,8,708,3,0.5714,0.7024
CM00007085,2026-04-15,V00007614,8,4,273,1,0.5,0.8864
CM00007086,2026-04-21,V00009548,12,6,244,2,0.5,0.5351
CM00007087,2026-07-15,V00008453,10,3,139,1,0.3,0.5388
CM00007088,2026-08-08,V00008143,9,3,141,0,0.3333,0.6812
CM00007089,2026-07-18,V00003039,14,6,519,1,0.4286,0.5373
CM00007090,2026-03-16,V00002609,5,2,93,0,0.4,0.5471
CM00007091,2026-07-22,V00004444,10,1,17,0,0.1,0.4146
CM00007092,2026-08-04,V00000808,10,2,58,0,0.2,0.7632
CM00007093,2026-01-11,V00000602,16,4,137,0,0.25,0.6587
CM00007094,2026-08-27,V00003004,10,3,41,0,0.3,0.4556
CM00007095,2026-04-30,V00003239,9,5,82,0,0.5556,0.82
CM00007096,2026-08-25,V00009402,6,1,43,0,0.1667,1.0
CM00007097,2026-08-03,V00013961,7,2,165,0,0.2857,0.6762
CM00007098,2026-08-04,V00009007,13,10,123,1,0.7692,0.5125
CM00007099,2026-08-27,V00012875,14,7,445,1,0.5,0.5086
CM00007100,2026-05-20,V00010033,9,5,298,3,0.5556,0.693
CM00007101,2026-02-14,V00001150,6,1,119,0,0.1667,0.8686
CM00007102,2026-01-31,V00002126,11,7,130,0,0.6364,0.5628
CM00007103,2026-03-10,V00000343,6,3,88,0,0.5,0.2424
CM00007104,2026-04-20,V00010391,9,1,99,0,0.1111,0.7071
CM00007105,2026-08-17,V00013469,10,2,114,0,0.2,0.7308
CM00007106,2026-01-22,V00006562,6,2,108,0,0.3333,0.4615
CM00007107,2026-01-14,V00006084,6,1,55,0,0.1667,0.7639
CM00007108,2026-03-07,V00013216,6,3,136,0,0.5,0.6766
CM00007109,2026-03-18,V00009935,8,4,355,1,0.5,0.8142
CM00007110,2026-08-22,V00000559,9,2,85,0,0.2222,0.5183
CM00007111,2026-04-25,V00006587,10,6,85,0,0.6,0.5667
CM00007112,2026-06-14,V00001163,12,7,187,1,0.5833,0.371
CM00007113,2026-06-29,V00002691,9,5,292,0,0.5556,0.6348
CM00007114,2026-08-05,V00006190,6,3,387,1,0.5,0.7544
CM00007115,2026-07-01,V00000968,6,3,61,0,0.5,0.5351
CM00007116,2026-05-13,V00011481,8,3,298,0,0.375,0.5644
CM00007117,2026-06-02,V00003240,7,2,184,1,0.2857,0.9583
CM00007118,2026-01-21,V00006886,7,0,0,0,0.0,0.0
CM00007119,2026-04-27,V00011499,7,3,276,1,0.4286,0.575
CM00007120,2026-06-22,V00002922,10,2,237,0,0.2,0.7796
CM00007121,2026-06-22,V00013327,11,4,438,1,0.3636,0.711
CM00007122,2026-07-05,V00006446,11,4,75,0,0.3636,0.3472
CM00007123,2026-05-05,V00004037,8,1,92,1,0.125,0.9293
CM00007124,2026-05-12,V00007691,8,3,118,1,0.375,0.7564
CM00007125,2026-03-15,V00006003,16,4,597,0,0.25,0.8292
CM00007126,2026-06-17,V00009897,12,2,43,0,0.1667,0.5244
CM00007127,2026-08-19,V00006828,12,3,38,0,0.25,0.4524
CM00007128,2026-07-30,V00002698,8,3,48,0,0.375,0.64
CM00007129,2026-07-17,V00013919,11,5,64,0,0.4545,0.5818
CM00007130,2026-03-27,V00002592,5,3,281,1,0.6,0.7678
CM00007131,2026-03-11,V00005860,13,4,129,1,0.3077,0.556
CM00007132,2026-02-13,V00000960,9,0,0,0,0.0,0.0
CM00007133,2026-01-27,V00001046,10,2,40,0,0.2,0.5405
CM00007134,2026-08-23,V00000870,12,4,493,0,0.3333,0.9198
CM00007135,2026-01-31,V00006415,10,3,117,2,0.3,0.8864
CM00007136,2026-03-16,V00003503,11,4,196,0,0.3636,0.49
CM00007137,2026-08-13,V00013146,11,4,241,1,0.3636,0.5965
CM00007138,2026-06-14,V00000504,6,2,165,0,0.3333,0.5156
CM00007139,2026-06-24,V00007777,8,5,416,0,0.625,0.8078
CM00007140,2026-08-22,V00012008,10,7,532,0,0.7,0.8261
CM00007141,2026-02-14,V00003288,6,3,86,0,0.5,0.4624
CM00007142,2026-06-13,V00013079,9,3,137,1,0.3333,0.3971
CM00007143,2026-08-28,V00013230,11,3,195,0,0.2727,0.3963
CM00007144,2026-07-15,V00001855,11,4,37,1,0.3636,0.8409
CM00007145,2026-03-03,V00006423,10,7,70,1,0.7,0.6667
CM00007146,2026-06-12,V00007934,6,2,209,0,0.3333,0.8038
CM00007147,2026-08-23,V00010182,9,4,351,0,0.4444,0.6452
CM00007148,2026-06-29,V00001993,13,3,286,0,0.2308,0.6151
CM00007149,2026-06-18,V00000022,11,3,352,0,0.2727,0.6629
CM00007150,2026-07-01,V00007781,11,3,296,0,0.2727,0.6667
CM00007151,2026-03-08,V00013915,11,3,188,0,0.2727,0.9353
CM00007152,2026-02-09,V00004630,7,1,9,0,0.1429,0.5
CM00007153,2026-06-30,V00014876,6,4,63,0,0.6667,0.63
CM00007154,2026-03-20,V00001497,7,2,42,0,0.2857,0.5385
CM00007155,2026-05-09,V00012148,9,4,200,0,0.4444,0.7692
CM00007156,2026-08-04,V00014537,12,3,42,0,0.25,0.6667
CM00007157,2026-08-04,V00013819,5,2,173,0,0.4,0.6705
CM00007158,2026-03-30,V00008651,8,4,454,1,0.5,0.6676
CM00007159,2026-08-08,V00006724,8,2,8,0,0.25,0.2857
CM00007160,2026-08-19,V00003567,11,5,240,0,0.4545,0.2981
CM00007161,2026-03-03,V00005797,10,6,552,1,0.6,0.6216
CM00007162,2026-07-05,V00010786,11,4,250,0,0.3636,0.4058
CM00007163,2026-08-09,V00005918,12,2,72,0,0.1667,0.4235
CM00007164,2026-05-31,V00013459,12,2,64,0,0.1667,0.3404
CM00007165,2026-06-18,V00013809,8,2,178,0,0.25,0.6593
CM00007166,2026-05-22,V00004991,8,1,87,0,0.125,0.7311
CM00007167,2026-08-04,V00008669,5,0,0,0,0.0,0.0
CM00007168,2026-06-20,V00010899,7,3,390,1,0.4286,0.7514
CM00007169,2026-06-09,V00004629,15,7,796,2,0.4667,0.7531
CM00007170,2026-03-09,V00013649,8,1,9,0,0.125,0.1667
CM00007171,2026-04-15,V00008104,6,2,75,0,0.3333,0.4213
CM00007172,2026-08-21,V00014195,14,1,84,0,0.0714,0.4884
CM00007173,2026-06-06,V00012196,14,5,305,0,0.3571,0.7922
CM00007174,2026-03-12,V00000207,10,5,120,0,0.5,0.7059
CM00007175,2026-04-16,V00004100,12,6,778,1,0.5,0.8207
CM00007176,2026-08-06,V00005039,15,5,487,0,0.3333,0.6126
CM00007177,2026-02-04,V00002049,13,3,43,0,0.2308,0.3333
CM00007178,2026-02-04,V00004177,13,4,190,1,0.3077,0.6013
CM00007179,2026-07-14,V00010727,11,3,41,0,0.2727,0.4409
CM00007180,2026-03-24,V00011713,13,6,36,1,0.4615,0.5455
CM00007181,2026-05-04,V00004710,10,5,187,0,0.5,0.8905
CM00007182,2026-02-02,V00004963,7,3,194,0,0.4286,0.7791
CM00007183,2026-06-14,V00012699,13,6,303,1,0.4615,0.6235
CM00007184,2026-03-15,V00006567,14,8,126,0,0.5714,0.75
CM00007185,2026-07-24,V00003517,6,2,24,0,0.3333,0.48
CM00007186,2026-06-26,V00012269,12,7,39,1,0.5833,0.619
CM00007187,2026-05-19,V00008063,9,1,6,0,0.1111,0.1935
CM00007188,2026-08-01,V00004383,8,5,480,1,0.625,0.5333
CM00007189,2026-02-19,V00013881,11,4,195,0,0.3636,0.9028
CM00007190,2026-07-10,V00007756,7,2,19,0,0.2857,0.2879
CM00007191,2026-07-29,V00013458,16,9,122,2,0.5625,0.7974
CM00007192,2026-08-27,V00012448,13,6,240,1,0.4615,0.4
CM00007193,2026-04-23,V00002221,12,4,212,0,0.3333,0.631
CM00007194,2026-01-26,V00002354,15,3,242,2,0.2,0.7401
CM00007195,2026-08-08,V00000673,10,4,255,1,0.4,0.613
CM00007196,2026-03-21,V00003557,10,5,289,0,0.5,0.8627
CM00007197,2026-04-18,V00001659,4,0,0,0,0.0,0.0
CM00007198,2026-06-11,V00012340,12,7,520,1,0.5833,0.6404
CM00007199,2026-08-06,V00009777,12,4,223,1,0.3333,0.457
CM00007200,2026-04-18,V00006613,10,6,520,1,0.6,0.6373
CM00007201,2026-05-23,V00002902,9,2,165,1,0.2222,0.55
CM00007202,2026-08-11,V00007770,10,4,353,1,0.4,0.6788
CM00007203,2026-01-17,V00006597,10,5,356,0,0.5,0.9247
CM00007204,2026-07-27,V00002994,7,0,0,0,0.0,0.0
CM00007205,2026-07-05,V00000102,8,3,168,1,0.375,0.6437
CM00007206,2026-05-22,V00005913,13,5,391,0,0.3846,0.4655
CM00007207,2026-04-22,V00005705,9,2,29,0,0.2222,0.6042
CM00007208,2026-01-05,V00013454,11,5,216,0,0.4545,0.6857
CM00007209,2026-07-14,V00000662,8,4,186,0,0.5,0.4346
CM00007210,2026-04-11,V00003205,9,3,178,0,0.3333,0.5761
CM00007211,2026-07-19,V00003050,13,3,334,0,0.2308,0.7002
CM00007212,2026-02-04,V00006917,7,0,0,0,0.0,0.0
CM00007213,2026-03-02,V00012194,12,3,186,0,0.25,0.4526
CM00007214,2026-05-12,V00014672,13,6,415,2,0.4615,0.8539
CM00007215,2026-08-24,V00004181,10,3,75,0,0.3,0.2604
CM00007216,2026-06-29,V00014858,11,4,318,0,0.3636,0.4907
CM00007217,2026-03-25,V00013388,12,1,42,0,0.0833,0.2877
CM00007218,2026-08-13,V00002478,4,1,86,1,0.25,0.8431
CM00007219,2026-08-18,V00003997,11,2,87,1,0.1818,0.6304
CM00007220,2026-05-26,V00004941,7,0,0,0,0.0,0.0
CM00007221,2026-02-03,V00005061,8,3,93,0,0.375,0.6078
CM00007222,2026-05-28,V00009050,11,2,22,0,0.1818,0.2075
CM00007223,2026-05-29,V00012533,4,2,67,1,0.5,0.5403
CM00007224,2026-08-18,V00014780,9,5,453,1,0.5556,0.719
CM00007225,2026-05-17,V00012315,3,1,11,0,0.3333,0.7333
CM00007226,2026-08-06,V00009239,14,3,223,0,0.2143,0.6464
CM00007227,2026-08-04,V00006315,5,3,293,0,0.6,0.5955
CM00007228,2026-07-04,V00000962,9,1,88,1,0.1111,0.4944
CM00007229,2026-05-20,V00007847,14,8,597,0,0.5714,0.4784
CM00007230,2026-04-27,V00009286,8,3,223,0,0.375,0.682
CM00007231,2026-08-01,V00009038,16,5,599,1,0.3125,0.8874
CM00007232,2026-07-16,V00004850,9,1,34,0,0.1111,0.2636
CM00007233,2026-02-23,V00014093,9,2,85,0,0.2222,0.7589
CM00007234,2026-08-20,V00005023,7,4,499,1,0.5714,0.8545
CM00007235,2026-08-14,V00008279,9,4,149,0,0.4444,0.556
CM00007236,2026-02-23,V00014410,13,4,151,0,0.3077,0.6623
CM00007237,2026-04-21,V00007371,8,2,38,1,0.25,0.7037
CM00007238,2026-06-25,V00009553,9,1,38,0,0.1111,0.481
CM00007239,2026-02-21,V00008645,7,3,105,0,0.4286,0.4321
CM00007240,2026-08-10,V00002141,4,0,0,0,0.0,0.0
CM00007241,2026-01-04,V00013288,14,5,246,0,0.3571,0.5072
CM00007242,2026-08-16,V00014740,4,1,16,0,0.25,0.5714
CM00007243,2026-08-28,V00007170,6,3,89,1,0.5,0.7236
CM00007244,2026-06-12,V00001657,10,2,76,0,0.2,0.6333
CM00007245,2026-08-05,V00004244,8,3,109,1,0.375,0.7415
CM00007246,2026-06-15,V00003017,12,5,445,1,0.4167,0.6953
CM00007247,2026-01-29,V00008048,7,2,94,0,0.2857,0.662
CM00007248,2026-08-18,V00010024,5,2,79,1,0.4,0.3038
CM00007249,2026-01-25,V00014540,13,2,197,0,0.1538,0.6195
CM00007250,2026-06-13,V00011310,10,2,113,1,0.2,0.4036
CM00007251,2026-05-14,V00000990,7,3,114,1,0.4286,0.5429
CM00007252,2026-08-17,V00002337,7,3,275,0,0.4286,0.7453
CM00007253,2026-03-05,V00012164,9,3,92,2,0.3333,0.4577
CM00007254,2026-06-16,V00008678,8,0,0,0,0.0,0.0
CM00007255,2026-08-28,V00014064,5,0,0,0,0.0,0.0
CM00007256,2026-02-21,V00001351,13,2,19,1,0.1538,0.4318
CM00007257,2026-08-11,V00007671,11,3,52,2,0.2727,0.2938
CM00007258,2026-05-10,V00008354,13,4,34,0,0.3077,0.1197
CM00007259,2026-05-08,V00005152,8,0,0,0,0.0,0.0
CM00007260,2026-01-08,V00009560,9,2,116,0,0.2222,0.3372
CM00007261,2026-06-15,V00003675,16,5,460,0,0.3125,0.5412
CM00007262,2026-08-11,V00011719,9,3,162,0,0.3333,0.7397
CM00007263,2026-08-11,V00002386,5,2,21,0,0.4,0.1591
CM00007264,2026-02-04,V00011775,11,3,179,1,0.2727,0.7956
CM00007265,2026-01-01,V00001719,8,2,35,0,0.25,0.3723
CM00007266,2026-01-09,V00010504,12,4,295,1,0.3333,0.5086
CM00007267,2026-04-10,V00009253,12,5,354,0,0.4167,0.4265
CM00007268,2026-06-03,V00011770,10,4,264,0,0.4,0.4889
CM00007269,2026-06-29,V00011263,9,1,1,0,0.1111,0.0263
CM00007270,2026-01-02,V00010198,10,1,88,0,0.1,0.7458
CM00007271,2026-05-26,V00003533,9,2,196,0,0.2222,0.7424
CM00007272,2026-07-31,V00008637,11,5,627,1,0.4545,0.8531
CM00007273,2026-08-25,V00013692,12,3,155,0,0.25,0.3944
CM00007274,2026-07-20,V00001566,11,4,41,0,0.3636,0.41
CM00007275,2026-04-25,V00000457,15,5,504,2,0.3333,0.6811
CM00007276,2026-02-11,V00002079,10,3,261,0,0.3,0.5472
CM00007277,2026-05-22,V00010325,10,4,288,1,0.4,0.5373
CM00007278,2026-06-04,V00001027,11,4,373,0,0.3636,0.6857
CM00007279,2026-03-09,V00008136,9,4,76,0,0.4444,0.3393
CM00007280,2026-06-19,V00000856,7,3,221,0,0.4286,0.6821
CM00007281,2026-08-09,V00003876,7,2,237,0,0.2857,0.8587
CM00007282,2026-07-06,V00009975,11,1,54,0,0.0909,0.6353
CM00007283,2026-04-18,V00014049,6,2,63,0,0.3333,0.1864
CM00007284,2026-07-29,V00012060,8,1,24,1,0.125,0.3429
CM00007285,2026-03-04,V00002787,7,2,81,0,0.2857,0.8438
CM00007286,2026-02-19,V00003825,7,0,0,0,0.0,0.0
CM00007287,2026-06-17,V00003574,6,1,98,0,0.1667,0.6323
CM00007288,2026-05-02,V00011833,10,3,256,0,0.3,0.7232
CM00007289,2026-05-22,V00012366,7,3,61,1,0.4286,0.4841
CM00007290,2026-06-08,V00001582,10,3,232,0,0.3,0.5903
CM00007291,2026-04-24,V00001962,5,1,13,1,0.2,0.1912
CM00007292,2026-08-10,V00012813,7,4,162,0,0.5714,0.5192
CM00007293,2026-06-07,V00000663,11,4,600,1,0.3636,0.838
CM00007294,2026-04-05,V00013510,8,5,133,0,0.625,0.6186
CM00007295,2026-04-05,V00009285,9,0,0,0,0.0,0.0
CM00007296,2026-08-10,V00014626,7,1,82,0,0.1429,0.7321
CM00007297,2026-01-31,V00014140,9,3,100,1,0.3333,0.5952
CM00007298,2026-07-04,V00002893,10,4,332,1,0.4,0.8925
CM00007299,2026-04-11,V00013789,13,6,413,1,0.4615,0.8498
CM00007300,2026-06-30,V00008980,15,4,54,1,0.2667,0.7941
CM00007301,2026-06-08,V00012731,4,2,24,0,0.5,0.75
CM00007302,2026-04-29,V00012671,9,3,69,0,0.3333,0.6571
CM00007303,2026-08-22,V00005649,13,7,208,0,0.5385,0.6064
CM00007304,2026-05-29,V00009395,14,6,36,0,0.4286,0.6667
CM00007305,2026-08-21,V00009410,7,1,109,0,0.1429,0.6124
CM00007306,2026-01-20,V00001265,12,1,25,0,0.0833,0.5682
CM00007307,2026-07-23,V00002470,9,2,212,1,0.2222,0.8092
CM00007308,2026-06-01,V00008514,9,3,150,1,0.3333,0.6849
CM00007309,2026-04-29,V00000413,10,4,99,0,0.4,0.4267
CM00007310,2026-02-05,V00002129,10,5,248,1,0.5,0.5333
CM00007311,2026-04-25,V00011807,7,2,73,0,0.2857,0.553
CM00007312,2026-04-03,V00000757,10,4,107,0,0.4,0.5691
CM00007313,2026-05-17,V00011918,11,6,73,3,0.5455,0.869
CM00007314,2026-08-26,V00004611,12,4,267,1,0.3333,0.5907
CM00007315,2026-07-10,V00001586,10,4,255,1,0.4,0.4167
CM00007316,2026-03-18,V00013554,7,4,23,0,0.5714,0.6389
CM00007317,2026-03-25,V00013369,7,4,228,0,0.5714,0.4957
CM00007318,2026-04-30,V00000572,6,3,160,0,0.5,0.8081
CM00007319,2026-06-12,V00005619,2,0,0,0,0.0,0.0
CM00007320,2026-02-09,V00014312,11,3,121,0,0.2727,0.6205
CM00007321,2026-02-23,V00007698,13,6,100,0,0.4615,0.5376
CM00007322,2026-01-01,V00001221,7,1,55,1,0.1429,0.7237
CM00007323,2026-06-29,V00005749,7,4,481,0,0.5714,0.7659
CM00007324,2026-05-10,V00009760,13,6,178,0,0.4615,0.6054
CM00007325,2026-08-05,V00007939,16,6,95,0,0.375,0.3369
CM00007326,2026-03-24,V00010331,15,8,908,0,0.5333,0.7669
CM00007327,2026-03-23,V00014989,16,5,38,0,0.3125,0.6333
CM00007328,2026-06-16,V00007817,15,5,370,1,0.3333,0.5103
CM00007329,2026-05-18,V00014943,13,6,312,0,0.4615,0.6118
CM00007330,2026-08-25,V00008808,14,6,286,0,0.4286,0.6272
CM00007331,2026-07-20,V00008770,10,4,572,1,0.4,1.0
CM00007332,2026-07-27,V00005045,10,2,138,0,0.2,0.561
CM00007333,2026-01-03,V00008545,8,3,123,1,0.375,0.295
CM00007334,2026-05-11,V00000565,8,2,92,0,0.25,0.5227
CM00007335,2026-08-18,V00011253,7,4,313,1,0.5714,0.555
CM00007336,2026-03-29,V00010845,13,3,206,1,0.2308,0.4547
CM00007337,2026-03-24,V00013822,11,4,271,1,0.3636,0.7612
CM00007338,2026-06-25,V00014889,8,4,438,1,0.5,0.6975
CM00007339,2026-03-25,V00010319,9,1,61,0,0.1111,0.7821
CM00007340,2026-07-17,V00011693,6,4,55,0,0.6667,0.5978
CM00007341,2026-03-13,V00011086,10,4,129,2,0.4,0.4135
CM00007342,2026-08-14,V00012687,7,3,115,2,0.4286,0.8519
CM00007343,2026-07-04,V00007942,11,7,640,1,0.6364,0.7814
CM00007344,2026-01-10,V00012985,8,5,112,3,0.625,0.6222
CM00007345,2026-05-14,V00011375,10,6,257,0,0.6,0.4462
CM00007346,2026-08-16,V00012271,11,5,332,0,0.4545,0.7545
CM00007347,2026-04-18,V00013219,8,1,97,1,0.125,0.669
CM00007348,2026-02-14,V00000370,7,4,577,2,0.5714,0.8796
CM00007349,2026-07-07,V00002683,6,2,19,0,0.3333,0.1792
CM00007350,2026-08-01,V00004677,11,7,143,0,0.6364,0.8171
CM00007351,2026-04-07,V00006764,8,3,96,0,0.375,0.2689
CM00007352,2026-06-29,V00014268,9,3,114,0,0.3333,0.2184
CM00007353,2026-03-27,V00000001,11,1,26,0,0.0909,0.2796
CM00007354,2026-05-29,V00009445,7,2,142,0,0.2857,0.71
CM00007355,2026-07-06,V00005662,10,4,184,0,0.4,0.7797
CM00007356,2026-07-06,V00010793,7,0,0,0,0.0,0.0
CM00007357,2026-05-28,V00003958,8,2,15,0,0.25,0.2143
CM00007358,2026-04-04,V00000179,10,6,77,1,0.6,0.6754
CM00007359,2026-05-15,V00001128,6,2,34,0,0.3333,0.2698
CM00007360,2026-01-26,V00014634,11,3,145,1,0.2727,0.3333
CM00007361,2026-04-09,V00012563,14,5,84,1,0.3571,0.672
CM00007362,2026-07-07,V00009998,9,3,212,0,0.3333,0.5158
CM00007363,2026-02-15,V00009127,12,7,278,0,0.5833,0.6205
CM00007364,2026-02-08,V00014087,7,2,107,0,0.2857,0.7039
CM00007365,2026-04-30,V00004656,11,1,66,0,0.0909,0.4681
CM00007366,2026-02-08,V00010930,9,4,285,0,0.4444,0.6477
CM00007367,2026-06-19,V00012311,7,1,10,0,0.1429,0.303
CM00007368,2026-08-28,V00010552,13,3,357,0,0.2308,0.6648
CM00007369,2026-06-07,V00009155,6,1,102,0,0.1667,0.6538
CM00007370,2026-03-03,V00014059,12,3,218,0,0.25,0.4129
CM00007371,2026-07-19,V00012025,10,5,349,0,0.5,0.8949
CM00007372,2026-05-14,V00003657,7,2,86,0,0.2857,0.7167
CM00007373,2026-07-26,V00002483,10,5,453,1,0.5,0.7366
CM00007374,2026-05-16,V00010242,10,6,565,0,0.6,0.7188
CM00007375,2026-08-24,V00014081,12,7,434,0,0.5833,0.6458
CM00007376,2026-05-24,V00008610,8,1,4,0,0.125,0.4444
CM00007377,2026-01-07,V00006511,9,3,272,0,0.3333,0.7196
CM00007378,2026-07-07,V00004156,10,2,259,1,0.2,0.9522
CM00007379,2026-08-11,V00013590,11,5,392,1,0.4545,0.6078
CM00007380,2026-03-17,V00011846,10,3,26,1,0.3,0.4815
CM00007381,2026-04-29,V00009456,8,3,229,0,0.375,0.9542
CM00007382,2026-02-12,V00013404,12,5,278,0,0.4167,0.4378
CM00007383,2026-01-20,V00009716,12,5,284,2,0.4167,0.6242
CM00007384,2026-06-06,V00004491,9,4,110,0,0.4444,0.7237
CM00007385,2026-06-20,V00011425,4,2,13,0,0.5,0.1912
CM00007386,2026-07-31,V00001460,10,4,65,0,0.4,0.1048
CM00007387,2026-02-17,V00000155,5,1,25,1,0.2,0.3623
CM00007388,2026-04-11,V00002349,12,4,288,1,0.3333,0.6
CM00007389,2026-05-07,V00013722,8,1,103,0,0.125,0.7203
CM00007390,2026-06-12,V00012359,6,1,89,0,0.1667,0.9368
CM00007391,2026-05-14,V00012261,12,4,131,0,0.3333,0.3149
CM00007392,2026-01-24,V00001541,8,2,64,0,0.25,0.381
CM00007393,2026-04-25,V00000359,10,2,63,1,0.2,0.5526
CM00007394,2026-06-14,V00008612,8,1,31,0,0.125,0.4627
CM00007395,2026-05-18,V00007114,9,2,34,0,0.2222,0.3778
CM00007396,2026-01-20,V00006970,9,3,109,0,0.3333,0.6987
CM00007397,2026-07-26,V00005689,15,9,391,0,0.6,0.3242
CM00007398,2026-07-16,V00007204,10,3,22,0,0.3,0.4583
CM00007399,2026-05-06,V00013667,6,0,0,0,0.0,0.0
CM00007400,2026-08-18,V00013179,6,4,317,0,0.6667,0.5048
CM00007401,2026-07-12,V00005496,10,2,71,0,0.2,0.7889
CM00007402,2026-01-21,V00011839,7,1,164,0,0.1429,1.0
CM00007403,2026-05-17,V00010133,6,1,18,0,0.1667,0.5
CM00007404,2026-08-12,V00001519,14,4,311,1,0.2857,0.5289
CM00007405,2026-06-10,V00009565,7,2,43,0,0.2857,0.4674
CM00007406,2026-07-23,V00003444,8,3,220,0,0.375,0.6984
CM00007407,2026-08-04,V00011750,9,2,102,0,0.2222,0.7969
CM00007408,2026-08-26,V00011837,8,2,46,1,0.25,0.8519
CM00007409,2026-01-09,V00014976,9,4,197,1,0.4444,0.5534
CM00007410,2026-02-21,V00009612,13,1,19,0,0.0769,0.5758
CM00007411,2026-02-09,V00010415,11,1,3,0,0.0909,0.0291
CM00007412,2026-06-22,V00004618,8,2,138,0,0.25,0.4964
CM00007413,2026-01-28,V00005029,5,1,23,0,0.2,0.6389
CM00007414,2026-05-29,V00011687,14,4,109,0,0.2857,0.3633
CM00007415,2026-04-20,V00007926,12,3,174,1,0.25,0.6905
CM00007416,2026-05-26,V00002533,9,1,9,0,0.1111,0.6
CM00007417,2026-03-31,V00012541,11,4,234,1,0.3636,0.6802
CM00007418,2026-05-05,V00007739,6,1,15,1,0.1667,0.2727
CM00007419,2026-07-18,V00004505,11,5,389,0,0.4545,0.643
CM00007420,2026-03-28,V00010020,8,4,164,0,0.5,0.5694
CM00007421,2026-06-14,V00000941,11,7,112,1,0.6364,0.6957
CM00007422,2026-07-29,V00002365,6,0,0,0,0.0,0.0
CM00007423,2026-01-21,V00007730,10,1,18,1,0.1,0.2857
CM00007424,2026-02-11,V00005747,5,1,45,0,0.2,0.5422
CM00007425,2026-08-16,V00005520,11,7,370,3,0.6364,0.8959
CM00007426,2026-07-30,V00006875,13,6,285,2,0.4615,0.475
CM00007427,2026-02-06,V00002849,10,8,1160,0,0.8,0.8951
CM00007428,2026-05-24,V00001193,11,4,101,0,0.3636,0.6012
CM00007429,2026-04-11,V00003562,4,1,21,0,0.25,0.118
CM00007430,2026-07-29,V00000364,15,7,287,2,0.4667,0.6212
CM00007431,2026-07-28,V00009136,8,3,27,2,0.375,0.6
CM00007432,2026-08-28,V00005347,12,5,189,0,0.4167,0.8591
CM00007433,2026-05-25,V00011919,7,4,266,1,0.5714,0.532
CM00007434,2026-06-24,V00009879,7,2,73,0,0.2857,0.6636
CM00007435,2026-02-07,V00012884,10,3,219,1,0.3,0.4424
CM00007436,2026-08-16,V00012453,8,2,197,0,0.25,0.6567
CM00007437,2026-01-16,V00014954,11,5,67,1,0.4545,0.7882
CM00007438,2026-07-20,V00012689,8,1,19,0,0.125,0.8261
CM00007439,2026-05-10,V00002663,9,4,232,0,0.4444,0.4328
CM00007440,2026-03-27,V00011952,8,6,622,3,0.75,0.9174
CM00007441,2026-08-05,V00007460,11,4,45,1,0.3636,0.4891
CM00007442,2026-06-08,V00000508,7,3,24,1,0.4286,0.7273
CM00007443,2026-04-17,V00006141,16,6,305,0,0.375,0.6124
CM00007444,2026-01-01,V00002694,10,4,281,0,0.4,0.7473
CM00007445,2026-08-28,V00010006,10,3,122,0,0.3,0.2824
CM00007446,2026-06-12,V00012354,11,7,139,2,0.6364,0.5673
CM00007447,2026-07-01,V00000977,10,4,145,2,0.4,0.5577
CM00007448,2026-07-18,V00008771,12,3,204,0,0.25,0.8293
CM00007449,2026-04-12,V00003055,5,2,216,0,0.4,0.7248
CM00007450,2026-02-04,V00006431,11,2,93,0,0.1818,0.5054
CM00007451,2026-02-02,V00000644,11,3,62,1,0.2727,0.4218
CM00007452,2026-04-01,V00005980,8,4,70,0,0.5,0.2652
CM00007453,2026-06-16,V00004224,14,4,246,0,0.2857,0.3576
CM00007454,2026-08-08,V00004789,12,4,21,0,0.3333,0.4773
CM00007455,2026-03-14,V00004462,6,2,54,1,0.3333,0.675
CM00007456,2026-08-28,V00010311,11,6,34,1,0.5455,0.5667
CM00007457,2026-06-05,V00014832,5,1,80,1,0.2,0.5298
CM00007458,2026-05-14,V00013438,8,1,14,0,0.125,0.0952
CM00007459,2026-02-08,V00013195,12,7,450,2,0.5833,0.7563
CM00007460,2026-07-07,V00013270,9,4,22,1,0.4444,0.5
CM00007461,2026-04-24,V00006946,11,5,90,0,0.4545,0.5294
CM00007462,2026-03-26,V00004927,8,2,181,0,0.25,0.6074
CM00007463,2026-03-30,V00006994,13,4,281,0,0.3077,0.4532
CM00007464,2026-05-15,V00014228,8,3,217,0,0.375,0.4019
CM00007465,2026-07-14,V00011939,14,5,142,0,0.3571,0.6927
CM00007466,2026-02-22,V00000007,12,4,126,1,0.3333,0.8289
CM00007467,2026-07-25,V00008680,10,5,488,0,0.5,0.8133
CM00007468,2026-08-06,V00013829,4,2,23,0,0.5,0.8214
CM00007469,2026-05-25,V00001463,8,2,5,0,0.25,0.061
CM00007470,2026-05-14,V00008363,8,2,120,0,0.25,0.5825
CM00007471,2026-01-22,V00008746,6,4,125,1,0.6667,0.9191
CM00007472,2026-01-15,V00006110,6,2,79,1,0.3333,0.3435
CM00007473,2026-05-21,V00013239,11,3,292,2,0.2727,0.7664
CM00007474,2026-07-27,V00005908,3,1,50,0,0.3333,0.5319
CM00007475,2026-03-02,V00000101,10,2,116,0,0.2,0.4833
CM00007476,2026-08-28,V00003728,12,5,181,0,0.4167,0.4114
CM00007477,2026-06-22,V00003119,8,4,115,0,0.5,0.7188
CM00007478,2026-08-05,V00007430,14,5,278,1,0.3571,0.4212
CM00007479,2026-07-31,V00001938,12,5,159,1,0.4167,0.5782
CM00007480,2026-08-06,V00000889,10,5,228,1,0.5,0.5124
CM00007481,2026-06-19,V00012692,14,3,300,1,0.2143,1.0
CM00007482,2026-07-12,V00007711,11,4,266,0,0.3636,0.4375
CM00007483,2026-07-05,V00010161,12,5,196,2,0.4167,0.5521
CM00007484,2026-06-15,V00010779,7,3,34,0,0.4286,0.4359
CM00007485,2026-06-27,V00011174,8,1,75,0,0.125,0.7576
CM00007486,2026-07-16,V00002640,12,5,443,1,0.4167,0.5469
CM00007487,2026-05-25,V00000210,14,2,35,0,0.1429,0.108
CM00007488,2026-07-17,V00000793,8,1,27,0,0.125,0.4091
CM00007489,2026-07-03,V00001395,7,3,195,0,0.4286,0.4392
CM00007490,2026-03-06,V00009735,7,3,162,0,0.4286,0.6279
CM00007491,2026-07-22,V00012396,10,4,295,1,0.4,0.8016
CM00007492,2026-03-17,V00009672,11,4,315,1,0.3636,0.7031
CM00007493,2026-04-28,V00010565,9,2,87,0,0.2222,0.3919
CM00007494,2026-06-27,V00007486,10,6,571,1,0.6,0.7155
CM00007495,2026-03-30,V00009527,11,4,381,0,0.3636,0.635
CM00007496,2026-08-15,V00009175,8,1,6,0,0.125,0.1
CM00007497,2026-08-17,V00009459,8,2,78,1,0.25,0.4432
CM00007498,2026-05-26,V00002015,12,4,171,0,0.3333,0.45
CM00007499,2026-03-12,V00000668,9,3,265,0,0.3333,0.6448
CM00007500,2026-06-16,V00004504,10,2,38,1,0.2,0.7037
CM00007501,2026-01-28,V00011889,10,5,242,0,0.5,0.7934
CM00007502,2026-08-10,V00014615,5,1,51,0,0.2,0.3778
CM00007503,2026-04-17,V00011867,6,3,69,2,0.5,0.7931
CM00007504,2026-02-01,V00002056,14,7,412,1,0.5,0.4059
CM00007505,2026-04-15,V00001935,3,0,0,0,0.0,0.0
CM00007506,2026-07-17,V00007839,14,6,531,1,0.4286,0.5861
CM00007507,2026-06-22,V00002693,14,8,796,2,0.5714,0.7713
CM00007508,2026-01-16,V00009235,12,3,124,0,0.25,0.3039
CM00007509,2026-08-09,V00010980,10,2,87,2,0.2,0.2719
CM00007510,2026-08-27,V00011466,8,2,59,0,0.25,0.3352
CM00007511,2026-05-16,V00005348,11,2,74,2,0.1818,0.2824
CM00007512,2026-01-21,V00006181,17,4,49,0,0.2353,0.25
CM00007513,2026-02-07,V00010755,15,6,363,1,0.4,0.555
CM00007514,2026-04-07,V00014279,12,0,0,0,0.0,0.0
CM00007515,2026-02-03,V00004584,10,6,589,0,0.6,0.6544
CM00007516,2026-05-21,V00010999,10,4,146,1,0.4,0.4451
CM00007517,2026-02-27,V00005251,12,5,209,0,0.4167,0.8708
CM00007518,2026-01-01,V00012272,8,1,112,0,0.125,1.0
CM00007519,2026-08-27,V00000237,13,4,136,0,0.3077,0.5
CM00007520,2026-06-08,V00001447,12,2,137,0,0.1667,0.5229
CM00007521,2026-05-22,V00008698,9,4,206,1,0.4444,0.4364
CM00007522,2026-07-13,V00005631,13,5,355,0,0.3846,0.4494
CM00007523,2026-08-03,V00005522,12,4,217,0,0.3333,0.4677
CM00007524,2026-05-04,V00000987,11,3,128,0,0.2727,0.4741
CM00007525,2026-03-17,V00006768,7,3,107,0,0.4286,0.4053
CM00007526,2026-08-25,V00013177,10,3,139,0,0.3,0.3263
CM00007527,2026-03-04,V00011769,6,4,260,1,0.6667,0.8125
CM00007528,2026-06-16,V00006730,11,2,176,0,0.1818,0.5176
CM00007529,2026-07-01,V00007909,12,4,437,0,0.3333,0.764
CM00007530,2026-02-12,V00014865,9,2,240,1,0.2222,0.6857
CM00007531,2026-07-24,V00013317,5,1,7,1,0.2,0.7
CM00007532,2026-01-10,V00003784,6,2,146,0,0.3333,0.5794
CM00007533,2026-05-06,V00011568,11,4,182,0,0.3636,0.5833
CM00007534,2026-02-09,V00012020,12,2,61,0,0.1667,0.6224
CM00007535,2026-03-20,V00000800,9,2,141,0,0.2222,0.5184
CM00007536,2026-02-23,V00001844,13,7,232,1,0.5385,0.4803
CM00007537,2026-04-13,V00002631,9,3,292,0,0.3333,0.7604
CM00007538,2026-02-01,V00011038,8,3,90,0,0.375,0.6383
CM00007539,2026-05-07,V00010498,8,5,236,1,0.625,0.8138
CM00007540,2026-05-24,V00010571,9,1,102,0,0.1111,0.7183
CM00007541,2026-04-06,V00008574,3,1,42,0,0.3333,0.5455
CM00007542,2026-04-03,V00007732,9,5,376,2,0.5556,0.5785
CM00007543,2026-04-28,V00010989,5,4,269,0,0.8,0.4575
CM00007544,2026-05-28,V00007190,10,4,259,1,0.4,0.3809
CM00007545,2026-06-07,V00005794,8,1,85,0,0.125,0.4802
CM00007546,2026-07-19,V00013575,10,4,229,1,0.4,0.3646
CM00007547,2026-06-28,V00010240,8,1,51,0,0.125,1.0
CM00007548,2026-04-20,V00005975,10,5,455,1,0.5,0.7913
CM00007549,2026-06-07,V00013732,9,3,122,0,0.3333,0.607
CM00007550,2026-08-20,V00008932,13,6,654,1,0.4615,0.6813
CM00007551,2026-03-16,V00008522,10,4,270,0,0.4,0.5973
CM00007552,2026-07-15,V00003768,12,2,71,0,0.1667,0.2052
CM00007553,2026-02-27,V00004213,6,2,90,0,0.3333,0.2647
CM00007554,2026-07-21,V00007248,9,3,138,1,0.3333,0.5823
CM00007555,2026-07-11,V00003155,5,2,141,0,0.4,0.6779
CM00007556,2026-04-18,V00014237,3,2,26,0,0.6667,0.3023
CM00007557,2026-01-22,V00005185,4,4,147,1,1.0,0.5034
CM00007558,2026-07-08,V00014939,6,2,35,0,0.3333,0.6731
CM00007559,2026-04-18,V00004240,9,3,292,2,0.3333,0.5659
CM00007560,2026-07-01,V00007892,6,1,2,0,0.1667,0.1429
CM00007561,2026-04-10,V00002880,6,4,350,1,0.6667,0.7292
CM00007562,2026-02-26,V00003677,10,6,716,2,0.6,0.9109
CM00007563,2026-05-30,V00012995,2,0,0,0,0.0,0.0
CM00007564,2026-08-17,V00005443,9,4,179,0,0.4444,0.5888
CM00007565,2026-03-20,V00002953,8,4,179,0,0.5,0.7458
CM00007566,2026-05-17,V00013982,16,4,199,0,0.25,0.5129
CM00007567,2026-06-28,V00004095,12,5,254,0,0.4167,0.3848
CM00007568,2026-07-17,V00013153,12,6,143,2,0.5,0.5543
CM00007569,2026-05-16,V00011073,6,1,45,0,0.1667,0.4286
CM00007570,2026-06-19,V00000952,1,0,0,0,0.0,0.0
CM00007571,2026-08-06,V00004004,10,3,86,0,0.3,0.3629
CM00007572,2026-07-18,V00001968,10,3,94,1,0.3,0.3643
CM00007573,2026-04-23,V00005279,9,4,377,1,0.4444,0.792
CM00007574,2026-03-23,V00005378,10,5,383,1,0.5,0.6719
CM00007575,2026-07-25,V00004434,10,3,62,0,0.3,0.1667
CM00007576,2026-08-06,V00011680,15,4,161,2,0.2667,0.6389
CM00007577,2026-05-28,V00005213,7,5,105,1,0.7143,0.6562
CM00007578,2026-04-13,V00009304,13,7,73,2,0.5385,0.4345
CM00007579,2026-01-26,V00000363,11,2,109,1,0.1818,0.5093
CM00007580,2026-03-22,V00008701,6,4,281,0,0.6667,0.5758
CM00007581,2026-03-14,V00014924,14,5,285,1,0.3571,0.75
CM00007582,2026-02-21,V00014455,9,6,661,2,0.6667,0.8283
CM00007583,2026-05-22,V00010693,15,5,365,2,0.3333,0.7526
CM00007584,2026-08-05,V00007818,12,4,37,0,0.3333,0.37
CM00007585,2026-03-06,V00004041,11,4,327,1,0.3636,0.6593
CM00007586,2026-07-06,V00008606,8,0,0,0,0.0,0.0
CM00007587,2026-07-28,V00010377,8,2,13,0,0.25,0.5417
CM00007588,2026-06-02,V00010454,11,1,1,0,0.0909,0.0714
CM00007589,2026-03-06,V00012624,10,5,472,0,0.5,0.7492
CM00007590,2026-05-09,V00006622,15,4,344,1,0.2667,0.5
CM00007591,2026-07-16,V00006014,10,4,125,0,0.4,0.279
CM00007592,2026-02-20,V00013029,8,5,357,0,0.625,0.6432
CM00007593,2026-08-24,V00006785,8,2,42,0,0.25,0.4468
CM00007594,2026-02-23,V00012633,8,3,109,1,0.375,0.6606
CM00007595,2026-01-07,V00006253,6,3,82,0,0.5,0.7193
CM00007596,2026-07-20,V00003217,8,2,51,0,0.25,0.5426
CM00007597,2026-08-25,V00002333,8,2,24,0,0.25,0.4444
CM00007598,2026-04-16,V00011982,14,3,293,0,0.2143,0.7181
CM00007599,2026-08-21,V00007401,7,2,163,1,0.2857,0.547
CM00007600,2026-02-03,V00014686,11,2,116,0,0.1818,0.6517
CM00007601,2026-04-11,V00010196,13,3,158,0,0.2308,0.8103
CM00007602,2026-01-31,V00004823,10,5,537,0,0.5,0.6393
CM00007603,2026-07-27,V00004981,9,4,86,0,0.4444,0.2722
CM00007604,2026-03-31,V00014892,4,1,11,0,0.25,0.1692
CM00007605,2026-05-07,V00009757,10,1,6,0,0.1,0.0403
CM00007606,2026-02-23,V00004111,7,1,50,1,0.1429,0.8065
CM00007607,2026-06-18,V00005610,13,8,477,1,0.6154,0.9034
CM00007608,2026-02-06,V00012116,7,0,0,0,0.0,0.0
CM00007609,2026-02-22,V00011259,5,3,314,1,0.6,0.887
CM00007610,2026-08-25,V00006444,10,3,208,2,0.3,0.6797
CM00007611,2026-03-16,V00013420,7,3,35,1,0.4286,0.4321
CM00007612,2026-05-28,V00012795,14,2,54,0,0.1429,0.27
CM00007613,2026-06-22,V00009981,13,4,99,1,0.3077,0.4125
CM00007614,2026-02-27,V00002627,14,8,911,2,0.5714,0.7492
CM00007615,2026-07-28,V00011008,7,2,22,0,0.2857,0.1549
CM00007616,2026-07-25,V00008154,11,3,219,2,0.2727,0.5177
CM00007617,2026-04-17,V00014119,8,2,193,1,0.25,0.6266
CM00007618,2026-05-18,V00013830,7,4,207,0,0.5714,0.3862
CM00007619,2026-05-06,V00005892,9,3,90,0,0.3333,0.6977
CM00007620,2026-04-09,V00006005,11,6,408,0,0.5455,0.5484
CM00007621,2026-06-04,V00012903,4,2,46,1,0.5,0.4792
CM00007622,2026-08-27,V00000581,12,2,101,0,0.1667,0.7113
CM00007623,2026-07-01,V00003776,12,5,278,0,0.4167,0.5398
CM00007624,2026-05-06,V00012786,7,2,140,0,0.2857,0.5303
CM00007625,2026-05-06,V00002580,7,4,118,1,0.5714,0.686
CM00007626,2026-04-01,V00007666,3,1,58,0,0.3333,0.6517
CM00007627,2026-06-07,V00010800,8,2,13,0,0.25,0.2708
CM00007628,2026-03-21,V00001759,8,1,63,0,0.125,0.4846
CM00007629,2026-05-04,V00014797,9,0,0,0,0.0,0.0
CM00007630,2026-08-13,V00000166,7,1,43,0,0.1429,0.3185
CM00007631,2026-02-24,V00010050,11,0,0,0,0.0,0.0
CM00007632,2026-06-27,V00000815,6,3,16,0,0.5,0.5926
CM00007633,2026-02-20,V00009072,9,5,339,0,0.5556,0.5845
CM00007634,2026-01-28,V00010541,11,3,244,0,0.2727,0.7262
CM00007635,2026-06-16,V00003514,5,2,208,0,0.4,0.8739
CM00007636,2026-06-02,V00007469,3,1,64,0,0.3333,0.5378
CM00007637,2026-07-09,V00011588,4,1,65,0,0.25,0.461
CM00007638,2026-08-23,V00007301,6,1,108,0,0.1667,0.6968
CM00007639,2026-03-22,V00009889,9,3,10,0,0.3333,0.4167
CM00007640,2026-06-24,V00001362,10,1,21,0,0.1,0.4375
CM00007641,2026-01-16,V00010436,10,9,106,4,0.9,0.7852
CM00007642,2026-06-12,V00011629,6,2,113,1,0.3333,0.4154
CM00007643,2026-01-10,V00013780,8,1,30,0,0.125,0.6667
CM00007644,2026-07-26,V00003082,11,3,292,1,0.2727,0.5626
CM00007645,2026-07-18,V00006748,13,5,476,0,0.3846,0.8734
CM00007646,2026-05-21,V00008495,13,5,184,1,0.3846,0.5412
CM00007647,2026-08-21,V00005570,6,1,41,0,0.1667,0.6308
CM00007648,2026-04-30,V00000599,9,3,71,0,0.3333,0.6762
CM00007649,2026-05-17,V00000950,9,4,435,1,0.4444,0.725
CM00007650,2026-05-18,V00008801,8,3,180,0,0.375,0.3871
CM00007651,2026-05-09,V00011278,7,3,25,1,0.4286,0.7576
CM00007652,2026-06-17,V00011005,7,1,73,1,0.1429,0.5141
CM00007653,2026-03-07,V00005195,11,1,9,0,0.0909,0.1607
CM00007654,2026-08-06,V00005676,13,7,700,2,0.5385,0.8
CM00007655,2026-05-18,V00000167,12,9,197,0,0.75,0.6438
CM00007656,2026-04-22,V00006294,7,1,146,0,0.1429,0.8957
CM00007657,2026-08-27,V00001420,9,3,51,0,0.3333,0.6538
CM00007658,2026-05-27,V00001070,9,1,60,0,0.1111,0.6316
CM00007659,2026-08-12,V00010359,10,4,129,0,0.4,0.215
CM00007660,2026-05-19,V00010788,9,3,164,0,0.3333,0.4481
CM00007661,2026-08-23,V00004648,9,6,211,0,0.6667,0.5861
CM00007662,2026-05-27,V00011177,8,2,193,0,0.25,0.9747
CM00007663,2026-08-14,V00002948,7,7,376,1,1.0,0.6174
CM00007664,2026-08-26,V00005725,12,0,0,0,0.0,0.0
CM00007665,2026-01-01,V00001683,13,1,15,0,0.0769,0.3191
CM00007666,2026-02-09,V00006071,9,2,304,2,0.2222,0.956
CM00007667,2026-05-29,V00003683,5,1,94,0,0.2,0.5732
CM00007668,2026-07-06,V00012800,12,5,263,1,0.4167,0.7013
CM00007669,2026-05-07,V00006791,8,3,109,0,0.375,0.2137
CM00007670,2026-06-19,V00005204,11,5,460,0,0.4545,0.6133
CM00007671,2026-04-05,V00007220,15,5,118,0,0.3333,0.6378
CM00007672,2026-03-29,V00001415,9,4,633,1,0.4444,0.9709
CM00007673,2026-07-26,V00007325,10,2,99,0,0.2,0.7857
CM00007674,2026-06-20,V00003250,12,4,84,1,0.3333,0.4667
CM00007675,2026-08-23,V00009389,5,0,0,0,0.0,0.0
CM00007676,2026-08-24,V00007619,8,3,254,0,0.375,0.7493
CM00007677,2026-03-05,V00008646,8,5,350,0,0.625,0.5932
CM00007678,2026-05-05,V00010426,7,3,29,1,0.4286,0.537
CM00007679,2026-03-18,V00011225,9,2,104,1,0.2222,0.5361
CM00007680,2026-07-24,V00009407,8,2,9,0,0.25,0.1552
CM00007681,2026-05-05,V00003579,7,5,138,2,0.7143,0.6732
CM00007682,2026-07-28,V00011124,16,5,202,0,0.3125,0.4165
CM00007683,2026-08-24,V00009307,12,4,303,1,0.3333,0.5611
CM00007684,2026-08-08,V00012957,16,2,190,0,0.125,0.9135
CM00007685,2026-02-03,V00014624,9,4,97,2,0.4444,0.5774
CM00007686,2026-04-11,V00007851,4,2,51,0,0.5,0.4722
CM00007687,2026-01-06,V00000211,12,1,29,0,0.0833,0.8788
CM00007688,2026-06-20,V00014463,12,4,45,1,0.3333,0.5625
CM00007689,2026-02-20,V00000093,10,3,240,1,0.3,0.6838
CM00007690,2026-04-27,V00010722,9,5,204,0,0.5556,0.6476
CM00007691,2026-07-20,V00000660,15,1,20,0,0.0667,0.4651
CM00007692,2026-06-06,V00000142,7,4,397,0,0.5714,0.8069
CM00007693,2026-07-15,V00006967,13,2,37,0,0.1538,0.7115
CM00007694,2026-01-27,V00004596,12,1,35,0,0.0833,0.1944
CM00007695,2026-04-06,V00011131,15,5,178,0,0.3333,0.8683
CM00007696,2026-04-30,V00014998,8,1,47,0,0.125,0.7344
CM00007697,2026-06-26,V00007862,3,0,0,0,0.0,0.0
CM00007698,2026-08-06,V00013955,8,3,57,0,0.375,0.7037
CM00007699,2026-06-22,V00008369,5,3,69,0,0.6,0.8519
CM00007700,2026-01-14,V00006424,8,3,159,1,0.375,0.5761
CM00007701,2026-08-25,V00004109,10,5,76,2,0.5,0.4343
CM00007702,2026-06-10,V00014411,14,6,253,1,0.4286,0.753
CM00007703,2026-01-28,V00004168,8,3,15,0,0.375,0.0746
CM00007704,2026-07-17,V00005770,10,4,160,2,0.4,0.4444
CM00007705,2026-04-27,V00008091,2,1,162,1,0.5,0.9586
CM00007706,2026-06-09,V00007543,9,2,28,0,0.2222,0.0986
CM00007707,2026-04-27,V00006017,5,2,213,0,0.4,0.8659
CM00007708,2026-02-25,V00003833,11,5,390,1,0.4545,0.5342
CM00007709,2026-03-31,V00003859,9,3,85,0,0.3333,0.1941
CM00007710,2026-06-02,V00001930,4,2,19,0,0.5,0.1532
CM00007711,2026-05-01,V00012414,11,4,96,1,0.3636,0.2824
CM00007712,2026-07-08,V00008250,12,3,487,1,0.25,0.9959
CM00007713,2026-07-28,V00010184,10,1,36,0,0.1,0.5806
CM00007714,2026-03-08,V00013120,15,6,322,0,0.4,0.603
CM00007715,2026-06-05,V00010338,10,4,294,0,0.4,0.6074
CM00007716,2026-03-10,V00004218,4,1,133,1,0.25,0.9852
CM00007717,2026-06-12,V00012507,8,3,386,0,0.375,0.8301
CM00007718,2026-06-06,V00001621,12,1,81,0,0.0833,0.7714
CM00007719,2026-02-18,V00003178,8,4,166,1,0.5,0.5123
CM00007720,2026-03-12,V00001728,10,3,28,0,0.3,0.4444
CM00007721,2026-04-11,V00011821,9,1,38,0,0.1111,0.2184
CM00007722,2026-06-12,V00002514,10,3,122,1,0.3,0.7821
CM00007723,2026-06-02,V00004731,12,4,234,0,0.3333,0.468
CM00007724,2026-03-16,V00010444,8,2,35,0,0.25,0.1199
CM00007725,2026-02-27,V00002949,6,1,4,0,0.1667,0.0471
CM00007726,2026-02-12,V00009634,9,3,126,1,0.3333,0.3387
CM00007727,2026-08-03,V00002207,7,3,383,0,0.4286,0.8399
CM00007728,2026-05-12,V00014474,12,3,279,1,0.25,0.7561
CM00007729,2026-08-19,V00007124,6,2,176,0,0.3333,0.6567
CM00007730,2026-08-07,V00004155,13,5,342,2,0.3846,0.6393
CM00007731,2026-01-14,V00011565,9,4,284,1,0.4444,0.8256
CM00007732,2026-01-22,V00005521,10,3,239,0,0.3,0.6868
CM00007733,2026-02-06,V00013902,8,4,271,0,0.5,0.8686
CM00007734,2026-02-19,V00014222,16,6,728,0,0.375,0.6933
CM00007735,2026-01-19,V00011623,5,1,59,0,0.2,0.6705
CM00007736,2026-01-24,V00014184,10,1,68,0,0.1,0.6939
CM00007737,2026-07-20,V00007415,4,3,165,1,0.75,0.6044
CM00007738,2026-06-09,V00000528,9,4,245,0,0.4444,0.4344
CM00007739,2026-03-02,V00006273,12,4,195,0,0.3333,0.4875
CM00007740,2026-05-14,V00005530,5,1,30,1,0.2,0.3797
CM00007741,2026-06-15,V00010975,10,7,74,1,0.7,0.7048
CM00007742,2026-02-01,V00014299,15,7,163,1,0.4667,0.5062
CM00007743,2026-08-03,V00009786,12,3,155,1,0.25,0.5326
CM00007744,2026-06-23,V00004361,8,4,293,0,0.5,0.6659
CM00007745,2026-07-24,V00014887,11,5,264,0,0.4545,0.4552
CM00007746,2026-08-20,V00002080,8,3,58,0,0.375,0.7436
CM00007747,2026-07-21,V00002705,7,2,76,1,0.2857,0.6786
CM00007748,2026-08-27,V00004690,5,1,23,0,0.2,0.434
CM00007749,2026-06-26,V00005239,8,1,153,0,0.125,0.8895
CM00007750,2026-07-24,V00013953,10,2,43,0,0.2,0.2087
CM00007751,2026-06-30,V00000635,9,2,213,0,0.2222,0.7553
CM00007752,2026-07-28,V00001597,8,5,591,2,0.625,0.7252
CM00007753,2026-01-02,V00011510,16,3,29,2,0.1875,0.1859
CM00007754,2026-02-26,V00007840,7,4,89,1,0.5714,0.4734
CM00007755,2026-08-02,V00000265,7,1,61,0,0.1429,0.6778
CM00007756,2026-03-09,V00011997,11,5,110,1,0.4545,0.5946
CM00007757,2026-07-20,V00011616,12,8,146,0,0.6667,0.7019
CM00007758,2026-04-19,V00006393,3,1,18,0,0.3333,0.8571
CM00007759,2026-07-25,V00000036,9,1,128,0,0.1111,0.7232
CM00007760,2026-03-15,V00014467,11,7,185,2,0.6364,0.7143
CM00007761,2026-05-06,V00000405,14,8,454,2,0.5714,0.7669
CM00007762,2026-06-25,V00004932,11,5,94,0,0.4545,0.6483
CM00007763,2026-03-30,V00006285,13,4,137,0,0.3077,0.3293
CM00007764,2026-04-18,V00010796,11,3,214,0,0.2727,0.4271
CM00007765,2026-06-26,V00014046,11,3,86,0,0.2727,0.5972
CM00007766,2026-04-02,V00004273,10,3,401,0,0.3,0.8101
CM00007767,2026-04-09,V00010868,8,2,249,1,0.25,0.883
CM00007768,2026-07-21,V00012755,9,2,94,0,0.2222,0.5875
CM00007769,2026-02-03,V00007045,10,4,262,0,0.4,0.5551
CM00007770,2026-03-05,V00005639,4,1,64,0,0.25,0.5981
CM00007771,2026-08-15,V00003173,8,2,22,0,0.25,0.7333
CM00007772,2026-08-07,V00011771,8,1,21,0,0.125,0.3889
CM00007773,2026-07-27,V00010115,11,3,96,0,0.2727,0.5714
CM00007774,2026-05-06,V00004000,8,1,49,0,0.125,0.6049
CM00007775,2026-05-28,V00012001,5,2,203,0,0.4,0.6506
CM00007776,2026-04-05,V00006202,6,1,136,0,0.1667,0.8293
CM00007777,2026-07-09,V00013761,7,3,94,1,0.4286,0.6528
CM00007778,2026-02-25,V00005755,6,1,163,0,0.1667,0.9819
CM00007779,2026-05-13,V00004591,10,4,86,0,0.4,0.5
CM00007780,2026-08-12,V00003987,7,5,336,0,0.7143,0.513
CM00007781,2026-04-18,V00006861,4,3,77,1,0.75,0.3949
CM00007782,2026-07-07,V00011387,6,2,134,1,0.3333,0.6634
CM00007783,2026-03-08,V00005524,11,5,404,1,0.4545,0.6966
CM00007784,2026-06-08,V00013920,9,4,140,0,0.4444,0.5224
CM00007785,2026-07-23,V00009972,12,3,226,0,0.25,0.6608
CM00007786,2026-03-16,V00003012,10,4,272,1,0.4,0.701
CM00007787,2026-08-15,V00013187,14,3,10,1,0.2143,0.119
CM00007788,2026-04-06,V00004165,6,1,54,0,0.1667,0.6136
CM00007789,2026-07-27,V00008434,8,1,32,0,0.125,0.6957
CM00007790,2026-07-03,V00009325,5,1,2,1,0.2,0.0606
CM00007791,2026-07-30,V00005866,12,2,29,1,0.1667,0.4394
CM00007792,2026-08-04,V00006346,8,4,277,1,0.5,0.6183
CM00007793,2026-04-23,V00004905,12,5,34,1,0.4167,0.68
CM00007794,2026-06-04,V00004880,5,0,0,0,0.0,0.0
CM00007795,2026-08-06,V00004455,6,2,51,1,0.3333,0.2257
CM00007796,2026-07-19,V00009670,8,3,46,0,0.375,0.6389
CM00007797,2026-03-12,V00007856,12,7,198,0,0.5833,0.5143
CM00007798,2026-08-16,V00009053,9,4,296,0,0.4444,0.6167
CM00007799,2026-07-07,V00002321,8,2,62,1,0.25,0.7381
CM00007800,2026-06-30,V00000883,9,2,105,0,0.2222,0.7292
CM00007801,2026-04-09,V00011712,10,3,25,0,0.3,0.3968
CM00007802,2026-08-15,V00012933,5,0,0,0,0.0,0.0
CM00007803,2026-07-23,V00007603,13,2,162,1,0.1538,0.4821
CM00007804,2026-07-17,V00004565,11,5,184,1,0.4545,0.5183
CM00007805,2026-07-10,V00014641,14,3,50,0,0.2143,0.3401
CM00007806,2026-07-09,V00009430,9,2,103,0,0.2222,0.6205
CM00007807,2026-04-11,V00008508,11,3,210,0,0.2727,0.5645
CM00007808,2026-05-02,V00013122,11,3,15,1,0.2727,0.5
CM00007809,2026-03-10,V00004896,8,5,249,0,0.625,0.4788
CM00007810,2026-04-26,V00012050,7,2,44,0,0.2857,0.3667
CM00007811,2026-07-10,V00000464,9,4,231,1,0.4444,0.3655
CM00007812,2026-03-23,V00012548,6,3,71,0,0.5,0.5035
CM00007813,2026-03-13,V00000794,10,2,125,0,0.2,0.601
CM00007814,2026-08-13,V00005963,8,3,48,0,0.375,0.2667
CM00007815,2026-06-25,V00000874,7,0,0,0,0.0,0.0
CM00007816,2026-08-20,V00002812,8,3,137,0,0.375,0.531
CM00007817,2026-08-21,V00009405,10,1,58,0,0.1,0.8056
CM00007818,2026-04-02,V00007355,8,1,41,0,0.125,0.4881
CM00007819,2026-07-16,V00002534,7,1,12,0,0.1429,0.24
CM00007820,2026-04-22,V00006206,7,4,99,0,0.5714,0.5893
CM00007821,2026-04-30,V00009855,10,4,93,0,0.4,0.8611
CM00007822,2026-01-14,V00012023,9,2,87,0,0.2222,0.6214
CM00007823,2026-02-27,V00006531,17,8,698,0,0.4706,0.7036
CM00007824,2026-06-22,V00009222,12,4,185,0,0.3333,0.6424
CM00007825,2026-06-05,V00001963,11,2,93,0,0.1818,0.4559
CM00007826,2026-06-13,V00004733,11,2,195,0,0.1818,0.6724
CM00007827,2026-04-08,V00001173,11,1,30,1,0.0909,0.3797
CM00007828,2026-02-21,V00010514,9,3,147,0,0.3333,1.0
CM00007829,2026-07-04,V00007613,14,5,54,0,0.3571,0.675
CM00007830,2026-08-18,V00007172,13,4,267,1,0.3077,0.6297
CM00007831,2026-08-13,V00009308,4,1,9,0,0.25,0.2903
CM00007832,2026-01-22,V00012107,13,3,69,0,0.2308,0.4792
CM00007833,2026-08-03,V00008520,15,8,543,0,0.5333,0.606
CM00007834,2026-04-07,V00001237,10,1,9,0,0.1,0.45
CM00007835,2026-01-05,V00009520,10,3,147,0,0.3,0.5385
CM00007836,2026-06-19,V00006506,10,6,504,0,0.6,0.5153
CM00007837,2026-07-28,V00008597,10,4,222,1,0.4,0.8162
CM00007838,2026-07-14,V00008927,7,1,72,1,0.1429,0.5806
CM00007839,2026-06-17,V00010254,6,2,220,0,0.3333,1.0
CM00007840,2026-08-25,V00006480,12,1,17,0,0.0833,0.1735
CM00007841,2026-07-03,V00009276,12,4,415,1,0.3333,0.7155
CM00007842,2026-05-22,V00009706,7,3,260,2,0.4286,0.5778
CM00007843,2026-04-30,V00003166,10,1,120,0,0.1,0.8163
CM00007844,2026-06-17,V00000009,7,2,34,0,0.2857,0.3469
CM00007845,2026-04-24,V00012817,10,2,68,0,0.2,0.6538
CM00007846,2026-06-26,V00007116,7,3,179,0,0.4286,0.4555
CM00007847,2026-04-12,V00005267,4,3,100,0,0.75,0.6536
CM00007848,2026-03-17,V00001997,9,3,273,2,0.3333,0.6067
CM00007849,2026-08-07,V00014933,10,2,78,0,0.2,0.8478
CM00007850,2026-01-13,V00001843,10,3,75,1,0.3,0.4808
CM00007851,2026-04-22,V00012243,9,4,299,0,0.4444,0.5496
CM00007852,2026-06-28,V00000416,10,5,333,2,0.5,0.7319
CM00007853,2026-05-04,V00003932,7,2,155,0,0.2857,0.7243
CM00007854,2026-06-06,V00013612,17,6,332,1,0.3529,0.4611
CM00007855,2026-07-18,V00008750,10,0,0,0,0.0,0.0
CM00007856,2026-08-17,V00013795,10,5,450,0,0.5,0.5422
CM00007857,2026-06-04,V00001751,15,5,381,0,0.3333,0.4733
CM00007858,2026-05-20,V00004457,7,2,49,0,0.2857,0.6447
CM00007859,2026-06-09,V00002844,13,2,105,0,0.1538,0.2917
CM00007860,2026-07-25,V00013295,8,2,58,0,0.25,0.3152
CM00007861,2026-08-10,V00004441,9,4,138,0,0.4444,0.2851
CM00007862,2026-02-19,V00010123,13,4,206,1,0.3077,0.6776
CM00007863,2026-06-30,V00005723,8,3,260,1,0.375,0.4924
CM00007864,2026-04-19,V00003101,13,7,930,2,0.5385,0.768
CM00007865,2026-03-09,V00011900,9,2,92,0,0.2222,0.3382
CM00007866,2026-06-18,V00002197,6,0,0,0,0.0,0.0
CM00007867,2026-05-03,V00012369,9,4,105,0,0.4444,0.5048
CM00007868,2026-04-29,V00014425,7,2,30,0,0.2857,0.3125
CM00007869,2026-05-11,V00001573,13,3,260,0,0.2308,0.6373
CM00007870,2026-03-22,V00013714,8,2,74,0,0.25,0.4868
CM00007871,2026-03-05,V00010307,7,3,326,1,0.4286,0.7874
CM00007872,2026-04-09,V00004139,8,2,34,0,0.25,0.2179
CM00007873,2026-07-21,V00013242,13,4,31,1,0.3077,0.6458
CM00007874,2026-06-01,V00014874,8,0,0,0,0.0,0.0
CM00007875,2026-03-05,V00011803,10,5,621,1,0.5,0.8507
CM00007876,2026-08-18,V00008417,7,3,134,0,0.4286,0.9306
CM00007877,2026-02-04,V00010155,13,4,610,1,0.3077,0.8815
CM00007878,2026-08-23,V00005456,12,4,272,1,0.3333,0.85
CM00007879,2026-08-03,V00014016,10,3,67,0,0.3,0.4136
CM00007880,2026-07-13,V00006634,8,1,4,0,0.125,0.4444
CM00007881,2026-08-12,V00011350,4,1,37,0,0.25,0.8043
CM00007882,2026-07-01,V00004637,5,2,16,0,0.4,0.2222
CM00007883,2026-03-20,V00010640,12,5,216,1,0.4167,0.864
CM00007884,2026-07-12,V00011221,15,5,278,0,0.3333,0.8825
CM00007885,2026-06-30,V00006849,5,2,157,0,0.4,0.6767
CM00007886,2026-07-11,V00000373,12,4,29,0,0.3333,0.3816
CM00007887,2026-05-07,V00005177,11,6,248,0,0.5455,0.5439
CM00007888,2026-03-08,V00002323,11,3,220,0,0.2727,0.7333
CM00007889,2026-08-22,V00014250,9,5,319,1,0.5556,0.5104
CM00007890,2026-05-26,V00004994,9,2,51,1,0.2222,0.9808
CM00007891,2026-08-07,V00005462,6,4,277,1,0.6667,0.761
CM00007892,2026-03-04,V00013823,10,2,132,2,0.2,0.5
CM00007893,2026-03-12,V00001633,13,6,127,0,0.4615,0.2981
CM00007894,2026-08-18,V00008656,8,2,134,0,0.25,0.5826
CM00007895,2026-07-02,V00003424,9,1,6,0,0.1111,0.2069
CM00007896,2026-08-13,V00008018,6,1,1,0,0.1667,0.0345
CM00007897,2026-01-07,V00010246,8,2,152,0,0.25,0.5984
CM00007898,2026-03-07,V00007504,8,3,219,0,0.375,0.5748
CM00007899,2026-01-25,V00006761,10,4,295,0,0.4,0.4789
CM00007900,2026-02-27,V00004246,11,4,287,1,0.3636,0.5562
CM00007901,2026-07-22,V00001020,10,4,44,1,0.4,0.5
CM00007902,2026-05-24,V00004666,13,3,361,0,0.2308,0.8131
CM00007903,2026-08-10,V00001720,13,2,92,0,0.1538,0.4466
CM00007904,2026-06-20,V00007244,8,4,381,1,0.5,0.9719
CM00007905,2026-01-31,V00014407,11,3,97,0,0.2727,0.2608
CM00007906,2026-08-02,V00012293,13,5,70,0,0.3846,0.4667
CM00007907,2026-05-02,V00009385,12,3,229,0,0.25,0.5022
CM00007908,2026-07-13,V00000386,9,2,207,1,0.2222,0.8771
CM00007909,2026-05-10,V00014173,13,4,354,0,0.3077,0.7254
CM00007910,2026-07-31,V00010039,6,3,325,0,0.5,0.8953
CM00007911,2026-06-01,V00003651,15,6,411,1,0.4,0.6462
CM00007912,2026-02-04,V00002799,10,2,163,0,0.2,0.5906
CM00007913,2026-05-21,V00002060,13,4,263,0,0.3077,0.4981
CM00007914,2026-08-15,V00014025,8,4,532,0,0.5,0.76
CM00007915,2026-08-13,V00011345,5,3,106,0,0.6,0.484
CM00007916,2026-04-28,V00001259,11,7,513,0,0.6364,0.4759
CM00007917,2026-05-15,V00001012,12,3,111,0,0.25,0.5068
CM00007918,2026-02-08,V00013765,9,2,176,1,0.2222,0.5207
CM00007919,2026-05-06,V00003180,9,7,366,2,0.7778,0.817
CM00007920,2026-01-11,V00011679,13,4,256,2,0.3077,0.4238
CM00007921,2026-06-21,V00009152,7,0,0,0,0.0,0.0
CM00007922,2026-08-17,V00001626,7,1,75,0,0.1429,0.5208
CM00007923,2026-08-01,V00002179,11,6,508,1,0.5455,0.6366
CM00007924,2026-07-19,V00000184,8,4,73,1,0.5,0.5214
CM00007925,2026-04-11,V00000346,14,4,326,0,0.2857,0.6417
CM00007926,2026-03-29,V00009883,7,0,0,0,0.0,0.0
CM00007927,2026-02-02,V00014842,10,6,683,0,0.6,0.7851
CM00007928,2026-04-20,V00014041,17,6,355,0,0.3529,0.7585
CM00007929,2026-04-21,V00009088,7,3,256,0,0.4286,0.8889
CM00007930,2026-03-07,V00000735,5,1,36,0,0.2,0.6
CM00007931,2026-03-06,V00011905,8,4,330,1,0.5,0.6157
CM00007932,2026-07-06,V00000158,13,6,113,0,0.4615,0.6278
CM00007933,2026-04-17,V00004820,9,3,31,1,0.3333,0.7949
CM00007934,2026-07-28,V00001792,12,2,79,0,0.1667,0.4293
CM00007935,2026-02-22,V00014900,7,3,37,0,0.4286,0.3246
CM00007936,2026-06-22,V00011093,11,5,26,0,0.4545,0.65
CM00007937,2026-01-22,V00010740,11,3,109,1,0.2727,0.3746
CM00007938,2026-05-29,V00012200,12,7,350,0,0.5833,0.7692
CM00007939,2026-06-04,V00002125,10,2,74,0,0.2,0.3592
CM00007940,2026-07-31,V00000282,7,0,0,0,0.0,0.0
CM00007941,2026-04-21,V00013354,11,4,418,0,0.3636,0.7359
CM00007942,2026-08-03,V00003702,11,5,427,1,0.4545,0.8455
CM00007943,2026-06-11,V00009614,9,2,23,1,0.2222,0.3833
CM00007944,2026-02-23,V00011419,8,3,439,0,0.375,0.8558
CM00007945,2026-03-20,V00000242,9,3,37,0,0.3333,0.3737
CM00007946,2026-06-12,V00013099,11,4,318,0,0.3636,0.4969
CM00007947,2026-06-21,V00012027,13,3,106,0,0.2308,0.5989
CM00007948,2026-03-14,V00013928,4,2,183,0,0.5,0.5865
CM00007949,2026-08-14,V00003912,8,1,86,0,0.125,0.4804
CM00007950,2026-01-21,V00000492,9,2,304,1,0.2222,0.9325
CM00007951,2026-03-14,V00003296,6,0,0,0,0.0,0.0
CM00007952,2026-06-29,V00007564,7,2,100,0,0.2857,0.4098
CM00007953,2026-01-12,V00014982,5,2,38,1,0.4,0.8636
CM00007954,2026-07-22,V00008406,3,1,109,0,0.3333,0.916
CM00007955,2026-06-30,V00011908,11,2,40,0,0.1818,0.6897
CM00007956,2026-08-27,V00014683,11,2,65,0,0.1818,0.3779
CM00007957,2026-05-27,V00012417,9,1,5,0,0.1111,0.5556
CM00007958,2026-08-11,V00004474,6,4,357,0,0.6667,0.6198
CM00007959,2026-02-08,V00004922,5,1,98,0,0.2,0.8099
CM00007960,2026-03-19,V00012191,9,3,213,0,0.3333,0.7978
CM00007961,2026-05-23,V00003323,7,4,290,0,0.5714,0.4421
CM00007962,2026-04-30,V00010203,12,5,439,0,0.4167,0.7197
CM00007963,2026-07-13,V00009847,8,2,104,0,0.25,0.5977
CM00007964,2026-06-24,V00002071,8,2,177,0,0.25,0.5822
CM00007965,2026-08-28,V00007870,7,3,168,0,0.4286,0.5657
CM00007966,2026-03-23,V00001246,10,3,93,1,0.3,0.9394
CM00007967,2026-08-17,V00001999,10,5,184,2,0.5,0.6571
CM00007968,2026-02-12,V00000745,8,1,25,1,0.125,0.2688
CM00007969,2026-06-19,V00000108,16,10,1063,2,0.625,0.9008
CM00007970,2026-08-18,V00011504,12,3,52,0,0.25,0.3611
CM00007971,2026-07-20,V00007097,6,3,152,0,0.5,0.5824
CM00007972,2026-07-10,V00002814,8,1,9,0,0.125,0.0744
CM00007973,2026-04-23,V00011811,10,3,38,0,0.3,0.2262
CM00007974,2026-05-19,V00000966,8,2,275,1,0.25,0.7725
CM00007975,2026-08-18,V00014227,7,1,77,0,0.1429,0.4753
CM00007976,2026-05-31,V00002196,9,6,471,0,0.6667,0.892
CM00007977,2026-08-28,V00000203,8,4,283,1,0.5,0.8524
CM00007978,2026-01-19,V00011533,4,2,163,0,0.5,0.5621
CM00007979,2026-06-13,V00013065,10,5,419,0,0.5,0.4682
CM00007980,2026-06-27,V00012325,17,8,805,2,0.4706,0.6892
CM00007981,2026-04-01,V00000774,5,3,259,0,0.6,0.7573
CM00007982,2026-05-23,V00003748,7,3,210,0,0.4286,0.4828
CM00007983,2026-07-27,V00001908,8,3,75,1,0.375,0.3906
CM00007984,2026-08-25,V00000218,14,6,283,1,0.4286,0.6836
CM00007985,2026-04-23,V00009933,9,5,272,0,0.5556,0.8774
CM00007986,2026-06-12,V00007288,7,5,617,0,0.7143,0.6856
CM00007987,2026-06-20,V00006126,9,1,13,0,0.1111,0.0774
CM00007988,2026-01-29,V00003367,8,4,382,1,0.5,0.8604
CM00007989,2026-04-28,V00002751,17,7,353,1,0.4118,0.7308
CM00007990,2026-08-21,V00006870,5,1,29,0,0.2,0.2164
CM00007991,2026-03-19,V00010262,16,9,442,1,0.5625,0.8051
CM00007992,2026-06-10,V00014212,14,7,777,1,0.5,0.9487
CM00007993,2026-04-11,V00004895,4,1,44,0,0.25,0.7719
CM00007994,2026-02-27,V00005075,7,2,214,0,0.2857,0.6149
CM00007995,2026-02-13,V00013097,14,5,235,0,0.3571,0.6026
CM00007996,2026-02-16,V00013598,7,0,0,0,0.0,0.0
CM00007997,2026-02-02,V00009274,9,5,256,1,0.5556,0.6649
CM00007998,2026-04-12,V00009492,12,5,108,1,0.4167,0.7714
CM00007999,2026-07-31,V00004720,14,3,87,0,0.2143,0.8286
CM00008000,2026-05-10,V00011582,19,6,329,1,0.3158,0.4853
CM00008001,2026-01-11,V00001610,13,5,203,0,0.3846,0.5486
CM00008002,2026-05-01,V00013142,10,4,504,0,0.4,0.8235
CM00008003,2026-02-14,V00010805,11,3,17,0,0.2727,0.4722
CM00008004,2026-02-22,V00010251,13,7,182,3,0.5385,0.7647
CM00008005,2026-05-28,V00002237,13,5,241,0,0.3846,0.3443
CM00008006,2026-01-25,V00004463,8,4,186,1,0.5,0.7154
CM00008007,2026-05-24,V00010961,7,1,102,0,0.1429,0.6892
CM00008008,2026-08-13,V00013695,10,1,69,0,0.1,0.8118
CM00008009,2026-06-25,V00012459,10,7,807,1,0.7,0.7161
CM00008010,2026-08-04,V00001613,8,4,363,0,0.5,0.5186
CM00008011,2026-02-26,V00009191,5,1,108,0,0.2,0.8571
CM00008012,2026-02-11,V00007369,9,3,62,0,0.3333,0.7949
CM00008013,2026-01-17,V00007662,8,6,788,1,0.75,0.796
CM00008014,2026-07-09,V00002042,5,2,45,1,0.4,0.8333
CM00008015,2026-08-09,V00007458,13,2,138,0,0.1538,0.697
CM00008016,2026-04-10,V00013782,14,4,289,0,0.2857,0.6338
CM00008017,2026-06-13,V00013070,8,2,58,0,0.25,0.2479
CM00008018,2026-01-08,V00010302,12,5,275,1,0.4167,0.9167
CM00008019,2026-04-29,V00013461,4,1,41,1,0.25,0.4607
CM00008020,2026-06-26,V00008565,11,7,422,0,0.6364,0.8373
CM00008021,2026-07-04,V00009501,7,3,129,0,0.4286,0.7049
CM00008022,2026-02-15,V00005350,11,3,158,1,0.2727,0.402
CM00008023,2026-01-30,V00011053,8,1,85,0,0.125,0.6693
CM00008024,2026-01-25,V00011890,8,4,214,0,0.5,0.7535
CM00008025,2026-05-14,V00008110,13,2,79,0,0.1538,0.2194
CM00008026,2026-07-30,V00000181,7,2,15,1,0.2857,0.75
CM00008027,2026-03-18,V00008542,10,4,215,0,0.4,0.3339
CM00008028,2026-05-03,V00014690,11,4,224,1,0.3636,0.6747
CM00008029,2026-08-18,V00008046,5,1,16,0,0.2,0.1905
CM00008030,2026-01-05,V00004861,13,4,77,0,0.3077,0.713
CM00008031,2026-05-29,V00007296,8,2,330,1,0.25,1.0
CM00008032,2026-03-06,V00006973,7,1,61,0,0.1429,0.8356
CM00008033,2026-08-19,V00009027,9,4,238,1,0.4444,0.6685
CM00008034,2026-02-19,V00012639,7,3,68,0,0.4286,0.7312
CM00008035,2026-08-13,V00003560,10,4,359,0,0.4,0.7123
CM00008036,2026-06-17,V00011935,6,2,21,0,0.3333,0.8077
CM00008037,2026-07-01,V00009767,8,2,82,0,0.25,0.3832
CM00008038,2026-06-12,V00006494,13,2,49,0,0.1538,0.1384
CM00008039,2026-01-03,V00012958,9,1,115,0,0.1111,0.7468
CM00008040,2026-01-09,V00008084,10,1,49,0,0.1,0.4623
CM00008041,2026-06-10,V00005307,5,0,0,0,0.0,0.0
CM00008042,2026-04-25,V00003627,12,7,140,1,0.5833,0.6667
CM00008043,2026-07-27,V00005547,17,8,136,0,0.4706,0.4857
CM00008044,2026-03-17,V00005080,10,1,49,0,0.1,0.3858
CM00008045,2026-01-24,V00007066,5,1,35,0,0.2,0.8537
CM00008046,2026-08-04,V00014142,11,4,38,1,0.3636,0.6786
CM00008047,2026-05-17,V00007225,14,3,52,0,0.2143,0.619
CM00008048,2026-06-24,V00011581,11,3,39,0,0.2727,0.4194
CM00008049,2026-05-26,V00000348,10,2,258,0,0.2,0.7371
CM00008050,2026-03-27,V00014508,6,2,63,0,0.3333,0.2944
CM00008051,2026-08-19,V00000725,11,5,512,0,0.4545,0.7062
CM00008052,2026-04-30,V00005612,8,3,106,0,0.375,0.6424
CM00008053,2026-06-30,V00001847,15,5,786,2,0.3333,0.9087
CM00008054,2026-05-06,V00004133,6,2,47,0,0.3333,0.5465
CM00008055,2026-08-03,V00013286,13,5,114,0,0.3846,0.6706
CM00008056,2026-03-27,V00007193,16,7,82,2,0.4375,0.3445
CM00008057,2026-01-16,V00012195,6,0,0,0,0.0,0.0
CM00008058,2026-07-28,V00010759,10,2,139,1,0.2,0.4728
CM00008059,2026-04-09,V00003206,7,1,27,0,0.1429,0.6585
CM00008060,2026-06-06,V00013126,10,4,544,0,0.4,0.7816
CM00008061,2026-04-02,V00002834,4,2,254,0,0.5,0.7299
CM00008062,2026-08-01,V00003580,8,2,20,0,0.25,0.3226
CM00008063,2026-04-17,V00001564,10,4,126,1,0.4,0.5526
CM00008064,2026-03-21,V00007866,9,4,385,0,0.4444,0.752
CM00008065,2026-05-21,V00003171,12,5,217,1,0.4167,0.6781
CM00008066,2026-02-16,V00002843,15,8,962,0,0.5333,0.6718
CM00008067,2026-07-06,V00001318,6,3,9,0,0.5,0.1667
CM00008068,2026-04-13,V00011024,7,1,66,0,0.1429,0.6735
CM00008069,2026-04-15,V00010717,10,3,85,0,0.3,0.4293
CM00008070,2026-07-23,V00014117,12,2,175,0,0.1667,0.7675
CM00008071,2026-02-23,V00001796,6,0,0,0,0.0,0.0
CM00008072,2026-02-22,V00008898,6,2,144,0,0.3333,0.8182
CM00008073,2026-08-27,V00008068,8,4,80,1,0.5,0.4255
CM00008074,2026-03-19,V00013210,11,3,258,0,0.2727,0.5931
CM00008075,2026-07-10,V00002920,17,7,55,0,0.4118,0.5238
CM00008076,2026-05-15,V00006372,5,2,197,0,0.4,0.5828
CM00008077,2026-07-28,V00007362,9,2,166,0,0.2222,0.7411
CM00008078,2026-02-14,V00005469,15,7,659,2,0.4667,0.8798
CM00008079,2026-02-22,V00006270,10,6,96,1,0.6,0.6154
CM00008080,2026-06-07,V00006440,14,4,137,1,0.2857,0.4964
CM00008081,2026-04-04,V00009332,9,5,289,0,0.5556,0.8028
CM00008082,2026-04-28,V00004664,9,2,8,0,0.2222,0.2222
CM00008083,2026-06-19,V00013505,13,6,506,0,0.4615,0.6537
CM00008084,2026-06-15,V00005381,9,3,277,0,0.3333,0.727
CM00008085,2026-06-17,V00009435,7,4,50,1,0.5714,0.4808
CM00008086,2026-05-30,V00002688,8,3,45,0,0.375,0.5357
CM00008087,2026-03-29,V00004875,5,0,0,0,0.0,0.0
CM00008088,2026-07-23,V00004840,11,3,131,0,0.2727,0.7661
CM00008089,2026-02-05,V00001222,7,2,17,0,0.2857,0.1133
CM00008090,2026-08-12,V00008949,8,0,0,0,0.0,0.0
CM00008091,2026-04-09,V00007793,13,6,654,0,0.4615,0.6124
CM00008092,2026-07-24,V00010490,9,1,71,0,0.1111,1.0
CM00008093,2026-04-22,V00003823,12,4,342,0,0.3333,0.4942
CM00008094,2026-07-07,V00005844,4,1,85,0,0.25,0.9043
CM00008095,2026-04-30,V00000749,13,5,443,1,0.3846,0.828
CM00008096,2026-05-14,V00010282,12,5,495,1,0.4167,0.9706
CM00008097,2026-02-06,V00005999,7,3,44,0,0.4286,0.3964
CM00008098,2026-05-07,V00001123,4,1,37,0,0.25,0.9024
CM00008099,2026-07-23,V00000212,9,3,41,0,0.3333,0.6833
CM00008100,2026-07-24,V00013600,10,4,203,0,0.4,0.5232
CM00008101,2026-02-06,V00004599,3,2,35,0,0.6667,0.6034
CM00008102,2026-01-15,V00006293,10,6,419,1,0.6,0.5868
CM00008103,2026-01-07,V00008277,9,5,661,0,0.5556,0.7469
CM00008104,2026-07-09,V00002808,12,4,371,0,0.3333,0.7135
CM00008105,2026-05-14,V00007000,7,2,73,0,0.2857,0.5794
CM00008106,2026-03-25,V00011087,11,8,541,2,0.7273,0.6148
CM00008107,2026-01-17,V00010472,5,2,103,0,0.4,0.7254
CM00008108,2026-04-27,V00013796,8,3,61,0,0.375,0.6559
CM00008109,2026-07-07,V00001204,7,4,229,0,0.5714,0.3388
CM00008110,2026-02-22,V00010543,13,6,584,0,0.4615,0.893
CM00008111,2026-05-08,V00007084,9,7,523,0,0.7778,0.5837
CM00008112,2026-07-08,V00014800,9,2,58,1,0.2222,0.5088
CM00008113,2026-07-08,V00002567,9,4,333,0,0.4444,0.5781
CM00008114,2026-05-06,V00012529,17,4,101,1,0.2353,0.3156
CM00008115,2026-08-09,V00002512,6,3,166,0,0.5,0.3981
CM00008116,2026-04-02,V00003102,7,4,260,0,0.5714,0.7831
CM00008117,2026-08-15,V00001780,9,2,114,0,0.2222,0.413
CM00008118,2026-04-25,V00010049,13,4,233,1,0.3077,0.6132
CM00008119,2026-06-25,V00004498,12,5,64,1,0.4167,0.5333
CM00008120,2026-07-26,V00012774,6,1,16,0,0.1667,0.64
CM00008121,2026-07-13,V00014600,7,1,34,0,0.1429,0.5152
CM00008122,2026-08-18,V00009298,13,7,288,0,0.5385,0.4034
CM00008123,2026-08-13,V00012848,20,8,1021,0,0.4,0.9182
CM00008124,2026-08-28,V00004421,6,4,266,1,0.6667,0.7
CM00008125,2026-07-03,V00003870,10,3,434,0,0.3,0.8173
CM00008126,2026-06-21,V00013015,9,4,588,0,0.4444,0.913
CM00008127,2026-08-28,V00005574,6,2,10,0,0.3333,0.1515
CM00008128,2026-04-09,V00007232,7,1,12,0,0.1429,0.6316
CM00008129,2026-05-31,V00002638,18,4,300,0,0.2222,0.6
CM00008130,2026-08-16,V00014339,9,4,219,2,0.4444,0.7399
CM00008131,2026-08-18,V00013304,8,4,137,0,0.5,0.7287
CM00008132,2026-08-26,V00006905,9,4,291,0,0.4444,0.8459
CM00008133,2026-05-29,V00008294,12,4,161,1,0.3333,0.4792
CM00008134,2026-03-09,V00002875,11,3,199,0,0.2727,0.6838
CM00008135,2026-06-11,V00004072,9,1,69,0,0.1111,0.5391
CM00008136,2026-07-05,V00002610,12,4,571,0,0.3333,0.8348
CM00008137,2026-06-29,V00011440,9,1,28,1,0.1111,0.875
CM00008138,2026-01-08,V00009242,9,3,45,0,0.3333,0.2308
CM00008139,2026-06-29,V00006492,10,4,53,1,0.4,0.6023
CM00008140,2026-01-13,V00002458,8,1,85,0,0.125,0.4857
CM00008141,2026-04-24,V00007094,4,1,12,0,0.25,0.2034
CM00008142,2026-08-18,V00004422,7,1,4,0,0.1429,0.027
CM00008143,2026-05-17,V00004620,11,2,124,0,0.1818,0.5
CM00008144,2026-07-19,V00010749,4,1,7,0,0.25,0.1522
CM00008145,2026-06-12,V00014810,6,0,0,0,0.0,0.0
CM00008146,2026-07-07,V00005488,12,4,138,0,0.3333,0.4539
CM00008147,2026-07-09,V00004921,9,4,274,2,0.4444,0.515
CM00008148,2026-01-04,V00008263,8,2,89,0,0.25,0.6642
CM00008149,2026-05-05,V00014822,9,5,801,1,0.5556,0.9651
CM00008150,2026-08-22,V00005024,10,6,198,1,0.6,0.5323
CM00008151,2026-07-20,V00003725,11,6,397,1,0.5455,0.7972
CM00008152,2026-02-23,V00009509,16,7,225,1,0.4375,0.5269
CM00008153,2026-08-23,V00001174,7,3,179,0,0.4286,0.8287
CM00008154,2026-01-13,V00002158,10,2,153,1,0.2,0.5464
CM00008155,2026-04-20,V00012364,6,3,49,0,0.5,0.6282
CM00008156,2026-01-01,V00003656,12,2,53,0,0.1667,0.3786
CM00008157,2026-05-26,V00013352,7,4,143,0,0.5714,0.6059
CM00008158,2026-07-27,V00013541,9,1,44,0,0.1111,0.5238
CM00008159,2026-08-24,V00011294,2,0,0,0,0.0,0.0
CM00008160,2026-02-18,V00006569,9,2,67,1,0.2222,0.231
CM00008161,2026-08-19,V00009227,8,1,65,0,0.125,0.52
CM00008162,2026-03-30,V00014623,4,1,1,0,0.25,0.0213
CM00008163,2026-07-05,V00003094,12,3,124,0,0.25,0.4444
CM00008164,2026-08-06,V00003592,14,4,192,0,0.2857,0.4364
CM00008165,2026-03-29,V00007759,6,2,181,0,0.3333,0.6511
CM00008166,2026-07-08,V00014095,6,2,326,0,0.3333,1.0
CM00008167,2026-01-29,V00014867,7,4,191,0,0.5714,0.6283
CM00008168,2026-07-06,V00014978,14,8,646,2,0.5714,0.6961
CM00008169,2026-05-26,V00010462,4,2,34,0,0.5,0.3269
CM00008170,2026-04-09,V00004470,8,3,275,0,0.375,0.8567
CM00008171,2026-03-03,V00009615,3,1,2,0,0.3333,0.1333
CM00008172,2026-03-11,V00000294,7,3,27,1,0.4286,0.1304
CM00008173,2026-03-07,V00000558,10,3,391,2,0.3,0.8355
CM00008174,2026-05-29,V00002852,7,4,537,1,0.5714,0.8087
CM00008175,2026-05-22,V00001025,9,4,137,1,0.4444,0.4507
CM00008176,2026-07-07,V00011214,10,4,383,0,0.4,0.8549
CM00008177,2026-07-13,V00014415,6,1,12,0,0.1667,0.5217
CM00008178,2026-04-26,V00005686,10,4,148,2,0.4,0.6727
CM00008179,2026-02-24,V00006514,6,3,84,0,0.5,0.8235
CM00008180,2026-05-31,V00004652,11,5,361,0,0.4545,0.6876
CM00008181,2026-05-20,V00010223,7,1,58,0,0.1429,0.4173
CM00008182,2026-03-01,V00002285,9,3,209,1,0.3333,0.4098
CM00008183,2026-07-13,V00013010,5,3,88,0,0.6,0.5238
CM00008184,2026-05-22,V00003758,6,3,75,0,0.5,0.7353
CM00008185,2026-01-28,V00013331,4,1,15,0,0.25,0.0993
CM00008186,2026-07-27,V00013470,12,6,341,0,0.5,0.8119
CM00008187,2026-08-07,V00007429,8,0,0,0,0.0,0.0
CM00008188,2026-05-11,V00011043,9,3,183,0,0.3333,0.5083
CM00008189,2026-06-30,V00008784,5,1,70,1,0.2,0.4403
CM00008190,2026-04-14,V00004114,5,0,0,0,0.0,0.0
CM00008191,2026-08-03,V00000384,12,7,616,0,0.5833,0.7857
CM00008192,2026-07-24,V00001752,6,1,67,0,0.1667,0.5
CM00008193,2026-07-18,V00013483,7,3,10,0,0.4286,0.4167
CM00008194,2026-02-26,V00004075,10,1,52,0,0.1,0.3333
CM00008195,2026-02-28,V00009809,6,4,220,1,0.6667,0.3873
CM00008196,2026-05-09,V00008033,13,6,392,1,0.4615,0.4949
CM00008197,2026-01-15,V00003073,16,5,125,0,0.3125,0.1894
CM00008198,2026-02-15,V00002980,8,2,73,1,0.25,0.529
CM00008199,2026-04-16,V00006218,9,2,150,0,0.2222,0.5245
CM00008200,2026-07-15,V00001634,10,4,43,0,0.4,0.4135
CM00008201,2026-07-15,V00008333,5,1,54,0,0.2,0.4091
CM00008202,2026-05-04,V00002612,7,3,252,0,0.4286,0.6176
CM00008203,2026-06-03,V00004007,10,4,99,0,0.4,0.7984
CM00008204,2026-05-30,V00002753,6,4,382,0,0.6667,0.6122
CM00008205,2026-07-19,V00011826,7,4,121,0,0.5714,0.6302
CM00008206,2026-04-27,V00006519,12,7,942,1,0.5833,0.8626
CM00008207,2026-08-17,V00005848,4,1,100,0,0.25,0.7299
CM00008208,2026-08-02,V00013775,5,2,127,0,0.4,0.6978
CM00008209,2026-07-25,V00007520,7,2,47,0,0.2857,0.7344
CM00008210,2026-03-04,V00003479,8,6,162,2,0.75,0.8438
CM00008211,2026-04-20,V00002958,8,1,52,1,0.125,0.4298
CM00008212,2026-02-21,V00012766,7,1,29,0,0.1429,0.9667
CM00008213,2026-08-02,V00014498,9,2,127,0,0.2222,0.5991
CM00008214,2026-07-09,V00006499,9,2,144,0,0.2222,0.4417
CM00008215,2026-08-22,V00003420,8,1,74,0,0.125,0.8409
CM00008216,2026-08-22,V00000308,12,7,696,0,0.5833,0.5883
CM00008217,2026-07-21,V00007131,12,3,213,0,0.25,0.5338
CM00008218,2026-05-30,V00005945,12,3,117,0,0.25,0.629
CM00008219,2026-03-25,V00006366,12,5,341,1,0.4167,0.6495
CM00008220,2026-08-10,V00014200,19,8,738,1,0.4211,0.5363
CM00008221,2026-07-11,V00008214,10,5,239,3,0.5,0.3274
CM00008222,2026-08-04,V00009639,16,6,362,0,0.375,0.5201
CM00008223,2026-01-25,V00012811,6,5,41,0,0.8333,0.82
CM00008224,2026-03-12,V00013253,18,5,187,2,0.2778,0.5054
CM00008225,2026-05-14,V00010029,12,7,761,1,0.5833,0.7346
CM00008226,2026-08-06,V00010667,12,2,56,0,0.1667,0.3333
CM00008227,2026-08-09,V00013892,10,2,177,0,0.2,0.708
CM00008228,2026-07-26,V00013741,13,9,296,1,0.6923,0.7309
CM00008229,2026-06-04,V00007274,8,1,111,1,0.125,0.7351
CM00008230,2026-07-21,V00006726,12,2,129,0,0.1667,0.43
CM00008231,2026-05-28,V00009396,8,2,179,0,0.25,0.6215
CM00008232,2026-05-02,V00005560,8,4,176,0,0.5,0.4731
CM00008233,2026-02-24,V00013748,5,2,65,2,0.4,0.4851
CM00008234,2026-01-19,V00003682,12,3,92,0,0.25,0.2866
CM00008235,2026-07-17,V00013199,7,2,102,1,0.2857,0.85
CM00008236,2026-02-09,V00001130,14,6,453,2,0.4286,0.6927
CM00008237,2026-01-15,V00014225,9,3,327,1,0.3333,0.7899
CM00008238,2026-08-20,V00003944,14,4,140,0,0.2857,0.4605
CM00008239,2026-06-11,V00010537,9,3,260,0,0.3333,0.6373
CM00008240,2026-08-20,V00001686,11,5,538,0,0.4545,0.6443
CM00008241,2026-03-01,V00008391,16,5,239,2,0.3125,0.5311
CM00008242,2026-05-04,V00007385,9,2,40,1,0.2222,0.4348
CM00008243,2026-08-24,V00001865,6,1,13,0,0.1667,0.9286
CM00008244,2026-02-05,V00010646,12,4,325,0,0.3333,0.7454
CM00008245,2026-02-09,V00003951,7,2,163,0,0.2857,0.6736
CM00008246,2026-05-13,V00012072,11,3,244,0,0.2727,0.6722
CM00008247,2026-07-14,V00001959,12,4,163,0,0.3333,0.4684
CM00008248,2026-03-27,V00003600,8,3,284,1,0.375,0.662
CM00008249,2026-02-02,V00010276,5,1,14,0,0.2,0.5
CM00008250,2026-01-21,V00000891,9,2,108,1,0.2222,0.3649
CM00008251,2026-04-08,V00014861,11,3,85,1,0.2727,0.4802
CM00008252,2026-08-11,V00014579,10,2,7,0,0.2,0.2692
CM00008253,2026-07-12,V00011530,13,9,804,0,0.6923,0.709
CM00008254,2026-01-07,V00007041,7,4,151,0,0.5714,0.5808
CM00008255,2026-08-03,V00008340,6,4,148,1,0.6667,0.74
CM00008256,2026-05-09,V00001494,11,5,402,1,0.4545,0.5826
CM00008257,2026-08-17,V00002281,10,2,60,0,0.2,0.4
CM00008258,2026-07-16,V00006628,3,2,22,0,0.6667,0.8462
CM00008259,2026-03-06,V00014746,8,3,215,1,0.375,0.7313
CM00008260,2026-05-28,V00003372,13,7,54,0,0.5385,0.5934
CM00008261,2026-06-01,V00001296,5,2,31,0,0.4,0.1867
CM00008262,2026-03-19,V00001525,7,1,8,0,0.1429,0.8
CM00008263,2026-04-01,V00006246,13,4,210,0,0.3077,0.5412
CM00008264,2026-04-14,V00006255,5,2,23,0,0.4,0.8214
CM00008265,2026-05-31,V00002853,13,4,367,0,0.3077,0.7168
CM00008266,2026-02-13,V00001816,10,7,892,0,0.7,0.7409
CM00008267,2026-01-09,V00009992,9,4,216,0,0.4444,0.3942
CM00008268,2026-06-10,V00013110,7,2,154,0,0.2857,0.4639
CM00008269,2026-01-29,V00001581,5,2,183,1,0.4,0.5446
CM00008270,2026-02-19,V00006227,7,2,159,0,0.2857,0.4789
CM00008271,2026-02-25,V00006379,12,5,289,0,0.4167,0.4699
CM00008272,2026-06-19,V00012767,7,0,0,0,0.0,0.0
CM00008273,2026-05-21,V00013897,9,3,202,0,0.3333,0.5302
CM00008274,2026-08-16,V00010497,10,7,547,0,0.7,0.6567
CM00008275,2026-03-03,V00014393,11,4,18,0,0.3636,0.5
CM00008276,2026-04-30,V00012318,5,1,3,0,0.2,0.0556
CM00008277,2026-06-28,V00009570,11,2,124,0,0.1818,0.521
CM00008278,2026-06-21,V00009032,9,2,180,0,0.2222,0.5806
CM00008279,2026-02-26,V00003994,15,2,197,0,0.1333,0.6793
CM00008280,2026-08-11,V00010714,9,4,113,1,0.4444,0.6141
CM00008281,2026-06-28,V00009704,15,4,316,0,0.2667,0.7453
CM00008282,2026-03-19,V00001758,8,4,129,1,0.5,0.8063
CM00008283,2026-05-05,V00002286,13,2,98,0,0.1538,0.5698
CM00008284,2026-03-31,V00012219,1,0,0,0,0.0,0.0
CM00008285,2026-08-28,V00013522,12,0,0,0,0.0,0.0
CM00008286,2026-07-26,V00000620,18,5,79,1,0.2778,0.8316
CM00008287,2026-05-29,V00000493,15,6,443,0,0.4,0.6534
CM00008288,2026-05-23,V00002599,2,2,128,1,1.0,0.7356
CM00008289,2026-08-02,V00006889,9,5,325,1,0.5556,0.6915
CM00008290,2026-02-21,V00003940,10,1,65,0,0.1,0.9155
CM00008291,2026-04-26,V00011328,12,7,582,3,0.5833,0.6929
CM00008292,2026-05-02,V00007001,14,5,102,3,0.3571,0.2217
CM00008293,2026-02-25,V00004959,10,4,112,1,0.4,0.6222
CM00008294,2026-03-21,V00008880,9,2,39,1,0.2222,0.4535
CM00008295,2026-03-08,V00007027,10,3,63,2,0.3,0.2658
CM00008296,2026-01-19,V00003643,14,5,399,0,0.3571,0.5392
CM00008297,2026-08-24,V00003059,3,1,102,0,0.3333,0.6986
CM00008298,2026-07-15,V00008572,9,4,224,0,0.4444,0.8
CM00008299,2026-05-18,V00012475,13,6,37,0,0.4615,0.4405
CM00008300,2026-04-18,V00001428,8,3,315,1,0.375,0.9292
CM00008301,2026-03-01,V00013418,7,4,125,0,0.5714,0.7102
CM00008302,2026-03-04,V00009146,7,1,41,0,0.1429,0.4505
CM00008303,2026-07-29,V00008718,12,4,189,0,0.3333,0.4375
CM00008304,2026-04-13,V00007157,10,4,596,1,0.4,0.8418
CM00008305,2026-07-04,V00011386,9,4,38,1,0.4444,0.5938
CM00008306,2026-08-20,V00001394,15,4,367,1,0.2667,0.577
CM00008307,2026-08-08,V00004065,11,0,0,0,0.0,0.0
CM00008308,2026-06-11,V00006900,8,1,118,0,0.125,0.6782
CM00008309,2026-03-10,V00000322,11,6,51,0,0.5455,0.6071
CM00008310,2026-07-25,V00002840,14,3,116,0,0.2143,0.6339
CM00008311,2026-05-11,V00001956,7,4,196,0,0.5714,0.7
CM00008312,2026-06-29,V00013827,9,3,45,0,0.3333,0.6522
CM00008313,2026-06-22,V00009806,10,5,745,1,0.5,0.9255
CM00008314,2026-06-24,V00002990,12,4,28,1,0.3333,0.3182
CM00008315,2026-08-03,V00004081,6,2,61,0,0.3333,0.3427
CM00008316,2026-01-02,V00006625,10,2,18,0,0.2,0.75
CM00008317,2026-08-24,V00000065,6,2,129,0,0.3333,0.7963
CM00008318,2026-08-01,V00007285,11,6,266,1,0.5455,0.5612
CM00008319,2026-08-03,V00014627,14,3,176,1,0.2143,0.5238
CM00008320,2026-06-18,V00009208,8,1,32,1,0.125,0.8205
CM00008321,2026-07-31,V00000544,7,3,53,1,0.4286,0.5889
CM00008322,2026-01-04,V00003790,10,6,40,0,0.6,0.6667
CM00008323,2026-08-20,V00003380,7,1,126,1,0.1429,0.9197
CM00008324,2026-04-10,V00012241,10,3,39,0,0.3,0.3611
CM00008325,2026-06-22,V00013605,10,3,372,1,0.3,0.9466
CM00008326,2026-07-25,V00009714,8,3,39,0,0.375,0.619
CM00008327,2026-08-25,V00003392,9,0,0,0,0.0,0.0
CM00008328,2026-04-06,V00004313,6,2,211,0,0.3333,0.8053
CM00008329,2026-08-05,V00012387,13,7,709,0,0.5385,0.8302
CM00008330,2026-05-22,V00012463,21,8,803,3,0.381,0.6922
CM00008331,2026-05-05,V00005532,8,2,224,0,0.25,0.7417
CM00008332,2026-04-11,V00002059,8,5,250,1,0.625,0.7042
CM00008333,2026-08-18,V00014940,8,1,66,0,0.125,0.5841
CM00008334,2026-01-06,V00003770,7,3,27,1,0.4286,0.9
CM00008335,2026-08-07,V00008430,6,3,49,0,0.5,0.8167
CM00008336,2026-06-17,V00001486,13,8,1049,2,0.6154,0.892
CM00008337,2026-02-28,V00012866,19,4,48,0,0.2105,0.48
CM00008338,2026-05-04,V00000769,14,6,270,0,0.4286,0.7627
CM00008339,2026-01-25,V00009997,2,0,0,0,0.0,0.0
CM00008340,2026-07-10,V00005232,10,1,12,0,0.1,0.2791
CM00008341,2026-06-26,V00014486,8,1,6,1,0.125,0.3
CM00008342,2026-07-01,V00005304,3,1,111,0,0.3333,0.75
CM00008343,2026-07-01,V00010840,10,4,200,0,0.4,0.5319
CM00008344,2026-06-10,V00001589,9,4,313,1,0.4444,0.6576
CM00008345,2026-07-13,V00009728,8,2,6,0,0.25,0.375
CM00008346,2026-01-14,V00002427,3,1,136,0,0.3333,0.9927
CM00008347,2026-06-15,V00008796,12,4,271,0,0.3333,0.6159
CM00008348,2026-04-20,V00005862,9,3,160,1,0.3333,0.404
CM00008349,2026-01-05,V00009816,14,4,522,0,0.2857,0.8056
CM00008350,2026-07-19,V00003483,4,0,0,0,0.0,0.0
CM00008351,2026-07-26,V00013950,9,4,59,0,0.4444,0.6705
CM00008352,2026-04-23,V00003919,7,4,61,0,0.5714,0.5446
CM00008353,2026-06-04,V00005555,11,4,289,0,0.3636,0.6283
CM00008354,2026-03-11,V00008776,6,3,336,1,0.5,0.8682
CM00008355,2026-08-09,V00012874,8,4,358,1,0.5,0.8606
CM00008356,2026-07-13,V00004428,16,7,59,1,0.4375,0.4014
CM00008357,2026-01-07,V00004556,9,2,195,0,0.2222,0.9286
CM00008358,2026-05-09,V00000437,8,4,304,1,0.5,0.5033
CM00008359,2026-02-02,V00006820,10,2,53,0,0.2,0.1514
CM00008360,2026-02-13,V00005339,7,4,197,1,0.5714,0.3878
CM00008361,2026-08-18,V00007966,16,7,923,0,0.4375,0.8452
CM00008362,2026-07-25,V00004951,8,4,164,1,0.5,0.5395
CM00008363,2026-01-13,V00004562,13,4,370,0,0.3077,0.656
CM00008364,2026-04-02,V00004978,8,5,857,0,0.625,0.9739
CM00008365,2026-06-12,V00009893,8,1,70,0,0.125,0.625
CM00008366,2026-05-12,V00005768,12,3,254,0,0.25,0.6091
CM00008367,2026-06-05,V00004983,4,2,170,2,0.5,0.7328
CM00008368,2026-08-15,V00008926,13,5,66,1,0.3846,0.7333
CM00008369,2026-02-15,V00014406,8,4,514,0,0.5,0.8862
CM00008370,2026-08-15,V00014915,8,4,217,1,0.5,0.5023
CM00008371,2026-05-31,V00006542,13,8,787,1,0.6154,0.6472
CM00008372,2026-03-20,V00007583,12,6,334,2,0.5,0.7325
CM00008373,2026-05-01,V00004020,7,3,178,2,0.4286,0.8128
CM00008374,2026-06-20,V00014001,11,2,52,0,0.1818,0.2241
CM00008375,2026-07-15,V00008864,4,1,22,0,0.25,0.3333
CM00008376,2026-08-14,V00006197,15,3,194,0,0.2,0.4936
CM00008377,2026-08-06,V00004010,5,0,0,0,0.0,0.0
CM00008378,2026-01-18,V00010919,7,1,25,0,0.1429,0.9259
CM00008379,2026-08-16,V00014097,8,5,277,1,0.625,0.4991
CM00008380,2026-07-10,V00004781,8,4,242,0,0.5,0.4144
CM00008381,2026-04-30,V00011765,13,2,93,0,0.1538,0.465
CM00008382,2026-05-13,V00012167,12,3,59,1,0.25,0.3576
CM00008383,2026-06-03,V00004856,12,3,18,1,0.25,0.5
CM00008384,2026-06-14,V00008552,10,6,436,1,0.6,0.5343
CM00008385,2026-08-12,V00004144,6,1,5,1,0.1667,0.0481
CM00008386,2026-08-05,V00010986,13,2,40,0,0.1538,0.4878
CM00008387,2026-05-04,V00010761,10,5,31,0,0.5,0.5636
CM00008388,2026-07-05,V00006665,5,1,108,0,0.2,0.8438
CM00008389,2026-02-05,V00013734,8,6,567,1,0.75,0.5526
CM00008390,2026-08-23,V00009181,10,2,80,0,0.2,0.5063
CM00008391,2026-02-04,V00001553,8,1,64,0,0.125,0.4604
CM00008392,2026-05-14,V00000886,12,3,93,2,0.25,0.6327
CM00008393,2026-07-29,V00005944,11,3,49,0,0.2727,0.5269
CM00008394,2026-06-11,V00007955,13,5,122,0,0.3846,0.3486
CM00008395,2026-07-10,V00011361,10,3,247,2,0.3,0.8667
CM00008396,2026-03-22,V00003086,9,3,130,1,0.3333,0.4762
CM00008397,2026-02-26,V00005295,7,4,79,0,0.5714,0.2324
CM00008398,2026-03-21,V00004161,12,4,106,0,0.3333,0.6463
CM00008399,2026-05-11,V00004842,12,3,39,0,0.25,0.1121
CM00008400,2026-02-17,V00002768,9,3,69,0,0.3333,0.4792
CM00008401,2026-05-09,V00006349,9,3,138,0,0.3333,0.5
CM00008402,2026-05-08,V00004377,14,4,379,0,0.2857,0.5293
CM00008403,2026-08-22,V00008394,16,7,814,0,0.4375,0.6963
CM00008404,2026-07-16,V00001861,7,1,4,0,0.1429,0.4444
CM00008405,2026-08-27,V00003133,14,2,50,0,0.1429,0.4902
CM00008406,2026-08-01,V00011074,5,1,52,0,0.2,0.4522
CM00008407,2026-08-03,V00012134,6,1,7,0,0.1667,0.35
CM00008408,2026-05-17,V00005202,15,7,457,2,0.4667,0.7096
CM00008409,2026-07-25,V00009729,11,3,175,0,0.2727,0.7778
CM00008410,2026-05-28,V00003001,5,2,91,0,0.4,0.364
CM00008411,2026-08-12,V00011572,14,7,452,1,0.5,0.861
CM00008412,2026-08-21,V00011219,7,3,300,0,0.4286,0.7092
CM00008413,2026-04-29,V00005490,6,3,106,1,0.5,0.7681
CM00008414,2026-05-12,V00011424,11,4,164,0,0.3636,0.5256
CM00008415,2026-06-19,V00010253,5,0,0,0,0.0,0.0
CM00008416,2026-08-14,V00005053,14,5,503,1,0.3571,0.7343
CM00008417,2026-08-20,V00000280,7,2,63,1,0.2857,0.6848
CM00008418,2026-06-05,V00004877,7,2,109,0,0.2857,0.6813
CM00008419,2026-08-13,V00012218,8,2,149,1,0.25,0.4656
CM00008420,2026-05-15,V00002624,6,3,322,0,0.5,0.7156
CM00008421,2026-06-06,V00006236,9,3,251,1,0.3333,0.6858
CM00008422,2026-06-24,V00006984,11,4,190,0,0.3636,0.4847
CM00008423,2026-07-24,V00009971,17,5,300,0,0.2941,0.566
CM00008424,2026-02-10,V00014595,8,3,277,0,0.375,0.7892
CM00008425,2026-07-23,V00004131,9,4,318,0,0.4444,0.626
CM00008426,2026-07-03,V00010175,7,1,83,0,0.1429,0.4743
CM00008427,2026-08-11,V00005898,12,2,97,0,0.1667,0.5215
CM00008428,2026-03-03,V00014742,7,3,200,0,0.4286,0.5013
CM00008429,2026-07-09,V00002460,11,5,320,0,0.4545,0.4103
CM00008430,2026-03-22,V00007621,7,3,80,0,0.4286,0.8081
CM00008431,2026-04-21,V00012860,16,4,303,0,0.25,0.4536
CM00008432,2026-07-22,V00001176,10,3,29,0,0.3,0.2762
CM00008433,2026-06-22,V00007378,11,0,0,0,0.0,0.0
CM00008434,2026-02-16,V00006226,10,4,318,1,0.4,0.5521
CM00008435,2026-07-18,V00005573,13,6,152,0,0.4615,0.9048
CM00008436,2026-05-03,V00010601,11,3,143,0,0.2727,0.5608
CM00008437,2026-08-08,V00003305,7,1,31,0,0.1429,0.4921
CM00008438,2026-06-04,V00010294,6,0,0,0,0.0,0.0
CM00008439,2026-08-11,V00010792,12,4,487,0,0.3333,0.712
CM00008440,2026-05-23,V00008791,3,2,65,1,0.6667,0.9286
CM00008441,2026-04-11,V00001764,12,5,573,2,0.4167,0.8245
CM00008442,2026-04-22,V00012300,5,2,310,0,0.4,1.0
CM00008443,2026-08-19,V00014325,6,1,69,0,0.1667,0.92
CM00008444,2026-05-28,V00006223,8,3,162,0,0.375,0.3971
CM00008445,2026-01-01,V00008183,11,1,13,0,0.0909,0.1354
CM00008446,2026-08-28,V00006448,11,5,407,0,0.4545,0.6727
CM00008447,2026-06-04,V00003145,7,4,17,1,0.5714,0.425
CM00008448,2026-08-02,V00014472,10,6,217,0,0.6,0.7695
CM00008449,2026-02-27,V00005630,10,3,313,0,0.3,0.7296
CM00008450,2026-06-20,V00006097,10,5,544,2,0.5,0.9628
CM00008451,2026-02-03,V00013954,8,2,6,0,0.25,0.1765
CM00008452,2026-03-20,V00012149,9,4,278,0,0.4444,0.6376
CM00008453,2026-04-30,V00005100,14,5,375,0,0.3571,0.7653
CM00008454,2026-03-16,V00004274,9,3,35,2,0.3333,0.5556
CM00008455,2026-08-23,V00006877,14,5,61,0,0.3571,0.7176
CM00008456,2026-06-25,V00014979,11,4,137,0,0.3636,0.5269
CM00008457,2026-08-18,V00000670,10,3,342,0,0.3,0.8143
CM00008458,2026-08-13,V00007413,10,3,142,0,0.3,0.4595
CM00008459,2026-07-16,V00002407,11,5,33,0,0.4545,0.33
CM00008460,2026-05-06,V00012831,14,3,157,1,0.2143,0.6305
CM00008461,2026-04-05,V00002551,8,4,217,1,0.5,0.5167
CM00008462,2026-07-15,V00012458,10,2,15,0,0.2,0.4688
CM00008463,2026-06-27,V00002211,6,1,51,0,0.1667,0.4904
CM00008464,2026-03-22,V00011014,11,8,894,1,0.7273,0.6422
CM00008465,2026-02-13,V00004488,10,5,168,2,0.5,0.5091
CM00008466,2026-03-12,V00000229,6,1,7,1,0.1667,0.7
CM00008467,2026-01-03,V00004402,11,6,252,1,0.5455,0.6269
CM00008468,2026-01-26,V00005108,10,4,369,0,0.4,0.5913
CM00008469,2026-01-28,V00008859,8,2,166,1,0.25,0.6194
CM00008470,2026-08-01,V00005013,12,4,57,1,0.3333,0.6196
CM00008471,2026-06-01,V00006289,7,1,13,0,0.1429,0.1398
CM00008472,2026-01-14,V00006451,9,4,77,1,0.4444,0.77
CM00008473,2026-01-14,V00008405,10,1,13,0,0.1,0.4333
CM00008474,2026-05-05,V00012690,9,4,125,1,0.4444,0.3551
CM00008475,2026-08-21,V00008553,6,1,19,0,0.1667,0.4419
CM00008476,2026-08-28,V00001593,13,3,170,0,0.2308,0.4683
CM00008477,2026-02-17,V00007515,13,4,168,0,0.3077,0.2346
CM00008478,2026-05-24,V00010775,11,1,71,0,0.0909,0.8068
CM00008479,2026-01-05,V00000365,10,3,251,0,0.3,0.8451
CM00008480,2026-01-12,V00013064,10,1,96,0,0.1,0.5963
CM00008481,2026-04-08,V00003523,9,5,214,1,0.5556,0.8075
CM00008482,2026-08-18,V00001738,12,4,90,0,0.3333,0.5114
CM00008483,2026-01-28,V00014500,12,6,178,1,0.5,0.7417
CM00008484,2026-02-24,V00012174,8,3,68,1,0.375,0.5152
CM00008485,2026-06-29,V00004891,10,3,96,0,0.3,0.6275
CM00008486,2026-06-25,V00003118,8,3,20,2,0.375,0.6061
CM00008487,2026-07-19,V00010569,8,4,318,0,0.5,0.5336
CM00008488,2026-02-26,V00000556,8,0,0,0,0.0,0.0
CM00008489,2026-02-23,V00004746,12,3,258,1,0.25,0.5342
CM00008490,2026-08-28,V00008693,5,1,111,0,0.2,0.7161
CM00008491,2026-02-16,V00005435,15,3,175,0,0.2,0.4522
CM00008492,2026-06-26,V00010526,10,3,159,0,0.3,0.3272
CM00008493,2026-08-12,V00008562,6,2,178,0,0.3333,0.6692
CM00008494,2026-05-31,V00001125,8,2,329,0,0.25,0.9676
CM00008495,2026-07-29,V00005458,8,5,198,1,0.625,0.7071
CM00008496,2026-02-28,V00012226,7,2,67,0,0.2857,0.7444
CM00008497,2026-07-19,V00004288,7,5,284,0,0.7143,0.4855
CM00008498,2026-01-29,V00004203,14,7,313,1,0.5,0.7709
CM00008499,2026-03-19,V00005285,6,1,37,0,0.1667,0.5781
CM00008500,2026-07-13,V00010100,7,0,0,0,0.0,0.0
CM00008501,2026-03-08,V00014157,7,1,22,0,0.1429,0.3492
CM00008502,2026-02-03,V00000323,13,4,101,2,0.3077,0.6474
CM00008503,2026-06-08,V00000118,10,3,200,1,0.3,0.8439
CM00008504,2026-04-21,V00006045,11,5,480,0,0.4545,0.7742
CM00008505,2026-03-19,V00008218,12,3,38,0,0.25,0.2946
CM00008506,2026-08-22,V00014987,9,5,30,1,0.5556,0.375
CM00008507,2026-08-11,V00000975,7,0,0,0,0.0,0.0
CM00008508,2026-07-17,V00005743,4,0,0,0,0.0,0.0
CM00008509,2026-07-08,V00010499,12,4,149,0,0.3333,0.6107
CM00008510,2026-03-27,V00014760,12,3,309,0,0.25,0.6821
CM00008511,2026-07-25,V00006279,4,2,160,0,0.5,0.6299
CM00008512,2026-03-22,V00014034,10,4,81,1,0.4,0.5625
CM00008513,2026-08-10,V00012996,9,2,105,0,0.2222,0.35
CM00008514,2026-03-16,V00005605,10,5,183,0,0.5,0.2731
CM00008515,2026-06-23,V00013202,9,4,341,1,0.4444,0.4816
CM00008516,2026-04-19,V00006116,13,7,605,0,0.5385,0.5145
CM00008517,2026-04-25,V00004084,11,3,234,1,0.2727,0.4535
CM00008518,2026-02-01,V00014031,11,6,650,0,0.5455,0.8464
CM00008519,2026-06-14,V00005342,18,7,846,1,0.3889,0.8111
CM00008520,2026-01-18,V00000693,7,4,73,0,0.5714,0.6518
CM00008521,2026-08-08,V00008016,11,4,69,0,0.3636,0.2828
CM00008522,2026-07-06,V00006907,9,0,0,0,0.0,0.0
CM00008523,2026-06-24,V00000357,11,6,535,0,0.5455,0.9907
CM00008524,2026-03-22,V00005452,2,1,100,0,0.5,0.6849
CM00008525,2026-04-03,V00002164,6,2,141,0,0.3333,0.8393
CM00008526,2026-01-13,V00005550,9,3,187,1,0.3333,0.4908
CM00008527,2026-04-03,V00000241,12,2,184,0,0.1667,0.6216
CM00008528,2026-08-03,V00001036,7,2,31,0,0.2857,0.378
CM00008529,2026-04-17,V00007102,13,3,270,0,0.2308,0.5294
CM00008530,2026-01-31,V00007841,7,1,79,0,0.1429,0.4938
CM00008531,2026-05-13,V00002287,10,3,93,0,0.3,0.7561
CM00008532,2026-01-30,V00005958,10,4,515,1,0.4,0.7399
CM00008533,2026-07-24,V00004002,7,3,236,1,0.4286,0.4711
CM00008534,2026-06-10,V00014669,5,2,99,0,0.4,0.75
CM00008535,2026-01-18,V00003911,13,4,193,0,0.3077,0.561
CM00008536,2026-01-20,V00002955,8,1,35,0,0.125,0.2303
CM00008537,2026-08-13,V00007065,8,4,186,0,0.5,0.7045
CM00008538,2026-02-19,V00013228,8,5,564,1,0.625,0.6337
CM00008539,2026-02-22,V00004911,10,7,376,0,0.7,0.7785
CM00008540,2026-08-26,V00002898,12,1,11,0,0.0833,0.2157
CM00008541,2026-05-12,V00006939,10,2,81,0,0.2,0.3682
CM00008542,2026-06-16,V00011231,7,3,32,0,0.4286,0.5333
CM00008543,2026-06-05,V00013999,9,3,64,0,0.3333,0.9697
CM00008544,2026-05-14,V00010652,6,3,143,0,0.5,0.4815
CM00008545,2026-06-25,V00010204,11,2,147,0,0.1818,0.6336
CM00008546,2026-03-15,V00000595,8,5,89,2,0.625,0.5235
CM00008547,2026-04-15,V00005920,12,4,230,0,0.3333,0.599
CM00008548,2026-06-25,V00007568,17,5,64,0,0.2941,0.2246
CM00008549,2026-04-17,V00001468,11,4,419,0,0.3636,0.5952
CM00008550,2026-05-07,V00013951,11,3,160,0,0.2727,0.5128
CM00008551,2026-07-21,V00013449,5,5,393,1,1.0,0.786
CM00008552,2026-05-12,V00005005,5,1,39,1,0.2,0.9512
CM00008553,2026-07-03,V00009426,8,3,305,2,0.375,0.6916
CM00008554,2026-08-14,V00003707,7,3,322,1,0.4286,0.603
CM00008555,2026-08-23,V00013098,10,4,385,0,0.4,0.7026
CM00008556,2026-08-27,V00002658,7,4,170,0,0.5714,0.787
CM00008557,2026-06-24,V00006100,7,3,321,0,0.4286,0.6149
CM00008558,2026-03-06,V00013764,11,3,148,0,0.2727,0.3915
CM00008559,2026-01-29,V00003684,8,3,96,0,0.375,0.4706
CM00008560,2026-06-21,V00005847,8,2,248,1,0.25,0.7086
CM00008561,2026-02-23,V00002088,10,6,671,4,0.6,0.8409
CM00008562,2026-07-28,V00007125,11,4,198,1,0.3636,0.8115
CM00008563,2026-02-26,V00001939,9,3,46,1,0.3333,0.3262
CM00008564,2026-08-05,V00006409,5,2,206,1,0.4,0.7055
CM00008565,2026-04-27,V00003048,5,3,147,0,0.6,0.4537
CM00008566,2026-01-25,V00000526,6,2,46,0,0.3333,0.1345
CM00008567,2026-01-22,V00012480,12,6,643,0,0.5,0.8372
CM00008568,2026-05-19,V00013724,11,7,506,3,0.6364,0.5877
CM00008569,2026-08-07,V00007121,12,6,26,1,0.5,0.4815
CM00008570,2026-05-24,V00001131,9,5,221,0,0.5556,0.3203
CM00008571,2026-07-22,V00007046,10,7,125,3,0.7,0.8503
CM00008572,2026-05-17,V00013379,7,2,164,0,0.2857,0.5359
CM00008573,2026-01-18,V00011109,6,4,95,0,0.6667,0.7917
CM00008574,2026-06-04,V00012838,8,2,312,1,0.25,0.9873
CM00008575,2026-04-22,V00013000,7,1,10,0,0.1429,0.5263
CM00008576,2026-05-19,V00001324,10,4,453,1,0.4,0.8712
CM00008577,2026-05-06,V00008437,7,2,115,0,0.2857,0.6609
CM00008578,2026-03-17,V00004199,22,5,408,0,0.2273,0.6528
CM00008579,2026-08-28,V00010974,9,3,185,1,0.3333,0.7708
CM00008580,2026-04-28,V00004730,11,2,81,1,0.1818,0.6983
CM00008581,2026-06-26,V00014144,11,5,295,2,0.4545,0.5315
CM00008582,2026-05-14,V00006845,9,0,0,0,0.0,0.0
CM00008583,2026-07-30,V00013984,6,1,51,0,0.1667,0.5312
CM00008584,2026-08-06,V00005248,11,5,98,1,0.4545,0.8167
CM00008585,2026-03-03,V00003085,5,1,7,0,0.2,0.0654
CM00008586,2026-07-08,V00010390,14,6,393,0,0.4286,0.8187
CM00008587,2026-07-02,V00006111,9,6,109,0,0.6667,0.5677
CM00008588,2026-07-13,V00002034,9,4,358,1,0.4444,0.6992
CM00008589,2026-08-20,V00006770,10,4,38,0,0.4,0.3276
CM00008590,2026-07-06,V00013386,4,1,9,0,0.25,0.3214
CM00008591,2026-05-21,V00000444,14,4,20,0,0.2857,0.2778
CM00008592,2026-01-12,V00011745,8,2,36,0,0.25,0.4737
CM00008593,2026-07-30,V00012430,15,9,930,1,0.6,0.7078
CM00008594,2026-06-09,V00005425,13,7,353,5,0.5385,0.7879
CM00008595,2026-06-07,V00009742,7,1,5,0,0.1429,0.5
CM00008596,2026-05-24,V00007953,9,3,261,0,0.3333,0.6493
CM00008597,2026-03-19,V00006781,12,2,162,1,0.1667,0.6807
CM00008598,2026-07-04,V00006594,8,1,62,0,0.125,0.7209
CM00008599,2026-06-24,V00011092,9,6,56,0,0.6667,0.6222
CM00008600,2026-06-30,V00011228,8,2,204,0,0.25,0.5698
CM00008601,2026-03-15,V00001533,14,5,402,0,0.3571,0.5089
CM00008602,2026-01-15,V00009147,6,0,0,0,0.0,0.0
CM00008603,2026-07-10,V00001258,11,3,299,0,0.2727,0.717
CM00008604,2026-07-06,V00011560,7,2,9,0,0.2857,0.4091
CM00008605,2026-01-23,V00007692,7,2,3,0,0.2857,0.0577
CM00008606,2026-02-11,V00006894,6,3,143,2,0.5,0.3287
CM00008607,2026-03-10,V00006144,10,3,38,1,0.3,0.1784
CM00008608,2026-04-21,V00000451,10,4,284,1,0.4,0.4931
CM00008609,2026-07-08,V00010102,7,3,204,0,0.4286,0.3778
CM00008610,2026-05-11,V00000067,4,1,10,0,0.25,0.4545
CM00008611,2026-07-20,V00000071,8,2,91,0,0.25,0.875
CM00008612,2026-05-07,V00013414,9,5,656,0,0.5556,0.7856
CM00008613,2026-07-05,V00000292,11,6,19,0,0.5455,0.3958
CM00008614,2026-06-10,V00000407,5,2,286,0,0.4,1.0
CM00008615,2026-03-14,V00010649,10,6,397,0,0.6,0.5855
CM00008616,2026-05-19,V00009953,9,3,188,0,0.3333,0.6596
CM00008617,2026-02-14,V00009721,12,5,571,0,0.4167,0.688
CM00008618,2026-02-08,V00002291,10,3,116,0,0.3,0.3144
CM00008619,2026-07-28,V00014877,6,2,13,1,0.3333,0.65
CM00008620,2026-01-23,V00005818,12,4,151,0,0.3333,0.3283
CM00008621,2026-08-23,V00001974,7,3,211,0,0.4286,0.5328
CM00008622,2026-04-04,V00011408,9,2,116,0,0.2222,0.6667
CM00008623,2026-05-09,V00001818,10,4,479,0,0.4,0.7579
CM00008624,2026-08-26,V00009504,12,7,849,1,0.5833,0.6852
CM00008625,2026-06-19,V00004890,8,4,67,1,0.5,0.3221
CM00008626,2026-03-20,V00005249,9,5,84,1,0.5556,0.9333
CM00008627,2026-02-17,V00006981,8,4,532,1,0.5,0.8926
CM00008628,2026-08-03,V00001896,11,3,211,0,0.2727,0.521
CM00008629,2026-06-15,V00006518,10,2,123,0,0.2,0.3455
CM00008630,2026-06-29,V00005636,11,6,369,0,0.5455,0.741
CM00008631,2026-08-10,V00008695,10,2,92,0,0.2,0.4894
CM00008632,2026-08-19,V00013028,11,4,110,0,0.3636,0.7051
CM00008633,2026-03-15,V00003955,11,1,28,0,0.0909,0.5283
CM00008634,2026-05-12,V00007407,8,2,150,0,0.25,0.7075
CM00008635,2026-07-02,V00013863,8,3,95,0,0.375,0.3299
CM00008636,2026-01-19,V00009413,11,2,32,0,0.1818,0.4211
CM00008637,2026-08-25,V00007161,11,1,147,0,0.0909,0.8647
CM00008638,2026-05-31,V00002200,8,0,0,0,0.0,0.0
CM00008639,2026-02-25,V00011971,8,2,30,0,0.25,0.375
CM00008640,2026-06-01,V00001710,11,7,706,2,0.6364,0.7641
CM00008641,2026-05-19,V00002390,9,6,279,1,0.6667,0.8942
CM00008642,2026-05-28,V00006103,4,1,85,0,0.25,0.7265
CM00008643,2026-08-15,V00004336,12,3,271,0,0.25,0.5377
CM00008644,2026-02-19,V00005216,12,4,149,1,0.3333,0.7028
CM00008645,2026-03-08,V00012073,13,6,302,0,0.4615,0.5471
CM00008646,2026-05-08,V00003948,9,5,210,1,0.5556,0.6462
CM00008647,2026-05-29,V00010814,9,3,155,2,0.3333,0.7277
CM00008648,2026-08-17,V00014384,6,2,10,0,0.3333,0.5
CM00008649,2026-01-12,V00014549,9,7,125,1,0.7778,0.6868
CM00008650,2026-04-25,V00008232,7,3,273,1,0.4286,0.5617
CM00008651,2026-07-07,V00012526,10,4,262,0,0.4,0.4199
CM00008652,2026-06-21,V00011523,4,1,77,0,0.25,0.5203
CM00008653,2026-04-26,V00005359,17,7,249,2,0.4118,0.3667
CM00008654,2026-02-21,V00011347,3,1,138,0,0.3333,0.902
CM00008655,2026-08-01,V00007534,13,5,219,0,0.3846,0.4093
CM00008656,2026-03-19,V00006161,12,5,56,1,0.4167,0.6222
CM00008657,2026-08-23,V00010812,8,2,153,1,0.25,0.6538
CM00008658,2026-08-18,V00007855,8,2,142,0,0.25,0.8256
CM00008659,2026-05-24,V00003398,10,2,177,0,0.2,0.5463
CM00008660,2026-04-29,V00000897,7,0,0,0,0.0,0.0
CM00008661,2026-08-21,V00000138,16,7,945,0,0.4375,0.7803
CM00008662,2026-07-09,V00011254,13,5,28,0,0.3846,0.7
CM00008663,2026-06-23,V00004375,6,1,81,0,0.1667,0.4793
CM00008664,2026-04-16,V00003988,6,1,38,0,0.1667,0.2734
CM00008665,2026-06-11,V00014310,9,5,45,0,0.5556,0.5294
CM00008666,2026-07-28,V00010046,15,1,9,0,0.0667,0.2368
CM00008667,2026-03-08,V00011603,9,3,35,0,0.3333,0.3889
CM00008668,2026-04-14,V00006866,10,2,165,0,0.2,0.6992
CM00008669,2026-04-22,V00005329,7,2,76,0,0.2857,0.8085
CM00008670,2026-05-02,V00012681,9,2,119,0,0.2222,0.3542
CM00008671,2026-05-18,V00009355,11,8,773,0,0.7273,0.812
CM00008672,2026-07-27,V00003879,9,4,581,1,0.4444,0.8494
CM00008673,2026-01-10,V00004055,9,1,100,0,0.1111,0.7353
CM00008674,2026-08-23,V00001464,6,2,279,0,0.3333,0.8304
CM00008675,2026-07-11,V00010064,13,4,102,0,0.3077,0.622
CM00008676,2026-08-23,V00001765,12,8,192,1,0.6667,0.4706
CM00008677,2026-04-27,V00008151,11,4,49,1,0.3636,0.7656
CM00008678,2026-03-24,V00007819,10,2,36,0,0.2,0.72
CM00008679,2026-07-06,V00002448,10,8,82,2,0.8,0.3796
CM00008680,2026-03-08,V00008095,12,3,103,1,0.25,0.6867
CM00008681,2026-03-22,V00010273,7,4,56,1,0.5714,0.4828
CM00008682,2026-05-13,V00008435,8,1,34,0,0.125,0.4198
CM00008683,2026-02-09,V00002576,12,6,132,1,0.5,0.7333
CM00008684,2026-08-24,V00007304,12,4,22,0,0.3333,0.4583
CM00008685,2026-04-20,V00006155,10,4,40,0,0.4,0.7692
CM00008686,2026-03-16,V00000209,5,2,196,0,0.4,0.5444
CM00008687,2026-06-26,V00008517,8,5,192,1,0.625,0.6982
CM00008688,2026-05-14,V00003443,8,6,841,0,0.75,0.8985
CM00008689,2026-06-04,V00006816,11,2,94,0,0.1818,0.2686
CM00008690,2026-03-14,V00007915,11,6,304,1,0.5455,0.9048
CM00008691,2026-07-19,V00006501,6,1,3,0,0.1667,0.1071
CM00008692,2026-04-24,V00001567,4,1,127,0,0.25,0.8467
CM00008693,2026-04-10,V00004571,8,2,85,0,0.25,0.3269
CM00008694,2026-08-25,V00005819,11,4,396,1,0.3636,0.6074
CM00008695,2026-01-26,V00007218,12,1,35,1,0.0833,0.4217
CM00008696,2026-05-23,V00013531,8,4,343,0,0.5,0.5427
CM00008697,2026-03-31,V00012610,6,2,104,0,0.3333,0.7879
CM00008698,2026-08-18,V00011249,5,1,51,0,0.2,0.4359
CM00008699,2026-03-18,V00010090,9,2,62,0,0.2222,0.8158
CM00008700,2026-06-25,V00004343,9,4,39,0,0.4444,0.6964
CM00008701,2026-08-14,V00009845,8,1,10,0,0.125,0.3333
CM00008702,2026-06-10,V00013777,7,2,208,0,0.2857,0.7123
CM00008703,2026-06-13,V00014885,14,7,457,0,0.5,0.6945
CM00008704,2026-05-15,V00003297,11,2,135,0,0.1818,0.4327
CM00008705,2026-06-22,V00002437,8,1,9,0,0.125,0.1552
CM00008706,2026-04-12,V00007798,7,2,329,0,0.2857,0.919
CM00008707,2026-07-21,V00008100,3,2,67,0,0.6667,0.5403
CM00008708,2026-08-04,V00006276,7,2,123,2,0.2857,0.6276
CM00008709,2026-06-08,V00012163,13,6,176,1,0.4615,0.6667
CM00008710,2026-03-02,V00009013,17,2,20,0,0.1176,0.5556
CM00008711,2026-01-06,V00002672,9,4,90,1,0.4444,0.8036
CM00008712,2026-03-29,V00005556,5,1,77,0,0.2,0.4753
CM00008713,2026-03-20,V00011815,6,3,56,0,0.5,0.6914
CM00008714,2026-04-11,V00005499,14,6,457,2,0.4286,0.7052
CM00008715,2026-01-01,V00003381,9,1,125,0,0.1111,0.7622
CM00008716,2026-07-31,V00006113,7,2,131,0,0.2857,0.7892
CM00008717,2026-08-10,V00014590,15,3,80,0,0.2,0.7207
CM00008718,2026-08-20,V00014766,10,6,310,3,0.6,0.5439
CM00008719,2026-08-10,V00002716,8,2,72,0,0.25,0.6667
CM00008720,2026-08-17,V00013660,9,2,151,0,0.2222,0.429
CM00008721,2026-01-24,V00012878,10,2,70,0,0.2,0.6604
CM00008722,2026-04-25,V00010274,17,5,479,1,0.2941,0.5352
CM00008723,2026-05-04,V00003771,10,3,414,1,0.3,0.8166
CM00008724,2026-05-30,V00011297,12,3,247,0,0.25,0.5381
CM00008725,2026-08-25,V00005896,5,1,169,0,0.2,0.9657
CM00008726,2026-07-01,V00012024,15,7,774,1,0.4667,0.6701
CM00008727,2026-04-17,V00007861,9,2,84,0,0.2222,0.433
CM00008728,2026-04-16,V00007237,11,4,354,1,0.3636,0.9415
CM00008729,2026-04-12,V00008191,9,4,290,1,0.4444,0.5664
CM00008730,2026-01-12,V00013854,7,1,12,0,0.1429,0.1714
CM00008731,2026-08-11,V00010561,9,3,135,0,0.3333,0.8491
CM00008732,2026-04-09,V00007440,9,3,22,0,0.3333,0.8148
CM00008733,2026-03-01,V00012686,7,3,223,0,0.4286,0.6578
CM00008734,2026-08-01,V00006219,11,3,235,1,0.2727,0.9916
CM00008735,2026-05-26,V00006633,5,2,28,0,0.4,0.6087
CM00008736,2026-06-01,V00008717,10,2,139,0,0.2,0.9392
CM00008737,2026-06-17,V00001230,14,5,267,0,0.3571,0.4272
CM00008738,2026-02-27,V00006417,10,2,72,0,0.2,0.45
CM00008739,2026-07-24,V00012091,10,6,95,3,0.6,0.4657
CM00008740,2026-05-16,V00001216,8,4,103,0,0.5,0.348
CM00008741,2026-04-25,V00008407,10,1,41,0,0.1,0.2398
CM00008742,2026-08-05,V00012568,7,5,214,1,0.7143,0.4553
CM00008743,2026-06-16,V00013391,8,2,108,1,0.25,0.5243
CM00008744,2026-07-28,V00010651,7,4,536,0,0.5714,0.8121
CM00008745,2026-08-10,V00009434,14,4,228,0,0.2857,0.3677
CM00008746,2026-07-30,V00002194,9,4,243,0,0.4444,0.3595
CM00008747,2026-01-10,V00009793,11,5,47,0,0.4545,0.5222
CM00008748,2026-03-18,V00011903,9,7,149,2,0.7778,0.734
CM00008749,2026-03-18,V00005543,12,4,556,0,0.3333,0.8373
CM00008750,2026-08-04,V00004826,13,6,198,1,0.4615,0.5
CM00008751,2026-07-10,V00002616,16,5,62,0,0.3125,0.3024
CM00008752,2026-08-09,V00002092,10,2,226,0,0.2,0.7434
CM00008753,2026-08-20,V00011156,7,0,0,0,0.0,0.0
CM00008754,2026-08-01,V00005693,5,3,97,0,0.6,0.8981
CM00008755,2026-03-10,V00010265,12,6,618,1,0.5,0.6059
CM00008756,2026-01-07,V00008779,4,2,149,0,0.5,0.8011
CM00008757,2026-01-29,V00011458,11,4,232,0,0.3636,0.5859
CM00008758,2026-08-19,V00011690,8,2,14,0,0.25,0.3684
CM00008759,2026-05-12,V00007809,5,0,0,0,0.0,0.0
CM00008760,2026-01-23,V00000455,10,7,798,3,0.7,0.7703
CM00008761,2026-01-07,V00007914,9,6,347,0,0.6667,0.6088
CM00008762,2026-01-18,V00007322,10,2,126,0,0.2,0.63
CM00008763,2026-08-18,V00013521,7,3,89,1,0.4286,0.4944
CM00008764,2026-08-20,V00006310,9,1,18,0,0.1111,0.3158
CM00008765,2026-01-15,V00008869,8,3,105,0,0.375,0.3889
CM00008766,2026-08-02,V00011526,9,3,439,2,0.3333,0.8815
CM00008767,2026-03-31,V00012397,7,1,18,0,0.1429,0.1525
CM00008768,2026-08-26,V00011711,8,3,56,1,0.375,0.7778
CM00008769,2026-01-04,V00010471,12,6,730,1,0.5,0.8816
CM00008770,2026-02-04,V00010964,8,4,178,0,0.5,0.8241
CM00008771,2026-07-24,V00014636,13,6,210,0,0.4615,0.473
CM00008772,2026-02-21,V00005382,14,7,70,4,0.5,0.9091
CM00008773,2026-08-07,V00005088,7,2,119,0,0.2857,0.8881
CM00008774,2026-03-16,V00002905,9,4,211,0,0.4444,0.7536
CM00008775,2026-01-15,V00009387,9,7,674,0,0.7778,0.6781
CM00008776,2026-01-24,V00001600,6,2,92,0,0.3333,0.4894
CM00008777,2026-05-27,V00009348,11,5,309,0,0.4545,0.567
CM00008778,2026-05-25,V00005952,12,2,14,0,0.1667,0.2414
CM00008779,2026-07-17,V00000295,13,5,686,0,0.3846,0.8167
CM00008780,2026-05-01,V00000306,7,2,98,0,0.2857,0.3121
CM00008781,2026-03-18,V00010025,7,5,523,0,0.7143,0.7315
CM00008782,2026-07-30,V00002926,13,4,220,0,0.3077,0.5914
CM00008783,2026-08-28,V00001330,8,3,19,1,0.375,0.3725
CM00008784,2026-05-06,V00003694,12,5,159,2,0.4167,0.6
CM00008785,2026-08-13,V00008015,15,3,166,0,0.2,0.3593
CM00008786,2026-04-01,V00000468,10,3,68,0,0.3,0.7083
CM00008787,2026-01-09,V00001332,6,0,0,0,0.0,0.0
CM00008788,2026-01-10,V00012282,7,5,797,0,0.7143,0.9376
CM00008789,2026-06-10,V00003753,6,2,236,0,0.3333,0.8489
CM00008790,2026-07-04,V00008440,14,11,1263,1,0.7857,0.7554
CM00008791,2026-07-16,V00007297,7,3,117,0,0.4286,0.4432
CM00008792,2026-06-14,V00008065,11,3,313,1,0.2727,0.5996
CM00008793,2026-07-01,V00002795,21,10,172,1,0.4762,0.5059
CM00008794,2026-08-25,V00004650,9,3,67,0,0.3333,0.4653
CM00008795,2026-02-08,V00003183,4,3,109,1,0.75,0.8258
CM00008796,2026-02-15,V00002421,6,3,257,0,0.5,0.5908
CM00008797,2026-02-12,V00011621,11,8,203,1,0.7273,0.7049
CM00008798,2026-03-28,V00008675,10,4,194,0,0.4,0.7578
CM00008799,2026-08-09,V00007324,10,4,397,0,0.4,0.7039
CM00008800,2026-05-17,V00001226,8,3,232,1,0.375,0.6138
CM00008801,2026-08-19,V00002106,7,2,16,0,0.2857,0.381
CM00008802,2026-01-20,V00013491,7,4,356,1,0.5714,0.6496
CM00008803,2026-07-14,V00002630,13,6,284,1,0.4615,0.5441
CM00008804,2026-02-13,V00006653,19,8,530,1,0.4211,0.5614
CM00008805,2026-05-02,V00005919,9,3,92,1,0.3333,0.6667
CM00008806,2026-04-05,V00008537,13,3,11,1,0.2308,0.4074
CM00008807,2026-01-04,V00001778,10,4,192,1,0.4,0.5854
CM00008808,2026-03-29,V00009116,11,4,163,0,0.3636,0.3671
CM00008809,2026-06-08,V00001228,6,1,4,0,0.1667,0.0261
CM00008810,2026-03-10,V00008357,5,2,83,0,0.4,0.883
CM00008811,2026-07-01,V00005593,5,0,0,0,0.0,0.0
CM00008812,2026-06-05,V00014824,11,4,58,1,0.3636,0.725
CM00008813,2026-01-06,V00003646,11,3,53,0,0.2727,0.6543
CM00008814,2026-06-07,V00012836,5,1,40,0,0.2,0.2963
CM00008815,2026-06-12,V00008501,13,4,440,3,0.3077,0.6918
CM00008816,2026-08-16,V00000798,16,2,25,1,0.125,0.5952
CM00008817,2026-05-16,V00014253,8,3,111,0,0.375,0.2434
CM00008818,2026-06-21,V00014536,12,4,578,1,0.3333,0.9146
CM00008819,2026-01-21,V00000696,10,6,361,1,0.6,0.654
CM00008820,2026-03-25,V00011546,8,2,39,0,0.25,0.4432
CM00008821,2026-08-19,V00005741,5,1,61,0,0.2,0.3389
CM00008822,2026-07-14,V00010874,12,2,91,0,0.1667,0.5112
CM00008823,2026-05-04,V00006337,12,4,67,0,0.3333,0.5403
CM00008824,2026-08-19,V00003543,11,6,274,1,0.5455,0.7249
CM00008825,2026-07-01,V00004539,8,0,0,0,0.0,0.0
CM00008826,2026-08-12,V00011283,6,4,517,0,0.6667,0.8448
CM00008827,2026-04-03,V00001477,9,4,34,2,0.4444,0.4474
CM00008828,2026-03-29,V00000959,8,3,80,1,0.375,0.5229
CM00008829,2026-01-18,V00014267,10,1,15,0,0.1,0.3488
CM00008830,2026-08-20,V00000575,10,3,188,1,0.3,0.5595
CM00008831,2026-08-22,V00003830,10,1,121,0,0.1,0.7908
CM00008832,2026-06-12,V00010662,14,7,681,2,0.5,0.5528
CM00008833,2026-02-09,V00014605,4,3,89,2,0.75,0.4564
CM00008834,2026-06-17,V00014003,16,10,574,1,0.625,0.7757
CM00008835,2026-06-25,V00000792,8,3,130,1,0.375,0.2476
CM00008836,2026-07-12,V00003466,7,4,68,1,0.5714,0.7727
CM00008837,2026-02-23,V00009695,11,4,264,0,0.3636,0.6408
CM00008838,2026-06-04,V00002232,9,6,364,2,0.6667,0.5275
CM00008839,2026-06-24,V00012059,9,3,26,0,0.3333,0.619
CM00008840,2026-05-30,V00001864,13,6,38,0,0.4615,0.5758
CM00008841,2026-05-07,V00000135,10,5,584,1,0.5,0.6911
CM00008842,2026-07-09,V00007750,15,4,134,1,0.2667,0.6442
CM00008843,2026-01-11,V00012233,6,2,96,0,0.3333,0.4528
CM00008844,2026-07-02,V00001530,9,2,62,1,0.2222,0.7045
CM00008845,2026-08-08,V00003983,7,2,194,0,0.2857,0.6599
CM00008846,2026-07-31,V00004938,10,8,288,1,0.8,0.45
CM00008847,2026-01-08,V00009711,7,5,359,2,0.7143,0.671
CM00008848,2026-04-01,V00006714,10,3,102,1,0.3,0.5484
CM00008849,2026-07-22,V00002027,11,4,36,0,0.3636,0.2812
CM00008850,2026-04-16,V00003623,8,5,223,0,0.625,0.6282
CM00008851,2026-06-29,V00008603,10,2,72,0,0.2,0.6102
CM00008852,2026-05-11,V00002222,9,2,162,0,0.2222,0.5192
CM00008853,2026-08-03,V00012098,6,2,222,2,0.3333,0.6416
CM00008854,2026-05-19,V00008728,10,4,326,0,0.4,0.8402
CM00008855,2026-06-10,V00002848,8,2,96,0,0.25,0.381
CM00008856,2026-04-04,V00009368,15,6,216,2,0.4,0.7059
CM00008857,2026-02-17,V00010220,10,3,34,2,0.3,0.4198
CM00008858,2026-04-24,V00011790,5,2,6,0,0.4,0.3
CM00008859,2026-06-26,V00001714,11,5,303,0,0.4545,0.5509
CM00008860,2026-07-22,V00012158,11,6,221,0,0.5455,0.7674
CM00008861,2026-02-06,V00002526,17,6,143,2,0.3529,0.7944
CM00008862,2026-04-23,V00006680,11,5,45,2,0.4545,0.8182
CM00008863,2026-04-09,V00003891,7,4,356,1,0.5714,0.6357
CM00008864,2026-07-26,V00007774,4,1,22,0,0.25,0.1264
CM00008865,2026-08-21,V00007454,9,4,330,1,0.4444,0.4797
CM00008866,2026-04-01,V00003844,9,2,108,0,0.2222,0.9
CM00008867,2026-05-29,V00003034,5,3,248,1,0.6,0.5741
CM00008868,2026-02-11,V00005868,5,4,355,1,0.8,0.5839
CM00008869,2026-02-02,V00008649,12,5,292,0,0.4167,0.5214
CM00008870,2026-07-30,V00011127,6,4,331,2,0.6667,0.6896
CM00008871,2026-08-22,V00011403,7,0,0,0,0.0,0.0
CM00008872,2026-07-11,V00011965,9,4,193,1,0.4444,0.5546
CM00008873,2026-03-10,V00011998,5,1,54,0,0.2,0.4219
CM00008874,2026-06-19,V00008186,7,2,177,1,0.2857,0.5364
CM00008875,2026-06-21,V00012016,7,1,27,0,0.1429,0.54
CM00008876,2026-03-25,V00003253,9,2,75,1,0.2222,0.2143
CM00008877,2026-05-04,V00003130,11,1,124,0,0.0909,0.747
CM00008878,2026-07-28,V00008034,8,3,257,0,0.375,0.6693
CM00008879,2026-02-08,V00001445,10,4,147,1,0.4,0.6806
CM00008880,2026-05-15,V00012360,5,1,82,0,0.2,0.6457
CM00008881,2026-06-11,V00005427,11,3,147,1,0.2727,0.5568
CM00008882,2026-06-12,V00000449,8,2,179,0,0.25,0.6938
CM00008883,2026-02-27,V00014813,6,1,37,0,0.1667,0.3854
CM00008884,2026-02-15,V00007099,9,2,11,0,0.2222,0.6875
CM00008885,2026-05-26,V00007910,13,2,140,0,0.1538,0.8537
CM00008886,2026-06-08,V00012071,9,3,147,0,0.3333,0.7
CM00008887,2026-07-17,V00011023,12,8,144,3,0.6667,0.8182
CM00008888,2026-04-15,V00006081,14,4,266,1,0.2857,0.6856
CM00008889,2026-03-21,V00004530,8,3,296,1,0.375,0.7309
CM00008890,2026-03-27,V00007436,10,3,142,0,0.3,0.4152
CM00008891,2026-02-20,V00001521,11,6,371,0,0.5455,0.6375
CM00008892,2026-08-04,V00007439,13,7,47,0,0.5385,0.6104
CM00008893,2026-08-01,V00006343,3,3,8,2,1.0,0.3333
CM00008894,2026-04-21,V00002459,10,4,377,1,0.4,0.7663
CM00008895,2026-02-14,V00006489,10,6,511,0,0.6,0.6404
CM00008896,2026-01-14,V00004354,11,5,507,1,0.4545,0.8817
CM00008897,2026-08-27,V00009608,9,5,532,1,0.5556,0.7824
CM00008898,2026-02-14,V00008242,12,6,208,0,0.5,0.619
CM00008899,2026-08-21,V00007535,11,4,207,1,0.3636,0.5505
CM00008900,2026-05-23,V00005240,8,2,55,0,0.25,0.3716
CM00008901,2026-01-04,V00004137,8,3,281,0,0.375,0.5677
CM00008902,2026-07-19,V00000021,12,2,36,2,0.1667,0.5455
CM00008903,2026-01-23,V00012825,13,3,328,1,0.2308,0.7438
CM00008904,2026-06-12,V00001703,7,2,91,0,0.2857,0.4213
CM00008905,2026-03-24,V00010925,11,4,120,0,0.3636,0.5357
CM00008906,2026-02-24,V00006631,11,4,433,1,0.3636,0.7122
CM00008907,2026-07-15,V00013910,6,1,47,0,0.1667,0.5341
CM00008908,2026-08-27,V00014543,8,3,71,1,0.375,0.6961
CM00008909,2026-04-02,V00014221,13,2,101,0,0.1538,0.404
CM00008910,2026-05-19,V00012492,11,4,11,0,0.3636,0.3438
CM00008911,2026-08-01,V00006863,15,7,710,0,0.4667,0.8669
CM00008912,2026-05-10,V00009798,9,3,190,0,0.3333,0.4308
CM00008913,2026-01-30,V00007981,5,2,36,0,0.4,0.6923
CM00008914,2026-06-17,V00005762,5,0,0,0,0.0,0.0
CM00008915,2026-08-20,V00013291,4,2,205,1,0.5,0.5824
CM00008916,2026-06-17,V00014825,14,8,874,0,0.5714,0.8214
CM00008917,2026-02-07,V00009315,11,3,5,1,0.2727,0.2083
CM00008918,2026-02-18,V00000202,12,9,159,3,0.75,0.9298
CM00008919,2026-02-20,V00014461,9,4,159,0,0.4444,0.2819
CM00008920,2026-07-16,V00013013,9,3,174,0,0.3333,0.725
CM00008921,2026-02-23,V00008891,11,3,204,0,0.2727,0.701
CM00008922,2026-05-17,V00009293,8,4,231,0,0.5,0.5203
CM00008923,2026-06-30,V00012835,9,2,123,1,0.2222,0.5491
CM00008924,2026-03-30,V00004256,13,5,100,0,0.3846,0.6897
CM00008925,2026-06-09,V00012413,11,1,6,1,0.0909,0.375
CM00008926,2026-01-24,V00004101,10,4,121,0,0.4,0.5042
CM00008927,2026-05-20,V00001809,9,3,172,0,0.3333,0.3295
CM00008928,2026-06-15,V00011718,6,1,69,0,0.1667,0.7753
CM00008929,2026-04-29,V00010568,9,2,15,0,0.2222,0.3571
CM00008930,2026-06-26,V00007003,10,3,39,0,0.3,0.4815
CM00008931,2026-07-03,V00006873,5,3,215,0,0.6,0.8052
CM00008932,2026-05-14,V00009361,6,4,19,1,0.6667,0.5278
CM00008933,2026-04-03,V00001772,6,3,159,1,0.5,0.7794
CM00008934,2026-02-25,V00013960,11,4,194,0,0.3636,0.6554
CM00008935,2026-05-30,V00007528,7,3,170,0,0.4286,0.6827
CM00008936,2026-04-29,V00006682,10,6,487,0,0.6,0.5375
CM00008937,2026-07-20,V00014061,12,7,712,1,0.5833,0.8203
CM00008938,2026-07-29,V00014576,9,4,358,1,0.4444,0.6088
CM00008939,2026-06-26,V00000329,7,4,59,1,0.5714,0.8676
CM00008940,2026-02-16,V00012662,10,5,438,2,0.5,0.6441
CM00008941,2026-07-23,V00012738,13,3,201,0,0.2308,0.4379
CM00008942,2026-04-03,V00003105,11,3,112,0,0.2727,0.3111
CM00008943,2026-08-07,V00002243,11,5,58,0,0.4545,0.58
CM00008944,2026-08-06,V00001260,7,3,351,1,0.4286,0.7597
CM00008945,2026-08-09,V00001742,9,5,98,2,0.5556,0.5939
CM00008946,2026-06-27,V00000971,9,6,259,1,0.6667,0.7573
CM00008947,2026-04-11,V00001186,10,0,0,0,0.0,0.0
CM00008948,2026-05-01,V00005457,8,4,171,1,0.5,0.7008
CM00008949,2026-08-03,V00001098,7,5,357,1,0.7143,0.6932
CM00008950,2026-07-08,V00010315,13,5,476,1,0.3846,0.6849
CM00008951,2026-01-27,V00000521,9,0,0,0,0.0,0.0
CM00008952,2026-01-13,V00000847,10,5,38,0,0.5,0.4471
CM00008953,2026-02-18,V00002718,13,7,127,3,0.5385,0.672
CM00008954,2026-04-02,V00014334,12,2,139,0,0.1667,0.6043
CM00008955,2026-07-27,V00004527,8,3,107,1,0.375,0.6149
CM00008956,2026-06-23,V00004647,5,1,98,0,0.2,0.9703
CM00008957,2026-08-22,V00009491,8,0,0,0,0.0,0.0
CM00008958,2026-01-25,V00004057,7,4,472,1,0.5714,0.6982
CM00008959,2026-07-13,V00013422,9,2,67,0,0.2222,0.2702
CM00008960,2026-07-24,V00005717,8,5,407,1,0.625,0.8222
CM00008961,2026-06-20,V00001641,11,1,3,0,0.0909,0.0233
CM00008962,2026-04-09,V00008283,8,2,64,0,0.25,0.8205
CM00008963,2026-08-12,V00008323,10,6,286,1,0.6,0.619
CM00008964,2026-08-05,V00003839,8,1,147,0,0.125,1.0
CM00008965,2026-03-21,V00005201,11,2,103,0,0.1818,0.8047
CM00008966,2026-08-25,V00010269,8,1,80,1,0.125,1.0
CM00008967,2026-05-21,V00000321,12,4,215,0,0.3333,0.5023
CM00008968,2026-04-14,V00005622,12,2,85,0,0.1667,0.2993
CM00008969,2026-04-27,V00007252,10,3,278,0,0.3,0.8201
CM00008970,2026-01-13,V00012913,8,4,123,0,0.5,0.4659
CM00008971,2026-08-04,V00001400,8,3,41,0,0.375,0.9111
CM00008972,2026-03-25,V00012772,9,5,411,1,0.5556,0.7682
CM00008973,2026-07-29,V00007036,14,4,131,0,0.2857,0.4043
CM00008974,2026-06-19,V00009812,7,2,178,1,0.2857,0.7008
CM00008975,2026-06-30,V00013537,10,1,66,0,0.1,0.66
CM00008976,2026-08-24,V00005417,12,4,136,1,0.3333,0.6538
CM00008977,2026-08-18,V00013880,9,2,16,0,0.2222,0.4706
CM00008978,2026-02-02,V00009338,10,4,57,0,0.4,0.6477
CM00008979,2026-07-26,V00007224,4,1,48,0,0.25,0.32
CM00008980,2026-07-23,V00002336,10,3,250,1,0.3,0.9259
CM00008981,2026-02-25,V00014546,9,2,93,1,0.2222,0.3394
CM00008982,2026-07-26,V00006239,9,1,18,0,0.1111,0.36
CM00008983,2026-04-13,V00001084,11,3,176,0,0.2727,0.6447
CM00008984,2026-07-06,V00012485,9,4,163,2,0.4444,0.7409
CM00008985,2026-07-15,V00011121,11,6,667,0,0.5455,0.6778
CM00008986,2026-08-26,V00005025,12,3,124,1,0.25,0.2793
CM00008987,2026-02-25,V00014738,7,5,195,1,0.7143,0.7358
CM00008988,2026-02-27,V00011235,12,4,313,1,0.3333,0.4686
CM00008989,2026-03-19,V00001441,9,5,127,2,0.5556,0.6865
CM00008990,2026-07-26,V00002678,6,2,17,1,0.3333,0.6071
CM00008991,2026-03-31,V00002180,13,5,129,0,0.3846,0.3108
CM00008992,2026-04-21,V00003131,10,4,150,2,0.4,0.2315
CM00008993,2026-07-24,V00014023,13,4,286,0,0.3077,0.7944
CM00008994,2026-04-19,V00012712,10,1,117,0,0.1,0.6573
CM00008995,2026-08-17,V00000478,12,5,144,0,0.4167,0.5236
CM00008996,2026-08-21,V00008810,13,7,20,1,0.5385,0.3175
CM00008997,2026-03-07,V00014008,10,3,258,0,0.3,0.5811
CM00008998,2026-07-03,V00003904,4,2,77,0,0.5,0.5662
CM00008999,2026-03-02,V00004883,8,5,595,1,0.625,0.9675
CM00009000,2026-05-10,V00006157,8,3,107,1,0.375,0.673
