audit_id,content_id,audited_at,audit_status,risk_type,review_mode
AUD00000001,V00005610,2026-06-18 17:41:59,approved,无风险,machine
AUD00000002,V00005919,2026-05-02 18:09:35,approved,无风险,machine
AUD00000003,V00013740,2026-08-25 02:52:39,approved,无风险,human
AUD00000004,V00010745,2026-04-08 12:56:33,approved,无风险,machine
AUD00000005,V00011777,2026-06-12 13:57:29,approved,无风险,mixed
AUD00000006,V00012108,2026-03-25 10:55:56,approved,无风险,mixed
AUD00000007,V00007067,2026-08-23 03:39:13,approved,无风险,machine
AUD00000008,V00010416,2026-04-05 04:31:41,rejected,无风险,mixed
AUD00000009,V00012567,2026-07-14 01:15:09,approved,无风险,machine
AUD00000010,V00005027,2026-07-29 11:18:25,approved,无风险,machine
AUD00000011,V00011609,2026-06-05 06:15:03,approved,无风险,human
AUD00000012,V00007588,2026-03-16 02:18:03,approved,无风险,machine
AUD00000013,V00003436,2026-05-07 18:23:44,approved,无风险,machine
AUD00000014,V00002640,2026-07-16 10:02:11,approved,无风险,machine
AUD00000015,V00010091,2026-01-22 19:02:38,approved,无风险,machine
AUD00000016,V00010480,2026-08-11 18:02:26,approved,无风险,machine
AUD00000017,V00002571,2026-07-27 23:31:59,approved,无风险,machine
AUD00000018,V00006998,2026-01-27 10:36:58,approved,无风险,mixed
AUD00000019,V00013783,2026-07-03 17:54:49,approved,无风险,mixed
AUD00000020,V00007922,2026-07-10 17:29:54,approved,无风险,mixed
AUD00000021,V00000950,2026-05-17 16:12:13,approved,无风险,machine
AUD00000022,V00003562,2026-04-11 10:11:59,limited,无风险,mixed
AUD00000023,V00012576,2026-07-31 13:16:49,approved,无风险,human
AUD00000024,V00008337,2026-02-24 08:07:50,approved,无风险,machine
AUD00000025,V00007525,2026-02-27 12:23:53,approved,无风险,mixed
AUD00000026,V00000882,2026-08-28 12:24:52,approved,侵权,machine
AUD00000027,V00008061,2026-08-28 06:36:14,approved,无风险,machine
AUD00000028,V00008694,2026-06-26 05:13:14,approved,无风险,machine
AUD00000029,V00004213,2026-02-27 06:42:35,approved,无风险,human
AUD00000030,V00003650,2026-06-07 12:02:35,approved,无风险,machine
AUD00000031,V00005642,2026-05-15 04:57:41,approved,无风险,machine
AUD00000032,V00002035,2026-08-11 00:16:44,approved,无风险,mixed
AUD00000033,V00004802,2026-05-11 05:41:41,approved,无风险,machine
AUD00000034,V00013577,2026-01-17 21:50:22,approved,无风险,machine
AUD00000035,V00008064,2026-03-05 13:39:33,approved,无风险,machine
AUD00000036,V00000795,2026-06-24 16:14:05,approved,虚假信息,machine
AUD00000037,V00007397,2026-04-09 07:19:38,approved,无风险,mixed
AUD00000038,V00005206,2026-08-27 02:17:30,approved,无风险,human
AUD00000039,V00012964,2026-03-15 20:47:23,approved,无风险,mixed
AUD00000040,V00012025,2026-07-19 22:11:38,approved,无风险,mixed
AUD00000041,V00004335,2026-08-05 23:13:34,approved,无风险,machine
AUD00000042,V00012481,2026-06-17 16:49:52,approved,无风险,machine
AUD00000043,V00007296,2026-05-29 06:22:49,approved,无风险,human
AUD00000044,V00012499,2026-07-25 07:10:17,approved,无风险,machine
AUD00000045,V00005096,2026-03-12 10:48:32,approved,无风险,mixed
AUD00000046,V00002802,2026-06-07 17:44:01,approved,无风险,machine
AUD00000047,V00004619,2026-06-19 06:52:03,approved,无风险,machine
AUD00000048,V00009532,2026-05-13 02:30:41,approved,无风险,human
AUD00000049,V00002467,2026-08-20 21:10:53,approved,无风险,mixed
AUD00000050,V00014904,2026-05-22 07:13:15,rejected,无风险,machine
AUD00000051,V00006370,2026-06-29 06:40:37,approved,无风险,mixed
AUD00000052,V00012660,2026-03-17 04:39:45,approved,无风险,machine
AUD00000053,V00009703,2026-04-08 16:33:27,approved,无风险,mixed
AUD00000054,V00009564,2026-07-04 18:32:15,approved,无风险,mixed
AUD00000055,V00012886,2026-03-29 15:50:55,approved,无风险,machine
AUD00000056,V00012651,2026-03-07 16:03:26,approved,无风险,machine
AUD00000057,V00003033,2026-05-27 08:34:57,approved,无风险,machine
AUD00000058,V00007136,2026-07-12 07:29:28,approved,无风险,machine
AUD00000059,V00007146,2026-08-03 08:44:35,approved,无风险,machine
AUD00000060,V00003005,2026-04-22 01:31:32,approved,无风险,machine
AUD00000061,V00010889,2026-07-25 11:40:16,approved,无风险,machine
AUD00000062,V00008869,2026-01-15 13:10:48,approved,无风险,mixed
AUD00000063,V00006886,2026-01-21 16:13:01,approved,无风险,machine
AUD00000064,V00010940,2026-02-09 15:37:38,approved,无风险,machine
AUD00000065,V00012231,2026-07-23 17:17:35,approved,无风险,mixed
AUD00000066,V00002207,2026-08-03 09:54:01,approved,无风险,machine
AUD00000067,V00009332,2026-04-04 02:39:34,approved,无风险,machine
AUD00000068,V00008034,2026-07-28 03:09:29,approved,无风险,machine
AUD00000069,V00008092,2026-07-23 04:08:34,approved,无风险,human
AUD00000070,V00000826,2026-06-26 21:42:40,approved,无风险,machine
AUD00000071,V00001802,2026-04-19 19:02:59,approved,无风险,mixed
AUD00000072,V00005548,2026-05-23 23:39:16,approved,无风险,mixed
AUD00000073,V00013443,2026-03-30 17:22:57,approved,无风险,machine
AUD00000074,V00005613,2026-08-24 06:14:44,approved,无风险,machine
AUD00000075,V00010306,2026-08-03 17:15:25,approved,无风险,machine
AUD00000076,V00003706,2026-08-20 19:22:25,approved,无风险,machine
AUD00000077,V00014498,2026-08-02 02:07:54,approved,无风险,machine
AUD00000078,V00001421,2026-03-27 19:42:09,approved,无风险,machine
AUD00000079,V00012685,2026-01-27 09:34:39,approved,无风险,machine
AUD00000080,V00003867,2026-03-14 16:07:24,rejected,无风险,machine
AUD00000081,V00004729,2026-07-07 09:04:38,approved,无风险,machine
AUD00000082,V00014434,2026-08-25 09:37:07,approved,无风险,mixed
AUD00000083,V00014976,2026-01-09 21:42:09,approved,无风险,machine
AUD00000084,V00000080,2026-04-08 11:06:44,approved,无风险,mixed
AUD00000085,V00013086,2026-01-14 17:27:07,approved,无风险,machine
AUD00000086,V00003016,2026-07-06 19:53:41,approved,无风险,machine
AUD00000087,V00011823,2026-08-25 05:04:11,approved,无风险,machine
AUD00000088,V00008873,2026-08-24 07:10:39,approved,无风险,mixed
AUD00000089,V00002022,2026-08-04 14:36:57,approved,无风险,mixed
AUD00000090,V00013960,2026-02-25 08:11:25,approved,无风险,machine
AUD00000091,V00013240,2026-04-17 00:46:37,approved,无风险,mixed
AUD00000092,V00008319,2026-06-05 10:46:21,approved,无风险,machine
AUD00000093,V00004258,2026-08-08 06:40:47,approved,无风险,mixed
AUD00000094,V00006134,2026-03-09 12:59:43,approved,无风险,mixed
AUD00000095,V00010257,2026-07-30 11:48:49,approved,无风险,machine
AUD00000096,V00003905,2026-08-15 07:20:50,approved,无风险,mixed
AUD00000097,V00012963,2026-03-15 20:34:06,approved,无风险,machine
AUD00000098,V00000318,2026-07-11 12:52:24,approved,无风险,machine
AUD00000099,V00004267,2026-02-19 14:18:49,approved,无风险,human
AUD00000100,V00005959,2026-08-09 00:46:14,approved,无风险,machine
AUD00000101,V00009766,2026-06-01 21:42:30,approved,无风险,machine
AUD00000102,V00006307,2026-06-05 15:00:29,approved,无风险,machine
AUD00000103,V00011656,2026-05-02 18:00:27,approved,无风险,machine
AUD00000104,V00006338,2026-06-13 20:44:06,approved,无风险,machine
AUD00000105,V00004123,2026-08-02 06:42:54,rejected,无风险,machine
AUD00000106,V00011486,2026-07-27 09:52:04,approved,无风险,mixed
AUD00000107,V00001922,2026-05-11 15:36:30,approved,无风险,mixed
AUD00000108,V00006178,2026-04-26 22:50:01,approved,无风险,machine
AUD00000109,V00006664,2026-06-12 02:36:19,approved,无风险,machine
AUD00000110,V00010106,2026-07-02 22:15:22,approved,无风险,machine
AUD00000111,V00004999,2026-06-01 02:22:13,approved,无风险,machine
AUD00000112,V00007694,2026-06-02 19:28:26,approved,无风险,machine
AUD00000113,V00003290,2026-05-29 16:28:21,approved,无风险,machine
AUD00000114,V00002036,2026-01-09 07:44:09,approved,无风险,machine
AUD00000115,V00013336,2026-02-16 23:44:44,approved,无风险,mixed
AUD00000116,V00012533,2026-05-29 02:03:35,approved,无风险,mixed
AUD00000117,V00003718,2026-08-13 08:21:34,limited,无风险,machine
AUD00000118,V00014308,2026-05-18 02:56:13,approved,无风险,machine
AUD00000119,V00005783,2026-06-13 22:35:31,approved,无风险,mixed
AUD00000120,V00006004,2026-04-04 20:58:19,approved,无风险,mixed
AUD00000121,V00004830,2026-05-08 12:41:27,approved,无风险,mixed
AUD00000122,V00001636,2026-07-16 17:19:18,approved,无风险,machine
AUD00000123,V00005532,2026-05-05 21:16:29,approved,无风险,machine
AUD00000124,V00012895,2026-04-27 19:53:25,approved,无风险,machine
AUD00000125,V00012374,2026-06-04 21:07:25,approved,无风险,mixed
AUD00000126,V00012625,2026-03-13 16:03:07,approved,无风险,machine
AUD00000127,V00000306,2026-05-01 21:33:36,approved,无风险,mixed
AUD00000128,V00014601,2026-07-14 07:24:04,approved,无风险,mixed
AUD00000129,V00014833,2026-05-30 00:52:33,approved,无风险,machine
AUD00000130,V00009716,2026-01-20 11:52:54,approved,无风险,mixed
AUD00000131,V00006403,2026-08-28 17:23:26,approved,无风险,mixed
AUD00000132,V00001074,2026-05-17 18:25:19,approved,无风险,machine
AUD00000133,V00011962,2026-04-29 17:51:09,approved,无风险,mixed
AUD00000134,V00004283,2026-07-19 13:57:33,approved,无风险,machine
AUD00000135,V00010434,2026-08-26 12:24:36,approved,无风险,machine
AUD00000136,V00000330,2026-01-25 01:14:26,approved,无风险,mixed
AUD00000137,V00014809,2026-02-17 21:06:21,approved,无风险,machine
AUD00000138,V00009533,2026-02-21 09:03:44,approved,无风险,machine
AUD00000139,V00010646,2026-02-05 03:16:32,approved,无风险,machine
AUD00000140,V00005020,2026-04-29 22:07:54,approved,无风险,machine
AUD00000141,V00006406,2026-07-24 15:10:38,approved,无风险,machine
AUD00000142,V00004131,2026-07-23 13:21:53,limited,无风险,machine
AUD00000143,V00013172,2026-03-08 10:28:58,approved,无风险,machine
AUD00000144,V00006499,2026-07-09 07:08:27,approved,无风险,machine
AUD00000145,V00000865,2026-04-28 16:06:47,approved,无风险,machine
AUD00000146,V00004370,2026-06-17 11:16:03,approved,无风险,machine
AUD00000147,V00014396,2026-07-26 09:49:00,approved,无风险,machine
AUD00000148,V00012050,2026-04-26 03:49:38,approved,无风险,human
AUD00000149,V00002221,2026-04-23 04:43:34,rejected,无风险,machine
AUD00000150,V00008182,2026-06-07 02:38:01,approved,无风险,machine
AUD00000151,V00011092,2026-06-24 20:20:12,approved,无风险,machine
AUD00000152,V00008836,2026-04-07 09:56:16,approved,无风险,machine
AUD00000153,V00007475,2026-02-21 22:12:51,approved,无风险,machine
AUD00000154,V00000406,2026-03-13 03:20:21,approved,无风险,human
AUD00000155,V00005302,2026-06-06 10:22:48,approved,无风险,mixed
AUD00000156,V00005796,2026-08-26 23:33:19,approved,无风险,mixed
AUD00000157,V00013318,2026-03-14 01:29:47,approved,无风险,machine
AUD00000158,V00014730,2026-08-01 15:22:04,approved,无风险,human
AUD00000159,V00010787,2026-08-21 18:51:34,approved,无风险,mixed
AUD00000160,V00013207,2026-08-02 20:17:44,approved,无风险,machine
AUD00000161,V00010717,2026-04-15 01:58:19,approved,无风险,machine
AUD00000162,V00009634,2026-02-13 00:09:10,approved,无风险,machine
AUD00000163,V00011360,2026-07-18 09:35:43,approved,无风险,mixed
AUD00000164,V00005327,2026-08-10 01:35:09,approved,无风险,machine
AUD00000165,V00000130,2026-08-12 00:15:55,approved,无风险,mixed
AUD00000166,V00004400,2026-01-13 08:35:33,approved,无风险,machine
AUD00000167,V00010592,2026-06-08 06:07:41,approved,无风险,machine
AUD00000168,V00012566,2026-07-29 18:55:26,approved,无风险,machine
AUD00000169,V00009242,2026-01-08 06:01:03,approved,无风险,machine
AUD00000170,V00001317,2026-06-23 14:14:08,approved,虚假信息,mixed
AUD00000171,V00014095,2026-07-08 03:48:39,approved,无风险,machine
AUD00000172,V00012787,2026-01-23 00:35:03,approved,无风险,machine
AUD00000173,V00005080,2026-03-17 18:24:58,approved,无风险,machine
AUD00000174,V00008675,2026-03-28 01:34:34,approved,无风险,machine
AUD00000175,V00001289,2026-08-28 21:12:43,approved,无风险,mixed
AUD00000176,V00011477,2026-07-19 05:21:35,approved,侵权,mixed
AUD00000177,V00008513,2026-06-26 08:34:59,approved,无风险,human
AUD00000178,V00010904,2026-05-06 14:46:55,approved,无风险,machine
AUD00000179,V00009308,2026-08-13 10:01:50,approved,无风险,machine
AUD00000180,V00004412,2026-08-11 17:16:58,rejected,虚假信息,machine
AUD00000181,V00002301,2026-06-09 22:44:15,approved,无风险,machine
AUD00000182,V00007270,2026-01-02 23:48:44,approved,无风险,machine
AUD00000183,V00009459,2026-08-17 20:54:40,approved,无风险,mixed
AUD00000184,V00006987,2026-03-02 14:54:13,approved,无风险,machine
AUD00000185,V00008723,2026-08-11 06:54:27,approved,无风险,machine
AUD00000186,V00007358,2026-04-12 09:48:23,approved,无风险,machine
AUD00000187,V00004973,2026-04-04 19:27:06,approved,无风险,mixed
AUD00000188,V00001883,2026-07-01 19:49:03,approved,无风险,mixed
AUD00000189,V00014618,2026-03-06 08:32:54,approved,无风险,mixed
AUD00000190,V00010541,2026-01-28 17:55:04,approved,无风险,machine
AUD00000191,V00010038,2026-06-02 07:05:37,approved,无风险,machine
AUD00000192,V00014943,2026-05-18 23:40:42,approved,无风险,machine
AUD00000193,V00000474,2026-08-28 00:58:19,approved,侵权,machine
AUD00000194,V00007062,2026-05-04 18:35:26,approved,无风险,machine
AUD00000195,V00015000,2026-08-15 12:39:09,approved,无风险,machine
AUD00000196,V00004204,2026-06-02 13:42:18,approved,无风险,machine
AUD00000197,V00012607,2026-06-25 10:25:20,approved,无风险,machine
AUD00000198,V00005729,2026-08-15 02:34:53,approved,无风险,machine
AUD00000199,V00001347,2026-08-08 22:54:44,approved,无风险,mixed
AUD00000200,V00012436,2026-03-17 19:11:37,approved,无风险,machine
AUD00000201,V00010323,2026-03-06 01:42:11,approved,无风险,machine
AUD00000202,V00007356,2026-06-28 18:45:27,approved,无风险,mixed
AUD00000203,V00004520,2026-04-06 00:52:38,approved,无风险,machine
AUD00000204,V00013250,2026-01-03 08:32:07,approved,无风险,machine
AUD00000205,V00005939,2026-02-25 23:45:43,approved,无风险,machine
AUD00000206,V00008556,2026-07-08 05:44:16,approved,无风险,machine
AUD00000207,V00012342,2026-04-01 22:47:59,approved,无风险,machine
AUD00000208,V00004614,2026-04-02 10:21:44,approved,无风险,machine
AUD00000209,V00009453,2026-03-28 15:28:42,approved,无风险,machine
AUD00000210,V00010988,2026-01-20 02:43:13,approved,无风险,machine
AUD00000211,V00001368,2026-07-19 02:22:06,approved,无风险,machine
AUD00000212,V00014041,2026-04-20 21:50:08,approved,无风险,machine
AUD00000213,V00008708,2026-07-19 19:58:15,approved,无风险,mixed
AUD00000214,V00006235,2026-08-12 06:22:23,approved,无风险,machine
AUD00000215,V00004775,2026-03-01 15:35:04,approved,无风险,machine
AUD00000216,V00012010,2026-01-16 01:40:44,approved,无风险,machine
AUD00000217,V00001009,2026-07-03 08:12:13,approved,无风险,machine
AUD00000218,V00006393,2026-04-19 20:57:33,approved,无风险,human
AUD00000219,V00003641,2026-05-29 14:47:20,approved,无风险,human
AUD00000220,V00004098,2026-06-26 21:15:10,approved,无风险,machine
AUD00000221,V00012390,2026-06-04 19:20:57,approved,无风险,machine
AUD00000222,V00002016,2026-05-29 16:54:56,approved,无风险,machine
AUD00000223,V00003992,2026-03-15 18:33:28,approved,无风险,human
AUD00000224,V00012260,2026-08-23 02:34:20,rejected,无风险,machine
AUD00000225,V00004649,2026-06-24 19:22:37,approved,无风险,machine
AUD00000226,V00010339,2026-04-16 21:10:59,approved,无风险,machine
AUD00000227,V00012177,2026-06-01 00:25:00,approved,无风险,machine
AUD00000228,V00000098,2026-07-08 17:13:08,approved,无风险,mixed
AUD00000229,V00006951,2026-07-25 16:05:11,approved,低俗,machine
AUD00000230,V00008463,2026-06-27 22:21:35,approved,无风险,machine
AUD00000231,V00013421,2026-08-21 14:49:09,approved,无风险,mixed
AUD00000232,V00005878,2026-03-23 12:29:21,approved,无风险,machine
AUD00000233,V00003712,2026-05-02 05:07:59,approved,无风险,mixed
AUD00000234,V00004239,2026-02-02 22:17:17,approved,无风险,mixed
AUD00000235,V00007185,2026-07-23 19:39:13,approved,无风险,mixed
AUD00000236,V00014668,2026-03-28 14:50:22,approved,无风险,human
AUD00000237,V00006486,2026-04-06 15:57:36,rejected,无风险,machine
AUD00000238,V00013400,2026-02-27 23:33:45,approved,无风险,machine
AUD00000239,V00012806,2026-06-09 10:19:38,approved,无风险,machine
AUD00000240,V00007202,2026-01-10 06:57:05,approved,无风险,machine
AUD00000241,V00004659,2026-06-08 20:55:02,approved,无风险,machine
AUD00000242,V00005993,2026-05-25 18:13:03,approved,无风险,mixed
AUD00000243,V00013258,2026-08-26 18:42:49,approved,无风险,machine
AUD00000244,V00003181,2026-07-31 10:03:17,approved,无风险,machine
AUD00000245,V00009376,2026-02-10 02:43:15,approved,无风险,machine
AUD00000246,V00009668,2026-07-24 10:23:23,approved,无风险,machine
AUD00000247,V00005842,2026-01-04 16:48:21,approved,无风险,machine
AUD00000248,V00006140,2026-02-08 12:45:48,approved,无风险,machine
AUD00000249,V00011385,2026-07-13 05:56:41,approved,无风险,machine
AUD00000250,V00002502,2026-02-27 21:28:10,approved,无风险,mixed
AUD00000251,V00003665,2026-06-30 22:09:53,approved,无风险,machine
AUD00000252,V00002636,2026-08-01 19:11:50,approved,无风险,machine
AUD00000253,V00012977,2026-03-24 01:01:31,approved,低俗,machine
AUD00000254,V00012349,2026-03-19 12:55:43,approved,无风险,machine
AUD00000255,V00010450,2026-08-06 16:14:26,approved,无风险,human
AUD00000256,V00005308,2026-01-27 08:07:19,approved,无风险,machine
AUD00000257,V00003304,2026-03-16 23:56:10,approved,无风险,machine
AUD00000258,V00004503,2026-04-26 08:46:32,approved,无风险,mixed
AUD00000259,V00008939,2026-07-28 04:15:59,approved,无风险,machine
AUD00000260,V00001990,2026-02-28 09:44:04,approved,无风险,machine
AUD00000261,V00007786,2026-08-01 22:20:56,approved,无风险,machine
AUD00000262,V00006576,2026-01-09 08:14:17,approved,无风险,mixed
AUD00000263,V00005083,2026-05-06 00:04:00,approved,无风险,machine
AUD00000264,V00011713,2026-03-24 06:04:16,approved,无风险,mixed
AUD00000265,V00014355,2026-05-03 17:02:27,approved,无风险,machine
AUD00000266,V00009081,2026-02-13 22:36:16,approved,无风险,mixed
AUD00000267,V00012452,2026-05-25 12:45:27,approved,无风险,machine
AUD00000268,V00003017,2026-06-15 22:02:56,approved,无风险,mixed
AUD00000269,V00013066,2026-05-08 16:02:06,limited,无风险,mixed
AUD00000270,V00012443,2026-06-21 15:07:28,approved,无风险,mixed
AUD00000271,V00000744,2026-06-20 00:09:30,approved,无风险,machine
AUD00000272,V00008851,2026-04-03 00:20:27,approved,无风险,machine
AUD00000273,V00009091,2026-05-08 08:42:25,approved,无风险,mixed
AUD00000274,V00009767,2026-07-01 21:49:37,approved,无风险,machine
AUD00000275,V00014382,2026-06-23 03:56:19,approved,无风险,machine
AUD00000276,V00000461,2026-08-12 16:15:21,approved,无风险,machine
AUD00000277,V00011566,2026-08-05 14:07:42,approved,无风险,machine
AUD00000278,V00011067,2026-08-03 06:05:36,approved,无风险,human
AUD00000279,V00005988,2026-07-07 03:23:07,approved,无风险,machine
AUD00000280,V00010448,2026-08-23 03:01:32,approved,无风险,human
AUD00000281,V00013875,2026-02-10 03:50:44,approved,无风险,machine
AUD00000282,V00004459,2026-02-28 12:40:52,approved,无风险,machine
AUD00000283,V00006201,2026-04-02 09:37:35,approved,无风险,mixed
AUD00000284,V00004413,2026-06-05 03:00:02,approved,无风险,machine
AUD00000285,V00006007,2026-07-01 11:56:14,approved,无风险,machine
AUD00000286,V00013297,2026-08-03 20:44:37,approved,无风险,mixed
AUD00000287,V00011532,2026-07-05 03:39:20,approved,无风险,machine
AUD00000288,V00005698,2026-07-07 18:01:20,approved,无风险,mixed
AUD00000289,V00011613,2026-08-26 23:48:01,approved,无风险,machine
AUD00000290,V00006242,2026-07-21 18:07:31,approved,无风险,machine
AUD00000291,V00009064,2026-07-17 20:20:20,approved,无风险,human
AUD00000292,V00012966,2026-06-25 14:28:06,approved,无风险,machine
AUD00000293,V00012428,2026-03-31 18:02:13,approved,低俗,machine
AUD00000294,V00014485,2026-07-28 01:09:24,approved,无风险,machine
AUD00000295,V00005097,2026-08-24 05:21:44,approved,无风险,mixed
AUD00000296,V00004985,2026-04-24 19:59:05,approved,无风险,machine
AUD00000297,V00004488,2026-02-13 15:41:06,approved,无风险,machine
AUD00000298,V00005964,2026-08-28 10:50:52,approved,低俗,machine
AUD00000299,V00002329,2026-08-10 17:39:50,approved,无风险,machine
AUD00000300,V00002211,2026-06-27 22:05:59,approved,无风险,mixed
AUD00000301,V00014941,2026-07-12 16:26:07,approved,无风险,machine
AUD00000302,V00012131,2026-04-01 22:09:58,approved,无风险,machine
AUD00000303,V00004202,2026-05-31 04:38:00,approved,无风险,machine
AUD00000304,V00002805,2026-01-31 09:56:53,approved,无风险,machine
AUD00000305,V00004234,2026-08-19 23:14:24,approved,无风险,machine
AUD00000306,V00007321,2026-01-26 10:32:29,approved,无风险,mixed
AUD00000307,V00007596,2026-04-30 16:21:34,approved,低俗,mixed
AUD00000308,V00007143,2026-05-24 16:42:14,approved,虚假信息,human
AUD00000309,V00001233,2026-07-25 11:54:27,approved,无风险,machine
AUD00000310,V00010115,2026-07-27 17:58:00,approved,无风险,mixed
AUD00000311,V00003623,2026-04-16 14:24:07,limited,无风险,machine
AUD00000312,V00013498,2026-05-25 21:52:48,approved,无风险,machine
AUD00000313,V00004291,2026-05-07 10:19:07,approved,无风险,machine
AUD00000314,V00002138,2026-06-03 22:37:53,approved,无风险,mixed
AUD00000315,V00000707,2026-08-12 23:59:01,approved,无风险,machine
AUD00000316,V00005430,2026-03-26 09:35:33,approved,无风险,machine
AUD00000317,V00002209,2026-01-12 06:28:25,approved,无风险,mixed
AUD00000318,V00004093,2026-03-02 14:34:22,approved,无风险,machine
AUD00000319,V00013544,2026-06-30 00:33:00,approved,无风险,mixed
AUD00000320,V00004864,2026-04-28 15:41:38,approved,无风险,machine
AUD00000321,V00012179,2026-04-05 07:31:19,approved,无风险,machine
AUD00000322,V00000959,2026-03-29 05:42:42,approved,虚假信息,machine
AUD00000323,V00013746,2026-08-23 15:38:57,approved,无风险,machine
AUD00000324,V00005436,2026-02-27 21:52:53,approved,无风险,human
AUD00000325,V00006306,2026-02-26 02:07:09,approved,低俗,machine
AUD00000326,V00006547,2026-01-21 12:09:02,approved,无风险,machine
AUD00000327,V00010761,2026-05-04 21:24:15,limited,无风险,human
AUD00000328,V00004262,2026-04-28 19:07:48,limited,无风险,mixed
AUD00000329,V00011827,2026-07-19 19:45:23,approved,无风险,machine
AUD00000330,V00008796,2026-06-15 16:20:44,approved,无风险,mixed
AUD00000331,V00001898,2026-06-18 20:54:31,approved,无风险,mixed
AUD00000332,V00005600,2026-02-08 23:00:59,approved,无风险,machine
AUD00000333,V00000081,2026-06-19 10:38:25,approved,无风险,machine
AUD00000334,V00013591,2026-04-02 14:24:30,approved,无风险,human
AUD00000335,V00003364,2026-03-10 08:07:04,approved,无风险,machine
AUD00000336,V00008080,2026-06-29 20:48:36,approved,无风险,machine
AUD00000337,V00005256,2026-03-15 11:19:14,approved,无风险,machine
AUD00000338,V00009728,2026-07-13 20:22:07,approved,无风险,human
AUD00000339,V00011220,2026-05-02 16:28:35,approved,无风险,mixed
AUD00000340,V00008807,2026-04-07 19:54:48,approved,侵权,machine
AUD00000341,V00000420,2026-08-23 02:14:35,approved,无风险,machine
AUD00000342,V00001595,2026-03-20 10:24:40,approved,无风险,machine
AUD00000343,V00011217,2026-06-28 02:42:25,approved,无风险,machine
AUD00000344,V00000782,2026-03-25 23:40:15,approved,无风险,machine
AUD00000345,V00007288,2026-06-12 02:41:38,approved,无风险,human
AUD00000346,V00013277,2026-07-15 00:14:00,rejected,无风险,machine
AUD00000347,V00004571,2026-04-10 01:37:55,limited,无风险,machine
AUD00000348,V00008775,2026-08-24 23:07:01,approved,侵权,machine
AUD00000349,V00014636,2026-07-24 18:44:24,approved,无风险,mixed
AUD00000350,V00006515,2026-02-09 18:17:15,approved,无风险,machine
AUD00000351,V00000148,2026-04-23 11:14:52,approved,侵权,machine
AUD00000352,V00007228,2026-03-01 23:21:47,approved,无风险,mixed
AUD00000353,V00006688,2026-07-28 18:59:17,approved,无风险,machine
AUD00000354,V00013062,2026-03-15 11:58:34,approved,无风险,machine
AUD00000355,V00014969,2026-08-07 00:20:49,approved,无风险,machine
AUD00000356,V00013350,2026-04-30 03:33:24,approved,无风险,mixed
AUD00000357,V00008568,2026-08-07 02:25:28,approved,无风险,machine
AUD00000358,V00000748,2026-02-02 12:24:06,limited,无风险,mixed
AUD00000359,V00010813,2026-02-17 18:56:23,approved,无风险,machine
AUD00000360,V00004989,2026-06-18 01:24:11,approved,无风险,machine
AUD00000361,V00011937,2026-07-14 08:06:17,approved,无风险,machine
AUD00000362,V00011170,2026-03-05 06:17:36,approved,无风险,machine
AUD00000363,V00009067,2026-01-31 08:15:29,approved,无风险,machine
AUD00000364,V00004533,2026-02-28 04:37:16,approved,无风险,machine
AUD00000365,V00005367,2026-03-08 00:55:17,approved,无风险,machine
AUD00000366,V00012744,2026-07-06 22:45:49,approved,无风险,machine
AUD00000367,V00000336,2026-02-04 17:43:16,approved,无风险,mixed
AUD00000368,V00001223,2026-04-19 04:20:55,approved,无风险,machine
AUD00000369,V00008854,2026-08-13 20:51:59,approved,无风险,machine
AUD00000370,V00010840,2026-07-01 16:27:21,approved,无风险,mixed
AUD00000371,V00004242,2026-05-20 06:00:06,approved,无风险,machine
AUD00000372,V00012540,2026-02-07 19:14:15,approved,无风险,machine
AUD00000373,V00008096,2026-03-28 17:26:13,approved,无风险,mixed
AUD00000374,V00012856,2026-04-28 21:16:26,approved,无风险,machine
AUD00000375,V00011011,2026-04-30 00:16:51,approved,无风险,machine
AUD00000376,V00007683,2026-04-10 20:08:24,approved,无风险,machine
AUD00000377,V00011310,2026-06-13 23:14:37,approved,无风险,machine
AUD00000378,V00008698,2026-05-22 23:36:36,approved,无风险,machine
AUD00000379,V00002796,2026-05-02 16:02:17,approved,无风险,mixed
AUD00000380,V00005997,2026-08-28 00:06:12,approved,无风险,machine
AUD00000381,V00012155,2026-06-25 09:47:27,approved,无风险,human
AUD00000382,V00009592,2026-01-15 06:19:32,approved,无风险,mixed
AUD00000383,V00001921,2026-03-10 21:34:14,approved,无风险,machine
AUD00000384,V00005243,2026-07-12 02:52:45,approved,无风险,machine
AUD00000385,V00006652,2026-02-17 22:19:28,approved,无风险,machine
AUD00000386,V00000816,2026-05-27 23:30:13,approved,无风险,machine
AUD00000387,V00014384,2026-08-17 01:42:36,limited,无风险,machine
AUD00000388,V00003327,2026-01-12 23:28:53,approved,无风险,machine
AUD00000389,V00014144,2026-06-26 17:56:53,approved,无风险,mixed
AUD00000390,V00006331,2026-06-04 01:26:42,approved,无风险,human
AUD00000391,V00005423,2026-01-13 16:34:25,approved,无风险,machine
AUD00000392,V00013271,2026-05-17 09:49:29,approved,无风险,mixed
AUD00000393,V00001542,2026-02-07 18:38:50,approved,无风险,mixed
AUD00000394,V00008566,2026-08-04 05:14:07,approved,无风险,machine
AUD00000395,V00006287,2026-04-10 04:38:20,approved,无风险,mixed
AUD00000396,V00007700,2026-03-07 00:58:47,approved,无风险,machine
AUD00000397,V00000127,2026-01-17 17:28:54,approved,无风险,machine
AUD00000398,V00008380,2026-02-18 03:25:05,approved,无风险,mixed
AUD00000399,V00000412,2026-04-04 15:25:15,approved,无风险,machine
AUD00000400,V00008889,2026-03-04 00:14:40,approved,无风险,mixed
AUD00000401,V00006840,2026-01-04 01:24:03,approved,无风险,machine
AUD00000402,V00004700,2026-06-19 12:24:40,approved,无风险,machine
AUD00000403,V00002121,2026-05-27 02:12:14,approved,无风险,human
AUD00000404,V00004385,2026-04-25 05:20:58,approved,无风险,machine
AUD00000405,V00012316,2026-06-13 17:23:28,approved,无风险,mixed
AUD00000406,V00008250,2026-07-08 22:52:03,approved,无风险,machine
AUD00000407,V00012211,2026-05-13 03:11:31,approved,无风险,machine
AUD00000408,V00013545,2026-04-23 13:34:40,limited,无风险,mixed
AUD00000409,V00013170,2026-07-27 06:45:30,approved,低俗,mixed
AUD00000410,V00000807,2026-07-10 11:08:38,approved,无风险,machine
AUD00000411,V00007071,2026-07-09 06:11:03,approved,无风险,machine
AUD00000412,V00001483,2026-01-25 01:40:41,approved,虚假信息,machine
AUD00000413,V00001799,2026-05-05 02:38:19,approved,无风险,human
AUD00000414,V00006556,2026-07-07 16:19:48,approved,无风险,mixed
AUD00000415,V00000779,2026-04-21 11:49:24,approved,无风险,machine
AUD00000416,V00007880,2026-07-15 07:08:50,approved,无风险,machine
AUD00000417,V00010548,2026-05-28 18:04:59,approved,无风险,machine
AUD00000418,V00014003,2026-06-17 18:14:32,approved,无风险,machine
AUD00000419,V00011426,2026-05-06 01:06:23,approved,无风险,machine
AUD00000420,V00008093,2026-02-07 07:06:00,approved,无风险,machine
AUD00000421,V00001349,2026-02-11 10:59:02,approved,无风险,mixed
AUD00000422,V00012931,2026-04-27 09:11:12,approved,无风险,human
AUD00000423,V00000788,2026-06-17 21:35:28,approved,无风险,machine
AUD00000424,V00004811,2026-07-10 21:17:11,approved,无风险,machine
AUD00000425,V00009189,2026-06-21 12:00:56,approved,无风险,mixed
AUD00000426,V00005580,2026-04-07 17:01:53,approved,侵权,mixed
AUD00000427,V00011798,2026-07-20 00:00:48,approved,无风险,machine
AUD00000428,V00003430,2026-03-31 18:56:17,approved,无风险,machine
AUD00000429,V00008027,2026-08-19 07:49:46,approved,无风险,mixed
AUD00000430,V00003804,2026-05-17 22:15:36,approved,无风险,machine
AUD00000431,V00008010,2026-08-19 11:25:18,approved,无风险,machine
AUD00000432,V00012323,2026-03-02 19:30:00,approved,无风险,human
AUD00000433,V00011373,2026-05-16 21:22:42,approved,无风险,mixed
AUD00000434,V00005810,2026-07-08 10:42:32,approved,无风险,machine
AUD00000435,V00012638,2026-04-17 20:57:31,approved,无风险,human
AUD00000436,V00007528,2026-05-30 01:44:30,approved,无风险,mixed
AUD00000437,V00009807,2026-01-14 21:17:36,approved,无风险,mixed
AUD00000438,V00010637,2026-05-11 22:19:14,approved,无风险,machine
AUD00000439,V00014009,2026-01-21 11:28:47,approved,无风险,mixed
AUD00000440,V00011160,2026-06-03 11:02:55,approved,无风险,machine
AUD00000441,V00010766,2026-08-22 08:58:31,approved,无风险,mixed
AUD00000442,V00002629,2026-07-19 16:10:18,approved,无风险,machine
AUD00000443,V00004081,2026-08-03 01:48:26,approved,无风险,machine
AUD00000444,V00003049,2026-05-20 14:38:51,approved,无风险,machine
AUD00000445,V00004901,2026-05-31 15:15:26,approved,无风险,mixed
AUD00000446,V00006668,2026-02-27 15:28:45,approved,无风险,machine
AUD00000447,V00003444,2026-07-23 04:13:34,approved,无风险,machine
AUD00000448,V00012769,2026-06-07 06:28:59,approved,无风险,machine
AUD00000449,V00011294,2026-08-24 01:49:52,approved,无风险,machine
AUD00000450,V00013554,2026-03-18 19:11:43,approved,无风险,mixed
AUD00000451,V00010680,2026-07-11 09:36:40,approved,无风险,machine
AUD00000452,V00012901,2026-08-08 18:32:12,approved,无风险,machine
AUD00000453,V00009198,2026-08-25 22:03:11,approved,无风险,machine
AUD00000454,V00006740,2026-06-28 06:42:57,approved,无风险,machine
AUD00000455,V00003034,2026-05-29 03:49:07,approved,无风险,machine
AUD00000456,V00007063,2026-07-26 20:22:36,approved,无风险,machine
AUD00000457,V00013947,2026-02-13 11:15:31,approved,无风险,machine
AUD00000458,V00005395,2026-03-21 11:30:00,approved,无风险,machine
AUD00000459,V00012586,2026-01-29 13:59:29,approved,无风险,machine
AUD00000460,V00010825,2026-04-12 16:04:08,approved,侵权,machine
AUD00000461,V00000396,2026-06-11 18:31:03,approved,无风险,mixed
AUD00000462,V00010579,2026-08-10 02:12:49,approved,无风险,human
AUD00000463,V00004752,2026-08-11 23:35:31,approved,无风险,machine
AUD00000464,V00008252,2026-07-28 11:45:58,approved,低俗,machine
AUD00000465,V00010245,2026-01-29 09:46:25,approved,无风险,machine
AUD00000466,V00009745,2026-05-22 07:36:47,approved,无风险,machine
AUD00000467,V00010074,2026-01-19 09:56:06,approved,无风险,machine
AUD00000468,V00013801,2026-03-08 09:52:41,approved,无风险,human
AUD00000469,V00014518,2026-06-09 01:18:56,limited,无风险,mixed
AUD00000470,V00002478,2026-08-13 18:21:57,approved,无风险,machine
AUD00000471,V00004834,2026-05-30 03:01:13,approved,无风险,mixed
AUD00000472,V00008961,2026-01-17 19:29:17,approved,低俗,machine
AUD00000473,V00001873,2026-07-10 01:47:41,approved,无风险,mixed
AUD00000474,V00002952,2026-05-07 13:16:27,limited,无风险,mixed
AUD00000475,V00002072,2026-04-24 20:48:29,approved,无风险,machine
AUD00000476,V00005651,2026-07-16 23:30:27,limited,无风险,machine
AUD00000477,V00001770,2026-03-07 09:40:12,approved,无风险,human
AUD00000478,V00009930,2026-04-20 08:31:46,limited,无风险,machine
AUD00000479,V00000937,2026-08-23 00:28:28,approved,虚假信息,machine
AUD00000480,V00005116,2026-07-14 07:47:59,approved,无风险,machine
AUD00000481,V00008496,2026-08-15 08:07:23,approved,无风险,machine
AUD00000482,V00004793,2026-05-26 15:55:41,approved,无风险,machine
AUD00000483,V00001108,2026-03-13 18:09:49,approved,无风险,mixed
AUD00000484,V00010131,2026-08-07 11:25:38,approved,无风险,machine
AUD00000485,V00013688,2026-07-10 14:45:56,approved,无风险,machine
AUD00000486,V00010311,2026-08-28 04:28:22,approved,无风险,machine
AUD00000487,V00009041,2026-06-06 03:14:46,approved,无风险,machine
AUD00000488,V00001364,2026-08-17 08:04:46,approved,无风险,machine
AUD00000489,V00014427,2026-08-07 07:07:21,approved,无风险,machine
AUD00000490,V00012167,2026-05-13 17:53:47,approved,无风险,machine
AUD00000491,V00006111,2026-07-02 17:21:48,approved,无风险,machine
AUD00000492,V00014609,2026-01-20 05:03:52,approved,无风险,machine
AUD00000493,V00001748,2026-01-26 23:29:50,approved,虚假信息,human
AUD00000494,V00011627,2026-03-17 12:30:01,approved,无风险,mixed
AUD00000495,V00006447,2026-02-07 16:19:00,approved,无风险,machine
AUD00000496,V00012673,2026-04-11 20:25:16,approved,无风险,mixed
AUD00000497,V00003996,2026-05-24 08:18:30,approved,无风险,machine
AUD00000498,V00005563,2026-02-18 05:57:20,approved,无风险,human
AUD00000499,V00009106,2026-08-12 10:58:25,approved,无风险,machine
AUD00000500,V00014743,2026-04-17 02:43:44,approved,无风险,machine
AUD00000501,V00009341,2026-08-01 11:11:59,approved,无风险,machine
AUD00000502,V00001952,2026-02-24 21:49:13,approved,无风险,machine
AUD00000503,V00009754,2026-08-19 10:16:09,approved,无风险,machine
AUD00000504,V00009918,2026-07-26 22:54:15,approved,无风险,machine
AUD00000505,V00007564,2026-06-29 18:50:09,approved,无风险,mixed
AUD00000506,V00000702,2026-04-03 12:51:14,approved,无风险,mixed
AUD00000507,V00005484,2026-06-30 22:48:04,approved,无风险,machine
AUD00000508,V00001219,2026-08-27 06:52:28,approved,无风险,machine
AUD00000509,V00004449,2026-07-17 03:47:31,approved,无风险,human
AUD00000510,V00008424,2026-08-05 22:30:09,approved,无风险,machine
AUD00000511,V00008178,2026-08-24 03:54:39,approved,无风险,machine
AUD00000512,V00000257,2026-04-19 10:54:59,approved,无风险,machine
AUD00000513,V00007598,2026-05-12 06:28:29,approved,无风险,machine
AUD00000514,V00013209,2026-07-16 19:01:18,approved,无风险,machine
AUD00000515,V00012842,2026-01-19 12:00:37,approved,无风险,machine
AUD00000516,V00005629,2026-01-01 01:41:46,approved,无风险,machine
AUD00000517,V00008059,2026-05-15 07:00:53,approved,无风险,machine
AUD00000518,V00010226,2026-06-21 04:38:06,approved,无风险,machine
AUD00000519,V00000745,2026-02-12 19:33:27,approved,无风险,machine
AUD00000520,V00013041,2026-05-28 18:09:55,approved,无风险,human
AUD00000521,V00010481,2026-06-11 23:50:44,approved,无风险,machine
AUD00000522,V00014573,2026-06-01 16:00:04,rejected,无风险,machine
AUD00000523,V00014652,2026-07-23 06:40:25,approved,无风险,machine
AUD00000524,V00005014,2026-07-28 13:35:04,approved,无风险,machine
AUD00000525,V00003388,2026-08-09 09:25:36,approved,无风险,mixed
AUD00000526,V00011055,2026-07-27 11:35:34,approved,无风险,mixed
AUD00000527,V00002836,2026-08-22 02:03:44,approved,无风险,machine
AUD00000528,V00004615,2026-06-21 18:35:35,approved,无风险,machine
AUD00000529,V00010297,2026-07-22 13:50:31,approved,无风险,machine
AUD00000530,V00011708,2026-01-12 20:36:33,approved,无风险,mixed
AUD00000531,V00012209,2026-01-15 18:02:08,approved,无风险,human
AUD00000532,V00009394,2026-06-09 16:14:45,approved,无风险,machine
AUD00000533,V00001136,2026-02-02 04:37:47,approved,无风险,machine
AUD00000534,V00010233,2026-04-30 14:38:19,approved,无风险,mixed
AUD00000535,V00010428,2026-04-07 01:39:42,approved,无风险,machine
AUD00000536,V00005099,2026-04-26 03:57:56,approved,无风险,machine
AUD00000537,V00003358,2026-03-19 11:15:23,approved,无风险,mixed
AUD00000538,V00003294,2026-08-17 03:13:13,approved,无风险,mixed
AUD00000539,V00000434,2026-04-10 17:30:30,approved,无风险,machine
AUD00000540,V00009493,2026-05-07 08:55:27,approved,无风险,human
AUD00000541,V00010587,2026-07-01 15:29:18,approved,无风险,mixed
AUD00000542,V00008247,2026-03-29 05:11:14,approved,无风险,machine
AUD00000543,V00004576,2026-01-07 08:55:44,approved,侵权,machine
AUD00000544,V00005544,2026-02-21 14:46:23,approved,无风险,machine
AUD00000545,V00010735,2026-08-26 12:54:51,approved,无风险,machine
AUD00000546,V00011200,2026-06-30 01:57:30,rejected,无风险,mixed
AUD00000547,V00000346,2026-04-11 18:53:57,approved,无风险,machine
AUD00000548,V00002842,2026-01-25 14:21:06,approved,无风险,human
AUD00000549,V00001862,2026-08-01 18:08:06,approved,无风险,mixed
AUD00000550,V00007437,2026-01-12 10:57:49,approved,无风险,mixed
AUD00000551,V00000760,2026-04-26 07:47:15,approved,无风险,mixed
AUD00000552,V00000328,2026-08-17 22:14:36,approved,无风险,machine
AUD00000553,V00000689,2026-07-03 18:05:37,approved,无风险,machine
AUD00000554,V00004344,2026-01-16 11:15:01,approved,无风险,human
AUD00000555,V00004795,2026-03-27 03:09:14,approved,无风险,machine
AUD00000556,V00004250,2026-05-31 06:55:07,approved,无风险,mixed
AUD00000557,V00004491,2026-06-06 17:00:25,approved,无风险,mixed
AUD00000558,V00010613,2026-02-21 16:15:29,approved,虚假信息,machine
AUD00000559,V00008737,2026-03-26 14:09:16,approved,无风险,machine
AUD00000560,V00014068,2026-03-15 15:01:39,approved,无风险,machine
AUD00000561,V00005701,2026-06-12 17:57:23,approved,无风险,machine
AUD00000562,V00007828,2026-01-07 03:17:55,approved,无风险,machine
AUD00000563,V00005914,2026-04-14 21:55:54,approved,无风险,machine
AUD00000564,V00012785,2026-05-12 11:10:26,approved,无风险,machine
AUD00000565,V00005050,2026-02-06 17:32:40,approved,无风险,machine
AUD00000566,V00006498,2026-01-09 23:34:11,approved,无风险,machine
AUD00000567,V00001858,2026-08-11 17:04:32,approved,无风险,machine
AUD00000568,V00010118,2026-07-21 06:31:31,approved,无风险,machine
AUD00000569,V00006041,2026-01-23 19:27:42,approved,无风险,mixed
AUD00000570,V00000824,2026-06-27 22:15:47,approved,无风险,machine
AUD00000571,V00002131,2026-06-16 05:07:58,approved,无风险,machine
AUD00000572,V00004964,2026-04-16 10:40:47,approved,无风险,machine
AUD00000573,V00010958,2026-06-18 18:33:08,approved,无风险,human
AUD00000574,V00007690,2026-03-27 13:49:25,approved,无风险,machine
AUD00000575,V00002570,2026-08-28 17:08:13,approved,无风险,machine
AUD00000576,V00004805,2026-07-18 13:32:47,approved,无风险,mixed
AUD00000577,V00011939,2026-07-14 19:57:12,approved,无风险,machine
AUD00000578,V00006676,2026-07-22 21:36:05,approved,无风险,machine
AUD00000579,V00002406,2026-05-08 07:42:48,approved,无风险,machine
AUD00000580,V00010986,2026-08-05 07:23:45,approved,无风险,machine
AUD00000581,V00002374,2026-08-05 08:14:44,approved,无风险,machine
AUD00000582,V00013963,2026-08-12 11:10:24,approved,侵权,machine
AUD00000583,V00013327,2026-06-22 02:15:34,approved,无风险,machine
AUD00000584,V00000250,2026-04-19 14:36:54,approved,无风险,machine
AUD00000585,V00002832,2026-06-15 13:33:00,approved,无风险,machine
AUD00000586,V00000643,2026-04-27 08:23:32,approved,无风险,machine
AUD00000587,V00006078,2026-07-01 08:22:01,approved,侵权,machine
AUD00000588,V00000597,2026-06-04 06:10:34,approved,无风险,machine
AUD00000589,V00005007,2026-07-18 05:18:45,approved,无风险,mixed
AUD00000590,V00013575,2026-07-19 10:38:32,approved,无风险,mixed
AUD00000591,V00012093,2026-08-02 19:59:34,approved,无风险,machine
AUD00000592,V00001713,2026-07-07 15:10:23,approved,无风险,machine
AUD00000593,V00005350,2026-02-15 02:28:55,approved,无风险,machine
AUD00000594,V00006764,2026-04-07 03:22:27,rejected,无风险,machine
AUD00000595,V00012069,2026-07-07 05:09:13,approved,无风险,machine
AUD00000596,V00014632,2026-04-18 21:08:21,approved,无风险,human
AUD00000597,V00011024,2026-04-13 06:45:30,approved,无风险,machine
AUD00000598,V00000134,2026-01-20 23:27:37,approved,无风险,machine
AUD00000599,V00012214,2026-02-09 01:41:41,approved,无风险,machine
AUD00000600,V00010053,2026-06-08 05:52:55,approved,无风险,machine
AUD00000601,V00007980,2026-05-04 19:29:33,approved,无风险,machine
AUD00000602,V00008412,2026-03-07 04:31:35,approved,无风险,machine
AUD00000603,V00010826,2026-02-11 09:48:35,approved,无风险,mixed
AUD00000604,V00001943,2026-08-18 22:07:30,approved,无风险,machine
AUD00000605,V00012208,2026-03-28 11:18:18,approved,无风险,human
AUD00000606,V00000012,2026-01-14 06:27:41,approved,无风险,machine
AUD00000607,V00010686,2026-03-02 01:16:46,approved,无风险,machine
AUD00000608,V00007241,2026-05-03 01:56:24,approved,无风险,machine
AUD00000609,V00012356,2026-08-09 13:11:03,approved,无风险,mixed
AUD00000610,V00002581,2026-06-19 10:13:01,approved,无风险,machine
AUD00000611,V00008359,2026-06-14 16:20:28,approved,无风险,machine
AUD00000612,V00014099,2026-02-11 15:05:07,approved,无风险,machine
AUD00000613,V00001046,2026-01-27 08:25:57,approved,无风险,machine
AUD00000614,V00012382,2026-07-08 12:03:43,approved,无风险,mixed
AUD00000615,V00005958,2026-01-30 02:24:24,approved,无风险,machine
AUD00000616,V00007330,2026-01-08 14:30:11,approved,无风险,machine
AUD00000617,V00003820,2026-07-06 06:58:38,approved,无风险,mixed
AUD00000618,V00007507,2026-03-17 20:55:01,approved,无风险,machine
AUD00000619,V00009726,2026-08-09 06:01:50,approved,无风险,human
AUD00000620,V00005606,2026-02-07 00:24:12,approved,无风险,machine
AUD00000621,V00014926,2026-07-19 22:48:40,approved,无风险,machine
AUD00000622,V00000595,2026-03-15 04:59:14,approved,无风险,machine
AUD00000623,V00010153,2026-07-18 02:23:17,approved,无风险,machine
AUD00000624,V00008210,2026-04-08 06:09:20,approved,无风险,machine
AUD00000625,V00005037,2026-08-05 05:54:38,approved,无风险,machine
AUD00000626,V00011071,2026-01-24 13:41:49,approved,无风险,machine
AUD00000627,V00004082,2026-06-13 10:49:32,approved,无风险,machine
AUD00000628,V00013800,2026-08-08 06:15:54,approved,无风险,machine
AUD00000629,V00002526,2026-02-06 08:16:47,approved,无风险,machine
AUD00000630,V00000381,2026-05-23 02:07:09,approved,无风险,machine
AUD00000631,V00010929,2026-03-21 11:11:37,approved,无风险,machine
AUD00000632,V00005720,2026-04-26 23:33:00,approved,无风险,machine
AUD00000633,V00003534,2026-03-07 04:31:04,approved,无风险,machine
AUD00000634,V00008693,2026-08-28 06:07:19,approved,无风险,machine
AUD00000635,V00005752,2026-05-15 14:08:47,approved,无风险,machine
AUD00000636,V00008728,2026-05-19 11:07:46,approved,无风险,machine
AUD00000637,V00008292,2026-02-19 08:01:21,approved,无风险,human
AUD00000638,V00000505,2026-05-31 17:05:10,approved,无风险,human
AUD00000639,V00014952,2026-02-13 17:51:48,approved,无风险,machine
AUD00000640,V00003757,2026-05-03 19:46:52,approved,无风险,mixed
AUD00000641,V00010172,2026-07-21 10:59:28,approved,低俗,machine
AUD00000642,V00000027,2026-04-14 13:40:41,approved,无风险,machine
AUD00000643,V00000726,2026-08-06 12:25:34,approved,无风险,machine
AUD00000644,V00012961,2026-04-27 23:47:39,approved,无风险,machine
AUD00000645,V00013778,2026-07-21 19:40:59,approved,无风险,machine
AUD00000646,V00006174,2026-08-25 02:11:19,approved,无风险,machine
AUD00000647,V00001939,2026-02-26 01:39:42,approved,无风险,human
AUD00000648,V00003907,2026-03-31 06:53:00,approved,低俗,machine
AUD00000649,V00014045,2026-08-27 11:56:41,approved,无风险,machine
AUD00000650,V00005538,2026-04-05 14:17:56,approved,无风险,machine
AUD00000651,V00002321,2026-07-07 13:32:13,approved,无风险,machine
AUD00000652,V00004169,2026-03-25 11:37:05,approved,无风险,machine
AUD00000653,V00002103,2026-02-05 00:07:04,approved,无风险,human
AUD00000654,V00010359,2026-08-12 06:31:24,approved,无风险,mixed
AUD00000655,V00012495,2026-07-03 14:24:42,approved,无风险,machine
AUD00000656,V00008176,2026-05-02 21:07:14,approved,无风险,machine
AUD00000657,V00006181,2026-01-21 19:14:41,approved,无风险,machine
AUD00000658,V00010055,2026-08-16 00:10:00,approved,无风险,machine
AUD00000659,V00011975,2026-07-05 22:09:29,limited,无风险,mixed
AUD00000660,V00011349,2026-05-10 14:49:03,approved,无风险,machine
AUD00000661,V00004912,2026-01-15 13:06:46,approved,无风险,machine
AUD00000662,V00006019,2026-01-13 08:45:51,approved,无风险,mixed
AUD00000663,V00010913,2026-06-18 06:42:57,approved,无风险,machine
AUD00000664,V00008714,2026-01-04 21:13:57,approved,无风险,machine
AUD00000665,V00013901,2026-07-26 17:42:38,approved,虚假信息,machine
AUD00000666,V00007198,2026-02-24 06:37:59,approved,无风险,machine
AUD00000667,V00009999,2026-04-14 01:45:02,approved,无风险,machine
AUD00000668,V00003917,2026-07-03 12:40:02,approved,无风险,machine
AUD00000669,V00009069,2026-07-01 11:25:46,approved,无风险,mixed
AUD00000670,V00009542,2026-05-31 01:24:37,approved,无风险,machine
AUD00000671,V00005006,2026-08-12 12:18:18,approved,无风险,machine
AUD00000672,V00014242,2026-02-20 10:50:33,approved,无风险,machine
AUD00000673,V00005836,2026-05-30 23:25:42,approved,无风险,mixed
AUD00000674,V00010086,2026-01-14 21:11:52,approved,无风险,machine
AUD00000675,V00004382,2026-02-03 22:55:09,approved,无风险,machine
AUD00000676,V00014703,2026-08-07 02:51:28,approved,无风险,machine
AUD00000677,V00001215,2026-07-28 22:53:33,approved,无风险,mixed
AUD00000678,V00001670,2026-08-16 20:18:49,approved,无风险,machine
AUD00000679,V00002694,2026-01-01 22:52:20,rejected,无风险,machine
AUD00000680,V00003999,2026-05-18 17:10:56,approved,无风险,machine
AUD00000681,V00001212,2026-07-19 22:52:53,approved,无风险,mixed
AUD00000682,V00001371,2026-02-18 12:10:28,approved,无风险,machine
AUD00000683,V00005410,2026-01-15 04:56:23,approved,无风险,machine
AUD00000684,V00014924,2026-03-14 05:19:19,approved,无风险,machine
AUD00000685,V00006308,2026-08-13 21:50:46,approved,无风险,machine
AUD00000686,V00002166,2026-04-14 08:19:38,approved,无风险,machine
AUD00000687,V00011785,2026-07-31 14:39:24,approved,无风险,mixed
AUD00000688,V00002198,2026-08-23 13:31:01,approved,无风险,mixed
AUD00000689,V00002282,2026-03-19 07:33:18,approved,无风险,human
AUD00000690,V00003258,2026-02-17 14:29:34,approved,无风险,human
AUD00000691,V00014918,2026-04-06 13:16:12,approved,无风险,mixed
AUD00000692,V00011605,2026-02-27 08:04:58,rejected,无风险,machine
AUD00000693,V00003685,2026-06-17 18:23:19,approved,无风险,machine
AUD00000694,V00012259,2026-06-29 10:30:34,approved,无风险,machine
AUD00000695,V00014855,2026-03-04 06:10:53,approved,无风险,machine
AUD00000696,V00011096,2026-03-10 18:08:12,approved,低俗,machine
AUD00000697,V00001012,2026-05-15 17:58:23,approved,无风险,machine
AUD00000698,V00008646,2026-03-05 22:26:32,approved,无风险,machine
AUD00000699,V00007757,2026-04-25 01:06:20,approved,无风险,machine
AUD00000700,V00002688,2026-05-30 22:35:34,approved,无风险,machine
AUD00000701,V00011824,2026-06-14 06:23:50,approved,无风险,machine
AUD00000702,V00011751,2026-06-01 01:58:29,approved,无风险,machine
AUD00000703,V00004113,2026-02-09 22:50:08,approved,侵权,machine
AUD00000704,V00004096,2026-06-04 05:39:31,approved,无风险,machine
AUD00000705,V00009500,2026-02-03 03:34:01,approved,无风险,human
AUD00000706,V00012314,2026-06-18 11:33:25,approved,无风险,machine
AUD00000707,V00006108,2026-03-21 21:38:36,approved,无风险,machine
AUD00000708,V00010726,2026-05-08 22:10:33,approved,无风险,machine
AUD00000709,V00006769,2026-07-20 21:39:18,approved,无风险,mixed
AUD00000710,V00008111,2026-08-19 14:29:03,approved,无风险,human
AUD00000711,V00014805,2026-06-02 00:04:51,approved,无风险,machine
AUD00000712,V00009458,2026-07-20 14:25:12,limited,无风险,machine
AUD00000713,V00007878,2026-08-05 17:16:23,approved,无风险,mixed
AUD00000714,V00002384,2026-06-27 10:55:41,approved,无风险,machine
AUD00000715,V00004339,2026-08-28 01:04:33,approved,无风险,machine
AUD00000716,V00004236,2026-08-16 16:59:24,approved,无风险,machine
AUD00000717,V00012596,2026-03-22 20:58:59,approved,无风险,machine
AUD00000718,V00008586,2026-07-25 08:48:33,approved,无风险,machine
AUD00000719,V00007662,2026-01-17 01:02:14,approved,无风险,mixed
AUD00000720,V00010647,2026-07-01 05:33:34,limited,无风险,machine
AUD00000721,V00001265,2026-01-20 00:29:49,approved,无风险,machine
AUD00000722,V00011878,2026-02-28 00:05:16,approved,无风险,machine
AUD00000723,V00007434,2026-05-03 22:29:08,approved,无风险,machine
AUD00000724,V00005784,2026-04-14 05:46:17,approved,无风险,human
AUD00000725,V00006520,2026-07-04 03:57:00,approved,无风险,machine
AUD00000726,V00001018,2026-04-05 20:04:56,approved,无风险,machine
AUD00000727,V00005462,2026-08-07 08:11:56,approved,无风险,mixed
AUD00000728,V00004305,2026-08-06 21:37:24,approved,无风险,machine
AUD00000729,V00010737,2026-04-07 08:37:28,approved,无风险,machine
AUD00000730,V00012059,2026-06-24 23:30:40,approved,无风险,mixed
AUD00000731,V00004618,2026-06-22 16:07:30,approved,无风险,machine
AUD00000732,V00010527,2026-03-29 08:41:48,approved,无风险,machine
AUD00000733,V00004452,2026-07-21 22:34:49,approved,无风险,machine
AUD00000734,V00008752,2026-03-03 12:28:58,approved,无风险,machine
AUD00000735,V00002647,2026-03-20 04:40:49,approved,无风险,mixed
AUD00000736,V00001245,2026-01-08 03:41:56,approved,无风险,machine
AUD00000737,V00009249,2026-08-26 05:31:12,approved,无风险,machine
AUD00000738,V00013146,2026-08-13 22:18:59,limited,无风险,machine
AUD00000739,V00007772,2026-07-06 04:10:18,rejected,无风险,machine
AUD00000740,V00004085,2026-03-16 19:56:50,approved,无风险,mixed
AUD00000741,V00011346,2026-05-12 20:37:08,rejected,无风险,machine
AUD00000742,V00005856,2026-08-01 15:48:01,approved,无风险,machine
AUD00000743,V00013893,2026-04-09 06:21:45,approved,无风险,machine
AUD00000744,V00012438,2026-07-29 14:44:50,approved,无风险,machine
AUD00000745,V00010942,2026-08-17 19:14:14,approved,无风险,mixed
AUD00000746,V00004784,2026-03-25 03:52:50,approved,无风险,machine
AUD00000747,V00012593,2026-03-29 03:13:39,approved,低俗,machine
AUD00000748,V00007274,2026-06-04 01:49:14,approved,无风险,machine
AUD00000749,V00011374,2026-07-16 03:10:04,approved,无风险,machine
AUD00000750,V00003991,2026-08-16 06:09:27,approved,无风险,machine
AUD00000751,V00010744,2026-01-15 05:53:33,limited,无风险,machine
AUD00000752,V00000543,2026-06-17 10:41:00,approved,无风险,machine
AUD00000753,V00002172,2026-01-18 15:13:05,approved,无风险,machine
AUD00000754,V00010773,2026-04-06 13:50:23,approved,无风险,machine
AUD00000755,V00013995,2026-01-15 04:04:34,approved,无风险,machine
AUD00000756,V00003354,2026-01-16 21:03:56,approved,无风险,human
AUD00000757,V00004739,2026-08-18 17:36:12,approved,无风险,machine
AUD00000758,V00008976,2026-08-26 15:02:38,approved,无风险,machine
AUD00000759,V00008766,2026-07-02 01:10:37,approved,无风险,human
AUD00000760,V00012883,2026-08-26 19:26:38,approved,无风险,machine
AUD00000761,V00000879,2026-08-17 23:23:59,approved,无风险,machine
AUD00000762,V00012397,2026-03-31 17:47:24,approved,无风险,machine
AUD00000763,V00002575,2026-01-27 11:53:09,approved,侵权,machine
AUD00000764,V00002933,2026-01-08 01:50:08,rejected,无风险,machine
AUD00000765,V00010222,2026-07-19 05:00:50,approved,无风险,machine
AUD00000766,V00014395,2026-05-21 15:44:15,approved,无风险,mixed
AUD00000767,V00005847,2026-06-21 15:41:49,approved,无风险,machine
AUD00000768,V00012333,2026-08-08 21:15:21,approved,无风险,machine
AUD00000769,V00006544,2026-04-29 13:22:59,approved,无风险,machine
AUD00000770,V00001170,2026-08-05 00:48:04,approved,无风险,machine
AUD00000771,V00007723,2026-03-10 13:25:34,approved,无风险,machine
AUD00000772,V00005593,2026-07-01 14:23:41,approved,无风险,machine
AUD00000773,V00009087,2026-08-03 01:21:35,approved,无风险,machine
AUD00000774,V00005597,2026-07-23 04:37:55,approved,无风险,mixed
AUD00000775,V00014483,2026-05-11 13:48:04,approved,无风险,human
AUD00000776,V00012764,2026-02-18 20:58:09,approved,无风险,machine
AUD00000777,V00006128,2026-04-15 02:08:23,limited,无风险,machine
AUD00000778,V00002204,2026-06-12 23:10:13,rejected,无风险,mixed
AUD00000779,V00011259,2026-02-22 11:13:32,approved,无风险,human
AUD00000780,V00008823,2026-05-12 20:23:45,approved,无风险,mixed
AUD00000781,V00009056,2026-07-18 03:03:39,approved,无风险,mixed
AUD00000782,V00005161,2026-01-19 18:05:15,approved,无风险,mixed
AUD00000783,V00005846,2026-05-20 09:10:55,approved,无风险,human
AUD00000784,V00005713,2026-03-18 19:35:48,approved,无风险,machine
AUD00000785,V00004395,2026-06-12 00:58:41,approved,无风险,mixed
AUD00000786,V00013155,2026-04-08 19:30:56,approved,无风险,machine
AUD00000787,V00014751,2026-08-09 10:39:51,approved,无风险,machine
AUD00000788,V00000398,2026-05-05 14:37:00,approved,无风险,machine
AUD00000789,V00014011,2026-07-18 03:23:04,approved,无风险,machine
AUD00000790,V00003543,2026-08-19 14:54:41,approved,无风险,machine
AUD00000791,V00012101,2026-04-10 20:25:53,approved,无风险,machine
AUD00000792,V00009927,2026-07-20 00:46:08,approved,无风险,machine
AUD00000793,V00003136,2026-04-30 11:52:47,approved,无风险,machine
AUD00000794,V00012289,2026-02-27 10:41:13,approved,无风险,machine
AUD00000795,V00011577,2026-05-28 23:17:40,approved,无风险,human
AUD00000796,V00012321,2026-03-14 06:07:09,approved,无风险,human
AUD00000797,V00006262,2026-08-25 13:10:36,approved,无风险,machine
AUD00000798,V00004505,2026-07-19 00:04:37,approved,无风险,machine
AUD00000799,V00002689,2026-02-24 22:51:29,approved,无风险,human
AUD00000800,V00013627,2026-07-02 16:16:45,approved,无风险,machine
AUD00000801,V00001246,2026-03-23 02:42:30,approved,无风险,machine
AUD00000802,V00012677,2026-06-27 02:48:22,approved,无风险,machine
AUD00000803,V00014464,2026-08-06 07:34:08,approved,无风险,machine
AUD00000804,V00008413,2026-07-27 11:13:13,approved,无风险,machine
AUD00000805,V00005029,2026-01-28 04:27:30,approved,无风险,mixed
AUD00000806,V00012412,2026-08-26 07:34:32,limited,无风险,machine
AUD00000807,V00002862,2026-03-09 00:51:05,rejected,无风险,machine
AUD00000808,V00000650,2026-08-07 06:45:51,approved,无风险,human
AUD00000809,V00014487,2026-07-04 21:55:47,approved,无风险,machine
AUD00000810,V00014450,2026-08-20 08:04:40,approved,无风险,machine
AUD00000811,V00014932,2026-07-02 09:53:09,limited,无风险,machine
AUD00000812,V00012778,2026-02-19 14:49:45,approved,无风险,machine
AUD00000813,V00012877,2026-04-02 19:36:16,approved,无风险,mixed
AUD00000814,V00007365,2026-07-07 12:44:57,approved,无风险,mixed
AUD00000815,V00002137,2026-08-23 07:29:04,approved,无风险,machine
AUD00000816,V00004673,2026-08-10 19:46:37,approved,无风险,machine
AUD00000817,V00000219,2026-07-27 21:46:54,approved,无风险,machine
AUD00000818,V00007070,2026-07-22 03:32:33,approved,无风险,machine
AUD00000819,V00010408,2026-06-12 22:18:01,approved,无风险,mixed
AUD00000820,V00006870,2026-08-21 14:49:47,approved,无风险,machine
AUD00000821,V00001780,2026-08-15 20:22:26,approved,无风险,human
AUD00000822,V00004355,2026-08-27 01:50:38,approved,无风险,mixed
AUD00000823,V00003392,2026-08-25 05:57:05,approved,无风险,machine
AUD00000824,V00005969,2026-02-03 08:05:38,approved,无风险,machine
AUD00000825,V00006825,2026-07-21 22:03:59,approved,无风险,machine
AUD00000826,V00003499,2026-05-27 06:06:04,approved,无风险,machine
AUD00000827,V00014189,2026-01-14 07:08:22,approved,无风险,machine
AUD00000828,V00014297,2026-07-06 04:52:00,approved,无风险,machine
AUD00000829,V00001964,2026-08-09 10:06:40,approved,无风险,machine
AUD00000830,V00007309,2026-05-28 05:06:54,approved,无风险,mixed
AUD00000831,V00010638,2026-07-05 04:42:33,approved,无风险,mixed
AUD00000832,V00011254,2026-07-09 16:49:49,approved,无风险,machine
AUD00000833,V00006993,2026-05-18 11:10:23,approved,无风险,human
AUD00000834,V00002795,2026-07-01 11:51:23,approved,无风险,machine
AUD00000835,V00010246,2026-01-07 18:56:54,approved,无风险,machine
AUD00000836,V00007001,2026-05-02 13:09:33,approved,无风险,machine
AUD00000837,V00009946,2026-01-27 07:57:31,approved,无风险,machine
AUD00000838,V00007587,2026-08-27 18:31:28,approved,无风险,machine
AUD00000839,V00011715,2026-08-17 15:19:09,limited,无风险,human
AUD00000840,V00003702,2026-08-03 12:18:30,approved,无风险,machine
AUD00000841,V00013472,2026-06-20 03:41:31,approved,无风险,machine
AUD00000842,V00001863,2026-08-03 08:24:42,rejected,无风险,mixed
AUD00000843,V00007696,2026-04-07 04:10:59,approved,无风险,machine
AUD00000844,V00008581,2026-01-04 22:18:44,approved,无风险,machine
AUD00000845,V00013088,2026-01-08 22:22:48,approved,无风险,mixed
AUD00000846,V00006550,2026-07-30 10:14:16,approved,无风险,machine
AUD00000847,V00013030,2026-06-06 05:45:59,approved,无风险,machine
AUD00000848,V00008779,2026-01-07 07:59:50,approved,低俗,machine
AUD00000849,V00001806,2026-06-26 06:35:12,approved,无风险,mixed
AUD00000850,V00008461,2026-05-09 04:01:58,approved,无风险,machine
AUD00000851,V00000930,2026-07-13 02:18:08,approved,无风险,machine
AUD00000852,V00014545,2026-02-26 19:29:32,approved,虚假信息,mixed
AUD00000853,V00012112,2026-08-20 19:11:33,approved,无风险,machine
AUD00000854,V00004678,2026-06-11 09:33:13,approved,无风险,machine
AUD00000855,V00001988,2026-02-27 23:25:34,approved,无风险,machine
AUD00000856,V00006049,2026-07-08 20:45:09,approved,无风险,machine
AUD00000857,V00011899,2026-01-27 13:01:38,approved,无风险,machine
AUD00000858,V00008840,2026-02-05 04:20:24,approved,无风险,machine
AUD00000859,V00007969,2026-04-18 12:05:52,approved,无风险,machine
AUD00000860,V00002499,2026-07-24 18:24:39,approved,无风险,machine
AUD00000861,V00007306,2026-02-24 07:14:34,approved,无风险,machine
AUD00000862,V00010393,2026-05-08 17:43:07,approved,无风险,machine
AUD00000863,V00014085,2026-05-20 01:05:07,approved,无风险,machine
AUD00000864,V00005622,2026-04-14 20:13:24,approved,无风险,machine
AUD00000865,V00005655,2026-03-28 17:21:04,approved,无风险,machine
AUD00000866,V00000425,2026-07-19 09:20:43,approved,无风险,machine
AUD00000867,V00014673,2026-06-18 05:59:23,approved,无风险,machine
AUD00000868,V00004661,2026-03-13 23:00:32,approved,无风险,machine
AUD00000869,V00011913,2026-06-12 19:04:26,approved,无风险,machine
AUD00000870,V00009290,2026-06-15 20:47:01,approved,无风险,machine
AUD00000871,V00008409,2026-05-28 15:26:30,approved,无风险,mixed
AUD00000872,V00003339,2026-01-30 08:30:04,approved,无风险,machine
AUD00000873,V00014043,2026-01-10 08:58:50,limited,无风险,machine
AUD00000874,V00002638,2026-05-31 09:06:52,approved,无风险,mixed
AUD00000875,V00014634,2026-01-26 19:25:19,approved,虚假信息,machine
AUD00000876,V00005853,2026-04-16 04:18:50,approved,无风险,machine
AUD00000877,V00014537,2026-08-04 08:23:12,approved,无风险,machine
AUD00000878,V00008724,2026-03-07 00:16:09,approved,无风险,machine
AUD00000879,V00007774,2026-07-26 12:08:47,approved,无风险,machine
AUD00000880,V00011164,2026-08-18 11:45:19,approved,无风险,machine
AUD00000881,V00011370,2026-06-20 17:18:43,approved,无风险,machine
AUD00000882,V00000446,2026-06-26 21:36:14,approved,无风险,machine
AUD00000883,V00001047,2026-06-26 08:29:21,approved,无风险,machine
AUD00000884,V00001999,2026-08-17 18:04:56,approved,无风险,mixed
AUD00000885,V00010321,2026-07-18 00:48:18,approved,无风险,machine
AUD00000886,V00000224,2026-02-02 12:45:56,approved,无风险,machine
AUD00000887,V00010842,2026-06-21 07:30:35,rejected,无风险,mixed
AUD00000888,V00009126,2026-02-02 20:14:01,approved,无风险,machine
AUD00000889,V00004785,2026-05-17 08:34:05,approved,无风险,machine
AUD00000890,V00008402,2026-07-06 18:58:11,approved,无风险,machine
AUD00000891,V00007081,2026-07-04 23:21:20,limited,无风险,mixed
AUD00000892,V00013192,2026-08-20 06:27:17,approved,无风险,machine
AUD00000893,V00010195,2026-04-06 04:22:04,rejected,无风险,mixed
AUD00000894,V00000686,2026-05-22 09:56:50,rejected,无风险,mixed
AUD00000895,V00009090,2026-07-19 08:32:35,approved,无风险,machine
AUD00000896,V00000771,2026-06-27 01:12:31,approved,无风险,machine
AUD00000897,V00008786,2026-05-20 15:48:19,approved,无风险,machine
AUD00000898,V00006938,2026-02-16 08:58:58,approved,无风险,machine
AUD00000899,V00003306,2026-01-14 23:02:56,approved,无风险,machine
AUD00000900,V00013381,2026-08-15 04:59:01,approved,无风险,machine
AUD00000901,V00000994,2026-02-05 22:33:15,approved,无风险,human
AUD00000902,V00012169,2026-06-09 09:35:05,approved,无风险,mixed
AUD00000903,V00003367,2026-01-29 08:14:52,approved,无风险,machine
AUD00000904,V00014881,2026-03-05 23:29:17,approved,无风险,human
AUD00000905,V00002003,2026-08-26 01:46:40,approved,无风险,mixed
AUD00000906,V00010316,2026-05-02 14:10:02,approved,无风险,machine
AUD00000907,V00012227,2026-04-05 15:14:55,approved,无风险,mixed
AUD00000908,V00011740,2026-05-23 14:41:07,approved,虚假信息,machine
AUD00000909,V00008519,2026-02-08 16:28:08,approved,无风险,human
AUD00000910,V00007348,2026-08-01 03:31:25,approved,无风险,machine
AUD00000911,V00005439,2026-02-27 10:06:00,approved,无风险,mixed
AUD00000912,V00004668,2026-06-22 00:43:44,approved,无风险,machine
AUD00000913,V00011331,2026-08-23 20:51:06,approved,无风险,machine
AUD00000914,V00013839,2026-08-20 01:44:22,approved,无风险,machine
AUD00000915,V00010898,2026-02-20 15:17:55,approved,无风险,machine
AUD00000916,V00014290,2026-06-20 20:52:47,rejected,无风险,machine
AUD00000917,V00013469,2026-08-17 05:01:48,approved,无风险,machine
AUD00000918,V00005023,2026-08-20 14:14:54,approved,无风险,machine
AUD00000919,V00005271,2026-08-06 14:18:04,approved,无风险,machine
AUD00000920,V00003456,2026-05-03 00:26:40,approved,无风险,machine
AUD00000921,V00006456,2026-03-15 22:02:49,approved,无风险,machine
AUD00000922,V00004318,2026-07-18 00:18:23,approved,无风险,machine
AUD00000923,V00014587,2026-06-23 19:22:06,approved,低俗,mixed
AUD00000924,V00001927,2026-01-15 15:15:38,approved,无风险,mixed
AUD00000925,V00003012,2026-03-16 16:23:00,approved,无风险,machine
AUD00000926,V00010573,2026-05-05 17:25:21,approved,无风险,machine
AUD00000927,V00003675,2026-06-15 14:00:36,approved,无风险,machine
AUD00000928,V00000540,2026-08-07 17:45:32,approved,无风险,machine
AUD00000929,V00006042,2026-05-25 14:55:58,approved,无风险,machine
AUD00000930,V00013455,2026-08-10 14:37:11,approved,无风险,machine
AUD00000931,V00005387,2026-04-25 09:05:55,approved,低俗,machine
AUD00000932,V00009515,2026-04-29 02:48:18,approved,无风险,machine
AUD00000933,V00010890,2026-05-25 16:04:03,approved,无风险,mixed
AUD00000934,V00005803,2026-08-01 17:44:12,approved,无风险,machine
AUD00000935,V00007655,2026-06-05 04:16:15,approved,无风险,machine
AUD00000936,V00003559,2026-07-23 04:30:05,approved,无风险,mixed
AUD00000937,V00010892,2026-08-23 13:58:38,approved,虚假信息,mixed
AUD00000938,V00004104,2026-07-26 07:14:22,approved,无风险,machine
AUD00000939,V00007912,2026-07-14 05:51:42,approved,无风险,machine
AUD00000940,V00002767,2026-04-21 14:25:56,approved,无风险,mixed
AUD00000941,V00003678,2026-04-20 01:17:48,approved,无风险,mixed
AUD00000942,V00003633,2026-02-24 10:37:23,approved,无风险,machine
AUD00000943,V00008993,2026-06-17 22:40:36,approved,无风险,machine
AUD00000944,V00002676,2026-03-07 12:21:07,approved,无风险,mixed
AUD00000945,V00007654,2026-06-21 14:49:31,approved,无风险,machine
AUD00000946,V00005337,2026-08-16 08:37:54,approved,无风险,mixed
AUD00000947,V00014510,2026-06-21 21:28:49,approved,无风险,machine
AUD00000948,V00001369,2026-08-21 21:29:10,approved,无风险,machine
AUD00000949,V00013530,2026-02-07 19:52:08,approved,无风险,machine
AUD00000950,V00013306,2026-02-08 08:17:34,approved,无风险,machine
AUD00000951,V00007385,2026-05-04 19:36:10,approved,无风险,machine
AUD00000952,V00007925,2026-08-20 15:17:54,approved,无风险,mixed
AUD00000953,V00006852,2026-07-12 21:37:02,limited,无风险,machine
AUD00000954,V00001151,2026-05-30 06:38:25,approved,无风险,machine
AUD00000955,V00013135,2026-03-11 23:32:55,approved,无风险,mixed
AUD00000956,V00009826,2026-03-17 10:41:49,approved,无风险,machine
AUD00000957,V00014754,2026-06-06 14:02:44,approved,无风险,machine
AUD00000958,V00003360,2026-08-28 18:28:37,approved,无风险,mixed
AUD00000959,V00009608,2026-08-27 22:59:20,approved,无风险,mixed
AUD00000960,V00007248,2026-07-21 17:25:06,approved,虚假信息,human
AUD00000961,V00012218,2026-08-13 14:56:57,approved,无风险,machine
AUD00000962,V00010835,2026-02-14 05:55:56,rejected,虚假信息,mixed
AUD00000963,V00004876,2026-03-08 03:29:27,approved,无风险,machine
AUD00000964,V00008973,2026-08-21 17:09:05,approved,无风险,machine
AUD00000965,V00012031,2026-04-25 18:27:44,approved,无风险,machine
AUD00000966,V00002320,2026-06-28 20:41:11,rejected,无风险,machine
AUD00000967,V00012459,2026-06-25 01:25:39,approved,无风险,machine
AUD00000968,V00008610,2026-05-24 06:06:20,approved,无风险,mixed
AUD00000969,V00005581,2026-06-17 05:09:43,approved,无风险,machine
AUD00000970,V00000310,2026-06-24 06:31:28,approved,无风险,machine
AUD00000971,V00008121,2026-03-08 16:12:32,approved,无风险,machine
AUD00000972,V00004247,2026-01-21 01:10:32,approved,无风险,machine
AUD00000973,V00005639,2026-03-05 11:45:36,approved,无风险,mixed
AUD00000974,V00006617,2026-01-11 23:57:42,approved,无风险,mixed
AUD00000975,V00004358,2026-08-26 05:00:48,approved,无风险,machine
AUD00000976,V00003721,2026-08-22 07:52:10,approved,无风险,machine
AUD00000977,V00005474,2026-05-25 11:07:32,approved,无风险,mixed
AUD00000978,V00006150,2026-07-08 21:37:54,approved,无风险,machine
AUD00000979,V00014864,2026-08-04 23:06:00,approved,无风险,machine
AUD00000980,V00000142,2026-06-06 23:57:11,approved,无风险,machine
AUD00000981,V00003946,2026-06-06 12:38:51,approved,无风险,human
AUD00000982,V00007608,2026-07-08 21:38:51,approved,无风险,machine
AUD00000983,V00014159,2026-07-18 13:18:49,approved,无风险,machine
AUD00000984,V00014152,2026-04-06 14:11:34,approved,无风险,machine
AUD00000985,V00002318,2026-07-03 13:22:56,approved,无风险,machine
AUD00000986,V00007743,2026-05-13 05:53:37,approved,无风险,machine
AUD00000987,V00006460,2026-06-20 19:21:34,approved,无风险,machine
AUD00000988,V00006931,2026-04-08 23:29:54,approved,无风险,machine
AUD00000989,V00012158,2026-07-22 06:49:00,approved,无风险,machine
AUD00000990,V00000265,2026-08-02 13:34:30,approved,无风险,machine
AUD00000991,V00014585,2026-07-25 13:44:09,approved,无风险,machine
AUD00000992,V00008907,2026-08-16 10:03:07,approved,无风险,machine
AUD00000993,V00004364,2026-06-10 12:28:45,limited,无风险,human
AUD00000994,V00003087,2026-08-16 05:04:42,approved,无风险,human
AUD00000995,V00007804,2026-04-21 07:09:47,approved,无风险,mixed
AUD00000996,V00014495,2026-07-15 12:56:10,approved,侵权,mixed
AUD00000997,V00008756,2026-03-23 11:33:25,approved,无风险,machine
AUD00000998,V00010039,2026-07-31 13:45:24,approved,无风险,machine
AUD00000999,V00009950,2026-03-18 09:38:30,approved,无风险,mixed
AUD00001000,V00008269,2026-06-28 05:08:54,approved,无风险,machine
AUD00001001,V00004698,2026-01-16 19:42:40,approved,无风险,machine
AUD00001002,V00003648,2026-08-23 16:20:17,approved,无风险,mixed
AUD00001003,V00006605,2026-04-15 20:38:41,approved,无风险,mixed
AUD00001004,V00007267,2026-08-17 13:42:16,approved,无风险,mixed
AUD00001005,V00006711,2026-03-26 16:41:32,approved,无风险,mixed
AUD00001006,V00011481,2026-05-13 05:05:06,approved,无风险,machine
AUD00001007,V00010465,2026-01-11 23:37:05,approved,无风险,human
AUD00001008,V00001801,2026-03-03 15:14:12,approved,无风险,machine
AUD00001009,V00009377,2026-06-01 07:47:32,approved,无风险,mixed
AUD00001010,V00013412,2026-07-28 00:29:10,approved,无风险,machine
AUD00001011,V00005478,2026-04-19 15:24:35,approved,无风险,machine
AUD00001012,V00008426,2026-08-23 13:52:38,approved,无风险,machine
AUD00001013,V00011433,2026-07-22 09:12:04,approved,无风险,machine
AUD00001014,V00006595,2026-01-11 12:21:55,approved,无风险,machine
AUD00001015,V00004199,2026-03-17 18:18:59,approved,无风险,machine
AUD00001016,V00003382,2026-08-27 03:30:13,approved,侵权,human
AUD00001017,V00003694,2026-05-06 19:50:25,approved,无风险,machine
AUD00001018,V00012605,2026-05-03 02:24:04,approved,无风险,machine
AUD00001019,V00008144,2026-04-10 22:23:33,approved,无风险,machine
AUD00001020,V00001908,2026-07-27 14:19:46,approved,无风险,machine
AUD00001021,V00011089,2026-01-22 07:52:11,approved,无风险,machine
AUD00001022,V00006524,2026-05-13 23:57:12,approved,无风险,machine
AUD00001023,V00011086,2026-03-13 05:17:29,approved,无风险,mixed
AUD00001024,V00011863,2026-06-24 02:15:53,limited,无风险,machine
AUD00001025,V00005288,2026-02-17 01:11:48,approved,无风险,machine
AUD00001026,V00005992,2026-02-09 23:02:18,approved,无风险,mixed
AUD00001027,V00004394,2026-08-10 05:00:42,approved,无风险,machine
AUD00001028,V00008784,2026-06-30 03:05:01,approved,无风险,machine
AUD00001029,V00011020,2026-04-17 14:37:23,approved,无风险,mixed
AUD00001030,V00009866,2026-06-18 00:53:24,approved,无风险,machine
AUD00001031,V00013911,2026-07-29 02:40:29,approved,无风险,mixed
AUD00001032,V00014798,2026-08-25 04:19:36,approved,无风险,machine
AUD00001033,V00012400,2026-02-24 04:52:45,approved,无风险,mixed
AUD00001034,V00011233,2026-08-09 23:17:49,approved,无风险,machine
AUD00001035,V00002669,2026-05-04 18:12:01,approved,无风险,machine
AUD00001036,V00005938,2026-08-21 21:59:58,approved,无风险,machine
AUD00001037,V00008386,2026-01-11 17:45:59,approved,无风险,machine
AUD00001038,V00012888,2026-04-16 10:00:24,approved,无风险,mixed
AUD00001039,V00000153,2026-08-26 16:10:26,approved,无风险,mixed
AUD00001040,V00001888,2026-05-30 16:49:14,approved,无风险,machine
AUD00001041,V00009079,2026-01-04 01:32:47,approved,无风险,machine
AUD00001042,V00012629,2026-04-27 23:28:28,approved,无风险,machine
AUD00001043,V00003073,2026-01-15 17:17:29,approved,无风险,machine
AUD00001044,V00005565,2026-06-23 21:38:52,approved,无风险,machine
AUD00001045,V00001237,2026-04-07 17:30:53,approved,无风险,machine
AUD00001046,V00000563,2026-05-29 21:28:36,limited,无风险,machine
AUD00001047,V00009803,2026-08-14 15:35:57,approved,无风险,mixed
AUD00001048,V00004210,2026-07-16 12:10:15,approved,无风险,machine
AUD00001049,V00005378,2026-03-23 22:07:57,approved,无风险,human
AUD00001050,V00008772,2026-06-08 21:14:44,approved,无风险,machine
AUD00001051,V00002255,2026-02-28 15:28:57,approved,无风险,machine
AUD00001052,V00001516,2026-07-12 13:18:37,approved,无风险,mixed
AUD00001053,V00013568,2026-01-15 13:03:08,rejected,无风险,machine
AUD00001054,V00008009,2026-02-20 19:14:17,approved,无风险,human
AUD00001055,V00014225,2026-01-15 22:52:32,approved,无风险,machine
AUD00001056,V00003317,2026-01-08 11:04:41,approved,无风险,mixed
AUD00001057,V00002992,2026-07-07 12:08:35,approved,无风险,machine
AUD00001058,V00004498,2026-06-25 05:19:27,approved,无风险,mixed
AUD00001059,V00001808,2026-01-31 12:41:05,approved,无风险,human
AUD00001060,V00000473,2026-08-12 08:48:17,approved,无风险,machine
AUD00001061,V00009815,2026-01-14 12:02:42,approved,无风险,human
AUD00001062,V00009275,2026-01-04 21:25:13,approved,无风险,mixed
AUD00001063,V00010689,2026-01-01 14:27:33,approved,无风险,machine
AUD00001064,V00007745,2026-03-09 21:13:06,approved,无风险,machine
AUD00001065,V00014425,2026-04-29 21:34:27,approved,无风险,machine
AUD00001066,V00004898,2026-01-05 23:52:37,approved,无风险,machine
AUD00001067,V00002810,2026-07-25 06:27:10,approved,无风险,machine
AUD00001068,V00006884,2026-06-28 04:47:37,approved,无风险,machine
AUD00001069,V00001105,2026-08-27 09:41:16,approved,无风险,mixed
AUD00001070,V00008459,2026-04-02 09:11:40,approved,无风险,machine
AUD00001071,V00013200,2026-07-16 08:09:02,approved,无风险,machine
AUD00001072,V00013721,2026-01-27 01:55:02,approved,无风险,human
AUD00001073,V00003855,2026-08-18 03:43:32,approved,无风险,machine
AUD00001074,V00000833,2026-08-01 05:57:46,approved,虚假信息,machine
AUD00001075,V00007180,2026-06-12 05:31:53,approved,无风险,mixed
AUD00001076,V00012168,2026-05-02 07:34:32,approved,无风险,machine
AUD00001077,V00013157,2026-08-26 02:33:53,approved,无风险,machine
AUD00001078,V00001131,2026-05-24 05:55:53,approved,无风险,human
AUD00001079,V00013808,2026-04-02 21:31:58,approved,无风险,machine
AUD00001080,V00011316,2026-06-29 08:22:04,approved,无风险,mixed
AUD00001081,V00010847,2026-07-16 08:56:52,approved,无风险,machine
AUD00001082,V00013677,2026-06-13 12:25:26,approved,无风险,machine
AUD00001083,V00005227,2026-08-20 14:13:32,approved,无风险,machine
AUD00001084,V00001501,2026-05-03 11:33:09,approved,无风险,machine
AUD00001085,V00006878,2026-02-06 15:38:00,approved,无风险,machine
AUD00001086,V00003467,2026-02-22 16:43:57,approved,虚假信息,machine
AUD00001087,V00007488,2026-06-26 19:13:29,approved,无风险,machine
AUD00001088,V00009718,2026-06-21 08:40:54,approved,无风险,machine
AUD00001089,V00010643,2026-07-10 14:48:26,approved,无风险,mixed
AUD00001090,V00005852,2026-06-21 16:05:22,approved,无风险,machine
AUD00001091,V00010440,2026-07-21 18:45:25,rejected,无风险,machine
AUD00001092,V00001790,2026-04-15 14:58:24,approved,无风险,machine
AUD00001093,V00007574,2026-08-03 22:44:48,approved,无风险,machine
AUD00001094,V00014711,2026-03-25 10:46:53,approved,无风险,machine
AUD00001095,V00008395,2026-08-08 16:28:55,approved,无风险,machine
AUD00001096,V00009245,2026-07-25 20:01:59,approved,无风险,machine
AUD00001097,V00007829,2026-04-05 12:52:38,approved,无风险,machine
AUD00001098,V00006045,2026-04-21 21:28:48,approved,无风险,machine
AUD00001099,V00012385,2026-04-04 16:10:35,approved,无风险,mixed
AUD00001100,V00009487,2026-07-18 20:19:27,approved,无风险,machine
AUD00001101,V00002043,2026-08-10 06:42:48,approved,无风险,machine
AUD00001102,V00001609,2026-04-26 13:16:39,approved,无风险,machine
AUD00001103,V00005987,2026-07-13 23:37:33,approved,无风险,machine
AUD00001104,V00003019,2026-03-24 21:48:17,rejected,无风险,machine
AUD00001105,V00012266,2026-07-27 18:41:24,approved,无风险,machine
AUD00001106,V00010915,2026-07-01 09:32:16,approved,无风险,machine
AUD00001107,V00000951,2026-04-29 03:52:37,approved,无风险,mixed
AUD00001108,V00013461,2026-04-29 05:50:34,approved,无风险,human
AUD00001109,V00002314,2026-05-14 05:28:59,approved,无风险,human
AUD00001110,V00008800,2026-05-26 09:23:07,approved,虚假信息,machine
AUD00001111,V00004981,2026-07-27 19:36:47,approved,无风险,machine
AUD00001112,V00005036,2026-02-08 02:25:14,approved,无风险,mixed
AUD00001113,V00006700,2026-07-02 11:31:00,approved,无风险,mixed
AUD00001114,V00005201,2026-03-21 17:45:38,approved,无风险,mixed
AUD00001115,V00014032,2026-03-07 00:26:16,approved,无风险,machine
AUD00001116,V00005438,2026-08-06 02:10:59,approved,无风险,machine
AUD00001117,V00000721,2026-03-26 18:20:41,approved,无风险,machine
AUD00001118,V00001358,2026-05-19 18:24:59,approved,无风险,machine
AUD00001119,V00011621,2026-02-12 10:57:04,approved,无风险,machine
AUD00001120,V00001520,2026-06-07 10:39:06,approved,无风险,mixed
AUD00001121,V00005800,2026-07-10 10:56:49,approved,无风险,mixed
AUD00001122,V00001407,2026-04-07 15:43:39,approved,无风险,machine
AUD00001123,V00002909,2026-08-26 19:07:30,approved,无风险,machine
AUD00001124,V00004714,2026-07-01 01:07:00,approved,无风险,mixed
AUD00001125,V00009870,2026-06-07 22:08:41,approved,无风险,machine
AUD00001126,V00005553,2026-06-27 05:25:49,approved,无风险,machine
AUD00001127,V00009098,2026-04-28 18:49:53,approved,无风险,mixed
AUD00001128,V00012423,2026-07-23 17:49:19,approved,无风险,machine
AUD00001129,V00006116,2026-04-19 04:47:26,approved,无风险,machine
AUD00001130,V00008307,2026-08-23 00:01:33,approved,无风险,mixed
AUD00001131,V00000925,2026-01-13 23:57:39,approved,无风险,machine
AUD00001132,V00011185,2026-08-21 08:34:29,approved,无风险,machine
AUD00001133,V00013145,2026-02-11 23:40:19,approved,无风险,machine
AUD00001134,V00011499,2026-04-27 23:53:08,approved,无风险,machine
AUD00001135,V00012026,2026-07-23 14:48:38,approved,无风险,machine
AUD00001136,V00002650,2026-04-07 18:11:16,approved,低俗,machine
AUD00001137,V00005828,2026-02-20 01:58:54,approved,无风险,machine
AUD00001138,V00008040,2026-03-01 08:37:36,approved,无风险,machine
AUD00001139,V00011970,2026-08-25 23:17:46,approved,无风险,mixed
AUD00001140,V00014951,2026-08-11 07:10:47,approved,无风险,mixed
AUD00001141,V00001652,2026-03-20 09:14:25,approved,无风险,human
AUD00001142,V00007440,2026-04-10 01:07:24,approved,无风险,machine
AUD00001143,V00014325,2026-08-19 10:24:53,approved,无风险,machine
AUD00001144,V00008774,2026-06-26 21:21:20,approved,无风险,machine
AUD00001145,V00007673,2026-04-30 17:52:14,approved,无风险,machine
AUD00001146,V00006603,2026-08-19 00:32:11,approved,无风险,mixed
AUD00001147,V00007078,2026-07-12 07:31:45,approved,无风险,machine
AUD00001148,V00011954,2026-07-24 23:14:18,limited,无风险,mixed
AUD00001149,V00000389,2026-08-14 16:20:00,approved,无风险,machine
AUD00001150,V00014535,2026-02-21 06:44:37,approved,虚假信息,machine
AUD00001151,V00013665,2026-02-01 00:28:35,approved,无风险,machine
AUD00001152,V00006092,2026-07-09 08:06:27,approved,无风险,machine
AUD00001153,V00004750,2026-04-13 02:26:58,approved,无风险,machine
AUD00001154,V00005402,2026-06-11 08:30:57,approved,无风险,machine
AUD00001155,V00002028,2026-07-21 20:51:32,approved,无风险,machine
AUD00001156,V00009033,2026-07-09 01:15:57,approved,无风险,machine
AUD00001157,V00009322,2026-08-27 04:25:28,approved,侵权,mixed
AUD00001158,V00010141,2026-06-04 16:54:57,approved,无风险,machine
AUD00001159,V00012864,2026-01-07 05:39:47,approved,无风险,machine
AUD00001160,V00001817,2026-07-15 04:15:34,approved,无风险,machine
AUD00001161,V00014747,2026-06-17 16:31:55,approved,无风险,machine
AUD00001162,V00001110,2026-08-10 15:24:50,approved,无风险,machine
AUD00001163,V00007593,2026-04-27 16:00:14,approved,无风险,machine
AUD00001164,V00003955,2026-03-15 09:14:07,approved,无风险,machine
AUD00001165,V00006062,2026-05-29 18:15:51,approved,无风险,machine
AUD00001166,V00001412,2026-08-16 01:45:25,approved,无风险,machine
AUD00001167,V00000652,2026-07-16 11:50:22,approved,无风险,machine
AUD00001168,V00011255,2026-01-05 15:54:07,approved,无风险,machine
AUD00001169,V00003923,2026-08-23 14:39:42,approved,无风险,mixed
AUD00001170,V00000972,2026-04-21 20:04:34,approved,无风险,machine
AUD00001171,V00010079,2026-06-10 15:24:55,rejected,无风险,machine
AUD00001172,V00008276,2026-01-06 17:16:11,approved,无风险,machine
AUD00001173,V00006164,2026-04-10 12:51:11,approved,无风险,machine
AUD00001174,V00012841,2026-07-02 03:51:32,approved,无风险,machine
AUD00001175,V00004519,2026-03-20 02:38:12,approved,无风险,machine
AUD00001176,V00008839,2026-08-21 15:32:14,approved,无风险,machine
AUD00001177,V00003004,2026-08-27 12:03:07,approved,无风险,mixed
AUD00001178,V00008194,2026-02-23 17:08:15,approved,无风险,mixed
AUD00001179,V00012273,2026-01-07 12:56:38,approved,无风险,machine
AUD00001180,V00009708,2026-03-28 05:03:46,approved,无风险,machine
AUD00001181,V00000365,2026-01-05 12:00:18,approved,无风险,machine
AUD00001182,V00007765,2026-01-25 13:35:38,approved,无风险,machine
AUD00001183,V00002327,2026-05-08 05:19:20,limited,无风险,machine
AUD00001184,V00004704,2026-04-24 17:53:48,approved,无风险,machine
AUD00001185,V00013813,2026-03-19 10:05:15,approved,无风险,machine
AUD00001186,V00005820,2026-02-25 14:36:14,approved,无风险,machine
AUD00001187,V00002491,2026-06-27 00:42:41,approved,无风险,mixed
AUD00001188,V00005181,2026-01-14 04:38:19,approved,无风险,human
AUD00001189,V00012812,2026-05-02 13:48:17,approved,无风险,mixed
AUD00001190,V00003010,2026-06-17 22:00:39,approved,无风险,machine
AUD00001191,V00013908,2026-01-22 14:18:37,approved,无风险,machine
AUD00001192,V00006006,2026-03-11 01:55:04,approved,无风险,machine
AUD00001193,V00002741,2026-02-18 20:14:21,approved,无风险,machine
AUD00001194,V00009096,2026-01-06 07:51:50,approved,无风险,machine
AUD00001195,V00007093,2026-06-10 00:12:55,approved,无风险,machine
AUD00001196,V00004612,2026-02-14 21:35:20,approved,无风险,machine
AUD00001197,V00008928,2026-08-18 10:09:10,approved,无风险,mixed
AUD00001198,V00012498,2026-05-19 00:18:45,approved,无风险,machine
AUD00001199,V00001523,2026-07-03 02:11:51,approved,无风险,human
AUD00001200,V00008389,2026-04-29 01:28:47,approved,无风险,machine
AUD00001201,V00011065,2026-03-15 00:23:45,approved,无风险,machine
AUD00001202,V00014792,2026-07-05 09:30:17,approved,无风险,mixed
AUD00001203,V00003615,2026-04-27 12:40:04,approved,无风险,human
AUD00001204,V00007637,2026-08-25 18:51:03,approved,无风险,machine
AUD00001205,V00012213,2026-08-05 11:13:13,approved,无风险,mixed
AUD00001206,V00001463,2026-05-25 12:26:45,approved,无风险,machine
AUD00001207,V00012736,2026-07-20 20:15:30,approved,无风险,mixed
AUD00001208,V00000155,2026-02-17 23:07:49,approved,无风险,machine
AUD00001209,V00011156,2026-08-20 01:47:40,approved,无风险,machine
AUD00001210,V00008336,2026-02-09 16:00:29,approved,无风险,machine
AUD00001211,V00010639,2026-08-17 04:56:39,approved,无风险,machine
AUD00001212,V00009254,2026-03-29 11:41:03,approved,无风险,machine
AUD00001213,V00011012,2026-02-20 02:26:15,approved,无风险,mixed
AUD00001214,V00013878,2026-05-07 09:22:15,approved,无风险,machine
AUD00001215,V00011325,2026-07-06 12:32:17,approved,低俗,mixed
AUD00001216,V00010128,2026-02-21 02:20:00,rejected,无风险,machine
AUD00001217,V00000877,2026-03-17 21:48:04,approved,无风险,machine
AUD00001218,V00002495,2026-04-16 20:42:53,approved,无风险,machine
AUD00001219,V00013873,2026-02-27 00:50:00,approved,无风险,mixed
AUD00001220,V00008804,2026-05-22 13:38:56,approved,无风险,human
AUD00001221,V00004548,2026-08-02 07:46:25,approved,无风险,machine
AUD00001222,V00004669,2026-04-24 22:27:22,approved,无风险,mixed
AUD00001223,V00004316,2026-06-20 11:39:38,approved,侵权,mixed
AUD00001224,V00014337,2026-08-06 23:46:13,approved,无风险,machine
AUD00001225,V00012529,2026-05-06 17:26:48,approved,无风险,machine
AUD00001226,V00011202,2026-06-17 02:24:28,approved,无风险,machine
AUD00001227,V00003217,2026-07-20 09:57:10,approved,无风险,machine
AUD00001228,V00010709,2026-08-24 15:55:49,approved,无风险,mixed
AUD00001229,V00000407,2026-06-10 02:15:06,approved,无风险,machine
AUD00001230,V00008376,2026-04-02 11:16:36,approved,无风险,mixed
AUD00001231,V00011304,2026-06-08 16:27:57,approved,无风险,machine
AUD00001232,V00007759,2026-03-29 23:42:13,approved,无风险,machine
AUD00001233,V00002851,2026-06-14 09:14:25,approved,无风险,mixed
AUD00001234,V00012173,2026-01-05 18:41:11,approved,无风险,machine
AUD00001235,V00014263,2026-05-24 09:29:45,approved,无风险,machine
AUD00001236,V00006635,2026-05-01 10:36:43,approved,无风险,machine
AUD00001237,V00013367,2026-06-28 21:23:04,approved,无风险,machine
AUD00001238,V00002343,2026-03-15 05:22:17,approved,无风险,machine
AUD00001239,V00007992,2026-04-05 09:18:54,approved,虚假信息,machine
AUD00001240,V00013827,2026-06-29 22:45:42,approved,无风险,mixed
AUD00001241,V00009030,2026-04-08 10:56:50,approved,无风险,machine
AUD00001242,V00008742,2026-01-07 04:13:42,approved,无风险,machine
AUD00001243,V00014094,2026-06-03 07:05:51,approved,无风险,mixed
AUD00001244,V00012789,2026-04-30 01:41:43,approved,无风险,machine
AUD00001245,V00011017,2026-06-14 21:28:26,approved,无风险,machine
AUD00001246,V00013347,2026-05-09 16:23:41,approved,无风险,machine
AUD00001247,V00001310,2026-01-26 00:36:39,approved,无风险,mixed
AUD00001248,V00011892,2026-04-29 07:55:50,approved,无风险,machine
AUD00001249,V00009712,2026-07-04 21:43:40,approved,无风险,machine
AUD00001250,V00002037,2026-04-04 15:02:11,limited,无风险,machine
AUD00001251,V00014153,2026-05-10 10:30:01,approved,侵权,machine
AUD00001252,V00004288,2026-07-19 17:29:21,approved,无风险,mixed
AUD00001253,V00006391,2026-03-21 15:44:45,approved,无风险,human
AUD00001254,V00014744,2026-03-21 02:41:33,approved,无风险,machine
AUD00001255,V00014733,2026-07-24 20:48:40,approved,无风险,mixed
AUD00001256,V00009897,2026-06-17 16:55:10,approved,侵权,human
AUD00001257,V00001798,2026-08-23 07:28:54,approved,无风险,machine
AUD00001258,V00000581,2026-08-27 20:18:29,approved,无风险,machine
AUD00001259,V00014502,2026-04-06 20:32:03,approved,无风险,machine
AUD00001260,V00003396,2026-02-20 14:01:28,limited,无风险,machine
AUD00001261,V00001482,2026-05-17 19:26:14,limited,无风险,machine
AUD00001262,V00004302,2026-03-29 13:50:44,approved,无风险,machine
AUD00001263,V00010785,2026-05-30 03:19:58,approved,无风险,machine
AUD00001264,V00004990,2026-05-19 01:42:29,approved,无风险,mixed
AUD00001265,V00009635,2026-08-09 20:52:13,approved,无风险,mixed
AUD00001266,V00010721,2026-08-21 22:22:44,approved,无风险,machine
AUD00001267,V00000519,2026-01-13 12:03:21,approved,无风险,machine
AUD00001268,V00010167,2026-07-16 10:24:19,approved,无风险,machine
AUD00001269,V00014980,2026-06-06 08:45:17,approved,无风险,machine
AUD00001270,V00006000,2026-03-31 22:18:03,approved,无风险,machine
AUD00001271,V00011241,2026-07-06 01:01:06,approved,无风险,machine
AUD00001272,V00009256,2026-07-26 19:12:20,approved,无风险,mixed
AUD00001273,V00001715,2026-06-19 18:32:54,approved,无风险,machine
AUD00001274,V00005165,2026-03-19 02:58:02,approved,无风险,machine
AUD00001275,V00008325,2026-07-03 00:23:32,approved,无风险,mixed
AUD00001276,V00002885,2026-07-29 20:04:19,approved,无风险,mixed
AUD00001277,V00013635,2026-07-13 22:04:50,approved,无风险,mixed
AUD00001278,V00006286,2026-02-05 13:54:51,approved,无风险,machine
AUD00001279,V00013301,2026-07-12 09:27:33,approved,无风险,machine
AUD00001280,V00001569,2026-07-21 21:01:04,approved,无风险,machine
AUD00001281,V00012180,2026-05-18 11:37:29,approved,无风险,human
AUD00001282,V00006257,2026-08-09 01:12:09,approved,虚假信息,machine
AUD00001283,V00009653,2026-07-09 15:01:03,approved,无风险,machine
AUD00001284,V00000402,2026-02-12 04:08:43,approved,无风险,machine
AUD00001285,V00004301,2026-06-27 15:56:54,approved,无风险,machine
AUD00001286,V00002506,2026-05-19 04:49:46,rejected,无风险,machine
AUD00001287,V00009582,2026-07-19 06:29:27,approved,无风险,machine
AUD00001288,V00005427,2026-06-11 23:54:57,approved,无风险,machine
AUD00001289,V00008241,2026-08-18 18:16:11,approved,无风险,machine
AUD00001290,V00007891,2026-08-18 08:22:21,approved,无风险,machine
AUD00001291,V00002987,2026-05-18 04:36:42,approved,无风险,machine
AUD00001292,V00004514,2026-01-30 06:53:26,approved,无风险,machine
AUD00001293,V00005586,2026-06-18 16:56:36,approved,无风险,mixed
AUD00001294,V00014769,2026-05-29 23:52:43,rejected,无风险,machine
AUD00001295,V00008403,2026-06-21 18:08:55,limited,无风险,mixed
AUD00001296,V00009796,2026-07-24 15:57:21,approved,无风险,machine
AUD00001297,V00005074,2026-01-08 19:40:36,approved,无风险,machine
AUD00001298,V00004732,2026-08-22 03:32:51,approved,无风险,machine
AUD00001299,V00007983,2026-06-09 17:45:22,rejected,无风险,machine
AUD00001300,V00008031,2026-06-25 15:14:28,approved,无风险,machine
AUD00001301,V00008517,2026-06-26 18:01:44,approved,无风险,machine
AUD00001302,V00003808,2026-06-11 22:18:36,approved,无风险,mixed
AUD00001303,V00013232,2026-07-27 04:36:29,approved,无风险,machine
AUD00001304,V00012210,2026-06-17 13:52:47,approved,无风险,machine
AUD00001305,V00006347,2026-05-24 03:53:28,approved,无风险,machine
AUD00001306,V00011725,2026-05-02 08:34:36,approved,无风险,machine
AUD00001307,V00008475,2026-06-04 19:58:29,approved,无风险,machine
AUD00001308,V00009471,2026-06-18 13:52:37,approved,无风险,machine
AUD00001309,V00010954,2026-08-20 06:25:16,approved,无风险,machine
AUD00001310,V00012403,2026-06-17 12:34:50,approved,无风险,mixed
AUD00001311,V00000350,2026-08-19 12:50:14,rejected,无风险,machine
AUD00001312,V00005990,2026-08-28 19:46:14,approved,无风险,machine
AUD00001313,V00008732,2026-04-15 16:48:34,approved,无风险,human
AUD00001314,V00009108,2026-08-22 03:56:00,approved,低俗,human
AUD00001315,V00012848,2026-08-13 00:54:22,approved,无风险,machine
AUD00001316,V00007065,2026-08-13 08:07:34,approved,无风险,machine
AUD00001317,V00006793,2026-08-11 13:30:09,approved,无风险,machine
AUD00001318,V00009948,2026-07-13 08:55:15,approved,无风险,machine
AUD00001319,V00007392,2026-07-10 17:43:18,approved,无风险,machine
AUD00001320,V00002777,2026-06-11 19:35:03,approved,无风险,mixed
AUD00001321,V00007705,2026-02-27 13:32:57,approved,无风险,machine
AUD00001322,V00014920,2026-06-15 12:55:51,approved,低俗,mixed
AUD00001323,V00014916,2026-07-04 08:55:43,approved,无风险,machine
AUD00001324,V00011894,2026-07-12 12:04:47,approved,无风险,mixed
AUD00001325,V00012291,2026-04-22 18:46:50,approved,无风险,machine
AUD00001326,V00009939,2026-07-09 16:21:07,approved,无风险,mixed
AUD00001327,V00001042,2026-03-18 15:34:36,approved,无风险,machine
AUD00001328,V00006346,2026-08-04 02:14:47,approved,无风险,machine
AUD00001329,V00011423,2026-03-20 05:56:18,approved,无风险,machine
AUD00001330,V00010885,2026-01-15 13:55:55,approved,无风险,machine
AUD00001331,V00003607,2026-04-06 00:33:03,approved,无风险,machine
AUD00001332,V00013797,2026-08-03 14:00:53,approved,无风险,machine
AUD00001333,V00008882,2026-05-13 15:14:49,approved,无风险,mixed
AUD00001334,V00006186,2026-04-19 20:37:15,approved,无风险,machine
AUD00001335,V00006187,2026-02-06 16:58:34,rejected,无风险,machine
AUD00001336,V00006273,2026-03-02 00:54:54,approved,无风险,machine
AUD00001337,V00007692,2026-01-23 09:42:15,approved,无风险,machine
AUD00001338,V00006821,2026-05-04 22:17:43,approved,无风险,human
AUD00001339,V00006974,2026-04-27 13:53:04,approved,无风险,human
AUD00001340,V00006818,2026-04-03 19:30:05,approved,无风险,mixed
AUD00001341,V00000968,2026-07-01 11:38:23,approved,无风险,mixed
AUD00001342,V00005233,2026-08-02 14:47:18,approved,无风险,machine
AUD00001343,V00014880,2026-03-13 14:47:09,approved,无风险,machine
AUD00001344,V00013296,2026-01-28 15:06:26,approved,无风险,machine
AUD00001345,V00010407,2026-04-13 12:28:23,approved,无风险,mixed
AUD00001346,V00007538,2026-02-11 14:04:52,approved,无风险,machine
AUD00001347,V00011336,2026-04-21 01:34:31,approved,无风险,machine
AUD00001348,V00007822,2026-07-08 06:10:11,approved,无风险,machine
AUD00001349,V00007536,2026-03-25 07:33:36,approved,无风险,machine
AUD00001350,V00011176,2026-06-21 21:47:03,approved,无风险,mixed
AUD00001351,V00013976,2026-06-15 12:44:19,approved,无风险,machine
AUD00001352,V00000546,2026-04-30 13:14:49,approved,无风险,mixed
AUD00001353,V00007377,2026-03-14 20:50:42,approved,无风险,machine
AUD00001354,V00011530,2026-07-12 16:07:11,approved,无风险,machine
AUD00001355,V00002244,2026-07-19 18:46:39,approved,无风险,machine
AUD00001356,V00005983,2026-08-22 01:58:12,approved,无风险,machine
AUD00001357,V00001222,2026-02-05 19:59:48,approved,无风险,machine
AUD00001358,V00007910,2026-05-27 00:41:49,approved,无风险,mixed
AUD00001359,V00010664,2026-08-20 13:23:32,approved,无风险,mixed
AUD00001360,V00005948,2026-08-02 22:56:23,approved,无风险,machine
AUD00001361,V00001573,2026-05-11 09:00:58,approved,无风险,machine
AUD00001362,V00011685,2026-08-01 20:40:41,approved,无风险,machine
AUD00001363,V00006381,2026-05-17 09:01:16,rejected,无风险,mixed
AUD00001364,V00009976,2026-08-17 04:23:59,approved,无风险,machine
AUD00001365,V00013874,2026-07-25 13:55:22,approved,无风险,machine
AUD00001366,V00001796,2026-02-23 17:36:39,approved,无风险,machine
AUD00001367,V00014256,2026-07-17 18:10:00,approved,无风险,machine
AUD00001368,V00012435,2026-05-06 09:31:44,approved,无风险,machine
AUD00001369,V00010002,2026-08-17 15:47:58,approved,无风险,machine
AUD00001370,V00013613,2026-04-17 18:05:26,approved,无风险,machine
AUD00001371,V00014889,2026-06-25 02:29:31,approved,无风险,machine
AUD00001372,V00014775,2026-05-09 13:11:10,approved,无风险,machine
AUD00001373,V00004633,2026-01-08 17:24:50,approved,无风险,human
AUD00001374,V00007444,2026-07-11 20:17:26,approved,无风险,machine
AUD00001375,V00011582,2026-05-10 01:18:35,approved,无风险,machine
AUD00001376,V00009932,2026-07-16 07:45:10,approved,无风险,machine
AUD00001377,V00013458,2026-07-29 05:04:47,approved,无风险,human
AUD00001378,V00004429,2026-04-25 15:36:19,approved,无风险,machine
AUD00001379,V00013621,2026-04-12 10:33:29,approved,无风险,machine
AUD00001380,V00001041,2026-05-23 17:49:06,approved,无风险,mixed
AUD00001381,V00000096,2026-06-12 03:11:45,approved,无风险,mixed
AUD00001382,V00002236,2026-06-01 12:50:48,approved,侵权,machine
AUD00001383,V00001666,2026-03-10 22:20:27,approved,无风险,machine
AUD00001384,V00005207,2026-04-20 08:10:44,approved,无风险,machine
AUD00001385,V00006760,2026-04-01 03:49:50,approved,无风险,machine
AUD00001386,V00002624,2026-05-15 15:36:48,approved,无风险,human
AUD00001387,V00010730,2026-08-25 00:02:04,approved,无风险,machine
AUD00001388,V00001158,2026-03-04 05:14:52,limited,无风险,machine
AUD00001389,V00000384,2026-08-03 16:01:22,approved,无风险,machine
AUD00001390,V00013140,2026-08-25 11:47:29,approved,无风险,machine
AUD00001391,V00005280,2026-08-23 11:11:09,approved,无风险,machine
AUD00001392,V00003604,2026-04-14 12:09:42,approved,无风险,machine
AUD00001393,V00000467,2026-01-04 11:18:06,approved,无风险,human
AUD00001394,V00000969,2026-04-24 10:39:54,approved,无风险,machine
AUD00001395,V00004832,2026-05-10 10:00:57,approved,无风险,machine
AUD00001396,V00005093,2026-04-25 10:04:51,approved,无风险,machine
AUD00001397,V00005646,2026-08-27 15:10:01,approved,无风险,machine
AUD00001398,V00010137,2026-08-15 04:42:38,approved,无风险,machine
AUD00001399,V00011410,2026-05-25 01:22:06,approved,无风险,mixed
AUD00001400,V00003407,2026-01-27 19:16:21,approved,无风险,machine
AUD00001401,V00001951,2026-08-22 10:06:23,approved,无风险,machine
AUD00001402,V00004266,2026-03-12 20:39:52,approved,无风险,machine
AUD00001403,V00001390,2026-05-19 15:45:33,approved,无风险,machine
AUD00001404,V00012415,2026-06-18 09:44:43,approved,无风险,machine
AUD00001405,V00013048,2026-04-22 16:16:25,approved,无风险,machine
AUD00001406,V00013065,2026-06-13 16:45:51,approved,无风险,machine
AUD00001407,V00009183,2026-07-28 09:42:49,approved,无风险,mixed
AUD00001408,V00000441,2026-05-18 11:43:25,approved,无风险,mixed
AUD00001409,V00006245,2026-03-07 08:42:42,rejected,无风险,mixed
AUD00001410,V00006830,2026-04-30 10:12:33,approved,无风险,machine
AUD00001411,V00006503,2026-02-17 10:36:36,approved,无风险,machine
AUD00001412,V00014621,2026-07-25 10:08:12,limited,虚假信息,mixed
AUD00001413,V00005780,2026-06-07 00:40:34,approved,无风险,human
AUD00001414,V00004554,2026-06-01 14:31:00,approved,无风险,mixed
AUD00001415,V00002101,2026-07-29 12:34:29,approved,无风险,machine
AUD00001416,V00008924,2026-07-27 16:33:20,approved,无风险,mixed
AUD00001417,V00006093,2026-07-29 11:30:13,approved,无风险,machine
AUD00001418,V00000867,2026-07-25 17:17:16,approved,无风险,human
AUD00001419,V00011972,2026-03-22 16:33:25,approved,无风险,machine
AUD00001420,V00011264,2026-06-06 21:14:34,approved,无风险,machine
AUD00001421,V00001630,2026-05-03 12:32:15,approved,无风险,machine
AUD00001422,V00011607,2026-04-20 21:09:40,approved,无风险,machine
AUD00001423,V00014131,2026-08-26 13:08:06,approved,无风险,mixed
AUD00001424,V00004935,2026-04-06 14:22:35,approved,无风险,machine
AUD00001425,V00011047,2026-07-14 17:05:19,approved,无风险,machine
AUD00001426,V00012041,2026-05-22 18:18:33,approved,无风险,human
AUD00001427,V00008962,2026-07-28 00:08:19,approved,无风险,mixed
AUD00001428,V00010161,2026-07-05 13:49:25,approved,无风险,machine
AUD00001429,V00000979,2026-05-27 09:04:23,approved,无风险,machine
AUD00001430,V00007831,2026-05-10 18:20:24,approved,无风险,machine
AUD00001431,V00004730,2026-04-28 12:37:50,approved,无风险,machine
AUD00001432,V00002968,2026-07-13 13:17:25,approved,无风险,mixed
AUD00001433,V00004285,2026-07-08 20:54:55,approved,无风险,machine
AUD00001434,V00014327,2026-04-08 20:14:50,approved,无风险,machine
AUD00001435,V00014795,2026-01-16 18:18:08,approved,无风险,machine
AUD00001436,V00007990,2026-05-20 12:16:24,approved,无风险,machine
AUD00001437,V00008145,2026-07-21 22:19:12,approved,无风险,machine
AUD00001438,V00011328,2026-04-26 20:24:24,approved,虚假信息,machine
AUD00001439,V00013467,2026-05-27 09:02:18,approved,无风险,human
AUD00001440,V00003192,2026-07-25 14:31:47,approved,无风险,machine
AUD00001441,V00008945,2026-03-09 09:45:31,approved,无风险,machine
AUD00001442,V00009504,2026-08-26 21:53:48,approved,无风险,machine
AUD00001443,V00005766,2026-03-06 13:10:48,approved,无风险,machine
AUD00001444,V00008991,2026-02-06 04:57:04,approved,无风险,machine
AUD00001445,V00003372,2026-05-28 05:08:03,approved,无风险,machine
AUD00001446,V00009833,2026-01-27 01:48:20,rejected,无风险,machine
AUD00001447,V00000149,2026-02-28 08:41:39,approved,侵权,machine
AUD00001448,V00005180,2026-03-24 04:01:13,approved,无风险,machine
AUD00001449,V00006415,2026-01-31 08:58:21,approved,无风险,machine
AUD00001450,V00007091,2026-05-22 19:48:54,approved,无风险,machine
AUD00001451,V00007347,2026-01-29 11:40:12,approved,无风险,mixed
AUD00001452,V00011262,2026-04-24 06:46:45,approved,无风险,mixed
AUD00001453,V00003733,2026-02-03 19:39:29,approved,无风险,machine
AUD00001454,V00008129,2026-05-16 16:22:41,approved,低俗,mixed
AUD00001455,V00006424,2026-01-14 17:40:18,approved,无风险,mixed
AUD00001456,V00011789,2026-08-26 09:19:31,approved,无风险,human
AUD00001457,V00008792,2026-08-01 20:07:15,approved,无风险,human
AUD00001458,V00005112,2026-01-12 10:09:32,approved,无风险,machine
AUD00001459,V00006260,2026-01-01 11:46:47,rejected,无风险,mixed
AUD00001460,V00009261,2026-06-08 03:17:33,approved,无风险,machine
AUD00001461,V00000916,2026-03-28 05:36:39,approved,无风险,machine
AUD00001462,V00002023,2026-01-28 06:49:00,approved,无风险,machine
AUD00001463,V00003785,2026-03-20 22:19:23,approved,无风险,machine
AUD00001464,V00014988,2026-07-07 10:18:38,approved,无风险,machine
AUD00001465,V00005197,2026-06-23 16:02:36,approved,无风险,machine
AUD00001466,V00008372,2026-06-18 03:13:46,approved,无风险,machine
AUD00001467,V00014685,2026-06-14 13:23:19,approved,无风险,machine
AUD00001468,V00010704,2026-01-01 20:19:53,approved,无风险,machine
AUD00001469,V00002071,2026-06-24 08:29:46,approved,无风险,mixed
AUD00001470,V00009979,2026-04-03 05:10:51,approved,无风险,machine
AUD00001471,V00000836,2026-02-14 06:04:43,approved,无风险,mixed
AUD00001472,V00012974,2026-05-12 15:03:28,approved,无风险,machine
AUD00001473,V00002730,2026-03-04 19:51:41,approved,无风险,machine
AUD00001474,V00005383,2026-08-12 05:51:58,approved,无风险,machine
AUD00001475,V00000612,2026-06-15 19:32:16,approved,无风险,mixed
AUD00001476,V00002081,2026-02-27 19:26:05,approved,无风险,machine
AUD00001477,V00000552,2026-01-20 05:04:58,approved,无风险,machine
AUD00001478,V00005692,2026-07-26 07:41:59,approved,无风险,mixed
AUD00001479,V00008838,2026-04-20 11:07:06,approved,无风险,machine
AUD00001480,V00001495,2026-01-16 20:36:37,approved,无风险,mixed
AUD00001481,V00000395,2026-04-11 11:25:15,approved,侵权,machine
AUD00001482,V00010691,2026-08-11 02:25:12,approved,无风险,mixed
AUD00001483,V00005815,2026-06-14 08:33:08,approved,无风险,machine
AUD00001484,V00003333,2026-03-20 16:12:22,approved,无风险,machine
AUD00001485,V00000592,2026-08-01 01:46:54,approved,无风险,machine
AUD00001486,V00013876,2026-05-05 15:03:09,approved,无风险,human
AUD00001487,V00000057,2026-06-05 03:33:51,approved,无风险,machine
AUD00001488,V00000249,2026-04-27 18:37:22,approved,无风险,machine
AUD00001489,V00011037,2026-01-16 22:44:59,rejected,无风险,machine
AUD00001490,V00011242,2026-07-27 12:07:32,approved,无风险,machine
AUD00001491,V00002703,2026-07-20 03:44:32,approved,无风险,mixed
AUD00001492,V00013249,2026-03-14 21:20:57,approved,无风险,machine
AUD00001493,V00004858,2026-08-20 06:26:59,approved,无风险,machine
AUD00001494,V00013283,2026-04-25 10:31:57,approved,无风险,mixed
AUD00001495,V00010714,2026-08-11 08:53:53,approved,无风险,machine
AUD00001496,V00002516,2026-06-02 20:14:56,approved,无风险,machine
AUD00001497,V00007648,2026-08-21 15:07:05,approved,无风险,machine
AUD00001498,V00006411,2026-07-17 22:18:14,approved,无风险,machine
AUD00001499,V00008019,2026-06-07 16:39:05,approved,虚假信息,machine
AUD00001500,V00012148,2026-05-09 10:56:40,approved,无风险,machine
AUD00001501,V00007075,2026-04-01 00:21:42,limited,无风险,machine
AUD00001502,V00008327,2026-08-04 11:03:31,approved,无风险,machine
AUD00001503,V00013579,2026-05-07 10:45:18,approved,无风险,machine
AUD00001504,V00007155,2026-05-14 15:06:29,approved,无风险,mixed
AUD00001505,V00008600,2026-04-08 23:46:07,rejected,无风险,machine
AUD00001506,V00008375,2026-05-30 07:21:47,approved,虚假信息,machine
AUD00001507,V00013852,2026-05-07 09:13:58,approved,无风险,mixed
AUD00001508,V00014359,2026-03-24 10:59:48,approved,无风险,mixed
AUD00001509,V00007510,2026-08-18 08:20:06,approved,无风险,machine
AUD00001510,V00011832,2026-03-01 22:24:57,approved,无风险,machine
AUD00001511,V00009416,2026-08-09 20:47:50,approved,无风险,machine
AUD00001512,V00005881,2026-08-16 01:05:15,approved,无风险,machine
AUD00001513,V00008776,2026-03-11 03:22:30,approved,无风险,machine
AUD00001514,V00009435,2026-06-17 04:58:13,approved,无风险,human
AUD00001515,V00008627,2026-07-09 06:37:22,approved,无风险,mixed
AUD00001516,V00009201,2026-05-30 22:04:36,limited,无风险,mixed
AUD00001517,V00009722,2026-04-12 03:59:40,approved,无风险,human
AUD00001518,V00000700,2026-06-18 03:10:57,approved,无风险,machine
AUD00001519,V00003774,2026-03-19 19:56:10,approved,无风险,machine
AUD00001520,V00002690,2026-04-22 17:50:46,approved,无风险,human
AUD00001521,V00011161,2026-06-20 18:03:10,approved,虚假信息,human
AUD00001522,V00000784,2026-02-22 19:32:16,approved,无风险,mixed
AUD00001523,V00008798,2026-03-03 04:20:27,approved,无风险,machine
AUD00001524,V00000184,2026-07-19 13:59:59,approved,虚假信息,machine
AUD00001525,V00002993,2026-06-30 00:12:30,approved,无风险,machine
AUD00001526,V00002064,2026-05-16 11:29:58,approved,无风险,human
AUD00001527,V00007049,2026-03-28 18:05:14,approved,无风险,mixed
AUD00001528,V00002508,2026-02-21 19:11:14,approved,无风险,mixed
AUD00001529,V00001786,2026-04-13 11:21:27,approved,无风险,machine
AUD00001530,V00002680,2026-01-02 23:18:50,approved,无风险,human
AUD00001531,V00005806,2026-07-14 02:58:05,approved,无风险,machine
AUD00001532,V00002854,2026-08-19 08:44:23,approved,无风险,machine
AUD00001533,V00010851,2026-07-03 08:22:12,approved,无风险,machine
AUD00001534,V00013428,2026-01-30 02:58:19,limited,无风险,human
AUD00001535,V00011366,2026-03-11 19:35:10,approved,无风险,mixed
AUD00001536,V00007154,2026-03-19 16:00:18,approved,无风险,machine
AUD00001537,V00014808,2026-01-25 14:21:29,approved,无风险,mixed
AUD00001538,V00013660,2026-08-17 13:56:15,approved,无风险,machine
AUD00001539,V00011356,2026-05-24 19:38:38,approved,无风险,machine
AUD00001540,V00012788,2026-08-26 15:23:09,approved,虚假信息,machine
AUD00001541,V00005707,2026-08-14 13:22:42,approved,无风险,machine
AUD00001542,V00014819,2026-08-18 13:03:14,approved,无风险,machine
AUD00001543,V00004493,2026-08-02 13:20:40,approved,无风险,machine
AUD00001544,V00002510,2026-08-25 12:35:35,approved,无风险,machine
AUD00001545,V00002519,2026-02-08 17:37:33,approved,无风险,machine
AUD00001546,V00006647,2026-06-12 01:21:31,approved,无风险,machine
AUD00001547,V00013909,2026-06-10 07:45:34,approved,无风险,mixed
AUD00001548,V00004174,2026-06-13 04:57:17,approved,低俗,human
AUD00001549,V00006988,2026-08-19 23:20:18,approved,无风险,human
AUD00001550,V00002089,2026-08-19 12:12:23,approved,无风险,machine
AUD00001551,V00013268,2026-07-11 04:38:42,approved,低俗,mixed
AUD00001552,V00007533,2026-01-13 22:44:29,approved,无风险,human
AUD00001553,V00000404,2026-06-03 10:49:09,approved,无风险,machine
AUD00001554,V00004937,2026-03-18 00:14:56,approved,无风险,mixed
AUD00001555,V00003801,2026-04-11 22:09:40,approved,无风险,machine
AUD00001556,V00005176,2026-07-02 18:58:41,approved,虚假信息,mixed
AUD00001557,V00000731,2026-07-09 21:35:40,approved,无风险,mixed
AUD00001558,V00010916,2026-08-28 05:53:57,limited,无风险,human
AUD00001559,V00000167,2026-05-18 13:30:02,approved,无风险,human
AUD00001560,V00008112,2026-01-24 11:13:25,approved,无风险,machine
AUD00001561,V00010009,2026-05-31 00:19:58,approved,无风险,machine
AUD00001562,V00013869,2026-04-11 00:02:43,approved,无风险,mixed
AUD00001563,V00014287,2026-08-05 23:16:45,rejected,无风险,mixed
AUD00001564,V00000694,2026-07-07 14:12:41,limited,无风险,machine
AUD00001565,V00010175,2026-07-03 02:09:54,approved,无风险,machine
AUD00001566,V00004880,2026-06-04 22:09:51,approved,无风险,mixed
AUD00001567,V00009342,2026-03-15 06:14:20,approved,无风险,machine
AUD00001568,V00005253,2026-02-28 21:47:31,approved,无风险,machine
AUD00001569,V00007168,2026-08-10 10:43:35,approved,无风险,machine
AUD00001570,V00002710,2026-01-09 03:38:33,approved,无风险,machine
AUD00001571,V00011841,2026-06-27 12:26:49,approved,无风险,human
AUD00001572,V00010560,2026-05-10 06:42:11,approved,无风险,machine
AUD00001573,V00005453,2026-07-11 08:46:47,approved,无风险,machine
AUD00001574,V00009077,2026-08-24 02:53:54,approved,无风险,mixed
AUD00001575,V00005179,2026-07-31 20:59:54,approved,无风险,machine
AUD00001576,V00008898,2026-02-22 12:05:44,approved,无风险,machine
AUD00001577,V00007687,2026-05-26 18:38:14,approved,无风险,machine
AUD00001578,V00005598,2026-08-13 17:10:12,approved,无风险,machine
AUD00001579,V00005711,2026-03-10 23:01:40,approved,侵权,machine
AUD00001580,V00012507,2026-06-12 04:39:31,approved,无风险,machine
AUD00001581,V00006555,2026-05-13 07:07:51,approved,无风险,machine
AUD00001582,V00000045,2026-01-15 16:44:38,approved,无风险,mixed
AUD00001583,V00007876,2026-02-07 06:19:47,approved,无风险,machine
AUD00001584,V00012099,2026-07-02 14:38:18,approved,无风险,human
AUD00001585,V00011872,2026-06-09 16:45:09,approved,无风险,machine
AUD00001586,V00006565,2026-08-25 08:19:52,approved,无风险,mixed
AUD00001587,V00007916,2026-03-14 00:14:18,approved,无风险,machine
AUD00001588,V00013470,2026-07-27 10:27:39,approved,无风险,machine
AUD00001589,V00002530,2026-01-14 17:25:32,approved,无风险,machine
AUD00001590,V00011384,2026-03-19 20:28:40,approved,虚假信息,machine
AUD00001591,V00000733,2026-08-21 21:36:57,approved,无风险,human
AUD00001592,V00002247,2026-08-17 12:21:15,approved,无风险,mixed
AUD00001593,V00006099,2026-03-07 13:16:22,approved,无风险,machine
AUD00001594,V00005667,2026-01-08 21:46:04,approved,无风险,machine
AUD00001595,V00000670,2026-08-18 08:11:51,approved,无风险,machine
AUD00001596,V00011261,2026-06-06 17:47:22,approved,无风险,human
AUD00001597,V00004028,2026-06-13 05:18:24,approved,无风险,machine
AUD00001598,V00000494,2026-08-28 20:00:46,approved,无风险,mixed
AUD00001599,V00000378,2026-07-26 06:15:58,approved,无风险,machine
AUD00001600,V00009956,2026-02-12 09:04:30,approved,无风险,mixed
AUD00001601,V00003111,2026-04-20 05:47:03,approved,无风险,machine
AUD00001602,V00003457,2026-08-08 04:33:14,approved,无风险,machine
AUD00001603,V00012914,2026-02-02 03:06:32,approved,无风险,mixed
AUD00001604,V00010802,2026-04-11 03:12:59,approved,无风险,machine
AUD00001605,V00014167,2026-06-10 09:26:14,approved,无风险,machine
AUD00001606,V00006185,2026-05-23 18:53:36,approved,无风险,machine
AUD00001607,V00014020,2026-08-27 06:56:14,approved,无风险,machine
AUD00001608,V00003625,2026-06-25 09:35:15,approved,无风险,machine
AUD00001609,V00009789,2026-08-25 03:29:49,approved,无风险,mixed
AUD00001610,V00001035,2026-08-17 06:28:55,approved,无风险,machine
AUD00001611,V00008674,2026-02-11 12:42:10,approved,无风险,machine
AUD00001612,V00005306,2026-03-04 08:30:31,approved,无风险,machine
AUD00001613,V00013195,2026-02-08 16:47:58,approved,无风险,machine
AUD00001614,V00003509,2026-02-15 10:19:08,approved,低俗,machine
AUD00001615,V00005785,2026-06-19 20:26:40,approved,无风险,mixed
AUD00001616,V00014226,2026-08-11 12:35:27,approved,无风险,machine
AUD00001617,V00013569,2026-08-06 22:18:58,approved,无风险,machine
AUD00001618,V00008936,2026-07-20 13:19:20,approved,无风险,machine
AUD00001619,V00007889,2026-07-25 09:57:46,limited,无风险,machine
AUD00001620,V00010545,2026-08-25 04:01:15,approved,无风险,machine
AUD00001621,V00002693,2026-06-22 02:13:44,limited,无风险,machine
AUD00001622,V00006052,2026-05-03 13:35:01,approved,低俗,mixed
AUD00001623,V00012029,2026-02-09 12:15:37,approved,无风险,mixed
AUD00001624,V00007364,2026-02-01 03:33:31,approved,无风险,machine
AUD00001625,V00003493,2026-07-21 18:33:53,approved,无风险,mixed
AUD00001626,V00000827,2026-06-27 00:02:40,approved,无风险,machine
AUD00001627,V00013022,2026-05-24 13:10:10,approved,无风险,machine
AUD00001628,V00009879,2026-06-24 23:12:10,approved,无风险,machine
AUD00001629,V00012994,2026-06-29 16:55:36,approved,无风险,machine
AUD00001630,V00014103,2026-07-26 08:34:15,limited,无风险,machine
AUD00001631,V00002902,2026-05-23 05:35:14,approved,无风险,human
AUD00001632,V00002180,2026-03-31 23:47:33,approved,无风险,machine
AUD00001633,V00001424,2026-05-13 06:53:52,approved,无风险,machine
AUD00001634,V00001130,2026-02-09 17:15:48,approved,虚假信息,machine
AUD00001635,V00002956,2026-04-07 00:50:50,approved,无风险,mixed
AUD00001636,V00004246,2026-02-27 11:20:20,approved,无风险,machine
AUD00001637,V00001372,2026-07-27 08:40:51,approved,低俗,mixed
AUD00001638,V00012649,2026-05-21 01:13:13,approved,无风险,mixed
AUD00001639,V00006284,2026-06-26 20:35:32,approved,无风险,machine
AUD00001640,V00006194,2026-04-15 19:19:03,approved,无风险,machine
AUD00001641,V00014925,2026-05-13 10:51:52,approved,无风险,mixed
AUD00001642,V00011329,2026-02-15 07:50:31,approved,无风险,mixed
AUD00001643,V00006542,2026-05-31 18:49:33,approved,无风险,machine
AUD00001644,V00008730,2026-08-20 21:34:42,approved,无风险,machine
AUD00001645,V00014820,2026-07-15 22:34:16,approved,无风险,machine
AUD00001646,V00009913,2026-01-20 13:09:44,approved,无风险,mixed
AUD00001647,V00006229,2026-07-22 21:55:24,approved,无风险,mixed
AUD00001648,V00005088,2026-08-07 14:02:00,approved,无风险,mixed
AUD00001649,V00010022,2026-06-14 05:19:44,approved,无风险,mixed
AUD00001650,V00000159,2026-07-29 00:05:01,approved,无风险,machine
AUD00001651,V00013069,2026-05-02 15:28:19,approved,无风险,machine
AUD00001652,V00010870,2026-08-06 07:30:19,approved,无风险,machine
AUD00001653,V00000503,2026-02-17 23:09:47,approved,无风险,machine
AUD00001654,V00003616,2026-02-03 14:41:21,approved,无风险,machine
AUD00001655,V00000918,2026-08-17 17:03:03,approved,无风险,machine
AUD00001656,V00011424,2026-05-12 05:42:30,approved,无风险,machine
AUD00001657,V00005028,2026-01-14 14:19:00,approved,无风险,human
AUD00001658,V00005242,2026-08-26 19:45:09,approved,虚假信息,human
AUD00001659,V00009558,2026-06-14 22:15:42,approved,无风险,machine
AUD00001660,V00012820,2026-02-16 14:17:33,approved,虚假信息,machine
AUD00001661,V00012298,2026-04-15 20:49:46,approved,无风险,machine
AUD00001662,V00008551,2026-04-17 04:34:49,approved,无风险,machine
AUD00001663,V00004929,2026-04-03 13:59:57,approved,无风险,human
AUD00001664,V00003254,2026-07-08 20:48:22,approved,无风险,machine
AUD00001665,V00014887,2026-07-24 06:09:40,approved,无风险,mixed
AUD00001666,V00001929,2026-02-14 09:39:53,approved,无风险,machine
AUD00001667,V00007439,2026-08-04 13:41:17,approved,无风险,human
AUD00001668,V00004637,2026-07-01 19:54:08,approved,无风险,machine
AUD00001669,V00010806,2026-05-24 03:28:11,approved,无风险,human
AUD00001670,V00014114,2026-03-01 02:41:53,approved,无风险,machine
AUD00001671,V00000646,2026-02-17 14:22:39,approved,无风险,machine
AUD00001672,V00004480,2026-03-17 17:49:33,approved,无风险,mixed
AUD00001673,V00014575,2026-08-20 04:10:02,approved,无风险,machine
AUD00001674,V00001203,2026-08-13 16:14:21,approved,无风险,machine
AUD00001675,V00011842,2026-07-21 19:17:26,approved,无风险,machine
AUD00001676,V00005168,2026-03-17 17:12:07,rejected,无风险,machine
AUD00001677,V00004015,2026-08-27 14:45:11,approved,无风险,machine
AUD00001678,V00011439,2026-01-29 18:17:23,approved,无风险,machine
AUD00001679,V00010469,2026-06-09 15:21:50,approved,无风险,human
AUD00001680,V00005956,2026-07-29 03:26:23,approved,无风险,mixed
AUD00001681,V00011990,2026-05-15 21:22:40,approved,无风险,machine
AUD00001682,V00003968,2026-03-03 15:42:48,approved,侵权,mixed
AUD00001683,V00001872,2026-06-09 04:19:04,approved,无风险,mixed
AUD00001684,V00011338,2026-05-02 01:54:27,approved,无风险,machine
AUD00001685,V00014599,2026-04-18 15:35:37,approved,无风险,human
AUD00001686,V00001507,2026-08-13 11:45:27,approved,无风险,machine
AUD00001687,V00006223,2026-05-28 03:55:59,approved,无风险,machine
AUD00001688,V00004575,2026-05-12 14:31:08,approved,无风险,mixed
AUD00001689,V00006649,2026-08-11 17:06:57,approved,无风险,machine
AUD00001690,V00011413,2026-08-24 21:55:44,approved,虚假信息,mixed
AUD00001691,V00000092,2026-05-06 08:35:12,approved,无风险,machine
AUD00001692,V00009792,2026-06-09 02:07:50,approved,无风险,machine
AUD00001693,V00010731,2026-06-04 19:01:52,approved,无风险,machine
AUD00001694,V00009812,2026-06-19 02:56:34,approved,无风险,machine
AUD00001695,V00007597,2026-05-28 15:59:26,approved,无风险,machine
AUD00001696,V00005408,2026-07-27 21:48:55,approved,无风险,machine
AUD00001697,V00005877,2026-07-04 08:57:21,approved,无风险,machine
AUD00001698,V00004356,2026-03-17 11:47:56,approved,无风险,mixed
AUD00001699,V00011298,2026-05-16 04:17:42,approved,无风险,machine
AUD00001700,V00004906,2026-05-17 10:21:22,approved,无风险,mixed
AUD00001701,V00013689,2026-02-20 21:47:21,approved,无风险,machine
AUD00001702,V00010319,2026-03-25 23:02:53,approved,无风险,machine
AUD00001703,V00010010,2026-05-01 04:46:22,approved,无风险,mixed
AUD00001704,V00005626,2026-03-01 11:26:27,approved,无风险,machine
AUD00001705,V00014689,2026-03-02 13:14:39,approved,无风险,machine
AUD00001706,V00011630,2026-06-15 05:28:18,approved,无风险,machine
AUD00001707,V00012553,2026-03-05 15:06:06,approved,无风险,machine
AUD00001708,V00011418,2026-08-27 20:49:00,approved,无风险,human
AUD00001709,V00006982,2026-06-30 21:39:59,limited,无风险,machine
AUD00001710,V00009546,2026-06-14 04:09:17,approved,无风险,machine
AUD00001711,V00010479,2026-04-11 22:33:07,approved,无风险,machine
AUD00001712,V00001628,2026-05-16 12:29:51,approved,无风险,mixed
AUD00001713,V00010241,2026-03-25 03:24:30,approved,无风险,machine
AUD00001714,V00003292,2026-03-11 11:06:48,approved,无风险,machine
AUD00001715,V00007386,2026-06-23 09:08:24,approved,无风险,machine
AUD00001716,V00010662,2026-06-12 14:43:13,approved,无风险,human
AUD00001717,V00003268,2026-08-11 23:41:16,approved,无风险,mixed
AUD00001718,V00007823,2026-02-14 19:46:13,approved,无风险,machine
AUD00001719,V00006762,2026-05-06 00:36:09,approved,无风险,machine
AUD00001720,V00013710,2026-04-06 03:27:07,approved,无风险,machine
AUD00001721,V00006255,2026-04-14 07:53:59,approved,侵权,mixed
AUD00001722,V00004680,2026-01-22 20:25:57,approved,无风险,mixed
AUD00001723,V00004980,2026-08-21 15:26:23,approved,无风险,mixed
AUD00001724,V00004939,2026-05-31 06:08:29,approved,无风险,machine
AUD00001725,V00003759,2026-03-18 02:40:47,approved,无风险,machine
AUD00001726,V00001332,2026-01-09 03:16:19,approved,虚假信息,machine
AUD00001727,V00012648,2026-07-17 03:36:00,approved,无风险,machine
AUD00001728,V00000120,2026-04-03 11:15:29,approved,无风险,mixed
AUD00001729,V00009253,2026-04-10 12:15:08,approved,无风险,machine
AUD00001730,V00012009,2026-01-26 23:43:38,approved,无风险,machine
AUD00001731,V00007311,2026-04-26 13:09:10,approved,无风险,machine
AUD00001732,V00011802,2026-01-22 09:51:56,approved,无风险,mixed
AUD00001733,V00011224,2026-06-12 02:13:39,approved,无风险,machine
AUD00001734,V00011270,2026-03-03 11:14:11,approved,无风险,machine
AUD00001735,V00001810,2026-07-03 11:11:53,approved,无风险,machine
AUD00001736,V00003664,2026-06-26 10:07:53,approved,无风险,machine
AUD00001737,V00004173,2026-05-13 05:07:54,approved,无风险,machine
AUD00001738,V00011688,2026-08-10 11:41:42,approved,无风险,machine
AUD00001739,V00010516,2026-08-20 18:41:42,approved,无风险,machine
AUD00001740,V00000759,2026-06-22 14:55:49,approved,无风险,machine
AUD00001741,V00007012,2026-06-16 05:28:51,approved,无风险,mixed
AUD00001742,V00003588,2026-03-16 07:24:34,approved,无风险,machine
AUD00001743,V00004396,2026-06-20 21:44:49,approved,无风险,machine
AUD00001744,V00004384,2026-08-15 18:14:34,approved,无风险,machine
AUD00001745,V00000385,2026-07-07 05:40:08,approved,无风险,machine
AUD00001746,V00014505,2026-02-25 16:39:08,approved,无风险,machine
AUD00001747,V00003250,2026-06-20 20:37:26,approved,无风险,machine
AUD00001748,V00008136,2026-03-09 02:04:14,approved,无风险,machine
AUD00001749,V00010880,2026-08-22 04:46:23,approved,低俗,machine
AUD00001750,V00013229,2026-06-06 02:01:26,approved,无风险,machine
AUD00001751,V00001605,2026-03-13 06:07:25,approved,无风险,mixed
AUD00001752,V00014516,2026-03-17 21:52:57,approved,虚假信息,machine
AUD00001753,V00012616,2026-01-25 15:00:53,approved,无风险,machine
AUD00001754,V00000634,2026-03-05 03:11:14,approved,无风险,machine
AUD00001755,V00004368,2026-08-05 11:54:51,rejected,无风险,mixed
AUD00001756,V00003676,2026-07-19 05:11:20,approved,无风险,machine
AUD00001757,V00007455,2026-05-19 07:36:49,rejected,无风险,human
AUD00001758,V00014746,2026-03-06 05:07:42,approved,无风险,machine
AUD00001759,V00005422,2026-05-30 12:14:39,approved,无风险,machine
AUD00001760,V00001539,2026-07-17 14:47:04,approved,无风险,machine
AUD00001761,V00006103,2026-05-28 09:21:12,approved,无风险,mixed
AUD00001762,V00009645,2026-05-11 10:15:32,approved,无风险,machine
AUD00001763,V00013661,2026-05-17 20:34:19,approved,无风险,mixed
AUD00001764,V00001346,2026-03-28 10:38:04,approved,无风险,human
AUD00001765,V00004097,2026-06-19 20:45:38,approved,无风险,machine
AUD00001766,V00014071,2026-01-13 02:00:23,approved,无风险,human
AUD00001767,V00008575,2026-03-09 18:47:20,approved,无风险,human
AUD00001768,V00012013,2026-06-19 19:14:37,approved,无风险,mixed
AUD00001769,V00002880,2026-04-10 00:45:09,approved,无风险,machine
AUD00001770,V00011327,2026-04-08 02:26:37,approved,无风险,mixed
AUD00001771,V00004941,2026-05-26 03:53:31,approved,无风险,machine
AUD00001772,V00002940,2026-05-25 16:17:34,approved,无风险,mixed
AUD00001773,V00005086,2026-07-27 17:06:39,approved,无风险,machine
AUD00001774,V00009194,2026-04-13 00:35:26,approved,无风险,mixed
AUD00001775,V00004522,2026-02-19 22:10:43,approved,无风险,machine
AUD00001776,V00008598,2026-02-11 19:25:32,rejected,无风险,machine
AUD00001777,V00013153,2026-07-17 21:01:02,approved,无风险,machine
AUD00001778,V00004306,2026-02-10 20:11:53,approved,无风险,machine
AUD00001779,V00008958,2026-04-12 01:32:37,approved,无风险,machine
AUD00001780,V00011249,2026-08-18 06:24:17,approved,无风险,machine
AUD00001781,V00011814,2026-05-23 09:01:08,approved,无风险,machine
AUD00001782,V00002025,2026-04-30 22:14:58,approved,无风险,machine
AUD00001783,V00013450,2026-03-06 04:12:34,approved,无风险,machine
AUD00001784,V00010483,2026-08-11 17:04:24,approved,无风险,machine
AUD00001785,V00010845,2026-03-29 05:32:16,approved,无风险,mixed
AUD00001786,V00010804,2026-07-07 10:42:06,approved,无风险,machine
AUD00001787,V00004338,2026-08-01 22:59:16,approved,无风险,machine
AUD00001788,V00014266,2026-05-24 12:43:19,approved,无风险,machine
AUD00001789,V00005676,2026-08-06 20:04:36,approved,无风险,machine
AUD00001790,V00005495,2026-06-15 22:57:10,approved,无风险,machine
AUD00001791,V00001316,2026-01-14 05:02:45,approved,无风险,mixed
AUD00001792,V00006195,2026-01-18 23:28:30,approved,无风险,machine
AUD00001793,V00014490,2026-05-23 16:00:43,limited,无风险,machine
AUD00001794,V00004005,2026-07-13 15:41:05,approved,无风险,machine
AUD00001795,V00003883,2026-08-25 08:47:41,approved,无风险,machine
AUD00001796,V00007034,2026-08-23 07:20:49,approved,无风险,machine
AUD00001797,V00008617,2026-08-04 05:32:20,approved,无风险,machine
AUD00001798,V00009397,2026-05-20 14:49:54,approved,侵权,machine
AUD00001799,V00006345,2026-08-11 20:31:26,approved,无风险,machine
AUD00001800,V00010966,2026-07-29 00:10:00,approved,无风险,mixed
AUD00001801,V00002038,2026-02-02 00:23:29,rejected,无风险,mixed
AUD00001802,V00004125,2026-06-20 22:42:52,rejected,无风险,machine
AUD00001803,V00008734,2026-08-15 15:16:35,approved,无风险,machine
AUD00001804,V00009195,2026-06-10 06:03:51,rejected,无风险,machine
AUD00001805,V00001554,2026-05-08 13:09:26,approved,无风险,mixed
AUD00001806,V00014629,2026-04-09 05:44:42,approved,无风险,human
AUD00001807,V00014030,2026-08-23 20:34:34,approved,无风险,human
AUD00001808,V00007058,2026-08-05 06:30:37,approved,无风险,mixed
AUD00001809,V00001006,2026-08-21 00:35:14,approved,无风险,mixed
AUD00001810,V00008535,2026-04-25 12:21:02,approved,无风险,machine
AUD00001811,V00002807,2026-03-26 08:59:01,approved,无风险,mixed
AUD00001812,V00007609,2026-07-10 11:47:07,approved,无风险,machine
AUD00001813,V00008690,2026-08-27 01:34:35,approved,低俗,machine
AUD00001814,V00007591,2026-02-08 06:09:10,approved,虚假信息,mixed
AUD00001815,V00001117,2026-01-03 21:14:36,approved,无风险,mixed
AUD00001816,V00013387,2026-08-12 12:05:40,approved,无风险,machine
AUD00001817,V00008557,2026-03-30 11:15:03,rejected,无风险,machine
AUD00001818,V00007717,2026-07-26 07:26:15,limited,无风险,machine
AUD00001819,V00004903,2026-03-06 04:51:39,approved,虚假信息,machine
AUD00001820,V00003780,2026-06-21 01:23:45,approved,无风险,machine
AUD00001821,V00009149,2026-08-20 23:11:14,approved,无风险,machine
AUD00001822,V00008654,2026-01-26 11:20:12,approved,无风险,mixed
AUD00001823,V00009577,2026-07-09 02:35:42,approved,无风险,machine
AUD00001824,V00014084,2026-08-15 12:29:48,approved,无风险,mixed
AUD00001825,V00006754,2026-04-11 05:45:58,approved,无风险,machine
AUD00001826,V00004011,2026-01-19 06:51:53,approved,无风险,machine
AUD00001827,V00012927,2026-05-16 08:34:34,approved,无风险,machine
AUD00001828,V00013273,2026-03-12 06:52:16,approved,无风险,machine
AUD00001829,V00006777,2026-07-23 22:00:44,approved,无风险,machine
AUD00001830,V00002498,2026-07-27 09:37:17,limited,无风险,machine
AUD00001831,V00009717,2026-01-09 14:55:48,approved,无风险,machine
AUD00001832,V00004209,2026-06-21 05:58:19,approved,无风险,mixed
AUD00001833,V00009104,2026-02-08 17:32:28,approved,无风险,machine
AUD00001834,V00011354,2026-01-15 14:04:07,approved,无风险,mixed
AUD00001835,V00009478,2026-08-05 20:02:34,approved,无风险,human
AUD00001836,V00008846,2026-05-23 10:31:46,approved,无风险,machine
AUD00001837,V00003620,2026-03-20 00:05:38,approved,无风险,machine
AUD00001838,V00007353,2026-07-28 11:41:31,approved,无风险,machine
AUD00001839,V00008166,2026-06-20 08:28:30,approved,无风险,machine
AUD00001840,V00008262,2026-07-19 11:38:12,approved,无风险,machine
AUD00001841,V00006683,2026-08-05 00:16:17,approved,无风险,machine
AUD00001842,V00006213,2026-01-29 08:27:57,approved,无风险,mixed
AUD00001843,V00005617,2026-08-26 21:50:34,approved,无风险,mixed
AUD00001844,V00009456,2026-04-29 08:31:05,approved,无风险,machine
AUD00001845,V00010625,2026-07-19 20:47:31,approved,无风险,machine
AUD00001846,V00003692,2026-06-29 23:30:10,rejected,无风险,machine
AUD00001847,V00003238,2026-07-15 22:43:27,approved,无风险,machine
AUD00001848,V00002782,2026-05-11 18:13:53,approved,无风险,mixed
AUD00001849,V00014600,2026-07-13 01:01:52,approved,无风险,machine
AUD00001850,V00013958,2026-05-13 20:38:44,approved,无风险,machine
AUD00001851,V00011908,2026-06-30 15:11:46,approved,无风险,mixed
AUD00001852,V00000313,2026-01-11 22:59:55,approved,无风险,mixed
AUD00001853,V00012545,2026-07-09 04:00:52,approved,无风险,mixed
AUD00001854,V00007626,2026-08-26 04:08:33,approved,无风险,machine
AUD00001855,V00000781,2026-06-21 16:43:12,approved,无风险,machine
AUD00001856,V00012432,2026-04-08 17:42:50,approved,低俗,mixed
AUD00001857,V00008352,2026-07-19 03:48:56,approved,无风险,machine
AUD00001858,V00009988,2026-02-08 22:36:48,approved,无风险,machine
AUD00001859,V00003830,2026-08-22 18:06:00,approved,无风险,mixed
AUD00001860,V00006954,2026-03-21 02:38:04,approved,无风险,machine
AUD00001861,V00006312,2026-05-30 14:12:31,approved,无风险,machine
AUD00001862,V00009677,2026-03-09 09:11:20,approved,无风险,machine
AUD00001863,V00007911,2026-05-18 05:02:18,approved,低俗,machine
AUD00001864,V00000817,2026-07-31 13:49:22,approved,无风险,mixed
AUD00001865,V00008000,2026-02-10 02:15:42,approved,无风险,mixed
AUD00001866,V00007991,2026-08-13 07:40:19,rejected,无风险,machine
AUD00001867,V00000521,2026-01-27 07:01:28,approved,无风险,machine
AUD00001868,V00006230,2026-07-01 06:37:22,approved,无风险,mixed
AUD00001869,V00008450,2026-06-03 07:15:13,approved,无风险,machine
AUD00001870,V00002598,2026-06-23 14:52:23,approved,无风险,machine
AUD00001871,V00007425,2026-04-30 19:18:08,approved,无风险,machine
AUD00001872,V00002094,2026-08-05 18:45:36,approved,无风险,machine
AUD00001873,V00003540,2026-03-02 04:55:12,approved,无风险,mixed
AUD00001874,V00011760,2026-01-23 18:56:41,approved,无风险,mixed
AUD00001875,V00006872,2026-05-20 04:23:49,approved,无风险,machine
AUD00001876,V00004577,2026-08-01 03:10:32,approved,无风险,machine
AUD00001877,V00000849,2026-08-28 17:36:17,approved,无风险,machine
AUD00001878,V00013464,2026-05-08 20:12:31,approved,无风险,machine
AUD00001879,V00004567,2026-07-16 16:54:30,approved,无风险,machine
AUD00001880,V00011904,2026-02-15 01:24:32,approved,无风险,machine
AUD00001881,V00007599,2026-02-26 11:50:07,approved,无风险,machine
AUD00001882,V00013067,2026-03-11 13:03:52,approved,无风险,machine
AUD00001883,V00013420,2026-03-16 18:27:26,approved,无风险,mixed
AUD00001884,V00003751,2026-03-14 22:26:53,approved,无风险,machine
AUD00001885,V00007082,2026-07-12 20:27:45,approved,无风险,mixed
AUD00001886,V00003875,2026-08-19 04:15:47,approved,无风险,mixed
AUD00001887,V00003076,2026-08-19 18:14:39,approved,无风险,mixed
AUD00001888,V00009480,2026-06-11 20:39:19,approved,无风险,machine
AUD00001889,V00005307,2026-06-10 10:09:34,approved,无风险,machine
AUD00001890,V00000900,2026-03-25 02:58:09,approved,无风险,machine
AUD00001891,V00014232,2026-01-29 00:53:37,approved,无风险,machine
AUD00001892,V00009135,2026-08-28 02:55:10,approved,无风险,machine
AUD00001893,V00008570,2026-02-16 02:06:44,approved,无风险,machine
AUD00001894,V00009239,2026-08-06 19:40:06,approved,无风险,machine
AUD00001895,V00011239,2026-06-23 22:05:52,approved,无风险,machine
AUD00001896,V00009780,2026-04-20 15:03:27,approved,无风险,machine
AUD00001897,V00002155,2026-06-16 02:19:16,approved,虚假信息,mixed
AUD00001898,V00011758,2026-02-27 09:22:12,approved,无风险,machine
AUD00001899,V00010317,2026-03-11 21:40:42,approved,无风险,machine
AUD00001900,V00011948,2026-01-06 00:48:47,approved,无风险,machine
AUD00001901,V00011623,2026-01-19 14:10:52,approved,无风险,human
AUD00001902,V00000124,2026-03-24 11:08:46,approved,无风险,machine
AUD00001903,V00013739,2026-03-17 16:42:27,approved,无风险,mixed
AUD00001904,V00014990,2026-05-10 07:18:08,approved,侵权,machine
AUD00001905,V00010711,2026-07-02 06:25:21,approved,无风险,machine
AUD00001906,V00009229,2026-02-06 10:18:40,approved,无风险,machine
AUD00001907,V00009820,2026-07-21 06:48:17,approved,无风险,machine
AUD00001908,V00008890,2026-05-27 06:16:19,approved,无风险,machine
AUD00001909,V00009211,2026-06-14 18:58:03,limited,无风险,machine
AUD00001910,V00000696,2026-01-21 18:54:36,approved,无风险,machine
AUD00001911,V00005900,2026-06-10 06:56:39,approved,无风险,machine
AUD00001912,V00012477,2026-08-03 13:56:36,approved,无风险,human
AUD00001913,V00000783,2026-08-03 20:48:09,approved,无风险,machine
AUD00001914,V00000021,2026-07-19 01:04:34,approved,无风险,machine
AUD00001915,V00005075,2026-02-27 23:27:49,approved,无风险,mixed
AUD00001916,V00001791,2026-05-03 18:23:21,approved,无风险,machine
AUD00001917,V00014454,2026-05-23 09:25:54,approved,无风险,machine
AUD00001918,V00002225,2026-04-21 12:12:44,approved,无风险,machine
AUD00001919,V00005556,2026-03-29 18:28:10,approved,侵权,human
AUD00001920,V00004813,2026-08-04 01:47:49,approved,无风险,machine
AUD00001921,V00010546,2026-08-25 05:06:14,approved,无风险,machine
AUD00001922,V00000388,2026-07-25 03:31:40,limited,无风险,machine
AUD00001923,V00009941,2026-08-24 17:36:02,approved,无风险,human
AUD00001924,V00014966,2026-02-12 08:34:23,approved,无风险,machine
AUD00001925,V00011640,2026-07-31 22:16:02,approved,无风险,machine
AUD00001926,V00006924,2026-06-05 03:33:07,approved,无风险,machine
AUD00001927,V00008222,2026-05-05 20:48:09,approved,无风险,machine
AUD00001928,V00006069,2026-07-22 06:32:32,approved,无风险,mixed
AUD00001929,V00004363,2026-03-27 09:47:10,approved,无风险,machine
AUD00001930,V00001324,2026-05-19 22:26:00,approved,无风险,machine
AUD00001931,V00006707,2026-04-16 00:49:52,approved,低俗,machine
AUD00001932,V00007761,2026-08-07 12:08:03,approved,无风险,human
AUD00001933,V00012364,2026-04-20 17:39:56,approved,低俗,machine
AUD00001934,V00001319,2026-08-24 14:18:07,approved,无风险,machine
AUD00001935,V00004145,2026-01-02 17:04:24,approved,无风险,machine
AUD00001936,V00014824,2026-06-05 05:23:01,approved,无风险,human
AUD00001937,V00011668,2026-04-18 01:26:47,approved,无风险,machine
AUD00001938,V00003622,2026-03-10 00:47:04,approved,无风险,machine
AUD00001939,V00012846,2026-02-01 04:52:01,approved,无风险,machine
AUD00001940,V00012735,2026-06-14 20:05:34,approved,无风险,mixed
AUD00001941,V00004922,2026-02-08 18:05:54,approved,无风险,machine
AUD00001942,V00011906,2026-02-03 19:36:22,approved,无风险,machine
AUD00001943,V00002891,2026-03-03 02:43:48,approved,无风险,mixed
AUD00001944,V00013552,2026-08-13 11:00:43,approved,无风险,machine
AUD00001945,V00000278,2026-06-20 16:05:50,approved,无风险,machine
AUD00001946,V00014213,2026-05-13 23:00:11,approved,无风险,mixed
AUD00001947,V00003554,2026-02-19 20:33:11,approved,无风险,machine
AUD00001948,V00004341,2026-02-12 00:02:03,approved,无风险,machine
AUD00001949,V00014429,2026-06-03 06:21:45,rejected,无风险,machine
AUD00001950,V00010944,2026-02-17 09:13:34,approved,无风险,machine
AUD00001951,V00009412,2026-07-12 14:21:57,approved,无风险,machine
AUD00001952,V00013867,2026-06-20 13:58:38,approved,无风险,machine
AUD00001953,V00001044,2026-08-15 08:22:31,approved,无风险,mixed
AUD00001954,V00006526,2026-08-19 11:26:34,approved,无风险,human
AUD00001955,V00003059,2026-08-24 07:35:52,approved,无风险,machine
AUD00001956,V00000217,2026-04-20 00:37:57,approved,无风险,mixed
AUD00001957,V00001226,2026-05-17 10:38:03,limited,无风险,machine
AUD00001958,V00011049,2026-08-07 15:42:12,approved,无风险,mixed
AUD00001959,V00009285,2026-04-05 07:25:17,approved,无风险,machine
AUD00001960,V00013165,2026-04-17 22:50:04,approved,无风险,mixed
AUD00001961,V00000809,2026-05-14 14:36:03,approved,低俗,machine
AUD00001962,V00008748,2026-03-31 06:19:15,approved,无风险,machine
AUD00001963,V00004708,2026-06-21 08:09:51,approved,无风险,machine
AUD00001964,V00000220,2026-01-31 05:30:24,approved,无风险,machine
AUD00001965,V00004771,2026-08-18 01:56:04,approved,无风险,machine
AUD00001966,V00014680,2026-07-22 03:40:43,approved,无风险,machine
AUD00001967,V00014135,2026-08-24 21:44:06,approved,无风险,mixed
AUD00001968,V00001826,2026-06-29 21:47:24,approved,无风险,machine
AUD00001969,V00001890,2026-07-07 22:52:16,approved,无风险,machine
AUD00001970,V00003308,2026-05-01 15:55:33,approved,无风险,mixed
AUD00001971,V00009620,2026-07-29 05:20:50,approved,无风险,mixed
AUD00001972,V00012726,2026-04-26 21:27:00,approved,无风险,machine
AUD00001973,V00000819,2026-04-23 11:53:22,approved,无风险,machine
AUD00001974,V00007509,2026-06-08 07:38:47,approved,无风险,human
AUD00001975,V00014055,2026-04-06 19:43:32,approved,无风险,machine
AUD00001976,V00010376,2026-07-15 03:15:46,approved,无风险,mixed
AUD00001977,V00013097,2026-02-13 13:44:49,approved,无风险,mixed
AUD00001978,V00003144,2026-03-04 09:45:32,approved,无风险,machine
AUD00001979,V00009960,2026-06-21 22:45:09,approved,无风险,mixed
AUD00001980,V00011350,2026-08-12 03:38:37,limited,无风险,machine
AUD00001981,V00014853,2026-05-09 02:48:02,approved,无风险,machine
AUD00001982,V00004765,2026-05-28 08:57:46,approved,无风险,machine
AUD00001983,V00000325,2026-06-27 18:01:39,approved,无风险,mixed
AUD00001984,V00010820,2026-05-17 07:28:30,approved,无风险,human
AUD00001985,V00003267,2026-07-06 13:12:49,approved,无风险,machine
AUD00001986,V00000430,2026-03-17 18:37:01,approved,无风险,machine
AUD00001987,V00008205,2026-06-16 15:37:46,approved,无风险,machine
AUD00001988,V00009680,2026-03-05 17:30:54,approved,无风险,human
AUD00001989,V00002601,2026-08-26 02:14:35,approved,无风险,human
AUD00001990,V00001116,2026-06-22 14:29:35,approved,无风险,machine
AUD00001991,V00006464,2026-07-21 08:40:43,approved,无风险,machine
AUD00001992,V00013438,2026-05-14 05:14:08,approved,无风险,machine
AUD00001993,V00007783,2026-07-06 13:01:29,approved,无风险,machine
AUD00001994,V00013648,2026-07-31 02:00:03,approved,无风险,machine
AUD00001995,V00002316,2026-05-18 21:24:00,approved,无风险,machine
AUD00001996,V00004373,2026-08-10 17:14:30,approved,无风险,machine
AUD00001997,V00010373,2026-06-23 19:57:01,approved,无风险,machine
AUD00001998,V00004149,2026-05-18 22:23:38,limited,无风险,machine
AUD00001999,V00001984,2026-03-02 23:49:13,approved,无风险,machine
AUD00002000,V00007285,2026-08-01 10:09:28,approved,无风险,machine
AUD00002001,V00014970,2026-08-25 15:49:40,approved,无风险,mixed
AUD00002002,V00006922,2026-08-27 17:12:06,approved,无风险,machine
AUD00002003,V00012157,2026-04-24 14:04:57,approved,无风险,human
AUD00002004,V00012904,2026-01-31 07:19:43,limited,无风险,mixed
AUD00002005,V00006155,2026-04-20 14:38:55,approved,无风险,machine
AUD00002006,V00011554,2026-07-07 06:13:28,limited,无风险,mixed
AUD00002007,V00014794,2026-06-01 06:53:25,limited,无风险,mixed
AUD00002008,V00009295,2026-04-26 01:16:07,rejected,无风险,mixed
AUD00002009,V00013471,2026-07-23 04:33:54,approved,无风险,machine
AUD00002010,V00007790,2026-04-17 06:46:58,approved,低俗,mixed
AUD00002011,V00006698,2026-08-23 11:01:31,limited,无风险,machine
AUD00002012,V00003046,2026-06-23 03:48:56,approved,无风险,machine
AUD00002013,V00009964,2026-04-03 04:52:21,approved,无风险,human
AUD00002014,V00001660,2026-01-10 15:59:22,approved,无风险,mixed
AUD00002015,V00011194,2026-03-06 01:07:22,approved,无风险,machine
AUD00002016,V00004656,2026-04-30 15:21:37,approved,无风险,mixed
AUD00002017,V00006944,2026-08-05 20:21:11,approved,侵权,machine
AUD00002018,V00001298,2026-07-06 18:38:46,approved,无风险,mixed
AUD00002019,V00013215,2026-08-01 23:53:46,approved,无风险,machine
AUD00002020,V00000235,2026-08-08 16:15:30,rejected,无风险,machine
AUD00002021,V00007716,2026-04-21 02:31:36,approved,无风险,machine
AUD00002022,V00002545,2026-06-16 07:59:53,rejected,无风险,machine
AUD00002023,V00003461,2026-04-30 20:04:04,approved,无风险,machine
AUD00002024,V00000327,2026-01-16 09:40:13,approved,无风险,machine
AUD00002025,V00002125,2026-06-04 03:36:55,approved,虚假信息,mixed
AUD00002026,V00014406,2026-02-15 13:15:14,approved,无风险,machine
AUD00002027,V00012388,2026-07-27 22:24:09,approved,无风险,human
AUD00002028,V00003856,2026-08-18 14:04:49,approved,无风险,machine
AUD00002029,V00005225,2026-03-26 22:21:43,approved,无风险,machine
AUD00002030,V00012095,2026-07-19 07:58:07,approved,无风险,machine
AUD00002031,V00014592,2026-01-09 09:17:37,approved,无风险,mixed
AUD00002032,V00003998,2026-06-29 19:25:54,approved,无风险,machine
AUD00002033,V00004347,2026-07-26 22:17:57,approved,无风险,human
AUD00002034,V00013124,2026-01-16 11:12:38,approved,无风险,mixed
AUD00002035,V00002951,2026-08-25 14:50:02,approved,无风险,machine
AUD00002036,V00004789,2026-08-08 07:30:29,approved,无风险,machine
AUD00002037,V00013380,2026-08-10 06:02:51,approved,无风险,mixed
AUD00002038,V00012049,2026-08-28 00:30:52,rejected,无风险,mixed
AUD00002039,V00006009,2026-03-16 05:42:42,approved,低俗,mixed
AUD00002040,V00011573,2026-06-25 05:19:48,approved,无风险,machine
AUD00002041,V00005527,2026-05-29 19:54:06,approved,无风险,human
AUD00002042,V00001750,2026-04-06 10:42:55,approved,无风险,machine
AUD00002043,V00008918,2026-08-29 00:39:45,approved,无风险,machine
AUD00002044,V00010401,2026-08-21 04:23:26,approved,无风险,machine
AUD00002045,V00000812,2026-01-10 00:35:55,approved,无风险,machine
AUD00002046,V00010882,2026-08-19 15:46:00,approved,无风险,machine
AUD00002047,V00011880,2026-05-17 11:31:30,approved,无风险,machine
AUD00002048,V00005340,2026-06-11 14:55:16,approved,无风险,machine
AUD00002049,V00014827,2026-04-13 21:31:57,approved,无风险,machine
AUD00002050,V00011010,2026-08-03 00:12:21,rejected,无风险,machine
AUD00002051,V00009678,2026-04-14 23:32:27,approved,无风险,machine
AUD00002052,V00003350,2026-06-23 19:21:15,approved,无风险,machine
AUD00002053,V00012712,2026-04-19 15:21:39,approved,无风险,machine
AUD00002054,V00010974,2026-08-28 01:33:45,approved,无风险,machine
AUD00002055,V00008133,2026-06-21 08:06:17,approved,无风险,mixed
AUD00002056,V00013084,2026-08-25 19:49:12,approved,无风险,machine
AUD00002057,V00001613,2026-08-04 21:14:44,approved,无风险,machine
AUD00002058,V00000331,2026-01-08 14:09:37,approved,无风险,machine
AUD00002059,V00010604,2026-06-02 14:44:38,approved,无风险,machine
AUD00002060,V00011068,2026-06-24 08:42:51,approved,无风险,machine
AUD00002061,V00014311,2026-05-08 14:46:16,approved,无风险,machine
AUD00002062,V00005601,2026-06-05 09:48:51,approved,无风险,machine
AUD00002063,V00006026,2026-02-15 22:40:04,approved,无风险,machine
AUD00002064,V00002974,2026-01-10 09:57:40,rejected,无风险,machine
AUD00002065,V00009809,2026-02-28 06:44:50,approved,无风险,machine
AUD00002066,V00013625,2026-08-24 08:36:27,approved,无风险,mixed
AUD00002067,V00004687,2026-08-23 08:30:57,limited,低俗,machine
AUD00002068,V00005135,2026-01-31 00:27:02,approved,无风险,machine
AUD00002069,V00001536,2026-02-10 05:54:42,approved,无风险,machine
AUD00002070,V00003763,2026-08-20 07:53:29,approved,无风险,machine
AUD00002071,V00007919,2026-02-07 05:23:45,approved,无风险,machine
AUD00002072,V00012635,2026-08-16 00:24:14,limited,无风险,mixed
AUD00002073,V00001771,2026-07-24 05:12:23,approved,无风险,mixed
AUD00002074,V00010873,2026-04-25 18:01:40,approved,无风险,machine
AUD00002075,V00006203,2026-08-04 12:05:54,approved,无风险,machine
AUD00002076,V00006979,2026-04-05 06:42:31,approved,低俗,machine
AUD00002077,V00000549,2026-07-21 18:34:11,approved,无风险,machine
AUD00002078,V00008242,2026-02-14 15:14:22,approved,无风险,machine
AUD00002079,V00012261,2026-05-14 15:25:50,approved,无风险,mixed
AUD00002080,V00004226,2026-05-20 10:08:11,approved,无风险,machine
AUD00002081,V00000491,2026-06-15 20:59:40,approved,无风险,mixed
AUD00002082,V00008282,2026-04-07 12:45:31,approved,无风险,mixed
AUD00002083,V00000067,2026-05-11 12:34:21,approved,无风险,mixed
AUD00002084,V00003404,2026-01-24 14:16:25,approved,无风险,mixed
AUD00002085,V00008782,2026-05-26 12:58:11,approved,无风险,machine
AUD00002086,V00002385,2026-03-10 21:25:58,approved,无风险,machine
AUD00002087,V00003873,2026-07-28 12:03:19,approved,无风险,mixed
AUD00002088,V00013101,2026-01-26 00:40:31,approved,无风险,human
AUD00002089,V00007174,2026-06-26 20:23:39,approved,无风险,human
AUD00002090,V00004078,2026-05-23 18:32:26,approved,无风险,machine
AUD00002091,V00012472,2026-06-23 23:26:29,approved,无风险,machine
AUD00002092,V00002564,2026-07-31 18:51:03,approved,无风险,mixed
AUD00002093,V00004181,2026-08-24 18:23:21,approved,无风险,human
AUD00002094,V00006697,2026-08-21 19:53:22,approved,无风险,machine
AUD00002095,V00008532,2026-05-09 03:45:51,approved,无风险,machine
AUD00002096,V00003408,2026-01-24 00:54:23,approved,无风险,machine
AUD00002097,V00008637,2026-07-31 07:28:37,approved,无风险,mixed
AUD00002098,V00011056,2026-08-04 00:48:32,approved,无风险,machine
AUD00002099,V00012909,2026-08-17 02:19:57,approved,无风险,machine
AUD00002100,V00005316,2026-08-13 02:27:57,approved,无风险,machine
AUD00002101,V00006706,2026-08-20 18:45:18,approved,无风险,machine
AUD00002102,V00007818,2026-08-05 17:27:41,approved,无风险,mixed
AUD00002103,V00006772,2026-08-26 02:12:02,approved,侵权,machine
AUD00002104,V00010530,2026-08-13 01:53:46,approved,无风险,machine
AUD00002105,V00005299,2026-06-13 00:30:23,approved,无风险,machine
AUD00002106,V00010705,2026-05-25 08:07:08,approved,无风险,mixed
AUD00002107,V00004691,2026-08-18 06:15:28,approved,无风险,machine
AUD00002108,V00008504,2026-07-28 04:39:41,approved,无风险,machine
AUD00002109,V00001030,2026-03-17 14:45:41,approved,虚假信息,human
AUD00002110,V00014860,2026-08-14 09:22:48,approved,无风险,machine
AUD00002111,V00002569,2026-05-22 02:00:14,approved,无风险,mixed
AUD00002112,V00000349,2026-02-16 21:48:25,approved,无风险,machine
AUD00002113,V00005123,2026-06-21 02:40:59,approved,无风险,machine
AUD00002114,V00006095,2026-02-18 13:55:03,approved,无风险,machine
AUD00002115,V00013018,2026-06-28 00:00:11,approved,无风险,mixed
AUD00002116,V00001152,2026-05-09 18:17:31,approved,无风险,machine
AUD00002117,V00011314,2026-08-22 21:19:17,approved,无风险,machine
AUD00002118,V00000974,2026-08-14 00:57:14,approved,无风险,machine
AUD00002119,V00012171,2026-06-20 22:08:59,approved,无风险,machine
AUD00002120,V00000037,2026-07-11 22:17:22,approved,无风险,machine
AUD00002121,V00000660,2026-07-20 19:17:31,approved,无风险,machine
AUD00002122,V00004570,2026-06-12 00:22:35,approved,无风险,mixed
AUD00002123,V00003060,2026-02-20 09:17:48,approved,无风险,machine
AUD00002124,V00009272,2026-07-11 15:46:11,approved,无风险,machine
AUD00002125,V00006427,2026-05-24 18:00:22,approved,无风险,machine
AUD00002126,V00009004,2026-07-28 20:20:56,approved,无风险,mixed
AUD00002127,V00005889,2026-05-10 23:39:44,approved,无风险,mixed
AUD00002128,V00009057,2026-07-25 16:25:34,approved,无风险,machine
AUD00002129,V00006962,2026-03-14 01:07:22,approved,无风险,machine
AUD00002130,V00005117,2026-06-22 10:35:29,approved,无风险,machine
AUD00002131,V00011648,2026-07-16 16:31:22,approved,无风险,machine
AUD00002132,V00009186,2026-04-14 05:04:46,approved,无风险,machine
AUD00002133,V00013752,2026-03-08 09:40:39,approved,无风险,human
AUD00002134,V00011590,2026-01-25 22:02:36,approved,无风险,machine
AUD00002135,V00000157,2026-07-24 07:08:42,approved,无风险,machine
AUD00002136,V00000168,2026-01-14 18:29:31,approved,无风险,machine
AUD00002137,V00004228,2026-07-30 07:25:48,approved,无风险,mixed
AUD00002138,V00013242,2026-07-22 01:13:51,approved,无风险,machine
AUD00002139,V00013782,2026-04-10 20:34:47,approved,无风险,machine
AUD00002140,V00011462,2026-08-09 12:58:36,approved,无风险,mixed
AUD00002141,V00002662,2026-01-31 20:20:53,approved,无风险,machine
AUD00002142,V00002269,2026-02-23 05:38:13,approved,无风险,machine
AUD00002143,V00014174,2026-04-28 02:13:32,approved,无风险,machine
AUD00002144,V00009783,2026-05-05 07:56:31,approved,无风险,machine
AUD00002145,V00008886,2026-02-04 20:50:08,approved,无风险,machine
AUD00002146,V00013082,2026-01-24 12:31:39,approved,侵权,mixed
AUD00002147,V00002068,2026-08-19 21:10:38,approved,无风险,mixed
AUD00002148,V00001835,2026-08-27 02:40:53,approved,无风险,machine
AUD00002149,V00014699,2026-07-24 16:33:10,approved,无风险,machine
AUD00002150,V00007693,2026-07-07 19:29:16,approved,无风险,machine
AUD00002151,V00013770,2026-05-03 07:07:39,limited,无风险,machine
AUD00002152,V00002913,2026-05-02 23:44:49,approved,无风险,machine
AUD00002153,V00012584,2026-04-24 13:13:37,approved,无风险,mixed
AUD00002154,V00004408,2026-07-03 06:17:38,approved,无风险,mixed
AUD00002155,V00002044,2026-05-06 05:39:59,approved,无风险,mixed
AUD00002156,V00011131,2026-04-06 08:41:11,approved,无风险,mixed
AUD00002157,V00014533,2026-01-16 07:54:03,approved,无风险,human
AUD00002158,V00013254,2026-02-26 18:06:39,approved,无风险,machine
AUD00002159,V00007993,2026-08-01 06:57:47,approved,无风险,mixed
AUD00002160,V00002707,2026-08-08 04:42:33,rejected,无风险,machine
AUD00002161,V00013749,2026-07-04 11:08:34,limited,无风险,mixed
AUD00002162,V00001282,2026-01-06 03:32:40,approved,无风险,machine
AUD00002163,V00014115,2026-07-27 12:30:39,approved,无风险,mixed
AUD00002164,V00002889,2026-03-30 05:03:02,approved,无风险,mixed
AUD00002165,V00007767,2026-07-07 10:30:27,approved,无风险,machine
AUD00002166,V00006302,2026-03-11 20:35:44,approved,无风险,mixed
AUD00002167,V00001541,2026-01-24 08:13:55,approved,无风险,mixed
AUD00002168,V00001171,2026-07-22 18:14:14,approved,无风险,human
AUD00002169,V00008239,2026-08-17 01:25:06,approved,无风险,human
AUD00002170,V00007153,2026-08-16 02:37:42,limited,无风险,machine
AUD00002171,V00003567,2026-08-19 14:50:04,approved,无风险,machine
AUD00002172,V00005981,2026-07-19 05:23:19,approved,无风险,machine
AUD00002173,V00008248,2026-05-06 14:00:13,approved,无风险,machine
AUD00002174,V00001787,2026-08-08 01:45:48,approved,无风险,machine
AUD00002175,V00007962,2026-06-18 02:36:01,approved,无风险,machine
AUD00002176,V00009862,2026-02-06 01:44:17,limited,无风险,machine
AUD00002177,V00004504,2026-06-16 22:42:16,approved,无风险,machine
AUD00002178,V00001396,2026-03-29 09:00:14,approved,无风险,machine
AUD00002179,V00008272,2026-07-26 16:28:59,approved,侵权,mixed
AUD00002180,V00009125,2026-04-03 11:41:13,approved,无风险,machine
AUD00002181,V00001357,2026-02-28 12:45:27,approved,无风险,human
AUD00002182,V00004549,2026-05-01 08:10:56,approved,无风险,machine
AUD00002183,V00010509,2026-06-21 06:11:28,approved,无风险,machine
AUD00002184,V00014260,2026-04-24 03:24:37,approved,无风险,mixed
AUD00002185,V00001726,2026-04-16 23:41:37,approved,无风险,mixed
AUD00002186,V00012378,2026-04-09 21:55:36,approved,无风险,machine
AUD00002187,V00002858,2026-04-24 01:14:59,approved,无风险,human
AUD00002188,V00007738,2026-07-18 22:44:16,approved,无风险,human
AUD00002189,V00009099,2026-04-09 00:15:18,approved,无风险,mixed
AUD00002190,V00007191,2026-05-20 07:26:13,rejected,无风险,mixed
AUD00002191,V00014298,2026-06-14 00:26:01,approved,无风险,machine
AUD00002192,V00003564,2026-07-12 15:17:29,approved,无风险,machine
AUD00002193,V00001403,2026-08-05 04:11:06,approved,无风险,machine
AUD00002194,V00008875,2026-04-01 17:26:48,approved,无风险,machine
AUD00002195,V00006145,2026-05-11 15:36:04,approved,无风险,machine
AUD00002196,V00009231,2026-05-29 11:25:21,approved,无风险,machine
AUD00002197,V00005933,2026-02-26 07:31:14,approved,无风险,machine
AUD00002198,V00010472,2026-01-17 18:38:19,approved,无风险,mixed
AUD00002199,V00000329,2026-06-26 04:50:42,approved,无风险,machine
AUD00002200,V00007030,2026-08-01 17:05:39,approved,无风险,mixed
AUD00002201,V00005128,2026-02-14 08:56:28,approved,无风险,mixed
AUD00002202,V00001128,2026-05-16 00:47:45,approved,无风险,machine
AUD00002203,V00003207,2026-01-22 04:41:32,approved,无风险,machine
AUD00002204,V00004510,2026-02-18 09:43:32,approved,无风险,machine
AUD00002205,V00013460,2026-03-26 03:29:24,approved,无风险,machine
AUD00002206,V00007362,2026-07-28 20:19:04,approved,无风险,machine
AUD00002207,V00004975,2026-08-22 22:01:19,approved,无风险,machine
AUD00002208,V00005611,2026-01-24 05:47:28,approved,无风险,machine
AUD00002209,V00000853,2026-06-15 08:00:29,approved,无风险,machine
AUD00002210,V00008682,2026-05-18 22:40:14,approved,无风险,human
AUD00002211,V00004191,2026-08-29 00:43:20,approved,无风险,mixed
AUD00002212,V00013029,2026-02-20 16:34:06,approved,无风险,machine
AUD00002213,V00000206,2026-08-02 21:48:30,approved,无风险,machine
AUD00002214,V00006098,2026-02-12 10:19:04,approved,无风险,machine
AUD00002215,V00007620,2026-03-30 08:47:34,approved,无风险,mixed
AUD00002216,V00004264,2026-05-08 11:32:53,approved,无风险,machine
AUD00002217,V00001972,2026-07-16 04:44:51,approved,无风险,mixed
AUD00002218,V00010235,2026-08-21 06:15:57,approved,无风险,human
AUD00002219,V00004130,2026-07-01 11:37:45,approved,无风险,machine
AUD00002220,V00011391,2026-02-28 07:27:05,approved,无风险,machine
AUD00002221,V00007810,2026-07-14 13:53:25,approved,无风险,machine
AUD00002222,V00007630,2026-03-22 07:42:55,approved,无风险,mixed
AUD00002223,V00002060,2026-05-21 21:20:08,approved,无风险,machine
AUD00002224,V00007930,2026-01-05 07:13:30,approved,低俗,mixed
AUD00002225,V00000800,2026-03-20 16:34:17,approved,无风险,machine
AUD00002226,V00014493,2026-06-26 01:06:03,approved,无风险,machine
AUD00002227,V00008878,2026-06-30 12:44:12,approved,无风险,machine
AUD00002228,V00008590,2026-08-27 17:50:51,approved,无风险,human
AUD00002229,V00001333,2026-01-18 08:46:23,approved,无风险,machine
AUD00002230,V00001157,2026-07-30 12:11:33,approved,无风险,machine
AUD00002231,V00009906,2026-07-16 19:00:01,approved,无风险,machine
AUD00002232,V00013899,2026-08-01 13:32:01,approved,无风险,mixed
AUD00002233,V00002980,2026-02-15 03:22:55,approved,无风险,machine
AUD00002234,V00010396,2026-02-12 11:55:49,approved,无风险,human
AUD00002235,V00011138,2026-04-26 21:42:22,approved,无风险,machine
AUD00002236,V00001977,2026-05-02 14:33:28,approved,无风险,machine
AUD00002237,V00006506,2026-06-19 01:46:29,rejected,无风险,mixed
AUD00002238,V00005081,2026-04-29 10:13:11,approved,无风险,mixed
AUD00002239,V00012862,2026-06-20 08:28:05,approved,虚假信息,mixed
AUD00002240,V00004132,2026-05-04 11:48:39,approved,无风险,machine
AUD00002241,V00013962,2026-03-15 11:48:53,approved,无风险,machine
AUD00002242,V00014559,2026-07-30 11:58:21,approved,无风险,mixed
AUD00002243,V00007660,2026-02-17 09:43:46,approved,侵权,machine
AUD00002244,V00012619,2026-01-31 23:10:42,approved,无风险,machine
AUD00002245,V00014909,2026-04-19 02:38:37,approved,无风险,mixed
AUD00002246,V00002005,2026-07-21 16:18:25,approved,无风险,mixed
AUD00002247,V00009188,2026-07-14 07:51:29,approved,无风险,machine
AUD00002248,V00012307,2026-04-24 07:23:52,approved,无风险,machine
AUD00002249,V00009529,2026-08-09 18:45:51,approved,无风险,machine
AUD00002250,V00000194,2026-07-24 06:22:59,approved,无风险,mixed
AUD00002251,V00002527,2026-04-08 19:17:12,approved,无风险,machine
AUD00002252,V00007201,2026-05-07 11:59:24,approved,无风险,human
AUD00002253,V00003084,2026-02-01 20:10:45,approved,低俗,mixed
AUD00002254,V00013121,2026-06-04 04:14:30,approved,无风险,machine
AUD00002255,V00007964,2026-01-09 05:40:50,approved,无风险,machine
AUD00002256,V00009742,2026-06-07 19:22:35,rejected,无风险,machine
AUD00002257,V00013644,2026-07-02 17:27:10,approved,无风险,machine
AUD00002258,V00009232,2026-01-15 16:32:54,approved,无风险,mixed
AUD00002259,V00005031,2026-08-23 09:03:36,approved,无风险,machine
AUD00002260,V00014301,2026-07-09 04:31:50,approved,无风险,machine
AUD00002261,V00009775,2026-08-11 10:18:28,approved,无风险,mixed
AUD00002262,V00004962,2026-03-19 09:04:03,approved,无风险,mixed
AUD00002263,V00009137,2026-06-12 13:30:22,approved,无风险,machine
AUD00002264,V00002675,2026-07-10 14:29:59,approved,无风险,machine
AUD00002265,V00010057,2026-05-12 15:41:46,approved,无风险,mixed
AUD00002266,V00008857,2026-07-24 02:45:45,approved,无风险,human
AUD00002267,V00005454,2026-08-05 13:15:51,approved,无风险,machine
AUD00002268,V00001374,2026-08-02 01:19:44,approved,无风险,machine
AUD00002269,V00011501,2026-05-15 06:14:22,approved,无风险,machine
AUD00002270,V00007787,2026-04-11 04:56:46,approved,无风险,machine
AUD00002271,V00011710,2026-08-13 23:07:45,approved,无风险,mixed
AUD00002272,V00013640,2026-03-16 04:58:19,approved,无风险,mixed
AUD00002273,V00009759,2026-03-25 09:52:08,approved,无风险,machine
AUD00002274,V00001122,2026-05-13 20:00:25,approved,无风险,machine
AUD00002275,V00013705,2026-06-05 21:17:34,approved,无风险,mixed
AUD00002276,V00008931,2026-06-08 16:33:19,approved,无风险,machine
AUD00002277,V00013073,2026-06-22 03:50:19,approved,无风险,machine
AUD00002278,V00011681,2026-08-09 22:56:38,approved,无风险,machine
AUD00002279,V00013792,2026-01-11 04:20:01,approved,无风险,machine
AUD00002280,V00012829,2026-02-06 01:19:52,approved,无风险,mixed
AUD00002281,V00002999,2026-08-06 07:33:53,approved,无风险,machine
AUD00002282,V00009753,2026-02-10 21:30:31,approved,无风险,machine
AUD00002283,V00013516,2026-03-23 03:31:47,approved,无风险,machine
AUD00002284,V00005193,2026-08-23 03:36:16,approved,虚假信息,machine
AUD00002285,V00005751,2026-07-18 06:56:35,approved,无风险,human
AUD00002286,V00004481,2026-07-02 09:31:53,approved,无风险,machine
AUD00002287,V00002806,2026-07-16 22:52:06,approved,无风险,human
AUD00002288,V00014093,2026-02-23 18:06:01,approved,无风险,machine
AUD00002289,V00007284,2026-06-16 16:05:02,approved,无风险,machine
AUD00002290,V00013850,2026-05-29 15:30:26,approved,无风险,machine
AUD00002291,V00010259,2026-06-25 22:52:36,approved,无风险,machine
AUD00002292,V00014374,2026-03-02 22:20:56,approved,无风险,machine
AUD00002293,V00004490,2026-07-31 07:37:31,approved,侵权,mixed
AUD00002294,V00007572,2026-06-15 16:27:21,approved,无风险,machine
AUD00002295,V00008601,2026-06-11 00:03:13,approved,无风险,mixed
AUD00002296,V00003236,2026-08-22 14:16:28,approved,无风险,machine
AUD00002297,V00002843,2026-02-16 18:12:09,approved,无风险,machine
AUD00002298,V00003887,2026-06-30 07:37:00,approved,无风险,mixed
AUD00002299,V00001653,2026-08-16 03:53:35,approved,无风险,mixed
AUD00002300,V00013025,2026-01-09 02:01:00,approved,无风险,machine
AUD00002301,V00005904,2026-03-04 01:52:27,approved,无风险,machine
AUD00002302,V00009474,2026-08-05 22:43:48,approved,无风险,human
AUD00002303,V00011227,2026-05-11 14:31:44,approved,无风险,machine
AUD00002304,V00001459,2026-05-02 13:07:38,approved,无风险,mixed
AUD00002305,V00003220,2026-05-14 15:50:48,approved,无风险,mixed
AUD00002306,V00001480,2026-07-04 12:01:39,approved,无风险,machine
AUD00002307,V00007219,2026-08-20 14:19:53,rejected,无风险,machine
AUD00002308,V00005400,2026-04-14 20:07:47,approved,无风险,human
AUD00002309,V00013881,2026-02-19 05:32:00,approved,无风险,machine
AUD00002310,V00006482,2026-08-14 08:58:55,approved,无风险,human
AUD00002311,V00003587,2026-08-16 06:50:32,approved,无风险,machine
AUD00002312,V00009097,2026-08-26 23:12:34,approved,无风险,mixed
AUD00002313,V00007640,2026-04-19 18:34:43,approved,无风险,mixed
AUD00002314,V00012221,2026-02-07 00:46:19,approved,无风险,mixed
AUD00002315,V00001394,2026-08-20 02:53:11,approved,无风险,machine
AUD00002316,V00002145,2026-08-18 17:12:52,approved,无风险,machine
AUD00002317,V00007053,2026-08-02 20:40:07,approved,无风险,machine
AUD00002318,V00005906,2026-05-18 08:08:27,approved,无风险,machine
AUD00002319,V00010491,2026-05-27 00:48:14,approved,无风险,machine
AUD00002320,V00011775,2026-02-04 19:47:46,approved,无风险,machine
AUD00002321,V00012572,2026-07-03 02:23:40,approved,无风险,mixed
AUD00002322,V00010274,2026-04-25 20:25:55,rejected,无风险,machine
AUD00002323,V00006709,2026-04-30 00:38:27,approved,无风险,machine
AUD00002324,V00008542,2026-03-18 16:58:44,approved,无风险,machine
AUD00002325,V00005659,2026-04-02 03:40:48,approved,无风险,human
AUD00002326,V00011437,2026-04-23 05:05:43,approved,无风险,machine
AUD00002327,V00010109,2026-05-11 14:11:27,approved,无风险,mixed
AUD00002328,V00002517,2026-03-30 09:08:45,approved,无风险,mixed
AUD00002329,V00012482,2026-05-27 10:58:25,approved,无风险,machine
AUD00002330,V00007156,2026-01-09 18:57:28,limited,低俗,machine
AUD00002331,V00004681,2026-01-30 23:32:53,approved,无风险,machine
AUD00002332,V00004294,2026-03-31 22:18:30,approved,无风险,machine
AUD00002333,V00013210,2026-03-19 21:22:57,approved,无风险,machine
AUD00002334,V00002732,2026-08-08 19:36:41,approved,无风险,machine
AUD00002335,V00003879,2026-07-27 01:35:21,approved,无风险,machine
AUD00002336,V00012178,2026-06-19 17:30:23,approved,侵权,mixed
AUD00002337,V00009269,2026-03-20 21:04:37,approved,无风险,mixed
AUD00002338,V00005867,2026-06-26 23:08:00,approved,无风险,machine
AUD00002339,V00006606,2026-07-17 10:13:03,approved,无风险,mixed
AUD00002340,V00009527,2026-03-30 04:43:12,approved,无风险,mixed
AUD00002341,V00013413,2026-01-06 07:11:58,approved,无风险,machine
AUD00002342,V00003662,2026-04-23 08:34:43,approved,无风险,mixed
AUD00002343,V00005559,2026-04-10 13:55:58,approved,无风险,mixed
AUD00002344,V00012102,2026-06-22 19:29:24,approved,无风险,mixed
AUD00002345,V00000703,2026-01-27 08:27:51,approved,无风险,machine
AUD00002346,V00010867,2026-08-22 01:59:13,approved,无风险,mixed
AUD00002347,V00009658,2026-07-14 05:32:14,approved,无风险,machine
AUD00002348,V00012352,2026-07-16 08:10:30,approved,无风险,machine
AUD00002349,V00000376,2026-01-11 14:48:18,approved,无风险,human
AUD00002350,V00003213,2026-03-24 01:00:09,approved,低俗,machine
AUD00002351,V00001365,2026-08-17 07:23:47,approved,无风险,machine
AUD00002352,V00012786,2026-05-06 23:39:38,approved,无风险,machine
AUD00002353,V00001756,2026-08-12 09:04:47,approved,无风险,mixed
AUD00002354,V00006511,2026-01-07 15:28:22,approved,无风险,machine
AUD00002355,V00001853,2026-01-13 14:11:44,approved,低俗,machine
AUD00002356,V00006733,2026-04-16 19:58:37,approved,无风险,machine
AUD00002357,V00012233,2026-01-11 19:27:28,approved,无风险,machine
AUD00002358,V00013262,2026-07-25 08:36:10,approved,无风险,machine
AUD00002359,V00002686,2026-03-19 16:14:14,approved,无风险,machine
AUD00002360,V00007459,2026-08-26 13:34:47,approved,无风险,machine
AUD00002361,V00012655,2026-02-10 19:59:10,approved,无风险,human
AUD00002362,V00004768,2026-07-24 21:17:40,approved,无风险,mixed
AUD00002363,V00007926,2026-04-20 19:59:34,approved,无风险,machine
AUD00002364,V00008334,2026-05-23 19:48:56,approved,无风险,machine
AUD00002365,V00004323,2026-05-18 04:50:02,approved,无风险,machine
AUD00002366,V00003852,2026-03-31 04:12:13,approved,无风险,machine
AUD00002367,V00004521,2026-04-28 20:45:01,approved,无风险,machine
AUD00002368,V00001904,2026-08-11 13:21:07,approved,无风险,mixed
AUD00002369,V00013130,2026-05-13 14:19:06,approved,无风险,mixed
AUD00002370,V00002210,2026-06-15 01:09:00,approved,无风险,mixed
AUD00002371,V00006001,2026-06-14 23:28:44,approved,无风险,machine
AUD00002372,V00010976,2026-08-12 18:44:06,limited,无风险,machine
AUD00002373,V00006118,2026-01-28 14:05:49,rejected,无风险,machine
AUD00002374,V00005372,2026-03-11 16:54:42,approved,无风险,human
AUD00002375,V00005445,2026-05-12 00:57:47,approved,无风险,human
AUD00002376,V00002182,2026-01-14 11:34:27,approved,无风险,machine
AUD00002377,V00007838,2026-06-18 18:58:57,approved,无风险,machine
AUD00002378,V00013388,2026-03-25 22:35:25,approved,无风险,machine
AUD00002379,V00014839,2026-04-25 06:22:36,approved,无风险,human
AUD00002380,V00002542,2026-06-26 11:28:43,approved,无风险,machine
AUD00002381,V00013959,2026-07-10 22:55:03,approved,无风险,machine
AUD00002382,V00013435,2026-08-20 22:16:08,approved,无风险,mixed
AUD00002383,V00001568,2026-01-06 01:51:44,approved,无风险,machine
AUD00002384,V00004824,2026-05-18 21:39:43,approved,无风险,machine
AUD00002385,V00003189,2026-08-02 19:25:15,approved,无风险,machine
AUD00002386,V00006536,2026-08-22 12:41:28,approved,无风险,mixed
AUD00002387,V00004471,2026-01-01 08:34:50,rejected,低俗,machine
AUD00002388,V00012536,2026-06-13 19:00:05,approved,无风险,machine
AUD00002389,V00014191,2026-05-15 20:34:37,limited,无风险,mixed
AUD00002390,V00000874,2026-06-25 15:23:15,approved,无风险,machine
AUD00002391,V00000604,2026-04-18 01:15:52,approved,无风险,mixed
AUD00002392,V00013465,2026-07-11 19:28:41,approved,无风险,machine
AUD00002393,V00004329,2026-02-23 08:18:36,approved,无风险,machine
AUD00002394,V00010782,2026-06-25 09:19:38,approved,无风险,mixed
AUD00002395,V00012035,2026-01-18 17:57:16,approved,无风险,machine
AUD00002396,V00014402,2026-05-22 08:21:33,approved,无风险,mixed
AUD00002397,V00001410,2026-07-01 11:20:08,approved,无风险,machine
AUD00002398,V00010042,2026-05-20 08:05:07,rejected,无风险,machine
AUD00002399,V00009022,2026-03-04 19:53:08,approved,无风险,machine
AUD00002400,V00002666,2026-08-14 05:44:44,approved,无风险,machine
AUD00002401,V00001393,2026-05-04 05:14:43,approved,无风险,mixed
AUD00002402,V00013085,2026-07-09 15:17:51,approved,侵权,mixed
AUD00002403,V00003021,2026-03-22 22:39:04,approved,无风险,machine
AUD00002404,V00011183,2026-05-31 06:22:46,rejected,无风险,human
AUD00002405,V00014113,2026-03-07 07:17:40,approved,无风险,machine
AUD00002406,V00007423,2026-03-16 05:28:22,approved,无风险,machine
AUD00002407,V00000348,2026-05-27 00:00:48,approved,无风险,machine
AUD00002408,V00002910,2026-06-30 06:28:38,approved,无风险,mixed
AUD00002409,V00001322,2026-06-02 14:06:28,approved,无风险,machine
AUD00002410,V00000728,2026-03-20 21:37:53,approved,无风险,machine
AUD00002411,V00011025,2026-07-24 09:44:50,rejected,无风险,machine
AUD00002412,V00000386,2026-07-13 03:05:04,approved,无风险,machine
AUD00002413,V00005001,2026-02-02 11:44:17,approved,无风险,machine
AUD00002414,V00005125,2026-02-13 08:29:43,approved,无风险,machine
AUD00002415,V00012351,2026-08-23 19:57:37,approved,无风险,machine
AUD00002416,V00001757,2026-04-02 01:15:22,approved,无风险,mixed
AUD00002417,V00014893,2026-06-19 10:03:48,approved,无风险,machine
AUD00002418,V00014438,2026-05-29 16:35:03,approved,无风险,mixed
AUD00002419,V00001650,2026-04-05 21:11:38,limited,无风险,machine
AUD00002420,V00003428,2026-07-11 09:46:51,approved,无风险,machine
AUD00002421,V00009795,2026-07-29 14:43:53,approved,无风险,machine
AUD00002422,V00008369,2026-06-22 13:09:45,approved,无风险,mixed
AUD00002423,V00011819,2026-03-14 16:58:53,approved,无风险,machine
AUD00002424,V00002333,2026-08-25 11:11:27,approved,侵权,mixed
AUD00002425,V00011961,2026-01-09 18:56:14,limited,低俗,mixed
AUD00002426,V00009522,2026-05-17 08:43:25,approved,无风险,mixed
AUD00002427,V00010770,2026-03-28 00:33:05,rejected,无风险,machine
AUD00002428,V00002978,2026-03-14 09:15:54,approved,无风险,machine
AUD00002429,V00014873,2026-06-03 09:00:55,approved,无风险,machine
AUD00002430,V00007505,2026-03-25 05:36:12,approved,无风险,machine
AUD00002431,V00012242,2026-08-27 11:42:59,approved,无风险,machine
AUD00002432,V00014117,2026-07-23 05:51:23,rejected,无风险,machine
AUD00002433,V00012117,2026-08-02 10:08:00,approved,无风险,mixed
AUD00002434,V00001685,2026-05-04 19:48:55,approved,无风险,mixed
AUD00002435,V00005069,2026-05-01 06:44:25,approved,无风险,mixed
AUD00002436,V00014245,2026-04-26 01:02:33,approved,无风险,machine
AUD00002437,V00008795,2026-03-15 09:10:16,approved,无风险,machine
AUD00002438,V00004377,2026-05-08 12:57:05,approved,无风险,machine
AUD00002439,V00007621,2026-03-22 04:54:18,approved,无风险,mixed
AUD00002440,V00012636,2026-07-19 04:52:26,approved,无风险,machine
AUD00002441,V00014164,2026-03-02 03:47:56,approved,无风险,human
AUD00002442,V00000475,2026-06-03 21:58:52,approved,无风险,machine
AUD00002443,V00006591,2026-08-08 02:13:48,approved,无风险,machine
AUD00002444,V00011828,2026-08-11 02:58:51,approved,无风险,mixed
AUD00002445,V00001085,2026-08-26 07:58:19,approved,无风险,machine
AUD00002446,V00000126,2026-08-09 13:18:02,approved,无风险,mixed
AUD00002447,V00014503,2026-06-09 20:10:21,rejected,低俗,mixed
AUD00002448,V00010631,2026-05-30 12:11:19,approved,无风险,machine
AUD00002449,V00008119,2026-03-11 18:59:23,approved,无风险,machine
AUD00002450,V00007882,2026-06-21 05:44:50,approved,无风险,human
AUD00002451,V00007473,2026-08-10 13:38:28,approved,无风险,machine
AUD00002452,V00009523,2026-02-23 22:47:59,approved,无风险,machine
AUD00002453,V00006618,2026-02-01 14:57:18,approved,无风险,mixed
AUD00002454,V00011180,2026-08-23 00:21:24,approved,无风险,machine
AUD00002455,V00012234,2026-01-04 18:09:14,rejected,无风险,machine
AUD00002456,V00012768,2026-03-06 13:29:27,approved,无风险,machine
AUD00002457,V00003981,2026-08-16 06:58:15,approved,无风险,mixed
AUD00002458,V00003747,2026-05-15 10:02:49,approved,侵权,machine
AUD00002459,V00000199,2026-04-19 19:46:35,approved,无风险,machine
AUD00002460,V00000515,2026-06-25 02:54:42,approved,无风险,mixed
AUD00002461,V00010467,2026-04-06 08:53:59,approved,无风险,machine
AUD00002462,V00001330,2026-08-28 12:26:16,approved,无风险,machine
AUD00002463,V00002163,2026-05-17 13:36:32,approved,无风险,machine
AUD00002464,V00001546,2026-06-01 13:03:48,limited,无风险,mixed
AUD00002465,V00008075,2026-06-23 17:14:08,approved,无风险,machine
AUD00002466,V00005647,2026-04-01 15:45:04,approved,无风险,machine
AUD00002467,V00014901,2026-02-04 00:32:46,approved,无风险,machine
AUD00002468,V00011506,2026-05-03 13:53:02,approved,无风险,machine
AUD00002469,V00003696,2026-04-11 13:51:50,approved,无风险,mixed
AUD00002470,V00010875,2026-04-11 06:37:14,approved,无风险,machine
AUD00002471,V00010132,2026-02-19 17:59:43,approved,无风险,human
AUD00002472,V00014856,2026-07-29 18:48:41,approved,无风险,mixed
AUD00002473,V00011272,2026-04-08 20:17:11,approved,无风险,machine
AUD00002474,V00014644,2026-03-21 03:53:52,rejected,无风险,machine
AUD00002475,V00014811,2026-02-03 19:55:00,approved,无风险,machine
AUD00002476,V00012723,2026-02-16 19:32:04,rejected,无风险,machine
AUD00002477,V00002480,2026-05-13 23:38:29,approved,无风险,machine
AUD00002478,V00001062,2026-04-30 23:37:24,approved,无风险,machine
AUD00002479,V00012595,2026-05-10 02:35:52,approved,无风险,machine
AUD00002480,V00014825,2026-06-17 18:19:10,approved,无风险,machine
AUD00002481,V00013669,2026-02-04 17:08:05,approved,无风险,mixed
AUD00002482,V00006298,2026-08-21 18:20:41,approved,无风险,machine
AUD00002483,V00009417,2026-08-20 02:11:02,approved,无风险,machine
AUD00002484,V00013310,2026-04-25 17:34:31,approved,无风险,machine
AUD00002485,V00010598,2026-05-28 05:10:10,approved,无风险,mixed
AUD00002486,V00002844,2026-06-09 08:23:30,approved,低俗,machine
AUD00002487,V00003488,2026-08-11 11:22:41,approved,无风险,mixed
AUD00002488,V00010907,2026-07-20 03:02:15,approved,无风险,machine
AUD00002489,V00003714,2026-02-05 00:04:02,approved,无风险,machine
AUD00002490,V00011152,2026-02-15 17:08:17,approved,无风险,machine
AUD00002491,V00006120,2026-07-08 17:51:41,approved,无风险,mixed
AUD00002492,V00010965,2026-01-28 14:33:26,approved,无风险,human
AUD00002493,V00003613,2026-04-25 15:57:19,approved,无风险,machine
AUD00002494,V00013354,2026-04-21 19:09:38,approved,无风险,machine
AUD00002495,V00008580,2026-07-18 22:29:08,approved,无风险,machine
AUD00002496,V00004451,2026-08-17 12:49:28,approved,无风险,machine
AUD00002497,V00003418,2026-03-26 16:43:51,approved,无风险,mixed
AUD00002498,V00009599,2026-03-31 23:23:38,approved,无风险,human
AUD00002499,V00003083,2026-08-02 00:41:47,approved,无风险,human
AUD00002500,V00004740,2026-04-04 10:52:20,approved,无风险,machine
AUD00002501,V00006794,2026-02-14 14:48:08,approved,无风险,mixed
AUD00002502,V00008717,2026-06-01 23:20:56,approved,无风险,machine
AUD00002503,V00010582,2026-08-15 08:57:50,approved,无风险,machine
AUD00002504,V00001067,2026-01-18 12:26:00,approved,无风险,machine
AUD00002505,V00003828,2026-07-31 08:50:21,approved,无风险,mixed
AUD00002506,V00006930,2026-02-11 10:19:08,approved,无风险,mixed
AUD00002507,V00010305,2026-08-02 01:25:03,approved,低俗,machine
AUD00002508,V00005975,2026-04-20 04:11:45,approved,无风险,machine
AUD00002509,V00010281,2026-06-15 10:17:29,approved,无风险,mixed
AUD00002510,V00013594,2026-02-09 05:03:35,approved,无风险,human
AUD00002511,V00002660,2026-06-22 09:35:23,approved,无风险,machine
AUD00002512,V00002702,2026-03-21 09:55:44,approved,无风险,mixed
AUD00002513,V00014664,2026-08-29 00:03:31,approved,虚假信息,machine
AUD00002514,V00007792,2026-08-11 03:34:21,approved,无风险,machine
AUD00002515,V00012695,2026-06-11 21:03:00,approved,无风险,machine
AUD00002516,V00013828,2026-07-03 00:19:05,approved,无风险,machine
AUD00002517,V00009446,2026-08-14 15:03:51,approved,无风险,machine
AUD00002518,V00005497,2026-01-30 07:57:37,approved,无风险,machine
AUD00002519,V00005741,2026-08-19 07:58:39,approved,无风险,machine
AUD00002520,V00004100,2026-04-16 15:40:48,approved,无风险,mixed
AUD00002521,V00012081,2026-01-30 11:54:25,approved,无风险,machine
AUD00002522,V00006435,2026-08-22 19:47:30,approved,无风险,machine
AUD00002523,V00003203,2026-06-24 01:32:25,approved,无风险,machine
AUD00002524,V00001479,2026-01-29 03:26:42,approved,无风险,machine
AUD00002525,V00009610,2026-01-11 15:43:09,approved,无风险,human
AUD00002526,V00011253,2026-08-18 06:10:57,approved,无风险,mixed
AUD00002527,V00009825,2026-07-12 03:34:53,approved,无风险,machine
AUD00002528,V00006480,2026-08-25 11:43:20,approved,无风险,mixed
AUD00002529,V00008264,2026-05-31 18:07:54,approved,无风险,machine
AUD00002530,V00002935,2026-06-12 14:03:18,approved,无风险,machine
AUD00002531,V00004923,2026-07-25 01:29:20,rejected,无风险,machine
AUD00002532,V00014284,2026-02-06 07:41:09,approved,无风险,machine
AUD00002533,V00006686,2026-03-07 08:11:05,approved,无风险,machine
AUD00002534,V00011735,2026-08-11 10:34:03,approved,无风险,machine
AUD00002535,V00006862,2026-07-29 13:51:16,approved,无风险,machine
AUD00002536,V00001102,2026-02-07 11:09:49,rejected,无风险,machine
AUD00002537,V00011854,2026-02-17 07:12:42,approved,无风险,machine
AUD00002538,V00008074,2026-05-21 12:27:11,rejected,无风险,human
AUD00002539,V00001911,2026-08-05 11:53:51,approved,无风险,machine
AUD00002540,V00001832,2026-07-28 11:20:04,approved,无风险,machine
AUD00002541,V00001275,2026-06-17 03:29:26,approved,无风险,machine
AUD00002542,V00000934,2026-07-23 17:35:07,approved,无风险,machine
AUD00002543,V00002258,2026-02-05 19:12:37,approved,无风险,mixed
AUD00002544,V00003126,2026-08-14 20:05:24,approved,无风险,machine
AUD00002545,V00003384,2026-07-13 16:49:24,approved,无风险,machine
AUD00002546,V00009450,2026-06-03 08:26:13,approved,无风险,machine
AUD00002547,V00003574,2026-06-17 22:27:46,approved,无风险,machine
AUD00002548,V00013712,2026-08-20 10:43:51,approved,无风险,mixed
AUD00002549,V00003295,2026-07-12 10:08:21,approved,无风险,machine
AUD00002550,V00003683,2026-05-29 11:49:41,approved,无风险,machine
AUD00002551,V00014693,2026-02-21 19:21:01,approved,无风险,machine
AUD00002552,V00013520,2026-08-16 20:27:46,limited,低俗,mixed
AUD00002553,V00003749,2026-06-01 11:47:21,approved,无风险,machine
AUD00002554,V00003722,2026-08-09 03:10:52,approved,无风险,machine
AUD00002555,V00014574,2026-05-21 02:21:22,approved,无风险,machine
AUD00002556,V00013847,2026-08-06 22:17:22,approved,无风险,machine
AUD00002557,V00010369,2026-08-24 08:36:33,approved,无风险,mixed
AUD00002558,V00002196,2026-05-31 11:44:14,approved,无风险,machine
AUD00002559,V00012470,2026-01-22 00:54:12,approved,无风险,machine
AUD00002560,V00004019,2026-08-15 16:53:46,approved,无风险,mixed
AUD00002561,V00004797,2026-05-16 19:24:29,approved,无风险,machine
AUD00002562,V00002349,2026-04-11 05:27:08,approved,无风险,machine
AUD00002563,V00006859,2026-08-22 05:18:43,limited,无风险,mixed
AUD00002564,V00000391,2026-03-05 00:38:00,approved,虚假信息,machine
AUD00002565,V00013063,2026-07-04 10:19:48,approved,无风险,mixed
AUD00002566,V00004243,2026-06-30 12:29:43,approved,无风险,machine
AUD00002567,V00008277,2026-01-07 02:54:58,approved,无风险,mixed
AUD00002568,V00000484,2026-08-22 06:55:55,approved,无风险,machine
AUD00002569,V00014884,2026-07-04 13:51:25,approved,无风险,machine
AUD00002570,V00014010,2026-07-16 09:14:06,approved,无风险,mixed
AUD00002571,V00000030,2026-08-16 18:47:58,approved,无风险,mixed
AUD00002572,V00013903,2026-08-23 13:34:23,approved,无风险,machine
AUD00002573,V00006133,2026-01-04 23:59:03,approved,无风险,machine
AUD00002574,V00006791,2026-05-07 07:33:32,approved,无风险,machine
AUD00002575,V00002362,2026-08-11 17:23:21,approved,无风险,machine
AUD00002576,V00008130,2026-05-15 10:57:19,limited,无风险,machine
AUD00002577,V00012251,2026-08-25 13:54:01,approved,低俗,machine
AUD00002578,V00000960,2026-02-13 16:39:21,approved,无风险,machine
AUD00002579,V00005414,2026-02-03 05:57:42,approved,无风险,machine
AUD00002580,V00011303,2026-08-09 05:22:42,limited,无风险,mixed
AUD00002581,V00014993,2026-05-21 00:57:07,approved,无风险,machine
AUD00002582,V00005966,2026-03-18 20:39:38,approved,低俗,mixed
AUD00002583,V00001429,2026-08-07 01:18:16,approved,无风险,machine
AUD00002584,V00014862,2026-07-05 10:15:27,rejected,无风险,machine
AUD00002585,V00001960,2026-08-02 00:20:16,approved,无风险,machine
AUD00002586,V00006417,2026-02-27 07:54:47,limited,无风险,machine
AUD00002587,V00012115,2026-08-22 14:53:14,limited,虚假信息,machine
AUD00002588,V00000125,2026-06-23 12:40:07,approved,无风险,mixed
AUD00002589,V00009769,2026-06-21 20:45:34,approved,无风险,machine
AUD00002590,V00003854,2026-05-16 10:23:00,approved,无风险,machine
AUD00002591,V00014148,2026-06-16 15:34:42,approved,无风险,machine
AUD00002592,V00013357,2026-07-06 18:14:42,approved,无风险,human
AUD00002593,V00010753,2026-06-20 16:04:18,approved,无风险,machine
AUD00002594,V00001699,2026-01-09 15:23:18,approved,无风险,machine
AUD00002595,V00010853,2026-07-19 18:54:22,approved,无风险,machine
AUD00002596,V00001051,2026-08-19 09:53:56,approved,无风险,mixed
AUD00002597,V00004611,2026-08-26 08:56:27,approved,无风险,machine
AUD00002598,V00008500,2026-04-01 00:57:37,approved,无风险,machine
AUD00002599,V00011167,2026-08-10 16:58:27,approved,无风险,mixed
AUD00002600,V00005373,2026-03-14 00:09:01,approved,无风险,machine
AUD00002601,V00002750,2026-02-26 17:51:09,approved,无风险,machine
AUD00002602,V00003107,2026-04-21 17:49:19,approved,无风险,human
AUD00002603,V00012018,2026-02-01 04:43:55,approved,无风险,machine
AUD00002604,V00006842,2026-08-10 01:16:50,approved,无风险,mixed
AUD00002605,V00004883,2026-03-02 12:05:31,approved,无风险,machine
AUD00002606,V00001850,2026-07-29 05:35:40,approved,无风险,mixed
AUD00002607,V00004299,2026-03-19 17:49:51,approved,无风险,machine
AUD00002608,V00010793,2026-07-06 10:42:06,approved,无风险,machine
AUD00002609,V00001033,2026-04-21 18:46:01,approved,无风险,machine
AUD00002610,V00002982,2026-01-01 23:16:35,approved,无风险,mixed
AUD00002611,V00001292,2026-01-12 04:18:07,approved,无风险,machine
AUD00002612,V00007860,2026-02-19 06:50:22,approved,无风险,machine
AUD00002613,V00000713,2026-01-20 09:51:49,approved,虚假信息,machine
AUD00002614,V00010900,2026-06-26 10:53:45,approved,无风险,machine
AUD00002615,V00008870,2026-06-06 14:22:22,approved,无风险,machine
AUD00002616,V00014392,2026-06-09 22:52:05,approved,无风险,machine
AUD00002617,V00003038,2026-04-24 09:15:19,approved,无风险,machine
AUD00002618,V00006973,2026-03-06 14:58:34,approved,无风险,machine
AUD00002619,V00012913,2026-01-13 02:58:19,approved,无风险,machine
AUD00002620,V00009317,2026-07-17 12:05:49,approved,无风险,mixed
AUD00002621,V00004978,2026-04-02 06:27:28,approved,无风险,machine
AUD00002622,V00004613,2026-02-08 14:05:06,approved,无风险,machine
AUD00002623,V00001194,2026-02-07 23:02:09,approved,无风险,machine
AUD00002624,V00008058,2026-02-16 01:58:03,approved,无风险,machine
AUD00002625,V00007203,2026-02-05 05:08:25,approved,无风险,machine
AUD00002626,V00012236,2026-05-16 07:12:44,approved,低俗,machine
AUD00002627,V00004292,2026-08-28 21:02:53,approved,无风险,machine
AUD00002628,V00009830,2026-07-01 23:13:36,approved,无风险,machine
AUD00002629,V00013798,2026-06-25 06:53:17,approved,无风险,machine
AUD00002630,V00000267,2026-05-04 04:11:59,approved,无风险,mixed
AUD00002631,V00006420,2026-03-09 05:25:17,approved,无风险,machine
AUD00002632,V00008549,2026-02-22 20:35:39,approved,无风险,mixed
AUD00002633,V00002452,2026-07-26 02:06:10,approved,无风险,machine
AUD00002634,V00009900,2026-05-02 08:30:39,approved,无风险,machine
AUD00002635,V00003472,2026-02-13 06:31:40,approved,无风险,machine
AUD00002636,V00010967,2026-04-26 16:15:41,approved,无风险,machine
AUD00002637,V00001846,2026-03-23 03:20:08,approved,无风险,human
AUD00002638,V00000102,2026-07-05 01:25:22,approved,无风险,machine
AUD00002639,V00006598,2026-07-18 10:04:08,approved,无风险,machine
AUD00002640,V00004177,2026-02-04 02:09:32,approved,无风险,machine
AUD00002641,V00004036,2026-06-18 19:45:23,approved,无风险,mixed
AUD00002642,V00002603,2026-02-03 14:05:15,approved,无风险,machine
AUD00002643,V00006387,2026-06-18 14:19:30,approved,无风险,human
AUD00002644,V00010056,2026-06-29 14:57:59,approved,无风险,machine
AUD00002645,V00005217,2026-08-04 05:39:09,approved,无风险,mixed
AUD00002646,V00003911,2026-01-18 01:18:03,approved,无风险,machine
AUD00002647,V00009279,2026-05-06 11:22:52,approved,无风险,mixed
AUD00002648,V00011665,2026-07-11 23:38:40,approved,虚假信息,machine
AUD00002649,V00007857,2026-06-04 02:25:50,approved,无风险,human
AUD00002650,V00003443,2026-05-14 14:13:58,approved,无风险,machine
AUD00002651,V00013614,2026-05-20 11:04:27,approved,无风险,machine
AUD00002652,V00005310,2026-03-01 11:06:09,approved,无风险,human
AUD00002653,V00011838,2026-08-24 05:29:00,approved,无风险,machine
AUD00002654,V00002555,2026-05-25 16:32:47,approved,低俗,mixed
AUD00002655,V00010927,2026-08-25 14:32:47,approved,无风险,human
AUD00002656,V00014513,2026-07-07 12:33:12,approved,无风险,machine
AUD00002657,V00001257,2026-02-25 20:06:24,approved,无风险,machine
AUD00002658,V00003753,2026-06-10 06:57:44,approved,无风险,mixed
AUD00002659,V00001706,2026-05-09 17:29:16,approved,无风险,human
AUD00002660,V00010783,2026-04-26 02:24:42,approved,无风险,machine
AUD00002661,V00000090,2026-06-18 03:43:47,approved,无风险,machine
AUD00002662,V00000854,2026-07-24 02:40:03,approved,无风险,human
AUD00002663,V00004632,2026-04-11 17:06:49,approved,无风险,machine
AUD00002664,V00010249,2026-08-25 20:57:46,approved,无风险,machine
AUD00002665,V00013583,2026-03-08 23:55:24,approved,无风险,machine
AUD00002666,V00004814,2026-01-14 20:26:39,approved,无风险,mixed
AUD00002667,V00002949,2026-02-27 13:22:20,approved,无风险,machine
AUD00002668,V00001095,2026-05-19 20:18:50,approved,无风险,machine
AUD00002669,V00008131,2026-08-13 19:15:43,approved,无风险,machine
AUD00002670,V00007405,2026-07-18 15:28:05,approved,无风险,machine
AUD00002671,V00010702,2026-06-27 00:37:43,approved,无风险,machine
AUD00002672,V00009848,2026-04-19 18:52:00,approved,无风险,machine
AUD00002673,V00002107,2026-08-16 12:12:44,approved,无风险,machine
AUD00002674,V00000204,2026-02-19 17:30:10,approved,无风险,machine
AUD00002675,V00001580,2026-05-10 16:41:12,approved,无风险,machine
AUD00002676,V00014251,2026-01-17 09:49:47,approved,无风险,mixed
AUD00002677,V00000638,2026-03-18 10:35:33,approved,无风险,machine
AUD00002678,V00013263,2026-02-19 23:34:38,approved,无风险,mixed
AUD00002679,V00002986,2026-08-24 16:37:01,approved,无风险,machine
AUD00002680,V00001669,2026-03-14 01:05:39,approved,无风险,machine
AUD00002681,V00004736,2026-03-20 00:48:34,approved,无风险,mixed
AUD00002682,V00013773,2026-04-30 19:16:53,approved,无风险,machine
AUD00002683,V00003089,2026-02-04 01:56:57,approved,无风险,mixed
AUD00002684,V00005455,2026-01-06 19:54:08,approved,无风险,machine
AUD00002685,V00001970,2026-08-11 00:22:56,approved,无风险,mixed
AUD00002686,V00012418,2026-08-04 06:31:50,approved,无风险,machine
AUD00002687,V00005147,2026-08-27 00:34:29,approved,无风险,machine
AUD00002688,V00013330,2026-04-22 00:59:11,approved,无风险,machine
AUD00002689,V00009514,2026-02-08 15:54:16,approved,无风险,machine
AUD00002690,V00009560,2026-01-08 04:30:32,approved,无风险,human
AUD00002691,V00006908,2026-05-28 22:10:17,limited,无风险,machine
AUD00002692,V00006035,2026-08-23 18:06:02,approved,无风险,mixed
AUD00002693,V00013147,2026-04-09 04:04:59,approved,无风险,machine
AUD00002694,V00014651,2026-03-01 17:53:48,approved,无风险,machine
AUD00002695,V00014810,2026-06-12 15:36:00,approved,无风险,machine
AUD00002696,V00010779,2026-06-15 08:09:10,approved,无风险,machine
AUD00002697,V00013031,2026-04-02 11:21:51,approved,无风险,machine
AUD00002698,V00007989,2026-07-26 13:06:40,approved,无风险,machine
AUD00002699,V00007478,2026-03-26 23:18:22,approved,无风险,machine
AUD00002700,V00014626,2026-08-10 10:18:23,approved,无风险,mixed
AUD00002701,V00007260,2026-08-28 17:39:16,approved,无风险,machine
AUD00002702,V00005965,2026-03-12 10:45:33,limited,无风险,machine
AUD00002703,V00004170,2026-06-26 14:39:04,approved,无风险,machine
AUD00002704,V00000351,2026-03-19 04:49:18,approved,无风险,machine
AUD00002705,V00006043,2026-08-07 15:07:29,approved,无风险,machine
AUD00002706,V00000659,2026-05-27 07:39:57,limited,无风险,machine
AUD00002707,V00011809,2026-04-03 03:23:23,approved,无风险,machine
AUD00002708,V00006611,2026-06-13 12:58:46,approved,无风险,mixed
AUD00002709,V00002368,2026-08-14 07:32:46,approved,无风险,mixed
AUD00002710,V00003162,2026-08-03 23:58:38,approved,无风险,machine
AUD00002711,V00010998,2026-06-23 04:37:26,approved,无风险,human
AUD00002712,V00008209,2026-08-21 08:50:44,approved,无风险,machine
AUD00002713,V00009892,2026-08-22 06:41:58,approved,无风险,machine
AUD00002714,V00000405,2026-05-06 11:09:53,approved,无风险,mixed
AUD00002715,V00004187,2026-07-09 04:35:05,approved,无风险,machine
AUD00002716,V00003178,2026-02-18 18:20:02,approved,无风险,machine
AUD00002717,V00014304,2026-05-23 08:39:51,approved,无风险,machine
AUD00002718,V00011820,2026-07-23 09:10:09,approved,无风险,machine
AUD00002719,V00002354,2026-01-26 22:06:41,approved,无风险,mixed
AUD00002720,V00005912,2026-04-27 14:04:03,approved,无风险,human
AUD00002721,V00009859,2026-03-19 03:10:25,approved,无风险,machine
AUD00002722,V00010453,2026-06-13 06:31:17,approved,无风险,machine
AUD00002723,V00012265,2026-06-03 12:11:49,approved,无风险,mixed
AUD00002724,V00001854,2026-08-26 22:28:05,approved,无风险,mixed
AUD00002725,V00009821,2026-08-18 17:01:36,approved,无风险,machine
AUD00002726,V00013363,2026-04-30 04:45:46,approved,无风险,machine
AUD00002727,V00007749,2026-04-28 16:03:20,approved,无风险,mixed
AUD00002728,V00010542,2026-05-30 22:36:53,approved,无风险,machine
AUD00002729,V00014799,2026-08-15 22:02:09,approved,无风险,mixed
AUD00002730,V00008320,2026-05-24 02:15:13,approved,无风险,machine
AUD00002731,V00014165,2026-08-01 12:08:47,approved,无风险,machine
AUD00002732,V00003859,2026-03-31 04:10:35,approved,无风险,machine
AUD00002733,V00014480,2026-01-09 14:31:39,approved,无风险,mixed
AUD00002734,V00011875,2026-02-14 08:30:16,approved,无风险,machine
AUD00002735,V00003265,2026-05-27 05:32:39,approved,无风险,mixed
AUD00002736,V00007819,2026-03-24 22:56:27,approved,无风险,machine
AUD00002737,V00002049,2026-02-04 17:35:43,rejected,无风险,machine
AUD00002738,V00000858,2026-02-19 02:42:29,approved,无风险,mixed
AUD00002739,V00002053,2026-06-11 02:32:37,approved,无风险,mixed
AUD00002740,V00004390,2026-04-20 16:33:26,approved,无风险,machine
AUD00002741,V00009864,2026-03-31 21:22:27,approved,无风险,machine
AUD00002742,V00004111,2026-02-23 07:12:14,approved,无风险,machine
AUD00002743,V00014947,2026-06-01 08:01:54,approved,无风险,human
AUD00002744,V00003925,2026-04-12 18:34:08,approved,无风险,machine
AUD00002745,V00013187,2026-08-15 10:15:19,approved,无风险,machine
AUD00002746,V00006810,2026-04-27 09:16:25,approved,无风险,mixed
AUD00002747,V00005897,2026-01-18 01:31:29,approved,无风险,mixed
AUD00002748,V00007602,2026-08-21 03:58:11,approved,无风险,machine
AUD00002749,V00000058,2026-05-16 10:46:54,approved,无风险,machine
AUD00002750,V00005377,2026-05-28 19:39:51,approved,无风险,machine
AUD00002751,V00014283,2026-02-01 13:12:39,approved,无风险,machine
AUD00002752,V00007775,2026-05-21 22:39:46,approved,无风险,mixed
AUD00002753,V00009467,2026-05-23 12:08:31,approved,无风险,mixed
AUD00002754,V00010231,2026-07-01 07:21:35,approved,无风险,human
AUD00002755,V00001804,2026-08-03 04:53:13,approved,无风险,mixed
AUD00002756,V00005761,2026-04-20 14:46:23,approved,无风险,machine
AUD00002757,V00004406,2026-08-27 21:18:31,approved,无风险,machine
AUD00002758,V00000122,2026-01-16 17:01:04,approved,无风险,machine
AUD00002759,V00008701,2026-03-22 06:55:34,approved,无风险,machine
AUD00002760,V00014991,2026-05-17 08:05:25,approved,无风险,mixed
AUD00002761,V00005603,2026-07-27 12:16:22,approved,无风险,human
AUD00002762,V00014217,2026-08-17 01:58:42,approved,无风险,machine
AUD00002763,V00014416,2026-08-06 08:58:21,approved,无风险,machine
AUD00002764,V00009528,2026-03-16 02:42:49,approved,无风险,machine
AUD00002765,V00012682,2026-01-30 20:59:45,approved,无风险,human
AUD00002766,V00002159,2026-06-19 17:31:28,approved,无风险,mixed
AUD00002767,V00014179,2026-05-02 04:35:14,approved,无风险,machine
AUD00002768,V00001576,2026-02-02 04:32:56,approved,无风险,machine
AUD00002769,V00005241,2026-05-09 22:26:47,approved,无风险,mixed
AUD00002770,V00001490,2026-06-30 17:09:23,approved,无风险,machine
AUD00002771,V00002921,2026-04-16 22:23:10,approved,低俗,machine
AUD00002772,V00014572,2026-02-02 00:56:27,approved,无风险,machine
AUD00002773,V00011321,2026-07-08 09:55:08,approved,无风险,machine
AUD00002774,V00002841,2026-01-16 02:51:55,approved,无风险,machine
AUD00002775,V00013829,2026-08-06 10:40:24,approved,无风险,machine
AUD00002776,V00008003,2026-04-16 09:46:33,approved,无风险,machine
AUD00002777,V00001525,2026-03-19 01:27:57,approved,无风险,machine
AUD00002778,V00013547,2026-08-20 02:58:07,approved,无风险,machine
AUD00002779,V00005393,2026-03-11 00:58:21,approved,无风险,machine
AUD00002780,V00007352,2026-08-07 12:38:09,approved,无风险,mixed
AUD00002781,V00000268,2026-05-20 05:17:21,rejected,无风险,machine
AUD00002782,V00000300,2026-06-13 18:19:04,approved,虚假信息,machine
AUD00002783,V00012365,2026-04-26 16:44:05,rejected,无风险,mixed
AUD00002784,V00001273,2026-08-02 19:18:37,approved,无风险,machine
AUD00002785,V00009829,2026-08-22 06:09:08,approved,无风险,machine
AUD00002786,V00012645,2026-07-23 10:06:51,approved,低俗,machine
AUD00002787,V00005528,2026-04-13 12:21:31,approved,无风险,machine
AUD00002788,V00007670,2026-05-07 23:22:25,approved,无风险,mixed
AUD00002789,V00010051,2026-04-15 17:03:06,approved,无风险,mixed
AUD00002790,V00009613,2026-07-11 15:19:20,approved,无风险,machine
AUD00002791,V00009248,2026-04-05 03:24:58,approved,无风险,mixed
AUD00002792,V00014605,2026-02-09 18:31:43,approved,无风险,mixed
AUD00002793,V00007467,2026-04-13 05:40:21,approved,无风险,machine
AUD00002794,V00013343,2026-02-15 11:07:06,approved,无风险,machine
AUD00002795,V00009152,2026-06-21 23:22:24,approved,无风险,machine
AUD00002796,V00001916,2026-07-26 13:16:43,approved,无风险,mixed
AUD00002797,V00006342,2026-07-02 17:48:01,approved,无风险,machine
AUD00002798,V00011040,2026-03-17 05:10:44,approved,无风险,machine
AUD00002799,V00007013,2026-06-13 11:28:35,approved,无风险,mixed
AUD00002800,V00003446,2026-06-19 10:33:02,approved,无风险,machine
AUD00002801,V00005153,2026-02-12 17:52:28,approved,无风险,machine
AUD00002802,V00012662,2026-02-16 14:36:13,approved,无风险,machine
AUD00002803,V00001299,2026-07-29 11:53:40,approved,无风险,machine
AUD00002804,V00011305,2026-07-16 07:36:41,approved,无风险,machine
AUD00002805,V00007441,2026-08-27 22:25:27,approved,无风险,mixed
AUD00002806,V00011469,2026-04-15 04:09:06,approved,无风险,machine
AUD00002807,V00007251,2026-08-19 07:32:02,approved,无风险,machine
AUD00002808,V00002728,2026-02-18 00:29:31,approved,无风险,machine
AUD00002809,V00004261,2026-03-12 19:57:31,approved,无风险,machine
AUD00002810,V00007328,2026-07-15 09:22:45,approved,无风险,machine
AUD00002811,V00006661,2026-01-17 23:48:57,approved,无风险,mixed
AUD00002812,V00011781,2026-06-27 22:25:36,approved,无风险,machine
AUD00002813,V00007204,2026-07-16 15:49:27,approved,虚假信息,machine
AUD00002814,V00013701,2026-01-11 16:53:02,approved,无风险,machine
AUD00002815,V00004594,2026-07-10 04:10:52,approved,无风险,mixed
AUD00002816,V00002175,2026-08-13 04:18:40,approved,无风险,human
AUD00002817,V00004670,2026-08-12 05:37:38,approved,无风险,machine
AUD00002818,V00014681,2026-01-08 09:49:07,approved,无风险,machine
AUD00002819,V00011766,2026-08-26 23:18:07,approved,无风险,machine
AUD00002820,V00010124,2026-05-15 22:29:34,approved,无风险,machine
AUD00002821,V00007545,2026-08-26 13:27:31,approved,无风险,machine
AUD00002822,V00013023,2026-07-31 14:36:15,limited,无风险,machine
AUD00002823,V00010005,2026-06-11 09:26:30,approved,无风险,machine
AUD00002824,V00007242,2026-02-08 03:45:43,approved,无风险,machine
AUD00002825,V00009894,2026-02-17 04:27:56,approved,无风险,machine
AUD00002826,V00005229,2026-08-24 08:16:25,approved,无风险,mixed
AUD00002827,V00008689,2026-05-09 10:47:18,approved,无风险,machine
AUD00002828,V00006364,2026-07-14 07:32:39,approved,无风险,mixed
AUD00002829,V00001740,2026-02-23 08:10:58,approved,无风险,machine
AUD00002830,V00003356,2026-03-29 18:04:20,approved,无风险,machine
AUD00002831,V00011966,2026-01-18 19:54:33,approved,无风险,machine
AUD00002832,V00004333,2026-08-22 11:23:40,rejected,无风险,machine
AUD00002833,V00000756,2026-04-01 15:30:35,approved,无风险,machine
AUD00002834,V00008295,2026-01-20 07:29:37,approved,低俗,mixed
AUD00002835,V00001915,2026-07-14 19:29:08,approved,无风险,machine
AUD00002836,V00008877,2026-01-09 03:18:12,approved,无风险,machine
AUD00002837,V00000806,2026-08-06 21:26:14,approved,无风险,machine
AUD00002838,V00007169,2026-07-24 23:10:06,approved,无风险,machine
AUD00002839,V00010615,2026-08-12 00:47:38,approved,无风险,machine
AUD00002840,V00008223,2026-04-18 08:31:51,approved,无风险,human
AUD00002841,V00001186,2026-04-11 23:09:27,approved,无风险,mixed
AUD00002842,V00010710,2026-06-07 04:46:01,approved,无风险,human
AUD00002843,V00005837,2026-01-18 22:05:00,approved,无风险,machine
AUD00002844,V00003832,2026-08-22 08:51:50,approved,无风险,machine
AUD00002845,V00008366,2026-06-15 15:39:40,approved,无风险,mixed
AUD00002846,V00000845,2026-07-16 20:56:09,approved,无风险,mixed
AUD00002847,V00003975,2026-05-04 06:29:35,approved,无风险,machine
AUD00002848,V00007629,2026-03-23 17:04:10,approved,无风险,machine
AUD00002849,V00002926,2026-07-30 08:58:56,approved,无风险,mixed
AUD00002850,V00006355,2026-02-17 08:58:31,approved,无风险,machine
AUD00002851,V00001096,2026-01-28 10:27:22,approved,无风险,machine
AUD00002852,V00002596,2026-07-25 03:52:33,approved,无风险,machine
AUD00002853,V00001208,2026-07-31 11:09:18,approved,无风险,machine
AUD00002854,V00011319,2026-06-03 11:06:46,approved,无风险,machine
AUD00002855,V00009601,2026-05-15 07:52:19,approved,无风险,machine
AUD00002856,V00006335,2026-03-30 14:34:42,approved,无风险,machine
AUD00002857,V00013356,2026-02-15 20:17:27,approved,无风险,machine
AUD00002858,V00008067,2026-01-08 21:35:35,approved,无风险,machine
AUD00002859,V00012461,2026-02-08 21:51:52,approved,无风险,human
AUD00002860,V00010551,2026-06-28 13:55:17,limited,无风险,mixed
AUD00002861,V00013376,2026-08-19 02:44:17,approved,无风险,machine
AUD00002862,V00012950,2026-06-22 23:28:00,approved,无风险,human
AUD00002863,V00007935,2026-07-25 10:24:17,approved,无风险,machine
AUD00002864,V00002351,2026-03-09 01:11:07,approved,无风险,machine
AUD00002865,V00006857,2026-05-06 12:27:29,approved,无风险,mixed
AUD00002866,V00006893,2026-01-01 19:51:38,approved,无风险,machine
AUD00002867,V00012335,2026-07-05 02:17:02,rejected,无风险,machine
AUD00002868,V00005203,2026-01-04 13:33:54,approved,无风险,machine
AUD00002869,V00009218,2026-07-17 18:50:07,approved,无风险,machine
AUD00002870,V00000507,2026-08-15 13:21:44,approved,无风险,machine
AUD00002871,V00011342,2026-07-25 07:49:38,approved,无风险,machine
AUD00002872,V00007499,2026-05-14 10:24:56,approved,无风险,machine
AUD00002873,V00012810,2026-05-29 09:05:37,approved,无风险,machine
AUD00002874,V00013674,2026-06-05 22:05:03,approved,无风险,machine
AUD00002875,V00000010,2026-04-26 11:42:40,approved,无风险,machine
AUD00002876,V00005858,2026-06-18 20:12:37,approved,无风险,machine
AUD00002877,V00011162,2026-08-03 08:38:49,approved,无风险,machine
AUD00002878,V00002977,2026-08-19 12:31:39,approved,低俗,machine
AUD00002879,V00006548,2026-05-29 14:37:47,approved,无风险,mixed
AUD00002880,V00002438,2026-06-01 08:12:31,approved,无风险,machine
AUD00002881,V00011877,2026-04-08 00:11:50,approved,无风险,machine
AUD00002882,V00011111,2026-04-22 07:47:20,approved,无风险,machine
AUD00002883,V00011079,2026-07-10 07:03:16,approved,无风险,mixed
AUD00002884,V00011035,2026-06-16 17:26:48,limited,无风险,human
AUD00002885,V00006256,2026-03-20 21:13:54,approved,无风险,machine
AUD00002886,V00006835,2026-07-18 05:57:22,approved,无风险,machine
AUD00002887,V00003184,2026-05-26 09:40:31,approved,无风险,human
AUD00002888,V00001716,2026-04-23 09:20:47,approved,无风险,human
AUD00002889,V00008251,2026-04-23 16:56:51,approved,无风险,machine
AUD00002890,V00000777,2026-03-07 12:18:54,rejected,无风险,machine
AUD00002891,V00007238,2026-04-03 16:00:23,approved,无风险,machine
AUD00002892,V00008120,2026-07-08 19:41:27,approved,无风险,machine
AUD00002893,V00002304,2026-07-18 00:36:45,rejected,低俗,mixed
AUD00002894,V00006477,2026-07-23 00:53:39,approved,无风险,machine
AUD00002895,V00005876,2026-01-13 22:49:44,approved,无风险,mixed
AUD00002896,V00010931,2026-04-21 23:19:04,approved,低俗,machine
AUD00002897,V00004168,2026-01-28 23:41:22,approved,无风险,machine
AUD00002898,V00014247,2026-06-25 09:44:53,rejected,无风险,machine
AUD00002899,V00013001,2026-04-24 12:29:48,approved,无风险,machine
AUD00002900,V00014459,2026-04-28 05:45:12,approved,无风险,machine
AUD00002901,V00009246,2026-04-30 20:56:52,approved,无风险,machine
AUD00002902,V00014547,2026-01-18 23:11:13,approved,无风险,machine
AUD00002903,V00004635,2026-01-31 02:03:04,approved,无风险,machine
AUD00002904,V00009360,2026-01-10 21:04:00,approved,无风险,machine
AUD00002905,V00006976,2026-08-11 14:11:18,approved,无风险,human
AUD00002906,V00004118,2026-05-21 09:35:37,approved,无风险,machine
AUD00002907,V00012439,2026-02-27 06:18:09,approved,无风险,machine
AUD00002908,V00006790,2026-01-20 00:30:07,rejected,无风险,machine
AUD00002909,V00003695,2026-05-26 06:58:07,approved,无风险,mixed
AUD00002910,V00001859,2026-04-02 07:09:49,approved,无风险,machine
AUD00002911,V00007269,2026-06-12 02:03:07,approved,无风险,human
AUD00002912,V00014000,2026-02-18 02:22:40,approved,无风险,human
AUD00002913,V00014132,2026-05-06 01:22:15,approved,无风险,machine
AUD00002914,V00005025,2026-08-26 08:03:15,approved,无风险,machine
AUD00002915,V00004251,2026-06-25 04:52:29,approved,无风险,machine
AUD00002916,V00001361,2026-07-22 12:56:42,approved,无风险,machine
AUD00002917,V00010832,2026-06-16 00:49:28,approved,无风险,mixed
AUD00002918,V00006126,2026-06-20 13:38:24,approved,无风险,mixed
AUD00002919,V00011923,2026-05-25 16:25:43,approved,无风险,machine
AUD00002920,V00006832,2026-06-16 09:24:19,approved,无风险,mixed
AUD00002921,V00007170,2026-08-28 17:14:10,approved,无风险,mixed
AUD00002922,V00014517,2026-01-23 21:39:25,approved,无风险,machine
AUD00002923,V00009204,2026-08-08 07:04:10,approved,无风险,machine
AUD00002924,V00004245,2026-07-05 08:04:39,approved,无风险,machine
AUD00002925,V00002538,2026-08-27 10:14:30,rejected,无风险,machine
AUD00002926,V00003994,2026-02-26 08:59:36,approved,无风险,machine
AUD00002927,V00010229,2026-07-24 22:08:28,approved,无风险,machine
AUD00002928,V00000869,2026-03-05 14:30:49,approved,无风险,mixed
AUD00002929,V00012750,2026-08-23 03:23:44,approved,无风险,mixed
AUD00002930,V00008296,2026-05-27 18:32:25,approved,无风险,machine
AUD00002931,V00008745,2026-08-25 20:07:53,approved,无风险,human
AUD00002932,V00012972,2026-05-08 11:50:22,approved,无风险,human
AUD00002933,V00011834,2026-07-28 05:39:04,approved,无风险,machine
AUD00002934,V00001315,2026-04-12 03:56:02,approved,无风险,machine
AUD00002935,V00006266,2026-07-11 02:46:47,rejected,无风险,machine
AUD00002936,V00004158,2026-08-01 19:41:18,approved,无风险,machine
AUD00002937,V00010987,2026-07-18 21:47:17,approved,无风险,mixed
AUD00002938,V00002764,2026-02-14 20:28:10,approved,无风险,mixed
AUD00002939,V00006269,2026-03-23 08:56:59,approved,无风险,mixed
AUD00002940,V00003401,2026-07-11 21:47:19,approved,无风险,machine
AUD00002941,V00009014,2026-07-11 21:22:25,approved,无风险,machine
AUD00002942,V00002853,2026-05-31 21:47:34,approved,无风险,human
AUD00002943,V00013034,2026-05-10 22:55:52,approved,无风险,mixed
AUD00002944,V00005909,2026-02-10 21:21:19,approved,无风险,machine
AUD00002945,V00007580,2026-04-24 23:16:48,approved,无风险,machine
AUD00002946,V00013003,2026-07-08 06:33:53,approved,无风险,machine
AUD00002947,V00009686,2026-06-06 13:01:59,approved,无风险,machine
AUD00002948,V00006910,2026-04-17 11:51:26,approved,无风险,machine
AUD00002949,V00003746,2026-05-30 08:48:20,approved,无风险,mixed
AUD00002950,V00001998,2026-06-26 07:02:18,approved,无风险,machine
AUD00002951,V00013282,2026-03-24 09:49:59,approved,无风险,machine
AUD00002952,V00005931,2026-06-24 01:35:00,approved,无风险,machine
AUD00002953,V00002272,2026-06-27 23:10:45,approved,无风险,machine
AUD00002954,V00006280,2026-05-04 07:18:01,approved,无风险,machine
AUD00002955,V00012555,2026-08-09 18:03:33,approved,无风险,machine
AUD00002956,V00014974,2026-07-13 21:24:01,approved,无风险,human
AUD00002957,V00001392,2026-07-12 16:14:34,approved,无风险,machine
AUD00002958,V00008117,2026-07-03 09:45:05,approved,无风险,machine
AUD00002959,V00002681,2026-08-05 09:22:42,limited,无风险,machine
AUD00002960,V00002200,2026-05-31 12:52:32,approved,无风险,machine
AUD00002961,V00013248,2026-06-12 21:51:24,approved,无风险,human
AUD00002962,V00003536,2026-02-17 22:31:28,approved,无风险,machine
AUD00002963,V00000189,2026-07-22 23:58:59,approved,无风险,mixed
AUD00002964,V00011487,2026-07-29 15:46:05,approved,无风险,machine
AUD00002965,V00011060,2026-08-19 07:13:02,approved,无风险,machine
AUD00002966,V00014817,2026-05-17 12:32:24,approved,无风险,human
AUD00002967,V00002868,2026-02-13 10:47:19,approved,无风险,machine
AUD00002968,V00012163,2026-06-08 09:43:16,approved,无风险,machine
AUD00002969,V00005071,2026-08-07 21:10:31,approved,无风险,human
AUD00002970,V00001449,2026-04-25 14:50:04,approved,无风险,machine
AUD00002971,V00001260,2026-08-06 17:34:06,approved,无风险,mixed
AUD00002972,V00007229,2026-07-08 09:08:41,approved,无风险,mixed
AUD00002973,V00003347,2026-01-03 16:58:56,approved,无风险,machine
AUD00002974,V00007817,2026-06-16 07:03:16,approved,无风险,mixed
AUD00002975,V00007942,2026-07-04 08:26:05,approved,无风险,machine
AUD00002976,V00002464,2026-05-12 12:10:14,approved,无风险,mixed
AUD00002977,V00009162,2026-04-12 20:58:40,approved,无风险,machine
AUD00002978,V00007762,2026-04-15 13:36:31,approved,无风险,machine
AUD00002979,V00000121,2026-04-12 20:42:54,approved,无风险,machine
AUD00002980,V00001941,2026-07-07 10:17:37,approved,无风险,machine
AUD00002981,V00011234,2026-01-25 09:27:48,approved,无风险,machine
AUD00002982,V00011510,2026-01-02 12:08:28,approved,无风险,machine
AUD00002983,V00013419,2026-07-16 06:45:47,limited,无风险,human
AUD00002984,V00001268,2026-06-07 14:02:40,approved,无风险,machine
AUD00002985,V00012861,2026-08-07 09:11:34,approved,无风险,machine
AUD00002986,V00000456,2026-05-04 23:38:30,approved,无风险,machine
AUD00002987,V00005927,2026-02-07 05:33:58,approved,无风险,machine
AUD00002988,V00010947,2026-08-21 19:32:55,approved,无风险,machine
AUD00002989,V00004815,2026-04-01 00:59:47,approved,无风险,machine
AUD00002990,V00003251,2026-08-16 22:08:59,approved,无风险,machine
AUD00002991,V00006046,2026-08-24 06:21:45,approved,无风险,machine
AUD00002992,V00012125,2026-07-08 04:23:01,approved,虚假信息,machine
AUD00002993,V00004837,2026-08-12 12:20:13,approved,无风险,machine
AUD00002994,V00003595,2026-05-21 11:16:10,approved,无风险,machine
AUD00002995,V00002233,2026-06-03 20:14:05,approved,无风险,machine
AUD00002996,V00007875,2026-08-24 18:58:09,approved,无风险,machine
AUD00002997,V00002742,2026-06-15 02:02:34,approved,无风险,machine
AUD00002998,V00007726,2026-07-20 09:50:24,approved,无风险,machine
AUD00002999,V00003638,2026-07-04 01:54:14,approved,无风险,machine
AUD00003000,V00012313,2026-02-23 06:14:43,approved,无风险,mixed
AUD00003001,V00009910,2026-07-29 03:13:59,approved,无风险,machine
AUD00003002,V00008507,2026-07-30 17:16:31,approved,无风险,machine
AUD00003003,V00008783,2026-08-17 14:08:31,approved,无风险,machine
AUD00003004,V00001968,2026-07-18 14:08:40,approved,无风险,machine
AUD00003005,V00009151,2026-03-07 08:16:13,approved,无风险,machine
AUD00003006,V00011974,2026-08-09 16:03:23,approved,无风险,machine
AUD00003007,V00005067,2026-04-19 21:02:23,rejected,无风险,machine
AUD00003008,V00001064,2026-03-04 11:29:51,approved,无风险,machine
AUD00003009,V00009915,2026-08-06 06:55:17,approved,无风险,machine
AUD00003010,V00002123,2026-08-25 03:29:27,approved,无风险,mixed
AUD00003011,V00007958,2026-07-22 19:29:50,limited,无风险,machine
AUD00003012,V00005322,2026-07-07 09:06:39,approved,低俗,machine
AUD00003013,V00004397,2026-04-20 23:44:11,approved,无风险,machine
AUD00003014,V00000749,2026-04-30 15:00:35,approved,无风险,mixed
AUD00003015,V00009922,2026-03-15 01:25:29,approved,无风险,machine
AUD00003016,V00009760,2026-05-10 15:34:17,approved,无风险,mixed
AUD00003017,V00011361,2026-07-10 20:33:43,approved,无风险,human
AUD00003018,V00007436,2026-03-27 05:43:31,approved,无风险,machine
AUD00003019,V00011929,2026-07-17 11:35:38,approved,无风险,machine
AUD00003020,V00000079,2026-04-29 20:46:51,approved,无风险,machine
AUD00003021,V00003506,2026-02-01 02:34:27,approved,无风险,machine
AUD00003022,V00012091,2026-07-24 15:32:33,approved,无风险,machine
AUD00003023,V00003653,2026-08-10 23:25:59,approved,无风险,machine
AUD00003024,V00004274,2026-03-16 19:48:42,approved,无风险,mixed
AUD00003025,V00005940,2026-08-05 09:09:34,approved,无风险,mixed
AUD00003026,V00008101,2026-08-04 01:31:33,rejected,无风险,human
AUD00003027,V00014895,2026-08-20 20:25:18,approved,无风险,machine
AUD00003028,V00011444,2026-07-16 02:11:38,approved,无风险,machine
AUD00003029,V00014677,2026-05-18 12:08:40,approved,无风险,machine
AUD00003030,V00008206,2026-06-16 21:49:29,approved,无风险,mixed
AUD00003031,V00012478,2026-05-14 03:05:48,approved,无风险,machine
AUD00003032,V00001570,2026-08-21 04:35:27,approved,无风险,human
AUD00003033,V00006279,2026-07-25 05:06:43,approved,无风险,mixed
AUD00003034,V00012880,2026-08-23 00:07:00,approved,无风险,mixed
AUD00003035,V00002739,2026-01-11 03:47:02,approved,无风险,machine
AUD00003036,V00005260,2026-03-15 03:53:51,approved,无风险,machine
AUD00003037,V00014458,2026-08-16 07:03:55,approved,无风险,machine
AUD00003038,V00006337,2026-05-04 23:49:22,approved,无风险,mixed
AUD00003039,V00011686,2026-06-14 05:15:56,approved,无风险,human
AUD00003040,V00009713,2026-02-24 19:52:21,rejected,无风险,mixed
AUD00003041,V00010114,2026-07-08 20:48:21,approved,无风险,machine
AUD00003042,V00005043,2026-01-26 14:00:29,approved,无风险,mixed
AUD00003043,V00011888,2026-08-26 12:44:28,approved,无风险,machine
AUD00003044,V00009799,2026-05-23 10:23:51,approved,无风险,mixed
AUD00003045,V00010568,2026-04-29 14:09:11,limited,无风险,machine
AUD00003046,V00004230,2026-06-28 21:13:52,approved,无风险,machine
AUD00003047,V00010653,2026-06-19 12:07:05,approved,侵权,machine
AUD00003048,V00008015,2026-08-13 01:41:02,approved,无风险,machine
AUD00003049,V00004787,2026-05-15 23:34:58,approved,无风险,machine
AUD00003050,V00012809,2026-05-05 06:34:14,approved,无风险,machine
AUD00003051,V00003762,2026-01-31 11:57:59,approved,无风险,mixed
AUD00003052,V00011578,2026-07-11 20:26:51,approved,无风险,machine
AUD00003053,V00002047,2026-06-06 18:19:17,approved,无风险,machine
AUD00003054,V00003943,2026-04-20 10:06:58,approved,无风险,mixed
AUD00003055,V00012679,2026-03-17 14:36:06,approved,无风险,machine
AUD00003056,V00011867,2026-04-17 21:54:24,approved,无风险,machine
AUD00003057,V00002625,2026-06-23 01:19:40,limited,无风险,machine
AUD00003058,V00000487,2026-04-02 16:09:50,approved,无风险,machine
AUD00003059,V00000264,2026-05-14 22:19:05,approved,无风险,mixed
AUD00003060,V00008467,2026-02-23 14:20:30,approved,无风险,machine
AUD00003061,V00012072,2026-05-13 11:02:43,approved,无风险,machine
AUD00003062,V00002249,2026-07-31 10:23:26,approved,无风险,machine
AUD00003063,V00000183,2026-06-29 18:31:56,approved,无风险,machine
AUD00003064,V00003561,2026-06-09 20:46:46,approved,无风险,machine
AUD00003065,V00004761,2026-06-22 11:24:19,approved,无风险,machine
AUD00003066,V00008246,2026-08-28 11:11:18,approved,无风险,mixed
AUD00003067,V00004195,2026-08-23 10:07:15,approved,无风险,machine
AUD00003068,V00011585,2026-05-04 18:35:06,approved,无风险,human
AUD00003069,V00009325,2026-07-03 19:37:40,rejected,无风险,machine
AUD00003070,V00000984,2026-08-15 20:58:58,limited,无风险,machine
AUD00003071,V00012232,2026-03-04 13:34:26,approved,无风险,machine
AUD00003072,V00005289,2026-05-17 08:47:14,approved,无风险,mixed
AUD00003073,V00009579,2026-03-19 21:21:34,approved,无风险,mixed
AUD00003074,V00009570,2026-06-28 05:32:29,approved,无风险,mixed
AUD00003075,V00007319,2026-07-30 08:38:08,approved,无风险,machine
AUD00003076,V00002261,2026-02-04 06:49:20,approved,无风险,machine
AUD00003077,V00012667,2026-08-26 15:09:39,approved,无风险,machine
AUD00003078,V00001293,2026-08-14 06:29:01,approved,无风险,human
AUD00003079,V00003744,2026-05-11 02:45:49,approved,无风险,machine
AUD00003080,V00001259,2026-04-28 09:16:15,approved,无风险,machine
AUD00003081,V00007541,2026-03-22 07:29:07,approved,无风险,machine
AUD00003082,V00001900,2026-08-10 07:43:14,approved,无风险,machine
AUD00003083,V00013247,2026-04-12 05:28:44,approved,无风险,machine
AUD00003084,V00011229,2026-08-28 23:27:46,approved,无风险,machine
AUD00003085,V00001621,2026-06-06 20:17:42,approved,无风险,mixed
AUD00003086,V00004791,2026-05-30 07:37:38,approved,无风险,mixed
AUD00003087,V00012185,2026-03-11 19:46:40,approved,无风险,machine
AUD00003088,V00003552,2026-04-17 12:23:55,approved,无风险,machine
AUD00003089,V00000513,2026-02-17 03:45:19,approved,无风险,human
AUD00003090,V00004049,2026-01-08 18:00:13,approved,无风险,machine
AUD00003091,V00009032,2026-06-21 13:04:26,approved,无风险,mixed
AUD00003092,V00012434,2026-01-20 03:03:25,approved,无风险,machine
AUD00003093,V00010136,2026-06-27 15:14:52,approved,无风险,machine
AUD00003094,V00014330,2026-08-27 23:47:01,approved,无风险,mixed
AUD00003095,V00011465,2026-08-25 05:23:17,approved,无风险,human
AUD00003096,V00013586,2026-03-06 03:28:17,approved,无风险,machine
AUD00003097,V00007055,2026-05-27 15:03:34,approved,无风险,machine
AUD00003098,V00007080,2026-07-06 21:47:24,approved,无风险,mixed
AUD00003099,V00000842,2026-07-27 09:35:07,approved,无风险,machine
AUD00003100,V00005599,2026-08-09 04:46:53,approved,无风险,machine
AUD00003101,V00007295,2026-08-21 13:22:58,approved,无风险,machine
AUD00003102,V00011524,2026-03-20 18:56:52,approved,无风险,mixed
AUD00003103,V00010992,2026-08-01 16:17:56,approved,无风险,mixed
AUD00003104,V00013098,2026-08-24 00:55:44,approved,无风险,machine
AUD00003105,V00006636,2026-02-12 17:57:52,approved,无风险,machine
AUD00003106,V00000423,2026-06-22 08:56:11,approved,侵权,machine
AUD00003107,V00006251,2026-05-15 00:11:09,approved,无风险,machine
AUD00003108,V00012110,2026-04-11 17:04:52,approved,无风险,machine
AUD00003109,V00007433,2026-05-21 14:29:04,approved,无风险,human
AUD00003110,V00001216,2026-05-16 22:32:32,approved,无风险,machine
AUD00003111,V00013074,2026-03-19 06:34:03,approved,无风险,mixed
AUD00003112,V00014302,2026-08-19 06:40:23,approved,无风险,mixed
AUD00003113,V00004489,2026-05-08 11:48:42,approved,无风险,machine
AUD00003114,V00014622,2026-02-06 14:40:07,approved,无风险,mixed
AUD00003115,V00012277,2026-02-10 04:33:21,approved,无风险,human
AUD00003116,V00004647,2026-06-23 22:30:51,rejected,无风险,machine
AUD00003117,V00014033,2026-02-14 18:47:46,approved,无风险,machine
AUD00003118,V00013220,2026-04-06 04:45:30,approved,无风险,machine
AUD00003119,V00007814,2026-08-04 08:40:57,approved,无风险,machine
AUD00003120,V00008497,2026-03-21 19:34:22,rejected,无风险,mixed
AUD00003121,V00011033,2026-06-23 13:39:15,approved,无风险,machine
AUD00003122,V00000501,2026-08-02 07:29:26,approved,无风险,mixed
AUD00003123,V00013966,2026-04-17 08:16:53,approved,无风险,human
AUD00003124,V00004562,2026-01-13 22:13:18,limited,无风险,machine
AUD00003125,V00012896,2026-08-26 16:35:44,approved,无风险,machine
AUD00003126,V00006448,2026-08-28 21:40:13,approved,无风险,machine
AUD00003127,V00001334,2026-01-04 20:05:28,approved,无风险,machine
AUD00003128,V00010901,2026-03-01 14:53:55,approved,无风险,machine
AUD00003129,V00013821,2026-08-27 01:21:59,approved,无风险,machine
AUD00003130,V00000180,2026-06-15 12:37:48,approved,无风险,machine
AUD00003131,V00006729,2026-05-26 14:33:23,approved,无风险,machine
AUD00003132,V00007359,2026-01-03 22:08:09,approved,无风险,machine
AUD00003133,V00012868,2026-08-08 18:28:23,approved,无风险,machine
AUD00003134,V00005926,2026-07-11 19:09:09,approved,无风险,machine
AUD00003135,V00002411,2026-07-28 13:33:49,rejected,无风险,machine
AUD00003136,V00001841,2026-02-24 19:03:20,approved,无风险,mixed
AUD00003137,V00003468,2026-05-30 19:41:58,approved,无风险,mixed
AUD00003138,V00011926,2026-05-18 16:45:35,limited,无风险,mixed
AUD00003139,V00012506,2026-08-08 05:52:02,approved,无风险,machine
AUD00003140,V00007401,2026-08-21 01:07:35,approved,无风险,machine
AUD00003141,V00008668,2026-05-14 13:51:42,approved,无风险,machine
AUD00003142,V00006179,2026-08-07 08:15:09,approved,无风险,machine
AUD00003143,V00012867,2026-06-04 18:58:17,approved,无风险,machine
AUD00003144,V00001578,2026-08-08 22:30:57,approved,无风险,machine
AUD00003145,V00014706,2026-05-28 15:51:15,approved,无风险,machine
AUD00003146,V00011739,2026-07-07 11:31:34,limited,无风险,machine
AUD00003147,V00000225,2026-07-25 08:16:51,approved,无风险,human
AUD00003148,V00005039,2026-08-06 10:33:18,approved,无风险,machine
AUD00003149,V00004970,2026-04-25 10:12:49,approved,无风险,machine
AUD00003150,V00011344,2026-03-11 05:01:48,approved,无风险,machine
AUD00003151,V00000093,2026-02-20 02:49:43,approved,无风险,machine
AUD00003152,V00000262,2026-02-24 13:09:16,approved,无风险,machine
AUD00003153,V00009225,2026-01-29 21:39:27,approved,无风险,mixed
AUD00003154,V00006776,2026-02-10 14:35:15,approved,无风险,machine
AUD00003155,V00005672,2026-02-13 10:51:40,approved,无风险,mixed
AUD00003156,V00005486,2026-03-18 00:52:32,approved,无风险,machine
AUD00003157,V00000680,2026-05-30 11:31:54,approved,无风险,human
AUD00003158,V00009541,2026-08-20 12:38:01,approved,侵权,machine
AUD00003159,V00001198,2026-08-12 09:36:41,approved,无风险,machine
AUD00003160,V00002588,2026-08-26 16:15:09,approved,无风险,machine
AUD00003161,V00000919,2026-02-03 07:11:12,approved,无风险,human
AUD00003162,V00014705,2026-06-23 21:02:38,approved,无风险,human
AUD00003163,V00003921,2026-03-07 03:57:13,approved,无风险,human
AUD00003164,V00009224,2026-02-06 02:09:43,approved,无风险,machine
AUD00003165,V00011073,2026-05-16 20:15:23,approved,无风险,human
AUD00003166,V00010242,2026-05-16 23:01:21,approved,无风险,machine
AUD00003167,V00010684,2026-08-20 06:15:09,approved,无风险,mixed
AUD00003168,V00003212,2026-06-19 12:27:40,approved,无风险,mixed
AUD00003169,V00006399,2026-08-19 21:40:25,approved,无风险,human
AUD00003170,V00003526,2026-06-01 14:57:17,approved,无风险,machine
AUD00003171,V00007923,2026-05-15 06:28:19,approved,无风险,machine
AUD00003172,V00013368,2026-01-19 13:13:52,approved,无风险,machine
AUD00003173,V00014216,2026-05-02 13:03:27,approved,无风险,machine
AUD00003174,V00010366,2026-02-21 22:41:31,approved,无风险,mixed
AUD00003175,V00014565,2026-02-24 22:39:41,approved,虚假信息,machine
AUD00003176,V00007732,2026-04-03 02:17:58,approved,无风险,machine
AUD00003177,V00009861,2026-08-09 08:08:28,approved,无风险,machine
AUD00003178,V00014814,2026-06-30 05:38:52,approved,无风险,machine
AUD00003179,V00009172,2026-03-18 09:25:05,approved,无风险,machine
AUD00003180,V00011007,2026-02-08 01:03:52,approved,无风险,human
AUD00003181,V00013548,2026-05-01 09:18:40,approved,无风险,machine
AUD00003182,V00004779,2026-01-21 10:41:28,approved,无风险,machine
AUD00003183,V00001343,2026-05-20 08:58:13,approved,无风险,machine
AUD00003184,V00000426,2026-01-21 21:07:01,approved,无风险,human
AUD00003185,V00004706,2026-08-06 09:12:31,approved,无风险,machine
AUD00003186,V00008673,2026-06-23 17:12:59,approved,无风险,machine
AUD00003187,V00007225,2026-05-17 14:22:49,approved,无风险,machine
AUD00003188,V00004638,2026-06-24 06:28:53,approved,无风险,machine
AUD00003189,V00009817,2026-06-21 00:31:12,approved,无风险,machine
AUD00003190,V00008364,2026-08-04 04:42:59,approved,无风险,machine
AUD00003191,V00011531,2026-02-23 07:02:09,approved,无风险,machine
AUD00003192,V00004622,2026-06-22 07:37:25,approved,无风险,mixed
AUD00003193,V00007936,2026-06-04 23:09:14,approved,无风险,machine
AUD00003194,V00008995,2026-08-15 19:34:36,approved,无风险,mixed
AUD00003195,V00011004,2026-02-14 10:47:34,approved,无风险,machine
AUD00003196,V00010338,2026-06-05 17:09:19,rejected,无风险,machine
AUD00003197,V00001173,2026-04-08 14:11:00,approved,无风险,mixed
AUD00003198,V00014700,2026-08-03 13:04:41,approved,无风险,machine
AUD00003199,V00006385,2026-03-22 22:16:27,approved,无风险,machine
AUD00003200,V00009639,2026-08-04 17:18:36,approved,无风险,machine
AUD00003201,V00005808,2026-05-20 21:13:33,approved,无风险,machine
AUD00003202,V00013904,2026-08-26 12:59:20,approved,侵权,human
AUD00003203,V00003342,2026-08-08 04:08:17,approved,无风险,human
AUD00003204,V00009457,2026-06-03 11:28:30,approved,无风险,machine
AUD00003205,V00014758,2026-08-14 23:51:32,approved,无风险,mixed
AUD00003206,V00003427,2026-04-15 01:15:48,approved,无风险,machine
AUD00003207,V00013044,2026-07-11 02:28:57,approved,无风险,human
AUD00003208,V00011284,2026-08-10 15:51:39,approved,无风险,machine
AUD00003209,V00005094,2026-05-17 21:31:56,approved,无风险,machine
AUD00003210,V00012603,2026-01-14 05:42:57,approved,无风险,mixed
AUD00003211,V00002436,2026-08-09 19:49:48,approved,无风险,machine
AUD00003212,V00003516,2026-03-21 14:06:17,approved,无风险,machine
AUD00003213,V00005498,2026-02-27 21:17:00,approved,无风险,mixed
AUD00003214,V00007742,2026-02-16 07:21:22,approved,无风险,mixed
AUD00003215,V00007704,2026-02-15 19:20:27,approved,无风险,machine
AUD00003216,V00014620,2026-08-23 22:07:47,approved,无风险,machine
AUD00003217,V00003312,2026-06-11 01:30:15,approved,无风险,human
AUD00003218,V00001055,2026-06-19 07:35:40,approved,无风险,machine
AUD00003219,V00011754,2026-08-28 08:03:39,approved,无风险,human
AUD00003220,V00003698,2026-06-12 04:42:27,approved,无风险,machine
AUD00003221,V00010454,2026-06-02 07:42:05,approved,无风险,machine
AUD00003222,V00001623,2026-05-03 13:17:49,approved,无风险,machine
AUD00003223,V00003221,2026-07-22 02:24:25,approved,无风险,human
AUD00003224,V00001250,2026-02-09 08:04:44,approved,无风险,machine
AUD00003225,V00007791,2026-04-20 19:58:51,approved,无风险,machine
AUD00003226,V00004249,2026-08-05 19:44:30,approved,无风险,machine
AUD00003227,V00011918,2026-05-17 13:39:40,approved,无风险,machine
AUD00003228,V00009813,2026-06-06 20:17:59,approved,无风险,human
AUD00003229,V00010458,2026-08-08 03:37:27,approved,无风险,mixed
AUD00003230,V00007559,2026-04-27 16:47:52,approved,无风险,machine
AUD00003231,V00012910,2026-06-12 02:21:52,rejected,无风险,machine
AUD00003232,V00012822,2026-06-22 02:21:36,rejected,无风险,human
AUD00003233,V00001068,2026-07-13 19:04:45,approved,无风险,machine
AUD00003234,V00003257,2026-04-09 23:39:50,approved,虚假信息,machine
AUD00003235,V00002319,2026-07-31 01:40:23,approved,无风险,machine
AUD00003236,V00005015,2026-05-30 11:34:51,approved,无风险,human
AUD00003237,V00007175,2026-02-14 20:33:42,approved,无风险,machine
AUD00003238,V00000606,2026-03-15 19:11:51,approved,无风险,machine
AUD00003239,V00013322,2026-02-25 17:49:56,approved,无风险,machine
AUD00003240,V00007345,2026-06-16 05:15:01,approved,无风险,machine
AUD00003241,V00007290,2026-06-28 18:00:26,approved,虚假信息,machine
AUD00003242,V00008487,2026-03-24 07:27:30,approved,无风险,machine
AUD00003243,V00014484,2026-04-11 12:03:43,approved,无风险,human
AUD00003244,V00004857,2026-08-22 03:55:52,approved,无风险,machine
AUD00003245,V00012611,2026-02-12 07:50:08,approved,无风险,mixed
AUD00003246,V00014432,2026-08-21 17:16:05,approved,无风险,machine
AUD00003247,V00012207,2026-03-08 01:19:17,approved,无风险,machine
AUD00003248,V00014022,2026-04-08 13:29:40,approved,无风险,machine
AUD00003249,V00008615,2026-04-26 04:11:45,approved,无风险,machine
AUD00003250,V00000221,2026-01-24 08:19:27,approved,无风险,mixed
AUD00003251,V00003466,2026-07-12 22:49:17,approved,无风险,mixed
AUD00003252,V00012628,2026-04-20 16:56:36,approved,无风险,human
AUD00003253,V00004225,2026-01-31 13:04:15,approved,无风险,machine
AUD00003254,V00004874,2026-03-07 15:01:39,limited,无风险,machine
AUD00003255,V00014128,2026-08-21 12:27:29,approved,无风险,machine
AUD00003256,V00001601,2026-07-29 00:47:51,approved,无风险,human
AUD00003257,V00008537,2026-04-05 07:27:31,approved,无风险,machine
AUD00003258,V00006107,2026-07-21 05:37:21,approved,无风险,mixed
AUD00003259,V00010331,2026-03-24 08:25:43,approved,无风险,mixed
AUD00003260,V00004798,2026-08-03 22:09:00,approved,虚假信息,machine
AUD00003261,V00005269,2026-03-20 07:48:30,approved,无风险,machine
AUD00003262,V00005907,2026-01-08 22:46:03,approved,无风险,mixed
AUD00003263,V00006771,2026-06-17 18:24:30,approved,无风险,machine
AUD00003264,V00011452,2026-02-05 03:12:08,approved,无风险,mixed
AUD00003265,V00003438,2026-03-04 16:10:38,approved,无风险,mixed
AUD00003266,V00008197,2026-08-18 10:39:40,approved,无风险,machine
AUD00003267,V00011488,2026-05-30 20:43:07,approved,无风险,machine
AUD00003268,V00006559,2026-03-19 11:44:31,approved,无风险,machine
AUD00003269,V00010948,2026-03-14 02:22:42,approved,无风险,machine
AUD00003270,V00003504,2026-02-21 01:08:04,approved,无风险,machine
AUD00003271,V00003371,2026-06-16 04:30:28,approved,无风险,machine
AUD00003272,V00003704,2026-03-26 08:19:55,approved,无风险,machine
AUD00003273,V00014036,2026-08-28 19:46:14,approved,无风险,human
AUD00003274,V00012860,2026-04-22 01:10:53,approved,无风险,machine
AUD00003275,V00008353,2026-06-28 08:40:37,approved,无风险,machine
AUD00003276,V00006188,2026-05-30 01:16:43,approved,无风险,human
AUD00003277,V00004518,2026-06-07 21:33:40,approved,无风险,machine
AUD00003278,V00004337,2026-08-06 11:47:44,limited,无风险,human
AUD00003279,V00002839,2026-05-11 22:59:00,approved,无风险,mixed
AUD00003280,V00012573,2026-03-20 19:34:57,approved,无风险,machine
AUD00003281,V00010661,2026-04-01 11:38:53,approved,无风险,machine
AUD00003282,V00010015,2026-01-19 21:34:16,approved,无风险,machine
AUD00003283,V00002773,2026-02-21 13:24:39,approved,低俗,machine
AUD00003284,V00004537,2026-05-27 17:57:27,rejected,低俗,machine
AUD00003285,V00011614,2026-08-20 18:50:31,approved,无风险,machine
AUD00003286,V00009407,2026-07-24 05:47:50,approved,无风险,machine
AUD00003287,V00003839,2026-08-05 17:05:57,approved,无风险,machine
AUD00003288,V00014710,2026-02-01 15:15:19,approved,无风险,machine
AUD00003289,V00014367,2026-06-01 06:18:01,approved,无风险,machine
AUD00003290,V00011663,2026-08-05 04:02:48,approved,无风险,machine
AUD00003291,V00009007,2026-08-04 11:26:49,limited,侵权,machine
AUD00003292,V00005775,2026-02-10 04:58:06,approved,无风险,machine
AUD00003293,V00010891,2026-05-25 09:43:44,approved,低俗,machine
AUD00003294,V00009696,2026-03-08 12:49:21,approved,无风险,machine
AUD00003295,V00000993,2026-03-27 09:29:42,approved,无风险,mixed
AUD00003296,V00001698,2026-01-16 10:12:40,approved,无风险,mixed
AUD00003297,V00008481,2026-08-10 06:00:27,approved,无风险,human
AUD00003298,V00010397,2026-07-12 10:09:03,approved,侵权,machine
AUD00003299,V00009571,2026-08-06 11:42:24,limited,无风险,machine
AUD00003300,V00004873,2026-06-15 01:03:33,approved,无风险,machine
AUD00003301,V00010382,2026-07-06 19:49:31,approved,无风险,machine
AUD00003302,V00002714,2026-08-08 19:01:15,limited,无风险,mixed
AUD00003303,V00011297,2026-05-30 13:37:38,approved,无风险,machine
AUD00003304,V00011805,2026-07-07 01:10:44,approved,无风险,machine
AUD00003305,V00007720,2026-03-07 22:45:56,approved,无风险,machine
AUD00003306,V00003745,2026-04-06 05:27:47,approved,无风险,machine
AUD00003307,V00002706,2026-08-13 01:45:51,approved,无风险,machine
AUD00003308,V00004200,2026-08-19 00:37:51,approved,无风险,mixed
AUD00003309,V00004557,2026-01-10 13:22:13,approved,无风险,machine
AUD00003310,V00010183,2026-02-07 12:44:56,approved,无风险,machine
AUD00003311,V00014687,2026-04-30 04:48:12,limited,无风险,machine
AUD00003312,V00013231,2026-06-29 00:13:40,approved,无风险,machine
AUD00003313,V00010402,2026-01-08 03:24:42,approved,无风险,machine
AUD00003314,V00012838,2026-06-04 09:37:17,approved,无风险,mixed
AUD00003315,V00007702,2026-07-24 01:52:48,approved,无风险,machine
AUD00003316,V00009867,2026-04-29 18:53:28,approved,无风险,machine
AUD00003317,V00012272,2026-01-01 07:34:25,approved,无风险,machine
AUD00003318,V00009309,2026-07-10 20:24:44,approved,无风险,machine
AUD00003319,V00008501,2026-06-12 22:32:54,rejected,无风险,human
AUD00003320,V00004803,2026-05-02 14:23:15,approved,无风险,machine
AUD00003321,V00006867,2026-08-23 11:14:53,approved,无风险,machine
AUD00003322,V00007408,2026-02-09 13:28:21,limited,无风险,machine
AUD00003323,V00002785,2026-03-15 07:54:13,approved,无风险,machine
AUD00003324,V00002604,2026-08-20 00:05:57,approved,无风险,human
AUD00003325,V00011275,2026-07-27 15:14:10,approved,无风险,machine
AUD00003326,V00000577,2026-04-10 11:17:44,approved,无风险,machine
AUD00003327,V00004165,2026-04-06 21:41:37,approved,无风险,machine
AUD00003328,V00003374,2026-03-07 02:55:55,approved,无风险,machine
AUD00003329,V00003894,2026-06-14 02:17:54,approved,无风险,machine
AUD00003330,V00001646,2026-06-05 13:38:03,rejected,无风险,mixed
AUD00003331,V00012519,2026-08-24 09:35:39,approved,无风险,machine
AUD00003332,V00009324,2026-02-02 23:54:12,approved,无风险,machine
AUD00003333,V00003108,2026-05-26 09:04:21,approved,无风险,machine
AUD00003334,V00002483,2026-07-26 16:56:51,approved,无风险,mixed
AUD00003335,V00002711,2026-06-10 14:20:17,approved,无风险,machine
AUD00003336,V00009644,2026-06-25 02:58:07,rejected,低俗,mixed
AUD00003337,V00001196,2026-05-07 07:34:25,approved,无风险,mixed
AUD00003338,V00000464,2026-07-10 05:09:15,approved,无风险,machine
AUD00003339,V00005765,2026-08-20 02:10:53,approved,无风险,mixed
AUD00003340,V00013308,2026-03-10 04:55:58,approved,无风险,human
AUD00003341,V00003123,2026-05-10 21:59:42,approved,无风险,machine
AUD00003342,V00002566,2026-03-07 02:13:07,approved,无风险,machine
AUD00003343,V00001382,2026-04-25 23:02:38,approved,无风险,mixed
AUD00003344,V00001236,2026-02-26 11:00:49,approved,无风险,mixed
AUD00003345,V00001470,2026-05-20 09:43:27,approved,无风险,mixed
AUD00003346,V00013475,2026-07-14 01:18:06,approved,无风险,human
AUD00003347,V00010612,2026-05-30 06:13:46,approved,无风险,mixed
AUD00003348,V00000370,2026-02-14 23:40:29,approved,无风险,machine
AUD00003349,V00014578,2026-04-17 00:06:36,approved,无风险,human
AUD00003350,V00000578,2026-06-11 11:41:11,rejected,无风险,machine
AUD00003351,V00014919,2026-07-31 07:33:09,approved,无风险,human
AUD00003352,V00001997,2026-03-17 09:37:24,rejected,无风险,mixed
AUD00003353,V00004126,2026-06-19 17:38:28,approved,无风险,machine
AUD00003354,V00011675,2026-01-10 23:16:41,rejected,无风险,machine
AUD00003355,V00013288,2026-01-04 19:22:11,approved,无风险,machine
AUD00003356,V00004313,2026-04-06 23:15:41,approved,无风险,machine
AUD00003357,V00007674,2026-05-26 13:37:07,approved,无风险,machine
AUD00003358,V00003121,2026-01-23 09:45:12,approved,无风险,machine
AUD00003359,V00006359,2026-03-30 21:38:36,approved,无风险,machine
AUD00003360,V00001981,2026-08-18 12:04:02,approved,无风险,mixed
AUD00003361,V00008257,2026-08-11 22:45:56,approved,无风险,mixed
AUD00003362,V00006813,2026-07-21 01:19:44,approved,无风险,machine
AUD00003363,V00005021,2026-08-03 15:13:53,approved,无风险,mixed
AUD00003364,V00011339,2026-04-07 05:06:16,approved,无风险,machine
AUD00003365,V00012997,2026-05-23 06:57:41,approved,无风险,mixed
AUD00003366,V00004819,2026-03-20 00:29:50,approved,无风险,machine
AUD00003367,V00007977,2026-02-13 01:17:51,approved,无风险,machine
AUD00003368,V00011405,2026-07-10 23:01:58,approved,无风险,machine
AUD00003369,V00006934,2026-06-11 16:22:04,approved,无风险,mixed
AUD00003370,V00000523,2026-07-02 20:27:27,approved,无风险,human
AUD00003371,V00003553,2026-07-27 02:46:49,approved,无风险,human
AUD00003372,V00011994,2026-05-05 03:05:15,approved,无风险,machine
AUD00003373,V00001304,2026-03-14 19:14:47,approved,无风险,machine
AUD00003374,V00014983,2026-08-03 00:20:24,approved,无风险,machine
AUD00003375,V00002422,2026-08-18 20:38:48,approved,无风险,machine
AUD00003376,V00014906,2026-05-02 12:41:57,approved,无风险,machine
AUD00003377,V00009481,2026-06-12 15:09:49,approved,无风险,machine
AUD00003378,V00011053,2026-01-30 22:48:22,approved,无风险,mixed
AUD00003379,V00013479,2026-07-01 00:55:02,approved,无风险,machine
AUD00003380,V00007979,2026-04-19 19:05:50,approved,无风险,machine
AUD00003381,V00000810,2026-06-13 08:17:09,approved,无风险,machine
AUD00003382,V00011456,2026-07-23 11:52:28,approved,无风险,machine
AUD00003383,V00006102,2026-07-01 18:22:01,approved,无风险,mixed
AUD00003384,V00007627,2026-05-06 22:16:15,approved,无风险,machine
AUD00003385,V00008305,2026-04-04 02:49:06,approved,无风险,machine
AUD00003386,V00013043,2026-05-19 18:17:35,approved,无风险,machine
AUD00003387,V00001138,2026-05-01 00:11:51,approved,无风险,machine
AUD00003388,V00007465,2026-03-24 15:08:37,approved,无风险,machine
AUD00003389,V00006132,2026-07-18 02:07:30,approved,无风险,machine
AUD00003390,V00014053,2026-08-05 01:21:13,approved,无风险,machine
AUD00003391,V00007212,2026-08-13 18:50:19,approved,无风险,machine
AUD00003392,V00002330,2026-04-25 20:06:32,approved,无风险,human
AUD00003393,V00003009,2026-08-21 08:14:08,approved,无风险,machine
AUD00003394,V00003030,2026-05-01 01:35:24,approved,无风险,machine
AUD00003395,V00013216,2026-03-07 07:21:29,approved,无风险,mixed
AUD00003396,V00011697,2026-05-21 00:00:06,approved,无风险,machine
AUD00003397,V00009685,2026-08-18 21:56:04,approved,无风险,machine
AUD00003398,V00011252,2026-05-30 03:26:15,rejected,无风险,machine
AUD00003399,V00001844,2026-02-23 06:38:45,approved,无风险,machine
AUD00003400,V00007707,2026-08-03 14:57:21,approved,无风险,machine
AUD00003401,V00011978,2026-03-02 03:34:25,approved,无风险,human
AUD00003402,V00001816,2026-02-13 15:03:06,approved,无风险,machine
AUD00003403,V00002017,2026-02-01 23:03:44,approved,侵权,machine
AUD00003404,V00013490,2026-07-21 14:05:38,approved,无风险,mixed
AUD00003405,V00007739,2026-05-05 22:25:30,approved,无风险,machine
AUD00003406,V00013916,2026-08-17 00:49:09,approved,低俗,mixed
AUD00003407,V00011324,2026-02-14 01:49:34,approved,无风险,mixed
AUD00003408,V00014360,2026-04-19 21:24:01,approved,侵权,machine
AUD00003409,V00012594,2026-06-17 04:19:34,approved,无风险,machine
AUD00003410,V00014897,2026-06-29 22:07:25,approved,无风险,machine
AUD00003411,V00013725,2026-02-12 03:50:49,approved,无风险,machine
AUD00003412,V00014417,2026-08-23 22:52:03,approved,无风险,mixed
AUD00003413,V00011533,2026-01-19 03:38:48,approved,无风险,machine
AUD00003414,V00012205,2026-08-07 18:39:59,approved,无风险,mixed
AUD00003415,V00006977,2026-08-26 07:27:04,approved,无风险,machine
AUD00003416,V00002154,2026-05-09 20:07:49,approved,无风险,human
AUD00003417,V00002370,2026-07-15 13:38:08,approved,无风险,machine
AUD00003418,V00007803,2026-05-16 12:49:16,approved,无风险,mixed
AUD00003419,V00012835,2026-06-30 04:24:23,approved,无风险,machine
AUD00003420,V00012746,2026-06-03 06:10:27,approved,无风险,machine
AUD00003421,V00001312,2026-08-06 10:28:06,approved,无风险,mixed
AUD00003422,V00012204,2026-05-19 02:36:01,rejected,无风险,machine
AUD00003423,V00011058,2026-03-18 10:28:22,approved,无风险,mixed
AUD00003424,V00007157,2026-04-13 06:12:17,approved,无风险,machine
AUD00003425,V00014133,2026-02-14 10:20:27,approved,无风险,human
AUD00003426,V00001944,2026-05-11 18:59:22,approved,无风险,machine
AUD00003427,V00006064,2026-05-05 03:27:43,approved,低俗,mixed
AUD00003428,V00001411,2026-07-25 13:33:46,approved,无风险,machine
AUD00003429,V00011397,2026-05-31 06:14:14,approved,无风险,human
AUD00003430,V00014593,2026-06-24 00:51:38,approved,无风险,mixed
AUD00003431,V00005431,2026-01-27 12:54:17,approved,无风险,machine
AUD00003432,V00009750,2026-07-01 16:49:45,approved,无风险,mixed
AUD00003433,V00013787,2026-08-22 05:45:45,approved,无风险,machine
AUD00003434,V00012329,2026-03-11 06:38:14,approved,虚假信息,machine
AUD00003435,V00012410,2026-07-14 07:01:16,approved,无风险,human
AUD00003436,V00014613,2026-01-30 11:37:36,approved,无风险,machine
AUD00003437,V00008384,2026-08-07 20:30:45,approved,无风险,machine
AUD00003438,V00011015,2026-05-06 07:18:45,approved,无风险,machine
AUD00003439,V00012936,2026-08-16 14:08:02,approved,无风险,mixed
AUD00003440,V00009372,2026-01-31 21:01:58,approved,无风险,machine
AUD00003441,V00013954,2026-02-03 13:37:57,approved,无风险,machine
AUD00003442,V00010990,2026-07-16 16:52:36,approved,无风险,mixed
AUD00003443,V00001328,2026-04-11 09:28:21,approved,无风险,machine
AUD00003444,V00009845,2026-08-14 19:31:36,approved,无风险,mixed
AUD00003445,V00005799,2026-05-25 22:26:44,approved,虚假信息,mixed
AUD00003446,V00003965,2026-05-21 22:07:56,approved,无风险,machine
AUD00003447,V00001792,2026-07-28 14:27:57,approved,无风险,mixed
AUD00003448,V00008560,2026-08-03 11:25:46,approved,无风险,machine
AUD00003449,V00000001,2026-03-27 03:53:32,limited,无风险,machine
AUD00003450,V00008056,2026-03-09 01:05:03,rejected,无风险,machine
AUD00003451,V00007060,2026-06-09 11:47:31,approved,无风险,machine
AUD00003452,V00011791,2026-04-17 10:30:39,approved,无风险,mixed
AUD00003453,V00014740,2026-08-16 03:09:44,rejected,无风险,machine
AUD00003454,V00005040,2026-05-10 20:50:54,approved,无风险,machine
AUD00003455,V00005385,2026-07-30 09:55:16,approved,无风险,mixed
AUD00003456,V00005716,2026-07-04 06:14:48,approved,无风险,mixed
AUD00003457,V00011746,2026-07-31 12:18:16,approved,无风险,machine
AUD00003458,V00006535,2026-03-16 00:01:28,approved,无风险,machine
AUD00003459,V00002308,2026-01-16 17:16:56,approved,无风险,machine
AUD00003460,V00003176,2026-02-18 09:05:57,approved,无风险,mixed
AUD00003461,V00005433,2026-01-03 03:19:53,approved,低俗,machine
AUD00003462,V00011557,2026-01-10 15:46:03,approved,无风险,machine
AUD00003463,V00005718,2026-02-03 12:05:46,approved,无风险,machine
AUD00003464,V00003270,2026-07-18 07:41:10,limited,无风险,machine
AUD00003465,V00009361,2026-05-14 05:25:26,approved,无风险,machine
AUD00003466,V00006866,2026-04-14 01:33:25,approved,无风险,mixed
AUD00003467,V00006028,2026-01-13 06:14:39,approved,无风险,machine
AUD00003468,V00005951,2026-05-02 01:13:10,approved,无风险,machine
AUD00003469,V00001902,2026-06-08 12:48:39,approved,无风险,human
AUD00003470,V00005974,2026-07-03 23:40:07,approved,无风险,machine
AUD00003471,V00013083,2026-07-04 01:42:58,approved,无风险,machine
AUD00003472,V00004536,2026-02-27 19:01:56,approved,无风险,machine
AUD00003473,V00013698,2026-02-08 11:10:32,approved,无风险,machine
AUD00003474,V00012145,2026-03-11 22:58:58,approved,无风险,machine
AUD00003475,V00001230,2026-06-17 22:05:17,approved,无风险,human
AUD00003476,V00014273,2026-07-08 08:56:20,approved,无风险,mixed
AUD00003477,V00007671,2026-08-11 12:01:06,approved,无风险,mixed
AUD00003478,V00010170,2026-06-19 22:28:39,approved,无风险,machine
AUD00003479,V00000790,2026-05-19 00:57:29,approved,无风险,machine
AUD00003480,V00009609,2026-08-07 02:03:58,approved,无风险,human
AUD00003481,V00011159,2026-01-29 07:30:12,approved,无风险,mixed
AUD00003482,V00013275,2026-08-16 16:26:02,approved,无风险,machine
AUD00003483,V00010585,2026-03-29 14:29:02,approved,无风险,machine
AUD00003484,V00000527,2026-07-11 00:26:00,approved,无风险,machine
AUD00003485,V00012772,2026-03-26 00:44:54,approved,无风险,machine
AUD00003486,V00013546,2026-08-23 03:14:40,approved,无风险,machine
AUD00003487,V00006639,2026-02-21 06:40:36,approved,侵权,human
AUD00003488,V00000697,2026-03-04 09:53:07,approved,无风险,human
AUD00003489,V00011459,2026-05-19 18:32:54,approved,无风险,machine
AUD00003490,V00009257,2026-04-08 17:30:53,approved,无风险,mixed
AUD00003491,V00008830,2026-08-21 05:01:08,approved,无风险,machine
AUD00003492,V00008108,2026-07-22 02:09:57,approved,无风险,mixed
AUD00003493,V00000356,2026-07-10 15:36:54,approved,低俗,mixed
AUD00003494,V00001098,2026-08-03 05:24:54,limited,无风险,machine
AUD00003495,V00003096,2026-04-08 03:32:55,approved,无风险,mixed
AUD00003496,V00012465,2026-02-09 10:26:26,approved,无风险,mixed
AUD00003497,V00014657,2026-04-02 20:59:15,approved,无风险,machine
AUD00003498,V00007343,2026-03-30 21:03:46,approved,低俗,machine
AUD00003499,V00006018,2026-06-03 13:09:41,approved,虚假信息,mixed
AUD00003500,V00010742,2026-05-31 20:31:59,approved,无风险,machine
AUD00003501,V00011742,2026-04-30 06:28:22,approved,无风险,machine
AUD00003502,V00009200,2026-06-28 21:33:44,approved,无风险,machine
AUD00003503,V00004434,2026-07-25 04:26:08,approved,无风险,machine
AUD00003504,V00014314,2026-07-17 06:41:31,approved,无风险,machine
AUD00003505,V00008727,2026-08-14 01:52:04,approved,无风险,machine
AUD00003506,V00006811,2026-03-26 23:38:24,approved,无风险,machine
AUD00003507,V00001008,2026-08-28 16:14:32,approved,低俗,machine
AUD00003508,V00007308,2026-07-23 13:04:58,approved,无风险,human
AUD00003509,V00010823,2026-05-29 09:31:57,approved,无风险,mixed
AUD00003510,V00011175,2026-08-27 17:50:26,approved,无风险,machine
AUD00003511,V00003340,2026-05-08 16:25:13,approved,无风险,machine
AUD00003512,V00009226,2026-05-20 06:00:04,approved,无风险,human
AUD00003513,V00002298,2026-02-23 16:39:19,approved,无风险,machine
AUD00003514,V00010725,2026-04-26 08:46:01,approved,无风险,mixed
AUD00003515,V00010155,2026-02-04 23:17:05,approved,虚假信息,machine
AUD00003516,V00001036,2026-08-03 21:10:48,approved,无风险,mixed
AUD00003517,V00013047,2026-01-03 10:16:23,approved,无风险,machine
AUD00003518,V00011169,2026-05-17 05:35:27,approved,无风险,machine
AUD00003519,V00008103,2026-05-09 20:36:27,approved,无风险,machine
AUD00003520,V00002102,2026-01-20 23:12:36,approved,无风险,machine
AUD00003521,V00004877,2026-06-05 21:24:00,approved,无风险,machine
AUD00003522,V00006815,2026-05-20 20:37:31,approved,无风险,machine
AUD00003523,V00013237,2026-05-27 03:15:44,approved,无风险,mixed
AUD00003524,V00011981,2026-06-05 16:52:12,approved,无风险,machine
AUD00003525,V00011163,2026-06-16 04:03:57,approved,无风险,mixed
AUD00003526,V00006293,2026-01-15 02:14:14,approved,无风险,machine
AUD00003527,V00014023,2026-07-24 06:35:21,approved,无风险,machine
AUD00003528,V00011059,2026-01-03 02:21:53,rejected,无风险,machine
AUD00003529,V00011855,2026-01-11 22:31:20,approved,无风险,machine
AUD00003530,V00008076,2026-03-08 05:00:59,approved,无风险,human
AUD00003531,V00002433,2026-01-09 07:02:19,approved,无风险,machine
AUD00003532,V00001552,2026-06-04 07:17:38,rejected,无风险,machine
AUD00003533,V00009972,2026-07-23 15:24:42,approved,无风险,machine
AUD00003534,V00004997,2026-06-19 23:29:12,limited,无风险,machine
AUD00003535,V00008718,2026-07-29 19:22:59,approved,无风险,machine
AUD00003536,V00006950,2026-08-11 20:09:10,approved,无风险,human
AUD00003537,V00007736,2026-05-03 22:37:47,rejected,无风险,human
AUD00003538,V00008959,2026-07-04 17:59:34,limited,无风险,machine
AUD00003539,V00002511,2026-06-13 10:31:34,approved,无风险,machine
AUD00003540,V00001214,2026-06-11 04:20:40,approved,无风险,mixed
AUD00003541,V00010739,2026-07-21 15:22:27,approved,无风险,machine
AUD00003542,V00010510,2026-04-28 13:06:46,approved,无风险,human
AUD00003543,V00003720,2026-03-06 02:30:28,approved,无风险,machine
AUD00003544,V00011032,2026-03-23 19:32:41,approved,无风险,machine
AUD00003545,V00006461,2026-03-27 08:33:20,approved,无风险,mixed
AUD00003546,V00004102,2026-06-28 04:06:53,limited,无风险,machine
AUD00003547,V00014140,2026-01-31 04:47:35,approved,无风险,human
AUD00003548,V00010971,2026-08-07 15:19:57,approved,无风险,mixed
AUD00003549,V00008360,2026-07-06 05:09:50,approved,无风险,mixed
AUD00003550,V00013269,2026-05-21 08:21:35,approved,无风险,machine
AUD00003551,V00000594,2026-05-12 04:11:57,limited,无风险,machine
AUD00003552,V00002607,2026-04-19 08:35:54,approved,无风险,machine
AUD00003553,V00012303,2026-07-17 01:59:52,approved,无风险,mixed
AUD00003554,V00000061,2026-06-17 09:04:13,approved,无风险,machine
AUD00003555,V00006538,2026-01-20 23:23:17,approved,无风险,human
AUD00003556,V00013856,2026-05-05 10:27:38,approved,无风险,machine
AUD00003557,V00009118,2026-06-10 16:32:37,approved,无风险,machine
AUD00003558,V00009383,2026-08-24 13:52:10,approved,无风险,machine
AUD00003559,V00002367,2026-05-04 09:22:38,approved,无风险,machine
AUD00003560,V00002389,2026-07-27 09:11:42,approved,无风险,machine
AUD00003561,V00009852,2026-04-16 18:19:10,approved,无风险,machine
AUD00003562,V00007527,2026-06-10 09:20:20,approved,无风险,mixed
AUD00003563,V00014540,2026-01-25 13:31:49,approved,低俗,machine
AUD00003564,V00014831,2026-08-07 07:50:46,approved,无风险,machine
AUD00003565,V00001527,2026-08-14 00:01:32,approved,侵权,machine
AUD00003566,V00011201,2026-02-24 03:29:06,approved,无风险,human
AUD00003567,V00007864,2026-06-23 05:48:14,approved,无风险,machine
AUD00003568,V00006025,2026-05-06 00:59:09,approved,无风险,mixed
AUD00003569,V00003318,2026-08-05 02:15:18,approved,无风险,machine
AUD00003570,V00010267,2026-07-23 06:19:13,approved,无风险,mixed
AUD00003571,V00000963,2026-02-02 04:30:51,approved,无风险,machine
AUD00003572,V00011730,2026-04-10 00:23:07,approved,无风险,machine
AUD00003573,V00012283,2026-03-17 14:10:53,rejected,无风险,machine
AUD00003574,V00006687,2026-05-19 16:24:21,rejected,无风险,mixed
AUD00003575,V00003423,2026-02-01 02:35:07,approved,无风险,mixed
AUD00003576,V00009751,2026-08-09 06:05:34,approved,无风险,machine
AUD00003577,V00003143,2026-02-05 00:01:44,approved,虚假信息,machine
AUD00003578,V00012446,2026-06-18 16:11:59,approved,无风险,machine
AUD00003579,V00007988,2026-06-16 21:55:32,approved,无风险,machine
AUD00003580,V00008885,2026-03-13 19:45:31,approved,无风险,machine
AUD00003581,V00009536,2026-07-06 06:40:51,limited,无风险,machine
AUD00003582,V00009819,2026-08-28 10:12:55,approved,无风险,human
AUD00003583,V00003611,2026-05-16 13:56:17,approved,无风险,mixed
AUD00003584,V00012082,2026-08-15 20:50:26,approved,无风险,machine
AUD00003585,V00003951,2026-02-09 12:01:24,approved,无风险,machine
AUD00003586,V00012141,2026-05-13 03:20:44,limited,无风险,mixed
AUD00003587,V00002477,2026-05-03 17:13:02,approved,无风险,machine
AUD00003588,V00013113,2026-03-26 12:31:54,approved,无风险,human
AUD00003589,V00003102,2026-04-02 21:24:20,approved,无风险,mixed
AUD00003590,V00005712,2026-01-24 12:10:53,approved,无风险,machine
AUD00003591,V00013158,2026-06-24 07:20:55,approved,无风险,human
AUD00003592,V00003508,2026-07-20 00:21:58,approved,无风险,mixed
AUD00003593,V00003507,2026-01-22 15:03:44,approved,无风险,machine
AUD00003594,V00007341,2026-05-06 08:38:53,approved,无风险,machine
AUD00003595,V00008703,2026-06-14 01:30:28,approved,无风险,machine
AUD00003596,V00014506,2026-04-22 13:48:03,approved,无风险,mixed
AUD00003597,V00007073,2026-03-04 14:32:00,approved,无风险,mixed
AUD00003598,V00006619,2026-02-22 23:53:47,approved,无风险,machine
AUD00003599,V00009445,2026-05-29 16:27:37,approved,无风险,mixed
AUD00003600,V00000583,2026-08-26 14:54:36,approved,无风险,mixed
AUD00003601,V00002262,2026-05-13 17:33:37,approved,无风险,machine
AUD00003602,V00003243,2026-03-27 16:54:40,approved,无风险,machine
AUD00003603,V00013397,2026-04-25 04:56:11,approved,无风险,machine
AUD00003604,V00000197,2026-08-20 19:24:41,approved,无风险,machine
AUD00003605,V00010063,2026-06-03 19:39:44,rejected,无风险,mixed
AUD00003606,V00008574,2026-04-06 11:45:46,approved,无风险,machine
AUD00003607,V00006545,2026-07-18 13:46:16,approved,无风险,machine
AUD00003608,V00003689,2026-02-05 06:49:42,approved,无风险,mixed
AUD00003609,V00009596,2026-08-22 12:01:56,approved,无风险,mixed
AUD00003610,V00005736,2026-06-22 08:35:02,approved,无风险,human
AUD00003611,V00005362,2026-08-19 09:29:48,approved,无风险,machine
AUD00003612,V00008014,2026-01-05 02:36:54,approved,无风险,machine
AUD00003613,V00010963,2026-02-23 04:15:04,approved,无风险,mixed
AUD00003614,V00009339,2026-02-15 09:36:00,approved,虚假信息,machine
AUD00003615,V00004095,2026-06-28 21:30:32,approved,无风险,machine
AUD00003616,V00010060,2026-05-07 15:24:12,approved,虚假信息,mixed
AUD00003617,V00006310,2026-08-20 10:01:17,approved,无风险,machine
AUD00003618,V00000575,2026-08-20 11:41:29,approved,无风险,machine
AUD00003619,V00013138,2026-04-12 12:50:37,approved,无风险,mixed
AUD00003620,V00003313,2026-06-30 11:15:18,approved,无风险,machine
AUD00003621,V00002904,2026-04-02 08:37:12,approved,无风险,machine
AUD00003622,V00002456,2026-08-05 15:34:27,approved,无风险,mixed
AUD00003623,V00014878,2026-08-21 22:23:09,approved,无风险,mixed
AUD00003624,V00007023,2026-05-05 13:10:22,rejected,无风险,mixed
AUD00003625,V00010876,2026-07-24 04:20:13,approved,无风险,machine
AUD00003626,V00001544,2026-03-12 21:32:05,approved,无风险,mixed
AUD00003627,V00004057,2026-01-25 23:45:20,approved,无风险,mixed
AUD00003628,V00009331,2026-08-28 21:16:27,approved,无风险,mixed
AUD00003629,V00009163,2026-06-13 14:39:37,approved,无风险,mixed
AUD00003630,V00010119,2026-06-27 02:51:18,approved,无风险,machine
AUD00003631,V00003596,2026-05-15 00:42:03,approved,无风险,machine
AUD00003632,V00000043,2026-05-04 03:23:49,approved,无风险,machine
AUD00003633,V00009550,2026-04-02 13:16:00,approved,无风险,machine
AUD00003634,V00007568,2026-06-25 22:02:10,approved,无风险,machine
AUD00003635,V00009049,2026-08-02 16:18:37,approved,无风险,mixed
AUD00003636,V00014160,2026-01-29 13:24:47,approved,低俗,machine
AUD00003637,V00002078,2026-01-24 22:37:39,approved,无风险,machine
AUD00003638,V00007249,2026-01-30 06:30:57,approved,无风险,machine
AUD00003639,V00012800,2026-07-06 08:41:55,approved,无风险,mixed
AUD00003640,V00007429,2026-08-07 19:14:04,approved,无风险,human
AUD00003641,V00007718,2026-08-25 20:16:01,approved,无风险,mixed
AUD00003642,V00002243,2026-08-07 21:54:13,approved,无风险,machine
AUD00003643,V00008217,2026-08-15 16:55:58,approved,无风险,mixed
AUD00003644,V00000498,2026-07-31 01:01:23,approved,无风险,machine
AUD00003645,V00005415,2026-05-27 18:37:28,approved,无风险,mixed
AUD00003646,V00000470,2026-06-27 20:06:07,approved,无风险,mixed
AUD00003647,V00001016,2026-08-16 14:32:18,approved,侵权,mixed
AUD00003648,V00008633,2026-07-23 09:04:36,approved,无风险,machine
AUD00003649,V00002997,2026-01-28 02:11:20,approved,无风险,human
AUD00003650,V00010810,2026-02-18 13:38:47,approved,无风险,machine
AUD00003651,V00012650,2026-02-16 06:26:51,approved,无风险,machine
AUD00003652,V00009311,2026-08-19 13:13:55,approved,无风险,human
AUD00003653,V00007832,2026-02-09 23:43:33,approved,无风险,machine
AUD00003654,V00012456,2026-07-25 03:43:21,approved,无风险,machine
AUD00003655,V00008309,2026-01-16 13:06:06,approved,无风险,machine
AUD00003656,V00013449,2026-07-21 22:49:23,approved,虚假信息,machine
AUD00003657,V00013304,2026-08-18 20:17:51,approved,无风险,mixed
AUD00003658,V00006926,2026-07-31 16:01:19,approved,无风险,mixed
AUD00003659,V00012458,2026-07-15 09:17:48,approved,虚假信息,mixed
AUD00003660,V00010920,2026-03-29 10:00:26,approved,无风险,machine
AUD00003661,V00000305,2026-08-02 12:12:07,rejected,无风险,mixed
AUD00003662,V00000589,2026-01-09 01:41:27,approved,无风险,machine
AUD00003663,V00009391,2026-04-29 11:30:43,approved,无风险,machine
AUD00003664,V00000427,2026-03-16 11:01:36,approved,无风险,machine
AUD00003665,V00003898,2026-05-11 07:59:46,approved,无风险,mixed
AUD00003666,V00013602,2026-05-08 01:36:23,limited,无风险,human
AUD00003667,V00010993,2026-04-21 07:49:47,rejected,无风险,machine
AUD00003668,V00007689,2026-02-08 14:14:13,rejected,无风险,machine
AUD00003669,V00001730,2026-02-09 11:24:17,approved,无风险,machine
AUD00003670,V00008979,2026-06-09 00:28:59,approved,无风险,mixed
AUD00003671,V00014451,2026-01-03 21:19:12,approved,虚假信息,machine
AUD00003672,V00012310,2026-08-16 10:06:17,approved,无风险,machine
AUD00003673,V00013567,2026-06-04 08:21:52,limited,无风险,machine
AUD00003674,V00000271,2026-07-13 10:42:29,approved,无风险,human
AUD00003675,V00013266,2026-06-23 11:48:19,approved,无风险,mixed
AUD00003676,V00004053,2026-03-08 06:41:36,approved,无风险,machine
AUD00003677,V00000154,2026-03-14 10:45:35,approved,无风险,machine
AUD00003678,V00001896,2026-08-03 17:19:22,approved,无风险,machine
AUD00003679,V00004461,2026-05-05 04:00:40,approved,无风险,machine
AUD00003680,V00004597,2026-05-07 23:29:38,approved,无风险,machine
AUD00003681,V00009038,2026-08-01 03:17:12,approved,无风险,mixed
AUD00003682,V00008132,2026-08-20 08:51:09,approved,无风险,human
AUD00003683,V00005884,2026-05-07 13:38:57,approved,无风险,machine
AUD00003684,V00004160,2026-06-20 09:06:02,approved,无风险,machine
AUD00003685,V00001478,2026-01-25 06:20:46,approved,无风险,mixed
AUD00003686,V00012038,2026-07-09 01:17:38,approved,无风险,machine
AUD00003687,V00010221,2026-08-16 04:27:55,approved,无风险,human
AUD00003688,V00012565,2026-06-19 05:19:16,approved,无风险,machine
AUD00003689,V00004129,2026-04-21 05:18:14,approved,低俗,machine
AUD00003690,V00009723,2026-08-22 15:32:29,approved,低俗,machine
AUD00003691,V00008862,2026-08-10 21:16:02,approved,无风险,mixed
AUD00003692,V00011442,2026-06-19 11:07:50,approved,无风险,machine
AUD00003693,V00004801,2026-04-10 02:25:29,approved,无风险,mixed
AUD00003694,V00002966,2026-07-01 14:58:27,approved,无风险,machine
AUD00003695,V00002021,2026-04-12 20:21:38,approved,无风险,mixed
AUD00003696,V00010701,2026-05-23 00:14:36,approved,无风险,machine
AUD00003697,V00000690,2026-06-12 09:35:41,approved,无风险,machine
AUD00003698,V00006712,2026-01-30 18:23:15,approved,无风险,mixed
AUD00003699,V00003310,2026-08-15 02:45:13,limited,无风险,human
AUD00003700,V00013109,2026-06-19 15:33:18,approved,无风险,machine
AUD00003701,V00010490,2026-07-25 01:12:26,approved,无风险,machine
AUD00003702,V00003351,2026-03-05 21:44:28,approved,无风险,machine
AUD00003703,V00003439,2026-04-19 14:05:34,approved,无风险,machine
AUD00003704,V00013175,2026-06-02 17:02:39,approved,无风险,machine
AUD00003705,V00004188,2026-01-29 15:12:04,approved,无风险,machine
AUD00003706,V00012825,2026-01-23 17:06:28,approved,低俗,mixed
AUD00003707,V00011934,2026-02-26 03:32:57,approved,无风险,machine
AUD00003708,V00002674,2026-07-17 20:10:12,approved,无风险,machine
AUD00003709,V00002482,2026-03-22 19:10:03,approved,无风险,machine
AUD00003710,V00012107,2026-01-22 17:40:08,approved,无风险,machine
AUD00003711,V00000128,2026-08-18 11:10:39,approved,无风险,machine
AUD00003712,V00012872,2026-07-08 17:48:39,approved,无风险,machine
AUD00003713,V00004727,2026-06-05 12:27:59,approved,无风险,machine
AUD00003714,V00008655,2026-03-24 14:09:05,approved,无风险,machine
AUD00003715,V00012715,2026-08-13 08:46:04,approved,无风险,machine
AUD00003716,V00013389,2026-01-24 09:44:25,approved,无风险,machine
AUD00003717,V00011674,2026-04-03 16:43:51,approved,无风险,machine
AUD00003718,V00010522,2026-06-28 16:40:52,approved,无风险,machine
AUD00003719,V00013796,2026-04-27 12:42:16,rejected,无风险,machine
AUD00003720,V00006149,2026-01-06 10:25:57,approved,无风险,machine
AUD00003721,V00003775,2026-08-02 09:01:17,rejected,无风险,machine
AUD00003722,V00001837,2026-08-18 23:05:36,approved,无风险,machine
AUD00003723,V00007703,2026-04-03 18:28:18,approved,无风险,machine
AUD00003724,V00014272,2026-06-03 12:36:15,approved,无风险,machine
AUD00003725,V00011947,2026-06-23 22:02:17,rejected,无风险,machine
AUD00003726,V00013441,2026-02-18 18:22:00,approved,无风险,mixed
AUD00003727,V00000054,2026-06-07 14:25:31,approved,无风险,human
AUD00003728,V00010069,2026-08-14 22:05:49,approved,无风险,machine
AUD00003729,V00008464,2026-04-15 13:19:44,approved,无风险,mixed
AUD00003730,V00006090,2026-01-01 15:34:31,approved,侵权,machine
AUD00003731,V00006622,2026-05-09 22:19:41,approved,无风险,machine
AUD00003732,V00008310,2026-08-19 07:34:56,approved,无风险,machine
AUD00003733,V00010024,2026-08-18 23:54:20,approved,无风险,machine
AUD00003734,V00003043,2026-07-18 04:11:46,approved,无风险,machine
AUD00003735,V00000218,2026-08-25 06:20:20,limited,无风险,human
AUD00003736,V00000276,2026-05-22 00:35:52,approved,无风险,machine
AUD00003737,V00005522,2026-08-03 19:56:24,approved,无风险,machine
AUD00003738,V00006327,2026-01-24 05:44:36,approved,无风险,machine
AUD00003739,V00010878,2026-06-16 11:24:53,approved,无风险,machine
AUD00003740,V00000239,2026-08-24 10:50:52,approved,无风险,machine
AUD00003741,V00010200,2026-03-01 02:33:43,approved,无风险,mixed
AUD00003742,V00000186,2026-01-30 00:24:26,approved,无风险,machine
AUD00003743,V00000631,2026-08-12 04:02:14,approved,无风险,human
AUD00003744,V00004441,2026-08-10 15:22:50,approved,无风险,machine
AUD00003745,V00006082,2026-01-21 03:10:31,approved,无风险,machine
AUD00003746,V00001918,2026-04-12 22:28:04,approved,无风险,machine
AUD00003747,V00002030,2026-01-16 20:12:22,limited,无风险,mixed
AUD00003748,V00002098,2026-07-29 13:15:19,approved,无风险,machine
AUD00003749,V00009731,2026-08-05 12:07:18,approved,无风险,machine
AUD00003750,V00007108,2026-03-10 19:12:59,approved,无风险,machine
AUD00003751,V00005464,2026-07-18 01:07:50,rejected,无风险,mixed
AUD00003752,V00002206,2026-08-18 02:39:53,approved,无风险,machine
AUD00003753,V00000053,2026-08-08 00:31:11,approved,虚假信息,machine
AUD00003754,V00008090,2026-07-14 10:26:18,approved,无风险,machine
AUD00003755,V00011850,2026-08-26 08:11:33,approved,无风险,mixed
AUD00003756,V00007532,2026-08-02 02:25:13,approved,无风险,mixed
AUD00003757,V00006714,2026-04-02 00:29:21,approved,无风险,machine
AUD00003758,V00001562,2026-02-20 21:18:58,approved,无风险,machine
AUD00003759,V00014763,2026-07-31 21:40:22,approved,无风险,machine
AUD00003760,V00009733,2026-03-04 11:36:56,approved,无风险,mixed
AUD00003761,V00012453,2026-08-16 04:14:07,limited,无风险,machine
AUD00003762,V00013924,2026-03-21 06:03:40,approved,无风险,machine
AUD00003763,V00014931,2026-07-28 18:45:24,approved,无风险,machine
AUD00003764,V00004393,2026-02-07 12:04:45,approved,无风险,mixed
AUD00003765,V00005769,2026-01-25 06:24:01,approved,无风险,machine
AUD00003766,V00010943,2026-06-03 19:31:23,approved,无风险,mixed
AUD00003767,V00008824,2026-06-30 10:54:23,approved,无风险,mixed
AUD00003768,V00012311,2026-06-20 00:02:47,approved,无风险,machine
AUD00003769,V00000146,2026-08-14 00:31:26,approved,无风险,machine
AUD00003770,V00003285,2026-07-11 03:50:48,approved,无风险,machine
AUD00003771,V00006192,2026-06-04 21:43:00,approved,无风险,mixed
AUD00003772,V00011364,2026-05-30 00:45:31,limited,无风险,machine
AUD00003773,V00011195,2026-07-31 23:02:11,approved,无风险,machine
AUD00003774,V00004972,2026-06-26 20:05:44,limited,无风险,human
AUD00003775,V00004192,2026-03-20 06:28:16,approved,无风险,machine
AUD00003776,V00005726,2026-06-11 05:25:14,approved,无风险,mixed
AUD00003777,V00012739,2026-08-20 13:48:46,approved,无风险,machine
AUD00003778,V00005111,2026-08-24 18:54:13,approved,无风险,mixed
AUD00003779,V00002496,2026-08-21 05:44:42,approved,低俗,machine
AUD00003780,V00005502,2026-06-21 13:48:17,approved,无风险,machine
AUD00003781,V00000922,2026-03-20 05:43:11,approved,无风险,mixed
AUD00003782,V00003322,2026-01-30 02:34:07,approved,无风险,machine
AUD00003783,V00009762,2026-02-25 18:48:14,approved,无风险,human
AUD00003784,V00009734,2026-05-04 20:07:04,approved,无风险,machine
AUD00003785,V00009563,2026-08-02 19:56:02,approved,无风险,machine
AUD00003786,V00014145,2026-04-26 16:21:41,approved,无风险,machine
AUD00003787,V00013843,2026-07-23 18:58:16,approved,无风险,machine
AUD00003788,V00014845,2026-06-12 20:58:30,approved,无风险,machine
AUD00003789,V00002720,2026-05-30 00:57:03,approved,侵权,machine
AUD00003790,V00003122,2026-03-19 00:32:49,approved,无风险,machine
AUD00003791,V00009885,2026-02-26 06:56:43,approved,无风险,machine
AUD00003792,V00002414,2026-02-13 23:55:21,approved,无风险,machine
AUD00003793,V00003253,2026-03-25 20:06:59,approved,无风险,machine
AUD00003794,V00012674,2026-07-07 20:59:42,approved,无风险,machine
AUD00003795,V00014900,2026-02-22 09:45:28,approved,无风险,human
AUD00003796,V00002174,2026-08-27 11:07:05,approved,无风险,machine
AUD00003797,V00007376,2026-05-14 04:46:29,approved,无风险,human
AUD00003798,V00001665,2026-03-20 16:55:16,approved,无风险,machine
AUD00003799,V00006722,2026-02-22 05:03:04,approved,无风险,machine
AUD00003800,V00011144,2026-06-05 18:18:15,approved,无风险,mixed
AUD00003801,V00002199,2026-01-01 00:40:11,approved,无风险,machine
AUD00003802,V00008684,2026-02-27 13:19:04,approved,低俗,mixed
AUD00003803,V00011438,2026-03-26 08:13:53,approved,无风险,machine
AUD00003804,V00001625,2026-03-11 08:23:36,approved,无风险,machine
AUD00003805,V00013756,2026-03-20 21:57:15,approved,无风险,human
AUD00003806,V00008460,2026-08-19 14:58:54,approved,无风险,human
AUD00003807,V00010795,2026-04-14 23:30:19,approved,无风险,machine
AUD00003808,V00010444,2026-03-16 19:48:19,approved,无风险,human
AUD00003809,V00010025,2026-03-18 20:17:45,approved,无风险,machine
AUD00003810,V00001874,2026-08-24 12:15:33,approved,无风险,machine
AUD00003811,V00006238,2026-08-06 02:48:04,approved,无风险,mixed
AUD00003812,V00001169,2026-02-26 19:10:04,approved,无风险,human
AUD00003813,V00002509,2026-08-19 20:20:43,approved,无风险,machine
AUD00003814,V00003191,2026-04-19 15:50:50,approved,无风险,machine
AUD00003815,V00000074,2026-03-10 19:11:34,approved,无风险,machine
AUD00003816,V00013517,2026-07-09 00:15:03,approved,无风险,machine
AUD00003817,V00011704,2026-07-06 04:38:30,approved,无风险,mixed
AUD00003818,V00001755,2026-04-25 20:10:55,approved,无风险,mixed
AUD00003819,V00004991,2026-05-22 21:09:54,approved,无风险,machine
AUD00003820,V00004478,2026-08-05 07:04:52,approved,无风险,machine
AUD00003821,V00007409,2026-03-16 11:16:25,approved,无风险,machine
AUD00003822,V00012139,2026-06-29 13:28:18,approved,无风险,machine
AUD00003823,V00010979,2026-04-22 09:36:03,approved,无风险,machine
AUD00003824,V00014840,2026-04-21 02:05:35,approved,无风险,machine
AUD00003825,V00006837,2026-05-30 11:29:42,approved,无风险,machine
AUD00003826,V00000524,2026-06-20 03:47:44,approved,无风险,machine
AUD00003827,V00009517,2026-07-03 04:11:42,approved,无风险,machine
AUD00003828,V00008920,2026-05-09 16:46:54,approved,无风险,machine
AUD00003829,V00007331,2026-07-31 13:27:38,approved,无风险,mixed
AUD00003830,V00004987,2026-04-13 03:30:12,approved,无风险,machine
AUD00003831,V00004695,2026-06-01 09:28:08,approved,无风险,machine
AUD00003832,V00014797,2026-05-04 09:45:49,approved,无风险,machine
AUD00003833,V00013970,2026-07-26 03:57:41,approved,无风险,machine
AUD00003834,V00008184,2026-01-09 23:28:02,approved,无风险,machine
AUD00003835,V00002876,2026-04-19 05:55:13,approved,无风险,machine
AUD00003836,V00000995,2026-08-07 23:16:24,approved,无风险,machine
AUD00003837,V00011322,2026-07-23 21:32:24,approved,无风险,machine
AUD00003838,V00010431,2026-03-18 13:07:32,approved,低俗,machine
AUD00003839,V00010665,2026-04-06 02:57:33,approved,无风险,machine
AUD00003840,V00000024,2026-08-12 13:41:02,approved,无风险,machine
AUD00003841,V00008781,2026-07-08 00:33:49,approved,无风险,mixed
AUD00003842,V00008888,2026-08-15 05:21:54,approved,无风险,machine
AUD00003843,V00008025,2026-05-17 19:32:34,approved,无风险,machine
AUD00003844,V00005535,2026-08-26 22:14:54,approved,无风险,human
AUD00003845,V00013414,2026-05-07 14:29:36,approved,无风险,machine
AUD00003846,V00005869,2026-07-15 01:03:08,approved,无风险,machine
AUD00003847,V00007996,2026-07-12 09:21:54,approved,无风险,machine
AUD00003848,V00000282,2026-07-31 13:48:05,approved,无风险,human
AUD00003849,V00013858,2026-06-23 11:50:59,approved,无风险,machine
AUD00003850,V00014886,2026-07-31 12:25:50,approved,无风险,machine
AUD00003851,V00013224,2026-07-17 05:32:00,limited,虚假信息,mixed
AUD00003852,V00010390,2026-07-08 01:03:11,approved,无风险,mixed
AUD00003853,V00004643,2026-07-22 17:48:12,approved,无风险,mixed
AUD00003854,V00003496,2026-05-05 20:15:02,approved,无风险,machine
AUD00003855,V00002317,2026-07-02 03:00:32,approved,虚假信息,machine
AUD00003856,V00006470,2026-08-08 11:52:48,approved,无风险,machine
AUD00003857,V00008089,2026-02-28 14:42:26,approved,无风险,human
AUD00003858,V00011540,2026-01-06 22:41:17,approved,无风险,machine
AUD00003859,V00006657,2026-04-12 07:25:50,approved,无风险,human
AUD00003860,V00000997,2026-01-20 01:28:01,approved,无风险,machine
AUD00003861,V00003159,2026-01-08 02:50:00,approved,无风险,human
AUD00003862,V00001682,2026-03-15 12:14:03,approved,无风险,machine
AUD00003863,V00004051,2026-07-09 00:14:59,approved,无风险,machine
AUD00003864,V00013790,2026-02-13 13:26:02,approved,无风险,mixed
AUD00003865,V00000288,2026-08-24 04:59:05,approved,无风险,machine
AUD00003866,V00007004,2026-07-19 06:04:57,approved,无风险,mixed
AUD00003867,V00004759,2026-01-11 05:01:34,approved,无风险,machine
AUD00003868,V00003871,2026-04-15 13:37:35,approved,无风险,human
AUD00003869,V00005477,2026-08-27 19:22:33,approved,无风险,mixed
AUD00003870,V00004002,2026-07-24 22:40:28,approved,无风险,machine
AUD00003871,V00001318,2026-07-06 08:31:23,approved,无风险,mixed
AUD00003872,V00010523,2026-07-28 11:25:12,approved,无风险,machine
AUD00003873,V00009788,2026-06-24 18:33:26,rejected,无风险,machine
AUD00003874,V00011964,2026-08-14 00:29:00,approved,无风险,human
AUD00003875,V00009940,2026-08-24 01:38:36,approved,无风险,mixed
AUD00003876,V00001807,2026-06-04 17:07:33,approved,无风险,machine
AUD00003877,V00010908,2026-07-07 15:13:41,approved,无风险,machine
AUD00003878,V00009699,2026-07-25 16:08:27,approved,无风险,mixed
AUD00003879,V00002380,2026-06-17 02:57:49,limited,无风险,machine
AUD00003880,V00006626,2026-06-22 01:06:25,approved,无风险,machine
AUD00003881,V00003314,2026-02-03 09:05:36,approved,无风险,machine
AUD00003882,V00007017,2026-01-26 07:55:43,approved,无风险,machine
AUD00003883,V00002697,2026-08-24 19:56:33,approved,无风险,machine
AUD00003884,V00012079,2026-05-24 06:04:43,approved,无风险,machine
AUD00003885,V00003961,2026-06-25 01:13:35,approved,无风险,mixed
AUD00003886,V00005749,2026-06-29 16:45:01,approved,无风险,machine
AUD00003887,V00010169,2026-03-26 17:39:48,approved,无风险,machine
AUD00003888,V00014719,2026-03-20 08:48:53,approved,无风险,machine
AUD00003889,V00007299,2026-06-16 08:51:26,approved,无风险,machine
AUD00003890,V00001179,2026-07-14 04:49:09,approved,无风险,machine
AUD00003891,V00008811,2026-04-29 22:04:52,approved,无风险,machine
AUD00003892,V00008116,2026-02-12 00:34:31,approved,无风险,mixed
AUD00003893,V00012392,2026-01-23 19:35:39,approved,无风险,machine
AUD00003894,V00008016,2026-08-08 03:10:46,approved,无风险,machine
AUD00003895,V00011860,2026-05-04 17:23:49,approved,无风险,mixed
AUD00003896,V00005560,2026-05-02 12:10:33,approved,侵权,machine
AUD00003897,V00008579,2026-04-29 00:46:56,approved,无风险,machine
AUD00003898,V00010100,2026-07-13 05:27:04,rejected,虚假信息,mixed
AUD00003899,V00011602,2026-08-20 21:16:56,approved,无风险,mixed
AUD00003900,V00007941,2026-05-06 19:57:31,approved,虚假信息,mixed
AUD00003901,V00006549,2026-06-26 06:05:55,approved,低俗,machine
AUD00003902,V00003174,2026-02-28 03:47:31,rejected,无风险,mixed
AUD00003903,V00006662,2026-02-17 10:24:46,approved,无风险,human
AUD00003904,V00007708,2026-01-14 04:05:03,approved,无风险,machine
AUD00003905,V00006085,2026-08-11 03:44:55,approved,无风险,machine
AUD00003906,V00009171,2026-01-29 02:59:01,approved,无风险,human
AUD00003907,V00006361,2026-03-07 22:51:54,approved,无风险,machine
AUD00003908,V00009835,2026-08-08 04:19:56,approved,无风险,human
AUD00003909,V00004031,2026-01-28 14:35:07,approved,无风险,machine
AUD00003910,V00006834,2026-07-10 19:23:06,approved,无风险,machine
AUD00003911,V00008047,2026-02-09 06:36:06,approved,无风险,mixed
AUD00003912,V00005733,2026-08-25 03:06:15,approved,无风险,human
AUD00003913,V00001185,2026-05-19 14:26:06,approved,低俗,machine
AUD00003914,V00007072,2026-04-06 17:37:28,approved,无风险,machine
AUD00003915,V00005570,2026-08-21 16:55:36,approved,无风险,mixed
AUD00003916,V00011724,2026-07-21 12:13:56,approved,无风险,machine
AUD00003917,V00014646,2026-08-19 21:32:26,approved,无风险,machine
AUD00003918,V00009631,2026-07-19 15:34:44,approved,无风险,human
AUD00003919,V00013505,2026-06-19 11:41:42,approved,无风险,machine
AUD00003920,V00003800,2026-01-18 23:52:14,approved,无风险,human
AUD00003921,V00000740,2026-02-17 12:28:50,approved,无风险,mixed
AUD00003922,V00004186,2026-01-01 03:07:19,approved,无风险,machine
AUD00003923,V00014939,2026-07-08 12:34:03,approved,无风险,mixed
AUD00003924,V00007667,2026-03-17 08:27:53,approved,无风险,machine
AUD00003925,V00010276,2026-02-02 06:31:39,approved,无风险,mixed
AUD00003926,V00003560,2026-08-13 21:15:03,approved,无风险,machine
AUD00003927,V00010033,2026-05-20 23:57:34,approved,无风险,mixed
AUD00003928,V00010273,2026-03-22 20:28:32,approved,无风险,machine
AUD00003929,V00002789,2026-03-20 03:56:11,approved,无风险,machine
AUD00003930,V00011257,2026-04-26 10:48:40,approved,无风险,machine
AUD00003931,V00009433,2026-07-21 19:42:26,approved,虚假信息,machine
AUD00003932,V00002250,2026-07-04 15:19:11,approved,无风险,machine
AUD00003933,V00006445,2026-04-30 10:24:57,approved,无风险,machine
AUD00003934,V00008523,2026-05-17 11:27:59,approved,无风险,machine
AUD00003935,V00006765,2026-01-01 12:08:17,approved,无风险,machine
AUD00003936,V00010125,2026-05-22 20:07:45,approved,无风险,machine
AUD00003937,V00007706,2026-02-23 08:31:21,approved,无风险,human
AUD00003938,V00004660,2026-07-31 18:26:16,approved,无风险,machine
AUD00003939,V00011265,2026-07-24 01:46:09,approved,无风险,machine
AUD00003940,V00004463,2026-01-25 02:48:42,approved,无风险,machine
AUD00003941,V00014122,2026-08-28 01:13:46,approved,无风险,machine
AUD00003942,V00012606,2026-08-14 00:37:01,approved,无风险,machine
AUD00003943,V00001868,2026-08-24 17:33:05,approved,无风险,mixed
AUD00003944,V00011982,2026-04-16 03:15:04,approved,无风险,machine
AUD00003945,V00013278,2026-02-22 07:22:52,approved,无风险,machine
AUD00003946,V00012728,2026-03-09 16:15:55,approved,无风险,machine
AUD00003947,V00005416,2026-08-06 20:48:10,approved,无风险,machine
AUD00003948,V00004182,2026-08-02 04:45:08,approved,无风险,mixed
AUD00003949,V00004976,2026-04-09 12:57:24,approved,无风险,mixed
AUD00003950,V00002962,2026-02-15 20:43:57,approved,无风险,machine
AUD00003951,V00008357,2026-03-10 21:14:59,approved,无风险,mixed
AUD00003952,V00009085,2026-08-23 08:43:41,approved,无风险,machine
AUD00003953,V00004666,2026-05-24 16:31:35,approved,无风险,mixed
AUD00003954,V00014421,2026-08-13 11:17:44,approved,无风险,machine
AUD00003955,V00003316,2026-05-13 09:45:34,approved,无风险,machine
AUD00003956,V00011691,2026-05-02 12:37:15,approved,无风险,machine
AUD00003957,V00009574,2026-05-12 09:47:13,approved,无风险,mixed
AUD00003958,V00011078,2026-04-23 18:08:26,approved,无风险,machine
AUD00003959,V00012048,2026-03-24 02:45:19,approved,无风险,mixed
AUD00003960,V00007006,2026-04-28 10:22:33,approved,无风险,mixed
AUD00003961,V00000309,2026-06-05 21:49:09,approved,无风险,machine
AUD00003962,V00013329,2026-07-07 11:19:49,approved,低俗,machine
AUD00003963,V00012740,2026-01-19 03:24:42,approved,无风险,machine
AUD00003964,V00001920,2026-07-03 09:38:12,approved,无风险,machine
AUD00003965,V00005583,2026-04-19 15:32:33,rejected,无风险,mixed
AUD00003966,V00010817,2026-05-30 22:54:18,approved,无风险,mixed
AUD00003967,V00014922,2026-05-01 02:58:38,approved,无风险,mixed
AUD00003968,V00009661,2026-05-13 07:27:54,approved,无风险,machine
AUD00003969,V00002801,2026-07-22 07:51:22,approved,无风险,machine
AUD00003970,V00003353,2026-01-15 00:12:30,approved,无风险,machine
AUD00003971,V00003933,2026-06-01 20:07:01,approved,无风险,mixed
AUD00003972,V00005185,2026-01-22 15:29:41,rejected,无风险,machine
AUD00003973,V00009080,2026-04-06 22:04:05,limited,无风险,machine
AUD00003974,V00012871,2026-01-31 13:20:11,approved,无风险,machine
AUD00003975,V00009203,2026-03-11 14:04:52,approved,无风险,machine
AUD00003976,V00013748,2026-02-24 04:16:09,approved,无风险,mixed
AUD00003977,V00001906,2026-06-25 11:39:38,approved,无风险,machine
AUD00003978,V00009537,2026-04-10 06:05:40,approved,无风险,machine
AUD00003979,V00004511,2026-06-09 12:00:56,approved,无风险,machine
AUD00003980,V00000720,2026-08-26 08:55:29,approved,无风险,machine
AUD00003981,V00004634,2026-04-03 07:28:02,approved,无风险,machine
AUD00003982,V00000051,2026-08-26 23:08:44,approved,无风险,machine
AUD00003983,V00007223,2026-07-18 04:16:22,approved,无风险,machine
AUD00003984,V00001932,2026-04-21 06:27:42,approved,无风险,human
AUD00003985,V00001553,2026-02-04 14:06:04,approved,无风险,machine
AUD00003986,V00009880,2026-07-13 05:44:28,approved,无风险,human
AUD00003987,V00004911,2026-02-22 11:33:20,approved,无风险,machine
AUD00003988,V00005159,2026-02-01 14:16:14,approved,无风险,mixed
AUD00003989,V00009548,2026-04-21 10:27:01,approved,无风险,mixed
AUD00003990,V00011997,2026-03-10 00:03:00,approved,无风险,machine
AUD00003991,V00011451,2026-08-01 14:32:14,approved,无风险,machine
AUD00003992,V00003377,2026-05-28 22:46:07,approved,无风险,machine
AUD00003993,V00006282,2026-05-17 17:59:03,approved,无风险,mixed
AUD00003994,V00012457,2026-07-03 17:20:36,limited,无风险,machine
AUD00003995,V00005859,2026-01-29 03:21:13,approved,无风险,machine
AUD00003996,V00009903,2026-07-30 12:46:18,approved,无风险,mixed
AUD00003997,V00008700,2026-06-03 10:59:15,approved,无风险,machine
AUD00003998,V00014788,2026-06-12 20:31:21,approved,虚假信息,machine
AUD00003999,V00014146,2026-05-16 13:49:55,approved,无风险,machine
AUD00004000,V00009315,2026-02-07 19:49:20,approved,无风险,machine
AUD00004001,V00013142,2026-05-01 10:02:24,approved,无风险,machine
AUD00004002,V00003732,2026-01-09 15:24:45,approved,无风险,machine
AUD00004003,V00002245,2026-07-07 19:30:40,approved,无风险,machine
AUD00004004,V00009732,2026-08-10 20:27:44,approved,无风险,human
AUD00004005,V00012237,2026-01-20 11:06:24,approved,无风险,machine
AUD00004006,V00013762,2026-08-11 10:31:56,approved,无风险,mixed
AUD00004007,V00000553,2026-04-25 07:14:50,approved,无风险,machine
AUD00004008,V00010179,2026-03-17 21:40:04,approved,无风险,machine
AUD00004009,V00000648,2026-08-03 05:04:31,approved,无风险,machine
AUD00004010,V00000301,2026-06-11 18:39:28,approved,无风险,machine
AUD00004011,V00006739,2026-08-27 23:27:25,approved,无风险,mixed
AUD00004012,V00007744,2026-01-03 04:57:33,limited,无风险,machine
AUD00004013,V00007264,2026-08-24 09:15:16,approved,无风险,machine
AUD00004014,V00007521,2026-08-19 12:38:29,approved,侵权,human
AUD00004015,V00006563,2026-05-14 17:40:18,limited,虚假信息,machine
AUD00004016,V00003095,2026-06-13 11:21:48,rejected,无风险,machine
AUD00004017,V00005349,2026-07-01 01:57:11,approved,无风险,machine
AUD00004018,V00002535,2026-04-14 11:39:02,approved,无风险,machine
AUD00004019,V00013513,2026-08-23 18:02:51,approved,无风险,human
AUD00004020,V00003091,2026-07-02 14:08:21,approved,无风险,machine
AUD00004021,V00009485,2026-01-27 07:57:36,approved,无风险,machine
AUD00004022,V00001065,2026-08-27 13:31:23,approved,无风险,machine
AUD00004023,V00012907,2026-08-22 12:04:19,approved,无风险,mixed
AUD00004024,V00011062,2026-01-11 21:40:16,approved,侵权,machine
AUD00004025,V00009036,2026-07-17 15:28:34,rejected,无风险,machine
AUD00004026,V00000383,2026-07-18 22:47:15,approved,无风险,machine
AUD00004027,V00007490,2026-06-11 03:28:37,approved,无风险,human
AUD00004028,V00006997,2026-03-08 16:14:44,approved,无风险,mixed
AUD00004029,V00014013,2026-04-17 21:08:13,approved,无风险,human
AUD00004030,V00010564,2026-02-27 04:36:45,approved,无风险,machine
AUD00004031,V00006939,2026-05-12 10:00:28,approved,无风险,machine
AUD00004032,V00003525,2026-08-04 20:32:57,approved,无风险,human
AUD00004033,V00001558,2026-03-28 02:36:53,approved,无风险,machine
AUD00004034,V00005683,2026-07-01 19:58:13,approved,无风险,machine
AUD00004035,V00000541,2026-01-18 22:42:56,approved,无风险,machine
AUD00004036,V00013514,2026-05-21 08:23:40,approved,无风险,machine
AUD00004037,V00001969,2026-05-29 13:04:39,approved,无风险,machine
AUD00004038,V00002943,2026-03-17 12:30:05,approved,无风险,machine
AUD00004039,V00001446,2026-06-20 01:00:02,approved,无风险,human
AUD00004040,V00013785,2026-07-26 11:34:35,approved,无风险,mixed
AUD00004041,V00002475,2026-01-09 12:23:07,approved,无风险,machine
AUD00004042,V00012779,2026-03-24 02:27:54,approved,无风险,machine
AUD00004043,V00010432,2026-03-02 03:46:29,approved,无风险,human
AUD00004044,V00011638,2026-04-17 10:16:12,approved,无风险,machine
AUD00004045,V00008127,2026-08-16 18:09:23,approved,无风险,mixed
AUD00004046,V00005163,2026-03-25 12:58:36,approved,无风险,human
AUD00004047,V00014541,2026-03-20 07:23:51,approved,无风险,machine
AUD00004048,V00003939,2026-05-20 05:39:59,approved,无风险,mixed
AUD00004049,V00004526,2026-06-08 17:09:37,approved,无风险,machine
AUD00004050,V00008301,2026-06-28 01:01:32,approved,无风险,mixed
AUD00004051,V00008935,2026-07-27 14:37:27,approved,无风险,machine
AUD00004052,V00002328,2026-03-24 17:29:02,approved,无风险,machine
AUD00004053,V00003064,2026-05-17 19:35:27,approved,无风险,machine
AUD00004054,V00011853,2026-03-29 20:40:19,approved,无风险,machine
AUD00004055,V00003120,2026-02-15 11:18:04,approved,无风险,machine
AUD00004056,V00014162,2026-04-30 06:48:06,approved,无风险,machine
AUD00004057,V00002682,2026-03-16 08:34:37,approved,无风险,machine
AUD00004058,V00000762,2026-06-11 20:44:46,approved,低俗,machine
AUD00004059,V00001057,2026-08-03 15:58:29,approved,无风险,human
AUD00004060,V00009060,2026-07-19 14:44:59,approved,无风险,human
AUD00004061,V00011417,2026-07-27 01:34:05,approved,无风险,machine
AUD00004062,V00000920,2026-08-10 21:59:39,approved,无风险,machine
AUD00004063,V00005944,2026-07-29 17:15:19,approved,无风险,machine
AUD00004064,V00003971,2026-05-03 23:32:32,approved,无风险,machine
AUD00004065,V00013424,2026-08-25 04:48:39,approved,无风险,machine
AUD00004066,V00011432,2026-07-26 03:09:46,approved,无风险,machine
AUD00004067,V00013169,2026-02-02 03:42:05,approved,无风险,machine
AUD00004068,V00007614,2026-04-15 03:19:34,approved,无风险,machine
AUD00004069,V00008474,2026-03-04 06:36:28,approved,无风险,machine
AUD00004070,V00010995,2026-07-09 05:46:09,approved,无风险,machine
AUD00004071,V00005757,2026-04-26 07:18:37,approved,无风险,mixed
AUD00004072,V00008990,2026-08-28 16:51:32,approved,无风险,machine
AUD00004073,V00000307,2026-04-28 09:12:39,approved,无风险,human
AUD00004074,V00000746,2026-01-10 07:45:59,approved,无风险,machine
AUD00004075,V00004583,2026-03-27 18:13:56,approved,无风险,machine
AUD00004076,V00004559,2026-05-13 17:21:58,approved,无风险,mixed
AUD00004077,V00000302,2026-04-30 21:52:18,approved,无风险,machine
AUD00004078,V00006568,2026-07-29 22:19:43,approved,无风险,mixed
AUD00004079,V00001950,2026-02-26 21:05:00,approved,无风险,mixed
AUD00004080,V00003841,2026-07-01 20:04:31,approved,无风险,machine
AUD00004081,V00009074,2026-07-28 22:05:41,approved,无风险,machine
AUD00004082,V00012230,2026-04-27 07:41:49,approved,无风险,machine
AUD00004083,V00014348,2026-07-20 13:42:14,approved,无风险,human
AUD00004084,V00011539,2026-08-26 23:21:57,approved,低俗,machine
AUD00004085,V00010044,2026-08-22 09:58:29,approved,无风险,machine
AUD00004086,V00006479,2026-08-28 06:18:48,approved,无风险,machine
AUD00004087,V00012781,2026-04-11 08:07:09,approved,侵权,machine
AUD00004088,V00011666,2026-01-18 04:02:07,approved,无风险,machine
AUD00004089,V00000980,2026-04-27 01:55:11,approved,无风险,mixed
AUD00004090,V00005221,2026-01-23 14:32:32,approved,无风险,machine
AUD00004091,V00009006,2026-05-18 05:56:51,approved,无风险,mixed
AUD00004092,V00000032,2026-07-26 03:23:47,approved,无风险,mixed
AUD00004093,V00007751,2026-01-18 08:49:23,approved,虚假信息,mixed
AUD00004094,V00011463,2026-01-18 14:25:18,approved,无风险,machine
AUD00004095,V00000481,2026-05-26 06:27:03,approved,无风险,mixed
AUD00004096,V00013417,2026-02-27 10:33:58,limited,无风险,machine
AUD00004097,V00007951,2026-06-08 19:24:47,approved,无风险,mixed
AUD00004098,V00008874,2026-04-13 18:05:49,approved,无风险,machine
AUD00004099,V00010679,2026-01-03 09:15:22,approved,无风险,machine
AUD00004100,V00005407,2026-01-28 03:52:58,approved,无风险,machine
AUD00004101,V00004271,2026-01-15 22:31:46,approved,无风险,machine
AUD00004102,V00014562,2026-02-02 06:29:53,approved,无风险,machine
AUD00004103,V00004447,2026-01-05 08:48:55,approved,无风险,machine
AUD00004104,V00010325,2026-05-22 18:47:28,approved,无风险,mixed
AUD00004105,V00010959,2026-04-05 02:00:50,approved,无风险,machine
AUD00004106,V00011084,2026-03-15 08:27:25,approved,无风险,mixed
AUD00004107,V00007047,2026-05-27 23:15:14,approved,无风险,human
AUD00004108,V00000463,2026-07-16 04:52:43,approved,无风险,mixed
AUD00004109,V00013346,2026-08-24 22:13:01,approved,无风险,machine
AUD00004110,V00011759,2026-07-15 16:43:52,approved,无风险,machine
AUD00004111,V00010198,2026-01-02 18:05:33,approved,无风险,machine
AUD00004112,V00007158,2026-01-09 03:26:23,approved,无风险,machine
AUD00004113,V00009202,2026-07-28 13:48:44,approved,无风险,mixed
AUD00004114,V00014472,2026-08-02 23:27:40,approved,无风险,machine
AUD00004115,V00000164,2026-06-27 15:05:36,approved,无风险,mixed
AUD00004116,V00009287,2026-02-23 17:16:44,approved,无风险,machine
AUD00004117,V00009798,2026-05-10 16:26:02,approved,无风险,mixed
AUD00004118,V00005143,2026-02-27 10:07:31,approved,无风险,machine
AUD00004119,V00005446,2026-03-28 17:30:14,approved,无风险,human
AUD00004120,V00009924,2026-07-26 23:21:49,approved,无风险,machine
AUD00004121,V00004417,2026-06-27 09:42:58,approved,无风险,human
AUD00004122,V00006296,2026-07-26 12:10:59,approved,侵权,machine
AUD00004123,V00014074,2026-01-27 04:31:24,approved,无风险,machine
AUD00004124,V00001818,2026-05-09 21:34:57,approved,无风险,machine
AUD00004125,V00013056,2026-07-09 02:22:23,approved,无风险,machine
AUD00004126,V00012836,2026-06-08 00:57:22,approved,无风险,human
AUD00004127,V00013089,2026-02-02 08:13:02,approved,无风险,machine
AUD00004128,V00006304,2026-02-16 08:28:19,approved,侵权,machine
AUD00004129,V00002757,2026-06-22 17:33:05,approved,无风险,machine
AUD00004130,V00004541,2026-04-06 11:51:10,approved,侵权,machine
AUD00004131,V00001183,2026-07-08 05:19:53,approved,无风险,machine
AUD00004132,V00008245,2026-05-10 13:49:25,approved,无风险,machine
AUD00004133,V00005443,2026-08-17 22:58:13,approved,无风险,machine
AUD00004134,V00010034,2026-05-30 14:25:00,approved,无风险,mixed
AUD00004135,V00000786,2026-08-12 10:42:16,approved,无风险,machine
AUD00004136,V00011559,2026-03-18 13:52:57,approved,无风险,machine
AUD00004137,V00003282,2026-07-29 17:17:26,approved,无风险,mixed
AUD00004138,V00013309,2026-08-24 08:05:34,approved,无风险,machine
AUD00004139,V00011868,2026-01-31 03:20:29,approved,无风险,mixed
AUD00004140,V00013349,2026-08-02 23:10:02,approved,无风险,machine
AUD00004141,V00002719,2026-08-05 22:54:58,approved,无风险,mixed
AUD00004142,V00003070,2026-08-18 00:11:57,approved,无风险,mixed
AUD00004143,V00009543,2026-01-09 17:53:31,approved,无风险,machine
AUD00004144,V00008062,2026-02-21 08:12:19,approved,无风险,machine
AUD00004145,V00013402,2026-03-27 23:53:19,approved,无风险,human
AUD00004146,V00009289,2026-08-02 11:28:27,approved,无风险,human
AUD00004147,V00014757,2026-07-28 17:27:36,approved,无风险,machine
AUD00004148,V00014201,2026-08-16 01:25:20,approved,无风险,machine
AUD00004149,V00008530,2026-03-04 14:54:10,approved,无风险,human
AUD00004150,V00007937,2026-01-07 15:18:24,approved,无风险,machine
AUD00004151,V00009165,2026-08-03 14:13:51,approved,无风险,mixed
AUD00004152,V00008960,2026-08-25 14:55:26,approved,无风险,machine
AUD00004153,V00010076,2026-06-07 08:17:15,limited,无风险,mixed
AUD00004154,V00009551,2026-08-26 15:43:26,approved,无风险,machine
AUD00004155,V00011949,2026-05-14 19:28:44,limited,无风险,machine
AUD00004156,V00007550,2026-03-23 10:47:47,approved,无风险,machine
AUD00004157,V00004544,2026-05-30 03:56:13,approved,无风险,machine
AUD00004158,V00001474,2026-01-31 09:19:15,approved,无风险,mixed
AUD00004159,V00011655,2026-02-13 20:22:49,limited,无风险,mixed
AUD00004160,V00007601,2026-01-03 16:55:42,approved,无风险,machine
AUD00004161,V00009784,2026-04-03 19:15:59,approved,无风险,machine
AUD00004162,V00000555,2026-05-12 15:00:14,approved,无风险,mixed
AUD00004163,V00014656,2026-08-03 15:33:13,approved,无风险,machine
AUD00004164,V00003881,2026-08-28 10:56:39,approved,无风险,machine
AUD00004165,V00008609,2026-05-08 02:05:38,approved,无风险,machine
AUD00004166,V00004050,2026-05-15 11:49:36,approved,无风险,mixed
AUD00004167,V00009473,2026-06-09 19:23:11,approved,无风险,mixed
AUD00004168,V00014767,2026-07-27 14:06:39,approved,无风险,machine
AUD00004169,V00009791,2026-07-08 09:08:00,approved,无风险,machine
AUD00004170,V00005356,2026-02-23 11:16:47,approved,无风险,machine
AUD00004171,V00006956,2026-07-03 21:57:32,approved,无风险,machine
AUD00004172,V00004847,2026-04-17 15:19:11,limited,无风险,machine
AUD00004173,V00005807,2026-07-13 09:31:09,approved,无风险,machine
AUD00004174,V00000232,2026-03-31 07:30:28,approved,无风险,machine
AUD00004175,V00005072,2026-01-27 14:35:04,approved,无风险,machine
AUD00004176,V00008746,2026-01-22 15:11:10,approved,无风险,machine
AUD00004177,V00008415,2026-04-04 15:54:12,approved,虚假信息,machine
AUD00004178,V00005714,2026-03-28 05:01:55,approved,虚假信息,machine
AUD00004179,V00000823,2026-08-27 11:25:26,limited,无风险,machine
AUD00004180,V00010937,2026-06-09 21:11:38,approved,无风险,machine
AUD00004181,V00001705,2026-05-22 10:26:37,approved,无风险,machine
AUD00004182,V00008160,2026-01-19 19:08:23,approved,无风险,machine
AUD00004183,V00003932,2026-05-04 06:11:36,approved,无风险,mixed
AUD00004184,V00010692,2026-08-15 06:36:55,approved,无风险,mixed
AUD00004185,V00008212,2026-08-11 21:08:47,approved,无风险,mixed
AUD00004186,V00012229,2026-08-09 05:12:02,approved,无风险,mixed
AUD00004187,V00013946,2026-01-01 02:04:16,approved,无风险,human
AUD00004188,V00007344,2026-05-21 02:24:52,approved,低俗,machine
AUD00004189,V00004016,2026-05-26 07:29:45,approved,无风险,mixed
AUD00004190,V00001954,2026-06-15 00:46:19,approved,无风险,machine
AUD00004191,V00008855,2026-08-03 06:49:34,approved,无风险,machine
AUD00004192,V00000466,2026-06-02 17:47:11,approved,无风险,machine
AUD00004193,V00001027,2026-06-04 12:12:00,approved,无风险,machine
AUD00004194,V00011281,2026-06-10 10:08:04,approved,低俗,machine
AUD00004195,V00010120,2026-07-09 19:07:34,approved,无风险,machine
AUD00004196,V00002179,2026-08-01 13:28:54,approved,无风险,machine
AUD00004197,V00008219,2026-01-10 16:41:14,approved,无风险,mixed
AUD00004198,V00006502,2026-05-25 03:30:34,approved,无风险,human
AUD00004199,V00010289,2026-01-24 10:13:17,approved,无风险,machine
AUD00004200,V00012305,2026-05-19 09:24:13,approved,无风险,human
AUD00004201,V00006912,2026-06-14 15:15:20,approved,无风险,machine
AUD00004202,V00010457,2026-05-29 22:46:57,approved,无风险,human
AUD00004203,V00000281,2026-08-04 04:22:54,approved,无风险,machine
AUD00004204,V00011932,2026-05-02 22:19:49,approved,无风险,machine
AUD00004205,V00001181,2026-01-24 11:32:52,approved,无风险,machine
AUD00004206,V00008608,2026-06-10 18:23:07,approved,无风险,machine
AUD00004207,V00006467,2026-04-08 07:29:44,approved,无风险,mixed
AUD00004208,V00006937,2026-02-20 16:53:53,approved,无风险,machine
AUD00004209,V00007172,2026-08-18 15:06:21,approved,无风险,mixed
AUD00004210,V00002825,2026-06-20 20:37:56,approved,无风险,machine
AUD00004211,V00006051,2026-01-21 14:17:25,approved,无风险,machine
AUD00004212,V00003758,2026-05-22 03:31:46,approved,无风险,machine
AUD00004213,V00000094,2026-01-08 13:26:46,approved,无风险,machine
AUD00004214,V00006434,2026-07-23 06:58:46,approved,无风险,machine
AUD00004215,V00003319,2026-03-28 20:35:01,approved,无风险,machine
AUD00004216,V00013519,2026-02-03 20:16:33,approved,无风险,machine
AUD00004217,V00000147,2026-05-06 12:26:28,approved,虚假信息,machine
AUD00004218,V00004870,2026-03-16 17:16:25,approved,无风险,mixed
AUD00004219,V00002512,2026-08-09 15:34:07,approved,侵权,machine
AUD00004220,V00009430,2026-07-09 14:11:32,approved,无风险,human
AUD00004221,V00007197,2026-07-10 03:16:28,approved,无风险,human
AUD00004222,V00000983,2026-05-28 19:20:48,approved,无风险,machine
AUD00004223,V00011168,2026-04-01 02:21:01,approved,无风险,machine
AUD00004224,V00000637,2026-03-12 23:00:33,approved,无风险,machine
AUD00004225,V00013515,2026-02-03 10:18:33,approved,无风险,human
AUD00004226,V00011043,2026-05-11 08:10:59,approved,无风险,machine
AUD00004227,V00005771,2026-07-31 16:25:18,approved,无风险,mixed
AUD00004228,V00002919,2026-07-15 06:51:01,approved,无风险,machine
AUD00004229,V00005137,2026-05-03 17:06:27,approved,无风险,machine
AUD00004230,V00006853,2026-03-08 06:49:15,approved,无风险,machine
AUD00004231,V00006864,2026-07-02 17:21:53,approved,无风险,machine
AUD00004232,V00010320,2026-03-23 20:58:58,approved,无风险,machine
AUD00004233,V00013265,2026-02-03 05:31:44,approved,无风险,mixed
AUD00004234,V00012985,2026-01-10 07:08:46,rejected,无风险,machine
AUD00004235,V00006171,2026-08-01 08:34:17,approved,无风险,machine
AUD00004236,V00002996,2026-03-11 12:12:36,approved,无风险,mixed
AUD00004237,V00010780,2026-06-21 02:55:51,approved,无风险,machine
AUD00004238,V00014981,2026-08-22 08:13:25,approved,无风险,machine
AUD00004239,V00005136,2026-02-23 10:33:25,approved,无风险,human
AUD00004240,V00002218,2026-03-08 16:20:37,approved,无风险,machine
AUD00004241,V00012694,2026-07-09 11:43:09,approved,无风险,mixed
AUD00004242,V00014968,2026-02-26 14:16:38,limited,无风险,mixed
AUD00004243,V00009367,2026-01-25 15:26:57,approved,无风险,human
AUD00004244,V00006087,2026-05-16 03:01:35,approved,无风险,mixed
AUD00004245,V00004203,2026-01-29 05:20:58,approved,无风险,machine
AUD00004246,V00010329,2026-07-23 15:31:07,approved,无风险,machine
AUD00004247,V00005902,2026-01-10 10:58:50,approved,无风险,machine
AUD00004248,V00010621,2026-04-26 08:06:02,approved,无风险,machine
AUD00004249,V00008593,2026-08-28 19:19:21,approved,无风险,machine
AUD00004250,V00002019,2026-07-26 15:15:25,approved,无风险,human
AUD00004251,V00006667,2026-07-31 21:49:29,approved,无风险,machine
AUD00004252,V00003575,2026-02-04 14:54:10,approved,无风险,machine
AUD00004253,V00011482,2026-03-12 12:02:37,approved,无风险,machine
AUD00004254,V00011098,2026-08-05 11:52:37,approved,无风险,machine
AUD00004255,V00009983,2026-05-13 10:17:38,approved,无风险,machine
AUD00004256,V00007607,2026-02-27 16:08:31,approved,无风险,machine
AUD00004257,V00004071,2026-07-16 14:03:08,limited,无风险,machine
AUD00004258,V00003895,2026-08-27 07:03:19,approved,无风险,machine
AUD00004259,V00007855,2026-08-18 17:58:25,approved,无风险,machine
AUD00004260,V00014890,2026-06-03 16:21:08,approved,无风险,machine
AUD00004261,V00008640,2026-05-22 08:51:35,approved,无风险,human
AUD00004262,V00012944,2026-02-09 11:53:01,approved,无风险,machine
AUD00004263,V00003657,2026-05-14 04:49:08,approved,无风险,machine
AUD00004264,V00000110,2026-03-18 13:35:31,approved,无风险,mixed
AUD00004265,V00003164,2026-01-24 05:41:37,approved,无风险,mixed
AUD00004266,V00013666,2026-06-04 16:39:55,limited,虚假信息,machine
AUD00004267,V00011534,2026-05-02 12:52:34,approved,无风险,machine
AUD00004268,V00014038,2026-05-02 06:52:21,approved,无风险,human
AUD00004269,V00000633,2026-03-11 06:09:04,approved,无风险,mixed
AUD00004270,V00007544,2026-01-16 23:16:11,approved,无风险,mixed
AUD00004271,V00009141,2026-02-23 12:02:26,approved,无风险,machine
AUD00004272,V00014331,2026-06-13 06:40:49,approved,低俗,machine
AUD00004273,V00012853,2026-08-24 08:39:15,approved,无风险,human
AUD00004274,V00000897,2026-04-29 20:11:48,approved,无风险,mixed
AUD00004275,V00011129,2026-02-27 15:50:56,approved,无风险,machine
AUD00004276,V00010515,2026-03-05 20:23:36,approved,无风险,machine
AUD00004277,V00008037,2026-04-12 22:17:47,approved,无风险,machine
AUD00004278,V00000908,2026-08-16 13:16:39,approved,无风险,machine
AUD00004279,V00011644,2026-08-27 08:28:21,approved,无风险,machine
AUD00004280,V00000517,2026-05-03 19:30:40,rejected,无风险,machine
AUD00004281,V00001956,2026-05-11 19:57:19,approved,无风险,mixed
AUD00004282,V00006044,2026-08-10 23:04:13,approved,无风险,machine
AUD00004283,V00006874,2026-08-11 21:08:06,approved,低俗,machine
AUD00004284,V00008972,2026-06-03 04:30:19,approved,无风险,mixed
AUD00004285,V00011301,2026-01-15 15:48:54,approved,无风险,mixed
AUD00004286,V00006967,2026-07-15 10:19:34,rejected,无风险,machine
AUD00004287,V00002462,2026-02-23 08:08:59,approved,无风险,machine
AUD00004288,V00009267,2026-03-07 05:33:45,approved,无风险,machine
AUD00004289,V00008438,2026-02-06 14:07:48,approved,虚假信息,machine
AUD00004290,V00011291,2026-04-20 14:24:13,approved,无风险,machine
AUD00004291,V00002151,2026-04-15 12:10:06,approved,无风险,machine
AUD00004292,V00010143,2026-08-01 02:33:23,approved,无风险,machine
AUD00004293,V00003065,2026-02-10 18:43:03,approved,无风险,human
AUD00004294,V00000532,2026-08-20 02:45:53,approved,无风险,machine
AUD00004295,V00010938,2026-01-06 22:15:02,approved,无风险,machine
AUD00004296,V00002481,2026-07-08 20:07:29,approved,无风险,machine
AUD00004297,V00008486,2026-01-09 16:28:12,approved,无风险,human
AUD00004298,V00011763,2026-07-20 20:34:00,approved,无风险,human
AUD00004299,V00011019,2026-08-28 09:47:46,approved,无风险,machine
AUD00004300,V00007245,2026-01-28 05:29:31,approved,无风险,mixed
AUD00004301,V00008231,2026-02-08 19:12:51,approved,无风险,mixed
AUD00004302,V00005002,2026-06-19 16:17:36,approved,无风险,mixed
AUD00004303,V00012406,2026-05-09 22:16:07,approved,无风险,mixed
AUD00004304,V00003869,2026-08-26 05:05:22,approved,无风险,mixed
AUD00004305,V00013239,2026-05-21 12:33:59,approved,无风险,machine
AUD00004306,V00011840,2026-02-01 11:59:44,approved,无风险,machine
AUD00004307,V00007968,2026-04-17 00:55:28,approved,无风险,mixed
AUD00004308,V00009029,2026-08-08 04:16:06,approved,无风险,machine
AUD00004309,V00012766,2026-02-21 20:47:42,approved,无风险,mixed
AUD00004310,V00012146,2026-05-23 03:48:25,approved,无风险,machine
AUD00004311,V00014233,2026-02-28 21:18:44,approved,侵权,mixed
AUD00004312,V00009423,2026-08-14 04:21:33,approved,无风险,machine
AUD00004313,V00007318,2026-07-25 13:01:57,approved,无风险,machine
AUD00004314,V00007952,2026-08-10 21:21:21,approved,无风险,machine
AUD00004315,V00009350,2026-07-26 13:15:06,approved,无风险,machine
AUD00004316,V00008404,2026-07-26 06:30:34,approved,无风险,machine
AUD00004317,V00002238,2026-03-28 23:25:03,approved,无风险,mixed
AUD00004318,V00007336,2026-01-09 14:07:22,approved,无风险,machine
AUD00004319,V00001377,2026-07-21 15:34:40,approved,无风险,machine
AUD00004320,V00004043,2026-07-04 03:28:50,approved,无风险,mixed
AUD00004321,V00010189,2026-06-07 05:33:00,approved,侵权,machine
AUD00004322,V00010571,2026-05-24 01:59:50,approved,无风险,machine
AUD00004323,V00014737,2026-04-19 06:20:58,approved,虚假信息,machine
AUD00004324,V00002737,2026-01-19 14:43:13,approved,无风险,machine
AUD00004325,V00007535,2026-08-21 12:43:25,approved,无风险,mixed
AUD00004326,V00001877,2026-08-17 18:26:23,approved,无风险,mixed
AUD00004327,V00001515,2026-07-12 04:07:08,approved,低俗,machine
AUD00004328,V00002186,2026-05-15 05:49:56,approved,无风险,human
AUD00004329,V00006247,2026-04-20 23:07:14,approved,无风险,human
AUD00004330,V00012475,2026-05-18 23:32:58,approved,无风险,machine
AUD00004331,V00004279,2026-07-07 19:16:05,approved,无风险,machine
AUD00004332,V00008286,2026-08-04 02:51:24,approved,无风险,mixed
AUD00004333,V00008631,2026-08-09 01:45:52,approved,无风险,mixed
AUD00004334,V00007027,2026-03-08 03:52:08,approved,无风险,machine
AUD00004335,V00013704,2026-01-16 13:45:51,approved,无风险,machine
AUD00004336,V00001356,2026-08-18 10:23:32,approved,无风险,machine
AUD00004337,V00011563,2026-02-27 21:45:37,approved,无风险,human
AUD00004338,V00001857,2026-06-30 09:16:04,approved,无风险,mixed
AUD00004339,V00013999,2026-06-05 22:29:09,approved,无风险,machine
AUD00004340,V00000419,2026-08-04 00:43:26,approved,无风险,machine
AUD00004341,V00009881,2026-08-23 01:28:34,approved,无风险,machine
AUD00004342,V00010526,2026-06-26 14:37:23,approved,无风险,machine
AUD00004343,V00011203,2026-04-30 21:16:07,approved,无风险,machine
AUD00004344,V00003216,2026-07-30 18:45:06,approved,无风险,machine
AUD00004345,V00001082,2026-07-06 01:48:00,approved,无风险,machine
AUD00004346,V00012503,2026-05-28 08:35:37,approved,无风险,machine
AUD00004347,V00003503,2026-03-16 23:52:42,approved,无风险,mixed
AUD00004348,V00007098,2026-08-28 09:50:19,approved,无风险,machine
AUD00004349,V00003544,2026-01-25 21:50:18,approved,无风险,mixed
AUD00004350,V00006036,2026-05-11 09:09:02,approved,无风险,machine
AUD00004351,V00014749,2026-08-12 21:14:54,approved,无风险,machine
AUD00004352,V00001376,2026-06-12 00:45:05,approved,无风险,machine
AUD00004353,V00003912,2026-08-14 00:59:26,approved,无风险,human
AUD00004354,V00002169,2026-08-28 06:21:46,approved,无风险,machine
AUD00004355,V00007419,2026-02-04 18:57:13,approved,无风险,machine
AUD00004356,V00012089,2026-04-16 15:14:38,approved,无风险,machine
AUD00004357,V00011684,2026-08-15 14:27:17,approved,无风险,machine
AUD00004358,V00014619,2026-03-06 18:05:33,approved,无风险,machine
AUD00004359,V00004469,2026-06-21 20:56:38,approved,虚假信息,human
AUD00004360,V00010310,2026-08-16 12:16:13,approved,侵权,machine
AUD00004361,V00002114,2026-05-29 01:17:36,approved,无风险,mixed
AUD00004362,V00009227,2026-08-19 07:50:59,approved,无风险,machine
AUD00004363,V00012522,2026-07-19 15:24:05,approved,无风险,mixed
AUD00004364,V00011519,2026-04-05 18:43:30,approved,无风险,machine
AUD00004365,V00013691,2026-05-29 12:23:38,approved,无风险,machine
AUD00004366,V00011541,2026-08-09 11:45:10,approved,无风险,mixed
AUD00004367,V00008896,2026-05-19 05:51:45,approved,无风险,machine
AUD00004368,V00008444,2026-06-05 05:39:46,approved,无风险,machine
AUD00004369,V00005630,2026-02-27 22:12:29,approved,无风险,mixed
AUD00004370,V00012121,2026-04-08 05:16:47,approved,无风险,machine
AUD00004371,V00007884,2026-07-31 15:48:26,approved,无风险,mixed
AUD00004372,V00008189,2026-02-23 16:38:09,approved,无风险,machine
AUD00004373,V00003104,2026-06-23 03:54:30,approved,无风险,machine
AUD00004374,V00006558,2026-04-13 23:02:02,approved,无风险,machine
AUD00004375,V00003299,2026-05-18 14:53:28,approved,无风险,machine
AUD00004376,V00013434,2026-01-06 10:51:33,approved,无风险,mixed
AUD00004377,V00003165,2026-03-26 16:47:09,approved,无风险,machine
AUD00004378,V00012988,2026-06-11 09:17:27,approved,无风险,machine
AUD00004379,V00002052,2026-07-17 15:17:12,approved,无风险,machine
AUD00004380,V00000227,2026-08-01 20:19:14,approved,无风险,machine
AUD00004381,V00002550,2026-03-07 10:24:01,approved,无风险,mixed
AUD00004382,V00003827,2026-06-16 07:51:38,approved,无风险,machine
AUD00004383,V00010247,2026-08-03 18:52:20,approved,无风险,machine
AUD00004384,V00014352,2026-05-27 20:34:54,approved,无风险,machine
AUD00004385,V00013612,2026-06-06 07:34:20,approved,无风险,machine
AUD00004386,V00008437,2026-05-06 21:20:13,approved,无风险,machine
AUD00004387,V00012641,2026-08-10 00:35:38,approved,无风险,machine
AUD00004388,V00014679,2026-04-08 04:31:09,approved,无风险,mixed
AUD00004389,V00009816,2026-01-05 02:29:37,approved,无风险,machine
AUD00004390,V00006888,2026-06-26 07:41:51,approved,无风险,mixed
AUD00004391,V00003402,2026-07-12 20:19:58,approved,无风险,human
AUD00004392,V00005546,2026-04-05 21:22:34,approved,无风险,machine
AUD00004393,V00007029,2026-07-29 13:18:49,approved,无风险,machine
AUD00004394,V00000297,2026-02-01 07:45:51,approved,无风险,mixed
AUD00004395,V00011547,2026-04-30 20:55:41,approved,无风险,human
AUD00004396,V00012749,2026-05-12 23:10:23,approved,无风险,machine
AUD00004397,V00011197,2026-04-16 08:30:02,approved,无风险,machine
AUD00004398,V00007390,2026-04-29 00:47:13,approved,无风险,machine
AUD00004399,V00006507,2026-07-28 14:02:10,approved,无风险,machine
AUD00004400,V00003776,2026-07-01 01:29:50,approved,无风险,mixed
AUD00004401,V00008591,2026-05-03 05:44:48,rejected,无风险,machine
AUD00004402,V00014815,2026-02-04 17:46:06,approved,无风险,machine
AUD00004403,V00010608,2026-08-27 06:33:05,approved,无风险,mixed
AUD00004404,V00006392,2026-06-27 04:40:50,approved,侵权,machine
AUD00004405,V00001631,2026-07-18 03:06:14,approved,侵权,machine
AUD00004406,V00003547,2026-05-22 21:53:17,approved,无风险,machine
AUD00004407,V00008207,2026-07-10 20:53:05,approved,侵权,machine
AUD00004408,V00005702,2026-06-29 03:18:43,approved,无风险,machine
AUD00004409,V00002392,2026-04-04 23:44:50,approved,侵权,mixed
AUD00004410,V00012005,2026-03-21 15:33:39,approved,无风险,machine
AUD00004411,V00006008,2026-05-19 09:06:10,approved,无风险,human
AUD00004412,V00002553,2026-07-17 16:37:47,approved,无风险,machine
AUD00004413,V00003001,2026-05-28 16:42:01,approved,无风险,human
AUD00004414,V00002916,2026-03-26 14:47:05,approved,无风险,mixed
AUD00004415,V00000143,2026-06-01 11:19:33,approved,无风险,machine
AUD00004416,V00012243,2026-04-22 12:25:11,approved,无风险,mixed
AUD00004417,V00011786,2026-06-10 02:20:08,approved,无风险,machine
AUD00004418,V00012732,2026-06-26 22:13:14,approved,无风险,machine
AUD00004419,V00004167,2026-05-11 07:06:18,approved,无风险,machine
AUD00004420,V00000526,2026-01-25 06:15:00,approved,无风险,mixed
AUD00004421,V00000207,2026-03-12 03:38:12,approved,无风险,machine
AUD00004422,V00010798,2026-02-13 20:11:25,approved,无风险,human
AUD00004423,V00011407,2026-04-16 00:59:46,approved,无风险,mixed
AUD00004424,V00004045,2026-01-07 22:35:54,approved,无风险,machine
AUD00004425,V00003199,2026-01-19 16:48:19,approved,无风险,mixed
AUD00004426,V00014669,2026-06-10 12:17:36,approved,无风险,human
AUD00004427,V00001773,2026-08-09 09:48:49,limited,无风险,machine
AUD00004428,V00014040,2026-06-16 00:18:13,approved,无风险,machine
AUD00004429,V00001175,2026-07-09 22:37:20,approved,无风险,mixed
AUD00004430,V00000893,2026-08-03 13:03:27,approved,无风险,mixed
AUD00004431,V00006895,2026-05-06 10:29:44,approved,无风险,machine
AUD00004432,V00009995,2026-03-22 15:05:35,approved,无风险,machine
AUD00004433,V00013651,2026-02-04 16:58:27,approved,无风险,machine
AUD00004434,V00007232,2026-04-09 14:50:20,approved,无风险,machine
AUD00004435,V00008088,2026-03-15 00:37:40,rejected,无风险,machine
AUD00004436,V00014440,2026-02-28 11:49:00,limited,无风险,machine
AUD00004437,V00006897,2026-07-21 08:55:51,rejected,无风险,machine
AUD00004438,V00013163,2026-01-07 16:08:52,approved,无风险,machine
AUD00004439,V00009102,2026-06-27 10:14:09,approved,无风险,machine
AUD00004440,V00005549,2026-01-07 07:16:04,approved,无风险,machine
AUD00004441,V00000387,2026-05-17 10:05:41,approved,无风险,machine
AUD00004442,V00010939,2026-01-30 06:38:54,approved,无风险,machine
AUD00004443,V00002828,2026-06-30 18:06:03,approved,无风险,machine
AUD00004444,V00007039,2026-07-28 00:12:12,approved,无风险,human
AUD00004445,V00006358,2026-05-16 23:42:24,approved,无风险,machine
AUD00004446,V00006334,2026-06-15 06:35:15,approved,无风险,mixed
AUD00004447,V00004361,2026-06-23 21:38:24,approved,无风险,machine
AUD00004448,V00004966,2026-07-02 10:37:56,approved,无风险,machine
AUD00004449,V00008871,2026-07-20 20:09:37,approved,无风险,machine
AUD00004450,V00013941,2026-07-17 09:58:42,approved,无风险,machine
AUD00004451,V00005046,2026-04-08 03:50:34,approved,无风险,machine
AUD00004452,V00012186,2026-01-16 00:36:22,approved,无风险,human
AUD00004453,V00011473,2026-03-24 05:30:10,approved,无风险,machine
AUD00004454,V00000259,2026-04-26 18:19:22,approved,无风险,machine
AUD00004455,V00013478,2026-07-07 02:24:06,approved,无风险,machine
AUD00004456,V00010778,2026-08-25 16:54:36,approved,无风险,mixed
AUD00004457,V00007894,2026-02-11 23:06:04,approved,无风险,machine
AUD00004458,V00011368,2026-08-20 12:21:35,approved,无风险,machine
AUD00004459,V00006964,2026-04-26 06:52:27,approved,无风险,machine
AUD00004460,V00001444,2026-02-28 16:37:01,approved,无风险,machine
AUD00004461,V00011427,2026-05-08 08:12:43,approved,无风险,machine
AUD00004462,V00000701,2026-02-23 01:23:26,limited,无风险,machine
AUD00004463,V00012552,2026-07-13 13:45:02,approved,无风险,machine
AUD00004464,V00010205,2026-07-21 08:47:04,approved,无风险,machine
AUD00004465,V00004376,2026-08-06 11:03:54,approved,无风险,machine
AUD00004466,V00003858,2026-08-05 22:42:00,approved,无风险,machine
AUD00004467,V00003502,2026-05-28 17:28:50,approved,无风险,mixed
AUD00004468,V00009735,2026-03-06 16:57:23,approved,侵权,machine
AUD00004469,V00005748,2026-05-14 20:21:38,approved,无风险,machine
AUD00004470,V00012855,2026-06-01 20:26:36,approved,无风险,machine
AUD00004471,V00010781,2026-08-16 19:15:54,approved,无风险,machine
AUD00004472,V00012034,2026-08-12 02:41:41,approved,无风险,machine
AUD00004473,V00003167,2026-07-22 01:06:45,approved,无风险,machine
AUD00004474,V00003501,2026-04-24 19:19:04,approved,无风险,mixed
AUD00004475,V00014770,2026-03-12 10:08:13,approved,无风险,machine
AUD00004476,V00010272,2026-04-14 07:17:09,approved,无风险,machine
AUD00004477,V00006836,2026-08-24 03:05:13,approved,无风险,machine
AUD00004478,V00005457,2026-05-01 08:05:43,rejected,无风险,machine
AUD00004479,V00004931,2026-03-25 06:48:25,approved,无风险,machine
AUD00004480,V00013189,2026-01-20 03:04:51,approved,无风险,mixed
AUD00004481,V00011811,2026-04-23 07:55:39,approved,无风险,mixed
AUD00004482,V00007635,2026-06-06 15:42:14,approved,无风险,machine
AUD00004483,V00011248,2026-04-16 17:45:07,approved,无风险,mixed
AUD00004484,V00009761,2026-03-08 14:51:28,approved,无风险,machine
AUD00004485,V00013683,2026-04-30 12:28:25,approved,无风险,human
AUD00004486,V00002281,2026-08-17 03:53:08,approved,无风险,machine
AUD00004487,V00012413,2026-06-09 15:43:50,approved,无风险,mixed
AUD00004488,V00006928,2026-05-27 23:07:14,approved,无风险,machine
AUD00004489,V00007303,2026-07-16 01:03:14,approved,无风险,machine
AUD00004490,V00012681,2026-05-03 00:47:09,approved,无风险,machine
AUD00004491,V00001471,2026-08-20 15:24:33,approved,无风险,mixed
AUD00004492,V00003148,2026-03-11 04:19:09,approved,无风险,machine
AUD00004493,V00012922,2026-03-29 05:35:50,approved,无风险,machine
AUD00004494,V00014347,2026-06-11 20:39:32,approved,无风险,machine
AUD00004495,V00005722,2026-08-13 00:37:58,limited,无风险,machine
AUD00004496,V00006525,2026-07-12 18:07:41,approved,无风险,machine
AUD00004497,V00005381,2026-06-15 03:25:02,approved,无风险,machine
AUD00004498,V00013890,2026-06-24 17:01:15,approved,虚假信息,machine
AUD00004499,V00008605,2026-08-21 21:09:46,approved,无风险,machine
AUD00004500,V00000931,2026-03-31 23:31:11,approved,无风险,mixed
AUD00004501,V00012613,2026-05-26 18:12:04,approved,无风险,mixed
AUD00004502,V00006493,2026-07-09 04:10:37,approved,无风险,machine
AUD00004503,V00005942,2026-06-10 13:13:56,approved,无风险,machine
AUD00004504,V00005195,2026-03-07 02:35:17,approved,无风险,mixed
AUD00004505,V00007026,2026-03-30 22:14:19,approved,无风险,mixed
AUD00004506,V00011347,2026-02-21 22:36:43,approved,无风险,human
AUD00004507,V00006641,2026-01-04 18:16:18,approved,无风险,machine
AUD00004508,V00008235,2026-01-14 13:11:52,approved,无风险,machine
AUD00004509,V00002529,2026-02-17 04:22:33,approved,无风险,mixed
AUD00004510,V00013319,2026-06-04 20:04:09,approved,侵权,machine
AUD00004511,V00005589,2026-02-27 21:51:30,approved,无风险,machine
AUD00004512,V00005171,2026-01-09 19:43:04,approved,无风险,machine
AUD00004513,V00013148,2026-08-17 10:48:03,rejected,无风险,human
AUD00004514,V00012263,2026-05-01 06:01:58,approved,无风险,mixed
AUD00004515,V00009086,2026-05-23 06:30:26,approved,无风险,machine
AUD00004516,V00005982,2026-08-19 19:33:18,approved,无风险,machine
AUD00004517,V00000320,2026-08-06 18:47:43,approved,无风险,machine
AUD00004518,V00012770,2026-01-10 13:38:16,approved,无风险,machine
AUD00004519,V00012001,2026-05-28 16:31:30,approved,无风险,mixed
AUD00004520,V00006091,2026-08-27 09:08:58,approved,无风险,mixed
AUD00004521,V00011748,2026-08-27 18:28:01,approved,无风险,machine
AUD00004522,V00001642,2026-01-20 22:27:20,approved,无风险,mixed
AUD00004523,V00008867,2026-07-24 13:58:46,approved,无风险,mixed
AUD00004524,V00013054,2026-02-21 05:03:47,approved,侵权,machine
AUD00004525,V00007035,2026-03-11 17:18:31,approved,无风险,machine
AUD00004526,V00010769,2026-01-09 16:25:29,approved,无风险,mixed
AUD00004527,V00002975,2026-05-03 16:11:33,approved,无风险,machine
AUD00004528,V00008821,2026-08-22 18:24:13,approved,虚假信息,machine
AUD00004529,V00002290,2026-05-17 02:32:46,approved,无风险,machine
AUD00004530,V00009307,2026-08-24 20:32:04,limited,无风险,machine
AUD00004531,V00012918,2026-05-02 21:52:16,approved,无风险,machine
AUD00004532,V00012998,2026-05-18 08:05:45,approved,无风险,machine
AUD00004533,V00004664,2026-04-28 06:46:29,approved,无风险,machine
AUD00004534,V00007421,2026-07-06 10:03:50,approved,虚假信息,machine
AUD00004535,V00009575,2026-07-10 12:52:56,approved,无风险,human
AUD00004536,V00001827,2026-03-16 07:10:53,approved,无风险,machine
AUD00004537,V00001481,2026-01-31 01:07:47,approved,无风险,machine
AUD00004538,V00010357,2026-07-25 23:44:19,approved,无风险,machine
AUD00004539,V00004237,2026-04-11 04:41:07,approved,无风险,machine
AUD00004540,V00001575,2026-07-16 04:47:11,approved,无风险,machine
AUD00004541,V00001473,2026-01-01 18:47:13,approved,无风险,machine
AUD00004542,V00002515,2026-03-13 17:15:50,approved,无风险,machine
AUD00004543,V00002990,2026-06-24 02:37:48,approved,虚假信息,mixed
AUD00004544,V00010635,2026-02-20 08:51:49,approved,无风险,machine
AUD00004545,V00013476,2026-07-13 09:55:23,approved,无风险,machine
AUD00004546,V00005403,2026-04-04 04:01:59,approved,无风险,machine
AUD00004547,V00006726,2026-07-21 06:43:21,approved,无风险,mixed
AUD00004548,V00007750,2026-07-09 08:57:43,approved,无风险,human
AUD00004549,V00011521,2026-03-19 23:27:56,approved,无风险,machine
AUD00004550,V00006941,2026-06-02 10:14:56,approved,无风险,machine
AUD00004551,V00013540,2026-05-20 09:43:16,approved,无风险,machine
AUD00004552,V00001839,2026-06-12 19:23:07,approved,无风险,machine
AUD00004553,V00008134,2026-02-13 18:23:34,approved,无风险,machine
AUD00004554,V00004477,2026-06-14 03:41:46,approved,无风险,mixed
AUD00004555,V00014750,2026-04-20 14:55:43,approved,无风险,mixed
AUD00004556,V00013316,2026-02-24 01:36:37,approved,无风险,machine
AUD00004557,V00001039,2026-08-28 03:57:40,approved,无风险,machine
AUD00004558,V00003974,2026-04-02 21:22:50,approved,无风险,mixed
AUD00004559,V00005860,2026-03-11 19:55:05,approved,无风险,machine
AUD00004560,V00010174,2026-07-05 02:45:30,approved,无风险,mixed
AUD00004561,V00001955,2026-08-09 18:29:42,approved,侵权,machine
AUD00004562,V00013576,2026-05-26 20:57:35,limited,无风险,machine
AUD00004563,V00010275,2026-07-15 11:14:10,approved,无风险,machine
AUD00004564,V00010336,2026-04-28 21:16:39,approved,无风险,machine
AUD00004565,V00002485,2026-08-06 18:42:52,approved,无风险,mixed
AUD00004566,V00001248,2026-02-20 15:58:16,approved,无风险,machine
AUD00004567,V00010459,2026-03-20 15:05:01,approved,无风险,machine
AUD00004568,V00012767,2026-06-19 16:47:07,approved,无风险,mixed
AUD00004569,V00001462,2026-04-08 01:22:47,approved,无风险,mixed
AUD00004570,V00001321,2026-07-18 22:54:38,approved,无风险,machine
AUD00004571,V00005710,2026-08-25 02:34:25,approved,无风险,machine
AUD00004572,V00007959,2026-03-03 06:56:31,approved,无风险,mixed
AUD00004573,V00013870,2026-01-24 18:17:52,approved,无风险,machine
AUD00004574,V00000068,2026-08-10 22:42:27,approved,无风险,machine
AUD00004575,V00005504,2026-08-06 11:32:36,approved,侵权,mixed
AUD00004576,V00009138,2026-02-08 03:40:53,approved,无风险,machine
AUD00004577,V00013902,2026-02-06 12:29:45,approved,无风险,mixed
AUD00004578,V00002418,2026-08-24 22:40:09,approved,无风险,machine
AUD00004579,V00004352,2026-04-25 05:37:42,approved,无风险,machine
AUD00004580,V00011847,2026-05-28 04:59:44,approved,无风险,machine
AUD00004581,V00005822,2026-01-13 02:33:35,approved,无风险,machine
AUD00004582,V00004644,2026-05-01 09:18:16,approved,无风险,machine
AUD00004583,V00009120,2026-07-28 23:32:46,approved,侵权,machine
AUD00004584,V00006193,2026-04-04 20:46:34,approved,无风险,human
AUD00004585,V00009266,2026-04-14 21:33:08,approved,无风险,machine
AUD00004586,V00001689,2026-06-29 07:45:47,approved,无风险,mixed
AUD00004587,V00000209,2026-03-16 07:24:38,rejected,无风险,mixed
AUD00004588,V00001048,2026-03-04 18:19:26,approved,无风险,mixed
AUD00004589,V00004773,2026-07-22 08:37:56,approved,无风险,mixed
AUD00004590,V00010732,2026-02-02 19:35:12,approved,无风险,mixed
AUD00004591,V00005616,2026-03-22 15:42:03,approved,无风险,mixed
AUD00004592,V00007899,2026-05-02 03:31:51,approved,无风险,machine
AUD00004593,V00010707,2026-01-09 16:42:03,approved,无风险,machine
AUD00004594,V00006232,2026-05-18 12:52:54,approved,无风险,mixed
AUD00004595,V00012849,2026-05-09 19:34:44,approved,无风险,human
AUD00004596,V00013780,2026-01-10 09:30:22,approved,无风险,machine
AUD00004597,V00001384,2026-07-22 22:47:06,approved,无风险,machine
AUD00004598,V00007733,2026-04-28 00:50:06,approved,无风险,machine
AUD00004599,V00006833,2026-04-28 03:06:12,approved,无风险,machine
AUD00004600,V00006234,2026-02-06 03:58:45,approved,无风险,machine
AUD00004601,V00007554,2026-04-21 05:25:55,approved,无风险,machine
AUD00004602,V00006822,2026-06-25 19:25:33,approved,无风险,machine
AUD00004603,V00011747,2026-08-15 09:40:41,approved,无风险,machine
AUD00004604,V00003814,2026-03-11 19:48:41,approved,无风险,machine
AUD00004605,V00012670,2026-04-24 08:35:54,approved,无风险,machine
AUD00004606,V00014995,2026-04-21 19:34:05,approved,无风险,machine
AUD00004607,V00011070,2026-05-30 23:55:05,approved,无风险,machine
AUD00004608,V00002231,2026-05-29 02:10:58,approved,虚假信息,machine
AUD00004609,V00009426,2026-07-04 00:03:28,approved,低俗,mixed
AUD00004610,V00000537,2026-06-14 12:19:43,approved,无风险,human
AUD00004611,V00002928,2026-07-18 09:14:06,approved,无风险,machine
AUD00004612,V00012821,2026-06-08 10:32:58,approved,无风险,machine
AUD00004613,V00005194,2026-06-29 02:27:48,approved,无风险,mixed
AUD00004614,V00009947,2026-08-12 15:25:11,approved,无风险,machine
AUD00004615,V00014896,2026-05-22 14:58:33,approved,无风险,machine
AUD00004616,V00000550,2026-07-18 10:24:09,approved,无风险,machine
AUD00004617,V00005351,2026-02-24 17:09:43,approved,无风险,machine
AUD00004618,V00006157,2026-05-10 09:55:29,approved,无风险,mixed
AUD00004619,V00000508,2026-06-08 14:56:17,approved,无风险,machine
AUD00004620,V00008614,2026-03-10 08:14:46,approved,无风险,human
AUD00004621,V00013832,2026-05-21 04:59:27,rejected,无风险,human
AUD00004622,V00014086,2026-07-07 01:10:16,approved,无风险,machine
AUD00004623,V00010421,2026-03-07 01:33:59,approved,无风险,mixed
AUD00004624,V00008761,2026-05-14 10:32:22,approved,无风险,machine
AUD00004625,V00005011,2026-06-19 16:36:04,approved,无风险,machine
AUD00004626,V00005827,2026-06-15 10:11:06,rejected,无风险,machine
AUD00004627,V00006220,2026-03-13 05:28:31,approved,无风险,machine
AUD00004628,V00014871,2026-01-18 03:51:20,approved,侵权,machine
AUD00004629,V00006121,2026-08-06 12:57:52,approved,无风险,machine
AUD00004630,V00010493,2026-08-12 08:19:31,approved,无风险,mixed
AUD00004631,V00009727,2026-01-14 18:04:57,approved,无风险,mixed
AUD00004632,V00003170,2026-04-03 13:03:13,approved,无风险,mixed
AUD00004633,V00011729,2026-08-11 07:07:44,approved,虚假信息,mixed
AUD00004634,V00014852,2026-07-25 16:39:06,approved,无风险,machine
AUD00004635,V00001640,2026-05-16 19:28:05,approved,无风险,machine
AUD00004636,V00001301,2026-05-12 16:13:41,approved,无风险,mixed
AUD00004637,V00013838,2026-05-02 01:37:04,approved,无风险,machine
AUD00004638,V00001610,2026-01-11 05:57:08,approved,无风险,mixed
AUD00004639,V00004720,2026-07-31 10:38:03,approved,无风险,machine
AUD00004640,V00011044,2026-07-12 22:59:14,approved,无风险,machine
AUD00004641,V00014777,2026-03-10 12:26:39,approved,无风险,machine
AUD00004642,V00004139,2026-04-09 19:27:26,approved,无风险,machine
AUD00004643,V00000727,2026-04-02 01:57:04,approved,无风险,mixed
AUD00004644,V00000598,2026-04-29 05:20:18,approved,无风险,machine
AUD00004645,V00014858,2026-06-29 06:36:33,approved,无风险,machine
AUD00004646,V00006644,2026-01-23 10:34:59,approved,无风险,machine
AUD00004647,V00011915,2026-07-28 18:15:57,limited,无风险,machine
AUD00004648,V00006169,2026-06-29 01:00:26,approved,无风险,machine
AUD00004649,V00004308,2026-07-12 12:14:51,approved,无风险,human
AUD00004650,V00000886,2026-05-14 02:03:14,approved,无风险,machine
AUD00004651,V00005254,2026-06-05 06:00:10,approved,无风险,machine
AUD00004652,V00003301,2026-01-05 13:29:58,rejected,无风险,machine
AUD00004653,V00012954,2026-04-03 21:22:09,limited,无风险,human
AUD00004654,V00002643,2026-06-01 07:36:47,approved,虚假信息,machine
AUD00004655,V00008339,2026-08-09 21:41:23,approved,低俗,machine
AUD00004656,V00001053,2026-02-23 19:52:05,approved,无风险,machine
AUD00004657,V00008225,2026-08-04 22:29:08,approved,无风险,machine
AUD00004658,V00001768,2026-07-14 11:30:54,approved,侵权,machine
AUD00004659,V00012067,2026-04-17 20:32:19,approved,无风险,machine
AUD00004660,V00006236,2026-06-06 05:25:51,approved,无风险,machine
AUD00004661,V00006770,2026-08-20 20:46:34,approved,无风险,machine
AUD00004662,V00000767,2026-04-13 11:44:25,approved,无风险,mixed
AUD00004663,V00008643,2026-01-22 16:42:45,approved,无风险,machine
AUD00004664,V00007069,2026-01-18 18:21:43,approved,无风险,machine
AUD00004665,V00009676,2026-06-16 04:23:49,approved,无风险,machine
AUD00004666,V00004608,2026-02-10 10:29:48,approved,无风险,machine
AUD00004667,V00004269,2026-01-28 16:14:15,approved,无风险,mixed
AUD00004668,V00010203,2026-04-30 06:03:20,approved,无风险,machine
AUD00004669,V00009280,2026-05-01 10:23:03,approved,无风险,mixed
AUD00004670,V00003737,2026-04-09 22:00:49,approved,无风险,mixed
AUD00004671,V00001195,2026-07-20 21:19:20,approved,无风险,mixed
AUD00004672,V00014229,2026-01-04 03:43:52,limited,低俗,machine
AUD00004673,V00008695,2026-08-10 12:25:04,approved,无风险,machine
AUD00004674,V00003154,2026-05-15 05:40:35,approved,无风险,machine
AUD00004675,V00000889,2026-08-06 09:07:40,approved,无风险,machine
AUD00004676,V00009000,2026-07-27 17:16:49,approved,无风险,machine
AUD00004677,V00006509,2026-06-23 02:43:13,approved,无风险,machine
AUD00004678,V00003976,2026-01-25 19:38:13,approved,无风险,machine
AUD00004679,V00007482,2026-03-25 15:10:08,approved,无风险,machine
AUD00004680,V00001221,2026-01-01 14:25:21,approved,无风险,machine
AUD00004681,V00001497,2026-03-20 14:11:44,approved,无风险,machine
AUD00004682,V00008226,2026-04-07 05:27:05,approved,无风险,machine
AUD00004683,V00000580,2026-07-12 20:41:58,approved,无风险,human
AUD00004684,V00007794,2026-08-03 04:01:02,approved,无风险,machine
AUD00004685,V00002565,2026-08-15 22:43:39,approved,无风险,machine
AUD00004686,V00004581,2026-05-07 03:56:40,approved,无风险,machine
AUD00004687,V00003705,2026-07-02 08:39:54,approved,无风险,mixed
AUD00004688,V00005141,2026-07-02 16:25:02,approved,无风险,machine
AUD00004689,V00009068,2026-07-27 15:26:45,approved,虚假信息,mixed
AUD00004690,V00002811,2026-05-16 01:24:07,approved,无风险,machine
AUD00004691,V00014732,2026-06-11 14:20:50,approved,无风险,machine
AUD00004692,V00009591,2026-04-20 11:27:07,approved,无风险,mixed
AUD00004693,V00008738,2026-04-04 04:57:51,approved,无风险,mixed
AUD00004694,V00009410,2026-08-21 15:46:58,approved,无风险,machine
AUD00004695,V00013676,2026-07-25 12:16:42,approved,无风险,machine
AUD00004696,V00013853,2026-07-07 15:51:54,approved,无风险,machine
AUD00004697,V00012490,2026-04-09 00:18:05,approved,无风险,machine
AUD00004698,V00007869,2026-05-10 20:04:27,approved,无风险,human
AUD00004699,V00000801,2026-08-21 07:33:26,limited,无风险,machine
AUD00004700,V00011030,2026-08-28 07:20:19,approved,低俗,machine
AUD00004701,V00008425,2026-06-18 12:35:01,approved,无风险,human
AUD00004702,V00006721,2026-08-17 04:51:23,approved,无风险,machine
AUD00004703,V00004589,2026-01-25 19:03:57,approved,无风险,machine
AUD00004704,V00010528,2026-02-05 08:08:17,approved,无风险,machine
AUD00004705,V00005317,2026-02-07 04:41:06,approved,无风险,machine
AUD00004706,V00000085,2026-05-14 13:29:35,rejected,无风险,human
AUD00004707,V00001325,2026-01-05 07:05:02,approved,无风险,machine
AUD00004708,V00007301,2026-08-23 11:48:21,approved,无风险,machine
AUD00004709,V00002776,2026-03-02 13:24:06,approved,无风险,machine
AUD00004710,V00003000,2026-07-18 22:34:48,rejected,无风险,machine
AUD00004711,V00013760,2026-05-08 14:30:05,approved,无风险,machine
AUD00004712,V00003920,2026-06-19 15:06:22,approved,无风险,machine
AUD00004713,V00012799,2026-07-12 20:24:40,approved,侵权,machine
AUD00004714,V00000757,2026-04-03 20:30:15,approved,无风险,machine
AUD00004715,V00012066,2026-02-21 00:12:49,approved,无风险,human
AUD00004716,V00009212,2026-07-11 22:20:41,approved,无风险,machine
AUD00004717,V00003947,2026-05-26 21:59:00,approved,无风险,machine
AUD00004718,V00014508,2026-03-27 12:39:10,approved,无风险,machine
AUD00004719,V00004648,2026-08-23 23:33:16,approved,无风险,machine
AUD00004720,V00013606,2026-05-27 01:15:49,approved,无风险,machine
AUD00004721,V00000299,2026-03-07 03:25:08,approved,无风险,mixed
AUD00004722,V00005631,2026-07-13 08:26:10,approved,无风险,machine
AUD00004723,V00005840,2026-01-03 05:07:57,approved,无风险,machine
AUD00004724,V00008045,2026-01-13 10:06:35,rejected,无风险,machine
AUD00004725,V00002537,2026-04-08 11:29:06,approved,无风险,machine
AUD00004726,V00013968,2026-03-16 08:38:37,approved,无风险,machine
AUD00004727,V00005173,2026-03-14 23:59:34,approved,无风险,machine
AUD00004728,V00002533,2026-05-26 08:09:29,approved,无风险,mixed
AUD00004729,V00007132,2026-05-11 08:54:33,approved,无风险,machine
AUD00004730,V00000657,2026-03-10 16:15:41,approved,无风险,machine
AUD00004731,V00007777,2026-06-24 10:23:42,approved,无风险,machine
AUD00004732,V00001849,2026-08-11 13:37:00,approved,无风险,machine
AUD00004733,V00014781,2026-06-28 16:35:15,approved,无风险,machine
AUD00004734,V00011896,2026-08-25 18:04:14,approved,无风险,human
AUD00004735,V00011717,2026-05-04 22:47:55,approved,无风险,human
AUD00004736,V00014149,2026-07-31 14:02:00,approved,无风险,machine
AUD00004737,V00011466,2026-08-27 16:41:43,approved,无风险,machine
AUD00004738,V00005090,2026-06-25 19:34:45,approved,无风险,machine
AUD00004739,V00014474,2026-05-12 03:49:31,approved,无风险,machine
AUD00004740,V00004087,2026-06-08 09:57:35,rejected,无风险,machine
AUD00004741,V00001294,2026-02-09 15:36:36,approved,无风险,machine
AUD00004742,V00000914,2026-06-21 11:15:27,approved,无风险,machine
AUD00004743,V00002683,2026-07-07 08:42:54,approved,无风险,machine
AUD00004744,V00000966,2026-05-19 19:46:29,approved,低俗,machine
AUD00004745,V00004849,2026-07-15 18:19:17,approved,无风险,human
AUD00004746,V00003636,2026-05-06 08:00:10,approved,无风险,mixed
AUD00004747,V00011694,2026-03-03 08:58:50,approved,无风险,machine
AUD00004748,V00002222,2026-05-11 09:58:04,approved,无风险,machine
AUD00004749,V00007953,2026-05-24 17:44:32,approved,无风险,mixed
AUD00004750,V00006311,2026-05-05 06:30:54,approved,无风险,machine
AUD00004751,V00008750,2026-07-18 03:02:52,approved,无风险,machine
AUD00004752,V00008511,2026-05-29 10:17:01,approved,无风险,machine
AUD00004753,V00002892,2026-05-20 02:38:59,approved,无风险,machine
AUD00004754,V00011085,2026-08-11 20:37:58,approved,无风险,machine
AUD00004755,V00004710,2026-05-04 11:52:20,approved,无风险,machine
AUD00004756,V00002520,2026-01-31 17:24:30,approved,无风险,machine
AUD00004757,V00002941,2026-03-13 17:56:12,approved,无风险,machine
AUD00004758,V00010081,2026-06-24 12:10:36,approved,无风险,mixed
AUD00004759,V00008255,2026-07-03 23:02:54,approved,无风险,mixed
AUD00004760,V00012394,2026-03-11 22:11:07,approved,无风险,mixed
AUD00004761,V00010648,2026-08-18 12:31:54,approved,无风险,machine
AUD00004762,V00010589,2026-07-06 18:56:12,approved,无风险,machine
AUD00004763,V00000763,2026-01-03 03:04:52,approved,无风险,machine
AUD00004764,V00003387,2026-01-28 21:10:38,approved,无风险,machine
AUD00004765,V00006970,2026-01-20 06:09:59,approved,无风险,machine
AUD00004766,V00009896,2026-04-14 09:36:03,approved,无风险,machine
AUD00004767,V00005399,2026-02-05 12:11:42,approved,无风险,machine
AUD00004768,V00014813,2026-02-27 16:20:53,approved,无风险,mixed
AUD00004769,V00008651,2026-03-30 03:35:05,approved,侵权,mixed
AUD00004770,V00011901,2026-02-16 15:30:05,approved,无风险,machine
AUD00004771,V00011134,2026-05-30 08:27:48,approved,无风险,machine
AUD00004772,V00005788,2026-05-18 03:00:19,approved,无风险,machine
AUD00004773,V00008587,2026-02-09 14:38:38,approved,无风险,machine
AUD00004774,V00000140,2026-06-26 04:09:26,approved,无风险,human
AUD00004775,V00000449,2026-06-12 05:24:25,approved,无风险,mixed
AUD00004776,V00000252,2026-08-06 22:10:43,approved,无风险,machine
AUD00004777,V00003391,2026-01-28 23:38:03,approved,无风险,machine
AUD00004778,V00008749,2026-01-14 20:20:56,approved,侵权,machine
AUD00004779,V00007836,2026-08-21 00:59:36,approved,虚假信息,machine
AUD00004780,V00011309,2026-02-28 10:33:43,approved,无风险,mixed
AUD00004781,V00000304,2026-07-07 18:51:47,approved,无风险,machine
AUD00004782,V00012430,2026-07-30 18:17:12,approved,无风险,machine
AUD00004783,V00000561,2026-07-25 22:34:20,approved,无风险,machine
AUD00004784,V00004716,2026-05-03 13:52:20,approved,无风险,machine
AUD00004785,V00004272,2026-05-05 13:58:34,approved,无风险,mixed
AUD00004786,V00012019,2026-03-30 21:42:12,approved,无风险,machine
AUD00004787,V00003020,2026-02-21 23:37:08,approved,无风险,mixed
AUD00004788,V00014369,2026-02-19 12:45:05,approved,无风险,machine
AUD00004789,V00001659,2026-04-18 04:04:48,approved,无风险,machine
AUD00004790,V00010301,2026-05-05 03:24:24,approved,无风险,machine
AUD00004791,V00007747,2026-08-02 06:04:17,approved,无风险,machine
AUD00004792,V00010895,2026-07-17 06:23:23,approved,无风险,machine
AUD00004793,V00002280,2026-05-09 19:06:20,approved,无风险,mixed
AUD00004794,V00005491,2026-07-17 06:32:45,approved,无风险,machine
AUD00004795,V00014962,2026-03-04 11:41:35,approved,无风险,mixed
AUD00004796,V00011282,2026-06-07 10:48:42,approved,无风险,machine
AUD00004797,V00003105,2026-04-03 13:24:53,approved,无风险,machine
AUD00004798,V00003309,2026-01-13 15:26:55,approved,无风险,machine
AUD00004799,V00005809,2026-07-17 03:06:44,approved,无风险,machine
AUD00004800,V00012765,2026-05-07 10:13:40,approved,无风险,machine
AUD00004801,V00014171,2026-07-24 03:48:13,approved,无风险,machine
AUD00004802,V00008491,2026-02-06 14:18:48,approved,无风险,machine
AUD00004803,V00006601,2026-08-23 10:11:04,approved,无风险,machine
AUD00004804,V00014106,2026-08-21 19:24:36,approved,无风险,mixed
AUD00004805,V00009569,2026-01-23 16:28:49,approved,无风险,machine
AUD00004806,V00011995,2026-03-14 21:57:35,approved,无风险,machine
AUD00004807,V00009344,2026-06-02 17:41:30,approved,无风险,machine
AUD00004808,V00009805,2026-07-31 08:59:00,approved,无风险,machine
AUD00004809,V00004196,2026-04-10 21:35:14,approved,虚假信息,machine
AUD00004810,V00006267,2026-03-05 01:36:25,approved,无风险,machine
AUD00004811,V00004443,2026-07-16 14:38:25,approved,无风险,machine
AUD00004812,V00003673,2026-08-12 23:07:54,approved,无风险,machine
AUD00004813,V00009851,2026-05-18 19:52:30,approved,无风险,human
AUD00004814,V00014818,2026-05-10 04:51:04,approved,无风险,mixed
AUD00004815,V00014240,2026-07-11 07:34:54,approved,无风险,machine
AUD00004816,V00013951,2026-05-07 19:12:25,approved,虚假信息,machine
AUD00004817,V00000173,2026-01-14 09:26:39,approved,无风险,human
AUD00004818,V00007622,2026-07-29 22:49:19,approved,无风险,machine
AUD00004819,V00007631,2026-08-04 19:16:50,approved,无风险,machine
AUD00004820,V00005892,2026-05-07 00:12:36,approved,无风险,machine
AUD00004821,V00014227,2026-08-18 18:26:41,approved,无风险,human
AUD00004822,V00001457,2026-07-31 18:29:45,approved,无风险,machine
AUD00004823,V00004176,2026-01-27 02:08:13,approved,无风险,human
AUD00004824,V00012336,2026-08-26 16:31:27,approved,无风险,machine
AUD00004825,V00004769,2026-03-09 17:23:48,limited,虚假信息,mixed
AUD00004826,V00000883,2026-06-30 14:27:10,approved,无风险,machine
AUD00004827,V00011122,2026-01-13 14:08:09,approved,无风险,mixed
AUD00004828,V00001662,2026-05-18 03:31:53,approved,无风险,machine
AUD00004829,V00001125,2026-05-31 12:01:11,approved,无风险,machine
AUD00004830,V00010399,2026-03-12 07:23:31,approved,无风险,machine
AUD00004831,V00006831,2026-08-11 04:06:44,approved,无风险,machine
AUD00004832,V00008902,2026-01-23 14:59:43,approved,侵权,mixed
AUD00004833,V00010724,2026-07-20 04:33:52,approved,无风险,machine
AUD00004834,V00004048,2026-06-29 05:19:19,approved,无风险,machine
AUD00004835,V00011386,2026-07-04 09:01:05,approved,无风险,machine
AUD00004836,V00006204,2026-07-14 02:46:49,approved,虚假信息,machine
AUD00004837,V00007124,2026-08-19 16:01:18,approved,无风险,machine
AUD00004838,V00012718,2026-07-26 00:26:00,approved,无风险,mixed
AUD00004839,V00006344,2026-06-24 21:35:38,approved,无风险,mixed
AUD00004840,V00003654,2026-05-24 03:43:20,approved,无风险,mixed
AUD00004841,V00012375,2026-03-03 21:09:39,approved,无风险,machine
AUD00004842,V00005871,2026-03-03 16:22:40,approved,虚假信息,machine
AUD00004843,V00013871,2026-07-18 08:17:45,approved,无风险,machine
AUD00004844,V00000725,2026-08-19 23:33:16,approved,无风险,machine
AUD00004845,V00008904,2026-02-19 11:51:41,approved,无风险,machine
AUD00004846,V00000059,2026-08-28 06:56:34,approved,无风险,machine
AUD00004847,V00008636,2026-08-24 03:34:57,approved,无风险,machine
AUD00004848,V00000246,2026-02-13 21:37:27,approved,无风险,mixed
AUD00004849,V00011881,2026-08-03 20:54:54,approved,无风险,machine
AUD00004850,V00001901,2026-07-16 10:08:48,rejected,无风险,mixed
AUD00004851,V00012585,2026-06-29 02:56:56,approved,无风险,machine
AUD00004852,V00011117,2026-06-14 08:13:53,approved,无风险,machine
AUD00004853,V00009715,2026-08-14 03:01:51,approved,无风险,machine
AUD00004854,V00002976,2026-03-16 14:30:52,approved,无风险,mixed
AUD00004855,V00000066,2026-05-11 09:35:43,approved,无风险,machine
AUD00004856,V00013628,2026-03-30 23:24:23,approved,无风险,machine
AUD00004857,V00009273,2026-07-30 15:39:30,approved,无风险,machine
AUD00004858,V00004389,2026-07-20 14:27:24,approved,无风险,machine
AUD00004859,V00012757,2026-08-07 19:22:12,approved,无风险,machine
AUD00004860,V00009053,2026-08-16 16:12:10,approved,无风险,machine
AUD00004861,V00014615,2026-08-10 04:17:04,approved,无风险,machine
AUD00004862,V00002178,2026-08-14 12:17:28,approved,无风险,machine
AUD00004863,V00014118,2026-08-12 05:38:13,approved,无风险,machine
AUD00004864,V00008725,2026-08-05 12:30:48,approved,无风险,mixed
AUD00004865,V00009997,2026-01-25 04:50:36,approved,无风险,mixed
AUD00004866,V00002914,2026-05-02 00:28:44,approved,无风险,machine
AUD00004867,V00002051,2026-02-19 09:18:28,approved,无风险,machine
AUD00004868,V00007189,2026-06-23 11:16:58,limited,无风险,mixed
AUD00004869,V00008892,2026-01-15 04:18:11,approved,无风险,machine
AUD00004870,V00009092,2026-02-17 04:27:41,rejected,无风险,machine
AUD00004871,V00006248,2026-06-22 22:35:29,approved,低俗,machine
AUD00004872,V00001436,2026-05-22 12:36:35,rejected,无风险,machine
AUD00004873,V00006313,2026-07-16 05:46:40,approved,无风险,machine
AUD00004874,V00000106,2026-04-14 21:53:52,approved,无风险,mixed
AUD00004875,V00012058,2026-07-06 18:33:06,approved,无风险,machine
AUD00004876,V00013679,2026-06-04 04:29:42,approved,无风险,machine
AUD00004877,V00009094,2026-05-17 17:11:45,approved,无风险,machine
AUD00004878,V00002193,2026-01-15 20:18:33,approved,无风险,machine
AUD00004879,V00000755,2026-05-16 02:31:07,approved,无风险,mixed
AUD00004880,V00009073,2026-06-15 01:35:21,limited,无风险,machine
AUD00004881,V00004642,2026-01-31 07:27:54,approved,无风险,machine
AUD00004882,V00006212,2026-04-30 12:37:18,approved,无风险,human
AUD00004883,V00003489,2026-04-21 09:35:24,approved,无风险,machine
AUD00004884,V00010026,2026-04-11 03:53:20,approved,无风险,mixed
AUD00004885,V00012934,2026-05-14 23:23:51,approved,无风险,machine
AUD00004886,V00009992,2026-01-09 21:25:52,approved,无风险,mixed
AUD00004887,V00005910,2026-01-23 04:31:25,approved,无风险,machine
AUD00004888,V00010059,2026-05-21 07:09:45,approved,无风险,machine
AUD00004889,V00013572,2026-07-09 22:50:43,approved,无风险,mixed
AUD00004890,V00007500,2026-06-17 18:48:16,approved,无风险,machine
AUD00004891,V00010641,2026-06-07 01:21:29,approved,无风险,machine
AUD00004892,V00010961,2026-05-24 16:40:43,approved,无风险,machine
AUD00004893,V00000486,2026-05-07 10:21:45,approved,无风险,machine
AUD00004894,V00014172,2026-08-28 05:24:50,approved,无风险,human
AUD00004895,V00006672,2026-04-06 18:37:32,approved,无风险,human
AUD00004896,V00007698,2026-02-23 03:35:04,approved,虚假信息,machine
AUD00004897,V00013646,2026-08-01 22:46:54,approved,无风险,machine
AUD00004898,V00011984,2026-08-24 10:35:22,approved,无风险,machine
AUD00004899,V00007530,2026-08-28 15:45:06,approved,无风险,machine
AUD00004900,V00006315,2026-08-04 07:54:30,approved,侵权,machine
AUD00004901,V00011119,2026-05-27 08:50:23,approved,无风险,machine
AUD00004902,V00001772,2026-04-03 02:29:12,approved,无风险,machine
AUD00004903,V00013793,2026-06-11 10:40:14,approved,无风险,machine
AUD00004904,V00001431,2026-01-25 00:57:23,approved,无风险,mixed
AUD00004905,V00002400,2026-03-06 16:34:19,approved,无风险,mixed
AUD00004906,V00003448,2026-06-11 13:43:22,approved,无风险,machine
AUD00004907,V00013761,2026-07-09 20:03:57,approved,无风险,machine
AUD00004908,V00004142,2026-03-17 10:32:24,approved,无风险,machine
AUD00004909,V00007883,2026-04-15 23:05:07,approved,虚假信息,human
AUD00004910,V00001323,2026-08-26 16:13:34,rejected,无风险,human
AUD00004911,V00007877,2026-08-20 07:09:38,approved,无风险,machine
AUD00004912,V00008341,2026-06-18 08:33:11,approved,无风险,mixed
AUD00004913,V00007512,2026-01-15 16:43:46,approved,无风险,machine
AUD00004914,V00004606,2026-08-10 16:08:32,approved,无风险,machine
AUD00004915,V00002248,2026-02-18 03:51:37,rejected,无风险,mixed
AUD00004916,V00001565,2026-08-23 22:25:17,approved,无风险,machine
AUD00004917,V00007320,2026-05-08 20:21:14,approved,无风险,mixed
AUD00004918,V00013657,2026-04-23 21:02:23,approved,无风险,machine
AUD00004919,V00013559,2026-04-10 11:50:54,approved,无风险,machine
AUD00004920,V00003897,2026-04-11 13:18:59,approved,无风险,mixed
AUD00004921,V00010805,2026-02-14 17:41:48,limited,无风险,machine
AUD00004922,V00014428,2026-06-16 04:45:56,approved,无风险,mixed
AUD00004923,V00000576,2026-06-19 21:14:22,approved,无风险,machine
AUD00004924,V00007665,2026-07-27 10:34:01,rejected,无风险,machine
AUD00004925,V00002872,2026-08-15 20:15:46,approved,无风险,machine
AUD00004926,V00002313,2026-01-29 05:31:39,approved,无风险,machine
AUD00004927,V00002162,2026-04-28 20:40:47,approved,无风险,machine
AUD00004928,V00000871,2026-08-23 15:22:55,approved,无风险,machine
AUD00004929,V00013713,2026-07-13 22:34:37,approved,无风险,machine
AUD00004930,V00010860,2026-01-09 16:33:40,approved,无风险,mixed
AUD00004931,V00005999,2026-02-06 01:32:05,approved,无风险,machine
AUD00004932,V00005077,2026-01-18 22:12:25,approved,无风险,machine
AUD00004933,V00013459,2026-05-31 04:29:29,approved,无风险,machine
AUD00004934,V00011583,2026-01-26 04:56:23,approved,无风险,machine
AUD00004935,V00002396,2026-07-24 11:30:36,approved,无风险,machine
AUD00004936,V00005276,2026-08-25 10:46:42,approved,无风险,mixed
AUD00004937,V00001167,2026-01-13 08:53:31,approved,无风险,machine
AUD00004938,V00012395,2026-03-07 01:57:42,approved,虚假信息,machine
AUD00004939,V00001760,2026-05-29 20:00:11,approved,无风险,machine
AUD00004940,V00004360,2026-05-27 23:13:09,approved,无风险,machine
AUD00004941,V00004821,2026-06-19 03:42:57,approved,无风险,machine
AUD00004942,V00002242,2026-02-22 21:10:55,approved,无风险,machine
AUD00004943,V00013372,2026-07-02 03:55:57,approved,无风险,machine
AUD00004944,V00005656,2026-07-08 15:21:39,approved,无风险,machine
AUD00004945,V00013743,2026-02-06 10:16:18,approved,虚假信息,machine
AUD00004946,V00004918,2026-06-26 03:38:39,approved,虚假信息,machine
AUD00004947,V00010619,2026-03-23 22:45:29,approved,无风险,machine
AUD00004948,V00012984,2026-02-25 12:25:00,approved,无风险,mixed
AUD00004949,V00013270,2026-07-07 05:51:49,approved,侵权,machine
AUD00004950,V00012850,2026-05-20 23:15:34,approved,无风险,mixed
AUD00004951,V00013914,2026-08-02 19:32:47,approved,无风险,machine
AUD00004952,V00007326,2026-06-12 16:52:49,approved,无风险,machine
AUD00004953,V00010872,2026-05-24 16:21:06,approved,无风险,machine
AUD00004954,V00008897,2026-04-10 16:00:38,approved,无风险,machine
AUD00004955,V00004416,2026-05-01 22:43:41,approved,无风险,machine
AUD00004956,V00007805,2026-03-20 12:08:20,approved,无风险,machine
AUD00004957,V00013324,2026-04-19 02:44:27,approved,无风险,machine
AUD00004958,V00009846,2026-04-15 12:12:04,approved,无风险,machine
AUD00004959,V00004380,2026-08-17 11:33:07,approved,无风险,machine
AUD00004960,V00008399,2026-07-03 16:54:25,approved,无风险,mixed
AUD00004961,V00003041,2026-06-29 12:10:56,approved,无风险,machine
AUD00004962,V00008966,2026-05-04 11:56:31,approved,无风险,machine
AUD00004963,V00004602,2026-06-17 00:18:57,approved,无风险,machine
AUD00004964,V00014702,2026-06-09 05:31:27,approved,无风险,mixed
AUD00004965,V00007173,2026-07-22 08:06:12,approved,无风险,human
AUD00004966,V00000228,2026-06-10 09:41:09,approved,无风险,machine
AUD00004967,V00010445,2026-02-23 22:44:38,approved,无风险,mixed
AUD00004968,V00003861,2026-07-18 08:19:34,approved,无风险,machine
AUD00004969,V00000747,2026-03-18 17:05:32,approved,无风险,machine
AUD00004970,V00014291,2026-08-23 07:49:08,approved,无风险,machine
AUD00004971,V00013930,2026-06-29 06:26:42,approved,无风险,machine
AUD00004972,V00005034,2026-04-29 01:30:58,approved,无风险,machine
AUD00004973,V00012776,2026-03-23 18:39:01,approved,无风险,human
AUD00004974,V00006885,2026-03-05 14:37:45,approved,无风险,machine
AUD00004975,V00014729,2026-08-03 01:37:14,approved,无风险,machine
AUD00004976,V00014064,2026-08-28 21:51:56,rejected,无风险,mixed
AUD00004977,V00010538,2026-02-02 12:19:49,approved,无风险,machine
AUD00004978,V00005275,2026-08-28 08:04:57,approved,无风险,machine
AUD00004979,V00008992,2026-07-07 18:22:48,approved,无风险,mixed
AUD00004980,V00007975,2026-08-28 17:02:25,approved,无风险,machine
AUD00004981,V00009441,2026-07-08 22:12:52,approved,无风险,machine
AUD00004982,V00003300,2026-08-06 08:47:13,approved,无风险,machine
AUD00004983,V00005864,2026-08-06 03:34:52,approved,无风险,machine
AUD00004984,V00009632,2026-07-25 18:49:21,approved,无风险,machine
AUD00004985,V00003054,2026-06-24 14:29:47,approved,无风险,machine
AUD00004986,V00014543,2026-08-27 23:05:12,approved,无风险,machine
AUD00004987,V00011251,2026-05-25 01:21:07,approved,无风险,machine
AUD00004988,V00006040,2026-02-05 04:10:23,approved,无风险,machine
AUD00004989,V00014997,2026-07-20 20:10:22,approved,无风险,mixed
AUD00004990,V00003846,2026-01-01 15:29:49,approved,无风险,machine
AUD00004991,V00003077,2026-07-11 05:50:18,approved,无风险,machine
AUD00004992,V00009690,2026-08-16 17:33:45,rejected,无风险,machine
AUD00004993,V00014714,2026-03-29 10:40:02,approved,无风险,human
AUD00004994,V00006608,2026-02-22 22:22:11,approved,无风险,machine
AUD00004995,V00004719,2026-05-22 23:43:56,approved,无风险,machine
AUD00004996,V00000681,2026-04-23 10:57:58,approved,无风险,mixed
AUD00004997,V00007131,2026-07-21 07:02:15,approved,无风险,mixed
AUD00004998,V00010078,2026-07-21 08:24:46,rejected,无风险,mixed
AUD00004999,V00008908,2026-07-11 21:00:44,approved,无风险,mixed
AUD00005000,V00004709,2026-08-19 09:35:01,approved,无风险,machine
AUD00005001,V00004428,2026-07-13 12:48:47,approved,无风险,mixed
AUD00005002,V00013504,2026-08-29 00:35:27,approved,无风险,mixed
AUD00005003,V00002126,2026-01-31 06:20:23,approved,无风险,machine
AUD00005004,V00008868,2026-06-19 17:16:49,approved,无风险,mixed
AUD00005005,V00013647,2026-06-23 09:48:38,approved,无风险,machine
AUD00005006,V00007902,2026-07-02 13:39:53,approved,虚假信息,machine
AUD00005007,V00004748,2026-08-09 23:23:07,approved,无风险,mixed
AUD00005008,V00008410,2026-07-24 09:16:56,approved,无风险,machine
AUD00005009,V00013609,2026-01-21 22:16:38,approved,无风险,machine
AUD00005010,V00000285,2026-03-08 11:18:16,approved,无风险,human
AUD00005011,V00013015,2026-06-22 00:23:01,approved,无风险,machine
AUD00005012,V00011107,2026-03-07 16:30:07,approved,无风险,mixed
AUD00005013,V00010932,2026-04-02 06:12:07,approved,无风险,mixed
AUD00005014,V00009552,2026-07-24 17:35:43,approved,无风险,machine
AUD00005015,V00009557,2026-05-08 06:24:54,approved,无风险,machine
AUD00005016,V00006925,2026-04-25 10:36:43,approved,侵权,machine
AUD00005017,V00010213,2026-08-27 03:48:58,rejected,无风险,machine
AUD00005018,V00005162,2026-07-05 05:48:12,approved,无风险,machine
AUD00005019,V00012942,2026-01-25 19:52:54,approved,无风险,machine
AUD00005020,V00006585,2026-07-26 20:24:10,approved,无风险,machine
AUD00005021,V00010092,2026-06-04 07:45:32,approved,无风险,machine
AUD00005022,V00008385,2026-08-15 19:01:03,approved,无风险,mixed
AUD00005023,V00003082,2026-07-26 05:33:31,approved,无风险,machine
AUD00005024,V00011034,2026-07-18 13:56:13,approved,无风险,mixed
AUD00005025,V00002663,2026-05-10 14:38:19,approved,低俗,machine
AUD00005026,V00013788,2026-04-07 13:12:34,approved,无风险,mixed
AUD00005027,V00010135,2026-02-14 01:13:57,approved,无风险,mixed
AUD00005028,V00005286,2026-05-10 00:28:17,approved,无风险,machine
AUD00005029,V00013159,2026-06-07 15:51:39,approved,无风险,machine
AUD00005030,V00007243,2026-04-01 00:27:07,approved,无风险,machine
AUD00005031,V00003454,2026-07-19 10:52:03,approved,无风险,machine
AUD00005032,V00001504,2026-03-27 02:26:37,approved,无风险,machine
AUD00005033,V00010923,2026-08-02 18:18:47,approved,无风险,machine
AUD00005034,V00006413,2026-03-27 03:44:49,approved,无风险,mixed
AUD00005035,V00014089,2026-03-31 08:10:00,approved,无风险,machine
AUD00005036,V00006953,2026-03-11 14:08:21,approved,无风险,machine
AUD00005037,V00009398,2026-07-18 19:16:18,approved,无风险,machine
AUD00005038,V00005823,2026-07-05 13:35:04,approved,无风险,mixed
AUD00005039,V00012951,2026-08-02 04:25:51,approved,无风险,machine
AUD00005040,V00006197,2026-08-14 18:41:14,approved,无风险,mixed
AUD00005041,V00011564,2026-08-18 21:54:07,approved,无风险,machine
AUD00005042,V00002759,2026-08-22 08:35:59,approved,无风险,machine
AUD00005043,V00003539,2026-06-29 14:07:44,approved,无风险,mixed
AUD00005044,V00001602,2026-08-03 11:39:32,approved,无风险,mixed
AUD00005045,V00010668,2026-07-27 03:44:50,approved,无风险,mixed
AUD00005046,V00014766,2026-08-20 14:28:37,approved,无风险,machine
AUD00005047,V00014277,2026-08-15 22:48:09,approved,无风险,machine
AUD00005048,V00005102,2026-03-28 00:53:33,approved,侵权,machine
AUD00005049,V00005743,2026-07-17 02:33:21,approved,无风险,machine
AUD00005050,V00014433,2026-08-14 05:12:38,approved,无风险,machine
AUD00005051,V00012269,2026-06-26 19:17:00,approved,无风险,machine
AUD00005052,V00007618,2026-08-19 18:45:22,approved,无风险,machine
AUD00005053,V00000019,2026-04-30 03:30:15,approved,无风险,machine
AUD00005054,V00012281,2026-07-30 19:31:14,rejected,无风险,machine
AUD00005055,V00000940,2026-07-23 17:10:06,approved,无风险,machine
AUD00005056,V00003990,2026-04-14 07:17:10,approved,无风险,machine
AUD00005057,V00010291,2026-07-07 06:46:12,rejected,无风险,machine
AUD00005058,V00013070,2026-06-13 08:49:47,approved,无风险,machine
AUD00005059,V00013786,2026-02-05 03:30:36,approved,无风险,machine
AUD00005060,V00012302,2026-07-02 02:42:46,approved,无风险,human
AUD00005061,V00006708,2026-06-28 03:08:37,approved,无风险,machine
AUD00005062,V00000599,2026-04-30 06:42:29,approved,无风险,machine
AUD00005063,V00009511,2026-05-06 22:38:54,approved,无风险,human
AUD00005064,V00014057,2026-03-06 16:47:33,limited,无风险,machine
AUD00005065,V00003756,2026-01-27 06:34:25,approved,无风险,mixed
AUD00005066,V00005834,2026-06-24 04:59:42,approved,无风险,machine
AUD00005067,V00004878,2026-06-28 04:04:20,approved,无风险,mixed
AUD00005068,V00010650,2026-06-01 00:13:39,approved,无风险,mixed
AUD00005069,V00007167,2026-06-28 18:13:36,approved,无风险,machine
AUD00005070,V00004386,2026-07-24 06:52:07,approved,无风险,mixed
AUD00005071,V00008757,2026-04-18 10:00:18,approved,无风险,mixed
AUD00005072,V00000895,2026-08-02 23:51:29,limited,无风险,machine
AUD00005073,V00012246,2026-05-18 07:25:17,rejected,无风险,machine
AUD00005074,V00002232,2026-06-04 06:19:52,approved,无风险,machine
AUD00005075,V00003631,2026-06-05 16:06:53,approved,无风险,machine
AUD00005076,V00013024,2026-05-05 14:44:26,approved,无风险,machine
AUD00005077,V00002617,2026-02-16 15:05:25,approved,无风险,human
AUD00005078,V00002860,2026-03-01 18:26:54,approved,无风险,machine
AUD00005079,V00013722,2026-05-07 14:28:38,approved,无风险,mixed
AUD00005080,V00000436,2026-08-09 02:07:29,approved,侵权,machine
AUD00005081,V00008787,2026-03-23 15:27:21,approved,无风险,machine
AUD00005082,V00007019,2026-08-22 22:55:13,approved,无风险,machine
AUD00005083,V00014470,2026-08-24 21:55:40,approved,无风险,machine
AUD00005084,V00002042,2026-07-09 03:42:46,approved,无风险,machine
AUD00005085,V00005543,2026-03-18 21:04:49,approved,无风险,machine
AUD00005086,V00009051,2026-03-25 06:24:40,approved,无风险,machine
AUD00005087,V00010168,2026-07-09 18:42:07,approved,无风险,machine
AUD00005088,V00002449,2026-07-04 00:00:20,approved,无风险,machine
AUD00005089,V00008638,2026-05-14 12:33:07,approved,无风险,machine
AUD00005090,V00002104,2026-06-17 19:47:36,approved,无风险,machine
AUD00005091,V00002818,2026-01-22 00:48:28,approved,无风险,human
AUD00005092,V00011472,2026-01-27 22:21:56,approved,无风险,machine
AUD00005093,V00005219,2026-02-26 17:36:04,approved,无风险,machine
AUD00005094,V00010212,2026-07-14 13:46:40,approved,无风险,machine
AUD00005095,V00001050,2026-06-25 07:19:18,approved,无风险,machine
AUD00005096,V00000588,2026-01-03 12:03:43,approved,无风险,machine
AUD00005097,V00000569,2026-03-27 01:32:06,approved,无风险,mixed
AUD00005098,V00008115,2026-08-03 08:19:41,approved,无风险,mixed
AUD00005099,V00014479,2026-07-01 09:43:59,approved,无风险,machine
AUD00005100,V00003556,2026-01-26 16:48:12,approved,无风险,machine
AUD00005101,V00001467,2026-08-02 15:04:59,approved,无风险,machine
AUD00005102,V00000118,2026-06-08 11:59:37,approved,无风险,machine
AUD00005103,V00005461,2026-02-07 18:41:48,approved,无风险,machine
AUD00005104,V00014718,2026-06-24 08:23:11,approved,无风险,machine
AUD00005105,V00006079,2026-08-14 23:23:13,approved,无风险,machine
AUD00005106,V00001550,2026-02-24 11:48:59,approved,无风险,mixed
AUD00005107,V00004499,2026-04-13 23:40:07,rejected,无风险,mixed
AUD00005108,V00012462,2026-01-28 16:34:05,approved,无风险,machine
AUD00005109,V00001034,2026-05-11 01:13:13,approved,无风险,machine
AUD00005110,V00002911,2026-08-05 19:59:19,approved,无风险,machine
AUD00005111,V00006219,2026-08-01 15:49:00,approved,无风险,machine
AUD00005112,V00011625,2026-03-18 11:48:49,approved,无风险,machine
AUD00005113,V00001651,2026-03-04 01:34:54,approved,无风险,machine
AUD00005114,V00005715,2026-07-17 23:11:20,approved,无风险,machine
AUD00005115,V00003532,2026-05-15 05:48:41,approved,无风险,mixed
AUD00005116,V00001502,2026-01-12 13:50:37,approved,无风险,machine
AUD00005117,V00006124,2026-04-05 19:31:22,approved,无风险,machine
AUD00005118,V00008279,2026-08-14 14:09:18,approved,无风险,mixed
AUD00005119,V00001405,2026-02-05 01:16:35,approved,无风险,machine
AUD00005120,V00003298,2026-06-05 16:09:17,approved,无风险,mixed
AUD00005121,V00012993,2026-03-19 15:36:06,approved,无风险,mixed
AUD00005122,V00004776,2026-04-28 06:13:34,approved,无风险,machine
AUD00005123,V00003579,2026-05-05 11:11:38,approved,低俗,machine
AUD00005124,V00011235,2026-02-27 20:25:11,approved,无风险,machine
AUD00005125,V00006168,2026-01-01 05:23:04,approved,无风险,machine
AUD00005126,V00000753,2026-02-11 03:20:59,approved,无风险,machine
AUD00005127,V00006932,2026-05-10 09:31:02,approved,无风险,human
AUD00005128,V00009855,2026-04-30 01:03:04,approved,侵权,machine
AUD00005129,V00010346,2026-05-26 05:23:22,approved,无风险,machine
AUD00005130,V00006975,2026-01-13 07:42:27,approved,无风险,mixed
AUD00005131,V00002781,2026-08-13 00:54:59,approved,无风险,machine
AUD00005132,V00004965,2026-07-23 04:31:37,approved,无风险,mixed
AUD00005133,V00000344,2026-07-17 21:21:44,approved,无风险,mixed
AUD00005134,V00008538,2026-07-28 15:54:00,approved,无风险,machine
AUD00005135,V00010856,2026-03-03 11:16:31,approved,虚假信息,human
AUD00005136,V00014005,2026-06-08 06:47:25,approved,无风险,machine
AUD00005137,V00002020,2026-04-30 13:31:29,approved,无风险,mixed
AUD00005138,V00003655,2026-03-16 11:53:11,approved,低俗,mixed
AUD00005139,V00002377,2026-01-11 15:23:20,approved,无风险,machine
AUD00005140,V00003847,2026-07-27 12:18:18,approved,无风险,machine
AUD00005141,V00000961,2026-08-08 14:28:29,approved,无风险,machine
AUD00005142,V00004913,2026-07-16 23:37:24,approved,无风险,mixed
AUD00005143,V00011795,2026-08-10 15:33:55,approved,无风险,mixed
AUD00005144,V00013953,2026-07-24 13:43:40,approved,无风险,mixed
AUD00005145,V00006319,2026-06-21 19:43:39,approved,无风险,machine
AUD00005146,V00013880,2026-08-18 02:18:22,approved,无风险,mixed
AUD00005147,V00007428,2026-07-15 08:26:22,approved,无风险,machine
AUD00005148,V00000511,2026-08-11 12:43:06,approved,无风险,mixed
AUD00005149,V00014235,2026-01-23 16:04:51,approved,无风险,machine
AUD00005150,V00000294,2026-03-11 17:11:00,approved,无风险,machine
AUD00005151,V00003940,2026-02-21 13:25:41,approved,无风险,machine
AUD00005152,V00009748,2026-07-12 18:45:42,approved,无风险,machine
AUD00005153,V00012340,2026-06-11 23:33:28,approved,无风险,human
AUD00005154,V00010029,2026-05-14 17:26:24,approved,无风险,machine
AUD00005155,V00008391,2026-03-01 07:46:20,approved,无风险,human
AUD00005156,V00006068,2026-08-26 10:29:48,approved,无风险,machine
AUD00005157,V00014946,2026-07-05 13:38:40,approved,侵权,mixed
AUD00005158,V00004215,2026-02-21 09:03:43,approved,无风险,machine
AUD00005159,V00004855,2026-08-12 03:13:05,approved,无风险,machine
AUD00005160,V00006792,2026-02-06 05:08:15,approved,无风险,machine
AUD00005161,V00009210,2026-08-25 17:45:31,rejected,无风险,machine
AUD00005162,V00012015,2026-07-22 06:55:05,approved,无风险,mixed
AUD00005163,V00001276,2026-03-11 05:28:39,approved,无风险,machine
AUD00005164,V00007858,2026-02-21 19:48:29,approved,虚假信息,mixed
AUD00005165,V00012554,2026-08-27 13:51:48,approved,无风险,human
AUD00005166,V00002492,2026-07-05 07:30:24,approved,无风险,machine
AUD00005167,V00011550,2026-08-18 11:14:00,approved,无风险,machine
AUD00005168,V00008820,2026-05-25 19:57:41,approved,无风险,machine
AUD00005169,V00004723,2026-06-06 13:20:17,approved,无风险,machine
AUD00005170,V00006659,2026-05-31 13:41:35,rejected,无风险,human
AUD00005171,V00005465,2026-08-28 17:41:22,approved,无风险,machine
AUD00005172,V00000172,2026-08-15 08:05:54,approved,无风险,human
AUD00005173,V00010043,2026-06-15 21:01:17,approved,无风险,mixed
AUD00005174,V00010925,2026-03-24 15:32:16,approved,无风险,mixed
AUD00005175,V00010254,2026-06-17 19:14:56,approved,无风险,machine
AUD00005176,V00010642,2026-08-09 15:35:08,approved,无风险,machine
AUD00005177,V00001379,2026-08-27 06:07:49,approved,无风险,machine
AUD00005178,V00006396,2026-07-27 19:44:57,approved,侵权,machine
AUD00005179,V00009765,2026-07-01 02:07:29,rejected,无风险,machine
AUD00005180,V00006640,2026-06-07 12:28:57,approved,无风险,machine
AUD00005181,V00009316,2026-08-14 20:53:07,approved,无风险,machine
AUD00005182,V00010211,2026-04-28 02:07:05,approved,无风险,machine
AUD00005183,V00006681,2026-08-09 18:42:28,approved,无风险,machine
AUD00005184,V00013328,2026-04-20 06:11:18,approved,无风险,machine
AUD00005185,V00000101,2026-03-02 03:31:44,approved,无风险,machine
AUD00005186,V00007339,2026-06-05 06:00:32,approved,无风险,machine
AUD00005187,V00010983,2026-05-23 10:41:19,rejected,无风险,machine
AUD00005188,V00009895,2026-04-24 20:52:34,approved,无风险,machine
AUD00005189,V00008584,2026-07-10 17:17:03,approved,无风险,human
AUD00005190,V00006501,2026-07-19 15:59:49,approved,无风险,machine
AUD00005191,V00010484,2026-03-24 12:22:26,approved,无风险,machine
AUD00005192,V00012618,2026-08-09 05:02:48,approved,无风险,mixed
AUD00005193,V00014709,2026-07-20 06:45:50,approved,无风险,mixed
AUD00005194,V00010290,2026-06-24 17:15:19,approved,无风险,machine
AUD00005195,V00007083,2026-05-23 19:02:56,approved,低俗,mixed
AUD00005196,V00014192,2026-04-18 15:40:45,approved,无风险,mixed
AUD00005197,V00006288,2026-07-13 14:09:23,approved,无风险,mixed
AUD00005198,V00003336,2026-08-14 00:54:21,approved,无风险,machine
AUD00005199,V00011048,2026-06-08 02:02:14,approved,无风险,human
AUD00005200,V00002793,2026-01-11 07:10:39,approved,无风险,machine
AUD00005201,V00010067,2026-08-13 17:58:04,approved,无风险,machine
AUD00005202,V00000723,2026-01-29 07:10:05,approved,虚假信息,mixed
AUD00005203,V00001274,2026-07-12 21:49:11,approved,无风险,machine
AUD00005204,V00008332,2026-04-01 11:28:43,approved,无风险,machine
AUD00005205,V00007192,2026-01-16 22:12:09,approved,无风险,machine
AUD00005206,V00010626,2026-03-10 08:24:05,approved,无风险,human
AUD00005207,V00012644,2026-08-28 11:10:13,approved,无风险,mixed
AUD00005208,V00006492,2026-06-29 20:18:42,approved,虚假信息,machine
AUD00005209,V00003155,2026-07-11 19:29:43,approved,无风险,mixed
AUD00005210,V00000492,2026-01-21 07:03:37,limited,无风险,machine
AUD00005211,V00009364,2026-02-27 12:22:45,approved,无风险,human
AUD00005212,V00010887,2026-04-14 21:59:50,approved,无风险,machine
AUD00005213,V00012777,2026-03-21 09:31:38,approved,低俗,machine
AUD00005214,V00009975,2026-07-06 12:07:20,approved,侵权,machine
AUD00005215,V00011562,2026-08-10 15:08:05,approved,无风险,machine
AUD00005216,V00004751,2026-04-06 12:10:10,approved,无风险,mixed
AUD00005217,V00013190,2026-07-16 09:01:05,approved,无风险,mixed
AUD00005218,V00006911,2026-08-06 22:53:16,rejected,虚假信息,machine
AUD00005219,V00007663,2026-06-10 09:31:22,approved,无风险,machine
AUD00005220,V00001261,2026-07-16 16:49:30,approved,无风险,machine
AUD00005221,V00007454,2026-08-21 05:44:00,approved,无风险,mixed
AUD00005222,V00005826,2026-06-30 08:06:25,approved,无风险,machine
AUD00005223,V00012501,2026-07-14 04:29:39,approved,无风险,machine
AUD00005224,V00011408,2026-04-04 02:53:12,approved,无风险,machine
AUD00005225,V00003307,2026-07-15 06:57:10,approved,无风险,mixed
AUD00005226,V00013580,2026-08-19 07:39:02,approved,无风险,machine
AUD00005227,V00010511,2026-07-12 20:32:36,limited,无风险,machine
AUD00005228,V00008984,2026-08-10 03:39:20,approved,无风险,machine
AUD00005229,V00004435,2026-04-26 12:24:14,approved,低俗,mixed
AUD00005230,V00006692,2026-01-10 21:52:16,approved,无风险,machine
AUD00005231,V00012640,2026-01-14 11:40:17,approved,无风险,machine
AUD00005232,V00009330,2026-04-06 20:50:15,approved,无风险,machine
AUD00005233,V00013415,2026-02-22 10:37:23,approved,无风险,machine
AUD00005234,V00014299,2026-02-01 19:21:49,approved,无风险,machine
AUD00005235,V00001161,2026-02-28 18:53:52,approved,无风险,machine
AUD00005236,V00014695,2026-01-18 04:10:08,rejected,无风险,machine
AUD00005237,V00009468,2026-01-09 04:56:07,approved,无风险,machine
AUD00005238,V00007149,2026-04-13 12:07:48,approved,无风险,machine
AUD00005239,V00002869,2026-05-29 14:07:46,approved,无风险,mixed
AUD00005240,V00006073,2026-05-23 19:59:46,approved,无风险,machine
AUD00005241,V00011933,2026-02-26 03:13:47,approved,无风险,machine
AUD00005242,V00008620,2026-07-24 14:47:26,approved,无风险,machine
AUD00005243,V00004551,2026-05-17 09:58:55,approved,无风险,machine
AUD00005244,V00011661,2026-08-01 02:57:12,limited,无风险,machine
AUD00005245,V00007903,2026-06-11 14:32:38,approved,无风险,machine
AUD00005246,V00000737,2026-07-02 03:36:59,approved,无风险,machine
AUD00005247,V00006449,2026-06-02 22:03:20,approved,无风险,mixed
AUD00005248,V00001375,2026-06-14 06:15:54,approved,无风险,machine
AUD00005249,V00011544,2026-08-03 08:08:21,approved,无风险,machine
AUD00005250,V00003934,2026-06-20 19:28:40,approved,无风险,mixed
AUD00005251,V00012892,2026-03-06 07:53:00,approved,无风险,machine
AUD00005252,V00002299,2026-06-17 08:19:38,approved,侵权,machine
AUD00005253,V00005954,2026-03-01 19:44:05,approved,侵权,machine
AUD00005254,V00006883,2026-06-26 11:03:47,approved,无风险,machine
AUD00005255,V00003788,2026-08-27 16:02:43,approved,无风险,machine
AUD00005256,V00013244,2026-08-26 05:37:52,approved,无风险,machine
AUD00005257,V00004699,2026-04-28 19:25:32,approved,无风险,machine
AUD00005258,V00006365,2026-03-03 21:06:44,approved,无风险,machine
AUD00005259,V00009573,2026-07-15 01:16:40,approved,无风险,machine
AUD00005260,V00005318,2026-07-30 04:18:58,rejected,无风险,human
AUD00005261,V00008069,2026-07-11 18:49:53,approved,无风险,mixed
AUD00005262,V00002971,2026-03-16 17:27:00,rejected,无风险,machine
AUD00005263,V00004070,2026-03-08 18:17:01,approved,无风险,mixed
AUD00005264,V00001795,2026-07-14 00:29:46,approved,无风险,machine
AUD00005265,V00009237,2026-01-14 12:26:34,approved,无风险,machine
AUD00005266,V00004324,2026-07-16 20:33:31,limited,无风险,mixed
AUD00005267,V00005304,2026-07-01 17:05:40,approved,无风险,machine
AUD00005268,V00012920,2026-07-26 14:20:38,approved,无风险,machine
AUD00005269,V00010220,2026-02-17 01:02:59,approved,无风险,machine
AUD00005270,V00010463,2026-07-19 19:57:48,approved,无风险,mixed
AUD00005271,V00012151,2026-03-16 03:50:31,approved,无风险,human
AUD00005272,V00011667,2026-08-28 13:52:02,approved,无风险,machine
AUD00005273,V00008300,2026-01-02 13:45:20,approved,无风险,machine
AUD00005274,V00000018,2026-03-25 21:55:56,approved,无风险,machine
AUD00005275,V00004539,2026-07-01 04:31:17,rejected,无风险,machine
AUD00005276,V00002069,2026-01-25 22:40:19,approved,无风险,human
AUD00005277,V00012647,2026-07-24 17:25:36,approved,无风险,machine
AUD00005278,V00010368,2026-08-25 10:33:02,approved,无风险,machine
AUD00005279,V00003637,2026-08-14 10:59:31,approved,无风险,machine
AUD00005280,V00009329,2026-02-25 10:56:19,approved,无风险,mixed
AUD00005281,V00009580,2026-08-16 14:38:37,approved,无风险,machine
AUD00005282,V00011474,2026-08-26 15:26:25,approved,无风险,machine
AUD00005283,V00009059,2026-07-30 23:18:49,approved,无风险,machine
AUD00005284,V00008658,2026-06-22 21:17:14,approved,无风险,machine
AUD00005285,V00005991,2026-05-06 20:17:28,approved,无风险,machine
AUD00005286,V00001113,2026-01-15 21:23:47,approved,虚假信息,machine
AUD00005287,V00002111,2026-07-04 21:01:10,approved,无风险,machine
AUD00005288,V00014639,2026-06-21 13:15:58,approved,无风险,mixed
AUD00005289,V00008514,2026-06-01 12:49:29,approved,无风险,machine
AUD00005290,V00003473,2026-05-24 09:46:53,approved,无风险,machine
AUD00005291,V00009288,2026-05-17 02:11:34,approved,无风险,machine
AUD00005292,V00008368,2026-05-24 02:04:30,approved,无风险,machine
AUD00005293,V00008937,2026-03-04 12:54:55,approved,无风险,machine
AUD00005294,V00004993,2026-08-28 11:50:08,approved,无风险,machine
AUD00005295,V00012759,2026-07-30 03:39:56,approved,无风险,machine
AUD00005296,V00010487,2026-07-23 23:44:49,approved,无风险,machine
AUD00005297,V00009088,2026-04-21 13:17:46,approved,无风险,machine
AUD00005298,V00003052,2026-01-02 22:13:03,approved,无风险,mixed
AUD00005299,V00010449,2026-07-04 18:15:39,approved,无风险,machine
AUD00005300,V00008997,2026-05-01 09:50:47,approved,无风险,machine
AUD00005301,V00010215,2026-06-07 19:29:26,approved,无风险,machine
AUD00005302,V00010130,2026-03-31 03:45:55,approved,侵权,mixed
AUD00005303,V00014835,2026-04-29 09:54:18,approved,无风险,human
AUD00005304,V00011274,2026-07-01 06:25:23,approved,无风险,machine
AUD00005305,V00012105,2026-03-20 23:50:13,approved,无风险,human
AUD00005306,V00006843,2026-08-25 22:18:11,approved,无风险,machine
AUD00005307,V00003601,2026-05-27 12:08:06,approved,无风险,machine
AUD00005308,V00007493,2026-06-22 12:52:57,approved,无风险,mixed
AUD00005309,V00001627,2026-02-21 20:43:35,approved,无风险,machine
AUD00005310,V00009381,2026-08-09 15:13:03,approved,虚假信息,machine
AUD00005311,V00002274,2026-02-07 16:57:02,approved,无风险,human
AUD00005312,V00001435,2026-08-23 05:59:02,approved,无风险,mixed
AUD00005313,V00005110,2026-08-23 05:36:33,approved,无风险,machine
AUD00005314,V00003661,2026-03-05 13:52:53,limited,无风险,machine
AUD00005315,V00014726,2026-05-30 20:12:34,approved,虚假信息,machine
AUD00005316,V00014457,2026-04-18 03:51:34,approved,无风险,human
AUD00005317,V00002472,2026-02-14 11:22:20,approved,无风险,mixed
AUD00005318,V00003962,2026-07-06 13:00:15,approved,无风险,machine
AUD00005319,V00002735,2026-07-24 00:53:36,approved,无风险,mixed
AUD00005320,V00000617,2026-02-02 16:22:49,approved,无风险,machine
AUD00005321,V00004259,2026-08-23 05:39:59,approved,无风险,machine
AUD00005322,V00010610,2026-07-04 05:36:48,approved,无风险,machine
AUD00005323,V00007024,2026-08-05 02:18:44,rejected,无风险,machine
AUD00005324,V00006607,2026-04-27 20:25:51,approved,无风险,mixed
AUD00005325,V00014670,2026-05-09 16:24:51,approved,无风险,machine
AUD00005326,V00001894,2026-05-21 15:47:26,approved,无风险,mixed
AUD00005327,V00008915,2026-06-23 23:20:50,approved,无风险,mixed
AUD00005328,V00005215,2026-05-24 06:49:19,approved,无风险,machine
AUD00005329,V00007135,2026-05-07 03:28:14,approved,无风险,mixed
AUD00005330,V00014250,2026-08-22 01:30:14,approved,虚假信息,machine
AUD00005331,V00011280,2026-08-02 23:24:29,rejected,无风险,machine
AUD00005332,V00010145,2026-07-08 22:01:35,approved,无风险,machine
AUD00005333,V00002288,2026-03-12 06:47:22,rejected,无风险,human
AUD00005334,V00007643,2026-06-13 20:02:55,approved,无风险,machine
AUD00005335,V00009593,2026-01-23 23:24:53,approved,无风险,machine
AUD00005336,V00014207,2026-02-09 08:03:03,limited,无风险,human
AUD00005337,V00004827,2026-07-24 23:25:54,approved,无风险,machine
AUD00005338,V00013626,2026-04-16 15:06:36,approved,无风险,machine
AUD00005339,V00002804,2026-05-30 21:22:13,approved,无风险,machine
AUD00005340,V00010202,2026-08-26 14:30:37,approved,无风险,machine
AUD00005341,V00010557,2026-08-23 04:45:10,approved,低俗,machine
AUD00005342,V00007895,2026-04-07 16:05:51,rejected,无风险,mixed
AUD00005343,V00001693,2026-04-21 09:59:12,approved,无风险,machine
AUD00005344,V00007746,2026-08-15 02:52:26,approved,无风险,machine
AUD00005345,V00002395,2026-08-04 22:17:34,approved,无风险,machine
AUD00005346,V00003885,2026-03-06 21:39:23,approved,无风险,machine
AUD00005347,V00003442,2026-07-04 18:41:09,approved,无风险,machine
AUD00005348,V00008452,2026-01-30 22:38:42,approved,无风险,machine
AUD00005349,V00010583,2026-08-24 07:45:11,approved,无风险,machine
AUD00005350,V00006540,2026-07-16 08:09:24,approved,无风险,machine
AUD00005351,V00005437,2026-01-29 16:38:05,approved,无风险,machine
AUD00005352,V00007484,2026-07-09 10:53:30,approved,无风险,machine
AUD00005353,V00012445,2026-06-19 19:15:21,approved,侵权,mixed
AUD00005354,V00004232,2026-05-09 08:55:21,approved,无风险,machine
AUD00005355,V00003983,2026-08-08 18:02:42,approved,无风险,machine
AUD00005356,V00001793,2026-01-24 18:57:44,approved,无风险,mixed
AUD00005357,V00010333,2026-05-31 08:34:42,approved,无风险,machine
AUD00005358,V00013668,2026-07-18 20:32:57,approved,无风险,machine
AUD00005359,V00002577,2026-03-31 23:24:42,approved,无风险,machine
AUD00005360,V00004799,2026-01-28 10:20:10,limited,无风险,mixed
AUD00005361,V00007061,2026-08-06 12:18:04,approved,无风险,mixed
AUD00005362,V00013985,2026-06-05 04:23:26,approved,无风险,mixed
AUD00005363,V00012783,2026-08-26 02:30:48,approved,无风险,mixed
AUD00005364,V00007183,2026-03-06 14:30:16,approved,无风险,mixed
AUD00005365,V00004717,2026-06-24 07:11:53,approved,无风险,human
AUD00005366,V00003710,2026-06-21 13:57:25,approved,无风险,mixed
AUD00005367,V00005669,2026-06-23 10:35:46,approved,无风险,machine
AUD00005368,V00012626,2026-02-11 07:34:23,approved,无风险,human
AUD00005369,V00002149,2026-08-18 15:07:02,approved,无风险,machine
AUD00005370,V00006860,2026-07-19 20:13:36,approved,无风险,mixed
AUD00005371,V00013764,2026-03-06 17:09:40,approved,无风险,human
AUD00005372,V00002786,2026-01-22 00:04:18,approved,无风险,machine
AUD00005373,V00012292,2026-04-15 08:35:08,approved,侵权,human
AUD00005374,V00001341,2026-08-26 19:20:06,approved,无风险,machine
AUD00005375,V00004256,2026-03-30 07:21:33,approved,无风险,machine
AUD00005376,V00007639,2026-08-21 15:56:35,approved,无风险,mixed
AUD00005377,V00011527,2026-04-27 06:44:11,rejected,无风险,machine
AUD00005378,V00010286,2026-08-11 20:19:32,approved,无风险,machine
AUD00005379,V00007217,2026-03-21 08:30:06,approved,无风险,machine
AUD00005380,V00007945,2026-01-09 05:24:36,approved,无风险,machine
AUD00005381,V00010001,2026-07-06 12:50:25,approved,无风险,machine
AUD00005382,V00010926,2026-08-25 13:01:43,limited,无风险,machine
AUD00005383,V00004476,2026-04-17 14:07:33,approved,无风险,machine
AUD00005384,V00009752,2026-03-30 05:13:46,approved,无风险,machine
AUD00005385,V00012622,2026-01-29 15:02:04,approved,无风险,machine
AUD00005386,V00007289,2026-08-12 18:22:22,approved,无风险,machine
AUD00005387,V00000903,2026-01-02 16:21:07,approved,无风险,machine
AUD00005388,V00002074,2026-04-01 13:41:53,rejected,无风险,mixed
AUD00005389,V00009844,2026-06-06 01:02:09,approved,无风险,machine
AUD00005390,V00014661,2026-08-13 00:39:12,approved,无风险,machine
AUD00005391,V00001225,2026-08-13 04:01:58,approved,无风险,machine
AUD00005392,V00001378,2026-02-04 02:18:26,approved,无风险,mixed
AUD00005393,V00011399,2026-08-11 19:37:20,approved,无风险,machine
AUD00005394,V00008814,2026-01-24 21:48:15,approved,无风险,machine
AUD00005395,V00011421,2026-05-24 18:40:52,approved,无风险,mixed
AUD00005396,V00001165,2026-08-10 23:08:27,approved,无风险,mixed
AUD00005397,V00012020,2026-02-09 10:16:18,approved,无风险,mixed
AUD00005398,V00006552,2026-08-10 05:19:37,approved,无风险,machine
AUD00005399,V00003677,2026-02-26 03:09:29,approved,无风险,machine
AUD00005400,V00000808,2026-08-04 05:54:29,approved,无风险,machine
AUD00005401,V00004595,2026-05-10 08:46:22,approved,无风险,machine
AUD00005402,V00002792,2026-05-30 18:41:09,approved,虚假信息,machine
AUD00005403,V00008900,2026-05-14 23:06:26,limited,无风险,mixed
AUD00005404,V00011813,2026-04-05 22:29:16,approved,无风险,machine
AUD00005405,V00001704,2026-08-04 13:24:11,approved,无风险,machine
AUD00005406,V00010036,2026-01-01 15:26:08,approved,无风险,machine
AUD00005407,V00003006,2026-08-14 01:49:42,approved,无风险,machine
AUD00005408,V00014586,2026-04-23 00:39:38,approved,无风险,machine
AUD00005409,V00014388,2026-06-12 17:02:26,rejected,无风险,machine
AUD00005410,V00004442,2026-03-09 08:34:44,approved,无风险,machine
AUD00005411,V00010513,2026-06-20 06:51:10,approved,无风险,machine
AUD00005412,V00004119,2026-03-02 02:05:19,approved,无风险,machine
AUD00005413,V00013035,2026-07-06 09:10:33,approved,侵权,mixed
AUD00005414,V00007415,2026-07-20 12:38:17,approved,无风险,machine
AUD00005415,V00014692,2026-05-14 03:17:00,approved,无风险,mixed
AUD00005416,V00010330,2026-05-14 08:57:37,approved,无风险,machine
AUD00005417,V00000371,2026-03-14 14:49:01,approved,无风险,machine
AUD00005418,V00011343,2026-04-09 09:15:58,approved,无风险,machine
AUD00005419,V00001144,2026-04-16 17:42:27,approved,无风险,human
AUD00005420,V00013745,2026-08-19 11:46:12,approved,低俗,mixed
AUD00005421,V00006915,2026-02-03 10:22:29,approved,无风险,machine
AUD00005422,V00003079,2026-07-26 20:16:32,approved,无风险,machine
AUD00005423,V00001739,2026-06-06 13:43:11,approved,无风险,machine
AUD00005424,V00004958,2026-07-11 23:43:59,approved,无风险,mixed
AUD00005425,V00008203,2026-08-12 08:25:21,approved,无风险,machine
AUD00005426,V00005561,2026-02-10 00:56:25,approved,无风险,human
AUD00005427,V00009540,2026-02-15 08:50:45,approved,无风险,machine
AUD00005428,V00011238,2026-01-31 04:10:35,approved,无风险,human
AUD00005429,V00009681,2026-07-19 14:00:38,approved,无风险,machine
AUD00005430,V00005488,2026-07-07 00:57:26,approved,无风险,machine
AUD00005431,V00014333,2026-03-18 20:13:50,approved,无风险,machine
AUD00005432,V00000529,2026-07-25 01:59:48,approved,无风险,machine
AUD00005433,V00000758,2026-01-26 15:36:35,approved,无风险,machine
AUD00005434,V00014959,2026-08-05 01:57:36,approved,无风险,mixed
AUD00005435,V00012579,2026-07-01 02:48:38,approved,无风险,machine
AUD00005436,V00004162,2026-01-14 01:12:04,approved,无风险,mixed
AUD00005437,V00000287,2026-07-24 22:08:18,approved,无风险,machine
AUD00005438,V00000535,2026-03-15 15:18:21,approved,无风险,mixed
AUD00005439,V00001049,2026-03-08 18:10:20,approved,无风险,human
AUD00005440,V00011454,2026-04-25 15:56:22,approved,无风险,machine
AUD00005441,V00009978,2026-05-27 23:27:38,approved,无风险,machine
AUD00005442,V00009015,2026-04-26 07:18:40,approved,无风险,machine
AUD00005443,V00000915,2026-05-24 23:18:23,approved,无风险,machine
AUD00005444,V00014154,2026-06-22 04:00:29,approved,无风险,machine
AUD00005445,V00005471,2026-03-25 10:16:26,approved,无风险,machine
AUD00005446,V00002658,2026-08-27 02:13:44,approved,无风险,mixed
AUD00005447,V00002745,2026-05-16 23:37:51,approved,无风险,mixed
AUD00005448,V00013820,2026-02-16 04:57:07,limited,无风险,human
AUD00005449,V00002769,2026-08-07 11:09:00,rejected,无风险,mixed
AUD00005450,V00007323,2026-08-28 18:30:13,approved,无风险,machine
AUD00005451,V00012905,2026-05-21 16:24:13,rejected,无风险,machine
AUD00005452,V00003967,2026-04-04 07:53:10,approved,无风险,machine
AUD00005453,V00002227,2026-01-13 00:14:11,approved,无风险,machine
AUD00005454,V00001675,2026-07-06 17:35:06,approved,无风险,human
AUD00005455,V00011105,2026-01-28 17:44:38,approved,无风险,mixed
AUD00005456,V00006578,2026-04-04 08:45:25,approved,无风险,machine
AUD00005457,V00011476,2026-05-19 23:21:12,approved,无风险,machine
AUD00005458,V00012707,2026-08-04 21:52:36,approved,无风险,human
AUD00005459,V00001597,2026-07-28 22:43:48,approved,无风险,machine
AUD00005460,V00002378,2026-01-21 16:49:04,approved,无风险,machine
AUD00005461,V00003874,2026-08-02 20:17:29,approved,无风险,machine
AUD00005462,V00007549,2026-03-14 16:00:49,approved,无风险,machine
AUD00005463,V00011662,2026-07-28 11:45:58,approved,无风险,mixed
AUD00005464,V00004531,2026-01-22 23:14:11,approved,无风险,machine
AUD00005465,V00006152,2026-03-11 13:28:33,approved,无风险,machine
AUD00005466,V00006384,2026-08-23 17:23:05,approved,侵权,machine
AUD00005467,V00014324,2026-08-11 20:33:42,approved,无风险,machine
AUD00005468,V00011464,2026-01-05 09:59:26,approved,无风险,machine
AUD00005469,V00012591,2026-08-03 15:18:46,approved,无风险,machine
AUD00005470,V00000069,2026-07-05 23:36:23,approved,无风险,mixed
AUD00005471,V00011277,2026-06-23 09:44:45,approved,无风险,machine
AUD00005472,V00010495,2026-01-17 20:56:37,approved,无风险,machine
AUD00005473,V00011052,2026-05-19 12:17:29,approved,无风险,mixed
AUD00005474,V00010728,2026-04-05 10:20:39,approved,无风险,machine
AUD00005475,V00001814,2026-05-01 21:33:19,approved,无风险,machine
AUD00005476,V00005364,2026-06-21 08:16:26,approved,无风险,machine
AUD00005477,V00007273,2026-08-18 08:48:41,approved,无风险,mixed
AUD00005478,V00000357,2026-06-24 15:15:19,approved,无风险,machine
AUD00005479,V00002899,2026-02-01 09:03:27,approved,无风险,machine
AUD00005480,V00003740,2026-06-23 11:19:07,approved,无风险,machine
AUD00005481,V00011568,2026-05-06 15:53:01,approved,无风险,machine
AUD00005482,V00006773,2026-06-27 05:41:32,approved,无风险,machine
AUD00005483,V00007502,2026-02-17 06:01:09,approved,无风险,machine
AUD00005484,V00004609,2026-07-13 01:04:28,approved,无风险,mixed
AUD00005485,V00008494,2026-08-02 05:50:19,approved,无风险,machine
AUD00005486,V00008161,2026-02-23 05:34:41,approved,无风险,machine
AUD00005487,V00005649,2026-08-22 03:59:13,approved,无风险,machine
AUD00005488,V00007514,2026-04-17 17:36:04,limited,无风险,mixed
AUD00005489,V00005995,2026-01-09 12:07:50,approved,无风险,machine
AUD00005490,V00009356,2026-07-04 17:43:00,approved,无风险,machine
AUD00005491,V00010505,2026-08-06 14:52:06,approved,无风险,mixed
AUD00005492,V00006395,2026-07-26 23:43:32,rejected,低俗,machine
AUD00005493,V00000939,2026-03-02 07:14:27,approved,无风险,machine
AUD00005494,V00002695,2026-05-16 07:34:06,approved,无风险,machine
AUD00005495,V00013060,2026-02-14 01:08:08,approved,无风险,machine
AUD00005496,V00008316,2026-06-12 20:11:18,approved,无风险,mixed
AUD00005497,V00014847,2026-04-05 08:36:38,approved,无风险,mixed
AUD00005498,V00012967,2026-07-01 20:28:42,approved,无风险,mixed
AUD00005499,V00006643,2026-08-01 01:51:54,approved,无风险,machine
AUD00005500,V00013518,2026-06-13 08:26:31,approved,无风险,machine
AUD00005501,V00010361,2026-04-30 06:36:18,approved,无风险,machine
AUD00005502,V00008950,2026-06-15 18:35:51,approved,无风险,mixed
AUD00005503,V00003606,2026-05-27 11:19:14,approved,无风险,machine
AUD00005504,V00004314,2026-01-17 02:51:27,approved,无风险,machine
AUD00005505,V00013831,2026-08-10 16:27:45,approved,虚假信息,machine
AUD00005506,V00011230,2026-03-24 11:17:38,approved,无风险,machine
AUD00005507,V00010850,2026-07-23 03:53:38,approved,无风险,machine
AUD00005508,V00010386,2026-05-24 08:47:23,approved,无风险,mixed
AUD00005509,V00005406,2026-06-14 10:37:09,approved,无风险,machine
AUD00005510,V00005361,2026-05-19 09:04:22,approved,无风险,machine
AUD00005511,V00009771,2026-07-23 03:26:12,approved,虚假信息,machine
AUD00005512,V00007162,2026-07-28 21:19:35,approved,无风险,mixed
AUD00005513,V00006151,2026-03-22 20:17:43,approved,无风险,machine
AUD00005514,V00008816,2026-04-13 07:36:43,approved,无风险,machine
AUD00005515,V00014078,2026-05-17 22:06:05,approved,无风险,machine
AUD00005516,V00010970,2026-03-01 08:51:19,rejected,无风险,machine
AUD00005517,V00006089,2026-08-08 21:45:17,approved,虚假信息,human
AUD00005518,V00010688,2026-05-02 01:40:45,approved,无风险,mixed
AUD00005519,V00007089,2026-08-03 04:45:21,approved,无风险,machine
AUD00005520,V00014173,2026-05-10 06:57:04,approved,无风险,mixed
AUD00005521,V00001912,2026-08-19 09:34:18,rejected,无风险,mixed
AUD00005522,V00010748,2026-06-11 02:26:45,approved,侵权,mixed
AUD00005523,V00003357,2026-08-28 06:09:16,approved,无风险,machine
AUD00005524,V00012249,2026-02-08 16:14:12,approved,无风险,machine
AUD00005525,V00009405,2026-08-21 13:19:41,approved,无风险,machine
AUD00005526,V00007928,2026-07-06 06:33:39,approved,无风险,mixed
AUD00005527,V00001187,2026-03-31 04:34:41,approved,无风险,human
AUD00005528,V00011807,2026-04-25 11:18:56,approved,无风险,machine
AUD00005529,V00011126,2026-08-24 19:53:26,approved,无风险,machine
AUD00005530,V00001561,2026-08-27 09:05:35,approved,无风险,machine
AUD00005531,V00002961,2026-03-08 09:20:31,approved,低俗,machine
AUD00005532,V00006865,2026-03-15 20:19:35,approved,无风险,machine
AUD00005533,V00006167,2026-04-06 12:32:25,approved,无风险,mixed
AUD00005534,V00012683,2026-02-20 07:41:25,approved,虚假信息,machine
AUD00005535,V00014339,2026-08-16 11:10:47,approved,无风险,human
AUD00005536,V00004013,2026-03-26 22:52:33,approved,无风险,machine
AUD00005537,V00008934,2026-08-07 08:12:53,approved,无风险,machine
AUD00005538,V00009143,2026-08-20 20:02:35,approved,无风险,machine
AUD00005539,V00014724,2026-02-03 04:18:35,approved,无风险,mixed
AUD00005540,V00001805,2026-08-12 16:17:05,approved,无风险,machine
AUD00005541,V00002170,2026-06-11 15:12:35,approved,无风险,human
AUD00005542,V00010675,2026-07-31 04:39:23,approved,无风险,machine
AUD00005543,V00003764,2026-07-09 05:50:23,approved,无风险,machine
AUD00005544,V00003979,2026-01-12 12:48:53,approved,无风险,machine
AUD00005545,V00007422,2026-05-10 15:59:30,rejected,无风险,mixed
AUD00005546,V00006627,2026-08-26 14:03:12,approved,无风险,mixed
AUD00005547,V00004486,2026-08-16 00:44:54,approved,无风险,machine
AUD00005548,V00010894,2026-08-27 01:04:11,approved,无风险,mixed
AUD00005549,V00008729,2026-07-11 23:43:46,approved,无风险,mixed
AUD00005550,V00003179,2026-01-16 01:35:18,approved,无风险,machine
AUD00005551,V00012793,2026-06-02 23:17:00,approved,无风险,mixed
AUD00005552,V00008266,2026-05-06 00:27:01,approved,无风险,machine
AUD00005553,V00013437,2026-01-20 02:22:38,approved,无风险,machine
AUD00005554,V00002756,2026-01-29 23:05:21,approved,无风险,mixed
AUD00005555,V00014467,2026-03-15 14:51:21,approved,无风险,machine
AUD00005556,V00001043,2026-04-04 17:07:12,approved,无风险,mixed
AUD00005557,V00013921,2026-07-15 22:30:12,approved,低俗,machine
AUD00005558,V00014838,2026-04-17 19:26:11,approved,侵权,machine
AUD00005559,V00011332,2026-07-06 21:51:12,approved,无风险,mixed
AUD00005560,V00000298,2026-05-26 11:39:56,approved,无风险,human
AUD00005561,V00005012,2026-07-16 22:09:22,approved,无风险,mixed
AUD00005562,V00010068,2026-08-11 21:17:00,approved,无风险,machine
AUD00005563,V00008050,2026-01-18 06:00:24,approved,无风险,machine
AUD00005564,V00007117,2026-07-10 14:20:17,approved,无风险,machine
AUD00005565,V00013077,2026-01-10 04:30:15,approved,无风险,machine
AUD00005566,V00000011,2026-05-12 14:53:14,approved,无风险,machine
AUD00005567,V00011592,2026-06-20 21:32:51,approved,无风险,machine
AUD00005568,V00003848,2026-06-10 19:07:02,approved,无风险,mixed
AUD00005569,V00007209,2026-06-29 18:21:31,approved,无风险,machine
AUD00005570,V00006629,2026-08-10 05:22:04,approved,无风险,human
AUD00005571,V00000837,2026-08-06 20:26:02,approved,无风险,machine
AUD00005572,V00006143,2026-07-09 14:21:01,approved,无风险,mixed
AUD00005573,V00010139,2026-03-26 22:08:39,approved,无风险,machine
AUD00005574,V00002897,2026-04-22 14:22:51,approved,无风险,machine
AUD00005575,V00003125,2026-08-23 14:28:19,limited,无风险,human
AUD00005576,V00004573,2026-08-06 18:24:28,approved,无风险,machine
AUD00005577,V00011690,2026-08-19 12:30:31,approved,无风险,machine
AUD00005578,V00012987,2026-07-07 11:29:29,rejected,无风险,machine
AUD00005579,V00008383,2026-05-09 05:48:42,limited,无风险,human
AUD00005580,V00002088,2026-02-23 11:50:11,approved,无风险,machine
AUD00005581,V00006806,2026-05-19 20:31:14,approved,无风险,mixed
AUD00005582,V00011184,2026-07-21 22:50:26,approved,无风险,human
AUD00005583,V00014778,2026-01-05 01:59:52,approved,无风险,machine
AUD00005584,V00012159,2026-08-08 08:40:13,approved,无风险,machine
AUD00005585,V00010093,2026-02-27 01:37:49,approved,侵权,mixed
AUD00005586,V00011800,2026-02-03 21:43:28,approved,无风险,machine
AUD00005587,V00001099,2026-04-23 06:40:49,approved,无风险,mixed
AUD00005588,V00005787,2026-02-10 01:20:06,approved,无风险,machine
AUD00005589,V00010888,2026-08-18 07:44:24,approved,无风险,mixed
AUD00005590,V00014534,2026-04-01 19:38:09,approved,无风险,mixed
AUD00005591,V00000073,2026-05-19 09:14:24,approved,无风险,machine
AUD00005592,V00010919,2026-01-18 17:54:14,approved,无风险,machine
AUD00005593,V00012341,2026-08-20 04:51:57,approved,无风险,machine
AUD00005594,V00008146,2026-01-07 07:14:33,approved,无风险,machine
AUD00005595,V00005434,2026-06-11 19:51:45,approved,虚假信息,machine
AUD00005596,V00010176,2026-08-02 17:01:05,approved,无风险,mixed
AUD00005597,V00005470,2026-04-24 21:35:38,approved,无风险,machine
AUD00005598,V00008548,2026-04-12 20:53:09,approved,无风险,human
AUD00005599,V00003334,2026-08-19 03:00:42,approved,无风险,machine
AUD00005600,V00014365,2026-03-24 04:43:55,approved,无风险,machine
AUD00005601,V00012705,2026-06-29 03:06:44,approved,无风险,machine
AUD00005602,V00010946,2026-03-02 11:04:53,approved,无风险,human
AUD00005603,V00004869,2026-07-04 16:36:27,approved,无风险,machine
AUD00005604,V00014328,2026-03-06 02:45:34,approved,无风险,machine
AUD00005605,V00005566,2026-04-01 16:10:43,approved,无风险,mixed
AUD00005606,V00005742,2026-01-17 20:27:52,approved,无风险,machine
AUD00005607,V00001283,2026-02-22 00:44:22,approved,无风险,mixed
AUD00005608,V00004421,2026-08-28 19:13:44,rejected,无风险,mixed
AUD00005609,V00000668,2026-03-12 17:13:31,approved,无风险,human
AUD00005610,V00002303,2026-04-14 16:59:16,approved,无风险,mixed
AUD00005611,V00006332,2026-08-25 20:58:47,approved,无风险,machine
AUD00005612,V00002134,2026-07-10 02:05:44,approved,无风险,mixed
AUD00005613,V00012525,2026-04-20 06:55:11,approved,无风险,mixed
AUD00005614,V00014977,2026-01-21 08:11:53,approved,无风险,human
AUD00005615,V00003480,2026-07-04 21:03:59,approved,无风险,mixed
AUD00005616,V00008644,2026-07-25 19:58:25,approved,虚假信息,machine
AUD00005617,V00001647,2026-02-18 16:26:46,approved,无风险,machine
AUD00005618,V00000379,2026-01-07 13:01:42,approved,无风险,mixed
AUD00005619,V00004782,2026-08-08 13:14:40,approved,无风险,machine
AUD00005620,V00010283,2026-06-23 12:25:29,approved,无风险,machine
AUD00005621,V00014063,2026-06-12 01:26:07,approved,虚假信息,machine
AUD00005622,V00014525,2026-08-24 12:31:49,approved,无风险,machine
AUD00005623,V00005541,2026-07-08 12:56:42,approved,无风险,machine
AUD00005624,V00007518,2026-06-06 08:36:52,approved,无风险,machine
AUD00005625,V00008847,2026-06-15 06:41:18,approved,无风险,human
AUD00005626,V00012170,2026-02-11 13:19:43,approved,无风险,mixed
AUD00005627,V00001086,2026-03-18 13:19:34,approved,无风险,machine
AUD00005628,V00006566,2026-08-24 19:30:05,rejected,无风险,machine
AUD00005629,V00001060,2026-05-18 03:57:02,approved,无风险,mixed
AUD00005630,V00014690,2026-05-03 13:39:25,approved,无风险,machine
AUD00005631,V00011355,2026-02-05 06:25:27,approved,无风险,machine
AUD00005632,V00003914,2026-03-25 23:47:48,approved,无风险,machine
AUD00005633,V00000739,2026-05-09 17:08:46,approved,无风险,machine
AUD00005634,V00007165,2026-06-04 11:31:47,approved,无风险,mixed
AUD00005635,V00012678,2026-06-11 13:15:14,approved,无风险,machine
AUD00005636,V00007551,2026-08-11 10:53:42,approved,虚假信息,machine
AUD00005637,V00011088,2026-07-21 20:54:57,approved,无风险,machine
AUD00005638,V00004219,2026-05-08 00:02:43,limited,无风险,mixed
AUD00005639,V00008676,2026-08-16 05:59:32,limited,无风险,machine
AUD00005640,V00004672,2026-05-20 20:19:38,approved,无风险,mixed
AUD00005641,V00012520,2026-04-28 16:12:55,approved,无风险,machine
AUD00005642,V00008082,2026-05-21 07:37:05,approved,无风险,mixed
AUD00005643,V00008490,2026-08-24 15:34:51,approved,无风险,machine
AUD00005644,V00009669,2026-04-13 19:01:29,approved,无风险,mixed
AUD00005645,V00011080,2026-03-07 07:51:30,approved,无风险,machine
AUD00005646,V00000510,2026-01-31 18:17:27,approved,无风险,machine
AUD00005647,V00007501,2026-07-03 17:25:24,approved,无风险,mixed
AUD00005648,V00013794,2026-03-12 00:54:48,approved,无风险,machine
AUD00005649,V00009052,2026-03-12 18:23:55,approved,无风险,human
AUD00005650,V00012751,2026-08-23 22:43:50,approved,虚假信息,mixed
AUD00005651,V00014281,2026-03-02 13:30:46,approved,无风险,machine
AUD00005652,V00002140,2026-04-23 06:37:24,approved,无风险,machine
AUD00005653,V00001992,2026-08-09 17:10:35,approved,无风险,machine
AUD00005654,V00009310,2026-02-10 14:08:51,approved,无风险,mixed
AUD00005655,V00013104,2026-03-07 12:59:35,approved,无风险,mixed
AUD00005656,V00006567,2026-03-15 21:03:26,approved,无风险,machine
AUD00005657,V00003098,2026-05-03 06:25:47,approved,无风险,machine
AUD00005658,V00008952,2026-01-18 17:28:10,approved,无风险,machine
AUD00005659,V00008607,2026-05-28 17:04:55,approved,无风险,machine
AUD00005660,V00003452,2026-06-15 22:24:15,approved,无风险,machine
AUD00005661,V00013636,2026-08-24 03:58:43,approved,无风险,machine
AUD00005662,V00001192,2026-01-11 13:04:15,approved,无风险,machine
AUD00005663,V00003834,2026-04-22 08:18:15,approved,无风险,machine
AUD00005664,V00014908,2026-06-12 22:31:56,approved,无风险,machine
AUD00005665,V00007833,2026-01-25 22:41:27,limited,虚假信息,machine
AUD00005666,V00003863,2026-04-02 16:45:56,approved,无风险,machine
AUD00005667,V00000850,2026-06-20 23:44:49,rejected,虚假信息,machine
AUD00005668,V00013574,2026-07-20 03:45:38,limited,无风险,human
AUD00005669,V00012114,2026-04-14 00:45:22,approved,无风险,mixed
AUD00005670,V00007896,2026-07-14 20:31:28,approved,无风险,machine
AUD00005671,V00000682,2026-01-08 06:36:36,approved,无风险,mixed
AUD00005672,V00004688,2026-06-03 15:15:51,approved,无风险,machine
AUD00005673,V00003437,2026-04-15 03:51:58,approved,无风险,machine
AUD00005674,V00007445,2026-08-02 16:02:38,approved,无风险,machine
AUD00005675,V00012970,2026-03-11 03:27:55,approved,无风险,machine
AUD00005676,V00000528,2026-06-09 02:52:11,approved,侵权,machine
AUD00005677,V00009363,2026-02-01 00:49:13,approved,无风险,machine
AUD00005678,V00012575,2026-08-12 17:58:32,approved,无风险,mixed
AUD00005679,V00014415,2026-07-13 08:09:58,approved,无风险,machine
AUD00005680,V00009944,2026-07-24 03:43:07,limited,无风险,machine
AUD00005681,V00012782,2026-06-03 22:06:36,approved,无风险,mixed
AUD00005682,V00001599,2026-07-12 18:17:15,approved,无风险,mixed
AUD00005683,V00004712,2026-02-02 10:43:06,approved,无风险,mixed
AUD00005684,V00007443,2026-06-06 02:59:03,approved,无风险,machine
AUD00005685,V00000676,2026-08-02 22:05:28,approved,无风险,machine
AUD00005686,V00011769,2026-03-04 16:47:32,approved,无风险,mixed
AUD00005687,V00001240,2026-04-28 16:13:27,approved,无风险,machine
AUD00005688,V00010865,2026-01-03 22:54:05,approved,无风险,machine
AUD00005689,V00006682,2026-04-29 18:53:19,approved,无风险,machine
AUD00005690,V00013529,2026-08-11 22:35:14,approved,无风险,mixed
AUD00005691,V00000611,2026-05-30 16:33:20,approved,无风险,human
AUD00005692,V00005267,2026-04-12 16:38:25,approved,无风险,machine
AUD00005693,V00006894,2026-02-11 05:55:09,approved,无风险,machine
AUD00005694,V00000363,2026-01-27 01:12:41,approved,无风险,mixed
AUD00005695,V00005813,2026-03-03 20:50:14,approved,无风险,machine
AUD00005696,V00001472,2026-04-06 10:55:33,approved,无风险,machine
AUD00005697,V00013766,2026-04-25 13:02:27,approved,无风险,human
AUD00005698,V00010807,2026-05-16 18:41:16,approved,无风险,mixed
AUD00005699,V00011036,2026-08-28 23:52:48,approved,无风险,mixed
AUD00005700,V00007825,2026-02-06 12:09:20,approved,无风险,machine
AUD00005701,V00004069,2026-01-06 10:44:46,approved,无风险,machine
AUD00005702,V00000522,2026-08-24 21:43:19,approved,无风险,machine
AUD00005703,V00003075,2026-07-13 18:00:18,approved,无风险,machine
AUD00005704,V00009437,2026-06-13 02:51:40,approved,无风险,machine
AUD00005705,V00006960,2026-04-03 03:05:49,approved,无风险,human
AUD00005706,V00014482,2026-02-01 10:26:41,approved,无风险,mixed
AUD00005707,V00009484,2026-07-13 08:25:44,approved,无风险,machine
AUD00005708,V00001329,2026-06-05 10:30:04,approved,无风险,machine
AUD00005709,V00003230,2026-07-27 04:48:14,approved,无风险,human
AUD00005710,V00014616,2026-01-19 17:40:20,approved,无风险,machine
AUD00005711,V00013715,2026-07-02 07:59:21,approved,无风险,machine
AUD00005712,V00002763,2026-08-03 01:54:30,approved,无风险,mixed
AUD00005713,V00003899,2026-01-05 15:57:29,approved,无风险,machine
AUD00005714,V00006027,2026-07-22 19:24:18,approved,无风险,machine
AUD00005715,V00006889,2026-08-02 04:59:30,approved,无风险,machine
AUD00005716,V00007275,2026-04-22 10:49:07,approved,无风险,machine
AUD00005717,V00002622,2026-04-06 16:23:40,approved,无风险,machine
AUD00005718,V00002755,2026-02-02 16:29:39,approved,无风险,machine
AUD00005719,V00009498,2026-07-10 10:38:08,approved,无风险,mixed
AUD00005720,V00003876,2026-08-09 17:32:55,approved,无风险,machine
AUD00005721,V00004645,2026-05-17 08:59:11,approved,无风险,machine
AUD00005722,V00003765,2026-07-02 06:57:51,approved,无风险,machine
AUD00005723,V00014198,2026-02-10 14:12:32,limited,无风险,machine
AUD00005724,V00013895,2026-06-29 05:22:05,approved,无风险,human
AUD00005725,V00002615,2026-08-27 05:22:39,approved,无风险,machine
AUD00005726,V00000813,2026-03-19 00:24:37,approved,无风险,machine
AUD00005727,V00006422,2026-08-08 23:57:11,approved,无风险,machine
AUD00005728,V00010064,2026-07-11 12:34:23,approved,无风险,machine
AUD00005729,V00009877,2026-08-08 17:56:48,approved,无风险,machine
AUD00005730,V00000873,2026-04-06 20:36:28,approved,无风险,machine
AUD00005731,V00005238,2026-07-20 21:38:20,rejected,无风险,human
AUD00005732,V00002920,2026-07-10 08:06:49,approved,无风险,machine
AUD00005733,V00002096,2026-02-13 14:36:04,approved,无风险,machine
AUD00005734,V00010406,2026-05-24 15:58:58,approved,无风险,machine
AUD00005735,V00014320,2026-05-15 01:04:40,approved,无风险,mixed
AUD00005736,V00012737,2026-05-25 09:36:48,approved,无风险,machine
AUD00005737,V00007515,2026-02-17 22:41:53,approved,无风险,machine
AUD00005738,V00004159,2026-08-26 01:35:21,approved,无风险,mixed
AUD00005739,V00004734,2026-04-26 12:50:32,approved,无风险,machine
AUD00005740,V00007470,2026-07-12 20:27:52,approved,无风险,mixed
AUD00005741,V00009168,2026-05-17 18:58:44,approved,无风险,machine
AUD00005742,V00004227,2026-03-30 13:32:43,approved,无风险,machine
AUD00005743,V00006597,2026-01-17 10:53:39,approved,无风险,mixed
AUD00005744,V00009045,2026-01-30 07:35:47,limited,无风险,machine
AUD00005745,V00002665,2026-06-16 15:37:00,approved,无风险,machine
AUD00005746,V00009260,2026-06-11 15:00:38,limited,无风险,mixed
AUD00005747,V00003835,2026-06-04 22:20:21,approved,无风险,machine
AUD00005748,V00009263,2026-04-25 20:19:34,approved,无风险,machine
AUD00005749,V00000658,2026-07-24 19:29:22,approved,无风险,machine
AUD00005750,V00007904,2026-05-24 01:48:41,approved,无风险,machine
AUD00005751,V00010531,2026-02-14 16:33:14,approved,无风险,machine
AUD00005752,V00013987,2026-07-17 16:24:39,rejected,无风险,human
AUD00005753,V00010232,2026-05-05 08:23:23,approved,无风险,human
AUD00005754,V00000742,2026-04-05 14:48:49,approved,无风险,mixed
AUD00005755,V00014784,2026-05-15 11:22:44,approved,无风险,mixed
AUD00005756,V00014507,2026-05-08 12:57:01,approved,无风险,mixed
AUD00005757,V00004757,2026-08-08 11:59:26,approved,无风险,machine
AUD00005758,V00008515,2026-07-21 19:10:59,approved,无风险,mixed
AUD00005759,V00008125,2026-04-25 04:09:25,approved,无风险,human
AUD00005760,V00013937,2026-08-19 23:49:22,approved,无风险,human
AUD00005761,V00014107,2026-03-15 16:41:57,approved,无风险,mixed
AUD00005762,V00001426,2026-04-28 00:24:23,approved,无风险,machine
AUD00005763,V00008569,2026-05-19 20:37:59,approved,虚假信息,machine
AUD00005764,V00004995,2026-06-08 22:24:18,approved,无风险,mixed
AUD00005765,V00004854,2026-06-05 19:49:46,approved,无风险,machine
AUD00005766,V00003550,2026-03-12 09:05:22,approved,无风险,mixed
AUD00005767,V00001686,2026-08-20 10:22:17,approved,无风险,machine
AUD00005768,V00003571,2026-07-04 19:09:31,approved,无风险,machine
AUD00005769,V00010196,2026-04-11 18:28:54,approved,无风险,machine
AUD00005770,V00010829,2026-01-30 17:54:19,approved,无风险,machine
AUD00005771,V00013359,2026-05-26 05:37:59,approved,无风险,machine
AUD00005772,V00004766,2026-07-28 06:51:02,approved,无风险,machine
AUD00005773,V00002161,2026-01-18 10:29:47,approved,无风险,mixed
AUD00005774,V00007457,2026-03-13 00:09:50,approved,无风险,machine
AUD00005775,V00008602,2026-06-29 07:53:57,approved,无风险,mixed
AUD00005776,V00001758,2026-03-19 21:28:30,approved,无风险,machine
AUD00005777,V00000493,2026-05-29 21:38:54,approved,无风险,human
AUD00005778,V00005518,2026-07-09 07:24:17,approved,无风险,machine
AUD00005779,V00004866,2026-06-19 21:31:31,approved,无风险,machine
AUD00005780,V00009112,2026-03-17 11:32:37,approved,无风险,machine
AUD00005781,V00013804,2026-07-26 01:41:20,approved,无风险,machine
AUD00005782,V00008072,2026-06-12 20:25:30,approved,无风险,machine
AUD00005783,V00006826,2026-04-30 17:36:02,approved,无风险,machine
AUD00005784,V00000621,2026-08-02 15:24:15,approved,无风险,machine
AUD00005785,V00009373,2026-03-31 23:32:06,approved,无风险,machine
AUD00005786,V00009021,2026-02-21 18:17:51,approved,无风险,human
AUD00005787,V00010414,2026-04-15 03:43:27,approved,无风险,machine
AUD00005788,V00009369,2026-07-16 05:33:49,approved,无风险,mixed
AUD00005789,V00001132,2026-06-23 16:14:11,rejected,无风险,machine
AUD00005790,V00004807,2026-02-23 06:20:58,approved,无风险,mixed
AUD00005791,V00000768,2026-05-22 22:04:24,approved,无风险,mixed
AUD00005792,V00011593,2026-07-01 00:42:48,approved,无风险,machine
AUD00005793,V00001508,2026-03-23 21:50:06,approved,无风险,machine
AUD00005794,V00005802,2026-04-19 13:57:25,approved,无风险,mixed
AUD00005795,V00002276,2026-03-22 23:39:00,approved,无风险,machine
AUD00005796,V00000628,2026-07-26 21:52:55,approved,无风险,machine
AUD00005797,V00000129,2026-04-28 05:30:35,approved,无风险,machine
AUD00005798,V00006907,2026-07-06 12:32:28,approved,无风险,mixed
AUD00005799,V00005272,2026-06-26 07:07:29,approved,无风险,human
AUD00005800,V00012699,2026-06-14 22:27:36,approved,无风险,machine
AUD00005801,V00003051,2026-08-15 04:53:01,approved,无风险,machine
AUD00005802,V00011971,2026-02-25 23:40:21,approved,无风险,machine
AUD00005803,V00012808,2026-08-26 12:33:32,approved,无风险,machine
AUD00005804,V00005049,2026-05-31 22:41:07,approved,无风险,machine
AUD00005805,V00003752,2026-04-11 21:17:37,approved,无风险,human
AUD00005806,V00014044,2026-07-30 02:32:59,approved,无风险,machine
AUD00005807,V00010430,2026-08-02 01:14:55,approved,无风险,mixed
AUD00005808,V00013213,2026-08-24 02:19:16,approved,无风险,mixed
AUD00005809,V00002813,2026-04-17 11:17:28,approved,无风险,machine
AUD00005810,V00008828,2026-08-18 08:37:35,approved,无风险,machine
AUD00005811,V00007861,2026-04-17 13:38:41,approved,无风险,machine
AUD00005812,V00014826,2026-05-15 05:32:57,approved,无风险,machine
AUD00005813,V00005401,2026-05-06 15:47:00,approved,无风险,mixed
AUD00005814,V00010985,2026-03-30 21:43:48,approved,无风险,machine
AUD00005815,V00008526,2026-06-19 02:19:18,approved,无风险,machine
AUD00005816,V00003542,2026-08-26 02:38:31,approved,无风险,machine
AUD00005817,V00005113,2026-01-31 17:15:09,approved,无风险,machine
AUD00005818,V00000202,2026-02-18 01:37:04,approved,无风险,machine
AUD00005819,V00012659,2026-05-26 00:35:09,approved,无风险,machine
AUD00005820,V00014376,2026-01-22 14:43:19,approved,无风险,mixed
AUD00005821,V00010949,2026-04-07 03:43:31,approved,无风险,machine
AUD00005822,V00002486,2026-08-16 13:02:37,approved,无风险,machine
AUD00005823,V00005888,2026-01-01 17:40:37,approved,无风险,machine
AUD00005824,V00001499,2026-07-17 08:23:37,rejected,无风险,machine
AUD00005825,V00009136,2026-07-28 04:56:03,approved,无风险,machine
AUD00005826,V00005663,2026-06-06 03:02:13,approved,无风险,machine
AUD00005827,V00000035,2026-03-24 04:48:39,approved,无风险,machine
AUD00005828,V00014531,2026-06-02 16:41:45,approved,无风险,machine
AUD00005829,V00007151,2026-06-10 11:50:59,approved,无风险,mixed
AUD00005830,V00007036,2026-07-29 07:46:05,approved,无风险,human
AUD00005831,V00005239,2026-06-26 06:02:51,approved,无风险,machine
AUD00005832,V00000166,2026-08-13 12:38:46,approved,无风险,machine
AUD00005833,V00000136,2026-06-18 04:21:41,approved,无风险,mixed
AUD00005834,V00006628,2026-07-16 16:53:11,approved,无风险,machine
AUD00005835,V00010201,2026-05-02 10:05:16,approved,无风险,mixed
AUD00005836,V00000417,2026-04-11 09:25:35,approved,无风险,mixed
AUD00005837,V00011493,2026-08-11 00:03:19,approved,无风险,mixed
AUD00005838,V00008094,2026-08-18 06:48:28,approved,无风险,machine
AUD00005839,V00003477,2026-03-07 21:40:56,approved,无风险,machine
AUD00005840,V00002513,2026-05-18 07:07:41,approved,无风险,machine
AUD00005841,V00005209,2026-06-21 08:39:42,approved,无风险,machine
AUD00005842,V00003422,2026-01-22 18:19:08,approved,无风险,machine
AUD00005843,V00005577,2026-05-06 02:58:30,approved,无风险,mixed
AUD00005844,V00009380,2026-08-28 05:34:28,approved,无风险,machine
AUD00005845,V00014725,2026-08-22 07:43:52,approved,无风险,machine
AUD00005846,V00010156,2026-05-10 23:05:56,approved,无风险,machine
AUD00005847,V00001674,2026-03-25 15:18:15,approved,无风险,machine
AUD00005848,V00014025,2026-08-15 23:46:03,approved,无风险,mixed
AUD00005849,V00010186,2026-08-11 06:22:16,approved,无风险,machine
AUD00005850,V00005005,2026-05-12 08:16:56,approved,无风险,machine
AUD00005851,V00013936,2026-07-23 17:36:05,approved,无风险,machine
AUD00005852,V00007586,2026-06-30 20:21:20,approved,无风险,machine
AUD00005853,V00002046,2026-04-26 04:58:16,rejected,无风险,machine
AUD00005854,V00007116,2026-06-26 07:44:44,approved,无风险,mixed
AUD00005855,V00006881,2026-06-04 21:28:10,approved,无风险,mixed
AUD00005856,V00003573,2026-02-09 18:28:26,approved,无风险,machine
AUD00005857,V00008033,2026-05-09 00:59:38,approved,无风险,machine
AUD00005858,V00000986,2026-02-10 08:09:40,approved,无风险,human
AUD00005859,V00006755,2026-04-07 23:57:03,approved,无风险,machine
AUD00005860,V00004684,2026-06-21 06:28:43,approved,无风险,machine
AUD00005861,V00000559,2026-08-22 15:51:23,approved,无风险,human
AUD00005862,V00009483,2026-03-25 09:08:38,approved,无风险,machine
AUD00005863,V00014448,2026-07-12 21:14:50,approved,无风险,machine
AUD00005864,V00003954,2026-01-27 16:41:42,approved,无风险,human
AUD00005865,V00013006,2026-02-10 14:37:30,approved,无风险,mixed
AUD00005866,V00013854,2026-01-12 01:49:18,approved,无风险,human
AUD00005867,V00002849,2026-02-06 10:52:02,approved,无风险,machine
AUD00005868,V00003886,2026-04-24 20:00:48,approved,无风险,machine
AUD00005869,V00003840,2026-01-26 21:18:36,approved,无风险,machine
AUD00005870,V00014170,2026-08-03 04:33:17,approved,无风险,machine
AUD00005871,V00000848,2026-05-17 19:59:04,approved,虚假信息,mixed
AUD00005872,V00011594,2026-02-21 23:34:47,approved,无风险,mixed
AUD00005873,V00011383,2026-02-03 00:47:10,approved,无风险,mixed
AUD00005874,V00009421,2026-03-20 15:53:23,approved,无风险,machine
AUD00005875,V00014221,2026-04-02 03:29:41,approved,无风险,machine
AUD00005876,V00013217,2026-01-31 15:44:17,approved,无风险,mixed
AUD00005877,V00009084,2026-03-08 05:18:18,approved,无风险,machine
AUD00005878,V00004322,2026-04-03 15:35:15,approved,无风险,machine
AUD00005879,V00007378,2026-06-22 01:10:25,approved,无风险,mixed
AUD00005880,V00008834,2026-01-18 15:54:13,approved,无风险,mixed
AUD00005881,V00005447,2026-07-05 07:50:56,approved,无风险,mixed
AUD00005882,V00001949,2026-08-08 21:42:58,approved,无风险,machine
AUD00005883,V00000846,2026-01-15 02:21:25,approved,无风险,human
AUD00005884,V00012879,2026-01-05 18:01:20,approved,侵权,machine
AUD00005885,V00002600,2026-07-12 06:52:01,approved,无风险,mixed
AUD00005886,V00003373,2026-07-20 17:08:41,approved,无风险,mixed
AUD00005887,V00009671,2026-02-25 08:24:48,approved,无风险,machine
AUD00005888,V00014218,2026-04-26 01:48:45,approved,无风险,machine
AUD00005889,V00003669,2026-06-01 03:41:25,approved,无风险,human
AUD00005890,V00013971,2026-06-14 12:00:53,approved,无风险,machine
AUD00005891,V00013842,2026-01-20 09:44:58,approved,无风险,machine
AUD00005892,V00005278,2026-04-14 12:41:54,limited,低俗,machine
AUD00005893,V00001598,2026-02-16 22:02:47,approved,无风险,machine
AUD00005894,V00005417,2026-08-24 12:06:59,rejected,无风险,mixed
AUD00005895,V00010261,2026-08-28 10:05:32,approved,无风险,mixed
AUD00005896,V00013687,2026-02-11 12:10:37,approved,无风险,machine
AUD00005897,V00005038,2026-08-18 16:01:56,approved,无风险,machine
AUD00005898,V00012587,2026-04-15 22:18:16,rejected,低俗,machine
AUD00005899,V00006165,2026-08-23 01:18:37,approved,无风险,machine
AUD00005900,V00007625,2026-06-08 19:08:12,approved,无风险,machine
AUD00005901,V00014034,2026-03-22 09:10:21,approved,无风险,machine
AUD00005902,V00000998,2026-01-31 14:14:16,approved,无风险,human
AUD00005903,V00010757,2026-02-04 09:26:25,approved,无风险,machine
AUD00005904,V00014090,2026-04-24 21:10:32,approved,无风险,mixed
AUD00005905,V00003409,2026-08-28 01:05:52,approved,无风险,machine
AUD00005906,V00011258,2026-06-18 14:08:01,approved,无风险,mixed
AUD00005907,V00001649,2026-04-03 16:31:42,approved,无风险,machine
AUD00005908,V00009565,2026-06-10 06:28:47,approved,无风险,machine
AUD00005909,V00006430,2026-04-26 06:00:43,approved,无风险,human
AUD00005910,V00005833,2026-06-25 10:58:18,approved,无风险,human
AUD00005911,V00013487,2026-08-23 20:32:09,approved,无风险,machine
AUD00005912,V00001800,2026-01-31 04:00:33,approved,无风险,machine
AUD00005913,V00006573,2026-08-08 05:44:30,approved,无风险,machine
AUD00005914,V00014497,2026-07-10 07:48:31,approved,无风险,mixed
AUD00005915,V00001995,2026-01-02 03:30:59,approved,无风险,machine
AUD00005916,V00011882,2026-07-31 04:41:03,approved,无风险,machine
AUD00005917,V00002738,2026-04-11 22:06:42,approved,无风险,machine
AUD00005918,V00002000,2026-08-20 16:06:08,approved,无风险,machine
AUD00005919,V00002923,2026-08-28 14:12:32,approved,无风险,machine
AUD00005920,V00013769,2026-08-28 10:43:40,approved,虚假信息,machine
AUD00005921,V00004171,2026-08-15 05:52:38,approved,无风险,machine
AUD00005922,V00007795,2026-04-14 18:14:59,approved,无风险,mixed
AUD00005923,V00011772,2026-06-12 10:37:57,approved,无风险,machine
AUD00005924,V00003778,2026-04-15 19:02:25,approved,无风险,machine
AUD00005925,V00010197,2026-07-15 22:40:08,approved,低俗,human
AUD00005926,V00007045,2026-02-03 12:44:46,approved,低俗,machine
AUD00005927,V00003980,2026-03-29 15:27:26,approved,无风险,machine
AUD00005928,V00009116,2026-03-29 11:52:09,approved,无风险,machine
AUD00005929,V00005472,2026-07-19 16:26:46,approved,无风险,mixed
AUD00005930,V00008558,2026-07-22 07:07:14,approved,无风险,machine
AUD00005931,V00003097,2026-03-03 06:17:04,approved,无风险,mixed
AUD00005932,V00003211,2026-08-16 12:58:45,approved,无风险,human
AUD00005933,V00006353,2026-05-19 13:25:47,approved,无风险,mixed
AUD00005934,V00003355,2026-07-04 23:58:46,approved,无风险,mixed
AUD00005935,V00012600,2026-02-26 05:23:32,approved,无风险,human
AUD00005936,V00003321,2026-02-10 02:35:52,approved,无风险,machine
AUD00005937,V00010088,2026-07-12 14:24:26,approved,无风险,machine
AUD00005938,V00003140,2026-07-08 08:07:08,approved,无风险,machine
AUD00005939,V00004806,2026-02-05 07:52:49,approved,无风险,mixed
AUD00005940,V00010443,2026-04-10 00:48:34,approved,无风险,mixed
AUD00005941,V00005198,2026-03-23 05:32:16,approved,无风险,machine
AUD00005942,V00010148,2026-08-28 14:30:07,approved,无风险,mixed
AUD00005943,V00000025,2026-06-19 14:23:51,approved,无风险,machine
AUD00005944,V00000477,2026-01-29 02:24:17,approved,无风险,machine
AUD00005945,V00013560,2026-05-21 09:46:02,approved,无风险,machine
AUD00005946,V00014836,2026-03-13 06:30:58,approved,无风险,machine
AUD00005947,V00010671,2026-03-11 08:18:43,approved,无风险,machine
AUD00005948,V00000942,2026-04-03 12:18:51,approved,侵权,machine
AUD00005949,V00000317,2026-05-20 00:53:20,approved,无风险,machine
AUD00005950,V00003935,2026-01-24 11:45:48,approved,无风险,machine
AUD00005951,V00000952,2026-06-19 03:51:31,approved,无风险,mixed
AUD00005952,V00004735,2026-04-22 04:42:54,approved,无风险,machine
AUD00005953,V00009768,2026-04-07 18:37:50,approved,虚假信息,mixed
AUD00005954,V00012563,2026-04-09 13:55:23,approved,无风险,machine
AUD00005955,V00006299,2026-03-16 17:38:13,approved,无风险,machine
AUD00005956,V00003380,2026-08-20 23:56:39,approved,无风险,human
AUD00005957,V00010673,2026-07-20 17:38:56,approved,无风险,machine
AUD00005958,V00003918,2026-01-25 19:25:53,approved,无风险,machine
AUD00005959,V00005677,2026-06-26 18:05:27,approved,无风险,machine
AUD00005960,V00000822,2026-05-20 23:36:23,approved,无风险,machine
AUD00005961,V00013741,2026-07-26 05:46:37,approved,无风险,machine
AUD00005962,V00001714,2026-06-26 13:53:51,approved,无风险,machine
AUD00005963,V00001664,2026-02-22 20:09:49,approved,无风险,machine
AUD00005964,V00006947,2026-08-11 00:32:40,approved,无风险,machine
AUD00005965,V00011833,2026-05-02 10:04:19,approved,无风险,mixed
AUD00005966,V00009444,2026-03-30 06:06:40,approved,无风险,human
AUD00005967,V00003640,2026-02-05 22:39:56,approved,无风险,human
AUD00005968,V00005925,2026-06-05 05:26:22,approved,无风险,machine
AUD00005969,V00006675,2026-05-25 01:42:13,approved,无风险,machine
AUD00005970,V00014155,2026-06-16 02:03:56,approved,低俗,machine
AUD00005971,V00014524,2026-08-15 01:51:25,limited,无风险,machine
AUD00005972,V00013238,2026-07-17 04:16:43,approved,无风险,human
AUD00005973,V00007885,2026-07-07 16:48:01,approved,虚假信息,machine
AUD00005974,V00005874,2026-05-01 22:06:39,approved,无风险,machine
AUD00005975,V00007483,2026-01-01 23:31:50,approved,无风险,machine
AUD00005976,V00008185,2026-06-05 20:13:23,approved,无风险,human
AUD00005977,V00006199,2026-01-20 18:23:11,approved,无风险,machine
AUD00005978,V00003349,2026-07-29 09:28:43,approved,无风险,machine
AUD00005979,V00009062,2026-02-21 15:38:20,approved,无风险,machine
AUD00005980,V00003719,2026-03-20 13:51:23,approved,无风险,machine
AUD00005981,V00013993,2026-01-31 09:58:53,approved,无风险,machine
AUD00005982,V00013929,2026-02-13 23:25:22,approved,无风险,machine
AUD00005983,V00006718,2026-04-10 08:27:19,approved,无风险,machine
AUD00005984,V00011806,2026-06-07 18:51:23,approved,无风险,mixed
AUD00005985,V00007100,2026-02-08 19:32:19,approved,无风险,machine
AUD00005986,V00007338,2026-08-28 17:17:43,approved,无风险,machine
AUD00005987,V00004517,2026-05-23 03:41:54,approved,无风险,mixed
AUD00005988,V00001094,2026-02-14 21:32:49,approved,无风险,machine
AUD00005989,V00007141,2026-07-08 15:58:31,approved,无风险,machine
AUD00005990,V00014800,2026-07-08 11:55:29,approved,无风险,mixed
AUD00005991,V00005131,2026-07-11 14:05:25,rejected,无风险,machine
AUD00005992,V00003335,2026-08-15 06:37:09,approved,无风险,machine
AUD00005993,V00008432,2026-01-06 10:20:39,approved,无风险,machine
AUD00005994,V00010062,2026-04-26 04:18:34,approved,无风险,machine
AUD00005995,V00003352,2026-07-21 01:21:19,approved,无风险,mixed
AUD00005996,V00001986,2026-06-07 06:50:57,approved,无风险,machine
AUD00005997,V00013692,2026-08-25 19:57:24,approved,虚假信息,machine
AUD00005998,V00009236,2026-04-10 02:10:20,approved,低俗,human
AUD00005999,V00007361,2026-07-29 20:34:54,approved,无风险,machine
AUD00006000,V00014957,2026-03-12 13:44:30,approved,无风险,machine
AUD00006001,V00009447,2026-07-12 00:13:47,approved,无风险,machine
AUD00006002,V00014556,2026-03-17 05:24:24,approved,无风险,mixed
AUD00006003,V00006905,2026-08-26 12:18:55,approved,无风险,machine
AUD00006004,V00006505,2026-07-06 04:19:15,approved,无风险,machine
AUD00006005,V00003196,2026-07-09 18:29:19,approved,无风险,mixed
AUD00006006,V00010389,2026-03-31 08:01:30,approved,无风险,mixed
AUD00006007,V00006130,2026-08-02 02:04:06,approved,无风险,machine
AUD00006008,V00000672,2026-01-23 09:54:23,approved,无风险,machine
AUD00006009,V00012024,2026-07-01 18:25:45,approved,无风险,mixed
AUD00006010,V00013700,2026-02-07 00:49:23,approved,无风险,machine
AUD00006011,V00001727,2026-07-13 20:28:19,approved,无风险,human
AUD00006012,V00009654,2026-08-01 22:20:21,approved,无风险,mixed
AUD00006013,V00012386,2026-08-25 15:32:09,approved,无风险,machine
AUD00006014,V00010255,2026-03-22 19:59:31,approved,无风险,machine
AUD00006015,V00003259,2026-07-07 04:33:34,approved,无风险,machine
AUD00006016,V00001409,2026-07-06 16:27:27,approved,无风险,machine
AUD00006017,V00002427,2026-01-14 23:29:39,approved,无风险,machine
AUD00006018,V00003674,2026-02-08 20:34:19,approved,无风险,mixed
AUD00006019,V00014557,2026-07-06 19:35:06,approved,无风险,machine
AUD00006020,V00002009,2026-04-09 22:08:16,approved,无风险,machine
AUD00006021,V00013390,2026-06-09 15:59:03,approved,无风险,machine
AUD00006022,V00003421,2026-06-29 09:41:22,approved,侵权,mixed
AUD00006023,V00001840,2026-08-16 09:57:02,approved,无风险,mixed
AUD00006024,V00003417,2026-07-25 03:13:06,approved,无风险,machine
AUD00006025,V00004892,2026-05-19 10:01:21,approved,无风险,mixed
AUD00006026,V00001759,2026-03-21 04:46:12,approved,无风险,mixed
AUD00006027,V00007853,2026-05-02 03:41:35,approved,无风险,machine
AUD00006028,V00013667,2026-05-06 04:17:27,approved,无风险,mixed
AUD00006029,V00011106,2026-04-17 01:11:00,approved,无风险,machine
AUD00006030,V00012839,2026-04-12 05:20:54,approved,无风险,machine
AUD00006031,V00003188,2026-06-29 03:52:17,approved,无风险,machine
AUD00006032,V00002772,2026-05-04 00:54:00,approved,无风险,machine
AUD00006033,V00004665,2026-06-08 01:58:53,approved,无风险,mixed
AUD00006034,V00003701,2026-01-19 09:22:15,approved,无风险,mixed
AUD00006035,V00006426,2026-02-01 04:46:51,approved,无风险,mixed
AUD00006036,V00000615,2026-05-24 11:22:08,approved,无风险,machine
AUD00006037,V00001211,2026-08-11 05:31:46,rejected,无风险,machine
AUD00006038,V00001812,2026-04-10 04:18:13,approved,无风险,machine
AUD00006039,V00009808,2026-01-08 14:41:39,approved,无风险,mixed
AUD00006040,V00007697,2026-07-14 23:20:45,approved,低俗,machine
AUD00006041,V00006846,2026-05-23 11:02:53,approved,无风险,machine
AUD00006042,V00009782,2026-01-03 19:52:01,approved,无风险,machine
AUD00006043,V00009502,2026-08-11 13:19:16,approved,虚假信息,mixed
AUD00006044,V00003485,2026-05-30 07:33:15,approved,无风险,machine
AUD00006045,V00000361,2026-07-01 16:51:49,approved,无风险,machine
AUD00006046,V00010403,2026-07-10 15:59:35,rejected,无风险,machine
AUD00006047,V00007327,2026-04-23 11:22:18,approved,无风险,machine
AUD00006048,V00007856,2026-03-12 22:19:58,approved,无风险,machine
AUD00006049,V00008852,2026-07-29 08:29:35,approved,无风险,machine
AUD00006050,V00010700,2026-04-05 20:27:12,approved,无风险,machine
AUD00006051,V00002143,2026-07-06 23:38:05,approved,无风险,mixed
AUD00006052,V00014452,2026-05-11 11:40:31,approved,无风险,machine
AUD00006053,V00014411,2026-06-10 21:35:17,approved,无风险,machine
AUD00006054,V00013879,2026-05-14 20:48:10,approved,无风险,human
AUD00006055,V00014209,2026-04-25 03:22:14,approved,无风险,mixed
AUD00006056,V00010292,2026-04-06 04:57:36,approved,无风险,mixed
AUD00006057,V00002514,2026-06-12 21:51:01,approved,无风险,machine
AUD00006058,V00001560,2026-02-24 06:22:16,approved,无风险,machine
AUD00006059,V00006264,2026-04-21 18:05:02,rejected,无风险,machine
AUD00006060,V00006529,2026-03-10 16:11:59,approved,无风险,machine
AUD00006061,V00006323,2026-03-31 05:42:53,approved,无风险,mixed
AUD00006062,V00007381,2026-06-27 13:19:51,approved,虚假信息,machine
AUD00006063,V00011296,2026-04-06 12:51:44,approved,无风险,machine
AUD00006064,V00004418,2026-03-06 18:11:22,approved,无风险,human
AUD00006065,V00004890,2026-06-19 19:30:00,approved,无风险,machine
AUD00006066,V00002800,2026-07-08 22:32:26,approved,无风险,machine
AUD00006067,V00013537,2026-06-30 07:03:30,approved,无风险,mixed
AUD00006068,V00010630,2026-01-06 13:46:30,approved,无风险,machine
AUD00006069,V00014875,2026-02-21 09:13:33,approved,无风险,mixed
AUD00006070,V00002947,2026-03-31 07:29:06,approved,无风险,human
AUD00006071,V00014378,2026-02-14 05:45:56,approved,无风险,machine
AUD00006072,V00006002,2026-07-12 13:48:53,approved,无风险,mixed
AUD00006073,V00010821,2026-03-05 05:32:40,approved,无风险,machine
AUD00006074,V00001244,2026-04-05 07:23:49,approved,无风险,mixed
AUD00006075,V00007755,2026-06-08 18:39:53,approved,无风险,machine
AUD00006076,V00010288,2026-03-10 01:33:49,approved,无风险,machine
AUD00006077,V00010580,2026-07-07 23:01:35,approved,无风险,mixed
AUD00006078,V00004861,2026-01-05 22:13:54,approved,无风险,machine
AUD00006079,V00010972,2026-05-12 08:34:54,approved,无风险,mixed
AUD00006080,V00003634,2026-02-28 15:49:19,approved,无风险,machine
AUD00006081,V00005148,2026-06-01 08:17:36,approved,无风险,machine
AUD00006082,V00014446,2026-08-18 00:35:05,approved,侵权,machine
AUD00006083,V00005360,2026-04-02 18:38:37,approved,无风险,machine
AUD00006084,V00009521,2026-08-04 00:49:28,approved,无风险,machine
AUD00006085,V00000861,2026-03-30 05:38:20,approved,无风险,machine
AUD00006086,V00013624,2026-06-18 06:49:41,approved,无风险,machine
AUD00006087,V00005104,2026-04-28 03:20:41,approved,无风险,machine
AUD00006088,V00010446,2026-06-04 12:34:10,approved,无风险,machine
AUD00006089,V00012580,2026-08-20 19:34:28,approved,无风险,machine
AUD00006090,V00000345,2026-03-22 21:06:04,approved,无风险,human
AUD00006091,V00013964,2026-01-20 06:13:02,approved,无风险,machine
AUD00006092,V00007291,2026-08-10 11:06:49,approved,无风险,machine
AUD00006093,V00005004,2026-07-03 16:44:44,approved,无风险,human
AUD00006094,V00012702,2026-08-09 17:10:14,approved,无风险,machine
AUD00006095,V00008256,2026-08-06 12:24:40,approved,无风险,machine
AUD00006096,V00014521,2026-07-30 00:36:58,approved,低俗,machine
AUD00006097,V00011213,2026-04-29 01:15:55,approved,无风险,machine
AUD00006098,V00006969,2026-04-14 10:14:51,approved,无风险,machine
AUD00006099,V00006916,2026-08-26 19:26:00,approved,无风险,machine
AUD00006100,V00005618,2026-05-01 13:30:58,approved,无风险,machine
AUD00006101,V00000669,2026-07-18 13:10:20,approved,无风险,machine
AUD00006102,V00009952,2026-03-25 04:14:49,approved,无风险,machine
AUD00006103,V00002399,2026-03-29 06:23:24,approved,无风险,mixed
AUD00006104,V00003459,2026-02-23 23:00:17,approved,无风险,machine
AUD00006105,V00007294,2026-04-19 04:46:26,approved,无风险,machine
AUD00006106,V00001354,2026-03-20 13:02:49,approved,无风险,machine
AUD00006107,V00001327,2026-08-23 18:41:34,approved,无风险,machine
AUD00006108,V00008035,2026-01-25 00:00:21,approved,无风险,mixed
AUD00006109,V00007522,2026-05-16 23:42:39,approved,无风险,machine
AUD00006110,V00003252,2026-01-24 19:25:07,approved,无风险,machine
AUD00006111,V00006163,2026-04-25 18:11:59,approved,无风险,machine
AUD00006112,V00009640,2026-08-19 07:57:35,approved,无风险,machine
AUD00006113,V00009048,2026-05-04 04:57:53,approved,无风险,machine
AUD00006114,V00000629,2026-06-23 01:56:49,approved,无风险,machine
AUD00006115,V00013675,2026-07-30 03:26:37,approved,低俗,machine
AUD00006116,V00005397,2026-07-20 18:52:45,approved,无风险,mixed
AUD00006117,V00006110,2026-01-15 11:56:29,approved,无风险,mixed
AUD00006118,V00003915,2026-08-28 06:21:30,approved,无风险,machine
AUD00006119,V00010380,2026-02-24 09:45:51,approved,无风险,machine
AUD00006120,V00009115,2026-01-14 03:40:27,approved,无风险,machine
AUD00006121,V00010127,2026-06-16 01:53:27,approved,无风险,machine
AUD00006122,V00006158,2026-04-09 23:00:21,approved,无风险,mixed
AUD00006123,V00005756,2026-03-05 22:46:57,approved,无风险,machine
AUD00006124,V00012022,2026-08-12 12:46:43,approved,无风险,machine
AUD00006125,V00006767,2026-07-22 22:42:00,approved,无风险,human
AUD00006126,V00006065,2026-01-01 11:12:15,approved,无风险,machine
AUD00006127,V00010905,2026-01-05 06:21:51,rejected,无风险,machine
AUD00006128,V00006965,2026-03-23 18:39:48,approved,无风险,machine
AUD00006129,V00010280,2026-05-29 11:21:47,approved,无风险,mixed
AUD00006130,V00004076,2026-01-16 13:51:31,approved,无风险,machine
AUD00006131,V00007721,2026-07-01 12:50:48,approved,无风险,machine
AUD00006132,V00011645,2026-03-27 14:55:43,limited,无风险,machine
AUD00006133,V00000863,2026-08-10 07:46:28,approved,无风险,machine
AUD00006134,V00007002,2026-01-25 21:48:34,approved,无风险,mixed
AUD00006135,V00003812,2026-06-09 17:50:26,approved,无风险,mixed
AUD00006136,V00001530,2026-07-02 22:49:46,approved,无风险,mixed
AUD00006137,V00006527,2026-05-28 17:31:56,approved,无风险,mixed
AUD00006138,V00013597,2026-03-22 19:07:40,approved,无风险,machine
AUD00006139,V00004473,2026-05-06 20:18:55,approved,无风险,machine
AUD00006140,V00010603,2026-05-28 23:18:02,approved,无风险,machine
AUD00006141,V00004458,2026-05-21 09:28:51,approved,无风险,machine
AUD00006142,V00001574,2026-08-23 11:06:40,approved,无风险,machine
AUD00006143,V00012952,2026-08-08 09:12:29,approved,无风险,machine
AUD00006144,V00010936,2026-01-01 00:35:31,approved,无风险,machine
AUD00006145,V00002713,2026-03-15 02:54:46,approved,无风险,mixed
AUD00006146,V00014246,2026-03-25 09:01:17,approved,无风险,machine
AUD00006147,V00000422,2026-07-15 20:15:05,approved,无风险,human
AUD00006148,V00005986,2026-08-02 11:27:11,approved,无风险,mixed
AUD00006149,V00001744,2026-07-26 05:04:56,approved,无风险,mixed
AUD00006150,V00009070,2026-02-27 14:49:50,approved,无风险,mixed
AUD00006151,V00012738,2026-07-23 21:02:44,approved,侵权,mixed
AUD00006152,V00001134,2026-07-23 14:00:23,approved,无风险,machine
AUD00006153,V00010422,2026-06-02 11:37:10,approved,无风险,machine
AUD00006154,V00009959,2026-08-25 18:26:48,approved,无风险,machine
AUD00006155,V00002146,2026-06-02 02:05:43,approved,无风险,machine
AUD00006156,V00014356,2026-05-09 05:09:29,approved,无风险,machine
AUD00006157,V00001126,2026-02-06 02:20:22,approved,无风险,mixed
AUD00006158,V00002670,2026-08-28 13:08:12,approved,无风险,mixed
AUD00006159,V00008520,2026-08-03 06:01:45,approved,无风险,machine
AUD00006160,V00010468,2026-08-03 09:25:08,approved,无风险,machine
AUD00006161,V00006637,2026-05-12 04:22:00,approved,无风险,machine
AUD00006162,V00007095,2026-08-17 09:48:59,approved,无风险,machine
AUD00006163,V00012823,2026-03-21 08:56:05,approved,无风险,machine
AUD00006164,V00001581,2026-01-29 21:46:50,approved,无风险,machine
AUD00006165,V00002927,2026-06-23 17:07:24,approved,无风险,mixed
AUD00006166,V00010599,2026-06-09 03:50:11,approved,无风险,machine
AUD00006167,V00012267,2026-05-08 03:10:40,approved,无风险,mixed
AUD00006168,V00014206,2026-04-27 06:29:45,approved,无风险,machine
AUD00006169,V00009921,2026-05-23 00:41:49,approved,无风险,machine
AUD00006170,V00012893,2026-03-10 10:33:53,approved,无风险,machine
AUD00006171,V00009842,2026-07-16 04:19:07,approved,无风险,machine
AUD00006172,V00014404,2026-06-13 07:48:51,approved,无风险,machine
AUD00006173,V00009937,2026-05-15 22:05:21,approved,无风险,machine
AUD00006174,V00000545,2026-05-24 07:46:49,approved,无风险,machine
AUD00006175,V00008349,2026-06-06 03:54:30,rejected,无风险,machine
AUD00006176,V00009873,2026-06-09 17:52:51,approved,无风险,machine
AUD00006177,V00003993,2026-05-15 03:45:55,approved,无风险,mixed
AUD00006178,V00007460,2026-08-06 00:08:59,approved,无风险,machine
AUD00006179,V00005460,2026-02-18 15:32:31,approved,无风险,machine
AUD00006180,V00008623,2026-05-12 20:54:42,approved,无风险,machine
AUD00006181,V00008521,2026-06-12 04:30:36,approved,无风险,machine
AUD00006182,V00013482,2026-03-30 10:39:57,approved,无风险,machine
AUD00006183,V00003548,2026-05-21 21:58:40,approved,无风险,machine
AUD00006184,V00004628,2026-06-19 04:22:20,approved,无风险,mixed
AUD00006185,V00010157,2026-03-28 15:32:10,approved,无风险,machine
AUD00006186,V00011737,2026-07-06 21:05:13,approved,无风险,mixed
AUD00006187,V00006856,2026-08-01 19:46:18,limited,无风险,mixed
AUD00006188,V00008829,2026-02-28 13:43:43,approved,无风险,mixed
AUD00006189,V00007886,2026-07-12 21:03:17,approved,无风险,mixed
AUD00006190,V00010644,2026-02-25 18:02:58,approved,无风险,machine
AUD00006191,V00007711,2026-07-12 12:04:35,approved,无风险,machine
AUD00006192,V00005825,2026-08-21 05:14:17,approved,无风险,machine
AUD00006193,V00013129,2026-03-17 14:37:57,approved,低俗,machine
AUD00006194,V00008942,2026-08-09 18:12:47,approved,无风险,mixed
AUD00006195,V00012676,2026-07-14 11:30:51,approved,无风险,machine
AUD00006196,V00012090,2026-01-03 04:54:59,approved,低俗,mixed
AUD00006197,V00006015,2026-03-04 03:32:25,approved,无风险,machine
AUD00006198,V00000075,2026-04-11 14:28:23,approved,无风险,machine
AUD00006199,V00006189,2026-01-25 07:46:38,approved,无风险,machine
AUD00006200,V00009508,2026-01-29 23:34:29,approved,无风险,machine
AUD00006201,V00014316,2026-07-15 01:55:47,approved,无风险,machine
AUD00006202,V00000105,2026-04-01 16:12:24,approved,无风险,human
AUD00006203,V00000440,2026-02-10 15:25:16,approved,无风险,machine
AUD00006204,V00005332,2026-02-18 15:49:50,approved,侵权,machine
AUD00006205,V00012345,2026-08-02 22:54:27,approved,无风险,machine
AUD00006206,V00005818,2026-01-23 20:19:01,limited,无风险,mixed
AUD00006207,V00001688,2026-02-11 19:36:53,rejected,无风险,machine
AUD00006208,V00013682,2026-01-11 06:57:45,approved,无风险,mixed
AUD00006209,V00005244,2026-07-20 19:56:07,approved,无风险,machine
AUD00006210,V00008731,2026-05-11 14:24:09,approved,无风险,mixed
AUD00006211,V00012592,2026-01-10 18:19:16,approved,无风险,machine
AUD00006212,V00010777,2026-05-06 16:33:35,rejected,无风险,machine
AUD00006213,V00012417,2026-05-27 20:29:07,approved,无风险,mixed
AUD00006214,V00000062,2026-07-27 01:02:14,approved,无风险,machine
AUD00006215,V00011782,2026-03-10 18:11:16,approved,无风险,machine
AUD00006216,V00001978,2026-03-25 05:34:37,approved,无风险,mixed
AUD00006217,V00013457,2026-04-28 07:44:12,approved,无风险,machine
AUD00006218,V00004304,2026-03-06 15:21:17,approved,无风险,machine
AUD00006219,V00013260,2026-06-08 16:55:32,approved,无风险,machine
AUD00006220,V00009270,2026-03-29 00:13:14,approved,无风险,machine
AUD00006221,V00008485,2026-01-10 11:50:41,approved,低俗,mixed
AUD00006222,V00008100,2026-07-21 10:10:21,approved,无风险,human
AUD00006223,V00012956,2026-08-24 05:24:14,approved,无风险,machine
AUD00006224,V00013052,2026-07-26 02:35:34,approved,无风险,mixed
AUD00006225,V00012654,2026-03-01 11:43:35,approved,无风险,machine
AUD00006226,V00011572,2026-08-12 10:37:20,approved,无风险,mixed
AUD00006227,V00013281,2026-06-14 07:11:52,approved,无风险,machine
AUD00006228,V00012548,2026-03-24 00:35:37,approved,无风险,human
AUD00006229,V00012480,2026-01-22 17:10:31,approved,无风险,mixed
AUD00006230,V00002931,2026-02-14 14:36:00,approved,无风险,machine
AUD00006231,V00002106,2026-08-19 14:26:58,approved,无风险,machine
AUD00006232,V00005084,2026-04-29 08:28:10,approved,无风险,machine
AUD00006233,V00000596,2026-07-04 04:57:01,approved,无风险,mixed
AUD00006234,V00001121,2026-04-14 11:28:36,approved,无风险,mixed
AUD00006235,V00012960,2026-06-16 02:09:17,approved,侵权,mixed
AUD00006236,V00014111,2026-05-17 15:19:26,approved,无风险,machine
AUD00006237,V00013984,2026-07-30 21:36:10,approved,无风险,mixed
AUD00006238,V00003667,2026-01-16 13:09:34,approved,无风险,machine
AUD00006239,V00012127,2026-07-18 14:22:23,approved,无风险,machine
AUD00006240,V00002391,2026-01-03 08:30:15,approved,无风险,machine
AUD00006241,V00011825,2026-08-03 16:08:36,approved,无风险,machine
AUD00006242,V00008563,2026-02-17 20:45:39,approved,无风险,machine
AUD00006243,V00006537,2026-04-10 11:06:47,rejected,无风险,machine
AUD00006244,V00009628,2026-08-10 15:25:28,approved,无风险,mixed
AUD00006245,V00009595,2026-05-28 20:37:46,approved,无风险,human
AUD00006246,V00013335,2026-06-25 18:05:52,approved,无风险,machine
AUD00006247,V00005845,2026-03-17 07:33:43,approved,无风险,machine
AUD00006248,V00000671,2026-06-05 10:42:24,approved,无风险,machine
AUD00006249,V00014412,2026-01-27 02:00:39,approved,无风险,machine
AUD00006250,V00003821,2026-07-22 07:54:55,approved,无风险,machine
AUD00006251,V00011228,2026-06-30 01:14:11,limited,无风险,machine
AUD00006252,V00012624,2026-03-06 19:19:25,approved,无风险,mixed
AUD00006253,V00004494,2026-07-18 09:28:27,approved,无风险,machine
AUD00006254,V00001440,2026-06-05 13:06:04,approved,无风险,machine
AUD00006255,V00011198,2026-03-15 06:58:19,approved,无风险,mixed
AUD00006256,V00005717,2026-07-24 16:14:09,approved,无风险,mixed
AUD00006257,V00001311,2026-01-19 14:30:28,approved,侵权,human
AUD00006258,V00005226,2026-01-10 19:27:19,approved,无风险,machine
AUD00006259,V00002580,2026-05-06 01:58:49,rejected,无风险,mixed
AUD00006260,V00002685,2026-02-12 05:58:00,approved,无风险,machine
AUD00006261,V00005854,2026-04-17 02:02:21,approved,无风险,human
AUD00006262,V00011453,2026-02-02 19:01:27,approved,无风险,machine
AUD00006263,V00000016,2026-03-25 12:53:20,approved,无风险,machine
AUD00006264,V00013506,2026-01-30 00:26:09,approved,无风险,machine
AUD00006265,V00010578,2026-03-29 11:30:24,approved,无风险,machine
AUD00006266,V00000825,2026-08-20 09:39:38,approved,无风险,human
AUD00006267,V00003959,2026-01-22 06:01:47,approved,无风险,machine
AUD00006268,V00008430,2026-08-07 20:17:45,approved,无风险,mixed
AUD00006269,V00009419,2026-06-24 14:48:59,approved,侵权,mixed
AUD00006270,V00000864,2026-07-05 21:00:48,approved,无风险,mixed
AUD00006271,V00014874,2026-06-01 10:17:03,approved,侵权,mixed
AUD00006272,V00005685,2026-07-17 15:20:58,approved,无风险,machine
AUD00006273,V00011288,2026-06-23 10:03:06,approved,无风险,machine
AUD00006274,V00001281,2026-07-10 07:22:04,approved,无风险,machine
AUD00006275,V00006539,2026-07-10 01:22:41,approved,无风险,machine
AUD00006276,V00002884,2026-05-25 23:39:38,approved,无风险,machine
AUD00006277,V00006281,2026-03-27 13:46:29,approved,无风险,machine
AUD00006278,V00011976,2026-06-16 19:03:51,approved,无风险,mixed
AUD00006279,V00000433,2026-06-05 08:02:37,approved,无风险,machine
AUD00006280,V00004745,2026-01-25 00:45:06,approved,无风险,human
AUD00006281,V00014080,2026-01-20 17:43:37,approved,无风险,machine
AUD00006282,V00012505,2026-01-28 07:12:01,approved,无风险,machine
AUD00006283,V00014079,2026-05-09 06:11:31,approved,无风险,machine
AUD00006284,V00008509,2026-05-19 08:21:36,approved,无风险,machine
AUD00006285,V00003670,2026-05-12 20:32:25,approved,无风险,machine
AUD00006286,V00000319,2026-08-20 02:15:26,approved,无风险,machine
AUD00006287,V00003727,2026-02-05 18:02:38,approved,无风险,machine
AUD00006288,V00004682,2026-07-23 06:43:23,approved,无风险,machine
AUD00006289,V00000478,2026-08-17 01:56:31,approved,无风险,machine
AUD00006290,V00013732,2026-06-07 22:05:27,approved,无风险,machine
AUD00006291,V00005746,2026-03-05 16:09:42,approved,无风险,machine
AUD00006292,V00014588,2026-07-18 20:24:40,approved,无风险,mixed
AUD00006293,V00011403,2026-08-22 13:16:30,approved,无风险,machine
AUD00006294,V00007160,2026-07-16 17:34:09,rejected,无风险,mixed
AUD00006295,V00010166,2026-08-14 00:54:20,approved,无风险,machine
AUD00006296,V00014989,2026-03-23 02:27:40,approved,无风险,machine
AUD00006297,V00002366,2026-05-03 04:09:52,limited,无风险,machine
AUD00006298,V00009251,2026-01-04 00:22:34,approved,低俗,mixed
AUD00006299,V00007349,2026-05-18 21:25:03,approved,无风险,human
AUD00006300,V00014528,2026-07-05 05:55:26,approved,无风险,mixed
AUD00006301,V00001663,2026-03-27 23:11:02,approved,无风险,machine
AUD00006302,V00002907,2026-06-10 21:58:12,rejected,无风险,mixed
AUD00006303,V00003802,2026-06-15 15:51:01,approved,无风险,mixed
AUD00006304,V00008483,2026-01-23 12:09:52,approved,无风险,machine
AUD00006305,V00011658,2026-03-01 02:53:05,approved,无风险,machine
AUD00006306,V00010080,2026-08-26 05:40:03,rejected,无风险,machine
AUD00006307,V00012023,2026-01-14 14:54:38,approved,无风险,mixed
AUD00006308,V00000566,2026-01-16 03:31:45,approved,低俗,machine
AUD00006309,V00001671,2026-03-01 14:22:29,limited,无风险,machine
AUD00006310,V00009008,2026-07-12 21:35:04,approved,无风险,machine
AUD00006311,V00009568,2026-08-03 22:15:52,approved,无风险,machine
AUD00006312,V00010126,2026-08-05 19:30:53,approved,无风险,machine
AUD00006313,V00011416,2026-07-26 23:28:10,approved,无风险,machine
AUD00006314,V00012312,2026-05-15 00:21:34,approved,无风险,mixed
AUD00006315,V00007215,2026-08-22 04:39:35,approved,无风险,machine
AUD00006316,V00002340,2026-05-24 23:30:18,approved,无风险,machine
AUD00006317,V00003471,2026-01-19 18:59:06,approved,无风险,machine
AUD00006318,V00013395,2026-07-20 03:12:48,approved,无风险,machine
AUD00006319,V00005558,2026-07-26 02:58:09,approved,低俗,machine
AUD00006320,V00005293,2026-04-10 10:39:15,approved,无风险,mixed
AUD00006321,V00010219,2026-04-26 18:10:54,approved,无风险,mixed
AUD00006322,V00014603,2026-06-12 11:37:11,approved,无风险,machine
AUD00006323,V00013433,2026-08-24 03:53:29,approved,无风险,machine
AUD00006324,V00008113,2026-07-14 22:55:13,approved,虚假信息,machine
AUD00006325,V00013556,2026-08-29 00:00:20,approved,无风险,machine
AUD00006326,V00006033,2026-05-14 20:55:53,approved,无风险,machine
AUD00006327,V00008914,2026-07-04 16:06:23,approved,无风险,mixed
AUD00006328,V00000751,2026-04-01 13:17:28,approved,无风险,mixed
AUD00006329,V00009664,2026-06-30 13:43:02,approved,无风险,mixed
AUD00006330,V00008234,2026-02-25 09:33:23,approved,无风险,machine
AUD00006331,V00006059,2026-08-18 19:55:42,approved,无风险,machine
AUD00006332,V00014854,2026-08-28 16:11:25,approved,无风险,machine
AUD00006333,V00008110,2026-05-14 17:34:30,approved,无风险,machine
AUD00006334,V00011103,2026-07-15 13:22:10,approved,无风险,machine
AUD00006335,V00010035,2026-07-01 18:04:27,approved,无风险,machine
AUD00006336,V00014568,2026-08-25 23:21:20,approved,无风险,machine
AUD00006337,V00000133,2026-08-22 17:38:44,approved,无风险,machine
AUD00006338,V00012488,2026-06-19 23:20:18,approved,无风险,machine
AUD00006339,V00011637,2026-08-08 09:51:32,approved,无风险,machine
AUD00006340,V00004315,2026-04-04 19:24:33,approved,无风险,human
AUD00006341,V00004064,2026-07-24 08:39:14,approved,无风险,mixed
AUD00006342,V00001933,2026-07-06 19:47:42,approved,无风险,machine
AUD00006343,V00014424,2026-02-23 00:27:26,approved,无风险,human
AUD00006344,V00005868,2026-02-11 02:07:39,approved,无风险,mixed
AUD00006345,V00003538,2026-05-25 05:01:15,limited,无风险,mixed
AUD00006346,V00004552,2026-08-28 21:04:27,approved,无风险,machine
AUD00006347,V00003458,2026-07-27 12:10:19,approved,无风险,machine
AUD00006348,V00011091,2026-06-22 08:28:00,approved,无风险,machine
AUD00006349,V00013919,2026-07-17 19:35:00,approved,无风险,machine
AUD00006350,V00005249,2026-03-20 19:52:28,approved,无风险,machine
AUD00006351,V00007569,2026-05-07 06:38:19,approved,无风险,machine
AUD00006352,V00012794,2026-03-19 04:27:21,approved,无风险,machine
AUD00006353,V00012631,2026-03-02 22:17:41,approved,无风险,machine
AUD00006354,V00001618,2026-05-30 22:38:48,approved,无风险,machine
AUD00006355,V00008711,2026-05-06 21:52:01,approved,无风险,machine
AUD00006356,V00009966,2026-02-20 01:30:36,approved,无风险,human
AUD00006357,V00013886,2026-08-23 21:29:09,approved,无风险,mixed
AUD00006358,V00014865,2026-02-12 21:30:02,approved,无风险,mixed
AUD00006359,V00002139,2026-08-16 13:56:09,approved,无风险,machine
AUD00006360,V00013883,2026-05-08 01:30:24,approved,无风险,machine
AUD00006361,V00012691,2026-03-11 02:43:00,approved,无风险,machine
AUD00006362,V00007022,2026-06-07 03:25:50,approved,无风险,machine
AUD00006363,V00012104,2026-05-30 06:51:00,approved,无风险,machine
AUD00006364,V00006048,2026-06-14 00:27:46,approved,无风险,machine
AUD00006365,V00008128,2026-06-27 17:52:47,approved,无风险,machine
AUD00006366,V00010466,2026-07-02 05:19:18,approved,无风险,machine
AUD00006367,V00014949,2026-02-01 00:49:43,approved,无风险,machine
AUD00006368,V00007226,2026-06-09 17:25:18,approved,无风险,machine
AUD00006369,V00012300,2026-04-22 15:32:47,approved,无风险,mixed
AUD00006370,V00006034,2026-06-17 17:09:42,limited,无风险,machine
AUD00006371,V00009981,2026-06-22 19:21:35,approved,无风险,machine
AUD00006372,V00010326,2026-05-14 03:01:16,approved,低俗,machine
AUD00006373,V00014789,2026-06-11 15:44:44,approved,无风险,machine
AUD00006374,V00012692,2026-06-19 23:03:20,approved,无风险,machine
AUD00006375,V00002721,2026-08-12 19:44:52,approved,无风险,machine
AUD00006376,V00003672,2026-05-24 12:30:34,approved,无风险,machine
AUD00006377,V00010070,2026-04-21 09:41:26,approved,无风险,machine
AUD00006378,V00014956,2026-06-04 18:38:15,approved,无风险,machine
AUD00006379,V00008788,2026-06-17 07:25:45,approved,无风险,machine
AUD00006380,V00000375,2026-08-28 04:38:10,approved,无风险,machine
AUD00006381,V00006571,2026-05-22 05:02:51,approved,无风险,mixed
AUD00006382,V00012299,2026-05-14 18:14:38,approved,无风险,machine
AUD00006383,V00009476,2026-04-16 07:36:13,approved,无风险,machine
AUD00006384,V00002054,2026-06-13 19:05:53,approved,无风险,mixed
AUD00006385,V00010334,2026-08-25 09:12:03,approved,无风险,machine
AUD00006386,V00000338,2026-08-05 19:34:49,approved,无风险,machine
AUD00006387,V00007982,2026-08-10 02:57:19,approved,无风险,machine
AUD00006388,V00005118,2026-07-14 22:38:33,approved,无风险,machine
AUD00006389,V00010217,2026-03-01 01:04:34,approved,无风险,machine
AUD00006390,V00001945,2026-06-24 19:41:05,approved,无风险,machine
AUD00006391,V00004485,2026-05-18 22:31:52,approved,无风险,machine
AUD00006392,V00002345,2026-04-02 00:40:23,approved,无风险,machine
AUD00006393,V00006580,2026-06-24 09:17:53,approved,无风险,machine
AUD00006394,V00000730,2026-02-09 23:15:33,approved,无风险,machine
AUD00006395,V00014346,2026-05-12 08:09:54,approved,无风险,mixed
AUD00006396,V00003799,2026-05-23 08:45:58,approved,无风险,machine
AUD00006397,V00000852,2026-08-12 20:01:57,approved,无风险,machine
AUD00006398,V00009917,2026-08-23 15:12:37,approved,无风险,machine
AUD00006399,V00010818,2026-05-20 15:25:31,approved,无风险,machine
AUD00006400,V00012354,2026-06-12 09:56:04,approved,无风险,machine
AUD00006401,V00005516,2026-06-24 00:45:17,approved,无风险,machine
AUD00006402,V00012561,2026-05-05 18:08:35,approved,无风险,mixed
AUD00006403,V00009395,2026-05-30 00:35:03,approved,无风险,machine
AUD00006404,V00007931,2026-06-30 13:59:12,approved,无风险,human
AUD00006405,V00007031,2026-03-14 09:48:31,approved,无风险,machine
AUD00006406,V00009581,2026-03-01 17:26:12,approved,无风险,machine
AUD00006407,V00011549,2026-05-19 10:10:24,approved,无风险,mixed
AUD00006408,V00001838,2026-07-16 11:35:57,approved,无风险,machine
AUD00006409,V00008435,2026-05-13 16:24:09,approved,无风险,mixed
AUD00006410,V00003223,2026-04-13 17:12:22,approved,无风险,machine
AUD00006411,V00000649,2026-07-06 02:37:51,approved,无风险,machine
AUD00006412,V00009349,2026-03-10 15:05:54,approved,无风险,human
AUD00006413,V00008831,2026-08-07 04:24:39,approved,无风险,machine
AUD00006414,V00007066,2026-01-24 15:01:23,approved,无风险,mixed
AUD00006415,V00003229,2026-03-11 13:18:14,approved,无风险,machine
AUD00006416,V00008552,2026-06-14 06:00:03,approved,无风险,machine
AUD00006417,V00011468,2026-07-20 20:41:02,approved,无风险,machine
AUD00006418,V00004303,2026-01-14 15:37:32,approved,无风险,mixed
AUD00006419,V00005950,2026-07-19 18:11:57,approved,无风险,machine
AUD00006420,V00010337,2026-01-11 08:00:48,approved,无风险,machine
AUD00006421,V00005358,2026-06-08 20:59:24,approved,无风险,machine
AUD00006422,V00000799,2026-07-11 15:39:59,approved,无风险,mixed
AUD00006423,V00004926,2026-08-20 09:15:25,approved,无风险,machine
AUD00006424,V00013276,2026-02-18 23:13:53,approved,虚假信息,machine
AUD00006425,V00001204,2026-07-07 19:59:14,approved,无风险,machine
AUD00006426,V00005355,2026-06-09 04:44:03,approved,无风险,machine
AUD00006427,V00003072,2026-07-04 22:14:46,approved,无风险,human
AUD00006428,V00012617,2026-03-07 13:11:46,approved,无风险,mixed
AUD00006429,V00008291,2026-01-21 13:09:34,approved,无风险,machine
AUD00006430,V00012017,2026-04-27 12:12:05,approved,无风险,machine
AUD00006431,V00008201,2026-05-20 23:00:06,approved,无风险,machine
AUD00006432,V00005177,2026-05-07 11:44:59,approved,无风险,machine
AUD00006433,V00003118,2026-06-25 23:07:30,approved,无风险,machine
AUD00006434,V00001821,2026-05-15 05:43:08,approved,无风险,mixed
AUD00006435,V00005314,2026-02-13 17:24:01,approved,无风险,machine
AUD00006436,V00008736,2026-02-09 03:40:51,approved,无风险,machine
AUD00006437,V00010922,2026-04-01 20:43:17,approved,无风险,machine
AUD00006438,V00009114,2026-06-29 11:04:04,approved,无风险,mixed
AUD00006439,V00004041,2026-03-06 02:06:36,approved,无风险,mixed
AUD00006440,V00005139,2026-08-17 22:37:53,approved,无风险,machine
AUD00006441,V00001852,2026-08-27 22:55:24,rejected,无风险,machine
AUD00006442,V00005150,2026-05-12 20:31:45,approved,侵权,machine
AUD00006443,V00014295,2026-08-04 01:04:48,approved,无风险,machine
AUD00006444,V00009907,2026-07-25 16:26:17,approved,无风险,human
AUD00006445,V00004178,2026-08-21 02:02:23,approved,无风险,machine
AUD00006446,V00005085,2026-05-12 23:06:20,approved,无风险,machine
AUD00006447,V00000610,2026-02-23 06:09:32,approved,无风险,machine
AUD00006448,V00004205,2026-08-14 01:04:30,approved,无风险,machine
AUD00006449,V00014419,2026-05-29 03:48:12,approved,无风险,machine
AUD00006450,V00002834,2026-04-02 03:44:59,approved,无风险,machine
AUD00006451,V00013913,2026-07-18 08:34:08,approved,无风险,machine
AUD00006452,V00008577,2026-06-06 08:13:41,approved,无风险,machine
AUD00006453,V00001284,2026-02-05 05:28:20,approved,无风险,machine
AUD00006454,V00003711,2026-03-22 09:35:01,approved,无风险,mixed
AUD00006455,V00001658,2026-01-23 02:46:34,approved,无风险,human
AUD00006456,V00009691,2026-07-04 08:34:35,approved,无风险,machine
AUD00006457,V00008114,2026-02-28 01:06:35,approved,无风险,mixed
AUD00006458,V00005297,2026-05-02 08:27:42,approved,无风险,machine
AUD00006459,V00011285,2026-01-21 07:06:35,approved,无风险,machine
AUD00006460,V00009428,2026-04-26 08:57:33,approved,无风险,machine
AUD00006461,V00011546,2026-03-25 03:28:51,approved,无风险,human
AUD00006462,V00012590,2026-07-18 15:29:49,approved,无风险,machine
AUD00006463,V00011363,2026-01-15 18:52:52,limited,无风险,machine
AUD00006464,V00011695,2026-03-18 14:09:51,approved,无风险,machine
AUD00006465,V00010617,2026-06-06 17:57:11,approved,无风险,machine
AUD00006466,V00013453,2026-07-16 21:52:05,approved,无风险,machine
AUD00006467,V00012073,2026-03-08 16:13:57,approved,无风险,machine
AUD00006468,V00011765,2026-04-30 03:37:43,approved,无风险,machine
AUD00006469,V00000770,2026-07-18 19:54:16,approved,无风险,mixed
AUD00006470,V00009888,2026-08-10 20:04:30,approved,无风险,machine
AUD00006471,V00000260,2026-06-25 16:11:57,approved,无风险,machine
AUD00006472,V00013139,2026-08-14 03:45:41,approved,无风险,mixed
AUD00006473,V00001882,2026-08-02 15:12:42,approved,无风险,mixed
AUD00006474,V00009386,2026-05-25 23:55:27,approved,无风险,machine
AUD00006475,V00013837,2026-06-26 04:49:44,approved,无风险,machine
AUD00006476,V00001700,2026-01-27 11:05:44,approved,无风险,human
AUD00006477,V00011210,2026-07-25 21:55:46,approved,侵权,human
AUD00006478,V00003680,2026-07-31 06:09:07,approved,无风险,human
AUD00006479,V00010498,2026-05-07 20:54:23,approved,无风险,machine
AUD00006480,V00008180,2026-01-21 05:46:47,limited,无风险,machine
AUD00006481,V00012331,2026-03-02 15:53:00,approved,侵权,machine
AUD00006482,V00002359,2026-07-26 09:38:21,approved,虚假信息,machine
AUD00006483,V00011266,2026-05-12 15:54:59,approved,无风险,machine
AUD00006484,V00004080,2026-07-26 04:55:23,approved,无风险,machine
AUD00006485,V00014841,2026-07-17 01:55:07,approved,无风险,mixed
AUD00006486,V00008956,2026-01-04 03:25:30,approved,无风险,mixed
AUD00006487,V00008660,2026-06-21 15:18:07,approved,无风险,mixed
AUD00006488,V00000654,2026-08-19 17:41:19,approved,无风险,machine
AUD00006489,V00007845,2026-01-04 22:23:22,approved,侵权,mixed
AUD00006490,V00005620,2026-01-20 02:47:43,approved,虚假信息,machine
AUD00006491,V00007313,2026-01-27 18:43:34,approved,无风险,mixed
AUD00006492,V00013634,2026-04-16 04:51:01,approved,无风险,mixed
AUD00006493,V00006240,2026-03-05 13:05:33,approved,无风险,mixed
AUD00006494,V00011226,2026-07-28 11:26:43,approved,无风险,human
AUD00006495,V00010048,2026-05-07 00:35:22,approved,无风险,machine
AUD00006496,V00003659,2026-06-27 13:59:21,approved,无风险,machine
AUD00006497,V00002424,2026-04-25 21:48:57,approved,无风险,machine
AUD00006498,V00006371,2026-07-24 00:06:23,approved,无风险,machine
AUD00006499,V00012534,2026-04-01 04:09:29,approved,无风险,machine
AUD00006500,V00012219,2026-03-31 07:52:26,approved,无风险,machine
AUD00006501,V00005448,2026-08-12 01:40:42,approved,无风险,machine
AUD00006502,V00002034,2026-07-13 23:32:45,approved,无风险,machine
AUD00006503,V00014379,2026-06-17 19:09:07,approved,无风险,machine
AUD00006504,V00010636,2026-05-23 00:02:31,approved,无风险,machine
AUD00006505,V00000205,2026-04-17 10:02:12,approved,无风险,mixed
AUD00006506,V00008653,2026-08-13 01:48:24,approved,无风险,human
AUD00006507,V00014663,2026-02-24 11:12:40,approved,无风险,machine
AUD00006508,V00010869,2026-02-01 20:13:46,approved,无风险,machine
AUD00006509,V00006518,2026-06-15 11:20:03,rejected,无风险,machine
AUD00006510,V00009160,2026-04-17 08:49:18,approved,无风险,machine
AUD00006511,V00009406,2026-08-22 19:10:54,approved,无风险,human
AUD00006512,V00009886,2026-03-30 12:35:38,approved,侵权,machine
AUD00006513,V00000429,2026-02-03 01:00:04,approved,无风险,machine
AUD00006514,V00006898,2026-05-18 19:51:23,approved,无风险,machine
AUD00006515,V00006050,2026-07-17 11:03:19,approved,无风险,machine
AUD00006516,V00005122,2026-02-06 12:58:01,approved,无风险,machine
AUD00006517,V00004088,2026-01-01 14:05:17,approved,无风险,mixed
AUD00006518,V00013188,2026-03-08 21:32:12,approved,无风险,mixed
AUD00006519,V00013410,2026-07-30 07:45:41,approved,无风险,machine
AUD00006520,V00006780,2026-07-22 02:28:00,approved,无风险,machine
AUD00006521,V00010706,2026-08-17 20:53:23,limited,无风险,machine
AUD00006522,V00002641,2026-07-15 11:09:22,limited,虚假信息,mixed
AUD00006523,V00013553,2026-08-19 12:47:36,approved,无风险,machine
AUD00006524,V00000495,2026-07-20 21:26:37,approved,无风险,machine
AUD00006525,V00006208,2026-06-27 04:23:53,limited,无风险,mixed
AUD00006526,V00004907,2026-05-15 01:37:32,rejected,无风险,machine
AUD00006527,V00008365,2026-07-08 16:05:20,approved,无风险,machine
AUD00006528,V00013038,2026-07-19 13:02:35,approved,无风险,machine
AUD00006529,V00007056,2026-05-25 13:39:33,approved,无风险,machine
AUD00006530,V00004345,2026-08-09 08:25:45,approved,无风险,mixed
AUD00006531,V00013716,2026-03-21 03:41:21,approved,无风险,machine
AUD00006532,V00011381,2026-08-07 11:36:59,approved,无风险,machine
AUD00006533,V00005494,2026-04-29 17:30:52,approved,无风险,mixed
AUD00006534,V00002007,2026-08-16 11:18:39,approved,无风险,machine
AUD00006535,V00002468,2026-01-26 17:33:24,approved,无风险,machine
AUD00006536,V00013882,2026-02-19 10:24:43,approved,无风险,machine
AUD00006537,V00009957,2026-08-28 10:26:58,approved,无风险,machine
AUD00006538,V00011471,2026-08-05 09:00:12,approved,无风险,machine
AUD00006539,V00008802,2026-05-14 02:57:33,approved,无风险,mixed
AUD00006540,V00013581,2026-08-20 18:22:35,approved,无风险,machine
AUD00006541,V00005658,2026-05-03 23:42:24,approved,无风险,machine
AUD00006542,V00007480,2026-01-13 01:40:02,approved,无风险,mixed
AUD00006543,V00010418,2026-06-13 01:23:38,approved,无风险,machine
AUD00006544,V00004221,2026-08-27 21:48:39,approved,无风险,machine
AUD00006545,V00000177,2026-08-25 23:20:17,approved,无风险,machine
AUD00006546,V00000364,2026-07-29 22:32:45,approved,侵权,mixed
AUD00006547,V00012837,2026-05-01 19:49:49,approved,无风险,machine
AUD00006548,V00005929,2026-07-17 18:24:13,rejected,无风险,mixed
AUD00006549,V00008488,2026-08-12 07:13:49,approved,无风险,machine
AUD00006550,V00010314,2026-03-11 20:16:04,approved,无风险,machine
AUD00006551,V00013805,2026-04-02 05:58:09,limited,低俗,machine
AUD00006552,V00004025,2026-02-23 20:40:47,approved,无风险,machine
AUD00006553,V00008290,2026-05-04 01:10:45,approved,无风险,machine
AUD00006554,V00011871,2026-07-22 02:51:28,approved,无风险,machine
AUD00006555,V00012270,2026-06-29 09:09:47,approved,无风险,machine
AUD00006556,V00000502,2026-08-06 13:01:56,approved,无风险,machine
AUD00006557,V00003769,2026-01-28 20:25:44,approved,无风险,machine
AUD00006558,V00010437,2026-08-15 07:29:39,approved,无风险,mixed
AUD00006559,V00004550,2026-06-21 01:19:58,approved,无风险,machine
AUD00006560,V00003163,2026-05-13 13:15:10,approved,无风险,human
AUD00006561,V00002085,2026-01-12 21:44:07,approved,无风险,machine
AUD00006562,V00007325,2026-07-26 15:15:06,approved,无风险,machine
AUD00006563,V00003713,2026-02-10 14:53:19,approved,无风险,machine
AUD00006564,V00008981,2026-07-17 12:20:25,limited,无风险,machine
AUD00006565,V00009901,2026-04-04 13:43:25,approved,无风险,mixed
AUD00006566,V00013649,2026-03-09 19:07:43,approved,无风险,machine
AUD00006567,V00003910,2026-05-03 21:53:58,approved,无风险,machine
AUD00006568,V00005514,2026-07-09 12:51:39,approved,无风险,machine
AUD00006569,V00014640,2026-08-05 19:21:53,approved,无风险,machine
AUD00006570,V00008342,2026-08-24 04:50:51,approved,无风险,machine
AUD00006571,V00008267,2026-08-24 11:20:37,approved,无风险,human
AUD00006572,V00007546,2026-05-10 02:02:24,approved,无风险,machine
AUD00006573,V00013641,2026-03-12 18:36:36,approved,无风险,machine
AUD00006574,V00014902,2026-06-22 18:26:28,approved,无风险,machine
AUD00006575,V00012569,2026-07-26 23:42:51,approved,无风险,machine
AUD00006576,V00000661,2026-02-14 01:02:21,approved,无风险,machine
AUD00006577,V00011231,2026-06-16 19:53:35,limited,无风险,machine
AUD00006578,V00004610,2026-02-21 07:25:17,approved,无风险,mixed
AUD00006579,V00010266,2026-07-10 00:36:47,approved,无风险,machine
AUD00006580,V00002758,2026-08-01 10:35:00,approved,无风险,machine
AUD00006581,V00005231,2026-01-13 21:24:25,limited,无风险,mixed
AUD00006582,V00011212,2026-07-08 12:46:47,approved,无风险,machine
AUD00006583,V00002954,2026-04-12 07:46:45,approved,无风险,mixed
AUD00006584,V00001572,2026-05-05 19:24:47,approved,无风险,mixed
AUD00006585,V00009693,2026-02-21 07:33:50,approved,无风险,machine
AUD00006586,V00004426,2026-01-24 11:07:39,approved,无风险,machine
AUD00006587,V00013776,2026-06-30 16:42:51,approved,无风险,machine
AUD00006588,V00001696,2026-02-09 23:33:22,approved,无风险,machine
AUD00006589,V00009050,2026-05-28 11:29:04,approved,无风险,machine
AUD00006590,V00009963,2026-08-20 05:05:19,approved,无风险,machine
AUD00006591,V00009647,2026-04-14 21:15:37,approved,无风险,mixed
AUD00006592,V00000390,2026-08-03 15:13:44,approved,无风险,machine
AUD00006593,V00004943,2026-04-23 10:05:57,approved,无风险,human
AUD00006594,V00008294,2026-05-29 23:21:04,approved,无风险,machine
AUD00006595,V00007011,2026-01-11 23:24:36,approved,无风险,machine
AUD00006596,V00011620,2026-02-24 04:31:42,approved,无风险,mixed
AUD00006597,V00005120,2026-05-08 04:05:29,approved,无风险,mixed
AUD00006598,V00011375,2026-05-14 07:09:50,approved,无风险,mixed
AUD00006599,V00014606,2026-04-08 15:52:49,approved,无风险,machine
AUD00006600,V00010764,2026-05-24 19:47:25,approved,无风险,mixed
AUD00006601,V00002729,2026-07-03 02:34:03,approved,无风险,mixed
AUD00006602,V00011983,2026-03-08 01:45:07,approved,无风险,machine
AUD00006603,V00014190,2026-08-28 09:10:19,approved,无风险,machine
AUD00006604,V00004312,2026-03-08 20:39:33,approved,无风险,machine
AUD00006605,V00014414,2026-01-02 03:02:56,approved,无风险,mixed
AUD00006606,V00004904,2026-07-03 05:33:59,approved,无风险,mixed
AUD00006607,V00003928,2026-08-25 18:27:47,approved,无风险,machine
AUD00006608,V00006241,2026-04-14 13:40:22,approved,无风险,mixed
AUD00006609,V00005547,2026-07-27 07:25:16,approved,无风险,machine
AUD00006610,V00001847,2026-06-30 10:43:57,approved,无风险,machine
AUD00006611,V00001418,2026-01-26 17:21:43,approved,无风险,machine
AUD00006612,V00004744,2026-06-15 11:55:04,approved,无风险,machine
AUD00006613,V00002113,2026-06-15 01:13:43,approved,无风险,mixed
AUD00006614,V00005245,2026-04-29 02:43:54,approved,无风险,machine
AUD00006615,V00003495,2026-04-13 22:22:07,approved,无风险,mixed
AUD00006616,V00004916,2026-07-12 23:22:23,approved,无风险,machine
AUD00006617,V00008154,2026-07-25 05:40:26,approved,无风险,machine
AUD00006618,V00005839,2026-08-07 09:23:11,approved,无风险,machine
AUD00006619,V00010400,2026-01-06 03:04:15,approved,无风险,human
AUD00006620,V00007766,2026-01-12 00:46:57,approved,无风险,machine
AUD00006621,V00007300,2026-08-26 12:34:04,limited,无风险,mixed
AUD00006622,V00014375,2026-04-09 09:25:27,approved,无风险,machine
AUD00006623,V00006963,2026-05-09 13:24:33,approved,无风险,machine
AUD00006624,V00009093,2026-08-26 14:36:43,approved,无风险,mixed
AUD00006625,V00008546,2026-05-03 06:07:36,approved,无风险,mixed
AUD00006626,V00009161,2026-05-05 19:03:12,approved,无风险,machine
AUD00006627,V00006899,2026-06-19 00:43:58,approved,无风险,machine
AUD00006628,V00013342,2026-07-02 19:21:34,approved,无风险,machine
AUD00006629,V00004193,2026-07-31 22:04:28,approved,无风险,machine
AUD00006630,V00005824,2026-01-19 05:04:14,approved,无风险,machine
AUD00006631,V00001864,2026-05-30 13:54:07,approved,无风险,machine
AUD00006632,V00002077,2026-06-13 02:33:10,limited,无风险,machine
AUD00006633,V00011762,2026-03-02 09:39:53,approved,无风险,machine
AUD00006634,V00004257,2026-03-02 00:17:11,approved,无风险,machine
AUD00006635,V00010089,2026-08-25 23:16:49,approved,无风险,machine
AUD00006636,V00003403,2026-07-16 18:39:45,approved,无风险,mixed
AUD00006637,V00011928,2026-08-28 08:16:48,approved,无风险,machine
AUD00006638,V00011699,2026-02-15 16:51:41,approved,无风险,mixed
AUD00006639,V00011907,2026-06-29 06:14:45,approved,无风险,mixed
AUD00006640,V00001266,2026-04-18 17:19:20,approved,无风险,mixed
AUD00006641,V00014306,2026-07-17 23:20:37,approved,无风险,mixed
AUD00006642,V00002959,2026-02-21 13:39:30,approved,无风险,machine
AUD00006643,V00013156,2026-04-13 09:43:15,limited,无风险,machine
AUD00006644,V00014092,2026-04-20 18:56:03,approved,虚假信息,machine
AUD00006645,V00001285,2026-05-08 08:26:12,approved,侵权,machine
AUD00006646,V00010699,2026-03-27 15:09:48,rejected,无风险,machine
AUD00006647,V00014630,2026-07-05 16:25:09,approved,无风险,machine
AUD00006648,V00000635,2026-06-30 04:06:09,approved,无风险,machine
AUD00006649,V00006218,2026-04-16 23:47:07,approved,无风险,machine
AUD00006650,V00007657,2026-05-30 10:57:25,approved,无风险,machine
AUD00006651,V00000279,2026-05-24 02:56:13,limited,无风险,human
AUD00006652,V00004590,2026-08-23 12:57:16,approved,无风险,mixed
AUD00006653,V00006491,2026-06-11 01:06:13,approved,无风险,mixed
AUD00006654,V00014142,2026-08-04 03:31:48,approved,无风险,machine
AUD00006655,V00012982,2026-06-18 12:34:48,approved,无风险,machine
AUD00006656,V00003078,2026-07-14 00:39:24,approved,无风险,machine
AUD00006657,V00012220,2026-03-19 12:21:50,approved,无风险,machine
AUD00006658,V00010677,2026-02-22 08:56:30,approved,无风险,mixed
AUD00006659,V00007971,2026-07-19 02:50:21,approved,无风险,machine
AUD00006660,V00005772,2026-05-18 19:41:10,approved,无风险,mixed
AUD00006661,V00002348,2026-01-02 22:28:26,approved,无风险,machine
AUD00006662,V00000483,2026-08-21 21:09:22,approved,无风险,machine
AUD00006663,V00001129,2026-01-23 01:36:57,approved,无风险,machine
AUD00006664,V00003383,2026-08-13 06:21:53,approved,无风险,machine
AUD00006665,V00012217,2026-06-03 03:24:00,approved,无风险,machine
AUD00006666,V00006252,2026-07-05 20:59:10,approved,无风险,machine
AUD00006667,V00010019,2026-04-23 21:31:19,approved,无风险,machine
AUD00006668,V00003324,2026-03-31 22:46:50,approved,无风险,machine
AUD00006669,V00010104,2026-04-12 04:21:03,approved,虚假信息,machine
AUD00006670,V00010652,2026-05-14 15:10:52,approved,无风险,machine
AUD00006671,V00007240,2026-08-16 23:50:20,approved,无风险,mixed
AUD00006672,V00004411,2026-03-23 11:13:03,approved,无风险,machine
AUD00006673,V00007579,2026-06-21 18:32:52,limited,无风险,machine
AUD00006674,V00007566,2026-04-16 12:29:55,approved,无风险,machine
AUD00006675,V00006109,2026-07-01 16:46:56,approved,低俗,mixed
AUD00006676,V00011612,2026-01-26 05:21:29,approved,无风险,machine
AUD00006677,V00002352,2026-05-15 18:51:51,approved,无风险,machine
AUD00006678,V00006258,2026-05-28 08:17:15,approved,无风险,machine
AUD00006679,V00004949,2026-07-15 06:50:24,approved,无风险,machine
AUD00006680,V00003490,2026-05-10 01:21:45,approved,无风险,machine
AUD00006681,V00012725,2026-03-21 04:10:02,approved,无风险,mixed
AUD00006682,V00006621,2026-03-27 13:52:02,approved,虚假信息,machine
AUD00006683,V00004342,2026-03-01 18:32:33,approved,无风险,machine
AUD00006684,V00012986,2026-08-02 16:51:11,approved,无风险,machine
AUD00006685,V00007652,2026-05-11 02:44:57,approved,无风险,machine
AUD00006686,V00006785,2026-08-24 15:53:37,approved,无风险,machine
AUD00006687,V00004524,2026-06-20 14:05:59,approved,无风险,human
AUD00006688,V00007741,2026-04-25 20:42:41,approved,无风险,human
AUD00006689,V00006360,2026-05-30 21:33:16,approved,虚假信息,human
AUD00006690,V00007400,2026-07-19 00:40:11,approved,无风险,machine
AUD00006691,V00000835,2026-03-02 13:56:53,approved,无风险,mixed
AUD00006692,V00010451,2026-03-28 00:37:08,approved,无风险,machine
AUD00006693,V00008592,2026-08-10 02:24:23,approved,无风险,machine
AUD00006694,V00000913,2026-07-17 10:45:20,approved,无风险,machine
AUD00006695,V00002004,2026-07-20 04:28:02,approved,虚假信息,mixed
AUD00006696,V00007892,2026-07-01 19:35:26,approved,无风险,machine
AUD00006697,V00005313,2026-08-14 15:58:11,approved,无风险,machine
AUD00006698,V00003469,2026-08-23 17:16:07,approved,无风险,machine
AUD00006699,V00013538,2026-05-31 08:20:04,approved,无风险,mixed
AUD00006700,V00001486,2026-06-17 20:10:15,limited,无风险,machine
AUD00006701,V00009105,2026-07-28 19:18:40,approved,无风险,machine
AUD00006702,V00014267,2026-01-18 19:12:33,approved,虚假信息,machine
AUD00006703,V00006620,2026-03-11 20:30:01,approved,无风险,machine
AUD00006704,V00005574,2026-08-28 11:44:27,approved,无风险,human
AUD00006705,V00012296,2026-08-05 09:07:32,approved,无风险,human
AUD00006706,V00001582,2026-06-08 23:53:47,approved,无风险,machine
AUD00006707,V00003182,2026-08-01 07:19:16,rejected,无风险,machine
AUD00006708,V00000902,2026-08-14 05:53:59,approved,无风险,mixed
AUD00006709,V00008860,2026-02-05 04:54:53,approved,无风险,machine
AUD00006710,V00006419,2026-02-24 04:09:44,approved,无风险,machine
AUD00006711,V00007096,2026-08-25 23:21:56,approved,无风险,human
AUD00006712,V00002822,2026-08-13 01:24:41,approved,无风险,machine
AUD00006713,V00003505,2026-01-27 10:34:19,approved,无风险,human
AUD00006714,V00003576,2026-06-08 08:32:21,approved,无风险,machine
AUD00006715,V00007412,2026-01-28 11:09:14,approved,无风险,mixed
AUD00006716,V00012742,2026-08-27 21:59:22,approved,无风险,mixed
AUD00006717,V00010461,2026-04-02 02:21:17,approved,无风险,machine
AUD00006718,V00014872,2026-04-10 02:50:41,rejected,侵权,machine
AUD00006719,V00001963,2026-06-05 12:39:27,approved,无风险,mixed
AUD00006720,V00009672,2026-03-17 20:33:45,approved,无风险,machine
AUD00006721,V00014870,2026-01-12 15:12:47,approved,无风险,machine
AUD00006722,V00005459,2026-02-02 07:52:35,approved,无风险,machine
AUD00006723,V00003668,2026-08-02 02:31:25,approved,无风险,machine
AUD00006724,V00009312,2026-05-12 11:44:56,approved,无风险,mixed
AUD00006725,V00002442,2026-04-02 20:52:39,approved,无风险,mixed
AUD00006726,V00004403,2026-02-28 20:30:15,approved,侵权,machine
AUD00006727,V00003332,2026-08-28 11:34:06,approved,无风险,machine
AUD00006728,V00000708,2026-04-06 10:13:54,approved,无风险,machine
AUD00006729,V00010964,2026-02-04 18:58:22,approved,无风险,machine
AUD00006730,V00004092,2026-04-24 04:18:31,approved,无风险,machine
AUD00006731,V00013658,2026-01-11 08:02:44,approved,无风险,machine
AUD00006732,V00007379,2026-01-07 19:25:29,approved,无风险,human
AUD00006733,V00006063,2026-08-13 00:36:24,approved,无风险,mixed
AUD00006734,V00006594,2026-07-04 23:25:25,approved,无风险,machine
AUD00006735,V00001958,2026-07-08 09:29:31,approved,无风险,mixed
AUD00006736,V00004287,2026-04-30 04:55:28,rejected,无风险,machine
AUD00006737,V00006584,2026-07-15 21:01:49,approved,无风险,human
AUD00006738,V00001174,2026-08-23 12:26:07,approved,无风险,machine
AUD00006739,V00003766,2026-05-10 13:09:15,approved,无风险,mixed
AUD00006740,V00004008,2026-05-26 12:17:20,approved,无风险,machine
AUD00006741,V00009584,2026-04-24 04:04:07,approved,无风险,mixed
AUD00006742,V00006917,2026-02-05 00:39:18,approved,无风险,mixed
AUD00006743,V00003103,2026-04-18 13:39:32,approved,无风险,machine
AUD00006744,V00011618,2026-07-29 21:00:51,approved,无风险,machine
AUD00006745,V00008335,2026-03-04 16:11:19,rejected,无风险,machine
AUD00006746,V00000539,2026-05-07 18:21:25,approved,无风险,machine
AUD00006747,V00005578,2026-07-24 05:54:56,approved,无风险,mixed
AUD00006748,V00014252,2026-07-11 06:08:43,approved,无风险,machine
AUD00006749,V00014672,2026-05-12 00:55:49,approved,无风险,machine
AUD00006750,V00008254,2026-03-20 12:17:37,approved,无风险,mixed
AUD00006751,V00004140,2026-08-02 03:46:05,limited,无风险,mixed
AUD00006752,V00014279,2026-04-07 07:42:52,approved,无风险,human
AUD00006753,V00010595,2026-01-03 07:26:50,approved,无风险,machine
AUD00006754,V00008021,2026-06-24 03:31:45,approved,无风险,machine
AUD00006755,V00008595,2026-03-09 02:22:29,approved,低俗,machine
AUD00006756,V00005048,2026-07-16 15:12:14,approved,无风险,machine
AUD00006757,V00011337,2026-06-05 16:33:10,approved,无风险,machine
AUD00006758,V00013293,2026-06-13 13:40:48,approved,无风险,machine
AUD00006759,V00011311,2026-05-14 18:48:18,approved,无风险,machine
AUD00006760,V00010085,2026-04-06 08:38:38,approved,无风险,machine
AUD00006761,V00013150,2026-06-04 20:00:27,approved,低俗,machine
AUD00006762,V00004010,2026-08-06 07:24:47,approved,无风险,machine
AUD00006763,V00003344,2026-04-13 14:44:09,rejected,无风险,mixed
AUD00006764,V00000924,2026-05-18 05:57:58,approved,无风险,machine
AUD00006765,V00005550,2026-01-13 13:30:23,approved,无风险,machine
AUD00006766,V00013979,2026-01-12 08:47:56,approved,无风险,machine
AUD00006767,V00008227,2026-01-04 08:14:08,approved,无风险,machine
AUD00006768,V00004379,2026-06-27 12:23:13,approved,无风险,machine
AUD00006769,V00012134,2026-08-03 12:03:42,approved,无风险,machine
AUD00006770,V00004790,2026-08-29 00:32:48,approved,无风险,machine
AUD00006771,V00012843,2026-08-07 12:46:18,rejected,无风险,human
AUD00006772,V00007351,2026-07-13 18:53:08,approved,无风险,machine
AUD00006773,V00014274,2026-08-02 10:09:46,approved,无风险,machine
AUD00006774,V00008186,2026-06-20 00:19:21,approved,无风险,machine
AUD00006775,V00009144,2026-06-17 02:43:54,approved,无风险,human
AUD00006776,V00007686,2026-07-02 18:46:21,approved,侵权,human
AUD00006777,V00008641,2026-04-25 02:59:36,approved,无风险,human
AUD00006778,V00014979,2026-06-25 05:13:39,approved,无风险,machine
AUD00006779,V00001063,2026-08-06 03:28:07,approved,无风险,mixed
AUD00006780,V00000314,2026-08-28 10:49:03,approved,无风险,mixed
AUD00006781,V00013092,2026-08-16 17:27:35,limited,无风险,machine
AUD00006782,V00012448,2026-08-27 02:01:55,approved,无风险,machine
AUD00006783,V00006210,2026-08-25 03:20:04,approved,无风险,machine
AUD00006784,V00006839,2026-07-20 07:09:41,approved,无风险,machine
AUD00006785,V00003161,2026-01-01 02:35:35,approved,无风险,mixed
AUD00006786,V00003626,2026-01-30 02:01:48,approved,无风险,mixed
AUD00006787,V00010521,2026-05-16 18:02:28,approved,无风险,human
AUD00006788,V00007531,2026-06-24 10:25:40,approved,无风险,mixed
AUD00006789,V00001529,2026-02-15 04:57:07,approved,无风险,machine
AUD00006790,V00002830,2026-08-26 20:49:58,approved,无风险,machine
AUD00006791,V00010494,2026-04-25 12:54:01,approved,无风险,machine
AUD00006792,V00006653,2026-02-13 14:37:33,approved,无风险,mixed
AUD00006793,V00007725,2026-05-09 17:00:00,approved,无风险,machine
AUD00006794,V00005555,2026-06-04 13:24:36,approved,无风险,machine
AUD00006795,V00014821,2026-06-17 19:35:07,approved,无风险,machine
AUD00006796,V00007649,2026-04-20 07:37:08,approved,无风险,machine
AUD00006797,V00003621,2026-03-24 13:41:44,approved,无风险,machine
AUD00006798,V00007846,2026-06-14 20:43:44,approved,无风险,machine
AUD00006799,V00000226,2026-03-27 15:30:39,approved,无风险,mixed
AUD00006800,V00005814,2026-03-06 16:17:08,approved,无风险,mixed
AUD00006801,V00009968,2026-07-29 22:05:15,approved,无风险,machine
AUD00006802,V00013235,2026-06-15 04:13:21,approved,无风险,machine
AUD00006803,V00002183,2026-07-02 02:34:01,approved,侵权,machine
AUD00006804,V00001875,2026-03-01 00:14:36,approved,无风险,machine
AUD00006805,V00008803,2026-07-16 21:18:30,approved,无风险,machine
AUD00006806,V00002771,2026-05-14 12:52:23,approved,无风险,mixed
AUD00006807,V00012124,2026-07-15 01:16:49,limited,无风险,machine
AUD00006808,V00011897,2026-04-26 14:51:07,approved,无风险,machine
AUD00006809,V00013227,2026-06-30 00:13:52,approved,无风险,machine
AUD00006810,V00005891,2026-02-10 19:01:22,limited,无风险,machine
AUD00006811,V00010520,2026-02-03 08:26:18,approved,无风险,machine
AUD00006812,V00012135,2026-08-14 00:14:44,approved,无风险,machine
AUD00006813,V00012094,2026-07-28 21:27:47,approved,无风险,mixed
AUD00006814,V00003063,2026-08-09 22:34:26,approved,无风险,machine
AUD00006815,V00012792,2026-02-02 04:47:42,approved,无风险,machine
AUD00006816,V00009951,2026-03-07 09:38:21,approved,无风险,machine
AUD00006817,V00010822,2026-06-07 11:30:55,approved,无风险,mixed
AUD00006818,V00009355,2026-05-18 18:44:43,approved,无风险,human
AUD00006819,V00000557,2026-03-22 05:40:31,approved,无风险,mixed
AUD00006820,V00008827,2026-01-20 10:39:38,approved,无风险,machine
AUD00006821,V00005174,2026-04-06 20:10:50,approved,无风险,mixed
AUD00006822,V00006992,2026-03-31 03:47:14,approved,无风险,mixed
AUD00006823,V00008479,2026-01-02 04:04:46,approved,无风险,machine
AUD00006824,V00001781,2026-01-20 18:23:21,approved,无风险,machine
AUD00006825,V00014780,2026-08-18 19:54:58,approved,无风险,human
AUD00006826,V00007222,2026-08-19 20:20:29,approved,无风险,machine
AUD00006827,V00002957,2026-07-15 11:20:59,approved,无风险,machine
AUD00006828,V00001176,2026-07-22 11:24:52,approved,无风险,machine
AUD00006829,V00002165,2026-04-04 05:03:44,approved,无风险,machine
AUD00006830,V00000630,2026-01-19 06:42:39,approved,无风险,machine
AUD00006831,V00002955,2026-01-21 00:35:54,limited,无风险,mixed
AUD00006832,V00005196,2026-05-06 06:11:47,approved,无风险,machine
AUD00006833,V00004094,2026-08-16 11:31:36,rejected,无风险,machine
AUD00006834,V00010214,2026-05-01 14:27:23,approved,无风险,machine
AUD00006835,V00001866,2026-08-21 03:34:46,approved,低俗,machine
AUD00006836,V00008091,2026-04-27 23:07:58,approved,无风险,machine
AUD00006837,V00005140,2026-03-08 11:55:48,approved,无风险,mixed
AUD00006838,V00005737,2026-01-21 04:51:29,approved,无风险,machine
AUD00006839,V00000382,2026-08-07 04:18:43,approved,无风险,mixed
AUD00006840,V00012057,2026-02-19 03:40:23,approved,无风险,machine
AUD00006841,V00003806,2026-07-18 10:48:16,approved,无风险,machine
AUD00006842,V00002972,2026-03-13 11:46:24,approved,无风险,machine
AUD00006843,V00014119,2026-04-17 18:01:22,approved,无风险,machine
AUD00006844,V00013133,2026-06-27 14:22:13,rejected,无风险,mixed
AUD00006845,V00010271,2026-04-11 14:21:32,approved,无风险,machine
AUD00006846,V00013631,2026-05-22 08:28:54,approved,无风险,machine
AUD00006847,V00009854,2026-07-18 04:02:22,approved,无风险,machine
AUD00006848,V00000888,2026-03-23 09:57:47,approved,无风险,machine
AUD00006849,V00010914,2026-08-02 05:35:00,approved,无风险,machine
AUD00006850,V00004979,2026-08-11 06:02:31,approved,无风险,machine
AUD00006851,V00007113,2026-07-23 22:01:30,approved,无风险,machine
AUD00006852,V00002237,2026-05-28 14:36:59,approved,无风险,machine
AUD00006853,V00004674,2026-06-05 13:16:29,approved,无风险,machine
AUD00006854,V00008043,2026-02-14 00:48:56,approved,无风险,machine
AUD00006855,V00004930,2026-02-16 08:17:41,approved,无风险,machine
AUD00006856,V00005505,2026-01-11 00:27:53,approved,无风险,mixed
AUD00006857,V00000394,2026-04-11 20:47:49,approved,无风险,machine
AUD00006858,V00008502,2026-07-29 21:18:39,approved,侵权,mixed
AUD00006859,V00000418,2026-02-15 19:59:28,approved,无风险,machine
AUD00006860,V00009122,2026-01-07 20:47:30,limited,无风险,machine
AUD00006861,V00013592,2026-05-29 19:09:25,approved,无风险,machine
AUD00006862,V00003247,2026-06-05 09:49:28,approved,无风险,machine
AUD00006863,V00013728,2026-07-07 10:13:08,approved,无风险,machine
AUD00006864,V00012741,2026-02-01 20:08:45,approved,无风险,mixed
AUD00006865,V00005686,2026-04-26 05:09:46,approved,无风险,machine
AUD00006866,V00004788,2026-04-23 05:32:59,approved,无风险,machine
AUD00006867,V00013699,2026-08-04 07:28:16,approved,无风险,machine
AUD00006868,V00002188,2026-03-16 00:26:54,approved,无风险,machine
AUD00006869,V00007669,2026-08-18 06:55:48,approved,无风险,machine
AUD00006870,V00001940,2026-07-07 19:45:53,approved,无风险,machine
AUD00006871,V00001979,2026-04-01 20:32:14,approved,无风险,machine
AUD00006872,V00001774,2026-04-08 22:23:23,approved,无风险,machine
AUD00006873,V00003643,2026-01-19 15:37:46,approved,无风险,machine
AUD00006874,V00006177,2026-05-07 23:18:20,approved,无风险,machine
AUD00006875,V00012857,2026-05-03 04:54:50,approved,无风险,machine
AUD00006876,V00008720,2026-02-09 20:05:02,approved,无风险,machine
AUD00006877,V00001362,2026-06-24 21:06:26,approved,无风险,machine
AUD00006878,V00013566,2026-05-18 20:35:45,approved,无风险,machine
AUD00006879,V00004496,2026-08-27 02:57:44,approved,无风险,machine
AUD00006880,V00002637,2026-03-15 10:02:25,approved,无风险,mixed
AUD00006881,V00004351,2026-03-04 03:41:57,approved,无风险,machine
AUD00006882,V00004818,2026-03-31 15:00:33,approved,无风险,machine
AUD00006883,V00011574,2026-06-25 03:09:20,approved,无风险,machine
AUD00006884,V00003549,2026-03-26 21:18:59,approved,无风险,human
AUD00006885,V00008465,2026-03-04 17:23:15,approved,无风险,mixed
AUD00006886,V00005246,2026-02-11 18:06:14,approved,无风险,machine
AUD00006887,V00011458,2026-01-29 03:37:33,approved,无风险,machine
AUD00006888,V00006433,2026-03-22 01:50:22,approved,无风险,machine
AUD00006889,V00005101,2026-06-29 04:09:54,approved,无风险,machine
AUD00006890,V00013690,2026-05-31 14:28:05,rejected,无风险,machine
AUD00006891,V00009505,2026-04-01 01:09:08,approved,无风险,mixed
AUD00006892,V00010277,2026-03-10 20:10:18,approved,无风险,machine
AUD00006893,V00001213,2026-08-26 12:27:59,approved,无风险,machine
AUD00006894,V00001718,2026-06-13 02:07:24,approved,无风险,machine
AUD00006895,V00008434,2026-07-27 12:34:23,limited,无风险,machine
AUD00006896,V00003521,2026-02-02 13:26:02,approved,无风险,mixed
AUD00006897,V00008681,2026-04-04 22:54:52,approved,无风险,machine
AUD00006898,V00005654,2026-08-24 20:51:50,approved,无风险,machine
AUD00006899,V00010666,2026-07-06 17:21:45,approved,无风险,mixed
AUD00006900,V00014389,2026-08-22 05:32:56,approved,无风险,machine
AUD00006901,V00008024,2026-03-14 16:52:15,approved,无风险,machine
AUD00006902,V00002266,2026-07-03 23:10:47,rejected,无风险,machine
AUD00006903,V00004163,2026-08-12 03:34:28,approved,无风险,mixed
AUD00006904,V00011145,2026-03-12 07:43:40,approved,无风险,mixed
AUD00006905,V00007699,2026-05-25 16:23:21,approved,无风险,machine
AUD00006906,V00005625,2026-08-15 07:16:28,approved,无风险,mixed
AUD00006907,V00002605,2026-07-11 09:19:29,approved,无风险,human
AUD00006908,V00011502,2026-05-02 10:05:20,approved,无风险,machine
AUD00006909,V00000692,2026-07-08 19:53:27,rejected,无风险,human
AUD00006910,V00000591,2026-05-22 13:41:19,approved,无风险,machine
AUD00006911,V00002634,2026-02-09 10:51:19,approved,无风险,mixed
AUD00006912,V00012753,2026-04-02 17:32:06,approved,无风险,machine
AUD00006913,V00009993,2026-07-20 17:32:18,approved,无风险,machine
AUD00006914,V00010559,2026-06-09 16:50:28,limited,无风险,mixed
AUD00006915,V00007040,2026-06-19 07:36:53,approved,无风险,machine
AUD00006916,V00006710,2026-05-11 08:43:02,approved,无风险,machine
AUD00006917,V00011114,2026-04-24 19:47:44,approved,无风险,machine
AUD00006918,V00013502,2026-05-27 02:47:18,limited,无风险,machine
AUD00006919,V00005576,2026-02-02 02:10:06,approved,无风险,machine
AUD00006920,V00001345,2026-07-28 07:01:21,approved,无风险,machine
AUD00006921,V00008919,2026-06-29 01:24:31,approved,无风险,machine
AUD00006922,V00014617,2026-08-11 05:45:21,approved,无风险,human
AUD00006923,V00014047,2026-02-17 05:25:53,approved,无风险,mixed
AUD00006924,V00009843,2026-07-05 17:25:26,approved,无风险,mixed
AUD00006925,V00002376,2026-01-04 03:14:15,approved,无风险,machine
AUD00006926,V00004653,2026-08-15 06:13:58,approved,无风险,machine
AUD00006927,V00000645,2026-08-05 13:17:41,approved,无风险,human
AUD00006928,V00007728,2026-08-01 13:31:44,approved,无风险,machine
AUD00006929,V00000374,2026-06-01 20:58:50,approved,无风险,machine
AUD00006930,V00009616,2026-06-26 11:49:08,approved,无风险,machine
AUD00006931,V00012515,2026-07-24 12:49:49,approved,虚假信息,machine
AUD00006932,V00005175,2026-07-31 02:34:25,approved,无风险,human
AUD00006933,V00014182,2026-05-14 13:27:47,approved,无风险,machine
AUD00006934,V00006720,2026-04-03 12:52:30,approved,无风险,mixed
AUD00006935,V00009192,2026-04-16 10:39:38,approved,无风险,machine
AUD00006936,V00012845,2026-05-13 06:02:55,approved,无风险,mixed
AUD00006937,V00003533,2026-05-26 15:47:47,approved,无风险,machine
AUD00006938,V00013234,2026-07-22 22:04:32,limited,无风险,machine
AUD00006939,V00006014,2026-07-16 17:59:07,approved,无风险,machine
AUD00006940,V00012805,2026-06-05 06:45:37,approved,无风险,machine
AUD00006941,V00003783,2026-08-15 17:44:43,approved,无风险,machine
AUD00006942,V00001355,2026-06-02 08:31:13,rejected,无风险,machine
AUD00006943,V00004560,2026-04-05 08:30:05,approved,虚假信息,machine
AUD00006944,V00000114,2026-06-03 08:45:28,approved,无风险,machine
AUD00006945,V00007335,2026-05-30 15:24:41,approved,无风险,mixed
AUD00006946,V00007970,2026-08-22 16:58:13,approved,无风险,machine
AUD00006947,V00006512,2026-01-05 13:31:43,approved,无风险,machine
AUD00006948,V00001778,2026-01-04 09:05:06,approved,无风险,machine
AUD00006949,V00011116,2026-06-08 01:28:54,approved,无风险,machine
AUD00006950,V00014423,2026-07-06 15:27:45,approved,无风险,mixed
AUD00006951,V00012844,2026-04-23 01:57:45,approved,无风险,machine
AUD00006952,V00004862,2026-04-22 23:25:22,approved,无风险,machine
AUD00006953,V00014667,2026-01-23 10:19:37,approved,无风险,human
AUD00006954,V00007218,2026-01-26 14:58:15,approved,无风险,mixed
AUD00006955,V00006443,2026-07-08 10:07:08,approved,无风险,machine
AUD00006956,V00007677,2026-02-07 08:01:58,approved,无风险,machine
AUD00006957,V00009385,2026-05-02 19:18:56,approved,无风险,machine
AUD00006958,V00008510,2026-01-20 01:08:38,approved,无风险,machine
AUD00006959,V00008032,2026-05-17 11:03:35,approved,无风险,machine
AUD00006960,V00007632,2026-08-26 17:20:00,approved,无风险,machine
AUD00006961,V00007262,2026-01-20 18:29:48,approved,无风险,machine
AUD00006962,V00009170,2026-07-23 09:52:38,rejected,无风险,mixed
AUD00006963,V00012583,2026-06-25 17:58:43,approved,无风险,machine
AUD00006964,V00006316,2026-08-28 07:36:48,approved,无风险,machine
AUD00006965,V00005696,2026-05-23 06:54:13,approved,无风险,machine
AUD00006966,V00014354,2026-05-13 02:02:26,approved,无风险,machine
AUD00006967,V00007375,2026-08-03 11:19:15,limited,无风险,machine
AUD00006968,V00008156,2026-02-21 10:41:11,approved,无风险,machine
AUD00006969,V00007231,2026-07-21 19:19:36,limited,无风险,machine
AUD00006970,V00003106,2026-08-27 17:28:08,approved,无风险,machine
AUD00006971,V00013315,2026-06-24 22:44:56,approved,低俗,mixed
AUD00006972,V00012919,2026-01-26 18:35:12,approved,无风险,mixed
AUD00006973,V00011543,2026-04-28 10:15:37,approved,无风险,mixed
AUD00006974,V00011005,2026-06-17 01:30:44,approved,低俗,mixed
AUD00006975,V00000033,2026-05-05 17:31:53,approved,无风险,machine
AUD00006976,V00009129,2026-05-26 14:18:12,approved,无风险,machine
AUD00006977,V00010244,2026-07-22 03:55:31,approved,无风险,machine
AUD00006978,V00004321,2026-04-20 22:25:32,approved,无风险,machine
AUD00006979,V00013090,2026-08-16 14:34:49,approved,无风险,machine
AUD00006980,V00000792,2026-06-25 07:00:53,approved,无风险,machine
AUD00006981,V00006159,2026-07-07 01:30:43,approved,无风险,machine
AUD00006982,V00014555,2026-07-09 03:47:30,approved,无风险,machine
AUD00006983,V00000362,2026-04-16 04:04:30,approved,无风险,mixed
AUD00006984,V00004527,2026-07-27 14:45:56,approved,无风险,human
AUD00006985,V00007837,2026-03-07 08:33:45,approved,无风险,machine
AUD00006986,V00013451,2026-03-13 15:56:00,approved,无风险,machine
AUD00006987,V00009499,2026-07-27 16:39:54,approved,无风险,machine
AUD00006988,V00006581,2026-05-20 01:55:11,approved,无风险,human
AUD00006989,V00002404,2026-03-23 19:03:53,approved,无风险,machine
AUD00006990,V00009158,2026-08-07 18:01:02,approved,无风险,mixed
AUD00006991,V00013010,2026-07-13 18:58:42,approved,无风险,mixed
AUD00006992,V00014175,2026-08-24 17:34:32,approved,无风险,mixed
AUD00006993,V00002297,2026-05-22 05:11:48,limited,侵权,mixed
AUD00006994,V00014108,2026-02-04 12:39:51,approved,无风险,machine
AUD00006995,V00009949,2026-05-09 20:14:29,approved,无风险,machine
AUD00006996,V00006663,2026-07-19 16:25:10,approved,无风险,human
AUD00006997,V00013744,2026-08-23 09:44:40,approved,无风险,machine
AUD00006998,V00000802,2026-08-24 05:26:58,approved,无风险,mixed
AUD00006999,V00006933,2026-08-13 13:19:33,approved,无风险,machine
AUD00007000,V00001193,2026-05-24 21:50:52,approved,无风险,machine
AUD00007001,V00012630,2026-08-17 06:35:31,approved,无风险,human
AUD00007002,V00006655,2026-06-10 13:12:18,approved,侵权,machine
AUD00007003,V00011505,2026-07-12 12:59:42,limited,无风险,machine
AUD00007004,V00001931,2026-07-19 05:17:12,approved,无风险,machine
AUD00007005,V00004420,2026-07-25 15:37:03,approved,无风险,mixed
AUD00007006,V00009578,2026-03-29 03:34:06,approved,无风险,machine
AUD00007007,V00002562,2026-08-09 13:47:21,approved,无风险,mixed
AUD00007008,V00005441,2026-04-27 12:06:49,approved,无风险,machine
AUD00007009,V00001391,2026-01-30 16:46:23,approved,无风险,machine
AUD00007010,V00007543,2026-06-09 21:58:33,approved,侵权,machine
AUD00007011,V00011141,2026-07-01 09:03:38,approved,无风险,machine
AUD00007012,V00006423,2026-03-03 08:32:56,approved,无风险,mixed
AUD00007013,V00003524,2026-04-21 12:41:13,approved,无风险,machine
AUD00007014,V00014538,2026-07-07 00:24:38,approved,无风险,machine
AUD00007015,V00010676,2026-07-19 13:04:13,approved,无风险,mixed
AUD00007016,V00005100,2026-04-30 11:09:05,approved,无风险,mixed
AUD00007017,V00014549,2026-01-12 03:21:47,approved,无风险,machine
AUD00007018,V00014361,2026-06-09 20:54:35,approved,无风险,machine
AUD00007019,V00002460,2026-07-09 13:31:40,approved,无风险,machine
AUD00007020,V00012367,2026-05-02 18:05:23,approved,无风险,machine
AUD00007021,V00007371,2026-04-22 00:02:41,approved,无风险,mixed
AUD00007022,V00013845,2026-07-01 19:45:39,approved,无风险,machine
AUD00007023,V00008321,2026-01-25 15:12:50,approved,无风险,machine
AUD00007024,V00008285,2026-08-19 17:08:57,approved,无风险,mixed
AUD00007025,V00011196,2026-08-26 12:51:13,approved,无风险,machine
AUD00007026,V00007506,2026-05-01 22:19:10,approved,无风险,machine
AUD00007027,V00005704,2026-02-17 14:41:03,limited,无风险,mixed
AUD00007028,V00009034,2026-08-08 07:09:19,approved,无风险,machine
AUD00007029,V00006084,2026-01-14 02:08:36,approved,无风险,mixed
AUD00007030,V00001296,2026-06-01 06:49:56,approved,无风险,machine
AUD00007031,V00007719,2026-06-04 14:29:34,approved,无风险,mixed
AUD00007032,V00007562,2026-07-29 07:55:14,approved,无风险,mixed
AUD00007033,V00010723,2026-05-24 03:13:34,approved,无风险,machine
AUD00007034,V00007115,2026-07-02 02:36:57,approved,侵权,machine
AUD00007035,V00014336,2026-06-05 06:17:17,approved,无风险,human
AUD00007036,V00002295,2026-03-03 15:24:29,approved,无风险,machine
AUD00007037,V00002829,2026-04-16 06:51:52,approved,无风险,human
AUD00007038,V00004079,2026-07-22 11:02:53,approved,无风险,machine
AUD00007039,V00000254,2026-04-21 21:22:03,approved,无风险,machine
AUD00007040,V00008754,2026-06-14 14:11:12,approved,无风险,machine
AUD00007041,V00003152,2026-02-25 06:13:36,approved,无风险,mixed
AUD00007042,V00008596,2026-04-25 21:22:00,approved,无风险,mixed
AUD00007043,V00005673,2026-05-22 08:44:03,approved,无风险,machine
AUD00007044,V00004534,2026-06-26 16:11:17,approved,无风险,machine
AUD00007045,V00013197,2026-08-10 13:44:18,approved,无风险,machine
AUD00007046,V00002874,2026-01-01 15:37:41,approved,无风险,machine
AUD00007047,V00003071,2026-07-30 05:26:25,approved,无风险,machine
AUD00007048,V00006487,2026-07-19 05:14:52,approved,无风险,mixed
AUD00007049,V00003671,2026-06-27 02:34:45,approved,无风险,machine
AUD00007050,V00001738,2026-08-18 08:17:34,approved,无风险,mixed
AUD00007051,V00008440,2026-07-04 14:48:19,approved,无风险,mixed
AUD00007052,V00001249,2026-07-21 04:52:58,approved,无风险,mixed
AUD00007053,V00005019,2026-04-26 22:28:50,approved,无风险,machine
AUD00007054,V00005952,2026-05-25 01:53:37,approved,无风险,mixed
AUD00007055,V00000587,2026-04-06 09:50:31,approved,无风险,mixed
AUD00007056,V00013729,2026-06-02 14:32:26,approved,无风险,machine
AUD00007057,V00007244,2026-06-20 22:09:52,approved,无风险,machine
AUD00007058,V00006278,2026-02-07 15:26:27,approved,无风险,machine
AUD00007059,V00013720,2026-05-11 14:22:07,approved,虚假信息,machine
AUD00007060,V00010375,2026-04-13 12:00:06,approved,无风险,machine
AUD00007061,V00006170,2026-07-27 04:40:45,approved,无风险,machine
AUD00007062,V00009298,2026-08-18 00:27:16,approved,无风险,machine
AUD00007063,V00003288,2026-02-14 21:50:01,approved,无风险,machine
AUD00007064,V00001220,2026-08-10 15:30:41,approved,无风险,human
AUD00007065,V00010828,2026-02-14 18:27:57,approved,无风险,machine
AUD00007066,V00003691,2026-07-01 23:41:02,approved,无风险,human
AUD00007067,V00000892,2026-07-21 14:12:41,approved,无风险,machine
AUD00007068,V00000651,2026-07-10 23:52:15,approved,无风险,machine
AUD00007069,V00004829,2026-06-18 03:09:19,rejected,无风险,machine
AUD00007070,V00008842,2026-01-01 21:19:36,approved,无风险,machine
AUD00007071,V00008938,2026-04-05 21:27:16,approved,无风险,machine
AUD00007072,V00002723,2026-07-07 01:18:32,approved,无风险,machine
AUD00007073,V00012574,2026-04-19 14:31:29,approved,无风险,machine
AUD00007074,V00010791,2026-08-23 01:53:58,approved,无风险,machine
AUD00007075,V00013246,2026-08-28 18:04:03,approved,无风险,machine
AUD00007076,V00009787,2026-01-26 11:49:38,approved,无风险,machine
AUD00007077,V00006343,2026-08-01 18:34:28,approved,无风险,machine
AUD00007078,V00011286,2026-08-25 00:32:53,approved,无风险,mixed
AUD00007079,V00001722,2026-07-23 10:42:10,approved,无风险,mixed
AUD00007080,V00002336,2026-07-23 02:19:21,approved,无风险,mixed
AUD00007081,V00009123,2026-08-01 14:49:59,rejected,无风险,machine
AUD00007082,V00013965,2026-03-17 08:19:16,rejected,无风险,human
AUD00007083,V00010535,2026-07-09 05:13:31,approved,无风险,machine
AUD00007084,V00006572,2026-05-17 03:53:40,approved,无风险,human
AUD00007085,V00008894,2026-03-31 01:11:03,approved,无风险,human
AUD00007086,V00003731,2026-04-24 08:37:13,rejected,无风险,machine
AUD00007087,V00004138,2026-07-26 01:26:37,approved,无风险,machine
AUD00007088,V00012027,2026-06-21 06:43:52,approved,无风险,human
AUD00007089,V00001973,2026-07-22 02:06:06,approved,无风险,machine
AUD00007090,V00000518,2026-08-28 13:36:55,limited,无风险,machine
AUD00007091,V00008512,2026-04-18 06:58:28,approved,无风险,machine
AUD00007092,V00000946,2026-06-04 10:17:51,approved,无风险,machine
AUD00007093,V00002010,2026-07-19 03:08:56,approved,无风险,machine
AUD00007094,V00011941,2026-03-22 14:24:00,approved,无风险,machine
AUD00007095,V00007025,2026-05-27 10:13:14,rejected,无风险,machine
AUD00007096,V00007666,2026-04-01 15:14:32,approved,侵权,machine
AUD00007097,V00002357,2026-08-13 19:25:49,approved,无风险,machine
AUD00007098,V00001207,2026-08-17 13:44:18,approved,无风险,machine
AUD00007099,V00005281,2026-08-22 00:27:58,approved,无风险,machine
AUD00007100,V00014105,2026-07-29 08:07:40,approved,无风险,machine
AUD00007101,V00005740,2026-03-25 20:27:18,approved,无风险,mixed
AUD00007102,V00004843,2026-05-29 21:07:47,approved,无风险,machine
AUD00007103,V00003792,2026-06-25 03:10:42,approved,无风险,machine
AUD00007104,V00010016,2026-08-15 20:50:12,approved,无风险,machine
AUD00007105,V00002809,2026-04-06 20:49:00,approved,无风险,machine
AUD00007106,V00000644,2026-02-02 08:16:45,approved,无风险,machine
AUD00007107,V00008970,2026-07-22 22:03:53,approved,无风险,mixed
AUD00007108,V00012559,2026-03-09 13:43:08,approved,无风险,machine
AUD00007109,V00004616,2026-04-21 07:06:25,approved,无风险,machine
AUD00007110,V00003511,2026-04-29 19:20:36,approved,无风险,mixed
AUD00007111,V00006873,2026-07-03 10:44:04,approved,无风险,machine
AUD00007112,V00000704,2026-04-02 11:20:51,approved,无风险,machine
AUD00007113,V00005674,2026-08-27 00:43:12,approved,无风险,machine
AUD00007114,V00000296,2026-01-14 01:51:13,approved,无风险,mixed
AUD00007115,V00001465,2026-03-17 01:22:10,approved,无风险,machine
AUD00007116,V00007537,2026-01-07 03:25:14,approved,无风险,machine
AUD00007117,V00012353,2026-07-21 19:39:52,approved,无风险,machine
AUD00007118,V00008275,2026-04-15 07:28:26,approved,无风险,machine
AUD00007119,V00013737,2026-05-01 22:25:13,approved,无风险,machine
AUD00007120,V00004332,2026-04-06 08:36:59,approved,虚假信息,mixed
AUD00007121,V00009777,2026-08-06 02:18:42,approved,无风险,mixed
AUD00007122,V00007084,2026-05-08 16:28:53,approved,无风险,human
AUD00007123,V00009101,2026-07-06 12:08:03,approved,无风险,machine
AUD00007124,V00009828,2026-01-21 10:24:15,approved,无风险,mixed
AUD00007125,V00005895,2026-05-28 07:57:07,approved,无风险,mixed
AUD00007126,V00001302,2026-08-02 13:15:00,approved,无风险,machine
AUD00007127,V00014899,2026-05-02 14:02:31,approved,无风险,machine
AUD00007128,V00005149,2026-07-21 12:45:52,approved,无风险,mixed
AUD00007129,V00002473,2026-04-03 13:59:01,approved,无风险,machine
AUD00007130,V00004781,2026-07-10 03:17:47,approved,无风险,machine
AUD00007131,V00002620,2026-04-17 07:42:12,approved,无风险,machine
AUD00007132,V00008005,2026-02-05 03:55:40,rejected,无风险,machine
AUD00007133,V00002835,2026-04-23 15:46:14,approved,无风险,mixed
AUD00007134,V00014844,2026-06-14 05:25:24,approved,无风险,machine
AUD00007135,V00007867,2026-08-12 21:58:10,approved,无风险,mixed
AUD00007136,V00001830,2026-05-21 20:42:23,approved,低俗,machine
AUD00007137,V00001746,2026-07-21 23:42:22,approved,无风险,machine
AUD00007138,V00003589,2026-08-13 19:34:16,approved,无风险,machine
AUD00007139,V00012811,2026-01-25 04:18:36,approved,侵权,mixed
AUD00007140,V00014478,2026-04-25 15:06:34,approved,无风险,machine
AUD00007141,V00000868,2026-05-06 05:24:30,approved,无风险,machine
AUD00007142,V00000352,2026-07-05 12:23:17,approved,无风险,machine
AUD00007143,V00009636,2026-05-01 21:42:11,approved,无风险,mixed
AUD00007144,V00005628,2026-01-16 02:08:23,approved,无风险,human
AUD00007145,V00002364,2026-05-27 08:15:05,approved,无风险,machine
AUD00007146,V00011181,2026-01-24 12:46:43,approved,无风险,machine
AUD00007147,V00007646,2026-06-26 05:27:37,approved,无风险,machine
AUD00007148,V00012096,2026-02-09 12:48:52,approved,无风险,machine
AUD00007149,V00003234,2026-05-08 01:31:27,approved,无风险,machine
AUD00007150,V00009721,2026-02-14 05:11:19,approved,侵权,machine
AUD00007151,V00010456,2026-02-23 01:20:28,approved,无风险,machine
AUD00007152,V00008411,2026-07-28 00:05:39,approved,无风险,machine
AUD00007153,V00004282,2026-03-15 02:10:38,approved,无风险,machine
AUD00007154,V00008770,2026-07-20 13:09:47,approved,无风险,machine
AUD00007155,V00011133,2026-04-21 13:37:52,approved,无风险,machine
AUD00007156,V00010352,2026-06-09 17:58:43,approved,无风险,mixed
AUD00007157,V00014910,2026-06-28 10:11:48,approved,无风险,machine
AUD00007158,V00014796,2026-05-19 21:49:22,approved,无风险,machine
AUD00007159,V00012317,2026-07-18 17:42:23,approved,无风险,machine
AUD00007160,V00013178,2026-08-10 10:26:44,approved,无风险,machine
AUD00007161,V00012721,2026-08-10 15:47:30,approved,无风险,human
AUD00007162,V00009743,2026-07-07 04:17:45,approved,无风险,machine
AUD00007163,V00003160,2026-02-17 08:06:33,approved,无风险,machine
AUD00007164,V00010309,2026-07-20 04:03:39,approved,无风险,machine
AUD00007165,V00007150,2026-04-18 15:44:54,approved,低俗,mixed
AUD00007166,V00010030,2026-01-31 17:09:21,approved,无风险,machine
AUD00007167,V00000468,2026-04-01 08:39:35,rejected,无风险,human
AUD00007168,V00005500,2026-08-09 02:20:12,limited,无风险,machine
AUD00007169,V00007821,2026-03-17 16:03:40,approved,无风险,machine
AUD00007170,V00012033,2026-06-17 21:25:02,approved,无风险,machine
AUD00007171,V00000089,2026-07-30 18:30:15,limited,无风险,human
AUD00007172,V00012642,2026-02-21 04:21:13,approved,无风险,mixed
AUD00007173,V00011900,2026-03-09 15:14:27,approved,无风险,machine
AUD00007174,V00004848,2026-01-01 05:01:20,approved,无风险,machine
AUD00007175,V00005661,2026-08-15 09:14:44,approved,无风险,machine
AUD00007176,V00009977,2026-07-29 18:33:14,approved,无风险,machine
AUD00007177,V00003528,2026-08-27 09:16:47,approved,无风险,machine
AUD00007178,V00014124,2026-01-29 01:05:05,approved,无风险,human
AUD00007179,V00001419,2026-08-16 15:39:05,approved,无风险,machine
AUD00007180,V00011511,2026-08-24 20:14:38,approved,无风险,mixed
AUD00007181,V00012052,2026-02-22 07:16:00,approved,无风险,machine
AUD00007182,V00010854,2026-01-22 21:42:07,approved,无风险,machine
AUD00007183,V00000150,2026-04-06 21:48:12,approved,低俗,machine
AUD00007184,V00007784,2026-02-19 14:54:26,approved,无风险,machine
AUD00007185,V00003681,2026-05-05 16:15:05,approved,无风险,machine
AUD00007186,V00007250,2026-08-22 04:59:05,approved,无风险,machine
AUD00007187,V00007426,2026-03-12 20:04:22,approved,无风险,machine
AUD00007188,V00004863,2026-08-27 21:47:51,limited,无风险,mixed
AUD00007189,V00011077,2026-07-23 15:24:25,approved,无风险,machine
AUD00007190,V00013944,2026-05-11 11:30:00,approved,无风险,machine
AUD00007191,V00013618,2026-05-17 08:48:13,approved,无风险,machine
AUD00007192,V00012551,2026-07-17 00:18:10,limited,无风险,machine
AUD00007193,V00011268,2026-06-21 15:05:01,approved,无风险,machine
AUD00007194,V00004569,2026-03-01 08:54:53,approved,低俗,machine
AUD00007195,V00002678,2026-07-26 01:39:26,approved,无风险,machine
AUD00007196,V00010928,2026-05-19 12:28:42,approved,无风险,machine
AUD00007197,V00010152,2026-06-17 05:29:21,approved,无风险,machine
AUD00007198,V00001843,2026-01-13 04:25:21,approved,无风险,human
AUD00007199,V00008323,2026-08-12 06:14:30,approved,无风险,machine
AUD00007200,V00011652,2026-07-15 09:30:03,approved,无风险,machine
AUD00007201,V00004455,2026-08-06 17:22:05,approved,无风险,machine
AUD00007202,V00005496,2026-07-12 02:45:02,approved,无风险,mixed
AUD00007203,V00006903,2026-08-03 03:06:00,approved,无风险,machine
AUD00007204,V00012174,2026-02-24 05:12:15,limited,无风险,machine
AUD00007205,V00010534,2026-05-08 06:27:50,approved,无风险,machine
AUD00007206,V00001657,2026-06-13 00:13:53,approved,无风险,machine
AUD00007207,V00014150,2026-05-24 10:54:25,approved,无风险,machine
AUD00007208,V00010419,2026-05-04 10:07:49,approved,无风险,machine
AUD00007209,V00004686,2026-07-30 05:33:36,approved,无风险,machine
AUD00007210,V00002286,2026-05-05 22:44:45,approved,无风险,machine
AUD00007211,V00009352,2026-05-14 01:31:02,approved,无风险,machine
AUD00007212,V00006838,2026-04-14 16:41:39,rejected,无风险,machine
AUD00007213,V00004254,2026-07-05 02:47:44,approved,无风险,machine
AUD00007214,V00005738,2026-07-17 22:38:49,approved,无风险,machine
AUD00007215,V00006328,2026-08-16 14:40:36,approved,无风险,machine
AUD00007216,V00011029,2026-01-27 07:43:34,approved,无风险,machine
AUD00007217,V00002293,2026-08-06 04:12:35,approved,无风险,machine
AUD00007218,V00000015,2026-04-09 00:58:04,approved,无风险,machine
AUD00007219,V00007164,2026-08-28 14:51:15,approved,无风险,mixed
AUD00007220,V00004694,2026-08-03 22:38:18,approved,侵权,machine
AUD00007221,V00005325,2026-08-18 12:36:39,approved,无风险,machine
AUD00007222,V00005590,2026-05-31 06:46:04,approved,无风险,machine
AUD00007223,V00006800,2026-08-27 06:31:53,approved,无风险,machine
AUD00007224,V00009220,2026-06-24 22:22:06,approved,无风险,machine
AUD00007225,V00002593,2026-07-29 11:27:55,approved,无风险,machine
AUD00007226,V00002579,2026-08-21 05:10:09,approved,无风险,machine
AUD00007227,V00011999,2026-03-24 07:18:24,approved,无风险,machine
AUD00007228,V00010294,2026-06-04 08:19:46,approved,无风险,mixed
AUD00007229,V00000036,2026-07-25 18:27:18,approved,无风险,mixed
AUD00007230,V00011537,2026-06-10 16:07:51,approved,无风险,machine
AUD00007231,V00011063,2026-05-05 15:58:35,approved,无风险,machine
AUD00007232,V00008289,2026-05-16 22:39:00,approved,无风险,machine
AUD00007233,V00005344,2026-04-30 17:32:39,approved,无风险,machine
AUD00007234,V00000683,2026-05-02 17:26:23,approved,无风险,machine
AUD00007235,V00006462,2026-03-09 22:27:44,approved,无风险,mixed
AUD00007236,V00010734,2026-02-27 19:34:09,approved,无风险,mixed
AUD00007237,V00002110,2026-03-24 14:53:46,rejected,无风险,mixed
AUD00007238,V00005060,2026-04-11 23:08:46,approved,无风险,machine
AUD00007239,V00011125,2026-06-07 21:17:04,approved,无风险,machine
AUD00007240,V00008789,2026-02-18 04:04:22,approved,无风险,mixed
AUD00007241,V00006094,2026-05-31 23:17:52,approved,无风险,machine
AUD00007242,V00001803,2026-04-08 20:01:38,approved,无风险,machine
AUD00007243,V00002875,2026-03-09 20:43:15,approved,无风险,machine
AUD00007244,V00005390,2026-05-25 22:56:22,approved,无风险,human
AUD00007245,V00000565,2026-05-11 04:35:06,approved,无风险,machine
AUD00007246,V00002135,2026-07-01 13:28:04,approved,无风险,machine
AUD00007247,V00012686,2026-03-01 18:10:53,approved,无风险,mixed
AUD00007248,V00011967,2026-03-23 06:47:40,approved,无风险,machine
AUD00007249,V00008808,2026-08-25 16:06:15,approved,无风险,mixed
AUD00007250,V00005861,2026-06-18 08:26:54,approved,无风险,machine
AUD00007251,V00006112,2026-06-28 19:16:19,approved,无风险,machine
AUD00007252,V00014755,2026-03-25 10:55:18,approved,无风险,machine
AUD00007253,V00001142,2026-08-03 08:54:56,approved,无风险,machine
AUD00007254,V00003239,2026-04-30 10:24:57,approved,无风险,mixed
AUD00007255,V00007122,2026-03-12 21:02:34,approved,无风险,mixed
AUD00007256,V00013314,2026-01-18 21:53:15,approved,无风险,machine
AUD00007257,V00010392,2026-07-20 23:34:41,approved,虚假信息,mixed
AUD00007258,V00010412,2026-07-17 19:01:54,approved,无风险,machine
AUD00007259,V00008193,2026-04-28 01:18:08,approved,无风险,machine
AUD00007260,V00003531,2026-05-10 22:11:41,approved,无风险,machine
AUD00007261,V00007563,2026-02-15 11:55:42,approved,无风险,mixed
AUD00007262,V00011028,2026-08-27 20:18:09,approved,无风险,machine
AUD00007263,V00013171,2026-04-18 10:58:11,approved,无风险,human
AUD00007264,V00000408,2026-03-01 16:37:45,approved,无风险,machine
AUD00007265,V00006522,2026-08-06 03:32:11,approved,无风险,mixed
AUD00007266,V00012271,2026-08-16 16:45:04,approved,无风险,mixed
AUD00007267,V00006305,2026-04-18 06:38:43,approved,无风险,machine
AUD00007268,V00010529,2026-05-01 04:21:00,approved,无风险,machine
AUD00007269,V00010544,2026-03-07 22:35:01,approved,无风险,machine
AUD00007270,V00002722,2026-07-29 22:59:36,approved,无风险,machine
AUD00007271,V00013673,2026-08-18 19:14:04,approved,无风险,mixed
AUD00007272,V00006409,2026-08-05 08:07:46,approved,无风险,machine
AUD00007273,V00014236,2026-06-13 04:35:35,approved,无风险,mixed
AUD00007274,V00011753,2026-01-15 01:57:48,approved,无风险,machine
AUD00007275,V00007373,2026-07-25 16:52:51,approved,无风险,machine
AUD00007276,V00007859,2026-08-12 09:16:09,approved,虚假信息,machine
AUD00007277,V00005170,2026-06-21 06:09:35,approved,无风险,machine
AUD00007278,V00013600,2026-07-24 11:18:23,approved,无风险,machine
AUD00007279,V00001996,2026-06-01 22:44:26,approved,无风险,mixed
AUD00007280,V00000380,2026-01-28 09:21:47,approved,无风险,machine
AUD00007281,V00008978,2026-07-29 02:54:35,approved,无风险,mixed
AUD00007282,V00005759,2026-08-22 07:00:43,approved,无风险,machine
AUD00007283,V00011083,2026-02-11 06:57:47,limited,无风险,machine
AUD00007284,V00009268,2026-07-16 09:47:50,approved,无风险,machine
AUD00007285,V00002967,2026-01-09 08:42:18,approved,无风险,machine
AUD00007286,V00001731,2026-05-10 09:38:15,approved,无风险,mixed
AUD00007287,V00007957,2026-08-27 05:40:16,approved,无风险,machine
AUD00007288,V00013977,2026-04-02 12:26:46,approved,无风险,machine
AUD00007289,V00013492,2026-07-28 15:58:54,approved,无风险,mixed
AUD00007290,V00013382,2026-06-28 19:00:29,approved,无风险,mixed
AUD00007291,V00005812,2026-06-11 00:06:28,approved,无风险,machine
AUD00007292,V00013032,2026-03-20 16:40:57,approved,无风险,machine
AUD00007293,V00010547,2026-04-10 20:46:51,approved,无风险,machine
AUD00007294,V00011776,2026-05-24 01:12:34,approved,无风险,machine
AUD00007295,V00007583,2026-03-20 02:15:08,approved,无风险,mixed
AUD00007296,V00014180,2026-06-05 19:35:26,approved,无风险,machine
AUD00007297,V00014437,2026-07-11 11:53:46,approved,侵权,mixed
AUD00007298,V00011076,2026-06-07 07:56:13,approved,无风险,mixed
AUD00007299,V00014087,2026-02-08 10:07:49,approved,无风险,machine
AUD00007300,V00010404,2026-01-15 01:38:28,approved,无风险,mixed
AUD00007301,V00006104,2026-06-30 00:46:20,approved,无风险,mixed
AUD00007302,V00013351,2026-01-05 17:38:45,approved,无风险,machine
AUD00007303,V00008597,2026-07-28 21:41:13,approved,无风险,machine
AUD00007304,V00003997,2026-08-18 08:40:30,approved,无风险,machine
AUD00007305,V00013225,2026-02-01 08:28:02,approved,无风险,human
AUD00007306,V00010981,2026-06-15 23:15:55,approved,低俗,machine
AUD00007307,V00013724,2026-05-19 21:58:21,approved,无风险,human
AUD00007308,V00010606,2026-08-17 01:36:36,approved,无风险,machine
AUD00007309,V00002584,2026-06-14 21:14:40,approved,无风险,machine
AUD00007310,V00003235,2026-05-14 03:11:08,approved,无风险,machine
AUD00007311,V00000283,2026-02-18 07:12:04,approved,无风险,machine
AUD00007312,V00001494,2026-05-09 13:29:37,approved,无风险,machine
AUD00007313,V00013398,2026-03-26 13:07:14,approved,无风险,machine
AUD00007314,V00004711,2026-03-14 21:25:28,approved,无风险,mixed
AUD00007315,V00005896,2026-08-25 17:41:11,approved,无风险,machine
AUD00007316,V00010324,2026-05-26 19:37:55,approved,无风险,machine
AUD00007317,V00009719,2026-03-05 20:32:19,approved,无风险,mixed
AUD00007318,V00007504,2026-03-07 15:16:56,approved,无风险,machine
AUD00007319,V00012165,2026-06-03 04:48:54,approved,低俗,machine
AUD00007320,V00006060,2026-02-08 20:52:22,approved,无风险,machine
AUD00007321,V00013923,2026-04-06 08:45:54,approved,无风险,mixed
AUD00007322,V00003555,2026-03-11 08:26:56,approved,无风险,mixed
AUD00007323,V00008083,2026-02-27 05:06:39,approved,无风险,mixed
AUD00007324,V00014707,2026-08-09 18:45:22,approved,无风险,machine
AUD00007325,V00001926,2026-08-07 15:45:09,approved,无风险,machine
AUD00007326,V00008011,2026-08-25 11:23:31,approved,无风险,machine
AUD00007327,V00009607,2026-04-06 03:49:44,approved,无风险,machine
AUD00007328,V00004591,2026-05-13 16:46:54,approved,无风险,machine
AUD00007329,V00007472,2026-08-09 07:23:41,approved,无风险,machine
AUD00007330,V00006182,2026-01-22 11:25:46,approved,无风险,machine
AUD00007331,V00000719,2026-06-07 17:50:18,approved,无风险,machine
AUD00007332,V00013868,2026-01-06 10:03:49,approved,无风险,machine
AUD00007333,V00004650,2026-08-25 18:18:16,approved,无风险,mixed
AUD00007334,V00001022,2026-06-28 09:52:56,approved,无风险,mixed
AUD00007335,V00002934,2026-01-07 18:08:18,approved,无风险,machine
AUD00007336,V00013345,2026-07-12 20:30:28,rejected,无风险,machine
AUD00007337,V00011317,2026-03-23 12:53:17,approved,无风险,machine
AUD00007338,V00009095,2026-08-28 09:26:14,approved,无风险,machine
AUD00007339,V00014481,2026-05-28 17:51:49,approved,无风险,machine
AUD00007340,V00003824,2026-08-12 19:14:41,approved,无风险,mixed
AUD00007341,V00004289,2026-07-09 22:54:32,approved,无风险,mixed
AUD00007342,V00009347,2026-07-04 16:54:45,approved,无风险,machine
AUD00007343,V00005668,2026-04-26 16:04:03,limited,无风险,machine
AUD00007344,V00003663,2026-07-11 12:16:00,approved,无风险,machine
AUD00007345,V00009763,2026-03-14 13:35:27,approved,无风险,machine
AUD00007346,V00003520,2026-08-24 18:35:10,approved,无风险,machine
AUD00007347,V00009255,2026-02-27 02:10:12,approved,无风险,machine
AUD00007348,V00010975,2026-06-15 12:50:19,approved,无风险,machine
AUD00007349,V00000818,2026-07-19 05:41:23,approved,无风险,machine
AUD00007350,V00010786,2026-07-05 06:11:59,approved,无风险,mixed
AUD00007351,V00005947,2026-08-18 17:41:26,approved,无风险,machine
AUD00007352,V00007520,2026-07-25 06:28:52,approved,无风险,mixed
AUD00007353,V00003578,2026-08-10 02:51:34,limited,无风险,mixed
AUD00007354,V00006562,2026-01-23 00:46:00,approved,无风险,machine
AUD00007355,V00002426,2026-07-05 20:01:34,approved,无风险,mixed
AUD00007356,V00013815,2026-03-23 09:37:46,approved,无风险,machine
AUD00007357,V00000489,2026-07-11 14:31:42,approved,无风险,mixed
AUD00007358,V00002539,2026-07-01 10:12:53,approved,无风险,machine
AUD00007359,V00000046,2026-01-20 09:56:43,approved,无风险,mixed
AUD00007360,V00011489,2026-03-06 09:14:25,approved,无风险,mixed
AUD00007361,V00008648,2026-01-01 16:59:27,approved,无风险,machine
AUD00007362,V00009841,2026-02-23 12:11:43,approved,无风险,machine
AUD00007363,V00004330,2026-06-03 04:34:27,approved,无风险,machine
AUD00007364,V00010101,2026-03-12 18:08:18,approved,无风险,machine
AUD00007365,V00003878,2026-08-22 17:11:40,approved,无风险,machine
AUD00007366,V00006829,2026-08-13 06:40:17,approved,无风险,machine
AUD00007367,V00008397,2026-04-08 09:54:40,approved,无风险,machine
AUD00007368,V00008214,2026-07-11 08:27:37,approved,无风险,machine
AUD00007369,V00008416,2026-05-18 23:07:08,approved,无风险,machine
AUD00007370,V00004410,2026-08-05 18:56:40,approved,无风险,machine
AUD00007371,V00003782,2026-06-13 18:07:38,approved,无风险,machine
AUD00007372,V00002900,2026-01-28 10:57:34,approved,无风险,machine
AUD00007373,V00006690,2026-08-14 23:19:02,rejected,无风险,machine
AUD00007374,V00003850,2026-04-03 03:46:30,approved,无风险,machine
AUD00007375,V00002082,2026-02-20 08:57:36,approved,无风险,machine
AUD00007376,V00013036,2026-01-27 15:34:13,approved,无风险,machine
AUD00007377,V00011741,2026-02-10 15:00:52,approved,无风险,machine
AUD00007378,V00012634,2026-02-28 11:29:15,approved,无风险,mixed
AUD00007379,V00006513,2026-08-23 05:59:10,approved,无风险,machine
AUD00007380,V00014671,2026-08-02 10:38:06,approved,无风险,machine
AUD00007381,V00008238,2026-04-21 13:05:37,approved,无风险,machine
AUD00007382,V00002948,2026-08-14 20:27:33,approved,无风险,machine
AUD00007383,V00014782,2026-06-09 00:56:23,approved,无风险,mixed
AUD00007384,V00006352,2026-08-24 20:35:52,approved,无风险,machine
AUD00007385,V00002493,2026-05-17 00:47:18,approved,无风险,machine
AUD00007386,V00005739,2026-04-18 06:32:19,approved,无风险,machine
AUD00007387,V00005371,2026-07-27 13:05:40,approved,无风险,machine
AUD00007388,V00000354,2026-07-06 17:54:27,approved,无风险,machine
AUD00007389,V00014491,2026-01-06 19:03:25,approved,无风险,machine
AUD00007390,V00004944,2026-01-09 03:43:05,approved,无风险,machine
AUD00007391,V00013885,2026-02-21 08:05:12,approved,无风险,machine
AUD00007392,V00011991,2026-08-27 09:40:55,approved,无风险,human
AUD00007393,V00009134,2026-08-23 08:59:34,approved,无风险,mixed
AUD00007394,V00013405,2026-03-15 09:57:10,approved,无风险,mixed
AUD00007395,V00004816,2026-06-12 12:39:25,approved,无风险,machine
AUD00007396,V00007208,2026-08-19 17:25:56,approved,无风险,machine
AUD00007397,V00005575,2026-07-25 14:30:00,approved,无风险,machine
AUD00007398,V00012384,2026-02-25 11:51:52,approved,无风险,machine
AUD00007399,V00003904,2026-07-03 08:03:17,approved,无风险,machine
AUD00007400,V00010395,2026-06-05 15:21:44,rejected,无风险,machine
AUD00007401,V00010759,2026-07-28 22:12:11,approved,无风险,machine
AUD00007402,V00011935,2026-06-17 01:19:21,approved,无风险,machine
AUD00007403,V00013205,2026-02-06 03:12:36,approved,无风险,machine
AUD00007404,V00007940,2026-06-29 20:58:45,approved,无风险,mixed
AUD00007405,V00000687,2026-05-02 19:02:14,approved,无风险,machine
AUD00007406,V00004764,2026-05-28 03:50:15,approved,无风险,machine
AUD00007407,V00009538,2026-04-09 06:05:55,approved,无风险,machine
AUD00007408,V00009623,2026-03-21 21:20:10,approved,无风险,mixed
AUD00007409,V00001288,2026-07-13 10:52:16,rejected,无风险,mixed
AUD00007410,V00002153,2026-08-20 23:01:18,approved,无风险,machine
AUD00007411,V00013366,2026-04-29 13:52:18,approved,无风险,machine
AUD00007412,V00014357,2026-01-18 07:28:57,approved,无风险,machine
AUD00007413,V00007417,2026-04-28 11:29:21,approved,无风险,machine
AUD00007414,V00011890,2026-01-25 10:04:26,approved,无风险,machine
AUD00007415,V00009838,2026-03-30 19:00:07,approved,无风险,machine
AUD00007416,V00010697,2026-04-15 22:30:08,approved,无风险,machine
AUD00007417,V00006320,2026-08-28 08:44:21,approved,无风险,machine
AUD00007418,V00010703,2026-03-21 05:13:48,approved,无风险,mixed
AUD00007419,V00007137,2026-06-12 03:24:09,approved,侵权,machine
AUD00007420,V00005188,2026-03-04 23:56:54,approved,无风险,human
AUD00007421,V00008887,2026-07-28 07:38:07,approved,无风险,mixed
AUD00007422,V00013198,2026-05-16 22:46:46,approved,无风险,machine
AUD00007423,V00009590,2026-02-07 00:16:20,approved,无风险,machine
AUD00007424,V00014771,2026-05-08 14:34:11,approved,无风险,mixed
AUD00007425,V00006386,2026-01-06 02:50:26,approved,无风险,machine
AUD00007426,V00008506,2026-08-19 22:41:04,approved,无风险,mixed
AUD00007427,V00014708,2026-06-19 09:20:23,approved,无风险,mixed
AUD00007428,V00012084,2026-07-12 13:47:53,approved,无风险,machine
AUD00007429,V00002363,2026-02-07 09:59:22,rejected,无风险,human
AUD00007430,V00004899,2026-04-12 08:01:33,approved,无风险,machine
AUD00007431,V00007773,2026-02-24 14:35:10,approved,无风险,machine
AUD00007432,V00003593,2026-04-05 11:00:23,approved,无风险,mixed
AUD00007433,V00009700,2026-08-22 21:02:01,approved,虚假信息,machine
AUD00007434,V00013013,2026-07-16 23:09:50,approved,无风险,machine
AUD00007435,V00008390,2026-07-30 18:41:30,approved,无风险,machine
AUD00007436,V00005525,2026-01-06 02:39:43,approved,无风险,machine
AUD00007437,V00005536,2026-07-18 16:51:46,approved,无风险,machine
AUD00007438,V00013075,2026-03-28 11:18:36,approved,低俗,mixed
AUD00007439,V00002157,2026-08-12 16:36:44,approved,无风险,machine
AUD00007440,V00007754,2026-08-06 12:12:57,approved,虚假信息,mixed
AUD00007441,V00000500,2026-08-17 19:22:41,approved,无风险,machine
AUD00007442,V00012852,2026-08-23 19:22:13,approved,无风险,machine
AUD00007443,V00002291,2026-02-08 06:56:42,approved,无风险,machine
AUD00007444,V00014591,2026-08-25 02:55:29,approved,低俗,machine
AUD00007445,V00009119,2026-07-06 07:09:41,approved,无风险,mixed
AUD00007446,V00004936,2026-07-27 23:49:32,approved,无风险,machine
AUD00007447,V00001120,2026-06-29 11:19:56,approved,无风险,human
AUD00007448,V00012698,2026-04-01 05:58:23,approved,无风险,mixed
AUD00007449,V00004419,2026-06-18 13:55:47,approved,侵权,machine
AUD00007450,V00004037,2026-05-05 23:00:02,approved,无风险,machine
AUD00007451,V00001184,2026-07-14 03:44:03,approved,无风险,machine
AUD00007452,V00006431,2026-02-04 15:27:05,approved,无风险,human
AUD00007453,V00008138,2026-02-24 04:21:50,approved,侵权,machine
AUD00007454,V00001545,2026-03-10 05:11:57,approved,无风险,machine
AUD00007455,V00002929,2026-02-08 08:18:20,approved,无风险,machine
AUD00007456,V00004479,2026-07-31 12:07:23,approved,无风险,machine
AUD00007457,V00000911,2026-05-02 09:38:39,approved,无风险,mixed
AUD00007458,V00008866,2026-01-11 16:56:51,approved,无风险,machine
AUD00007459,V00005750,2026-08-11 13:46:54,approved,无风险,human
AUD00007460,V00014220,2026-01-14 20:27:56,approved,无风险,machine
AUD00007461,V00012346,2026-04-14 00:42:58,approved,无风险,machine
AUD00007462,V00002503,2026-08-21 17:40:59,approved,无风险,machine
AUD00007463,V00012795,2026-05-28 05:42:08,approved,无风险,machine
AUD00007464,V00013091,2026-08-21 07:00:48,approved,无风险,machine
AUD00007465,V00007193,2026-03-27 00:34:09,approved,无风险,machine
AUD00007466,V00001654,2026-05-30 21:57:09,approved,无风险,machine
AUD00007467,V00009501,2026-07-04 16:15:18,approved,无风险,mixed
AUD00007468,V00012804,2026-04-29 07:07:48,approved,无风险,mixed
AUD00007469,V00002646,2026-03-15 02:05:36,approved,侵权,mixed
AUD00007470,V00008163,2026-03-15 10:28:15,approved,无风险,machine
AUD00007471,V00001464,2026-08-23 01:46:30,approved,无风险,mixed
AUD00007472,V00008763,2026-05-01 05:00:32,approved,无风险,human
AUD00007473,V00010658,2026-06-17 09:09:16,approved,无风险,machine
AUD00007474,V00003426,2026-03-04 17:35:21,approved,无风险,machine
AUD00007475,V00013989,2026-05-10 00:13:49,approved,无风险,mixed
AUD00007476,V00011866,2026-07-19 00:14:10,approved,无风险,machine
AUD00007477,V00009982,2026-07-08 12:19:33,approved,无风险,machine
AUD00007478,V00001745,2026-03-07 17:26:45,approved,无风险,machine
AUD00007479,V00002540,2026-07-22 13:09:30,approved,无风险,machine
AUD00007480,V00013110,2026-06-10 18:20:25,approved,虚假信息,mixed
AUD00007481,V00006805,2026-08-02 12:24:45,approved,无风险,machine
AUD00007482,V00007658,2026-06-04 06:20:56,approved,无风险,machine
AUD00007483,V00010884,2026-07-26 14:25:26,rejected,无风险,mixed
AUD00007484,V00006478,2026-07-18 23:21:17,approved,无风险,machine
AUD00007485,V00014608,2026-03-12 17:41:36,approved,无风险,machine
AUD00007486,V00007656,2026-07-01 06:50:06,approved,无风险,machine
AUD00007487,V00004122,2026-08-13 04:30:02,approved,无风险,mixed
AUD00007488,V00004933,2026-07-06 19:52:35,approved,无风险,machine
AUD00007489,V00009908,2026-01-03 15:40:58,limited,无风险,machine
AUD00007490,V00003908,2026-04-04 11:45:40,approved,无风险,machine
AUD00007491,V00007003,2026-06-27 00:29:27,rejected,无风险,mixed
AUD00007492,V00013406,2026-08-12 22:48:18,approved,无风险,mixed
AUD00007493,V00006129,2026-01-14 17:41:15,approved,无风险,machine
AUD00007494,V00012077,2026-04-01 03:05:33,rejected,无风险,machine
AUD00007495,V00007888,2026-05-12 02:19:26,rejected,虚假信息,machine
AUD00007496,V00008665,2026-06-11 21:59:24,approved,无风险,machine
AUD00007497,V00007468,2026-06-06 05:37:21,approved,无风险,mixed
AUD00007498,V00006425,2026-07-18 02:54:01,approved,无风险,mixed
AUD00007499,V00004147,2026-08-03 07:47:56,approved,无风险,mixed
AUD00007500,V00014081,2026-08-24 23:32:54,approved,无风险,machine
AUD00007501,V00006630,2026-05-03 18:06:21,approved,无风险,machine
AUD00007502,V00014530,2026-08-13 01:00:42,approved,无风险,human
AUD00007503,V00001701,2026-06-10 07:43:47,approved,无风险,machine
AUD00007504,V00000560,2026-06-20 15:29:26,approved,无风险,machine
AUD00007505,V00005510,2026-06-06 14:35:35,approved,无风险,machine
AUD00007506,V00004796,2026-03-19 16:41:05,approved,低俗,machine
AUD00007507,V00002095,2026-05-10 06:55:16,approved,无风险,machine
AUD00007508,V00012032,2026-08-06 13:13:46,approved,无风险,machine
AUD00007509,V00013759,2026-03-08 17:34:38,approved,无风险,machine
AUD00007510,V00005291,2026-07-01 16:53:15,approved,无风险,machine
AUD00007511,V00003987,2026-08-12 15:00:40,approved,无风险,machine
AUD00007512,V00002979,2026-06-21 20:47:20,approved,无风险,machine
AUD00007513,V00007929,2026-06-29 14:09:31,approved,无风险,mixed
AUD00007514,V00009531,2026-08-05 20:58:15,rejected,无风险,mixed
AUD00007515,V00005323,2026-06-06 04:42:05,approved,无风险,human
AUD00007516,V00007221,2026-04-22 05:31:05,approved,无风险,mixed
AUD00007517,V00006604,2026-04-09 12:13:49,approved,无风险,mixed
AUD00007518,V00005582,2026-01-29 22:12:45,approved,无风险,machine
AUD00007519,V00013791,2026-05-13 00:59:28,approved,无风险,machine
AUD00007520,V00006816,2026-06-04 10:14:10,approved,无风险,machine
AUD00007521,V00010994,2026-08-13 11:59:01,approved,虚假信息,machine
AUD00007522,V00011603,2026-03-08 11:43:35,approved,无风险,machine
AUD00007523,V00008012,2026-07-24 00:15:05,approved,低俗,machine
AUD00007524,V00005920,2026-04-15 06:28:13,approved,无风险,mixed
AUD00007525,V00002142,2026-03-17 06:02:30,approved,无风险,human
AUD00007526,V00009297,2026-06-11 08:53:43,approved,虚假信息,mixed
AUD00007527,V00013650,2026-06-21 00:43:29,approved,无风险,machine
AUD00007528,V00010618,2026-06-02 19:20:31,approved,无风险,machine
AUD00007529,V00004952,2026-05-11 21:20:21,approved,无风险,machine
AUD00007530,V00001606,2026-03-16 01:35:04,approved,无风险,mixed
AUD00007531,V00004198,2026-06-30 00:12:41,approved,无风险,machine
AUD00007532,V00004626,2026-07-27 12:57:13,approved,无风险,machine
AUD00007533,V00014582,2026-02-16 03:18:59,approved,无风险,machine
AUD00007534,V00013511,2026-06-06 04:41:05,approved,无风险,machine
AUD00007535,V00003748,2026-05-23 10:57:19,approved,无风险,machine
AUD00007536,V00003139,2026-04-08 16:30:49,approved,无风险,machine
AUD00007537,V00006295,2026-05-03 20:38:32,approved,侵权,human
AUD00007538,V00000568,2026-07-23 19:18:13,approved,无风险,machine
AUD00007539,V00013549,2026-01-30 21:39:58,approved,虚假信息,human
AUD00007540,V00005008,2026-06-03 00:16:20,approved,无风险,human
AUD00007541,V00000530,2026-06-25 16:33:08,rejected,无风险,machine
AUD00007542,V00001326,2026-06-27 06:46:34,approved,无风险,machine
AUD00007543,V00012223,2026-06-06 03:59:02,approved,无风险,machine
AUD00007544,V00008613,2026-03-30 05:47:39,approved,无风险,mixed
AUD00007545,V00011953,2026-08-02 11:22:59,approved,无风险,machine
AUD00007546,V00014945,2026-07-01 05:17:25,approved,无风险,mixed
AUD00007547,V00005045,2026-07-27 20:17:49,approved,无风险,mixed
AUD00007548,V00014642,2026-08-12 03:36:07,approved,无风险,machine
AUD00007549,V00004141,2026-05-27 01:41:33,approved,无风险,machine
AUD00007550,V00012947,2026-08-27 07:18:37,approved,无风险,machine
AUD00007551,V00007076,2026-07-20 16:35:23,limited,无风险,human
AUD00007552,V00013681,2026-08-26 03:57:19,approved,无风险,machine
AUD00007553,V00011960,2026-06-07 23:26:55,approved,无风险,machine
AUD00007554,V00012337,2026-02-23 22:17:27,approved,无风险,machine
AUD00007555,V00014296,2026-07-24 19:40:18,approved,侵权,machine
AUD00007556,V00003445,2026-04-20 20:37:42,approved,无风险,machine
AUD00007557,V00011734,2026-06-12 17:30:04,approved,无风险,mixed
AUD00007558,V00005595,2026-07-10 22:54:36,approved,无风险,machine
AUD00007559,V00000161,2026-06-06 04:32:02,approved,无风险,mixed
AUD00007560,V00009240,2026-08-22 02:17:01,approved,无风险,machine
AUD00007561,V00011743,2026-08-05 08:33:05,approved,无风险,machine
AUD00007562,V00013485,2026-01-02 18:11:43,approved,无风险,mixed
AUD00007563,V00014571,2026-05-14 22:21:07,approved,无风险,mixed
AUD00007564,V00005908,2026-07-28 00:14:20,approved,无风险,machine
AUD00007565,V00013596,2026-08-06 11:10:18,approved,无风险,mixed
AUD00007566,V00011485,2026-03-14 19:53:49,approved,无风险,machine
AUD00007567,V00006429,2026-07-09 03:40:38,approved,无风险,machine
AUD00007568,V00011705,2026-06-26 09:37:22,approved,无风险,machine
AUD00007569,V00014596,2026-05-05 16:01:28,approved,无风险,mixed
AUD00007570,V00002751,2026-04-28 15:56:04,approved,无风险,machine
AUD00007571,V00006206,2026-04-22 18:13:02,approved,无风险,machine
AUD00007572,V00011038,2026-02-01 08:26:14,approved,无风险,human
AUD00007573,V00003186,2026-08-03 22:07:44,approved,无风险,machine
AUD00007574,V00005258,2026-07-09 19:01:04,approved,无风险,mixed
AUD00007575,V00011558,2026-07-12 06:35:02,approved,低俗,machine
AUD00007576,V00002431,2026-08-21 00:57:58,approved,无风险,human
AUD00007577,V00001026,2026-08-15 13:29:14,approved,无风险,machine
AUD00007578,V00001070,2026-05-27 13:46:05,approved,低俗,machine
AUD00007579,V00005398,2026-01-27 12:05:44,approved,无风险,machine
AUD00007580,V00012831,2026-05-06 05:35:18,approved,无风险,machine
AUD00007581,V00014239,2026-07-15 04:21:21,approved,无风险,machine
AUD00007582,V00002457,2026-06-30 04:18:06,approved,无风险,human
AUD00007583,V00006892,2026-07-18 19:37:12,approved,无风险,machine
AUD00007584,V00003944,2026-08-21 00:25:10,approved,无风险,mixed
AUD00007585,V00000341,2026-02-13 05:46:33,approved,无风险,machine
AUD00007586,V00001080,2026-07-21 20:31:46,approved,无风险,machine
AUD00007587,V00014343,2026-08-23 09:57:05,rejected,无风险,machine
AUD00007588,V00010539,2026-07-04 14:09:50,approved,无风险,mixed
AUD00007589,V00010122,2026-01-10 19:02:57,approved,低俗,mixed
AUD00007590,V00001594,2026-03-29 22:50:03,approved,无风险,mixed
AUD00007591,V00011351,2026-05-09 22:43:15,approved,无风险,machine
AUD00007592,V00004623,2026-01-30 03:20:42,approved,无风险,mixed
AUD00007593,V00005348,2026-05-16 11:27:16,approved,无风险,machine
AUD00007594,V00004886,2026-05-24 22:40:33,approved,无风险,human
AUD00007595,V00012359,2026-06-12 22:07:14,approved,无风险,mixed
AUD00007596,V00002093,2026-02-27 22:49:38,limited,无风险,machine
AUD00007597,V00001069,2026-08-20 06:41:50,approved,无风险,machine
AUD00007598,V00001535,2026-03-03 06:26:37,approved,无风险,machine
AUD00007599,V00014195,2026-08-21 04:57:19,approved,无风险,machine
AUD00007600,V00003434,2026-08-25 06:33:49,approved,无风险,mixed
AUD00007601,V00006336,2026-03-11 22:00:15,approved,无风险,machine
AUD00007602,V00011223,2026-05-10 01:49:13,approved,无风险,human
AUD00007603,V00005476,2026-05-16 00:45:49,approved,无风险,machine
AUD00007604,V00010758,2026-08-16 05:40:27,approved,侵权,machine
AUD00007605,V00001687,2026-06-12 07:26:05,approved,无风险,machine
AUD00007606,V00008905,2026-07-26 16:42:32,approved,无风险,machine
AUD00007607,V00004270,2026-03-25 00:09:56,approved,无风险,mixed
AUD00007608,V00000516,2026-06-25 10:29:22,approved,侵权,mixed
AUD00007609,V00011362,2026-05-07 18:19:51,limited,侵权,machine
AUD00007610,V00007577,2026-05-04 22:27:16,approved,无风险,machine
AUD00007611,V00010567,2026-02-03 16:16:16,rejected,无风险,machine
AUD00007612,V00011771,2026-08-07 10:37:04,approved,无风险,machine
AUD00007613,V00011149,2026-08-24 22:18:55,approved,无风险,machine
AUD00007614,V00007676,2026-01-10 23:54:06,approved,无风险,machine
AUD00007615,V00011446,2026-02-08 03:01:05,approved,无风险,machine
AUD00007616,V00001811,2026-01-21 08:17:58,approved,无风险,machine
AUD00007617,V00009154,2026-06-06 18:32:03,approved,无风险,machine
AUD00007618,V00001178,2026-05-07 20:48:02,approved,无风险,machine
AUD00007619,V00000602,2026-01-11 06:59:00,approved,侵权,machine
AUD00007620,V00010844,2026-07-02 03:38:41,approved,无风险,machine
AUD00007621,V00003081,2026-06-29 06:32:33,approved,无风险,machine
AUD00007622,V00000776,2026-04-26 04:17:53,approved,无风险,mixed
AUD00007623,V00004450,2026-01-10 14:47:39,approved,无风险,machine
AUD00007624,V00000210,2026-05-25 11:27:44,approved,无风险,machine
AUD00007625,V00013771,2026-03-05 12:24:12,approved,无风险,machine
AUD00007626,V00002194,2026-07-30 05:57:34,approved,无风险,machine
AUD00007627,V00006276,2026-08-04 16:02:40,approved,无风险,mixed
AUD00007628,V00006887,2026-03-03 19:10:33,approved,无风险,machine
AUD00007629,V00003844,2026-04-01 09:02:26,approved,虚假信息,machine
AUD00007630,V00000556,2026-02-26 23:44:35,approved,无风险,machine
AUD00007631,V00008805,2026-01-07 05:07:15,approved,无风险,machine
AUD00007632,V00003700,2026-08-05 20:44:08,approved,无风险,machine
AUD00007633,V00001232,2026-07-17 12:27:44,approved,无风险,machine
AUD00007634,V00006531,2026-02-27 04:02:59,approved,无风险,machine
AUD00007635,V00005030,2026-03-26 03:01:43,approved,无风险,human
AUD00007636,V00012720,2026-07-28 00:34:10,approved,无风险,mixed
AUD00007637,V00011636,2026-08-15 23:51:37,approved,无风险,machine
AUD00007638,V00010685,2026-02-26 06:15:34,approved,无风险,machine
AUD00007639,V00004909,2026-07-24 11:06:28,approved,无风险,machine
AUD00007640,V00004692,2026-07-06 12:17:07,approved,无风险,mixed
AUD00007641,V00011553,2026-03-08 09:54:31,approved,低俗,machine
AUD00007642,V00005456,2026-08-23 11:46:57,approved,无风险,machine
AUD00007643,V00001367,2026-08-04 23:46:18,approved,无风险,machine
AUD00007644,V00002633,2026-07-10 21:12:33,approved,无风险,mixed
AUD00007645,V00009378,2026-08-13 04:47:02,approved,无风险,human
AUD00007646,V00000229,2026-03-12 20:43:46,approved,无风险,mixed
AUD00007647,V00014610,2026-08-04 08:50:46,approved,无风险,mixed
AUD00007648,V00009969,2026-04-15 00:40:49,approved,无风险,mixed
AUD00007649,V00010328,2026-04-07 20:15:19,approved,无风险,machine
AUD00007650,V00013430,2026-08-20 23:55:48,approved,无风险,machine
AUD00007651,V00006809,2026-06-17 16:09:58,approved,无风险,human
AUD00007652,V00004319,2026-06-27 00:49:49,approved,无风险,machine
AUD00007653,V00002332,2026-01-27 23:05:34,approved,无风险,machine
AUD00007654,V00013168,2026-06-22 03:02:22,approved,无风险,machine
AUD00007655,V00014912,2026-03-16 08:26:13,approved,无风险,human
AUD00007656,V00009974,2026-04-23 21:51:26,approved,无风险,machine
AUD00007657,V00002302,2026-04-10 23:13:54,approved,无风险,machine
AUD00007658,V00003890,2026-05-28 12:06:19,approved,无风险,machine
AUD00007659,V00013369,2026-03-25 09:07:13,approved,无风险,machine
AUD00007660,V00003156,2026-08-23 03:37:14,approved,无风险,mixed
AUD00007661,V00009692,2026-06-03 11:51:39,approved,无风险,machine
AUD00007662,V00010858,2026-03-21 14:43:28,approved,无风险,machine
AUD00007663,V00007452,2026-04-08 02:21:56,approved,无风险,human
AUD00007664,V00000017,2026-02-09 06:17:59,approved,无风险,machine
AUD00007665,V00011072,2026-08-28 08:53:52,approved,侵权,machine
AUD00007666,V00012036,2026-08-10 15:29:25,approved,无风险,machine
AUD00007667,V00003036,2026-07-14 09:13:33,approved,无风险,machine
AUD00007668,V00006446,2026-07-05 06:51:34,approved,无风险,machine
AUD00007669,V00009525,2026-05-02 14:59:23,approved,无风险,machine
AUD00007670,V00010570,2026-08-23 14:40:21,approved,无风险,machine
AUD00007671,V00011517,2026-01-16 10:43:58,approved,无风险,machine
AUD00007672,V00011641,2026-07-12 06:54:11,approved,无风险,machine
AUD00007673,V00004701,2026-08-15 09:03:07,approved,无风险,mixed
AUD00007674,V00008741,2026-05-29 10:51:43,approved,无风险,machine
AUD00007675,V00012663,2026-07-27 19:13:31,approved,无风险,mixed
AUD00007676,V00003227,2026-08-28 22:31:04,approved,无风险,mixed
AUD00007677,V00003729,2026-08-01 22:07:54,approved,无风险,machine
AUD00007678,V00010752,2026-05-24 16:13:56,approved,无风险,machine
AUD00007679,V00000353,2026-06-22 12:03:34,approved,无风险,machine
AUD00007680,V00013573,2026-06-27 18:44:35,approved,无风险,machine
AUD00007681,V00009786,2026-08-03 07:03:05,approved,无风险,human
AUD00007682,V00006695,2026-02-17 12:05:11,approved,无风险,mixed
AUD00007683,V00010774,2026-08-17 17:33:53,limited,无风险,machine
AUD00007684,V00006317,2026-08-28 16:03:49,approved,无风险,machine
AUD00007685,V00001919,2026-08-07 23:08:01,approved,无风险,mixed
AUD00007686,V00006879,2026-04-16 10:14:15,approved,无风险,machine
AUD00007687,V00009157,2026-05-15 07:38:50,approved,无风险,mixed
AUD00007688,V00011376,2026-03-29 07:57:08,approved,无风险,machine
AUD00007689,V00010645,2026-06-17 11:55:16,approved,无风险,machine
AUD00007690,V00011909,2026-07-25 00:46:58,approved,无风险,machine
AUD00007691,V00014052,2026-07-07 09:42:06,approved,无风险,machine
AUD00007692,V00011278,2026-05-09 04:58:45,approved,无风险,machine
AUD00007693,V00004110,2026-02-04 05:34:36,approved,无风险,machine
AUD00007694,V00009400,2026-01-24 06:29:34,approved,无风险,human
AUD00007695,V00007826,2026-06-11 23:16:42,approved,无风险,machine
AUD00007696,V00003978,2026-07-14 14:25:44,approved,无风险,machine
AUD00007697,V00002857,2026-05-29 16:50:39,approved,无风险,mixed
AUD00007698,V00002256,2026-08-10 05:58:12,approved,无风险,human
AUD00007699,V00011470,2026-04-18 18:58:24,approved,无风险,machine
AUD00007700,V00003868,2026-05-27 12:59:56,approved,无风险,mixed
AUD00007701,V00013173,2026-05-08 02:37:47,approved,无风险,machine
AUD00007702,V00004756,2026-04-06 20:40:45,approved,无风险,mixed
AUD00007703,V00009197,2026-05-15 12:11:55,approved,无风险,machine
AUD00007704,V00012047,2026-05-27 08:39:33,approved,无风险,machine
AUD00007705,V00004702,2026-01-16 01:15:19,approved,无风险,machine
AUD00007706,V00006521,2026-05-30 01:31:55,approved,无风险,machine
AUD00007707,V00011793,2026-01-18 19:29:36,approved,侵权,machine
AUD00007708,V00006196,2026-03-28 06:10:49,approved,无风险,machine
AUD00007709,V00013501,2026-02-23 01:22:44,approved,低俗,machine
AUD00007710,V00003190,2026-01-22 00:31:49,approved,无风险,machine
AUD00007711,V00009133,2026-05-19 10:03:15,approved,无风险,machine
AUD00007712,V00013940,2026-08-09 08:18:23,approved,无风险,machine
AUD00007713,V00013100,2026-02-13 04:23:23,approved,无风险,mixed
AUD00007714,V00012878,2026-01-24 12:56:15,approved,无风险,machine
AUD00007715,V00011292,2026-06-11 11:14:05,approved,无风险,machine
AUD00007716,V00012796,2026-08-24 11:07:10,approved,无风险,machine
AUD00007717,V00002709,2026-01-24 20:10:11,approved,侵权,machine
AUD00007718,V00013053,2026-03-03 16:56:14,rejected,无风险,mixed
AUD00007719,V00008018,2026-08-13 09:30:41,approved,无风险,machine
AUD00007720,V00000212,2026-07-23 23:10:27,approved,无风险,machine
AUD00007721,V00012262,2026-05-14 16:17:26,approved,虚假信息,mixed
AUD00007722,V00012320,2026-02-10 03:07:26,approved,无风险,mixed
AUD00007723,V00006554,2026-02-25 04:39:28,approved,无风险,machine
AUD00007724,V00004235,2026-06-23 12:58:42,approved,无风险,machine
AUD00007725,V00010284,2026-02-12 12:07:26,approved,无风险,mixed
AUD00007726,V00010499,2026-07-08 01:40:11,approved,无风险,machine
AUD00007727,V00001256,2026-01-29 11:58:44,approved,侵权,machine
AUD00007728,V00014553,2026-01-30 12:20:22,approved,无风险,machine
AUD00007729,V00005339,2026-02-13 12:47:03,approved,无风险,machine
AUD00007730,V00013807,2026-01-15 05:56:29,approved,无风险,machine
AUD00007731,V00012819,2026-08-04 19:24:25,approved,无风险,machine
AUD00007732,V00007111,2026-08-04 08:59:05,approved,无风险,mixed
AUD00007733,V00005564,2026-05-19 05:19:45,approved,无风险,machine
AUD00007734,V00000851,2026-05-01 16:57:16,approved,无风险,machine
AUD00007735,V00011094,2026-05-23 17:12:19,approved,无风险,machine
AUD00007736,V00000437,2026-05-09 14:18:48,approved,无风险,machine
AUD00007737,V00001521,2026-02-20 05:33:22,limited,无风险,machine
AUD00007738,V00009586,2026-07-22 03:03:08,approved,无风险,machine
AUD00007739,V00011883,2026-03-28 17:38:37,approved,无风险,human
AUD00007740,V00009432,2026-08-06 08:38:26,approved,无风险,machine
AUD00007741,V00000270,2026-02-15 06:46:51,approved,无风险,mixed
AUD00007742,V00013099,2026-06-12 08:04:58,approved,无风险,machine
AUD00007743,V00000435,2026-07-28 09:27:30,approved,无风险,machine
AUD00007744,V00008330,2026-06-10 01:40:17,approved,无风险,machine
AUD00007745,V00000188,2026-04-07 21:25:00,approved,无风险,machine
AUD00007746,V00006377,2026-08-10 10:34:14,approved,无风险,human
AUD00007747,V00013116,2026-08-14 10:57:41,approved,虚假信息,machine
AUD00007748,V00010790,2026-08-18 15:06:58,rejected,低俗,machine
AUD00007749,V00010003,2026-08-28 10:13:25,approved,无风险,machine
AUD00007750,V00003233,2026-04-26 14:17:33,approved,无风险,machine
AUD00007751,V00008744,2026-02-09 05:57:50,approved,无风险,mixed
AUD00007752,V00011050,2026-01-29 15:53:20,approved,无风险,mixed
AUD00007753,V00014319,2026-08-20 03:39:06,approved,无风险,machine
AUD00007754,V00010969,2026-08-25 12:21:19,approved,无风险,machine
AUD00007755,V00003773,2026-07-29 09:00:32,approved,无风险,human
AUD00007756,V00012824,2026-08-11 02:30:40,approved,无风险,mixed
AUD00007757,V00005653,2026-01-02 14:54:33,rejected,无风险,machine
AUD00007758,V00004743,2026-03-14 06:00:38,limited,无风险,machine
AUD00007759,V00011987,2026-07-19 21:45:39,approved,无风险,machine
AUD00007760,V00005247,2026-08-23 22:22:43,approved,无风险,mixed
AUD00007761,V00004885,2026-08-10 13:09:17,approved,侵权,mixed
AUD00007762,V00005607,2026-01-11 04:24:21,approved,无风险,machine
AUD00007763,V00009757,2026-05-08 00:07:19,approved,无风险,machine
AUD00007764,V00003413,2026-08-28 12:50:46,limited,无风险,machine
AUD00007765,V00008812,2026-03-18 16:41:51,approved,无风险,mixed
AUD00007766,V00003011,2026-06-12 11:13:45,approved,虚假信息,machine
AUD00007767,V00006494,2026-06-12 15:21:48,approved,无风险,mixed
AUD00007768,V00010365,2026-07-11 04:11:47,approved,无风险,machine
AUD00007769,V00002191,2026-02-21 15:06:57,approved,无风险,mixed
AUD00007770,V00001681,2026-08-27 13:15:54,approved,无风险,machine
AUD00007771,V00009519,2026-08-14 05:06:32,approved,无风险,machine
AUD00007772,V00008054,2026-04-25 19:36:07,approved,无风险,machine
AUD00007773,V00004128,2026-06-10 08:38:36,approved,无风险,machine
AUD00007774,V00007582,2026-06-26 07:37:02,approved,无风险,machine
AUD00007775,V00008063,2026-05-19 12:57:03,approved,无风险,machine
AUD00007776,V00009413,2026-01-19 01:56:13,approved,无风险,mixed
AUD00007777,V00013816,2026-04-10 10:52:32,approved,无风险,machine
AUD00007778,V00009629,2026-03-12 13:58:56,approved,无风险,mixed
AUD00007779,V00008879,2026-04-12 13:59:50,approved,无风险,machine
AUD00007780,V00004152,2026-03-18 02:19:45,approved,无风险,human
AUD00007781,V00014921,2026-03-29 14:37:55,approved,无风险,machine
AUD00007782,V00003726,2026-02-21 21:12:09,approved,虚假信息,mixed
AUD00007783,V00004500,2026-03-22 13:50:17,approved,无风险,machine
AUD00007784,V00003180,2026-05-06 10:54:40,approved,无风险,machine
AUD00007785,V00006465,2026-02-10 02:43:07,approved,无风险,mixed
AUD00007786,V00003750,2026-05-21 07:37:02,approved,无风险,machine
AUD00007787,V00009605,2026-01-31 07:06:01,approved,无风险,mixed
AUD00007788,V00008599,2026-07-02 07:58:56,approved,无风险,machine
AUD00007789,V00012473,2026-07-12 14:26:24,approved,无风险,mixed
AUD00007790,V00011673,2026-04-25 03:20:59,approved,无风险,machine
AUD00007791,V00008362,2026-08-16 09:36:50,approved,无风险,machine
AUD00007792,V00010433,2026-02-22 10:10:42,approved,无风险,machine
AUD00007793,V00006796,2026-01-28 18:44:37,approved,无风险,machine
AUD00007794,V00010549,2026-08-01 23:22:22,approved,无风险,mixed
AUD00007795,V00011998,2026-03-10 20:30:24,approved,无风险,human
AUD00007796,V00002572,2026-06-03 11:35:36,approved,无风险,machine
AUD00007797,V00003293,2026-07-15 07:25:24,approved,无风险,machine
AUD00007798,V00010293,2026-01-28 00:27:06,approved,无风险,mixed
AUD00007799,V00008624,2026-05-15 18:50:41,approved,无风险,machine
AUD00007800,V00012425,2026-04-03 15:39:00,approved,无风险,machine
AUD00007801,V00008543,2026-08-11 18:17:13,approved,无风险,machine
AUD00007802,V00002331,2026-06-30 01:28:49,approved,无风险,mixed
AUD00007803,V00007779,2026-04-16 03:06:12,approved,无风险,machine
AUD00007804,V00004540,2026-05-21 23:47:59,rejected,无风险,machine
AUD00007805,V00008331,2026-02-11 12:06:11,approved,无风险,machine
AUD00007806,V00010670,2026-06-30 06:24:10,approved,无风险,machine
AUD00007807,V00000372,2026-07-24 19:26:18,approved,无风险,machine
AUD00007808,V00013857,2026-04-01 15:09:32,approved,无风险,mixed
AUD00007809,V00004401,2026-06-30 09:41:30,approved,无风险,mixed
AUD00007810,V00008001,2026-03-24 18:27:19,approved,无风险,machine
AUD00007811,V00001633,2026-03-12 11:30:35,approved,无风险,machine
AUD00007812,V00012834,2026-07-25 22:12:50,limited,无风险,mixed
AUD00007813,V00003066,2026-01-11 21:50:16,approved,无风险,machine
AUD00007814,V00009709,2026-06-23 17:02:53,approved,无风险,machine
AUD00007815,V00011165,2026-02-15 15:08:18,approved,无风险,machine
AUD00007816,V00008123,2026-05-17 19:37:07,approved,无风险,machine
AUD00007817,V00001000,2026-04-24 16:39:28,limited,无风险,machine
AUD00007818,V00006489,2026-02-14 03:50:31,approved,无风险,machine
AUD00007819,V00009482,2026-04-07 16:29:54,approved,无风险,machine
AUD00007820,V00004414,2026-08-03 04:14:22,approved,无风险,human
AUD00007821,V00000253,2026-08-04 00:05:26,rejected,无风险,machine
AUD00007822,V00006751,2026-05-27 13:40:42,approved,无风险,machine
AUD00007823,V00008453,2026-07-15 17:29:22,approved,无风险,machine
AUD00007824,V00009436,2026-06-04 10:39:03,approved,无风险,mixed
AUD00007825,V00010861,2026-02-26 17:12:39,approved,无风险,machine
AUD00007826,V00007272,2026-07-20 00:50:06,approved,无风险,machine
AUD00007827,V00010649,2026-03-14 02:54:28,approved,无风险,human
AUD00007828,V00006918,2026-08-15 00:05:54,approved,无风险,mixed
AUD00007829,V00000620,2026-07-26 12:34:08,approved,无风险,machine
AUD00007830,V00002845,2026-08-27 00:12:49,approved,无风险,machine
AUD00007831,V00001728,2026-03-12 13:23:40,approved,无风险,machine
AUD00007832,V00006222,2026-04-01 08:03:17,approved,无风险,machine
AUD00007833,V00010004,2026-06-26 16:11:46,approved,无风险,human
AUD00007834,V00006673,2026-05-18 06:06:53,approved,虚假信息,human
AUD00007835,V00011406,2026-06-08 16:58:09,approved,无风险,machine
AUD00007836,V00006610,2026-05-31 18:50:40,approved,无风险,mixed
AUD00007837,V00014756,2026-08-20 21:07:48,approved,无风险,machine
AUD00007838,V00011448,2026-06-08 10:17:18,approved,无风险,machine
AUD00007839,V00000609,2026-03-21 15:59:28,approved,无风险,mixed
AUD00007840,V00010859,2026-04-14 13:54:44,approved,无风险,machine
AUD00007841,V00008313,2026-08-19 23:33:21,approved,无风险,mixed
AUD00007842,V00006592,2026-02-03 21:50:23,approved,无风险,machine
AUD00007843,V00007298,2026-03-28 14:52:09,approved,无风险,machine
AUD00007844,V00002267,2026-02-12 05:50:37,approved,无风险,machine
AUD00007845,V00014286,2026-01-02 11:36:43,approved,无风险,machine
AUD00007846,V00011293,2026-05-29 08:51:34,approved,无风险,machine
AUD00007847,V00005370,2026-02-05 11:10:12,approved,无风险,machine
AUD00007848,V00000410,2026-07-27 23:53:55,approved,无风险,machine
AUD00007849,V00013539,2026-01-27 14:52:46,approved,无风险,machine
AUD00007850,V00000722,2026-04-05 14:18:30,limited,无风险,machine
AUD00007851,V00013543,2026-03-19 06:04:36,approved,无风险,machine
AUD00007852,V00012530,2026-07-19 20:21:56,approved,无风险,machine
AUD00007853,V00011022,2026-02-14 11:25:22,approved,无风险,machine
AUD00007854,V00012154,2026-04-19 01:16:12,approved,无风险,machine
AUD00007855,V00009252,2026-07-30 17:12:52,limited,无风险,machine
AUD00007856,V00007446,2026-06-13 09:20:11,approved,无风险,machine
AUD00007857,V00010877,2026-05-13 15:26:55,approved,无风险,machine
AUD00007858,V00010831,2026-08-20 23:44:16,approved,无风险,mixed
AUD00007859,V00011633,2026-03-08 15:25:09,approved,无风险,human
AUD00007860,V00002122,2026-06-21 13:43:48,approved,无风险,mixed
AUD00007861,V00001733,2026-06-13 14:39:36,approved,无风险,machine
AUD00007862,V00004359,2026-01-01 07:48:58,approved,虚假信息,mixed
AUD00007863,V00001708,2026-07-18 21:34:36,approved,无风险,machine
AUD00007864,V00007972,2026-06-21 03:38:29,approved,无风险,machine
AUD00007865,V00014017,2026-08-16 19:56:54,approved,无风险,machine
AUD00007866,V00014633,2026-05-30 00:19:25,approved,无风险,mixed
AUD00007867,V00010474,2026-04-05 09:43:27,approved,无风险,mixed
AUD00007868,V00009561,2026-05-20 06:53:56,approved,无风险,machine
AUD00007869,V00005091,2026-08-13 08:01:54,approved,无风险,machine
AUD00007870,V00005333,2026-07-09 18:09:41,approved,无风险,machine
AUD00007871,V00012996,2026-08-10 21:51:56,approved,无风险,mixed
AUD00007872,V00006010,2026-03-12 22:37:57,approved,无风险,mixed
AUD00007873,V00000450,2026-01-18 08:16:09,approved,无风险,human
AUD00007874,V00003647,2026-08-13 05:42:34,approved,无风险,machine
AUD00007875,V00005941,2026-05-06 00:04:43,approved,侵权,machine
AUD00007876,V00002699,2026-06-22 18:29:37,approved,无风险,machine
AUD00007877,V00001629,2026-02-19 14:41:02,approved,无风险,machine
AUD00007878,V00006400,2026-06-22 10:37:47,approved,无风险,machine
AUD00007879,V00000711,2026-07-19 04:56:13,approved,无风险,machine
AUD00007880,V00007961,2026-07-25 06:17:28,approved,无风险,machine
AUD00007881,V00007128,2026-07-26 06:04:00,approved,无风险,machine
AUD00007882,V00000236,2026-07-01 17:10:56,approved,无风险,machine
AUD00007883,V00008329,2026-06-07 12:58:17,approved,无风险,machine
AUD00007884,V00002470,2026-07-23 06:45:51,rejected,无风险,machine
AUD00007885,V00000029,2026-03-01 13:30:31,approved,无风险,machine
AUD00007886,V00001104,2026-06-06 01:27:09,approved,无风险,machine
AUD00007887,V00013126,2026-06-06 14:20:50,approved,无风险,mixed
AUD00007888,V00014413,2026-08-16 02:39:16,approved,无风险,machine
AUD00007889,V00004497,2026-05-24 12:49:49,approved,无风险,human
AUD00007890,V00006747,2026-08-22 17:13:28,approved,无风险,machine
AUD00007891,V00007645,2026-06-13 07:01:31,approved,无风险,machine
AUD00007892,V00011589,2026-08-21 03:49:57,approved,无风险,mixed
AUD00007893,V00006705,2026-06-26 22:13:41,approved,无风险,mixed
AUD00007894,V00009250,2026-08-29 00:38:27,approved,无风险,human
AUD00007895,V00011654,2026-08-27 19:19:06,approved,无风险,machine
AUD00007896,V00007571,2026-05-04 08:30:06,approved,无风险,mixed
AUD00007897,V00003099,2026-04-18 20:05:04,approved,无风险,machine
AUD00007898,V00014101,2026-03-07 23:02:12,limited,无风险,mixed
AUD00007899,V00005404,2026-06-09 10:54:21,approved,无风险,human
AUD00007900,V00013825,2026-08-28 07:31:20,approved,无风险,machine
AUD00007901,V00001229,2026-02-07 15:55:43,approved,无风险,machine
AUD00007902,V00003515,2026-03-12 09:33:59,approved,无风险,machine
AUD00007903,V00011676,2026-07-22 05:48:10,approved,无风险,machine
AUD00007904,V00003062,2026-07-12 12:40:58,approved,无风险,mixed
AUD00007905,V00013431,2026-05-30 19:06:46,approved,无风险,machine
AUD00007906,V00000190,2026-06-12 18:41:42,approved,无风险,machine
AUD00007907,V00001899,2026-08-27 10:12:20,approved,无风险,machine
AUD00007908,V00001300,2026-04-10 05:26:18,approved,无风险,mixed
AUD00007909,V00012719,2026-02-26 05:07:05,approved,无风险,machine
AUD00007910,V00013295,2026-07-25 17:10:20,approved,无风险,machine
AUD00007911,V00006789,2026-07-28 05:22:48,limited,无风险,human
AUD00007912,V00004822,2026-06-21 10:18:03,approved,无风险,mixed
AUD00007913,V00005312,2026-08-02 13:21:22,approved,无风险,mixed
AUD00007914,V00012051,2026-08-08 22:35:02,approved,无风险,mixed
AUD00007915,V00001093,2026-04-20 09:24:20,approved,无风险,machine
AUD00007916,V00004584,2026-02-03 21:16:19,approved,无风险,machine
AUD00007917,V00012797,2026-08-03 17:14:02,approved,无风险,machine
AUD00007918,V00014363,2026-06-10 11:39:20,approved,无风险,machine
AUD00007919,V00009496,2026-06-06 19:38:35,approved,无风险,machine
AUD00007920,V00000176,2026-01-09 06:46:18,approved,无风险,machine
AUD00007921,V00008280,2026-06-10 19:37:59,rejected,无风险,machine
AUD00007922,V00002611,2026-07-29 18:53:08,approved,虚假信息,human
AUD00007923,V00002528,2026-06-05 21:51:46,approved,无风险,mixed
AUD00007924,V00010911,2026-08-10 20:06:14,approved,无风险,mixed
AUD00007925,V00004290,2026-01-14 23:15:55,approved,无风险,mixed
AUD00007926,V00010441,2026-04-11 21:41:27,approved,无风险,mixed
AUD00007927,V00013910,2026-07-15 02:32:34,approved,无风险,mixed
AUD00007928,V00002383,2026-06-14 10:37:31,approved,无风险,mixed
AUD00007929,V00012004,2026-03-06 01:35:37,approved,无风险,mixed
AUD00007930,V00005409,2026-06-22 09:09:18,approved,无风险,machine
AUD00007931,V00006388,2026-03-21 14:39:00,approved,无风险,machine
AUD00007932,V00014418,2026-04-12 01:17:38,approved,无风险,machine
AUD00007933,V00014598,2026-06-06 04:49:54,approved,无风险,machine
AUD00007934,V00000284,2026-05-17 04:04:17,approved,无风险,machine
AUD00007935,V00011173,2026-06-14 04:29:47,approved,无风险,machine
AUD00007936,V00014682,2026-04-19 20:20:35,approved,无风险,human
AUD00007937,V00006356,2026-06-08 15:05:35,limited,无风险,machine
AUD00007938,V00006670,2026-05-19 17:40:29,approved,无风险,machine
AUD00007939,V00005432,2026-03-22 17:44:34,approved,低俗,human
AUD00007940,V00010159,2026-08-18 10:57:17,approved,无风险,machine
AUD00007941,V00004004,2026-08-06 11:39:56,approved,无风险,machine
AUD00007942,V00004325,2026-05-19 20:31:38,limited,无风险,machine
AUD00007943,V00009506,2026-03-06 09:46:52,approved,无风险,machine
AUD00007944,V00004398,2026-07-15 05:23:12,approved,无风险,machine
AUD00007945,V00011494,2026-08-13 13:22:52,approved,无风险,machine
AUD00007946,V00011109,2026-01-18 19:39:00,approved,无风险,machine
AUD00007947,V00004728,2026-04-20 05:37:22,approved,无风险,machine
AUD00007948,V00012109,2026-08-28 11:17:50,approved,无风险,machine
AUD00007949,V00000978,2026-08-18 22:57:34,approved,无风险,machine
AUD00007950,V00010045,2026-07-16 05:28:28,approved,无风险,machine
AUD00007951,V00003771,2026-05-05 00:22:39,approved,无风险,machine
AUD00007952,V00007199,2026-08-16 17:18:26,approved,无风险,machine
AUD00007953,V00000791,2026-07-20 07:34:16,approved,无风险,human
AUD00007954,V00005440,2026-03-22 16:10:04,approved,无风险,machine
AUD00007955,V00011611,2026-02-27 04:28:39,approved,无风险,mixed
AUD00007956,V00011191,2026-07-30 23:40:00,approved,无风险,machine
AUD00007957,V00011865,2026-07-03 09:28:48,approved,无风险,mixed
AUD00007958,V00011074,2026-08-01 17:41:56,approved,无风险,machine
AUD00007959,V00006749,2026-02-12 01:02:39,approved,无风险,machine
AUD00007960,V00012111,2026-04-05 13:16:43,approved,无风险,machine
AUD00007961,V00011508,2026-01-12 02:04:36,approved,无风险,human
AUD00007962,V00013245,2026-02-05 08:51:02,approved,无风险,machine
AUD00007963,V00001218,2026-01-08 14:14:51,approved,无风险,machine
AUD00007964,V00011394,2026-08-28 10:22:26,approved,无风险,machine
AUD00007965,V00001672,2026-02-23 18:30:26,approved,无风险,mixed
AUD00007966,V00002628,2026-02-13 05:54:53,approved,无风险,human
AUD00007967,V00001524,2026-04-04 12:18:19,approved,无风险,machine
AUD00007968,V00008215,2026-08-28 10:45:22,limited,无风险,mixed
AUD00007969,V00000838,2026-01-28 08:56:16,approved,无风险,machine
AUD00007970,V00004640,2026-05-11 16:38:28,approved,无风险,mixed
AUD00007971,V00009902,2026-08-09 23:58:26,approved,无风险,machine
AUD00007972,V00013233,2026-01-08 21:59:23,approved,无风险,machine
AUD00007973,V00001076,2026-08-01 02:32:33,approved,无风险,mixed
AUD00007974,V00012801,2026-08-26 18:52:33,approved,无风险,machine
AUD00007975,V00013177,2026-08-25 02:09:07,approved,无风险,machine
AUD00007976,V00005095,2026-04-23 14:44:26,approved,无风险,machine
AUD00007977,V00010018,2026-07-19 21:38:10,approved,无风险,human
AUD00007978,V00008124,2026-03-28 04:56:59,approved,无风险,human
AUD00007979,V00003630,2026-01-09 23:02:49,approved,无风险,machine
AUD00007980,V00013719,2026-03-04 03:55:28,rejected,无风险,mixed
AUD00007981,V00009781,2026-08-03 11:17:44,approved,无风险,machine
AUD00007982,V00007102,2026-04-17 02:54:17,approved,无风险,machine
AUD00007983,V00007367,2026-08-07 18:45:17,approved,无风险,machine
AUD00007984,V00009898,2026-03-28 02:39:37,approved,侵权,machine
AUD00007985,V00012285,2026-03-15 06:15:05,approved,无风险,mixed
AUD00007986,V00014407,2026-01-31 08:37:41,approved,无风险,machine
AUD00007987,V00010682,2026-01-15 03:37:06,approved,无风险,machine
AUD00007988,V00003949,2026-08-07 07:32:08,approved,无风险,machine
AUD00007989,V00004532,2026-08-16 18:06:08,approved,无风险,mixed
AUD00007990,V00004472,2026-08-23 12:30:43,approved,无风险,machine
AUD00007991,V00004090,2026-01-01 23:47:41,approved,无风险,machine
AUD00007992,V00012908,2026-07-14 09:05:05,approved,无风险,machine
AUD00007993,V00009919,2026-03-28 09:03:02,approved,无风险,machine
AUD00007994,V00006600,2026-03-16 15:32:08,approved,无风险,human
AUD00007995,V00008448,2026-05-13 05:20:12,approved,无风险,mixed
AUD00007996,V00011861,2026-05-06 12:45:09,approved,无风险,machine
AUD00007997,V00009980,2026-05-06 15:37:14,approved,虚假信息,mixed
AUD00007998,V00000162,2026-07-03 09:25:09,approved,无风险,machine
AUD00007999,V00014019,2026-07-09 05:13:14,approved,无风险,machine
AUD00008000,V00002848,2026-06-10 15:52:02,approved,无风险,human
