recall_result_id,touch_id,user_id,recalled,returned_at,active_days_after_recall
RCR000000001,RCT000000001,U0001742,0,,0
RCR000000002,RCT000000002,U0000923,0,,0
RCR000000003,RCT000000003,U0004264,0,,0
RCR000000004,RCT000000004,U0011484,0,,0
RCR000000005,RCT000000005,U0002944,0,,0
RCR000000006,RCT000000006,U0003370,0,,0
RCR000000007,RCT000000007,U0000340,1,2026-05-24 23:00:00,1
RCR000000008,RCT000000008,U0000716,0,,0
RCR000000009,RCT000000009,U0010554,0,,0
RCR000000010,RCT000000010,U0001718,0,,0
RCR000000011,RCT000000011,U0003600,0,,0
RCR000000012,RCT000000012,U0009804,1,2026-05-31 05:00:00,2
RCR000000013,RCT000000013,U0009378,0,,0
RCR000000014,RCT000000014,U0011597,0,,0
RCR000000015,RCT000000015,U0009025,0,,0
RCR000000016,RCT000000016,U0005669,0,,0
RCR000000017,RCT000000017,U0005167,0,,0
RCR000000018,RCT000000018,U0000438,0,,0
RCR000000019,RCT000000019,U0010087,0,,0
RCR000000020,RCT000000020,U0004846,0,,0
RCR000000021,RCT000000021,U0010848,0,,0
RCR000000022,RCT000000022,U0003302,1,2026-04-15 08:00:00,6
RCR000000023,RCT000000023,U0011793,1,2026-03-16 09:00:00,6
RCR000000024,RCT000000024,U0004587,0,,0
RCR000000025,RCT000000025,U0002262,0,,0
RCR000000026,RCT000000026,U0004125,0,,0
RCR000000027,RCT000000027,U0009454,1,2026-06-11 05:00:00,2
RCR000000028,RCT000000028,U0001949,0,,0
RCR000000029,RCT000000029,U0006212,0,,0
RCR000000030,RCT000000030,U0003850,0,,0
RCR000000031,RCT000000031,U0004211,0,,0
RCR000000032,RCT000000032,U0006903,0,,0
RCR000000033,RCT000000033,U0001534,0,,0
RCR000000034,RCT000000034,U0011857,0,,0
RCR000000035,RCT000000035,U0011029,1,2026-06-07 16:00:00,7
RCR000000036,RCT000000036,U0007131,0,,0
RCR000000037,RCT000000037,U0000871,0,,0
RCR000000038,RCT000000038,U0001485,0,,0
RCR000000039,RCT000000039,U0000067,0,,0
RCR000000040,RCT000000040,U0007253,1,2026-03-06 11:00:00,7
RCR000000041,RCT000000041,U0003132,0,,0
RCR000000042,RCT000000042,U0004762,0,,0
RCR000000043,RCT000000043,U0004478,0,,0
RCR000000044,RCT000000044,U0011087,0,,0
RCR000000045,RCT000000045,U0000760,0,,0
RCR000000046,RCT000000046,U0008700,0,,0
RCR000000047,RCT000000047,U0004099,0,,0
RCR000000048,RCT000000048,U0008999,0,,0
RCR000000049,RCT000000049,U0008221,0,,0
RCR000000050,RCT000000050,U0010026,0,,0
RCR000000051,RCT000000051,U0002301,0,,0
RCR000000052,RCT000000052,U0006572,0,,0
RCR000000053,RCT000000053,U0009198,0,,0
RCR000000054,RCT000000054,U0011608,0,,0
RCR000000055,RCT000000055,U0011782,0,,0
RCR000000056,RCT000000056,U0002031,1,2026-03-19 09:00:00,4
RCR000000057,RCT000000057,U0001091,0,,0
RCR000000058,RCT000000058,U0006251,0,,0
RCR000000059,RCT000000059,U0005925,0,,0
RCR000000060,RCT000000060,U0008332,0,,0
RCR000000061,RCT000000061,U0000031,0,,0
RCR000000062,RCT000000062,U0011564,0,,0
RCR000000063,RCT000000063,U0010339,0,,0
RCR000000064,RCT000000064,U0010327,0,,0
RCR000000065,RCT000000065,U0001361,0,,0
RCR000000066,RCT000000066,U0000720,0,,0
RCR000000067,RCT000000067,U0000131,0,,0
RCR000000068,RCT000000068,U0000011,0,,0
RCR000000069,RCT000000069,U0001493,0,,0
RCR000000070,RCT000000070,U0004419,0,,0
RCR000000071,RCT000000071,U0005312,0,,0
RCR000000072,RCT000000072,U0010091,0,,0
RCR000000073,RCT000000073,U0011252,0,,0
RCR000000074,RCT000000074,U0008077,0,,0
RCR000000075,RCT000000075,U0008572,0,,0
RCR000000076,RCT000000076,U0004861,0,,0
RCR000000077,RCT000000077,U0000378,0,,0
RCR000000078,RCT000000078,U0009400,0,,0
RCR000000079,RCT000000079,U0002538,0,,0
RCR000000080,RCT000000080,U0010697,0,,0
RCR000000081,RCT000000081,U0010376,0,,0
RCR000000082,RCT000000082,U0000438,0,,0
RCR000000083,RCT000000083,U0011296,0,,0
RCR000000084,RCT000000084,U0006642,0,,0
RCR000000085,RCT000000085,U0002590,0,,0
RCR000000086,RCT000000086,U0002108,0,,0
RCR000000087,RCT000000087,U0010028,0,,0
RCR000000088,RCT000000088,U0009618,0,,0
RCR000000089,RCT000000089,U0003134,0,,0
RCR000000090,RCT000000090,U0000632,0,,0
RCR000000091,RCT000000091,U0000438,0,,0
RCR000000092,RCT000000092,U0002576,0,,0
RCR000000093,RCT000000093,U0011909,0,,0
RCR000000094,RCT000000094,U0007379,0,,0
RCR000000095,RCT000000095,U0008830,0,,0
RCR000000096,RCT000000096,U0008608,0,,0
RCR000000097,RCT000000097,U0011069,0,,0
RCR000000098,RCT000000098,U0009372,0,,0
RCR000000099,RCT000000099,U0001310,0,,0
RCR000000100,RCT000000100,U0004079,0,,0
RCR000000101,RCT000000101,U0011509,0,,0
RCR000000102,RCT000000102,U0008308,1,2026-07-14 11:00:00,4
RCR000000103,RCT000000103,U0004702,0,,0
RCR000000104,RCT000000104,U0005860,0,,0
RCR000000105,RCT000000105,U0006915,0,,0
RCR000000106,RCT000000106,U0000446,0,,0
RCR000000107,RCT000000107,U0007181,0,,0
RCR000000108,RCT000000108,U0003145,0,,0
RCR000000109,RCT000000109,U0010406,0,,0
RCR000000110,RCT000000110,U0003850,0,,0
RCR000000111,RCT000000111,U0005324,0,,0
RCR000000112,RCT000000112,U0011254,0,,0
RCR000000113,RCT000000113,U0000833,0,,0
RCR000000114,RCT000000114,U0002683,0,,0
RCR000000115,RCT000000115,U0006520,0,,0
RCR000000116,RCT000000116,U0003560,0,,0
RCR000000117,RCT000000117,U0000867,0,,0
RCR000000118,RCT000000118,U0009949,0,,0
RCR000000119,RCT000000119,U0007314,0,,0
RCR000000120,RCT000000120,U0006235,0,,0
RCR000000121,RCT000000121,U0011524,0,,0
RCR000000122,RCT000000122,U0011402,1,2026-04-27 01:00:00,5
RCR000000123,RCT000000123,U0010731,0,,0
RCR000000124,RCT000000124,U0005561,0,,0
RCR000000125,RCT000000125,U0003259,0,,0
RCR000000126,RCT000000126,U0008492,0,,0
RCR000000127,RCT000000127,U0003516,0,,0
RCR000000128,RCT000000128,U0003354,0,,0
RCR000000129,RCT000000129,U0001775,0,,0
RCR000000130,RCT000000130,U0000515,0,,0
RCR000000131,RCT000000131,U0006874,0,,0
RCR000000132,RCT000000132,U0004801,0,,0
RCR000000133,RCT000000133,U0011162,0,,0
RCR000000134,RCT000000134,U0006834,0,,0
RCR000000135,RCT000000135,U0011661,0,,0
RCR000000136,RCT000000136,U0010942,0,,0
RCR000000137,RCT000000137,U0000195,0,,0
RCR000000138,RCT000000138,U0010931,0,,0
RCR000000139,RCT000000139,U0003643,0,,0
RCR000000140,RCT000000140,U0004705,1,2026-05-31 13:00:00,3
RCR000000141,RCT000000141,U0006104,0,,0
RCR000000142,RCT000000142,U0001719,0,,0
RCR000000143,RCT000000143,U0010859,0,,0
RCR000000144,RCT000000144,U0005046,0,,0
RCR000000145,RCT000000145,U0011818,0,,0
RCR000000146,RCT000000146,U0003801,0,,0
RCR000000147,RCT000000147,U0010636,0,,0
RCR000000148,RCT000000148,U0003244,0,,0
RCR000000149,RCT000000149,U0000341,0,,0
RCR000000150,RCT000000150,U0007525,0,,0
RCR000000151,RCT000000151,U0003235,0,,0
RCR000000152,RCT000000152,U0010909,0,,0
RCR000000153,RCT000000153,U0011271,0,,0
RCR000000154,RCT000000154,U0008676,0,,0
RCR000000155,RCT000000155,U0002151,0,,0
RCR000000156,RCT000000156,U0010072,0,,0
RCR000000157,RCT000000157,U0000353,0,,0
RCR000000158,RCT000000158,U0004211,0,,0
RCR000000159,RCT000000159,U0010000,0,,0
RCR000000160,RCT000000160,U0009797,0,,0
RCR000000161,RCT000000161,U0011865,0,,0
RCR000000162,RCT000000162,U0002314,1,2026-06-06 06:00:00,2
RCR000000163,RCT000000163,U0005949,1,2026-02-15 13:00:00,2
RCR000000164,RCT000000164,U0004718,0,,0
RCR000000165,RCT000000165,U0005613,0,,0
RCR000000166,RCT000000166,U0009740,0,,0
RCR000000167,RCT000000167,U0011597,0,,0
RCR000000168,RCT000000168,U0003961,0,,0
RCR000000169,RCT000000169,U0007778,0,,0
RCR000000170,RCT000000170,U0008439,0,,0
RCR000000171,RCT000000171,U0006989,0,,0
RCR000000172,RCT000000172,U0009376,0,,0
RCR000000173,RCT000000173,U0003786,0,,0
RCR000000174,RCT000000174,U0011059,0,,0
RCR000000175,RCT000000175,U0009588,0,,0
RCR000000176,RCT000000176,U0008998,0,,0
RCR000000177,RCT000000177,U0010302,0,,0
RCR000000178,RCT000000178,U0004906,0,,0
RCR000000179,RCT000000179,U0006939,0,,0
RCR000000180,RCT000000180,U0006482,0,,0
RCR000000181,RCT000000181,U0011979,0,,0
RCR000000182,RCT000000182,U0004783,0,,0
RCR000000183,RCT000000183,U0009087,0,,0
RCR000000184,RCT000000184,U0010913,0,,0
RCR000000185,RCT000000185,U0000972,0,,0
RCR000000186,RCT000000186,U0006178,0,,0
RCR000000187,RCT000000187,U0008389,0,,0
RCR000000188,RCT000000188,U0002198,0,,0
RCR000000189,RCT000000189,U0005991,0,,0
RCR000000190,RCT000000190,U0009975,0,,0
RCR000000191,RCT000000191,U0007367,0,,0
RCR000000192,RCT000000192,U0010966,0,,0
RCR000000193,RCT000000193,U0008959,0,,0
RCR000000194,RCT000000194,U0009164,0,,0
RCR000000195,RCT000000195,U0002039,0,,0
RCR000000196,RCT000000196,U0011854,0,,0
RCR000000197,RCT000000197,U0006332,1,2026-03-01 10:00:00,5
RCR000000198,RCT000000198,U0001813,0,,0
RCR000000199,RCT000000199,U0004604,0,,0
RCR000000200,RCT000000200,U0004273,0,,0
RCR000000201,RCT000000201,U0000354,0,,0
RCR000000202,RCT000000202,U0009978,0,,0
RCR000000203,RCT000000203,U0011786,0,,0
RCR000000204,RCT000000204,U0011493,0,,0
RCR000000205,RCT000000205,U0010999,0,,0
RCR000000206,RCT000000206,U0001860,0,,0
RCR000000207,RCT000000207,U0004318,0,,0
RCR000000208,RCT000000208,U0011942,0,,0
RCR000000209,RCT000000209,U0005605,1,2026-02-10 23:00:00,2
RCR000000210,RCT000000210,U0000477,0,,0
RCR000000211,RCT000000211,U0000817,0,,0
RCR000000212,RCT000000212,U0010003,0,,0
RCR000000213,RCT000000213,U0002372,0,,0
RCR000000214,RCT000000214,U0004295,0,,0
RCR000000215,RCT000000215,U0009769,0,,0
RCR000000216,RCT000000216,U0006897,0,,0
RCR000000217,RCT000000217,U0006374,1,2026-06-28 19:00:00,5
RCR000000218,RCT000000218,U0011763,0,,0
RCR000000219,RCT000000219,U0000038,0,,0
RCR000000220,RCT000000220,U0006806,1,2026-04-19 14:00:00,2
RCR000000221,RCT000000221,U0005221,0,,0
RCR000000222,RCT000000222,U0005135,0,,0
RCR000000223,RCT000000223,U0004892,0,,0
RCR000000224,RCT000000224,U0009518,0,,0
RCR000000225,RCT000000225,U0004783,1,2026-03-06 02:00:00,7
RCR000000226,RCT000000226,U0009110,0,,0
RCR000000227,RCT000000227,U0003270,0,,0
RCR000000228,RCT000000228,U0000291,0,,0
RCR000000229,RCT000000229,U0005850,0,,0
RCR000000230,RCT000000230,U0009838,0,,0
RCR000000231,RCT000000231,U0010378,0,,0
RCR000000232,RCT000000232,U0005451,0,,0
RCR000000233,RCT000000233,U0005211,0,,0
RCR000000234,RCT000000234,U0010089,0,,0
RCR000000235,RCT000000235,U0005483,0,,0
RCR000000236,RCT000000236,U0003234,0,,0
RCR000000237,RCT000000237,U0008994,0,,0
RCR000000238,RCT000000238,U0003845,0,,0
RCR000000239,RCT000000239,U0010621,0,,0
RCR000000240,RCT000000240,U0007296,0,,0
RCR000000241,RCT000000241,U0003774,0,,0
RCR000000242,RCT000000242,U0010533,0,,0
RCR000000243,RCT000000243,U0007542,0,,0
RCR000000244,RCT000000244,U0003213,0,,0
RCR000000245,RCT000000245,U0001706,0,,0
RCR000000246,RCT000000246,U0004174,0,,0
RCR000000247,RCT000000247,U0006561,0,,0
RCR000000248,RCT000000248,U0006163,1,2026-04-09 00:00:00,6
RCR000000249,RCT000000249,U0010776,0,,0
RCR000000250,RCT000000250,U0005467,0,,0
RCR000000251,RCT000000251,U0006076,0,,0
RCR000000252,RCT000000252,U0009690,0,,0
RCR000000253,RCT000000253,U0001497,1,2026-02-18 20:00:00,4
RCR000000254,RCT000000254,U0001744,0,,0
RCR000000255,RCT000000255,U0002293,0,,0
RCR000000256,RCT000000256,U0010275,0,,0
RCR000000257,RCT000000257,U0006537,0,,0
RCR000000258,RCT000000258,U0011956,0,,0
RCR000000259,RCT000000259,U0002331,0,,0
RCR000000260,RCT000000260,U0010195,0,,0
RCR000000261,RCT000000261,U0005242,1,2026-05-28 09:00:00,3
RCR000000262,RCT000000262,U0004872,0,,0
RCR000000263,RCT000000263,U0002331,1,2026-05-30 20:00:00,5
RCR000000264,RCT000000264,U0011700,0,,0
RCR000000265,RCT000000265,U0004445,0,,0
RCR000000266,RCT000000266,U0009757,1,2026-05-27 13:00:00,6
RCR000000267,RCT000000267,U0008340,0,,0
RCR000000268,RCT000000268,U0003979,0,,0
RCR000000269,RCT000000269,U0002812,0,,0
RCR000000270,RCT000000270,U0004977,0,,0
RCR000000271,RCT000000271,U0009136,0,,0
RCR000000272,RCT000000272,U0005007,0,,0
RCR000000273,RCT000000273,U0009437,0,,0
RCR000000274,RCT000000274,U0006077,0,,0
RCR000000275,RCT000000275,U0005826,0,,0
RCR000000276,RCT000000276,U0009132,0,,0
RCR000000277,RCT000000277,U0004135,0,,0
RCR000000278,RCT000000278,U0005998,0,,0
RCR000000279,RCT000000279,U0002859,0,,0
RCR000000280,RCT000000280,U0005858,0,,0
RCR000000281,RCT000000281,U0008398,0,,0
RCR000000282,RCT000000282,U0003489,0,,0
RCR000000283,RCT000000283,U0005017,0,,0
RCR000000284,RCT000000284,U0006555,0,,0
RCR000000285,RCT000000285,U0005680,0,,0
RCR000000286,RCT000000286,U0000686,0,,0
RCR000000287,RCT000000287,U0007790,0,,0
RCR000000288,RCT000000288,U0003241,0,,0
RCR000000289,RCT000000289,U0003346,0,,0
RCR000000290,RCT000000290,U0011613,0,,0
RCR000000291,RCT000000291,U0001780,0,,0
RCR000000292,RCT000000292,U0001456,1,2026-06-19 15:00:00,3
RCR000000293,RCT000000293,U0001744,1,2026-03-04 16:00:00,1
RCR000000294,RCT000000294,U0001064,0,,0
RCR000000295,RCT000000295,U0011073,1,2026-02-16 05:00:00,7
RCR000000296,RCT000000296,U0002100,0,,0
RCR000000297,RCT000000297,U0005372,1,2026-05-27 14:00:00,5
RCR000000298,RCT000000298,U0011830,0,,0
RCR000000299,RCT000000299,U0005454,0,,0
RCR000000300,RCT000000300,U0005656,1,2026-06-29 17:00:00,2
RCR000000301,RCT000000301,U0003716,0,,0
RCR000000302,RCT000000302,U0003025,0,,0
RCR000000303,RCT000000303,U0004675,0,,0
RCR000000304,RCT000000304,U0004042,0,,0
RCR000000305,RCT000000305,U0003693,0,,0
RCR000000306,RCT000000306,U0007377,0,,0
RCR000000307,RCT000000307,U0001255,0,,0
RCR000000308,RCT000000308,U0003365,0,,0
RCR000000309,RCT000000309,U0005037,0,,0
RCR000000310,RCT000000310,U0004223,0,,0
RCR000000311,RCT000000311,U0007643,0,,0
RCR000000312,RCT000000312,U0008543,0,,0
RCR000000313,RCT000000313,U0011590,0,,0
RCR000000314,RCT000000314,U0010288,1,2026-05-31 16:00:00,3
RCR000000315,RCT000000315,U0001045,0,,0
RCR000000316,RCT000000316,U0009638,0,,0
RCR000000317,RCT000000317,U0004376,0,,0
RCR000000318,RCT000000318,U0004424,0,,0
RCR000000319,RCT000000319,U0002998,0,,0
RCR000000320,RCT000000320,U0000291,0,,0
RCR000000321,RCT000000321,U0005801,0,,0
RCR000000322,RCT000000322,U0009311,0,,0
RCR000000323,RCT000000323,U0005952,0,,0
RCR000000324,RCT000000324,U0008681,0,,0
RCR000000325,RCT000000325,U0011991,0,,0
RCR000000326,RCT000000326,U0005046,0,,0
RCR000000327,RCT000000327,U0007401,0,,0
RCR000000328,RCT000000328,U0007043,0,,0
RCR000000329,RCT000000329,U0003784,0,,0
RCR000000330,RCT000000330,U0005932,0,,0
RCR000000331,RCT000000331,U0009083,0,,0
RCR000000332,RCT000000332,U0005746,0,,0
RCR000000333,RCT000000333,U0006440,0,,0
RCR000000334,RCT000000334,U0009824,0,,0
RCR000000335,RCT000000335,U0002671,1,2026-02-10 01:00:00,1
RCR000000336,RCT000000336,U0006648,0,,0
RCR000000337,RCT000000337,U0008855,0,,0
RCR000000338,RCT000000338,U0010782,0,,0
RCR000000339,RCT000000339,U0002273,0,,0
RCR000000340,RCT000000340,U0004794,1,2026-04-28 06:00:00,1
RCR000000341,RCT000000341,U0011637,0,,0
RCR000000342,RCT000000342,U0009740,0,,0
RCR000000343,RCT000000343,U0000571,0,,0
RCR000000344,RCT000000344,U0007673,0,,0
RCR000000345,RCT000000345,U0005481,0,,0
RCR000000346,RCT000000346,U0011363,0,,0
RCR000000347,RCT000000347,U0004871,0,,0
RCR000000348,RCT000000348,U0010438,1,2026-06-19 04:00:00,5
RCR000000349,RCT000000349,U0007982,0,,0
RCR000000350,RCT000000350,U0003853,0,,0
RCR000000351,RCT000000351,U0007532,1,2026-02-11 12:00:00,6
RCR000000352,RCT000000352,U0009851,1,2026-06-26 02:00:00,2
RCR000000353,RCT000000353,U0007981,0,,0
RCR000000354,RCT000000354,U0008834,1,2026-03-06 00:00:00,4
RCR000000355,RCT000000355,U0000446,0,,0
RCR000000356,RCT000000356,U0011148,1,2026-04-26 17:00:00,1
RCR000000357,RCT000000357,U0011869,0,,0
RCR000000358,RCT000000358,U0008653,0,,0
RCR000000359,RCT000000359,U0002606,0,,0
RCR000000360,RCT000000360,U0010365,0,,0
RCR000000361,RCT000000361,U0000281,0,,0
RCR000000362,RCT000000362,U0005595,0,,0
RCR000000363,RCT000000363,U0000264,0,,0
RCR000000364,RCT000000364,U0005615,1,2026-06-17 11:00:00,3
RCR000000365,RCT000000365,U0001933,0,,0
RCR000000366,RCT000000366,U0010001,0,,0
RCR000000367,RCT000000367,U0001507,0,,0
RCR000000368,RCT000000368,U0002306,0,,0
RCR000000369,RCT000000369,U0002003,0,,0
RCR000000370,RCT000000370,U0010642,0,,0
RCR000000371,RCT000000371,U0011723,0,,0
RCR000000372,RCT000000372,U0006439,0,,0
RCR000000373,RCT000000373,U0011805,0,,0
RCR000000374,RCT000000374,U0007162,1,2026-06-18 09:00:00,6
RCR000000375,RCT000000375,U0002986,0,,0
RCR000000376,RCT000000376,U0001346,0,,0
RCR000000377,RCT000000377,U0002981,0,,0
RCR000000378,RCT000000378,U0010136,0,,0
RCR000000379,RCT000000379,U0002869,0,,0
RCR000000380,RCT000000380,U0003629,0,,0
RCR000000381,RCT000000381,U0008140,0,,0
RCR000000382,RCT000000382,U0001996,0,,0
RCR000000383,RCT000000383,U0000407,0,,0
RCR000000384,RCT000000384,U0004672,1,2026-07-02 07:00:00,4
RCR000000385,RCT000000385,U0006821,0,,0
RCR000000386,RCT000000386,U0009329,0,,0
RCR000000387,RCT000000387,U0007624,0,,0
RCR000000388,RCT000000388,U0003479,0,,0
RCR000000389,RCT000000389,U0003647,0,,0
RCR000000390,RCT000000390,U0004804,0,,0
RCR000000391,RCT000000391,U0001319,0,,0
RCR000000392,RCT000000392,U0005698,0,,0
RCR000000393,RCT000000393,U0005350,0,,0
RCR000000394,RCT000000394,U0005357,0,,0
RCR000000395,RCT000000395,U0006462,1,2026-02-18 09:00:00,2
RCR000000396,RCT000000396,U0006819,0,,0
RCR000000397,RCT000000397,U0011985,1,2026-05-30 16:00:00,6
RCR000000398,RCT000000398,U0002922,0,,0
RCR000000399,RCT000000399,U0003661,0,,0
RCR000000400,RCT000000400,U0010701,0,,0
RCR000000401,RCT000000401,U0000169,0,,0
RCR000000402,RCT000000402,U0001757,0,,0
RCR000000403,RCT000000403,U0003252,0,,0
RCR000000404,RCT000000404,U0007875,0,,0
RCR000000405,RCT000000405,U0001788,0,,0
RCR000000406,RCT000000406,U0007264,0,,0
RCR000000407,RCT000000407,U0002249,0,,0
RCR000000408,RCT000000408,U0005702,0,,0
RCR000000409,RCT000000409,U0002553,0,,0
RCR000000410,RCT000000410,U0008104,0,,0
RCR000000411,RCT000000411,U0002878,0,,0
RCR000000412,RCT000000412,U0010668,0,,0
RCR000000413,RCT000000413,U0005286,0,,0
RCR000000414,RCT000000414,U0009895,0,,0
RCR000000415,RCT000000415,U0001586,0,,0
RCR000000416,RCT000000416,U0002062,0,,0
RCR000000417,RCT000000417,U0010169,1,2026-03-13 16:00:00,1
RCR000000418,RCT000000418,U0007648,0,,0
RCR000000419,RCT000000419,U0005487,0,,0
RCR000000420,RCT000000420,U0009378,0,,0
RCR000000421,RCT000000421,U0003305,0,,0
RCR000000422,RCT000000422,U0005117,0,,0
RCR000000423,RCT000000423,U0007131,0,,0
RCR000000424,RCT000000424,U0003805,0,,0
RCR000000425,RCT000000425,U0001293,0,,0
RCR000000426,RCT000000426,U0000596,0,,0
RCR000000427,RCT000000427,U0002577,0,,0
RCR000000428,RCT000000428,U0005108,0,,0
RCR000000429,RCT000000429,U0010355,1,2026-02-27 18:00:00,5
RCR000000430,RCT000000430,U0005480,0,,0
RCR000000431,RCT000000431,U0006653,0,,0
RCR000000432,RCT000000432,U0002851,0,,0
RCR000000433,RCT000000433,U0010051,0,,0
RCR000000434,RCT000000434,U0011483,0,,0
RCR000000435,RCT000000435,U0007355,0,,0
RCR000000436,RCT000000436,U0001438,0,,0
RCR000000437,RCT000000437,U0003011,0,,0
RCR000000438,RCT000000438,U0004570,0,,0
RCR000000439,RCT000000439,U0008586,0,,0
RCR000000440,RCT000000440,U0007948,0,,0
RCR000000441,RCT000000441,U0008694,0,,0
RCR000000442,RCT000000442,U0003822,0,,0
RCR000000443,RCT000000443,U0007481,0,,0
RCR000000444,RCT000000444,U0001899,0,,0
RCR000000445,RCT000000445,U0010369,0,,0
RCR000000446,RCT000000446,U0000161,0,,0
RCR000000447,RCT000000447,U0007429,0,,0
RCR000000448,RCT000000448,U0008417,0,,0
RCR000000449,RCT000000449,U0010339,1,2026-06-28 00:00:00,5
RCR000000450,RCT000000450,U0010782,0,,0
RCR000000451,RCT000000451,U0010966,0,,0
RCR000000452,RCT000000452,U0009210,0,,0
RCR000000453,RCT000000453,U0001453,1,2026-05-27 07:00:00,2
RCR000000454,RCT000000454,U0006796,0,,0
RCR000000455,RCT000000455,U0009863,1,2026-04-13 13:00:00,2
RCR000000456,RCT000000456,U0011538,0,,0
RCR000000457,RCT000000457,U0002482,0,,0
RCR000000458,RCT000000458,U0009096,1,2026-02-28 04:00:00,7
RCR000000459,RCT000000459,U0008442,0,,0
RCR000000460,RCT000000460,U0007840,0,,0
RCR000000461,RCT000000461,U0002093,0,,0
RCR000000462,RCT000000462,U0002418,0,,0
RCR000000463,RCT000000463,U0004750,1,2026-06-09 19:00:00,7
RCR000000464,RCT000000464,U0007474,0,,0
RCR000000465,RCT000000465,U0007995,0,,0
RCR000000466,RCT000000466,U0007059,0,,0
RCR000000467,RCT000000467,U0010058,0,,0
RCR000000468,RCT000000468,U0008769,1,2026-03-03 06:00:00,4
RCR000000469,RCT000000469,U0005560,0,,0
RCR000000470,RCT000000470,U0000583,0,,0
RCR000000471,RCT000000471,U0009530,0,,0
RCR000000472,RCT000000472,U0009179,0,,0
RCR000000473,RCT000000473,U0004664,0,,0
RCR000000474,RCT000000474,U0005750,0,,0
RCR000000475,RCT000000475,U0011465,0,,0
RCR000000476,RCT000000476,U0006293,0,,0
RCR000000477,RCT000000477,U0010376,0,,0
RCR000000478,RCT000000478,U0011519,0,,0
RCR000000479,RCT000000479,U0009586,0,,0
RCR000000480,RCT000000480,U0009664,0,,0
RCR000000481,RCT000000481,U0006328,0,,0
RCR000000482,RCT000000482,U0004988,0,,0
RCR000000483,RCT000000483,U0007147,0,,0
RCR000000484,RCT000000484,U0002379,0,,0
RCR000000485,RCT000000485,U0010040,0,,0
RCR000000486,RCT000000486,U0006393,0,,0
RCR000000487,RCT000000487,U0010255,0,,0
RCR000000488,RCT000000488,U0009967,0,,0
RCR000000489,RCT000000489,U0001424,0,,0
RCR000000490,RCT000000490,U0003134,0,,0
RCR000000491,RCT000000491,U0001112,0,,0
RCR000000492,RCT000000492,U0006205,0,,0
RCR000000493,RCT000000493,U0009876,0,,0
RCR000000494,RCT000000494,U0005693,0,,0
RCR000000495,RCT000000495,U0001960,0,,0
RCR000000496,RCT000000496,U0010882,0,,0
RCR000000497,RCT000000497,U0009935,0,,0
RCR000000498,RCT000000498,U0008690,1,2026-06-28 16:00:00,4
RCR000000499,RCT000000499,U0007997,0,,0
RCR000000500,RCT000000500,U0002479,0,,0
RCR000000501,RCT000000501,U0006930,0,,0
RCR000000502,RCT000000502,U0009351,0,,0
RCR000000503,RCT000000503,U0010917,0,,0
RCR000000504,RCT000000504,U0001819,0,,0
RCR000000505,RCT000000505,U0005537,1,2026-02-03 21:00:00,7
RCR000000506,RCT000000506,U0000386,0,,0
RCR000000507,RCT000000507,U0001458,0,,0
RCR000000508,RCT000000508,U0004537,0,,0
RCR000000509,RCT000000509,U0001469,0,,0
RCR000000510,RCT000000510,U0005360,0,,0
RCR000000511,RCT000000511,U0002981,0,,0
RCR000000512,RCT000000512,U0009904,0,,0
RCR000000513,RCT000000513,U0010249,0,,0
RCR000000514,RCT000000514,U0003039,0,,0
RCR000000515,RCT000000515,U0001404,0,,0
RCR000000516,RCT000000516,U0005859,0,,0
RCR000000517,RCT000000517,U0001358,0,,0
RCR000000518,RCT000000518,U0004557,0,,0
RCR000000519,RCT000000519,U0010256,0,,0
RCR000000520,RCT000000520,U0003805,0,,0
RCR000000521,RCT000000521,U0007523,0,,0
RCR000000522,RCT000000522,U0002241,0,,0
RCR000000523,RCT000000523,U0003814,0,,0
RCR000000524,RCT000000524,U0011337,0,,0
RCR000000525,RCT000000525,U0010450,0,,0
RCR000000526,RCT000000526,U0001903,0,,0
RCR000000527,RCT000000527,U0003995,0,,0
RCR000000528,RCT000000528,U0002116,0,,0
RCR000000529,RCT000000529,U0001044,1,2026-06-01 05:00:00,3
RCR000000530,RCT000000530,U0004128,0,,0
RCR000000531,RCT000000531,U0001779,1,2026-06-07 05:00:00,2
RCR000000532,RCT000000532,U0010708,0,,0
RCR000000533,RCT000000533,U0011217,0,,0
RCR000000534,RCT000000534,U0002424,0,,0
RCR000000535,RCT000000535,U0007877,0,,0
RCR000000536,RCT000000536,U0004756,0,,0
RCR000000537,RCT000000537,U0004991,0,,0
RCR000000538,RCT000000538,U0001624,0,,0
RCR000000539,RCT000000539,U0008473,1,2026-06-19 05:00:00,4
RCR000000540,RCT000000540,U0007859,0,,0
RCR000000541,RCT000000541,U0001475,0,,0
RCR000000542,RCT000000542,U0004929,0,,0
RCR000000543,RCT000000543,U0005654,0,,0
RCR000000544,RCT000000544,U0007756,0,,0
RCR000000545,RCT000000545,U0000366,1,2026-02-17 17:00:00,5
RCR000000546,RCT000000546,U0000477,0,,0
RCR000000547,RCT000000547,U0010857,0,,0
RCR000000548,RCT000000548,U0004031,0,,0
RCR000000549,RCT000000549,U0005096,0,,0
RCR000000550,RCT000000550,U0009043,0,,0
RCR000000551,RCT000000551,U0010958,0,,0
RCR000000552,RCT000000552,U0010478,0,,0
RCR000000553,RCT000000553,U0006952,1,2026-02-06 01:00:00,1
RCR000000554,RCT000000554,U0000247,1,2026-04-15 22:00:00,6
RCR000000555,RCT000000555,U0002457,0,,0
RCR000000556,RCT000000556,U0007081,0,,0
RCR000000557,RCT000000557,U0008203,0,,0
RCR000000558,RCT000000558,U0006128,0,,0
RCR000000559,RCT000000559,U0002338,0,,0
RCR000000560,RCT000000560,U0007095,0,,0
RCR000000561,RCT000000561,U0006568,1,2026-08-04 18:00:00,6
RCR000000562,RCT000000562,U0002951,0,,0
RCR000000563,RCT000000563,U0002193,1,2026-06-07 18:00:00,6
RCR000000564,RCT000000564,U0001940,0,,0
RCR000000565,RCT000000565,U0001895,0,,0
RCR000000566,RCT000000566,U0001016,0,,0
RCR000000567,RCT000000567,U0006222,0,,0
RCR000000568,RCT000000568,U0002235,0,,0
RCR000000569,RCT000000569,U0004432,0,,0
RCR000000570,RCT000000570,U0008941,1,2026-02-18 22:00:00,6
RCR000000571,RCT000000571,U0008952,0,,0
RCR000000572,RCT000000572,U0007259,0,,0
RCR000000573,RCT000000573,U0005491,0,,0
RCR000000574,RCT000000574,U0008644,0,,0
RCR000000575,RCT000000575,U0009486,0,,0
RCR000000576,RCT000000576,U0005138,1,2026-03-25 19:00:00,4
RCR000000577,RCT000000577,U0011618,0,,0
RCR000000578,RCT000000578,U0000088,0,,0
RCR000000579,RCT000000579,U0006510,0,,0
RCR000000580,RCT000000580,U0010210,0,,0
RCR000000581,RCT000000581,U0003412,0,,0
RCR000000582,RCT000000582,U0000364,0,,0
RCR000000583,RCT000000583,U0010994,0,,0
RCR000000584,RCT000000584,U0006413,0,,0
RCR000000585,RCT000000585,U0009298,0,,0
RCR000000586,RCT000000586,U0007738,0,,0
RCR000000587,RCT000000587,U0005001,0,,0
RCR000000588,RCT000000588,U0002888,0,,0
RCR000000589,RCT000000589,U0009428,0,,0
RCR000000590,RCT000000590,U0008559,0,,0
RCR000000591,RCT000000591,U0010678,0,,0
RCR000000592,RCT000000592,U0004223,0,,0
RCR000000593,RCT000000593,U0003445,0,,0
RCR000000594,RCT000000594,U0010071,0,,0
RCR000000595,RCT000000595,U0009013,0,,0
RCR000000596,RCT000000596,U0004721,0,,0
RCR000000597,RCT000000597,U0001483,0,,0
RCR000000598,RCT000000598,U0007999,0,,0
RCR000000599,RCT000000599,U0004030,0,,0
RCR000000600,RCT000000600,U0006915,0,,0
RCR000000601,RCT000000601,U0011660,0,,0
RCR000000602,RCT000000602,U0007623,0,,0
RCR000000603,RCT000000603,U0000847,0,,0
RCR000000604,RCT000000604,U0000311,0,,0
RCR000000605,RCT000000605,U0006733,0,,0
RCR000000606,RCT000000606,U0001605,0,,0
RCR000000607,RCT000000607,U0002613,0,,0
RCR000000608,RCT000000608,U0005793,0,,0
RCR000000609,RCT000000609,U0007254,0,,0
RCR000000610,RCT000000610,U0000244,0,,0
RCR000000611,RCT000000611,U0000729,0,,0
RCR000000612,RCT000000612,U0010689,0,,0
RCR000000613,RCT000000613,U0002212,0,,0
RCR000000614,RCT000000614,U0010533,0,,0
RCR000000615,RCT000000615,U0004590,0,,0
RCR000000616,RCT000000616,U0008018,0,,0
RCR000000617,RCT000000617,U0005820,0,,0
RCR000000618,RCT000000618,U0011586,0,,0
RCR000000619,RCT000000619,U0001812,0,,0
RCR000000620,RCT000000620,U0008404,1,2026-06-23 22:00:00,6
RCR000000621,RCT000000621,U0002198,1,2026-06-10 08:00:00,1
RCR000000622,RCT000000622,U0007272,0,,0
RCR000000623,RCT000000623,U0005035,0,,0
RCR000000624,RCT000000624,U0006628,0,,0
RCR000000625,RCT000000625,U0001223,0,,0
RCR000000626,RCT000000626,U0007744,0,,0
RCR000000627,RCT000000627,U0002794,0,,0
RCR000000628,RCT000000628,U0005477,0,,0
RCR000000629,RCT000000629,U0004888,0,,0
RCR000000630,RCT000000630,U0010519,0,,0
RCR000000631,RCT000000631,U0005334,0,,0
RCR000000632,RCT000000632,U0004380,0,,0
RCR000000633,RCT000000633,U0001285,0,,0
RCR000000634,RCT000000634,U0006770,0,,0
RCR000000635,RCT000000635,U0010876,0,,0
RCR000000636,RCT000000636,U0000895,0,,0
RCR000000637,RCT000000637,U0000681,0,,0
RCR000000638,RCT000000638,U0004621,1,2026-06-27 07:00:00,1
RCR000000639,RCT000000639,U0004653,0,,0
RCR000000640,RCT000000640,U0002737,0,,0
RCR000000641,RCT000000641,U0000347,0,,0
RCR000000642,RCT000000642,U0001397,0,,0
RCR000000643,RCT000000643,U0009501,1,2026-06-26 22:00:00,1
RCR000000644,RCT000000644,U0006466,0,,0
RCR000000645,RCT000000645,U0004333,0,,0
RCR000000646,RCT000000646,U0004054,0,,0
RCR000000647,RCT000000647,U0006032,0,,0
RCR000000648,RCT000000648,U0005564,0,,0
RCR000000649,RCT000000649,U0003986,0,,0
RCR000000650,RCT000000650,U0001631,0,,0
RCR000000651,RCT000000651,U0011226,0,,0
RCR000000652,RCT000000652,U0011565,0,,0
RCR000000653,RCT000000653,U0008909,0,,0
RCR000000654,RCT000000654,U0001102,0,,0
RCR000000655,RCT000000655,U0007693,0,,0
RCR000000656,RCT000000656,U0005014,0,,0
RCR000000657,RCT000000657,U0011251,0,,0
RCR000000658,RCT000000658,U0002671,0,,0
RCR000000659,RCT000000659,U0003913,0,,0
RCR000000660,RCT000000660,U0010678,0,,0
RCR000000661,RCT000000661,U0010255,0,,0
RCR000000662,RCT000000662,U0004713,0,,0
RCR000000663,RCT000000663,U0003074,1,2026-06-11 18:00:00,1
RCR000000664,RCT000000664,U0001078,0,,0
RCR000000665,RCT000000665,U0009826,0,,0
RCR000000666,RCT000000666,U0007096,0,,0
RCR000000667,RCT000000667,U0006670,0,,0
RCR000000668,RCT000000668,U0007078,0,,0
RCR000000669,RCT000000669,U0008874,0,,0
RCR000000670,RCT000000670,U0004952,0,,0
RCR000000671,RCT000000671,U0011357,0,,0
RCR000000672,RCT000000672,U0006220,1,2026-05-27 02:00:00,5
RCR000000673,RCT000000673,U0000517,0,,0
RCR000000674,RCT000000674,U0000977,0,,0
RCR000000675,RCT000000675,U0004988,0,,0
RCR000000676,RCT000000676,U0005626,0,,0
RCR000000677,RCT000000677,U0004295,0,,0
RCR000000678,RCT000000678,U0000832,0,,0
RCR000000679,RCT000000679,U0007775,0,,0
RCR000000680,RCT000000680,U0010730,0,,0
RCR000000681,RCT000000681,U0005801,0,,0
RCR000000682,RCT000000682,U0001091,0,,0
RCR000000683,RCT000000683,U0006288,0,,0
RCR000000684,RCT000000684,U0009460,0,,0
RCR000000685,RCT000000685,U0004470,0,,0
RCR000000686,RCT000000686,U0011272,0,,0
RCR000000687,RCT000000687,U0010003,0,,0
RCR000000688,RCT000000688,U0004247,0,,0
RCR000000689,RCT000000689,U0010081,0,,0
RCR000000690,RCT000000690,U0006278,0,,0
RCR000000691,RCT000000691,U0005183,0,,0
RCR000000692,RCT000000692,U0004474,0,,0
RCR000000693,RCT000000693,U0004450,0,,0
RCR000000694,RCT000000694,U0010234,0,,0
RCR000000695,RCT000000695,U0011159,0,,0
RCR000000696,RCT000000696,U0008258,0,,0
RCR000000697,RCT000000697,U0007440,0,,0
RCR000000698,RCT000000698,U0007436,0,,0
RCR000000699,RCT000000699,U0004377,0,,0
RCR000000700,RCT000000700,U0003025,0,,0
RCR000000701,RCT000000701,U0003360,0,,0
RCR000000702,RCT000000702,U0001995,0,,0
RCR000000703,RCT000000703,U0004231,0,,0
RCR000000704,RCT000000704,U0007763,0,,0
RCR000000705,RCT000000705,U0008490,0,,0
RCR000000706,RCT000000706,U0009462,0,,0
RCR000000707,RCT000000707,U0002613,0,,0
RCR000000708,RCT000000708,U0005706,0,,0
RCR000000709,RCT000000709,U0001439,0,,0
RCR000000710,RCT000000710,U0001196,0,,0
RCR000000711,RCT000000711,U0010455,0,,0
RCR000000712,RCT000000712,U0003045,0,,0
RCR000000713,RCT000000713,U0011141,0,,0
RCR000000714,RCT000000714,U0010949,0,,0
RCR000000715,RCT000000715,U0011494,0,,0
RCR000000716,RCT000000716,U0005929,0,,0
RCR000000717,RCT000000717,U0011546,0,,0
RCR000000718,RCT000000718,U0001976,0,,0
RCR000000719,RCT000000719,U0010864,0,,0
RCR000000720,RCT000000720,U0007119,0,,0
RCR000000721,RCT000000721,U0002981,0,,0
RCR000000722,RCT000000722,U0003885,0,,0
RCR000000723,RCT000000723,U0000921,0,,0
RCR000000724,RCT000000724,U0005650,0,,0
RCR000000725,RCT000000725,U0001102,0,,0
RCR000000726,RCT000000726,U0011550,0,,0
RCR000000727,RCT000000727,U0009698,0,,0
RCR000000728,RCT000000728,U0010899,0,,0
RCR000000729,RCT000000729,U0006377,0,,0
RCR000000730,RCT000000730,U0009203,0,,0
RCR000000731,RCT000000731,U0008827,0,,0
RCR000000732,RCT000000732,U0001084,0,,0
RCR000000733,RCT000000733,U0004748,1,2026-02-10 08:00:00,2
RCR000000734,RCT000000734,U0008305,1,2026-07-28 00:00:00,2
RCR000000735,RCT000000735,U0007314,0,,0
RCR000000736,RCT000000736,U0009100,0,,0
RCR000000737,RCT000000737,U0006997,0,,0
RCR000000738,RCT000000738,U0002643,0,,0
RCR000000739,RCT000000739,U0002958,0,,0
RCR000000740,RCT000000740,U0000311,0,,0
RCR000000741,RCT000000741,U0005458,0,,0
RCR000000742,RCT000000742,U0005249,0,,0
RCR000000743,RCT000000743,U0004276,0,,0
RCR000000744,RCT000000744,U0006323,0,,0
RCR000000745,RCT000000745,U0009363,0,,0
RCR000000746,RCT000000746,U0004101,0,,0
RCR000000747,RCT000000747,U0009953,0,,0
RCR000000748,RCT000000748,U0007886,0,,0
RCR000000749,RCT000000749,U0008429,0,,0
RCR000000750,RCT000000750,U0010842,0,,0
RCR000000751,RCT000000751,U0011810,0,,0
RCR000000752,RCT000000752,U0002013,0,,0
RCR000000753,RCT000000753,U0005264,0,,0
RCR000000754,RCT000000754,U0002549,0,,0
RCR000000755,RCT000000755,U0001901,0,,0
RCR000000756,RCT000000756,U0006774,0,,0
RCR000000757,RCT000000757,U0011892,0,,0
RCR000000758,RCT000000758,U0005426,0,,0
RCR000000759,RCT000000759,U0006978,0,,0
RCR000000760,RCT000000760,U0006896,0,,0
RCR000000761,RCT000000761,U0002650,0,,0
RCR000000762,RCT000000762,U0001304,0,,0
RCR000000763,RCT000000763,U0008466,0,,0
RCR000000764,RCT000000764,U0009734,0,,0
RCR000000765,RCT000000765,U0006779,0,,0
RCR000000766,RCT000000766,U0001615,0,,0
RCR000000767,RCT000000767,U0002084,0,,0
RCR000000768,RCT000000768,U0000729,0,,0
RCR000000769,RCT000000769,U0001125,0,,0
RCR000000770,RCT000000770,U0004229,0,,0
RCR000000771,RCT000000771,U0004573,0,,0
RCR000000772,RCT000000772,U0007473,0,,0
RCR000000773,RCT000000773,U0010332,0,,0
RCR000000774,RCT000000774,U0006293,1,2026-06-08 10:00:00,2
RCR000000775,RCT000000775,U0001483,0,,0
RCR000000776,RCT000000776,U0007941,0,,0
RCR000000777,RCT000000777,U0003042,1,2026-06-25 21:00:00,3
RCR000000778,RCT000000778,U0009633,0,,0
RCR000000779,RCT000000779,U0004174,0,,0
RCR000000780,RCT000000780,U0006680,0,,0
RCR000000781,RCT000000781,U0006525,0,,0
RCR000000782,RCT000000782,U0003534,0,,0
RCR000000783,RCT000000783,U0004094,0,,0
RCR000000784,RCT000000784,U0005976,0,,0
RCR000000785,RCT000000785,U0001354,0,,0
RCR000000786,RCT000000786,U0000307,0,,0
RCR000000787,RCT000000787,U0007689,0,,0
RCR000000788,RCT000000788,U0011595,0,,0
RCR000000789,RCT000000789,U0003435,0,,0
RCR000000790,RCT000000790,U0010221,0,,0
RCR000000791,RCT000000791,U0007301,0,,0
RCR000000792,RCT000000792,U0005965,0,,0
RCR000000793,RCT000000793,U0000279,0,,0
RCR000000794,RCT000000794,U0011965,0,,0
RCR000000795,RCT000000795,U0010010,0,,0
RCR000000796,RCT000000796,U0003030,0,,0
RCR000000797,RCT000000797,U0004705,0,,0
RCR000000798,RCT000000798,U0005596,0,,0
RCR000000799,RCT000000799,U0000788,0,,0
RCR000000800,RCT000000800,U0001882,0,,0
RCR000000801,RCT000000801,U0006638,0,,0
RCR000000802,RCT000000802,U0008906,0,,0
RCR000000803,RCT000000803,U0008559,0,,0
RCR000000804,RCT000000804,U0005573,1,2026-03-19 14:00:00,7
RCR000000805,RCT000000805,U0010296,0,,0
RCR000000806,RCT000000806,U0005742,0,,0
RCR000000807,RCT000000807,U0008666,0,,0
RCR000000808,RCT000000808,U0003999,0,,0
RCR000000809,RCT000000809,U0008002,1,2026-02-11 19:00:00,3
RCR000000810,RCT000000810,U0000293,0,,0
RCR000000811,RCT000000811,U0000568,0,,0
RCR000000812,RCT000000812,U0002331,0,,0
RCR000000813,RCT000000813,U0003555,0,,0
RCR000000814,RCT000000814,U0007981,0,,0
RCR000000815,RCT000000815,U0009090,0,,0
RCR000000816,RCT000000816,U0010734,0,,0
RCR000000817,RCT000000817,U0004681,0,,0
RCR000000818,RCT000000818,U0003179,0,,0
RCR000000819,RCT000000819,U0009276,0,,0
RCR000000820,RCT000000820,U0001315,0,,0
RCR000000821,RCT000000821,U0007574,0,,0
RCR000000822,RCT000000822,U0000838,1,2026-05-26 10:00:00,6
RCR000000823,RCT000000823,U0002154,0,,0
RCR000000824,RCT000000824,U0002263,0,,0
RCR000000825,RCT000000825,U0002205,0,,0
RCR000000826,RCT000000826,U0002296,0,,0
RCR000000827,RCT000000827,U0005676,0,,0
RCR000000828,RCT000000828,U0007031,0,,0
RCR000000829,RCT000000829,U0011948,0,,0
RCR000000830,RCT000000830,U0001991,0,,0
RCR000000831,RCT000000831,U0002331,0,,0
RCR000000832,RCT000000832,U0010195,0,,0
RCR000000833,RCT000000833,U0010426,0,,0
RCR000000834,RCT000000834,U0000648,0,,0
RCR000000835,RCT000000835,U0011175,1,2026-08-04 09:00:00,6
RCR000000836,RCT000000836,U0010175,0,,0
RCR000000837,RCT000000837,U0004227,0,,0
RCR000000838,RCT000000838,U0008379,0,,0
RCR000000839,RCT000000839,U0003151,0,,0
RCR000000840,RCT000000840,U0006602,1,2026-04-30 06:00:00,6
RCR000000841,RCT000000841,U0001096,0,,0
RCR000000842,RCT000000842,U0005746,0,,0
RCR000000843,RCT000000843,U0010034,0,,0
RCR000000844,RCT000000844,U0001319,0,,0
RCR000000845,RCT000000845,U0007828,0,,0
RCR000000846,RCT000000846,U0003723,0,,0
RCR000000847,RCT000000847,U0011970,0,,0
RCR000000848,RCT000000848,U0009822,0,,0
RCR000000849,RCT000000849,U0004449,0,,0
RCR000000850,RCT000000850,U0010587,1,2026-02-20 19:00:00,5
RCR000000851,RCT000000851,U0002637,0,,0
RCR000000852,RCT000000852,U0010973,0,,0
RCR000000853,RCT000000853,U0008235,0,,0
RCR000000854,RCT000000854,U0005199,0,,0
RCR000000855,RCT000000855,U0009303,0,,0
RCR000000856,RCT000000856,U0001052,0,,0
RCR000000857,RCT000000857,U0000545,0,,0
RCR000000858,RCT000000858,U0003761,0,,0
RCR000000859,RCT000000859,U0011877,1,2026-02-15 12:00:00,2
RCR000000860,RCT000000860,U0003896,0,,0
RCR000000861,RCT000000861,U0004931,0,,0
RCR000000862,RCT000000862,U0009617,0,,0
RCR000000863,RCT000000863,U0003624,0,,0
RCR000000864,RCT000000864,U0002923,0,,0
RCR000000865,RCT000000865,U0008301,0,,0
RCR000000866,RCT000000866,U0006481,0,,0
RCR000000867,RCT000000867,U0002282,0,,0
RCR000000868,RCT000000868,U0003382,0,,0
RCR000000869,RCT000000869,U0010362,0,,0
RCR000000870,RCT000000870,U0010251,0,,0
RCR000000871,RCT000000871,U0002434,0,,0
RCR000000872,RCT000000872,U0000780,0,,0
RCR000000873,RCT000000873,U0004017,0,,0
RCR000000874,RCT000000874,U0002202,1,2026-05-25 09:00:00,4
RCR000000875,RCT000000875,U0003162,0,,0
RCR000000876,RCT000000876,U0001606,0,,0
RCR000000877,RCT000000877,U0001064,0,,0
RCR000000878,RCT000000878,U0005938,0,,0
RCR000000879,RCT000000879,U0004689,0,,0
RCR000000880,RCT000000880,U0002899,0,,0
RCR000000881,RCT000000881,U0004389,0,,0
RCR000000882,RCT000000882,U0010365,0,,0
RCR000000883,RCT000000883,U0004020,0,,0
RCR000000884,RCT000000884,U0005329,0,,0
RCR000000885,RCT000000885,U0007272,0,,0
RCR000000886,RCT000000886,U0007672,0,,0
RCR000000887,RCT000000887,U0009832,0,,0
RCR000000888,RCT000000888,U0008909,0,,0
RCR000000889,RCT000000889,U0011922,0,,0
RCR000000890,RCT000000890,U0000568,0,,0
RCR000000891,RCT000000891,U0003248,0,,0
RCR000000892,RCT000000892,U0006745,0,,0
RCR000000893,RCT000000893,U0002538,0,,0
RCR000000894,RCT000000894,U0006224,0,,0
RCR000000895,RCT000000895,U0006630,0,,0
RCR000000896,RCT000000896,U0009218,0,,0
RCR000000897,RCT000000897,U0004326,0,,0
RCR000000898,RCT000000898,U0005201,1,2026-02-15 00:00:00,6
RCR000000899,RCT000000899,U0003734,0,,0
RCR000000900,RCT000000900,U0009799,0,,0
RCR000000901,RCT000000901,U0001942,0,,0
RCR000000902,RCT000000902,U0005917,1,2026-02-17 18:00:00,4
RCR000000903,RCT000000903,U0010297,0,,0
RCR000000904,RCT000000904,U0001714,0,,0
RCR000000905,RCT000000905,U0004211,0,,0
RCR000000906,RCT000000906,U0007106,0,,0
RCR000000907,RCT000000907,U0003520,0,,0
RCR000000908,RCT000000908,U0009790,0,,0
RCR000000909,RCT000000909,U0001698,0,,0
RCR000000910,RCT000000910,U0006050,0,,0
RCR000000911,RCT000000911,U0004239,0,,0
RCR000000912,RCT000000912,U0004559,1,2026-07-01 13:00:00,6
RCR000000913,RCT000000913,U0011597,0,,0
RCR000000914,RCT000000914,U0009376,0,,0
RCR000000915,RCT000000915,U0008140,0,,0
RCR000000916,RCT000000916,U0008391,1,2026-02-19 11:00:00,5
RCR000000917,RCT000000917,U0008534,0,,0
RCR000000918,RCT000000918,U0009314,0,,0
RCR000000919,RCT000000919,U0010734,0,,0
RCR000000920,RCT000000920,U0004174,0,,0
RCR000000921,RCT000000921,U0008261,0,,0
RCR000000922,RCT000000922,U0011193,0,,0
RCR000000923,RCT000000923,U0011905,0,,0
RCR000000924,RCT000000924,U0007460,0,,0
RCR000000925,RCT000000925,U0001850,0,,0
RCR000000926,RCT000000926,U0005603,0,,0
RCR000000927,RCT000000927,U0004173,0,,0
RCR000000928,RCT000000928,U0002482,0,,0
RCR000000929,RCT000000929,U0006203,0,,0
RCR000000930,RCT000000930,U0007767,0,,0
RCR000000931,RCT000000931,U0004174,0,,0
RCR000000932,RCT000000932,U0002263,0,,0
RCR000000933,RCT000000933,U0009160,0,,0
RCR000000934,RCT000000934,U0006065,1,2026-06-26 22:00:00,7
RCR000000935,RCT000000935,U0009790,0,,0
RCR000000936,RCT000000936,U0011009,0,,0
RCR000000937,RCT000000937,U0008425,0,,0
RCR000000938,RCT000000938,U0001582,1,2026-06-16 13:00:00,3
RCR000000939,RCT000000939,U0010771,0,,0
RCR000000940,RCT000000940,U0002789,0,,0
RCR000000941,RCT000000941,U0011334,0,,0
RCR000000942,RCT000000942,U0007242,0,,0
RCR000000943,RCT000000943,U0001923,0,,0
RCR000000944,RCT000000944,U0001291,0,,0
RCR000000945,RCT000000945,U0000829,0,,0
RCR000000946,RCT000000946,U0008331,0,,0
RCR000000947,RCT000000947,U0002851,0,,0
RCR000000948,RCT000000948,U0007347,1,2026-03-25 18:00:00,6
RCR000000949,RCT000000949,U0005938,0,,0
RCR000000950,RCT000000950,U0003265,0,,0
RCR000000951,RCT000000951,U0005105,0,,0
RCR000000952,RCT000000952,U0005925,0,,0
RCR000000953,RCT000000953,U0006556,0,,0
RCR000000954,RCT000000954,U0004370,0,,0
RCR000000955,RCT000000955,U0006351,0,,0
RCR000000956,RCT000000956,U0005896,0,,0
RCR000000957,RCT000000957,U0001435,0,,0
RCR000000958,RCT000000958,U0011589,0,,0
RCR000000959,RCT000000959,U0010263,0,,0
RCR000000960,RCT000000960,U0007414,1,2026-03-02 03:00:00,6
RCR000000961,RCT000000961,U0001724,0,,0
RCR000000962,RCT000000962,U0006524,0,,0
RCR000000963,RCT000000963,U0002780,0,,0
RCR000000964,RCT000000964,U0007950,0,,0
RCR000000965,RCT000000965,U0010127,0,,0
RCR000000966,RCT000000966,U0002703,0,,0
RCR000000967,RCT000000967,U0009917,0,,0
RCR000000968,RCT000000968,U0004175,0,,0
RCR000000969,RCT000000969,U0001283,0,,0
RCR000000970,RCT000000970,U0009912,0,,0
RCR000000971,RCT000000971,U0004419,0,,0
RCR000000972,RCT000000972,U0001106,0,,0
RCR000000973,RCT000000973,U0005371,1,2026-05-14 18:00:00,5
RCR000000974,RCT000000974,U0004734,0,,0
RCR000000975,RCT000000975,U0002855,0,,0
RCR000000976,RCT000000976,U0001672,0,,0
RCR000000977,RCT000000977,U0000556,0,,0
RCR000000978,RCT000000978,U0001106,0,,0
RCR000000979,RCT000000979,U0005560,1,2026-05-09 18:00:00,5
RCR000000980,RCT000000980,U0005682,0,,0
RCR000000981,RCT000000981,U0011140,0,,0
RCR000000982,RCT000000982,U0008382,1,2026-04-17 00:00:00,5
RCR000000983,RCT000000983,U0003878,0,,0
RCR000000984,RCT000000984,U0010595,0,,0
RCR000000985,RCT000000985,U0002888,0,,0
RCR000000986,RCT000000986,U0000645,0,,0
RCR000000987,RCT000000987,U0002928,0,,0
RCR000000988,RCT000000988,U0006340,0,,0
RCR000000989,RCT000000989,U0006897,0,,0
RCR000000990,RCT000000990,U0001171,0,,0
RCR000000991,RCT000000991,U0002293,0,,0
RCR000000992,RCT000000992,U0011270,0,,0
RCR000000993,RCT000000993,U0004151,0,,0
RCR000000994,RCT000000994,U0009143,0,,0
RCR000000995,RCT000000995,U0001098,0,,0
RCR000000996,RCT000000996,U0006160,0,,0
RCR000000997,RCT000000997,U0011438,0,,0
RCR000000998,RCT000000998,U0006630,1,2026-05-10 23:00:00,2
RCR000000999,RCT000000999,U0002875,0,,0
RCR000001000,RCT000001000,U0011251,1,2026-06-27 06:00:00,4
RCR000001001,RCT000001001,U0001865,0,,0
RCR000001002,RCT000001002,U0004501,0,,0
RCR000001003,RCT000001003,U0009127,0,,0
RCR000001004,RCT000001004,U0008489,0,,0
RCR000001005,RCT000001005,U0000539,0,,0
RCR000001006,RCT000001006,U0006141,0,,0
RCR000001007,RCT000001007,U0007331,0,,0
RCR000001008,RCT000001008,U0006957,0,,0
RCR000001009,RCT000001009,U0002123,0,,0
RCR000001010,RCT000001010,U0000333,0,,0
RCR000001011,RCT000001011,U0003186,0,,0
RCR000001012,RCT000001012,U0004150,1,2026-02-09 23:00:00,4
RCR000001013,RCT000001013,U0006298,0,,0
RCR000001014,RCT000001014,U0008784,0,,0
RCR000001015,RCT000001015,U0010374,0,,0
RCR000001016,RCT000001016,U0004171,0,,0
RCR000001017,RCT000001017,U0006868,0,,0
RCR000001018,RCT000001018,U0002273,0,,0
RCR000001019,RCT000001019,U0011378,0,,0
RCR000001020,RCT000001020,U0007790,0,,0
RCR000001021,RCT000001021,U0005095,0,,0
RCR000001022,RCT000001022,U0010019,0,,0
RCR000001023,RCT000001023,U0010327,0,,0
RCR000001024,RCT000001024,U0003594,0,,0
RCR000001025,RCT000001025,U0005631,0,,0
RCR000001026,RCT000001026,U0001507,0,,0
RCR000001027,RCT000001027,U0005981,0,,0
RCR000001028,RCT000001028,U0000555,0,,0
RCR000001029,RCT000001029,U0009196,0,,0
RCR000001030,RCT000001030,U0009676,1,2026-06-28 18:00:00,6
RCR000001031,RCT000001031,U0004484,0,,0
RCR000001032,RCT000001032,U0011117,0,,0
RCR000001033,RCT000001033,U0011838,0,,0
RCR000001034,RCT000001034,U0003149,0,,0
RCR000001035,RCT000001035,U0008638,0,,0
RCR000001036,RCT000001036,U0009224,1,2026-02-16 07:00:00,7
RCR000001037,RCT000001037,U0008127,0,,0
RCR000001038,RCT000001038,U0001948,0,,0
RCR000001039,RCT000001039,U0007534,0,,0
RCR000001040,RCT000001040,U0011329,0,,0
RCR000001041,RCT000001041,U0009986,1,2026-02-15 16:00:00,3
RCR000001042,RCT000001042,U0010805,0,,0
RCR000001043,RCT000001043,U0010396,0,,0
RCR000001044,RCT000001044,U0009463,0,,0
RCR000001045,RCT000001045,U0000202,0,,0
RCR000001046,RCT000001046,U0001163,0,,0
RCR000001047,RCT000001047,U0011799,0,,0
RCR000001048,RCT000001048,U0001089,0,,0
RCR000001049,RCT000001049,U0009110,0,,0
RCR000001050,RCT000001050,U0010783,0,,0
RCR000001051,RCT000001051,U0011848,0,,0
RCR000001052,RCT000001052,U0003625,0,,0
RCR000001053,RCT000001053,U0001715,0,,0
RCR000001054,RCT000001054,U0000617,0,,0
RCR000001055,RCT000001055,U0010895,0,,0
RCR000001056,RCT000001056,U0008159,0,,0
RCR000001057,RCT000001057,U0010026,0,,0
RCR000001058,RCT000001058,U0011731,0,,0
RCR000001059,RCT000001059,U0005141,0,,0
RCR000001060,RCT000001060,U0000679,0,,0
RCR000001061,RCT000001061,U0006354,0,,0
RCR000001062,RCT000001062,U0009826,1,2026-07-01 02:00:00,6
RCR000001063,RCT000001063,U0009441,0,,0
RCR000001064,RCT000001064,U0006542,0,,0
RCR000001065,RCT000001065,U0010660,1,2026-06-22 23:00:00,2
RCR000001066,RCT000001066,U0007734,0,,0
RCR000001067,RCT000001067,U0010523,0,,0
RCR000001068,RCT000001068,U0008224,0,,0
RCR000001069,RCT000001069,U0009767,0,,0
RCR000001070,RCT000001070,U0000972,0,,0
RCR000001071,RCT000001071,U0010594,0,,0
RCR000001072,RCT000001072,U0003746,0,,0
RCR000001073,RCT000001073,U0003132,0,,0
RCR000001074,RCT000001074,U0009481,0,,0
RCR000001075,RCT000001075,U0010809,0,,0
RCR000001076,RCT000001076,U0003729,0,,0
RCR000001077,RCT000001077,U0001119,0,,0
RCR000001078,RCT000001078,U0008302,0,,0
RCR000001079,RCT000001079,U0008873,0,,0
RCR000001080,RCT000001080,U0002888,0,,0
RCR000001081,RCT000001081,U0008784,1,2026-04-11 16:00:00,2
RCR000001082,RCT000001082,U0002185,1,2026-02-15 18:00:00,4
RCR000001083,RCT000001083,U0002752,0,,0
RCR000001084,RCT000001084,U0002898,0,,0
RCR000001085,RCT000001085,U0005700,0,,0
RCR000001086,RCT000001086,U0003425,1,2026-04-16 07:00:00,4
RCR000001087,RCT000001087,U0011947,0,,0
RCR000001088,RCT000001088,U0003120,0,,0
RCR000001089,RCT000001089,U0010605,0,,0
RCR000001090,RCT000001090,U0006372,0,,0
RCR000001091,RCT000001091,U0006645,0,,0
RCR000001092,RCT000001092,U0002916,0,,0
RCR000001093,RCT000001093,U0011034,0,,0
RCR000001094,RCT000001094,U0005055,0,,0
RCR000001095,RCT000001095,U0007031,0,,0
RCR000001096,RCT000001096,U0002929,0,,0
RCR000001097,RCT000001097,U0009437,0,,0
RCR000001098,RCT000001098,U0007986,0,,0
RCR000001099,RCT000001099,U0006840,0,,0
RCR000001100,RCT000001100,U0008992,0,,0
RCR000001101,RCT000001101,U0007124,0,,0
RCR000001102,RCT000001102,U0011110,0,,0
RCR000001103,RCT000001103,U0007609,0,,0
RCR000001104,RCT000001104,U0003407,0,,0
RCR000001105,RCT000001105,U0005009,0,,0
RCR000001106,RCT000001106,U0004319,0,,0
RCR000001107,RCT000001107,U0008906,0,,0
RCR000001108,RCT000001108,U0010107,0,,0
RCR000001109,RCT000001109,U0004443,0,,0
RCR000001110,RCT000001110,U0003091,0,,0
RCR000001111,RCT000001111,U0000739,0,,0
RCR000001112,RCT000001112,U0008608,0,,0
RCR000001113,RCT000001113,U0008147,0,,0
RCR000001114,RCT000001114,U0007845,0,,0
RCR000001115,RCT000001115,U0007662,0,,0
RCR000001116,RCT000001116,U0008584,0,,0
RCR000001117,RCT000001117,U0005939,0,,0
RCR000001118,RCT000001118,U0005700,0,,0
RCR000001119,RCT000001119,U0000996,0,,0
RCR000001120,RCT000001120,U0004827,0,,0
RCR000001121,RCT000001121,U0003009,0,,0
RCR000001122,RCT000001122,U0004516,0,,0
RCR000001123,RCT000001123,U0000995,0,,0
RCR000001124,RCT000001124,U0003007,0,,0
RCR000001125,RCT000001125,U0004298,0,,0
RCR000001126,RCT000001126,U0005477,0,,0
RCR000001127,RCT000001127,U0006671,0,,0
RCR000001128,RCT000001128,U0009928,1,2026-06-18 07:00:00,6
RCR000001129,RCT000001129,U0009128,0,,0
RCR000001130,RCT000001130,U0008637,0,,0
RCR000001131,RCT000001131,U0004135,0,,0
RCR000001132,RCT000001132,U0005654,0,,0
RCR000001133,RCT000001133,U0005217,0,,0
RCR000001134,RCT000001134,U0000778,0,,0
RCR000001135,RCT000001135,U0005059,1,2026-03-05 04:00:00,5
RCR000001136,RCT000001136,U0006784,0,,0
RCR000001137,RCT000001137,U0001737,0,,0
RCR000001138,RCT000001138,U0003525,0,,0
RCR000001139,RCT000001139,U0011223,0,,0
RCR000001140,RCT000001140,U0004648,0,,0
RCR000001141,RCT000001141,U0010419,1,2026-02-17 18:00:00,7
RCR000001142,RCT000001142,U0004597,0,,0
RCR000001143,RCT000001143,U0007281,0,,0
RCR000001144,RCT000001144,U0007112,0,,0
RCR000001145,RCT000001145,U0000677,0,,0
RCR000001146,RCT000001146,U0011724,0,,0
RCR000001147,RCT000001147,U0010276,0,,0
RCR000001148,RCT000001148,U0010223,0,,0
RCR000001149,RCT000001149,U0010395,0,,0
RCR000001150,RCT000001150,U0006347,1,2026-02-19 22:00:00,5
RCR000001151,RCT000001151,U0006326,0,,0
RCR000001152,RCT000001152,U0008044,1,2026-06-05 21:00:00,1
RCR000001153,RCT000001153,U0008561,0,,0
RCR000001154,RCT000001154,U0009450,0,,0
RCR000001155,RCT000001155,U0010223,0,,0
RCR000001156,RCT000001156,U0009876,0,,0
RCR000001157,RCT000001157,U0006299,0,,0
RCR000001158,RCT000001158,U0008163,0,,0
RCR000001159,RCT000001159,U0003064,0,,0
RCR000001160,RCT000001160,U0009103,0,,0
RCR000001161,RCT000001161,U0009481,0,,0
RCR000001162,RCT000001162,U0004548,0,,0
RCR000001163,RCT000001163,U0008925,1,2026-06-23 03:00:00,4
RCR000001164,RCT000001164,U0000744,0,,0
RCR000001165,RCT000001165,U0000423,0,,0
RCR000001166,RCT000001166,U0009648,0,,0
RCR000001167,RCT000001167,U0006329,0,,0
RCR000001168,RCT000001168,U0005033,0,,0
RCR000001169,RCT000001169,U0005040,0,,0
RCR000001170,RCT000001170,U0002582,0,,0
RCR000001171,RCT000001171,U0007376,0,,0
RCR000001172,RCT000001172,U0006329,0,,0
RCR000001173,RCT000001173,U0005679,0,,0
RCR000001174,RCT000001174,U0004296,0,,0
RCR000001175,RCT000001175,U0000486,0,,0
RCR000001176,RCT000001176,U0003320,0,,0
RCR000001177,RCT000001177,U0004813,0,,0
RCR000001178,RCT000001178,U0003260,0,,0
RCR000001179,RCT000001179,U0002740,0,,0
RCR000001180,RCT000001180,U0003371,1,2026-06-09 19:00:00,5
RCR000001181,RCT000001181,U0002027,0,,0
RCR000001182,RCT000001182,U0010514,0,,0
RCR000001183,RCT000001183,U0011668,0,,0
RCR000001184,RCT000001184,U0011676,1,2026-03-13 02:00:00,3
RCR000001185,RCT000001185,U0004193,0,,0
RCR000001186,RCT000001186,U0010246,0,,0
RCR000001187,RCT000001187,U0011547,0,,0
RCR000001188,RCT000001188,U0006869,0,,0
RCR000001189,RCT000001189,U0000583,0,,0
RCR000001190,RCT000001190,U0009414,0,,0
RCR000001191,RCT000001191,U0009445,0,,0
RCR000001192,RCT000001192,U0005195,0,,0
RCR000001193,RCT000001193,U0001213,0,,0
RCR000001194,RCT000001194,U0004152,0,,0
RCR000001195,RCT000001195,U0002860,0,,0
RCR000001196,RCT000001196,U0000806,1,2026-03-26 12:00:00,5
RCR000001197,RCT000001197,U0007266,0,,0
RCR000001198,RCT000001198,U0010829,0,,0
RCR000001199,RCT000001199,U0000428,0,,0
RCR000001200,RCT000001200,U0002467,0,,0
RCR000001201,RCT000001201,U0004337,0,,0
RCR000001202,RCT000001202,U0004168,0,,0
RCR000001203,RCT000001203,U0007764,0,,0
RCR000001204,RCT000001204,U0001411,0,,0
RCR000001205,RCT000001205,U0008407,1,2026-06-27 10:00:00,1
RCR000001206,RCT000001206,U0002807,0,,0
RCR000001207,RCT000001207,U0002932,0,,0
RCR000001208,RCT000001208,U0001716,0,,0
RCR000001209,RCT000001209,U0000004,0,,0
RCR000001210,RCT000001210,U0005896,0,,0
RCR000001211,RCT000001211,U0011280,0,,0
RCR000001212,RCT000001212,U0007598,0,,0
RCR000001213,RCT000001213,U0003123,0,,0
RCR000001214,RCT000001214,U0011246,1,2026-04-30 04:00:00,6
RCR000001215,RCT000001215,U0005746,0,,0
RCR000001216,RCT000001216,U0004739,0,,0
RCR000001217,RCT000001217,U0002903,0,,0
RCR000001218,RCT000001218,U0002093,0,,0
RCR000001219,RCT000001219,U0002736,1,2026-06-23 22:00:00,4
RCR000001220,RCT000001220,U0004175,0,,0
RCR000001221,RCT000001221,U0008018,0,,0
RCR000001222,RCT000001222,U0003372,0,,0
RCR000001223,RCT000001223,U0001076,0,,0
RCR000001224,RCT000001224,U0005836,0,,0
RCR000001225,RCT000001225,U0004280,0,,0
RCR000001226,RCT000001226,U0007206,0,,0
RCR000001227,RCT000001227,U0006829,1,2026-05-31 04:00:00,2
RCR000001228,RCT000001228,U0011198,0,,0
RCR000001229,RCT000001229,U0007986,0,,0
RCR000001230,RCT000001230,U0011486,0,,0
RCR000001231,RCT000001231,U0001737,0,,0
RCR000001232,RCT000001232,U0008306,0,,0
RCR000001233,RCT000001233,U0003695,1,2026-05-29 11:00:00,7
RCR000001234,RCT000001234,U0006471,0,,0
RCR000001235,RCT000001235,U0004043,0,,0
RCR000001236,RCT000001236,U0003693,0,,0
RCR000001237,RCT000001237,U0008979,0,,0
RCR000001238,RCT000001238,U0011153,0,,0
RCR000001239,RCT000001239,U0009376,0,,0
RCR000001240,RCT000001240,U0009477,0,,0
RCR000001241,RCT000001241,U0003911,0,,0
RCR000001242,RCT000001242,U0011139,0,,0
RCR000001243,RCT000001243,U0011233,0,,0
RCR000001244,RCT000001244,U0003564,0,,0
RCR000001245,RCT000001245,U0011493,1,2026-02-02 11:00:00,7
RCR000001246,RCT000001246,U0008211,0,,0
RCR000001247,RCT000001247,U0011283,0,,0
RCR000001248,RCT000001248,U0005799,0,,0
RCR000001249,RCT000001249,U0001930,0,,0
RCR000001250,RCT000001250,U0011726,0,,0
RCR000001251,RCT000001251,U0001710,0,,0
RCR000001252,RCT000001252,U0006076,0,,0
RCR000001253,RCT000001253,U0005463,0,,0
RCR000001254,RCT000001254,U0006368,0,,0
RCR000001255,RCT000001255,U0004658,0,,0
RCR000001256,RCT000001256,U0006104,0,,0
RCR000001257,RCT000001257,U0006271,0,,0
RCR000001258,RCT000001258,U0009876,0,,0
RCR000001259,RCT000001259,U0004939,0,,0
RCR000001260,RCT000001260,U0007976,0,,0
RCR000001261,RCT000001261,U0001066,0,,0
RCR000001262,RCT000001262,U0003269,1,2026-02-07 22:00:00,6
RCR000001263,RCT000001263,U0004525,0,,0
RCR000001264,RCT000001264,U0009180,1,2026-02-12 07:00:00,2
RCR000001265,RCT000001265,U0007682,0,,0
RCR000001266,RCT000001266,U0006674,0,,0
RCR000001267,RCT000001267,U0004486,0,,0
RCR000001268,RCT000001268,U0008925,0,,0
RCR000001269,RCT000001269,U0003936,0,,0
RCR000001270,RCT000001270,U0003117,0,,0
RCR000001271,RCT000001271,U0002948,0,,0
RCR000001272,RCT000001272,U0009290,1,2026-04-27 04:00:00,1
RCR000001273,RCT000001273,U0002736,1,2026-03-27 23:00:00,6
RCR000001274,RCT000001274,U0004554,0,,0
RCR000001275,RCT000001275,U0001083,0,,0
RCR000001276,RCT000001276,U0001570,0,,0
RCR000001277,RCT000001277,U0006672,0,,0
RCR000001278,RCT000001278,U0010118,0,,0
RCR000001279,RCT000001279,U0006213,0,,0
RCR000001280,RCT000001280,U0003732,0,,0
RCR000001281,RCT000001281,U0005805,0,,0
RCR000001282,RCT000001282,U0005460,0,,0
RCR000001283,RCT000001283,U0004953,0,,0
RCR000001284,RCT000001284,U0006064,0,,0
RCR000001285,RCT000001285,U0001813,0,,0
RCR000001286,RCT000001286,U0002873,0,,0
RCR000001287,RCT000001287,U0000462,0,,0
RCR000001288,RCT000001288,U0010026,0,,0
RCR000001289,RCT000001289,U0006048,0,,0
RCR000001290,RCT000001290,U0006943,0,,0
RCR000001291,RCT000001291,U0005105,0,,0
RCR000001292,RCT000001292,U0006727,0,,0
RCR000001293,RCT000001293,U0011240,0,,0
RCR000001294,RCT000001294,U0008354,0,,0
RCR000001295,RCT000001295,U0001206,0,,0
RCR000001296,RCT000001296,U0010665,0,,0
RCR000001297,RCT000001297,U0004245,0,,0
RCR000001298,RCT000001298,U0010367,0,,0
RCR000001299,RCT000001299,U0007340,0,,0
RCR000001300,RCT000001300,U0006015,0,,0
RCR000001301,RCT000001301,U0006418,0,,0
RCR000001302,RCT000001302,U0006011,0,,0
RCR000001303,RCT000001303,U0008030,0,,0
RCR000001304,RCT000001304,U0002361,0,,0
RCR000001305,RCT000001305,U0000687,0,,0
RCR000001306,RCT000001306,U0007708,0,,0
RCR000001307,RCT000001307,U0007830,0,,0
RCR000001308,RCT000001308,U0006522,1,2026-06-14 13:00:00,7
RCR000001309,RCT000001309,U0011852,0,,0
RCR000001310,RCT000001310,U0004735,0,,0
RCR000001311,RCT000001311,U0009729,0,,0
RCR000001312,RCT000001312,U0002768,0,,0
RCR000001313,RCT000001313,U0006670,0,,0
RCR000001314,RCT000001314,U0011021,0,,0
RCR000001315,RCT000001315,U0005425,0,,0
RCR000001316,RCT000001316,U0011498,0,,0
RCR000001317,RCT000001317,U0001074,0,,0
RCR000001318,RCT000001318,U0006307,0,,0
RCR000001319,RCT000001319,U0008747,0,,0
RCR000001320,RCT000001320,U0003481,1,2026-06-27 18:00:00,4
RCR000001321,RCT000001321,U0003622,1,2026-08-03 13:00:00,5
RCR000001322,RCT000001322,U0001518,0,,0
RCR000001323,RCT000001323,U0000546,1,2026-02-02 10:00:00,7
RCR000001324,RCT000001324,U0001043,0,,0
RCR000001325,RCT000001325,U0005338,0,,0
RCR000001326,RCT000001326,U0004441,0,,0
RCR000001327,RCT000001327,U0011639,0,,0
RCR000001328,RCT000001328,U0001530,0,,0
RCR000001329,RCT000001329,U0006120,0,,0
RCR000001330,RCT000001330,U0003959,0,,0
RCR000001331,RCT000001331,U0009473,0,,0
RCR000001332,RCT000001332,U0002846,0,,0
RCR000001333,RCT000001333,U0009806,0,,0
RCR000001334,RCT000001334,U0009242,0,,0
RCR000001335,RCT000001335,U0006572,0,,0
RCR000001336,RCT000001336,U0011272,0,,0
RCR000001337,RCT000001337,U0009595,0,,0
RCR000001338,RCT000001338,U0010202,0,,0
RCR000001339,RCT000001339,U0010642,0,,0
RCR000001340,RCT000001340,U0001007,0,,0
RCR000001341,RCT000001341,U0011877,0,,0
RCR000001342,RCT000001342,U0001409,0,,0
RCR000001343,RCT000001343,U0002557,1,2026-05-26 15:00:00,2
RCR000001344,RCT000001344,U0000762,1,2026-08-01 08:00:00,4
RCR000001345,RCT000001345,U0003672,1,2026-06-27 05:00:00,5
RCR000001346,RCT000001346,U0007532,0,,0
RCR000001347,RCT000001347,U0011942,0,,0
RCR000001348,RCT000001348,U0003027,0,,0
RCR000001349,RCT000001349,U0009211,1,2026-07-14 06:00:00,5
RCR000001350,RCT000001350,U0011465,0,,0
RCR000001351,RCT000001351,U0008173,0,,0
RCR000001352,RCT000001352,U0006561,0,,0
RCR000001353,RCT000001353,U0006381,0,,0
RCR000001354,RCT000001354,U0004246,0,,0
RCR000001355,RCT000001355,U0004752,0,,0
RCR000001356,RCT000001356,U0006361,0,,0
RCR000001357,RCT000001357,U0002680,0,,0
RCR000001358,RCT000001358,U0001721,1,2026-04-26 10:00:00,4
RCR000001359,RCT000001359,U0006607,0,,0
RCR000001360,RCT000001360,U0002944,1,2026-03-17 10:00:00,1
RCR000001361,RCT000001361,U0007068,0,,0
RCR000001362,RCT000001362,U0003310,0,,0
RCR000001363,RCT000001363,U0006089,0,,0
RCR000001364,RCT000001364,U0001204,0,,0
RCR000001365,RCT000001365,U0011238,0,,0
RCR000001366,RCT000001366,U0002670,0,,0
RCR000001367,RCT000001367,U0007116,0,,0
RCR000001368,RCT000001368,U0011280,0,,0
RCR000001369,RCT000001369,U0006837,0,,0
RCR000001370,RCT000001370,U0011039,0,,0
RCR000001371,RCT000001371,U0002804,0,,0
RCR000001372,RCT000001372,U0000613,0,,0
RCR000001373,RCT000001373,U0003383,0,,0
RCR000001374,RCT000001374,U0001684,1,2026-06-24 02:00:00,7
RCR000001375,RCT000001375,U0011052,0,,0
RCR000001376,RCT000001376,U0011798,0,,0
RCR000001377,RCT000001377,U0007986,0,,0
RCR000001378,RCT000001378,U0007828,0,,0
RCR000001379,RCT000001379,U0010746,1,2026-07-30 05:00:00,4
RCR000001380,RCT000001380,U0008300,0,,0
RCR000001381,RCT000001381,U0010302,0,,0
RCR000001382,RCT000001382,U0001088,0,,0
RCR000001383,RCT000001383,U0007348,1,2026-02-11 08:00:00,6
RCR000001384,RCT000001384,U0008656,0,,0
RCR000001385,RCT000001385,U0002417,0,,0
RCR000001386,RCT000001386,U0005781,0,,0
RCR000001387,RCT000001387,U0000615,0,,0
RCR000001388,RCT000001388,U0003213,0,,0
RCR000001389,RCT000001389,U0004414,0,,0
RCR000001390,RCT000001390,U0010989,0,,0
RCR000001391,RCT000001391,U0004829,0,,0
RCR000001392,RCT000001392,U0001409,0,,0
RCR000001393,RCT000001393,U0008339,0,,0
RCR000001394,RCT000001394,U0005170,0,,0
RCR000001395,RCT000001395,U0011921,0,,0
RCR000001396,RCT000001396,U0003767,1,2026-07-31 15:00:00,4
RCR000001397,RCT000001397,U0008240,0,,0
RCR000001398,RCT000001398,U0010964,0,,0
RCR000001399,RCT000001399,U0001674,0,,0
RCR000001400,RCT000001400,U0003940,0,,0
RCR000001401,RCT000001401,U0004638,0,,0
RCR000001402,RCT000001402,U0005886,0,,0
RCR000001403,RCT000001403,U0007496,0,,0
RCR000001404,RCT000001404,U0007420,0,,0
RCR000001405,RCT000001405,U0000963,1,2026-03-13 14:00:00,1
RCR000001406,RCT000001406,U0010382,0,,0
RCR000001407,RCT000001407,U0005979,0,,0
RCR000001408,RCT000001408,U0007168,0,,0
RCR000001409,RCT000001409,U0008290,0,,0
RCR000001410,RCT000001410,U0001978,0,,0
RCR000001411,RCT000001411,U0011618,0,,0
RCR000001412,RCT000001412,U0010272,0,,0
RCR000001413,RCT000001413,U0004406,0,,0
RCR000001414,RCT000001414,U0004489,0,,0
RCR000001415,RCT000001415,U0003963,0,,0
RCR000001416,RCT000001416,U0000056,0,,0
RCR000001417,RCT000001417,U0002968,0,,0
RCR000001418,RCT000001418,U0004994,0,,0
RCR000001419,RCT000001419,U0003664,0,,0
RCR000001420,RCT000001420,U0004173,0,,0
RCR000001421,RCT000001421,U0001984,0,,0
RCR000001422,RCT000001422,U0001083,0,,0
RCR000001423,RCT000001423,U0002676,0,,0
RCR000001424,RCT000001424,U0006671,0,,0
RCR000001425,RCT000001425,U0006449,0,,0
RCR000001426,RCT000001426,U0009548,0,,0
RCR000001427,RCT000001427,U0007736,0,,0
RCR000001428,RCT000001428,U0009335,0,,0
RCR000001429,RCT000001429,U0000203,0,,0
RCR000001430,RCT000001430,U0005541,0,,0
RCR000001431,RCT000001431,U0001952,0,,0
RCR000001432,RCT000001432,U0001699,0,,0
RCR000001433,RCT000001433,U0006139,0,,0
RCR000001434,RCT000001434,U0008602,0,,0
RCR000001435,RCT000001435,U0007682,0,,0
RCR000001436,RCT000001436,U0006384,0,,0
RCR000001437,RCT000001437,U0008602,0,,0
RCR000001438,RCT000001438,U0005953,0,,0
RCR000001439,RCT000001439,U0009399,0,,0
RCR000001440,RCT000001440,U0007514,0,,0
RCR000001441,RCT000001441,U0009594,0,,0
RCR000001442,RCT000001442,U0003222,0,,0
RCR000001443,RCT000001443,U0008835,0,,0
RCR000001444,RCT000001444,U0008924,0,,0
RCR000001445,RCT000001445,U0008046,0,,0
RCR000001446,RCT000001446,U0009424,0,,0
RCR000001447,RCT000001447,U0004848,0,,0
RCR000001448,RCT000001448,U0011203,0,,0
RCR000001449,RCT000001449,U0011639,0,,0
RCR000001450,RCT000001450,U0006545,0,,0
RCR000001451,RCT000001451,U0005706,0,,0
RCR000001452,RCT000001452,U0003207,0,,0
RCR000001453,RCT000001453,U0004965,0,,0
RCR000001454,RCT000001454,U0003992,0,,0
RCR000001455,RCT000001455,U0010592,0,,0
RCR000001456,RCT000001456,U0010526,0,,0
RCR000001457,RCT000001457,U0009065,0,,0
RCR000001458,RCT000001458,U0003300,0,,0
RCR000001459,RCT000001459,U0008571,0,,0
RCR000001460,RCT000001460,U0009414,0,,0
RCR000001461,RCT000001461,U0009183,0,,0
RCR000001462,RCT000001462,U0007383,0,,0
RCR000001463,RCT000001463,U0001138,0,,0
RCR000001464,RCT000001464,U0009114,0,,0
RCR000001465,RCT000001465,U0003653,0,,0
RCR000001466,RCT000001466,U0008492,0,,0
RCR000001467,RCT000001467,U0011259,0,,0
RCR000001468,RCT000001468,U0007386,0,,0
RCR000001469,RCT000001469,U0010826,0,,0
RCR000001470,RCT000001470,U0006475,0,,0
RCR000001471,RCT000001471,U0006507,0,,0
RCR000001472,RCT000001472,U0002423,0,,0
RCR000001473,RCT000001473,U0000069,0,,0
RCR000001474,RCT000001474,U0004043,0,,0
RCR000001475,RCT000001475,U0006849,0,,0
RCR000001476,RCT000001476,U0005996,0,,0
RCR000001477,RCT000001477,U0007289,0,,0
RCR000001478,RCT000001478,U0010229,0,,0
RCR000001479,RCT000001479,U0011170,1,2026-06-12 06:00:00,3
RCR000001480,RCT000001480,U0000213,0,,0
RCR000001481,RCT000001481,U0004817,0,,0
RCR000001482,RCT000001482,U0000523,0,,0
RCR000001483,RCT000001483,U0002441,0,,0
RCR000001484,RCT000001484,U0001456,0,,0
RCR000001485,RCT000001485,U0010992,0,,0
RCR000001486,RCT000001486,U0003748,1,2026-06-27 06:00:00,5
RCR000001487,RCT000001487,U0009809,0,,0
RCR000001488,RCT000001488,U0002636,0,,0
RCR000001489,RCT000001489,U0006404,0,,0
RCR000001490,RCT000001490,U0002709,0,,0
RCR000001491,RCT000001491,U0002955,0,,0
RCR000001492,RCT000001492,U0009722,0,,0
RCR000001493,RCT000001493,U0006845,0,,0
RCR000001494,RCT000001494,U0006484,0,,0
RCR000001495,RCT000001495,U0005504,0,,0
RCR000001496,RCT000001496,U0006829,0,,0
RCR000001497,RCT000001497,U0003057,1,2026-02-12 11:00:00,6
RCR000001498,RCT000001498,U0005078,0,,0
RCR000001499,RCT000001499,U0010760,0,,0
RCR000001500,RCT000001500,U0002079,0,,0
RCR000001501,RCT000001501,U0007872,0,,0
RCR000001502,RCT000001502,U0001781,0,,0
RCR000001503,RCT000001503,U0005765,0,,0
RCR000001504,RCT000001504,U0000062,0,,0
RCR000001505,RCT000001505,U0002873,0,,0
RCR000001506,RCT000001506,U0005496,0,,0
RCR000001507,RCT000001507,U0008669,0,,0
RCR000001508,RCT000001508,U0011117,0,,0
RCR000001509,RCT000001509,U0003761,0,,0
RCR000001510,RCT000001510,U0007062,0,,0
RCR000001511,RCT000001511,U0002812,0,,0
RCR000001512,RCT000001512,U0011754,0,,0
RCR000001513,RCT000001513,U0000668,0,,0
RCR000001514,RCT000001514,U0010837,1,2026-05-28 00:00:00,7
RCR000001515,RCT000001515,U0000314,0,,0
RCR000001516,RCT000001516,U0006410,0,,0
RCR000001517,RCT000001517,U0010210,0,,0
RCR000001518,RCT000001518,U0010983,0,,0
RCR000001519,RCT000001519,U0000411,0,,0
RCR000001520,RCT000001520,U0011268,0,,0
RCR000001521,RCT000001521,U0008405,0,,0
RCR000001522,RCT000001522,U0002487,0,,0
RCR000001523,RCT000001523,U0005234,1,2026-06-15 14:00:00,7
RCR000001524,RCT000001524,U0008702,0,,0
RCR000001525,RCT000001525,U0010994,0,,0
RCR000001526,RCT000001526,U0000843,0,,0
RCR000001527,RCT000001527,U0011762,0,,0
RCR000001528,RCT000001528,U0006467,0,,0
RCR000001529,RCT000001529,U0011292,0,,0
RCR000001530,RCT000001530,U0002671,0,,0
RCR000001531,RCT000001531,U0001107,0,,0
RCR000001532,RCT000001532,U0007679,1,2026-02-20 06:00:00,5
RCR000001533,RCT000001533,U0005315,0,,0
RCR000001534,RCT000001534,U0010453,0,,0
RCR000001535,RCT000001535,U0011831,0,,0
RCR000001536,RCT000001536,U0002026,0,,0
RCR000001537,RCT000001537,U0011167,0,,0
RCR000001538,RCT000001538,U0011763,0,,0
RCR000001539,RCT000001539,U0005441,0,,0
RCR000001540,RCT000001540,U0010990,0,,0
RCR000001541,RCT000001541,U0006273,0,,0
RCR000001542,RCT000001542,U0006257,0,,0
RCR000001543,RCT000001543,U0003564,0,,0
RCR000001544,RCT000001544,U0009521,0,,0
RCR000001545,RCT000001545,U0005766,0,,0
RCR000001546,RCT000001546,U0006377,0,,0
RCR000001547,RCT000001547,U0010831,0,,0
RCR000001548,RCT000001548,U0007948,0,,0
RCR000001549,RCT000001549,U0006343,0,,0
RCR000001550,RCT000001550,U0011161,0,,0
RCR000001551,RCT000001551,U0002291,0,,0
RCR000001552,RCT000001552,U0007958,0,,0
RCR000001553,RCT000001553,U0003232,0,,0
RCR000001554,RCT000001554,U0005367,0,,0
RCR000001555,RCT000001555,U0011885,0,,0
RCR000001556,RCT000001556,U0005820,0,,0
RCR000001557,RCT000001557,U0009050,1,2026-02-21 15:00:00,6
RCR000001558,RCT000001558,U0002095,1,2026-02-18 23:00:00,2
RCR000001559,RCT000001559,U0002300,1,2026-03-29 01:00:00,3
RCR000001560,RCT000001560,U0000549,0,,0
RCR000001561,RCT000001561,U0004234,0,,0
RCR000001562,RCT000001562,U0003135,0,,0
RCR000001563,RCT000001563,U0010416,0,,0
RCR000001564,RCT000001564,U0004830,0,,0
RCR000001565,RCT000001565,U0009897,1,2026-03-07 07:00:00,6
RCR000001566,RCT000001566,U0005873,0,,0
RCR000001567,RCT000001567,U0006884,0,,0
RCR000001568,RCT000001568,U0010973,0,,0
RCR000001569,RCT000001569,U0001766,0,,0
RCR000001570,RCT000001570,U0003527,0,,0
RCR000001571,RCT000001571,U0004038,0,,0
RCR000001572,RCT000001572,U0005373,0,,0
RCR000001573,RCT000001573,U0000768,0,,0
RCR000001574,RCT000001574,U0006457,0,,0
RCR000001575,RCT000001575,U0006893,0,,0
RCR000001576,RCT000001576,U0004130,0,,0
RCR000001577,RCT000001577,U0000564,0,,0
RCR000001578,RCT000001578,U0001678,0,,0
RCR000001579,RCT000001579,U0000939,0,,0
RCR000001580,RCT000001580,U0003359,0,,0
RCR000001581,RCT000001581,U0004691,1,2026-06-11 07:00:00,7
RCR000001582,RCT000001582,U0007065,0,,0
RCR000001583,RCT000001583,U0007324,0,,0
RCR000001584,RCT000001584,U0010474,1,2026-08-02 03:00:00,6
RCR000001585,RCT000001585,U0004672,0,,0
RCR000001586,RCT000001586,U0004484,0,,0
RCR000001587,RCT000001587,U0001243,0,,0
RCR000001588,RCT000001588,U0000998,0,,0
RCR000001589,RCT000001589,U0004866,0,,0
RCR000001590,RCT000001590,U0005571,0,,0
RCR000001591,RCT000001591,U0011637,0,,0
RCR000001592,RCT000001592,U0007132,0,,0
RCR000001593,RCT000001593,U0000851,0,,0
RCR000001594,RCT000001594,U0004505,0,,0
RCR000001595,RCT000001595,U0005167,0,,0
RCR000001596,RCT000001596,U0006251,0,,0
RCR000001597,RCT000001597,U0010788,0,,0
RCR000001598,RCT000001598,U0001261,0,,0
RCR000001599,RCT000001599,U0006645,0,,0
RCR000001600,RCT000001600,U0011206,1,2026-07-28 19:00:00,1
RCR000001601,RCT000001601,U0004392,0,,0
RCR000001602,RCT000001602,U0006028,1,2026-02-12 12:00:00,7
RCR000001603,RCT000001603,U0001368,0,,0
RCR000001604,RCT000001604,U0002903,0,,0
RCR000001605,RCT000001605,U0003561,0,,0
RCR000001606,RCT000001606,U0002579,0,,0
RCR000001607,RCT000001607,U0001760,0,,0
RCR000001608,RCT000001608,U0005526,0,,0
RCR000001609,RCT000001609,U0008248,1,2026-06-24 13:00:00,6
RCR000001610,RCT000001610,U0005753,0,,0
RCR000001611,RCT000001611,U0008450,0,,0
RCR000001612,RCT000001612,U0003843,0,,0
RCR000001613,RCT000001613,U0008294,0,,0
RCR000001614,RCT000001614,U0010878,0,,0
RCR000001615,RCT000001615,U0004820,0,,0
RCR000001616,RCT000001616,U0011167,1,2026-02-18 07:00:00,7
RCR000001617,RCT000001617,U0000567,1,2026-06-22 17:00:00,6
RCR000001618,RCT000001618,U0004639,0,,0
RCR000001619,RCT000001619,U0003455,1,2026-02-19 20:00:00,2
RCR000001620,RCT000001620,U0007375,0,,0
RCR000001621,RCT000001621,U0002274,0,,0
RCR000001622,RCT000001622,U0011091,0,,0
RCR000001623,RCT000001623,U0003269,0,,0
RCR000001624,RCT000001624,U0008308,0,,0
RCR000001625,RCT000001625,U0009017,0,,0
RCR000001626,RCT000001626,U0000341,1,2026-02-21 09:00:00,5
RCR000001627,RCT000001627,U0007132,1,2026-06-12 05:00:00,2
RCR000001628,RCT000001628,U0001517,0,,0
RCR000001629,RCT000001629,U0011055,0,,0
RCR000001630,RCT000001630,U0010917,0,,0
RCR000001631,RCT000001631,U0001937,0,,0
RCR000001632,RCT000001632,U0006512,0,,0
RCR000001633,RCT000001633,U0002683,0,,0
RCR000001634,RCT000001634,U0003063,0,,0
RCR000001635,RCT000001635,U0010018,0,,0
RCR000001636,RCT000001636,U0000167,0,,0
RCR000001637,RCT000001637,U0008643,0,,0
RCR000001638,RCT000001638,U0003256,0,,0
RCR000001639,RCT000001639,U0011943,0,,0
RCR000001640,RCT000001640,U0005364,0,,0
RCR000001641,RCT000001641,U0010012,0,,0
RCR000001642,RCT000001642,U0004654,0,,0
RCR000001643,RCT000001643,U0006319,0,,0
RCR000001644,RCT000001644,U0010336,0,,0
RCR000001645,RCT000001645,U0004125,0,,0
RCR000001646,RCT000001646,U0000555,0,,0
RCR000001647,RCT000001647,U0007290,0,,0
RCR000001648,RCT000001648,U0009963,0,,0
RCR000001649,RCT000001649,U0011801,0,,0
RCR000001650,RCT000001650,U0006560,0,,0
RCR000001651,RCT000001651,U0008634,0,,0
RCR000001652,RCT000001652,U0002212,0,,0
RCR000001653,RCT000001653,U0008338,0,,0
RCR000001654,RCT000001654,U0004112,0,,0
RCR000001655,RCT000001655,U0005419,0,,0
RCR000001656,RCT000001656,U0007760,1,2026-03-27 20:00:00,3
RCR000001657,RCT000001657,U0001680,0,,0
RCR000001658,RCT000001658,U0006934,0,,0
RCR000001659,RCT000001659,U0008853,0,,0
RCR000001660,RCT000001660,U0010383,0,,0
RCR000001661,RCT000001661,U0007647,0,,0
RCR000001662,RCT000001662,U0001520,0,,0
RCR000001663,RCT000001663,U0011844,0,,0
RCR000001664,RCT000001664,U0001152,0,,0
RCR000001665,RCT000001665,U0005199,1,2026-08-03 13:00:00,1
RCR000001666,RCT000001666,U0010265,0,,0
RCR000001667,RCT000001667,U0005845,0,,0
RCR000001668,RCT000001668,U0000244,0,,0
RCR000001669,RCT000001669,U0003415,0,,0
RCR000001670,RCT000001670,U0010874,0,,0
RCR000001671,RCT000001671,U0002398,0,,0
RCR000001672,RCT000001672,U0009090,1,2026-02-13 18:00:00,2
RCR000001673,RCT000001673,U0005307,0,,0
RCR000001674,RCT000001674,U0000434,0,,0
RCR000001675,RCT000001675,U0008813,0,,0
RCR000001676,RCT000001676,U0001012,0,,0
RCR000001677,RCT000001677,U0000787,0,,0
RCR000001678,RCT000001678,U0007196,0,,0
RCR000001679,RCT000001679,U0009502,0,,0
RCR000001680,RCT000001680,U0001106,0,,0
RCR000001681,RCT000001681,U0008518,0,,0
RCR000001682,RCT000001682,U0011726,0,,0
RCR000001683,RCT000001683,U0000778,0,,0
RCR000001684,RCT000001684,U0002791,0,,0
RCR000001685,RCT000001685,U0002535,0,,0
RCR000001686,RCT000001686,U0003100,0,,0
RCR000001687,RCT000001687,U0009401,0,,0
RCR000001688,RCT000001688,U0001731,0,,0
RCR000001689,RCT000001689,U0011731,0,,0
RCR000001690,RCT000001690,U0004196,0,,0
RCR000001691,RCT000001691,U0006299,0,,0
RCR000001692,RCT000001692,U0010777,0,,0
RCR000001693,RCT000001693,U0007701,0,,0
RCR000001694,RCT000001694,U0007609,0,,0
RCR000001695,RCT000001695,U0002525,0,,0
RCR000001696,RCT000001696,U0006460,0,,0
RCR000001697,RCT000001697,U0001901,0,,0
RCR000001698,RCT000001698,U0003866,0,,0
RCR000001699,RCT000001699,U0001361,0,,0
RCR000001700,RCT000001700,U0005332,0,,0
RCR000001701,RCT000001701,U0008954,1,2026-05-30 13:00:00,6
RCR000001702,RCT000001702,U0002369,0,,0
RCR000001703,RCT000001703,U0004918,0,,0
RCR000001704,RCT000001704,U0006779,0,,0
RCR000001705,RCT000001705,U0010086,0,,0
RCR000001706,RCT000001706,U0007400,0,,0
RCR000001707,RCT000001707,U0005273,0,,0
RCR000001708,RCT000001708,U0005981,0,,0
RCR000001709,RCT000001709,U0005044,0,,0
RCR000001710,RCT000001710,U0009237,0,,0
RCR000001711,RCT000001711,U0002578,0,,0
RCR000001712,RCT000001712,U0000238,0,,0
RCR000001713,RCT000001713,U0000298,0,,0
RCR000001714,RCT000001714,U0000274,0,,0
RCR000001715,RCT000001715,U0007492,0,,0
RCR000001716,RCT000001716,U0009341,0,,0
RCR000001717,RCT000001717,U0004005,0,,0
RCR000001718,RCT000001718,U0008416,0,,0
RCR000001719,RCT000001719,U0006845,0,,0
RCR000001720,RCT000001720,U0005069,0,,0
RCR000001721,RCT000001721,U0005595,0,,0
RCR000001722,RCT000001722,U0004905,1,2026-02-10 12:00:00,3
RCR000001723,RCT000001723,U0008369,0,,0
RCR000001724,RCT000001724,U0007508,0,,0
RCR000001725,RCT000001725,U0011406,0,,0
RCR000001726,RCT000001726,U0008771,0,,0
RCR000001727,RCT000001727,U0004035,1,2026-06-29 00:00:00,3
RCR000001728,RCT000001728,U0007647,0,,0
RCR000001729,RCT000001729,U0010594,0,,0
RCR000001730,RCT000001730,U0011496,0,,0
RCR000001731,RCT000001731,U0003748,0,,0
RCR000001732,RCT000001732,U0008561,0,,0
RCR000001733,RCT000001733,U0011460,0,,0
RCR000001734,RCT000001734,U0010289,0,,0
RCR000001735,RCT000001735,U0003581,0,,0
RCR000001736,RCT000001736,U0005609,0,,0
RCR000001737,RCT000001737,U0000842,0,,0
RCR000001738,RCT000001738,U0000398,0,,0
RCR000001739,RCT000001739,U0009646,0,,0
RCR000001740,RCT000001740,U0005455,0,,0
RCR000001741,RCT000001741,U0006151,0,,0
RCR000001742,RCT000001742,U0001290,1,2026-07-29 07:00:00,5
RCR000001743,RCT000001743,U0002998,0,,0
RCR000001744,RCT000001744,U0002081,0,,0
RCR000001745,RCT000001745,U0002537,0,,0
RCR000001746,RCT000001746,U0006354,0,,0
RCR000001747,RCT000001747,U0009170,1,2026-03-15 10:00:00,4
RCR000001748,RCT000001748,U0008292,1,2026-08-04 16:00:00,3
RCR000001749,RCT000001749,U0006897,0,,0
RCR000001750,RCT000001750,U0002008,0,,0
RCR000001751,RCT000001751,U0000678,0,,0
RCR000001752,RCT000001752,U0008567,0,,0
RCR000001753,RCT000001753,U0008989,0,,0
RCR000001754,RCT000001754,U0008830,1,2026-02-15 21:00:00,6
RCR000001755,RCT000001755,U0008149,0,,0
RCR000001756,RCT000001756,U0000628,0,,0
RCR000001757,RCT000001757,U0000158,0,,0
RCR000001758,RCT000001758,U0007406,0,,0
RCR000001759,RCT000001759,U0005731,0,,0
RCR000001760,RCT000001760,U0005775,0,,0
RCR000001761,RCT000001761,U0011303,0,,0
RCR000001762,RCT000001762,U0005346,0,,0
RCR000001763,RCT000001763,U0008440,0,,0
RCR000001764,RCT000001764,U0009259,0,,0
RCR000001765,RCT000001765,U0007734,0,,0
RCR000001766,RCT000001766,U0006387,0,,0
RCR000001767,RCT000001767,U0007662,0,,0
RCR000001768,RCT000001768,U0002607,0,,0
RCR000001769,RCT000001769,U0003159,0,,0
RCR000001770,RCT000001770,U0008571,0,,0
RCR000001771,RCT000001771,U0004861,0,,0
RCR000001772,RCT000001772,U0007460,0,,0
RCR000001773,RCT000001773,U0009785,0,,0
RCR000001774,RCT000001774,U0011146,0,,0
RCR000001775,RCT000001775,U0002248,0,,0
RCR000001776,RCT000001776,U0007920,0,,0
RCR000001777,RCT000001777,U0004770,0,,0
RCR000001778,RCT000001778,U0006149,0,,0
RCR000001779,RCT000001779,U0003534,0,,0
RCR000001780,RCT000001780,U0003417,0,,0
RCR000001781,RCT000001781,U0007388,0,,0
RCR000001782,RCT000001782,U0011146,0,,0
RCR000001783,RCT000001783,U0011767,0,,0
RCR000001784,RCT000001784,U0000701,0,,0
RCR000001785,RCT000001785,U0004795,0,,0
RCR000001786,RCT000001786,U0004620,0,,0
RCR000001787,RCT000001787,U0006079,0,,0
RCR000001788,RCT000001788,U0008267,0,,0
RCR000001789,RCT000001789,U0008409,0,,0
RCR000001790,RCT000001790,U0000237,0,,0
RCR000001791,RCT000001791,U0006295,0,,0
RCR000001792,RCT000001792,U0003387,0,,0
RCR000001793,RCT000001793,U0005223,0,,0
RCR000001794,RCT000001794,U0004076,0,,0
RCR000001795,RCT000001795,U0011634,0,,0
RCR000001796,RCT000001796,U0011325,0,,0
RCR000001797,RCT000001797,U0001706,0,,0
RCR000001798,RCT000001798,U0006460,0,,0
RCR000001799,RCT000001799,U0001866,1,2026-07-27 22:00:00,1
RCR000001800,RCT000001800,U0004649,0,,0
RCR000001801,RCT000001801,U0004519,0,,0
RCR000001802,RCT000001802,U0000613,0,,0
RCR000001803,RCT000001803,U0005202,1,2026-02-13 03:00:00,7
RCR000001804,RCT000001804,U0009687,0,,0
RCR000001805,RCT000001805,U0003017,0,,0
RCR000001806,RCT000001806,U0010149,0,,0
RCR000001807,RCT000001807,U0005238,0,,0
RCR000001808,RCT000001808,U0000735,0,,0
RCR000001809,RCT000001809,U0007210,0,,0
RCR000001810,RCT000001810,U0000941,0,,0
RCR000001811,RCT000001811,U0006555,0,,0
RCR000001812,RCT000001812,U0009692,1,2026-03-16 07:00:00,4
RCR000001813,RCT000001813,U0007231,0,,0
RCR000001814,RCT000001814,U0011520,1,2026-04-25 23:00:00,3
RCR000001815,RCT000001815,U0003593,0,,0
RCR000001816,RCT000001816,U0010019,0,,0
RCR000001817,RCT000001817,U0011303,0,,0
RCR000001818,RCT000001818,U0003961,0,,0
RCR000001819,RCT000001819,U0006069,1,2026-05-31 00:00:00,3
RCR000001820,RCT000001820,U0001121,0,,0
RCR000001821,RCT000001821,U0009684,0,,0
RCR000001822,RCT000001822,U0001720,0,,0
RCR000001823,RCT000001823,U0002708,0,,0
RCR000001824,RCT000001824,U0005755,0,,0
RCR000001825,RCT000001825,U0006814,0,,0
RCR000001826,RCT000001826,U0004026,0,,0
RCR000001827,RCT000001827,U0003122,0,,0
RCR000001828,RCT000001828,U0005419,0,,0
RCR000001829,RCT000001829,U0004357,1,2026-05-29 13:00:00,5
RCR000001830,RCT000001830,U0000820,0,,0
RCR000001831,RCT000001831,U0005327,0,,0
RCR000001832,RCT000001832,U0008162,0,,0
RCR000001833,RCT000001833,U0004542,0,,0
RCR000001834,RCT000001834,U0006975,0,,0
RCR000001835,RCT000001835,U0010813,0,,0
RCR000001836,RCT000001836,U0007415,0,,0
RCR000001837,RCT000001837,U0010807,0,,0
RCR000001838,RCT000001838,U0009133,0,,0
RCR000001839,RCT000001839,U0010322,0,,0
RCR000001840,RCT000001840,U0008605,0,,0
RCR000001841,RCT000001841,U0000726,0,,0
RCR000001842,RCT000001842,U0000575,0,,0
RCR000001843,RCT000001843,U0007910,0,,0
RCR000001844,RCT000001844,U0002554,0,,0
RCR000001845,RCT000001845,U0001007,0,,0
RCR000001846,RCT000001846,U0010368,0,,0
RCR000001847,RCT000001847,U0009963,0,,0
RCR000001848,RCT000001848,U0006732,0,,0
RCR000001849,RCT000001849,U0008222,0,,0
RCR000001850,RCT000001850,U0001671,0,,0
RCR000001851,RCT000001851,U0000629,0,,0
RCR000001852,RCT000001852,U0009027,0,,0
RCR000001853,RCT000001853,U0009438,0,,0
RCR000001854,RCT000001854,U0009452,0,,0
RCR000001855,RCT000001855,U0003007,0,,0
RCR000001856,RCT000001856,U0007332,0,,0
RCR000001857,RCT000001857,U0004849,0,,0
RCR000001858,RCT000001858,U0000007,0,,0
RCR000001859,RCT000001859,U0002318,0,,0
RCR000001860,RCT000001860,U0009754,1,2026-08-05 06:00:00,5
RCR000001861,RCT000001861,U0010032,0,,0
RCR000001862,RCT000001862,U0007905,0,,0
RCR000001863,RCT000001863,U0007856,0,,0
RCR000001864,RCT000001864,U0009486,0,,0
RCR000001865,RCT000001865,U0011414,0,,0
RCR000001866,RCT000001866,U0007450,0,,0
RCR000001867,RCT000001867,U0006432,0,,0
RCR000001868,RCT000001868,U0010105,0,,0
RCR000001869,RCT000001869,U0006271,0,,0
RCR000001870,RCT000001870,U0011307,0,,0
RCR000001871,RCT000001871,U0006656,0,,0
RCR000001872,RCT000001872,U0006694,0,,0
RCR000001873,RCT000001873,U0006381,0,,0
RCR000001874,RCT000001874,U0002929,0,,0
RCR000001875,RCT000001875,U0004871,0,,0
RCR000001876,RCT000001876,U0002613,0,,0
RCR000001877,RCT000001877,U0010051,0,,0
RCR000001878,RCT000001878,U0006299,0,,0
RCR000001879,RCT000001879,U0003796,0,,0
RCR000001880,RCT000001880,U0000703,0,,0
RCR000001881,RCT000001881,U0008631,0,,0
RCR000001882,RCT000001882,U0010412,0,,0
RCR000001883,RCT000001883,U0010509,1,2026-07-12 18:00:00,4
RCR000001884,RCT000001884,U0006655,0,,0
RCR000001885,RCT000001885,U0010649,0,,0
RCR000001886,RCT000001886,U0007696,0,,0
RCR000001887,RCT000001887,U0011558,0,,0
RCR000001888,RCT000001888,U0009588,0,,0
RCR000001889,RCT000001889,U0006480,0,,0
RCR000001890,RCT000001890,U0005637,0,,0
RCR000001891,RCT000001891,U0000935,0,,0
RCR000001892,RCT000001892,U0006013,0,,0
RCR000001893,RCT000001893,U0007435,0,,0
RCR000001894,RCT000001894,U0002467,0,,0
RCR000001895,RCT000001895,U0006993,0,,0
RCR000001896,RCT000001896,U0007179,0,,0
RCR000001897,RCT000001897,U0010351,0,,0
RCR000001898,RCT000001898,U0008998,0,,0
RCR000001899,RCT000001899,U0007487,0,,0
RCR000001900,RCT000001900,U0003994,0,,0
RCR000001901,RCT000001901,U0008710,0,,0
RCR000001902,RCT000001902,U0011153,0,,0
RCR000001903,RCT000001903,U0011726,0,,0
RCR000001904,RCT000001904,U0005035,0,,0
RCR000001905,RCT000001905,U0002632,0,,0
RCR000001906,RCT000001906,U0005693,0,,0
RCR000001907,RCT000001907,U0008445,0,,0
RCR000001908,RCT000001908,U0002466,0,,0
RCR000001909,RCT000001909,U0003246,0,,0
RCR000001910,RCT000001910,U0002193,0,,0
RCR000001911,RCT000001911,U0000124,0,,0
RCR000001912,RCT000001912,U0001527,0,,0
RCR000001913,RCT000001913,U0006621,0,,0
RCR000001914,RCT000001914,U0011639,0,,0
RCR000001915,RCT000001915,U0010293,0,,0
RCR000001916,RCT000001916,U0003557,0,,0
RCR000001917,RCT000001917,U0007560,0,,0
RCR000001918,RCT000001918,U0011371,0,,0
RCR000001919,RCT000001919,U0002548,0,,0
RCR000001920,RCT000001920,U0010408,0,,0
RCR000001921,RCT000001921,U0008362,0,,0
RCR000001922,RCT000001922,U0010947,0,,0
RCR000001923,RCT000001923,U0003392,0,,0
RCR000001924,RCT000001924,U0005248,0,,0
RCR000001925,RCT000001925,U0009307,0,,0
RCR000001926,RCT000001926,U0003364,0,,0
RCR000001927,RCT000001927,U0000089,0,,0
RCR000001928,RCT000001928,U0004256,0,,0
RCR000001929,RCT000001929,U0007242,0,,0
RCR000001930,RCT000001930,U0004146,0,,0
RCR000001931,RCT000001931,U0011396,0,,0
RCR000001932,RCT000001932,U0008532,0,,0
RCR000001933,RCT000001933,U0007047,0,,0
RCR000001934,RCT000001934,U0001345,1,2026-04-20 09:00:00,4
RCR000001935,RCT000001935,U0000632,0,,0
RCR000001936,RCT000001936,U0002764,0,,0
RCR000001937,RCT000001937,U0009490,0,,0
RCR000001938,RCT000001938,U0010262,0,,0
RCR000001939,RCT000001939,U0011106,0,,0
RCR000001940,RCT000001940,U0008208,0,,0
RCR000001941,RCT000001941,U0009273,0,,0
RCR000001942,RCT000001942,U0006357,0,,0
RCR000001943,RCT000001943,U0009019,1,2026-04-29 16:00:00,4
RCR000001944,RCT000001944,U0005616,0,,0
RCR000001945,RCT000001945,U0004047,0,,0
RCR000001946,RCT000001946,U0007534,0,,0
RCR000001947,RCT000001947,U0006317,0,,0
RCR000001948,RCT000001948,U0001852,0,,0
RCR000001949,RCT000001949,U0006510,0,,0
RCR000001950,RCT000001950,U0009763,1,2026-06-24 12:00:00,7
RCR000001951,RCT000001951,U0000661,0,,0
RCR000001952,RCT000001952,U0006641,0,,0
RCR000001953,RCT000001953,U0000963,0,,0
RCR000001954,RCT000001954,U0009655,0,,0
RCR000001955,RCT000001955,U0003065,0,,0
RCR000001956,RCT000001956,U0000696,0,,0
RCR000001957,RCT000001957,U0007375,0,,0
RCR000001958,RCT000001958,U0005985,0,,0
RCR000001959,RCT000001959,U0006466,0,,0
RCR000001960,RCT000001960,U0008548,0,,0
RCR000001961,RCT000001961,U0002847,0,,0
RCR000001962,RCT000001962,U0007077,0,,0
RCR000001963,RCT000001963,U0011771,0,,0
RCR000001964,RCT000001964,U0000751,0,,0
RCR000001965,RCT000001965,U0009051,0,,0
RCR000001966,RCT000001966,U0005942,0,,0
RCR000001967,RCT000001967,U0008493,0,,0
RCR000001968,RCT000001968,U0000354,0,,0
RCR000001969,RCT000001969,U0007996,0,,0
RCR000001970,RCT000001970,U0011271,0,,0
RCR000001971,RCT000001971,U0005853,1,2026-06-22 23:00:00,1
RCR000001972,RCT000001972,U0007155,0,,0
RCR000001973,RCT000001973,U0011219,0,,0
RCR000001974,RCT000001974,U0010794,0,,0
RCR000001975,RCT000001975,U0006858,0,,0
RCR000001976,RCT000001976,U0008560,0,,0
RCR000001977,RCT000001977,U0003998,0,,0
RCR000001978,RCT000001978,U0007253,0,,0
RCR000001979,RCT000001979,U0003732,0,,0
RCR000001980,RCT000001980,U0003090,0,,0
RCR000001981,RCT000001981,U0001267,0,,0
RCR000001982,RCT000001982,U0005676,0,,0
RCR000001983,RCT000001983,U0008457,0,,0
RCR000001984,RCT000001984,U0006090,0,,0
RCR000001985,RCT000001985,U0001588,1,2026-03-01 20:00:00,6
RCR000001986,RCT000001986,U0000669,0,,0
RCR000001987,RCT000001987,U0003770,0,,0
RCR000001988,RCT000001988,U0000820,1,2026-02-19 03:00:00,6
RCR000001989,RCT000001989,U0010771,0,,0
RCR000001990,RCT000001990,U0007510,0,,0
RCR000001991,RCT000001991,U0002860,0,,0
RCR000001992,RCT000001992,U0003313,0,,0
RCR000001993,RCT000001993,U0008566,0,,0
RCR000001994,RCT000001994,U0004335,0,,0
RCR000001995,RCT000001995,U0001290,0,,0
RCR000001996,RCT000001996,U0000896,1,2026-07-12 12:00:00,3
RCR000001997,RCT000001997,U0010486,0,,0
RCR000001998,RCT000001998,U0008816,0,,0
RCR000001999,RCT000001999,U0000928,0,,0
RCR000002000,RCT000002000,U0007488,0,,0
RCR000002001,RCT000002001,U0007975,0,,0
RCR000002002,RCT000002002,U0008949,0,,0
RCR000002003,RCT000002003,U0007283,0,,0
RCR000002004,RCT000002004,U0001894,0,,0
RCR000002005,RCT000002005,U0006767,0,,0
RCR000002006,RCT000002006,U0006006,0,,0
RCR000002007,RCT000002007,U0004731,0,,0
RCR000002008,RCT000002008,U0000018,0,,0
RCR000002009,RCT000002009,U0009240,0,,0
RCR000002010,RCT000002010,U0002155,1,2026-07-18 03:00:00,2
RCR000002011,RCT000002011,U0007059,0,,0
RCR000002012,RCT000002012,U0003470,0,,0
RCR000002013,RCT000002013,U0007376,0,,0
RCR000002014,RCT000002014,U0009282,0,,0
RCR000002015,RCT000002015,U0006507,0,,0
RCR000002016,RCT000002016,U0008290,0,,0
RCR000002017,RCT000002017,U0000486,0,,0
RCR000002018,RCT000002018,U0001000,1,2026-02-21 10:00:00,6
RCR000002019,RCT000002019,U0007275,0,,0
RCR000002020,RCT000002020,U0003770,0,,0
RCR000002021,RCT000002021,U0008125,0,,0
RCR000002022,RCT000002022,U0009132,0,,0
RCR000002023,RCT000002023,U0010303,0,,0
RCR000002024,RCT000002024,U0007623,0,,0
RCR000002025,RCT000002025,U0009132,0,,0
RCR000002026,RCT000002026,U0004503,0,,0
RCR000002027,RCT000002027,U0003975,1,2026-08-02 08:00:00,4
RCR000002028,RCT000002028,U0003241,0,,0
RCR000002029,RCT000002029,U0004542,0,,0
RCR000002030,RCT000002030,U0001061,0,,0
RCR000002031,RCT000002031,U0008661,0,,0
RCR000002032,RCT000002032,U0009652,0,,0
RCR000002033,RCT000002033,U0003077,0,,0
RCR000002034,RCT000002034,U0008236,0,,0
RCR000002035,RCT000002035,U0002041,1,2026-07-31 18:00:00,3
RCR000002036,RCT000002036,U0001895,0,,0
RCR000002037,RCT000002037,U0010474,0,,0
RCR000002038,RCT000002038,U0003423,0,,0
RCR000002039,RCT000002039,U0001940,0,,0
RCR000002040,RCT000002040,U0007112,1,2026-03-05 14:00:00,4
RCR000002041,RCT000002041,U0002012,0,,0
RCR000002042,RCT000002042,U0005001,0,,0
RCR000002043,RCT000002043,U0007420,0,,0
RCR000002044,RCT000002044,U0008927,0,,0
RCR000002045,RCT000002045,U0000506,0,,0
RCR000002046,RCT000002046,U0008533,0,,0
RCR000002047,RCT000002047,U0009609,0,,0
RCR000002048,RCT000002048,U0003314,0,,0
RCR000002049,RCT000002049,U0009907,0,,0
RCR000002050,RCT000002050,U0009392,1,2026-06-30 15:00:00,3
RCR000002051,RCT000002051,U0006339,0,,0
RCR000002052,RCT000002052,U0004938,1,2026-08-01 02:00:00,6
RCR000002053,RCT000002053,U0006808,0,,0
RCR000002054,RCT000002054,U0006512,0,,0
RCR000002055,RCT000002055,U0006673,0,,0
RCR000002056,RCT000002056,U0003485,0,,0
RCR000002057,RCT000002057,U0003519,1,2026-07-14 06:00:00,4
RCR000002058,RCT000002058,U0010456,0,,0
RCR000002059,RCT000002059,U0002614,0,,0
RCR000002060,RCT000002060,U0007043,0,,0
RCR000002061,RCT000002061,U0009351,0,,0
RCR000002062,RCT000002062,U0001386,0,,0
RCR000002063,RCT000002063,U0005155,1,2026-07-30 23:00:00,1
RCR000002064,RCT000002064,U0002351,0,,0
RCR000002065,RCT000002065,U0007574,0,,0
RCR000002066,RCT000002066,U0002423,0,,0
RCR000002067,RCT000002067,U0010191,0,,0
RCR000002068,RCT000002068,U0003330,0,,0
RCR000002069,RCT000002069,U0004357,0,,0
RCR000002070,RCT000002070,U0009332,0,,0
RCR000002071,RCT000002071,U0007709,0,,0
RCR000002072,RCT000002072,U0003419,1,2026-05-27 07:00:00,3
RCR000002073,RCT000002073,U0005938,0,,0
RCR000002074,RCT000002074,U0005497,0,,0
RCR000002075,RCT000002075,U0000337,0,,0
RCR000002076,RCT000002076,U0010874,1,2026-05-08 23:00:00,7
RCR000002077,RCT000002077,U0009479,0,,0
RCR000002078,RCT000002078,U0004520,0,,0
RCR000002079,RCT000002079,U0005923,0,,0
RCR000002080,RCT000002080,U0007253,0,,0
RCR000002081,RCT000002081,U0010741,0,,0
RCR000002082,RCT000002082,U0001998,0,,0
RCR000002083,RCT000002083,U0003661,0,,0
RCR000002084,RCT000002084,U0007000,0,,0
RCR000002085,RCT000002085,U0000189,0,,0
RCR000002086,RCT000002086,U0002076,0,,0
RCR000002087,RCT000002087,U0000545,0,,0
RCR000002088,RCT000002088,U0002066,0,,0
RCR000002089,RCT000002089,U0010047,0,,0
RCR000002090,RCT000002090,U0006492,0,,0
RCR000002091,RCT000002091,U0010422,0,,0
RCR000002092,RCT000002092,U0004119,0,,0
RCR000002093,RCT000002093,U0009701,0,,0
RCR000002094,RCT000002094,U0002097,0,,0
RCR000002095,RCT000002095,U0004779,0,,0
RCR000002096,RCT000002096,U0006310,0,,0
RCR000002097,RCT000002097,U0001248,0,,0
RCR000002098,RCT000002098,U0009735,0,,0
RCR000002099,RCT000002099,U0009020,0,,0
RCR000002100,RCT000002100,U0000138,0,,0
RCR000002101,RCT000002101,U0004590,0,,0
RCR000002102,RCT000002102,U0002022,0,,0
RCR000002103,RCT000002103,U0004927,0,,0
RCR000002104,RCT000002104,U0007522,0,,0
RCR000002105,RCT000002105,U0001140,0,,0
RCR000002106,RCT000002106,U0010346,0,,0
RCR000002107,RCT000002107,U0002398,0,,0
RCR000002108,RCT000002108,U0010527,0,,0
RCR000002109,RCT000002109,U0003537,0,,0
RCR000002110,RCT000002110,U0010262,1,2026-08-04 18:00:00,1
RCR000002111,RCT000002111,U0008010,0,,0
RCR000002112,RCT000002112,U0003311,0,,0
RCR000002113,RCT000002113,U0002341,0,,0
RCR000002114,RCT000002114,U0008290,0,,0
RCR000002115,RCT000002115,U0006037,0,,0
RCR000002116,RCT000002116,U0010336,0,,0
RCR000002117,RCT000002117,U0003388,0,,0
RCR000002118,RCT000002118,U0011293,0,,0
RCR000002119,RCT000002119,U0009685,0,,0
RCR000002120,RCT000002120,U0009023,0,,0
RCR000002121,RCT000002121,U0010187,0,,0
RCR000002122,RCT000002122,U0002291,0,,0
RCR000002123,RCT000002123,U0008927,0,,0
RCR000002124,RCT000002124,U0000655,0,,0
RCR000002125,RCT000002125,U0008402,0,,0
RCR000002126,RCT000002126,U0002564,0,,0
RCR000002127,RCT000002127,U0007486,0,,0
RCR000002128,RCT000002128,U0002073,1,2026-07-30 07:00:00,3
RCR000002129,RCT000002129,U0001419,0,,0
RCR000002130,RCT000002130,U0008639,0,,0
RCR000002131,RCT000002131,U0008666,0,,0
RCR000002132,RCT000002132,U0007891,0,,0
RCR000002133,RCT000002133,U0010041,0,,0
RCR000002134,RCT000002134,U0008863,0,,0
RCR000002135,RCT000002135,U0003433,0,,0
RCR000002136,RCT000002136,U0009634,0,,0
RCR000002137,RCT000002137,U0006670,1,2026-02-11 12:00:00,1
RCR000002138,RCT000002138,U0006918,0,,0
RCR000002139,RCT000002139,U0005835,0,,0
RCR000002140,RCT000002140,U0011862,0,,0
RCR000002141,RCT000002141,U0006657,0,,0
RCR000002142,RCT000002142,U0009928,0,,0
RCR000002143,RCT000002143,U0011997,0,,0
RCR000002144,RCT000002144,U0009755,0,,0
RCR000002145,RCT000002145,U0001810,1,2026-02-18 18:00:00,5
RCR000002146,RCT000002146,U0010469,0,,0
RCR000002147,RCT000002147,U0005373,0,,0
RCR000002148,RCT000002148,U0009690,1,2026-06-05 00:00:00,4
RCR000002149,RCT000002149,U0002614,0,,0
RCR000002150,RCT000002150,U0002224,0,,0
RCR000002151,RCT000002151,U0002789,0,,0
RCR000002152,RCT000002152,U0001231,0,,0
RCR000002153,RCT000002153,U0000836,0,,0
RCR000002154,RCT000002154,U0010221,0,,0
RCR000002155,RCT000002155,U0000685,0,,0
RCR000002156,RCT000002156,U0002531,0,,0
RCR000002157,RCT000002157,U0004933,0,,0
RCR000002158,RCT000002158,U0001813,0,,0
RCR000002159,RCT000002159,U0007974,0,,0
RCR000002160,RCT000002160,U0005764,1,2026-02-24 04:00:00,2
RCR000002161,RCT000002161,U0011223,0,,0
RCR000002162,RCT000002162,U0010398,0,,0
RCR000002163,RCT000002163,U0008482,0,,0
RCR000002164,RCT000002164,U0009701,0,,0
RCR000002165,RCT000002165,U0000505,0,,0
RCR000002166,RCT000002166,U0000511,0,,0
RCR000002167,RCT000002167,U0002676,0,,0
RCR000002168,RCT000002168,U0006711,0,,0
RCR000002169,RCT000002169,U0004098,0,,0
RCR000002170,RCT000002170,U0010778,0,,0
RCR000002171,RCT000002171,U0005822,0,,0
RCR000002172,RCT000002172,U0004503,0,,0
RCR000002173,RCT000002173,U0004164,0,,0
RCR000002174,RCT000002174,U0011415,0,,0
RCR000002175,RCT000002175,U0000234,0,,0
RCR000002176,RCT000002176,U0008830,0,,0
RCR000002177,RCT000002177,U0007185,0,,0
RCR000002178,RCT000002178,U0010369,0,,0
RCR000002179,RCT000002179,U0007969,0,,0
RCR000002180,RCT000002180,U0001869,0,,0
RCR000002181,RCT000002181,U0010355,0,,0
RCR000002182,RCT000002182,U0003857,0,,0
RCR000002183,RCT000002183,U0007512,0,,0
RCR000002184,RCT000002184,U0010137,0,,0
RCR000002185,RCT000002185,U0001862,0,,0
RCR000002186,RCT000002186,U0010766,0,,0
RCR000002187,RCT000002187,U0002999,0,,0
RCR000002188,RCT000002188,U0007112,0,,0
RCR000002189,RCT000002189,U0004335,0,,0
RCR000002190,RCT000002190,U0009783,0,,0
RCR000002191,RCT000002191,U0010104,0,,0
RCR000002192,RCT000002192,U0005055,0,,0
RCR000002193,RCT000002193,U0004201,0,,0
RCR000002194,RCT000002194,U0007930,0,,0
RCR000002195,RCT000002195,U0004867,0,,0
RCR000002196,RCT000002196,U0006366,0,,0
RCR000002197,RCT000002197,U0002073,0,,0
RCR000002198,RCT000002198,U0006696,0,,0
RCR000002199,RCT000002199,U0004910,0,,0
RCR000002200,RCT000002200,U0004978,0,,0
RCR000002201,RCT000002201,U0008934,1,2026-03-25 12:00:00,7
RCR000002202,RCT000002202,U0007783,0,,0
RCR000002203,RCT000002203,U0003396,0,,0
RCR000002204,RCT000002204,U0001606,0,,0
RCR000002205,RCT000002205,U0005530,0,,0
RCR000002206,RCT000002206,U0010294,0,,0
RCR000002207,RCT000002207,U0007999,0,,0
RCR000002208,RCT000002208,U0010312,0,,0
RCR000002209,RCT000002209,U0004561,0,,0
RCR000002210,RCT000002210,U0005275,0,,0
RCR000002211,RCT000002211,U0011951,0,,0
RCR000002212,RCT000002212,U0010520,0,,0
RCR000002213,RCT000002213,U0011589,0,,0
RCR000002214,RCT000002214,U0011397,0,,0
RCR000002215,RCT000002215,U0010415,0,,0
RCR000002216,RCT000002216,U0001382,0,,0
RCR000002217,RCT000002217,U0010807,0,,0
RCR000002218,RCT000002218,U0007548,0,,0
RCR000002219,RCT000002219,U0005819,0,,0
RCR000002220,RCT000002220,U0004853,0,,0
RCR000002221,RCT000002221,U0003209,0,,0
RCR000002222,RCT000002222,U0006580,0,,0
RCR000002223,RCT000002223,U0011912,1,2026-07-30 16:00:00,6
RCR000002224,RCT000002224,U0004454,0,,0
RCR000002225,RCT000002225,U0000787,0,,0
RCR000002226,RCT000002226,U0004931,0,,0
RCR000002227,RCT000002227,U0006064,0,,0
RCR000002228,RCT000002228,U0005842,1,2026-08-03 17:00:00,7
RCR000002229,RCT000002229,U0000936,0,,0
RCR000002230,RCT000002230,U0007140,0,,0
RCR000002231,RCT000002231,U0001508,0,,0
RCR000002232,RCT000002232,U0000556,0,,0
RCR000002233,RCT000002233,U0010713,0,,0
RCR000002234,RCT000002234,U0003952,0,,0
RCR000002235,RCT000002235,U0001984,1,2026-06-29 08:00:00,4
RCR000002236,RCT000002236,U0009222,0,,0
RCR000002237,RCT000002237,U0003045,0,,0
RCR000002238,RCT000002238,U0005984,0,,0
RCR000002239,RCT000002239,U0007486,0,,0
RCR000002240,RCT000002240,U0007041,1,2026-02-05 19:00:00,6
RCR000002241,RCT000002241,U0002557,0,,0
RCR000002242,RCT000002242,U0011220,0,,0
RCR000002243,RCT000002243,U0006995,0,,0
RCR000002244,RCT000002244,U0009483,0,,0
RCR000002245,RCT000002245,U0002523,0,,0
RCR000002246,RCT000002246,U0006303,1,2026-06-25 22:00:00,1
RCR000002247,RCT000002247,U0006440,0,,0
RCR000002248,RCT000002248,U0008355,0,,0
RCR000002249,RCT000002249,U0007460,0,,0
RCR000002250,RCT000002250,U0006050,0,,0
RCR000002251,RCT000002251,U0010960,0,,0
RCR000002252,RCT000002252,U0010147,0,,0
RCR000002253,RCT000002253,U0001221,0,,0
RCR000002254,RCT000002254,U0008717,0,,0
RCR000002255,RCT000002255,U0007351,0,,0
RCR000002256,RCT000002256,U0000037,0,,0
RCR000002257,RCT000002257,U0009398,0,,0
RCR000002258,RCT000002258,U0010999,0,,0
RCR000002259,RCT000002259,U0003381,1,2026-07-28 02:00:00,5
RCR000002260,RCT000002260,U0003528,0,,0
RCR000002261,RCT000002261,U0008339,0,,0
RCR000002262,RCT000002262,U0009642,0,,0
RCR000002263,RCT000002263,U0001304,0,,0
RCR000002264,RCT000002264,U0004607,0,,0
RCR000002265,RCT000002265,U0002876,1,2026-06-24 02:00:00,4
RCR000002266,RCT000002266,U0008501,0,,0
RCR000002267,RCT000002267,U0002318,0,,0
RCR000002268,RCT000002268,U0009726,1,2026-05-30 06:00:00,7
RCR000002269,RCT000002269,U0000950,0,,0
RCR000002270,RCT000002270,U0009805,0,,0
RCR000002271,RCT000002271,U0007345,0,,0
RCR000002272,RCT000002272,U0006574,0,,0
RCR000002273,RCT000002273,U0008655,0,,0
RCR000002274,RCT000002274,U0002349,0,,0
RCR000002275,RCT000002275,U0001000,0,,0
RCR000002276,RCT000002276,U0001544,1,2026-06-27 02:00:00,1
RCR000002277,RCT000002277,U0007910,0,,0
RCR000002278,RCT000002278,U0003346,0,,0
RCR000002279,RCT000002279,U0002075,0,,0
RCR000002280,RCT000002280,U0009240,0,,0
RCR000002281,RCT000002281,U0001001,0,,0
RCR000002282,RCT000002282,U0011215,0,,0
RCR000002283,RCT000002283,U0009431,1,2026-02-20 11:00:00,1
RCR000002284,RCT000002284,U0005994,0,,0
RCR000002285,RCT000002285,U0011212,0,,0
RCR000002286,RCT000002286,U0009747,0,,0
RCR000002287,RCT000002287,U0005356,0,,0
RCR000002288,RCT000002288,U0003527,0,,0
RCR000002289,RCT000002289,U0004739,0,,0
RCR000002290,RCT000002290,U0007661,0,,0
RCR000002291,RCT000002291,U0003827,0,,0
RCR000002292,RCT000002292,U0003201,0,,0
RCR000002293,RCT000002293,U0011161,1,2026-02-11 12:00:00,6
RCR000002294,RCT000002294,U0003812,0,,0
RCR000002295,RCT000002295,U0000043,0,,0
RCR000002296,RCT000002296,U0009860,0,,0
RCR000002297,RCT000002297,U0000229,0,,0
RCR000002298,RCT000002298,U0008175,0,,0
RCR000002299,RCT000002299,U0002503,0,,0
RCR000002300,RCT000002300,U0011763,0,,0
RCR000002301,RCT000002301,U0007110,0,,0
RCR000002302,RCT000002302,U0000939,0,,0
RCR000002303,RCT000002303,U0000132,0,,0
RCR000002304,RCT000002304,U0011118,1,2026-02-18 03:00:00,6
RCR000002305,RCT000002305,U0010339,0,,0
RCR000002306,RCT000002306,U0007674,0,,0
RCR000002307,RCT000002307,U0008512,0,,0
RCR000002308,RCT000002308,U0010909,0,,0
RCR000002309,RCT000002309,U0002434,1,2026-07-31 14:00:00,7
RCR000002310,RCT000002310,U0000150,0,,0
RCR000002311,RCT000002311,U0011951,0,,0
RCR000002312,RCT000002312,U0008507,0,,0
RCR000002313,RCT000002313,U0005275,0,,0
RCR000002314,RCT000002314,U0006560,0,,0
RCR000002315,RCT000002315,U0003108,0,,0
RCR000002316,RCT000002316,U0010467,0,,0
RCR000002317,RCT000002317,U0002013,0,,0
RCR000002318,RCT000002318,U0011708,0,,0
RCR000002319,RCT000002319,U0006020,0,,0
RCR000002320,RCT000002320,U0003758,0,,0
RCR000002321,RCT000002321,U0011000,0,,0
RCR000002322,RCT000002322,U0000466,0,,0
RCR000002323,RCT000002323,U0010498,0,,0
RCR000002324,RCT000002324,U0003459,0,,0
RCR000002325,RCT000002325,U0004977,1,2026-03-24 16:00:00,7
RCR000002326,RCT000002326,U0008656,1,2026-06-14 22:00:00,3
RCR000002327,RCT000002327,U0009563,0,,0
RCR000002328,RCT000002328,U0003360,0,,0
RCR000002329,RCT000002329,U0003600,0,,0
RCR000002330,RCT000002330,U0001357,0,,0
RCR000002331,RCT000002331,U0005976,1,2026-03-03 00:00:00,7
RCR000002332,RCT000002332,U0008056,0,,0
RCR000002333,RCT000002333,U0008071,0,,0
RCR000002334,RCT000002334,U0001437,0,,0
RCR000002335,RCT000002335,U0011208,0,,0
RCR000002336,RCT000002336,U0010773,0,,0
RCR000002337,RCT000002337,U0000477,0,,0
RCR000002338,RCT000002338,U0010869,0,,0
RCR000002339,RCT000002339,U0004790,0,,0
RCR000002340,RCT000002340,U0009697,0,,0
RCR000002341,RCT000002341,U0009588,0,,0
RCR000002342,RCT000002342,U0003907,0,,0
RCR000002343,RCT000002343,U0003290,0,,0
RCR000002344,RCT000002344,U0011970,0,,0
RCR000002345,RCT000002345,U0007375,1,2026-06-17 01:00:00,6
RCR000002346,RCT000002346,U0001609,0,,0
RCR000002347,RCT000002347,U0008009,0,,0
RCR000002348,RCT000002348,U0009051,0,,0
RCR000002349,RCT000002349,U0002510,0,,0
RCR000002350,RCT000002350,U0004293,0,,0
RCR000002351,RCT000002351,U0008962,0,,0
RCR000002352,RCT000002352,U0011696,0,,0
RCR000002353,RCT000002353,U0000893,0,,0
RCR000002354,RCT000002354,U0011605,0,,0
RCR000002355,RCT000002355,U0004094,0,,0
RCR000002356,RCT000002356,U0010353,0,,0
RCR000002357,RCT000002357,U0000936,0,,0
RCR000002358,RCT000002358,U0011854,0,,0
RCR000002359,RCT000002359,U0009038,0,,0
RCR000002360,RCT000002360,U0000407,0,,0
RCR000002361,RCT000002361,U0010987,0,,0
RCR000002362,RCT000002362,U0003479,0,,0
RCR000002363,RCT000002363,U0001622,0,,0
RCR000002364,RCT000002364,U0000925,0,,0
RCR000002365,RCT000002365,U0000828,0,,0
RCR000002366,RCT000002366,U0002015,0,,0
RCR000002367,RCT000002367,U0005832,0,,0
RCR000002368,RCT000002368,U0001903,0,,0
RCR000002369,RCT000002369,U0007488,0,,0
RCR000002370,RCT000002370,U0006098,0,,0
RCR000002371,RCT000002371,U0002314,1,2026-05-27 05:00:00,6
RCR000002372,RCT000002372,U0004469,0,,0
RCR000002373,RCT000002373,U0000062,0,,0
RCR000002374,RCT000002374,U0010314,1,2026-05-31 13:00:00,2
RCR000002375,RCT000002375,U0001382,0,,0
RCR000002376,RCT000002376,U0002651,0,,0
RCR000002377,RCT000002377,U0007245,0,,0
RCR000002378,RCT000002378,U0000325,0,,0
RCR000002379,RCT000002379,U0008821,0,,0
RCR000002380,RCT000002380,U0008804,0,,0
RCR000002381,RCT000002381,U0000028,0,,0
RCR000002382,RCT000002382,U0008326,0,,0
RCR000002383,RCT000002383,U0010910,0,,0
RCR000002384,RCT000002384,U0009506,0,,0
RCR000002385,RCT000002385,U0002479,0,,0
RCR000002386,RCT000002386,U0001845,0,,0
RCR000002387,RCT000002387,U0001172,0,,0
RCR000002388,RCT000002388,U0001052,0,,0
RCR000002389,RCT000002389,U0001007,1,2026-05-12 07:00:00,1
RCR000002390,RCT000002390,U0006868,0,,0
RCR000002391,RCT000002391,U0004883,0,,0
RCR000002392,RCT000002392,U0002882,0,,0
RCR000002393,RCT000002393,U0000336,0,,0
RCR000002394,RCT000002394,U0007583,0,,0
RCR000002395,RCT000002395,U0000316,0,,0
RCR000002396,RCT000002396,U0010059,1,2026-02-17 07:00:00,6
RCR000002397,RCT000002397,U0007460,0,,0
RCR000002398,RCT000002398,U0006657,0,,0
RCR000002399,RCT000002399,U0005103,0,,0
RCR000002400,RCT000002400,U0002922,0,,0
RCR000002401,RCT000002401,U0010027,0,,0
RCR000002402,RCT000002402,U0004623,0,,0
RCR000002403,RCT000002403,U0004535,1,2026-05-27 14:00:00,7
RCR000002404,RCT000002404,U0001231,0,,0
RCR000002405,RCT000002405,U0009968,0,,0
RCR000002406,RCT000002406,U0010865,0,,0
RCR000002407,RCT000002407,U0007412,0,,0
RCR000002408,RCT000002408,U0006516,0,,0
RCR000002409,RCT000002409,U0001028,0,,0
RCR000002410,RCT000002410,U0002145,0,,0
RCR000002411,RCT000002411,U0002487,0,,0
RCR000002412,RCT000002412,U0006950,0,,0
RCR000002413,RCT000002413,U0001076,0,,0
RCR000002414,RCT000002414,U0005948,0,,0
RCR000002415,RCT000002415,U0008468,0,,0
RCR000002416,RCT000002416,U0008322,0,,0
RCR000002417,RCT000002417,U0006516,0,,0
RCR000002418,RCT000002418,U0000766,0,,0
RCR000002419,RCT000002419,U0000677,0,,0
RCR000002420,RCT000002420,U0008645,0,,0
RCR000002421,RCT000002421,U0011463,0,,0
RCR000002422,RCT000002422,U0005641,0,,0
RCR000002423,RCT000002423,U0005415,0,,0
RCR000002424,RCT000002424,U0003492,0,,0
RCR000002425,RCT000002425,U0005046,0,,0
RCR000002426,RCT000002426,U0010970,0,,0
RCR000002427,RCT000002427,U0005709,0,,0
RCR000002428,RCT000002428,U0004495,0,,0
RCR000002429,RCT000002429,U0004818,0,,0
RCR000002430,RCT000002430,U0005746,0,,0
RCR000002431,RCT000002431,U0002250,0,,0
RCR000002432,RCT000002432,U0001960,0,,0
RCR000002433,RCT000002433,U0005012,0,,0
RCR000002434,RCT000002434,U0010019,0,,0
RCR000002435,RCT000002435,U0010056,0,,0
RCR000002436,RCT000002436,U0003710,0,,0
RCR000002437,RCT000002437,U0009805,0,,0
RCR000002438,RCT000002438,U0010942,0,,0
RCR000002439,RCT000002439,U0011339,0,,0
RCR000002440,RCT000002440,U0008451,0,,0
RCR000002441,RCT000002441,U0000483,0,,0
RCR000002442,RCT000002442,U0004411,0,,0
RCR000002443,RCT000002443,U0009438,1,2026-06-30 09:00:00,1
RCR000002444,RCT000002444,U0011012,0,,0
RCR000002445,RCT000002445,U0005020,0,,0
RCR000002446,RCT000002446,U0002288,0,,0
RCR000002447,RCT000002447,U0004684,0,,0
RCR000002448,RCT000002448,U0002876,1,2026-02-22 19:00:00,6
RCR000002449,RCT000002449,U0011269,0,,0
RCR000002450,RCT000002450,U0003578,0,,0
RCR000002451,RCT000002451,U0004175,0,,0
RCR000002452,RCT000002452,U0001283,0,,0
RCR000002453,RCT000002453,U0011124,0,,0
RCR000002454,RCT000002454,U0006658,0,,0
RCR000002455,RCT000002455,U0006568,0,,0
RCR000002456,RCT000002456,U0009338,1,2026-04-15 22:00:00,2
RCR000002457,RCT000002457,U0010380,0,,0
RCR000002458,RCT000002458,U0000869,0,,0
RCR000002459,RCT000002459,U0004734,0,,0
RCR000002460,RCT000002460,U0003877,0,,0
RCR000002461,RCT000002461,U0001229,0,,0
RCR000002462,RCT000002462,U0008533,0,,0
RCR000002463,RCT000002463,U0006151,0,,0
RCR000002464,RCT000002464,U0006883,0,,0
RCR000002465,RCT000002465,U0008177,0,,0
RCR000002466,RCT000002466,U0008336,0,,0
RCR000002467,RCT000002467,U0006506,0,,0
RCR000002468,RCT000002468,U0006721,0,,0
RCR000002469,RCT000002469,U0007999,0,,0
RCR000002470,RCT000002470,U0007738,0,,0
RCR000002471,RCT000002471,U0009407,0,,0
RCR000002472,RCT000002472,U0003746,0,,0
RCR000002473,RCT000002473,U0011223,0,,0
RCR000002474,RCT000002474,U0008769,0,,0
RCR000002475,RCT000002475,U0009759,0,,0
RCR000002476,RCT000002476,U0011397,0,,0
RCR000002477,RCT000002477,U0005705,0,,0
RCR000002478,RCT000002478,U0009563,0,,0
RCR000002479,RCT000002479,U0009360,0,,0
RCR000002480,RCT000002480,U0003624,0,,0
RCR000002481,RCT000002481,U0001257,0,,0
RCR000002482,RCT000002482,U0003746,0,,0
RCR000002483,RCT000002483,U0005799,0,,0
RCR000002484,RCT000002484,U0000264,0,,0
RCR000002485,RCT000002485,U0000366,0,,0
RCR000002486,RCT000002486,U0004822,0,,0
RCR000002487,RCT000002487,U0006042,0,,0
RCR000002488,RCT000002488,U0010637,0,,0
RCR000002489,RCT000002489,U0002188,0,,0
RCR000002490,RCT000002490,U0006555,0,,0
RCR000002491,RCT000002491,U0003987,0,,0
RCR000002492,RCT000002492,U0004398,1,2026-05-12 21:00:00,6
RCR000002493,RCT000002493,U0010548,0,,0
RCR000002494,RCT000002494,U0005948,0,,0
RCR000002495,RCT000002495,U0009352,1,2026-08-02 12:00:00,6
RCR000002496,RCT000002496,U0003459,0,,0
RCR000002497,RCT000002497,U0005014,0,,0
RCR000002498,RCT000002498,U0001730,1,2026-04-16 13:00:00,6
RCR000002499,RCT000002499,U0009336,0,,0
RCR000002500,RCT000002500,U0004621,0,,0
RCR000002501,RCT000002501,U0007264,0,,0
RCR000002502,RCT000002502,U0002782,0,,0
RCR000002503,RCT000002503,U0003314,0,,0
RCR000002504,RCT000002504,U0008520,0,,0
RCR000002505,RCT000002505,U0007510,0,,0
RCR000002506,RCT000002506,U0007487,0,,0
RCR000002507,RCT000002507,U0009686,0,,0
RCR000002508,RCT000002508,U0006170,0,,0
RCR000002509,RCT000002509,U0007496,0,,0
RCR000002510,RCT000002510,U0008354,0,,0
RCR000002511,RCT000002511,U0006554,1,2026-04-21 10:00:00,2
RCR000002512,RCT000002512,U0001194,0,,0
RCR000002513,RCT000002513,U0003802,0,,0
RCR000002514,RCT000002514,U0009414,0,,0
RCR000002515,RCT000002515,U0004505,0,,0
RCR000002516,RCT000002516,U0002970,0,,0
RCR000002517,RCT000002517,U0004681,0,,0
RCR000002518,RCT000002518,U0002741,0,,0
RCR000002519,RCT000002519,U0006357,0,,0
RCR000002520,RCT000002520,U0004223,1,2026-02-10 23:00:00,1
RCR000002521,RCT000002521,U0005891,0,,0
RCR000002522,RCT000002522,U0008676,0,,0
RCR000002523,RCT000002523,U0005153,0,,0
RCR000002524,RCT000002524,U0002932,0,,0
RCR000002525,RCT000002525,U0001573,0,,0
RCR000002526,RCT000002526,U0003623,0,,0
RCR000002527,RCT000002527,U0010365,0,,0
RCR000002528,RCT000002528,U0007496,0,,0
RCR000002529,RCT000002529,U0006993,1,2026-08-03 15:00:00,3
RCR000002530,RCT000002530,U0004565,0,,0
RCR000002531,RCT000002531,U0000409,0,,0
RCR000002532,RCT000002532,U0010332,0,,0
RCR000002533,RCT000002533,U0009881,1,2026-02-25 00:00:00,6
RCR000002534,RCT000002534,U0004744,0,,0
RCR000002535,RCT000002535,U0005036,1,2026-07-28 14:00:00,3
RCR000002536,RCT000002536,U0006464,0,,0
RCR000002537,RCT000002537,U0001800,0,,0
RCR000002538,RCT000002538,U0004646,0,,0
RCR000002539,RCT000002539,U0000846,0,,0
RCR000002540,RCT000002540,U0004374,0,,0
RCR000002541,RCT000002541,U0008713,0,,0
RCR000002542,RCT000002542,U0004515,0,,0
RCR000002543,RCT000002543,U0010632,0,,0
RCR000002544,RCT000002544,U0010610,0,,0
RCR000002545,RCT000002545,U0003643,0,,0
RCR000002546,RCT000002546,U0006246,0,,0
RCR000002547,RCT000002547,U0005979,1,2026-08-03 05:00:00,4
RCR000002548,RCT000002548,U0010880,0,,0
RCR000002549,RCT000002549,U0008170,0,,0
RCR000002550,RCT000002550,U0010653,0,,0
RCR000002551,RCT000002551,U0002530,0,,0
RCR000002552,RCT000002552,U0000907,0,,0
RCR000002553,RCT000002553,U0004837,0,,0
RCR000002554,RCT000002554,U0004470,0,,0
RCR000002555,RCT000002555,U0002896,0,,0
RCR000002556,RCT000002556,U0011131,0,,0
RCR000002557,RCT000002557,U0008553,0,,0
RCR000002558,RCT000002558,U0006178,0,,0
RCR000002559,RCT000002559,U0008428,1,2026-03-23 01:00:00,3
RCR000002560,RCT000002560,U0011557,0,,0
RCR000002561,RCT000002561,U0003880,0,,0
RCR000002562,RCT000002562,U0005105,0,,0
RCR000002563,RCT000002563,U0007653,0,,0
RCR000002564,RCT000002564,U0005872,0,,0
RCR000002565,RCT000002565,U0011045,0,,0
RCR000002566,RCT000002566,U0002510,0,,0
RCR000002567,RCT000002567,U0008518,0,,0
RCR000002568,RCT000002568,U0008636,0,,0
RCR000002569,RCT000002569,U0000828,0,,0
RCR000002570,RCT000002570,U0006449,0,,0
RCR000002571,RCT000002571,U0003801,0,,0
RCR000002572,RCT000002572,U0003003,0,,0
RCR000002573,RCT000002573,U0005865,0,,0
RCR000002574,RCT000002574,U0004593,0,,0
RCR000002575,RCT000002575,U0007819,0,,0
RCR000002576,RCT000002576,U0001780,0,,0
RCR000002577,RCT000002577,U0011883,0,,0
RCR000002578,RCT000002578,U0005550,0,,0
RCR000002579,RCT000002579,U0007420,0,,0
RCR000002580,RCT000002580,U0007093,0,,0
RCR000002581,RCT000002581,U0004590,0,,0
RCR000002582,RCT000002582,U0009492,0,,0
RCR000002583,RCT000002583,U0001756,0,,0
RCR000002584,RCT000002584,U0001883,0,,0
RCR000002585,RCT000002585,U0000402,0,,0
RCR000002586,RCT000002586,U0008172,0,,0
RCR000002587,RCT000002587,U0001857,0,,0
RCR000002588,RCT000002588,U0008461,0,,0
RCR000002589,RCT000002589,U0008251,0,,0
RCR000002590,RCT000002590,U0011835,0,,0
RCR000002591,RCT000002591,U0006934,0,,0
RCR000002592,RCT000002592,U0004178,0,,0
RCR000002593,RCT000002593,U0006042,1,2026-02-27 10:00:00,4
RCR000002594,RCT000002594,U0003184,0,,0
RCR000002595,RCT000002595,U0007044,0,,0
RCR000002596,RCT000002596,U0007492,0,,0
RCR000002597,RCT000002597,U0010229,0,,0
RCR000002598,RCT000002598,U0007186,0,,0
RCR000002599,RCT000002599,U0002241,0,,0
RCR000002600,RCT000002600,U0010003,0,,0
RCR000002601,RCT000002601,U0011160,0,,0
RCR000002602,RCT000002602,U0006105,0,,0
RCR000002603,RCT000002603,U0004720,1,2026-04-22 05:00:00,7
RCR000002604,RCT000002604,U0003689,0,,0
RCR000002605,RCT000002605,U0007324,0,,0
RCR000002606,RCT000002606,U0003470,1,2026-02-20 19:00:00,1
RCR000002607,RCT000002607,U0006015,0,,0
RCR000002608,RCT000002608,U0002756,0,,0
RCR000002609,RCT000002609,U0001469,0,,0
RCR000002610,RCT000002610,U0003843,0,,0
RCR000002611,RCT000002611,U0004581,0,,0
RCR000002612,RCT000002612,U0009012,0,,0
RCR000002613,RCT000002613,U0001523,0,,0
RCR000002614,RCT000002614,U0008174,0,,0
RCR000002615,RCT000002615,U0002932,0,,0
RCR000002616,RCT000002616,U0009098,0,,0
RCR000002617,RCT000002617,U0003309,0,,0
RCR000002618,RCT000002618,U0002595,0,,0
RCR000002619,RCT000002619,U0002877,0,,0
RCR000002620,RCT000002620,U0010598,0,,0
RCR000002621,RCT000002621,U0010685,0,,0
RCR000002622,RCT000002622,U0006826,0,,0
RCR000002623,RCT000002623,U0010057,0,,0
RCR000002624,RCT000002624,U0003039,0,,0
RCR000002625,RCT000002625,U0002418,0,,0
RCR000002626,RCT000002626,U0011608,0,,0
RCR000002627,RCT000002627,U0011033,0,,0
RCR000002628,RCT000002628,U0003961,0,,0
RCR000002629,RCT000002629,U0002043,0,,0
RCR000002630,RCT000002630,U0008924,0,,0
RCR000002631,RCT000002631,U0011876,0,,0
RCR000002632,RCT000002632,U0002326,0,,0
RCR000002633,RCT000002633,U0007429,0,,0
RCR000002634,RCT000002634,U0006314,0,,0
RCR000002635,RCT000002635,U0011912,0,,0
RCR000002636,RCT000002636,U0008859,0,,0
RCR000002637,RCT000002637,U0011638,0,,0
RCR000002638,RCT000002638,U0003476,0,,0
RCR000002639,RCT000002639,U0010710,0,,0
RCR000002640,RCT000002640,U0008231,0,,0
RCR000002641,RCT000002641,U0001050,0,,0
RCR000002642,RCT000002642,U0011464,0,,0
RCR000002643,RCT000002643,U0006258,0,,0
RCR000002644,RCT000002644,U0008644,0,,0
RCR000002645,RCT000002645,U0004517,0,,0
RCR000002646,RCT000002646,U0003472,0,,0
RCR000002647,RCT000002647,U0004360,0,,0
RCR000002648,RCT000002648,U0002194,0,,0
RCR000002649,RCT000002649,U0005184,0,,0
RCR000002650,RCT000002650,U0005049,0,,0
RCR000002651,RCT000002651,U0002496,1,2026-04-22 08:00:00,4
RCR000002652,RCT000002652,U0007315,0,,0
RCR000002653,RCT000002653,U0008533,0,,0
RCR000002654,RCT000002654,U0003482,0,,0
RCR000002655,RCT000002655,U0011292,0,,0
RCR000002656,RCT000002656,U0010481,0,,0
RCR000002657,RCT000002657,U0001169,0,,0
RCR000002658,RCT000002658,U0005223,0,,0
RCR000002659,RCT000002659,U0009179,0,,0
RCR000002660,RCT000002660,U0006138,0,,0
RCR000002661,RCT000002661,U0006261,0,,0
RCR000002662,RCT000002662,U0011404,0,,0
RCR000002663,RCT000002663,U0008925,0,,0
RCR000002664,RCT000002664,U0004817,0,,0
RCR000002665,RCT000002665,U0004571,0,,0
RCR000002666,RCT000002666,U0002073,0,,0
RCR000002667,RCT000002667,U0010131,0,,0
RCR000002668,RCT000002668,U0011630,0,,0
RCR000002669,RCT000002669,U0008462,0,,0
RCR000002670,RCT000002670,U0010721,0,,0
RCR000002671,RCT000002671,U0011775,0,,0
RCR000002672,RCT000002672,U0005683,0,,0
RCR000002673,RCT000002673,U0009866,0,,0
RCR000002674,RCT000002674,U0011159,0,,0
RCR000002675,RCT000002675,U0003961,0,,0
RCR000002676,RCT000002676,U0002939,0,,0
RCR000002677,RCT000002677,U0002733,0,,0
RCR000002678,RCT000002678,U0008757,0,,0
RCR000002679,RCT000002679,U0005680,0,,0
RCR000002680,RCT000002680,U0009863,0,,0
RCR000002681,RCT000002681,U0001819,0,,0
RCR000002682,RCT000002682,U0001738,0,,0
RCR000002683,RCT000002683,U0011345,0,,0
RCR000002684,RCT000002684,U0007588,0,,0
RCR000002685,RCT000002685,U0008666,0,,0
RCR000002686,RCT000002686,U0006401,0,,0
RCR000002687,RCT000002687,U0005938,0,,0
RCR000002688,RCT000002688,U0001284,0,,0
RCR000002689,RCT000002689,U0003125,0,,0
RCR000002690,RCT000002690,U0008124,0,,0
RCR000002691,RCT000002691,U0011311,0,,0
RCR000002692,RCT000002692,U0010973,0,,0
RCR000002693,RCT000002693,U0010558,0,,0
RCR000002694,RCT000002694,U0008607,0,,0
RCR000002695,RCT000002695,U0001006,0,,0
RCR000002696,RCT000002696,U0001010,0,,0
RCR000002697,RCT000002697,U0007986,0,,0
RCR000002698,RCT000002698,U0009874,0,,0
RCR000002699,RCT000002699,U0009409,0,,0
RCR000002700,RCT000002700,U0008753,0,,0
RCR000002701,RCT000002701,U0008235,0,,0
RCR000002702,RCT000002702,U0003488,0,,0
RCR000002703,RCT000002703,U0002383,0,,0
RCR000002704,RCT000002704,U0008288,0,,0
RCR000002705,RCT000002705,U0002328,0,,0
RCR000002706,RCT000002706,U0001719,0,,0
RCR000002707,RCT000002707,U0007509,0,,0
RCR000002708,RCT000002708,U0010951,0,,0
RCR000002709,RCT000002709,U0005063,0,,0
RCR000002710,RCT000002710,U0002491,0,,0
RCR000002711,RCT000002711,U0008122,0,,0
RCR000002712,RCT000002712,U0000539,0,,0
RCR000002713,RCT000002713,U0007850,0,,0
RCR000002714,RCT000002714,U0002034,0,,0
RCR000002715,RCT000002715,U0003963,0,,0
RCR000002716,RCT000002716,U0000703,0,,0
RCR000002717,RCT000002717,U0011479,0,,0
RCR000002718,RCT000002718,U0010633,0,,0
RCR000002719,RCT000002719,U0002930,0,,0
RCR000002720,RCT000002720,U0001101,0,,0
RCR000002721,RCT000002721,U0003166,1,2026-06-27 21:00:00,6
RCR000002722,RCT000002722,U0001886,0,,0
RCR000002723,RCT000002723,U0010420,0,,0
RCR000002724,RCT000002724,U0001361,0,,0
RCR000002725,RCT000002725,U0009560,0,,0
RCR000002726,RCT000002726,U0008721,0,,0
RCR000002727,RCT000002727,U0003124,0,,0
RCR000002728,RCT000002728,U0011723,0,,0
RCR000002729,RCT000002729,U0002255,0,,0
RCR000002730,RCT000002730,U0004231,0,,0
RCR000002731,RCT000002731,U0005003,0,,0
RCR000002732,RCT000002732,U0010268,0,,0
RCR000002733,RCT000002733,U0008655,0,,0
RCR000002734,RCT000002734,U0007320,0,,0
RCR000002735,RCT000002735,U0010093,0,,0
RCR000002736,RCT000002736,U0005569,0,,0
RCR000002737,RCT000002737,U0003554,0,,0
RCR000002738,RCT000002738,U0010654,0,,0
RCR000002739,RCT000002739,U0000963,0,,0
RCR000002740,RCT000002740,U0004961,0,,0
RCR000002741,RCT000002741,U0000036,0,,0
RCR000002742,RCT000002742,U0009530,0,,0
RCR000002743,RCT000002743,U0003913,0,,0
RCR000002744,RCT000002744,U0007554,0,,0
RCR000002745,RCT000002745,U0007190,0,,0
RCR000002746,RCT000002746,U0004683,0,,0
RCR000002747,RCT000002747,U0000622,0,,0
RCR000002748,RCT000002748,U0007421,0,,0
RCR000002749,RCT000002749,U0004531,0,,0
RCR000002750,RCT000002750,U0001333,0,,0
RCR000002751,RCT000002751,U0003481,0,,0
RCR000002752,RCT000002752,U0006084,0,,0
RCR000002753,RCT000002753,U0000687,0,,0
RCR000002754,RCT000002754,U0007159,0,,0
RCR000002755,RCT000002755,U0005112,0,,0
RCR000002756,RCT000002756,U0007828,0,,0
RCR000002757,RCT000002757,U0009318,0,,0
RCR000002758,RCT000002758,U0011118,0,,0
RCR000002759,RCT000002759,U0001678,0,,0
RCR000002760,RCT000002760,U0008366,0,,0
RCR000002761,RCT000002761,U0003458,0,,0
RCR000002762,RCT000002762,U0005631,0,,0
RCR000002763,RCT000002763,U0002026,0,,0
RCR000002764,RCT000002764,U0008706,0,,0
RCR000002765,RCT000002765,U0009430,0,,0
RCR000002766,RCT000002766,U0006063,0,,0
RCR000002767,RCT000002767,U0005985,0,,0
RCR000002768,RCT000002768,U0002369,0,,0
RCR000002769,RCT000002769,U0010239,0,,0
RCR000002770,RCT000002770,U0005791,0,,0
RCR000002771,RCT000002771,U0001459,0,,0
RCR000002772,RCT000002772,U0009686,0,,0
RCR000002773,RCT000002773,U0005088,0,,0
RCR000002774,RCT000002774,U0009583,0,,0
RCR000002775,RCT000002775,U0005848,0,,0
RCR000002776,RCT000002776,U0006712,0,,0
RCR000002777,RCT000002777,U0000697,0,,0
RCR000002778,RCT000002778,U0002471,0,,0
RCR000002779,RCT000002779,U0008890,0,,0
RCR000002780,RCT000002780,U0010826,0,,0
RCR000002781,RCT000002781,U0001998,0,,0
RCR000002782,RCT000002782,U0008716,0,,0
RCR000002783,RCT000002783,U0010179,0,,0
RCR000002784,RCT000002784,U0000560,0,,0
RCR000002785,RCT000002785,U0000927,0,,0
RCR000002786,RCT000002786,U0006995,0,,0
RCR000002787,RCT000002787,U0008091,0,,0
RCR000002788,RCT000002788,U0001056,0,,0
RCR000002789,RCT000002789,U0005539,1,2026-05-13 08:00:00,5
RCR000002790,RCT000002790,U0005796,0,,0
RCR000002791,RCT000002791,U0006512,0,,0
RCR000002792,RCT000002792,U0001304,0,,0
RCR000002793,RCT000002793,U0011494,0,,0
RCR000002794,RCT000002794,U0006105,0,,0
RCR000002795,RCT000002795,U0006972,0,,0
RCR000002796,RCT000002796,U0009368,0,,0
RCR000002797,RCT000002797,U0000591,0,,0
RCR000002798,RCT000002798,U0000383,0,,0
RCR000002799,RCT000002799,U0009833,0,,0
RCR000002800,RCT000002800,U0005063,0,,0
RCR000002801,RCT000002801,U0006707,0,,0
RCR000002802,RCT000002802,U0006060,0,,0
RCR000002803,RCT000002803,U0005596,0,,0
RCR000002804,RCT000002804,U0009681,0,,0
RCR000002805,RCT000002805,U0005654,0,,0
RCR000002806,RCT000002806,U0007222,0,,0
RCR000002807,RCT000002807,U0010311,0,,0
RCR000002808,RCT000002808,U0004725,0,,0
RCR000002809,RCT000002809,U0005752,1,2026-06-25 04:00:00,6
RCR000002810,RCT000002810,U0010658,0,,0
RCR000002811,RCT000002811,U0011708,0,,0
RCR000002812,RCT000002812,U0007659,0,,0
RCR000002813,RCT000002813,U0002671,0,,0
RCR000002814,RCT000002814,U0009509,0,,0
RCR000002815,RCT000002815,U0011825,1,2026-02-03 06:00:00,4
RCR000002816,RCT000002816,U0003057,0,,0
RCR000002817,RCT000002817,U0004964,0,,0
RCR000002818,RCT000002818,U0001167,0,,0
RCR000002819,RCT000002819,U0000926,0,,0
RCR000002820,RCT000002820,U0011381,0,,0
RCR000002821,RCT000002821,U0002940,0,,0
RCR000002822,RCT000002822,U0004471,0,,0
RCR000002823,RCT000002823,U0007574,0,,0
RCR000002824,RCT000002824,U0001966,0,,0
RCR000002825,RCT000002825,U0002467,0,,0
RCR000002826,RCT000002826,U0005230,0,,0
RCR000002827,RCT000002827,U0005717,0,,0
RCR000002828,RCT000002828,U0006932,0,,0
RCR000002829,RCT000002829,U0005425,0,,0
RCR000002830,RCT000002830,U0004749,0,,0
RCR000002831,RCT000002831,U0003221,0,,0
RCR000002832,RCT000002832,U0008533,0,,0
RCR000002833,RCT000002833,U0006612,0,,0
RCR000002834,RCT000002834,U0008630,1,2026-06-27 12:00:00,3
RCR000002835,RCT000002835,U0002362,0,,0
RCR000002836,RCT000002836,U0005612,1,2026-06-10 04:00:00,5
RCR000002837,RCT000002837,U0001800,0,,0
RCR000002838,RCT000002838,U0006598,0,,0
RCR000002839,RCT000002839,U0003509,0,,0
RCR000002840,RCT000002840,U0000694,0,,0
RCR000002841,RCT000002841,U0010773,0,,0
RCR000002842,RCT000002842,U0007702,0,,0
RCR000002843,RCT000002843,U0006846,0,,0
RCR000002844,RCT000002844,U0004042,0,,0
RCR000002845,RCT000002845,U0001527,0,,0
RCR000002846,RCT000002846,U0011919,0,,0
RCR000002847,RCT000002847,U0002155,0,,0
RCR000002848,RCT000002848,U0000045,0,,0
RCR000002849,RCT000002849,U0011979,0,,0
RCR000002850,RCT000002850,U0004278,0,,0
RCR000002851,RCT000002851,U0008618,0,,0
RCR000002852,RCT000002852,U0003844,0,,0
RCR000002853,RCT000002853,U0008338,0,,0
RCR000002854,RCT000002854,U0007634,0,,0
RCR000002855,RCT000002855,U0000446,0,,0
RCR000002856,RCT000002856,U0010751,0,,0
RCR000002857,RCT000002857,U0006747,0,,0
RCR000002858,RCT000002858,U0003801,0,,0
RCR000002859,RCT000002859,U0002151,0,,0
RCR000002860,RCT000002860,U0011273,0,,0
RCR000002861,RCT000002861,U0000385,0,,0
RCR000002862,RCT000002862,U0005883,0,,0
RCR000002863,RCT000002863,U0002741,0,,0
RCR000002864,RCT000002864,U0008193,0,,0
RCR000002865,RCT000002865,U0006435,0,,0
RCR000002866,RCT000002866,U0003515,0,,0
RCR000002867,RCT000002867,U0010495,1,2026-02-15 22:00:00,5
RCR000002868,RCT000002868,U0005671,0,,0
RCR000002869,RCT000002869,U0005364,0,,0
RCR000002870,RCT000002870,U0000741,0,,0
RCR000002871,RCT000002871,U0000090,0,,0
RCR000002872,RCT000002872,U0006013,1,2026-06-26 13:00:00,3
RCR000002873,RCT000002873,U0005107,0,,0
RCR000002874,RCT000002874,U0004429,0,,0
RCR000002875,RCT000002875,U0001074,0,,0
RCR000002876,RCT000002876,U0008678,0,,0
RCR000002877,RCT000002877,U0009351,0,,0
RCR000002878,RCT000002878,U0008310,0,,0
RCR000002879,RCT000002879,U0011540,1,2026-03-21 15:00:00,1
RCR000002880,RCT000002880,U0008191,0,,0
RCR000002881,RCT000002881,U0007279,0,,0
RCR000002882,RCT000002882,U0005805,0,,0
RCR000002883,RCT000002883,U0001027,0,,0
RCR000002884,RCT000002884,U0011066,0,,0
RCR000002885,RCT000002885,U0002341,0,,0
RCR000002886,RCT000002886,U0009687,0,,0
RCR000002887,RCT000002887,U0007876,1,2026-03-28 04:00:00,5
RCR000002888,RCT000002888,U0004225,0,,0
RCR000002889,RCT000002889,U0009668,0,,0
RCR000002890,RCT000002890,U0010895,0,,0
RCR000002891,RCT000002891,U0004485,1,2026-05-29 12:00:00,1
RCR000002892,RCT000002892,U0006073,0,,0
RCR000002893,RCT000002893,U0007451,0,,0
RCR000002894,RCT000002894,U0006945,0,,0
RCR000002895,RCT000002895,U0008788,0,,0
RCR000002896,RCT000002896,U0002221,0,,0
RCR000002897,RCT000002897,U0009544,0,,0
RCR000002898,RCT000002898,U0003326,0,,0
RCR000002899,RCT000002899,U0005755,0,,0
RCR000002900,RCT000002900,U0001061,1,2026-02-11 02:00:00,5
RCR000002901,RCT000002901,U0004079,0,,0
RCR000002902,RCT000002902,U0009917,0,,0
RCR000002903,RCT000002903,U0003552,0,,0
RCR000002904,RCT000002904,U0004056,0,,0
RCR000002905,RCT000002905,U0004475,0,,0
RCR000002906,RCT000002906,U0000624,0,,0
RCR000002907,RCT000002907,U0000797,0,,0
RCR000002908,RCT000002908,U0007459,0,,0
RCR000002909,RCT000002909,U0011307,0,,0
RCR000002910,RCT000002910,U0000929,0,,0
RCR000002911,RCT000002911,U0005098,0,,0
RCR000002912,RCT000002912,U0007124,0,,0
RCR000002913,RCT000002913,U0001385,0,,0
RCR000002914,RCT000002914,U0004182,0,,0
RCR000002915,RCT000002915,U0004108,0,,0
RCR000002916,RCT000002916,U0008627,1,2026-02-19 14:00:00,3
RCR000002917,RCT000002917,U0006378,0,,0
RCR000002918,RCT000002918,U0006687,1,2026-02-07 15:00:00,1
RCR000002919,RCT000002919,U0000888,0,,0
RCR000002920,RCT000002920,U0004559,0,,0
RCR000002921,RCT000002921,U0000454,0,,0
RCR000002922,RCT000002922,U0002273,0,,0
RCR000002923,RCT000002923,U0003039,0,,0
RCR000002924,RCT000002924,U0004377,0,,0
RCR000002925,RCT000002925,U0000068,0,,0
RCR000002926,RCT000002926,U0011575,0,,0
RCR000002927,RCT000002927,U0008106,0,,0
RCR000002928,RCT000002928,U0004865,0,,0
RCR000002929,RCT000002929,U0007078,0,,0
RCR000002930,RCT000002930,U0004724,0,,0
RCR000002931,RCT000002931,U0001578,0,,0
RCR000002932,RCT000002932,U0009043,0,,0
RCR000002933,RCT000002933,U0010164,0,,0
RCR000002934,RCT000002934,U0004534,0,,0
RCR000002935,RCT000002935,U0006391,0,,0
RCR000002936,RCT000002936,U0000322,1,2026-06-29 17:00:00,7
RCR000002937,RCT000002937,U0004089,0,,0
RCR000002938,RCT000002938,U0008798,1,2026-03-05 08:00:00,7
RCR000002939,RCT000002939,U0004025,0,,0
RCR000002940,RCT000002940,U0002519,1,2026-02-20 22:00:00,5
RCR000002941,RCT000002941,U0009963,0,,0
RCR000002942,RCT000002942,U0006636,0,,0
RCR000002943,RCT000002943,U0001906,0,,0
RCR000002944,RCT000002944,U0011458,0,,0
RCR000002945,RCT000002945,U0007588,0,,0
RCR000002946,RCT000002946,U0001687,0,,0
RCR000002947,RCT000002947,U0009560,0,,0
RCR000002948,RCT000002948,U0006389,0,,0
RCR000002949,RCT000002949,U0001884,0,,0
RCR000002950,RCT000002950,U0005468,0,,0
RCR000002951,RCT000002951,U0005795,0,,0
RCR000002952,RCT000002952,U0009874,0,,0
RCR000002953,RCT000002953,U0004628,0,,0
RCR000002954,RCT000002954,U0008116,0,,0
RCR000002955,RCT000002955,U0006834,0,,0
RCR000002956,RCT000002956,U0001908,0,,0
RCR000002957,RCT000002957,U0010486,0,,0
RCR000002958,RCT000002958,U0002819,0,,0
RCR000002959,RCT000002959,U0003777,1,2026-03-15 07:00:00,4
RCR000002960,RCT000002960,U0007968,0,,0
RCR000002961,RCT000002961,U0006505,0,,0
RCR000002962,RCT000002962,U0008258,0,,0
RCR000002963,RCT000002963,U0008143,0,,0
RCR000002964,RCT000002964,U0002800,0,,0
RCR000002965,RCT000002965,U0008378,0,,0
RCR000002966,RCT000002966,U0001424,0,,0
RCR000002967,RCT000002967,U0005416,0,,0
RCR000002968,RCT000002968,U0011292,0,,0
RCR000002969,RCT000002969,U0001029,0,,0
RCR000002970,RCT000002970,U0010259,0,,0
RCR000002971,RCT000002971,U0005342,0,,0
RCR000002972,RCT000002972,U0009878,0,,0
RCR000002973,RCT000002973,U0006484,0,,0
RCR000002974,RCT000002974,U0006975,0,,0
RCR000002975,RCT000002975,U0009063,0,,0
RCR000002976,RCT000002976,U0007615,1,2026-06-18 21:00:00,7
RCR000002977,RCT000002977,U0008977,1,2026-03-19 03:00:00,3
RCR000002978,RCT000002978,U0002967,0,,0
RCR000002979,RCT000002979,U0003450,0,,0
RCR000002980,RCT000002980,U0006387,0,,0
RCR000002981,RCT000002981,U0005104,0,,0
RCR000002982,RCT000002982,U0006879,0,,0
RCR000002983,RCT000002983,U0006331,0,,0
RCR000002984,RCT000002984,U0002288,0,,0
RCR000002985,RCT000002985,U0002533,0,,0
RCR000002986,RCT000002986,U0002487,0,,0
RCR000002987,RCT000002987,U0006926,0,,0
RCR000002988,RCT000002988,U0008840,0,,0
RCR000002989,RCT000002989,U0004445,0,,0
RCR000002990,RCT000002990,U0010361,0,,0
RCR000002991,RCT000002991,U0005275,0,,0
RCR000002992,RCT000002992,U0009563,0,,0
RCR000002993,RCT000002993,U0008524,0,,0
RCR000002994,RCT000002994,U0003780,0,,0
RCR000002995,RCT000002995,U0008994,0,,0
RCR000002996,RCT000002996,U0006913,0,,0
RCR000002997,RCT000002997,U0000068,0,,0
RCR000002998,RCT000002998,U0005835,0,,0
RCR000002999,RCT000002999,U0007675,0,,0
RCR000003000,RCT000003000,U0007328,0,,0
RCR000003001,RCT000003001,U0010910,0,,0
RCR000003002,RCT000003002,U0007155,0,,0
RCR000003003,RCT000003003,U0003545,0,,0
RCR000003004,RCT000003004,U0006973,0,,0
RCR000003005,RCT000003005,U0002592,1,2026-07-29 12:00:00,6
RCR000003006,RCT000003006,U0001187,0,,0
RCR000003007,RCT000003007,U0005971,0,,0
RCR000003008,RCT000003008,U0008425,1,2026-08-03 08:00:00,1
RCR000003009,RCT000003009,U0001716,0,,0
RCR000003010,RCT000003010,U0011126,0,,0
RCR000003011,RCT000003011,U0009922,0,,0
RCR000003012,RCT000003012,U0006092,0,,0
RCR000003013,RCT000003013,U0011062,0,,0
RCR000003014,RCT000003014,U0010284,0,,0
RCR000003015,RCT000003015,U0000005,0,,0
RCR000003016,RCT000003016,U0009851,0,,0
RCR000003017,RCT000003017,U0004528,1,2026-07-17 05:00:00,7
RCR000003018,RCT000003018,U0001509,0,,0
RCR000003019,RCT000003019,U0003892,0,,0
RCR000003020,RCT000003020,U0000068,0,,0
RCR000003021,RCT000003021,U0010085,0,,0
RCR000003022,RCT000003022,U0005287,0,,0
RCR000003023,RCT000003023,U0007292,0,,0
RCR000003024,RCT000003024,U0009454,0,,0
RCR000003025,RCT000003025,U0008732,1,2026-03-06 21:00:00,4
RCR000003026,RCT000003026,U0007682,0,,0
RCR000003027,RCT000003027,U0000726,0,,0
RCR000003028,RCT000003028,U0004469,0,,0
RCR000003029,RCT000003029,U0009911,0,,0
RCR000003030,RCT000003030,U0006655,0,,0
RCR000003031,RCT000003031,U0011560,0,,0
RCR000003032,RCT000003032,U0009273,0,,0
RCR000003033,RCT000003033,U0001772,0,,0
RCR000003034,RCT000003034,U0010139,0,,0
RCR000003035,RCT000003035,U0007157,0,,0
RCR000003036,RCT000003036,U0009025,0,,0
RCR000003037,RCT000003037,U0009836,0,,0
RCR000003038,RCT000003038,U0004162,0,,0
RCR000003039,RCT000003039,U0005977,0,,0
RCR000003040,RCT000003040,U0009486,0,,0
RCR000003041,RCT000003041,U0000358,0,,0
RCR000003042,RCT000003042,U0009920,0,,0
RCR000003043,RCT000003043,U0008427,1,2026-05-26 05:00:00,1
RCR000003044,RCT000003044,U0003040,0,,0
RCR000003045,RCT000003045,U0008132,0,,0
RCR000003046,RCT000003046,U0007683,0,,0
RCR000003047,RCT000003047,U0003354,0,,0
RCR000003048,RCT000003048,U0008238,0,,0
RCR000003049,RCT000003049,U0010143,0,,0
RCR000003050,RCT000003050,U0003152,0,,0
RCR000003051,RCT000003051,U0002772,0,,0
RCR000003052,RCT000003052,U0009189,0,,0
RCR000003053,RCT000003053,U0010842,0,,0
RCR000003054,RCT000003054,U0002592,0,,0
RCR000003055,RCT000003055,U0001933,0,,0
RCR000003056,RCT000003056,U0010895,0,,0
RCR000003057,RCT000003057,U0005244,0,,0
RCR000003058,RCT000003058,U0000426,0,,0
RCR000003059,RCT000003059,U0002443,0,,0
RCR000003060,RCT000003060,U0002145,0,,0
RCR000003061,RCT000003061,U0007962,0,,0
RCR000003062,RCT000003062,U0001537,0,,0
RCR000003063,RCT000003063,U0002868,0,,0
RCR000003064,RCT000003064,U0009982,0,,0
RCR000003065,RCT000003065,U0001385,0,,0
RCR000003066,RCT000003066,U0011560,0,,0
RCR000003067,RCT000003067,U0006428,0,,0
RCR000003068,RCT000003068,U0007736,0,,0
RCR000003069,RCT000003069,U0008999,0,,0
RCR000003070,RCT000003070,U0008874,1,2026-07-31 17:00:00,7
RCR000003071,RCT000003071,U0010517,0,,0
RCR000003072,RCT000003072,U0005783,0,,0
RCR000003073,RCT000003073,U0003152,0,,0
RCR000003074,RCT000003074,U0003603,0,,0
RCR000003075,RCT000003075,U0005633,0,,0
RCR000003076,RCT000003076,U0000546,0,,0
RCR000003077,RCT000003077,U0006485,0,,0
RCR000003078,RCT000003078,U0003132,0,,0
RCR000003079,RCT000003079,U0002619,1,2026-02-26 04:00:00,6
RCR000003080,RCT000003080,U0007508,0,,0
RCR000003081,RCT000003081,U0005606,1,2026-03-28 10:00:00,1
RCR000003082,RCT000003082,U0001682,0,,0
RCR000003083,RCT000003083,U0003040,0,,0
RCR000003084,RCT000003084,U0001579,0,,0
RCR000003085,RCT000003085,U0009994,0,,0
RCR000003086,RCT000003086,U0009439,0,,0
RCR000003087,RCT000003087,U0011483,0,,0
RCR000003088,RCT000003088,U0001389,0,,0
RCR000003089,RCT000003089,U0002226,0,,0
RCR000003090,RCT000003090,U0009377,0,,0
RCR000003091,RCT000003091,U0007455,0,,0
RCR000003092,RCT000003092,U0002363,0,,0
RCR000003093,RCT000003093,U0004717,0,,0
RCR000003094,RCT000003094,U0008387,0,,0
RCR000003095,RCT000003095,U0010513,0,,0
RCR000003096,RCT000003096,U0002508,0,,0
RCR000003097,RCT000003097,U0007790,0,,0
RCR000003098,RCT000003098,U0004229,0,,0
RCR000003099,RCT000003099,U0003067,0,,0
RCR000003100,RCT000003100,U0009240,0,,0
RCR000003101,RCT000003101,U0005835,0,,0
RCR000003102,RCT000003102,U0002531,0,,0
RCR000003103,RCT000003103,U0009792,0,,0
RCR000003104,RCT000003104,U0010783,0,,0
RCR000003105,RCT000003105,U0009824,0,,0
RCR000003106,RCT000003106,U0002501,0,,0
RCR000003107,RCT000003107,U0008424,0,,0
RCR000003108,RCT000003108,U0004517,0,,0
RCR000003109,RCT000003109,U0007185,0,,0
RCR000003110,RCT000003110,U0010373,0,,0
RCR000003111,RCT000003111,U0003855,0,,0
RCR000003112,RCT000003112,U0007401,0,,0
RCR000003113,RCT000003113,U0008524,0,,0
RCR000003114,RCT000003114,U0002203,1,2026-03-21 03:00:00,7
RCR000003115,RCT000003115,U0006401,0,,0
RCR000003116,RCT000003116,U0006233,0,,0
RCR000003117,RCT000003117,U0010140,0,,0
RCR000003118,RCT000003118,U0005853,1,2026-06-27 07:00:00,7
RCR000003119,RCT000003119,U0011387,0,,0
RCR000003120,RCT000003120,U0002394,0,,0
RCR000003121,RCT000003121,U0001501,0,,0
RCR000003122,RCT000003122,U0007505,0,,0
RCR000003123,RCT000003123,U0005132,0,,0
RCR000003124,RCT000003124,U0009574,0,,0
RCR000003125,RCT000003125,U0008833,0,,0
RCR000003126,RCT000003126,U0008427,0,,0
RCR000003127,RCT000003127,U0000345,0,,0
RCR000003128,RCT000003128,U0010540,0,,0
RCR000003129,RCT000003129,U0002098,0,,0
RCR000003130,RCT000003130,U0009328,0,,0
RCR000003131,RCT000003131,U0002835,0,,0
RCR000003132,RCT000003132,U0005682,0,,0
RCR000003133,RCT000003133,U0004247,0,,0
RCR000003134,RCT000003134,U0003710,0,,0
RCR000003135,RCT000003135,U0000954,1,2026-02-20 04:00:00,6
RCR000003136,RCT000003136,U0007714,0,,0
RCR000003137,RCT000003137,U0000932,0,,0
RCR000003138,RCT000003138,U0011287,0,,0
RCR000003139,RCT000003139,U0006138,0,,0
RCR000003140,RCT000003140,U0006141,0,,0
RCR000003141,RCT000003141,U0002084,0,,0
RCR000003142,RCT000003142,U0009967,0,,0
RCR000003143,RCT000003143,U0006973,0,,0
RCR000003144,RCT000003144,U0011268,0,,0
RCR000003145,RCT000003145,U0006388,0,,0
RCR000003146,RCT000003146,U0006361,1,2026-06-29 18:00:00,2
RCR000003147,RCT000003147,U0010615,0,,0
RCR000003148,RCT000003148,U0001780,0,,0
RCR000003149,RCT000003149,U0010621,0,,0
RCR000003150,RCT000003150,U0008584,0,,0
RCR000003151,RCT000003151,U0004612,0,,0
RCR000003152,RCT000003152,U0005184,0,,0
RCR000003153,RCT000003153,U0001940,0,,0
RCR000003154,RCT000003154,U0005913,0,,0
RCR000003155,RCT000003155,U0005153,1,2026-07-01 10:00:00,5
RCR000003156,RCT000003156,U0009631,0,,0
RCR000003157,RCT000003157,U0011537,0,,0
RCR000003158,RCT000003158,U0002780,0,,0
RCR000003159,RCT000003159,U0000747,0,,0
RCR000003160,RCT000003160,U0011687,0,,0
RCR000003161,RCT000003161,U0002495,0,,0
RCR000003162,RCT000003162,U0010008,0,,0
RCR000003163,RCT000003163,U0007578,0,,0
RCR000003164,RCT000003164,U0008450,0,,0
RCR000003165,RCT000003165,U0003286,0,,0
RCR000003166,RCT000003166,U0010249,0,,0
RCR000003167,RCT000003167,U0005101,0,,0
RCR000003168,RCT000003168,U0010609,0,,0
RCR000003169,RCT000003169,U0004145,1,2026-02-26 07:00:00,2
RCR000003170,RCT000003170,U0009135,0,,0
RCR000003171,RCT000003171,U0003081,0,,0
RCR000003172,RCT000003172,U0009338,0,,0
RCR000003173,RCT000003173,U0005651,1,2026-05-24 22:00:00,1
RCR000003174,RCT000003174,U0006319,0,,0
RCR000003175,RCT000003175,U0004655,0,,0
RCR000003176,RCT000003176,U0007218,0,,0
RCR000003177,RCT000003177,U0001937,0,,0
RCR000003178,RCT000003178,U0009638,0,,0
RCR000003179,RCT000003179,U0000458,0,,0
RCR000003180,RCT000003180,U0006205,0,,0
RCR000003181,RCT000003181,U0010164,0,,0
RCR000003182,RCT000003182,U0006662,0,,0
RCR000003183,RCT000003183,U0009202,0,,0
RCR000003184,RCT000003184,U0011146,0,,0
RCR000003185,RCT000003185,U0004729,1,2026-02-05 05:00:00,3
RCR000003186,RCT000003186,U0005533,0,,0
RCR000003187,RCT000003187,U0008989,0,,0
RCR000003188,RCT000003188,U0007375,0,,0
RCR000003189,RCT000003189,U0006747,0,,0
RCR000003190,RCT000003190,U0007468,0,,0
RCR000003191,RCT000003191,U0006482,0,,0
RCR000003192,RCT000003192,U0003135,0,,0
RCR000003193,RCT000003193,U0001084,0,,0
RCR000003194,RCT000003194,U0004865,0,,0
RCR000003195,RCT000003195,U0001160,0,,0
RCR000003196,RCT000003196,U0011138,0,,0
RCR000003197,RCT000003197,U0004667,1,2026-06-26 09:00:00,2
RCR000003198,RCT000003198,U0008561,0,,0
RCR000003199,RCT000003199,U0006996,0,,0
RCR000003200,RCT000003200,U0006711,0,,0
RCR000003201,RCT000003201,U0008798,0,,0
RCR000003202,RCT000003202,U0003383,0,,0
RCR000003203,RCT000003203,U0010926,0,,0
RCR000003204,RCT000003204,U0004848,0,,0
RCR000003205,RCT000003205,U0011099,0,,0
RCR000003206,RCT000003206,U0004896,0,,0
RCR000003207,RCT000003207,U0006529,0,,0
RCR000003208,RCT000003208,U0004697,0,,0
RCR000003209,RCT000003209,U0003077,0,,0
RCR000003210,RCT000003210,U0005296,1,2026-02-06 18:00:00,1
RCR000003211,RCT000003211,U0011110,0,,0
RCR000003212,RCT000003212,U0003010,0,,0
RCR000003213,RCT000003213,U0005238,0,,0
RCR000003214,RCT000003214,U0010094,0,,0
RCR000003215,RCT000003215,U0009806,0,,0
RCR000003216,RCT000003216,U0007741,1,2026-03-22 23:00:00,6
RCR000003217,RCT000003217,U0010199,0,,0
RCR000003218,RCT000003218,U0000799,0,,0
RCR000003219,RCT000003219,U0001229,0,,0
RCR000003220,RCT000003220,U0009043,0,,0
RCR000003221,RCT000003221,U0007459,0,,0
RCR000003222,RCT000003222,U0002882,0,,0
RCR000003223,RCT000003223,U0003493,0,,0
RCR000003224,RCT000003224,U0010302,0,,0
RCR000003225,RCT000003225,U0002664,0,,0
RCR000003226,RCT000003226,U0000895,0,,0
RCR000003227,RCT000003227,U0011912,0,,0
RCR000003228,RCT000003228,U0001396,0,,0
RCR000003229,RCT000003229,U0009196,0,,0
RCR000003230,RCT000003230,U0011273,0,,0
RCR000003231,RCT000003231,U0001081,0,,0
RCR000003232,RCT000003232,U0005284,0,,0
RCR000003233,RCT000003233,U0004054,0,,0
RCR000003234,RCT000003234,U0006930,0,,0
RCR000003235,RCT000003235,U0001552,1,2026-08-02 18:00:00,7
RCR000003236,RCT000003236,U0008647,0,,0
RCR000003237,RCT000003237,U0004590,0,,0
RCR000003238,RCT000003238,U0007638,1,2026-03-22 15:00:00,7
RCR000003239,RCT000003239,U0011459,0,,0
RCR000003240,RCT000003240,U0008005,0,,0
RCR000003241,RCT000003241,U0009027,1,2026-07-11 06:00:00,4
RCR000003242,RCT000003242,U0007594,0,,0
RCR000003243,RCT000003243,U0005199,0,,0
RCR000003244,RCT000003244,U0008021,0,,0
RCR000003245,RCT000003245,U0006988,1,2026-02-24 08:00:00,6
RCR000003246,RCT000003246,U0007583,0,,0
RCR000003247,RCT000003247,U0008618,0,,0
RCR000003248,RCT000003248,U0007638,0,,0
RCR000003249,RCT000003249,U0009065,0,,0
RCR000003250,RCT000003250,U0009602,0,,0
RCR000003251,RCT000003251,U0007091,0,,0
RCR000003252,RCT000003252,U0008193,0,,0
RCR000003253,RCT000003253,U0011240,0,,0
RCR000003254,RCT000003254,U0010241,0,,0
RCR000003255,RCT000003255,U0008261,0,,0
RCR000003256,RCT000003256,U0011844,0,,0
RCR000003257,RCT000003257,U0011296,0,,0
RCR000003258,RCT000003258,U0011082,0,,0
RCR000003259,RCT000003259,U0008789,0,,0
RCR000003260,RCT000003260,U0002158,0,,0
RCR000003261,RCT000003261,U0008527,0,,0
RCR000003262,RCT000003262,U0001208,0,,0
RCR000003263,RCT000003263,U0011726,0,,0
RCR000003264,RCT000003264,U0004692,0,,0
RCR000003265,RCT000003265,U0011804,0,,0
RCR000003266,RCT000003266,U0004988,0,,0
RCR000003267,RCT000003267,U0009135,0,,0
RCR000003268,RCT000003268,U0006747,0,,0
RCR000003269,RCT000003269,U0009722,0,,0
RCR000003270,RCT000003270,U0008672,0,,0
RCR000003271,RCT000003271,U0010280,0,,0
RCR000003272,RCT000003272,U0010105,1,2026-07-29 15:00:00,5
RCR000003273,RCT000003273,U0011359,0,,0
RCR000003274,RCT000003274,U0011845,0,,0
RCR000003275,RCT000003275,U0003802,0,,0
RCR000003276,RCT000003276,U0000902,1,2026-03-21 22:00:00,3
RCR000003277,RCT000003277,U0000271,0,,0
RCR000003278,RCT000003278,U0003859,0,,0
RCR000003279,RCT000003279,U0001432,0,,0
RCR000003280,RCT000003280,U0011085,0,,0
RCR000003281,RCT000003281,U0002852,0,,0
RCR000003282,RCT000003282,U0003320,0,,0
RCR000003283,RCT000003283,U0010744,0,,0
RCR000003284,RCT000003284,U0004503,1,2026-06-25 04:00:00,1
RCR000003285,RCT000003285,U0002719,0,,0
RCR000003286,RCT000003286,U0005547,0,,0
RCR000003287,RCT000003287,U0010078,0,,0
RCR000003288,RCT000003288,U0004242,0,,0
RCR000003289,RCT000003289,U0008120,0,,0
RCR000003290,RCT000003290,U0011456,0,,0
RCR000003291,RCT000003291,U0007105,0,,0
RCR000003292,RCT000003292,U0010081,0,,0
RCR000003293,RCT000003293,U0011392,0,,0
RCR000003294,RCT000003294,U0002751,0,,0
RCR000003295,RCT000003295,U0005736,0,,0
RCR000003296,RCT000003296,U0000816,0,,0
RCR000003297,RCT000003297,U0000157,0,,0
RCR000003298,RCT000003298,U0007082,0,,0
RCR000003299,RCT000003299,U0008999,0,,0
RCR000003300,RCT000003300,U0005786,0,,0
RCR000003301,RCT000003301,U0009448,0,,0
RCR000003302,RCT000003302,U0001647,0,,0
RCR000003303,RCT000003303,U0006568,0,,0
RCR000003304,RCT000003304,U0006027,0,,0
RCR000003305,RCT000003305,U0000956,0,,0
RCR000003306,RCT000003306,U0005100,0,,0
RCR000003307,RCT000003307,U0010337,0,,0
RCR000003308,RCT000003308,U0010433,0,,0
RCR000003309,RCT000003309,U0006574,0,,0
RCR000003310,RCT000003310,U0011610,0,,0
RCR000003311,RCT000003311,U0004612,0,,0
RCR000003312,RCT000003312,U0005044,0,,0
RCR000003313,RCT000003313,U0008971,0,,0
RCR000003314,RCT000003314,U0008260,0,,0
RCR000003315,RCT000003315,U0010239,0,,0
RCR000003316,RCT000003316,U0005324,0,,0
RCR000003317,RCT000003317,U0004443,1,2026-06-16 09:00:00,1
RCR000003318,RCT000003318,U0011196,1,2026-02-25 09:00:00,3
RCR000003319,RCT000003319,U0002250,0,,0
RCR000003320,RCT000003320,U0007310,0,,0
RCR000003321,RCT000003321,U0011751,0,,0
RCR000003322,RCT000003322,U0002175,0,,0
RCR000003323,RCT000003323,U0001176,0,,0
RCR000003324,RCT000003324,U0002593,0,,0
RCR000003325,RCT000003325,U0003686,0,,0
RCR000003326,RCT000003326,U0001881,1,2026-05-28 16:00:00,5
RCR000003327,RCT000003327,U0007670,0,,0
RCR000003328,RCT000003328,U0005338,0,,0
RCR000003329,RCT000003329,U0007839,0,,0
RCR000003330,RCT000003330,U0001861,0,,0
RCR000003331,RCT000003331,U0011300,0,,0
RCR000003332,RCT000003332,U0009398,0,,0
RCR000003333,RCT000003333,U0002064,0,,0
RCR000003334,RCT000003334,U0005246,0,,0
RCR000003335,RCT000003335,U0004112,0,,0
RCR000003336,RCT000003336,U0007930,1,2026-05-28 14:00:00,2
RCR000003337,RCT000003337,U0000867,0,,0
RCR000003338,RCT000003338,U0007290,0,,0
RCR000003339,RCT000003339,U0004837,0,,0
RCR000003340,RCT000003340,U0009135,0,,0
RCR000003341,RCT000003341,U0011602,0,,0
RCR000003342,RCT000003342,U0002948,1,2026-08-04 21:00:00,7
RCR000003343,RCT000003343,U0010821,0,,0
RCR000003344,RCT000003344,U0009927,0,,0
RCR000003345,RCT000003345,U0006443,0,,0
RCR000003346,RCT000003346,U0008744,0,,0
RCR000003347,RCT000003347,U0001150,0,,0
RCR000003348,RCT000003348,U0007016,0,,0
RCR000003349,RCT000003349,U0004604,0,,0
RCR000003350,RCT000003350,U0002894,0,,0
RCR000003351,RCT000003351,U0010297,0,,0
RCR000003352,RCT000003352,U0005287,0,,0
RCR000003353,RCT000003353,U0011595,0,,0
RCR000003354,RCT000003354,U0011858,0,,0
RCR000003355,RCT000003355,U0010723,1,2026-06-28 15:00:00,4
RCR000003356,RCT000003356,U0005366,0,,0
RCR000003357,RCT000003357,U0005350,0,,0
RCR000003358,RCT000003358,U0005000,0,,0
RCR000003359,RCT000003359,U0011646,0,,0
RCR000003360,RCT000003360,U0011081,1,2026-02-10 23:00:00,2
RCR000003361,RCT000003361,U0001235,0,,0
RCR000003362,RCT000003362,U0003011,0,,0
RCR000003363,RCT000003363,U0001571,0,,0
RCR000003364,RCT000003364,U0011014,0,,0
RCR000003365,RCT000003365,U0008631,0,,0
RCR000003366,RCT000003366,U0004085,0,,0
RCR000003367,RCT000003367,U0005173,0,,0
RCR000003368,RCT000003368,U0003706,0,,0
RCR000003369,RCT000003369,U0003063,0,,0
RCR000003370,RCT000003370,U0006606,0,,0
RCR000003371,RCT000003371,U0008092,0,,0
RCR000003372,RCT000003372,U0001788,0,,0
RCR000003373,RCT000003373,U0010190,0,,0
RCR000003374,RCT000003374,U0005981,0,,0
RCR000003375,RCT000003375,U0007822,0,,0
RCR000003376,RCT000003376,U0008302,0,,0
RCR000003377,RCT000003377,U0011290,0,,0
RCR000003378,RCT000003378,U0006170,0,,0
RCR000003379,RCT000003379,U0005779,1,2026-05-30 06:00:00,5
RCR000003380,RCT000003380,U0001581,0,,0
RCR000003381,RCT000003381,U0010573,0,,0
RCR000003382,RCT000003382,U0011836,1,2026-08-03 01:00:00,4
RCR000003383,RCT000003383,U0002888,0,,0
RCR000003384,RCT000003384,U0010068,0,,0
RCR000003385,RCT000003385,U0000802,0,,0
RCR000003386,RCT000003386,U0009369,0,,0
RCR000003387,RCT000003387,U0011633,0,,0
RCR000003388,RCT000003388,U0000040,0,,0
RCR000003389,RCT000003389,U0000726,0,,0
RCR000003390,RCT000003390,U0002213,0,,0
RCR000003391,RCT000003391,U0006404,0,,0
RCR000003392,RCT000003392,U0009633,0,,0
RCR000003393,RCT000003393,U0003786,0,,0
RCR000003394,RCT000003394,U0003989,0,,0
RCR000003395,RCT000003395,U0008826,0,,0
RCR000003396,RCT000003396,U0008161,0,,0
RCR000003397,RCT000003397,U0011026,0,,0
RCR000003398,RCT000003398,U0008266,0,,0
RCR000003399,RCT000003399,U0005551,0,,0
RCR000003400,RCT000003400,U0007709,0,,0
RCR000003401,RCT000003401,U0011458,0,,0
RCR000003402,RCT000003402,U0007639,0,,0
RCR000003403,RCT000003403,U0006409,0,,0
RCR000003404,RCT000003404,U0004076,0,,0
RCR000003405,RCT000003405,U0011597,1,2026-08-06 14:00:00,7
RCR000003406,RCT000003406,U0009684,0,,0
RCR000003407,RCT000003407,U0010037,0,,0
RCR000003408,RCT000003408,U0008708,0,,0
RCR000003409,RCT000003409,U0011266,0,,0
RCR000003410,RCT000003410,U0007534,0,,0
RCR000003411,RCT000003411,U0003435,0,,0
RCR000003412,RCT000003412,U0005354,0,,0
RCR000003413,RCT000003413,U0006329,0,,0
RCR000003414,RCT000003414,U0006048,0,,0
RCR000003415,RCT000003415,U0008402,0,,0
RCR000003416,RCT000003416,U0003444,0,,0
RCR000003417,RCT000003417,U0007484,0,,0
RCR000003418,RCT000003418,U0004223,0,,0
RCR000003419,RCT000003419,U0008678,0,,0
RCR000003420,RCT000003420,U0011229,0,,0
RCR000003421,RCT000003421,U0011296,0,,0
RCR000003422,RCT000003422,U0006559,0,,0
RCR000003423,RCT000003423,U0001172,0,,0
RCR000003424,RCT000003424,U0009517,0,,0
RCR000003425,RCT000003425,U0000941,0,,0
RCR000003426,RCT000003426,U0004770,0,,0
RCR000003427,RCT000003427,U0000775,0,,0
RCR000003428,RCT000003428,U0008715,0,,0
RCR000003429,RCT000003429,U0006601,0,,0
RCR000003430,RCT000003430,U0010598,0,,0
RCR000003431,RCT000003431,U0002142,0,,0
RCR000003432,RCT000003432,U0006246,0,,0
RCR000003433,RCT000003433,U0003063,0,,0
RCR000003434,RCT000003434,U0008297,0,,0
RCR000003435,RCT000003435,U0003573,0,,0
RCR000003436,RCT000003436,U0005373,0,,0
RCR000003437,RCT000003437,U0006106,1,2026-06-30 14:00:00,4
RCR000003438,RCT000003438,U0011581,0,,0
RCR000003439,RCT000003439,U0006757,0,,0
RCR000003440,RCT000003440,U0008605,0,,0
RCR000003441,RCT000003441,U0003377,0,,0
RCR000003442,RCT000003442,U0000745,0,,0
RCR000003443,RCT000003443,U0004783,0,,0
RCR000003444,RCT000003444,U0008200,0,,0
RCR000003445,RCT000003445,U0001940,0,,0
RCR000003446,RCT000003446,U0006279,0,,0
RCR000003447,RCT000003447,U0003822,0,,0
RCR000003448,RCT000003448,U0005397,0,,0
RCR000003449,RCT000003449,U0010516,0,,0
RCR000003450,RCT000003450,U0003114,0,,0
RCR000003451,RCT000003451,U0007756,0,,0
RCR000003452,RCT000003452,U0001395,1,2026-04-19 00:00:00,5
RCR000003453,RCT000003453,U0011509,0,,0
RCR000003454,RCT000003454,U0007265,0,,0
RCR000003455,RCT000003455,U0010003,0,,0
RCR000003456,RCT000003456,U0001973,0,,0
RCR000003457,RCT000003457,U0005194,1,2026-07-17 18:00:00,5
RCR000003458,RCT000003458,U0005109,0,,0
RCR000003459,RCT000003459,U0005978,0,,0
RCR000003460,RCT000003460,U0008617,0,,0
RCR000003461,RCT000003461,U0010062,0,,0
RCR000003462,RCT000003462,U0009766,0,,0
RCR000003463,RCT000003463,U0003024,0,,0
RCR000003464,RCT000003464,U0010691,0,,0
RCR000003465,RCT000003465,U0006544,0,,0
RCR000003466,RCT000003466,U0002325,0,,0
RCR000003467,RCT000003467,U0005313,0,,0
RCR000003468,RCT000003468,U0002951,1,2026-02-21 14:00:00,2
RCR000003469,RCT000003469,U0011985,0,,0
RCR000003470,RCT000003470,U0007063,0,,0
RCR000003471,RCT000003471,U0006597,1,2026-03-14 09:00:00,4
RCR000003472,RCT000003472,U0001777,0,,0
RCR000003473,RCT000003473,U0005601,0,,0
RCR000003474,RCT000003474,U0009260,0,,0
RCR000003475,RCT000003475,U0006496,0,,0
RCR000003476,RCT000003476,U0001852,0,,0
RCR000003477,RCT000003477,U0004961,0,,0
RCR000003478,RCT000003478,U0004927,0,,0
RCR000003479,RCT000003479,U0009629,0,,0
RCR000003480,RCT000003480,U0007721,0,,0
RCR000003481,RCT000003481,U0010628,0,,0
RCR000003482,RCT000003482,U0005800,0,,0
RCR000003483,RCT000003483,U0003276,0,,0
RCR000003484,RCT000003484,U0004173,0,,0
RCR000003485,RCT000003485,U0003458,0,,0
RCR000003486,RCT000003486,U0003050,0,,0
RCR000003487,RCT000003487,U0006162,0,,0
RCR000003488,RCT000003488,U0001616,0,,0
RCR000003489,RCT000003489,U0003248,0,,0
RCR000003490,RCT000003490,U0009960,0,,0
RCR000003491,RCT000003491,U0002823,0,,0
RCR000003492,RCT000003492,U0008287,0,,0
RCR000003493,RCT000003493,U0010725,0,,0
RCR000003494,RCT000003494,U0001527,0,,0
RCR000003495,RCT000003495,U0011597,0,,0
RCR000003496,RCT000003496,U0004419,0,,0
RCR000003497,RCT000003497,U0007162,0,,0
RCR000003498,RCT000003498,U0007282,0,,0
RCR000003499,RCT000003499,U0004943,0,,0
RCR000003500,RCT000003500,U0002285,0,,0
RCR000003501,RCT000003501,U0010555,0,,0
RCR000003502,RCT000003502,U0000219,0,,0
RCR000003503,RCT000003503,U0011442,0,,0
RCR000003504,RCT000003504,U0008877,0,,0
RCR000003505,RCT000003505,U0010598,0,,0
RCR000003506,RCT000003506,U0008036,0,,0
RCR000003507,RCT000003507,U0011804,0,,0
RCR000003508,RCT000003508,U0011044,1,2026-03-06 23:00:00,1
RCR000003509,RCT000003509,U0010078,0,,0
RCR000003510,RCT000003510,U0007510,0,,0
RCR000003511,RCT000003511,U0001788,1,2026-08-02 23:00:00,5
RCR000003512,RCT000003512,U0004701,0,,0
RCR000003513,RCT000003513,U0003364,0,,0
RCR000003514,RCT000003514,U0001256,0,,0
RCR000003515,RCT000003515,U0004587,0,,0
RCR000003516,RCT000003516,U0005198,0,,0
RCR000003517,RCT000003517,U0002506,0,,0
RCR000003518,RCT000003518,U0011412,0,,0
RCR000003519,RCT000003519,U0006766,0,,0
RCR000003520,RCT000003520,U0001407,0,,0
RCR000003521,RCT000003521,U0003374,0,,0
RCR000003522,RCT000003522,U0011677,0,,0
RCR000003523,RCT000003523,U0010829,1,2026-05-27 03:00:00,6
RCR000003524,RCT000003524,U0008336,0,,0
RCR000003525,RCT000003525,U0006314,0,,0
RCR000003526,RCT000003526,U0004962,0,,0
RCR000003527,RCT000003527,U0003696,0,,0
RCR000003528,RCT000003528,U0009686,0,,0
RCR000003529,RCT000003529,U0011956,0,,0
RCR000003530,RCT000003530,U0001283,0,,0
RCR000003531,RCT000003531,U0001484,0,,0
RCR000003532,RCT000003532,U0007584,0,,0
RCR000003533,RCT000003533,U0003498,0,,0
RCR000003534,RCT000003534,U0008852,0,,0
RCR000003535,RCT000003535,U0010627,0,,0
RCR000003536,RCT000003536,U0006989,0,,0
RCR000003537,RCT000003537,U0000946,1,2026-06-12 17:00:00,1
RCR000003538,RCT000003538,U0006993,0,,0
RCR000003539,RCT000003539,U0010504,0,,0
RCR000003540,RCT000003540,U0003256,0,,0
RCR000003541,RCT000003541,U0004005,0,,0
RCR000003542,RCT000003542,U0009834,1,2026-06-14 21:00:00,6
RCR000003543,RCT000003543,U0006785,0,,0
RCR000003544,RCT000003544,U0009772,0,,0
RCR000003545,RCT000003545,U0004096,0,,0
RCR000003546,RCT000003546,U0000539,0,,0
RCR000003547,RCT000003547,U0003789,1,2026-06-19 22:00:00,1
RCR000003548,RCT000003548,U0011031,0,,0
RCR000003549,RCT000003549,U0010280,0,,0
RCR000003550,RCT000003550,U0000766,0,,0
RCR000003551,RCT000003551,U0000442,1,2026-08-04 02:00:00,3
RCR000003552,RCT000003552,U0006702,0,,0
RCR000003553,RCT000003553,U0009155,0,,0
RCR000003554,RCT000003554,U0007569,0,,0
RCR000003555,RCT000003555,U0009240,0,,0
RCR000003556,RCT000003556,U0007470,0,,0
RCR000003557,RCT000003557,U0003850,0,,0
RCR000003558,RCT000003558,U0011342,0,,0
RCR000003559,RCT000003559,U0004347,0,,0
RCR000003560,RCT000003560,U0007189,0,,0
RCR000003561,RCT000003561,U0001381,0,,0
RCR000003562,RCT000003562,U0001172,0,,0
RCR000003563,RCT000003563,U0009839,0,,0
RCR000003564,RCT000003564,U0011044,0,,0
RCR000003565,RCT000003565,U0005102,0,,0
RCR000003566,RCT000003566,U0007275,0,,0
RCR000003567,RCT000003567,U0005993,0,,0
RCR000003568,RCT000003568,U0008928,0,,0
RCR000003569,RCT000003569,U0008524,0,,0
RCR000003570,RCT000003570,U0009023,0,,0
RCR000003571,RCT000003571,U0000247,0,,0
RCR000003572,RCT000003572,U0000414,0,,0
RCR000003573,RCT000003573,U0008809,0,,0
RCR000003574,RCT000003574,U0007635,0,,0
RCR000003575,RCT000003575,U0003589,0,,0
RCR000003576,RCT000003576,U0007722,0,,0
RCR000003577,RCT000003577,U0008656,0,,0
RCR000003578,RCT000003578,U0006004,0,,0
RCR000003579,RCT000003579,U0011132,0,,0
RCR000003580,RCT000003580,U0003936,0,,0
RCR000003581,RCT000003581,U0002827,0,,0
RCR000003582,RCT000003582,U0001257,0,,0
RCR000003583,RCT000003583,U0004922,0,,0
RCR000003584,RCT000003584,U0000994,1,2026-08-03 08:00:00,3
RCR000003585,RCT000003585,U0003936,0,,0
RCR000003586,RCT000003586,U0003205,0,,0
RCR000003587,RCT000003587,U0010001,0,,0
RCR000003588,RCT000003588,U0007059,0,,0
RCR000003589,RCT000003589,U0008390,0,,0
RCR000003590,RCT000003590,U0006498,0,,0
RCR000003591,RCT000003591,U0006133,0,,0
RCR000003592,RCT000003592,U0008162,0,,0
RCR000003593,RCT000003593,U0004283,0,,0
RCR000003594,RCT000003594,U0006453,0,,0
RCR000003595,RCT000003595,U0003267,0,,0
RCR000003596,RCT000003596,U0008189,0,,0
RCR000003597,RCT000003597,U0010637,0,,0
RCR000003598,RCT000003598,U0007494,0,,0
RCR000003599,RCT000003599,U0007897,0,,0
RCR000003600,RCT000003600,U0011596,0,,0
RCR000003601,RCT000003601,U0005117,0,,0
RCR000003602,RCT000003602,U0006601,0,,0
RCR000003603,RCT000003603,U0010262,0,,0
RCR000003604,RCT000003604,U0001593,0,,0
RCR000003605,RCT000003605,U0011811,0,,0
RCR000003606,RCT000003606,U0011613,0,,0
RCR000003607,RCT000003607,U0000311,0,,0
RCR000003608,RCT000003608,U0002929,0,,0
RCR000003609,RCT000003609,U0006887,0,,0
RCR000003610,RCT000003610,U0005020,0,,0
RCR000003611,RCT000003611,U0001578,0,,0
RCR000003612,RCT000003612,U0001802,0,,0
RCR000003613,RCT000003613,U0001627,0,,0
RCR000003614,RCT000003614,U0003509,1,2026-06-02 17:00:00,7
RCR000003615,RCT000003615,U0005703,0,,0
RCR000003616,RCT000003616,U0010673,0,,0
RCR000003617,RCT000003617,U0003020,0,,0
RCR000003618,RCT000003618,U0002453,0,,0
RCR000003619,RCT000003619,U0010220,0,,0
RCR000003620,RCT000003620,U0007616,0,,0
RCR000003621,RCT000003621,U0002852,0,,0
RCR000003622,RCT000003622,U0006791,0,,0
RCR000003623,RCT000003623,U0007328,0,,0
RCR000003624,RCT000003624,U0008260,0,,0
RCR000003625,RCT000003625,U0005249,0,,0
RCR000003626,RCT000003626,U0006709,0,,0
RCR000003627,RCT000003627,U0000305,0,,0
RCR000003628,RCT000003628,U0011405,0,,0
RCR000003629,RCT000003629,U0009898,0,,0
RCR000003630,RCT000003630,U0006127,0,,0
RCR000003631,RCT000003631,U0007199,0,,0
RCR000003632,RCT000003632,U0002828,0,,0
RCR000003633,RCT000003633,U0005605,0,,0
RCR000003634,RCT000003634,U0009829,0,,0
RCR000003635,RCT000003635,U0011660,0,,0
RCR000003636,RCT000003636,U0011421,0,,0
RCR000003637,RCT000003637,U0004168,0,,0
RCR000003638,RCT000003638,U0008404,0,,0
RCR000003639,RCT000003639,U0006060,1,2026-04-20 19:00:00,7
RCR000003640,RCT000003640,U0001211,0,,0
RCR000003641,RCT000003641,U0004853,1,2026-05-28 05:00:00,2
RCR000003642,RCT000003642,U0001757,0,,0
RCR000003643,RCT000003643,U0004326,0,,0
RCR000003644,RCT000003644,U0011365,0,,0
RCR000003645,RCT000003645,U0009030,0,,0
RCR000003646,RCT000003646,U0005653,0,,0
RCR000003647,RCT000003647,U0001351,0,,0
RCR000003648,RCT000003648,U0006670,0,,0
RCR000003649,RCT000003649,U0004854,0,,0
RCR000003650,RCT000003650,U0007574,0,,0
RCR000003651,RCT000003651,U0005234,0,,0
RCR000003652,RCT000003652,U0004023,0,,0
RCR000003653,RCT000003653,U0008123,0,,0
RCR000003654,RCT000003654,U0002486,0,,0
RCR000003655,RCT000003655,U0010545,1,2026-06-20 01:00:00,5
RCR000003656,RCT000003656,U0004029,0,,0
RCR000003657,RCT000003657,U0010501,0,,0
RCR000003658,RCT000003658,U0006845,0,,0
RCR000003659,RCT000003659,U0008339,0,,0
RCR000003660,RCT000003660,U0000583,0,,0
RCR000003661,RCT000003661,U0003835,0,,0
RCR000003662,RCT000003662,U0001147,0,,0
RCR000003663,RCT000003663,U0003434,0,,0
RCR000003664,RCT000003664,U0011751,0,,0
RCR000003665,RCT000003665,U0008941,0,,0
RCR000003666,RCT000003666,U0003458,0,,0
RCR000003667,RCT000003667,U0010994,0,,0
RCR000003668,RCT000003668,U0008837,0,,0
RCR000003669,RCT000003669,U0010609,0,,0
RCR000003670,RCT000003670,U0000859,0,,0
RCR000003671,RCT000003671,U0011216,0,,0
RCR000003672,RCT000003672,U0007334,0,,0
RCR000003673,RCT000003673,U0002027,0,,0
RCR000003674,RCT000003674,U0001721,0,,0
RCR000003675,RCT000003675,U0005947,0,,0
RCR000003676,RCT000003676,U0011266,0,,0
RCR000003677,RCT000003677,U0003066,0,,0
RCR000003678,RCT000003678,U0009840,0,,0
RCR000003679,RCT000003679,U0005834,0,,0
RCR000003680,RCT000003680,U0011546,0,,0
RCR000003681,RCT000003681,U0011278,1,2026-04-16 10:00:00,2
RCR000003682,RCT000003682,U0007489,0,,0
RCR000003683,RCT000003683,U0006288,0,,0
RCR000003684,RCT000003684,U0003604,0,,0
RCR000003685,RCT000003685,U0006635,0,,0
RCR000003686,RCT000003686,U0008970,0,,0
RCR000003687,RCT000003687,U0003358,0,,0
RCR000003688,RCT000003688,U0003844,0,,0
RCR000003689,RCT000003689,U0008149,1,2026-05-29 06:00:00,1
RCR000003690,RCT000003690,U0005566,0,,0
RCR000003691,RCT000003691,U0004867,1,2026-04-19 10:00:00,1
RCR000003692,RCT000003692,U0010355,0,,0
RCR000003693,RCT000003693,U0008401,0,,0
RCR000003694,RCT000003694,U0011340,0,,0
RCR000003695,RCT000003695,U0002429,0,,0
RCR000003696,RCT000003696,U0006621,0,,0
RCR000003697,RCT000003697,U0007652,0,,0
RCR000003698,RCT000003698,U0011392,0,,0
RCR000003699,RCT000003699,U0008059,0,,0
RCR000003700,RCT000003700,U0010514,0,,0
RCR000003701,RCT000003701,U0007663,0,,0
RCR000003702,RCT000003702,U0003723,0,,0
RCR000003703,RCT000003703,U0006814,0,,0
RCR000003704,RCT000003704,U0009050,0,,0
RCR000003705,RCT000003705,U0007683,0,,0
RCR000003706,RCT000003706,U0009642,0,,0
RCR000003707,RCT000003707,U0000840,0,,0
RCR000003708,RCT000003708,U0003855,0,,0
RCR000003709,RCT000003709,U0005601,0,,0
RCR000003710,RCT000003710,U0002885,0,,0
RCR000003711,RCT000003711,U0000175,0,,0
RCR000003712,RCT000003712,U0009398,0,,0
RCR000003713,RCT000003713,U0008883,0,,0
RCR000003714,RCT000003714,U0009735,0,,0
RCR000003715,RCT000003715,U0008936,0,,0
RCR000003716,RCT000003716,U0005521,0,,0
RCR000003717,RCT000003717,U0009483,0,,0
RCR000003718,RCT000003718,U0001914,0,,0
RCR000003719,RCT000003719,U0008191,0,,0
RCR000003720,RCT000003720,U0007777,0,,0
RCR000003721,RCT000003721,U0004895,0,,0
RCR000003722,RCT000003722,U0011997,0,,0
RCR000003723,RCT000003723,U0007604,0,,0
RCR000003724,RCT000003724,U0006175,0,,0
RCR000003725,RCT000003725,U0000231,0,,0
RCR000003726,RCT000003726,U0002763,0,,0
RCR000003727,RCT000003727,U0001124,0,,0
RCR000003728,RCT000003728,U0003307,0,,0
RCR000003729,RCT000003729,U0006464,0,,0
RCR000003730,RCT000003730,U0011704,0,,0
RCR000003731,RCT000003731,U0007970,0,,0
RCR000003732,RCT000003732,U0005465,0,,0
RCR000003733,RCT000003733,U0000744,0,,0
RCR000003734,RCT000003734,U0010330,0,,0
RCR000003735,RCT000003735,U0007110,0,,0
RCR000003736,RCT000003736,U0007894,0,,0
RCR000003737,RCT000003737,U0001148,0,,0
RCR000003738,RCT000003738,U0007468,0,,0
RCR000003739,RCT000003739,U0009437,0,,0
RCR000003740,RCT000003740,U0006660,0,,0
RCR000003741,RCT000003741,U0007307,0,,0
RCR000003742,RCT000003742,U0008022,0,,0
RCR000003743,RCT000003743,U0007943,0,,0
RCR000003744,RCT000003744,U0008215,0,,0
RCR000003745,RCT000003745,U0003859,0,,0
RCR000003746,RCT000003746,U0010974,1,2026-06-19 18:00:00,6
RCR000003747,RCT000003747,U0011788,0,,0
RCR000003748,RCT000003748,U0001638,0,,0
RCR000003749,RCT000003749,U0007461,0,,0
RCR000003750,RCT000003750,U0000111,0,,0
RCR000003751,RCT000003751,U0009285,0,,0
RCR000003752,RCT000003752,U0010380,0,,0
RCR000003753,RCT000003753,U0003892,0,,0
RCR000003754,RCT000003754,U0004395,0,,0
RCR000003755,RCT000003755,U0005781,0,,0
RCR000003756,RCT000003756,U0010221,0,,0
RCR000003757,RCT000003757,U0007185,0,,0
RCR000003758,RCT000003758,U0008726,0,,0
RCR000003759,RCT000003759,U0003786,0,,0
RCR000003760,RCT000003760,U0008973,0,,0
RCR000003761,RCT000003761,U0001820,0,,0
RCR000003762,RCT000003762,U0003613,0,,0
RCR000003763,RCT000003763,U0006200,0,,0
RCR000003764,RCT000003764,U0002920,0,,0
RCR000003765,RCT000003765,U0009721,0,,0
RCR000003766,RCT000003766,U0007036,0,,0
RCR000003767,RCT000003767,U0010520,0,,0
RCR000003768,RCT000003768,U0009621,0,,0
RCR000003769,RCT000003769,U0008636,0,,0
RCR000003770,RCT000003770,U0003455,0,,0
RCR000003771,RCT000003771,U0011581,0,,0
RCR000003772,RCT000003772,U0005035,0,,0
RCR000003773,RCT000003773,U0004455,0,,0
RCR000003774,RCT000003774,U0003085,0,,0
RCR000003775,RCT000003775,U0007689,0,,0
RCR000003776,RCT000003776,U0009281,0,,0
RCR000003777,RCT000003777,U0004196,0,,0
RCR000003778,RCT000003778,U0005177,0,,0
RCR000003779,RCT000003779,U0009043,0,,0
RCR000003780,RCT000003780,U0002520,1,2026-06-17 21:00:00,4
RCR000003781,RCT000003781,U0000095,0,,0
RCR000003782,RCT000003782,U0006507,0,,0
RCR000003783,RCT000003783,U0004420,0,,0
RCR000003784,RCT000003784,U0008837,0,,0
RCR000003785,RCT000003785,U0007982,1,2026-02-16 02:00:00,6
RCR000003786,RCT000003786,U0006322,0,,0
RCR000003787,RCT000003787,U0007304,0,,0
RCR000003788,RCT000003788,U0001596,0,,0
RCR000003789,RCT000003789,U0007324,0,,0
RCR000003790,RCT000003790,U0009219,0,,0
RCR000003791,RCT000003791,U0001039,0,,0
RCR000003792,RCT000003792,U0003801,0,,0
RCR000003793,RCT000003793,U0009756,0,,0
RCR000003794,RCT000003794,U0005173,1,2026-06-28 01:00:00,6
RCR000003795,RCT000003795,U0006487,0,,0
RCR000003796,RCT000003796,U0006231,0,,0
RCR000003797,RCT000003797,U0000312,0,,0
RCR000003798,RCT000003798,U0003369,0,,0
RCR000003799,RCT000003799,U0005496,0,,0
RCR000003800,RCT000003800,U0000776,0,,0
RCR000003801,RCT000003801,U0004513,0,,0
RCR000003802,RCT000003802,U0010467,0,,0
RCR000003803,RCT000003803,U0004225,0,,0
RCR000003804,RCT000003804,U0001798,0,,0
RCR000003805,RCT000003805,U0008559,0,,0
RCR000003806,RCT000003806,U0008594,0,,0
RCR000003807,RCT000003807,U0011292,0,,0
RCR000003808,RCT000003808,U0005438,0,,0
RCR000003809,RCT000003809,U0005221,0,,0
RCR000003810,RCT000003810,U0001860,0,,0
RCR000003811,RCT000003811,U0006492,0,,0
RCR000003812,RCT000003812,U0010723,0,,0
RCR000003813,RCT000003813,U0000258,0,,0
RCR000003814,RCT000003814,U0005185,0,,0
RCR000003815,RCT000003815,U0009362,0,,0
RCR000003816,RCT000003816,U0007723,0,,0
RCR000003817,RCT000003817,U0005795,1,2026-02-12 13:00:00,5
RCR000003818,RCT000003818,U0008200,0,,0
RCR000003819,RCT000003819,U0007798,0,,0
RCR000003820,RCT000003820,U0011301,0,,0
RCR000003821,RCT000003821,U0002606,0,,0
RCR000003822,RCT000003822,U0005221,0,,0
RCR000003823,RCT000003823,U0009016,0,,0
RCR000003824,RCT000003824,U0000832,0,,0
RCR000003825,RCT000003825,U0002286,1,2026-06-09 23:00:00,5
RCR000003826,RCT000003826,U0009023,1,2026-06-25 02:00:00,6
RCR000003827,RCT000003827,U0000847,0,,0
RCR000003828,RCT000003828,U0002651,0,,0
RCR000003829,RCT000003829,U0003142,0,,0
RCR000003830,RCT000003830,U0005297,0,,0
RCR000003831,RCT000003831,U0008492,0,,0
RCR000003832,RCT000003832,U0008048,0,,0
RCR000003833,RCT000003833,U0006921,0,,0
RCR000003834,RCT000003834,U0005626,0,,0
RCR000003835,RCT000003835,U0010989,0,,0
RCR000003836,RCT000003836,U0010406,0,,0
RCR000003837,RCT000003837,U0008004,0,,0
RCR000003838,RCT000003838,U0005976,0,,0
RCR000003839,RCT000003839,U0001056,0,,0
RCR000003840,RCT000003840,U0003212,0,,0
RCR000003841,RCT000003841,U0007522,0,,0
RCR000003842,RCT000003842,U0005964,0,,0
RCR000003843,RCT000003843,U0000695,0,,0
RCR000003844,RCT000003844,U0010037,0,,0
RCR000003845,RCT000003845,U0002533,0,,0
RCR000003846,RCT000003846,U0008732,0,,0
RCR000003847,RCT000003847,U0002483,0,,0
RCR000003848,RCT000003848,U0004422,0,,0
RCR000003849,RCT000003849,U0004896,0,,0
RCR000003850,RCT000003850,U0001485,0,,0
RCR000003851,RCT000003851,U0003661,0,,0
RCR000003852,RCT000003852,U0000856,1,2026-04-26 00:00:00,7
RCR000003853,RCT000003853,U0004010,0,,0
RCR000003854,RCT000003854,U0009306,1,2026-02-17 18:00:00,7
RCR000003855,RCT000003855,U0005753,0,,0
RCR000003856,RCT000003856,U0001657,1,2026-02-16 17:00:00,6
RCR000003857,RCT000003857,U0011172,1,2026-03-03 22:00:00,4
RCR000003858,RCT000003858,U0009744,0,,0
RCR000003859,RCT000003859,U0003554,0,,0
RCR000003860,RCT000003860,U0005467,0,,0
RCR000003861,RCT000003861,U0004380,0,,0
RCR000003862,RCT000003862,U0003008,1,2026-02-15 05:00:00,4
RCR000003863,RCT000003863,U0001487,0,,0
RCR000003864,RCT000003864,U0005497,0,,0
RCR000003865,RCT000003865,U0011095,0,,0
RCR000003866,RCT000003866,U0006744,0,,0
RCR000003867,RCT000003867,U0011514,0,,0
RCR000003868,RCT000003868,U0010757,0,,0
RCR000003869,RCT000003869,U0000781,0,,0
RCR000003870,RCT000003870,U0001831,0,,0
RCR000003871,RCT000003871,U0007731,1,2026-04-13 16:00:00,5
RCR000003872,RCT000003872,U0009218,0,,0
RCR000003873,RCT000003873,U0000892,0,,0
RCR000003874,RCT000003874,U0009558,1,2026-02-23 07:00:00,5
RCR000003875,RCT000003875,U0010502,0,,0
RCR000003876,RCT000003876,U0005651,0,,0
RCR000003877,RCT000003877,U0000769,0,,0
RCR000003878,RCT000003878,U0007842,0,,0
RCR000003879,RCT000003879,U0000730,0,,0
RCR000003880,RCT000003880,U0011754,0,,0
RCR000003881,RCT000003881,U0003299,0,,0
RCR000003882,RCT000003882,U0005026,0,,0
RCR000003883,RCT000003883,U0005059,0,,0
RCR000003884,RCT000003884,U0006224,0,,0
RCR000003885,RCT000003885,U0005907,0,,0
RCR000003886,RCT000003886,U0000709,0,,0
RCR000003887,RCT000003887,U0008143,0,,0
RCR000003888,RCT000003888,U0002693,0,,0
RCR000003889,RCT000003889,U0007968,0,,0
RCR000003890,RCT000003890,U0006814,1,2026-03-27 13:00:00,4
RCR000003891,RCT000003891,U0007757,0,,0
RCR000003892,RCT000003892,U0001066,0,,0
RCR000003893,RCT000003893,U0002796,0,,0
RCR000003894,RCT000003894,U0004029,0,,0
RCR000003895,RCT000003895,U0000138,1,2026-06-27 05:00:00,1
RCR000003896,RCT000003896,U0001198,1,2026-06-05 14:00:00,3
RCR000003897,RCT000003897,U0007857,0,,0
RCR000003898,RCT000003898,U0005467,1,2026-05-31 18:00:00,4
RCR000003899,RCT000003899,U0006171,1,2026-05-27 08:00:00,3
RCR000003900,RCT000003900,U0011233,0,,0
RCR000003901,RCT000003901,U0008716,0,,0
RCR000003902,RCT000003902,U0000409,0,,0
RCR000003903,RCT000003903,U0003340,0,,0
RCR000003904,RCT000003904,U0003190,0,,0
RCR000003905,RCT000003905,U0011788,0,,0
RCR000003906,RCT000003906,U0002146,0,,0
RCR000003907,RCT000003907,U0000011,0,,0
RCR000003908,RCT000003908,U0009087,0,,0
RCR000003909,RCT000003909,U0010390,0,,0
RCR000003910,RCT000003910,U0000106,0,,0
RCR000003911,RCT000003911,U0001846,0,,0
RCR000003912,RCT000003912,U0006538,0,,0
RCR000003913,RCT000003913,U0003459,0,,0
RCR000003914,RCT000003914,U0007078,0,,0
RCR000003915,RCT000003915,U0011246,0,,0
RCR000003916,RCT000003916,U0007014,0,,0
RCR000003917,RCT000003917,U0006969,0,,0
RCR000003918,RCT000003918,U0007936,0,,0
RCR000003919,RCT000003919,U0007693,0,,0
RCR000003920,RCT000003920,U0007997,0,,0
RCR000003921,RCT000003921,U0011457,0,,0
RCR000003922,RCT000003922,U0009222,0,,0
RCR000003923,RCT000003923,U0005881,0,,0
RCR000003924,RCT000003924,U0009158,0,,0
RCR000003925,RCT000003925,U0006508,1,2026-03-28 05:00:00,3
RCR000003926,RCT000003926,U0002032,0,,0
RCR000003927,RCT000003927,U0000629,0,,0
RCR000003928,RCT000003928,U0000729,0,,0
RCR000003929,RCT000003929,U0005089,0,,0
RCR000003930,RCT000003930,U0008617,0,,0
RCR000003931,RCT000003931,U0010228,0,,0
RCR000003932,RCT000003932,U0008442,0,,0
RCR000003933,RCT000003933,U0001530,0,,0
RCR000003934,RCT000003934,U0002416,0,,0
RCR000003935,RCT000003935,U0005092,0,,0
RCR000003936,RCT000003936,U0007368,0,,0
RCR000003937,RCT000003937,U0002123,0,,0
RCR000003938,RCT000003938,U0005290,0,,0
RCR000003939,RCT000003939,U0010416,0,,0
RCR000003940,RCT000003940,U0002922,0,,0
RCR000003941,RCT000003941,U0000835,0,,0
RCR000003942,RCT000003942,U0009608,0,,0
RCR000003943,RCT000003943,U0005326,0,,0
RCR000003944,RCT000003944,U0000761,0,,0
RCR000003945,RCT000003945,U0000341,0,,0
RCR000003946,RCT000003946,U0001171,0,,0
RCR000003947,RCT000003947,U0006233,0,,0
RCR000003948,RCT000003948,U0003448,0,,0
RCR000003949,RCT000003949,U0002742,0,,0
RCR000003950,RCT000003950,U0011494,0,,0
RCR000003951,RCT000003951,U0003313,0,,0
RCR000003952,RCT000003952,U0007560,0,,0
RCR000003953,RCT000003953,U0001978,0,,0
RCR000003954,RCT000003954,U0000392,0,,0
RCR000003955,RCT000003955,U0005923,0,,0
RCR000003956,RCT000003956,U0005063,0,,0
RCR000003957,RCT000003957,U0002190,0,,0
RCR000003958,RCT000003958,U0008376,0,,0
RCR000003959,RCT000003959,U0002904,0,,0
RCR000003960,RCT000003960,U0010427,0,,0
RCR000003961,RCT000003961,U0009908,0,,0
RCR000003962,RCT000003962,U0010985,0,,0
RCR000003963,RCT000003963,U0002359,0,,0
RCR000003964,RCT000003964,U0000102,0,,0
RCR000003965,RCT000003965,U0004490,0,,0
RCR000003966,RCT000003966,U0005415,0,,0
RCR000003967,RCT000003967,U0000935,1,2026-02-15 15:00:00,4
RCR000003968,RCT000003968,U0007293,0,,0
RCR000003969,RCT000003969,U0009164,0,,0
RCR000003970,RCT000003970,U0000418,0,,0
RCR000003971,RCT000003971,U0010184,0,,0
RCR000003972,RCT000003972,U0000996,0,,0
RCR000003973,RCT000003973,U0002800,0,,0
RCR000003974,RCT000003974,U0008049,0,,0
RCR000003975,RCT000003975,U0000726,0,,0
RCR000003976,RCT000003976,U0011296,0,,0
RCR000003977,RCT000003977,U0000746,0,,0
RCR000003978,RCT000003978,U0011589,0,,0
RCR000003979,RCT000003979,U0009179,0,,0
RCR000003980,RCT000003980,U0005098,0,,0
RCR000003981,RCT000003981,U0008499,0,,0
RCR000003982,RCT000003982,U0003310,0,,0
RCR000003983,RCT000003983,U0002292,0,,0
RCR000003984,RCT000003984,U0003371,0,,0
RCR000003985,RCT000003985,U0007986,0,,0
RCR000003986,RCT000003986,U0010602,1,2026-05-30 22:00:00,3
RCR000003987,RCT000003987,U0006000,0,,0
RCR000003988,RCT000003988,U0007997,0,,0
RCR000003989,RCT000003989,U0011022,0,,0
RCR000003990,RCT000003990,U0007813,1,2026-07-29 17:00:00,2
RCR000003991,RCT000003991,U0008148,0,,0
RCR000003992,RCT000003992,U0003801,0,,0
RCR000003993,RCT000003993,U0004229,0,,0
RCR000003994,RCT000003994,U0007643,0,,0
RCR000003995,RCT000003995,U0001910,0,,0
RCR000003996,RCT000003996,U0011520,0,,0
RCR000003997,RCT000003997,U0002028,0,,0
RCR000003998,RCT000003998,U0005691,0,,0
RCR000003999,RCT000003999,U0011419,0,,0
RCR000004000,RCT000004000,U0010747,0,,0
RCR000004001,RCT000004001,U0001663,0,,0
RCR000004002,RCT000004002,U0001324,1,2026-02-15 04:00:00,7
RCR000004003,RCT000004003,U0008900,0,,0
RCR000004004,RCT000004004,U0002898,0,,0
RCR000004005,RCT000004005,U0006768,0,,0
RCR000004006,RCT000004006,U0001677,0,,0
RCR000004007,RCT000004007,U0005529,0,,0
RCR000004008,RCT000004008,U0001800,0,,0
RCR000004009,RCT000004009,U0000763,1,2026-06-14 02:00:00,5
RCR000004010,RCT000004010,U0006278,0,,0
RCR000004011,RCT000004011,U0009438,0,,0
RCR000004012,RCT000004012,U0006829,0,,0
RCR000004013,RCT000004013,U0001180,0,,0
RCR000004014,RCT000004014,U0011161,0,,0
RCR000004015,RCT000004015,U0000868,0,,0
RCR000004016,RCT000004016,U0011163,1,2026-05-11 12:00:00,5
RCR000004017,RCT000004017,U0008986,0,,0
RCR000004018,RCT000004018,U0010869,0,,0
RCR000004019,RCT000004019,U0006517,0,,0
RCR000004020,RCT000004020,U0003750,0,,0
RCR000004021,RCT000004021,U0001221,0,,0
RCR000004022,RCT000004022,U0008413,0,,0
RCR000004023,RCT000004023,U0008983,0,,0
RCR000004024,RCT000004024,U0005376,0,,0
RCR000004025,RCT000004025,U0008727,0,,0
RCR000004026,RCT000004026,U0008661,0,,0
RCR000004027,RCT000004027,U0004276,1,2026-03-04 04:00:00,2
RCR000004028,RCT000004028,U0003837,1,2026-02-21 14:00:00,1
RCR000004029,RCT000004029,U0004528,0,,0
RCR000004030,RCT000004030,U0004408,0,,0
RCR000004031,RCT000004031,U0007127,0,,0
RCR000004032,RCT000004032,U0003803,0,,0
RCR000004033,RCT000004033,U0007841,0,,0
RCR000004034,RCT000004034,U0005243,0,,0
RCR000004035,RCT000004035,U0005154,0,,0
RCR000004036,RCT000004036,U0010567,0,,0
RCR000004037,RCT000004037,U0008892,0,,0
RCR000004038,RCT000004038,U0004382,0,,0
RCR000004039,RCT000004039,U0011003,0,,0
RCR000004040,RCT000004040,U0002856,0,,0
RCR000004041,RCT000004041,U0002239,0,,0
RCR000004042,RCT000004042,U0007959,0,,0
RCR000004043,RCT000004043,U0007947,0,,0
RCR000004044,RCT000004044,U0005931,0,,0
RCR000004045,RCT000004045,U0004310,0,,0
RCR000004046,RCT000004046,U0010865,0,,0
RCR000004047,RCT000004047,U0008858,1,2026-02-12 22:00:00,2
RCR000004048,RCT000004048,U0011095,0,,0
RCR000004049,RCT000004049,U0007526,0,,0
RCR000004050,RCT000004050,U0011455,0,,0
RCR000004051,RCT000004051,U0011337,0,,0
RCR000004052,RCT000004052,U0007483,0,,0
RCR000004053,RCT000004053,U0004411,0,,0
RCR000004054,RCT000004054,U0009263,0,,0
RCR000004055,RCT000004055,U0006735,0,,0
RCR000004056,RCT000004056,U0005006,0,,0
RCR000004057,RCT000004057,U0002663,0,,0
RCR000004058,RCT000004058,U0005850,0,,0
RCR000004059,RCT000004059,U0000106,0,,0
RCR000004060,RCT000004060,U0005104,0,,0
RCR000004061,RCT000004061,U0002743,0,,0
RCR000004062,RCT000004062,U0002179,0,,0
RCR000004063,RCT000004063,U0009128,0,,0
RCR000004064,RCT000004064,U0009170,0,,0
RCR000004065,RCT000004065,U0005556,0,,0
RCR000004066,RCT000004066,U0004705,0,,0
RCR000004067,RCT000004067,U0008529,0,,0
RCR000004068,RCT000004068,U0006965,0,,0
RCR000004069,RCT000004069,U0001493,0,,0
RCR000004070,RCT000004070,U0007299,1,2026-03-18 16:00:00,4
RCR000004071,RCT000004071,U0006206,0,,0
RCR000004072,RCT000004072,U0010147,0,,0
RCR000004073,RCT000004073,U0005796,0,,0
RCR000004074,RCT000004074,U0010184,0,,0
RCR000004075,RCT000004075,U0008177,1,2026-07-27 23:00:00,3
RCR000004076,RCT000004076,U0007789,0,,0
RCR000004077,RCT000004077,U0004683,0,,0
RCR000004078,RCT000004078,U0011922,0,,0
RCR000004079,RCT000004079,U0005218,0,,0
RCR000004080,RCT000004080,U0010621,0,,0
RCR000004081,RCT000004081,U0006440,1,2026-06-29 23:00:00,7
RCR000004082,RCT000004082,U0011010,0,,0
RCR000004083,RCT000004083,U0000795,0,,0
RCR000004084,RCT000004084,U0010441,0,,0
RCR000004085,RCT000004085,U0004084,0,,0
RCR000004086,RCT000004086,U0008959,0,,0
RCR000004087,RCT000004087,U0007693,0,,0
RCR000004088,RCT000004088,U0007036,0,,0
RCR000004089,RCT000004089,U0009488,0,,0
RCR000004090,RCT000004090,U0001757,0,,0
RCR000004091,RCT000004091,U0009035,0,,0
RCR000004092,RCT000004092,U0007364,1,2026-06-26 16:00:00,6
RCR000004093,RCT000004093,U0003680,0,,0
RCR000004094,RCT000004094,U0003011,1,2026-03-26 19:00:00,1
RCR000004095,RCT000004095,U0004750,0,,0
RCR000004096,RCT000004096,U0007828,0,,0
RCR000004097,RCT000004097,U0005980,1,2026-05-26 07:00:00,7
RCR000004098,RCT000004098,U0004314,0,,0
RCR000004099,RCT000004099,U0005865,0,,0
RCR000004100,RCT000004100,U0007036,0,,0
RCR000004101,RCT000004101,U0011434,0,,0
RCR000004102,RCT000004102,U0011365,0,,0
RCR000004103,RCT000004103,U0003758,0,,0
RCR000004104,RCT000004104,U0004753,0,,0
RCR000004105,RCT000004105,U0005199,0,,0
RCR000004106,RCT000004106,U0000385,0,,0
RCR000004107,RCT000004107,U0003557,0,,0
RCR000004108,RCT000004108,U0009318,0,,0
RCR000004109,RCT000004109,U0011754,0,,0
RCR000004110,RCT000004110,U0002618,0,,0
RCR000004111,RCT000004111,U0009836,0,,0
RCR000004112,RCT000004112,U0004570,0,,0
RCR000004113,RCT000004113,U0002940,0,,0
RCR000004114,RCT000004114,U0002828,0,,0
RCR000004115,RCT000004115,U0011913,0,,0
RCR000004116,RCT000004116,U0001930,0,,0
RCR000004117,RCT000004117,U0011682,0,,0
RCR000004118,RCT000004118,U0005086,0,,0
RCR000004119,RCT000004119,U0011994,0,,0
RCR000004120,RCT000004120,U0003330,0,,0
RCR000004121,RCT000004121,U0007760,1,2026-08-02 15:00:00,4
RCR000004122,RCT000004122,U0000575,0,,0
RCR000004123,RCT000004123,U0003175,0,,0
RCR000004124,RCT000004124,U0002210,0,,0
RCR000004125,RCT000004125,U0002999,0,,0
RCR000004126,RCT000004126,U0004520,0,,0
RCR000004127,RCT000004127,U0010315,0,,0
RCR000004128,RCT000004128,U0007233,0,,0
RCR000004129,RCT000004129,U0000757,0,,0
RCR000004130,RCT000004130,U0011057,0,,0
RCR000004131,RCT000004131,U0011503,0,,0
RCR000004132,RCT000004132,U0005394,0,,0
RCR000004133,RCT000004133,U0007612,0,,0
RCR000004134,RCT000004134,U0006665,0,,0
RCR000004135,RCT000004135,U0001176,0,,0
RCR000004136,RCT000004136,U0007404,1,2026-04-25 15:00:00,7
RCR000004137,RCT000004137,U0001497,0,,0
RCR000004138,RCT000004138,U0002535,0,,0
RCR000004139,RCT000004139,U0007469,0,,0
RCR000004140,RCT000004140,U0008068,0,,0
RCR000004141,RCT000004141,U0004891,0,,0
RCR000004142,RCT000004142,U0000042,0,,0
RCR000004143,RCT000004143,U0005169,0,,0
RCR000004144,RCT000004144,U0006834,0,,0
RCR000004145,RCT000004145,U0005969,0,,0
RCR000004146,RCT000004146,U0005129,0,,0
RCR000004147,RCT000004147,U0006545,0,,0
RCR000004148,RCT000004148,U0006257,0,,0
RCR000004149,RCT000004149,U0005408,0,,0
RCR000004150,RCT000004150,U0000851,0,,0
RCR000004151,RCT000004151,U0009515,0,,0
RCR000004152,RCT000004152,U0004019,0,,0
RCR000004153,RCT000004153,U0003905,1,2026-02-22 07:00:00,7
RCR000004154,RCT000004154,U0010576,0,,0
RCR000004155,RCT000004155,U0002589,0,,0
RCR000004156,RCT000004156,U0003940,0,,0
RCR000004157,RCT000004157,U0007004,0,,0
RCR000004158,RCT000004158,U0003791,1,2026-02-13 08:00:00,3
RCR000004159,RCT000004159,U0009638,0,,0
RCR000004160,RCT000004160,U0001553,0,,0
RCR000004161,RCT000004161,U0011276,0,,0
RCR000004162,RCT000004162,U0005198,0,,0
RCR000004163,RCT000004163,U0003310,0,,0
RCR000004164,RCT000004164,U0004878,0,,0
RCR000004165,RCT000004165,U0000755,0,,0
RCR000004166,RCT000004166,U0009495,0,,0
RCR000004167,RCT000004167,U0001666,0,,0
RCR000004168,RCT000004168,U0006013,1,2026-03-05 05:00:00,3
RCR000004169,RCT000004169,U0009344,0,,0
RCR000004170,RCT000004170,U0004031,0,,0
RCR000004171,RCT000004171,U0007820,0,,0
RCR000004172,RCT000004172,U0003149,0,,0
RCR000004173,RCT000004173,U0003376,0,,0
RCR000004174,RCT000004174,U0001667,0,,0
RCR000004175,RCT000004175,U0005820,1,2026-08-05 07:00:00,4
RCR000004176,RCT000004176,U0002677,0,,0
RCR000004177,RCT000004177,U0010159,0,,0
RCR000004178,RCT000004178,U0005633,0,,0
RCR000004179,RCT000004179,U0009197,0,,0
RCR000004180,RCT000004180,U0001447,0,,0
RCR000004181,RCT000004181,U0005282,0,,0
RCR000004182,RCT000004182,U0007892,0,,0
RCR000004183,RCT000004183,U0003872,0,,0
RCR000004184,RCT000004184,U0004950,0,,0
RCR000004185,RCT000004185,U0000689,0,,0
RCR000004186,RCT000004186,U0008236,0,,0
RCR000004187,RCT000004187,U0002603,0,,0
RCR000004188,RCT000004188,U0005165,0,,0
RCR000004189,RCT000004189,U0009647,0,,0
RCR000004190,RCT000004190,U0000042,0,,0
RCR000004191,RCT000004191,U0001791,0,,0
RCR000004192,RCT000004192,U0005204,0,,0
RCR000004193,RCT000004193,U0011844,0,,0
RCR000004194,RCT000004194,U0006507,0,,0
RCR000004195,RCT000004195,U0011994,0,,0
RCR000004196,RCT000004196,U0006133,0,,0
RCR000004197,RCT000004197,U0003030,0,,0
RCR000004198,RCT000004198,U0007712,0,,0
RCR000004199,RCT000004199,U0003413,0,,0
RCR000004200,RCT000004200,U0011588,0,,0
RCR000004201,RCT000004201,U0004590,0,,0
RCR000004202,RCT000004202,U0000623,0,,0
RCR000004203,RCT000004203,U0000622,0,,0
RCR000004204,RCT000004204,U0005194,0,,0
RCR000004205,RCT000004205,U0007351,0,,0
RCR000004206,RCT000004206,U0006733,0,,0
RCR000004207,RCT000004207,U0000616,0,,0
RCR000004208,RCT000004208,U0001346,0,,0
RCR000004209,RCT000004209,U0004171,0,,0
RCR000004210,RCT000004210,U0000004,0,,0
RCR000004211,RCT000004211,U0001805,0,,0
RCR000004212,RCT000004212,U0000790,0,,0
RCR000004213,RCT000004213,U0005198,0,,0
RCR000004214,RCT000004214,U0010174,0,,0
RCR000004215,RCT000004215,U0009826,0,,0
RCR000004216,RCT000004216,U0000634,0,,0
RCR000004217,RCT000004217,U0003774,0,,0
RCR000004218,RCT000004218,U0005595,0,,0
RCR000004219,RCT000004219,U0004948,0,,0
RCR000004220,RCT000004220,U0002855,0,,0
RCR000004221,RCT000004221,U0005026,0,,0
RCR000004222,RCT000004222,U0000220,1,2026-04-22 20:00:00,3
RCR000004223,RCT000004223,U0008261,0,,0
RCR000004224,RCT000004224,U0005737,0,,0
RCR000004225,RCT000004225,U0005967,1,2026-07-31 19:00:00,3
RCR000004226,RCT000004226,U0004087,0,,0
RCR000004227,RCT000004227,U0003622,0,,0
RCR000004228,RCT000004228,U0009405,0,,0
RCR000004229,RCT000004229,U0000714,0,,0
RCR000004230,RCT000004230,U0008845,0,,0
RCR000004231,RCT000004231,U0004835,0,,0
RCR000004232,RCT000004232,U0000824,0,,0
RCR000004233,RCT000004233,U0009032,0,,0
RCR000004234,RCT000004234,U0004846,0,,0
RCR000004235,RCT000004235,U0000781,0,,0
RCR000004236,RCT000004236,U0005127,0,,0
RCR000004237,RCT000004237,U0010269,0,,0
RCR000004238,RCT000004238,U0002794,0,,0
RCR000004239,RCT000004239,U0008772,0,,0
RCR000004240,RCT000004240,U0002354,0,,0
RCR000004241,RCT000004241,U0008381,0,,0
RCR000004242,RCT000004242,U0008900,0,,0
RCR000004243,RCT000004243,U0009312,0,,0
RCR000004244,RCT000004244,U0007023,0,,0
RCR000004245,RCT000004245,U0007406,0,,0
RCR000004246,RCT000004246,U0004964,0,,0
RCR000004247,RCT000004247,U0000434,0,,0
RCR000004248,RCT000004248,U0007164,0,,0
RCR000004249,RCT000004249,U0004654,0,,0
RCR000004250,RCT000004250,U0006764,0,,0
RCR000004251,RCT000004251,U0011791,0,,0
RCR000004252,RCT000004252,U0000689,0,,0
RCR000004253,RCT000004253,U0009692,0,,0
RCR000004254,RCT000004254,U0010946,0,,0
RCR000004255,RCT000004255,U0001138,0,,0
RCR000004256,RCT000004256,U0003553,0,,0
RCR000004257,RCT000004257,U0005101,0,,0
RCR000004258,RCT000004258,U0010904,0,,0
RCR000004259,RCT000004259,U0001055,0,,0
RCR000004260,RCT000004260,U0010931,0,,0
RCR000004261,RCT000004261,U0001881,0,,0
RCR000004262,RCT000004262,U0001475,0,,0
RCR000004263,RCT000004263,U0001886,0,,0
RCR000004264,RCT000004264,U0009895,0,,0
RCR000004265,RCT000004265,U0003902,0,,0
RCR000004266,RCT000004266,U0000514,0,,0
RCR000004267,RCT000004267,U0001730,0,,0
RCR000004268,RCT000004268,U0003588,0,,0
RCR000004269,RCT000004269,U0006621,0,,0
RCR000004270,RCT000004270,U0002359,0,,0
RCR000004271,RCT000004271,U0000712,0,,0
RCR000004272,RCT000004272,U0006096,1,2026-07-31 15:00:00,7
RCR000004273,RCT000004273,U0007265,0,,0
RCR000004274,RCT000004274,U0000939,0,,0
RCR000004275,RCT000004275,U0002786,0,,0
RCR000004276,RCT000004276,U0010297,1,2026-06-07 15:00:00,6
RCR000004277,RCT000004277,U0007655,1,2026-02-08 08:00:00,1
RCR000004278,RCT000004278,U0001429,0,,0
RCR000004279,RCT000004279,U0004025,0,,0
RCR000004280,RCT000004280,U0010412,0,,0
RCR000004281,RCT000004281,U0010565,0,,0
RCR000004282,RCT000004282,U0009395,0,,0
RCR000004283,RCT000004283,U0010906,0,,0
RCR000004284,RCT000004284,U0007717,0,,0
RCR000004285,RCT000004285,U0006651,0,,0
RCR000004286,RCT000004286,U0008851,0,,0
RCR000004287,RCT000004287,U0009012,0,,0
RCR000004288,RCT000004288,U0001084,0,,0
RCR000004289,RCT000004289,U0003494,0,,0
RCR000004290,RCT000004290,U0010120,0,,0
RCR000004291,RCT000004291,U0007701,0,,0
RCR000004292,RCT000004292,U0003242,0,,0
RCR000004293,RCT000004293,U0001553,0,,0
RCR000004294,RCT000004294,U0009144,0,,0
RCR000004295,RCT000004295,U0004876,0,,0
RCR000004296,RCT000004296,U0002852,0,,0
RCR000004297,RCT000004297,U0007412,0,,0
RCR000004298,RCT000004298,U0003707,1,2026-05-31 15:00:00,3
RCR000004299,RCT000004299,U0009790,1,2026-02-15 07:00:00,5
RCR000004300,RCT000004300,U0007986,0,,0
RCR000004301,RCT000004301,U0004926,0,,0
RCR000004302,RCT000004302,U0006426,0,,0
RCR000004303,RCT000004303,U0007443,0,,0
RCR000004304,RCT000004304,U0000705,0,,0
RCR000004305,RCT000004305,U0009788,0,,0
RCR000004306,RCT000004306,U0002604,0,,0
RCR000004307,RCT000004307,U0005978,0,,0
RCR000004308,RCT000004308,U0001383,0,,0
RCR000004309,RCT000004309,U0001763,0,,0
RCR000004310,RCT000004310,U0005885,0,,0
RCR000004311,RCT000004311,U0002480,0,,0
RCR000004312,RCT000004312,U0002427,0,,0
RCR000004313,RCT000004313,U0003062,0,,0
RCR000004314,RCT000004314,U0007125,0,,0
RCR000004315,RCT000004315,U0009029,0,,0
RCR000004316,RCT000004316,U0000997,0,,0
RCR000004317,RCT000004317,U0008489,0,,0
RCR000004318,RCT000004318,U0008991,0,,0
RCR000004319,RCT000004319,U0005230,0,,0
RCR000004320,RCT000004320,U0007510,0,,0
RCR000004321,RCT000004321,U0003369,0,,0
RCR000004322,RCT000004322,U0003348,0,,0
RCR000004323,RCT000004323,U0009428,0,,0
RCR000004324,RCT000004324,U0002382,0,,0
RCR000004325,RCT000004325,U0002562,0,,0
RCR000004326,RCT000004326,U0002763,0,,0
RCR000004327,RCT000004327,U0009659,1,2026-04-21 13:00:00,5
RCR000004328,RCT000004328,U0000189,0,,0
RCR000004329,RCT000004329,U0010219,0,,0
RCR000004330,RCT000004330,U0010526,0,,0
RCR000004331,RCT000004331,U0005596,0,,0
RCR000004332,RCT000004332,U0002589,0,,0
RCR000004333,RCT000004333,U0006521,0,,0
RCR000004334,RCT000004334,U0000781,0,,0
RCR000004335,RCT000004335,U0008226,0,,0
RCR000004336,RCT000004336,U0005186,0,,0
RCR000004337,RCT000004337,U0006129,0,,0
RCR000004338,RCT000004338,U0006048,0,,0
RCR000004339,RCT000004339,U0004692,0,,0
RCR000004340,RCT000004340,U0011656,0,,0
RCR000004341,RCT000004341,U0005849,0,,0
RCR000004342,RCT000004342,U0002321,0,,0
RCR000004343,RCT000004343,U0003590,0,,0
RCR000004344,RCT000004344,U0010840,0,,0
RCR000004345,RCT000004345,U0004144,1,2026-02-19 12:00:00,6
RCR000004346,RCT000004346,U0002480,0,,0
RCR000004347,RCT000004347,U0003892,0,,0
RCR000004348,RCT000004348,U0009258,0,,0
RCR000004349,RCT000004349,U0011645,0,,0
RCR000004350,RCT000004350,U0009450,0,,0
RCR000004351,RCT000004351,U0008938,0,,0
RCR000004352,RCT000004352,U0011593,0,,0
RCR000004353,RCT000004353,U0003063,0,,0
RCR000004354,RCT000004354,U0009189,0,,0
RCR000004355,RCT000004355,U0000567,0,,0
RCR000004356,RCT000004356,U0005653,0,,0
RCR000004357,RCT000004357,U0006660,0,,0
RCR000004358,RCT000004358,U0009672,0,,0
RCR000004359,RCT000004359,U0008059,0,,0
RCR000004360,RCT000004360,U0003165,0,,0
RCR000004361,RCT000004361,U0003493,0,,0
RCR000004362,RCT000004362,U0003234,0,,0
RCR000004363,RCT000004363,U0004522,0,,0
RCR000004364,RCT000004364,U0002015,0,,0
RCR000004365,RCT000004365,U0011864,0,,0
RCR000004366,RCT000004366,U0004390,0,,0
RCR000004367,RCT000004367,U0011712,0,,0
RCR000004368,RCT000004368,U0003262,0,,0
RCR000004369,RCT000004369,U0002816,0,,0
RCR000004370,RCT000004370,U0000910,0,,0
RCR000004371,RCT000004371,U0010685,0,,0
RCR000004372,RCT000004372,U0006751,1,2026-05-28 13:00:00,1
RCR000004373,RCT000004373,U0004219,0,,0
RCR000004374,RCT000004374,U0003247,0,,0
RCR000004375,RCT000004375,U0001996,1,2026-06-20 09:00:00,5
RCR000004376,RCT000004376,U0001853,0,,0
RCR000004377,RCT000004377,U0002604,0,,0
RCR000004378,RCT000004378,U0002736,0,,0
RCR000004379,RCT000004379,U0006712,0,,0
RCR000004380,RCT000004380,U0011319,0,,0
RCR000004381,RCT000004381,U0010052,0,,0
RCR000004382,RCT000004382,U0005606,0,,0
RCR000004383,RCT000004383,U0004467,0,,0
RCR000004384,RCT000004384,U0007859,0,,0
RCR000004385,RCT000004385,U0008666,0,,0
RCR000004386,RCT000004386,U0009016,0,,0
RCR000004387,RCT000004387,U0001379,1,2026-05-26 03:00:00,1
RCR000004388,RCT000004388,U0002093,0,,0
RCR000004389,RCT000004389,U0008662,1,2026-05-29 06:00:00,6
RCR000004390,RCT000004390,U0009415,0,,0
RCR000004391,RCT000004391,U0007335,0,,0
RCR000004392,RCT000004392,U0002533,1,2026-02-09 07:00:00,5
RCR000004393,RCT000004393,U0007020,0,,0
RCR000004394,RCT000004394,U0009074,0,,0
RCR000004395,RCT000004395,U0009545,0,,0
RCR000004396,RCT000004396,U0009365,0,,0
RCR000004397,RCT000004397,U0011134,0,,0
RCR000004398,RCT000004398,U0009027,0,,0
RCR000004399,RCT000004399,U0009593,0,,0
RCR000004400,RCT000004400,U0008448,0,,0
RCR000004401,RCT000004401,U0007928,0,,0
RCR000004402,RCT000004402,U0010796,0,,0
RCR000004403,RCT000004403,U0006088,0,,0
RCR000004404,RCT000004404,U0004301,0,,0
RCR000004405,RCT000004405,U0010934,0,,0
RCR000004406,RCT000004406,U0009462,0,,0
RCR000004407,RCT000004407,U0006669,0,,0
RCR000004408,RCT000004408,U0010688,1,2026-03-16 14:00:00,3
RCR000004409,RCT000004409,U0001310,1,2026-07-14 05:00:00,5
RCR000004410,RCT000004410,U0002619,0,,0
RCR000004411,RCT000004411,U0009633,0,,0
RCR000004412,RCT000004412,U0001273,0,,0
RCR000004413,RCT000004413,U0005855,1,2026-06-23 19:00:00,3
RCR000004414,RCT000004414,U0004142,0,,0
RCR000004415,RCT000004415,U0006805,1,2026-05-25 20:00:00,2
RCR000004416,RCT000004416,U0006473,0,,0
RCR000004417,RCT000004417,U0002233,0,,0
RCR000004418,RCT000004418,U0009366,0,,0
RCR000004419,RCT000004419,U0000859,0,,0
RCR000004420,RCT000004420,U0009804,0,,0
RCR000004421,RCT000004421,U0006852,0,,0
RCR000004422,RCT000004422,U0007064,0,,0
RCR000004423,RCT000004423,U0007237,0,,0
RCR000004424,RCT000004424,U0008127,0,,0
RCR000004425,RCT000004425,U0003740,0,,0
RCR000004426,RCT000004426,U0001180,0,,0
RCR000004427,RCT000004427,U0004308,0,,0
RCR000004428,RCT000004428,U0009408,0,,0
RCR000004429,RCT000004429,U0009287,0,,0
RCR000004430,RCT000004430,U0009934,0,,0
RCR000004431,RCT000004431,U0004726,0,,0
RCR000004432,RCT000004432,U0008563,0,,0
RCR000004433,RCT000004433,U0009043,0,,0
RCR000004434,RCT000004434,U0010106,0,,0
RCR000004435,RCT000004435,U0004125,0,,0
RCR000004436,RCT000004436,U0003165,0,,0
RCR000004437,RCT000004437,U0010140,0,,0
RCR000004438,RCT000004438,U0011416,0,,0
RCR000004439,RCT000004439,U0009785,0,,0
RCR000004440,RCT000004440,U0008315,0,,0
RCR000004441,RCT000004441,U0008892,1,2026-06-21 19:00:00,4
RCR000004442,RCT000004442,U0007758,0,,0
RCR000004443,RCT000004443,U0004301,0,,0
RCR000004444,RCT000004444,U0000659,0,,0
RCR000004445,RCT000004445,U0000833,0,,0
RCR000004446,RCT000004446,U0005109,0,,0
RCR000004447,RCT000004447,U0011904,0,,0
RCR000004448,RCT000004448,U0004484,0,,0
RCR000004449,RCT000004449,U0009279,0,,0
RCR000004450,RCT000004450,U0003196,1,2026-03-29 04:00:00,5
RCR000004451,RCT000004451,U0001804,0,,0
RCR000004452,RCT000004452,U0008743,0,,0
RCR000004453,RCT000004453,U0002342,0,,0
RCR000004454,RCT000004454,U0003881,0,,0
RCR000004455,RCT000004455,U0006755,0,,0
RCR000004456,RCT000004456,U0002530,0,,0
RCR000004457,RCT000004457,U0009558,0,,0
RCR000004458,RCT000004458,U0009231,1,2026-05-10 19:00:00,5
RCR000004459,RCT000004459,U0008721,0,,0
RCR000004460,RCT000004460,U0010486,0,,0
RCR000004461,RCT000004461,U0003086,0,,0
RCR000004462,RCT000004462,U0004479,0,,0
RCR000004463,RCT000004463,U0011570,0,,0
RCR000004464,RCT000004464,U0010598,0,,0
RCR000004465,RCT000004465,U0003118,0,,0
RCR000004466,RCT000004466,U0000296,0,,0
RCR000004467,RCT000004467,U0004239,0,,0
RCR000004468,RCT000004468,U0001751,0,,0
RCR000004469,RCT000004469,U0001885,0,,0
RCR000004470,RCT000004470,U0005869,0,,0
RCR000004471,RCT000004471,U0011069,0,,0
RCR000004472,RCT000004472,U0000596,0,,0
RCR000004473,RCT000004473,U0011484,0,,0
RCR000004474,RCT000004474,U0009459,0,,0
RCR000004475,RCT000004475,U0011290,0,,0
RCR000004476,RCT000004476,U0009332,0,,0
RCR000004477,RCT000004477,U0006858,0,,0
RCR000004478,RCT000004478,U0004650,0,,0
RCR000004479,RCT000004479,U0010987,0,,0
RCR000004480,RCT000004480,U0003837,0,,0
RCR000004481,RCT000004481,U0001549,0,,0
RCR000004482,RCT000004482,U0008214,0,,0
RCR000004483,RCT000004483,U0004742,0,,0
RCR000004484,RCT000004484,U0001539,0,,0
RCR000004485,RCT000004485,U0003280,0,,0
RCR000004486,RCT000004486,U0011696,0,,0
RCR000004487,RCT000004487,U0003043,0,,0
RCR000004488,RCT000004488,U0001502,0,,0
RCR000004489,RCT000004489,U0000994,0,,0
RCR000004490,RCT000004490,U0007015,0,,0
RCR000004491,RCT000004491,U0004731,0,,0
RCR000004492,RCT000004492,U0007090,0,,0
RCR000004493,RCT000004493,U0011294,0,,0
RCR000004494,RCT000004494,U0003689,0,,0
RCR000004495,RCT000004495,U0002691,0,,0
RCR000004496,RCT000004496,U0008440,1,2026-06-05 23:00:00,3
RCR000004497,RCT000004497,U0008236,0,,0
RCR000004498,RCT000004498,U0000498,0,,0
RCR000004499,RCT000004499,U0003620,1,2026-03-05 10:00:00,5
RCR000004500,RCT000004500,U0000637,0,,0
RCR000004501,RCT000004501,U0000829,0,,0
RCR000004502,RCT000004502,U0006385,0,,0
RCR000004503,RCT000004503,U0011586,0,,0
RCR000004504,RCT000004504,U0009242,0,,0
RCR000004505,RCT000004505,U0006432,0,,0
RCR000004506,RCT000004506,U0008215,0,,0
RCR000004507,RCT000004507,U0007664,0,,0
RCR000004508,RCT000004508,U0003875,0,,0
RCR000004509,RCT000004509,U0009586,0,,0
RCR000004510,RCT000004510,U0005962,1,2026-04-25 19:00:00,3
RCR000004511,RCT000004511,U0000651,0,,0
RCR000004512,RCT000004512,U0009278,0,,0
RCR000004513,RCT000004513,U0004180,0,,0
RCR000004514,RCT000004514,U0000677,0,,0
RCR000004515,RCT000004515,U0004854,0,,0
RCR000004516,RCT000004516,U0007258,0,,0
RCR000004517,RCT000004517,U0001788,0,,0
RCR000004518,RCT000004518,U0000849,0,,0
RCR000004519,RCT000004519,U0007410,0,,0
RCR000004520,RCT000004520,U0003732,0,,0
RCR000004521,RCT000004521,U0001767,0,,0
RCR000004522,RCT000004522,U0001490,0,,0
RCR000004523,RCT000004523,U0000096,0,,0
RCR000004524,RCT000004524,U0004799,0,,0
RCR000004525,RCT000004525,U0009193,0,,0
RCR000004526,RCT000004526,U0001192,0,,0
RCR000004527,RCT000004527,U0003802,0,,0
RCR000004528,RCT000004528,U0000466,0,,0
RCR000004529,RCT000004529,U0001162,0,,0
RCR000004530,RCT000004530,U0004541,0,,0
RCR000004531,RCT000004531,U0004619,0,,0
RCR000004532,RCT000004532,U0007359,0,,0
RCR000004533,RCT000004533,U0004358,0,,0
RCR000004534,RCT000004534,U0000471,0,,0
RCR000004535,RCT000004535,U0009360,1,2026-06-30 08:00:00,4
RCR000004536,RCT000004536,U0000739,0,,0
RCR000004537,RCT000004537,U0000175,0,,0
RCR000004538,RCT000004538,U0006493,0,,0
RCR000004539,RCT000004539,U0007726,0,,0
RCR000004540,RCT000004540,U0009193,0,,0
RCR000004541,RCT000004541,U0011201,0,,0
RCR000004542,RCT000004542,U0000668,0,,0
RCR000004543,RCT000004543,U0001270,0,,0
RCR000004544,RCT000004544,U0008144,1,2026-03-18 21:00:00,2
RCR000004545,RCT000004545,U0009108,0,,0
RCR000004546,RCT000004546,U0010139,0,,0
RCR000004547,RCT000004547,U0007752,0,,0
RCR000004548,RCT000004548,U0006686,0,,0
RCR000004549,RCT000004549,U0000623,0,,0
RCR000004550,RCT000004550,U0006042,0,,0
RCR000004551,RCT000004551,U0005168,0,,0
RCR000004552,RCT000004552,U0000686,0,,0
RCR000004553,RCT000004553,U0005998,0,,0
RCR000004554,RCT000004554,U0001903,0,,0
RCR000004555,RCT000004555,U0007127,0,,0
RCR000004556,RCT000004556,U0001229,1,2026-05-29 21:00:00,4
RCR000004557,RCT000004557,U0003178,0,,0
RCR000004558,RCT000004558,U0007078,0,,0
RCR000004559,RCT000004559,U0011594,0,,0
RCR000004560,RCT000004560,U0001779,0,,0
RCR000004561,RCT000004561,U0002727,0,,0
RCR000004562,RCT000004562,U0004532,0,,0
RCR000004563,RCT000004563,U0005201,0,,0
RCR000004564,RCT000004564,U0004855,0,,0
RCR000004565,RCT000004565,U0004822,0,,0
RCR000004566,RCT000004566,U0011589,0,,0
RCR000004567,RCT000004567,U0002441,0,,0
RCR000004568,RCT000004568,U0007679,0,,0
RCR000004569,RCT000004569,U0001422,0,,0
RCR000004570,RCT000004570,U0008333,0,,0
RCR000004571,RCT000004571,U0010526,0,,0
RCR000004572,RCT000004572,U0003388,1,2026-05-27 13:00:00,4
RCR000004573,RCT000004573,U0007647,0,,0
RCR000004574,RCT000004574,U0006386,0,,0
RCR000004575,RCT000004575,U0005014,0,,0
RCR000004576,RCT000004576,U0006877,0,,0
RCR000004577,RCT000004577,U0001579,0,,0
RCR000004578,RCT000004578,U0003409,0,,0
RCR000004579,RCT000004579,U0007222,0,,0
RCR000004580,RCT000004580,U0000106,0,,0
RCR000004581,RCT000004581,U0007548,0,,0
RCR000004582,RCT000004582,U0003779,0,,0
RCR000004583,RCT000004583,U0011465,0,,0
RCR000004584,RCT000004584,U0001571,0,,0
RCR000004585,RCT000004585,U0001066,0,,0
RCR000004586,RCT000004586,U0010259,0,,0
RCR000004587,RCT000004587,U0010543,0,,0
RCR000004588,RCT000004588,U0000571,0,,0
RCR000004589,RCT000004589,U0010193,0,,0
RCR000004590,RCT000004590,U0011955,0,,0
RCR000004591,RCT000004591,U0010058,0,,0
RCR000004592,RCT000004592,U0003810,0,,0
RCR000004593,RCT000004593,U0009383,0,,0
RCR000004594,RCT000004594,U0001573,0,,0
RCR000004595,RCT000004595,U0000759,0,,0
RCR000004596,RCT000004596,U0008783,0,,0
RCR000004597,RCT000004597,U0011372,0,,0
RCR000004598,RCT000004598,U0006649,0,,0
RCR000004599,RCT000004599,U0005723,0,,0
RCR000004600,RCT000004600,U0007719,0,,0
RCR000004601,RCT000004601,U0007783,0,,0
RCR000004602,RCT000004602,U0000790,1,2026-06-28 11:00:00,6
RCR000004603,RCT000004603,U0011782,0,,0
RCR000004604,RCT000004604,U0010068,0,,0
RCR000004605,RCT000004605,U0002836,0,,0
RCR000004606,RCT000004606,U0011092,0,,0
RCR000004607,RCT000004607,U0004846,0,,0
RCR000004608,RCT000004608,U0009457,0,,0
RCR000004609,RCT000004609,U0009107,0,,0
RCR000004610,RCT000004610,U0010427,0,,0
RCR000004611,RCT000004611,U0004909,0,,0
RCR000004612,RCT000004612,U0007879,0,,0
RCR000004613,RCT000004613,U0010157,0,,0
RCR000004614,RCT000004614,U0000329,0,,0
RCR000004615,RCT000004615,U0001756,0,,0
RCR000004616,RCT000004616,U0005240,0,,0
RCR000004617,RCT000004617,U0008712,0,,0
RCR000004618,RCT000004618,U0000881,0,,0
RCR000004619,RCT000004619,U0005141,0,,0
RCR000004620,RCT000004620,U0006717,0,,0
RCR000004621,RCT000004621,U0005782,0,,0
RCR000004622,RCT000004622,U0006598,0,,0
RCR000004623,RCT000004623,U0004664,0,,0
RCR000004624,RCT000004624,U0000380,0,,0
RCR000004625,RCT000004625,U0000002,1,2026-06-22 17:00:00,7
RCR000004626,RCT000004626,U0004019,0,,0
RCR000004627,RCT000004627,U0010395,0,,0
RCR000004628,RCT000004628,U0000728,0,,0
RCR000004629,RCT000004629,U0007061,0,,0
RCR000004630,RCT000004630,U0000849,0,,0
RCR000004631,RCT000004631,U0001295,0,,0
RCR000004632,RCT000004632,U0009383,0,,0
RCR000004633,RCT000004633,U0005095,0,,0
RCR000004634,RCT000004634,U0010127,0,,0
RCR000004635,RCT000004635,U0009193,0,,0
RCR000004636,RCT000004636,U0000576,0,,0
RCR000004637,RCT000004637,U0009302,0,,0
RCR000004638,RCT000004638,U0002081,0,,0
RCR000004639,RCT000004639,U0008681,0,,0
RCR000004640,RCT000004640,U0010266,0,,0
RCR000004641,RCT000004641,U0005314,0,,0
RCR000004642,RCT000004642,U0002558,1,2026-02-16 00:00:00,1
RCR000004643,RCT000004643,U0010327,0,,0
RCR000004644,RCT000004644,U0007925,0,,0
RCR000004645,RCT000004645,U0008905,1,2026-03-06 08:00:00,7
RCR000004646,RCT000004646,U0002728,0,,0
RCR000004647,RCT000004647,U0010919,0,,0
RCR000004648,RCT000004648,U0000929,0,,0
RCR000004649,RCT000004649,U0002828,0,,0
RCR000004650,RCT000004650,U0011476,0,,0
RCR000004651,RCT000004651,U0001950,0,,0
RCR000004652,RCT000004652,U0007149,0,,0
RCR000004653,RCT000004653,U0002971,0,,0
RCR000004654,RCT000004654,U0005937,1,2026-06-26 19:00:00,5
RCR000004655,RCT000004655,U0009405,0,,0
RCR000004656,RCT000004656,U0004892,1,2026-06-16 22:00:00,6
RCR000004657,RCT000004657,U0005505,0,,0
RCR000004658,RCT000004658,U0009447,0,,0
RCR000004659,RCT000004659,U0010434,0,,0
RCR000004660,RCT000004660,U0007573,0,,0
RCR000004661,RCT000004661,U0003317,1,2026-06-11 23:00:00,2
RCR000004662,RCT000004662,U0006013,0,,0
RCR000004663,RCT000004663,U0005996,0,,0
RCR000004664,RCT000004664,U0000718,0,,0
RCR000004665,RCT000004665,U0003433,0,,0
RCR000004666,RCT000004666,U0011844,0,,0
RCR000004667,RCT000004667,U0000392,0,,0
RCR000004668,RCT000004668,U0004069,0,,0
RCR000004669,RCT000004669,U0000842,0,,0
RCR000004670,RCT000004670,U0004242,0,,0
RCR000004671,RCT000004671,U0007591,0,,0
RCR000004672,RCT000004672,U0010949,0,,0
RCR000004673,RCT000004673,U0003924,0,,0
RCR000004674,RCT000004674,U0010915,0,,0
RCR000004675,RCT000004675,U0007067,0,,0
RCR000004676,RCT000004676,U0000232,0,,0
RCR000004677,RCT000004677,U0005705,0,,0
RCR000004678,RCT000004678,U0009491,1,2026-05-30 16:00:00,7
RCR000004679,RCT000004679,U0009128,0,,0
RCR000004680,RCT000004680,U0006545,0,,0
RCR000004681,RCT000004681,U0003935,0,,0
RCR000004682,RCT000004682,U0008874,0,,0
RCR000004683,RCT000004683,U0001718,1,2026-08-04 13:00:00,7
RCR000004684,RCT000004684,U0001125,0,,0
RCR000004685,RCT000004685,U0008402,0,,0
RCR000004686,RCT000004686,U0002235,0,,0
RCR000004687,RCT000004687,U0001406,0,,0
RCR000004688,RCT000004688,U0010107,0,,0
RCR000004689,RCT000004689,U0007506,0,,0
RCR000004690,RCT000004690,U0007282,0,,0
RCR000004691,RCT000004691,U0009633,0,,0
RCR000004692,RCT000004692,U0007612,0,,0
RCR000004693,RCT000004693,U0011420,1,2026-02-05 05:00:00,6
RCR000004694,RCT000004694,U0006362,0,,0
RCR000004695,RCT000004695,U0000965,0,,0
RCR000004696,RCT000004696,U0007720,0,,0
RCR000004697,RCT000004697,U0001256,0,,0
RCR000004698,RCT000004698,U0011373,0,,0
RCR000004699,RCT000004699,U0009898,0,,0
RCR000004700,RCT000004700,U0003420,0,,0
RCR000004701,RCT000004701,U0006739,0,,0
RCR000004702,RCT000004702,U0001205,0,,0
RCR000004703,RCT000004703,U0005699,0,,0
RCR000004704,RCT000004704,U0001782,0,,0
RCR000004705,RCT000004705,U0003347,1,2026-05-29 02:00:00,4
RCR000004706,RCT000004706,U0000289,0,,0
RCR000004707,RCT000004707,U0001756,0,,0
RCR000004708,RCT000004708,U0000062,0,,0
RCR000004709,RCT000004709,U0009495,1,2026-04-15 19:00:00,2
RCR000004710,RCT000004710,U0009790,0,,0
RCR000004711,RCT000004711,U0003424,0,,0
RCR000004712,RCT000004712,U0010822,0,,0
RCR000004713,RCT000004713,U0010960,0,,0
RCR000004714,RCT000004714,U0008892,0,,0
RCR000004715,RCT000004715,U0003173,0,,0
RCR000004716,RCT000004716,U0004920,0,,0
RCR000004717,RCT000004717,U0006939,0,,0
RCR000004718,RCT000004718,U0005336,0,,0
RCR000004719,RCT000004719,U0003847,0,,0
RCR000004720,RCT000004720,U0004286,0,,0
RCR000004721,RCT000004721,U0010836,0,,0
RCR000004722,RCT000004722,U0004115,0,,0
RCR000004723,RCT000004723,U0002276,0,,0
RCR000004724,RCT000004724,U0010123,0,,0
RCR000004725,RCT000004725,U0004431,0,,0
RCR000004726,RCT000004726,U0009933,1,2026-07-13 23:00:00,4
RCR000004727,RCT000004727,U0001940,0,,0
RCR000004728,RCT000004728,U0005705,0,,0
RCR000004729,RCT000004729,U0011341,0,,0
RCR000004730,RCT000004730,U0008048,0,,0
RCR000004731,RCT000004731,U0004773,1,2026-07-01 05:00:00,6
RCR000004732,RCT000004732,U0008740,0,,0
RCR000004733,RCT000004733,U0006009,0,,0
RCR000004734,RCT000004734,U0004879,0,,0
RCR000004735,RCT000004735,U0000305,0,,0
RCR000004736,RCT000004736,U0002296,0,,0
RCR000004737,RCT000004737,U0011912,0,,0
RCR000004738,RCT000004738,U0003578,1,2026-02-23 15:00:00,5
RCR000004739,RCT000004739,U0003286,0,,0
RCR000004740,RCT000004740,U0006171,0,,0
RCR000004741,RCT000004741,U0007098,0,,0
RCR000004742,RCT000004742,U0001202,0,,0
RCR000004743,RCT000004743,U0011548,0,,0
RCR000004744,RCT000004744,U0007481,0,,0
RCR000004745,RCT000004745,U0011551,0,,0
RCR000004746,RCT000004746,U0003353,0,,0
RCR000004747,RCT000004747,U0002240,0,,0
RCR000004748,RCT000004748,U0011756,0,,0
RCR000004749,RCT000004749,U0007648,0,,0
RCR000004750,RCT000004750,U0008555,0,,0
RCR000004751,RCT000004751,U0001605,0,,0
RCR000004752,RCT000004752,U0004252,0,,0
RCR000004753,RCT000004753,U0006993,0,,0
RCR000004754,RCT000004754,U0003356,0,,0
RCR000004755,RCT000004755,U0010489,0,,0
RCR000004756,RCT000004756,U0009426,0,,0
RCR000004757,RCT000004757,U0007717,1,2026-02-22 12:00:00,7
RCR000004758,RCT000004758,U0007905,0,,0
RCR000004759,RCT000004759,U0003395,0,,0
RCR000004760,RCT000004760,U0001769,0,,0
RCR000004761,RCT000004761,U0005405,0,,0
RCR000004762,RCT000004762,U0002179,1,2026-02-24 14:00:00,6
RCR000004763,RCT000004763,U0001246,0,,0
RCR000004764,RCT000004764,U0002844,0,,0
RCR000004765,RCT000004765,U0011850,0,,0
RCR000004766,RCT000004766,U0004180,0,,0
RCR000004767,RCT000004767,U0005227,0,,0
RCR000004768,RCT000004768,U0000380,0,,0
RCR000004769,RCT000004769,U0001606,0,,0
RCR000004770,RCT000004770,U0008132,0,,0
RCR000004771,RCT000004771,U0004442,0,,0
RCR000004772,RCT000004772,U0008456,0,,0
RCR000004773,RCT000004773,U0008405,0,,0
RCR000004774,RCT000004774,U0001006,0,,0
RCR000004775,RCT000004775,U0007712,0,,0
RCR000004776,RCT000004776,U0010039,0,,0
RCR000004777,RCT000004777,U0008464,0,,0
RCR000004778,RCT000004778,U0009011,0,,0
RCR000004779,RCT000004779,U0007936,0,,0
RCR000004780,RCT000004780,U0005750,0,,0
RCR000004781,RCT000004781,U0001496,0,,0
RCR000004782,RCT000004782,U0010171,0,,0
RCR000004783,RCT000004783,U0010002,0,,0
RCR000004784,RCT000004784,U0010171,0,,0
RCR000004785,RCT000004785,U0004063,1,2026-02-23 03:00:00,5
RCR000004786,RCT000004786,U0005001,0,,0
RCR000004787,RCT000004787,U0009110,0,,0
RCR000004788,RCT000004788,U0002805,0,,0
RCR000004789,RCT000004789,U0008864,0,,0
RCR000004790,RCT000004790,U0009501,0,,0
RCR000004791,RCT000004791,U0009853,0,,0
RCR000004792,RCT000004792,U0011206,0,,0
RCR000004793,RCT000004793,U0005833,0,,0
RCR000004794,RCT000004794,U0002235,0,,0
RCR000004795,RCT000004795,U0005521,0,,0
RCR000004796,RCT000004796,U0004308,0,,0
RCR000004797,RCT000004797,U0002456,0,,0
RCR000004798,RCT000004798,U0010474,0,,0
RCR000004799,RCT000004799,U0003109,0,,0
RCR000004800,RCT000004800,U0005406,0,,0
RCR000004801,RCT000004801,U0008778,0,,0
RCR000004802,RCT000004802,U0002248,0,,0
RCR000004803,RCT000004803,U0001510,0,,0
RCR000004804,RCT000004804,U0009111,0,,0
RCR000004805,RCT000004805,U0000096,0,,0
RCR000004806,RCT000004806,U0010115,0,,0
RCR000004807,RCT000004807,U0010757,0,,0
RCR000004808,RCT000004808,U0007828,0,,0
RCR000004809,RCT000004809,U0001322,0,,0
RCR000004810,RCT000004810,U0011208,0,,0
RCR000004811,RCT000004811,U0003682,0,,0
RCR000004812,RCT000004812,U0011634,0,,0
RCR000004813,RCT000004813,U0002979,0,,0
RCR000004814,RCT000004814,U0004298,0,,0
RCR000004815,RCT000004815,U0003089,0,,0
RCR000004816,RCT000004816,U0008090,0,,0
RCR000004817,RCT000004817,U0004074,0,,0
RCR000004818,RCT000004818,U0001833,0,,0
RCR000004819,RCT000004819,U0003417,0,,0
RCR000004820,RCT000004820,U0010229,0,,0
RCR000004821,RCT000004821,U0008691,0,,0
RCR000004822,RCT000004822,U0002090,0,,0
RCR000004823,RCT000004823,U0002297,0,,0
RCR000004824,RCT000004824,U0000490,1,2026-03-07 05:00:00,1
RCR000004825,RCT000004825,U0001960,0,,0
RCR000004826,RCT000004826,U0007082,0,,0
RCR000004827,RCT000004827,U0005058,0,,0
RCR000004828,RCT000004828,U0009202,0,,0
RCR000004829,RCT000004829,U0005491,1,2026-02-22 23:00:00,2
RCR000004830,RCT000004830,U0000121,0,,0
RCR000004831,RCT000004831,U0009846,0,,0
RCR000004832,RCT000004832,U0003686,0,,0
RCR000004833,RCT000004833,U0003577,1,2026-07-03 09:00:00,6
RCR000004834,RCT000004834,U0006672,0,,0
RCR000004835,RCT000004835,U0007615,1,2026-06-07 06:00:00,5
RCR000004836,RCT000004836,U0002416,0,,0
RCR000004837,RCT000004837,U0000688,0,,0
RCR000004838,RCT000004838,U0006098,0,,0
RCR000004839,RCT000004839,U0008381,0,,0
RCR000004840,RCT000004840,U0008150,0,,0
RCR000004841,RCT000004841,U0001064,0,,0
RCR000004842,RCT000004842,U0010119,0,,0
RCR000004843,RCT000004843,U0011647,0,,0
RCR000004844,RCT000004844,U0000062,0,,0
RCR000004845,RCT000004845,U0006186,1,2026-06-01 14:00:00,4
RCR000004846,RCT000004846,U0001609,0,,0
RCR000004847,RCT000004847,U0006849,0,,0
RCR000004848,RCT000004848,U0002283,0,,0
RCR000004849,RCT000004849,U0003901,1,2026-06-20 12:00:00,3
RCR000004850,RCT000004850,U0008779,0,,0
RCR000004851,RCT000004851,U0005564,0,,0
RCR000004852,RCT000004852,U0008843,0,,0
RCR000004853,RCT000004853,U0007400,0,,0
RCR000004854,RCT000004854,U0006292,0,,0
RCR000004855,RCT000004855,U0002074,0,,0
RCR000004856,RCT000004856,U0010479,0,,0
RCR000004857,RCT000004857,U0005430,0,,0
RCR000004858,RCT000004858,U0001840,0,,0
RCR000004859,RCT000004859,U0009297,0,,0
RCR000004860,RCT000004860,U0005856,0,,0
RCR000004861,RCT000004861,U0005360,0,,0
RCR000004862,RCT000004862,U0004228,1,2026-02-17 19:00:00,3
RCR000004863,RCT000004863,U0008228,0,,0
RCR000004864,RCT000004864,U0009222,0,,0
RCR000004865,RCT000004865,U0009155,0,,0
RCR000004866,RCT000004866,U0004151,0,,0
RCR000004867,RCT000004867,U0007350,0,,0
RCR000004868,RCT000004868,U0000159,0,,0
RCR000004869,RCT000004869,U0003516,0,,0
RCR000004870,RCT000004870,U0006084,0,,0
RCR000004871,RCT000004871,U0001382,0,,0
RCR000004872,RCT000004872,U0007361,0,,0
RCR000004873,RCT000004873,U0010994,0,,0
RCR000004874,RCT000004874,U0003381,1,2026-06-03 09:00:00,7
RCR000004875,RCT000004875,U0005761,0,,0
RCR000004876,RCT000004876,U0007085,0,,0
RCR000004877,RCT000004877,U0002764,1,2026-06-28 13:00:00,2
RCR000004878,RCT000004878,U0009834,0,,0
RCR000004879,RCT000004879,U0007694,0,,0
RCR000004880,RCT000004880,U0008455,0,,0
RCR000004881,RCT000004881,U0011031,0,,0
RCR000004882,RCT000004882,U0007604,0,,0
RCR000004883,RCT000004883,U0003267,0,,0
RCR000004884,RCT000004884,U0007605,0,,0
RCR000004885,RCT000004885,U0007779,0,,0
RCR000004886,RCT000004886,U0003857,0,,0
RCR000004887,RCT000004887,U0007690,0,,0
RCR000004888,RCT000004888,U0011209,0,,0
RCR000004889,RCT000004889,U0002016,0,,0
RCR000004890,RCT000004890,U0010973,0,,0
RCR000004891,RCT000004891,U0003307,0,,0
RCR000004892,RCT000004892,U0008143,0,,0
RCR000004893,RCT000004893,U0002305,0,,0
RCR000004894,RCT000004894,U0007907,0,,0
RCR000004895,RCT000004895,U0003987,1,2026-02-25 22:00:00,6
RCR000004896,RCT000004896,U0006893,0,,0
RCR000004897,RCT000004897,U0003003,0,,0
RCR000004898,RCT000004898,U0006648,0,,0
RCR000004899,RCT000004899,U0009237,1,2026-06-28 03:00:00,6
RCR000004900,RCT000004900,U0000972,0,,0
RCR000004901,RCT000004901,U0002410,0,,0
RCR000004902,RCT000004902,U0007346,0,,0
RCR000004903,RCT000004903,U0004719,0,,0
RCR000004904,RCT000004904,U0009209,0,,0
RCR000004905,RCT000004905,U0002179,0,,0
RCR000004906,RCT000004906,U0001261,0,,0
RCR000004907,RCT000004907,U0007134,0,,0
RCR000004908,RCT000004908,U0004244,0,,0
RCR000004909,RCT000004909,U0007854,0,,0
RCR000004910,RCT000004910,U0010414,0,,0
RCR000004911,RCT000004911,U0002236,0,,0
RCR000004912,RCT000004912,U0005702,0,,0
RCR000004913,RCT000004913,U0010749,0,,0
RCR000004914,RCT000004914,U0010921,0,,0
RCR000004915,RCT000004915,U0008740,0,,0
RCR000004916,RCT000004916,U0002782,0,,0
RCR000004917,RCT000004917,U0009181,0,,0
RCR000004918,RCT000004918,U0001980,0,,0
RCR000004919,RCT000004919,U0007132,0,,0
RCR000004920,RCT000004920,U0002987,0,,0
RCR000004921,RCT000004921,U0003557,0,,0
RCR000004922,RCT000004922,U0000867,0,,0
RCR000004923,RCT000004923,U0009171,0,,0
RCR000004924,RCT000004924,U0006815,0,,0
RCR000004925,RCT000004925,U0007451,0,,0
RCR000004926,RCT000004926,U0000313,0,,0
RCR000004927,RCT000004927,U0008610,0,,0
RCR000004928,RCT000004928,U0005907,0,,0
RCR000004929,RCT000004929,U0010571,0,,0
RCR000004930,RCT000004930,U0009095,0,,0
RCR000004931,RCT000004931,U0011974,0,,0
RCR000004932,RCT000004932,U0007493,0,,0
RCR000004933,RCT000004933,U0001569,0,,0
RCR000004934,RCT000004934,U0007400,0,,0
RCR000004935,RCT000004935,U0010571,0,,0
RCR000004936,RCT000004936,U0001738,0,,0
RCR000004937,RCT000004937,U0001949,0,,0
RCR000004938,RCT000004938,U0005564,0,,0
RCR000004939,RCT000004939,U0008939,0,,0
RCR000004940,RCT000004940,U0002579,1,2026-06-30 13:00:00,6
RCR000004941,RCT000004941,U0005706,0,,0
RCR000004942,RCT000004942,U0002550,0,,0
RCR000004943,RCT000004943,U0006326,0,,0
RCR000004944,RCT000004944,U0002166,0,,0
RCR000004945,RCT000004945,U0009114,0,,0
RCR000004946,RCT000004946,U0008096,0,,0
RCR000004947,RCT000004947,U0011256,0,,0
RCR000004948,RCT000004948,U0002893,0,,0
RCR000004949,RCT000004949,U0008303,0,,0
RCR000004950,RCT000004950,U0006824,0,,0
RCR000004951,RCT000004951,U0001862,0,,0
RCR000004952,RCT000004952,U0011368,1,2026-03-27 06:00:00,5
RCR000004953,RCT000004953,U0010595,1,2026-07-28 00:00:00,1
RCR000004954,RCT000004954,U0011992,0,,0
RCR000004955,RCT000004955,U0002083,0,,0
RCR000004956,RCT000004956,U0003343,0,,0
RCR000004957,RCT000004957,U0002877,0,,0
RCR000004958,RCT000004958,U0006851,0,,0
RCR000004959,RCT000004959,U0001412,0,,0
RCR000004960,RCT000004960,U0002428,0,,0
RCR000004961,RCT000004961,U0008284,0,,0
RCR000004962,RCT000004962,U0007185,0,,0
RCR000004963,RCT000004963,U0001680,0,,0
RCR000004964,RCT000004964,U0000500,1,2026-02-13 19:00:00,6
RCR000004965,RCT000004965,U0009057,0,,0
RCR000004966,RCT000004966,U0005416,0,,0
RCR000004967,RCT000004967,U0000139,0,,0
RCR000004968,RCT000004968,U0005455,0,,0
RCR000004969,RCT000004969,U0009917,0,,0
RCR000004970,RCT000004970,U0008861,0,,0
RCR000004971,RCT000004971,U0005586,0,,0
RCR000004972,RCT000004972,U0011311,0,,0
RCR000004973,RCT000004973,U0005618,0,,0
RCR000004974,RCT000004974,U0010369,0,,0
RCR000004975,RCT000004975,U0009994,0,,0
RCR000004976,RCT000004976,U0005227,0,,0
RCR000004977,RCT000004977,U0002444,0,,0
RCR000004978,RCT000004978,U0008529,0,,0
RCR000004979,RCT000004979,U0003274,0,,0
RCR000004980,RCT000004980,U0002032,0,,0
RCR000004981,RCT000004981,U0008471,0,,0
RCR000004982,RCT000004982,U0010832,0,,0
RCR000004983,RCT000004983,U0004705,0,,0
RCR000004984,RCT000004984,U0007473,0,,0
RCR000004985,RCT000004985,U0003377,0,,0
RCR000004986,RCT000004986,U0008189,0,,0
RCR000004987,RCT000004987,U0002296,1,2026-02-14 04:00:00,2
RCR000004988,RCT000004988,U0003204,0,,0
RCR000004989,RCT000004989,U0008625,0,,0
RCR000004990,RCT000004990,U0007694,0,,0
RCR000004991,RCT000004991,U0001702,0,,0
RCR000004992,RCT000004992,U0000074,0,,0
RCR000004993,RCT000004993,U0011076,0,,0
RCR000004994,RCT000004994,U0006015,0,,0
RCR000004995,RCT000004995,U0000913,0,,0
RCR000004996,RCT000004996,U0010913,0,,0
RCR000004997,RCT000004997,U0008475,0,,0
RCR000004998,RCT000004998,U0008219,0,,0
RCR000004999,RCT000004999,U0010643,0,,0
RCR000005000,RCT000005000,U0002536,0,,0
RCR000005001,RCT000005001,U0009792,0,,0
RCR000005002,RCT000005002,U0008489,0,,0
RCR000005003,RCT000005003,U0009737,0,,0
RCR000005004,RCT000005004,U0006870,0,,0
RCR000005005,RCT000005005,U0002223,0,,0
RCR000005006,RCT000005006,U0002651,0,,0
RCR000005007,RCT000005007,U0008144,0,,0
RCR000005008,RCT000005008,U0011648,0,,0
RCR000005009,RCT000005009,U0003481,0,,0
RCR000005010,RCT000005010,U0003253,0,,0
RCR000005011,RCT000005011,U0000057,0,,0
RCR000005012,RCT000005012,U0008713,0,,0
RCR000005013,RCT000005013,U0001766,0,,0
RCR000005014,RCT000005014,U0004659,0,,0
RCR000005015,RCT000005015,U0008914,0,,0
RCR000005016,RCT000005016,U0009677,0,,0
RCR000005017,RCT000005017,U0000932,0,,0
RCR000005018,RCT000005018,U0011495,0,,0
RCR000005019,RCT000005019,U0002995,0,,0
RCR000005020,RCT000005020,U0006361,0,,0
RCR000005021,RCT000005021,U0003128,0,,0
RCR000005022,RCT000005022,U0002671,0,,0
RCR000005023,RCT000005023,U0001652,0,,0
RCR000005024,RCT000005024,U0010577,0,,0
RCR000005025,RCT000005025,U0008369,0,,0
RCR000005026,RCT000005026,U0006134,0,,0
RCR000005027,RCT000005027,U0000248,0,,0
RCR000005028,RCT000005028,U0003662,0,,0
RCR000005029,RCT000005029,U0009657,0,,0
RCR000005030,RCT000005030,U0004625,0,,0
RCR000005031,RCT000005031,U0008457,0,,0
RCR000005032,RCT000005032,U0003459,0,,0
RCR000005033,RCT000005033,U0005604,1,2026-06-27 21:00:00,3
RCR000005034,RCT000005034,U0010527,0,,0
RCR000005035,RCT000005035,U0006831,0,,0
RCR000005036,RCT000005036,U0000758,0,,0
RCR000005037,RCT000005037,U0004818,0,,0
RCR000005038,RCT000005038,U0011460,0,,0
RCR000005039,RCT000005039,U0007877,0,,0
RCR000005040,RCT000005040,U0007530,0,,0
RCR000005041,RCT000005041,U0006745,0,,0
RCR000005042,RCT000005042,U0008753,0,,0
RCR000005043,RCT000005043,U0011222,0,,0
RCR000005044,RCT000005044,U0008355,0,,0
RCR000005045,RCT000005045,U0010811,0,,0
RCR000005046,RCT000005046,U0007774,0,,0
RCR000005047,RCT000005047,U0004978,0,,0
RCR000005048,RCT000005048,U0003090,0,,0
RCR000005049,RCT000005049,U0005927,0,,0
RCR000005050,RCT000005050,U0005518,0,,0
RCR000005051,RCT000005051,U0002636,0,,0
RCR000005052,RCT000005052,U0008355,1,2026-06-22 05:00:00,4
RCR000005053,RCT000005053,U0003027,0,,0
RCR000005054,RCT000005054,U0002876,0,,0
RCR000005055,RCT000005055,U0004312,0,,0
RCR000005056,RCT000005056,U0000420,0,,0
RCR000005057,RCT000005057,U0006611,0,,0
RCR000005058,RCT000005058,U0007475,0,,0
RCR000005059,RCT000005059,U0009200,0,,0
RCR000005060,RCT000005060,U0003475,0,,0
RCR000005061,RCT000005061,U0002607,0,,0
RCR000005062,RCT000005062,U0002097,0,,0
RCR000005063,RCT000005063,U0009196,0,,0
RCR000005064,RCT000005064,U0004117,1,2026-04-21 21:00:00,3
RCR000005065,RCT000005065,U0009647,0,,0
RCR000005066,RCT000005066,U0008781,0,,0
RCR000005067,RCT000005067,U0003316,0,,0
RCR000005068,RCT000005068,U0002657,0,,0
RCR000005069,RCT000005069,U0011829,1,2026-02-21 18:00:00,4
RCR000005070,RCT000005070,U0006926,0,,0
RCR000005071,RCT000005071,U0003920,0,,0
RCR000005072,RCT000005072,U0001400,0,,0
RCR000005073,RCT000005073,U0003519,0,,0
RCR000005074,RCT000005074,U0005836,0,,0
RCR000005075,RCT000005075,U0011061,1,2026-02-16 22:00:00,1
RCR000005076,RCT000005076,U0004645,0,,0
RCR000005077,RCT000005077,U0005984,0,,0
RCR000005078,RCT000005078,U0010197,0,,0
RCR000005079,RCT000005079,U0003581,0,,0
RCR000005080,RCT000005080,U0008707,0,,0
RCR000005081,RCT000005081,U0005234,0,,0
RCR000005082,RCT000005082,U0005945,1,2026-05-06 21:00:00,5
RCR000005083,RCT000005083,U0008089,0,,0
RCR000005084,RCT000005084,U0003961,0,,0
RCR000005085,RCT000005085,U0011268,0,,0
RCR000005086,RCT000005086,U0003112,0,,0
RCR000005087,RCT000005087,U0000378,0,,0
RCR000005088,RCT000005088,U0000718,0,,0
RCR000005089,RCT000005089,U0005846,0,,0
RCR000005090,RCT000005090,U0008439,0,,0
RCR000005091,RCT000005091,U0005896,1,2026-02-20 15:00:00,5
RCR000005092,RCT000005092,U0010878,0,,0
RCR000005093,RCT000005093,U0004888,0,,0
RCR000005094,RCT000005094,U0007013,0,,0
RCR000005095,RCT000005095,U0010673,0,,0
RCR000005096,RCT000005096,U0005469,1,2026-02-27 10:00:00,1
RCR000005097,RCT000005097,U0003940,0,,0
RCR000005098,RCT000005098,U0003293,0,,0
RCR000005099,RCT000005099,U0011739,0,,0
RCR000005100,RCT000005100,U0011618,0,,0
RCR000005101,RCT000005101,U0000835,0,,0
RCR000005102,RCT000005102,U0006716,0,,0
RCR000005103,RCT000005103,U0000459,0,,0
RCR000005104,RCT000005104,U0009209,0,,0
RCR000005105,RCT000005105,U0007845,0,,0
RCR000005106,RCT000005106,U0010297,0,,0
RCR000005107,RCT000005107,U0007958,0,,0
RCR000005108,RCT000005108,U0004199,0,,0
RCR000005109,RCT000005109,U0001657,1,2026-08-01 23:00:00,4
RCR000005110,RCT000005110,U0006549,1,2026-02-16 15:00:00,2
RCR000005111,RCT000005111,U0006388,0,,0
RCR000005112,RCT000005112,U0005094,0,,0
RCR000005113,RCT000005113,U0009160,0,,0
RCR000005114,RCT000005114,U0008959,0,,0
RCR000005115,RCT000005115,U0004411,0,,0
RCR000005116,RCT000005116,U0006791,0,,0
RCR000005117,RCT000005117,U0006008,1,2026-06-27 19:00:00,5
RCR000005118,RCT000005118,U0011639,0,,0
RCR000005119,RCT000005119,U0006565,0,,0
RCR000005120,RCT000005120,U0003359,0,,0
RCR000005121,RCT000005121,U0009809,0,,0
RCR000005122,RCT000005122,U0001052,0,,0
RCR000005123,RCT000005123,U0006751,0,,0
RCR000005124,RCT000005124,U0009392,0,,0
RCR000005125,RCT000005125,U0003596,0,,0
RCR000005126,RCT000005126,U0003621,0,,0
RCR000005127,RCT000005127,U0003621,0,,0
RCR000005128,RCT000005128,U0008773,0,,0
RCR000005129,RCT000005129,U0001738,0,,0
RCR000005130,RCT000005130,U0010225,0,,0
RCR000005131,RCT000005131,U0009726,0,,0
RCR000005132,RCT000005132,U0010557,0,,0
RCR000005133,RCT000005133,U0010670,0,,0
RCR000005134,RCT000005134,U0009621,0,,0
RCR000005135,RCT000005135,U0002027,0,,0
RCR000005136,RCT000005136,U0001028,0,,0
RCR000005137,RCT000005137,U0009567,0,,0
RCR000005138,RCT000005138,U0009337,0,,0
RCR000005139,RCT000005139,U0003446,0,,0
RCR000005140,RCT000005140,U0000761,0,,0
RCR000005141,RCT000005141,U0006901,0,,0
RCR000005142,RCT000005142,U0001171,0,,0
RCR000005143,RCT000005143,U0011451,1,2026-02-12 03:00:00,6
RCR000005144,RCT000005144,U0005296,0,,0
RCR000005145,RCT000005145,U0006501,0,,0
RCR000005146,RCT000005146,U0004719,0,,0
RCR000005147,RCT000005147,U0010755,0,,0
RCR000005148,RCT000005148,U0003526,0,,0
RCR000005149,RCT000005149,U0000078,0,,0
RCR000005150,RCT000005150,U0000448,0,,0
RCR000005151,RCT000005151,U0001997,0,,0
RCR000005152,RCT000005152,U0006179,0,,0
RCR000005153,RCT000005153,U0010139,0,,0
RCR000005154,RCT000005154,U0010781,0,,0
RCR000005155,RCT000005155,U0001553,0,,0
RCR000005156,RCT000005156,U0002557,0,,0
RCR000005157,RCT000005157,U0011876,0,,0
RCR000005158,RCT000005158,U0011597,0,,0
RCR000005159,RCT000005159,U0001981,0,,0
RCR000005160,RCT000005160,U0010262,0,,0
RCR000005161,RCT000005161,U0006400,0,,0
RCR000005162,RCT000005162,U0004853,0,,0
RCR000005163,RCT000005163,U0005947,0,,0
RCR000005164,RCT000005164,U0011814,0,,0
RCR000005165,RCT000005165,U0011618,0,,0
RCR000005166,RCT000005166,U0006740,0,,0
RCR000005167,RCT000005167,U0009515,0,,0
RCR000005168,RCT000005168,U0008407,0,,0
RCR000005169,RCT000005169,U0002014,0,,0
RCR000005170,RCT000005170,U0011402,0,,0
RCR000005171,RCT000005171,U0001206,0,,0
RCR000005172,RCT000005172,U0011979,0,,0
RCR000005173,RCT000005173,U0005464,0,,0
RCR000005174,RCT000005174,U0008018,0,,0
RCR000005175,RCT000005175,U0005153,0,,0
RCR000005176,RCT000005176,U0008387,0,,0
RCR000005177,RCT000005177,U0008999,0,,0
RCR000005178,RCT000005178,U0006088,0,,0
RCR000005179,RCT000005179,U0005346,1,2026-02-14 13:00:00,4
RCR000005180,RCT000005180,U0000423,0,,0
RCR000005181,RCT000005181,U0001135,0,,0
RCR000005182,RCT000005182,U0007253,0,,0
RCR000005183,RCT000005183,U0006598,0,,0
RCR000005184,RCT000005184,U0005089,0,,0
RCR000005185,RCT000005185,U0009438,0,,0
RCR000005186,RCT000005186,U0003219,0,,0
RCR000005187,RCT000005187,U0002986,0,,0
RCR000005188,RCT000005188,U0004752,0,,0
RCR000005189,RCT000005189,U0009000,0,,0
RCR000005190,RCT000005190,U0003425,0,,0
RCR000005191,RCT000005191,U0011838,1,2026-06-24 18:00:00,3
RCR000005192,RCT000005192,U0004117,0,,0
RCR000005193,RCT000005193,U0011608,0,,0
RCR000005194,RCT000005194,U0000386,0,,0
RCR000005195,RCT000005195,U0006203,0,,0
RCR000005196,RCT000005196,U0000997,1,2026-05-31 04:00:00,6
RCR000005197,RCT000005197,U0006213,0,,0
RCR000005198,RCT000005198,U0001909,0,,0
RCR000005199,RCT000005199,U0007834,0,,0
RCR000005200,RCT000005200,U0011733,0,,0
RCR000005201,RCT000005201,U0000464,0,,0
RCR000005202,RCT000005202,U0001748,0,,0
RCR000005203,RCT000005203,U0009220,0,,0
RCR000005204,RCT000005204,U0009952,0,,0
RCR000005205,RCT000005205,U0007194,0,,0
RCR000005206,RCT000005206,U0011811,0,,0
RCR000005207,RCT000005207,U0009805,1,2026-07-30 02:00:00,6
RCR000005208,RCT000005208,U0010928,1,2026-06-02 00:00:00,3
RCR000005209,RCT000005209,U0009790,0,,0
RCR000005210,RCT000005210,U0002102,0,,0
RCR000005211,RCT000005211,U0008079,0,,0
RCR000005212,RCT000005212,U0003048,0,,0
RCR000005213,RCT000005213,U0011160,0,,0
RCR000005214,RCT000005214,U0001787,0,,0
RCR000005215,RCT000005215,U0004702,0,,0
RCR000005216,RCT000005216,U0004586,0,,0
RCR000005217,RCT000005217,U0007090,0,,0
RCR000005218,RCT000005218,U0006443,0,,0
RCR000005219,RCT000005219,U0000231,0,,0
RCR000005220,RCT000005220,U0002358,0,,0
RCR000005221,RCT000005221,U0009996,0,,0
RCR000005222,RCT000005222,U0009568,0,,0
RCR000005223,RCT000005223,U0003290,0,,0
RCR000005224,RCT000005224,U0005716,0,,0
RCR000005225,RCT000005225,U0005698,0,,0
RCR000005226,RCT000005226,U0004467,0,,0
RCR000005227,RCT000005227,U0006031,0,,0
RCR000005228,RCT000005228,U0004155,0,,0
RCR000005229,RCT000005229,U0010833,0,,0
RCR000005230,RCT000005230,U0011334,0,,0
RCR000005231,RCT000005231,U0003485,0,,0
RCR000005232,RCT000005232,U0003202,0,,0
RCR000005233,RCT000005233,U0001248,0,,0
RCR000005234,RCT000005234,U0006744,0,,0
RCR000005235,RCT000005235,U0000493,0,,0
RCR000005236,RCT000005236,U0001672,0,,0
RCR000005237,RCT000005237,U0000993,0,,0
RCR000005238,RCT000005238,U0001935,0,,0
RCR000005239,RCT000005239,U0010667,0,,0
RCR000005240,RCT000005240,U0009911,0,,0
RCR000005241,RCT000005241,U0007802,0,,0
RCR000005242,RCT000005242,U0005596,0,,0
RCR000005243,RCT000005243,U0011261,0,,0
RCR000005244,RCT000005244,U0011667,0,,0
RCR000005245,RCT000005245,U0004915,0,,0
RCR000005246,RCT000005246,U0004489,0,,0
RCR000005247,RCT000005247,U0004823,0,,0
RCR000005248,RCT000005248,U0010756,0,,0
RCR000005249,RCT000005249,U0009310,0,,0
RCR000005250,RCT000005250,U0000768,0,,0
RCR000005251,RCT000005251,U0001850,1,2026-08-01 08:00:00,7
RCR000005252,RCT000005252,U0000062,0,,0
RCR000005253,RCT000005253,U0010976,0,,0
RCR000005254,RCT000005254,U0002967,0,,0
RCR000005255,RCT000005255,U0010034,0,,0
RCR000005256,RCT000005256,U0004278,0,,0
RCR000005257,RCT000005257,U0006089,0,,0
RCR000005258,RCT000005258,U0003879,0,,0
RCR000005259,RCT000005259,U0010548,0,,0
RCR000005260,RCT000005260,U0005690,0,,0
RCR000005261,RCT000005261,U0004883,0,,0
RCR000005262,RCT000005262,U0009676,0,,0
RCR000005263,RCT000005263,U0005705,0,,0
RCR000005264,RCT000005264,U0005738,0,,0
RCR000005265,RCT000005265,U0008290,0,,0
RCR000005266,RCT000005266,U0005397,0,,0
RCR000005267,RCT000005267,U0007573,0,,0
RCR000005268,RCT000005268,U0006756,0,,0
RCR000005269,RCT000005269,U0009490,0,,0
RCR000005270,RCT000005270,U0001953,0,,0
RCR000005271,RCT000005271,U0005773,0,,0
RCR000005272,RCT000005272,U0003114,0,,0
RCR000005273,RCT000005273,U0011044,0,,0
RCR000005274,RCT000005274,U0000056,0,,0
RCR000005275,RCT000005275,U0011707,0,,0
RCR000005276,RCT000005276,U0011180,0,,0
RCR000005277,RCT000005277,U0006596,0,,0
RCR000005278,RCT000005278,U0002325,0,,0
RCR000005279,RCT000005279,U0000437,0,,0
RCR000005280,RCT000005280,U0006933,0,,0
RCR000005281,RCT000005281,U0005659,0,,0
RCR000005282,RCT000005282,U0005455,0,,0
RCR000005283,RCT000005283,U0000878,0,,0
RCR000005284,RCT000005284,U0001450,0,,0
RCR000005285,RCT000005285,U0001621,0,,0
RCR000005286,RCT000005286,U0011523,0,,0
RCR000005287,RCT000005287,U0003192,0,,0
RCR000005288,RCT000005288,U0011458,0,,0
RCR000005289,RCT000005289,U0002369,0,,0
RCR000005290,RCT000005290,U0005318,0,,0
RCR000005291,RCT000005291,U0003202,0,,0
RCR000005292,RCT000005292,U0008398,0,,0
RCR000005293,RCT000005293,U0000149,0,,0
RCR000005294,RCT000005294,U0008594,0,,0
RCR000005295,RCT000005295,U0006409,0,,0
RCR000005296,RCT000005296,U0010833,0,,0
RCR000005297,RCT000005297,U0006870,0,,0
RCR000005298,RCT000005298,U0000018,0,,0
RCR000005299,RCT000005299,U0000128,0,,0
RCR000005300,RCT000005300,U0005737,0,,0
RCR000005301,RCT000005301,U0001559,0,,0
RCR000005302,RCT000005302,U0003845,1,2026-07-13 16:00:00,2
RCR000005303,RCT000005303,U0002249,0,,0
RCR000005304,RCT000005304,U0001586,0,,0
RCR000005305,RCT000005305,U0007711,0,,0
RCR000005306,RCT000005306,U0011357,0,,0
RCR000005307,RCT000005307,U0004887,0,,0
RCR000005308,RCT000005308,U0011707,0,,0
RCR000005309,RCT000005309,U0004595,0,,0
RCR000005310,RCT000005310,U0010963,0,,0
RCR000005311,RCT000005311,U0007417,0,,0
RCR000005312,RCT000005312,U0006781,0,,0
RCR000005313,RCT000005313,U0011267,0,,0
RCR000005314,RCT000005314,U0003970,0,,0
RCR000005315,RCT000005315,U0011726,0,,0
RCR000005316,RCT000005316,U0008860,0,,0
RCR000005317,RCT000005317,U0009408,0,,0
RCR000005318,RCT000005318,U0005140,0,,0
RCR000005319,RCT000005319,U0001790,0,,0
RCR000005320,RCT000005320,U0001869,0,,0
RCR000005321,RCT000005321,U0001397,0,,0
RCR000005322,RCT000005322,U0000656,0,,0
RCR000005323,RCT000005323,U0002350,1,2026-06-20 14:00:00,6
RCR000005324,RCT000005324,U0004742,1,2026-02-17 15:00:00,5
RCR000005325,RCT000005325,U0004413,1,2026-05-08 20:00:00,2
RCR000005326,RCT000005326,U0008313,0,,0
RCR000005327,RCT000005327,U0010878,0,,0
RCR000005328,RCT000005328,U0010002,0,,0
RCR000005329,RCT000005329,U0006662,0,,0
RCR000005330,RCT000005330,U0002104,0,,0
RCR000005331,RCT000005331,U0003442,0,,0
RCR000005332,RCT000005332,U0005577,0,,0
RCR000005333,RCT000005333,U0006411,0,,0
RCR000005334,RCT000005334,U0000124,0,,0
RCR000005335,RCT000005335,U0003748,0,,0
RCR000005336,RCT000005336,U0009508,1,2026-06-25 06:00:00,2
RCR000005337,RCT000005337,U0001967,0,,0
RCR000005338,RCT000005338,U0008195,0,,0
RCR000005339,RCT000005339,U0008966,0,,0
RCR000005340,RCT000005340,U0009661,0,,0
RCR000005341,RCT000005341,U0010102,0,,0
RCR000005342,RCT000005342,U0008280,0,,0
RCR000005343,RCT000005343,U0004438,0,,0
RCR000005344,RCT000005344,U0002918,0,,0
RCR000005345,RCT000005345,U0010412,1,2026-06-17 07:00:00,1
RCR000005346,RCT000005346,U0002358,0,,0
RCR000005347,RCT000005347,U0004783,0,,0
RCR000005348,RCT000005348,U0006597,0,,0
RCR000005349,RCT000005349,U0010346,0,,0
RCR000005350,RCT000005350,U0005319,0,,0
RCR000005351,RCT000005351,U0004296,0,,0
RCR000005352,RCT000005352,U0003721,0,,0
RCR000005353,RCT000005353,U0000997,1,2026-04-09 17:00:00,2
RCR000005354,RCT000005354,U0010791,0,,0
RCR000005355,RCT000005355,U0000165,0,,0
RCR000005356,RCT000005356,U0009399,0,,0
RCR000005357,RCT000005357,U0000255,0,,0
RCR000005358,RCT000005358,U0005978,1,2026-05-31 01:00:00,7
RCR000005359,RCT000005359,U0009087,0,,0
RCR000005360,RCT000005360,U0011934,0,,0
RCR000005361,RCT000005361,U0003780,0,,0
RCR000005362,RCT000005362,U0001569,0,,0
RCR000005363,RCT000005363,U0001048,1,2026-08-03 16:00:00,2
RCR000005364,RCT000005364,U0006132,0,,0
RCR000005365,RCT000005365,U0002739,0,,0
RCR000005366,RCT000005366,U0006066,0,,0
RCR000005367,RCT000005367,U0006523,0,,0
RCR000005368,RCT000005368,U0007468,0,,0
RCR000005369,RCT000005369,U0001971,0,,0
RCR000005370,RCT000005370,U0004405,0,,0
RCR000005371,RCT000005371,U0011994,0,,0
RCR000005372,RCT000005372,U0000377,0,,0
RCR000005373,RCT000005373,U0002363,0,,0
RCR000005374,RCT000005374,U0007976,0,,0
RCR000005375,RCT000005375,U0005357,0,,0
RCR000005376,RCT000005376,U0007820,0,,0
RCR000005377,RCT000005377,U0008236,0,,0
RCR000005378,RCT000005378,U0002609,1,2026-04-11 23:00:00,6
RCR000005379,RCT000005379,U0008634,0,,0
RCR000005380,RCT000005380,U0003280,0,,0
RCR000005381,RCT000005381,U0000106,0,,0
RCR000005382,RCT000005382,U0004585,0,,0
RCR000005383,RCT000005383,U0007562,0,,0
RCR000005384,RCT000005384,U0004489,0,,0
RCR000005385,RCT000005385,U0006773,0,,0
RCR000005386,RCT000005386,U0002260,0,,0
RCR000005387,RCT000005387,U0003724,0,,0
RCR000005388,RCT000005388,U0009348,0,,0
RCR000005389,RCT000005389,U0010175,0,,0
RCR000005390,RCT000005390,U0004699,0,,0
RCR000005391,RCT000005391,U0006288,0,,0
RCR000005392,RCT000005392,U0000279,0,,0
RCR000005393,RCT000005393,U0006943,0,,0
RCR000005394,RCT000005394,U0010891,0,,0
RCR000005395,RCT000005395,U0005161,0,,0
RCR000005396,RCT000005396,U0003852,1,2026-02-22 08:00:00,3
RCR000005397,RCT000005397,U0000850,0,,0
RCR000005398,RCT000005398,U0011875,0,,0
RCR000005399,RCT000005399,U0000462,0,,0
RCR000005400,RCT000005400,U0009859,1,2026-06-18 11:00:00,3
RCR000005401,RCT000005401,U0005528,0,,0
RCR000005402,RCT000005402,U0008434,0,,0
RCR000005403,RCT000005403,U0008741,0,,0
RCR000005404,RCT000005404,U0002742,0,,0
RCR000005405,RCT000005405,U0005319,0,,0
RCR000005406,RCT000005406,U0005923,0,,0
RCR000005407,RCT000005407,U0008456,0,,0
RCR000005408,RCT000005408,U0010717,0,,0
RCR000005409,RCT000005409,U0006117,1,2026-05-10 01:00:00,4
RCR000005410,RCT000005410,U0004779,0,,0
RCR000005411,RCT000005411,U0002305,0,,0
RCR000005412,RCT000005412,U0004346,0,,0
RCR000005413,RCT000005413,U0002524,0,,0
RCR000005414,RCT000005414,U0007184,0,,0
RCR000005415,RCT000005415,U0010719,0,,0
RCR000005416,RCT000005416,U0009425,0,,0
RCR000005417,RCT000005417,U0002296,0,,0
RCR000005418,RCT000005418,U0010636,0,,0
RCR000005419,RCT000005419,U0004875,0,,0
RCR000005420,RCT000005420,U0000967,0,,0
RCR000005421,RCT000005421,U0006237,0,,0
RCR000005422,RCT000005422,U0009360,0,,0
RCR000005423,RCT000005423,U0002278,0,,0
RCR000005424,RCT000005424,U0002899,0,,0
RCR000005425,RCT000005425,U0009735,0,,0
RCR000005426,RCT000005426,U0007910,0,,0
RCR000005427,RCT000005427,U0003770,0,,0
RCR000005428,RCT000005428,U0009082,0,,0
RCR000005429,RCT000005429,U0007021,1,2026-08-04 05:00:00,4
RCR000005430,RCT000005430,U0001172,0,,0
RCR000005431,RCT000005431,U0003961,0,,0
RCR000005432,RCT000005432,U0011471,0,,0
RCR000005433,RCT000005433,U0006766,0,,0
RCR000005434,RCT000005434,U0006376,0,,0
RCR000005435,RCT000005435,U0010675,0,,0
RCR000005436,RCT000005436,U0002326,0,,0
RCR000005437,RCT000005437,U0006007,0,,0
RCR000005438,RCT000005438,U0005487,0,,0
RCR000005439,RCT000005439,U0000659,0,,0
RCR000005440,RCT000005440,U0004445,0,,0
RCR000005441,RCT000005441,U0002667,1,2026-03-27 03:00:00,4
RCR000005442,RCT000005442,U0003006,0,,0
RCR000005443,RCT000005443,U0010667,1,2026-07-31 12:00:00,5
RCR000005444,RCT000005444,U0005132,0,,0
RCR000005445,RCT000005445,U0004812,1,2026-04-13 21:00:00,4
RCR000005446,RCT000005446,U0008994,0,,0
RCR000005447,RCT000005447,U0008671,1,2026-04-15 21:00:00,5
RCR000005448,RCT000005448,U0005112,0,,0
RCR000005449,RCT000005449,U0000928,0,,0
RCR000005450,RCT000005450,U0001712,0,,0
RCR000005451,RCT000005451,U0005117,0,,0
RCR000005452,RCT000005452,U0008586,0,,0
RCR000005453,RCT000005453,U0011211,0,,0
RCR000005454,RCT000005454,U0011970,0,,0
RCR000005455,RCT000005455,U0006119,0,,0
RCR000005456,RCT000005456,U0003244,0,,0
RCR000005457,RCT000005457,U0000572,0,,0
RCR000005458,RCT000005458,U0000038,0,,0
RCR000005459,RCT000005459,U0009661,0,,0
RCR000005460,RCT000005460,U0009866,0,,0
RCR000005461,RCT000005461,U0001674,0,,0
RCR000005462,RCT000005462,U0003122,0,,0
RCR000005463,RCT000005463,U0004152,0,,0
RCR000005464,RCT000005464,U0009106,0,,0
RCR000005465,RCT000005465,U0005332,0,,0
RCR000005466,RCT000005466,U0008493,0,,0
RCR000005467,RCT000005467,U0006218,0,,0
RCR000005468,RCT000005468,U0000126,0,,0
RCR000005469,RCT000005469,U0011008,0,,0
RCR000005470,RCT000005470,U0002003,0,,0
RCR000005471,RCT000005471,U0005336,0,,0
RCR000005472,RCT000005472,U0006915,0,,0
RCR000005473,RCT000005473,U0007199,0,,0
RCR000005474,RCT000005474,U0010832,0,,0
RCR000005475,RCT000005475,U0009967,0,,0
RCR000005476,RCT000005476,U0011597,0,,0
RCR000005477,RCT000005477,U0011498,0,,0
RCR000005478,RCT000005478,U0002359,0,,0
RCR000005479,RCT000005479,U0011042,0,,0
RCR000005480,RCT000005480,U0004570,0,,0
RCR000005481,RCT000005481,U0008489,0,,0
RCR000005482,RCT000005482,U0005211,0,,0
RCR000005483,RCT000005483,U0005551,0,,0
RCR000005484,RCT000005484,U0007876,0,,0
RCR000005485,RCT000005485,U0009569,0,,0
RCR000005486,RCT000005486,U0010605,1,2026-06-30 15:00:00,4
RCR000005487,RCT000005487,U0009259,0,,0
RCR000005488,RCT000005488,U0007130,1,2026-02-17 20:00:00,7
RCR000005489,RCT000005489,U0004772,0,,0
RCR000005490,RCT000005490,U0007510,0,,0
RCR000005491,RCT000005491,U0009414,0,,0
RCR000005492,RCT000005492,U0006138,0,,0
RCR000005493,RCT000005493,U0011220,0,,0
RCR000005494,RCT000005494,U0000741,0,,0
RCR000005495,RCT000005495,U0005596,0,,0
RCR000005496,RCT000005496,U0011383,0,,0
RCR000005497,RCT000005497,U0006489,0,,0
RCR000005498,RCT000005498,U0000385,0,,0
RCR000005499,RCT000005499,U0001681,0,,0
RCR000005500,RCT000005500,U0008878,0,,0
RCR000005501,RCT000005501,U0002373,0,,0
RCR000005502,RCT000005502,U0008612,0,,0
RCR000005503,RCT000005503,U0000769,0,,0
RCR000005504,RCT000005504,U0009835,1,2026-03-15 15:00:00,2
RCR000005505,RCT000005505,U0000218,0,,0
RCR000005506,RCT000005506,U0010611,0,,0
RCR000005507,RCT000005507,U0011813,0,,0
RCR000005508,RCT000005508,U0003802,0,,0
RCR000005509,RCT000005509,U0003048,0,,0
RCR000005510,RCT000005510,U0008529,0,,0
RCR000005511,RCT000005511,U0001216,0,,0
RCR000005512,RCT000005512,U0011365,0,,0
RCR000005513,RCT000005513,U0009492,0,,0
RCR000005514,RCT000005514,U0001471,0,,0
RCR000005515,RCT000005515,U0004019,0,,0
RCR000005516,RCT000005516,U0010232,0,,0
RCR000005517,RCT000005517,U0011296,0,,0
RCR000005518,RCT000005518,U0003484,0,,0
RCR000005519,RCT000005519,U0009108,0,,0
RCR000005520,RCT000005520,U0005110,0,,0
RCR000005521,RCT000005521,U0000464,0,,0
RCR000005522,RCT000005522,U0004820,0,,0
RCR000005523,RCT000005523,U0002458,0,,0
RCR000005524,RCT000005524,U0001509,0,,0
RCR000005525,RCT000005525,U0002588,0,,0
RCR000005526,RCT000005526,U0002378,0,,0
RCR000005527,RCT000005527,U0000517,0,,0
RCR000005528,RCT000005528,U0000341,0,,0
RCR000005529,RCT000005529,U0001078,0,,0
RCR000005530,RCT000005530,U0003959,0,,0
RCR000005531,RCT000005531,U0003253,0,,0
RCR000005532,RCT000005532,U0009567,0,,0
RCR000005533,RCT000005533,U0009782,0,,0
RCR000005534,RCT000005534,U0010376,0,,0
RCR000005535,RCT000005535,U0009833,0,,0
RCR000005536,RCT000005536,U0011795,0,,0
RCR000005537,RCT000005537,U0006582,0,,0
RCR000005538,RCT000005538,U0000261,0,,0
RCR000005539,RCT000005539,U0009875,0,,0
RCR000005540,RCT000005540,U0007206,0,,0
RCR000005541,RCT000005541,U0011845,0,,0
RCR000005542,RCT000005542,U0008383,0,,0
RCR000005543,RCT000005543,U0007105,0,,0
RCR000005544,RCT000005544,U0011451,0,,0
RCR000005545,RCT000005545,U0007791,0,,0
RCR000005546,RCT000005546,U0001588,0,,0
RCR000005547,RCT000005547,U0004501,0,,0
RCR000005548,RCT000005548,U0007751,0,,0
RCR000005549,RCT000005549,U0009150,0,,0
RCR000005550,RCT000005550,U0002338,0,,0
RCR000005551,RCT000005551,U0006988,0,,0
RCR000005552,RCT000005552,U0010970,0,,0
RCR000005553,RCT000005553,U0005319,0,,0
RCR000005554,RCT000005554,U0006385,0,,0
RCR000005555,RCT000005555,U0007143,0,,0
RCR000005556,RCT000005556,U0011820,1,2026-02-16 09:00:00,1
RCR000005557,RCT000005557,U0007143,0,,0
RCR000005558,RCT000005558,U0009558,0,,0
RCR000005559,RCT000005559,U0003656,0,,0
RCR000005560,RCT000005560,U0009565,0,,0
RCR000005561,RCT000005561,U0004769,0,,0
RCR000005562,RCT000005562,U0010136,0,,0
RCR000005563,RCT000005563,U0002179,0,,0
RCR000005564,RCT000005564,U0004182,0,,0
RCR000005565,RCT000005565,U0000194,0,,0
RCR000005566,RCT000005566,U0006614,0,,0
RCR000005567,RCT000005567,U0003079,0,,0
RCR000005568,RCT000005568,U0005971,1,2026-07-13 19:00:00,2
RCR000005569,RCT000005569,U0006247,0,,0
RCR000005570,RCT000005570,U0006641,0,,0
RCR000005571,RCT000005571,U0001412,0,,0
RCR000005572,RCT000005572,U0007278,1,2026-02-16 16:00:00,7
RCR000005573,RCT000005573,U0007295,0,,0
RCR000005574,RCT000005574,U0000178,0,,0
RCR000005575,RCT000005575,U0010741,0,,0
RCR000005576,RCT000005576,U0002163,0,,0
RCR000005577,RCT000005577,U0000505,0,,0
RCR000005578,RCT000005578,U0007149,1,2026-08-03 12:00:00,6
RCR000005579,RCT000005579,U0009782,0,,0
RCR000005580,RCT000005580,U0004092,0,,0
RCR000005581,RCT000005581,U0006480,0,,0
RCR000005582,RCT000005582,U0011302,0,,0
RCR000005583,RCT000005583,U0000383,0,,0
RCR000005584,RCT000005584,U0000184,0,,0
RCR000005585,RCT000005585,U0001248,0,,0
RCR000005586,RCT000005586,U0006025,0,,0
RCR000005587,RCT000005587,U0001804,0,,0
RCR000005588,RCT000005588,U0000057,0,,0
RCR000005589,RCT000005589,U0010807,0,,0
RCR000005590,RCT000005590,U0007741,0,,0
RCR000005591,RCT000005591,U0002762,0,,0
RCR000005592,RCT000005592,U0002134,0,,0
RCR000005593,RCT000005593,U0000811,0,,0
RCR000005594,RCT000005594,U0005986,0,,0
RCR000005595,RCT000005595,U0004469,0,,0
RCR000005596,RCT000005596,U0007705,0,,0
RCR000005597,RCT000005597,U0002227,0,,0
RCR000005598,RCT000005598,U0004126,0,,0
RCR000005599,RCT000005599,U0007366,0,,0
RCR000005600,RCT000005600,U0003474,0,,0
RCR000005601,RCT000005601,U0000291,0,,0
RCR000005602,RCT000005602,U0000262,0,,0
RCR000005603,RCT000005603,U0010416,0,,0
RCR000005604,RCT000005604,U0000301,0,,0
RCR000005605,RCT000005605,U0002788,0,,0
RCR000005606,RCT000005606,U0011930,0,,0
RCR000005607,RCT000005607,U0006649,0,,0
RCR000005608,RCT000005608,U0006039,0,,0
RCR000005609,RCT000005609,U0003501,0,,0
RCR000005610,RCT000005610,U0009506,0,,0
RCR000005611,RCT000005611,U0007142,0,,0
RCR000005612,RCT000005612,U0004771,0,,0
RCR000005613,RCT000005613,U0002801,0,,0
RCR000005614,RCT000005614,U0001383,0,,0
RCR000005615,RCT000005615,U0003127,0,,0
RCR000005616,RCT000005616,U0011991,0,,0
RCR000005617,RCT000005617,U0011172,0,,0
RCR000005618,RCT000005618,U0004079,0,,0
RCR000005619,RCT000005619,U0003609,0,,0
RCR000005620,RCT000005620,U0005725,0,,0
RCR000005621,RCT000005621,U0002158,0,,0
RCR000005622,RCT000005622,U0008251,0,,0
RCR000005623,RCT000005623,U0001407,0,,0
RCR000005624,RCT000005624,U0008971,1,2026-04-21 16:00:00,2
RCR000005625,RCT000005625,U0007386,0,,0
RCR000005626,RCT000005626,U0007720,0,,0
RCR000005627,RCT000005627,U0004571,0,,0
RCR000005628,RCT000005628,U0011387,0,,0
RCR000005629,RCT000005629,U0006901,0,,0
RCR000005630,RCT000005630,U0010504,0,,0
RCR000005631,RCT000005631,U0005161,0,,0
RCR000005632,RCT000005632,U0006064,0,,0
RCR000005633,RCT000005633,U0001361,0,,0
RCR000005634,RCT000005634,U0001622,0,,0
RCR000005635,RCT000005635,U0010365,0,,0
RCR000005636,RCT000005636,U0001485,0,,0
RCR000005637,RCT000005637,U0003655,0,,0
RCR000005638,RCT000005638,U0009180,0,,0
RCR000005639,RCT000005639,U0009164,0,,0
RCR000005640,RCT000005640,U0005237,0,,0
RCR000005641,RCT000005641,U0001294,0,,0
RCR000005642,RCT000005642,U0003968,0,,0
RCR000005643,RCT000005643,U0006771,0,,0
RCR000005644,RCT000005644,U0009603,0,,0
RCR000005645,RCT000005645,U0004878,0,,0
RCR000005646,RCT000005646,U0011250,0,,0
RCR000005647,RCT000005647,U0008150,0,,0
RCR000005648,RCT000005648,U0000158,0,,0
RCR000005649,RCT000005649,U0008392,0,,0
RCR000005650,RCT000005650,U0001867,0,,0
RCR000005651,RCT000005651,U0010708,0,,0
RCR000005652,RCT000005652,U0001378,0,,0
RCR000005653,RCT000005653,U0006021,0,,0
RCR000005654,RCT000005654,U0005615,0,,0
RCR000005655,RCT000005655,U0011909,0,,0
RCR000005656,RCT000005656,U0001760,0,,0
RCR000005657,RCT000005657,U0009591,0,,0
RCR000005658,RCT000005658,U0002022,0,,0
RCR000005659,RCT000005659,U0002976,0,,0
RCR000005660,RCT000005660,U0011818,0,,0
RCR000005661,RCT000005661,U0005561,0,,0
RCR000005662,RCT000005662,U0007487,0,,0
RCR000005663,RCT000005663,U0005825,1,2026-04-29 08:00:00,5
RCR000005664,RCT000005664,U0004835,1,2026-03-16 00:00:00,3
RCR000005665,RCT000005665,U0011725,0,,0
RCR000005666,RCT000005666,U0001894,0,,0
RCR000005667,RCT000005667,U0007662,0,,0
RCR000005668,RCT000005668,U0010576,0,,0
RCR000005669,RCT000005669,U0005589,0,,0
RCR000005670,RCT000005670,U0008434,0,,0
RCR000005671,RCT000005671,U0002316,0,,0
RCR000005672,RCT000005672,U0006322,1,2026-06-20 01:00:00,4
RCR000005673,RCT000005673,U0005627,0,,0
RCR000005674,RCT000005674,U0006750,0,,0
RCR000005675,RCT000005675,U0004837,0,,0
RCR000005676,RCT000005676,U0004668,0,,0
RCR000005677,RCT000005677,U0011194,0,,0
RCR000005678,RCT000005678,U0005257,0,,0
RCR000005679,RCT000005679,U0009303,0,,0
RCR000005680,RCT000005680,U0006943,0,,0
RCR000005681,RCT000005681,U0001448,0,,0
RCR000005682,RCT000005682,U0008751,0,,0
RCR000005683,RCT000005683,U0002095,0,,0
RCR000005684,RCT000005684,U0001266,0,,0
RCR000005685,RCT000005685,U0008009,0,,0
RCR000005686,RCT000005686,U0004517,0,,0
RCR000005687,RCT000005687,U0004377,0,,0
RCR000005688,RCT000005688,U0004727,0,,0
RCR000005689,RCT000005689,U0009686,0,,0
RCR000005690,RCT000005690,U0010550,0,,0
RCR000005691,RCT000005691,U0001370,0,,0
RCR000005692,RCT000005692,U0003118,1,2026-04-23 09:00:00,1
RCR000005693,RCT000005693,U0005813,0,,0
RCR000005694,RCT000005694,U0011931,0,,0
RCR000005695,RCT000005695,U0004565,0,,0
RCR000005696,RCT000005696,U0006806,0,,0
RCR000005697,RCT000005697,U0005558,0,,0
RCR000005698,RCT000005698,U0005605,0,,0
RCR000005699,RCT000005699,U0000856,0,,0
RCR000005700,RCT000005700,U0000713,0,,0
RCR000005701,RCT000005701,U0007196,0,,0
RCR000005702,RCT000005702,U0010848,0,,0
RCR000005703,RCT000005703,U0007351,0,,0
RCR000005704,RCT000005704,U0007958,0,,0
RCR000005705,RCT000005705,U0006015,0,,0
RCR000005706,RCT000005706,U0005520,0,,0
RCR000005707,RCT000005707,U0009779,0,,0
RCR000005708,RCT000005708,U0002291,0,,0
RCR000005709,RCT000005709,U0007381,0,,0
RCR000005710,RCT000005710,U0009594,0,,0
RCR000005711,RCT000005711,U0004135,0,,0
RCR000005712,RCT000005712,U0011318,0,,0
RCR000005713,RCT000005713,U0011290,0,,0
RCR000005714,RCT000005714,U0006356,0,,0
RCR000005715,RCT000005715,U0007358,0,,0
RCR000005716,RCT000005716,U0011637,0,,0
RCR000005717,RCT000005717,U0003722,0,,0
RCR000005718,RCT000005718,U0003952,0,,0
RCR000005719,RCT000005719,U0005207,0,,0
RCR000005720,RCT000005720,U0007757,0,,0
RCR000005721,RCT000005721,U0003603,0,,0
RCR000005722,RCT000005722,U0001079,1,2026-05-28 05:00:00,2
RCR000005723,RCT000005723,U0008496,1,2026-06-04 08:00:00,5
RCR000005724,RCT000005724,U0006006,0,,0
RCR000005725,RCT000005725,U0008367,0,,0
RCR000005726,RCT000005726,U0000206,0,,0
RCR000005727,RCT000005727,U0009769,0,,0
RCR000005728,RCT000005728,U0001292,1,2026-02-25 16:00:00,2
RCR000005729,RCT000005729,U0004144,0,,0
RCR000005730,RCT000005730,U0010866,1,2026-07-15 17:00:00,1
RCR000005731,RCT000005731,U0006503,0,,0
RCR000005732,RCT000005732,U0001596,0,,0
RCR000005733,RCT000005733,U0011619,0,,0
RCR000005734,RCT000005734,U0005275,0,,0
RCR000005735,RCT000005735,U0001346,0,,0
RCR000005736,RCT000005736,U0008776,0,,0
RCR000005737,RCT000005737,U0009572,0,,0
RCR000005738,RCT000005738,U0002888,1,2026-02-12 17:00:00,2
RCR000005739,RCT000005739,U0011968,1,2026-05-29 05:00:00,1
RCR000005740,RCT000005740,U0001859,0,,0
RCR000005741,RCT000005741,U0003779,1,2026-02-26 18:00:00,5
RCR000005742,RCT000005742,U0009222,0,,0
RCR000005743,RCT000005743,U0002524,0,,0
RCR000005744,RCT000005744,U0009792,0,,0
RCR000005745,RCT000005745,U0002289,1,2026-06-16 19:00:00,6
RCR000005746,RCT000005746,U0001787,0,,0
RCR000005747,RCT000005747,U0001236,0,,0
RCR000005748,RCT000005748,U0004744,0,,0
RCR000005749,RCT000005749,U0009764,0,,0
RCR000005750,RCT000005750,U0008044,0,,0
RCR000005751,RCT000005751,U0009263,0,,0
RCR000005752,RCT000005752,U0005372,0,,0
RCR000005753,RCT000005753,U0009877,0,,0
RCR000005754,RCT000005754,U0006952,0,,0
RCR000005755,RCT000005755,U0011634,0,,0
RCR000005756,RCT000005756,U0001439,1,2026-02-03 05:00:00,2
RCR000005757,RCT000005757,U0002084,0,,0
RCR000005758,RCT000005758,U0006324,0,,0
RCR000005759,RCT000005759,U0001577,0,,0
RCR000005760,RCT000005760,U0009729,0,,0
RCR000005761,RCT000005761,U0009233,0,,0
RCR000005762,RCT000005762,U0005318,0,,0
RCR000005763,RCT000005763,U0005356,0,,0
RCR000005764,RCT000005764,U0011656,0,,0
RCR000005765,RCT000005765,U0004587,0,,0
RCR000005766,RCT000005766,U0001868,0,,0
RCR000005767,RCT000005767,U0007970,0,,0
RCR000005768,RCT000005768,U0009256,0,,0
RCR000005769,RCT000005769,U0004762,0,,0
RCR000005770,RCT000005770,U0000981,0,,0
RCR000005771,RCT000005771,U0011539,0,,0
RCR000005772,RCT000005772,U0011948,0,,0
RCR000005773,RCT000005773,U0007360,0,,0
RCR000005774,RCT000005774,U0007635,0,,0
RCR000005775,RCT000005775,U0006487,0,,0
RCR000005776,RCT000005776,U0011299,0,,0
RCR000005777,RCT000005777,U0003726,0,,0
RCR000005778,RCT000005778,U0008592,0,,0
RCR000005779,RCT000005779,U0000085,0,,0
RCR000005780,RCT000005780,U0000499,0,,0
RCR000005781,RCT000005781,U0002928,0,,0
RCR000005782,RCT000005782,U0005240,0,,0
RCR000005783,RCT000005783,U0011799,0,,0
RCR000005784,RCT000005784,U0003016,0,,0
RCR000005785,RCT000005785,U0010668,0,,0
RCR000005786,RCT000005786,U0004607,0,,0
RCR000005787,RCT000005787,U0010446,1,2026-04-24 07:00:00,4
RCR000005788,RCT000005788,U0000973,0,,0
RCR000005789,RCT000005789,U0004621,0,,0
RCR000005790,RCT000005790,U0009542,0,,0
RCR000005791,RCT000005791,U0011129,0,,0
RCR000005792,RCT000005792,U0000741,0,,0
RCR000005793,RCT000005793,U0004572,0,,0
RCR000005794,RCT000005794,U0001677,1,2026-06-26 14:00:00,1
RCR000005795,RCT000005795,U0001472,0,,0
RCR000005796,RCT000005796,U0006189,0,,0
RCR000005797,RCT000005797,U0011246,0,,0
RCR000005798,RCT000005798,U0009793,0,,0
RCR000005799,RCT000005799,U0006656,1,2026-03-19 03:00:00,3
RCR000005800,RCT000005800,U0005151,0,,0
RCR000005801,RCT000005801,U0001532,0,,0
RCR000005802,RCT000005802,U0005311,0,,0
RCR000005803,RCT000005803,U0004234,0,,0
RCR000005804,RCT000005804,U0011557,0,,0
RCR000005805,RCT000005805,U0003702,0,,0
RCR000005806,RCT000005806,U0004017,0,,0
RCR000005807,RCT000005807,U0006088,0,,0
RCR000005808,RCT000005808,U0006934,0,,0
RCR000005809,RCT000005809,U0000408,0,,0
RCR000005810,RCT000005810,U0011000,0,,0
RCR000005811,RCT000005811,U0001780,0,,0
RCR000005812,RCT000005812,U0006952,0,,0
RCR000005813,RCT000005813,U0007320,0,,0
RCR000005814,RCT000005814,U0011211,0,,0
RCR000005815,RCT000005815,U0003174,0,,0
RCR000005816,RCT000005816,U0006602,0,,0
RCR000005817,RCT000005817,U0008054,0,,0
RCR000005818,RCT000005818,U0010668,0,,0
RCR000005819,RCT000005819,U0003729,0,,0
RCR000005820,RCT000005820,U0003222,0,,0
RCR000005821,RCT000005821,U0007095,1,2026-06-20 05:00:00,2
RCR000005822,RCT000005822,U0004844,0,,0
RCR000005823,RCT000005823,U0008209,0,,0
RCR000005824,RCT000005824,U0005980,0,,0
RCR000005825,RCT000005825,U0000400,0,,0
RCR000005826,RCT000005826,U0009534,0,,0
RCR000005827,RCT000005827,U0000150,0,,0
RCR000005828,RCT000005828,U0007164,0,,0
RCR000005829,RCT000005829,U0003826,0,,0
RCR000005830,RCT000005830,U0004664,0,,0
RCR000005831,RCT000005831,U0006501,0,,0
RCR000005832,RCT000005832,U0001129,1,2026-07-28 21:00:00,6
RCR000005833,RCT000005833,U0010085,0,,0
RCR000005834,RCT000005834,U0010239,0,,0
RCR000005835,RCT000005835,U0002494,0,,0
RCR000005836,RCT000005836,U0004500,0,,0
RCR000005837,RCT000005837,U0002673,0,,0
RCR000005838,RCT000005838,U0010964,0,,0
RCR000005839,RCT000005839,U0007348,0,,0
RCR000005840,RCT000005840,U0006717,0,,0
RCR000005841,RCT000005841,U0006741,0,,0
RCR000005842,RCT000005842,U0000234,0,,0
RCR000005843,RCT000005843,U0008149,0,,0
RCR000005844,RCT000005844,U0004756,0,,0
RCR000005845,RCT000005845,U0003434,1,2026-03-23 01:00:00,4
RCR000005846,RCT000005846,U0002641,1,2026-06-27 04:00:00,3
RCR000005847,RCT000005847,U0002916,0,,0
RCR000005848,RCT000005848,U0008359,0,,0
RCR000005849,RCT000005849,U0006475,0,,0
RCR000005850,RCT000005850,U0000659,0,,0
RCR000005851,RCT000005851,U0001537,0,,0
RCR000005852,RCT000005852,U0001881,0,,0
RCR000005853,RCT000005853,U0011640,0,,0
RCR000005854,RCT000005854,U0008993,0,,0
RCR000005855,RCT000005855,U0007084,0,,0
RCR000005856,RCT000005856,U0007740,0,,0
RCR000005857,RCT000005857,U0010020,0,,0
RCR000005858,RCT000005858,U0010801,0,,0
RCR000005859,RCT000005859,U0002189,0,,0
RCR000005860,RCT000005860,U0010887,0,,0
RCR000005861,RCT000005861,U0000149,0,,0
RCR000005862,RCT000005862,U0003794,0,,0
RCR000005863,RCT000005863,U0003222,0,,0
RCR000005864,RCT000005864,U0008113,1,2026-06-26 08:00:00,2
RCR000005865,RCT000005865,U0004622,0,,0
RCR000005866,RCT000005866,U0004990,0,,0
RCR000005867,RCT000005867,U0011618,0,,0
RCR000005868,RCT000005868,U0011804,0,,0
RCR000005869,RCT000005869,U0002588,0,,0
RCR000005870,RCT000005870,U0005261,0,,0
RCR000005871,RCT000005871,U0000326,1,2026-03-04 11:00:00,3
RCR000005872,RCT000005872,U0009631,0,,0
RCR000005873,RCT000005873,U0010234,0,,0
RCR000005874,RCT000005874,U0009754,0,,0
RCR000005875,RCT000005875,U0010628,0,,0
RCR000005876,RCT000005876,U0011272,0,,0
RCR000005877,RCT000005877,U0004103,0,,0
RCR000005878,RCT000005878,U0006636,0,,0
RCR000005879,RCT000005879,U0004896,0,,0
RCR000005880,RCT000005880,U0008410,0,,0
RCR000005881,RCT000005881,U0000154,0,,0
RCR000005882,RCT000005882,U0001125,0,,0
RCR000005883,RCT000005883,U0003160,0,,0
RCR000005884,RCT000005884,U0006427,0,,0
RCR000005885,RCT000005885,U0004338,0,,0
RCR000005886,RCT000005886,U0011855,0,,0
RCR000005887,RCT000005887,U0006667,0,,0
RCR000005888,RCT000005888,U0008388,0,,0
RCR000005889,RCT000005889,U0003203,0,,0
RCR000005890,RCT000005890,U0002305,0,,0
RCR000005891,RCT000005891,U0005929,0,,0
RCR000005892,RCT000005892,U0002345,0,,0
RCR000005893,RCT000005893,U0005783,0,,0
RCR000005894,RCT000005894,U0001606,0,,0
RCR000005895,RCT000005895,U0011579,0,,0
RCR000005896,RCT000005896,U0004794,1,2026-03-06 06:00:00,3
RCR000005897,RCT000005897,U0004532,0,,0
RCR000005898,RCT000005898,U0001075,0,,0
RCR000005899,RCT000005899,U0004790,0,,0
RCR000005900,RCT000005900,U0007214,0,,0
RCR000005901,RCT000005901,U0007161,0,,0
RCR000005902,RCT000005902,U0009423,0,,0
RCR000005903,RCT000005903,U0003052,0,,0
RCR000005904,RCT000005904,U0003620,0,,0
RCR000005905,RCT000005905,U0011276,0,,0
RCR000005906,RCT000005906,U0001006,0,,0
RCR000005907,RCT000005907,U0010275,0,,0
RCR000005908,RCT000005908,U0007819,0,,0
RCR000005909,RCT000005909,U0003499,0,,0
RCR000005910,RCT000005910,U0011685,0,,0
RCR000005911,RCT000005911,U0010550,0,,0
RCR000005912,RCT000005912,U0001922,0,,0
RCR000005913,RCT000005913,U0011387,0,,0
RCR000005914,RCT000005914,U0009917,0,,0
RCR000005915,RCT000005915,U0010437,1,2026-06-18 02:00:00,1
RCR000005916,RCT000005916,U0008712,0,,0
RCR000005917,RCT000005917,U0004525,0,,0
RCR000005918,RCT000005918,U0010703,0,,0
RCR000005919,RCT000005919,U0002291,0,,0
RCR000005920,RCT000005920,U0002627,0,,0
RCR000005921,RCT000005921,U0006996,0,,0
RCR000005922,RCT000005922,U0002523,0,,0
RCR000005923,RCT000005923,U0003066,0,,0
RCR000005924,RCT000005924,U0001458,0,,0
RCR000005925,RCT000005925,U0004812,0,,0
RCR000005926,RCT000005926,U0008339,0,,0
RCR000005927,RCT000005927,U0007374,0,,0
RCR000005928,RCT000005928,U0003211,0,,0
RCR000005929,RCT000005929,U0003307,0,,0
RCR000005930,RCT000005930,U0010985,0,,0
RCR000005931,RCT000005931,U0005199,0,,0
RCR000005932,RCT000005932,U0011741,0,,0
RCR000005933,RCT000005933,U0011567,0,,0
RCR000005934,RCT000005934,U0011254,0,,0
RCR000005935,RCT000005935,U0000038,0,,0
RCR000005936,RCT000005936,U0000648,0,,0
RCR000005937,RCT000005937,U0005693,0,,0
RCR000005938,RCT000005938,U0010433,1,2026-02-12 02:00:00,4
RCR000005939,RCT000005939,U0007951,0,,0
RCR000005940,RCT000005940,U0001471,0,,0
RCR000005941,RCT000005941,U0004878,0,,0
RCR000005942,RCT000005942,U0000637,0,,0
RCR000005943,RCT000005943,U0000300,0,,0
RCR000005944,RCT000005944,U0010239,0,,0
RCR000005945,RCT000005945,U0001798,0,,0
RCR000005946,RCT000005946,U0004799,0,,0
RCR000005947,RCT000005947,U0006291,0,,0
RCR000005948,RCT000005948,U0005109,0,,0
RCR000005949,RCT000005949,U0007773,0,,0
RCR000005950,RCT000005950,U0000293,0,,0
RCR000005951,RCT000005951,U0006341,0,,0
RCR000005952,RCT000005952,U0001861,0,,0
RCR000005953,RCT000005953,U0004416,0,,0
RCR000005954,RCT000005954,U0004522,0,,0
RCR000005955,RCT000005955,U0010943,0,,0
RCR000005956,RCT000005956,U0002673,0,,0
RCR000005957,RCT000005957,U0001213,1,2026-02-15 06:00:00,3
RCR000005958,RCT000005958,U0004455,0,,0
RCR000005959,RCT000005959,U0007116,0,,0
RCR000005960,RCT000005960,U0003232,0,,0
RCR000005961,RCT000005961,U0011439,0,,0
RCR000005962,RCT000005962,U0003723,1,2026-03-16 10:00:00,7
RCR000005963,RCT000005963,U0001311,0,,0
RCR000005964,RCT000005964,U0000348,0,,0
RCR000005965,RCT000005965,U0007395,1,2026-05-08 14:00:00,6
RCR000005966,RCT000005966,U0001706,1,2026-03-01 09:00:00,1
RCR000005967,RCT000005967,U0000701,0,,0
RCR000005968,RCT000005968,U0008133,0,,0
RCR000005969,RCT000005969,U0004469,0,,0
RCR000005970,RCT000005970,U0005436,0,,0
RCR000005971,RCT000005971,U0004352,0,,0
RCR000005972,RCT000005972,U0000517,0,,0
RCR000005973,RCT000005973,U0006985,0,,0
RCR000005974,RCT000005974,U0007551,0,,0
RCR000005975,RCT000005975,U0008290,0,,0
RCR000005976,RCT000005976,U0000637,0,,0
RCR000005977,RCT000005977,U0003367,0,,0
RCR000005978,RCT000005978,U0002067,0,,0
RCR000005979,RCT000005979,U0008555,0,,0
RCR000005980,RCT000005980,U0010003,0,,0
RCR000005981,RCT000005981,U0004481,0,,0
RCR000005982,RCT000005982,U0011825,0,,0
RCR000005983,RCT000005983,U0005419,0,,0
RCR000005984,RCT000005984,U0003981,0,,0
RCR000005985,RCT000005985,U0005626,0,,0
RCR000005986,RCT000005986,U0009866,0,,0
RCR000005987,RCT000005987,U0007833,0,,0
RCR000005988,RCT000005988,U0002107,0,,0
RCR000005989,RCT000005989,U0010633,0,,0
RCR000005990,RCT000005990,U0007948,0,,0
RCR000005991,RCT000005991,U0010656,0,,0
RCR000005992,RCT000005992,U0001557,0,,0
RCR000005993,RCT000005993,U0001578,1,2026-02-21 19:00:00,6
RCR000005994,RCT000005994,U0001419,0,,0
RCR000005995,RCT000005995,U0011647,0,,0
RCR000005996,RCT000005996,U0006751,0,,0
RCR000005997,RCT000005997,U0000352,0,,0
RCR000005998,RCT000005998,U0005497,0,,0
RCR000005999,RCT000005999,U0009424,0,,0
RCR000006000,RCT000006000,U0006153,0,,0
RCR000006001,RCT000006001,U0008907,0,,0
RCR000006002,RCT000006002,U0010430,0,,0
RCR000006003,RCT000006003,U0008635,0,,0
RCR000006004,RCT000006004,U0009786,0,,0
RCR000006005,RCT000006005,U0009943,0,,0
RCR000006006,RCT000006006,U0001869,0,,0
RCR000006007,RCT000006007,U0005651,0,,0
RCR000006008,RCT000006008,U0011687,0,,0
RCR000006009,RCT000006009,U0006246,0,,0
RCR000006010,RCT000006010,U0000644,1,2026-02-10 19:00:00,4
RCR000006011,RCT000006011,U0010796,0,,0
RCR000006012,RCT000006012,U0008116,0,,0
RCR000006013,RCT000006013,U0006386,0,,0
RCR000006014,RCT000006014,U0009832,0,,0
RCR000006015,RCT000006015,U0010268,0,,0
RCR000006016,RCT000006016,U0008584,0,,0
RCR000006017,RCT000006017,U0003322,0,,0
RCR000006018,RCT000006018,U0009701,0,,0
RCR000006019,RCT000006019,U0010273,0,,0
RCR000006020,RCT000006020,U0010969,0,,0
RCR000006021,RCT000006021,U0005867,0,,0
RCR000006022,RCT000006022,U0010581,0,,0
RCR000006023,RCT000006023,U0005565,0,,0
RCR000006024,RCT000006024,U0011640,0,,0
RCR000006025,RCT000006025,U0004272,0,,0
RCR000006026,RCT000006026,U0000377,1,2026-06-18 04:00:00,5
RCR000006027,RCT000006027,U0001020,0,,0
RCR000006028,RCT000006028,U0006583,0,,0
RCR000006029,RCT000006029,U0008768,0,,0
RCR000006030,RCT000006030,U0001475,0,,0
RCR000006031,RCT000006031,U0010995,0,,0
RCR000006032,RCT000006032,U0006145,0,,0
RCR000006033,RCT000006033,U0000871,0,,0
RCR000006034,RCT000006034,U0002249,0,,0
RCR000006035,RCT000006035,U0001622,0,,0
RCR000006036,RCT000006036,U0001601,0,,0
RCR000006037,RCT000006037,U0009952,1,2026-05-29 21:00:00,2
RCR000006038,RCT000006038,U0005201,0,,0
RCR000006039,RCT000006039,U0000394,0,,0
RCR000006040,RCT000006040,U0000871,0,,0
RCR000006041,RCT000006041,U0009065,0,,0
RCR000006042,RCT000006042,U0010843,0,,0
RCR000006043,RCT000006043,U0009370,0,,0
RCR000006044,RCT000006044,U0005441,0,,0
RCR000006045,RCT000006045,U0010833,0,,0
RCR000006046,RCT000006046,U0009557,0,,0
RCR000006047,RCT000006047,U0003189,0,,0
RCR000006048,RCT000006048,U0005451,0,,0
RCR000006049,RCT000006049,U0010106,0,,0
RCR000006050,RCT000006050,U0010796,0,,0
RCR000006051,RCT000006051,U0009838,0,,0
RCR000006052,RCT000006052,U0002382,0,,0
RCR000006053,RCT000006053,U0003200,0,,0
RCR000006054,RCT000006054,U0007147,0,,0
RCR000006055,RCT000006055,U0007844,1,2026-06-26 12:00:00,4
RCR000006056,RCT000006056,U0000540,0,,0
RCR000006057,RCT000006057,U0011933,1,2026-02-21 06:00:00,4
RCR000006058,RCT000006058,U0010089,1,2026-02-10 21:00:00,3
RCR000006059,RCT000006059,U0008678,0,,0
RCR000006060,RCT000006060,U0002938,0,,0
RCR000006061,RCT000006061,U0001802,0,,0
RCR000006062,RCT000006062,U0005921,0,,0
RCR000006063,RCT000006063,U0003561,0,,0
RCR000006064,RCT000006064,U0010084,1,2026-02-23 17:00:00,5
RCR000006065,RCT000006065,U0007422,0,,0
RCR000006066,RCT000006066,U0008869,0,,0
RCR000006067,RCT000006067,U0007191,0,,0
RCR000006068,RCT000006068,U0003842,0,,0
RCR000006069,RCT000006069,U0009016,0,,0
RCR000006070,RCT000006070,U0010456,0,,0
RCR000006071,RCT000006071,U0008845,0,,0
RCR000006072,RCT000006072,U0001656,0,,0
RCR000006073,RCT000006073,U0001185,0,,0
RCR000006074,RCT000006074,U0001653,0,,0
RCR000006075,RCT000006075,U0006443,0,,0
RCR000006076,RCT000006076,U0004299,0,,0
RCR000006077,RCT000006077,U0008524,1,2026-05-14 10:00:00,2
RCR000006078,RCT000006078,U0000457,0,,0
RCR000006079,RCT000006079,U0006427,0,,0
RCR000006080,RCT000006080,U0000845,0,,0
RCR000006081,RCT000006081,U0009922,0,,0
RCR000006082,RCT000006082,U0009793,0,,0
RCR000006083,RCT000006083,U0000782,0,,0
RCR000006084,RCT000006084,U0007020,0,,0
RCR000006085,RCT000006085,U0008653,0,,0
RCR000006086,RCT000006086,U0010365,0,,0
RCR000006087,RCT000006087,U0007127,0,,0
RCR000006088,RCT000006088,U0008638,0,,0
RCR000006089,RCT000006089,U0003145,0,,0
RCR000006090,RCT000006090,U0011241,0,,0
RCR000006091,RCT000006091,U0000969,0,,0
RCR000006092,RCT000006092,U0000481,0,,0
RCR000006093,RCT000006093,U0001004,0,,0
RCR000006094,RCT000006094,U0011811,1,2026-05-25 12:00:00,5
RCR000006095,RCT000006095,U0000068,0,,0
RCR000006096,RCT000006096,U0010609,0,,0
RCR000006097,RCT000006097,U0000394,0,,0
RCR000006098,RCT000006098,U0000038,0,,0
RCR000006099,RCT000006099,U0009986,0,,0
RCR000006100,RCT000006100,U0008570,0,,0
RCR000006101,RCT000006101,U0002016,0,,0
RCR000006102,RCT000006102,U0008177,0,,0
RCR000006103,RCT000006103,U0002878,1,2026-06-18 11:00:00,2
RCR000006104,RCT000006104,U0002527,0,,0
RCR000006105,RCT000006105,U0001868,0,,0
RCR000006106,RCT000006106,U0006348,0,,0
RCR000006107,RCT000006107,U0000757,0,,0
RCR000006108,RCT000006108,U0006660,0,,0
RCR000006109,RCT000006109,U0007546,0,,0
RCR000006110,RCT000006110,U0010094,0,,0
RCR000006111,RCT000006111,U0001796,0,,0
RCR000006112,RCT000006112,U0008520,0,,0
RCR000006113,RCT000006113,U0010291,0,,0
RCR000006114,RCT000006114,U0007461,1,2026-02-23 11:00:00,6
RCR000006115,RCT000006115,U0011201,0,,0
RCR000006116,RCT000006116,U0010026,0,,0
RCR000006117,RCT000006117,U0000013,0,,0
RCR000006118,RCT000006118,U0002273,0,,0
RCR000006119,RCT000006119,U0003534,0,,0
RCR000006120,RCT000006120,U0011848,0,,0
RCR000006121,RCT000006121,U0009746,0,,0
RCR000006122,RCT000006122,U0010290,0,,0
RCR000006123,RCT000006123,U0003142,0,,0
RCR000006124,RCT000006124,U0002773,0,,0
RCR000006125,RCT000006125,U0002843,0,,0
RCR000006126,RCT000006126,U0002657,0,,0
RCR000006127,RCT000006127,U0000250,0,,0
RCR000006128,RCT000006128,U0002412,0,,0
RCR000006129,RCT000006129,U0004078,0,,0
RCR000006130,RCT000006130,U0002727,0,,0
RCR000006131,RCT000006131,U0005922,0,,0
RCR000006132,RCT000006132,U0006241,0,,0
RCR000006133,RCT000006133,U0004623,0,,0
RCR000006134,RCT000006134,U0005977,0,,0
RCR000006135,RCT000006135,U0008258,0,,0
RCR000006136,RCT000006136,U0008152,0,,0
RCR000006137,RCT000006137,U0009618,0,,0
RCR000006138,RCT000006138,U0002305,0,,0
RCR000006139,RCT000006139,U0006368,0,,0
RCR000006140,RCT000006140,U0005997,0,,0
RCR000006141,RCT000006141,U0000966,0,,0
RCR000006142,RCT000006142,U0005165,0,,0
RCR000006143,RCT000006143,U0002297,0,,0
RCR000006144,RCT000006144,U0006310,0,,0
RCR000006145,RCT000006145,U0009180,0,,0
RCR000006146,RCT000006146,U0008416,0,,0
RCR000006147,RCT000006147,U0008008,0,,0
RCR000006148,RCT000006148,U0005368,0,,0
RCR000006149,RCT000006149,U0008209,0,,0
RCR000006150,RCT000006150,U0005850,0,,0
RCR000006151,RCT000006151,U0003025,0,,0
RCR000006152,RCT000006152,U0005021,0,,0
RCR000006153,RCT000006153,U0001647,1,2026-08-03 00:00:00,3
RCR000006154,RCT000006154,U0001723,0,,0
RCR000006155,RCT000006155,U0000426,0,,0
RCR000006156,RCT000006156,U0001971,0,,0
RCR000006157,RCT000006157,U0008563,1,2026-07-31 20:00:00,1
RCR000006158,RCT000006158,U0006729,0,,0
RCR000006159,RCT000006159,U0007007,0,,0
RCR000006160,RCT000006160,U0009904,0,,0
RCR000006161,RCT000006161,U0001493,0,,0
RCR000006162,RCT000006162,U0010028,1,2026-03-23 09:00:00,7
RCR000006163,RCT000006163,U0005617,1,2026-07-30 20:00:00,5
RCR000006164,RCT000006164,U0001097,0,,0
RCR000006165,RCT000006165,U0002063,0,,0
RCR000006166,RCT000006166,U0011512,0,,0
RCR000006167,RCT000006167,U0004875,1,2026-02-26 14:00:00,6
RCR000006168,RCT000006168,U0001508,0,,0
RCR000006169,RCT000006169,U0010064,0,,0
RCR000006170,RCT000006170,U0010785,0,,0
RCR000006171,RCT000006171,U0006287,1,2026-06-16 02:00:00,2
RCR000006172,RCT000006172,U0000646,0,,0
RCR000006173,RCT000006173,U0009617,0,,0
RCR000006174,RCT000006174,U0010831,0,,0
RCR000006175,RCT000006175,U0009348,0,,0
RCR000006176,RCT000006176,U0011034,0,,0
RCR000006177,RCT000006177,U0007310,0,,0
RCR000006178,RCT000006178,U0009791,0,,0
RCR000006179,RCT000006179,U0010280,0,,0
RCR000006180,RCT000006180,U0011250,0,,0
RCR000006181,RCT000006181,U0010895,0,,0
RCR000006182,RCT000006182,U0000194,1,2026-02-15 19:00:00,1
RCR000006183,RCT000006183,U0006298,0,,0
RCR000006184,RCT000006184,U0005696,0,,0
RCR000006185,RCT000006185,U0008520,0,,0
RCR000006186,RCT000006186,U0001980,0,,0
RCR000006187,RCT000006187,U0010565,0,,0
RCR000006188,RCT000006188,U0004322,0,,0
RCR000006189,RCT000006189,U0007340,0,,0
RCR000006190,RCT000006190,U0008005,0,,0
RCR000006191,RCT000006191,U0003905,0,,0
RCR000006192,RCT000006192,U0000904,0,,0
RCR000006193,RCT000006193,U0011503,0,,0
RCR000006194,RCT000006194,U0006439,0,,0
RCR000006195,RCT000006195,U0011439,0,,0
RCR000006196,RCT000006196,U0008801,0,,0
RCR000006197,RCT000006197,U0000248,0,,0
RCR000006198,RCT000006198,U0010836,0,,0
RCR000006199,RCT000006199,U0004029,1,2026-06-07 15:00:00,3
RCR000006200,RCT000006200,U0002015,0,,0
RCR000006201,RCT000006201,U0006044,0,,0
RCR000006202,RCT000006202,U0010198,1,2026-02-16 02:00:00,7
RCR000006203,RCT000006203,U0010909,0,,0
RCR000006204,RCT000006204,U0008879,0,,0
RCR000006205,RCT000006205,U0004934,0,,0
RCR000006206,RCT000006206,U0001813,1,2026-02-21 13:00:00,6
RCR000006207,RCT000006207,U0001765,0,,0
RCR000006208,RCT000006208,U0001919,0,,0
RCR000006209,RCT000006209,U0002265,0,,0
RCR000006210,RCT000006210,U0007990,0,,0
RCR000006211,RCT000006211,U0004470,0,,0
RCR000006212,RCT000006212,U0001045,0,,0
RCR000006213,RCT000006213,U0003787,0,,0
RCR000006214,RCT000006214,U0007466,0,,0
RCR000006215,RCT000006215,U0007862,0,,0
RCR000006216,RCT000006216,U0003012,0,,0
RCR000006217,RCT000006217,U0002383,0,,0
RCR000006218,RCT000006218,U0009830,0,,0
RCR000006219,RCT000006219,U0011804,0,,0
RCR000006220,RCT000006220,U0009314,0,,0
RCR000006221,RCT000006221,U0000790,0,,0
RCR000006222,RCT000006222,U0005109,0,,0
RCR000006223,RCT000006223,U0000818,0,,0
RCR000006224,RCT000006224,U0006062,0,,0
RCR000006225,RCT000006225,U0001100,0,,0
RCR000006226,RCT000006226,U0005950,1,2026-02-22 12:00:00,2
RCR000006227,RCT000006227,U0007690,0,,0
RCR000006228,RCT000006228,U0006888,0,,0
RCR000006229,RCT000006229,U0003802,0,,0
RCR000006230,RCT000006230,U0002017,0,,0
RCR000006231,RCT000006231,U0000079,0,,0
RCR000006232,RCT000006232,U0005731,0,,0
RCR000006233,RCT000006233,U0003732,0,,0
RCR000006234,RCT000006234,U0008410,0,,0
RCR000006235,RCT000006235,U0005959,0,,0
RCR000006236,RCT000006236,U0008691,0,,0
RCR000006237,RCT000006237,U0008732,0,,0
RCR000006238,RCT000006238,U0009420,0,,0
RCR000006239,RCT000006239,U0003596,0,,0
RCR000006240,RCT000006240,U0010106,0,,0
RCR000006241,RCT000006241,U0006805,0,,0
RCR000006242,RCT000006242,U0007393,0,,0
RCR000006243,RCT000006243,U0008529,0,,0
RCR000006244,RCT000006244,U0009323,0,,0
RCR000006245,RCT000006245,U0000033,0,,0
RCR000006246,RCT000006246,U0009584,0,,0
RCR000006247,RCT000006247,U0008433,0,,0
RCR000006248,RCT000006248,U0009220,0,,0
RCR000006249,RCT000006249,U0001993,0,,0
RCR000006250,RCT000006250,U0011933,0,,0
RCR000006251,RCT000006251,U0011302,0,,0
RCR000006252,RCT000006252,U0003316,0,,0
RCR000006253,RCT000006253,U0004535,0,,0
RCR000006254,RCT000006254,U0000581,0,,0
RCR000006255,RCT000006255,U0005323,0,,0
RCR000006256,RCT000006256,U0005176,0,,0
RCR000006257,RCT000006257,U0010312,0,,0
RCR000006258,RCT000006258,U0002749,0,,0
RCR000006259,RCT000006259,U0007400,0,,0
RCR000006260,RCT000006260,U0005699,0,,0
RCR000006261,RCT000006261,U0001015,0,,0
RCR000006262,RCT000006262,U0004067,0,,0
RCR000006263,RCT000006263,U0005388,0,,0
RCR000006264,RCT000006264,U0010726,0,,0
RCR000006265,RCT000006265,U0003878,0,,0
RCR000006266,RCT000006266,U0011066,0,,0
RCR000006267,RCT000006267,U0005141,0,,0
RCR000006268,RCT000006268,U0000373,0,,0
RCR000006269,RCT000006269,U0010628,0,,0
RCR000006270,RCT000006270,U0010697,0,,0
RCR000006271,RCT000006271,U0002895,1,2026-04-25 03:00:00,1
RCR000006272,RCT000006272,U0010378,0,,0
RCR000006273,RCT000006273,U0010766,0,,0
RCR000006274,RCT000006274,U0011825,0,,0
RCR000006275,RCT000006275,U0006498,0,,0
RCR000006276,RCT000006276,U0010143,0,,0
RCR000006277,RCT000006277,U0011244,0,,0
RCR000006278,RCT000006278,U0001544,0,,0
RCR000006279,RCT000006279,U0002926,0,,0
RCR000006280,RCT000006280,U0010063,0,,0
RCR000006281,RCT000006281,U0000365,0,,0
RCR000006282,RCT000006282,U0002979,0,,0
RCR000006283,RCT000006283,U0008841,0,,0
RCR000006284,RCT000006284,U0000555,0,,0
RCR000006285,RCT000006285,U0000921,0,,0
RCR000006286,RCT000006286,U0008827,0,,0
RCR000006287,RCT000006287,U0010964,0,,0
RCR000006288,RCT000006288,U0009153,0,,0
RCR000006289,RCT000006289,U0011256,0,,0
RCR000006290,RCT000006290,U0009769,0,,0
RCR000006291,RCT000006291,U0007458,1,2026-06-27 01:00:00,7
RCR000006292,RCT000006292,U0010931,0,,0
RCR000006293,RCT000006293,U0005693,0,,0
RCR000006294,RCT000006294,U0010337,0,,0
RCR000006295,RCT000006295,U0006088,0,,0
RCR000006296,RCT000006296,U0004467,0,,0
RCR000006297,RCT000006297,U0001551,0,,0
RCR000006298,RCT000006298,U0007036,0,,0
RCR000006299,RCT000006299,U0011857,0,,0
RCR000006300,RCT000006300,U0007562,0,,0
RCR000006301,RCT000006301,U0006339,0,,0
RCR000006302,RCT000006302,U0008190,0,,0
RCR000006303,RCT000006303,U0001419,0,,0
RCR000006304,RCT000006304,U0006556,0,,0
RCR000006305,RCT000006305,U0001757,0,,0
RCR000006306,RCT000006306,U0007461,0,,0
RCR000006307,RCT000006307,U0003953,0,,0
RCR000006308,RCT000006308,U0004038,0,,0
RCR000006309,RCT000006309,U0001096,0,,0
RCR000006310,RCT000006310,U0005531,0,,0
RCR000006311,RCT000006311,U0001669,0,,0
RCR000006312,RCT000006312,U0011493,0,,0
RCR000006313,RCT000006313,U0007847,0,,0
RCR000006314,RCT000006314,U0004115,0,,0
RCR000006315,RCT000006315,U0009895,0,,0
RCR000006316,RCT000006316,U0008229,0,,0
RCR000006317,RCT000006317,U0010828,0,,0
RCR000006318,RCT000006318,U0002291,0,,0
RCR000006319,RCT000006319,U0007694,0,,0
RCR000006320,RCT000006320,U0009302,0,,0
RCR000006321,RCT000006321,U0003805,0,,0
RCR000006322,RCT000006322,U0011463,0,,0
RCR000006323,RCT000006323,U0003040,0,,0
RCR000006324,RCT000006324,U0005292,0,,0
RCR000006325,RCT000006325,U0006809,0,,0
RCR000006326,RCT000006326,U0002530,0,,0
RCR000006327,RCT000006327,U0007877,0,,0
RCR000006328,RCT000006328,U0006156,0,,0
RCR000006329,RCT000006329,U0003578,0,,0
RCR000006330,RCT000006330,U0000759,0,,0
RCR000006331,RCT000006331,U0006044,0,,0
RCR000006332,RCT000006332,U0001534,1,2026-06-26 14:00:00,7
RCR000006333,RCT000006333,U0006772,0,,0
RCR000006334,RCT000006334,U0008267,0,,0
RCR000006335,RCT000006335,U0002982,0,,0
RCR000006336,RCT000006336,U0002436,0,,0
RCR000006337,RCT000006337,U0000558,0,,0
RCR000006338,RCT000006338,U0009935,0,,0
RCR000006339,RCT000006339,U0000920,1,2026-06-28 21:00:00,5
RCR000006340,RCT000006340,U0009259,0,,0
RCR000006341,RCT000006341,U0005705,0,,0
RCR000006342,RCT000006342,U0010472,0,,0
RCR000006343,RCT000006343,U0007816,0,,0
RCR000006344,RCT000006344,U0011660,0,,0
RCR000006345,RCT000006345,U0002292,0,,0
RCR000006346,RCT000006346,U0005795,0,,0
RCR000006347,RCT000006347,U0007215,0,,0
RCR000006348,RCT000006348,U0005086,0,,0
RCR000006349,RCT000006349,U0000915,0,,0
RCR000006350,RCT000006350,U0011140,0,,0
RCR000006351,RCT000006351,U0001873,0,,0
RCR000006352,RCT000006352,U0001169,0,,0
RCR000006353,RCT000006353,U0000972,0,,0
RCR000006354,RCT000006354,U0001783,0,,0
RCR000006355,RCT000006355,U0007324,0,,0
RCR000006356,RCT000006356,U0000087,0,,0
RCR000006357,RCT000006357,U0000966,0,,0
RCR000006358,RCT000006358,U0001722,0,,0
RCR000006359,RCT000006359,U0000550,0,,0
RCR000006360,RCT000006360,U0007660,0,,0
RCR000006361,RCT000006361,U0008221,0,,0
RCR000006362,RCT000006362,U0003436,0,,0
RCR000006363,RCT000006363,U0010221,0,,0
RCR000006364,RCT000006364,U0000085,0,,0
RCR000006365,RCT000006365,U0008228,0,,0
RCR000006366,RCT000006366,U0006341,0,,0
RCR000006367,RCT000006367,U0010241,0,,0
RCR000006368,RCT000006368,U0006747,1,2026-02-19 16:00:00,3
RCR000006369,RCT000006369,U0009158,0,,0
RCR000006370,RCT000006370,U0008008,0,,0
RCR000006371,RCT000006371,U0001661,0,,0
RCR000006372,RCT000006372,U0010007,0,,0
RCR000006373,RCT000006373,U0004465,0,,0
RCR000006374,RCT000006374,U0008448,0,,0
RCR000006375,RCT000006375,U0000326,1,2026-05-28 02:00:00,2
RCR000006376,RCT000006376,U0001549,0,,0
RCR000006377,RCT000006377,U0005633,0,,0
RCR000006378,RCT000006378,U0011899,1,2026-05-31 13:00:00,1
RCR000006379,RCT000006379,U0010559,0,,0
RCR000006380,RCT000006380,U0010003,0,,0
RCR000006381,RCT000006381,U0009668,0,,0
RCR000006382,RCT000006382,U0006664,0,,0
RCR000006383,RCT000006383,U0006104,0,,0
RCR000006384,RCT000006384,U0001773,0,,0
RCR000006385,RCT000006385,U0004886,0,,0
RCR000006386,RCT000006386,U0002960,0,,0
RCR000006387,RCT000006387,U0000685,0,,0
RCR000006388,RCT000006388,U0005170,0,,0
RCR000006389,RCT000006389,U0003009,0,,0
RCR000006390,RCT000006390,U0011650,0,,0
RCR000006391,RCT000006391,U0002562,0,,0
RCR000006392,RCT000006392,U0010571,0,,0
RCR000006393,RCT000006393,U0009760,0,,0
RCR000006394,RCT000006394,U0005314,0,,0
RCR000006395,RCT000006395,U0007713,0,,0
RCR000006396,RCT000006396,U0004774,0,,0
RCR000006397,RCT000006397,U0010916,1,2026-03-27 03:00:00,6
RCR000006398,RCT000006398,U0004990,0,,0
RCR000006399,RCT000006399,U0010462,0,,0
RCR000006400,RCT000006400,U0009426,0,,0
RCR000006401,RCT000006401,U0004885,0,,0
RCR000006402,RCT000006402,U0000951,0,,0
RCR000006403,RCT000006403,U0006713,0,,0
RCR000006404,RCT000006404,U0006120,1,2026-06-28 01:00:00,2
RCR000006405,RCT000006405,U0007142,0,,0
RCR000006406,RCT000006406,U0005069,0,,0
RCR000006407,RCT000006407,U0006621,0,,0
RCR000006408,RCT000006408,U0008612,0,,0
RCR000006409,RCT000006409,U0000057,1,2026-02-16 18:00:00,2
RCR000006410,RCT000006410,U0003881,0,,0
RCR000006411,RCT000006411,U0002710,0,,0
RCR000006412,RCT000006412,U0005006,0,,0
RCR000006413,RCT000006413,U0005627,0,,0
RCR000006414,RCT000006414,U0011417,0,,0
RCR000006415,RCT000006415,U0004272,0,,0
RCR000006416,RCT000006416,U0009745,0,,0
RCR000006417,RCT000006417,U0006521,0,,0
RCR000006418,RCT000006418,U0010001,0,,0
RCR000006419,RCT000006419,U0009455,0,,0
RCR000006420,RCT000006420,U0006507,0,,0
RCR000006421,RCT000006421,U0009513,0,,0
RCR000006422,RCT000006422,U0011844,0,,0
RCR000006423,RCT000006423,U0006390,0,,0
RCR000006424,RCT000006424,U0010899,0,,0
RCR000006425,RCT000006425,U0005737,0,,0
RCR000006426,RCT000006426,U0010765,0,,0
RCR000006427,RCT000006427,U0009735,0,,0
RCR000006428,RCT000006428,U0005203,0,,0
RCR000006429,RCT000006429,U0007458,0,,0
RCR000006430,RCT000006430,U0003750,0,,0
RCR000006431,RCT000006431,U0007506,0,,0
RCR000006432,RCT000006432,U0003062,0,,0
RCR000006433,RCT000006433,U0001129,0,,0
RCR000006434,RCT000006434,U0011010,0,,0
RCR000006435,RCT000006435,U0006884,0,,0
RCR000006436,RCT000006436,U0006893,0,,0
RCR000006437,RCT000006437,U0005569,0,,0
RCR000006438,RCT000006438,U0009627,0,,0
RCR000006439,RCT000006439,U0007031,0,,0
RCR000006440,RCT000006440,U0011754,0,,0
RCR000006441,RCT000006441,U0009731,1,2026-05-29 15:00:00,5
RCR000006442,RCT000006442,U0009517,0,,0
RCR000006443,RCT000006443,U0003770,0,,0
RCR000006444,RCT000006444,U0001108,0,,0
RCR000006445,RCT000006445,U0005613,0,,0
RCR000006446,RCT000006446,U0004089,0,,0
RCR000006447,RCT000006447,U0007738,0,,0
RCR000006448,RCT000006448,U0008275,0,,0
RCR000006449,RCT000006449,U0007774,0,,0
RCR000006450,RCT000006450,U0010721,0,,0
RCR000006451,RCT000006451,U0011169,0,,0
RCR000006452,RCT000006452,U0010551,0,,0
RCR000006453,RCT000006453,U0000430,0,,0
RCR000006454,RCT000006454,U0006200,0,,0
RCR000006455,RCT000006455,U0005154,1,2026-05-23 00:00:00,6
RCR000006456,RCT000006456,U0004489,0,,0
RCR000006457,RCT000006457,U0002075,0,,0
RCR000006458,RCT000006458,U0006031,0,,0
RCR000006459,RCT000006459,U0008598,0,,0
RCR000006460,RCT000006460,U0008801,0,,0
RCR000006461,RCT000006461,U0001540,0,,0
RCR000006462,RCT000006462,U0011077,0,,0
RCR000006463,RCT000006463,U0000549,0,,0
RCR000006464,RCT000006464,U0011836,0,,0
RCR000006465,RCT000006465,U0009544,0,,0
RCR000006466,RCT000006466,U0011985,0,,0
RCR000006467,RCT000006467,U0011700,0,,0
RCR000006468,RCT000006468,U0002008,0,,0
RCR000006469,RCT000006469,U0004449,0,,0
RCR000006470,RCT000006470,U0006432,0,,0
RCR000006471,RCT000006471,U0011843,0,,0
RCR000006472,RCT000006472,U0010353,0,,0
RCR000006473,RCT000006473,U0001745,0,,0
RCR000006474,RCT000006474,U0001231,0,,0
RCR000006475,RCT000006475,U0003822,0,,0
RCR000006476,RCT000006476,U0006174,1,2026-04-19 12:00:00,2
RCR000006477,RCT000006477,U0011424,0,,0
RCR000006478,RCT000006478,U0000295,0,,0
RCR000006479,RCT000006479,U0009028,0,,0
RCR000006480,RCT000006480,U0011879,0,,0
RCR000006481,RCT000006481,U0003343,0,,0
RCR000006482,RCT000006482,U0006156,0,,0
RCR000006483,RCT000006483,U0007072,0,,0
RCR000006484,RCT000006484,U0010571,0,,0
RCR000006485,RCT000006485,U0006292,0,,0
RCR000006486,RCT000006486,U0000943,1,2026-03-18 01:00:00,2
RCR000006487,RCT000006487,U0005737,0,,0
RCR000006488,RCT000006488,U0000101,0,,0
RCR000006489,RCT000006489,U0008936,0,,0
RCR000006490,RCT000006490,U0005659,0,,0
RCR000006491,RCT000006491,U0001600,1,2026-06-27 14:00:00,1
RCR000006492,RCT000006492,U0002833,0,,0
RCR000006493,RCT000006493,U0007721,0,,0
RCR000006494,RCT000006494,U0005835,0,,0
RCR000006495,RCT000006495,U0002239,0,,0
RCR000006496,RCT000006496,U0011394,0,,0
RCR000006497,RCT000006497,U0002457,0,,0
RCR000006498,RCT000006498,U0002947,0,,0
RCR000006499,RCT000006499,U0002868,0,,0
RCR000006500,RCT000006500,U0006156,0,,0
RCR000006501,RCT000006501,U0007332,0,,0
RCR000006502,RCT000006502,U0009368,0,,0
RCR000006503,RCT000006503,U0003999,0,,0
RCR000006504,RCT000006504,U0000305,0,,0
RCR000006505,RCT000006505,U0002576,0,,0
RCR000006506,RCT000006506,U0009050,0,,0
RCR000006507,RCT000006507,U0001194,0,,0
RCR000006508,RCT000006508,U0005232,0,,0
RCR000006509,RCT000006509,U0001783,0,,0
RCR000006510,RCT000006510,U0007459,0,,0
RCR000006511,RCT000006511,U0005312,0,,0
RCR000006512,RCT000006512,U0005801,0,,0
RCR000006513,RCT000006513,U0000735,0,,0
RCR000006514,RCT000006514,U0007713,0,,0
RCR000006515,RCT000006515,U0011412,0,,0
RCR000006516,RCT000006516,U0008360,0,,0
RCR000006517,RCT000006517,U0003010,0,,0
RCR000006518,RCT000006518,U0002961,0,,0
RCR000006519,RCT000006519,U0001423,0,,0
RCR000006520,RCT000006520,U0009329,0,,0
RCR000006521,RCT000006521,U0002428,0,,0
RCR000006522,RCT000006522,U0004282,0,,0
RCR000006523,RCT000006523,U0010034,0,,0
RCR000006524,RCT000006524,U0011438,0,,0
RCR000006525,RCT000006525,U0001782,0,,0
RCR000006526,RCT000006526,U0006745,0,,0
RCR000006527,RCT000006527,U0008238,0,,0
RCR000006528,RCT000006528,U0001906,0,,0
RCR000006529,RCT000006529,U0006407,0,,0
RCR000006530,RCT000006530,U0004035,0,,0
RCR000006531,RCT000006531,U0008946,1,2026-02-27 12:00:00,5
RCR000006532,RCT000006532,U0010583,0,,0
RCR000006533,RCT000006533,U0004400,0,,0
RCR000006534,RCT000006534,U0005031,0,,0
RCR000006535,RCT000006535,U0005774,0,,0
RCR000006536,RCT000006536,U0001253,0,,0
RCR000006537,RCT000006537,U0001243,0,,0
RCR000006538,RCT000006538,U0001857,0,,0
RCR000006539,RCT000006539,U0011091,0,,0
RCR000006540,RCT000006540,U0001981,0,,0
RCR000006541,RCT000006541,U0005223,0,,0
RCR000006542,RCT000006542,U0010202,0,,0
RCR000006543,RCT000006543,U0000389,0,,0
RCR000006544,RCT000006544,U0006824,0,,0
RCR000006545,RCT000006545,U0008524,1,2026-08-04 14:00:00,1
RCR000006546,RCT000006546,U0005387,0,,0
RCR000006547,RCT000006547,U0007375,0,,0
RCR000006548,RCT000006548,U0010509,0,,0
RCR000006549,RCT000006549,U0006932,0,,0
RCR000006550,RCT000006550,U0002949,1,2026-08-03 02:00:00,5
RCR000006551,RCT000006551,U0000695,0,,0
RCR000006552,RCT000006552,U0009911,1,2026-02-16 03:00:00,3
RCR000006553,RCT000006553,U0003367,0,,0
RCR000006554,RCT000006554,U0001469,0,,0
RCR000006555,RCT000006555,U0004268,0,,0
RCR000006556,RCT000006556,U0002309,0,,0
RCR000006557,RCT000006557,U0008790,0,,0
RCR000006558,RCT000006558,U0006766,0,,0
RCR000006559,RCT000006559,U0006815,0,,0
RCR000006560,RCT000006560,U0009583,0,,0
RCR000006561,RCT000006561,U0001670,0,,0
RCR000006562,RCT000006562,U0004738,0,,0
RCR000006563,RCT000006563,U0006327,0,,0
RCR000006564,RCT000006564,U0003267,0,,0
RCR000006565,RCT000006565,U0000223,0,,0
RCR000006566,RCT000006566,U0002987,0,,0
RCR000006567,RCT000006567,U0002505,0,,0
RCR000006568,RCT000006568,U0005430,0,,0
RCR000006569,RCT000006569,U0011651,0,,0
RCR000006570,RCT000006570,U0009851,0,,0
RCR000006571,RCT000006571,U0009635,0,,0
RCR000006572,RCT000006572,U0003460,0,,0
RCR000006573,RCT000006573,U0010701,0,,0
RCR000006574,RCT000006574,U0003672,0,,0
RCR000006575,RCT000006575,U0003309,0,,0
RCR000006576,RCT000006576,U0006464,0,,0
RCR000006577,RCT000006577,U0004655,0,,0
RCR000006578,RCT000006578,U0008585,0,,0
RCR000006579,RCT000006579,U0011987,0,,0
RCR000006580,RCT000006580,U0011139,0,,0
RCR000006581,RCT000006581,U0011681,0,,0
RCR000006582,RCT000006582,U0004247,0,,0
RCR000006583,RCT000006583,U0000195,0,,0
RCR000006584,RCT000006584,U0005814,0,,0
RCR000006585,RCT000006585,U0008182,0,,0
RCR000006586,RCT000006586,U0007420,0,,0
RCR000006587,RCT000006587,U0003892,0,,0
RCR000006588,RCT000006588,U0005278,0,,0
RCR000006589,RCT000006589,U0011756,0,,0
RCR000006590,RCT000006590,U0010450,1,2026-02-16 04:00:00,1
RCR000006591,RCT000006591,U0010773,0,,0
RCR000006592,RCT000006592,U0007834,0,,0
RCR000006593,RCT000006593,U0007591,0,,0
RCR000006594,RCT000006594,U0003979,0,,0
RCR000006595,RCT000006595,U0010582,0,,0
RCR000006596,RCT000006596,U0000278,0,,0
RCR000006597,RCT000006597,U0004774,0,,0
RCR000006598,RCT000006598,U0005283,1,2026-06-02 18:00:00,2
RCR000006599,RCT000006599,U0010520,0,,0
RCR000006600,RCT000006600,U0010332,0,,0
RCR000006601,RCT000006601,U0001677,0,,0
RCR000006602,RCT000006602,U0003688,0,,0
RCR000006603,RCT000006603,U0001540,0,,0
RCR000006604,RCT000006604,U0006009,0,,0
RCR000006605,RCT000006605,U0009791,0,,0
RCR000006606,RCT000006606,U0003100,1,2026-03-26 11:00:00,4
RCR000006607,RCT000006607,U0004709,0,,0
RCR000006608,RCT000006608,U0002938,0,,0
RCR000006609,RCT000006609,U0000735,0,,0
RCR000006610,RCT000006610,U0011830,0,,0
RCR000006611,RCT000006611,U0010512,0,,0
RCR000006612,RCT000006612,U0003814,0,,0
RCR000006613,RCT000006613,U0001223,0,,0
RCR000006614,RCT000006614,U0006237,0,,0
RCR000006615,RCT000006615,U0008964,0,,0
RCR000006616,RCT000006616,U0010273,0,,0
RCR000006617,RCT000006617,U0005498,0,,0
RCR000006618,RCT000006618,U0010007,0,,0
RCR000006619,RCT000006619,U0001667,1,2026-02-07 18:00:00,1
RCR000006620,RCT000006620,U0011733,0,,0
RCR000006621,RCT000006621,U0010093,0,,0
RCR000006622,RCT000006622,U0007882,0,,0
RCR000006623,RCT000006623,U0005356,0,,0
RCR000006624,RCT000006624,U0008456,0,,0
RCR000006625,RCT000006625,U0000849,0,,0
RCR000006626,RCT000006626,U0011509,0,,0
RCR000006627,RCT000006627,U0010765,1,2026-06-25 01:00:00,6
RCR000006628,RCT000006628,U0005170,0,,0
RCR000006629,RCT000006629,U0001895,0,,0
RCR000006630,RCT000006630,U0005323,1,2026-05-31 11:00:00,5
RCR000006631,RCT000006631,U0001495,0,,0
RCR000006632,RCT000006632,U0009228,1,2026-06-24 20:00:00,4
RCR000006633,RCT000006633,U0006598,1,2026-02-11 01:00:00,5
RCR000006634,RCT000006634,U0001816,0,,0
RCR000006635,RCT000006635,U0005491,0,,0
RCR000006636,RCT000006636,U0008999,0,,0
RCR000006637,RCT000006637,U0007592,0,,0
RCR000006638,RCT000006638,U0004528,0,,0
RCR000006639,RCT000006639,U0000795,0,,0
RCR000006640,RCT000006640,U0000203,0,,0
RCR000006641,RCT000006641,U0004629,1,2026-03-07 16:00:00,6
RCR000006642,RCT000006642,U0010294,0,,0
RCR000006643,RCT000006643,U0001052,1,2026-05-23 11:00:00,2
RCR000006644,RCT000006644,U0000641,0,,0
RCR000006645,RCT000006645,U0006996,0,,0
RCR000006646,RCT000006646,U0008251,0,,0
RCR000006647,RCT000006647,U0006014,0,,0
RCR000006648,RCT000006648,U0002349,0,,0
RCR000006649,RCT000006649,U0009760,0,,0
RCR000006650,RCT000006650,U0007427,0,,0
RCR000006651,RCT000006651,U0005048,0,,0
RCR000006652,RCT000006652,U0008417,0,,0
RCR000006653,RCT000006653,U0006731,0,,0
RCR000006654,RCT000006654,U0001262,0,,0
RCR000006655,RCT000006655,U0009933,0,,0
RCR000006656,RCT000006656,U0010193,0,,0
RCR000006657,RCT000006657,U0008122,0,,0
RCR000006658,RCT000006658,U0010506,0,,0
RCR000006659,RCT000006659,U0005785,1,2026-03-25 02:00:00,3
RCR000006660,RCT000006660,U0005511,0,,0
RCR000006661,RCT000006661,U0003698,0,,0
RCR000006662,RCT000006662,U0004820,0,,0
RCR000006663,RCT000006663,U0011085,0,,0
RCR000006664,RCT000006664,U0003736,0,,0
RCR000006665,RCT000006665,U0008781,0,,0
RCR000006666,RCT000006666,U0009111,0,,0
RCR000006667,RCT000006667,U0003940,0,,0
RCR000006668,RCT000006668,U0006875,0,,0
RCR000006669,RCT000006669,U0006127,0,,0
RCR000006670,RCT000006670,U0008332,0,,0
RCR000006671,RCT000006671,U0005564,0,,0
RCR000006672,RCT000006672,U0010460,0,,0
RCR000006673,RCT000006673,U0010703,0,,0
RCR000006674,RCT000006674,U0011310,0,,0
RCR000006675,RCT000006675,U0005086,0,,0
RCR000006676,RCT000006676,U0000500,0,,0
RCR000006677,RCT000006677,U0000188,0,,0
RCR000006678,RCT000006678,U0002064,0,,0
RCR000006679,RCT000006679,U0007058,0,,0
RCR000006680,RCT000006680,U0008251,0,,0
RCR000006681,RCT000006681,U0008115,0,,0
RCR000006682,RCT000006682,U0002664,0,,0
RCR000006683,RCT000006683,U0004532,0,,0
RCR000006684,RCT000006684,U0009953,0,,0
RCR000006685,RCT000006685,U0004525,1,2026-02-21 21:00:00,6
RCR000006686,RCT000006686,U0009803,0,,0
RCR000006687,RCT000006687,U0001482,0,,0
RCR000006688,RCT000006688,U0001522,0,,0
RCR000006689,RCT000006689,U0001755,0,,0
RCR000006690,RCT000006690,U0008140,0,,0
RCR000006691,RCT000006691,U0007664,0,,0
RCR000006692,RCT000006692,U0009455,1,2026-07-29 03:00:00,2
RCR000006693,RCT000006693,U0003424,0,,0
RCR000006694,RCT000006694,U0002838,0,,0
RCR000006695,RCT000006695,U0010123,0,,0
RCR000006696,RCT000006696,U0003009,0,,0
RCR000006697,RCT000006697,U0010522,1,2026-07-30 21:00:00,1
RCR000006698,RCT000006698,U0008831,0,,0
RCR000006699,RCT000006699,U0004260,0,,0
RCR000006700,RCT000006700,U0005336,0,,0
RCR000006701,RCT000006701,U0007138,0,,0
RCR000006702,RCT000006702,U0009592,0,,0
RCR000006703,RCT000006703,U0009049,0,,0
RCR000006704,RCT000006704,U0004322,0,,0
RCR000006705,RCT000006705,U0010752,0,,0
RCR000006706,RCT000006706,U0003290,0,,0
RCR000006707,RCT000006707,U0010294,1,2026-07-01 03:00:00,1
RCR000006708,RCT000006708,U0007537,0,,0
RCR000006709,RCT000006709,U0009426,0,,0
RCR000006710,RCT000006710,U0008002,0,,0
RCR000006711,RCT000006711,U0009193,0,,0
RCR000006712,RCT000006712,U0006108,1,2026-02-21 23:00:00,4
RCR000006713,RCT000006713,U0001586,1,2026-02-15 12:00:00,3
RCR000006714,RCT000006714,U0000393,0,,0
RCR000006715,RCT000006715,U0009661,0,,0
RCR000006716,RCT000006716,U0008789,0,,0
RCR000006717,RCT000006717,U0000189,0,,0
RCR000006718,RCT000006718,U0000737,0,,0
RCR000006719,RCT000006719,U0004702,0,,0
RCR000006720,RCT000006720,U0002175,0,,0
RCR000006721,RCT000006721,U0002971,0,,0
RCR000006722,RCT000006722,U0003475,0,,0
RCR000006723,RCT000006723,U0004997,0,,0
RCR000006724,RCT000006724,U0010388,0,,0
RCR000006725,RCT000006725,U0002233,1,2026-06-26 00:00:00,6
RCR000006726,RCT000006726,U0004619,0,,0
RCR000006727,RCT000006727,U0005304,0,,0
RCR000006728,RCT000006728,U0011548,0,,0
RCR000006729,RCT000006729,U0009627,0,,0
RCR000006730,RCT000006730,U0005859,0,,0
RCR000006731,RCT000006731,U0005264,0,,0
RCR000006732,RCT000006732,U0005193,0,,0
RCR000006733,RCT000006733,U0009518,0,,0
RCR000006734,RCT000006734,U0000446,0,,0
RCR000006735,RCT000006735,U0008340,0,,0
RCR000006736,RCT000006736,U0010494,0,,0
RCR000006737,RCT000006737,U0000129,0,,0
RCR000006738,RCT000006738,U0006751,0,,0
RCR000006739,RCT000006739,U0009952,0,,0
RCR000006740,RCT000006740,U0001322,0,,0
RCR000006741,RCT000006741,U0007315,0,,0
RCR000006742,RCT000006742,U0001204,0,,0
RCR000006743,RCT000006743,U0008317,0,,0
RCR000006744,RCT000006744,U0009746,0,,0
RCR000006745,RCT000006745,U0001862,0,,0
RCR000006746,RCT000006746,U0011129,0,,0
RCR000006747,RCT000006747,U0004715,0,,0
RCR000006748,RCT000006748,U0005785,0,,0
RCR000006749,RCT000006749,U0009017,1,2026-05-26 23:00:00,5
RCR000006750,RCT000006750,U0004135,0,,0
RCR000006751,RCT000006751,U0011206,0,,0
RCR000006752,RCT000006752,U0003641,0,,0
RCR000006753,RCT000006753,U0005438,0,,0
RCR000006754,RCT000006754,U0005752,0,,0
RCR000006755,RCT000006755,U0001439,0,,0
RCR000006756,RCT000006756,U0008092,1,2026-05-26 05:00:00,3
RCR000006757,RCT000006757,U0011925,0,,0
RCR000006758,RCT000006758,U0000028,0,,0
RCR000006759,RCT000006759,U0010225,0,,0
RCR000006760,RCT000006760,U0005627,1,2026-02-21 17:00:00,3
RCR000006761,RCT000006761,U0007339,0,,0
RCR000006762,RCT000006762,U0006134,0,,0
RCR000006763,RCT000006763,U0008508,0,,0
RCR000006764,RCT000006764,U0008770,0,,0
RCR000006765,RCT000006765,U0009931,0,,0
RCR000006766,RCT000006766,U0002612,0,,0
RCR000006767,RCT000006767,U0003248,1,2026-03-26 12:00:00,4
RCR000006768,RCT000006768,U0011197,1,2026-04-27 05:00:00,5
RCR000006769,RCT000006769,U0005287,0,,0
RCR000006770,RCT000006770,U0003696,0,,0
RCR000006771,RCT000006771,U0009656,0,,0
RCR000006772,RCT000006772,U0001666,1,2026-06-26 06:00:00,4
RCR000006773,RCT000006773,U0002898,0,,0
RCR000006774,RCT000006774,U0003428,0,,0
RCR000006775,RCT000006775,U0002444,0,,0
RCR000006776,RCT000006776,U0000201,0,,0
RCR000006777,RCT000006777,U0001569,0,,0
RCR000006778,RCT000006778,U0000719,0,,0
RCR000006779,RCT000006779,U0006852,0,,0
RCR000006780,RCT000006780,U0001295,0,,0
RCR000006781,RCT000006781,U0010377,0,,0
RCR000006782,RCT000006782,U0011578,0,,0
RCR000006783,RCT000006783,U0003330,0,,0
RCR000006784,RCT000006784,U0010688,0,,0
RCR000006785,RCT000006785,U0000849,0,,0
RCR000006786,RCT000006786,U0008664,0,,0
RCR000006787,RCT000006787,U0007395,0,,0
RCR000006788,RCT000006788,U0007059,0,,0
RCR000006789,RCT000006789,U0009044,0,,0
RCR000006790,RCT000006790,U0004001,1,2026-04-28 06:00:00,5
RCR000006791,RCT000006791,U0004618,0,,0
RCR000006792,RCT000006792,U0009946,0,,0
RCR000006793,RCT000006793,U0002154,0,,0
RCR000006794,RCT000006794,U0011396,0,,0
RCR000006795,RCT000006795,U0006344,0,,0
RCR000006796,RCT000006796,U0005977,0,,0
RCR000006797,RCT000006797,U0009035,0,,0
RCR000006798,RCT000006798,U0001918,0,,0
RCR000006799,RCT000006799,U0006964,0,,0
RCR000006800,RCT000006800,U0007553,0,,0
RCR000006801,RCT000006801,U0006545,0,,0
RCR000006802,RCT000006802,U0005845,0,,0
RCR000006803,RCT000006803,U0005579,0,,0
RCR000006804,RCT000006804,U0011477,1,2026-05-26 01:00:00,4
RCR000006805,RCT000006805,U0007470,0,,0
RCR000006806,RCT000006806,U0009523,0,,0
RCR000006807,RCT000006807,U0004467,1,2026-06-20 04:00:00,1
RCR000006808,RCT000006808,U0006190,0,,0
RCR000006809,RCT000006809,U0011016,0,,0
RCR000006810,RCT000006810,U0001802,0,,0
RCR000006811,RCT000006811,U0000679,0,,0
RCR000006812,RCT000006812,U0010263,0,,0
RCR000006813,RCT000006813,U0003384,0,,0
RCR000006814,RCT000006814,U0006332,0,,0
RCR000006815,RCT000006815,U0000176,0,,0
RCR000006816,RCT000006816,U0008000,0,,0
RCR000006817,RCT000006817,U0007492,0,,0
RCR000006818,RCT000006818,U0002495,0,,0
RCR000006819,RCT000006819,U0011951,0,,0
RCR000006820,RCT000006820,U0007031,0,,0
RCR000006821,RCT000006821,U0011124,0,,0
RCR000006822,RCT000006822,U0007708,0,,0
RCR000006823,RCT000006823,U0007238,0,,0
RCR000006824,RCT000006824,U0001163,0,,0
RCR000006825,RCT000006825,U0002265,0,,0
RCR000006826,RCT000006826,U0001515,0,,0
RCR000006827,RCT000006827,U0007508,1,2026-02-17 14:00:00,2
RCR000006828,RCT000006828,U0000855,0,,0
RCR000006829,RCT000006829,U0006360,0,,0
RCR000006830,RCT000006830,U0009765,0,,0
RCR000006831,RCT000006831,U0009899,0,,0
RCR000006832,RCT000006832,U0001966,0,,0
RCR000006833,RCT000006833,U0003112,0,,0
RCR000006834,RCT000006834,U0008369,0,,0
RCR000006835,RCT000006835,U0011538,0,,0
RCR000006836,RCT000006836,U0005331,0,,0
RCR000006837,RCT000006837,U0007604,0,,0
RCR000006838,RCT000006838,U0005682,0,,0
RCR000006839,RCT000006839,U0003190,0,,0
RCR000006840,RCT000006840,U0005579,0,,0
RCR000006841,RCT000006841,U0002516,0,,0
RCR000006842,RCT000006842,U0002940,0,,0
RCR000006843,RCT000006843,U0002829,0,,0
RCR000006844,RCT000006844,U0010621,0,,0
RCR000006845,RCT000006845,U0002517,1,2026-07-28 20:00:00,4
RCR000006846,RCT000006846,U0006019,0,,0
RCR000006847,RCT000006847,U0002651,0,,0
RCR000006848,RCT000006848,U0009509,1,2026-06-26 15:00:00,3
RCR000006849,RCT000006849,U0008749,1,2026-03-27 09:00:00,1
RCR000006850,RCT000006850,U0005917,0,,0
RCR000006851,RCT000006851,U0006016,0,,0
RCR000006852,RCT000006852,U0004116,0,,0
RCR000006853,RCT000006853,U0001714,0,,0
RCR000006854,RCT000006854,U0008837,0,,0
RCR000006855,RCT000006855,U0007488,0,,0
RCR000006856,RCT000006856,U0011021,0,,0
RCR000006857,RCT000006857,U0001605,0,,0
RCR000006858,RCT000006858,U0008634,0,,0
RCR000006859,RCT000006859,U0009699,0,,0
RCR000006860,RCT000006860,U0005949,0,,0
RCR000006861,RCT000006861,U0007083,0,,0
RCR000006862,RCT000006862,U0004674,1,2026-08-02 17:00:00,6
RCR000006863,RCT000006863,U0006795,0,,0
RCR000006864,RCT000006864,U0005149,0,,0
RCR000006865,RCT000006865,U0002875,0,,0
RCR000006866,RCT000006866,U0009057,0,,0
RCR000006867,RCT000006867,U0009621,0,,0
RCR000006868,RCT000006868,U0009000,1,2026-02-19 13:00:00,6
RCR000006869,RCT000006869,U0009966,0,,0
RCR000006870,RCT000006870,U0001995,1,2026-04-10 21:00:00,5
RCR000006871,RCT000006871,U0009439,0,,0
RCR000006872,RCT000006872,U0007615,0,,0
RCR000006873,RCT000006873,U0005220,0,,0
RCR000006874,RCT000006874,U0000656,0,,0
RCR000006875,RCT000006875,U0001397,0,,0
RCR000006876,RCT000006876,U0007004,0,,0
RCR000006877,RCT000006877,U0008295,0,,0
RCR000006878,RCT000006878,U0009649,0,,0
RCR000006879,RCT000006879,U0008311,0,,0
RCR000006880,RCT000006880,U0011863,0,,0
RCR000006881,RCT000006881,U0009614,0,,0
RCR000006882,RCT000006882,U0002721,0,,0
RCR000006883,RCT000006883,U0010393,0,,0
RCR000006884,RCT000006884,U0004812,0,,0
RCR000006885,RCT000006885,U0007272,0,,0
RCR000006886,RCT000006886,U0010852,0,,0
RCR000006887,RCT000006887,U0011123,0,,0
RCR000006888,RCT000006888,U0003836,0,,0
RCR000006889,RCT000006889,U0007041,0,,0
RCR000006890,RCT000006890,U0004652,0,,0
RCR000006891,RCT000006891,U0011144,0,,0
RCR000006892,RCT000006892,U0003040,0,,0
RCR000006893,RCT000006893,U0010474,0,,0
RCR000006894,RCT000006894,U0005049,0,,0
RCR000006895,RCT000006895,U0005682,0,,0
RCR000006896,RCT000006896,U0009285,0,,0
RCR000006897,RCT000006897,U0004272,0,,0
RCR000006898,RCT000006898,U0004593,0,,0
RCR000006899,RCT000006899,U0003780,0,,0
RCR000006900,RCT000006900,U0011640,0,,0
RCR000006901,RCT000006901,U0002067,0,,0
RCR000006902,RCT000006902,U0002282,0,,0
RCR000006903,RCT000006903,U0009878,0,,0
RCR000006904,RCT000006904,U0000857,0,,0
RCR000006905,RCT000006905,U0003262,0,,0
RCR000006906,RCT000006906,U0003276,1,2026-06-11 12:00:00,6
RCR000006907,RCT000006907,U0004638,0,,0
RCR000006908,RCT000006908,U0004324,0,,0
RCR000006909,RCT000006909,U0002767,0,,0
RCR000006910,RCT000006910,U0000248,0,,0
RCR000006911,RCT000006911,U0005000,0,,0
RCR000006912,RCT000006912,U0000545,0,,0
RCR000006913,RCT000006913,U0010625,0,,0
RCR000006914,RCT000006914,U0002059,0,,0
RCR000006915,RCT000006915,U0007659,0,,0
RCR000006916,RCT000006916,U0004467,0,,0
RCR000006917,RCT000006917,U0000345,0,,0
RCR000006918,RCT000006918,U0007027,0,,0
RCR000006919,RCT000006919,U0003707,0,,0
RCR000006920,RCT000006920,U0004505,0,,0
RCR000006921,RCT000006921,U0008710,0,,0
RCR000006922,RCT000006922,U0003367,0,,0
RCR000006923,RCT000006923,U0008859,0,,0
RCR000006924,RCT000006924,U0010710,0,,0
RCR000006925,RCT000006925,U0003810,0,,0
RCR000006926,RCT000006926,U0005873,0,,0
RCR000006927,RCT000006927,U0011384,0,,0
RCR000006928,RCT000006928,U0007660,0,,0
RCR000006929,RCT000006929,U0007836,0,,0
RCR000006930,RCT000006930,U0003555,1,2026-05-28 10:00:00,5
RCR000006931,RCT000006931,U0004596,0,,0
RCR000006932,RCT000006932,U0005881,0,,0
RCR000006933,RCT000006933,U0008617,0,,0
RCR000006934,RCT000006934,U0011092,0,,0
RCR000006935,RCT000006935,U0009071,0,,0
RCR000006936,RCT000006936,U0011782,0,,0
RCR000006937,RCT000006937,U0008300,0,,0
RCR000006938,RCT000006938,U0008926,0,,0
RCR000006939,RCT000006939,U0000969,0,,0
RCR000006940,RCT000006940,U0002492,0,,0
RCR000006941,RCT000006941,U0008418,0,,0
RCR000006942,RCT000006942,U0007144,0,,0
RCR000006943,RCT000006943,U0003391,1,2026-07-31 05:00:00,3
RCR000006944,RCT000006944,U0010946,0,,0
RCR000006945,RCT000006945,U0002993,0,,0
RCR000006946,RCT000006946,U0004804,0,,0
RCR000006947,RCT000006947,U0009779,0,,0
RCR000006948,RCT000006948,U0000835,0,,0
RCR000006949,RCT000006949,U0010996,0,,0
RCR000006950,RCT000006950,U0001004,0,,0
RCR000006951,RCT000006951,U0007410,0,,0
RCR000006952,RCT000006952,U0000012,1,2026-04-24 18:00:00,5
RCR000006953,RCT000006953,U0007130,0,,0
RCR000006954,RCT000006954,U0004591,0,,0
RCR000006955,RCT000006955,U0011266,0,,0
RCR000006956,RCT000006956,U0003408,1,2026-05-12 21:00:00,7
RCR000006957,RCT000006957,U0011476,0,,0
RCR000006958,RCT000006958,U0002480,0,,0
RCR000006959,RCT000006959,U0010093,0,,0
RCR000006960,RCT000006960,U0011625,0,,0
RCR000006961,RCT000006961,U0006520,1,2026-07-13 20:00:00,1
RCR000006962,RCT000006962,U0009881,0,,0
RCR000006963,RCT000006963,U0010241,0,,0
RCR000006964,RCT000006964,U0010453,0,,0
RCR000006965,RCT000006965,U0003318,0,,0
RCR000006966,RCT000006966,U0003384,0,,0
RCR000006967,RCT000006967,U0005049,0,,0
RCR000006968,RCT000006968,U0005822,0,,0
RCR000006969,RCT000006969,U0001231,0,,0
RCR000006970,RCT000006970,U0007532,0,,0
RCR000006971,RCT000006971,U0010694,0,,0
RCR000006972,RCT000006972,U0006351,0,,0
RCR000006973,RCT000006973,U0003844,0,,0
RCR000006974,RCT000006974,U0002946,0,,0
RCR000006975,RCT000006975,U0009290,0,,0
RCR000006976,RCT000006976,U0003232,0,,0
RCR000006977,RCT000006977,U0003688,0,,0
RCR000006978,RCT000006978,U0008858,0,,0
RCR000006979,RCT000006979,U0005640,0,,0
RCR000006980,RCT000006980,U0007016,0,,0
RCR000006981,RCT000006981,U0004023,0,,0
RCR000006982,RCT000006982,U0009741,0,,0
RCR000006983,RCT000006983,U0010590,0,,0
RCR000006984,RCT000006984,U0006585,1,2026-06-28 01:00:00,2
RCR000006985,RCT000006985,U0000927,0,,0
RCR000006986,RCT000006986,U0000942,0,,0
RCR000006987,RCT000006987,U0008275,0,,0
RCR000006988,RCT000006988,U0003067,0,,0
RCR000006989,RCT000006989,U0008673,0,,0
RCR000006990,RCT000006990,U0011938,1,2026-02-10 13:00:00,4
RCR000006991,RCT000006991,U0007546,0,,0
RCR000006992,RCT000006992,U0005284,1,2026-03-20 09:00:00,4
RCR000006993,RCT000006993,U0006751,1,2026-02-16 04:00:00,7
RCR000006994,RCT000006994,U0005680,0,,0
RCR000006995,RCT000006995,U0002280,0,,0
RCR000006996,RCT000006996,U0007347,0,,0
RCR000006997,RCT000006997,U0001541,0,,0
RCR000006998,RCT000006998,U0007758,0,,0
RCR000006999,RCT000006999,U0010991,0,,0
RCR000007000,RCT000007000,U0005292,0,,0
RCR000007001,RCT000007001,U0010657,0,,0
RCR000007002,RCT000007002,U0007694,0,,0
RCR000007003,RCT000007003,U0008159,0,,0
RCR000007004,RCT000007004,U0001098,1,2026-04-12 05:00:00,3
RCR000007005,RCT000007005,U0009211,0,,0
RCR000007006,RCT000007006,U0000252,0,,0
RCR000007007,RCT000007007,U0001362,0,,0
RCR000007008,RCT000007008,U0005545,0,,0
RCR000007009,RCT000007009,U0004023,0,,0
RCR000007010,RCT000007010,U0007566,0,,0
RCR000007011,RCT000007011,U0003991,0,,0
RCR000007012,RCT000007012,U0003408,0,,0
RCR000007013,RCT000007013,U0001787,0,,0
RCR000007014,RCT000007014,U0009150,0,,0
RCR000007015,RCT000007015,U0000827,0,,0
RCR000007016,RCT000007016,U0011369,0,,0
RCR000007017,RCT000007017,U0007885,0,,0
RCR000007018,RCT000007018,U0010010,0,,0
RCR000007019,RCT000007019,U0004152,0,,0
RCR000007020,RCT000007020,U0009111,0,,0
RCR000007021,RCT000007021,U0011904,0,,0
RCR000007022,RCT000007022,U0005280,0,,0
RCR000007023,RCT000007023,U0010673,0,,0
RCR000007024,RCT000007024,U0009081,0,,0
RCR000007025,RCT000007025,U0010094,0,,0
RCR000007026,RCT000007026,U0011073,0,,0
RCR000007027,RCT000007027,U0001601,0,,0
RCR000007028,RCT000007028,U0007982,0,,0
RCR000007029,RCT000007029,U0002545,0,,0
RCR000007030,RCT000007030,U0000849,1,2026-06-29 13:00:00,5
RCR000007031,RCT000007031,U0005967,0,,0
RCR000007032,RCT000007032,U0010813,0,,0
RCR000007033,RCT000007033,U0010545,1,2026-06-23 21:00:00,1
RCR000007034,RCT000007034,U0002367,0,,0
RCR000007035,RCT000007035,U0006429,0,,0
RCR000007036,RCT000007036,U0004408,0,,0
RCR000007037,RCT000007037,U0005545,0,,0
RCR000007038,RCT000007038,U0006645,0,,0
RCR000007039,RCT000007039,U0009336,0,,0
RCR000007040,RCT000007040,U0001838,0,,0
RCR000007041,RCT000007041,U0007839,0,,0
RCR000007042,RCT000007042,U0011491,0,,0
RCR000007043,RCT000007043,U0004924,0,,0
RCR000007044,RCT000007044,U0009015,0,,0
RCR000007045,RCT000007045,U0006462,0,,0
RCR000007046,RCT000007046,U0008802,0,,0
RCR000007047,RCT000007047,U0005848,1,2026-06-26 20:00:00,2
RCR000007048,RCT000007048,U0003265,0,,0
RCR000007049,RCT000007049,U0006521,0,,0
RCR000007050,RCT000007050,U0009644,0,,0
RCR000007051,RCT000007051,U0009672,0,,0
RCR000007052,RCT000007052,U0000659,0,,0
RCR000007053,RCT000007053,U0007141,0,,0
RCR000007054,RCT000007054,U0010587,0,,0
RCR000007055,RCT000007055,U0000747,0,,0
RCR000007056,RCT000007056,U0004030,0,,0
RCR000007057,RCT000007057,U0008494,0,,0
RCR000007058,RCT000007058,U0003071,0,,0
RCR000007059,RCT000007059,U0001185,0,,0
RCR000007060,RCT000007060,U0005220,0,,0
RCR000007061,RCT000007061,U0010599,0,,0
RCR000007062,RCT000007062,U0001988,0,,0
RCR000007063,RCT000007063,U0007282,0,,0
RCR000007064,RCT000007064,U0006382,0,,0
RCR000007065,RCT000007065,U0000145,0,,0
RCR000007066,RCT000007066,U0003214,0,,0
RCR000007067,RCT000007067,U0006195,0,,0
RCR000007068,RCT000007068,U0008338,0,,0
RCR000007069,RCT000007069,U0003642,0,,0
RCR000007070,RCT000007070,U0008252,1,2026-06-28 03:00:00,2
RCR000007071,RCT000007071,U0001742,0,,0
RCR000007072,RCT000007072,U0007594,0,,0
RCR000007073,RCT000007073,U0011397,0,,0
RCR000007074,RCT000007074,U0010462,0,,0
RCR000007075,RCT000007075,U0005659,0,,0
RCR000007076,RCT000007076,U0008507,0,,0
RCR000007077,RCT000007077,U0004306,0,,0
RCR000007078,RCT000007078,U0008332,0,,0
RCR000007079,RCT000007079,U0001424,0,,0
RCR000007080,RCT000007080,U0005367,0,,0
RCR000007081,RCT000007081,U0008567,0,,0
RCR000007082,RCT000007082,U0000376,0,,0
RCR000007083,RCT000007083,U0005354,0,,0
RCR000007084,RCT000007084,U0007935,0,,0
RCR000007085,RCT000007085,U0003101,0,,0
RCR000007086,RCT000007086,U0000631,0,,0
RCR000007087,RCT000007087,U0007062,0,,0
RCR000007088,RCT000007088,U0005014,0,,0
RCR000007089,RCT000007089,U0005965,0,,0
RCR000007090,RCT000007090,U0004030,0,,0
RCR000007091,RCT000007091,U0011392,0,,0
RCR000007092,RCT000007092,U0005579,0,,0
RCR000007093,RCT000007093,U0009360,0,,0
RCR000007094,RCT000007094,U0007943,0,,0
RCR000007095,RCT000007095,U0003246,0,,0
RCR000007096,RCT000007096,U0009458,0,,0
RCR000007097,RCT000007097,U0003688,0,,0
RCR000007098,RCT000007098,U0009009,0,,0
RCR000007099,RCT000007099,U0008892,0,,0
RCR000007100,RCT000007100,U0005756,0,,0
RCR000007101,RCT000007101,U0008254,0,,0
RCR000007102,RCT000007102,U0008252,0,,0
RCR000007103,RCT000007103,U0002194,0,,0
RCR000007104,RCT000007104,U0000637,0,,0
RCR000007105,RCT000007105,U0005871,0,,0
RCR000007106,RCT000007106,U0001929,0,,0
RCR000007107,RCT000007107,U0006282,0,,0
RCR000007108,RCT000007108,U0008874,0,,0
RCR000007109,RCT000007109,U0008631,0,,0
RCR000007110,RCT000007110,U0006163,0,,0
RCR000007111,RCT000007111,U0004875,0,,0
RCR000007112,RCT000007112,U0003165,0,,0
RCR000007113,RCT000007113,U0010262,0,,0
RCR000007114,RCT000007114,U0002195,0,,0
RCR000007115,RCT000007115,U0002859,0,,0
RCR000007116,RCT000007116,U0001721,1,2026-02-15 01:00:00,1
RCR000007117,RCT000007117,U0009279,0,,0
RCR000007118,RCT000007118,U0009707,0,,0
RCR000007119,RCT000007119,U0000450,0,,0
RCR000007120,RCT000007120,U0010294,0,,0
RCR000007121,RCT000007121,U0009466,0,,0
RCR000007122,RCT000007122,U0007561,0,,0
RCR000007123,RCT000007123,U0004122,0,,0
RCR000007124,RCT000007124,U0001771,0,,0
RCR000007125,RCT000007125,U0009292,0,,0
RCR000007126,RCT000007126,U0003195,0,,0
RCR000007127,RCT000007127,U0009951,0,,0
RCR000007128,RCT000007128,U0001264,0,,0
RCR000007129,RCT000007129,U0010313,0,,0
RCR000007130,RCT000007130,U0007714,1,2026-03-01 12:00:00,2
RCR000007131,RCT000007131,U0007399,0,,0
RCR000007132,RCT000007132,U0000608,0,,0
RCR000007133,RCT000007133,U0008403,0,,0
RCR000007134,RCT000007134,U0001552,0,,0
RCR000007135,RCT000007135,U0001340,0,,0
RCR000007136,RCT000007136,U0002219,0,,0
RCR000007137,RCT000007137,U0005237,0,,0
RCR000007138,RCT000007138,U0000223,0,,0
RCR000007139,RCT000007139,U0003305,0,,0
RCR000007140,RCT000007140,U0011163,0,,0
RCR000007141,RCT000007141,U0010479,0,,0
RCR000007142,RCT000007142,U0004887,0,,0
RCR000007143,RCT000007143,U0008565,0,,0
RCR000007144,RCT000007144,U0004240,0,,0
RCR000007145,RCT000007145,U0009071,0,,0
RCR000007146,RCT000007146,U0006254,0,,0
RCR000007147,RCT000007147,U0009763,0,,0
RCR000007148,RCT000007148,U0005875,0,,0
RCR000007149,RCT000007149,U0003392,0,,0
RCR000007150,RCT000007150,U0001606,0,,0
RCR000007151,RCT000007151,U0001227,0,,0
RCR000007152,RCT000007152,U0002999,0,,0
RCR000007153,RCT000007153,U0007760,0,,0
RCR000007154,RCT000007154,U0001020,0,,0
RCR000007155,RCT000007155,U0005541,0,,0
RCR000007156,RCT000007156,U0005332,0,,0
RCR000007157,RCT000007157,U0007254,0,,0
RCR000007158,RCT000007158,U0001781,0,,0
RCR000007159,RCT000007159,U0006033,0,,0
RCR000007160,RCT000007160,U0011865,0,,0
RCR000007161,RCT000007161,U0000128,0,,0
RCR000007162,RCT000007162,U0006376,0,,0
RCR000007163,RCT000007163,U0001175,0,,0
RCR000007164,RCT000007164,U0004272,0,,0
RCR000007165,RCT000007165,U0008674,0,,0
RCR000007166,RCT000007166,U0000262,0,,0
RCR000007167,RCT000007167,U0010504,1,2026-06-09 23:00:00,3
RCR000007168,RCT000007168,U0005250,0,,0
RCR000007169,RCT000007169,U0003243,0,,0
RCR000007170,RCT000007170,U0009584,0,,0
RCR000007171,RCT000007171,U0008845,0,,0
RCR000007172,RCT000007172,U0003890,0,,0
RCR000007173,RCT000007173,U0000376,0,,0
RCR000007174,RCT000007174,U0001980,0,,0
RCR000007175,RCT000007175,U0011120,0,,0
RCR000007176,RCT000007176,U0009194,0,,0
RCR000007177,RCT000007177,U0005487,0,,0
RCR000007178,RCT000007178,U0003680,0,,0
RCR000007179,RCT000007179,U0010077,0,,0
RCR000007180,RCT000007180,U0003436,0,,0
RCR000007181,RCT000007181,U0006792,0,,0
RCR000007182,RCT000007182,U0002943,0,,0
RCR000007183,RCT000007183,U0011492,0,,0
RCR000007184,RCT000007184,U0006489,0,,0
RCR000007185,RCT000007185,U0002232,1,2026-06-10 00:00:00,3
RCR000007186,RCT000007186,U0005786,0,,0
RCR000007187,RCT000007187,U0002594,0,,0
RCR000007188,RCT000007188,U0002853,0,,0
RCR000007189,RCT000007189,U0001767,0,,0
RCR000007190,RCT000007190,U0004258,0,,0
RCR000007191,RCT000007191,U0000248,0,,0
RCR000007192,RCT000007192,U0006614,0,,0
RCR000007193,RCT000007193,U0011062,0,,0
RCR000007194,RCT000007194,U0009263,0,,0
RCR000007195,RCT000007195,U0008282,1,2026-08-02 19:00:00,6
RCR000007196,RCT000007196,U0008246,0,,0
RCR000007197,RCT000007197,U0007270,0,,0
RCR000007198,RCT000007198,U0010438,0,,0
RCR000007199,RCT000007199,U0004419,0,,0
RCR000007200,RCT000007200,U0006328,0,,0
RCR000007201,RCT000007201,U0009089,0,,0
RCR000007202,RCT000007202,U0001389,0,,0
RCR000007203,RCT000007203,U0001353,1,2026-04-28 16:00:00,5
RCR000007204,RCT000007204,U0004652,0,,0
RCR000007205,RCT000007205,U0004651,1,2026-03-26 18:00:00,2
RCR000007206,RCT000007206,U0002627,0,,0
RCR000007207,RCT000007207,U0010489,0,,0
RCR000007208,RCT000007208,U0007475,0,,0
RCR000007209,RCT000007209,U0008542,1,2026-03-27 22:00:00,5
RCR000007210,RCT000007210,U0000499,1,2026-04-10 23:00:00,3
RCR000007211,RCT000007211,U0000980,0,,0
RCR000007212,RCT000007212,U0006194,0,,0
RCR000007213,RCT000007213,U0004228,0,,0
RCR000007214,RCT000007214,U0001354,0,,0
RCR000007215,RCT000007215,U0006028,0,,0
RCR000007216,RCT000007216,U0003219,0,,0
RCR000007217,RCT000007217,U0002239,1,2026-05-28 18:00:00,1
RCR000007218,RCT000007218,U0008788,0,,0
RCR000007219,RCT000007219,U0007924,0,,0
RCR000007220,RCT000007220,U0010053,0,,0
RCR000007221,RCT000007221,U0000988,0,,0
RCR000007222,RCT000007222,U0000167,0,,0
RCR000007223,RCT000007223,U0002465,0,,0
RCR000007224,RCT000007224,U0003125,0,,0
RCR000007225,RCT000007225,U0009783,0,,0
RCR000007226,RCT000007226,U0009258,0,,0
RCR000007227,RCT000007227,U0003204,0,,0
RCR000007228,RCT000007228,U0004742,0,,0
RCR000007229,RCT000007229,U0001783,0,,0
RCR000007230,RCT000007230,U0010771,0,,0
RCR000007231,RCT000007231,U0005504,0,,0
RCR000007232,RCT000007232,U0004390,0,,0
RCR000007233,RCT000007233,U0007951,1,2026-06-08 04:00:00,1
RCR000007234,RCT000007234,U0006620,0,,0
RCR000007235,RCT000007235,U0000069,0,,0
RCR000007236,RCT000007236,U0005334,0,,0
RCR000007237,RCT000007237,U0000757,0,,0
RCR000007238,RCT000007238,U0010511,0,,0
RCR000007239,RCT000007239,U0009020,0,,0
RCR000007240,RCT000007240,U0004222,0,,0
RCR000007241,RCT000007241,U0008678,0,,0
RCR000007242,RCT000007242,U0008498,0,,0
RCR000007243,RCT000007243,U0009473,0,,0
RCR000007244,RCT000007244,U0008994,0,,0
RCR000007245,RCT000007245,U0009635,0,,0
RCR000007246,RCT000007246,U0005032,0,,0
RCR000007247,RCT000007247,U0007134,0,,0
RCR000007248,RCT000007248,U0007056,0,,0
RCR000007249,RCT000007249,U0001553,0,,0
RCR000007250,RCT000007250,U0001306,0,,0
RCR000007251,RCT000007251,U0006729,0,,0
RCR000007252,RCT000007252,U0011219,0,,0
RCR000007253,RCT000007253,U0002304,0,,0
RCR000007254,RCT000007254,U0001185,0,,0
RCR000007255,RCT000007255,U0008648,0,,0
RCR000007256,RCT000007256,U0004293,0,,0
RCR000007257,RCT000007257,U0011252,0,,0
RCR000007258,RCT000007258,U0010862,0,,0
RCR000007259,RCT000007259,U0006498,0,,0
RCR000007260,RCT000007260,U0010829,0,,0
RCR000007261,RCT000007261,U0007663,1,2026-08-03 07:00:00,5
RCR000007262,RCT000007262,U0011083,0,,0
RCR000007263,RCT000007263,U0011110,0,,0
RCR000007264,RCT000007264,U0009590,1,2026-06-25 13:00:00,7
RCR000007265,RCT000007265,U0003313,0,,0
RCR000007266,RCT000007266,U0008940,0,,0
RCR000007267,RCT000007267,U0004675,0,,0
RCR000007268,RCT000007268,U0000743,0,,0
RCR000007269,RCT000007269,U0000581,0,,0
RCR000007270,RCT000007270,U0010899,0,,0
RCR000007271,RCT000007271,U0003200,0,,0
RCR000007272,RCT000007272,U0008224,0,,0
RCR000007273,RCT000007273,U0001571,0,,0
RCR000007274,RCT000007274,U0004493,0,,0
RCR000007275,RCT000007275,U0008395,0,,0
RCR000007276,RCT000007276,U0007723,0,,0
RCR000007277,RCT000007277,U0011791,0,,0
RCR000007278,RCT000007278,U0003998,0,,0
RCR000007279,RCT000007279,U0002670,0,,0
RCR000007280,RCT000007280,U0004395,0,,0
RCR000007281,RCT000007281,U0000154,0,,0
RCR000007282,RCT000007282,U0004685,0,,0
RCR000007283,RCT000007283,U0011106,0,,0
RCR000007284,RCT000007284,U0003556,0,,0
RCR000007285,RCT000007285,U0007514,0,,0
RCR000007286,RCT000007286,U0006387,0,,0
RCR000007287,RCT000007287,U0001148,0,,0
RCR000007288,RCT000007288,U0002684,0,,0
RCR000007289,RCT000007289,U0004162,0,,0
RCR000007290,RCT000007290,U0007694,0,,0
RCR000007291,RCT000007291,U0003628,0,,0
RCR000007292,RCT000007292,U0006890,0,,0
RCR000007293,RCT000007293,U0010010,0,,0
RCR000007294,RCT000007294,U0007412,0,,0
RCR000007295,RCT000007295,U0003842,0,,0
RCR000007296,RCT000007296,U0001089,0,,0
RCR000007297,RCT000007297,U0004416,0,,0
RCR000007298,RCT000007298,U0002843,0,,0
RCR000007299,RCT000007299,U0007839,0,,0
RCR000007300,RCT000007300,U0008617,0,,0
RCR000007301,RCT000007301,U0007702,0,,0
RCR000007302,RCT000007302,U0001382,0,,0
RCR000007303,RCT000007303,U0006565,1,2026-06-27 12:00:00,2
RCR000007304,RCT000007304,U0004481,0,,0
RCR000007305,RCT000007305,U0005586,1,2026-02-28 16:00:00,2
RCR000007306,RCT000007306,U0009734,0,,0
RCR000007307,RCT000007307,U0009149,0,,0
RCR000007308,RCT000007308,U0005346,0,,0
RCR000007309,RCT000007309,U0003499,0,,0
RCR000007310,RCT000007310,U0001520,0,,0
RCR000007311,RCT000007311,U0011217,0,,0
RCR000007312,RCT000007312,U0006303,0,,0
RCR000007313,RCT000007313,U0002205,0,,0
RCR000007314,RCT000007314,U0001935,0,,0
RCR000007315,RCT000007315,U0005199,0,,0
RCR000007316,RCT000007316,U0009388,0,,0
RCR000007317,RCT000007317,U0000239,0,,0
RCR000007318,RCT000007318,U0007341,0,,0
RCR000007319,RCT000007319,U0006935,0,,0
RCR000007320,RCT000007320,U0000166,0,,0
RCR000007321,RCT000007321,U0009087,0,,0
RCR000007322,RCT000007322,U0009232,0,,0
RCR000007323,RCT000007323,U0001165,0,,0
RCR000007324,RCT000007324,U0000950,0,,0
RCR000007325,RCT000007325,U0011162,0,,0
RCR000007326,RCT000007326,U0004761,0,,0
RCR000007327,RCT000007327,U0010983,0,,0
RCR000007328,RCT000007328,U0003424,0,,0
RCR000007329,RCT000007329,U0010637,0,,0
RCR000007330,RCT000007330,U0006759,1,2026-03-13 19:00:00,7
RCR000007331,RCT000007331,U0003888,0,,0
RCR000007332,RCT000007332,U0011594,0,,0
RCR000007333,RCT000007333,U0005361,0,,0
RCR000007334,RCT000007334,U0004244,0,,0
RCR000007335,RCT000007335,U0002235,0,,0
RCR000007336,RCT000007336,U0003176,0,,0
RCR000007337,RCT000007337,U0002660,0,,0
RCR000007338,RCT000007338,U0009276,1,2026-08-04 01:00:00,6
RCR000007339,RCT000007339,U0001946,0,,0
RCR000007340,RCT000007340,U0008565,0,,0
RCR000007341,RCT000007341,U0010164,0,,0
RCR000007342,RCT000007342,U0004942,0,,0
RCR000007343,RCT000007343,U0010078,0,,0
RCR000007344,RCT000007344,U0004019,0,,0
RCR000007345,RCT000007345,U0009500,0,,0
RCR000007346,RCT000007346,U0001882,0,,0
RCR000007347,RCT000007347,U0002800,0,,0
RCR000007348,RCT000007348,U0008440,0,,0
RCR000007349,RCT000007349,U0010159,0,,0
RCR000007350,RCT000007350,U0009391,0,,0
RCR000007351,RCT000007351,U0005092,0,,0
RCR000007352,RCT000007352,U0000910,0,,0
RCR000007353,RCT000007353,U0011878,0,,0
RCR000007354,RCT000007354,U0003794,0,,0
RCR000007355,RCT000007355,U0007509,0,,0
RCR000007356,RCT000007356,U0010365,0,,0
RCR000007357,RCT000007357,U0003260,0,,0
RCR000007358,RCT000007358,U0001382,0,,0
RCR000007359,RCT000007359,U0002948,0,,0
RCR000007360,RCT000007360,U0006427,0,,0
RCR000007361,RCT000007361,U0004322,0,,0
RCR000007362,RCT000007362,U0004035,1,2026-02-13 19:00:00,6
RCR000007363,RCT000007363,U0005775,0,,0
RCR000007364,RCT000007364,U0003062,0,,0
RCR000007365,RCT000007365,U0003890,0,,0
RCR000007366,RCT000007366,U0008018,1,2026-04-24 23:00:00,6
RCR000007367,RCT000007367,U0009174,0,,0
RCR000007368,RCT000007368,U0008655,0,,0
RCR000007369,RCT000007369,U0000402,0,,0
RCR000007370,RCT000007370,U0009587,0,,0
RCR000007371,RCT000007371,U0008375,0,,0
RCR000007372,RCT000007372,U0009996,0,,0
RCR000007373,RCT000007373,U0003302,0,,0
RCR000007374,RCT000007374,U0007047,0,,0
RCR000007375,RCT000007375,U0006980,0,,0
RCR000007376,RCT000007376,U0000751,0,,0
RCR000007377,RCT000007377,U0001687,0,,0
RCR000007378,RCT000007378,U0001638,0,,0
RCR000007379,RCT000007379,U0001779,0,,0
RCR000007380,RCT000007380,U0007751,0,,0
RCR000007381,RCT000007381,U0001596,0,,0
RCR000007382,RCT000007382,U0011656,0,,0
RCR000007383,RCT000007383,U0001262,0,,0
RCR000007384,RCT000007384,U0001937,0,,0
RCR000007385,RCT000007385,U0001502,0,,0
RCR000007386,RCT000007386,U0009797,0,,0
RCR000007387,RCT000007387,U0003639,1,2026-02-05 00:00:00,2
RCR000007388,RCT000007388,U0006518,0,,0
RCR000007389,RCT000007389,U0005953,0,,0
RCR000007390,RCT000007390,U0008369,0,,0
RCR000007391,RCT000007391,U0005991,0,,0
RCR000007392,RCT000007392,U0002800,0,,0
RCR000007393,RCT000007393,U0011664,0,,0
RCR000007394,RCT000007394,U0004286,0,,0
RCR000007395,RCT000007395,U0011018,0,,0
RCR000007396,RCT000007396,U0003928,0,,0
RCR000007397,RCT000007397,U0005395,0,,0
RCR000007398,RCT000007398,U0004229,0,,0
RCR000007399,RCT000007399,U0008034,0,,0
RCR000007400,RCT000007400,U0002203,0,,0
RCR000007401,RCT000007401,U0005156,0,,0
RCR000007402,RCT000007402,U0006134,0,,0
RCR000007403,RCT000007403,U0003338,1,2026-06-01 10:00:00,3
RCR000007404,RCT000007404,U0001206,0,,0
RCR000007405,RCT000007405,U0001660,0,,0
RCR000007406,RCT000007406,U0010751,0,,0
RCR000007407,RCT000007407,U0007389,0,,0
RCR000007408,RCT000007408,U0005671,0,,0
RCR000007409,RCT000007409,U0001783,0,,0
RCR000007410,RCT000007410,U0004005,1,2026-02-15 13:00:00,6
RCR000007411,RCT000007411,U0011051,0,,0
RCR000007412,RCT000007412,U0007423,0,,0
RCR000007413,RCT000007413,U0006376,0,,0
RCR000007414,RCT000007414,U0000581,0,,0
RCR000007415,RCT000007415,U0011560,0,,0
RCR000007416,RCT000007416,U0009199,0,,0
RCR000007417,RCT000007417,U0011162,0,,0
RCR000007418,RCT000007418,U0006739,0,,0
RCR000007419,RCT000007419,U0011637,0,,0
RCR000007420,RCT000007420,U0010131,1,2026-06-26 09:00:00,6
RCR000007421,RCT000007421,U0011106,0,,0
RCR000007422,RCT000007422,U0011844,0,,0
RCR000007423,RCT000007423,U0001774,0,,0
RCR000007424,RCT000007424,U0005924,0,,0
RCR000007425,RCT000007425,U0000004,0,,0
RCR000007426,RCT000007426,U0007234,0,,0
RCR000007427,RCT000007427,U0005950,0,,0
RCR000007428,RCT000007428,U0007909,0,,0
RCR000007429,RCT000007429,U0006287,1,2026-05-11 12:00:00,3
RCR000007430,RCT000007430,U0003977,0,,0
RCR000007431,RCT000007431,U0001669,0,,0
RCR000007432,RCT000007432,U0010147,0,,0
RCR000007433,RCT000007433,U0008585,0,,0
RCR000007434,RCT000007434,U0001520,0,,0
RCR000007435,RCT000007435,U0007065,0,,0
RCR000007436,RCT000007436,U0009962,0,,0
RCR000007437,RCT000007437,U0009836,0,,0
RCR000007438,RCT000007438,U0010314,0,,0
RCR000007439,RCT000007439,U0001767,0,,0
RCR000007440,RCT000007440,U0006008,0,,0
RCR000007441,RCT000007441,U0010046,0,,0
RCR000007442,RCT000007442,U0002976,0,,0
RCR000007443,RCT000007443,U0005822,0,,0
RCR000007444,RCT000007444,U0002967,0,,0
RCR000007445,RCT000007445,U0000506,0,,0
RCR000007446,RCT000007446,U0005513,0,,0
RCR000007447,RCT000007447,U0005486,0,,0
RCR000007448,RCT000007448,U0000918,0,,0
RCR000007449,RCT000007449,U0007995,1,2026-04-16 18:00:00,7
RCR000007450,RCT000007450,U0001071,0,,0
RCR000007451,RCT000007451,U0008794,0,,0
RCR000007452,RCT000007452,U0005406,0,,0
RCR000007453,RCT000007453,U0007818,0,,0
RCR000007454,RCT000007454,U0008727,0,,0
RCR000007455,RCT000007455,U0002282,0,,0
RCR000007456,RCT000007456,U0005917,0,,0
RCR000007457,RCT000007457,U0006187,0,,0
RCR000007458,RCT000007458,U0005020,0,,0
RCR000007459,RCT000007459,U0008043,0,,0
RCR000007460,RCT000007460,U0011011,0,,0
RCR000007461,RCT000007461,U0011997,0,,0
RCR000007462,RCT000007462,U0005606,0,,0
RCR000007463,RCT000007463,U0011859,0,,0
RCR000007464,RCT000007464,U0010941,0,,0
RCR000007465,RCT000007465,U0011311,0,,0
RCR000007466,RCT000007466,U0006621,0,,0
RCR000007467,RCT000007467,U0009761,0,,0
RCR000007468,RCT000007468,U0006952,0,,0
RCR000007469,RCT000007469,U0007505,0,,0
RCR000007470,RCT000007470,U0010551,0,,0
RCR000007471,RCT000007471,U0002984,0,,0
RCR000007472,RCT000007472,U0002976,0,,0
RCR000007473,RCT000007473,U0007943,0,,0
RCR000007474,RCT000007474,U0008559,0,,0
RCR000007475,RCT000007475,U0011429,0,,0
RCR000007476,RCT000007476,U0008252,0,,0
RCR000007477,RCT000007477,U0010687,1,2026-03-15 23:00:00,5
RCR000007478,RCT000007478,U0000766,0,,0
RCR000007479,RCT000007479,U0004720,0,,0
RCR000007480,RCT000007480,U0007068,0,,0
RCR000007481,RCT000007481,U0011406,0,,0
RCR000007482,RCT000007482,U0007458,0,,0
RCR000007483,RCT000007483,U0008751,0,,0
RCR000007484,RCT000007484,U0010533,0,,0
RCR000007485,RCT000007485,U0001304,0,,0
RCR000007486,RCT000007486,U0000762,0,,0
RCR000007487,RCT000007487,U0008590,0,,0
RCR000007488,RCT000007488,U0006139,0,,0
RCR000007489,RCT000007489,U0003901,0,,0
RCR000007490,RCT000007490,U0001233,0,,0
RCR000007491,RCT000007491,U0003637,0,,0
RCR000007492,RCT000007492,U0010027,0,,0
RCR000007493,RCT000007493,U0008009,0,,0
RCR000007494,RCT000007494,U0003814,0,,0
RCR000007495,RCT000007495,U0004923,0,,0
RCR000007496,RCT000007496,U0006409,0,,0
RCR000007497,RCT000007497,U0009020,0,,0
RCR000007498,RCT000007498,U0011380,0,,0
RCR000007499,RCT000007499,U0006486,0,,0
RCR000007500,RCT000007500,U0006774,0,,0
RCR000007501,RCT000007501,U0007334,0,,0
RCR000007502,RCT000007502,U0001229,0,,0
RCR000007503,RCT000007503,U0004754,0,,0
RCR000007504,RCT000007504,U0003455,0,,0
RCR000007505,RCT000007505,U0009806,0,,0
RCR000007506,RCT000007506,U0010884,0,,0
RCR000007507,RCT000007507,U0009886,0,,0
RCR000007508,RCT000007508,U0002812,0,,0
RCR000007509,RCT000007509,U0004135,0,,0
RCR000007510,RCT000007510,U0010187,0,,0
RCR000007511,RCT000007511,U0007231,0,,0
RCR000007512,RCT000007512,U0004997,0,,0
RCR000007513,RCT000007513,U0009676,1,2026-05-31 12:00:00,7
RCR000007514,RCT000007514,U0000624,0,,0
RCR000007515,RCT000007515,U0006620,0,,0
RCR000007516,RCT000007516,U0010762,0,,0
RCR000007517,RCT000007517,U0002342,0,,0
RCR000007518,RCT000007518,U0008381,0,,0
RCR000007519,RCT000007519,U0011256,0,,0
RCR000007520,RCT000007520,U0011905,0,,0
RCR000007521,RCT000007521,U0010256,0,,0
RCR000007522,RCT000007522,U0011291,0,,0
RCR000007523,RCT000007523,U0000678,0,,0
RCR000007524,RCT000007524,U0007684,0,,0
RCR000007525,RCT000007525,U0002641,0,,0
RCR000007526,RCT000007526,U0005187,0,,0
RCR000007527,RCT000007527,U0005267,0,,0
RCR000007528,RCT000007528,U0006133,0,,0
RCR000007529,RCT000007529,U0001147,0,,0
RCR000007530,RCT000007530,U0010581,0,,0
RCR000007531,RCT000007531,U0007839,0,,0
RCR000007532,RCT000007532,U0008419,0,,0
RCR000007533,RCT000007533,U0008803,0,,0
RCR000007534,RCT000007534,U0002609,0,,0
RCR000007535,RCT000007535,U0006417,0,,0
RCR000007536,RCT000007536,U0007714,0,,0
RCR000007537,RCT000007537,U0009834,0,,0
RCR000007538,RCT000007538,U0007278,0,,0
RCR000007539,RCT000007539,U0010574,0,,0
RCR000007540,RCT000007540,U0011687,0,,0
RCR000007541,RCT000007541,U0011378,1,2026-06-17 14:00:00,4
RCR000007542,RCT000007542,U0007754,0,,0
RCR000007543,RCT000007543,U0006870,0,,0
RCR000007544,RCT000007544,U0000297,0,,0
RCR000007545,RCT000007545,U0010877,0,,0
RCR000007546,RCT000007546,U0000104,0,,0
RCR000007547,RCT000007547,U0004761,0,,0
RCR000007548,RCT000007548,U0004239,0,,0
RCR000007549,RCT000007549,U0010582,0,,0
RCR000007550,RCT000007550,U0011582,0,,0
RCR000007551,RCT000007551,U0008834,0,,0
RCR000007552,RCT000007552,U0000560,0,,0
RCR000007553,RCT000007553,U0006404,0,,0
RCR000007554,RCT000007554,U0004175,0,,0
RCR000007555,RCT000007555,U0005703,0,,0
RCR000007556,RCT000007556,U0002094,0,,0
RCR000007557,RCT000007557,U0006117,1,2026-06-28 10:00:00,5
RCR000007558,RCT000007558,U0009866,0,,0
RCR000007559,RCT000007559,U0008917,0,,0
RCR000007560,RCT000007560,U0011062,0,,0
RCR000007561,RCT000007561,U0009805,0,,0
RCR000007562,RCT000007562,U0002756,0,,0
RCR000007563,RCT000007563,U0007624,0,,0
RCR000007564,RCT000007564,U0001514,0,,0
RCR000007565,RCT000007565,U0000473,0,,0
RCR000007566,RCT000007566,U0011131,0,,0
RCR000007567,RCT000007567,U0001488,0,,0
RCR000007568,RCT000007568,U0001553,0,,0
RCR000007569,RCT000007569,U0011287,1,2026-06-27 12:00:00,4
RCR000007570,RCT000007570,U0005454,1,2026-04-16 10:00:00,3
RCR000007571,RCT000007571,U0000974,0,,0
RCR000007572,RCT000007572,U0007348,0,,0
RCR000007573,RCT000007573,U0011731,0,,0
RCR000007574,RCT000007574,U0007132,0,,0
RCR000007575,RCT000007575,U0003702,0,,0
RCR000007576,RCT000007576,U0001238,0,,0
RCR000007577,RCT000007577,U0008819,0,,0
RCR000007578,RCT000007578,U0004264,0,,0
RCR000007579,RCT000007579,U0004239,0,,0
RCR000007580,RCT000007580,U0009568,0,,0
RCR000007581,RCT000007581,U0006890,0,,0
RCR000007582,RCT000007582,U0007695,0,,0
RCR000007583,RCT000007583,U0002188,0,,0
RCR000007584,RCT000007584,U0002660,1,2026-03-25 16:00:00,7
RCR000007585,RCT000007585,U0003186,0,,0
RCR000007586,RCT000007586,U0002162,0,,0
RCR000007587,RCT000007587,U0009423,0,,0
RCR000007588,RCT000007588,U0002033,0,,0
RCR000007589,RCT000007589,U0010382,0,,0
RCR000007590,RCT000007590,U0011619,1,2026-04-14 12:00:00,7
RCR000007591,RCT000007591,U0008745,0,,0
RCR000007592,RCT000007592,U0008690,0,,0
RCR000007593,RCT000007593,U0003762,1,2026-03-02 03:00:00,3
RCR000007594,RCT000007594,U0000951,0,,0
RCR000007595,RCT000007595,U0006093,0,,0
RCR000007596,RCT000007596,U0003664,1,2026-06-26 01:00:00,7
RCR000007597,RCT000007597,U0005427,0,,0
RCR000007598,RCT000007598,U0011852,0,,0
RCR000007599,RCT000007599,U0008565,0,,0
RCR000007600,RCT000007600,U0006726,0,,0
RCR000007601,RCT000007601,U0008381,0,,0
RCR000007602,RCT000007602,U0006840,0,,0
RCR000007603,RCT000007603,U0005097,0,,0
RCR000007604,RCT000007604,U0011838,0,,0
RCR000007605,RCT000007605,U0006055,0,,0
RCR000007606,RCT000007606,U0010859,0,,0
RCR000007607,RCT000007607,U0004078,1,2026-02-13 06:00:00,3
RCR000007608,RCT000007608,U0002362,0,,0
RCR000007609,RCT000007609,U0007574,0,,0
RCR000007610,RCT000007610,U0006194,0,,0
RCR000007611,RCT000007611,U0004434,0,,0
RCR000007612,RCT000007612,U0004286,0,,0
RCR000007613,RCT000007613,U0005012,0,,0
RCR000007614,RCT000007614,U0000420,1,2026-05-26 06:00:00,2
RCR000007615,RCT000007615,U0007757,0,,0
RCR000007616,RCT000007616,U0001270,0,,0
RCR000007617,RCT000007617,U0005791,0,,0
RCR000007618,RCT000007618,U0009076,0,,0
RCR000007619,RCT000007619,U0007520,0,,0
RCR000007620,RCT000007620,U0010228,0,,0
RCR000007621,RCT000007621,U0009139,0,,0
RCR000007622,RCT000007622,U0010572,0,,0
RCR000007623,RCT000007623,U0008002,0,,0
RCR000007624,RCT000007624,U0000821,0,,0
RCR000007625,RCT000007625,U0009557,0,,0
RCR000007626,RCT000007626,U0010498,0,,0
RCR000007627,RCT000007627,U0006139,0,,0
RCR000007628,RCT000007628,U0011198,0,,0
RCR000007629,RCT000007629,U0003819,0,,0
RCR000007630,RCT000007630,U0008061,0,,0
RCR000007631,RCT000007631,U0000845,0,,0
RCR000007632,RCT000007632,U0001518,1,2026-06-22 00:00:00,5
RCR000007633,RCT000007633,U0004871,0,,0
RCR000007634,RCT000007634,U0006493,0,,0
RCR000007635,RCT000007635,U0009423,0,,0
RCR000007636,RCT000007636,U0001874,0,,0
RCR000007637,RCT000007637,U0002579,0,,0
RCR000007638,RCT000007638,U0011099,0,,0
RCR000007639,RCT000007639,U0011963,0,,0
RCR000007640,RCT000007640,U0007841,0,,0
RCR000007641,RCT000007641,U0004364,0,,0
RCR000007642,RCT000007642,U0003642,0,,0
RCR000007643,RCT000007643,U0000609,0,,0
RCR000007644,RCT000007644,U0004865,0,,0
RCR000007645,RCT000007645,U0000462,0,,0
RCR000007646,RCT000007646,U0001068,0,,0
RCR000007647,RCT000007647,U0002463,0,,0
RCR000007648,RCT000007648,U0010472,0,,0
RCR000007649,RCT000007649,U0003222,0,,0
RCR000007650,RCT000007650,U0007598,0,,0
RCR000007651,RCT000007651,U0010161,0,,0
RCR000007652,RCT000007652,U0004683,0,,0
RCR000007653,RCT000007653,U0008656,0,,0
RCR000007654,RCT000007654,U0000829,0,,0
RCR000007655,RCT000007655,U0008392,1,2026-06-27 01:00:00,1
RCR000007656,RCT000007656,U0010349,0,,0
RCR000007657,RCT000007657,U0007540,0,,0
RCR000007658,RCT000007658,U0010675,1,2026-02-07 03:00:00,7
RCR000007659,RCT000007659,U0008489,0,,0
RCR000007660,RCT000007660,U0007763,0,,0
RCR000007661,RCT000007661,U0001493,0,,0
RCR000007662,RCT000007662,U0003011,0,,0
RCR000007663,RCT000007663,U0002445,1,2026-06-26 22:00:00,4
RCR000007664,RCT000007664,U0001699,0,,0
RCR000007665,RCT000007665,U0004965,0,,0
RCR000007666,RCT000007666,U0001650,0,,0
RCR000007667,RCT000007667,U0005024,0,,0
RCR000007668,RCT000007668,U0010598,0,,0
RCR000007669,RCT000007669,U0011095,0,,0
RCR000007670,RCT000007670,U0001582,0,,0
RCR000007671,RCT000007671,U0001593,0,,0
RCR000007672,RCT000007672,U0003493,0,,0
RCR000007673,RCT000007673,U0004624,0,,0
RCR000007674,RCT000007674,U0001769,0,,0
RCR000007675,RCT000007675,U0001502,0,,0
RCR000007676,RCT000007676,U0007311,0,,0
RCR000007677,RCT000007677,U0011093,0,,0
RCR000007678,RCT000007678,U0002594,0,,0
RCR000007679,RCT000007679,U0005904,0,,0
RCR000007680,RCT000007680,U0002106,0,,0
RCR000007681,RCT000007681,U0011997,0,,0
RCR000007682,RCT000007682,U0009814,0,,0
RCR000007683,RCT000007683,U0004885,0,,0
RCR000007684,RCT000007684,U0008149,0,,0
RCR000007685,RCT000007685,U0008401,0,,0
RCR000007686,RCT000007686,U0008803,0,,0
RCR000007687,RCT000007687,U0006538,0,,0
RCR000007688,RCT000007688,U0006779,0,,0
RCR000007689,RCT000007689,U0004062,0,,0
RCR000007690,RCT000007690,U0005706,0,,0
RCR000007691,RCT000007691,U0004538,0,,0
RCR000007692,RCT000007692,U0005273,0,,0
RCR000007693,RCT000007693,U0001176,0,,0
RCR000007694,RCT000007694,U0003055,0,,0
RCR000007695,RCT000007695,U0010811,0,,0
RCR000007696,RCT000007696,U0007474,1,2026-03-17 11:00:00,7
RCR000007697,RCT000007697,U0009258,0,,0
RCR000007698,RCT000007698,U0002580,1,2026-03-14 05:00:00,5
RCR000007699,RCT000007699,U0000720,0,,0
RCR000007700,RCT000007700,U0005942,0,,0
RCR000007701,RCT000007701,U0009234,0,,0
RCR000007702,RCT000007702,U0010654,0,,0
RCR000007703,RCT000007703,U0005195,0,,0
RCR000007704,RCT000007704,U0005137,0,,0
RCR000007705,RCT000007705,U0001627,0,,0
RCR000007706,RCT000007706,U0006334,0,,0
RCR000007707,RCT000007707,U0005173,0,,0
RCR000007708,RCT000007708,U0008784,0,,0
RCR000007709,RCT000007709,U0010051,0,,0
RCR000007710,RCT000007710,U0007548,0,,0
RCR000007711,RCT000007711,U0009700,0,,0
RCR000007712,RCT000007712,U0008782,0,,0
RCR000007713,RCT000007713,U0003454,0,,0
RCR000007714,RCT000007714,U0006020,0,,0
RCR000007715,RCT000007715,U0006064,0,,0
RCR000007716,RCT000007716,U0005140,0,,0
RCR000007717,RCT000007717,U0003452,0,,0
RCR000007718,RCT000007718,U0002296,0,,0
RCR000007719,RCT000007719,U0000561,0,,0
RCR000007720,RCT000007720,U0000626,0,,0
RCR000007721,RCT000007721,U0009979,0,,0
RCR000007722,RCT000007722,U0003427,0,,0
RCR000007723,RCT000007723,U0003573,0,,0
RCR000007724,RCT000007724,U0008333,0,,0
RCR000007725,RCT000007725,U0008902,0,,0
RCR000007726,RCT000007726,U0008481,0,,0
RCR000007727,RCT000007727,U0010441,0,,0
RCR000007728,RCT000007728,U0005016,0,,0
RCR000007729,RCT000007729,U0005291,0,,0
RCR000007730,RCT000007730,U0006085,0,,0
RCR000007731,RCT000007731,U0009700,0,,0
RCR000007732,RCT000007732,U0004326,0,,0
RCR000007733,RCT000007733,U0007292,0,,0
RCR000007734,RCT000007734,U0011726,0,,0
RCR000007735,RCT000007735,U0007711,0,,0
RCR000007736,RCT000007736,U0011374,0,,0
RCR000007737,RCT000007737,U0001601,0,,0
RCR000007738,RCT000007738,U0005978,1,2026-02-16 15:00:00,2
RCR000007739,RCT000007739,U0006368,1,2026-06-18 01:00:00,5
RCR000007740,RCT000007740,U0004408,0,,0
RCR000007741,RCT000007741,U0007512,0,,0
RCR000007742,RCT000007742,U0001648,0,,0
RCR000007743,RCT000007743,U0002919,0,,0
RCR000007744,RCT000007744,U0003651,0,,0
RCR000007745,RCT000007745,U0009800,0,,0
RCR000007746,RCT000007746,U0010614,0,,0
RCR000007747,RCT000007747,U0009286,0,,0
RCR000007748,RCT000007748,U0006463,0,,0
RCR000007749,RCT000007749,U0009464,0,,0
RCR000007750,RCT000007750,U0009262,0,,0
RCR000007751,RCT000007751,U0006414,0,,0
RCR000007752,RCT000007752,U0000676,0,,0
RCR000007753,RCT000007753,U0008375,0,,0
RCR000007754,RCT000007754,U0011815,0,,0
RCR000007755,RCT000007755,U0011319,1,2026-08-01 20:00:00,6
RCR000007756,RCT000007756,U0000891,0,,0
RCR000007757,RCT000007757,U0009040,0,,0
RCR000007758,RCT000007758,U0004918,0,,0
RCR000007759,RCT000007759,U0010393,0,,0
RCR000007760,RCT000007760,U0002918,1,2026-02-12 22:00:00,6
RCR000007761,RCT000007761,U0002568,0,,0
RCR000007762,RCT000007762,U0010778,0,,0
RCR000007763,RCT000007763,U0007093,0,,0
RCR000007764,RCT000007764,U0001383,0,,0
RCR000007765,RCT000007765,U0009135,0,,0
RCR000007766,RCT000007766,U0004029,0,,0
RCR000007767,RCT000007767,U0005432,0,,0
RCR000007768,RCT000007768,U0008593,1,2026-08-02 00:00:00,4
RCR000007769,RCT000007769,U0003235,0,,0
RCR000007770,RCT000007770,U0008949,0,,0
RCR000007771,RCT000007771,U0001867,0,,0
RCR000007772,RCT000007772,U0005147,0,,0
RCR000007773,RCT000007773,U0010251,1,2026-03-20 09:00:00,4
RCR000007774,RCT000007774,U0010227,0,,0
RCR000007775,RCT000007775,U0007923,0,,0
RCR000007776,RCT000007776,U0002745,0,,0
RCR000007777,RCT000007777,U0006591,0,,0
RCR000007778,RCT000007778,U0006908,0,,0
RCR000007779,RCT000007779,U0009013,0,,0
RCR000007780,RCT000007780,U0010583,1,2026-02-19 12:00:00,4
RCR000007781,RCT000007781,U0003195,0,,0
RCR000007782,RCT000007782,U0011099,0,,0
RCR000007783,RCT000007783,U0010976,0,,0
RCR000007784,RCT000007784,U0011804,0,,0
RCR000007785,RCT000007785,U0000445,0,,0
RCR000007786,RCT000007786,U0005227,1,2026-02-19 12:00:00,2
RCR000007787,RCT000007787,U0011833,0,,0
RCR000007788,RCT000007788,U0009389,0,,0
RCR000007789,RCT000007789,U0006371,0,,0
RCR000007790,RCT000007790,U0008448,0,,0
RCR000007791,RCT000007791,U0007865,0,,0
RCR000007792,RCT000007792,U0001199,0,,0
RCR000007793,RCT000007793,U0011478,0,,0
RCR000007794,RCT000007794,U0002466,0,,0
RCR000007795,RCT000007795,U0004550,0,,0
RCR000007796,RCT000007796,U0005683,0,,0
RCR000007797,RCT000007797,U0002945,0,,0
RCR000007798,RCT000007798,U0008956,0,,0
RCR000007799,RCT000007799,U0006088,0,,0
RCR000007800,RCT000007800,U0009633,0,,0
RCR000007801,RCT000007801,U0010931,0,,0
RCR000007802,RCT000007802,U0003951,0,,0
RCR000007803,RCT000007803,U0008801,0,,0
RCR000007804,RCT000007804,U0011295,0,,0
RCR000007805,RCT000007805,U0000991,0,,0
RCR000007806,RCT000007806,U0001296,0,,0
RCR000007807,RCT000007807,U0003693,0,,0
RCR000007808,RCT000007808,U0004024,0,,0
RCR000007809,RCT000007809,U0011292,0,,0
RCR000007810,RCT000007810,U0000550,0,,0
RCR000007811,RCT000007811,U0007116,1,2026-05-23 20:00:00,1
RCR000007812,RCT000007812,U0000377,0,,0
RCR000007813,RCT000007813,U0006686,0,,0
RCR000007814,RCT000007814,U0009157,0,,0
RCR000007815,RCT000007815,U0003681,0,,0
RCR000007816,RCT000007816,U0005367,1,2026-06-17 03:00:00,2
RCR000007817,RCT000007817,U0007937,0,,0
RCR000007818,RCT000007818,U0010819,0,,0
RCR000007819,RCT000007819,U0003924,0,,0
RCR000007820,RCT000007820,U0006297,0,,0
RCR000007821,RCT000007821,U0000629,0,,0
RCR000007822,RCT000007822,U0009306,0,,0
RCR000007823,RCT000007823,U0002132,0,,0
RCR000007824,RCT000007824,U0002709,0,,0
RCR000007825,RCT000007825,U0004573,0,,0
RCR000007826,RCT000007826,U0010751,0,,0
RCR000007827,RCT000007827,U0008403,0,,0
RCR000007828,RCT000007828,U0004579,0,,0
RCR000007829,RCT000007829,U0010864,0,,0
RCR000007830,RCT000007830,U0000438,0,,0
RCR000007831,RCT000007831,U0004762,1,2026-03-14 11:00:00,2
RCR000007832,RCT000007832,U0008002,0,,0
RCR000007833,RCT000007833,U0005112,0,,0
RCR000007834,RCT000007834,U0005107,0,,0
RCR000007835,RCT000007835,U0005616,0,,0
RCR000007836,RCT000007836,U0004489,0,,0
RCR000007837,RCT000007837,U0011722,0,,0
RCR000007838,RCT000007838,U0004077,0,,0
RCR000007839,RCT000007839,U0006550,0,,0
RCR000007840,RCT000007840,U0008802,0,,0
RCR000007841,RCT000007841,U0009375,0,,0
RCR000007842,RCT000007842,U0011092,0,,0
RCR000007843,RCT000007843,U0008813,0,,0
RCR000007844,RCT000007844,U0007688,1,2026-07-13 12:00:00,6
RCR000007845,RCT000007845,U0001622,0,,0
RCR000007846,RCT000007846,U0009653,0,,0
RCR000007847,RCT000007847,U0005399,0,,0
RCR000007848,RCT000007848,U0004004,0,,0
RCR000007849,RCT000007849,U0001112,0,,0
RCR000007850,RCT000007850,U0001813,0,,0
RCR000007851,RCT000007851,U0011163,0,,0
RCR000007852,RCT000007852,U0006511,0,,0
RCR000007853,RCT000007853,U0009332,1,2026-05-26 19:00:00,2
RCR000007854,RCT000007854,U0009873,0,,0
RCR000007855,RCT000007855,U0002272,0,,0
RCR000007856,RCT000007856,U0007448,0,,0
RCR000007857,RCT000007857,U0003900,0,,0
RCR000007858,RCT000007858,U0007905,0,,0
RCR000007859,RCT000007859,U0006656,0,,0
RCR000007860,RCT000007860,U0010798,0,,0
RCR000007861,RCT000007861,U0010615,0,,0
RCR000007862,RCT000007862,U0006887,0,,0
RCR000007863,RCT000007863,U0007684,1,2026-06-07 05:00:00,7
RCR000007864,RCT000007864,U0001715,0,,0
RCR000007865,RCT000007865,U0010586,0,,0
RCR000007866,RCT000007866,U0003694,0,,0
RCR000007867,RCT000007867,U0008543,0,,0
RCR000007868,RCT000007868,U0011560,0,,0
RCR000007869,RCT000007869,U0007575,0,,0
RCR000007870,RCT000007870,U0009513,0,,0
RCR000007871,RCT000007871,U0007227,0,,0
RCR000007872,RCT000007872,U0003107,0,,0
RCR000007873,RCT000007873,U0000085,0,,0
RCR000007874,RCT000007874,U0001256,0,,0
RCR000007875,RCT000007875,U0006921,1,2026-06-20 03:00:00,6
RCR000007876,RCT000007876,U0009128,0,,0
RCR000007877,RCT000007877,U0002249,0,,0
RCR000007878,RCT000007878,U0005284,1,2026-02-16 01:00:00,1
RCR000007879,RCT000007879,U0003907,0,,0
RCR000007880,RCT000007880,U0000496,0,,0
RCR000007881,RCT000007881,U0009659,0,,0
RCR000007882,RCT000007882,U0010997,0,,0
RCR000007883,RCT000007883,U0010610,0,,0
RCR000007884,RCT000007884,U0002300,0,,0
RCR000007885,RCT000007885,U0001610,0,,0
RCR000007886,RCT000007886,U0007179,1,2026-06-29 00:00:00,3
RCR000007887,RCT000007887,U0003653,0,,0
RCR000007888,RCT000007888,U0007612,0,,0
RCR000007889,RCT000007889,U0007897,0,,0
RCR000007890,RCT000007890,U0004525,0,,0
RCR000007891,RCT000007891,U0008371,0,,0
RCR000007892,RCT000007892,U0003412,0,,0
RCR000007893,RCT000007893,U0001186,0,,0
RCR000007894,RCT000007894,U0010426,0,,0
RCR000007895,RCT000007895,U0005693,0,,0
RCR000007896,RCT000007896,U0011384,0,,0
RCR000007897,RCT000007897,U0001772,1,2026-06-06 08:00:00,5
RCR000007898,RCT000007898,U0007169,0,,0
RCR000007899,RCT000007899,U0006426,0,,0
RCR000007900,RCT000007900,U0002042,0,,0
RCR000007901,RCT000007901,U0005725,0,,0
RCR000007902,RCT000007902,U0007557,0,,0
RCR000007903,RCT000007903,U0009988,0,,0
RCR000007904,RCT000007904,U0009267,0,,0
RCR000007905,RCT000007905,U0002944,0,,0
RCR000007906,RCT000007906,U0009148,1,2026-08-02 05:00:00,5
RCR000007907,RCT000007907,U0006403,0,,0
RCR000007908,RCT000007908,U0002657,0,,0
RCR000007909,RCT000007909,U0004829,0,,0
RCR000007910,RCT000007910,U0000887,1,2026-04-24 14:00:00,1
RCR000007911,RCT000007911,U0000571,0,,0
RCR000007912,RCT000007912,U0002169,0,,0
RCR000007913,RCT000007913,U0010007,0,,0
RCR000007914,RCT000007914,U0008292,0,,0
RCR000007915,RCT000007915,U0010719,0,,0
RCR000007916,RCT000007916,U0001248,0,,0
RCR000007917,RCT000007917,U0010654,0,,0
RCR000007918,RCT000007918,U0006965,0,,0
RCR000007919,RCT000007919,U0011684,0,,0
RCR000007920,RCT000007920,U0000021,0,,0
RCR000007921,RCT000007921,U0003197,0,,0
RCR000007922,RCT000007922,U0004669,0,,0
RCR000007923,RCT000007923,U0011730,0,,0
RCR000007924,RCT000007924,U0001771,0,,0
RCR000007925,RCT000007925,U0001422,0,,0
RCR000007926,RCT000007926,U0006344,0,,0
RCR000007927,RCT000007927,U0009458,0,,0
RCR000007928,RCT000007928,U0006831,0,,0
RCR000007929,RCT000007929,U0003881,0,,0
RCR000007930,RCT000007930,U0011477,0,,0
RCR000007931,RCT000007931,U0009200,0,,0
RCR000007932,RCT000007932,U0011589,0,,0
RCR000007933,RCT000007933,U0002469,0,,0
RCR000007934,RCT000007934,U0006760,0,,0
RCR000007935,RCT000007935,U0009448,0,,0
RCR000007936,RCT000007936,U0002805,0,,0
RCR000007937,RCT000007937,U0008295,0,,0
RCR000007938,RCT000007938,U0009687,0,,0
RCR000007939,RCT000007939,U0001422,0,,0
RCR000007940,RCT000007940,U0008617,0,,0
RCR000007941,RCT000007941,U0011015,0,,0
RCR000007942,RCT000007942,U0006410,0,,0
RCR000007943,RCT000007943,U0008869,0,,0
RCR000007944,RCT000007944,U0006553,0,,0
RCR000007945,RCT000007945,U0006304,0,,0
RCR000007946,RCT000007946,U0007164,0,,0
RCR000007947,RCT000007947,U0004692,0,,0
RCR000007948,RCT000007948,U0002602,0,,0
RCR000007949,RCT000007949,U0005376,1,2026-07-01 02:00:00,7
RCR000007950,RCT000007950,U0011159,0,,0
RCR000007951,RCT000007951,U0009681,0,,0
RCR000007952,RCT000007952,U0007063,0,,0
RCR000007953,RCT000007953,U0008442,0,,0
RCR000007954,RCT000007954,U0000662,0,,0
RCR000007955,RCT000007955,U0003282,0,,0
RCR000007956,RCT000007956,U0004689,0,,0
RCR000007957,RCT000007957,U0009635,0,,0
RCR000007958,RCT000007958,U0000750,1,2026-03-25 12:00:00,4
RCR000007959,RCT000007959,U0011344,0,,0
RCR000007960,RCT000007960,U0007461,0,,0
RCR000007961,RCT000007961,U0005629,0,,0
RCR000007962,RCT000007962,U0007167,0,,0
RCR000007963,RCT000007963,U0008298,0,,0
RCR000007964,RCT000007964,U0009668,0,,0
RCR000007965,RCT000007965,U0010896,0,,0
RCR000007966,RCT000007966,U0002773,0,,0
RCR000007967,RCT000007967,U0006742,0,,0
RCR000007968,RCT000007968,U0009966,0,,0
RCR000007969,RCT000007969,U0011502,0,,0
RCR000007970,RCT000007970,U0006533,0,,0
RCR000007971,RCT000007971,U0006915,0,,0
RCR000007972,RCT000007972,U0008202,0,,0
RCR000007973,RCT000007973,U0002966,0,,0
RCR000007974,RCT000007974,U0009290,1,2026-04-14 16:00:00,6
RCR000007975,RCT000007975,U0002316,0,,0
RCR000007976,RCT000007976,U0010286,0,,0
RCR000007977,RCT000007977,U0003222,0,,0
RCR000007978,RCT000007978,U0006134,0,,0
RCR000007979,RCT000007979,U0011597,1,2026-06-01 13:00:00,7
RCR000007980,RCT000007980,U0005850,0,,0
RCR000007981,RCT000007981,U0010276,0,,0
RCR000007982,RCT000007982,U0003085,0,,0
RCR000007983,RCT000007983,U0007809,0,,0
RCR000007984,RCT000007984,U0006579,1,2026-08-01 06:00:00,2
RCR000007985,RCT000007985,U0006611,0,,0
RCR000007986,RCT000007986,U0006804,0,,0
RCR000007987,RCT000007987,U0004810,0,,0
RCR000007988,RCT000007988,U0006768,0,,0
RCR000007989,RCT000007989,U0011912,0,,0
RCR000007990,RCT000007990,U0000556,0,,0
RCR000007991,RCT000007991,U0005469,0,,0
RCR000007992,RCT000007992,U0008784,0,,0
RCR000007993,RCT000007993,U0006729,0,,0
RCR000007994,RCT000007994,U0002593,0,,0
RCR000007995,RCT000007995,U0010095,0,,0
RCR000007996,RCT000007996,U0011865,0,,0
RCR000007997,RCT000007997,U0005884,1,2026-06-06 11:00:00,2
RCR000007998,RCT000007998,U0010732,0,,0
RCR000007999,RCT000007999,U0003356,0,,0
RCR000008000,RCT000008000,U0001754,0,,0
RCR000008001,RCT000008001,U0011240,0,,0
RCR000008002,RCT000008002,U0007404,0,,0
RCR000008003,RCT000008003,U0004909,0,,0
RCR000008004,RCT000008004,U0009926,0,,0
RCR000008005,RCT000008005,U0003442,0,,0
RCR000008006,RCT000008006,U0008221,0,,0
RCR000008007,RCT000008007,U0004924,0,,0
RCR000008008,RCT000008008,U0009703,0,,0
RCR000008009,RCT000008009,U0011619,0,,0
RCR000008010,RCT000008010,U0006806,0,,0
RCR000008011,RCT000008011,U0010958,0,,0
RCR000008012,RCT000008012,U0009639,1,2026-07-30 22:00:00,2
RCR000008013,RCT000008013,U0007426,0,,0
RCR000008014,RCT000008014,U0006539,0,,0
RCR000008015,RCT000008015,U0001310,1,2026-06-19 01:00:00,4
RCR000008016,RCT000008016,U0007534,0,,0
RCR000008017,RCT000008017,U0002901,0,,0
RCR000008018,RCT000008018,U0001551,0,,0
RCR000008019,RCT000008019,U0011170,0,,0
RCR000008020,RCT000008020,U0000671,0,,0
RCR000008021,RCT000008021,U0008280,0,,0
RCR000008022,RCT000008022,U0010541,0,,0
RCR000008023,RCT000008023,U0000365,0,,0
RCR000008024,RCT000008024,U0000897,0,,0
RCR000008025,RCT000008025,U0006451,0,,0
RCR000008026,RCT000008026,U0001517,0,,0
RCR000008027,RCT000008027,U0011801,0,,0
RCR000008028,RCT000008028,U0001315,0,,0
RCR000008029,RCT000008029,U0010433,0,,0
RCR000008030,RCT000008030,U0003108,0,,0
RCR000008031,RCT000008031,U0001983,1,2026-02-15 03:00:00,5
RCR000008032,RCT000008032,U0005539,1,2026-06-28 04:00:00,5
RCR000008033,RCT000008033,U0007240,0,,0
RCR000008034,RCT000008034,U0001681,0,,0
RCR000008035,RCT000008035,U0006856,0,,0
RCR000008036,RCT000008036,U0006348,0,,0
RCR000008037,RCT000008037,U0010294,1,2026-08-03 23:00:00,4
RCR000008038,RCT000008038,U0001830,0,,0
RCR000008039,RCT000008039,U0001569,0,,0
RCR000008040,RCT000008040,U0001978,0,,0
RCR000008041,RCT000008041,U0001016,0,,0
RCR000008042,RCT000008042,U0002759,0,,0
RCR000008043,RCT000008043,U0004749,0,,0
RCR000008044,RCT000008044,U0008291,0,,0
RCR000008045,RCT000008045,U0008627,0,,0
RCR000008046,RCT000008046,U0000360,0,,0
RCR000008047,RCT000008047,U0000514,0,,0
RCR000008048,RCT000008048,U0008838,0,,0
RCR000008049,RCT000008049,U0005640,0,,0
RCR000008050,RCT000008050,U0011886,1,2026-07-29 20:00:00,2
RCR000008051,RCT000008051,U0003074,0,,0
RCR000008052,RCT000008052,U0004735,1,2026-02-22 21:00:00,2
RCR000008053,RCT000008053,U0006151,0,,0
RCR000008054,RCT000008054,U0009082,0,,0
RCR000008055,RCT000008055,U0011595,0,,0
RCR000008056,RCT000008056,U0009018,0,,0
RCR000008057,RCT000008057,U0008241,0,,0
RCR000008058,RCT000008058,U0002185,0,,0
RCR000008059,RCT000008059,U0004381,0,,0
RCR000008060,RCT000008060,U0003264,0,,0
RCR000008061,RCT000008061,U0006494,0,,0
RCR000008062,RCT000008062,U0011724,0,,0
RCR000008063,RCT000008063,U0004494,0,,0
RCR000008064,RCT000008064,U0007360,0,,0
RCR000008065,RCT000008065,U0005081,0,,0
RCR000008066,RCT000008066,U0001488,0,,0
RCR000008067,RCT000008067,U0008096,0,,0
RCR000008068,RCT000008068,U0008956,0,,0
RCR000008069,RCT000008069,U0004700,0,,0
RCR000008070,RCT000008070,U0008489,0,,0
RCR000008071,RCT000008071,U0011590,1,2026-02-21 08:00:00,6
RCR000008072,RCT000008072,U0010132,0,,0
RCR000008073,RCT000008073,U0007857,0,,0
RCR000008074,RCT000008074,U0005063,0,,0
RCR000008075,RCT000008075,U0007617,0,,0
RCR000008076,RCT000008076,U0000820,0,,0
RCR000008077,RCT000008077,U0009697,0,,0
RCR000008078,RCT000008078,U0000788,1,2026-06-26 18:00:00,3
RCR000008079,RCT000008079,U0011068,0,,0
RCR000008080,RCT000008080,U0003850,0,,0
RCR000008081,RCT000008081,U0000534,0,,0
RCR000008082,RCT000008082,U0004024,0,,0
RCR000008083,RCT000008083,U0006231,0,,0
RCR000008084,RCT000008084,U0000691,0,,0
RCR000008085,RCT000008085,U0007346,0,,0
RCR000008086,RCT000008086,U0006477,0,,0
RCR000008087,RCT000008087,U0008260,0,,0
RCR000008088,RCT000008088,U0009290,0,,0
RCR000008089,RCT000008089,U0002066,0,,0
RCR000008090,RCT000008090,U0004589,0,,0
RCR000008091,RCT000008091,U0007027,0,,0
RCR000008092,RCT000008092,U0008926,1,2026-03-16 02:00:00,3
RCR000008093,RCT000008093,U0011734,0,,0
RCR000008094,RCT000008094,U0004414,1,2026-06-27 07:00:00,2
RCR000008095,RCT000008095,U0000936,0,,0
RCR000008096,RCT000008096,U0007348,0,,0
RCR000008097,RCT000008097,U0001670,0,,0
RCR000008098,RCT000008098,U0000875,0,,0
RCR000008099,RCT000008099,U0001198,0,,0
RCR000008100,RCT000008100,U0011206,1,2026-07-16 08:00:00,6
RCR000008101,RCT000008101,U0006087,0,,0
RCR000008102,RCT000008102,U0005656,0,,0
RCR000008103,RCT000008103,U0000351,0,,0
RCR000008104,RCT000008104,U0009772,0,,0
RCR000008105,RCT000008105,U0008534,0,,0
RCR000008106,RCT000008106,U0000555,0,,0
RCR000008107,RCT000008107,U0009085,0,,0
RCR000008108,RCT000008108,U0008034,0,,0
RCR000008109,RCT000008109,U0005604,0,,0
RCR000008110,RCT000008110,U0010741,0,,0
RCR000008111,RCT000008111,U0004264,0,,0
RCR000008112,RCT000008112,U0007546,0,,0
RCR000008113,RCT000008113,U0004923,0,,0
RCR000008114,RCT000008114,U0007073,0,,0
RCR000008115,RCT000008115,U0000514,0,,0
RCR000008116,RCT000008116,U0006009,0,,0
RCR000008117,RCT000008117,U0003991,0,,0
RCR000008118,RCT000008118,U0006486,0,,0
RCR000008119,RCT000008119,U0003999,0,,0
RCR000008120,RCT000008120,U0004069,0,,0
RCR000008121,RCT000008121,U0011172,0,,0
RCR000008122,RCT000008122,U0006073,0,,0
RCR000008123,RCT000008123,U0001569,0,,0
RCR000008124,RCT000008124,U0000295,0,,0
RCR000008125,RCT000008125,U0011268,0,,0
RCR000008126,RCT000008126,U0008864,0,,0
RCR000008127,RCT000008127,U0011782,0,,0
RCR000008128,RCT000008128,U0000921,0,,0
RCR000008129,RCT000008129,U0005458,0,,0
RCR000008130,RCT000008130,U0007829,0,,0
RCR000008131,RCT000008131,U0003158,0,,0
RCR000008132,RCT000008132,U0001216,0,,0
RCR000008133,RCT000008133,U0002079,0,,0
RCR000008134,RCT000008134,U0011138,0,,0
RCR000008135,RCT000008135,U0000414,0,,0
RCR000008136,RCT000008136,U0001866,0,,0
RCR000008137,RCT000008137,U0004304,0,,0
RCR000008138,RCT000008138,U0003619,0,,0
RCR000008139,RCT000008139,U0002047,0,,0
RCR000008140,RCT000008140,U0011213,0,,0
RCR000008141,RCT000008141,U0001940,1,2026-02-14 23:00:00,7
RCR000008142,RCT000008142,U0008342,0,,0
RCR000008143,RCT000008143,U0005511,0,,0
RCR000008144,RCT000008144,U0009934,0,,0
RCR000008145,RCT000008145,U0003159,1,2026-03-05 14:00:00,3
RCR000008146,RCT000008146,U0008182,0,,0
RCR000008147,RCT000008147,U0000407,0,,0
RCR000008148,RCT000008148,U0008906,0,,0
RCR000008149,RCT000008149,U0001999,0,,0
RCR000008150,RCT000008150,U0002779,0,,0
RCR000008151,RCT000008151,U0003479,0,,0
RCR000008152,RCT000008152,U0002309,0,,0
RCR000008153,RCT000008153,U0000929,0,,0
RCR000008154,RCT000008154,U0011402,0,,0
RCR000008155,RCT000008155,U0009473,0,,0
RCR000008156,RCT000008156,U0000300,0,,0
RCR000008157,RCT000008157,U0002227,0,,0
RCR000008158,RCT000008158,U0009672,0,,0
RCR000008159,RCT000008159,U0010150,0,,0
RCR000008160,RCT000008160,U0011675,0,,0
RCR000008161,RCT000008161,U0011540,0,,0
RCR000008162,RCT000008162,U0011367,0,,0
RCR000008163,RCT000008163,U0010751,0,,0
RCR000008164,RCT000008164,U0000062,0,,0
RCR000008165,RCT000008165,U0004905,0,,0
RCR000008166,RCT000008166,U0005028,0,,0
RCR000008167,RCT000008167,U0006496,0,,0
RCR000008168,RCT000008168,U0010805,0,,0
RCR000008169,RCT000008169,U0009198,0,,0
RCR000008170,RCT000008170,U0011397,0,,0
RCR000008171,RCT000008171,U0011651,0,,0
RCR000008172,RCT000008172,U0001840,0,,0
RCR000008173,RCT000008173,U0009050,0,,0
RCR000008174,RCT000008174,U0006510,0,,0
RCR000008175,RCT000008175,U0003053,0,,0
RCR000008176,RCT000008176,U0008985,0,,0
RCR000008177,RCT000008177,U0002910,1,2026-07-17 09:00:00,6
RCR000008178,RCT000008178,U0011258,1,2026-07-31 16:00:00,1
RCR000008179,RCT000008179,U0006218,0,,0
RCR000008180,RCT000008180,U0008472,0,,0
RCR000008181,RCT000008181,U0002769,0,,0
RCR000008182,RCT000008182,U0004595,0,,0
RCR000008183,RCT000008183,U0010330,0,,0
RCR000008184,RCT000008184,U0001764,0,,0
RCR000008185,RCT000008185,U0002285,0,,0
RCR000008186,RCT000008186,U0007891,0,,0
RCR000008187,RCT000008187,U0000668,0,,0
RCR000008188,RCT000008188,U0001755,0,,0
RCR000008189,RCT000008189,U0009840,0,,0
RCR000008190,RCT000008190,U0008811,0,,0
RCR000008191,RCT000008191,U0009679,0,,0
RCR000008192,RCT000008192,U0007809,0,,0
RCR000008193,RCT000008193,U0011933,0,,0
RCR000008194,RCT000008194,U0008240,0,,0
RCR000008195,RCT000008195,U0000790,1,2026-06-15 22:00:00,1
RCR000008196,RCT000008196,U0002014,0,,0
RCR000008197,RCT000008197,U0001089,0,,0
RCR000008198,RCT000008198,U0009809,0,,0
RCR000008199,RCT000008199,U0001488,1,2026-02-11 18:00:00,4
RCR000008200,RCT000008200,U0002664,0,,0
RCR000008201,RCT000008201,U0006411,0,,0
RCR000008202,RCT000008202,U0010520,0,,0
RCR000008203,RCT000008203,U0009019,0,,0
RCR000008204,RCT000008204,U0008700,1,2026-02-17 22:00:00,1
RCR000008205,RCT000008205,U0002130,0,,0
RCR000008206,RCT000008206,U0011756,1,2026-06-26 17:00:00,5
RCR000008207,RCT000008207,U0003454,0,,0
RCR000008208,RCT000008208,U0003242,0,,0
RCR000008209,RCT000008209,U0011340,0,,0
RCR000008210,RCT000008210,U0000483,0,,0
RCR000008211,RCT000008211,U0001678,0,,0
RCR000008212,RCT000008212,U0002049,0,,0
RCR000008213,RCT000008213,U0007754,1,2026-03-18 03:00:00,1
RCR000008214,RCT000008214,U0005108,0,,0
RCR000008215,RCT000008215,U0005650,0,,0
RCR000008216,RCT000008216,U0000078,0,,0
RCR000008217,RCT000008217,U0008493,0,,0
RCR000008218,RCT000008218,U0011980,0,,0
RCR000008219,RCT000008219,U0005557,0,,0
RCR000008220,RCT000008220,U0007879,0,,0
RCR000008221,RCT000008221,U0009763,0,,0
RCR000008222,RCT000008222,U0006496,0,,0
RCR000008223,RCT000008223,U0003004,0,,0
RCR000008224,RCT000008224,U0010001,0,,0
RCR000008225,RCT000008225,U0010545,1,2026-06-01 14:00:00,6
RCR000008226,RCT000008226,U0008840,0,,0
RCR000008227,RCT000008227,U0004318,0,,0
RCR000008228,RCT000008228,U0011360,0,,0
RCR000008229,RCT000008229,U0010380,0,,0
RCR000008230,RCT000008230,U0004628,1,2026-02-20 06:00:00,7
RCR000008231,RCT000008231,U0000582,0,,0
RCR000008232,RCT000008232,U0001624,0,,0
RCR000008233,RCT000008233,U0009700,0,,0
RCR000008234,RCT000008234,U0011458,0,,0
RCR000008235,RCT000008235,U0000298,1,2026-03-16 08:00:00,5
RCR000008236,RCT000008236,U0001761,0,,0
RCR000008237,RCT000008237,U0011430,0,,0
RCR000008238,RCT000008238,U0004766,1,2026-06-05 21:00:00,1
RCR000008239,RCT000008239,U0002833,0,,0
RCR000008240,RCT000008240,U0007891,1,2026-06-28 09:00:00,4
RCR000008241,RCT000008241,U0003519,0,,0
RCR000008242,RCT000008242,U0003259,0,,0
RCR000008243,RCT000008243,U0001416,0,,0
RCR000008244,RCT000008244,U0005068,0,,0
RCR000008245,RCT000008245,U0007206,0,,0
RCR000008246,RCT000008246,U0001428,0,,0
RCR000008247,RCT000008247,U0004416,0,,0
RCR000008248,RCT000008248,U0001982,0,,0
RCR000008249,RCT000008249,U0000637,0,,0
RCR000008250,RCT000008250,U0011353,0,,0
RCR000008251,RCT000008251,U0000910,0,,0
RCR000008252,RCT000008252,U0000713,0,,0
RCR000008253,RCT000008253,U0008572,0,,0
RCR000008254,RCT000008254,U0003458,0,,0
RCR000008255,RCT000008255,U0007311,0,,0
RCR000008256,RCT000008256,U0010035,0,,0
RCR000008257,RCT000008257,U0006761,1,2026-06-24 14:00:00,7
RCR000008258,RCT000008258,U0011536,0,,0
RCR000008259,RCT000008259,U0006135,1,2026-06-01 04:00:00,7
RCR000008260,RCT000008260,U0001609,1,2026-06-30 19:00:00,1
RCR000008261,RCT000008261,U0010850,0,,0
RCR000008262,RCT000008262,U0004778,1,2026-02-23 17:00:00,4
RCR000008263,RCT000008263,U0005107,0,,0
RCR000008264,RCT000008264,U0008485,0,,0
RCR000008265,RCT000008265,U0011886,0,,0
RCR000008266,RCT000008266,U0005705,0,,0
RCR000008267,RCT000008267,U0009523,0,,0
RCR000008268,RCT000008268,U0003629,0,,0
RCR000008269,RCT000008269,U0003476,0,,0
RCR000008270,RCT000008270,U0007741,0,,0
RCR000008271,RCT000008271,U0007393,0,,0
RCR000008272,RCT000008272,U0007953,0,,0
RCR000008273,RCT000008273,U0009580,0,,0
RCR000008274,RCT000008274,U0002395,0,,0
RCR000008275,RCT000008275,U0001899,0,,0
RCR000008276,RCT000008276,U0004043,0,,0
RCR000008277,RCT000008277,U0005278,0,,0
RCR000008278,RCT000008278,U0004813,0,,0
RCR000008279,RCT000008279,U0005925,0,,0
RCR000008280,RCT000008280,U0005762,0,,0
RCR000008281,RCT000008281,U0003564,0,,0
RCR000008282,RCT000008282,U0005890,0,,0
RCR000008283,RCT000008283,U0001388,0,,0
RCR000008284,RCT000008284,U0002226,0,,0
RCR000008285,RCT000008285,U0004110,0,,0
RCR000008286,RCT000008286,U0005523,0,,0
RCR000008287,RCT000008287,U0007467,0,,0
RCR000008288,RCT000008288,U0001523,0,,0
RCR000008289,RCT000008289,U0002627,1,2026-06-09 08:00:00,4
RCR000008290,RCT000008290,U0009132,0,,0
RCR000008291,RCT000008291,U0009504,0,,0
RCR000008292,RCT000008292,U0004761,0,,0
RCR000008293,RCT000008293,U0006154,0,,0
RCR000008294,RCT000008294,U0008798,1,2026-02-18 13:00:00,6
RCR000008295,RCT000008295,U0008644,0,,0
RCR000008296,RCT000008296,U0011197,1,2026-06-07 11:00:00,5
RCR000008297,RCT000008297,U0009110,0,,0
RCR000008298,RCT000008298,U0006251,0,,0
RCR000008299,RCT000008299,U0002943,0,,0
RCR000008300,RCT000008300,U0011763,1,2026-07-02 12:00:00,1
RCR000008301,RCT000008301,U0009032,0,,0
RCR000008302,RCT000008302,U0004740,0,,0
RCR000008303,RCT000008303,U0005752,0,,0
RCR000008304,RCT000008304,U0009399,0,,0
RCR000008305,RCT000008305,U0008003,0,,0
RCR000008306,RCT000008306,U0002104,0,,0
RCR000008307,RCT000008307,U0008805,0,,0
RCR000008308,RCT000008308,U0007792,1,2026-07-31 00:00:00,4
RCR000008309,RCT000008309,U0006806,0,,0
RCR000008310,RCT000008310,U0003008,0,,0
RCR000008311,RCT000008311,U0008539,0,,0
RCR000008312,RCT000008312,U0002675,0,,0
RCR000008313,RCT000008313,U0008092,0,,0
RCR000008314,RCT000008314,U0003424,0,,0
RCR000008315,RCT000008315,U0001191,0,,0
RCR000008316,RCT000008316,U0007760,0,,0
RCR000008317,RCT000008317,U0006282,0,,0
RCR000008318,RCT000008318,U0001358,0,,0
RCR000008319,RCT000008319,U0011992,0,,0
RCR000008320,RCT000008320,U0008369,0,,0
RCR000008321,RCT000008321,U0000980,0,,0
RCR000008322,RCT000008322,U0007797,0,,0
RCR000008323,RCT000008323,U0010732,0,,0
RCR000008324,RCT000008324,U0011788,1,2026-04-25 23:00:00,3
RCR000008325,RCT000008325,U0000326,0,,0
RCR000008326,RCT000008326,U0002035,0,,0
RCR000008327,RCT000008327,U0005481,0,,0
RCR000008328,RCT000008328,U0002963,0,,0
RCR000008329,RCT000008329,U0006698,0,,0
RCR000008330,RCT000008330,U0001122,0,,0
RCR000008331,RCT000008331,U0005609,0,,0
RCR000008332,RCT000008332,U0009658,0,,0
RCR000008333,RCT000008333,U0009722,0,,0
RCR000008334,RCT000008334,U0007470,0,,0
RCR000008335,RCT000008335,U0002993,0,,0
RCR000008336,RCT000008336,U0011015,0,,0
RCR000008337,RCT000008337,U0000540,0,,0
RCR000008338,RCT000008338,U0011845,0,,0
RCR000008339,RCT000008339,U0011650,0,,0
RCR000008340,RCT000008340,U0005899,0,,0
RCR000008341,RCT000008341,U0003682,0,,0
RCR000008342,RCT000008342,U0005304,0,,0
RCR000008343,RCT000008343,U0011863,0,,0
RCR000008344,RCT000008344,U0007007,0,,0
RCR000008345,RCT000008345,U0009698,0,,0
RCR000008346,RCT000008346,U0006642,1,2026-05-12 08:00:00,3
RCR000008347,RCT000008347,U0003937,0,,0
RCR000008348,RCT000008348,U0006449,0,,0
RCR000008349,RCT000008349,U0006808,0,,0
RCR000008350,RCT000008350,U0004725,0,,0
RCR000008351,RCT000008351,U0003737,0,,0
RCR000008352,RCT000008352,U0001684,0,,0
RCR000008353,RCT000008353,U0006652,0,,0
RCR000008354,RCT000008354,U0002307,0,,0
RCR000008355,RCT000008355,U0011562,0,,0
RCR000008356,RCT000008356,U0000293,1,2026-05-12 05:00:00,4
RCR000008357,RCT000008357,U0007802,0,,0
RCR000008358,RCT000008358,U0004227,0,,0
RCR000008359,RCT000008359,U0008695,0,,0
RCR000008360,RCT000008360,U0001827,0,,0
RCR000008361,RCT000008361,U0000745,0,,0
RCR000008362,RCT000008362,U0004629,0,,0
RCR000008363,RCT000008363,U0001984,1,2026-07-28 00:00:00,3
RCR000008364,RCT000008364,U0002564,0,,0
RCR000008365,RCT000008365,U0008806,0,,0
RCR000008366,RCT000008366,U0006554,0,,0
RCR000008367,RCT000008367,U0006348,0,,0
RCR000008368,RCT000008368,U0000038,1,2026-05-26 06:00:00,6
RCR000008369,RCT000008369,U0008417,0,,0
RCR000008370,RCT000008370,U0005601,0,,0
RCR000008371,RCT000008371,U0008036,0,,0
RCR000008372,RCT000008372,U0009178,0,,0
RCR000008373,RCT000008373,U0003427,0,,0
RCR000008374,RCT000008374,U0002229,0,,0
RCR000008375,RCT000008375,U0010710,0,,0
RCR000008376,RCT000008376,U0005121,0,,0
RCR000008377,RCT000008377,U0008553,0,,0
RCR000008378,RCT000008378,U0003620,0,,0
RCR000008379,RCT000008379,U0009217,0,,0
RCR000008380,RCT000008380,U0009732,0,,0
RCR000008381,RCT000008381,U0010246,0,,0
RCR000008382,RCT000008382,U0007988,0,,0
RCR000008383,RCT000008383,U0005766,0,,0
RCR000008384,RCT000008384,U0008091,0,,0
RCR000008385,RCT000008385,U0005800,0,,0
RCR000008386,RCT000008386,U0011616,0,,0
RCR000008387,RCT000008387,U0010057,0,,0
RCR000008388,RCT000008388,U0008962,0,,0
RCR000008389,RCT000008389,U0010396,0,,0
RCR000008390,RCT000008390,U0008954,0,,0
RCR000008391,RCT000008391,U0011675,0,,0
RCR000008392,RCT000008392,U0006817,0,,0
RCR000008393,RCT000008393,U0010828,0,,0
RCR000008394,RCT000008394,U0008266,0,,0
RCR000008395,RCT000008395,U0000788,0,,0
RCR000008396,RCT000008396,U0007132,0,,0
RCR000008397,RCT000008397,U0004841,0,,0
RCR000008398,RCT000008398,U0000781,0,,0
RCR000008399,RCT000008399,U0007701,0,,0
RCR000008400,RCT000008400,U0011058,0,,0
RCR000008401,RCT000008401,U0000741,0,,0
RCR000008402,RCT000008402,U0008821,0,,0
RCR000008403,RCT000008403,U0001539,0,,0
RCR000008404,RCT000008404,U0001964,0,,0
RCR000008405,RCT000008405,U0004063,1,2026-02-23 01:00:00,6
RCR000008406,RCT000008406,U0011368,0,,0
RCR000008407,RCT000008407,U0007513,0,,0
RCR000008408,RCT000008408,U0008367,0,,0
RCR000008409,RCT000008409,U0005872,0,,0
RCR000008410,RCT000008410,U0002929,0,,0
RCR000008411,RCT000008411,U0000918,0,,0
RCR000008412,RCT000008412,U0004828,0,,0
RCR000008413,RCT000008413,U0007314,0,,0
RCR000008414,RCT000008414,U0001802,0,,0
RCR000008415,RCT000008415,U0008859,1,2026-06-18 00:00:00,3
RCR000008416,RCT000008416,U0003671,0,,0
RCR000008417,RCT000008417,U0005948,0,,0
RCR000008418,RCT000008418,U0006393,0,,0
RCR000008419,RCT000008419,U0001293,0,,0
RCR000008420,RCT000008420,U0003708,1,2026-05-23 01:00:00,1
RCR000008421,RCT000008421,U0004327,0,,0
RCR000008422,RCT000008422,U0003880,0,,0
RCR000008423,RCT000008423,U0002868,1,2026-07-12 13:00:00,5
RCR000008424,RCT000008424,U0010541,0,,0
RCR000008425,RCT000008425,U0002641,0,,0
RCR000008426,RCT000008426,U0007493,0,,0
RCR000008427,RCT000008427,U0011278,0,,0
RCR000008428,RCT000008428,U0007689,0,,0
RCR000008429,RCT000008429,U0000784,0,,0
RCR000008430,RCT000008430,U0001477,0,,0
RCR000008431,RCT000008431,U0006096,0,,0
RCR000008432,RCT000008432,U0006326,0,,0
RCR000008433,RCT000008433,U0003440,0,,0
RCR000008434,RCT000008434,U0008054,0,,0
RCR000008435,RCT000008435,U0010788,0,,0
RCR000008436,RCT000008436,U0006090,0,,0
RCR000008437,RCT000008437,U0003122,0,,0
RCR000008438,RCT000008438,U0003242,0,,0
RCR000008439,RCT000008439,U0001862,0,,0
RCR000008440,RCT000008440,U0001099,0,,0
RCR000008441,RCT000008441,U0009168,0,,0
RCR000008442,RCT000008442,U0000056,0,,0
RCR000008443,RCT000008443,U0002919,0,,0
RCR000008444,RCT000008444,U0004709,1,2026-02-07 11:00:00,3
RCR000008445,RCT000008445,U0001322,0,,0
RCR000008446,RCT000008446,U0010637,0,,0
RCR000008447,RCT000008447,U0009323,0,,0
RCR000008448,RCT000008448,U0003128,0,,0
RCR000008449,RCT000008449,U0003964,0,,0
RCR000008450,RCT000008450,U0003827,0,,0
RCR000008451,RCT000008451,U0007858,0,,0
RCR000008452,RCT000008452,U0007758,0,,0
RCR000008453,RCT000008453,U0003072,0,,0
RCR000008454,RCT000008454,U0008717,0,,0
RCR000008455,RCT000008455,U0004112,0,,0
RCR000008456,RCT000008456,U0011077,0,,0
RCR000008457,RCT000008457,U0002022,0,,0
RCR000008458,RCT000008458,U0003615,1,2026-04-12 21:00:00,4
RCR000008459,RCT000008459,U0004590,0,,0
RCR000008460,RCT000008460,U0003724,0,,0
RCR000008461,RCT000008461,U0005139,0,,0
RCR000008462,RCT000008462,U0006146,0,,0
RCR000008463,RCT000008463,U0009074,0,,0
RCR000008464,RCT000008464,U0004801,0,,0
RCR000008465,RCT000008465,U0000050,0,,0
RCR000008466,RCT000008466,U0003178,0,,0
RCR000008467,RCT000008467,U0006247,0,,0
RCR000008468,RCT000008468,U0006027,0,,0
RCR000008469,RCT000008469,U0006415,0,,0
RCR000008470,RCT000008470,U0007218,1,2026-04-26 23:00:00,6
RCR000008471,RCT000008471,U0006399,0,,0
RCR000008472,RCT000008472,U0002875,0,,0
RCR000008473,RCT000008473,U0008404,0,,0
RCR000008474,RCT000008474,U0000770,0,,0
RCR000008475,RCT000008475,U0011698,0,,0
RCR000008476,RCT000008476,U0003289,0,,0
RCR000008477,RCT000008477,U0004104,0,,0
RCR000008478,RCT000008478,U0006376,0,,0
RCR000008479,RCT000008479,U0010498,0,,0
RCR000008480,RCT000008480,U0006845,0,,0
RCR000008481,RCT000008481,U0002136,0,,0
RCR000008482,RCT000008482,U0000314,0,,0
RCR000008483,RCT000008483,U0003953,0,,0
RCR000008484,RCT000008484,U0000782,0,,0
RCR000008485,RCT000008485,U0005095,0,,0
RCR000008486,RCT000008486,U0002603,0,,0
RCR000008487,RCT000008487,U0009787,1,2026-05-26 00:00:00,4
RCR000008488,RCT000008488,U0011220,0,,0
RCR000008489,RCT000008489,U0007238,0,,0
RCR000008490,RCT000008490,U0006731,1,2026-04-10 02:00:00,6
RCR000008491,RCT000008491,U0009105,0,,0
RCR000008492,RCT000008492,U0009401,0,,0
RCR000008493,RCT000008493,U0005845,0,,0
RCR000008494,RCT000008494,U0011811,0,,0
RCR000008495,RCT000008495,U0001935,0,,0
RCR000008496,RCT000008496,U0000706,0,,0
RCR000008497,RCT000008497,U0006489,0,,0
RCR000008498,RCT000008498,U0009933,0,,0
RCR000008499,RCT000008499,U0003923,0,,0
RCR000008500,RCT000008500,U0009947,0,,0
RCR000008501,RCT000008501,U0001802,0,,0
RCR000008502,RCT000008502,U0010807,0,,0
RCR000008503,RCT000008503,U0007324,0,,0
RCR000008504,RCT000008504,U0009275,0,,0
RCR000008505,RCT000008505,U0002270,1,2026-03-05 21:00:00,3
RCR000008506,RCT000008506,U0001645,0,,0
RCR000008507,RCT000008507,U0000124,0,,0
RCR000008508,RCT000008508,U0007723,0,,0
RCR000008509,RCT000008509,U0009456,0,,0
RCR000008510,RCT000008510,U0006146,0,,0
RCR000008511,RCT000008511,U0004302,0,,0
RCR000008512,RCT000008512,U0009993,0,,0
RCR000008513,RCT000008513,U0008747,0,,0
RCR000008514,RCT000008514,U0005211,0,,0
RCR000008515,RCT000008515,U0010585,0,,0
RCR000008516,RCT000008516,U0004586,0,,0
RCR000008517,RCT000008517,U0001101,0,,0
RCR000008518,RCT000008518,U0010874,0,,0
RCR000008519,RCT000008519,U0005496,0,,0
RCR000008520,RCT000008520,U0011739,0,,0
RCR000008521,RCT000008521,U0005890,1,2026-05-28 23:00:00,5
RCR000008522,RCT000008522,U0007152,0,,0
RCR000008523,RCT000008523,U0002679,0,,0
RCR000008524,RCT000008524,U0000798,1,2026-02-18 00:00:00,4
RCR000008525,RCT000008525,U0005140,0,,0
RCR000008526,RCT000008526,U0006310,0,,0
RCR000008527,RCT000008527,U0001465,0,,0
RCR000008528,RCT000008528,U0004950,0,,0
RCR000008529,RCT000008529,U0011748,0,,0
RCR000008530,RCT000008530,U0010964,0,,0
RCR000008531,RCT000008531,U0000132,0,,0
RCR000008532,RCT000008532,U0011482,0,,0
RCR000008533,RCT000008533,U0006786,0,,0
RCR000008534,RCT000008534,U0006523,0,,0
RCR000008535,RCT000008535,U0001291,0,,0
RCR000008536,RCT000008536,U0005049,0,,0
RCR000008537,RCT000008537,U0002537,0,,0
RCR000008538,RCT000008538,U0000187,0,,0
RCR000008539,RCT000008539,U0009351,0,,0
RCR000008540,RCT000008540,U0008433,0,,0
RCR000008541,RCT000008541,U0000836,0,,0
RCR000008542,RCT000008542,U0001176,0,,0
RCR000008543,RCT000008543,U0010721,0,,0
RCR000008544,RCT000008544,U0009201,0,,0
RCR000008545,RCT000008545,U0006859,0,,0
RCR000008546,RCT000008546,U0011197,0,,0
RCR000008547,RCT000008547,U0010616,0,,0
RCR000008548,RCT000008548,U0005014,0,,0
RCR000008549,RCT000008549,U0008402,0,,0
RCR000008550,RCT000008550,U0004260,0,,0
RCR000008551,RCT000008551,U0011051,0,,0
RCR000008552,RCT000008552,U0002860,0,,0
RCR000008553,RCT000008553,U0004327,0,,0
RCR000008554,RCT000008554,U0004258,0,,0
RCR000008555,RCT000008555,U0007732,0,,0
RCR000008556,RCT000008556,U0006403,0,,0
RCR000008557,RCT000008557,U0003495,0,,0
RCR000008558,RCT000008558,U0003117,1,2026-05-25 11:00:00,2
RCR000008559,RCT000008559,U0011748,0,,0
RCR000008560,RCT000008560,U0003479,0,,0
RCR000008561,RCT000008561,U0008946,0,,0
RCR000008562,RCT000008562,U0004578,0,,0
RCR000008563,RCT000008563,U0007147,0,,0
RCR000008564,RCT000008564,U0001624,0,,0
RCR000008565,RCT000008565,U0007024,1,2026-02-14 21:00:00,7
RCR000008566,RCT000008566,U0005036,0,,0
RCR000008567,RCT000008567,U0005148,0,,0
RCR000008568,RCT000008568,U0006638,0,,0
RCR000008569,RCT000008569,U0010295,0,,0
RCR000008570,RCT000008570,U0007050,0,,0
RCR000008571,RCT000008571,U0004295,0,,0
RCR000008572,RCT000008572,U0009506,0,,0
RCR000008573,RCT000008573,U0003662,0,,0
RCR000008574,RCT000008574,U0002754,0,,0
RCR000008575,RCT000008575,U0006292,0,,0
RCR000008576,RCT000008576,U0009016,0,,0
RCR000008577,RCT000008577,U0008946,0,,0
RCR000008578,RCT000008578,U0010127,0,,0
RCR000008579,RCT000008579,U0000071,0,,0
RCR000008580,RCT000008580,U0011058,0,,0
RCR000008581,RCT000008581,U0009260,0,,0
RCR000008582,RCT000008582,U0001308,0,,0
RCR000008583,RCT000008583,U0006796,0,,0
RCR000008584,RCT000008584,U0002032,1,2026-05-26 07:00:00,1
RCR000008585,RCT000008585,U0006648,0,,0
RCR000008586,RCT000008586,U0001100,0,,0
RCR000008587,RCT000008587,U0007798,0,,0
RCR000008588,RCT000008588,U0001781,0,,0
RCR000008589,RCT000008589,U0007388,0,,0
RCR000008590,RCT000008590,U0004230,0,,0
RCR000008591,RCT000008591,U0001725,0,,0
RCR000008592,RCT000008592,U0006203,0,,0
RCR000008593,RCT000008593,U0006795,0,,0
RCR000008594,RCT000008594,U0000899,0,,0
RCR000008595,RCT000008595,U0002837,0,,0
RCR000008596,RCT000008596,U0002786,0,,0
RCR000008597,RCT000008597,U0001780,0,,0
RCR000008598,RCT000008598,U0001490,0,,0
RCR000008599,RCT000008599,U0003472,0,,0
RCR000008600,RCT000008600,U0007214,0,,0
RCR000008601,RCT000008601,U0009814,0,,0
RCR000008602,RCT000008602,U0001775,0,,0
RCR000008603,RCT000008603,U0001194,0,,0
RCR000008604,RCT000008604,U0006072,0,,0
RCR000008605,RCT000008605,U0010741,0,,0
RCR000008606,RCT000008606,U0008190,0,,0
RCR000008607,RCT000008607,U0004449,0,,0
RCR000008608,RCT000008608,U0004521,0,,0
RCR000008609,RCT000008609,U0004187,0,,0
RCR000008610,RCT000008610,U0004207,0,,0
RCR000008611,RCT000008611,U0001908,1,2026-02-14 09:00:00,3
RCR000008612,RCT000008612,U0007110,0,,0
RCR000008613,RCT000008613,U0010589,0,,0
RCR000008614,RCT000008614,U0001151,0,,0
RCR000008615,RCT000008615,U0009569,0,,0
RCR000008616,RCT000008616,U0007388,1,2026-03-29 15:00:00,5
RCR000008617,RCT000008617,U0010378,0,,0
RCR000008618,RCT000008618,U0007969,0,,0
RCR000008619,RCT000008619,U0009595,0,,0
RCR000008620,RCT000008620,U0000812,0,,0
RCR000008621,RCT000008621,U0001039,0,,0
RCR000008622,RCT000008622,U0011913,0,,0
RCR000008623,RCT000008623,U0004320,0,,0
RCR000008624,RCT000008624,U0007935,0,,0
RCR000008625,RCT000008625,U0003688,0,,0
RCR000008626,RCT000008626,U0010647,1,2026-08-01 08:00:00,2
RCR000008627,RCT000008627,U0010349,0,,0
RCR000008628,RCT000008628,U0010239,0,,0
RCR000008629,RCT000008629,U0008571,0,,0
RCR000008630,RCT000008630,U0008707,0,,0
RCR000008631,RCT000008631,U0009149,0,,0
RCR000008632,RCT000008632,U0000787,0,,0
RCR000008633,RCT000008633,U0004750,0,,0
RCR000008634,RCT000008634,U0011619,1,2026-05-31 01:00:00,5
RCR000008635,RCT000008635,U0000994,0,,0
RCR000008636,RCT000008636,U0002852,0,,0
RCR000008637,RCT000008637,U0003049,0,,0
RCR000008638,RCT000008638,U0011661,0,,0
RCR000008639,RCT000008639,U0010274,0,,0
RCR000008640,RCT000008640,U0002158,1,2026-02-14 14:00:00,2
RCR000008641,RCT000008641,U0002224,0,,0
RCR000008642,RCT000008642,U0006561,0,,0
RCR000008643,RCT000008643,U0008858,0,,0
RCR000008644,RCT000008644,U0006162,0,,0
RCR000008645,RCT000008645,U0002676,0,,0
RCR000008646,RCT000008646,U0009575,0,,0
RCR000008647,RCT000008647,U0008779,1,2026-08-02 10:00:00,5
RCR000008648,RCT000008648,U0002318,0,,0
RCR000008649,RCT000008649,U0004794,0,,0
RCR000008650,RCT000008650,U0002028,1,2026-06-27 14:00:00,1
RCR000008651,RCT000008651,U0009968,1,2026-04-23 08:00:00,7
RCR000008652,RCT000008652,U0007875,0,,0
RCR000008653,RCT000008653,U0010038,0,,0
RCR000008654,RCT000008654,U0001728,1,2026-04-21 14:00:00,2
RCR000008655,RCT000008655,U0008014,0,,0
RCR000008656,RCT000008656,U0002051,1,2026-04-29 02:00:00,5
RCR000008657,RCT000008657,U0006986,1,2026-06-26 00:00:00,7
RCR000008658,RCT000008658,U0006297,0,,0
RCR000008659,RCT000008659,U0008228,1,2026-06-07 12:00:00,6
RCR000008660,RCT000008660,U0003448,0,,0
RCR000008661,RCT000008661,U0011093,1,2026-04-12 09:00:00,5
RCR000008662,RCT000008662,U0003486,0,,0
RCR000008663,RCT000008663,U0003040,0,,0
RCR000008664,RCT000008664,U0001221,0,,0
RCR000008665,RCT000008665,U0000231,0,,0
RCR000008666,RCT000008666,U0003163,0,,0
RCR000008667,RCT000008667,U0005257,0,,0
RCR000008668,RCT000008668,U0010456,1,2026-02-17 05:00:00,1
RCR000008669,RCT000008669,U0009090,0,,0
RCR000008670,RCT000008670,U0010381,0,,0
RCR000008671,RCT000008671,U0001100,0,,0
RCR000008672,RCT000008672,U0007623,0,,0
RCR000008673,RCT000008673,U0002218,0,,0
RCR000008674,RCT000008674,U0007769,0,,0
RCR000008675,RCT000008675,U0011866,0,,0
RCR000008676,RCT000008676,U0011315,0,,0
RCR000008677,RCT000008677,U0007144,0,,0
RCR000008678,RCT000008678,U0004505,0,,0
RCR000008679,RCT000008679,U0007130,0,,0
RCR000008680,RCT000008680,U0011723,0,,0
RCR000008681,RCT000008681,U0010498,0,,0
RCR000008682,RCT000008682,U0001186,0,,0
RCR000008683,RCT000008683,U0007967,0,,0
RCR000008684,RCT000008684,U0010985,0,,0
RCR000008685,RCT000008685,U0009168,0,,0
RCR000008686,RCT000008686,U0006757,0,,0
RCR000008687,RCT000008687,U0005738,0,,0
RCR000008688,RCT000008688,U0009660,0,,0
RCR000008689,RCT000008689,U0008848,0,,0
RCR000008690,RCT000008690,U0000918,0,,0
RCR000008691,RCT000008691,U0006404,0,,0
RCR000008692,RCT000008692,U0001227,0,,0
RCR000008693,RCT000008693,U0001748,0,,0
RCR000008694,RCT000008694,U0010752,0,,0
RCR000008695,RCT000008695,U0011805,0,,0
RCR000008696,RCT000008696,U0009585,0,,0
RCR000008697,RCT000008697,U0009986,0,,0
RCR000008698,RCT000008698,U0009203,0,,0
RCR000008699,RCT000008699,U0008928,0,,0
RCR000008700,RCT000008700,U0003145,0,,0
RCR000008701,RCT000008701,U0005081,0,,0
RCR000008702,RCT000008702,U0006952,0,,0
RCR000008703,RCT000008703,U0005533,0,,0
RCR000008704,RCT000008704,U0011931,0,,0
RCR000008705,RCT000008705,U0010239,0,,0
RCR000008706,RCT000008706,U0004749,0,,0
RCR000008707,RCT000008707,U0011353,0,,0
RCR000008708,RCT000008708,U0001345,0,,0
RCR000008709,RCT000008709,U0002199,0,,0
RCR000008710,RCT000008710,U0002986,0,,0
RCR000008711,RCT000008711,U0007813,0,,0
RCR000008712,RCT000008712,U0008901,0,,0
RCR000008713,RCT000008713,U0003751,0,,0
RCR000008714,RCT000008714,U0004580,0,,0
RCR000008715,RCT000008715,U0010972,0,,0
RCR000008716,RCT000008716,U0002791,0,,0
RCR000008717,RCT000008717,U0004903,0,,0
RCR000008718,RCT000008718,U0009820,0,,0
RCR000008719,RCT000008719,U0002707,0,,0
RCR000008720,RCT000008720,U0009518,0,,0
RCR000008721,RCT000008721,U0001311,0,,0
RCR000008722,RCT000008722,U0010777,0,,0
RCR000008723,RCT000008723,U0000549,0,,0
RCR000008724,RCT000008724,U0000103,0,,0
RCR000008725,RCT000008725,U0007339,0,,0
RCR000008726,RCT000008726,U0006258,0,,0
RCR000008727,RCT000008727,U0005112,0,,0
RCR000008728,RCT000008728,U0004473,1,2026-06-20 19:00:00,1
RCR000008729,RCT000008729,U0003787,0,,0
RCR000008730,RCT000008730,U0003214,0,,0
RCR000008731,RCT000008731,U0003161,0,,0
RCR000008732,RCT000008732,U0009727,1,2026-06-29 20:00:00,3
RCR000008733,RCT000008733,U0005156,0,,0
RCR000008734,RCT000008734,U0003495,0,,0
RCR000008735,RCT000008735,U0008266,0,,0
RCR000008736,RCT000008736,U0004003,0,,0
RCR000008737,RCT000008737,U0008748,0,,0
RCR000008738,RCT000008738,U0011460,0,,0
RCR000008739,RCT000008739,U0011759,0,,0
RCR000008740,RCT000008740,U0002321,0,,0
RCR000008741,RCT000008741,U0006603,0,,0
RCR000008742,RCT000008742,U0001728,0,,0
RCR000008743,RCT000008743,U0008647,0,,0
RCR000008744,RCT000008744,U0009016,0,,0
RCR000008745,RCT000008745,U0001489,0,,0
RCR000008746,RCT000008746,U0008366,0,,0
RCR000008747,RCT000008747,U0006774,0,,0
RCR000008748,RCT000008748,U0008313,0,,0
RCR000008749,RCT000008749,U0002744,0,,0
RCR000008750,RCT000008750,U0000470,0,,0
RCR000008751,RCT000008751,U0009062,0,,0
RCR000008752,RCT000008752,U0011011,1,2026-06-22 00:00:00,3
RCR000008753,RCT000008753,U0007532,0,,0
RCR000008754,RCT000008754,U0008282,0,,0
RCR000008755,RCT000008755,U0006590,0,,0
RCR000008756,RCT000008756,U0009962,0,,0
RCR000008757,RCT000008757,U0009362,0,,0
RCR000008758,RCT000008758,U0001525,0,,0
RCR000008759,RCT000008759,U0003515,1,2026-02-05 15:00:00,4
RCR000008760,RCT000008760,U0003122,0,,0
RCR000008761,RCT000008761,U0010445,0,,0
RCR000008762,RCT000008762,U0009155,0,,0
RCR000008763,RCT000008763,U0004950,1,2026-04-14 06:00:00,1
RCR000008764,RCT000008764,U0006377,0,,0
RCR000008765,RCT000008765,U0002037,0,,0
RCR000008766,RCT000008766,U0004116,0,,0
RCR000008767,RCT000008767,U0003535,1,2026-02-12 17:00:00,7
RCR000008768,RCT000008768,U0001816,0,,0
RCR000008769,RCT000008769,U0008020,1,2026-03-16 20:00:00,7
RCR000008770,RCT000008770,U0009618,0,,0
RCR000008771,RCT000008771,U0006233,0,,0
RCR000008772,RCT000008772,U0007368,0,,0
RCR000008773,RCT000008773,U0002719,0,,0
RCR000008774,RCT000008774,U0009059,0,,0
RCR000008775,RCT000008775,U0011723,0,,0
RCR000008776,RCT000008776,U0004270,0,,0
RCR000008777,RCT000008777,U0000743,1,2026-07-31 10:00:00,5
RCR000008778,RCT000008778,U0008086,0,,0
RCR000008779,RCT000008779,U0008477,0,,0
RCR000008780,RCT000008780,U0000981,0,,0
RCR000008781,RCT000008781,U0009094,0,,0
RCR000008782,RCT000008782,U0011796,0,,0
RCR000008783,RCT000008783,U0004846,0,,0
RCR000008784,RCT000008784,U0007489,0,,0
RCR000008785,RCT000008785,U0000957,1,2026-05-27 11:00:00,7
RCR000008786,RCT000008786,U0010219,0,,0
RCR000008787,RCT000008787,U0001684,0,,0
RCR000008788,RCT000008788,U0008284,0,,0
RCR000008789,RCT000008789,U0002223,0,,0
RCR000008790,RCT000008790,U0003620,0,,0
RCR000008791,RCT000008791,U0001122,0,,0
RCR000008792,RCT000008792,U0009132,0,,0
RCR000008793,RCT000008793,U0002538,0,,0
RCR000008794,RCT000008794,U0008567,0,,0
RCR000008795,RCT000008795,U0000596,0,,0
RCR000008796,RCT000008796,U0005937,0,,0
RCR000008797,RCT000008797,U0009405,0,,0
RCR000008798,RCT000008798,U0010721,0,,0
RCR000008799,RCT000008799,U0005967,0,,0
RCR000008800,RCT000008800,U0009363,0,,0
RCR000008801,RCT000008801,U0001564,0,,0
RCR000008802,RCT000008802,U0011252,0,,0
RCR000008803,RCT000008803,U0011639,1,2026-05-22 23:00:00,7
RCR000008804,RCT000008804,U0004174,0,,0
RCR000008805,RCT000008805,U0001527,0,,0
RCR000008806,RCT000008806,U0005982,0,,0
RCR000008807,RCT000008807,U0006096,0,,0
RCR000008808,RCT000008808,U0005749,0,,0
RCR000008809,RCT000008809,U0010749,0,,0
RCR000008810,RCT000008810,U0001554,0,,0
RCR000008811,RCT000008811,U0007071,0,,0
RCR000008812,RCT000008812,U0010593,0,,0
RCR000008813,RCT000008813,U0002993,0,,0
RCR000008814,RCT000008814,U0007530,0,,0
RCR000008815,RCT000008815,U0000024,1,2026-03-02 21:00:00,4
RCR000008816,RCT000008816,U0003429,1,2026-05-31 19:00:00,4
RCR000008817,RCT000008817,U0002208,0,,0
RCR000008818,RCT000008818,U0007663,0,,0
RCR000008819,RCT000008819,U0006372,0,,0
RCR000008820,RCT000008820,U0009546,0,,0
RCR000008821,RCT000008821,U0011272,1,2026-05-10 12:00:00,1
RCR000008822,RCT000008822,U0002266,0,,0
RCR000008823,RCT000008823,U0009440,0,,0
RCR000008824,RCT000008824,U0001108,0,,0
RCR000008825,RCT000008825,U0006044,0,,0
RCR000008826,RCT000008826,U0009699,0,,0
RCR000008827,RCT000008827,U0000971,0,,0
RCR000008828,RCT000008828,U0003071,0,,0
RCR000008829,RCT000008829,U0007963,0,,0
RCR000008830,RCT000008830,U0003107,0,,0
RCR000008831,RCT000008831,U0000027,0,,0
RCR000008832,RCT000008832,U0009902,0,,0
RCR000008833,RCT000008833,U0005596,1,2026-06-19 01:00:00,7
RCR000008834,RCT000008834,U0000822,0,,0
RCR000008835,RCT000008835,U0001600,0,,0
RCR000008836,RCT000008836,U0006232,0,,0
RCR000008837,RCT000008837,U0008372,0,,0
RCR000008838,RCT000008838,U0001488,0,,0
RCR000008839,RCT000008839,U0006100,0,,0
RCR000008840,RCT000008840,U0002385,0,,0
RCR000008841,RCT000008841,U0005885,0,,0
RCR000008842,RCT000008842,U0007230,0,,0
RCR000008843,RCT000008843,U0010193,0,,0
RCR000008844,RCT000008844,U0007709,0,,0
RCR000008845,RCT000008845,U0004999,0,,0
RCR000008846,RCT000008846,U0011660,0,,0
RCR000008847,RCT000008847,U0002318,1,2026-07-31 02:00:00,4
RCR000008848,RCT000008848,U0002875,0,,0
RCR000008849,RCT000008849,U0003134,0,,0
RCR000008850,RCT000008850,U0003908,0,,0
RCR000008851,RCT000008851,U0002193,0,,0
RCR000008852,RCT000008852,U0008132,0,,0
RCR000008853,RCT000008853,U0011734,0,,0
RCR000008854,RCT000008854,U0001987,0,,0
RCR000008855,RCT000008855,U0010783,0,,0
RCR000008856,RCT000008856,U0005483,0,,0
RCR000008857,RCT000008857,U0001653,0,,0
RCR000008858,RCT000008858,U0004493,0,,0
RCR000008859,RCT000008859,U0009432,0,,0
RCR000008860,RCT000008860,U0002744,0,,0
RCR000008861,RCT000008861,U0000561,0,,0
RCR000008862,RCT000008862,U0001911,0,,0
RCR000008863,RCT000008863,U0008568,1,2026-03-16 00:00:00,1
RCR000008864,RCT000008864,U0004870,0,,0
RCR000008865,RCT000008865,U0001337,0,,0
RCR000008866,RCT000008866,U0000761,0,,0
RCR000008867,RCT000008867,U0004962,0,,0
RCR000008868,RCT000008868,U0009201,0,,0
RCR000008869,RCT000008869,U0008416,0,,0
RCR000008870,RCT000008870,U0006567,0,,0
RCR000008871,RCT000008871,U0008418,0,,0
RCR000008872,RCT000008872,U0010381,0,,0
RCR000008873,RCT000008873,U0000159,0,,0
RCR000008874,RCT000008874,U0009859,0,,0
RCR000008875,RCT000008875,U0009617,0,,0
RCR000008876,RCT000008876,U0009128,1,2026-04-16 12:00:00,3
RCR000008877,RCT000008877,U0003763,0,,0
RCR000008878,RCT000008878,U0008027,0,,0
RCR000008879,RCT000008879,U0010710,0,,0
RCR000008880,RCT000008880,U0003434,0,,0
RCR000008881,RCT000008881,U0006916,0,,0
RCR000008882,RCT000008882,U0000500,0,,0
RCR000008883,RCT000008883,U0001706,0,,0
RCR000008884,RCT000008884,U0000556,1,2026-08-04 12:00:00,1
RCR000008885,RCT000008885,U0004648,0,,0
RCR000008886,RCT000008886,U0004923,0,,0
RCR000008887,RCT000008887,U0006957,0,,0
RCR000008888,RCT000008888,U0004818,0,,0
RCR000008889,RCT000008889,U0008517,1,2026-07-29 19:00:00,1
RCR000008890,RCT000008890,U0001833,0,,0
RCR000008891,RCT000008891,U0002530,0,,0
RCR000008892,RCT000008892,U0003063,0,,0
RCR000008893,RCT000008893,U0006443,0,,0
RCR000008894,RCT000008894,U0009798,0,,0
RCR000008895,RCT000008895,U0002844,0,,0
RCR000008896,RCT000008896,U0011869,0,,0
RCR000008897,RCT000008897,U0002593,0,,0
RCR000008898,RCT000008898,U0003098,0,,0
RCR000008899,RCT000008899,U0004363,0,,0
RCR000008900,RCT000008900,U0001076,0,,0
RCR000008901,RCT000008901,U0003353,0,,0
RCR000008902,RCT000008902,U0005525,0,,0
RCR000008903,RCT000008903,U0005068,0,,0
RCR000008904,RCT000008904,U0008524,0,,0
RCR000008905,RCT000008905,U0001411,0,,0
RCR000008906,RCT000008906,U0003748,0,,0
RCR000008907,RCT000008907,U0010761,0,,0
RCR000008908,RCT000008908,U0007573,0,,0
RCR000008909,RCT000008909,U0000393,0,,0
RCR000008910,RCT000008910,U0002075,0,,0
RCR000008911,RCT000008911,U0001595,0,,0
RCR000008912,RCT000008912,U0006428,0,,0
RCR000008913,RCT000008913,U0010765,0,,0
RCR000008914,RCT000008914,U0001233,0,,0
RCR000008915,RCT000008915,U0010811,0,,0
RCR000008916,RCT000008916,U0004685,0,,0
RCR000008917,RCT000008917,U0003480,0,,0
RCR000008918,RCT000008918,U0004950,0,,0
RCR000008919,RCT000008919,U0009162,0,,0
RCR000008920,RCT000008920,U0011948,0,,0
RCR000008921,RCT000008921,U0008721,0,,0
RCR000008922,RCT000008922,U0007701,0,,0
RCR000008923,RCT000008923,U0011197,1,2026-02-24 14:00:00,3
RCR000008924,RCT000008924,U0007133,0,,0
RCR000008925,RCT000008925,U0006829,1,2026-06-27 04:00:00,7
RCR000008926,RCT000008926,U0005373,0,,0
RCR000008927,RCT000008927,U0006530,0,,0
RCR000008928,RCT000008928,U0006487,0,,0
RCR000008929,RCT000008929,U0009572,0,,0
RCR000008930,RCT000008930,U0010324,0,,0
RCR000008931,RCT000008931,U0008884,0,,0
RCR000008932,RCT000008932,U0001333,0,,0
RCR000008933,RCT000008933,U0000689,0,,0
RCR000008934,RCT000008934,U0009603,0,,0
RCR000008935,RCT000008935,U0008464,0,,0
RCR000008936,RCT000008936,U0006709,0,,0
RCR000008937,RCT000008937,U0011036,0,,0
RCR000008938,RCT000008938,U0002463,0,,0
RCR000008939,RCT000008939,U0004681,0,,0
RCR000008940,RCT000008940,U0007659,0,,0
RCR000008941,RCT000008941,U0008819,0,,0
RCR000008942,RCT000008942,U0008983,0,,0
RCR000008943,RCT000008943,U0009445,0,,0
RCR000008944,RCT000008944,U0008805,0,,0
RCR000008945,RCT000008945,U0003509,0,,0
RCR000008946,RCT000008946,U0008838,0,,0
RCR000008947,RCT000008947,U0000172,0,,0
RCR000008948,RCT000008948,U0006025,0,,0
RCR000008949,RCT000008949,U0002888,1,2026-07-30 21:00:00,7
RCR000008950,RCT000008950,U0001340,0,,0
RCR000008951,RCT000008951,U0002321,0,,0
RCR000008952,RCT000008952,U0000095,1,2026-02-27 03:00:00,5
RCR000008953,RCT000008953,U0009786,0,,0
RCR000008954,RCT000008954,U0007675,0,,0
RCR000008955,RCT000008955,U0002948,0,,0
RCR000008956,RCT000008956,U0008068,0,,0
RCR000008957,RCT000008957,U0003256,0,,0
RCR000008958,RCT000008958,U0008246,0,,0
RCR000008959,RCT000008959,U0008043,0,,0
RCR000008960,RCT000008960,U0003940,0,,0
RCR000008961,RCT000008961,U0008868,0,,0
RCR000008962,RCT000008962,U0006389,0,,0
RCR000008963,RCT000008963,U0003070,0,,0
RCR000008964,RCT000008964,U0002049,1,2026-02-19 12:00:00,4
RCR000008965,RCT000008965,U0006413,0,,0
RCR000008966,RCT000008966,U0011511,0,,0
RCR000008967,RCT000008967,U0005151,0,,0
RCR000008968,RCT000008968,U0006129,0,,0
RCR000008969,RCT000008969,U0002743,0,,0
RCR000008970,RCT000008970,U0011786,0,,0
RCR000008971,RCT000008971,U0004137,0,,0
RCR000008972,RCT000008972,U0002741,0,,0
RCR000008973,RCT000008973,U0004244,0,,0
RCR000008974,RCT000008974,U0011491,0,,0
RCR000008975,RCT000008975,U0002923,0,,0
RCR000008976,RCT000008976,U0002754,0,,0
RCR000008977,RCT000008977,U0009187,1,2026-08-05 20:00:00,1
RCR000008978,RCT000008978,U0002162,0,,0
RCR000008979,RCT000008979,U0009211,0,,0
RCR000008980,RCT000008980,U0007144,0,,0
RCR000008981,RCT000008981,U0010516,0,,0
RCR000008982,RCT000008982,U0000236,0,,0
RCR000008983,RCT000008983,U0000864,0,,0
RCR000008984,RCT000008984,U0000730,0,,0
RCR000008985,RCT000008985,U0002653,0,,0
RCR000008986,RCT000008986,U0008398,0,,0
RCR000008987,RCT000008987,U0007909,0,,0
RCR000008988,RCT000008988,U0000546,0,,0
RCR000008989,RCT000008989,U0009589,1,2026-03-04 00:00:00,4
RCR000008990,RCT000008990,U0003374,0,,0
RCR000008991,RCT000008991,U0000064,0,,0
RCR000008992,RCT000008992,U0011068,0,,0
RCR000008993,RCT000008993,U0000561,0,,0
RCR000008994,RCT000008994,U0009962,0,,0
RCR000008995,RCT000008995,U0007347,0,,0
RCR000008996,RCT000008996,U0003187,0,,0
RCR000008997,RCT000008997,U0004194,0,,0
RCR000008998,RCT000008998,U0007203,0,,0
RCR000008999,RCT000008999,U0011722,1,2026-03-02 23:00:00,2
RCR000009000,RCT000009000,U0004450,0,,0
