touch_id,recall_campaign_id,user_id,touch_channel,sent_at,delivered,clicked
RCT000000001,RC0021,U0001742,in_app,2026-04-16 11:00:00,1,0
RCT000000002,RC0023,U0000923,sms,2026-05-28 21:00:00,1,0
RCT000000003,RC0003,U0004264,push,2026-02-16 16:00:00,1,0
RCT000000004,RC0011,U0011484,sms,2026-07-15 14:00:00,1,0
RCT000000005,RC0007,U0002944,push,2026-06-25 11:00:00,1,0
RCT000000006,RC0021,U0003370,in_app,2026-04-14 20:00:00,0,0
RCT000000007,RC0022,U0000340,in_app,2026-05-24 10:00:00,1,1
RCT000000008,RC0007,U0000716,push,2026-06-26 11:00:00,1,0
RCT000000009,RC0022,U0010554,in_app,2026-05-25 14:00:00,1,1
RCT000000010,RC0011,U0001718,sms,2026-07-12 14:00:00,1,0
RCT000000011,RC0010,U0003600,push,2026-03-13 17:00:00,1,0
RCT000000012,RC0023,U0009804,sms,2026-05-28 20:00:00,1,1
RCT000000013,RC0015,U0009378,push,2026-04-22 13:00:00,1,0
RCT000000014,RC0010,U0011597,push,2026-03-17 18:00:00,1,0
RCT000000015,RC0007,U0009025,push,2026-06-27 14:00:00,1,0
RCT000000016,RC0019,U0005669,sms,2026-06-25 20:00:00,1,0
RCT000000017,RC0021,U0005167,in_app,2026-04-14 15:00:00,1,0
RCT000000018,RC0024,U0000438,push,2026-06-05 12:00:00,1,0
RCT000000019,RC0004,U0010087,in_app,2026-02-02 10:00:00,1,0
RCT000000020,RC0002,U0004846,push,2026-06-16 12:00:00,1,1
RCT000000021,RC0001,U0010848,push,2026-07-29 16:00:00,1,0
RCT000000022,RC0017,U0003302,sms,2026-04-14 10:00:00,1,1
RCT000000023,RC0010,U0011793,push,2026-03-13 15:00:00,1,1
RCT000000024,RC0013,U0004587,push,2026-02-14 12:00:00,1,0
RCT000000025,RC0002,U0002262,push,2026-06-14 18:00:00,1,0
RCT000000026,RC0024,U0004125,push,2026-06-08 18:00:00,1,0
RCT000000027,RC0024,U0009454,push,2026-06-09 19:00:00,1,1
RCT000000028,RC0002,U0001949,push,2026-06-13 08:00:00,1,0
RCT000000029,RC0002,U0006212,push,2026-06-16 18:00:00,1,0
RCT000000030,RC0007,U0003850,push,2026-06-28 17:00:00,1,0
RCT000000031,RC0023,U0004211,sms,2026-05-30 21:00:00,1,0
RCT000000032,RC0020,U0006903,push,2026-05-26 17:00:00,1,0
RCT000000033,RC0020,U0001534,push,2026-05-30 09:00:00,0,0
RCT000000034,RC0018,U0011857,push,2026-02-14 12:00:00,1,0
RCT000000035,RC0024,U0011029,push,2026-06-05 21:00:00,1,1
RCT000000036,RC0007,U0007131,push,2026-06-28 15:00:00,1,0
RCT000000037,RC0012,U0000871,push,2026-03-03 15:00:00,1,0
RCT000000038,RC0024,U0001485,push,2026-06-04 10:00:00,1,0
RCT000000039,RC0002,U0000067,push,2026-06-14 17:00:00,1,0
RCT000000040,RC0012,U0007253,push,2026-03-04 21:00:00,1,1
RCT000000041,RC0024,U0003132,push,2026-06-10 14:00:00,1,0
RCT000000042,RC0004,U0004762,in_app,2026-02-02 12:00:00,1,0
RCT000000043,RC0010,U0004478,push,2026-03-13 13:00:00,1,0
RCT000000044,RC0007,U0011087,push,2026-06-25 17:00:00,1,0
RCT000000045,RC0011,U0000760,sms,2026-07-13 16:00:00,1,0
RCT000000046,RC0008,U0008700,push,2026-06-26 20:00:00,1,0
RCT000000047,RC0013,U0004099,push,2026-02-16 15:00:00,0,0
RCT000000048,RC0018,U0008999,push,2026-02-12 21:00:00,1,0
RCT000000049,RC0001,U0008221,push,2026-08-01 19:00:00,1,0
RCT000000050,RC0015,U0010026,push,2026-04-27 17:00:00,1,1
RCT000000051,RC0002,U0002301,push,2026-06-19 08:00:00,1,0
RCT000000052,RC0006,U0006572,in_app,2026-02-20 16:00:00,1,0
RCT000000053,RC0024,U0009198,push,2026-06-04 08:00:00,1,0
RCT000000054,RC0009,U0011608,sms,2026-05-06 14:00:00,1,0
RCT000000055,RC0003,U0011782,push,2026-02-12 21:00:00,1,0
RCT000000056,RC0010,U0002031,push,2026-03-17 20:00:00,1,1
RCT000000057,RC0013,U0001091,push,2026-02-15 17:00:00,1,0
RCT000000058,RC0018,U0006251,push,2026-02-09 14:00:00,1,0
RCT000000059,RC0007,U0005925,push,2026-06-26 19:00:00,1,0
RCT000000060,RC0012,U0008332,push,2026-03-03 08:00:00,1,1
RCT000000061,RC0020,U0000031,push,2026-05-27 10:00:00,1,0
RCT000000062,RC0012,U0011564,push,2026-03-03 10:00:00,1,0
RCT000000063,RC0002,U0010339,push,2026-06-14 08:00:00,1,0
RCT000000064,RC0014,U0010327,push,2026-03-22 21:00:00,1,0
RCT000000065,RC0006,U0001361,in_app,2026-02-19 20:00:00,1,0
RCT000000066,RC0016,U0000720,in_app,2026-02-25 11:00:00,1,0
RCT000000067,RC0015,U0000131,push,2026-04-24 17:00:00,1,0
RCT000000068,RC0007,U0000011,push,2026-06-23 17:00:00,1,0
RCT000000069,RC0007,U0001493,push,2026-06-29 13:00:00,1,0
RCT000000070,RC0002,U0004419,push,2026-06-14 08:00:00,1,1
RCT000000071,RC0019,U0005312,sms,2026-06-26 14:00:00,1,0
RCT000000072,RC0007,U0010091,push,2026-06-29 12:00:00,1,0
RCT000000073,RC0012,U0011252,push,2026-03-04 19:00:00,1,0
RCT000000074,RC0014,U0008077,push,2026-03-25 10:00:00,1,0
RCT000000075,RC0013,U0008572,push,2026-02-14 20:00:00,1,1
RCT000000076,RC0015,U0004861,push,2026-04-22 09:00:00,1,0
RCT000000077,RC0021,U0000378,in_app,2026-04-15 18:00:00,1,0
RCT000000078,RC0017,U0009400,sms,2026-04-13 21:00:00,1,0
RCT000000079,RC0016,U0002538,in_app,2026-02-25 08:00:00,1,1
RCT000000080,RC0004,U0010697,in_app,2026-02-06 12:00:00,1,0
RCT000000081,RC0014,U0010376,push,2026-03-23 14:00:00,1,0
RCT000000082,RC0013,U0000438,push,2026-02-18 08:00:00,1,0
RCT000000083,RC0008,U0011296,push,2026-06-26 09:00:00,1,0
RCT000000084,RC0013,U0006642,push,2026-02-18 08:00:00,1,0
RCT000000085,RC0020,U0002590,push,2026-05-29 13:00:00,0,0
RCT000000086,RC0007,U0002108,push,2026-06-26 20:00:00,1,0
RCT000000087,RC0019,U0010028,sms,2026-06-26 15:00:00,1,0
RCT000000088,RC0019,U0009618,sms,2026-06-28 09:00:00,1,0
RCT000000089,RC0022,U0003134,in_app,2026-05-26 20:00:00,1,0
RCT000000090,RC0006,U0000632,in_app,2026-02-15 16:00:00,1,0
RCT000000091,RC0003,U0000438,push,2026-02-11 13:00:00,1,0
RCT000000092,RC0015,U0002576,push,2026-04-21 11:00:00,1,0
RCT000000093,RC0016,U0011909,in_app,2026-02-21 18:00:00,1,0
RCT000000094,RC0010,U0007379,push,2026-03-13 14:00:00,1,0
RCT000000095,RC0014,U0008830,push,2026-03-26 19:00:00,1,0
RCT000000096,RC0019,U0008608,sms,2026-06-30 13:00:00,1,1
RCT000000097,RC0016,U0011069,in_app,2026-02-23 10:00:00,1,0
RCT000000098,RC0001,U0009372,push,2026-07-28 12:00:00,1,0
RCT000000099,RC0012,U0001310,push,2026-02-27 21:00:00,1,0
RCT000000100,RC0012,U0004079,push,2026-02-28 17:00:00,1,0
RCT000000101,RC0013,U0011509,push,2026-02-14 09:00:00,1,0
RCT000000102,RC0011,U0008308,sms,2026-07-14 09:00:00,1,1
RCT000000103,RC0015,U0004702,push,2026-04-23 10:00:00,1,0
RCT000000104,RC0015,U0005860,push,2026-04-22 12:00:00,1,0
RCT000000105,RC0021,U0006915,in_app,2026-04-18 11:00:00,1,0
RCT000000106,RC0005,U0000446,push,2026-07-30 14:00:00,1,0
RCT000000107,RC0007,U0007181,push,2026-06-29 21:00:00,1,0
RCT000000108,RC0001,U0003145,push,2026-07-30 14:00:00,1,1
RCT000000109,RC0007,U0010406,push,2026-06-25 15:00:00,1,0
RCT000000110,RC0006,U0003850,in_app,2026-02-19 14:00:00,1,0
RCT000000111,RC0013,U0005324,push,2026-02-15 14:00:00,1,0
RCT000000112,RC0024,U0011254,push,2026-06-05 20:00:00,1,0
RCT000000113,RC0009,U0000833,sms,2026-05-10 14:00:00,1,0
RCT000000114,RC0014,U0002683,push,2026-03-25 16:00:00,1,0
RCT000000115,RC0007,U0006520,push,2026-06-27 19:00:00,1,1
RCT000000116,RC0017,U0003560,sms,2026-04-12 09:00:00,1,0
RCT000000117,RC0021,U0000867,in_app,2026-04-16 09:00:00,1,0
RCT000000118,RC0012,U0009949,push,2026-02-27 17:00:00,1,0
RCT000000119,RC0010,U0007314,push,2026-03-18 16:00:00,1,0
RCT000000120,RC0023,U0006235,sms,2026-06-02 15:00:00,1,0
RCT000000121,RC0022,U0011524,in_app,2026-05-22 18:00:00,1,0
RCT000000122,RC0015,U0011402,push,2026-04-24 21:00:00,1,1
RCT000000123,RC0023,U0010731,sms,2026-05-29 10:00:00,1,0
RCT000000124,RC0023,U0005561,sms,2026-05-31 19:00:00,1,0
RCT000000125,RC0001,U0003259,push,2026-07-30 11:00:00,1,0
RCT000000126,RC0008,U0008492,push,2026-06-24 09:00:00,1,0
RCT000000127,RC0004,U0003516,in_app,2026-02-04 10:00:00,1,0
RCT000000128,RC0016,U0003354,in_app,2026-02-25 18:00:00,1,0
RCT000000129,RC0021,U0001775,in_app,2026-04-18 11:00:00,1,0
RCT000000130,RC0009,U0000515,sms,2026-05-08 09:00:00,1,0
RCT000000131,RC0001,U0006874,push,2026-07-30 17:00:00,1,0
RCT000000132,RC0011,U0004801,sms,2026-07-14 13:00:00,1,0
RCT000000133,RC0001,U0011162,push,2026-07-26 09:00:00,1,0
RCT000000134,RC0022,U0006834,in_app,2026-05-26 08:00:00,1,0
RCT000000135,RC0010,U0011661,push,2026-03-12 20:00:00,1,0
RCT000000136,RC0017,U0010942,sms,2026-04-13 10:00:00,1,0
RCT000000137,RC0008,U0000195,push,2026-06-23 16:00:00,1,0
RCT000000138,RC0010,U0010931,push,2026-03-14 15:00:00,1,1
RCT000000139,RC0008,U0003643,push,2026-06-21 13:00:00,1,0
RCT000000140,RC0023,U0004705,sms,2026-05-29 17:00:00,1,1
RCT000000141,RC0014,U0006104,push,2026-03-26 17:00:00,1,0
RCT000000142,RC0016,U0001719,in_app,2026-02-23 14:00:00,1,0
RCT000000143,RC0015,U0010859,push,2026-04-26 19:00:00,1,0
RCT000000144,RC0001,U0005046,push,2026-07-28 12:00:00,1,0
RCT000000145,RC0006,U0011818,in_app,2026-02-15 10:00:00,1,0
RCT000000146,RC0011,U0003801,sms,2026-07-15 11:00:00,1,0
RCT000000147,RC0020,U0010636,push,2026-05-29 08:00:00,1,0
RCT000000148,RC0011,U0003244,sms,2026-07-13 10:00:00,1,0
RCT000000149,RC0006,U0000341,in_app,2026-02-18 12:00:00,1,0
RCT000000150,RC0023,U0007525,sms,2026-06-01 11:00:00,1,0
RCT000000151,RC0002,U0003235,push,2026-06-19 21:00:00,1,0
RCT000000152,RC0022,U0010909,in_app,2026-05-23 12:00:00,0,0
RCT000000153,RC0022,U0011271,in_app,2026-05-23 09:00:00,1,0
RCT000000154,RC0013,U0008676,push,2026-02-16 10:00:00,1,1
RCT000000155,RC0006,U0002151,in_app,2026-02-19 19:00:00,0,0
RCT000000156,RC0013,U0010072,push,2026-02-17 12:00:00,1,0
RCT000000157,RC0018,U0000353,push,2026-02-12 17:00:00,1,0
RCT000000158,RC0010,U0004211,push,2026-03-16 17:00:00,1,0
RCT000000159,RC0004,U0010000,in_app,2026-02-03 20:00:00,1,0
RCT000000160,RC0017,U0009797,sms,2026-04-09 18:00:00,1,0
RCT000000161,RC0024,U0011865,push,2026-06-05 16:00:00,1,0
RCT000000162,RC0024,U0002314,push,2026-06-05 11:00:00,1,1
RCT000000163,RC0003,U0005949,push,2026-02-12 16:00:00,1,1
RCT000000164,RC0013,U0004718,push,2026-02-17 20:00:00,1,0
RCT000000165,RC0013,U0005613,push,2026-02-15 09:00:00,0,0
RCT000000166,RC0019,U0009740,sms,2026-06-25 14:00:00,1,0
RCT000000167,RC0020,U0011597,push,2026-05-28 15:00:00,1,1
RCT000000168,RC0024,U0003961,push,2026-06-09 14:00:00,1,0
RCT000000169,RC0008,U0007778,push,2026-06-23 09:00:00,0,0
RCT000000170,RC0009,U0008439,sms,2026-05-12 18:00:00,1,0
RCT000000171,RC0014,U0006989,push,2026-03-26 11:00:00,1,0
RCT000000172,RC0011,U0009376,sms,2026-07-10 19:00:00,1,0
RCT000000173,RC0006,U0003786,in_app,2026-02-21 20:00:00,1,0
RCT000000174,RC0024,U0011059,push,2026-06-07 17:00:00,1,1
RCT000000175,RC0003,U0009588,push,2026-02-15 18:00:00,1,1
RCT000000176,RC0023,U0008998,sms,2026-06-01 15:00:00,1,0
RCT000000177,RC0012,U0010302,push,2026-03-05 10:00:00,1,0
RCT000000178,RC0005,U0004906,push,2026-07-29 08:00:00,1,0
RCT000000179,RC0005,U0006939,push,2026-08-01 11:00:00,0,0
RCT000000180,RC0016,U0006482,in_app,2026-02-23 17:00:00,1,0
RCT000000181,RC0011,U0011979,sms,2026-07-10 14:00:00,1,0
RCT000000182,RC0012,U0004783,push,2026-03-03 19:00:00,1,0
RCT000000183,RC0008,U0009087,push,2026-06-25 18:00:00,1,0
RCT000000184,RC0018,U0010913,push,2026-02-09 16:00:00,1,0
RCT000000185,RC0019,U0000972,sms,2026-07-01 19:00:00,1,0
RCT000000186,RC0014,U0006178,push,2026-03-22 19:00:00,1,0
RCT000000187,RC0010,U0008389,push,2026-03-13 21:00:00,1,0
RCT000000188,RC0022,U0002198,in_app,2026-05-26 11:00:00,1,0
RCT000000189,RC0008,U0005991,push,2026-06-21 19:00:00,1,0
RCT000000190,RC0011,U0009975,sms,2026-07-11 20:00:00,1,1
RCT000000191,RC0009,U0007367,sms,2026-05-06 14:00:00,1,0
RCT000000192,RC0020,U0010966,push,2026-05-28 13:00:00,1,0
RCT000000193,RC0001,U0008959,push,2026-07-26 09:00:00,1,0
RCT000000194,RC0014,U0009164,push,2026-03-22 20:00:00,1,0
RCT000000195,RC0022,U0002039,in_app,2026-05-21 09:00:00,1,0
RCT000000196,RC0024,U0011854,push,2026-06-08 13:00:00,0,0
RCT000000197,RC0012,U0006332,push,2026-02-28 10:00:00,1,1
RCT000000198,RC0010,U0001813,push,2026-03-17 12:00:00,1,0
RCT000000199,RC0009,U0004604,sms,2026-05-08 18:00:00,1,0
RCT000000200,RC0013,U0004273,push,2026-02-16 12:00:00,1,0
RCT000000201,RC0018,U0000354,push,2026-02-08 20:00:00,0,0
RCT000000202,RC0009,U0009978,sms,2026-05-07 13:00:00,1,0
RCT000000203,RC0024,U0011786,push,2026-06-08 16:00:00,1,0
RCT000000204,RC0007,U0011493,push,2026-06-28 13:00:00,1,0
RCT000000205,RC0003,U0010999,push,2026-02-12 16:00:00,1,0
RCT000000206,RC0007,U0001860,push,2026-06-28 20:00:00,1,0
RCT000000207,RC0003,U0004318,push,2026-02-14 18:00:00,1,0
RCT000000208,RC0013,U0011942,push,2026-02-17 08:00:00,1,0
RCT000000209,RC0018,U0005605,push,2026-02-09 17:00:00,1,1
RCT000000210,RC0004,U0000477,in_app,2026-02-04 11:00:00,1,0
RCT000000211,RC0012,U0000817,push,2026-02-27 09:00:00,1,1
RCT000000212,RC0023,U0010003,sms,2026-06-02 20:00:00,1,0
RCT000000213,RC0016,U0002372,in_app,2026-02-21 12:00:00,1,0
RCT000000214,RC0011,U0004295,sms,2026-07-16 15:00:00,1,0
RCT000000215,RC0014,U0009769,push,2026-03-21 16:00:00,1,0
RCT000000216,RC0010,U0006897,push,2026-03-12 10:00:00,1,0
RCT000000217,RC0008,U0006374,push,2026-06-27 18:00:00,1,1
RCT000000218,RC0015,U0011763,push,2026-04-22 19:00:00,1,1
RCT000000219,RC0011,U0000038,sms,2026-07-15 20:00:00,1,0
RCT000000220,RC0021,U0006806,in_app,2026-04-18 14:00:00,1,1
RCT000000221,RC0019,U0005221,sms,2026-06-25 20:00:00,1,0
RCT000000222,RC0021,U0005135,in_app,2026-04-15 21:00:00,1,0
RCT000000223,RC0016,U0004892,in_app,2026-02-23 09:00:00,1,0
RCT000000224,RC0003,U0009518,push,2026-02-15 16:00:00,1,0
RCT000000225,RC0012,U0004783,push,2026-03-05 11:00:00,1,1
RCT000000226,RC0007,U0009110,push,2026-06-28 10:00:00,1,0
RCT000000227,RC0021,U0003270,in_app,2026-04-20 14:00:00,1,0
RCT000000228,RC0004,U0000291,in_app,2026-02-02 11:00:00,1,0
RCT000000229,RC0011,U0005850,sms,2026-07-15 08:00:00,1,0
RCT000000230,RC0013,U0009838,push,2026-02-20 13:00:00,1,1
RCT000000231,RC0005,U0010378,push,2026-07-29 16:00:00,1,0
RCT000000232,RC0018,U0005451,push,2026-02-09 18:00:00,1,0
RCT000000233,RC0007,U0005211,push,2026-06-28 19:00:00,1,0
RCT000000234,RC0011,U0010089,sms,2026-07-12 21:00:00,1,0
RCT000000235,RC0004,U0005483,in_app,2026-02-05 16:00:00,1,0
RCT000000236,RC0020,U0003234,push,2026-05-25 11:00:00,1,1
RCT000000237,RC0019,U0008994,sms,2026-06-26 18:00:00,1,0
RCT000000238,RC0024,U0003845,push,2026-06-04 10:00:00,1,0
RCT000000239,RC0014,U0010621,push,2026-03-27 12:00:00,1,0
RCT000000240,RC0006,U0007296,in_app,2026-02-16 21:00:00,1,0
RCT000000241,RC0001,U0003774,push,2026-07-29 11:00:00,1,0
RCT000000242,RC0006,U0010533,in_app,2026-02-18 13:00:00,1,0
RCT000000243,RC0023,U0007542,sms,2026-05-29 20:00:00,1,0
RCT000000244,RC0005,U0003213,push,2026-07-28 21:00:00,0,0
RCT000000245,RC0005,U0001706,push,2026-07-31 14:00:00,1,0
RCT000000246,RC0013,U0004174,push,2026-02-15 19:00:00,1,1
RCT000000247,RC0013,U0006561,push,2026-02-16 10:00:00,0,0
RCT000000248,RC0017,U0006163,sms,2026-04-08 13:00:00,1,1
RCT000000249,RC0011,U0010776,sms,2026-07-16 14:00:00,1,0
RCT000000250,RC0004,U0005467,in_app,2026-02-03 18:00:00,1,0
RCT000000251,RC0004,U0006076,in_app,2026-02-02 13:00:00,1,0
RCT000000252,RC0013,U0009690,push,2026-02-14 18:00:00,0,0
RCT000000253,RC0013,U0001497,push,2026-02-17 18:00:00,1,1
RCT000000254,RC0010,U0001744,push,2026-03-18 12:00:00,1,0
RCT000000255,RC0011,U0002293,sms,2026-07-14 16:00:00,1,0
RCT000000256,RC0023,U0010275,sms,2026-05-27 16:00:00,1,0
RCT000000257,RC0007,U0006537,push,2026-06-23 13:00:00,1,0
RCT000000258,RC0021,U0011956,in_app,2026-04-14 17:00:00,1,0
RCT000000259,RC0018,U0002331,push,2026-02-13 21:00:00,1,0
RCT000000260,RC0013,U0010195,push,2026-02-17 11:00:00,1,0
RCT000000261,RC0020,U0005242,push,2026-05-26 19:00:00,1,1
RCT000000262,RC0024,U0004872,push,2026-06-08 08:00:00,1,0
RCT000000263,RC0020,U0002331,push,2026-05-29 09:00:00,1,1
RCT000000264,RC0013,U0011700,push,2026-02-17 10:00:00,1,0
RCT000000265,RC0021,U0004445,in_app,2026-04-19 13:00:00,1,0
RCT000000266,RC0020,U0009757,push,2026-05-26 18:00:00,1,1
RCT000000267,RC0003,U0008340,push,2026-02-14 11:00:00,1,0
RCT000000268,RC0021,U0003979,in_app,2026-04-16 18:00:00,1,0
RCT000000269,RC0002,U0002812,push,2026-06-13 17:00:00,1,0
RCT000000270,RC0005,U0004977,push,2026-08-02 17:00:00,1,0
RCT000000271,RC0022,U0009136,in_app,2026-05-27 11:00:00,1,0
RCT000000272,RC0003,U0005007,push,2026-02-14 09:00:00,1,0
RCT000000273,RC0016,U0009437,in_app,2026-02-25 20:00:00,1,0
RCT000000274,RC0002,U0006077,push,2026-06-15 19:00:00,1,0
RCT000000275,RC0014,U0005826,push,2026-03-24 14:00:00,1,0
RCT000000276,RC0009,U0009132,sms,2026-05-12 13:00:00,1,0
RCT000000277,RC0020,U0004135,push,2026-05-24 12:00:00,1,0
RCT000000278,RC0019,U0005998,sms,2026-07-01 16:00:00,1,0
RCT000000279,RC0016,U0002859,in_app,2026-02-22 09:00:00,1,0
RCT000000280,RC0003,U0005858,push,2026-02-13 18:00:00,1,0
RCT000000281,RC0008,U0008398,push,2026-06-26 14:00:00,1,0
RCT000000282,RC0023,U0003489,sms,2026-05-30 12:00:00,1,0
RCT000000283,RC0003,U0005017,push,2026-02-16 18:00:00,1,0
RCT000000284,RC0019,U0006555,sms,2026-06-26 18:00:00,1,0
RCT000000285,RC0001,U0005680,push,2026-07-26 16:00:00,1,0
RCT000000286,RC0006,U0000686,in_app,2026-02-17 19:00:00,1,0
RCT000000287,RC0023,U0007790,sms,2026-05-30 11:00:00,1,0
RCT000000288,RC0006,U0003241,in_app,2026-02-19 17:00:00,1,0
RCT000000289,RC0017,U0003346,sms,2026-04-09 19:00:00,1,0
RCT000000290,RC0001,U0011613,push,2026-07-26 15:00:00,1,0
RCT000000291,RC0010,U0001780,push,2026-03-17 14:00:00,1,0
RCT000000292,RC0002,U0001456,push,2026-06-16 20:00:00,1,1
RCT000000293,RC0012,U0001744,push,2026-03-03 15:00:00,1,1
RCT000000294,RC0003,U0001064,push,2026-02-14 15:00:00,1,1
RCT000000295,RC0003,U0011073,push,2026-02-15 18:00:00,1,1
RCT000000296,RC0012,U0002100,push,2026-03-02 19:00:00,1,1
RCT000000297,RC0020,U0005372,push,2026-05-24 15:00:00,1,1
RCT000000298,RC0013,U0011830,push,2026-02-16 20:00:00,1,0
RCT000000299,RC0017,U0005454,sms,2026-04-08 08:00:00,1,0
RCT000000300,RC0019,U0005656,sms,2026-06-29 16:00:00,1,1
RCT000000301,RC0015,U0003716,push,2026-04-24 18:00:00,0,0
RCT000000302,RC0012,U0003025,push,2026-03-03 15:00:00,0,0
RCT000000303,RC0024,U0004675,push,2026-06-04 12:00:00,1,0
RCT000000304,RC0022,U0004042,in_app,2026-05-27 13:00:00,0,0
RCT000000305,RC0017,U0003693,sms,2026-04-14 21:00:00,1,0
RCT000000306,RC0010,U0007377,push,2026-03-15 08:00:00,1,0
RCT000000307,RC0001,U0001255,push,2026-07-27 21:00:00,1,0
RCT000000308,RC0009,U0003365,sms,2026-05-06 15:00:00,1,0
RCT000000309,RC0016,U0005037,in_app,2026-02-23 16:00:00,1,0
RCT000000310,RC0017,U0004223,sms,2026-04-12 12:00:00,1,0
RCT000000311,RC0010,U0007643,push,2026-03-17 12:00:00,1,0
RCT000000312,RC0012,U0008543,push,2026-03-01 18:00:00,1,0
RCT000000313,RC0021,U0011590,in_app,2026-04-19 10:00:00,1,0
RCT000000314,RC0023,U0010288,sms,2026-05-30 15:00:00,1,1
RCT000000315,RC0016,U0001045,in_app,2026-02-20 13:00:00,1,0
RCT000000316,RC0003,U0009638,push,2026-02-16 08:00:00,1,0
RCT000000317,RC0014,U0004376,push,2026-03-21 17:00:00,1,0
RCT000000318,RC0010,U0004424,push,2026-03-15 16:00:00,1,0
RCT000000319,RC0006,U0002998,in_app,2026-02-20 10:00:00,1,0
RCT000000320,RC0005,U0000291,push,2026-08-01 08:00:00,1,0
RCT000000321,RC0023,U0005801,sms,2026-05-31 13:00:00,1,0
RCT000000322,RC0019,U0009311,sms,2026-06-30 20:00:00,1,0
RCT000000323,RC0002,U0005952,push,2026-06-19 19:00:00,0,0
RCT000000324,RC0022,U0008681,in_app,2026-05-22 14:00:00,1,0
RCT000000325,RC0022,U0011991,in_app,2026-05-26 14:00:00,1,0
RCT000000326,RC0010,U0005046,push,2026-03-15 14:00:00,1,0
RCT000000327,RC0010,U0007401,push,2026-03-18 09:00:00,1,0
RCT000000328,RC0009,U0007043,sms,2026-05-09 14:00:00,1,0
RCT000000329,RC0017,U0003784,sms,2026-04-08 18:00:00,1,0
RCT000000330,RC0015,U0005932,push,2026-04-26 15:00:00,1,0
RCT000000331,RC0013,U0009083,push,2026-02-19 18:00:00,1,0
RCT000000332,RC0024,U0005746,push,2026-06-05 08:00:00,1,0
RCT000000333,RC0009,U0006440,sms,2026-05-08 12:00:00,1,0
RCT000000334,RC0013,U0009824,push,2026-02-15 20:00:00,1,0
RCT000000335,RC0018,U0002671,push,2026-02-09 19:00:00,1,1
RCT000000336,RC0022,U0006648,in_app,2026-05-21 18:00:00,1,0
RCT000000337,RC0009,U0008855,sms,2026-05-07 10:00:00,1,0
RCT000000338,RC0008,U0010782,push,2026-06-23 19:00:00,1,1
RCT000000339,RC0007,U0002273,push,2026-06-27 15:00:00,1,0
RCT000000340,RC0015,U0004794,push,2026-04-26 09:00:00,1,1
RCT000000341,RC0022,U0011637,in_app,2026-05-23 13:00:00,1,1
RCT000000342,RC0019,U0009740,sms,2026-06-26 17:00:00,1,0
RCT000000343,RC0015,U0000571,push,2026-04-26 14:00:00,1,0
RCT000000344,RC0011,U0007673,sms,2026-07-14 13:00:00,1,0
RCT000000345,RC0024,U0005481,push,2026-06-08 12:00:00,1,0
RCT000000346,RC0015,U0011363,push,2026-04-24 14:00:00,1,0
RCT000000347,RC0001,U0004871,push,2026-07-28 12:00:00,1,0
RCT000000348,RC0002,U0010438,push,2026-06-18 16:00:00,1,1
RCT000000349,RC0009,U0007982,sms,2026-05-09 19:00:00,1,0
RCT000000350,RC0007,U0003853,push,2026-06-27 13:00:00,1,0
RCT000000351,RC0018,U0007532,push,2026-02-08 18:00:00,1,1
RCT000000352,RC0007,U0009851,push,2026-06-24 15:00:00,1,1
RCT000000353,RC0019,U0007981,sms,2026-07-01 20:00:00,1,0
RCT000000354,RC0012,U0008834,push,2026-03-05 21:00:00,1,1
RCT000000355,RC0021,U0000446,in_app,2026-04-15 20:00:00,0,0
RCT000000356,RC0015,U0011148,push,2026-04-23 21:00:00,1,1
RCT000000357,RC0012,U0011869,push,2026-03-01 15:00:00,1,1
RCT000000358,RC0006,U0008653,in_app,2026-02-17 15:00:00,1,0
RCT000000359,RC0008,U0002606,push,2026-06-25 12:00:00,1,0
RCT000000360,RC0013,U0010365,push,2026-02-18 09:00:00,0,0
RCT000000361,RC0010,U0000281,push,2026-03-13 16:00:00,1,0
RCT000000362,RC0022,U0005595,in_app,2026-05-21 18:00:00,1,0
RCT000000363,RC0005,U0000264,push,2026-07-31 19:00:00,1,0
RCT000000364,RC0002,U0005615,push,2026-06-14 13:00:00,1,1
RCT000000365,RC0005,U0001933,push,2026-08-01 16:00:00,1,0
RCT000000366,RC0002,U0010001,push,2026-06-13 12:00:00,1,0
RCT000000367,RC0018,U0001507,push,2026-02-13 17:00:00,0,0
RCT000000368,RC0020,U0002306,push,2026-05-28 19:00:00,1,0
RCT000000369,RC0011,U0002003,sms,2026-07-12 19:00:00,1,0
RCT000000370,RC0002,U0010642,push,2026-06-18 20:00:00,1,0
RCT000000371,RC0002,U0011723,push,2026-06-16 17:00:00,1,0
RCT000000372,RC0009,U0006439,sms,2026-05-07 20:00:00,1,0
RCT000000373,RC0010,U0011805,push,2026-03-13 17:00:00,0,0
RCT000000374,RC0002,U0007162,push,2026-06-17 09:00:00,1,1
RCT000000375,RC0020,U0002986,push,2026-05-27 21:00:00,1,0
RCT000000376,RC0008,U0001346,push,2026-06-21 16:00:00,1,0
RCT000000377,RC0006,U0002981,in_app,2026-02-20 21:00:00,1,0
RCT000000378,RC0022,U0010136,in_app,2026-05-24 13:00:00,1,0
RCT000000379,RC0021,U0002869,in_app,2026-04-18 17:00:00,1,0
RCT000000380,RC0001,U0003629,push,2026-07-29 13:00:00,1,0
RCT000000381,RC0002,U0008140,push,2026-06-18 14:00:00,1,0
RCT000000382,RC0021,U0001996,in_app,2026-04-19 20:00:00,1,0
RCT000000383,RC0001,U0000407,push,2026-07-27 12:00:00,1,0
RCT000000384,RC0019,U0004672,sms,2026-06-30 19:00:00,1,1
RCT000000385,RC0001,U0006821,push,2026-07-31 21:00:00,1,0
RCT000000386,RC0012,U0009329,push,2026-03-04 08:00:00,1,0
RCT000000387,RC0018,U0007624,push,2026-02-11 21:00:00,1,1
RCT000000388,RC0014,U0003479,push,2026-03-23 15:00:00,1,0
RCT000000389,RC0007,U0003647,push,2026-06-24 21:00:00,1,0
RCT000000390,RC0007,U0004804,push,2026-06-24 14:00:00,0,0
RCT000000391,RC0014,U0001319,push,2026-03-27 16:00:00,1,0
RCT000000392,RC0007,U0005698,push,2026-06-25 21:00:00,1,0
RCT000000393,RC0020,U0005350,push,2026-05-28 08:00:00,1,0
RCT000000394,RC0016,U0005357,in_app,2026-02-21 14:00:00,1,0
RCT000000395,RC0013,U0006462,push,2026-02-16 18:00:00,1,1
RCT000000396,RC0006,U0006819,in_app,2026-02-18 11:00:00,1,0
RCT000000397,RC0023,U0011985,sms,2026-05-30 13:00:00,1,1
RCT000000398,RC0002,U0002922,push,2026-06-18 10:00:00,1,0
RCT000000399,RC0002,U0003661,push,2026-06-19 15:00:00,1,0
RCT000000400,RC0017,U0010701,sms,2026-04-12 15:00:00,1,0
RCT000000401,RC0012,U0000169,push,2026-02-27 18:00:00,1,0
RCT000000402,RC0007,U0001757,push,2026-06-23 21:00:00,1,0
RCT000000403,RC0024,U0003252,push,2026-06-06 19:00:00,1,0
RCT000000404,RC0012,U0007875,push,2026-02-27 19:00:00,1,1
RCT000000405,RC0023,U0001788,sms,2026-05-27 18:00:00,1,0
RCT000000406,RC0018,U0007264,push,2026-02-08 18:00:00,1,0
RCT000000407,RC0009,U0002249,sms,2026-05-11 21:00:00,1,0
RCT000000408,RC0021,U0005702,in_app,2026-04-16 14:00:00,1,0
RCT000000409,RC0009,U0002553,sms,2026-05-12 14:00:00,1,0
RCT000000410,RC0013,U0008104,push,2026-02-17 21:00:00,1,0
RCT000000411,RC0014,U0002878,push,2026-03-26 16:00:00,1,0
RCT000000412,RC0016,U0010668,in_app,2026-02-21 16:00:00,1,0
RCT000000413,RC0023,U0005286,sms,2026-05-27 16:00:00,1,0
RCT000000414,RC0004,U0009895,in_app,2026-02-04 15:00:00,1,0
RCT000000415,RC0019,U0001586,sms,2026-06-29 19:00:00,1,0
RCT000000416,RC0004,U0002062,in_app,2026-02-02 14:00:00,1,0
RCT000000417,RC0010,U0010169,push,2026-03-12 20:00:00,1,1
RCT000000418,RC0019,U0007648,sms,2026-06-28 10:00:00,1,0
RCT000000419,RC0023,U0005487,sms,2026-06-01 13:00:00,1,0
RCT000000420,RC0014,U0009378,push,2026-03-26 20:00:00,1,0
RCT000000421,RC0012,U0003305,push,2026-02-27 16:00:00,1,0
RCT000000422,RC0006,U0005117,in_app,2026-02-20 14:00:00,1,0
RCT000000423,RC0004,U0007131,in_app,2026-02-06 12:00:00,1,0
RCT000000424,RC0016,U0003805,in_app,2026-02-22 17:00:00,1,0
RCT000000425,RC0015,U0001293,push,2026-04-26 16:00:00,1,0
RCT000000426,RC0020,U0000596,push,2026-05-25 14:00:00,1,0
RCT000000427,RC0015,U0002577,push,2026-04-25 18:00:00,1,0
RCT000000428,RC0013,U0005108,push,2026-02-18 20:00:00,1,0
RCT000000429,RC0016,U0010355,in_app,2026-02-25 17:00:00,1,1
RCT000000430,RC0021,U0005480,in_app,2026-04-19 16:00:00,1,0
RCT000000431,RC0002,U0006653,push,2026-06-14 11:00:00,1,0
RCT000000432,RC0002,U0002851,push,2026-06-16 20:00:00,1,0
RCT000000433,RC0019,U0010051,sms,2026-06-25 19:00:00,1,0
RCT000000434,RC0003,U0011483,push,2026-02-12 09:00:00,1,0
RCT000000435,RC0017,U0007355,sms,2026-04-10 09:00:00,0,0
RCT000000436,RC0023,U0001438,sms,2026-05-30 12:00:00,1,0
RCT000000437,RC0018,U0003011,push,2026-02-14 20:00:00,1,1
RCT000000438,RC0017,U0004570,sms,2026-04-08 19:00:00,1,0
RCT000000439,RC0001,U0008586,push,2026-07-31 18:00:00,1,0
RCT000000440,RC0016,U0007948,in_app,2026-02-24 19:00:00,1,0
RCT000000441,RC0012,U0008694,push,2026-02-28 13:00:00,1,0
RCT000000442,RC0010,U0003822,push,2026-03-13 13:00:00,1,1
RCT000000443,RC0006,U0007481,in_app,2026-02-21 12:00:00,1,0
RCT000000444,RC0015,U0001899,push,2026-04-24 12:00:00,1,0
RCT000000445,RC0013,U0010369,push,2026-02-19 11:00:00,1,0
RCT000000446,RC0006,U0000161,in_app,2026-02-15 15:00:00,1,0
RCT000000447,RC0024,U0007429,push,2026-06-10 19:00:00,1,0
RCT000000448,RC0015,U0008417,push,2026-04-27 19:00:00,1,0
RCT000000449,RC0008,U0010339,push,2026-06-27 13:00:00,1,1
RCT000000450,RC0001,U0010782,push,2026-07-29 11:00:00,1,0
RCT000000451,RC0001,U0010966,push,2026-07-30 15:00:00,1,0
RCT000000452,RC0016,U0009210,in_app,2026-02-21 19:00:00,1,0
RCT000000453,RC0020,U0001453,push,2026-05-25 11:00:00,1,1
RCT000000454,RC0019,U0006796,sms,2026-06-26 18:00:00,1,0
RCT000000455,RC0017,U0009863,sms,2026-04-12 15:00:00,1,1
RCT000000456,RC0020,U0011538,push,2026-05-30 15:00:00,1,0
RCT000000457,RC0008,U0002482,push,2026-06-25 09:00:00,1,0
RCT000000458,RC0016,U0009096,in_app,2026-02-26 10:00:00,1,1
RCT000000459,RC0015,U0008442,push,2026-04-25 12:00:00,1,0
RCT000000460,RC0008,U0007840,push,2026-06-21 19:00:00,1,0
RCT000000461,RC0006,U0002093,in_app,2026-02-16 11:00:00,1,0
RCT000000462,RC0017,U0002418,sms,2026-04-10 12:00:00,1,0
RCT000000463,RC0024,U0004750,push,2026-06-06 20:00:00,1,1
RCT000000464,RC0011,U0007474,sms,2026-07-12 13:00:00,1,0
RCT000000465,RC0010,U0007995,push,2026-03-14 11:00:00,0,0
RCT000000466,RC0004,U0007059,in_app,2026-02-04 08:00:00,1,0
RCT000000467,RC0017,U0010058,sms,2026-04-12 14:00:00,1,0
RCT000000468,RC0012,U0008769,push,2026-03-01 14:00:00,1,1
RCT000000469,RC0006,U0005560,in_app,2026-02-15 20:00:00,1,0
RCT000000470,RC0019,U0000583,sms,2026-06-26 08:00:00,1,0
RCT000000471,RC0024,U0009530,push,2026-06-06 15:00:00,1,0
RCT000000472,RC0006,U0009179,in_app,2026-02-18 10:00:00,1,0
RCT000000473,RC0004,U0004664,in_app,2026-02-03 14:00:00,1,0
RCT000000474,RC0019,U0005750,sms,2026-06-25 10:00:00,1,0
RCT000000475,RC0023,U0011465,sms,2026-05-30 08:00:00,1,0
RCT000000476,RC0014,U0006293,push,2026-03-26 21:00:00,1,0
RCT000000477,RC0011,U0010376,sms,2026-07-11 18:00:00,1,0
RCT000000478,RC0005,U0011519,push,2026-07-31 16:00:00,1,0
RCT000000479,RC0016,U0009586,in_app,2026-02-25 11:00:00,1,1
RCT000000480,RC0009,U0009664,sms,2026-05-10 13:00:00,1,0
RCT000000481,RC0007,U0006328,push,2026-06-25 10:00:00,1,0
RCT000000482,RC0018,U0004988,push,2026-02-10 10:00:00,1,0
RCT000000483,RC0024,U0007147,push,2026-06-09 18:00:00,1,0
RCT000000484,RC0023,U0002379,sms,2026-05-28 09:00:00,1,0
RCT000000485,RC0018,U0010040,push,2026-02-10 10:00:00,1,0
RCT000000486,RC0002,U0006393,push,2026-06-19 21:00:00,1,0
RCT000000487,RC0020,U0010255,push,2026-05-26 19:00:00,1,0
RCT000000488,RC0021,U0009967,in_app,2026-04-17 12:00:00,1,0
RCT000000489,RC0013,U0001424,push,2026-02-19 15:00:00,1,0
RCT000000490,RC0018,U0003134,push,2026-02-09 11:00:00,1,0
RCT000000491,RC0002,U0001112,push,2026-06-15 09:00:00,1,0
RCT000000492,RC0024,U0006205,push,2026-06-10 16:00:00,1,1
RCT000000493,RC0012,U0009876,push,2026-03-05 13:00:00,1,0
RCT000000494,RC0020,U0005693,push,2026-05-28 12:00:00,1,0
RCT000000495,RC0022,U0001960,in_app,2026-05-24 15:00:00,1,0
RCT000000496,RC0006,U0010882,in_app,2026-02-20 12:00:00,1,0
RCT000000497,RC0008,U0009935,push,2026-06-25 21:00:00,1,0
RCT000000498,RC0019,U0008690,sms,2026-06-27 15:00:00,1,1
RCT000000499,RC0020,U0007997,push,2026-05-24 13:00:00,1,0
RCT000000500,RC0011,U0002479,sms,2026-07-15 10:00:00,0,0
RCT000000501,RC0021,U0006930,in_app,2026-04-16 10:00:00,1,0
RCT000000502,RC0009,U0009351,sms,2026-05-11 18:00:00,1,0
RCT000000503,RC0022,U0010917,in_app,2026-05-22 16:00:00,1,0
RCT000000504,RC0011,U0001819,sms,2026-07-15 12:00:00,1,0
RCT000000505,RC0004,U0005537,in_app,2026-02-02 13:00:00,1,1
RCT000000506,RC0001,U0000386,push,2026-07-31 18:00:00,1,0
RCT000000507,RC0008,U0001458,push,2026-06-21 10:00:00,1,0
RCT000000508,RC0024,U0004537,push,2026-06-04 15:00:00,1,0
RCT000000509,RC0013,U0001469,push,2026-02-15 21:00:00,1,0
RCT000000510,RC0006,U0005360,in_app,2026-02-18 15:00:00,1,1
RCT000000511,RC0011,U0002981,sms,2026-07-14 18:00:00,0,0
RCT000000512,RC0003,U0009904,push,2026-02-15 10:00:00,1,0
RCT000000513,RC0011,U0010249,sms,2026-07-12 13:00:00,1,0
RCT000000514,RC0004,U0003039,in_app,2026-02-02 18:00:00,1,0
RCT000000515,RC0019,U0001404,sms,2026-06-27 09:00:00,1,0
RCT000000516,RC0023,U0005859,sms,2026-06-02 14:00:00,1,0
RCT000000517,RC0019,U0001358,sms,2026-07-01 08:00:00,1,0
RCT000000518,RC0024,U0004557,push,2026-06-04 15:00:00,1,0
RCT000000519,RC0017,U0010256,sms,2026-04-12 19:00:00,1,0
RCT000000520,RC0023,U0003805,sms,2026-06-02 16:00:00,1,0
RCT000000521,RC0021,U0007523,in_app,2026-04-20 11:00:00,1,0
RCT000000522,RC0010,U0002241,push,2026-03-18 21:00:00,1,0
RCT000000523,RC0006,U0003814,in_app,2026-02-19 17:00:00,1,0
RCT000000524,RC0008,U0011337,push,2026-06-25 18:00:00,1,0
RCT000000525,RC0018,U0010450,push,2026-02-12 10:00:00,1,0
RCT000000526,RC0007,U0001903,push,2026-06-26 15:00:00,1,0
RCT000000527,RC0011,U0003995,sms,2026-07-14 14:00:00,1,0
RCT000000528,RC0011,U0002116,sms,2026-07-14 12:00:00,0,0
RCT000000529,RC0023,U0001044,sms,2026-05-31 10:00:00,1,1
RCT000000530,RC0009,U0004128,sms,2026-05-06 12:00:00,1,0
RCT000000531,RC0024,U0001779,push,2026-06-04 10:00:00,1,1
RCT000000532,RC0015,U0010708,push,2026-04-23 12:00:00,1,0
RCT000000533,RC0021,U0011217,in_app,2026-04-16 13:00:00,1,0
RCT000000534,RC0012,U0002424,push,2026-03-02 12:00:00,1,0
RCT000000535,RC0002,U0007877,push,2026-06-16 12:00:00,1,0
RCT000000536,RC0013,U0004756,push,2026-02-20 15:00:00,1,0
RCT000000537,RC0007,U0004991,push,2026-06-25 11:00:00,1,0
RCT000000538,RC0011,U0001624,sms,2026-07-13 14:00:00,1,0
RCT000000539,RC0002,U0008473,push,2026-06-17 15:00:00,1,1
RCT000000540,RC0011,U0007859,sms,2026-07-16 17:00:00,1,0
RCT000000541,RC0003,U0001475,push,2026-02-16 14:00:00,1,0
RCT000000542,RC0019,U0004929,sms,2026-07-01 21:00:00,1,0
RCT000000543,RC0017,U0005654,sms,2026-04-10 08:00:00,1,0
RCT000000544,RC0012,U0007756,push,2026-03-01 21:00:00,1,0
RCT000000545,RC0003,U0000366,push,2026-02-16 16:00:00,1,1
RCT000000546,RC0007,U0000477,push,2026-06-27 13:00:00,1,0
RCT000000547,RC0004,U0010857,in_app,2026-02-03 19:00:00,0,0
RCT000000548,RC0017,U0004031,sms,2026-04-08 13:00:00,1,0
RCT000000549,RC0002,U0005096,push,2026-06-17 16:00:00,1,0
RCT000000550,RC0019,U0009043,sms,2026-07-01 11:00:00,1,0
RCT000000551,RC0016,U0010958,in_app,2026-02-26 16:00:00,1,0
RCT000000552,RC0007,U0010478,push,2026-06-25 21:00:00,1,0
RCT000000553,RC0004,U0006952,in_app,2026-02-05 10:00:00,1,1
RCT000000554,RC0021,U0000247,in_app,2026-04-15 19:00:00,1,1
RCT000000555,RC0019,U0002457,sms,2026-06-30 13:00:00,0,0
RCT000000556,RC0012,U0007081,push,2026-03-04 15:00:00,1,0
RCT000000557,RC0007,U0008203,push,2026-06-24 09:00:00,1,0
RCT000000558,RC0015,U0006128,push,2026-04-24 11:00:00,1,0
RCT000000559,RC0007,U0002338,push,2026-06-29 16:00:00,1,0
RCT000000560,RC0023,U0007095,sms,2026-05-28 18:00:00,1,0
RCT000000561,RC0005,U0006568,push,2026-08-03 09:00:00,1,1
RCT000000562,RC0001,U0002951,push,2026-07-30 12:00:00,1,0
RCT000000563,RC0024,U0002193,push,2026-06-05 12:00:00,1,1
RCT000000564,RC0009,U0001940,sms,2026-05-11 13:00:00,1,0
RCT000000565,RC0002,U0001895,push,2026-06-14 10:00:00,1,0
RCT000000566,RC0023,U0001016,sms,2026-05-30 21:00:00,1,0
RCT000000567,RC0016,U0006222,in_app,2026-02-22 14:00:00,0,0
RCT000000568,RC0009,U0002235,sms,2026-05-11 09:00:00,1,0
RCT000000569,RC0013,U0004432,push,2026-02-17 09:00:00,1,0
RCT000000570,RC0013,U0008941,push,2026-02-17 13:00:00,1,1
RCT000000571,RC0016,U0008952,in_app,2026-02-25 21:00:00,1,0
RCT000000572,RC0011,U0007259,sms,2026-07-15 10:00:00,1,0
RCT000000573,RC0017,U0005491,sms,2026-04-13 13:00:00,1,0
RCT000000574,RC0008,U0008644,push,2026-06-26 13:00:00,1,0
RCT000000575,RC0017,U0009486,sms,2026-04-10 09:00:00,1,0
RCT000000576,RC0014,U0005138,push,2026-03-25 08:00:00,1,1
RCT000000577,RC0008,U0011618,push,2026-06-22 18:00:00,1,0
RCT000000578,RC0016,U0000088,in_app,2026-02-23 09:00:00,1,0
RCT000000579,RC0011,U0006510,sms,2026-07-12 21:00:00,1,0
RCT000000580,RC0008,U0010210,push,2026-06-25 17:00:00,1,0
RCT000000581,RC0008,U0003412,push,2026-06-23 10:00:00,1,0
RCT000000582,RC0009,U0000364,sms,2026-05-07 19:00:00,1,0
RCT000000583,RC0005,U0010994,push,2026-08-01 10:00:00,1,0
RCT000000584,RC0007,U0006413,push,2026-06-28 10:00:00,1,0
RCT000000585,RC0011,U0009298,sms,2026-07-11 11:00:00,1,0
RCT000000586,RC0012,U0007738,push,2026-03-02 08:00:00,1,0
RCT000000587,RC0007,U0005001,push,2026-06-29 16:00:00,1,0
RCT000000588,RC0005,U0002888,push,2026-08-02 16:00:00,1,1
RCT000000589,RC0005,U0009428,push,2026-07-29 08:00:00,1,0
RCT000000590,RC0001,U0008559,push,2026-08-01 13:00:00,1,0
RCT000000591,RC0011,U0010678,sms,2026-07-13 21:00:00,1,0
RCT000000592,RC0013,U0004223,push,2026-02-14 19:00:00,1,0
RCT000000593,RC0013,U0003445,push,2026-02-19 13:00:00,1,0
RCT000000594,RC0007,U0010071,push,2026-06-27 13:00:00,1,0
RCT000000595,RC0018,U0009013,push,2026-02-14 08:00:00,1,0
RCT000000596,RC0013,U0004721,push,2026-02-17 11:00:00,1,0
RCT000000597,RC0017,U0001483,sms,2026-04-09 15:00:00,1,0
RCT000000598,RC0008,U0007999,push,2026-06-23 19:00:00,1,0
RCT000000599,RC0011,U0004030,sms,2026-07-11 20:00:00,0,0
RCT000000600,RC0019,U0006915,sms,2026-06-30 08:00:00,1,0
RCT000000601,RC0003,U0011660,push,2026-02-10 17:00:00,1,0
RCT000000602,RC0006,U0007623,in_app,2026-02-16 20:00:00,1,0
RCT000000603,RC0021,U0000847,in_app,2026-04-20 17:00:00,1,0
RCT000000604,RC0023,U0000311,sms,2026-05-27 19:00:00,1,0
RCT000000605,RC0011,U0006733,sms,2026-07-11 19:00:00,1,0
RCT000000606,RC0001,U0001605,push,2026-07-26 21:00:00,1,0
RCT000000607,RC0007,U0002613,push,2026-06-29 14:00:00,1,0
RCT000000608,RC0016,U0005793,in_app,2026-02-24 10:00:00,0,0
RCT000000609,RC0004,U0007254,in_app,2026-02-04 13:00:00,1,0
RCT000000610,RC0019,U0000244,sms,2026-06-25 16:00:00,1,0
RCT000000611,RC0011,U0000729,sms,2026-07-14 12:00:00,1,0
RCT000000612,RC0009,U0010689,sms,2026-05-06 15:00:00,1,0
RCT000000613,RC0012,U0002212,push,2026-03-02 17:00:00,1,0
RCT000000614,RC0013,U0010533,push,2026-02-18 12:00:00,1,0
RCT000000615,RC0010,U0004590,push,2026-03-14 13:00:00,1,0
RCT000000616,RC0009,U0008018,sms,2026-05-07 13:00:00,1,0
RCT000000617,RC0008,U0005820,push,2026-06-27 08:00:00,1,0
RCT000000618,RC0003,U0011586,push,2026-02-15 21:00:00,1,0
RCT000000619,RC0024,U0001812,push,2026-06-06 13:00:00,1,0
RCT000000620,RC0007,U0008404,push,2026-06-23 19:00:00,1,1
RCT000000621,RC0024,U0002198,push,2026-06-09 17:00:00,1,1
RCT000000622,RC0009,U0007272,sms,2026-05-10 11:00:00,1,0
RCT000000623,RC0019,U0005035,sms,2026-06-25 10:00:00,1,0
RCT000000624,RC0017,U0006628,sms,2026-04-13 13:00:00,1,1
RCT000000625,RC0011,U0001223,sms,2026-07-13 17:00:00,1,1
RCT000000626,RC0021,U0007744,in_app,2026-04-15 10:00:00,1,0
RCT000000627,RC0019,U0002794,sms,2026-06-26 18:00:00,1,0
RCT000000628,RC0010,U0005477,push,2026-03-15 13:00:00,1,0
RCT000000629,RC0007,U0004888,push,2026-06-26 12:00:00,1,0
RCT000000630,RC0011,U0010519,sms,2026-07-14 12:00:00,1,0
RCT000000631,RC0019,U0005334,sms,2026-06-28 09:00:00,1,0
RCT000000632,RC0009,U0004380,sms,2026-05-07 19:00:00,1,0
RCT000000633,RC0022,U0001285,in_app,2026-05-23 20:00:00,1,0
RCT000000634,RC0014,U0006770,push,2026-03-23 20:00:00,1,0
RCT000000635,RC0011,U0010876,sms,2026-07-13 16:00:00,1,0
RCT000000636,RC0020,U0000895,push,2026-05-24 17:00:00,1,0
RCT000000637,RC0013,U0000681,push,2026-02-18 20:00:00,0,0
RCT000000638,RC0007,U0004621,push,2026-06-26 18:00:00,1,1
RCT000000639,RC0013,U0004653,push,2026-02-19 09:00:00,1,0
RCT000000640,RC0008,U0002737,push,2026-06-26 20:00:00,0,0
RCT000000641,RC0004,U0000347,in_app,2026-02-03 19:00:00,1,0
RCT000000642,RC0004,U0001397,in_app,2026-02-01 17:00:00,1,0
RCT000000643,RC0007,U0009501,push,2026-06-24 16:00:00,1,1
RCT000000644,RC0005,U0006466,push,2026-07-28 10:00:00,1,0
RCT000000645,RC0020,U0004333,push,2026-05-27 12:00:00,1,0
RCT000000646,RC0013,U0004054,push,2026-02-19 12:00:00,1,0
RCT000000647,RC0010,U0006032,push,2026-03-12 20:00:00,1,0
RCT000000648,RC0003,U0005564,push,2026-02-14 08:00:00,1,1
RCT000000649,RC0010,U0003986,push,2026-03-13 13:00:00,1,0
RCT000000650,RC0008,U0001631,push,2026-06-23 19:00:00,1,1
RCT000000651,RC0002,U0011226,push,2026-06-15 18:00:00,1,0
RCT000000652,RC0017,U0011565,sms,2026-04-11 10:00:00,1,0
RCT000000653,RC0007,U0008909,push,2026-06-25 14:00:00,1,1
RCT000000654,RC0007,U0001102,push,2026-06-25 21:00:00,1,0
RCT000000655,RC0001,U0007693,push,2026-07-27 13:00:00,1,0
RCT000000656,RC0011,U0005014,sms,2026-07-10 17:00:00,1,0
RCT000000657,RC0005,U0011251,push,2026-07-29 12:00:00,1,0
RCT000000658,RC0003,U0002671,push,2026-02-11 20:00:00,1,0
RCT000000659,RC0023,U0003913,sms,2026-05-29 12:00:00,1,0
RCT000000660,RC0004,U0010678,in_app,2026-02-03 18:00:00,1,0
RCT000000661,RC0008,U0010255,push,2026-06-23 12:00:00,1,0
RCT000000662,RC0014,U0004713,push,2026-03-21 15:00:00,1,0
RCT000000663,RC0024,U0003074,push,2026-06-09 20:00:00,1,1
RCT000000664,RC0019,U0001078,sms,2026-06-29 10:00:00,1,0
RCT000000665,RC0009,U0009826,sms,2026-05-12 18:00:00,1,0
RCT000000666,RC0008,U0007096,push,2026-06-22 09:00:00,1,0
RCT000000667,RC0006,U0006670,in_app,2026-02-17 10:00:00,1,0
RCT000000668,RC0015,U0007078,push,2026-04-24 09:00:00,1,0
RCT000000669,RC0017,U0008874,sms,2026-04-14 13:00:00,1,0
RCT000000670,RC0005,U0004952,push,2026-08-02 11:00:00,1,0
RCT000000671,RC0003,U0011357,push,2026-02-13 19:00:00,1,0
RCT000000672,RC0022,U0006220,in_app,2026-05-26 10:00:00,1,1
RCT000000673,RC0001,U0000517,push,2026-07-29 09:00:00,1,0
RCT000000674,RC0017,U0000977,sms,2026-04-08 19:00:00,1,0
RCT000000675,RC0005,U0004988,push,2026-07-29 16:00:00,1,1
RCT000000676,RC0015,U0005626,push,2026-04-26 13:00:00,1,0
RCT000000677,RC0015,U0004295,push,2026-04-27 19:00:00,1,0
RCT000000678,RC0014,U0000832,push,2026-03-22 17:00:00,1,1
RCT000000679,RC0018,U0007775,push,2026-02-08 16:00:00,1,0
RCT000000680,RC0016,U0010730,in_app,2026-02-25 20:00:00,0,0
RCT000000681,RC0016,U0005801,in_app,2026-02-21 18:00:00,1,0
RCT000000682,RC0003,U0001091,push,2026-02-11 19:00:00,1,0
RCT000000683,RC0023,U0006288,sms,2026-05-31 16:00:00,0,0
RCT000000684,RC0002,U0009460,push,2026-06-13 20:00:00,1,0
RCT000000685,RC0017,U0004470,sms,2026-04-11 11:00:00,1,0
RCT000000686,RC0009,U0011272,sms,2026-05-12 11:00:00,1,0
RCT000000687,RC0004,U0010003,in_app,2026-02-02 12:00:00,1,0
RCT000000688,RC0015,U0004247,push,2026-04-21 12:00:00,1,1
RCT000000689,RC0016,U0010081,in_app,2026-02-26 13:00:00,1,0
RCT000000690,RC0009,U0006278,sms,2026-05-09 13:00:00,1,0
RCT000000691,RC0006,U0005183,in_app,2026-02-20 10:00:00,1,0
RCT000000692,RC0024,U0004474,push,2026-06-08 10:00:00,1,0
RCT000000693,RC0003,U0004450,push,2026-02-16 10:00:00,1,0
RCT000000694,RC0002,U0010234,push,2026-06-14 16:00:00,1,0
RCT000000695,RC0024,U0011159,push,2026-06-04 18:00:00,1,0
RCT000000696,RC0009,U0008258,sms,2026-05-09 09:00:00,1,0
RCT000000697,RC0017,U0007440,sms,2026-04-09 12:00:00,1,0
RCT000000698,RC0021,U0007436,in_app,2026-04-19 19:00:00,1,0
RCT000000699,RC0023,U0004377,sms,2026-06-02 08:00:00,1,0
RCT000000700,RC0004,U0003025,in_app,2026-01-31 14:00:00,1,0
RCT000000701,RC0022,U0003360,in_app,2026-05-25 20:00:00,1,0
RCT000000702,RC0010,U0001995,push,2026-03-18 12:00:00,1,0
RCT000000703,RC0004,U0004231,in_app,2026-02-04 21:00:00,1,0
RCT000000704,RC0018,U0007763,push,2026-02-14 11:00:00,1,0
RCT000000705,RC0024,U0008490,push,2026-06-06 17:00:00,1,0
RCT000000706,RC0012,U0009462,push,2026-02-28 09:00:00,1,0
RCT000000707,RC0009,U0002613,sms,2026-05-07 13:00:00,1,0
RCT000000708,RC0014,U0005706,push,2026-03-26 12:00:00,1,0
RCT000000709,RC0006,U0001439,in_app,2026-02-20 10:00:00,1,0
RCT000000710,RC0023,U0001196,sms,2026-05-30 09:00:00,1,0
RCT000000711,RC0005,U0010455,push,2026-07-29 14:00:00,1,0
RCT000000712,RC0017,U0003045,sms,2026-04-08 12:00:00,1,0
RCT000000713,RC0002,U0011141,push,2026-06-13 12:00:00,1,0
RCT000000714,RC0024,U0010949,push,2026-06-09 10:00:00,1,0
RCT000000715,RC0011,U0011494,sms,2026-07-12 21:00:00,1,0
RCT000000716,RC0006,U0005929,in_app,2026-02-21 10:00:00,1,0
RCT000000717,RC0016,U0011546,in_app,2026-02-21 08:00:00,1,0
RCT000000718,RC0003,U0001976,push,2026-02-12 14:00:00,1,0
RCT000000719,RC0006,U0010864,in_app,2026-02-20 17:00:00,1,0
RCT000000720,RC0023,U0007119,sms,2026-05-29 19:00:00,1,0
RCT000000721,RC0010,U0002981,push,2026-03-18 13:00:00,1,0
RCT000000722,RC0021,U0003885,in_app,2026-04-17 18:00:00,1,0
RCT000000723,RC0013,U0000921,push,2026-02-18 08:00:00,1,0
RCT000000724,RC0012,U0005650,push,2026-02-28 11:00:00,0,0
RCT000000725,RC0022,U0001102,in_app,2026-05-27 16:00:00,1,0
RCT000000726,RC0010,U0011550,push,2026-03-17 19:00:00,1,1
RCT000000727,RC0018,U0009698,push,2026-02-13 18:00:00,1,0
RCT000000728,RC0005,U0010899,push,2026-08-01 12:00:00,1,0
RCT000000729,RC0019,U0006377,sms,2026-06-28 21:00:00,1,0
RCT000000730,RC0010,U0009203,push,2026-03-17 19:00:00,1,0
RCT000000731,RC0014,U0008827,push,2026-03-27 20:00:00,1,0
RCT000000732,RC0021,U0001084,in_app,2026-04-20 14:00:00,1,0
RCT000000733,RC0018,U0004748,push,2026-02-08 17:00:00,1,1
RCT000000734,RC0001,U0008305,push,2026-07-27 18:00:00,1,1
RCT000000735,RC0017,U0007314,sms,2026-04-12 19:00:00,1,0
RCT000000736,RC0009,U0009100,sms,2026-05-10 12:00:00,1,0
RCT000000737,RC0009,U0006997,sms,2026-05-07 11:00:00,1,0
RCT000000738,RC0008,U0002643,push,2026-06-24 08:00:00,1,0
RCT000000739,RC0011,U0002958,sms,2026-07-14 19:00:00,1,0
RCT000000740,RC0004,U0000311,in_app,2026-02-04 15:00:00,0,0
RCT000000741,RC0020,U0005458,push,2026-05-25 11:00:00,1,0
RCT000000742,RC0008,U0005249,push,2026-06-21 19:00:00,1,0
RCT000000743,RC0023,U0004276,sms,2026-05-31 21:00:00,0,0
RCT000000744,RC0017,U0006323,sms,2026-04-13 18:00:00,1,0
RCT000000745,RC0011,U0009363,sms,2026-07-14 18:00:00,1,0
RCT000000746,RC0024,U0004101,push,2026-06-07 13:00:00,1,0
RCT000000747,RC0002,U0009953,push,2026-06-13 09:00:00,1,0
RCT000000748,RC0021,U0007886,in_app,2026-04-16 11:00:00,1,0
RCT000000749,RC0012,U0008429,push,2026-03-01 12:00:00,1,0
RCT000000750,RC0016,U0010842,in_app,2026-02-20 09:00:00,1,0
RCT000000751,RC0011,U0011810,sms,2026-07-15 08:00:00,1,0
RCT000000752,RC0004,U0002013,in_app,2026-02-03 12:00:00,1,0
RCT000000753,RC0015,U0005264,push,2026-04-21 13:00:00,1,0
RCT000000754,RC0021,U0002549,in_app,2026-04-20 12:00:00,1,0
RCT000000755,RC0012,U0001901,push,2026-03-04 16:00:00,1,0
RCT000000756,RC0014,U0006774,push,2026-03-21 09:00:00,1,0
RCT000000757,RC0018,U0011892,push,2026-02-08 20:00:00,1,0
RCT000000758,RC0020,U0005426,push,2026-05-27 17:00:00,1,0
RCT000000759,RC0004,U0006978,in_app,2026-02-05 21:00:00,1,0
RCT000000760,RC0024,U0006896,push,2026-06-05 16:00:00,1,0
RCT000000761,RC0011,U0002650,sms,2026-07-13 17:00:00,1,0
RCT000000762,RC0021,U0001304,in_app,2026-04-19 16:00:00,1,0
RCT000000763,RC0014,U0008466,push,2026-03-25 16:00:00,1,0
RCT000000764,RC0009,U0009734,sms,2026-05-09 16:00:00,0,0
RCT000000765,RC0023,U0006779,sms,2026-05-31 16:00:00,1,0
RCT000000766,RC0005,U0001615,push,2026-07-30 10:00:00,1,0
RCT000000767,RC0023,U0002084,sms,2026-06-01 13:00:00,1,0
RCT000000768,RC0010,U0000729,push,2026-03-14 12:00:00,1,0
RCT000000769,RC0011,U0001125,sms,2026-07-14 17:00:00,1,0
RCT000000770,RC0015,U0004229,push,2026-04-25 12:00:00,1,0
RCT000000771,RC0007,U0004573,push,2026-06-29 08:00:00,1,0
RCT000000772,RC0022,U0007473,in_app,2026-05-24 21:00:00,1,0
RCT000000773,RC0003,U0010332,push,2026-02-15 09:00:00,1,0
RCT000000774,RC0024,U0006293,push,2026-06-05 17:00:00,1,1
RCT000000775,RC0021,U0001483,in_app,2026-04-17 10:00:00,1,0
RCT000000776,RC0013,U0007941,push,2026-02-14 09:00:00,1,0
RCT000000777,RC0007,U0003042,push,2026-06-24 17:00:00,1,1
RCT000000778,RC0024,U0009633,push,2026-06-06 21:00:00,0,0
RCT000000779,RC0005,U0004174,push,2026-08-01 10:00:00,0,0
RCT000000780,RC0010,U0006680,push,2026-03-12 09:00:00,0,0
RCT000000781,RC0021,U0006525,in_app,2026-04-20 17:00:00,1,0
RCT000000782,RC0010,U0003534,push,2026-03-15 15:00:00,1,0
RCT000000783,RC0004,U0004094,in_app,2026-02-01 12:00:00,1,0
RCT000000784,RC0013,U0005976,push,2026-02-14 08:00:00,0,0
RCT000000785,RC0021,U0001354,in_app,2026-04-15 12:00:00,1,0
RCT000000786,RC0011,U0000307,sms,2026-07-15 17:00:00,1,0
RCT000000787,RC0004,U0007689,in_app,2026-01-31 17:00:00,1,1
RCT000000788,RC0007,U0011595,push,2026-06-24 12:00:00,0,0
RCT000000789,RC0003,U0003435,push,2026-02-12 10:00:00,1,0
RCT000000790,RC0016,U0010221,in_app,2026-02-20 19:00:00,1,0
RCT000000791,RC0003,U0007301,push,2026-02-10 10:00:00,1,0
RCT000000792,RC0023,U0005965,sms,2026-05-27 16:00:00,1,0
RCT000000793,RC0023,U0000279,sms,2026-05-27 14:00:00,1,0
RCT000000794,RC0018,U0011965,push,2026-02-14 14:00:00,1,0
RCT000000795,RC0005,U0010010,push,2026-07-30 13:00:00,1,0
RCT000000796,RC0007,U0003030,push,2026-06-23 14:00:00,1,0
RCT000000797,RC0020,U0004705,push,2026-05-29 20:00:00,1,0
RCT000000798,RC0018,U0005596,push,2026-02-09 09:00:00,1,0
RCT000000799,RC0024,U0000788,push,2026-06-05 16:00:00,1,0
RCT000000800,RC0004,U0001882,in_app,2026-02-04 21:00:00,1,0
RCT000000801,RC0002,U0006638,push,2026-06-13 16:00:00,1,1
RCT000000802,RC0023,U0008906,sms,2026-06-01 19:00:00,1,1
RCT000000803,RC0005,U0008559,push,2026-07-30 14:00:00,1,0
RCT000000804,RC0010,U0005573,push,2026-03-18 09:00:00,1,1
RCT000000805,RC0006,U0010296,in_app,2026-02-16 13:00:00,1,0
RCT000000806,RC0016,U0005742,in_app,2026-02-26 08:00:00,1,1
RCT000000807,RC0015,U0008666,push,2026-04-26 20:00:00,1,0
RCT000000808,RC0002,U0003999,push,2026-06-15 09:00:00,1,0
RCT000000809,RC0018,U0008002,push,2026-02-10 09:00:00,1,1
RCT000000810,RC0013,U0000293,push,2026-02-16 13:00:00,1,0
RCT000000811,RC0012,U0000568,push,2026-02-28 10:00:00,1,0
RCT000000812,RC0002,U0002331,push,2026-06-19 15:00:00,1,0
RCT000000813,RC0019,U0003555,sms,2026-06-25 13:00:00,1,0
RCT000000814,RC0024,U0007981,push,2026-06-04 12:00:00,1,0
RCT000000815,RC0013,U0009090,push,2026-02-17 21:00:00,0,0
RCT000000816,RC0021,U0010734,in_app,2026-04-17 12:00:00,1,0
RCT000000817,RC0013,U0004681,push,2026-02-14 21:00:00,1,0
RCT000000818,RC0009,U0003179,sms,2026-05-06 11:00:00,1,1
RCT000000819,RC0001,U0009276,push,2026-07-31 12:00:00,1,0
RCT000000820,RC0003,U0001315,push,2026-02-12 08:00:00,1,0
RCT000000821,RC0012,U0007574,push,2026-03-02 19:00:00,1,0
RCT000000822,RC0022,U0000838,in_app,2026-05-25 15:00:00,1,1
RCT000000823,RC0007,U0002154,push,2026-06-28 13:00:00,1,1
RCT000000824,RC0004,U0002263,in_app,2026-02-04 08:00:00,1,0
RCT000000825,RC0015,U0002205,push,2026-04-24 19:00:00,1,0
RCT000000826,RC0017,U0002296,sms,2026-04-13 09:00:00,1,0
RCT000000827,RC0015,U0005676,push,2026-04-22 18:00:00,1,0
RCT000000828,RC0002,U0007031,push,2026-06-19 15:00:00,1,0
RCT000000829,RC0009,U0011948,sms,2026-05-11 14:00:00,1,0
RCT000000830,RC0004,U0001991,in_app,2026-02-01 13:00:00,1,0
RCT000000831,RC0001,U0002331,push,2026-07-28 13:00:00,1,0
RCT000000832,RC0024,U0010195,push,2026-06-06 11:00:00,1,0
RCT000000833,RC0013,U0010426,push,2026-02-20 11:00:00,1,0
RCT000000834,RC0002,U0000648,push,2026-06-16 10:00:00,1,0
RCT000000835,RC0005,U0011175,push,2026-08-02 11:00:00,1,1
RCT000000836,RC0004,U0010175,in_app,2026-02-04 11:00:00,0,0
RCT000000837,RC0015,U0004227,push,2026-04-24 17:00:00,1,1
RCT000000838,RC0011,U0008379,sms,2026-07-11 14:00:00,1,0
RCT000000839,RC0014,U0003151,push,2026-03-25 17:00:00,1,0
RCT000000840,RC0015,U0006602,push,2026-04-27 16:00:00,1,1
RCT000000841,RC0007,U0001096,push,2026-06-25 18:00:00,0,0
RCT000000842,RC0022,U0005746,in_app,2026-05-21 18:00:00,1,0
RCT000000843,RC0009,U0010034,sms,2026-05-08 21:00:00,1,0
RCT000000844,RC0020,U0001319,push,2026-05-29 12:00:00,1,0
RCT000000845,RC0008,U0007828,push,2026-06-27 15:00:00,1,0
RCT000000846,RC0010,U0003723,push,2026-03-17 11:00:00,1,0
RCT000000847,RC0005,U0011970,push,2026-07-31 09:00:00,1,0
RCT000000848,RC0005,U0009822,push,2026-07-31 19:00:00,1,0
RCT000000849,RC0005,U0004449,push,2026-08-01 20:00:00,1,0
RCT000000850,RC0013,U0010587,push,2026-02-19 10:00:00,1,1
RCT000000851,RC0017,U0002637,sms,2026-04-14 12:00:00,1,0
RCT000000852,RC0004,U0010973,in_app,2026-02-06 21:00:00,1,0
RCT000000853,RC0011,U0008235,sms,2026-07-15 08:00:00,1,0
RCT000000854,RC0022,U0005199,in_app,2026-05-25 09:00:00,1,0
RCT000000855,RC0024,U0009303,push,2026-06-10 08:00:00,1,0
RCT000000856,RC0010,U0001052,push,2026-03-16 08:00:00,1,0
RCT000000857,RC0021,U0000545,in_app,2026-04-18 12:00:00,1,0
RCT000000858,RC0003,U0003761,push,2026-02-16 10:00:00,1,0
RCT000000859,RC0018,U0011877,push,2026-02-13 08:00:00,1,1
RCT000000860,RC0015,U0003896,push,2026-04-22 14:00:00,1,0
RCT000000861,RC0009,U0004931,sms,2026-05-09 12:00:00,1,0
RCT000000862,RC0008,U0009617,push,2026-06-22 17:00:00,1,0
RCT000000863,RC0022,U0003624,in_app,2026-05-27 17:00:00,1,0
RCT000000864,RC0011,U0002923,sms,2026-07-12 10:00:00,1,0
RCT000000865,RC0020,U0008301,push,2026-05-27 09:00:00,1,0
RCT000000866,RC0001,U0006481,push,2026-07-31 10:00:00,1,0
RCT000000867,RC0003,U0002282,push,2026-02-12 14:00:00,1,0
RCT000000868,RC0024,U0003382,push,2026-06-04 09:00:00,1,0
RCT000000869,RC0012,U0010362,push,2026-02-27 10:00:00,1,0
RCT000000870,RC0009,U0010251,sms,2026-05-11 20:00:00,1,0
RCT000000871,RC0019,U0002434,sms,2026-06-27 19:00:00,1,0
RCT000000872,RC0019,U0000780,sms,2026-07-01 13:00:00,1,0
RCT000000873,RC0004,U0004017,in_app,2026-02-01 20:00:00,0,0
RCT000000874,RC0022,U0002202,in_app,2026-05-22 09:00:00,1,1
RCT000000875,RC0023,U0003162,sms,2026-05-31 18:00:00,1,1
RCT000000876,RC0024,U0001606,push,2026-06-06 09:00:00,1,0
RCT000000877,RC0007,U0001064,push,2026-06-25 10:00:00,1,0
RCT000000878,RC0003,U0005938,push,2026-02-16 14:00:00,1,0
RCT000000879,RC0016,U0004689,in_app,2026-02-22 12:00:00,1,0
RCT000000880,RC0023,U0002899,sms,2026-05-31 15:00:00,1,0
RCT000000881,RC0019,U0004389,sms,2026-06-25 19:00:00,1,0
RCT000000882,RC0016,U0010365,in_app,2026-02-24 20:00:00,1,0
RCT000000883,RC0016,U0004020,in_app,2026-02-23 19:00:00,0,0
RCT000000884,RC0003,U0005329,push,2026-02-10 11:00:00,1,1
RCT000000885,RC0022,U0007272,in_app,2026-05-23 15:00:00,1,0
RCT000000886,RC0010,U0007672,push,2026-03-18 20:00:00,1,0
RCT000000887,RC0002,U0009832,push,2026-06-19 17:00:00,1,0
RCT000000888,RC0014,U0008909,push,2026-03-26 16:00:00,1,0
RCT000000889,RC0011,U0011922,sms,2026-07-12 19:00:00,1,0
RCT000000890,RC0016,U0000568,in_app,2026-02-25 20:00:00,1,1
RCT000000891,RC0022,U0003248,in_app,2026-05-24 13:00:00,1,0
RCT000000892,RC0024,U0006745,push,2026-06-10 11:00:00,1,0
RCT000000893,RC0002,U0002538,push,2026-06-18 11:00:00,1,0
RCT000000894,RC0016,U0006224,in_app,2026-02-23 15:00:00,1,0
RCT000000895,RC0019,U0006630,sms,2026-06-30 16:00:00,1,0
RCT000000896,RC0020,U0009218,push,2026-05-26 11:00:00,1,0
RCT000000897,RC0016,U0004326,in_app,2026-02-21 12:00:00,1,0
RCT000000898,RC0003,U0005201,push,2026-02-13 16:00:00,1,1
RCT000000899,RC0023,U0003734,sms,2026-05-28 18:00:00,1,0
RCT000000900,RC0018,U0009799,push,2026-02-09 14:00:00,1,0
RCT000000901,RC0001,U0001942,push,2026-07-26 21:00:00,1,0
RCT000000902,RC0003,U0005917,push,2026-02-16 21:00:00,1,1
RCT000000903,RC0012,U0010297,push,2026-03-05 17:00:00,1,0
RCT000000904,RC0019,U0001714,sms,2026-07-01 08:00:00,1,0
RCT000000905,RC0013,U0004211,push,2026-02-15 12:00:00,1,0
RCT000000906,RC0010,U0007106,push,2026-03-12 14:00:00,1,0
RCT000000907,RC0015,U0003520,push,2026-04-26 17:00:00,1,0
RCT000000908,RC0022,U0009790,in_app,2026-05-22 12:00:00,1,0
RCT000000909,RC0007,U0001698,push,2026-06-27 16:00:00,1,0
RCT000000910,RC0024,U0006050,push,2026-06-06 14:00:00,1,0
RCT000000911,RC0002,U0004239,push,2026-06-14 13:00:00,1,0
RCT000000912,RC0007,U0004559,push,2026-06-28 20:00:00,1,1
RCT000000913,RC0022,U0011597,in_app,2026-05-21 09:00:00,1,0
RCT000000914,RC0016,U0009376,in_app,2026-02-24 11:00:00,1,0
RCT000000915,RC0019,U0008140,sms,2026-07-01 11:00:00,1,0
RCT000000916,RC0003,U0008391,push,2026-02-16 13:00:00,1,1
RCT000000917,RC0003,U0008534,push,2026-02-10 12:00:00,0,0
RCT000000918,RC0002,U0009314,push,2026-06-18 08:00:00,1,0
RCT000000919,RC0015,U0010734,push,2026-04-22 19:00:00,1,0
RCT000000920,RC0014,U0004174,push,2026-03-26 16:00:00,1,0
RCT000000921,RC0011,U0008261,sms,2026-07-16 19:00:00,0,0
RCT000000922,RC0009,U0011193,sms,2026-05-10 15:00:00,1,0
RCT000000923,RC0001,U0011905,push,2026-07-31 15:00:00,1,0
RCT000000924,RC0018,U0007460,push,2026-02-13 15:00:00,1,0
RCT000000925,RC0008,U0001850,push,2026-06-26 16:00:00,1,0
RCT000000926,RC0018,U0005603,push,2026-02-09 20:00:00,1,0
RCT000000927,RC0013,U0004173,push,2026-02-14 09:00:00,1,0
RCT000000928,RC0001,U0002482,push,2026-07-28 17:00:00,1,0
RCT000000929,RC0020,U0006203,push,2026-05-25 15:00:00,1,0
RCT000000930,RC0022,U0007767,in_app,2026-05-22 14:00:00,1,0
RCT000000931,RC0005,U0004174,push,2026-07-28 13:00:00,1,1
RCT000000932,RC0006,U0002263,in_app,2026-02-21 15:00:00,1,0
RCT000000933,RC0024,U0009160,push,2026-06-04 08:00:00,1,0
RCT000000934,RC0008,U0006065,push,2026-06-24 13:00:00,1,1
RCT000000935,RC0006,U0009790,in_app,2026-02-20 09:00:00,1,0
RCT000000936,RC0020,U0011009,push,2026-05-30 12:00:00,1,0
RCT000000937,RC0022,U0008425,in_app,2026-05-27 11:00:00,1,0
RCT000000938,RC0002,U0001582,push,2026-06-15 11:00:00,1,1
RCT000000939,RC0023,U0010771,sms,2026-05-31 16:00:00,1,0
RCT000000940,RC0016,U0002789,in_app,2026-02-21 21:00:00,1,0
RCT000000941,RC0004,U0011334,in_app,2026-02-02 16:00:00,1,0
RCT000000942,RC0023,U0007242,sms,2026-05-29 20:00:00,1,0
RCT000000943,RC0011,U0001923,sms,2026-07-15 09:00:00,1,0
RCT000000944,RC0016,U0001291,in_app,2026-02-21 18:00:00,1,1
RCT000000945,RC0019,U0000829,sms,2026-06-27 13:00:00,1,0
RCT000000946,RC0013,U0008331,push,2026-02-18 08:00:00,1,0
RCT000000947,RC0024,U0002851,push,2026-06-05 17:00:00,1,0
RCT000000948,RC0014,U0007347,push,2026-03-25 09:00:00,1,1
RCT000000949,RC0007,U0005938,push,2026-06-24 20:00:00,1,0
RCT000000950,RC0019,U0003265,sms,2026-06-28 08:00:00,1,0
RCT000000951,RC0007,U0005105,push,2026-06-28 17:00:00,1,0
RCT000000952,RC0018,U0005925,push,2026-02-11 15:00:00,1,0
RCT000000953,RC0002,U0006556,push,2026-06-16 19:00:00,1,1
RCT000000954,RC0005,U0004370,push,2026-08-01 16:00:00,1,0
RCT000000955,RC0012,U0006351,push,2026-03-02 14:00:00,1,0
RCT000000956,RC0018,U0005896,push,2026-02-10 17:00:00,1,0
RCT000000957,RC0007,U0001435,push,2026-06-26 17:00:00,1,0
RCT000000958,RC0018,U0011589,push,2026-02-08 12:00:00,1,0
RCT000000959,RC0019,U0010263,sms,2026-06-27 16:00:00,1,0
RCT000000960,RC0012,U0007414,push,2026-02-27 08:00:00,1,1
RCT000000961,RC0019,U0001724,sms,2026-06-25 15:00:00,1,0
RCT000000962,RC0009,U0006524,sms,2026-05-12 20:00:00,1,0
RCT000000963,RC0016,U0002780,in_app,2026-02-21 09:00:00,1,0
RCT000000964,RC0017,U0007950,sms,2026-04-09 08:00:00,1,0
RCT000000965,RC0013,U0010127,push,2026-02-17 19:00:00,1,0
RCT000000966,RC0015,U0002703,push,2026-04-27 15:00:00,0,0
RCT000000967,RC0020,U0009917,push,2026-05-26 10:00:00,1,0
RCT000000968,RC0006,U0004175,in_app,2026-02-19 19:00:00,1,0
RCT000000969,RC0022,U0001283,in_app,2026-05-25 09:00:00,1,0
RCT000000970,RC0002,U0009912,push,2026-06-14 10:00:00,1,0
RCT000000971,RC0018,U0004419,push,2026-02-12 19:00:00,0,0
RCT000000972,RC0024,U0001106,push,2026-06-06 08:00:00,1,0
RCT000000973,RC0009,U0005371,sms,2026-05-12 15:00:00,1,1
RCT000000974,RC0022,U0004734,in_app,2026-05-24 18:00:00,1,0
RCT000000975,RC0024,U0002855,push,2026-06-06 11:00:00,1,0
RCT000000976,RC0011,U0001672,sms,2026-07-10 12:00:00,1,0
RCT000000977,RC0014,U0000556,push,2026-03-26 20:00:00,0,0
RCT000000978,RC0013,U0001106,push,2026-02-19 08:00:00,0,0
RCT000000979,RC0009,U0005560,sms,2026-05-07 13:00:00,1,1
RCT000000980,RC0008,U0005682,push,2026-06-22 20:00:00,1,0
RCT000000981,RC0024,U0011140,push,2026-06-10 14:00:00,1,0
RCT000000982,RC0021,U0008382,in_app,2026-04-16 16:00:00,1,1
RCT000000983,RC0023,U0003878,sms,2026-05-29 21:00:00,1,0
RCT000000984,RC0011,U0010595,sms,2026-07-11 18:00:00,1,0
RCT000000985,RC0007,U0002888,push,2026-06-23 09:00:00,1,0
RCT000000986,RC0003,U0000645,push,2026-02-10 09:00:00,1,0
RCT000000987,RC0021,U0002928,in_app,2026-04-20 12:00:00,1,0
RCT000000988,RC0023,U0006340,sms,2026-06-01 16:00:00,1,0
RCT000000989,RC0004,U0006897,in_app,2026-02-04 16:00:00,1,0
RCT000000990,RC0004,U0001171,in_app,2026-01-31 15:00:00,1,0
RCT000000991,RC0002,U0002293,push,2026-06-14 15:00:00,1,0
RCT000000992,RC0011,U0011270,sms,2026-07-14 12:00:00,1,0
RCT000000993,RC0021,U0004151,in_app,2026-04-16 08:00:00,1,0
RCT000000994,RC0015,U0009143,push,2026-04-22 19:00:00,1,0
RCT000000995,RC0024,U0001098,push,2026-06-08 13:00:00,1,0
RCT000000996,RC0001,U0006160,push,2026-07-27 17:00:00,1,0
RCT000000997,RC0021,U0011438,in_app,2026-04-14 14:00:00,1,0
RCT000000998,RC0009,U0006630,sms,2026-05-10 18:00:00,1,1
RCT000000999,RC0004,U0002875,in_app,2026-02-05 08:00:00,1,0
RCT000001000,RC0008,U0011251,push,2026-06-24 14:00:00,1,1
RCT000001001,RC0019,U0001865,sms,2026-07-01 13:00:00,1,0
RCT000001002,RC0012,U0004501,push,2026-02-27 10:00:00,1,0
RCT000001003,RC0018,U0009127,push,2026-02-09 20:00:00,1,0
RCT000001004,RC0006,U0008489,in_app,2026-02-15 17:00:00,1,0
RCT000001005,RC0017,U0000539,sms,2026-04-13 14:00:00,1,0
RCT000001006,RC0014,U0006141,push,2026-03-27 08:00:00,1,0
RCT000001007,RC0012,U0007331,push,2026-03-01 12:00:00,1,0
RCT000001008,RC0007,U0006957,push,2026-06-27 18:00:00,0,0
RCT000001009,RC0018,U0002123,push,2026-02-14 12:00:00,1,0
RCT000001010,RC0006,U0000333,in_app,2026-02-18 09:00:00,1,0
RCT000001011,RC0001,U0003186,push,2026-08-01 17:00:00,1,0
RCT000001012,RC0018,U0004150,push,2026-02-09 13:00:00,1,1
RCT000001013,RC0024,U0006298,push,2026-06-09 13:00:00,1,0
RCT000001014,RC0008,U0008784,push,2026-06-21 11:00:00,1,0
RCT000001015,RC0019,U0010374,sms,2026-07-01 18:00:00,1,0
RCT000001016,RC0010,U0004171,push,2026-03-12 20:00:00,1,0
RCT000001017,RC0017,U0006868,sms,2026-04-11 20:00:00,1,0
RCT000001018,RC0022,U0002273,in_app,2026-05-27 17:00:00,1,0
RCT000001019,RC0014,U0011378,push,2026-03-27 09:00:00,1,0
RCT000001020,RC0020,U0007790,push,2026-05-26 09:00:00,1,0
RCT000001021,RC0020,U0005095,push,2026-05-27 11:00:00,1,0
RCT000001022,RC0001,U0010019,push,2026-07-31 14:00:00,1,0
RCT000001023,RC0017,U0010327,sms,2026-04-12 15:00:00,1,0
RCT000001024,RC0019,U0003594,sms,2026-06-27 08:00:00,1,0
RCT000001025,RC0016,U0005631,in_app,2026-02-20 18:00:00,1,0
RCT000001026,RC0024,U0001507,push,2026-06-10 18:00:00,1,0
RCT000001027,RC0016,U0005981,in_app,2026-02-20 11:00:00,1,0
RCT000001028,RC0010,U0000555,push,2026-03-16 17:00:00,1,0
RCT000001029,RC0012,U0009196,push,2026-03-03 19:00:00,1,0
RCT000001030,RC0008,U0009676,push,2026-06-25 20:00:00,1,1
RCT000001031,RC0008,U0004484,push,2026-06-21 17:00:00,1,0
RCT000001032,RC0015,U0011117,push,2026-04-22 18:00:00,1,0
RCT000001033,RC0003,U0011838,push,2026-02-16 13:00:00,1,0
RCT000001034,RC0017,U0003149,sms,2026-04-08 18:00:00,1,0
RCT000001035,RC0011,U0008638,sms,2026-07-14 09:00:00,1,0
RCT000001036,RC0006,U0009224,in_app,2026-02-15 18:00:00,1,1
RCT000001037,RC0017,U0008127,sms,2026-04-13 20:00:00,1,0
RCT000001038,RC0005,U0001948,push,2026-07-30 15:00:00,1,0
RCT000001039,RC0003,U0007534,push,2026-02-11 09:00:00,1,0
RCT000001040,RC0011,U0011329,sms,2026-07-10 18:00:00,1,0
RCT000001041,RC0003,U0009986,push,2026-02-13 18:00:00,1,1
RCT000001042,RC0015,U0010805,push,2026-04-26 09:00:00,1,0
RCT000001043,RC0021,U0010396,in_app,2026-04-20 09:00:00,1,0
RCT000001044,RC0012,U0009463,push,2026-02-28 18:00:00,1,0
RCT000001045,RC0020,U0000202,push,2026-05-29 09:00:00,1,0
RCT000001046,RC0022,U0001163,in_app,2026-05-24 13:00:00,0,0
RCT000001047,RC0023,U0011799,sms,2026-05-28 11:00:00,1,0
RCT000001048,RC0010,U0001089,push,2026-03-14 11:00:00,1,0
RCT000001049,RC0003,U0009110,push,2026-02-15 17:00:00,1,0
RCT000001050,RC0001,U0010783,push,2026-07-26 14:00:00,1,1
RCT000001051,RC0019,U0011848,sms,2026-06-25 19:00:00,1,0
RCT000001052,RC0001,U0003625,push,2026-07-28 17:00:00,1,0
RCT000001053,RC0002,U0001715,push,2026-06-14 11:00:00,1,1
RCT000001054,RC0011,U0000617,sms,2026-07-10 19:00:00,1,0
RCT000001055,RC0004,U0010895,in_app,2026-02-06 11:00:00,1,0
RCT000001056,RC0015,U0008159,push,2026-04-22 16:00:00,1,0
RCT000001057,RC0005,U0010026,push,2026-08-03 19:00:00,1,0
RCT000001058,RC0020,U0011731,push,2026-05-30 09:00:00,1,0
RCT000001059,RC0021,U0005141,in_app,2026-04-20 20:00:00,1,1
RCT000001060,RC0020,U0000679,push,2026-05-30 20:00:00,1,0
RCT000001061,RC0013,U0006354,push,2026-02-17 21:00:00,1,0
RCT000001062,RC0007,U0009826,push,2026-06-29 18:00:00,1,1
RCT000001063,RC0023,U0009441,sms,2026-06-01 17:00:00,1,0
RCT000001064,RC0021,U0006542,in_app,2026-04-19 13:00:00,1,0
RCT000001065,RC0008,U0010660,push,2026-06-22 13:00:00,1,1
RCT000001066,RC0019,U0007734,sms,2026-06-30 11:00:00,1,0
RCT000001067,RC0013,U0010523,push,2026-02-19 13:00:00,1,0
RCT000001068,RC0014,U0008224,push,2026-03-21 15:00:00,1,0
RCT000001069,RC0019,U0009767,sms,2026-06-25 17:00:00,1,0
RCT000001070,RC0024,U0000972,push,2026-06-05 09:00:00,1,0
RCT000001071,RC0003,U0010594,push,2026-02-16 09:00:00,1,1
RCT000001072,RC0007,U0003746,push,2026-06-28 12:00:00,1,0
RCT000001073,RC0017,U0003132,sms,2026-04-11 18:00:00,1,0
RCT000001074,RC0005,U0009481,push,2026-07-28 12:00:00,1,0
RCT000001075,RC0023,U0010809,sms,2026-05-31 21:00:00,1,0
RCT000001076,RC0012,U0003729,push,2026-03-02 10:00:00,1,0
RCT000001077,RC0010,U0001119,push,2026-03-12 18:00:00,1,0
RCT000001078,RC0011,U0008302,sms,2026-07-10 13:00:00,1,0
RCT000001079,RC0019,U0008873,sms,2026-07-01 11:00:00,1,0
RCT000001080,RC0005,U0002888,push,2026-08-02 20:00:00,1,0
RCT000001081,RC0017,U0008784,sms,2026-04-09 12:00:00,1,1
RCT000001082,RC0003,U0002185,push,2026-02-15 16:00:00,1,1
RCT000001083,RC0005,U0002752,push,2026-07-29 09:00:00,1,0
RCT000001084,RC0014,U0002898,push,2026-03-24 12:00:00,1,0
RCT000001085,RC0012,U0005700,push,2026-03-05 12:00:00,1,0
RCT000001086,RC0017,U0003425,sms,2026-04-13 08:00:00,1,1
RCT000001087,RC0017,U0011947,sms,2026-04-09 13:00:00,1,0
RCT000001088,RC0007,U0003120,push,2026-06-26 20:00:00,1,0
RCT000001089,RC0014,U0010605,push,2026-03-25 09:00:00,1,0
RCT000001090,RC0020,U0006372,push,2026-05-28 09:00:00,1,0
RCT000001091,RC0005,U0006645,push,2026-07-28 21:00:00,1,0
RCT000001092,RC0005,U0002916,push,2026-07-31 15:00:00,1,0
RCT000001093,RC0024,U0011034,push,2026-06-06 21:00:00,1,0
RCT000001094,RC0003,U0005055,push,2026-02-13 16:00:00,0,0
RCT000001095,RC0006,U0007031,in_app,2026-02-18 14:00:00,1,0
RCT000001096,RC0019,U0002929,sms,2026-06-27 19:00:00,1,0
RCT000001097,RC0021,U0009437,in_app,2026-04-16 17:00:00,1,0
RCT000001098,RC0005,U0007986,push,2026-07-29 18:00:00,1,0
RCT000001099,RC0022,U0006840,in_app,2026-05-22 12:00:00,1,0
RCT000001100,RC0019,U0008992,sms,2026-06-26 21:00:00,1,0
RCT000001101,RC0012,U0007124,push,2026-03-01 11:00:00,1,0
RCT000001102,RC0014,U0011110,push,2026-03-26 14:00:00,1,0
RCT000001103,RC0003,U0007609,push,2026-02-11 12:00:00,1,0
RCT000001104,RC0017,U0003407,sms,2026-04-11 19:00:00,1,0
RCT000001105,RC0010,U0005009,push,2026-03-15 13:00:00,1,0
RCT000001106,RC0019,U0004319,sms,2026-06-27 09:00:00,1,0
RCT000001107,RC0009,U0008906,sms,2026-05-11 21:00:00,0,0
RCT000001108,RC0024,U0010107,push,2026-06-04 12:00:00,1,1
RCT000001109,RC0024,U0004443,push,2026-06-05 10:00:00,1,0
RCT000001110,RC0021,U0003091,in_app,2026-04-17 08:00:00,1,0
RCT000001111,RC0009,U0000739,sms,2026-05-07 13:00:00,1,1
RCT000001112,RC0018,U0008608,push,2026-02-08 20:00:00,1,0
RCT000001113,RC0003,U0008147,push,2026-02-10 18:00:00,1,0
RCT000001114,RC0011,U0007845,sms,2026-07-11 14:00:00,1,0
RCT000001115,RC0015,U0007662,push,2026-04-24 10:00:00,1,0
RCT000001116,RC0024,U0008584,push,2026-06-10 21:00:00,1,0
RCT000001117,RC0019,U0005939,sms,2026-06-26 20:00:00,1,0
RCT000001118,RC0004,U0005700,in_app,2026-02-01 19:00:00,1,0
RCT000001119,RC0006,U0000996,in_app,2026-02-16 12:00:00,1,0
RCT000001120,RC0020,U0004827,push,2026-05-27 12:00:00,1,0
RCT000001121,RC0011,U0003009,sms,2026-07-10 18:00:00,1,0
RCT000001122,RC0019,U0004516,sms,2026-06-29 18:00:00,1,0
RCT000001123,RC0019,U0000995,sms,2026-06-25 18:00:00,1,1
RCT000001124,RC0010,U0003007,push,2026-03-17 18:00:00,1,0
RCT000001125,RC0017,U0004298,sms,2026-04-11 14:00:00,0,0
RCT000001126,RC0009,U0005477,sms,2026-05-07 12:00:00,1,0
RCT000001127,RC0020,U0006671,push,2026-05-26 19:00:00,1,0
RCT000001128,RC0002,U0009928,push,2026-06-16 19:00:00,1,1
RCT000001129,RC0019,U0009128,sms,2026-06-27 21:00:00,1,0
RCT000001130,RC0024,U0008637,push,2026-06-07 08:00:00,1,0
RCT000001131,RC0009,U0004135,sms,2026-05-06 14:00:00,1,1
RCT000001132,RC0008,U0005654,push,2026-06-25 15:00:00,1,0
RCT000001133,RC0003,U0005217,push,2026-02-11 13:00:00,1,0
RCT000001134,RC0012,U0000778,push,2026-03-01 13:00:00,1,0
RCT000001135,RC0012,U0005059,push,2026-03-02 15:00:00,1,1
RCT000001136,RC0018,U0006784,push,2026-02-11 21:00:00,1,0
RCT000001137,RC0010,U0001737,push,2026-03-18 10:00:00,1,0
RCT000001138,RC0002,U0003525,push,2026-06-16 10:00:00,1,0
RCT000001139,RC0023,U0011223,sms,2026-06-01 14:00:00,1,0
RCT000001140,RC0017,U0004648,sms,2026-04-09 12:00:00,1,0
RCT000001141,RC0003,U0010419,push,2026-02-14 19:00:00,1,1
RCT000001142,RC0017,U0004597,sms,2026-04-11 16:00:00,1,0
RCT000001143,RC0007,U0007281,push,2026-06-26 12:00:00,1,0
RCT000001144,RC0012,U0007112,push,2026-03-05 13:00:00,1,0
RCT000001145,RC0009,U0000677,sms,2026-05-06 08:00:00,1,0
RCT000001146,RC0004,U0011724,in_app,2026-02-05 08:00:00,1,0
RCT000001147,RC0023,U0010276,sms,2026-05-28 19:00:00,1,0
RCT000001148,RC0012,U0010223,push,2026-02-27 18:00:00,1,0
RCT000001149,RC0024,U0010395,push,2026-06-06 17:00:00,1,0
RCT000001150,RC0006,U0006347,in_app,2026-02-19 09:00:00,1,1
RCT000001151,RC0019,U0006326,sms,2026-06-25 19:00:00,1,0
RCT000001152,RC0024,U0008044,push,2026-06-04 09:00:00,1,1
RCT000001153,RC0012,U0008561,push,2026-02-27 14:00:00,1,0
RCT000001154,RC0016,U0009450,in_app,2026-02-22 08:00:00,1,0
RCT000001155,RC0024,U0010223,push,2026-06-06 10:00:00,1,0
RCT000001156,RC0006,U0009876,in_app,2026-02-20 17:00:00,1,0
RCT000001157,RC0024,U0006299,push,2026-06-09 18:00:00,1,0
RCT000001158,RC0012,U0008163,push,2026-03-02 14:00:00,1,0
RCT000001159,RC0006,U0003064,in_app,2026-02-16 13:00:00,1,0
RCT000001160,RC0003,U0009103,push,2026-02-16 12:00:00,1,0
RCT000001161,RC0007,U0009481,push,2026-06-26 13:00:00,0,0
RCT000001162,RC0011,U0004548,sms,2026-07-13 08:00:00,1,0
RCT000001163,RC0008,U0008925,push,2026-06-22 15:00:00,1,1
RCT000001164,RC0023,U0000744,sms,2026-05-27 20:00:00,1,0
RCT000001165,RC0021,U0000423,in_app,2026-04-15 20:00:00,1,0
RCT000001166,RC0019,U0009648,sms,2026-06-30 09:00:00,1,0
RCT000001167,RC0018,U0006329,push,2026-02-09 20:00:00,1,0
RCT000001168,RC0005,U0005033,push,2026-08-01 18:00:00,1,0
RCT000001169,RC0010,U0005040,push,2026-03-16 16:00:00,1,0
RCT000001170,RC0023,U0002582,sms,2026-05-27 10:00:00,1,0
RCT000001171,RC0024,U0007376,push,2026-06-07 16:00:00,1,0
RCT000001172,RC0010,U0006329,push,2026-03-16 10:00:00,0,0
RCT000001173,RC0015,U0005679,push,2026-04-25 14:00:00,1,0
RCT000001174,RC0010,U0004296,push,2026-03-16 13:00:00,1,0
RCT000001175,RC0023,U0000486,sms,2026-05-31 09:00:00,1,0
RCT000001176,RC0009,U0003320,sms,2026-05-10 19:00:00,1,0
RCT000001177,RC0020,U0004813,push,2026-05-30 12:00:00,1,0
RCT000001178,RC0012,U0003260,push,2026-03-01 17:00:00,1,0
RCT000001179,RC0023,U0002740,sms,2026-05-29 20:00:00,1,0
RCT000001180,RC0024,U0003371,push,2026-06-07 21:00:00,1,1
RCT000001181,RC0005,U0002027,push,2026-07-30 12:00:00,1,0
RCT000001182,RC0008,U0010514,push,2026-06-27 19:00:00,1,0
RCT000001183,RC0019,U0011668,sms,2026-07-01 17:00:00,1,0
RCT000001184,RC0010,U0011676,push,2026-03-12 10:00:00,1,1
RCT000001185,RC0005,U0004193,push,2026-08-01 18:00:00,1,0
RCT000001186,RC0011,U0010246,sms,2026-07-16 15:00:00,1,0
RCT000001187,RC0002,U0011547,push,2026-06-17 12:00:00,1,0
RCT000001188,RC0017,U0006869,sms,2026-04-08 18:00:00,0,0
RCT000001189,RC0009,U0000583,sms,2026-05-08 09:00:00,1,0
RCT000001190,RC0013,U0009414,push,2026-02-14 16:00:00,1,0
RCT000001191,RC0024,U0009445,push,2026-06-07 14:00:00,1,0
RCT000001192,RC0023,U0005195,sms,2026-05-30 13:00:00,1,0
RCT000001193,RC0014,U0001213,push,2026-03-24 18:00:00,0,0
RCT000001194,RC0014,U0004152,push,2026-03-26 16:00:00,1,0
RCT000001195,RC0010,U0002860,push,2026-03-16 19:00:00,1,0
RCT000001196,RC0014,U0000806,push,2026-03-25 17:00:00,1,1
RCT000001197,RC0016,U0007266,in_app,2026-02-21 14:00:00,1,0
RCT000001198,RC0011,U0010829,sms,2026-07-14 17:00:00,1,1
RCT000001199,RC0020,U0000428,push,2026-05-27 08:00:00,1,0
RCT000001200,RC0007,U0002467,push,2026-06-26 13:00:00,1,0
RCT000001201,RC0006,U0004337,in_app,2026-02-20 13:00:00,1,0
RCT000001202,RC0022,U0004168,in_app,2026-05-23 11:00:00,1,0
RCT000001203,RC0020,U0007764,push,2026-05-30 11:00:00,1,0
RCT000001204,RC0009,U0001411,sms,2026-05-07 14:00:00,1,0
RCT000001205,RC0008,U0008407,push,2026-06-24 17:00:00,1,1
RCT000001206,RC0024,U0002807,push,2026-06-09 21:00:00,1,0
RCT000001207,RC0005,U0002932,push,2026-08-02 19:00:00,1,0
RCT000001208,RC0007,U0001716,push,2026-06-24 09:00:00,1,0
RCT000001209,RC0001,U0000004,push,2026-07-30 18:00:00,1,0
RCT000001210,RC0013,U0005896,push,2026-02-19 17:00:00,1,0
RCT000001211,RC0006,U0011280,in_app,2026-02-17 10:00:00,1,0
RCT000001212,RC0014,U0007598,push,2026-03-24 18:00:00,1,0
RCT000001213,RC0005,U0003123,push,2026-08-01 14:00:00,1,0
RCT000001214,RC0015,U0011246,push,2026-04-27 21:00:00,1,1
RCT000001215,RC0014,U0005746,push,2026-03-22 12:00:00,1,0
RCT000001216,RC0019,U0004739,sms,2026-06-28 15:00:00,1,0
RCT000001217,RC0018,U0002903,push,2026-02-09 21:00:00,0,0
RCT000001218,RC0024,U0002093,push,2026-06-06 12:00:00,1,0
RCT000001219,RC0008,U0002736,push,2026-06-23 08:00:00,1,1
RCT000001220,RC0022,U0004175,in_app,2026-05-21 14:00:00,1,0
RCT000001221,RC0013,U0008018,push,2026-02-16 16:00:00,1,0
RCT000001222,RC0016,U0003372,in_app,2026-02-25 16:00:00,1,1
RCT000001223,RC0007,U0001076,push,2026-06-24 10:00:00,1,0
RCT000001224,RC0004,U0005836,in_app,2026-02-06 10:00:00,1,0
RCT000001225,RC0017,U0004280,sms,2026-04-12 12:00:00,1,0
RCT000001226,RC0003,U0007206,push,2026-02-14 09:00:00,1,0
RCT000001227,RC0020,U0006829,push,2026-05-30 17:00:00,1,1
RCT000001228,RC0012,U0011198,push,2026-03-02 11:00:00,1,0
RCT000001229,RC0001,U0007986,push,2026-08-01 16:00:00,1,0
RCT000001230,RC0017,U0011486,sms,2026-04-13 19:00:00,1,0
RCT000001231,RC0012,U0001737,push,2026-03-04 12:00:00,1,0
RCT000001232,RC0011,U0008306,sms,2026-07-12 21:00:00,1,0
RCT000001233,RC0020,U0003695,push,2026-05-27 21:00:00,1,1
RCT000001234,RC0008,U0006471,push,2026-06-26 18:00:00,1,0
RCT000001235,RC0006,U0004043,in_app,2026-02-16 20:00:00,1,0
RCT000001236,RC0006,U0003693,in_app,2026-02-20 15:00:00,0,0
RCT000001237,RC0010,U0008979,push,2026-03-13 09:00:00,1,0
RCT000001238,RC0005,U0011153,push,2026-08-01 18:00:00,1,0
RCT000001239,RC0022,U0009376,in_app,2026-05-27 16:00:00,1,0
RCT000001240,RC0004,U0009477,in_app,2026-02-05 17:00:00,1,0
RCT000001241,RC0001,U0003911,push,2026-07-26 11:00:00,1,1
RCT000001242,RC0017,U0011139,sms,2026-04-14 11:00:00,1,0
RCT000001243,RC0014,U0011233,push,2026-03-24 20:00:00,1,0
RCT000001244,RC0014,U0003564,push,2026-03-24 21:00:00,1,0
RCT000001245,RC0004,U0011493,in_app,2026-01-31 19:00:00,1,1
RCT000001246,RC0010,U0008211,push,2026-03-15 18:00:00,1,1
RCT000001247,RC0002,U0011283,push,2026-06-16 18:00:00,1,0
RCT000001248,RC0016,U0005799,in_app,2026-02-24 13:00:00,1,0
RCT000001249,RC0006,U0001930,in_app,2026-02-20 17:00:00,1,0
RCT000001250,RC0013,U0011726,push,2026-02-17 13:00:00,1,0
RCT000001251,RC0018,U0001710,push,2026-02-12 11:00:00,1,0
RCT000001252,RC0001,U0006076,push,2026-07-30 11:00:00,1,0
RCT000001253,RC0018,U0005463,push,2026-02-08 09:00:00,1,0
RCT000001254,RC0022,U0006368,in_app,2026-05-26 16:00:00,1,0
RCT000001255,RC0008,U0004658,push,2026-06-21 10:00:00,1,0
RCT000001256,RC0002,U0006104,push,2026-06-18 16:00:00,1,0
RCT000001257,RC0010,U0006271,push,2026-03-12 21:00:00,1,1
RCT000001258,RC0017,U0009876,sms,2026-04-08 13:00:00,1,0
RCT000001259,RC0021,U0004939,in_app,2026-04-17 12:00:00,1,0
RCT000001260,RC0021,U0007976,in_app,2026-04-19 20:00:00,1,1
RCT000001261,RC0020,U0001066,push,2026-05-28 19:00:00,1,0
RCT000001262,RC0004,U0003269,in_app,2026-02-06 21:00:00,1,1
RCT000001263,RC0004,U0004525,in_app,2026-02-03 08:00:00,1,0
RCT000001264,RC0018,U0009180,push,2026-02-10 15:00:00,1,1
RCT000001265,RC0003,U0007682,push,2026-02-11 10:00:00,1,0
RCT000001266,RC0012,U0006674,push,2026-03-03 15:00:00,1,0
RCT000001267,RC0003,U0004486,push,2026-02-13 20:00:00,1,0
RCT000001268,RC0001,U0008925,push,2026-07-28 12:00:00,1,0
RCT000001269,RC0019,U0003936,sms,2026-06-27 08:00:00,1,0
RCT000001270,RC0022,U0003117,in_app,2026-05-21 14:00:00,1,0
RCT000001271,RC0021,U0002948,in_app,2026-04-15 09:00:00,1,0
RCT000001272,RC0015,U0009290,push,2026-04-26 08:00:00,1,1
RCT000001273,RC0014,U0002736,push,2026-03-26 20:00:00,1,1
RCT000001274,RC0011,U0004554,sms,2026-07-12 11:00:00,1,0
RCT000001275,RC0007,U0001083,push,2026-06-29 13:00:00,1,0
RCT000001276,RC0015,U0001570,push,2026-04-22 12:00:00,1,0
RCT000001277,RC0018,U0006672,push,2026-02-14 21:00:00,1,0
RCT000001278,RC0005,U0010118,push,2026-07-31 11:00:00,1,0
RCT000001279,RC0003,U0006213,push,2026-02-14 14:00:00,1,0
RCT000001280,RC0004,U0003732,in_app,2026-02-05 14:00:00,1,0
RCT000001281,RC0013,U0005805,push,2026-02-16 16:00:00,1,0
RCT000001282,RC0011,U0005460,sms,2026-07-15 12:00:00,1,0
RCT000001283,RC0016,U0004953,in_app,2026-02-21 13:00:00,1,0
RCT000001284,RC0018,U0006064,push,2026-02-14 08:00:00,1,0
RCT000001285,RC0016,U0001813,in_app,2026-02-20 16:00:00,1,0
RCT000001286,RC0013,U0002873,push,2026-02-20 15:00:00,1,0
RCT000001287,RC0014,U0000462,push,2026-03-22 08:00:00,1,0
RCT000001288,RC0002,U0010026,push,2026-06-18 12:00:00,1,0
RCT000001289,RC0012,U0006048,push,2026-03-01 17:00:00,0,0
RCT000001290,RC0012,U0006943,push,2026-03-02 13:00:00,1,0
RCT000001291,RC0009,U0005105,sms,2026-05-09 18:00:00,1,0
RCT000001292,RC0018,U0006727,push,2026-02-14 08:00:00,1,0
RCT000001293,RC0017,U0011240,sms,2026-04-09 17:00:00,1,0
RCT000001294,RC0014,U0008354,push,2026-03-22 13:00:00,1,0
RCT000001295,RC0017,U0001206,sms,2026-04-12 12:00:00,1,0
RCT000001296,RC0013,U0010665,push,2026-02-17 20:00:00,1,0
RCT000001297,RC0004,U0004245,in_app,2026-01-31 09:00:00,1,0
RCT000001298,RC0021,U0010367,in_app,2026-04-20 20:00:00,1,0
RCT000001299,RC0010,U0007340,push,2026-03-18 18:00:00,1,0
RCT000001300,RC0024,U0006015,push,2026-06-08 09:00:00,1,0
RCT000001301,RC0009,U0006418,sms,2026-05-07 16:00:00,1,0
RCT000001302,RC0014,U0006011,push,2026-03-26 12:00:00,1,1
RCT000001303,RC0010,U0008030,push,2026-03-12 20:00:00,1,0
RCT000001304,RC0021,U0002361,in_app,2026-04-16 16:00:00,1,1
RCT000001305,RC0014,U0000687,push,2026-03-22 12:00:00,1,0
RCT000001306,RC0013,U0007708,push,2026-02-16 18:00:00,1,0
RCT000001307,RC0009,U0007830,sms,2026-05-06 10:00:00,1,0
RCT000001308,RC0002,U0006522,push,2026-06-13 18:00:00,1,1
RCT000001309,RC0007,U0011852,push,2026-06-28 14:00:00,1,0
RCT000001310,RC0004,U0004735,in_app,2026-02-04 15:00:00,0,0
RCT000001311,RC0014,U0009729,push,2026-03-27 10:00:00,0,0
RCT000001312,RC0006,U0002768,in_app,2026-02-17 19:00:00,1,0
RCT000001313,RC0008,U0006670,push,2026-06-24 18:00:00,1,0
RCT000001314,RC0003,U0011021,push,2026-02-10 11:00:00,1,0
RCT000001315,RC0020,U0005425,push,2026-05-24 08:00:00,1,0
RCT000001316,RC0004,U0011498,in_app,2026-02-02 08:00:00,1,0
RCT000001317,RC0010,U0001074,push,2026-03-12 08:00:00,1,0
RCT000001318,RC0012,U0006307,push,2026-03-05 19:00:00,1,0
RCT000001319,RC0020,U0008747,push,2026-05-24 14:00:00,1,0
RCT000001320,RC0007,U0003481,push,2026-06-27 13:00:00,1,1
RCT000001321,RC0001,U0003622,push,2026-07-31 21:00:00,1,1
RCT000001322,RC0001,U0001518,push,2026-07-29 17:00:00,1,0
RCT000001323,RC0004,U0000546,in_app,2026-02-01 13:00:00,1,1
RCT000001324,RC0021,U0001043,in_app,2026-04-16 10:00:00,1,0
RCT000001325,RC0023,U0005338,sms,2026-06-01 11:00:00,1,0
RCT000001326,RC0015,U0004441,push,2026-04-22 14:00:00,1,0
RCT000001327,RC0019,U0011639,sms,2026-06-27 20:00:00,1,0
RCT000001328,RC0012,U0001530,push,2026-03-03 13:00:00,1,0
RCT000001329,RC0022,U0006120,in_app,2026-05-21 21:00:00,1,0
RCT000001330,RC0016,U0003959,in_app,2026-02-20 21:00:00,1,0
RCT000001331,RC0019,U0009473,sms,2026-06-25 15:00:00,1,0
RCT000001332,RC0008,U0002846,push,2026-06-26 18:00:00,1,0
RCT000001333,RC0023,U0009806,sms,2026-05-31 17:00:00,1,0
RCT000001334,RC0022,U0009242,in_app,2026-05-26 10:00:00,1,0
RCT000001335,RC0021,U0006572,in_app,2026-04-19 08:00:00,0,0
RCT000001336,RC0006,U0011272,in_app,2026-02-19 18:00:00,1,0
RCT000001337,RC0011,U0009595,sms,2026-07-15 09:00:00,1,0
RCT000001338,RC0022,U0010202,in_app,2026-05-24 20:00:00,0,0
RCT000001339,RC0011,U0010642,sms,2026-07-10 08:00:00,1,1
RCT000001340,RC0004,U0001007,in_app,2026-02-03 21:00:00,1,0
RCT000001341,RC0005,U0011877,push,2026-07-29 11:00:00,1,0
RCT000001342,RC0009,U0001409,sms,2026-05-10 12:00:00,1,0
RCT000001343,RC0022,U0002557,in_app,2026-05-23 19:00:00,1,1
RCT000001344,RC0005,U0000762,push,2026-07-29 15:00:00,1,1
RCT000001345,RC0008,U0003672,push,2026-06-25 09:00:00,1,1
RCT000001346,RC0016,U0007532,in_app,2026-02-20 19:00:00,1,0
RCT000001347,RC0009,U0011942,sms,2026-05-08 14:00:00,1,0
RCT000001348,RC0011,U0003027,sms,2026-07-12 21:00:00,1,0
RCT000001349,RC0011,U0009211,sms,2026-07-11 10:00:00,1,1
RCT000001350,RC0015,U0011465,push,2026-04-27 10:00:00,0,0
RCT000001351,RC0015,U0008173,push,2026-04-24 16:00:00,1,0
RCT000001352,RC0015,U0006561,push,2026-04-21 15:00:00,1,0
RCT000001353,RC0018,U0006381,push,2026-02-08 21:00:00,1,0
RCT000001354,RC0015,U0004246,push,2026-04-23 19:00:00,1,0
RCT000001355,RC0003,U0004752,push,2026-02-10 11:00:00,1,0
RCT000001356,RC0002,U0006361,push,2026-06-15 15:00:00,1,0
RCT000001357,RC0006,U0002680,in_app,2026-02-15 13:00:00,1,0
RCT000001358,RC0015,U0001721,push,2026-04-25 14:00:00,1,1
RCT000001359,RC0001,U0006607,push,2026-08-01 09:00:00,1,0
RCT000001360,RC0010,U0002944,push,2026-03-15 16:00:00,1,1
RCT000001361,RC0019,U0007068,sms,2026-06-25 15:00:00,1,0
RCT000001362,RC0024,U0003310,push,2026-06-05 20:00:00,1,0
RCT000001363,RC0010,U0006089,push,2026-03-12 20:00:00,0,0
RCT000001364,RC0002,U0001204,push,2026-06-16 15:00:00,1,0
RCT000001365,RC0017,U0011238,sms,2026-04-11 15:00:00,1,0
RCT000001366,RC0013,U0002670,push,2026-02-17 15:00:00,1,0
RCT000001367,RC0017,U0007116,sms,2026-04-10 20:00:00,1,0
RCT000001368,RC0007,U0011280,push,2026-06-24 10:00:00,0,0
RCT000001369,RC0012,U0006837,push,2026-03-05 20:00:00,1,0
RCT000001370,RC0021,U0011039,in_app,2026-04-20 12:00:00,1,0
RCT000001371,RC0003,U0002804,push,2026-02-14 10:00:00,1,0
RCT000001372,RC0016,U0000613,in_app,2026-02-26 11:00:00,1,0
RCT000001373,RC0018,U0003383,push,2026-02-13 12:00:00,1,0
RCT000001374,RC0008,U0001684,push,2026-06-23 13:00:00,1,1
RCT000001375,RC0005,U0011052,push,2026-08-02 19:00:00,1,0
RCT000001376,RC0016,U0011798,in_app,2026-02-24 10:00:00,1,0
RCT000001377,RC0012,U0007986,push,2026-03-01 18:00:00,1,0
RCT000001378,RC0007,U0007828,push,2026-06-29 21:00:00,1,0
RCT000001379,RC0001,U0010746,push,2026-07-29 18:00:00,1,1
RCT000001380,RC0010,U0008300,push,2026-03-15 15:00:00,1,0
RCT000001381,RC0012,U0010302,push,2026-03-02 12:00:00,1,0
RCT000001382,RC0022,U0001088,in_app,2026-05-27 12:00:00,1,0
RCT000001383,RC0018,U0007348,push,2026-02-09 13:00:00,1,1
RCT000001384,RC0004,U0008656,in_app,2026-01-31 17:00:00,1,0
RCT000001385,RC0024,U0002417,push,2026-06-10 17:00:00,1,0
RCT000001386,RC0016,U0005781,in_app,2026-02-20 09:00:00,1,0
RCT000001387,RC0008,U0000615,push,2026-06-21 08:00:00,1,0
RCT000001388,RC0011,U0003213,sms,2026-07-14 12:00:00,1,0
RCT000001389,RC0009,U0004414,sms,2026-05-10 09:00:00,0,0
RCT000001390,RC0004,U0010989,in_app,2026-02-03 15:00:00,1,0
RCT000001391,RC0018,U0004829,push,2026-02-12 12:00:00,1,0
RCT000001392,RC0003,U0001409,push,2026-02-12 14:00:00,1,0
RCT000001393,RC0010,U0008339,push,2026-03-18 16:00:00,1,0
RCT000001394,RC0008,U0005170,push,2026-06-22 17:00:00,1,0
RCT000001395,RC0004,U0011921,in_app,2026-02-02 10:00:00,1,0
RCT000001396,RC0001,U0003767,push,2026-07-29 20:00:00,1,1
RCT000001397,RC0021,U0008240,in_app,2026-04-20 13:00:00,1,0
RCT000001398,RC0015,U0010964,push,2026-04-25 19:00:00,1,0
RCT000001399,RC0019,U0001674,sms,2026-07-01 12:00:00,1,0
RCT000001400,RC0023,U0003940,sms,2026-05-28 11:00:00,1,0
RCT000001401,RC0018,U0004638,push,2026-02-09 17:00:00,1,0
RCT000001402,RC0009,U0005886,sms,2026-05-07 19:00:00,1,0
RCT000001403,RC0021,U0007496,in_app,2026-04-18 18:00:00,0,0
RCT000001404,RC0021,U0007420,in_app,2026-04-18 08:00:00,1,0
RCT000001405,RC0010,U0000963,push,2026-03-12 09:00:00,1,1
RCT000001406,RC0018,U0010382,push,2026-02-12 13:00:00,1,0
RCT000001407,RC0004,U0005979,in_app,2026-02-05 13:00:00,1,0
RCT000001408,RC0014,U0007168,push,2026-03-24 11:00:00,1,0
RCT000001409,RC0016,U0008290,in_app,2026-02-21 13:00:00,0,0
RCT000001410,RC0004,U0001978,in_app,2026-02-05 14:00:00,1,0
RCT000001411,RC0022,U0011618,in_app,2026-05-26 15:00:00,1,0
RCT000001412,RC0016,U0010272,in_app,2026-02-26 15:00:00,1,0
RCT000001413,RC0011,U0004406,sms,2026-07-10 15:00:00,1,0
RCT000001414,RC0015,U0004489,push,2026-04-22 17:00:00,1,0
RCT000001415,RC0024,U0003963,push,2026-06-06 13:00:00,1,0
RCT000001416,RC0010,U0000056,push,2026-03-13 14:00:00,1,0
RCT000001417,RC0020,U0002968,push,2026-05-30 20:00:00,1,0
RCT000001418,RC0018,U0004994,push,2026-02-08 17:00:00,1,0
RCT000001419,RC0021,U0003664,in_app,2026-04-17 18:00:00,1,0
RCT000001420,RC0009,U0004173,sms,2026-05-09 13:00:00,1,0
RCT000001421,RC0018,U0001984,push,2026-02-10 20:00:00,1,0
RCT000001422,RC0001,U0001083,push,2026-08-01 12:00:00,1,1
RCT000001423,RC0007,U0002676,push,2026-06-28 16:00:00,0,0
RCT000001424,RC0004,U0006671,in_app,2026-02-05 17:00:00,1,0
RCT000001425,RC0024,U0006449,push,2026-06-08 21:00:00,1,0
RCT000001426,RC0019,U0009548,sms,2026-06-30 15:00:00,1,0
RCT000001427,RC0019,U0007736,sms,2026-06-29 13:00:00,1,0
RCT000001428,RC0002,U0009335,push,2026-06-15 11:00:00,1,0
RCT000001429,RC0012,U0000203,push,2026-03-01 11:00:00,1,0
RCT000001430,RC0021,U0005541,in_app,2026-04-20 17:00:00,1,0
RCT000001431,RC0019,U0001952,sms,2026-06-28 09:00:00,1,0
RCT000001432,RC0022,U0001699,in_app,2026-05-26 09:00:00,1,0
RCT000001433,RC0007,U0006139,push,2026-06-23 12:00:00,1,0
RCT000001434,RC0015,U0008602,push,2026-04-25 19:00:00,1,0
RCT000001435,RC0009,U0007682,sms,2026-05-06 15:00:00,1,0
RCT000001436,RC0019,U0006384,sms,2026-06-26 16:00:00,1,0
RCT000001437,RC0011,U0008602,sms,2026-07-16 20:00:00,1,0
RCT000001438,RC0022,U0005953,in_app,2026-05-24 20:00:00,1,0
RCT000001439,RC0007,U0009399,push,2026-06-26 19:00:00,1,0
RCT000001440,RC0023,U0007514,sms,2026-05-31 15:00:00,1,0
RCT000001441,RC0015,U0009594,push,2026-04-26 11:00:00,1,0
RCT000001442,RC0015,U0003222,push,2026-04-23 21:00:00,1,0
RCT000001443,RC0002,U0008835,push,2026-06-14 14:00:00,1,0
RCT000001444,RC0006,U0008924,in_app,2026-02-21 15:00:00,1,0
RCT000001445,RC0009,U0008046,sms,2026-05-09 12:00:00,1,1
RCT000001446,RC0013,U0009424,push,2026-02-17 12:00:00,1,1
RCT000001447,RC0021,U0004848,in_app,2026-04-14 21:00:00,1,0
RCT000001448,RC0022,U0011203,in_app,2026-05-23 14:00:00,1,0
RCT000001449,RC0012,U0011639,push,2026-03-04 18:00:00,1,0
RCT000001450,RC0024,U0006545,push,2026-06-10 21:00:00,1,0
RCT000001451,RC0013,U0005706,push,2026-02-19 15:00:00,1,1
RCT000001452,RC0022,U0003207,in_app,2026-05-26 09:00:00,1,0
RCT000001453,RC0006,U0004965,in_app,2026-02-18 17:00:00,1,1
RCT000001454,RC0021,U0003992,in_app,2026-04-15 08:00:00,1,0
RCT000001455,RC0008,U0010592,push,2026-06-25 11:00:00,0,0
RCT000001456,RC0013,U0010526,push,2026-02-18 18:00:00,1,0
RCT000001457,RC0002,U0009065,push,2026-06-15 17:00:00,1,0
RCT000001458,RC0019,U0003300,sms,2026-07-01 12:00:00,1,0
RCT000001459,RC0007,U0008571,push,2026-06-26 17:00:00,1,0
RCT000001460,RC0012,U0009414,push,2026-03-01 17:00:00,1,0
RCT000001461,RC0016,U0009183,in_app,2026-02-21 20:00:00,1,0
RCT000001462,RC0024,U0007383,push,2026-06-04 14:00:00,1,0
RCT000001463,RC0013,U0001138,push,2026-02-19 13:00:00,1,0
RCT000001464,RC0014,U0009114,push,2026-03-26 09:00:00,1,0
RCT000001465,RC0022,U0003653,in_app,2026-05-26 10:00:00,1,0
RCT000001466,RC0020,U0008492,push,2026-05-24 08:00:00,1,0
RCT000001467,RC0001,U0011259,push,2026-07-26 10:00:00,1,0
RCT000001468,RC0019,U0007386,sms,2026-07-01 14:00:00,1,0
RCT000001469,RC0007,U0010826,push,2026-06-29 18:00:00,1,0
RCT000001470,RC0016,U0006475,in_app,2026-02-25 17:00:00,1,0
RCT000001471,RC0004,U0006507,in_app,2026-02-03 13:00:00,1,0
RCT000001472,RC0014,U0002423,push,2026-03-25 08:00:00,1,0
RCT000001473,RC0022,U0000069,in_app,2026-05-25 19:00:00,1,0
RCT000001474,RC0007,U0004043,push,2026-06-24 08:00:00,1,0
RCT000001475,RC0009,U0006849,sms,2026-05-07 13:00:00,1,0
RCT000001476,RC0003,U0005996,push,2026-02-14 16:00:00,0,0
RCT000001477,RC0009,U0007289,sms,2026-05-11 13:00:00,1,1
RCT000001478,RC0015,U0010229,push,2026-04-27 11:00:00,1,0
RCT000001479,RC0024,U0011170,push,2026-06-09 12:00:00,1,1
RCT000001480,RC0021,U0000213,in_app,2026-04-18 15:00:00,1,0
RCT000001481,RC0020,U0004817,push,2026-05-25 18:00:00,1,0
RCT000001482,RC0018,U0000523,push,2026-02-09 09:00:00,1,0
RCT000001483,RC0001,U0002441,push,2026-07-26 15:00:00,1,0
RCT000001484,RC0004,U0001456,in_app,2026-02-02 17:00:00,1,0
RCT000001485,RC0003,U0010992,push,2026-02-14 10:00:00,1,1
RCT000001486,RC0008,U0003748,push,2026-06-25 19:00:00,1,1
RCT000001487,RC0015,U0009809,push,2026-04-22 08:00:00,1,0
RCT000001488,RC0020,U0002636,push,2026-05-29 10:00:00,1,0
RCT000001489,RC0009,U0006404,sms,2026-05-12 14:00:00,1,0
RCT000001490,RC0016,U0002709,in_app,2026-02-20 21:00:00,1,0
RCT000001491,RC0001,U0002955,push,2026-07-27 16:00:00,1,0
RCT000001492,RC0023,U0009722,sms,2026-05-27 09:00:00,1,0
RCT000001493,RC0013,U0006845,push,2026-02-15 13:00:00,1,0
RCT000001494,RC0018,U0006484,push,2026-02-08 16:00:00,1,0
RCT000001495,RC0024,U0005504,push,2026-06-05 12:00:00,1,0
RCT000001496,RC0023,U0006829,sms,2026-06-02 08:00:00,1,0
RCT000001497,RC0018,U0003057,push,2026-02-10 12:00:00,1,1
RCT000001498,RC0012,U0005078,push,2026-02-28 11:00:00,1,0
RCT000001499,RC0012,U0010760,push,2026-03-02 15:00:00,0,0
RCT000001500,RC0006,U0002079,in_app,2026-02-18 17:00:00,1,0
RCT000001501,RC0006,U0007872,in_app,2026-02-21 18:00:00,1,0
RCT000001502,RC0008,U0001781,push,2026-06-21 20:00:00,1,0
RCT000001503,RC0003,U0005765,push,2026-02-14 12:00:00,1,0
RCT000001504,RC0017,U0000062,sms,2026-04-09 16:00:00,1,0
RCT000001505,RC0007,U0002873,push,2026-06-29 18:00:00,1,0
RCT000001506,RC0022,U0005496,in_app,2026-05-21 12:00:00,0,0
RCT000001507,RC0014,U0008669,push,2026-03-26 09:00:00,1,0
RCT000001508,RC0021,U0011117,in_app,2026-04-16 12:00:00,0,0
RCT000001509,RC0014,U0003761,push,2026-03-27 15:00:00,1,0
RCT000001510,RC0011,U0007062,sms,2026-07-12 09:00:00,1,0
RCT000001511,RC0008,U0002812,push,2026-06-24 20:00:00,1,0
RCT000001512,RC0011,U0011754,sms,2026-07-15 09:00:00,1,0
RCT000001513,RC0002,U0000668,push,2026-06-15 12:00:00,1,0
RCT000001514,RC0020,U0010837,push,2026-05-26 15:00:00,1,1
RCT000001515,RC0018,U0000314,push,2026-02-10 14:00:00,1,0
RCT000001516,RC0006,U0006410,in_app,2026-02-19 14:00:00,1,0
RCT000001517,RC0015,U0010210,push,2026-04-24 18:00:00,1,1
RCT000001518,RC0019,U0010983,sms,2026-06-30 16:00:00,1,0
RCT000001519,RC0021,U0000411,in_app,2026-04-19 16:00:00,1,1
RCT000001520,RC0003,U0011268,push,2026-02-16 17:00:00,1,0
RCT000001521,RC0024,U0008405,push,2026-06-07 14:00:00,1,0
RCT000001522,RC0002,U0002487,push,2026-06-18 08:00:00,1,0
RCT000001523,RC0002,U0005234,push,2026-06-14 14:00:00,1,1
RCT000001524,RC0023,U0008702,sms,2026-05-27 14:00:00,1,0
RCT000001525,RC0023,U0010994,sms,2026-06-01 20:00:00,1,0
RCT000001526,RC0009,U0000843,sms,2026-05-12 20:00:00,1,0
RCT000001527,RC0006,U0011762,in_app,2026-02-20 21:00:00,1,0
RCT000001528,RC0015,U0006467,push,2026-04-23 16:00:00,1,0
RCT000001529,RC0013,U0011292,push,2026-02-15 19:00:00,1,0
RCT000001530,RC0008,U0002671,push,2026-06-23 12:00:00,1,0
RCT000001531,RC0004,U0001107,in_app,2026-02-04 21:00:00,1,1
RCT000001532,RC0006,U0007679,in_app,2026-02-17 10:00:00,1,1
RCT000001533,RC0012,U0005315,push,2026-03-04 17:00:00,1,0
RCT000001534,RC0019,U0010453,sms,2026-06-26 16:00:00,1,0
RCT000001535,RC0012,U0011831,push,2026-03-01 11:00:00,1,0
RCT000001536,RC0002,U0002026,push,2026-06-15 20:00:00,1,0
RCT000001537,RC0006,U0011167,in_app,2026-02-15 20:00:00,1,0
RCT000001538,RC0011,U0011763,sms,2026-07-16 08:00:00,1,0
RCT000001539,RC0012,U0005441,push,2026-02-28 20:00:00,1,0
RCT000001540,RC0006,U0010990,in_app,2026-02-17 17:00:00,1,0
RCT000001541,RC0024,U0006273,push,2026-06-05 14:00:00,1,0
RCT000001542,RC0024,U0006257,push,2026-06-09 14:00:00,0,0
RCT000001543,RC0016,U0003564,in_app,2026-02-23 19:00:00,1,0
RCT000001544,RC0018,U0009521,push,2026-02-13 21:00:00,1,0
RCT000001545,RC0019,U0005766,sms,2026-06-28 20:00:00,1,0
RCT000001546,RC0011,U0006377,sms,2026-07-11 20:00:00,1,0
RCT000001547,RC0013,U0010831,push,2026-02-14 15:00:00,1,0
RCT000001548,RC0019,U0007948,sms,2026-06-26 12:00:00,1,0
RCT000001549,RC0018,U0006343,push,2026-02-13 21:00:00,1,0
RCT000001550,RC0003,U0011161,push,2026-02-15 10:00:00,1,0
RCT000001551,RC0021,U0002291,in_app,2026-04-18 08:00:00,1,0
RCT000001552,RC0016,U0007958,in_app,2026-02-25 13:00:00,1,1
RCT000001553,RC0013,U0003232,push,2026-02-16 20:00:00,1,0
RCT000001554,RC0011,U0005367,sms,2026-07-13 14:00:00,1,0
RCT000001555,RC0005,U0011885,push,2026-08-01 21:00:00,1,0
RCT000001556,RC0008,U0005820,push,2026-06-25 19:00:00,1,0
RCT000001557,RC0013,U0009050,push,2026-02-19 11:00:00,1,1
RCT000001558,RC0006,U0002095,in_app,2026-02-16 12:00:00,1,1
RCT000001559,RC0014,U0002300,push,2026-03-27 08:00:00,1,1
RCT000001560,RC0023,U0000549,sms,2026-06-02 11:00:00,1,0
RCT000001561,RC0022,U0004234,in_app,2026-05-25 21:00:00,1,0
RCT000001562,RC0004,U0003135,in_app,2026-02-01 19:00:00,1,0
RCT000001563,RC0015,U0010416,push,2026-04-23 19:00:00,1,0
RCT000001564,RC0021,U0004830,in_app,2026-04-19 17:00:00,1,0
RCT000001565,RC0012,U0009897,push,2026-03-04 21:00:00,1,1
RCT000001566,RC0004,U0005873,in_app,2026-02-06 21:00:00,1,1
RCT000001567,RC0020,U0006884,push,2026-05-28 14:00:00,1,0
RCT000001568,RC0014,U0010973,push,2026-03-27 17:00:00,1,0
RCT000001569,RC0010,U0001766,push,2026-03-13 15:00:00,1,0
RCT000001570,RC0018,U0003527,push,2026-02-11 15:00:00,1,0
RCT000001571,RC0007,U0004038,push,2026-06-29 12:00:00,1,0
RCT000001572,RC0016,U0005373,in_app,2026-02-23 11:00:00,1,0
RCT000001573,RC0012,U0000768,push,2026-02-27 19:00:00,1,0
RCT000001574,RC0021,U0006457,in_app,2026-04-15 12:00:00,0,0
RCT000001575,RC0015,U0006893,push,2026-04-27 13:00:00,1,0
RCT000001576,RC0014,U0004130,push,2026-03-22 19:00:00,1,0
RCT000001577,RC0011,U0000564,sms,2026-07-16 17:00:00,1,0
RCT000001578,RC0013,U0001678,push,2026-02-18 10:00:00,1,0
RCT000001579,RC0019,U0000939,sms,2026-06-28 18:00:00,1,0
RCT000001580,RC0024,U0003359,push,2026-06-09 17:00:00,1,0
RCT000001581,RC0024,U0004691,push,2026-06-09 08:00:00,1,1
RCT000001582,RC0020,U0007065,push,2026-05-30 10:00:00,1,0
RCT000001583,RC0007,U0007324,push,2026-06-28 15:00:00,1,0
RCT000001584,RC0005,U0010474,push,2026-07-31 11:00:00,1,1
RCT000001585,RC0023,U0004672,sms,2026-06-01 20:00:00,1,0
RCT000001586,RC0018,U0004484,push,2026-02-10 13:00:00,1,0
RCT000001587,RC0008,U0001243,push,2026-06-21 15:00:00,1,0
RCT000001588,RC0014,U0000998,push,2026-03-21 12:00:00,1,0
RCT000001589,RC0006,U0004866,in_app,2026-02-21 18:00:00,1,0
RCT000001590,RC0022,U0005571,in_app,2026-05-27 19:00:00,1,0
RCT000001591,RC0010,U0011637,push,2026-03-17 19:00:00,1,0
RCT000001592,RC0012,U0007132,push,2026-03-05 11:00:00,1,0
RCT000001593,RC0009,U0000851,sms,2026-05-08 19:00:00,1,0
RCT000001594,RC0013,U0004505,push,2026-02-19 10:00:00,1,0
RCT000001595,RC0023,U0005167,sms,2026-05-27 11:00:00,1,0
RCT000001596,RC0006,U0006251,in_app,2026-02-15 13:00:00,1,0
RCT000001597,RC0011,U0010788,sms,2026-07-16 15:00:00,1,0
RCT000001598,RC0007,U0001261,push,2026-06-24 18:00:00,0,0
RCT000001599,RC0008,U0006645,push,2026-06-23 15:00:00,1,0
RCT000001600,RC0001,U0011206,push,2026-07-27 11:00:00,1,1
RCT000001601,RC0024,U0004392,push,2026-06-06 12:00:00,1,0
RCT000001602,RC0018,U0006028,push,2026-02-10 20:00:00,1,1
RCT000001603,RC0010,U0001368,push,2026-03-18 15:00:00,1,0
RCT000001604,RC0010,U0002903,push,2026-03-16 16:00:00,1,0
RCT000001605,RC0006,U0003561,in_app,2026-02-16 14:00:00,1,0
RCT000001606,RC0024,U0002579,push,2026-06-10 16:00:00,1,0
RCT000001607,RC0012,U0001760,push,2026-03-02 19:00:00,1,1
RCT000001608,RC0020,U0005526,push,2026-05-28 16:00:00,1,1
RCT000001609,RC0008,U0008248,push,2026-06-21 19:00:00,1,1
RCT000001610,RC0023,U0005753,sms,2026-05-30 11:00:00,1,0
RCT000001611,RC0001,U0008450,push,2026-07-27 14:00:00,1,0
RCT000001612,RC0023,U0003843,sms,2026-05-28 19:00:00,0,0
RCT000001613,RC0018,U0008294,push,2026-02-12 08:00:00,1,1
RCT000001614,RC0002,U0010878,push,2026-06-19 17:00:00,1,0
RCT000001615,RC0007,U0004820,push,2026-06-28 21:00:00,1,0
RCT000001616,RC0006,U0011167,in_app,2026-02-17 08:00:00,1,1
RCT000001617,RC0008,U0000567,push,2026-06-21 19:00:00,1,1
RCT000001618,RC0021,U0004639,in_app,2026-04-16 14:00:00,1,0
RCT000001619,RC0006,U0003455,in_app,2026-02-18 08:00:00,1,1
RCT000001620,RC0020,U0007375,push,2026-05-28 11:00:00,1,0
RCT000001621,RC0023,U0002274,sms,2026-05-31 15:00:00,1,0
RCT000001622,RC0001,U0011091,push,2026-07-30 18:00:00,1,0
RCT000001623,RC0016,U0003269,in_app,2026-02-23 17:00:00,1,0
RCT000001624,RC0020,U0008308,push,2026-05-29 15:00:00,1,0
RCT000001625,RC0023,U0009017,sms,2026-06-02 21:00:00,0,0
RCT000001626,RC0013,U0000341,push,2026-02-20 10:00:00,1,1
RCT000001627,RC0024,U0007132,push,2026-06-10 17:00:00,1,1
RCT000001628,RC0006,U0001517,in_app,2026-02-19 10:00:00,1,0
RCT000001629,RC0019,U0011055,sms,2026-06-30 21:00:00,1,0
RCT000001630,RC0001,U0010917,push,2026-07-29 21:00:00,1,0
RCT000001631,RC0007,U0001937,push,2026-06-27 18:00:00,1,0
RCT000001632,RC0011,U0006512,sms,2026-07-15 20:00:00,1,0
RCT000001633,RC0011,U0002683,sms,2026-07-12 19:00:00,1,0
RCT000001634,RC0014,U0003063,push,2026-03-23 09:00:00,1,0
RCT000001635,RC0023,U0010018,sms,2026-05-30 17:00:00,1,0
RCT000001636,RC0022,U0000167,in_app,2026-05-27 21:00:00,1,0
RCT000001637,RC0023,U0008643,sms,2026-05-31 19:00:00,1,0
RCT000001638,RC0004,U0003256,in_app,2026-02-06 09:00:00,1,0
RCT000001639,RC0003,U0011943,push,2026-02-12 13:00:00,1,0
RCT000001640,RC0017,U0005364,sms,2026-04-09 19:00:00,1,0
RCT000001641,RC0024,U0010012,push,2026-06-10 13:00:00,1,0
RCT000001642,RC0022,U0004654,in_app,2026-05-22 21:00:00,1,0
RCT000001643,RC0002,U0006319,push,2026-06-16 15:00:00,0,0
RCT000001644,RC0022,U0010336,in_app,2026-05-21 11:00:00,1,0
RCT000001645,RC0019,U0004125,sms,2026-06-25 17:00:00,1,0
RCT000001646,RC0021,U0000555,in_app,2026-04-17 09:00:00,1,0
RCT000001647,RC0003,U0007290,push,2026-02-15 12:00:00,1,0
RCT000001648,RC0017,U0009963,sms,2026-04-14 11:00:00,1,0
RCT000001649,RC0016,U0011801,in_app,2026-02-25 11:00:00,1,0
RCT000001650,RC0016,U0006560,in_app,2026-02-21 20:00:00,0,0
RCT000001651,RC0012,U0008634,push,2026-03-01 15:00:00,1,0
RCT000001652,RC0016,U0002212,in_app,2026-02-23 10:00:00,1,0
RCT000001653,RC0013,U0008338,push,2026-02-18 17:00:00,1,0
RCT000001654,RC0012,U0004112,push,2026-03-01 19:00:00,1,0
RCT000001655,RC0015,U0005419,push,2026-04-22 14:00:00,1,0
RCT000001656,RC0014,U0007760,push,2026-03-25 21:00:00,1,1
RCT000001657,RC0004,U0001680,in_app,2026-01-31 19:00:00,1,1
RCT000001658,RC0011,U0006934,sms,2026-07-10 19:00:00,1,0
RCT000001659,RC0024,U0008853,push,2026-06-09 15:00:00,1,0
RCT000001660,RC0015,U0010383,push,2026-04-26 11:00:00,1,0
RCT000001661,RC0013,U0007647,push,2026-02-15 11:00:00,1,0
RCT000001662,RC0015,U0001520,push,2026-04-21 20:00:00,1,0
RCT000001663,RC0008,U0011844,push,2026-06-25 21:00:00,0,0
RCT000001664,RC0020,U0001152,push,2026-05-24 09:00:00,1,0
RCT000001665,RC0001,U0005199,push,2026-07-31 14:00:00,1,1
RCT000001666,RC0020,U0010265,push,2026-05-25 18:00:00,1,1
RCT000001667,RC0006,U0005845,in_app,2026-02-17 16:00:00,1,0
RCT000001668,RC0015,U0000244,push,2026-04-25 10:00:00,1,0
RCT000001669,RC0006,U0003415,in_app,2026-02-16 21:00:00,1,0
RCT000001670,RC0017,U0010874,sms,2026-04-14 12:00:00,1,0
RCT000001671,RC0021,U0002398,in_app,2026-04-18 14:00:00,1,0
RCT000001672,RC0018,U0009090,push,2026-02-10 19:00:00,1,1
RCT000001673,RC0023,U0005307,sms,2026-06-02 20:00:00,1,0
RCT000001674,RC0017,U0000434,sms,2026-04-13 13:00:00,1,0
RCT000001675,RC0019,U0008813,sms,2026-06-25 12:00:00,1,0
RCT000001676,RC0006,U0001012,in_app,2026-02-19 17:00:00,1,0
RCT000001677,RC0012,U0000787,push,2026-03-01 09:00:00,1,0
RCT000001678,RC0003,U0007196,push,2026-02-13 09:00:00,1,0
RCT000001679,RC0016,U0009502,in_app,2026-02-23 14:00:00,1,0
RCT000001680,RC0006,U0001106,in_app,2026-02-20 16:00:00,1,0
RCT000001681,RC0008,U0008518,push,2026-06-24 10:00:00,1,0
RCT000001682,RC0006,U0011726,in_app,2026-02-20 08:00:00,1,0
RCT000001683,RC0020,U0000778,push,2026-05-28 15:00:00,1,1
RCT000001684,RC0011,U0002791,sms,2026-07-14 09:00:00,1,0
RCT000001685,RC0016,U0002535,in_app,2026-02-21 17:00:00,1,0
RCT000001686,RC0004,U0003100,in_app,2026-02-01 12:00:00,0,0
RCT000001687,RC0007,U0009401,push,2026-06-29 16:00:00,1,0
RCT000001688,RC0011,U0001731,sms,2026-07-10 09:00:00,1,0
RCT000001689,RC0002,U0011731,push,2026-06-18 13:00:00,1,0
RCT000001690,RC0006,U0004196,in_app,2026-02-19 13:00:00,1,0
RCT000001691,RC0007,U0006299,push,2026-06-27 18:00:00,1,0
RCT000001692,RC0013,U0010777,push,2026-02-14 19:00:00,1,0
RCT000001693,RC0015,U0007701,push,2026-04-23 17:00:00,1,1
RCT000001694,RC0001,U0007609,push,2026-07-27 18:00:00,1,0
RCT000001695,RC0009,U0002525,sms,2026-05-11 20:00:00,1,0
RCT000001696,RC0023,U0006460,sms,2026-05-28 08:00:00,1,0
RCT000001697,RC0016,U0001901,in_app,2026-02-25 09:00:00,1,0
RCT000001698,RC0012,U0003866,push,2026-03-03 13:00:00,1,0
RCT000001699,RC0018,U0001361,push,2026-02-09 09:00:00,1,0
RCT000001700,RC0001,U0005332,push,2026-07-30 13:00:00,1,0
RCT000001701,RC0022,U0008954,in_app,2026-05-27 15:00:00,1,1
RCT000001702,RC0023,U0002369,sms,2026-05-29 10:00:00,1,0
RCT000001703,RC0001,U0004918,push,2026-07-27 16:00:00,1,0
RCT000001704,RC0012,U0006779,push,2026-03-03 16:00:00,1,0
RCT000001705,RC0019,U0010086,sms,2026-07-01 12:00:00,1,0
RCT000001706,RC0001,U0007400,push,2026-07-26 20:00:00,1,0
RCT000001707,RC0015,U0005273,push,2026-04-24 21:00:00,1,0
RCT000001708,RC0010,U0005981,push,2026-03-15 11:00:00,1,0
RCT000001709,RC0016,U0005044,in_app,2026-02-25 08:00:00,1,0
RCT000001710,RC0019,U0009237,sms,2026-07-01 21:00:00,1,0
RCT000001711,RC0019,U0002578,sms,2026-06-28 13:00:00,1,0
RCT000001712,RC0015,U0000238,push,2026-04-27 14:00:00,1,0
RCT000001713,RC0013,U0000298,push,2026-02-18 19:00:00,1,0
RCT000001714,RC0017,U0000274,sms,2026-04-10 15:00:00,1,0
RCT000001715,RC0006,U0007492,in_app,2026-02-15 12:00:00,1,0
RCT000001716,RC0007,U0009341,push,2026-06-27 13:00:00,1,0
RCT000001717,RC0019,U0004005,sms,2026-06-27 12:00:00,1,0
RCT000001718,RC0003,U0008416,push,2026-02-15 12:00:00,1,0
RCT000001719,RC0023,U0006845,sms,2026-05-31 10:00:00,1,0
RCT000001720,RC0017,U0005069,sms,2026-04-10 10:00:00,1,0
RCT000001721,RC0007,U0005595,push,2026-06-29 12:00:00,0,0
RCT000001722,RC0018,U0004905,push,2026-02-09 18:00:00,1,1
RCT000001723,RC0019,U0008369,sms,2026-06-30 20:00:00,0,0
RCT000001724,RC0017,U0007508,sms,2026-04-11 12:00:00,1,0
RCT000001725,RC0002,U0011406,push,2026-06-13 10:00:00,1,0
RCT000001726,RC0004,U0008771,in_app,2026-02-02 12:00:00,1,0
RCT000001727,RC0007,U0004035,push,2026-06-27 14:00:00,1,1
RCT000001728,RC0013,U0007647,push,2026-02-15 21:00:00,1,0
RCT000001729,RC0007,U0010594,push,2026-06-26 21:00:00,1,0
RCT000001730,RC0013,U0011496,push,2026-02-18 15:00:00,1,0
RCT000001731,RC0011,U0003748,sms,2026-07-11 17:00:00,1,0
RCT000001732,RC0018,U0008561,push,2026-02-10 12:00:00,1,0
RCT000001733,RC0009,U0011460,sms,2026-05-11 17:00:00,1,0
RCT000001734,RC0003,U0010289,push,2026-02-13 16:00:00,1,0
RCT000001735,RC0003,U0003581,push,2026-02-10 17:00:00,1,0
RCT000001736,RC0019,U0005609,sms,2026-06-27 17:00:00,1,0
RCT000001737,RC0022,U0000842,in_app,2026-05-21 16:00:00,1,0
RCT000001738,RC0022,U0000398,in_app,2026-05-21 10:00:00,1,0
RCT000001739,RC0017,U0009646,sms,2026-04-09 14:00:00,1,0
RCT000001740,RC0008,U0005455,push,2026-06-25 15:00:00,1,0
RCT000001741,RC0007,U0006151,push,2026-06-28 20:00:00,1,0
RCT000001742,RC0001,U0001290,push,2026-07-27 16:00:00,1,1
RCT000001743,RC0012,U0002998,push,2026-02-27 12:00:00,1,0
RCT000001744,RC0006,U0002081,in_app,2026-02-18 17:00:00,1,1
RCT000001745,RC0011,U0002537,sms,2026-07-14 16:00:00,1,0
RCT000001746,RC0001,U0006354,push,2026-07-28 21:00:00,1,0
RCT000001747,RC0010,U0009170,push,2026-03-14 17:00:00,1,1
RCT000001748,RC0005,U0008292,push,2026-08-02 08:00:00,1,1
RCT000001749,RC0022,U0006897,in_app,2026-05-24 20:00:00,0,0
RCT000001750,RC0005,U0002008,push,2026-08-03 18:00:00,1,0
RCT000001751,RC0017,U0000678,sms,2026-04-10 09:00:00,1,0
RCT000001752,RC0023,U0008567,sms,2026-06-01 16:00:00,1,0
RCT000001753,RC0015,U0008989,push,2026-04-24 14:00:00,1,0
RCT000001754,RC0013,U0008830,push,2026-02-15 08:00:00,1,1
RCT000001755,RC0009,U0008149,sms,2026-05-08 19:00:00,1,0
RCT000001756,RC0010,U0000628,push,2026-03-13 17:00:00,1,0
RCT000001757,RC0012,U0000158,push,2026-02-28 10:00:00,1,0
RCT000001758,RC0013,U0007406,push,2026-02-19 13:00:00,1,0
RCT000001759,RC0009,U0005731,sms,2026-05-09 20:00:00,1,0
RCT000001760,RC0001,U0005775,push,2026-07-28 12:00:00,1,0
RCT000001761,RC0020,U0011303,push,2026-05-29 09:00:00,0,0
RCT000001762,RC0022,U0005346,in_app,2026-05-26 10:00:00,1,0
RCT000001763,RC0001,U0008440,push,2026-07-30 15:00:00,1,0
RCT000001764,RC0008,U0009259,push,2026-06-21 08:00:00,1,0
RCT000001765,RC0013,U0007734,push,2026-02-16 14:00:00,1,0
RCT000001766,RC0024,U0006387,push,2026-06-04 18:00:00,1,0
RCT000001767,RC0012,U0007662,push,2026-03-03 08:00:00,1,1
RCT000001768,RC0024,U0002607,push,2026-06-08 09:00:00,1,1
RCT000001769,RC0009,U0003159,sms,2026-05-10 16:00:00,1,0
RCT000001770,RC0014,U0008571,push,2026-03-27 15:00:00,1,0
RCT000001771,RC0019,U0004861,sms,2026-06-27 17:00:00,0,0
RCT000001772,RC0012,U0007460,push,2026-03-02 08:00:00,1,0
RCT000001773,RC0016,U0009785,in_app,2026-02-24 10:00:00,1,0
RCT000001774,RC0001,U0011146,push,2026-08-01 17:00:00,1,0
RCT000001775,RC0005,U0002248,push,2026-08-03 12:00:00,1,0
RCT000001776,RC0017,U0007920,sms,2026-04-12 19:00:00,1,0
RCT000001777,RC0015,U0004770,push,2026-04-27 14:00:00,1,0
RCT000001778,RC0018,U0006149,push,2026-02-14 13:00:00,1,0
RCT000001779,RC0018,U0003534,push,2026-02-11 17:00:00,1,0
RCT000001780,RC0005,U0003417,push,2026-08-03 08:00:00,1,0
RCT000001781,RC0012,U0007388,push,2026-03-01 10:00:00,1,0
RCT000001782,RC0004,U0011146,in_app,2026-02-03 12:00:00,0,0
RCT000001783,RC0009,U0011767,sms,2026-05-11 21:00:00,1,0
RCT000001784,RC0019,U0000701,sms,2026-06-30 20:00:00,1,0
RCT000001785,RC0018,U0004795,push,2026-02-09 13:00:00,1,0
RCT000001786,RC0009,U0004620,sms,2026-05-09 18:00:00,1,0
RCT000001787,RC0016,U0006079,in_app,2026-02-22 10:00:00,1,0
RCT000001788,RC0002,U0008267,push,2026-06-14 19:00:00,1,1
RCT000001789,RC0013,U0008409,push,2026-02-17 15:00:00,1,0
RCT000001790,RC0015,U0000237,push,2026-04-25 12:00:00,1,0
RCT000001791,RC0018,U0006295,push,2026-02-10 09:00:00,1,0
RCT000001792,RC0008,U0003387,push,2026-06-24 21:00:00,1,0
RCT000001793,RC0002,U0005223,push,2026-06-18 10:00:00,1,0
RCT000001794,RC0009,U0004076,sms,2026-05-11 19:00:00,1,0
RCT000001795,RC0014,U0011634,push,2026-03-25 19:00:00,1,0
RCT000001796,RC0015,U0011325,push,2026-04-27 18:00:00,0,0
RCT000001797,RC0014,U0001706,push,2026-03-22 14:00:00,1,0
RCT000001798,RC0014,U0006460,push,2026-03-24 17:00:00,1,0
RCT000001799,RC0001,U0001866,push,2026-07-27 11:00:00,1,1
RCT000001800,RC0022,U0004649,in_app,2026-05-21 11:00:00,1,0
RCT000001801,RC0004,U0004519,in_app,2026-02-05 10:00:00,1,0
RCT000001802,RC0024,U0000613,push,2026-06-09 16:00:00,1,0
RCT000001803,RC0018,U0005202,push,2026-02-10 20:00:00,1,1
RCT000001804,RC0009,U0009687,sms,2026-05-10 12:00:00,1,0
RCT000001805,RC0006,U0003017,in_app,2026-02-21 17:00:00,1,0
RCT000001806,RC0023,U0010149,sms,2026-06-02 09:00:00,1,0
RCT000001807,RC0006,U0005238,in_app,2026-02-20 16:00:00,1,0
RCT000001808,RC0014,U0000735,push,2026-03-22 15:00:00,1,0
RCT000001809,RC0001,U0007210,push,2026-07-30 20:00:00,1,0
RCT000001810,RC0011,U0000941,sms,2026-07-11 20:00:00,0,0
RCT000001811,RC0002,U0006555,push,2026-06-18 18:00:00,1,0
RCT000001812,RC0010,U0009692,push,2026-03-14 09:00:00,1,1
RCT000001813,RC0002,U0007231,push,2026-06-18 16:00:00,1,0
RCT000001814,RC0015,U0011520,push,2026-04-24 14:00:00,1,1
RCT000001815,RC0021,U0003593,in_app,2026-04-15 19:00:00,1,0
RCT000001816,RC0001,U0010019,push,2026-07-26 12:00:00,1,0
RCT000001817,RC0004,U0011303,in_app,2026-02-03 20:00:00,1,0
RCT000001818,RC0012,U0003961,push,2026-03-05 19:00:00,1,0
RCT000001819,RC0023,U0006069,sms,2026-05-29 14:00:00,1,1
RCT000001820,RC0009,U0001121,sms,2026-05-10 11:00:00,1,0
RCT000001821,RC0022,U0009684,in_app,2026-05-24 14:00:00,1,0
RCT000001822,RC0017,U0001720,sms,2026-04-10 13:00:00,1,0
RCT000001823,RC0010,U0002708,push,2026-03-18 18:00:00,1,0
RCT000001824,RC0015,U0005755,push,2026-04-26 17:00:00,1,0
RCT000001825,RC0008,U0006814,push,2026-06-25 16:00:00,1,0
RCT000001826,RC0003,U0004026,push,2026-02-12 12:00:00,0,0
RCT000001827,RC0010,U0003122,push,2026-03-15 08:00:00,0,0
RCT000001828,RC0011,U0005419,sms,2026-07-11 17:00:00,1,0
RCT000001829,RC0020,U0004357,push,2026-05-27 17:00:00,1,1
RCT000001830,RC0014,U0000820,push,2026-03-26 13:00:00,1,0
RCT000001831,RC0014,U0005327,push,2026-03-21 20:00:00,1,0
RCT000001832,RC0013,U0008162,push,2026-02-16 12:00:00,1,0
RCT000001833,RC0016,U0004542,in_app,2026-02-23 16:00:00,1,0
RCT000001834,RC0004,U0006975,in_app,2026-02-05 15:00:00,0,0
RCT000001835,RC0016,U0010813,in_app,2026-02-24 19:00:00,0,0
RCT000001836,RC0006,U0007415,in_app,2026-02-21 19:00:00,1,0
RCT000001837,RC0003,U0010807,push,2026-02-13 14:00:00,1,0
RCT000001838,RC0013,U0009133,push,2026-02-20 10:00:00,1,0
RCT000001839,RC0012,U0010322,push,2026-02-27 19:00:00,1,1
RCT000001840,RC0020,U0008605,push,2026-05-29 09:00:00,1,0
RCT000001841,RC0005,U0000726,push,2026-07-31 18:00:00,1,0
RCT000001842,RC0018,U0000575,push,2026-02-13 14:00:00,1,0
RCT000001843,RC0010,U0007910,push,2026-03-14 16:00:00,1,0
RCT000001844,RC0018,U0002554,push,2026-02-08 10:00:00,1,0
RCT000001845,RC0018,U0001007,push,2026-02-09 14:00:00,0,0
RCT000001846,RC0015,U0010368,push,2026-04-25 12:00:00,1,0
RCT000001847,RC0010,U0009963,push,2026-03-17 11:00:00,1,0
RCT000001848,RC0017,U0006732,sms,2026-04-13 16:00:00,1,0
RCT000001849,RC0017,U0008222,sms,2026-04-09 18:00:00,1,0
RCT000001850,RC0016,U0001671,in_app,2026-02-22 14:00:00,1,0
RCT000001851,RC0003,U0000629,push,2026-02-13 17:00:00,1,0
RCT000001852,RC0007,U0009027,push,2026-06-28 19:00:00,1,0
RCT000001853,RC0021,U0009438,in_app,2026-04-17 08:00:00,1,0
RCT000001854,RC0004,U0009452,in_app,2026-02-06 14:00:00,1,0
RCT000001855,RC0015,U0003007,push,2026-04-25 13:00:00,1,0
RCT000001856,RC0001,U0007332,push,2026-07-31 12:00:00,1,0
RCT000001857,RC0012,U0004849,push,2026-03-03 18:00:00,1,0
RCT000001858,RC0002,U0000007,push,2026-06-14 08:00:00,1,0
RCT000001859,RC0010,U0002318,push,2026-03-16 17:00:00,1,0
RCT000001860,RC0005,U0009754,push,2026-08-02 18:00:00,1,1
RCT000001861,RC0020,U0010032,push,2026-05-26 16:00:00,1,1
RCT000001862,RC0002,U0007905,push,2026-06-16 12:00:00,0,0
RCT000001863,RC0005,U0007856,push,2026-08-03 19:00:00,1,0
RCT000001864,RC0009,U0009486,sms,2026-05-07 21:00:00,1,0
RCT000001865,RC0016,U0011414,in_app,2026-02-26 19:00:00,1,0
RCT000001866,RC0022,U0007450,in_app,2026-05-26 15:00:00,1,0
RCT000001867,RC0008,U0006432,push,2026-06-23 13:00:00,1,0
RCT000001868,RC0023,U0010105,sms,2026-05-31 21:00:00,1,0
RCT000001869,RC0002,U0006271,push,2026-06-18 15:00:00,1,0
RCT000001870,RC0006,U0011307,in_app,2026-02-18 11:00:00,1,0
RCT000001871,RC0006,U0006656,in_app,2026-02-15 14:00:00,1,0
RCT000001872,RC0003,U0006694,push,2026-02-13 18:00:00,1,0
RCT000001873,RC0011,U0006381,sms,2026-07-11 12:00:00,1,0
RCT000001874,RC0018,U0002929,push,2026-02-10 14:00:00,1,0
RCT000001875,RC0019,U0004871,sms,2026-06-25 20:00:00,1,0
RCT000001876,RC0011,U0002613,sms,2026-07-12 08:00:00,1,0
RCT000001877,RC0003,U0010051,push,2026-02-11 12:00:00,1,0
RCT000001878,RC0004,U0006299,in_app,2026-02-04 16:00:00,1,0
RCT000001879,RC0001,U0003796,push,2026-07-31 13:00:00,1,0
RCT000001880,RC0021,U0000703,in_app,2026-04-17 09:00:00,1,0
RCT000001881,RC0024,U0008631,push,2026-06-10 20:00:00,1,0
RCT000001882,RC0004,U0010412,in_app,2026-02-05 08:00:00,1,0
RCT000001883,RC0011,U0010509,sms,2026-07-12 09:00:00,1,1
RCT000001884,RC0023,U0006655,sms,2026-05-30 10:00:00,1,0
RCT000001885,RC0023,U0010649,sms,2026-05-30 16:00:00,1,0
RCT000001886,RC0014,U0007696,push,2026-03-22 16:00:00,1,0
RCT000001887,RC0021,U0011558,in_app,2026-04-20 20:00:00,1,0
RCT000001888,RC0023,U0009588,sms,2026-06-01 20:00:00,1,0
RCT000001889,RC0017,U0006480,sms,2026-04-12 09:00:00,1,0
RCT000001890,RC0023,U0005637,sms,2026-05-27 13:00:00,1,0
RCT000001891,RC0014,U0000935,push,2026-03-24 08:00:00,1,0
RCT000001892,RC0020,U0006013,push,2026-05-29 17:00:00,1,0
RCT000001893,RC0016,U0007435,in_app,2026-02-21 14:00:00,1,0
RCT000001894,RC0023,U0002467,sms,2026-05-28 18:00:00,1,0
RCT000001895,RC0001,U0006993,push,2026-07-28 09:00:00,1,0
RCT000001896,RC0021,U0007179,in_app,2026-04-20 19:00:00,1,0
RCT000001897,RC0007,U0010351,push,2026-06-29 09:00:00,1,0
RCT000001898,RC0017,U0008998,sms,2026-04-12 11:00:00,1,0
RCT000001899,RC0024,U0007487,push,2026-06-07 18:00:00,1,0
RCT000001900,RC0022,U0003994,in_app,2026-05-26 14:00:00,1,0
RCT000001901,RC0017,U0008710,sms,2026-04-08 09:00:00,1,0
RCT000001902,RC0021,U0011153,in_app,2026-04-19 12:00:00,0,0
RCT000001903,RC0023,U0011726,sms,2026-06-01 16:00:00,1,0
RCT000001904,RC0009,U0005035,sms,2026-05-11 21:00:00,1,0
RCT000001905,RC0002,U0002632,push,2026-06-18 20:00:00,1,0
RCT000001906,RC0004,U0005693,in_app,2026-02-01 08:00:00,1,0
RCT000001907,RC0018,U0008445,push,2026-02-08 08:00:00,1,1
RCT000001908,RC0018,U0002466,push,2026-02-14 09:00:00,1,0
RCT000001909,RC0009,U0003246,sms,2026-05-10 11:00:00,1,0
RCT000001910,RC0015,U0002193,push,2026-04-27 17:00:00,1,0
RCT000001911,RC0022,U0000124,in_app,2026-05-26 09:00:00,0,0
RCT000001912,RC0004,U0001527,in_app,2026-02-04 16:00:00,1,0
RCT000001913,RC0020,U0006621,push,2026-05-27 20:00:00,1,1
RCT000001914,RC0013,U0011639,push,2026-02-14 10:00:00,1,0
RCT000001915,RC0007,U0010293,push,2026-06-26 13:00:00,1,0
RCT000001916,RC0022,U0003557,in_app,2026-05-21 15:00:00,1,0
RCT000001917,RC0019,U0007560,sms,2026-07-01 10:00:00,1,0
RCT000001918,RC0004,U0011371,in_app,2026-01-31 21:00:00,1,0
RCT000001919,RC0005,U0002548,push,2026-07-31 14:00:00,1,0
RCT000001920,RC0019,U0010408,sms,2026-06-25 19:00:00,1,0
RCT000001921,RC0011,U0008362,sms,2026-07-13 18:00:00,0,0
RCT000001922,RC0022,U0010947,in_app,2026-05-21 11:00:00,1,0
RCT000001923,RC0012,U0003392,push,2026-02-28 10:00:00,1,0
RCT000001924,RC0019,U0005248,sms,2026-06-27 10:00:00,1,0
RCT000001925,RC0019,U0009307,sms,2026-06-28 09:00:00,1,0
RCT000001926,RC0023,U0003364,sms,2026-06-02 08:00:00,1,0
RCT000001927,RC0003,U0000089,push,2026-02-15 10:00:00,1,0
RCT000001928,RC0010,U0004256,push,2026-03-15 09:00:00,1,0
RCT000001929,RC0008,U0007242,push,2026-06-22 20:00:00,1,0
RCT000001930,RC0006,U0004146,in_app,2026-02-16 08:00:00,1,0
RCT000001931,RC0024,U0011396,push,2026-06-09 20:00:00,0,0
RCT000001932,RC0008,U0008532,push,2026-06-26 15:00:00,1,0
RCT000001933,RC0016,U0007047,in_app,2026-02-24 20:00:00,1,0
RCT000001934,RC0021,U0001345,in_app,2026-04-18 19:00:00,1,1
RCT000001935,RC0017,U0000632,sms,2026-04-09 14:00:00,1,0
RCT000001936,RC0004,U0002764,in_app,2026-02-01 16:00:00,1,0
RCT000001937,RC0015,U0009490,push,2026-04-27 10:00:00,1,0
RCT000001938,RC0024,U0010262,push,2026-06-09 09:00:00,1,0
RCT000001939,RC0015,U0011106,push,2026-04-26 15:00:00,1,0
RCT000001940,RC0024,U0008208,push,2026-06-09 18:00:00,1,0
RCT000001941,RC0022,U0009273,in_app,2026-05-21 20:00:00,1,0
RCT000001942,RC0004,U0006357,in_app,2026-02-04 20:00:00,1,0
RCT000001943,RC0015,U0009019,push,2026-04-27 09:00:00,1,1
RCT000001944,RC0024,U0005616,push,2026-06-04 17:00:00,1,0
RCT000001945,RC0009,U0004047,sms,2026-05-06 09:00:00,1,0
RCT000001946,RC0004,U0007534,in_app,2026-01-31 10:00:00,1,0
RCT000001947,RC0012,U0006317,push,2026-03-02 08:00:00,1,0
RCT000001948,RC0013,U0001852,push,2026-02-17 16:00:00,1,0
RCT000001949,RC0001,U0006510,push,2026-07-28 15:00:00,1,0
RCT000001950,RC0007,U0009763,push,2026-06-23 13:00:00,1,1
RCT000001951,RC0004,U0000661,in_app,2026-02-02 20:00:00,1,0
RCT000001952,RC0001,U0006641,push,2026-07-31 17:00:00,1,0
RCT000001953,RC0003,U0000963,push,2026-02-11 18:00:00,1,0
RCT000001954,RC0007,U0009655,push,2026-06-27 14:00:00,1,0
RCT000001955,RC0005,U0003065,push,2026-07-28 10:00:00,1,0
RCT000001956,RC0013,U0000696,push,2026-02-19 20:00:00,1,0
RCT000001957,RC0002,U0007375,push,2026-06-14 15:00:00,1,0
RCT000001958,RC0020,U0005985,push,2026-05-28 20:00:00,1,0
RCT000001959,RC0019,U0006466,sms,2026-07-01 21:00:00,0,0
RCT000001960,RC0016,U0008548,in_app,2026-02-25 21:00:00,1,0
RCT000001961,RC0023,U0002847,sms,2026-06-02 16:00:00,1,0
RCT000001962,RC0009,U0007077,sms,2026-05-12 08:00:00,1,0
RCT000001963,RC0007,U0011771,push,2026-06-25 11:00:00,1,0
RCT000001964,RC0011,U0000751,sms,2026-07-12 21:00:00,1,0
RCT000001965,RC0004,U0009051,in_app,2026-02-03 19:00:00,1,0
RCT000001966,RC0020,U0005942,push,2026-05-26 20:00:00,1,0
RCT000001967,RC0008,U0008493,push,2026-06-22 11:00:00,1,0
RCT000001968,RC0015,U0000354,push,2026-04-24 12:00:00,1,0
RCT000001969,RC0008,U0007996,push,2026-06-25 16:00:00,0,0
RCT000001970,RC0005,U0011271,push,2026-07-31 18:00:00,1,0
RCT000001971,RC0008,U0005853,push,2026-06-22 13:00:00,1,1
RCT000001972,RC0001,U0007155,push,2026-07-30 09:00:00,1,0
RCT000001973,RC0024,U0011219,push,2026-06-05 10:00:00,1,0
RCT000001974,RC0017,U0010794,sms,2026-04-10 21:00:00,0,0
RCT000001975,RC0019,U0006858,sms,2026-07-01 13:00:00,1,0
RCT000001976,RC0009,U0008560,sms,2026-05-07 12:00:00,1,0
RCT000001977,RC0008,U0003998,push,2026-06-25 15:00:00,1,0
RCT000001978,RC0009,U0007253,sms,2026-05-07 17:00:00,1,0
RCT000001979,RC0010,U0003732,push,2026-03-15 20:00:00,1,0
RCT000001980,RC0020,U0003090,push,2026-05-24 19:00:00,1,1
RCT000001981,RC0001,U0001267,push,2026-07-26 15:00:00,1,0
RCT000001982,RC0018,U0005676,push,2026-02-11 12:00:00,1,0
RCT000001983,RC0020,U0008457,push,2026-05-24 11:00:00,1,0
RCT000001984,RC0022,U0006090,in_app,2026-05-21 13:00:00,1,0
RCT000001985,RC0012,U0001588,push,2026-02-27 14:00:00,1,1
RCT000001986,RC0016,U0000669,in_app,2026-02-24 14:00:00,1,0
RCT000001987,RC0011,U0003770,sms,2026-07-13 08:00:00,1,0
RCT000001988,RC0013,U0000820,push,2026-02-17 14:00:00,1,1
RCT000001989,RC0023,U0010771,sms,2026-05-31 20:00:00,1,0
RCT000001990,RC0015,U0007510,push,2026-04-22 19:00:00,1,0
RCT000001991,RC0013,U0002860,push,2026-02-20 09:00:00,1,0
RCT000001992,RC0003,U0003313,push,2026-02-10 18:00:00,1,0
RCT000001993,RC0004,U0008566,in_app,2026-01-31 16:00:00,1,0
RCT000001994,RC0009,U0004335,sms,2026-05-11 18:00:00,1,0
RCT000001995,RC0019,U0001290,sms,2026-06-29 13:00:00,1,0
RCT000001996,RC0011,U0000896,sms,2026-07-12 11:00:00,1,1
RCT000001997,RC0009,U0010486,sms,2026-05-08 20:00:00,1,0
RCT000001998,RC0020,U0008816,push,2026-05-26 18:00:00,0,0
RCT000001999,RC0022,U0000928,in_app,2026-05-26 16:00:00,1,0
RCT000002000,RC0009,U0007488,sms,2026-05-07 10:00:00,1,0
RCT000002001,RC0003,U0007975,push,2026-02-16 20:00:00,1,0
RCT000002002,RC0002,U0008949,push,2026-06-16 10:00:00,0,0
RCT000002003,RC0008,U0007283,push,2026-06-26 14:00:00,0,0
RCT000002004,RC0019,U0001894,sms,2026-07-01 10:00:00,1,0
RCT000002005,RC0020,U0006767,push,2026-05-24 13:00:00,1,0
RCT000002006,RC0020,U0006006,push,2026-05-30 16:00:00,1,0
RCT000002007,RC0014,U0004731,push,2026-03-25 17:00:00,1,1
RCT000002008,RC0004,U0000018,in_app,2026-01-31 09:00:00,1,0
RCT000002009,RC0001,U0009240,push,2026-08-01 18:00:00,1,1
RCT000002010,RC0011,U0002155,sms,2026-07-15 17:00:00,1,1
RCT000002011,RC0001,U0007059,push,2026-07-28 21:00:00,1,0
RCT000002012,RC0012,U0003470,push,2026-02-28 20:00:00,1,0
RCT000002013,RC0020,U0007376,push,2026-05-28 14:00:00,1,0
RCT000002014,RC0007,U0009282,push,2026-06-23 11:00:00,1,0
RCT000002015,RC0018,U0006507,push,2026-02-12 12:00:00,1,0
RCT000002016,RC0013,U0008290,push,2026-02-17 15:00:00,1,0
RCT000002017,RC0021,U0000486,in_app,2026-04-17 19:00:00,1,0
RCT000002018,RC0013,U0001000,push,2026-02-20 18:00:00,1,1
RCT000002019,RC0016,U0007275,in_app,2026-02-22 16:00:00,1,0
RCT000002020,RC0003,U0003770,push,2026-02-16 09:00:00,1,0
RCT000002021,RC0023,U0008125,sms,2026-05-27 18:00:00,1,0
RCT000002022,RC0013,U0009132,push,2026-02-15 20:00:00,1,0
RCT000002023,RC0017,U0010303,sms,2026-04-14 19:00:00,1,0
RCT000002024,RC0002,U0007623,push,2026-06-18 13:00:00,0,0
RCT000002025,RC0015,U0009132,push,2026-04-21 13:00:00,1,0
RCT000002026,RC0001,U0004503,push,2026-07-28 19:00:00,1,0
RCT000002027,RC0005,U0003975,push,2026-08-01 09:00:00,1,1
RCT000002028,RC0014,U0003241,push,2026-03-21 21:00:00,1,1
RCT000002029,RC0022,U0004542,in_app,2026-05-23 09:00:00,0,0
RCT000002030,RC0011,U0001061,sms,2026-07-16 10:00:00,1,0
RCT000002031,RC0019,U0008661,sms,2026-07-01 16:00:00,0,0
RCT000002032,RC0005,U0009652,push,2026-07-28 21:00:00,1,0
RCT000002033,RC0017,U0003077,sms,2026-04-11 20:00:00,1,0
RCT000002034,RC0020,U0008236,push,2026-05-29 11:00:00,1,0
RCT000002035,RC0001,U0002041,push,2026-07-29 16:00:00,1,1
RCT000002036,RC0015,U0001895,push,2026-04-27 16:00:00,1,0
RCT000002037,RC0013,U0010474,push,2026-02-17 12:00:00,1,0
RCT000002038,RC0022,U0003423,in_app,2026-05-26 14:00:00,1,0
RCT000002039,RC0008,U0001940,push,2026-06-21 11:00:00,1,0
RCT000002040,RC0012,U0007112,push,2026-03-02 18:00:00,1,1
RCT000002041,RC0014,U0002012,push,2026-03-26 14:00:00,1,0
RCT000002042,RC0024,U0005001,push,2026-06-07 17:00:00,1,0
RCT000002043,RC0014,U0007420,push,2026-03-26 15:00:00,1,0
RCT000002044,RC0019,U0008927,sms,2026-07-01 16:00:00,0,0
RCT000002045,RC0009,U0000506,sms,2026-05-06 15:00:00,1,1
RCT000002046,RC0010,U0008533,push,2026-03-14 16:00:00,1,0
RCT000002047,RC0017,U0009609,sms,2026-04-08 19:00:00,1,0
RCT000002048,RC0014,U0003314,push,2026-03-26 13:00:00,1,0
RCT000002049,RC0002,U0009907,push,2026-06-19 09:00:00,1,0
RCT000002050,RC0007,U0009392,push,2026-06-29 20:00:00,1,1
RCT000002051,RC0014,U0006339,push,2026-03-27 09:00:00,1,0
RCT000002052,RC0005,U0004938,push,2026-07-31 08:00:00,1,1
RCT000002053,RC0014,U0006808,push,2026-03-26 17:00:00,0,0
RCT000002054,RC0008,U0006512,push,2026-06-24 16:00:00,1,0
RCT000002055,RC0003,U0006673,push,2026-02-14 20:00:00,1,0
RCT000002056,RC0011,U0003485,sms,2026-07-10 11:00:00,0,0
RCT000002057,RC0011,U0003519,sms,2026-07-12 16:00:00,1,1
RCT000002058,RC0004,U0010456,in_app,2026-02-03 18:00:00,1,0
RCT000002059,RC0020,U0002614,push,2026-05-27 14:00:00,1,0
RCT000002060,RC0007,U0007043,push,2026-06-29 08:00:00,1,0
RCT000002061,RC0008,U0009351,push,2026-06-23 13:00:00,1,0
RCT000002062,RC0023,U0001386,sms,2026-06-01 15:00:00,1,0
RCT000002063,RC0005,U0005155,push,2026-07-30 15:00:00,1,1
RCT000002064,RC0001,U0002351,push,2026-07-27 11:00:00,1,0
RCT000002065,RC0016,U0007574,in_app,2026-02-23 12:00:00,1,0
RCT000002066,RC0002,U0002423,push,2026-06-17 17:00:00,1,0
RCT000002067,RC0008,U0010191,push,2026-06-24 08:00:00,1,0
RCT000002068,RC0007,U0003330,push,2026-06-24 12:00:00,1,0
RCT000002069,RC0023,U0004357,sms,2026-05-28 17:00:00,1,0
RCT000002070,RC0017,U0009332,sms,2026-04-14 13:00:00,1,0
RCT000002071,RC0017,U0007709,sms,2026-04-13 14:00:00,1,0
RCT000002072,RC0022,U0003419,in_app,2026-05-25 19:00:00,1,1
RCT000002073,RC0024,U0005938,push,2026-06-10 08:00:00,1,0
RCT000002074,RC0008,U0005497,push,2026-06-27 09:00:00,1,0
RCT000002075,RC0017,U0000337,sms,2026-04-08 12:00:00,1,0
RCT000002076,RC0009,U0010874,sms,2026-05-06 19:00:00,1,1
RCT000002077,RC0014,U0009479,push,2026-03-25 11:00:00,1,0
RCT000002078,RC0016,U0004520,in_app,2026-02-22 16:00:00,1,0
RCT000002079,RC0017,U0005923,sms,2026-04-10 10:00:00,1,0
RCT000002080,RC0004,U0007253,in_app,2026-02-04 08:00:00,1,0
RCT000002081,RC0012,U0010741,push,2026-03-03 14:00:00,1,0
RCT000002082,RC0009,U0001998,sms,2026-05-08 11:00:00,1,0
RCT000002083,RC0012,U0003661,push,2026-03-04 12:00:00,1,0
RCT000002084,RC0020,U0007000,push,2026-05-24 21:00:00,1,0
RCT000002085,RC0007,U0000189,push,2026-06-25 08:00:00,1,0
RCT000002086,RC0003,U0002076,push,2026-02-13 16:00:00,1,0
RCT000002087,RC0012,U0000545,push,2026-03-05 20:00:00,1,0
RCT000002088,RC0010,U0002066,push,2026-03-12 11:00:00,1,1
RCT000002089,RC0012,U0010047,push,2026-02-27 09:00:00,1,0
RCT000002090,RC0018,U0006492,push,2026-02-08 14:00:00,1,0
RCT000002091,RC0022,U0010422,in_app,2026-05-25 11:00:00,1,0
RCT000002092,RC0022,U0004119,in_app,2026-05-25 12:00:00,1,0
RCT000002093,RC0016,U0009701,in_app,2026-02-22 19:00:00,1,0
RCT000002094,RC0014,U0002097,push,2026-03-22 12:00:00,1,0
RCT000002095,RC0024,U0004779,push,2026-06-04 09:00:00,0,0
RCT000002096,RC0006,U0006310,in_app,2026-02-19 21:00:00,1,0
RCT000002097,RC0020,U0001248,push,2026-05-24 17:00:00,1,0
RCT000002098,RC0005,U0009735,push,2026-07-29 10:00:00,1,0
RCT000002099,RC0015,U0009020,push,2026-04-23 20:00:00,1,0
RCT000002100,RC0008,U0000138,push,2026-06-21 09:00:00,1,0
RCT000002101,RC0008,U0004590,push,2026-06-22 15:00:00,1,0
RCT000002102,RC0005,U0002022,push,2026-07-29 17:00:00,1,0
RCT000002103,RC0002,U0004927,push,2026-06-13 16:00:00,1,0
RCT000002104,RC0004,U0007522,in_app,2026-01-31 14:00:00,1,0
RCT000002105,RC0022,U0001140,in_app,2026-05-26 16:00:00,1,0
RCT000002106,RC0022,U0010346,in_app,2026-05-26 12:00:00,1,0
RCT000002107,RC0011,U0002398,sms,2026-07-10 08:00:00,1,0
RCT000002108,RC0003,U0010527,push,2026-02-14 11:00:00,1,0
RCT000002109,RC0024,U0003537,push,2026-06-10 09:00:00,1,1
RCT000002110,RC0005,U0010262,push,2026-08-03 11:00:00,1,1
RCT000002111,RC0023,U0008010,sms,2026-05-29 14:00:00,1,0
RCT000002112,RC0014,U0003311,push,2026-03-26 18:00:00,1,0
RCT000002113,RC0017,U0002341,sms,2026-04-13 10:00:00,1,0
RCT000002114,RC0001,U0008290,push,2026-07-30 14:00:00,1,0
RCT000002115,RC0014,U0006037,push,2026-03-25 21:00:00,1,0
RCT000002116,RC0022,U0010336,in_app,2026-05-27 21:00:00,1,0
RCT000002117,RC0006,U0003388,in_app,2026-02-21 20:00:00,1,0
RCT000002118,RC0003,U0011293,push,2026-02-13 21:00:00,1,0
RCT000002119,RC0019,U0009685,sms,2026-06-25 13:00:00,1,0
RCT000002120,RC0003,U0009023,push,2026-02-10 11:00:00,1,0
RCT000002121,RC0008,U0010187,push,2026-06-23 10:00:00,1,0
RCT000002122,RC0019,U0002291,sms,2026-06-26 16:00:00,1,0
RCT000002123,RC0007,U0008927,push,2026-06-26 21:00:00,1,0
RCT000002124,RC0017,U0000655,sms,2026-04-12 13:00:00,1,0
RCT000002125,RC0006,U0008402,in_app,2026-02-19 20:00:00,1,0
RCT000002126,RC0005,U0002564,push,2026-07-29 13:00:00,1,0
RCT000002127,RC0018,U0007486,push,2026-02-12 15:00:00,1,0
RCT000002128,RC0001,U0002073,push,2026-07-29 17:00:00,1,1
RCT000002129,RC0012,U0001419,push,2026-03-05 19:00:00,1,0
RCT000002130,RC0010,U0008639,push,2026-03-15 14:00:00,0,0
RCT000002131,RC0012,U0008666,push,2026-02-27 14:00:00,1,0
RCT000002132,RC0011,U0007891,sms,2026-07-15 12:00:00,1,0
RCT000002133,RC0003,U0010041,push,2026-02-16 13:00:00,1,0
RCT000002134,RC0015,U0008863,push,2026-04-27 17:00:00,0,0
RCT000002135,RC0009,U0003433,sms,2026-05-12 15:00:00,1,0
RCT000002136,RC0017,U0009634,sms,2026-04-14 09:00:00,1,0
RCT000002137,RC0018,U0006670,push,2026-02-08 20:00:00,1,1
RCT000002138,RC0011,U0006918,sms,2026-07-11 14:00:00,1,0
RCT000002139,RC0004,U0005835,in_app,2026-02-05 19:00:00,1,0
RCT000002140,RC0018,U0011862,push,2026-02-13 12:00:00,1,0
RCT000002141,RC0009,U0006657,sms,2026-05-07 15:00:00,1,0
RCT000002142,RC0021,U0009928,in_app,2026-04-20 10:00:00,1,0
RCT000002143,RC0022,U0011997,in_app,2026-05-22 11:00:00,1,0
RCT000002144,RC0006,U0009755,in_app,2026-02-16 17:00:00,1,0
RCT000002145,RC0006,U0001810,in_app,2026-02-17 11:00:00,1,1
RCT000002146,RC0008,U0010469,push,2026-06-26 09:00:00,1,0
RCT000002147,RC0019,U0005373,sms,2026-06-28 18:00:00,1,0
RCT000002148,RC0023,U0009690,sms,2026-06-02 18:00:00,1,1
RCT000002149,RC0005,U0002614,push,2026-08-02 17:00:00,1,0
RCT000002150,RC0021,U0002224,in_app,2026-04-20 16:00:00,1,0
RCT000002151,RC0021,U0002789,in_app,2026-04-14 08:00:00,1,0
RCT000002152,RC0006,U0001231,in_app,2026-02-20 19:00:00,1,1
RCT000002153,RC0004,U0000836,in_app,2026-02-03 09:00:00,1,0
RCT000002154,RC0010,U0010221,push,2026-03-15 21:00:00,1,0
RCT000002155,RC0014,U0000685,push,2026-03-25 14:00:00,1,0
RCT000002156,RC0018,U0002531,push,2026-02-11 09:00:00,1,0
RCT000002157,RC0019,U0004933,sms,2026-06-28 21:00:00,1,0
RCT000002158,RC0020,U0001813,push,2026-05-28 15:00:00,1,0
RCT000002159,RC0010,U0007974,push,2026-03-12 21:00:00,1,0
RCT000002160,RC0006,U0005764,in_app,2026-02-21 18:00:00,1,1
RCT000002161,RC0014,U0011223,push,2026-03-25 20:00:00,1,0
RCT000002162,RC0024,U0010398,push,2026-06-04 11:00:00,1,0
RCT000002163,RC0011,U0008482,sms,2026-07-15 09:00:00,1,0
RCT000002164,RC0016,U0009701,in_app,2026-02-23 13:00:00,1,0
RCT000002165,RC0011,U0000505,sms,2026-07-13 21:00:00,1,0
RCT000002166,RC0009,U0000511,sms,2026-05-06 13:00:00,1,0
RCT000002167,RC0005,U0002676,push,2026-08-02 11:00:00,1,0
RCT000002168,RC0001,U0006711,push,2026-07-31 12:00:00,1,0
RCT000002169,RC0016,U0004098,in_app,2026-02-23 14:00:00,1,0
RCT000002170,RC0002,U0010778,push,2026-06-18 20:00:00,1,0
RCT000002171,RC0005,U0005822,push,2026-07-30 11:00:00,1,0
RCT000002172,RC0007,U0004503,push,2026-06-29 16:00:00,1,1
RCT000002173,RC0023,U0004164,sms,2026-05-27 10:00:00,1,0
RCT000002174,RC0013,U0011415,push,2026-02-14 14:00:00,1,0
RCT000002175,RC0008,U0000234,push,2026-06-24 14:00:00,1,0
RCT000002176,RC0007,U0008830,push,2026-06-29 19:00:00,1,0
RCT000002177,RC0021,U0007185,in_app,2026-04-18 17:00:00,1,0
RCT000002178,RC0015,U0010369,push,2026-04-26 08:00:00,1,0
RCT000002179,RC0006,U0007969,in_app,2026-02-21 21:00:00,1,0
RCT000002180,RC0024,U0001869,push,2026-06-10 09:00:00,1,0
RCT000002181,RC0021,U0010355,in_app,2026-04-14 11:00:00,1,1
RCT000002182,RC0021,U0003857,in_app,2026-04-17 13:00:00,1,0
RCT000002183,RC0022,U0007512,in_app,2026-05-26 09:00:00,1,0
RCT000002184,RC0013,U0010137,push,2026-02-17 10:00:00,1,0
RCT000002185,RC0011,U0001862,sms,2026-07-15 15:00:00,1,0
RCT000002186,RC0004,U0010766,in_app,2026-02-06 08:00:00,1,0
RCT000002187,RC0008,U0002999,push,2026-06-24 10:00:00,1,0
RCT000002188,RC0010,U0007112,push,2026-03-13 19:00:00,1,0
RCT000002189,RC0021,U0004335,in_app,2026-04-16 14:00:00,1,0
RCT000002190,RC0006,U0009783,in_app,2026-02-17 10:00:00,0,0
RCT000002191,RC0006,U0010104,in_app,2026-02-19 20:00:00,1,0
RCT000002192,RC0009,U0005055,sms,2026-05-12 09:00:00,0,0
RCT000002193,RC0017,U0004201,sms,2026-04-09 14:00:00,1,0
RCT000002194,RC0018,U0007930,push,2026-02-10 14:00:00,1,0
RCT000002195,RC0004,U0004867,in_app,2026-02-03 20:00:00,1,0
RCT000002196,RC0018,U0006366,push,2026-02-09 12:00:00,1,0
RCT000002197,RC0020,U0002073,push,2026-05-29 19:00:00,1,0
RCT000002198,RC0023,U0006696,sms,2026-05-29 10:00:00,1,0
RCT000002199,RC0016,U0004910,in_app,2026-02-25 14:00:00,1,0
RCT000002200,RC0024,U0004978,push,2026-06-05 08:00:00,1,0
RCT000002201,RC0014,U0008934,push,2026-03-24 18:00:00,1,1
RCT000002202,RC0021,U0007783,in_app,2026-04-19 08:00:00,1,0
RCT000002203,RC0017,U0003396,sms,2026-04-13 12:00:00,1,0
RCT000002204,RC0020,U0001606,push,2026-05-29 08:00:00,1,0
RCT000002205,RC0023,U0005530,sms,2026-05-28 09:00:00,1,0
RCT000002206,RC0016,U0010294,in_app,2026-02-23 08:00:00,1,0
RCT000002207,RC0004,U0007999,in_app,2026-02-05 12:00:00,1,0
RCT000002208,RC0024,U0010312,push,2026-06-08 14:00:00,1,0
RCT000002209,RC0014,U0004561,push,2026-03-23 14:00:00,1,0
RCT000002210,RC0018,U0005275,push,2026-02-12 18:00:00,1,0
RCT000002211,RC0017,U0011951,sms,2026-04-09 13:00:00,1,0
RCT000002212,RC0016,U0010520,in_app,2026-02-26 13:00:00,1,0
RCT000002213,RC0013,U0011589,push,2026-02-16 17:00:00,1,0
RCT000002214,RC0013,U0011397,push,2026-02-15 15:00:00,1,0
RCT000002215,RC0024,U0010415,push,2026-06-10 12:00:00,1,0
RCT000002216,RC0020,U0001382,push,2026-05-25 20:00:00,1,0
RCT000002217,RC0020,U0010807,push,2026-05-24 12:00:00,1,0
RCT000002218,RC0023,U0007548,sms,2026-05-28 20:00:00,1,0
RCT000002219,RC0005,U0005819,push,2026-08-02 13:00:00,1,1
RCT000002220,RC0014,U0004853,push,2026-03-21 15:00:00,1,0
RCT000002221,RC0002,U0003209,push,2026-06-16 11:00:00,1,0
RCT000002222,RC0010,U0006580,push,2026-03-15 15:00:00,1,0
RCT000002223,RC0005,U0011912,push,2026-07-30 11:00:00,1,1
RCT000002224,RC0004,U0004454,in_app,2026-02-04 17:00:00,1,0
RCT000002225,RC0021,U0000787,in_app,2026-04-15 16:00:00,1,1
RCT000002226,RC0008,U0004931,push,2026-06-21 19:00:00,1,0
RCT000002227,RC0024,U0006064,push,2026-06-07 14:00:00,1,0
RCT000002228,RC0001,U0005842,push,2026-07-31 17:00:00,1,1
RCT000002229,RC0008,U0000936,push,2026-06-24 14:00:00,1,0
RCT000002230,RC0017,U0007140,sms,2026-04-08 10:00:00,1,0
RCT000002231,RC0015,U0001508,push,2026-04-23 11:00:00,1,0
RCT000002232,RC0008,U0000556,push,2026-06-22 10:00:00,1,1
RCT000002233,RC0014,U0010713,push,2026-03-26 09:00:00,1,0
RCT000002234,RC0021,U0003952,in_app,2026-04-14 19:00:00,1,1
RCT000002235,RC0007,U0001984,push,2026-06-28 15:00:00,1,1
RCT000002236,RC0019,U0009222,sms,2026-06-28 17:00:00,1,0
RCT000002237,RC0020,U0003045,push,2026-05-24 12:00:00,1,0
RCT000002238,RC0008,U0005984,push,2026-06-26 21:00:00,1,0
RCT000002239,RC0010,U0007486,push,2026-03-15 14:00:00,1,0
RCT000002240,RC0004,U0007041,in_app,2026-02-03 12:00:00,1,1
RCT000002241,RC0010,U0002557,push,2026-03-14 17:00:00,0,0
RCT000002242,RC0020,U0011220,push,2026-05-27 08:00:00,1,0
RCT000002243,RC0022,U0006995,in_app,2026-05-23 17:00:00,1,0
RCT000002244,RC0005,U0009483,push,2026-07-30 19:00:00,1,0
RCT000002245,RC0022,U0002523,in_app,2026-05-22 10:00:00,1,0
RCT000002246,RC0007,U0006303,push,2026-06-23 19:00:00,1,1
RCT000002247,RC0010,U0006440,push,2026-03-17 20:00:00,1,0
RCT000002248,RC0005,U0008355,push,2026-08-03 19:00:00,1,0
RCT000002249,RC0009,U0007460,sms,2026-05-12 09:00:00,1,0
RCT000002250,RC0003,U0006050,push,2026-02-11 11:00:00,1,0
RCT000002251,RC0005,U0010960,push,2026-08-03 09:00:00,1,0
RCT000002252,RC0015,U0010147,push,2026-04-26 16:00:00,1,0
RCT000002253,RC0021,U0001221,in_app,2026-04-20 19:00:00,1,0
RCT000002254,RC0010,U0008717,push,2026-03-12 14:00:00,1,0
RCT000002255,RC0018,U0007351,push,2026-02-09 14:00:00,1,0
RCT000002256,RC0018,U0000037,push,2026-02-09 08:00:00,1,0
RCT000002257,RC0006,U0009398,in_app,2026-02-19 11:00:00,1,0
RCT000002258,RC0013,U0010999,push,2026-02-15 20:00:00,0,0
RCT000002259,RC0001,U0003381,push,2026-07-26 15:00:00,1,1
RCT000002260,RC0019,U0003528,sms,2026-06-26 21:00:00,1,0
RCT000002261,RC0005,U0008339,push,2026-08-01 19:00:00,1,0
RCT000002262,RC0014,U0009642,push,2026-03-25 19:00:00,1,0
RCT000002263,RC0015,U0001304,push,2026-04-22 18:00:00,1,0
RCT000002264,RC0006,U0004607,in_app,2026-02-18 17:00:00,1,0
RCT000002265,RC0008,U0002876,push,2026-06-21 09:00:00,1,1
RCT000002266,RC0013,U0008501,push,2026-02-19 17:00:00,1,0
RCT000002267,RC0008,U0002318,push,2026-06-23 10:00:00,1,0
RCT000002268,RC0023,U0009726,sms,2026-05-28 17:00:00,1,1
RCT000002269,RC0021,U0000950,in_app,2026-04-14 12:00:00,1,0
RCT000002270,RC0009,U0009805,sms,2026-05-06 14:00:00,1,0
RCT000002271,RC0020,U0007345,push,2026-05-25 17:00:00,0,0
RCT000002272,RC0022,U0006574,in_app,2026-05-24 14:00:00,1,0
RCT000002273,RC0018,U0008655,push,2026-02-08 18:00:00,0,0
RCT000002274,RC0017,U0002349,sms,2026-04-12 19:00:00,1,0
RCT000002275,RC0005,U0001000,push,2026-07-29 12:00:00,1,0
RCT000002276,RC0008,U0001544,push,2026-06-26 21:00:00,1,1
RCT000002277,RC0002,U0007910,push,2026-06-18 13:00:00,1,0
RCT000002278,RC0013,U0003346,push,2026-02-16 20:00:00,1,0
RCT000002279,RC0023,U0002075,sms,2026-05-31 12:00:00,1,0
RCT000002280,RC0007,U0009240,push,2026-06-24 21:00:00,1,0
RCT000002281,RC0021,U0001001,in_app,2026-04-20 10:00:00,1,0
RCT000002282,RC0021,U0011215,in_app,2026-04-14 11:00:00,1,0
RCT000002283,RC0013,U0009431,push,2026-02-18 13:00:00,1,1
RCT000002284,RC0002,U0005994,push,2026-06-14 19:00:00,1,1
RCT000002285,RC0002,U0011212,push,2026-06-14 11:00:00,1,0
RCT000002286,RC0012,U0009747,push,2026-03-02 12:00:00,1,0
RCT000002287,RC0010,U0005356,push,2026-03-17 12:00:00,1,0
RCT000002288,RC0015,U0003527,push,2026-04-27 18:00:00,1,0
RCT000002289,RC0014,U0004739,push,2026-03-26 16:00:00,1,0
RCT000002290,RC0018,U0007661,push,2026-02-08 18:00:00,0,0
RCT000002291,RC0019,U0003827,sms,2026-06-29 17:00:00,1,0
RCT000002292,RC0001,U0003201,push,2026-07-28 15:00:00,1,0
RCT000002293,RC0003,U0011161,push,2026-02-10 11:00:00,1,1
RCT000002294,RC0022,U0003812,in_app,2026-05-26 16:00:00,1,0
RCT000002295,RC0002,U0000043,push,2026-06-19 20:00:00,1,0
RCT000002296,RC0020,U0009860,push,2026-05-25 20:00:00,1,1
RCT000002297,RC0011,U0000229,sms,2026-07-14 09:00:00,1,0
RCT000002298,RC0018,U0008175,push,2026-02-10 16:00:00,1,0
RCT000002299,RC0006,U0002503,in_app,2026-02-18 09:00:00,1,0
RCT000002300,RC0020,U0011763,push,2026-05-28 09:00:00,1,0
RCT000002301,RC0020,U0007110,push,2026-05-24 09:00:00,1,0
RCT000002302,RC0016,U0000939,in_app,2026-02-24 09:00:00,1,0
RCT000002303,RC0006,U0000132,in_app,2026-02-18 17:00:00,0,0
RCT000002304,RC0003,U0011118,push,2026-02-15 08:00:00,1,1
RCT000002305,RC0017,U0010339,sms,2026-04-11 11:00:00,1,0
RCT000002306,RC0020,U0007674,push,2026-05-26 21:00:00,1,0
RCT000002307,RC0003,U0008512,push,2026-02-10 12:00:00,1,0
RCT000002308,RC0001,U0010909,push,2026-07-26 20:00:00,1,0
RCT000002309,RC0005,U0002434,push,2026-07-29 14:00:00,1,1
RCT000002310,RC0023,U0000150,sms,2026-06-02 14:00:00,1,0
RCT000002311,RC0020,U0011951,push,2026-05-24 16:00:00,1,0
RCT000002312,RC0002,U0008507,push,2026-06-16 19:00:00,1,0
RCT000002313,RC0001,U0005275,push,2026-08-01 15:00:00,1,0
RCT000002314,RC0013,U0006560,push,2026-02-17 15:00:00,1,0
RCT000002315,RC0024,U0003108,push,2026-06-06 20:00:00,1,0
RCT000002316,RC0010,U0010467,push,2026-03-16 21:00:00,1,0
RCT000002317,RC0019,U0002013,sms,2026-06-26 17:00:00,1,0
RCT000002318,RC0021,U0011708,in_app,2026-04-16 12:00:00,1,0
RCT000002319,RC0007,U0006020,push,2026-06-27 21:00:00,1,0
RCT000002320,RC0024,U0003758,push,2026-06-05 10:00:00,1,0
RCT000002321,RC0019,U0011000,sms,2026-07-01 20:00:00,1,0
RCT000002322,RC0021,U0000466,in_app,2026-04-14 08:00:00,1,0
RCT000002323,RC0006,U0010498,in_app,2026-02-18 08:00:00,1,0
RCT000002324,RC0007,U0003459,push,2026-06-27 14:00:00,1,1
RCT000002325,RC0014,U0004977,push,2026-03-23 15:00:00,1,1
RCT000002326,RC0002,U0008656,push,2026-06-13 11:00:00,1,1
RCT000002327,RC0009,U0009563,sms,2026-05-06 11:00:00,1,0
RCT000002328,RC0020,U0003360,push,2026-05-24 20:00:00,0,0
RCT000002329,RC0008,U0003600,push,2026-06-26 18:00:00,1,0
RCT000002330,RC0022,U0001357,in_app,2026-05-23 10:00:00,1,0
RCT000002331,RC0012,U0005976,push,2026-02-28 09:00:00,1,1
RCT000002332,RC0015,U0008056,push,2026-04-22 14:00:00,1,0
RCT000002333,RC0012,U0008071,push,2026-03-04 10:00:00,1,0
RCT000002334,RC0005,U0001437,push,2026-07-29 09:00:00,1,0
RCT000002335,RC0003,U0011208,push,2026-02-15 21:00:00,1,0
RCT000002336,RC0011,U0010773,sms,2026-07-15 11:00:00,1,0
RCT000002337,RC0013,U0000477,push,2026-02-15 15:00:00,1,0
RCT000002338,RC0017,U0010869,sms,2026-04-11 10:00:00,1,0
RCT000002339,RC0014,U0004790,push,2026-03-25 08:00:00,1,0
RCT000002340,RC0001,U0009697,push,2026-07-31 10:00:00,1,0
RCT000002341,RC0008,U0009588,push,2026-06-21 21:00:00,1,0
RCT000002342,RC0015,U0003907,push,2026-04-22 12:00:00,1,0
RCT000002343,RC0003,U0003290,push,2026-02-13 19:00:00,1,0
RCT000002344,RC0022,U0011970,in_app,2026-05-22 19:00:00,1,0
RCT000002345,RC0002,U0007375,push,2026-06-16 20:00:00,1,1
RCT000002346,RC0018,U0001609,push,2026-02-14 12:00:00,1,0
RCT000002347,RC0007,U0008009,push,2026-06-24 16:00:00,1,1
RCT000002348,RC0004,U0009051,in_app,2026-02-04 14:00:00,1,0
RCT000002349,RC0006,U0002510,in_app,2026-02-15 12:00:00,1,0
RCT000002350,RC0003,U0004293,push,2026-02-14 13:00:00,1,0
RCT000002351,RC0012,U0008962,push,2026-02-28 09:00:00,1,1
RCT000002352,RC0016,U0011696,in_app,2026-02-25 10:00:00,1,0
RCT000002353,RC0016,U0000893,in_app,2026-02-24 21:00:00,1,0
RCT000002354,RC0022,U0011605,in_app,2026-05-26 17:00:00,1,0
RCT000002355,RC0006,U0004094,in_app,2026-02-16 09:00:00,1,0
RCT000002356,RC0012,U0010353,push,2026-02-27 09:00:00,1,0
RCT000002357,RC0004,U0000936,in_app,2026-02-05 08:00:00,1,0
RCT000002358,RC0013,U0011854,push,2026-02-16 19:00:00,1,0
RCT000002359,RC0001,U0009038,push,2026-07-28 14:00:00,1,0
RCT000002360,RC0022,U0000407,in_app,2026-05-24 21:00:00,1,0
RCT000002361,RC0003,U0010987,push,2026-02-16 10:00:00,1,0
RCT000002362,RC0020,U0003479,push,2026-05-30 16:00:00,1,0
RCT000002363,RC0022,U0001622,in_app,2026-05-27 13:00:00,1,0
RCT000002364,RC0007,U0000925,push,2026-06-29 21:00:00,1,0
RCT000002365,RC0018,U0000828,push,2026-02-14 20:00:00,1,0
RCT000002366,RC0014,U0002015,push,2026-03-23 09:00:00,1,0
RCT000002367,RC0009,U0005832,sms,2026-05-12 17:00:00,1,0
RCT000002368,RC0017,U0001903,sms,2026-04-08 12:00:00,1,0
RCT000002369,RC0015,U0007488,push,2026-04-21 17:00:00,1,1
RCT000002370,RC0024,U0006098,push,2026-06-04 08:00:00,1,0
RCT000002371,RC0020,U0002314,push,2026-05-24 15:00:00,1,1
RCT000002372,RC0017,U0004469,sms,2026-04-08 10:00:00,1,0
RCT000002373,RC0008,U0000062,push,2026-06-21 20:00:00,1,0
RCT000002374,RC0020,U0010314,push,2026-05-29 08:00:00,1,1
RCT000002375,RC0011,U0001382,sms,2026-07-15 09:00:00,1,0
RCT000002376,RC0012,U0002651,push,2026-02-27 18:00:00,1,0
RCT000002377,RC0009,U0007245,sms,2026-05-06 08:00:00,1,0
RCT000002378,RC0018,U0000325,push,2026-02-12 13:00:00,1,0
RCT000002379,RC0021,U0008821,in_app,2026-04-17 17:00:00,1,0
RCT000002380,RC0007,U0008804,push,2026-06-26 20:00:00,1,1
RCT000002381,RC0013,U0000028,push,2026-02-14 09:00:00,1,0
RCT000002382,RC0005,U0008326,push,2026-07-30 16:00:00,0,0
RCT000002383,RC0001,U0010910,push,2026-07-31 17:00:00,1,0
RCT000002384,RC0013,U0009506,push,2026-02-19 10:00:00,1,0
RCT000002385,RC0007,U0002479,push,2026-06-25 08:00:00,1,0
RCT000002386,RC0001,U0001845,push,2026-08-01 10:00:00,1,0
RCT000002387,RC0024,U0001172,push,2026-06-05 17:00:00,1,0
RCT000002388,RC0023,U0001052,sms,2026-05-28 12:00:00,1,0
RCT000002389,RC0009,U0001007,sms,2026-05-09 09:00:00,1,1
RCT000002390,RC0021,U0006868,in_app,2026-04-17 08:00:00,1,0
RCT000002391,RC0011,U0004883,sms,2026-07-11 10:00:00,1,0
RCT000002392,RC0006,U0002882,in_app,2026-02-17 19:00:00,1,0
RCT000002393,RC0017,U0000336,sms,2026-04-09 12:00:00,1,0
RCT000002394,RC0002,U0007583,push,2026-06-15 17:00:00,1,0
RCT000002395,RC0015,U0000316,push,2026-04-27 19:00:00,1,0
RCT000002396,RC0018,U0010059,push,2026-02-14 09:00:00,1,1
RCT000002397,RC0003,U0007460,push,2026-02-16 16:00:00,1,0
RCT000002398,RC0024,U0006657,push,2026-06-10 20:00:00,1,0
RCT000002399,RC0005,U0005103,push,2026-07-29 19:00:00,1,0
RCT000002400,RC0002,U0002922,push,2026-06-13 21:00:00,1,0
RCT000002401,RC0006,U0010027,in_app,2026-02-20 15:00:00,1,0
RCT000002402,RC0017,U0004623,sms,2026-04-14 18:00:00,1,0
RCT000002403,RC0022,U0004535,in_app,2026-05-25 12:00:00,1,1
RCT000002404,RC0012,U0001231,push,2026-03-04 17:00:00,1,0
RCT000002405,RC0008,U0009968,push,2026-06-24 16:00:00,1,0
RCT000002406,RC0012,U0010865,push,2026-03-05 09:00:00,1,0
RCT000002407,RC0010,U0007412,push,2026-03-14 10:00:00,1,0
RCT000002408,RC0016,U0006516,in_app,2026-02-22 10:00:00,1,0
RCT000002409,RC0019,U0001028,sms,2026-07-01 11:00:00,1,0
RCT000002410,RC0021,U0002145,in_app,2026-04-16 19:00:00,1,0
RCT000002411,RC0015,U0002487,push,2026-04-21 14:00:00,1,0
RCT000002412,RC0012,U0006950,push,2026-03-04 16:00:00,1,0
RCT000002413,RC0009,U0001076,sms,2026-05-06 13:00:00,0,0
RCT000002414,RC0018,U0005948,push,2026-02-12 13:00:00,1,0
RCT000002415,RC0017,U0008468,sms,2026-04-12 11:00:00,1,0
RCT000002416,RC0019,U0008322,sms,2026-06-29 14:00:00,1,0
RCT000002417,RC0008,U0006516,push,2026-06-25 16:00:00,1,1
RCT000002418,RC0020,U0000766,push,2026-05-25 11:00:00,1,0
RCT000002419,RC0018,U0000677,push,2026-02-08 17:00:00,1,0
RCT000002420,RC0002,U0008645,push,2026-06-14 19:00:00,0,0
RCT000002421,RC0003,U0011463,push,2026-02-14 18:00:00,1,0
RCT000002422,RC0004,U0005641,in_app,2026-01-31 08:00:00,1,0
RCT000002423,RC0019,U0005415,sms,2026-07-01 16:00:00,1,0
RCT000002424,RC0014,U0003492,push,2026-03-23 09:00:00,1,0
RCT000002425,RC0022,U0005046,in_app,2026-05-23 15:00:00,1,0
RCT000002426,RC0009,U0010970,sms,2026-05-12 13:00:00,1,0
RCT000002427,RC0003,U0005709,push,2026-02-12 15:00:00,0,0
RCT000002428,RC0010,U0004495,push,2026-03-12 19:00:00,1,0
RCT000002429,RC0005,U0004818,push,2026-07-28 17:00:00,1,0
RCT000002430,RC0019,U0005746,sms,2026-06-28 19:00:00,1,0
RCT000002431,RC0012,U0002250,push,2026-03-05 20:00:00,1,0
RCT000002432,RC0023,U0001960,sms,2026-05-30 13:00:00,1,0
RCT000002433,RC0004,U0005012,in_app,2026-02-01 16:00:00,1,0
RCT000002434,RC0002,U0010019,push,2026-06-18 12:00:00,1,1
RCT000002435,RC0003,U0010056,push,2026-02-12 20:00:00,1,0
RCT000002436,RC0012,U0003710,push,2026-02-27 13:00:00,1,0
RCT000002437,RC0006,U0009805,in_app,2026-02-19 08:00:00,1,0
RCT000002438,RC0011,U0010942,sms,2026-07-16 21:00:00,1,0
RCT000002439,RC0023,U0011339,sms,2026-05-29 12:00:00,1,0
RCT000002440,RC0005,U0008451,push,2026-08-03 17:00:00,1,0
RCT000002441,RC0014,U0000483,push,2026-03-26 15:00:00,1,0
RCT000002442,RC0023,U0004411,sms,2026-05-29 19:00:00,1,0
RCT000002443,RC0007,U0009438,push,2026-06-29 21:00:00,1,1
RCT000002444,RC0010,U0011012,push,2026-03-15 16:00:00,1,0
RCT000002445,RC0011,U0005020,sms,2026-07-14 12:00:00,0,0
RCT000002446,RC0013,U0002288,push,2026-02-16 21:00:00,1,0
RCT000002447,RC0011,U0004684,sms,2026-07-10 19:00:00,0,0
RCT000002448,RC0013,U0002876,push,2026-02-20 19:00:00,1,1
RCT000002449,RC0010,U0011269,push,2026-03-13 17:00:00,1,0
RCT000002450,RC0020,U0003578,push,2026-05-24 17:00:00,1,0
RCT000002451,RC0005,U0004175,push,2026-07-30 20:00:00,1,0
RCT000002452,RC0021,U0001283,in_app,2026-04-14 19:00:00,1,1
RCT000002453,RC0004,U0011124,in_app,2026-02-01 18:00:00,1,0
RCT000002454,RC0024,U0006658,push,2026-06-05 16:00:00,1,0
RCT000002455,RC0016,U0006568,in_app,2026-02-20 20:00:00,1,0
RCT000002456,RC0021,U0009338,in_app,2026-04-15 18:00:00,1,1
RCT000002457,RC0021,U0010380,in_app,2026-04-16 20:00:00,1,0
RCT000002458,RC0013,U0000869,push,2026-02-18 18:00:00,1,0
RCT000002459,RC0014,U0004734,push,2026-03-24 10:00:00,1,1
RCT000002460,RC0009,U0003877,sms,2026-05-08 18:00:00,1,0
RCT000002461,RC0001,U0001229,push,2026-07-28 09:00:00,1,0
RCT000002462,RC0009,U0008533,sms,2026-05-06 19:00:00,1,0
RCT000002463,RC0011,U0006151,sms,2026-07-11 09:00:00,1,0
RCT000002464,RC0019,U0006883,sms,2026-06-27 12:00:00,1,0
RCT000002465,RC0003,U0008177,push,2026-02-16 14:00:00,1,0
RCT000002466,RC0005,U0008336,push,2026-07-30 13:00:00,1,0
RCT000002467,RC0007,U0006506,push,2026-06-23 20:00:00,1,1
RCT000002468,RC0009,U0006721,sms,2026-05-06 18:00:00,1,0
RCT000002469,RC0011,U0007999,sms,2026-07-13 09:00:00,1,0
RCT000002470,RC0011,U0007738,sms,2026-07-13 16:00:00,1,0
RCT000002471,RC0019,U0009407,sms,2026-06-26 19:00:00,1,0
RCT000002472,RC0002,U0003746,push,2026-06-14 16:00:00,1,0
RCT000002473,RC0004,U0011223,in_app,2026-02-01 16:00:00,1,0
RCT000002474,RC0022,U0008769,in_app,2026-05-26 09:00:00,1,1
RCT000002475,RC0012,U0009759,push,2026-03-02 09:00:00,1,0
RCT000002476,RC0023,U0011397,sms,2026-05-30 20:00:00,1,0
RCT000002477,RC0017,U0005705,sms,2026-04-08 10:00:00,1,0
RCT000002478,RC0018,U0009563,push,2026-02-13 14:00:00,1,0
RCT000002479,RC0010,U0009360,push,2026-03-18 17:00:00,1,0
RCT000002480,RC0010,U0003624,push,2026-03-15 19:00:00,1,0
RCT000002481,RC0008,U0001257,push,2026-06-25 10:00:00,1,0
RCT000002482,RC0014,U0003746,push,2026-03-24 12:00:00,1,0
RCT000002483,RC0017,U0005799,sms,2026-04-13 20:00:00,1,0
RCT000002484,RC0006,U0000264,in_app,2026-02-20 09:00:00,1,0
RCT000002485,RC0009,U0000366,sms,2026-05-08 19:00:00,0,0
RCT000002486,RC0011,U0004822,sms,2026-07-16 14:00:00,1,1
RCT000002487,RC0008,U0006042,push,2026-06-27 12:00:00,1,0
RCT000002488,RC0015,U0010637,push,2026-04-25 16:00:00,1,0
RCT000002489,RC0001,U0002188,push,2026-07-30 12:00:00,1,0
RCT000002490,RC0014,U0006555,push,2026-03-22 13:00:00,1,0
RCT000002491,RC0005,U0003987,push,2026-07-28 15:00:00,1,0
RCT000002492,RC0009,U0004398,sms,2026-05-12 19:00:00,1,1
RCT000002493,RC0010,U0010548,push,2026-03-18 18:00:00,1,0
RCT000002494,RC0014,U0005948,push,2026-03-24 13:00:00,1,0
RCT000002495,RC0005,U0009352,push,2026-08-01 09:00:00,1,1
RCT000002496,RC0021,U0003459,in_app,2026-04-20 21:00:00,1,0
RCT000002497,RC0019,U0005014,sms,2026-06-30 15:00:00,1,0
RCT000002498,RC0017,U0001730,sms,2026-04-14 15:00:00,1,1
RCT000002499,RC0001,U0009336,push,2026-07-28 09:00:00,1,0
RCT000002500,RC0002,U0004621,push,2026-06-18 09:00:00,1,0
RCT000002501,RC0011,U0007264,sms,2026-07-14 12:00:00,1,0
RCT000002502,RC0005,U0002782,push,2026-07-28 15:00:00,1,0
RCT000002503,RC0020,U0003314,push,2026-05-26 21:00:00,1,0
RCT000002504,RC0017,U0008520,sms,2026-04-10 19:00:00,1,0
RCT000002505,RC0002,U0007510,push,2026-06-14 18:00:00,1,0
RCT000002506,RC0017,U0007487,sms,2026-04-10 19:00:00,0,0
RCT000002507,RC0021,U0009686,in_app,2026-04-17 12:00:00,1,0
RCT000002508,RC0012,U0006170,push,2026-03-05 10:00:00,1,0
RCT000002509,RC0009,U0007496,sms,2026-05-06 08:00:00,1,0
RCT000002510,RC0012,U0008354,push,2026-03-04 17:00:00,1,0
RCT000002511,RC0021,U0006554,in_app,2026-04-20 21:00:00,1,1
RCT000002512,RC0012,U0001194,push,2026-03-03 21:00:00,1,0
RCT000002513,RC0016,U0003802,in_app,2026-02-26 08:00:00,0,0
RCT000002514,RC0013,U0009414,push,2026-02-15 12:00:00,1,0
RCT000002515,RC0024,U0004505,push,2026-06-08 11:00:00,1,0
RCT000002516,RC0022,U0002970,in_app,2026-05-26 21:00:00,1,0
RCT000002517,RC0020,U0004681,push,2026-05-26 10:00:00,1,0
RCT000002518,RC0001,U0002741,push,2026-07-26 19:00:00,1,0
RCT000002519,RC0021,U0006357,in_app,2026-04-18 11:00:00,1,0
RCT000002520,RC0018,U0004223,push,2026-02-08 17:00:00,1,1
RCT000002521,RC0023,U0005891,sms,2026-05-30 09:00:00,1,0
RCT000002522,RC0015,U0008676,push,2026-04-23 08:00:00,1,0
RCT000002523,RC0011,U0005153,sms,2026-07-13 18:00:00,1,0
RCT000002524,RC0020,U0002932,push,2026-05-25 21:00:00,1,0
RCT000002525,RC0015,U0001573,push,2026-04-22 15:00:00,1,0
RCT000002526,RC0008,U0003623,push,2026-06-26 18:00:00,1,0
RCT000002527,RC0007,U0010365,push,2026-06-26 19:00:00,1,0
RCT000002528,RC0006,U0007496,in_app,2026-02-16 19:00:00,1,0
RCT000002529,RC0005,U0006993,push,2026-08-01 13:00:00,1,1
RCT000002530,RC0008,U0004565,push,2026-06-21 09:00:00,1,0
RCT000002531,RC0023,U0000409,sms,2026-05-29 20:00:00,1,0
RCT000002532,RC0021,U0010332,in_app,2026-04-16 17:00:00,1,0
RCT000002533,RC0016,U0009881,in_app,2026-02-22 20:00:00,1,1
RCT000002534,RC0001,U0004744,push,2026-07-28 15:00:00,1,0
RCT000002535,RC0005,U0005036,push,2026-07-28 08:00:00,1,1
RCT000002536,RC0002,U0006464,push,2026-06-16 09:00:00,1,0
RCT000002537,RC0022,U0001800,in_app,2026-05-22 20:00:00,1,0
RCT000002538,RC0014,U0004646,push,2026-03-24 15:00:00,1,0
RCT000002539,RC0009,U0000846,sms,2026-05-10 11:00:00,1,0
RCT000002540,RC0012,U0004374,push,2026-03-02 16:00:00,0,0
RCT000002541,RC0018,U0008713,push,2026-02-10 14:00:00,1,1
RCT000002542,RC0007,U0004515,push,2026-06-28 09:00:00,1,0
RCT000002543,RC0009,U0010632,sms,2026-05-12 15:00:00,1,0
RCT000002544,RC0001,U0010610,push,2026-08-01 20:00:00,1,0
RCT000002545,RC0007,U0003643,push,2026-06-29 18:00:00,1,0
RCT000002546,RC0019,U0006246,sms,2026-06-27 12:00:00,0,0
RCT000002547,RC0005,U0005979,push,2026-08-02 14:00:00,1,1
RCT000002548,RC0005,U0010880,push,2026-07-28 10:00:00,1,0
RCT000002549,RC0005,U0008170,push,2026-08-01 19:00:00,1,0
RCT000002550,RC0003,U0010653,push,2026-02-15 12:00:00,1,1
RCT000002551,RC0009,U0002530,sms,2026-05-06 12:00:00,1,0
RCT000002552,RC0021,U0000907,in_app,2026-04-16 11:00:00,1,0
RCT000002553,RC0011,U0004837,sms,2026-07-16 15:00:00,1,0
RCT000002554,RC0015,U0004470,push,2026-04-26 20:00:00,1,0
RCT000002555,RC0013,U0002896,push,2026-02-20 09:00:00,1,0
RCT000002556,RC0019,U0011131,sms,2026-06-28 09:00:00,1,0
RCT000002557,RC0014,U0008553,push,2026-03-22 17:00:00,1,0
RCT000002558,RC0006,U0006178,in_app,2026-02-15 11:00:00,1,0
RCT000002559,RC0014,U0008428,push,2026-03-22 16:00:00,1,1
RCT000002560,RC0009,U0011557,sms,2026-05-12 15:00:00,1,0
RCT000002561,RC0018,U0003880,push,2026-02-10 20:00:00,1,1
RCT000002562,RC0012,U0005105,push,2026-02-28 18:00:00,1,0
RCT000002563,RC0024,U0007653,push,2026-06-04 11:00:00,1,0
RCT000002564,RC0024,U0005872,push,2026-06-05 19:00:00,1,0
RCT000002565,RC0021,U0011045,in_app,2026-04-18 11:00:00,0,0
RCT000002566,RC0021,U0002510,in_app,2026-04-19 10:00:00,1,0
RCT000002567,RC0004,U0008518,in_app,2026-02-03 20:00:00,1,0
RCT000002568,RC0019,U0008636,sms,2026-07-01 20:00:00,1,0
RCT000002569,RC0006,U0000828,in_app,2026-02-21 20:00:00,1,0
RCT000002570,RC0003,U0006449,push,2026-02-11 21:00:00,1,0
RCT000002571,RC0016,U0003801,in_app,2026-02-22 17:00:00,1,0
RCT000002572,RC0003,U0003003,push,2026-02-15 11:00:00,1,0
RCT000002573,RC0005,U0005865,push,2026-08-01 20:00:00,0,0
RCT000002574,RC0011,U0004593,sms,2026-07-12 18:00:00,1,0
RCT000002575,RC0021,U0007819,in_app,2026-04-20 14:00:00,1,0
RCT000002576,RC0003,U0001780,push,2026-02-11 13:00:00,1,0
RCT000002577,RC0019,U0011883,sms,2026-06-30 17:00:00,1,0
RCT000002578,RC0006,U0005550,in_app,2026-02-17 11:00:00,1,0
RCT000002579,RC0014,U0007420,push,2026-03-26 17:00:00,1,0
RCT000002580,RC0013,U0007093,push,2026-02-14 21:00:00,1,0
RCT000002581,RC0016,U0004590,in_app,2026-02-23 20:00:00,1,0
RCT000002582,RC0012,U0009492,push,2026-03-02 20:00:00,1,0
RCT000002583,RC0017,U0001756,sms,2026-04-10 09:00:00,1,0
RCT000002584,RC0011,U0001883,sms,2026-07-11 14:00:00,1,0
RCT000002585,RC0019,U0000402,sms,2026-06-26 16:00:00,1,0
RCT000002586,RC0021,U0008172,in_app,2026-04-14 19:00:00,1,0
RCT000002587,RC0020,U0001857,push,2026-05-26 09:00:00,1,0
RCT000002588,RC0021,U0008461,in_app,2026-04-14 19:00:00,1,0
RCT000002589,RC0008,U0008251,push,2026-06-26 08:00:00,1,0
RCT000002590,RC0004,U0011835,in_app,2026-02-04 09:00:00,1,0
RCT000002591,RC0009,U0006934,sms,2026-05-12 13:00:00,1,0
RCT000002592,RC0012,U0004178,push,2026-03-04 18:00:00,1,0
RCT000002593,RC0016,U0006042,in_app,2026-02-26 19:00:00,1,1
RCT000002594,RC0022,U0003184,in_app,2026-05-26 18:00:00,1,0
RCT000002595,RC0010,U0007044,push,2026-03-16 14:00:00,0,0
RCT000002596,RC0019,U0007492,sms,2026-06-25 10:00:00,1,0
RCT000002597,RC0003,U0010229,push,2026-02-13 17:00:00,1,0
RCT000002598,RC0007,U0007186,push,2026-06-25 13:00:00,1,0
RCT000002599,RC0016,U0002241,in_app,2026-02-22 21:00:00,1,0
RCT000002600,RC0009,U0010003,sms,2026-05-11 09:00:00,1,0
RCT000002601,RC0020,U0011160,push,2026-05-26 14:00:00,1,0
RCT000002602,RC0006,U0006105,in_app,2026-02-20 14:00:00,1,0
RCT000002603,RC0021,U0004720,in_app,2026-04-20 17:00:00,1,1
RCT000002604,RC0002,U0003689,push,2026-06-17 21:00:00,1,0
RCT000002605,RC0011,U0007324,sms,2026-07-10 11:00:00,1,0
RCT000002606,RC0013,U0003470,push,2026-02-17 19:00:00,1,1
RCT000002607,RC0020,U0006015,push,2026-05-29 18:00:00,1,0
RCT000002608,RC0021,U0002756,in_app,2026-04-15 21:00:00,1,0
RCT000002609,RC0010,U0001469,push,2026-03-17 18:00:00,1,0
RCT000002610,RC0013,U0003843,push,2026-02-20 10:00:00,1,0
RCT000002611,RC0005,U0004581,push,2026-08-02 15:00:00,1,0
RCT000002612,RC0006,U0009012,in_app,2026-02-16 14:00:00,1,0
RCT000002613,RC0003,U0001523,push,2026-02-10 09:00:00,1,0
RCT000002614,RC0017,U0008174,sms,2026-04-14 13:00:00,0,0
RCT000002615,RC0013,U0002932,push,2026-02-18 19:00:00,1,0
RCT000002616,RC0020,U0009098,push,2026-05-25 11:00:00,1,0
RCT000002617,RC0015,U0003309,push,2026-04-26 17:00:00,1,0
RCT000002618,RC0011,U0002595,sms,2026-07-14 14:00:00,1,0
RCT000002619,RC0014,U0002877,push,2026-03-25 13:00:00,1,0
RCT000002620,RC0017,U0010598,sms,2026-04-10 21:00:00,1,0
RCT000002621,RC0007,U0010685,push,2026-06-25 09:00:00,1,0
RCT000002622,RC0010,U0006826,push,2026-03-13 19:00:00,1,0
RCT000002623,RC0021,U0010057,in_app,2026-04-16 08:00:00,1,0
RCT000002624,RC0008,U0003039,push,2026-06-27 13:00:00,1,0
RCT000002625,RC0012,U0002418,push,2026-03-03 18:00:00,1,0
RCT000002626,RC0006,U0011608,in_app,2026-02-21 11:00:00,1,0
RCT000002627,RC0023,U0011033,sms,2026-06-02 14:00:00,1,0
RCT000002628,RC0005,U0003961,push,2026-08-03 10:00:00,1,0
RCT000002629,RC0001,U0002043,push,2026-07-31 12:00:00,1,0
RCT000002630,RC0006,U0008924,in_app,2026-02-21 12:00:00,1,0
RCT000002631,RC0001,U0011876,push,2026-07-28 21:00:00,0,0
RCT000002632,RC0004,U0002326,in_app,2026-02-04 10:00:00,1,0
RCT000002633,RC0006,U0007429,in_app,2026-02-15 13:00:00,1,0
RCT000002634,RC0011,U0006314,sms,2026-07-13 11:00:00,1,0
RCT000002635,RC0010,U0011912,push,2026-03-18 11:00:00,1,0
RCT000002636,RC0014,U0008859,push,2026-03-26 11:00:00,1,0
RCT000002637,RC0007,U0011638,push,2026-06-26 14:00:00,1,0
RCT000002638,RC0007,U0003476,push,2026-06-26 09:00:00,0,0
RCT000002639,RC0004,U0010710,in_app,2026-02-04 19:00:00,1,0
RCT000002640,RC0021,U0008231,in_app,2026-04-14 19:00:00,1,0
RCT000002641,RC0002,U0001050,push,2026-06-13 18:00:00,1,0
RCT000002642,RC0007,U0011464,push,2026-06-29 15:00:00,1,0
RCT000002643,RC0001,U0006258,push,2026-07-31 15:00:00,1,1
RCT000002644,RC0022,U0008644,in_app,2026-05-26 08:00:00,1,0
RCT000002645,RC0019,U0004517,sms,2026-06-25 11:00:00,1,0
RCT000002646,RC0021,U0003472,in_app,2026-04-15 15:00:00,1,0
RCT000002647,RC0020,U0004360,push,2026-05-28 21:00:00,1,0
RCT000002648,RC0017,U0002194,sms,2026-04-09 18:00:00,1,0
RCT000002649,RC0003,U0005184,push,2026-02-10 10:00:00,1,0
RCT000002650,RC0012,U0005049,push,2026-02-27 13:00:00,1,0
RCT000002651,RC0021,U0002496,in_app,2026-04-19 19:00:00,1,1
RCT000002652,RC0016,U0007315,in_app,2026-02-20 15:00:00,1,0
RCT000002653,RC0013,U0008533,push,2026-02-15 16:00:00,1,0
RCT000002654,RC0007,U0003482,push,2026-06-26 15:00:00,1,1
RCT000002655,RC0009,U0011292,sms,2026-05-07 12:00:00,1,0
RCT000002656,RC0011,U0010481,sms,2026-07-16 17:00:00,1,0
RCT000002657,RC0003,U0001169,push,2026-02-11 13:00:00,1,0
RCT000002658,RC0016,U0005223,in_app,2026-02-20 21:00:00,1,0
RCT000002659,RC0002,U0009179,push,2026-06-19 14:00:00,1,0
RCT000002660,RC0010,U0006138,push,2026-03-14 15:00:00,0,0
RCT000002661,RC0023,U0006261,sms,2026-05-30 16:00:00,1,0
RCT000002662,RC0007,U0011404,push,2026-06-24 08:00:00,1,0
RCT000002663,RC0015,U0008925,push,2026-04-25 13:00:00,1,0
RCT000002664,RC0019,U0004817,sms,2026-06-29 19:00:00,1,0
RCT000002665,RC0013,U0004571,push,2026-02-20 17:00:00,1,0
RCT000002666,RC0017,U0002073,sms,2026-04-11 14:00:00,1,1
RCT000002667,RC0014,U0010131,push,2026-03-23 14:00:00,1,0
RCT000002668,RC0006,U0011630,in_app,2026-02-18 11:00:00,1,0
RCT000002669,RC0002,U0008462,push,2026-06-15 13:00:00,0,0
RCT000002670,RC0019,U0010721,sms,2026-06-28 10:00:00,1,0
RCT000002671,RC0011,U0011775,sms,2026-07-14 09:00:00,0,0
RCT000002672,RC0020,U0005683,push,2026-05-25 18:00:00,1,0
RCT000002673,RC0022,U0009866,in_app,2026-05-22 13:00:00,1,0
RCT000002674,RC0002,U0011159,push,2026-06-14 21:00:00,1,1
RCT000002675,RC0017,U0003961,sms,2026-04-10 10:00:00,0,0
RCT000002676,RC0007,U0002939,push,2026-06-28 20:00:00,1,0
RCT000002677,RC0023,U0002733,sms,2026-05-27 15:00:00,1,0
RCT000002678,RC0009,U0008757,sms,2026-05-12 20:00:00,1,0
RCT000002679,RC0019,U0005680,sms,2026-06-27 19:00:00,1,0
RCT000002680,RC0021,U0009863,in_app,2026-04-20 14:00:00,1,0
RCT000002681,RC0001,U0001819,push,2026-07-28 16:00:00,1,0
RCT000002682,RC0003,U0001738,push,2026-02-11 14:00:00,0,0
RCT000002683,RC0007,U0011345,push,2026-06-27 14:00:00,1,0
RCT000002684,RC0018,U0007588,push,2026-02-10 17:00:00,1,0
RCT000002685,RC0023,U0008666,sms,2026-05-31 15:00:00,1,0
RCT000002686,RC0024,U0006401,push,2026-06-06 16:00:00,1,0
RCT000002687,RC0001,U0005938,push,2026-07-30 19:00:00,1,0
RCT000002688,RC0004,U0001284,in_app,2026-02-06 16:00:00,1,0
RCT000002689,RC0003,U0003125,push,2026-02-15 15:00:00,1,1
RCT000002690,RC0020,U0008124,push,2026-05-28 18:00:00,0,0
RCT000002691,RC0002,U0011311,push,2026-06-19 10:00:00,1,0
RCT000002692,RC0008,U0010973,push,2026-06-23 17:00:00,1,0
RCT000002693,RC0007,U0010558,push,2026-06-23 15:00:00,1,0
RCT000002694,RC0016,U0008607,in_app,2026-02-24 15:00:00,1,1
RCT000002695,RC0010,U0001006,push,2026-03-16 12:00:00,1,0
RCT000002696,RC0003,U0001010,push,2026-02-13 11:00:00,1,0
RCT000002697,RC0018,U0007986,push,2026-02-12 09:00:00,1,1
RCT000002698,RC0007,U0009874,push,2026-06-29 12:00:00,1,0
RCT000002699,RC0020,U0009409,push,2026-05-30 10:00:00,1,0
RCT000002700,RC0020,U0008753,push,2026-05-27 10:00:00,1,0
RCT000002701,RC0015,U0008235,push,2026-04-27 18:00:00,1,1
RCT000002702,RC0018,U0003488,push,2026-02-11 21:00:00,1,0
RCT000002703,RC0003,U0002383,push,2026-02-15 18:00:00,1,0
RCT000002704,RC0023,U0008288,sms,2026-05-27 12:00:00,1,0
RCT000002705,RC0023,U0002328,sms,2026-05-29 12:00:00,1,0
RCT000002706,RC0008,U0001719,push,2026-06-22 18:00:00,0,0
RCT000002707,RC0006,U0007509,in_app,2026-02-17 18:00:00,1,0
RCT000002708,RC0012,U0010951,push,2026-03-02 17:00:00,1,1
RCT000002709,RC0014,U0005063,push,2026-03-23 09:00:00,1,0
RCT000002710,RC0006,U0002491,in_app,2026-02-18 11:00:00,1,0
RCT000002711,RC0016,U0008122,in_app,2026-02-22 17:00:00,1,0
RCT000002712,RC0009,U0000539,sms,2026-05-08 13:00:00,1,0
RCT000002713,RC0013,U0007850,push,2026-02-14 21:00:00,1,0
RCT000002714,RC0016,U0002034,in_app,2026-02-26 13:00:00,1,0
RCT000002715,RC0017,U0003963,sms,2026-04-13 14:00:00,1,0
RCT000002716,RC0022,U0000703,in_app,2026-05-26 21:00:00,1,0
RCT000002717,RC0019,U0011479,sms,2026-06-28 15:00:00,1,0
RCT000002718,RC0024,U0010633,push,2026-06-09 14:00:00,1,0
RCT000002719,RC0007,U0002930,push,2026-06-24 17:00:00,1,0
RCT000002720,RC0022,U0001101,in_app,2026-05-25 21:00:00,1,0
RCT000002721,RC0007,U0003166,push,2026-06-27 20:00:00,1,1
RCT000002722,RC0021,U0001886,in_app,2026-04-14 08:00:00,1,0
RCT000002723,RC0001,U0010420,push,2026-08-01 16:00:00,1,0
RCT000002724,RC0024,U0001361,push,2026-06-10 19:00:00,0,0
RCT000002725,RC0016,U0009560,in_app,2026-02-22 08:00:00,1,0
RCT000002726,RC0004,U0008721,in_app,2026-02-03 13:00:00,1,0
RCT000002727,RC0024,U0003124,push,2026-06-09 08:00:00,0,0
RCT000002728,RC0023,U0011723,sms,2026-05-31 18:00:00,1,0
RCT000002729,RC0009,U0002255,sms,2026-05-10 17:00:00,1,0
RCT000002730,RC0021,U0004231,in_app,2026-04-20 19:00:00,1,0
RCT000002731,RC0024,U0005003,push,2026-06-06 20:00:00,1,0
RCT000002732,RC0003,U0010268,push,2026-02-13 15:00:00,1,0
RCT000002733,RC0006,U0008655,in_app,2026-02-21 16:00:00,1,0
RCT000002734,RC0024,U0007320,push,2026-06-05 15:00:00,1,1
RCT000002735,RC0021,U0010093,in_app,2026-04-19 15:00:00,1,0
RCT000002736,RC0014,U0005569,push,2026-03-23 21:00:00,1,0
RCT000002737,RC0006,U0003554,in_app,2026-02-21 08:00:00,1,0
RCT000002738,RC0022,U0010654,in_app,2026-05-24 14:00:00,1,0
RCT000002739,RC0005,U0000963,push,2026-08-01 20:00:00,1,0
RCT000002740,RC0022,U0004961,in_app,2026-05-26 08:00:00,1,1
RCT000002741,RC0002,U0000036,push,2026-06-19 08:00:00,0,0
RCT000002742,RC0001,U0009530,push,2026-08-01 15:00:00,0,0
RCT000002743,RC0016,U0003913,in_app,2026-02-25 15:00:00,1,0
RCT000002744,RC0004,U0007554,in_app,2026-02-04 18:00:00,1,0
RCT000002745,RC0021,U0007190,in_app,2026-04-15 14:00:00,1,0
RCT000002746,RC0005,U0004683,push,2026-07-30 19:00:00,1,0
RCT000002747,RC0003,U0000622,push,2026-02-16 19:00:00,1,0
RCT000002748,RC0023,U0007421,sms,2026-06-01 10:00:00,1,0
RCT000002749,RC0012,U0004531,push,2026-03-01 09:00:00,1,0
RCT000002750,RC0018,U0001333,push,2026-02-08 18:00:00,1,0
RCT000002751,RC0004,U0003481,in_app,2026-02-02 19:00:00,1,0
RCT000002752,RC0012,U0006084,push,2026-02-27 09:00:00,1,0
RCT000002753,RC0011,U0000687,sms,2026-07-14 20:00:00,0,0
RCT000002754,RC0014,U0007159,push,2026-03-27 16:00:00,1,0
RCT000002755,RC0005,U0005112,push,2026-08-01 15:00:00,1,0
RCT000002756,RC0024,U0007828,push,2026-06-06 08:00:00,1,0
RCT000002757,RC0001,U0009318,push,2026-07-31 17:00:00,1,0
RCT000002758,RC0024,U0011118,push,2026-06-08 15:00:00,1,0
RCT000002759,RC0010,U0001678,push,2026-03-12 10:00:00,1,0
RCT000002760,RC0012,U0008366,push,2026-02-28 08:00:00,1,0
RCT000002761,RC0009,U0003458,sms,2026-05-10 15:00:00,1,0
RCT000002762,RC0015,U0005631,push,2026-04-24 20:00:00,1,1
RCT000002763,RC0007,U0002026,push,2026-06-23 09:00:00,1,0
RCT000002764,RC0009,U0008706,sms,2026-05-12 09:00:00,1,0
RCT000002765,RC0013,U0009430,push,2026-02-18 14:00:00,1,1
RCT000002766,RC0001,U0006063,push,2026-07-26 19:00:00,1,0
RCT000002767,RC0002,U0005985,push,2026-06-16 09:00:00,1,1
RCT000002768,RC0014,U0002369,push,2026-03-24 21:00:00,1,0
RCT000002769,RC0001,U0010239,push,2026-07-27 16:00:00,1,1
RCT000002770,RC0023,U0005791,sms,2026-06-01 21:00:00,1,0
RCT000002771,RC0014,U0001459,push,2026-03-23 08:00:00,1,0
RCT000002772,RC0011,U0009686,sms,2026-07-16 20:00:00,1,0
RCT000002773,RC0020,U0005088,push,2026-05-26 16:00:00,1,0
RCT000002774,RC0011,U0009583,sms,2026-07-15 16:00:00,1,0
RCT000002775,RC0005,U0005848,push,2026-07-31 14:00:00,1,0
RCT000002776,RC0006,U0006712,in_app,2026-02-20 19:00:00,1,0
RCT000002777,RC0003,U0000697,push,2026-02-10 19:00:00,1,0
RCT000002778,RC0018,U0002471,push,2026-02-14 10:00:00,1,0
RCT000002779,RC0010,U0008890,push,2026-03-18 19:00:00,1,0
RCT000002780,RC0022,U0010826,in_app,2026-05-23 20:00:00,1,0
RCT000002781,RC0017,U0001998,sms,2026-04-11 10:00:00,1,0
RCT000002782,RC0014,U0008716,push,2026-03-26 17:00:00,1,0
RCT000002783,RC0021,U0010179,in_app,2026-04-14 17:00:00,1,0
RCT000002784,RC0024,U0000560,push,2026-06-10 11:00:00,1,0
RCT000002785,RC0009,U0000927,sms,2026-05-11 19:00:00,1,0
RCT000002786,RC0011,U0006995,sms,2026-07-14 15:00:00,1,0
RCT000002787,RC0016,U0008091,in_app,2026-02-24 13:00:00,1,0
RCT000002788,RC0024,U0001056,push,2026-06-05 11:00:00,1,0
RCT000002789,RC0009,U0005539,sms,2026-05-11 14:00:00,1,1
RCT000002790,RC0009,U0005796,sms,2026-05-07 17:00:00,1,0
RCT000002791,RC0014,U0006512,push,2026-03-22 18:00:00,1,0
RCT000002792,RC0019,U0001304,sms,2026-06-29 10:00:00,1,0
RCT000002793,RC0004,U0011494,in_app,2026-02-04 15:00:00,1,0
RCT000002794,RC0010,U0006105,push,2026-03-12 10:00:00,1,0
RCT000002795,RC0022,U0006972,in_app,2026-05-24 20:00:00,1,0
RCT000002796,RC0005,U0009368,push,2026-07-31 09:00:00,1,0
RCT000002797,RC0003,U0000591,push,2026-02-12 18:00:00,1,0
RCT000002798,RC0016,U0000383,in_app,2026-02-22 10:00:00,1,0
RCT000002799,RC0020,U0009833,push,2026-05-25 16:00:00,1,0
RCT000002800,RC0013,U0005063,push,2026-02-20 13:00:00,1,0
RCT000002801,RC0001,U0006707,push,2026-08-01 18:00:00,0,0
RCT000002802,RC0010,U0006060,push,2026-03-17 15:00:00,1,1
RCT000002803,RC0017,U0005596,sms,2026-04-10 09:00:00,0,0
RCT000002804,RC0017,U0009681,sms,2026-04-08 18:00:00,1,0
RCT000002805,RC0016,U0005654,in_app,2026-02-22 19:00:00,1,1
RCT000002806,RC0016,U0007222,in_app,2026-02-22 20:00:00,1,0
RCT000002807,RC0008,U0010311,push,2026-06-21 08:00:00,1,1
RCT000002808,RC0007,U0004725,push,2026-06-24 11:00:00,1,0
RCT000002809,RC0008,U0005752,push,2026-06-23 20:00:00,1,1
RCT000002810,RC0013,U0010658,push,2026-02-14 18:00:00,1,0
RCT000002811,RC0003,U0011708,push,2026-02-16 19:00:00,1,0
RCT000002812,RC0016,U0007659,in_app,2026-02-25 10:00:00,1,0
RCT000002813,RC0009,U0002671,sms,2026-05-09 15:00:00,1,0
RCT000002814,RC0012,U0009509,push,2026-03-01 13:00:00,1,0
RCT000002815,RC0004,U0011825,in_app,2026-02-02 17:00:00,1,1
RCT000002816,RC0013,U0003057,push,2026-02-14 17:00:00,1,0
RCT000002817,RC0018,U0004964,push,2026-02-11 09:00:00,1,0
RCT000002818,RC0020,U0001167,push,2026-05-30 10:00:00,1,0
RCT000002819,RC0013,U0000926,push,2026-02-16 09:00:00,1,0
RCT000002820,RC0023,U0011381,sms,2026-06-01 08:00:00,1,0
RCT000002821,RC0006,U0002940,in_app,2026-02-20 14:00:00,1,0
RCT000002822,RC0007,U0004471,push,2026-06-25 10:00:00,1,0
RCT000002823,RC0022,U0007574,in_app,2026-05-23 19:00:00,1,0
RCT000002824,RC0019,U0001966,sms,2026-06-30 10:00:00,0,0
RCT000002825,RC0018,U0002467,push,2026-02-08 15:00:00,1,0
RCT000002826,RC0004,U0005230,in_app,2026-02-06 17:00:00,1,0
RCT000002827,RC0019,U0005717,sms,2026-06-25 11:00:00,1,0
RCT000002828,RC0012,U0006932,push,2026-02-28 12:00:00,0,0
RCT000002829,RC0007,U0005425,push,2026-06-28 16:00:00,1,0
RCT000002830,RC0008,U0004749,push,2026-06-24 10:00:00,1,0
RCT000002831,RC0006,U0003221,in_app,2026-02-21 08:00:00,1,0
RCT000002832,RC0007,U0008533,push,2026-06-27 21:00:00,1,0
RCT000002833,RC0019,U0006612,sms,2026-06-30 10:00:00,1,0
RCT000002834,RC0008,U0008630,push,2026-06-24 12:00:00,1,1
RCT000002835,RC0015,U0002362,push,2026-04-27 13:00:00,1,0
RCT000002836,RC0024,U0005612,push,2026-06-09 14:00:00,1,1
RCT000002837,RC0008,U0001800,push,2026-06-21 17:00:00,1,0
RCT000002838,RC0007,U0006598,push,2026-06-24 17:00:00,1,0
RCT000002839,RC0014,U0003509,push,2026-03-25 21:00:00,1,1
RCT000002840,RC0006,U0000694,in_app,2026-02-16 12:00:00,1,0
RCT000002841,RC0013,U0010773,push,2026-02-16 13:00:00,1,0
RCT000002842,RC0022,U0007702,in_app,2026-05-24 16:00:00,1,0
RCT000002843,RC0004,U0006846,in_app,2026-02-05 08:00:00,1,0
RCT000002844,RC0022,U0004042,in_app,2026-05-25 15:00:00,1,1
RCT000002845,RC0017,U0001527,sms,2026-04-10 20:00:00,1,1
RCT000002846,RC0011,U0011919,sms,2026-07-14 19:00:00,1,0
RCT000002847,RC0022,U0002155,in_app,2026-05-25 10:00:00,1,0
RCT000002848,RC0007,U0000045,push,2026-06-24 14:00:00,1,1
RCT000002849,RC0018,U0011979,push,2026-02-13 10:00:00,1,0
RCT000002850,RC0018,U0004278,push,2026-02-12 11:00:00,1,0
RCT000002851,RC0001,U0008618,push,2026-07-27 19:00:00,1,0
RCT000002852,RC0012,U0003844,push,2026-03-04 19:00:00,1,0
RCT000002853,RC0015,U0008338,push,2026-04-22 11:00:00,1,0
RCT000002854,RC0006,U0007634,in_app,2026-02-15 15:00:00,1,0
RCT000002855,RC0022,U0000446,in_app,2026-05-24 10:00:00,1,0
RCT000002856,RC0003,U0010751,push,2026-02-13 15:00:00,1,0
RCT000002857,RC0006,U0006747,in_app,2026-02-18 11:00:00,1,0
RCT000002858,RC0014,U0003801,push,2026-03-21 15:00:00,1,0
RCT000002859,RC0017,U0002151,sms,2026-04-11 13:00:00,1,0
RCT000002860,RC0006,U0011273,in_app,2026-02-20 17:00:00,1,0
RCT000002861,RC0020,U0000385,push,2026-05-24 15:00:00,1,0
RCT000002862,RC0009,U0005883,sms,2026-05-09 15:00:00,1,0
RCT000002863,RC0019,U0002741,sms,2026-06-30 12:00:00,1,1
RCT000002864,RC0022,U0008193,in_app,2026-05-23 17:00:00,1,1
RCT000002865,RC0019,U0006435,sms,2026-06-28 09:00:00,1,0
RCT000002866,RC0021,U0003515,in_app,2026-04-14 08:00:00,1,0
RCT000002867,RC0003,U0010495,push,2026-02-14 17:00:00,1,1
RCT000002868,RC0021,U0005671,in_app,2026-04-16 15:00:00,1,0
RCT000002869,RC0005,U0005364,push,2026-08-03 20:00:00,1,0
RCT000002870,RC0021,U0000741,in_app,2026-04-16 15:00:00,1,0
RCT000002871,RC0007,U0000090,push,2026-06-26 19:00:00,1,0
RCT000002872,RC0008,U0006013,push,2026-06-24 12:00:00,1,1
RCT000002873,RC0024,U0005107,push,2026-06-09 12:00:00,1,0
RCT000002874,RC0012,U0004429,push,2026-03-03 16:00:00,1,0
RCT000002875,RC0008,U0001074,push,2026-06-25 13:00:00,1,0
RCT000002876,RC0012,U0008678,push,2026-03-04 11:00:00,0,0
RCT000002877,RC0004,U0009351,in_app,2026-02-06 09:00:00,1,0
RCT000002878,RC0013,U0008310,push,2026-02-20 12:00:00,1,0
RCT000002879,RC0010,U0011540,push,2026-03-18 18:00:00,1,1
RCT000002880,RC0015,U0008191,push,2026-04-27 19:00:00,0,0
RCT000002881,RC0023,U0007279,sms,2026-06-02 11:00:00,1,0
RCT000002882,RC0002,U0005805,push,2026-06-15 11:00:00,1,0
RCT000002883,RC0001,U0001027,push,2026-07-28 19:00:00,1,0
RCT000002884,RC0017,U0011066,sms,2026-04-08 16:00:00,1,1
RCT000002885,RC0009,U0002341,sms,2026-05-08 19:00:00,1,0
RCT000002886,RC0020,U0009687,push,2026-05-26 11:00:00,0,0
RCT000002887,RC0014,U0007876,push,2026-03-25 08:00:00,1,1
RCT000002888,RC0009,U0004225,sms,2026-05-09 10:00:00,1,0
RCT000002889,RC0021,U0009668,in_app,2026-04-18 11:00:00,1,0
RCT000002890,RC0001,U0010895,push,2026-07-30 17:00:00,1,0
RCT000002891,RC0023,U0004485,sms,2026-05-27 15:00:00,1,1
RCT000002892,RC0014,U0006073,push,2026-03-21 13:00:00,1,0
RCT000002893,RC0005,U0007451,push,2026-08-01 17:00:00,1,0
RCT000002894,RC0016,U0006945,in_app,2026-02-25 17:00:00,0,0
RCT000002895,RC0017,U0008788,sms,2026-04-10 19:00:00,1,0
RCT000002896,RC0017,U0002221,sms,2026-04-11 17:00:00,1,1
RCT000002897,RC0003,U0009544,push,2026-02-10 11:00:00,1,0
RCT000002898,RC0013,U0003326,push,2026-02-20 19:00:00,1,0
RCT000002899,RC0012,U0005755,push,2026-03-03 19:00:00,1,0
RCT000002900,RC0018,U0001061,push,2026-02-09 13:00:00,1,1
RCT000002901,RC0007,U0004079,push,2026-06-29 18:00:00,1,0
RCT000002902,RC0019,U0009917,sms,2026-06-29 20:00:00,1,0
RCT000002903,RC0010,U0003552,push,2026-03-15 10:00:00,1,0
RCT000002904,RC0004,U0004056,in_app,2026-02-03 16:00:00,1,0
RCT000002905,RC0009,U0004475,sms,2026-05-08 18:00:00,1,0
RCT000002906,RC0002,U0000624,push,2026-06-18 08:00:00,1,0
RCT000002907,RC0023,U0000797,sms,2026-05-28 20:00:00,1,0
RCT000002908,RC0017,U0007459,sms,2026-04-09 21:00:00,1,0
RCT000002909,RC0012,U0011307,push,2026-02-28 20:00:00,1,0
RCT000002910,RC0020,U0000929,push,2026-05-26 11:00:00,1,0
RCT000002911,RC0013,U0005098,push,2026-02-15 21:00:00,1,0
RCT000002912,RC0017,U0007124,sms,2026-04-13 17:00:00,1,0
RCT000002913,RC0003,U0001385,push,2026-02-12 20:00:00,1,0
RCT000002914,RC0021,U0004182,in_app,2026-04-17 12:00:00,1,0
RCT000002915,RC0017,U0004108,sms,2026-04-11 15:00:00,1,1
RCT000002916,RC0013,U0008627,push,2026-02-17 09:00:00,1,1
RCT000002917,RC0004,U0006378,in_app,2026-02-03 15:00:00,1,0
RCT000002918,RC0004,U0006687,in_app,2026-02-06 10:00:00,1,1
RCT000002919,RC0005,U0000888,push,2026-07-30 21:00:00,1,0
RCT000002920,RC0023,U0004559,sms,2026-06-02 20:00:00,1,0
RCT000002921,RC0005,U0000454,push,2026-07-31 14:00:00,1,0
RCT000002922,RC0014,U0002273,push,2026-03-22 21:00:00,1,0
RCT000002923,RC0017,U0003039,sms,2026-04-09 09:00:00,1,0
RCT000002924,RC0002,U0004377,push,2026-06-14 13:00:00,1,0
RCT000002925,RC0002,U0000068,push,2026-06-17 21:00:00,1,0
RCT000002926,RC0007,U0011575,push,2026-06-23 19:00:00,1,0
RCT000002927,RC0019,U0008106,sms,2026-06-29 12:00:00,1,0
RCT000002928,RC0007,U0004865,push,2026-06-24 20:00:00,0,0
RCT000002929,RC0021,U0007078,in_app,2026-04-19 12:00:00,1,0
RCT000002930,RC0018,U0004724,push,2026-02-11 09:00:00,1,1
RCT000002931,RC0017,U0001578,sms,2026-04-08 17:00:00,1,0
RCT000002932,RC0003,U0009043,push,2026-02-12 11:00:00,1,1
RCT000002933,RC0014,U0010164,push,2026-03-25 16:00:00,1,1
RCT000002934,RC0023,U0004534,sms,2026-05-31 10:00:00,1,0
RCT000002935,RC0023,U0006391,sms,2026-05-27 16:00:00,1,0
RCT000002936,RC0019,U0000322,sms,2026-06-27 08:00:00,1,1
RCT000002937,RC0022,U0004089,in_app,2026-05-26 17:00:00,1,0
RCT000002938,RC0012,U0008798,push,2026-03-02 20:00:00,1,1
RCT000002939,RC0023,U0004025,sms,2026-05-31 08:00:00,1,0
RCT000002940,RC0013,U0002519,push,2026-02-20 10:00:00,1,1
RCT000002941,RC0010,U0009963,push,2026-03-16 10:00:00,1,0
RCT000002942,RC0023,U0006636,sms,2026-06-01 09:00:00,1,0
RCT000002943,RC0006,U0001906,in_app,2026-02-20 08:00:00,1,0
RCT000002944,RC0017,U0011458,sms,2026-04-09 15:00:00,1,0
RCT000002945,RC0020,U0007588,push,2026-05-28 15:00:00,1,1
RCT000002946,RC0005,U0001687,push,2026-07-31 11:00:00,0,0
RCT000002947,RC0006,U0009560,in_app,2026-02-18 14:00:00,1,1
RCT000002948,RC0002,U0006389,push,2026-06-19 12:00:00,0,0
RCT000002949,RC0002,U0001884,push,2026-06-15 20:00:00,1,0
RCT000002950,RC0023,U0005468,sms,2026-05-28 18:00:00,1,0
RCT000002951,RC0003,U0005795,push,2026-02-12 13:00:00,1,0
RCT000002952,RC0008,U0009874,push,2026-06-23 20:00:00,1,0
RCT000002953,RC0007,U0004628,push,2026-06-29 14:00:00,1,1
RCT000002954,RC0004,U0008116,in_app,2026-02-01 14:00:00,1,0
RCT000002955,RC0022,U0006834,in_app,2026-05-27 19:00:00,1,0
RCT000002956,RC0013,U0001908,push,2026-02-18 08:00:00,1,0
RCT000002957,RC0001,U0010486,push,2026-07-26 15:00:00,1,0
RCT000002958,RC0020,U0002819,push,2026-05-30 13:00:00,1,0
RCT000002959,RC0010,U0003777,push,2026-03-12 09:00:00,1,1
RCT000002960,RC0012,U0007968,push,2026-03-02 21:00:00,1,0
RCT000002961,RC0010,U0006505,push,2026-03-12 10:00:00,1,0
RCT000002962,RC0015,U0008258,push,2026-04-26 21:00:00,1,0
RCT000002963,RC0009,U0008143,sms,2026-05-12 20:00:00,1,0
RCT000002964,RC0021,U0002800,in_app,2026-04-20 18:00:00,1,0
RCT000002965,RC0005,U0008378,push,2026-07-30 08:00:00,1,0
RCT000002966,RC0018,U0001424,push,2026-02-10 08:00:00,1,0
RCT000002967,RC0016,U0005416,in_app,2026-02-26 16:00:00,1,0
RCT000002968,RC0011,U0011292,sms,2026-07-11 10:00:00,1,0
RCT000002969,RC0003,U0001029,push,2026-02-16 19:00:00,1,0
RCT000002970,RC0021,U0010259,in_app,2026-04-17 13:00:00,1,0
RCT000002971,RC0019,U0005342,sms,2026-06-25 12:00:00,1,0
RCT000002972,RC0016,U0009878,in_app,2026-02-21 13:00:00,1,1
RCT000002973,RC0021,U0006484,in_app,2026-04-14 15:00:00,1,0
RCT000002974,RC0011,U0006975,sms,2026-07-16 12:00:00,1,0
RCT000002975,RC0012,U0009063,push,2026-02-27 21:00:00,1,0
RCT000002976,RC0002,U0007615,push,2026-06-18 09:00:00,1,1
RCT000002977,RC0010,U0008977,push,2026-03-17 09:00:00,1,1
RCT000002978,RC0006,U0002967,in_app,2026-02-15 08:00:00,0,0
RCT000002979,RC0004,U0003450,in_app,2026-02-02 09:00:00,1,0
RCT000002980,RC0017,U0006387,sms,2026-04-13 10:00:00,1,0
RCT000002981,RC0018,U0005104,push,2026-02-10 09:00:00,1,0
RCT000002982,RC0007,U0006879,push,2026-06-27 14:00:00,1,0
RCT000002983,RC0015,U0006331,push,2026-04-22 09:00:00,1,0
RCT000002984,RC0015,U0002288,push,2026-04-27 20:00:00,1,0
RCT000002985,RC0017,U0002533,sms,2026-04-14 12:00:00,1,0
RCT000002986,RC0023,U0002487,sms,2026-05-31 09:00:00,1,0
RCT000002987,RC0012,U0006926,push,2026-03-01 15:00:00,1,0
RCT000002988,RC0011,U0008840,sms,2026-07-13 15:00:00,1,0
RCT000002989,RC0013,U0004445,push,2026-02-14 10:00:00,0,0
RCT000002990,RC0005,U0010361,push,2026-08-01 18:00:00,1,0
RCT000002991,RC0009,U0005275,sms,2026-05-12 17:00:00,1,0
RCT000002992,RC0001,U0009563,push,2026-07-31 08:00:00,1,0
RCT000002993,RC0006,U0008524,in_app,2026-02-17 11:00:00,1,0
RCT000002994,RC0014,U0003780,push,2026-03-25 21:00:00,1,0
RCT000002995,RC0008,U0008994,push,2026-06-21 11:00:00,1,0
RCT000002996,RC0015,U0006913,push,2026-04-25 16:00:00,0,0
RCT000002997,RC0017,U0000068,sms,2026-04-09 19:00:00,1,0
RCT000002998,RC0015,U0005835,push,2026-04-27 19:00:00,0,0
RCT000002999,RC0008,U0007675,push,2026-06-24 11:00:00,1,0
RCT000003000,RC0005,U0007328,push,2026-07-28 19:00:00,1,0
RCT000003001,RC0019,U0010910,sms,2026-06-26 08:00:00,1,0
RCT000003002,RC0021,U0007155,in_app,2026-04-19 13:00:00,1,0
RCT000003003,RC0019,U0003545,sms,2026-06-26 13:00:00,1,1
RCT000003004,RC0021,U0006973,in_app,2026-04-17 16:00:00,1,1
RCT000003005,RC0001,U0002592,push,2026-07-28 08:00:00,1,1
RCT000003006,RC0011,U0001187,sms,2026-07-16 08:00:00,1,0
RCT000003007,RC0020,U0005971,push,2026-05-26 18:00:00,0,0
RCT000003008,RC0001,U0008425,push,2026-08-01 11:00:00,1,1
RCT000003009,RC0003,U0001716,push,2026-02-11 17:00:00,1,0
RCT000003010,RC0002,U0011126,push,2026-06-18 13:00:00,1,0
RCT000003011,RC0024,U0009922,push,2026-06-10 16:00:00,1,0
RCT000003012,RC0009,U0006092,sms,2026-05-10 15:00:00,1,0
RCT000003013,RC0013,U0011062,push,2026-02-14 19:00:00,1,0
RCT000003014,RC0013,U0010284,push,2026-02-15 19:00:00,1,0
RCT000003015,RC0018,U0000005,push,2026-02-13 19:00:00,1,0
RCT000003016,RC0024,U0009851,push,2026-06-07 08:00:00,1,0
RCT000003017,RC0011,U0004528,sms,2026-07-15 10:00:00,1,1
RCT000003018,RC0005,U0001509,push,2026-07-30 19:00:00,1,0
RCT000003019,RC0005,U0003892,push,2026-07-28 11:00:00,1,0
RCT000003020,RC0016,U0000068,in_app,2026-02-23 18:00:00,0,0
RCT000003021,RC0012,U0010085,push,2026-03-04 13:00:00,0,0
RCT000003022,RC0011,U0005287,sms,2026-07-14 15:00:00,1,0
RCT000003023,RC0022,U0007292,in_app,2026-05-24 09:00:00,1,0
RCT000003024,RC0005,U0009454,push,2026-07-30 19:00:00,1,0
RCT000003025,RC0012,U0008732,push,2026-03-05 19:00:00,1,1
RCT000003026,RC0008,U0007682,push,2026-06-25 08:00:00,1,0
RCT000003027,RC0016,U0000726,in_app,2026-02-26 14:00:00,1,0
RCT000003028,RC0005,U0004469,push,2026-08-03 21:00:00,1,0
RCT000003029,RC0021,U0009911,in_app,2026-04-19 18:00:00,1,0
RCT000003030,RC0014,U0006655,push,2026-03-27 08:00:00,1,0
RCT000003031,RC0003,U0011560,push,2026-02-12 10:00:00,1,0
RCT000003032,RC0019,U0009273,sms,2026-07-01 16:00:00,1,0
RCT000003033,RC0021,U0001772,in_app,2026-04-17 20:00:00,1,0
RCT000003034,RC0016,U0010139,in_app,2026-02-20 15:00:00,1,0
RCT000003035,RC0011,U0007157,sms,2026-07-13 16:00:00,1,0
RCT000003036,RC0001,U0009025,push,2026-07-29 20:00:00,1,0
RCT000003037,RC0015,U0009836,push,2026-04-27 15:00:00,1,0
RCT000003038,RC0020,U0004162,push,2026-05-26 14:00:00,1,0
RCT000003039,RC0012,U0005977,push,2026-03-04 21:00:00,1,0
RCT000003040,RC0003,U0009486,push,2026-02-14 12:00:00,1,0
RCT000003041,RC0012,U0000358,push,2026-03-03 10:00:00,1,0
RCT000003042,RC0007,U0009920,push,2026-06-23 19:00:00,1,0
RCT000003043,RC0022,U0008427,in_app,2026-05-25 20:00:00,1,1
RCT000003044,RC0011,U0003040,sms,2026-07-16 11:00:00,1,0
RCT000003045,RC0024,U0008132,push,2026-06-08 14:00:00,1,1
RCT000003046,RC0024,U0007683,push,2026-06-05 10:00:00,1,0
RCT000003047,RC0012,U0003354,push,2026-03-05 21:00:00,1,0
RCT000003048,RC0004,U0008238,in_app,2026-02-03 18:00:00,1,0
RCT000003049,RC0005,U0010143,push,2026-08-02 13:00:00,1,0
RCT000003050,RC0020,U0003152,push,2026-05-28 16:00:00,1,0
RCT000003051,RC0024,U0002772,push,2026-06-09 14:00:00,1,0
RCT000003052,RC0019,U0009189,sms,2026-06-29 09:00:00,1,0
RCT000003053,RC0019,U0010842,sms,2026-06-26 15:00:00,1,0
RCT000003054,RC0015,U0002592,push,2026-04-27 11:00:00,1,0
RCT000003055,RC0009,U0001933,sms,2026-05-06 12:00:00,1,0
RCT000003056,RC0023,U0010895,sms,2026-05-31 11:00:00,1,0
RCT000003057,RC0010,U0005244,push,2026-03-16 17:00:00,0,0
RCT000003058,RC0010,U0000426,push,2026-03-18 10:00:00,1,0
RCT000003059,RC0009,U0002443,sms,2026-05-06 20:00:00,1,0
RCT000003060,RC0007,U0002145,push,2026-06-26 11:00:00,1,0
RCT000003061,RC0007,U0007962,push,2026-06-26 20:00:00,1,0
RCT000003062,RC0017,U0001537,sms,2026-04-08 15:00:00,0,0
RCT000003063,RC0016,U0002868,in_app,2026-02-22 11:00:00,0,0
RCT000003064,RC0019,U0009982,sms,2026-06-27 20:00:00,1,0
RCT000003065,RC0012,U0001385,push,2026-03-01 15:00:00,1,0
RCT000003066,RC0014,U0011560,push,2026-03-27 11:00:00,1,0
RCT000003067,RC0011,U0006428,sms,2026-07-15 17:00:00,1,0
RCT000003068,RC0008,U0007736,push,2026-06-25 16:00:00,1,0
RCT000003069,RC0022,U0008999,in_app,2026-05-27 15:00:00,1,0
RCT000003070,RC0001,U0008874,push,2026-07-31 15:00:00,1,1
RCT000003071,RC0023,U0010517,sms,2026-05-30 08:00:00,0,0
RCT000003072,RC0009,U0005783,sms,2026-05-07 13:00:00,1,0
RCT000003073,RC0014,U0003152,push,2026-03-27 12:00:00,1,0
RCT000003074,RC0011,U0003603,sms,2026-07-11 11:00:00,1,0
RCT000003075,RC0015,U0005633,push,2026-04-25 08:00:00,1,0
RCT000003076,RC0020,U0000546,push,2026-05-24 08:00:00,0,0
RCT000003077,RC0017,U0006485,sms,2026-04-12 11:00:00,1,0
RCT000003078,RC0016,U0003132,in_app,2026-02-22 15:00:00,1,0
RCT000003079,RC0016,U0002619,in_app,2026-02-25 20:00:00,1,1
RCT000003080,RC0024,U0007508,push,2026-06-08 17:00:00,1,0
RCT000003081,RC0014,U0005606,push,2026-03-25 11:00:00,1,1
RCT000003082,RC0010,U0001682,push,2026-03-18 16:00:00,1,0
RCT000003083,RC0021,U0003040,in_app,2026-04-16 12:00:00,1,0
RCT000003084,RC0005,U0001579,push,2026-07-30 20:00:00,1,0
RCT000003085,RC0002,U0009994,push,2026-06-13 19:00:00,1,0
RCT000003086,RC0010,U0009439,push,2026-03-13 10:00:00,1,1
RCT000003087,RC0020,U0011483,push,2026-05-24 13:00:00,1,0
RCT000003088,RC0001,U0001389,push,2026-07-30 13:00:00,1,0
RCT000003089,RC0017,U0002226,sms,2026-04-13 17:00:00,0,0
RCT000003090,RC0005,U0009377,push,2026-08-03 21:00:00,1,0
RCT000003091,RC0020,U0007455,push,2026-05-25 14:00:00,1,0
RCT000003092,RC0018,U0002363,push,2026-02-12 08:00:00,1,0
RCT000003093,RC0013,U0004717,push,2026-02-18 19:00:00,1,0
RCT000003094,RC0011,U0008387,sms,2026-07-12 16:00:00,1,0
RCT000003095,RC0016,U0010513,in_app,2026-02-26 12:00:00,1,0
RCT000003096,RC0018,U0002508,push,2026-02-12 19:00:00,1,0
RCT000003097,RC0005,U0007790,push,2026-08-03 21:00:00,1,1
RCT000003098,RC0004,U0004229,in_app,2026-02-05 19:00:00,1,0
RCT000003099,RC0019,U0003067,sms,2026-06-26 10:00:00,1,1
RCT000003100,RC0013,U0009240,push,2026-02-15 11:00:00,0,0
RCT000003101,RC0005,U0005835,push,2026-08-02 10:00:00,1,0
RCT000003102,RC0019,U0002531,sms,2026-06-25 12:00:00,1,0
RCT000003103,RC0004,U0009792,in_app,2026-01-31 19:00:00,1,0
RCT000003104,RC0019,U0010783,sms,2026-06-30 18:00:00,1,0
RCT000003105,RC0024,U0009824,push,2026-06-06 16:00:00,0,0
RCT000003106,RC0009,U0002501,sms,2026-05-11 16:00:00,1,0
RCT000003107,RC0017,U0008424,sms,2026-04-11 16:00:00,1,0
RCT000003108,RC0022,U0004517,in_app,2026-05-22 21:00:00,1,0
RCT000003109,RC0016,U0007185,in_app,2026-02-22 14:00:00,1,0
RCT000003110,RC0016,U0010373,in_app,2026-02-25 19:00:00,1,0
RCT000003111,RC0022,U0003855,in_app,2026-05-27 20:00:00,1,0
RCT000003112,RC0011,U0007401,sms,2026-07-14 18:00:00,1,0
RCT000003113,RC0017,U0008524,sms,2026-04-08 19:00:00,1,0
RCT000003114,RC0010,U0002203,push,2026-03-18 13:00:00,1,1
RCT000003115,RC0015,U0006401,push,2026-04-23 09:00:00,1,0
RCT000003116,RC0004,U0006233,in_app,2026-02-02 16:00:00,1,0
RCT000003117,RC0016,U0010140,in_app,2026-02-26 18:00:00,1,0
RCT000003118,RC0007,U0005853,push,2026-06-24 10:00:00,1,1
RCT000003119,RC0017,U0011387,sms,2026-04-08 08:00:00,1,0
RCT000003120,RC0017,U0002394,sms,2026-04-13 11:00:00,1,0
RCT000003121,RC0017,U0001501,sms,2026-04-10 10:00:00,1,0
RCT000003122,RC0010,U0007505,push,2026-03-14 20:00:00,1,0
RCT000003123,RC0005,U0005132,push,2026-08-02 12:00:00,1,0
RCT000003124,RC0017,U0009574,sms,2026-04-10 18:00:00,1,0
RCT000003125,RC0014,U0008833,push,2026-03-23 18:00:00,1,0
RCT000003126,RC0004,U0008427,in_app,2026-01-31 19:00:00,1,0
RCT000003127,RC0021,U0000345,in_app,2026-04-17 13:00:00,1,0
RCT000003128,RC0005,U0010540,push,2026-08-03 13:00:00,1,0
RCT000003129,RC0023,U0002098,sms,2026-05-30 16:00:00,1,0
RCT000003130,RC0005,U0009328,push,2026-07-29 16:00:00,1,0
RCT000003131,RC0004,U0002835,in_app,2026-02-05 13:00:00,1,0
RCT000003132,RC0018,U0005682,push,2026-02-08 09:00:00,1,0
RCT000003133,RC0022,U0004247,in_app,2026-05-21 21:00:00,1,0
RCT000003134,RC0013,U0003710,push,2026-02-18 12:00:00,1,0
RCT000003135,RC0013,U0000954,push,2026-02-17 20:00:00,1,1
RCT000003136,RC0021,U0007714,in_app,2026-04-15 16:00:00,1,0
RCT000003137,RC0001,U0000932,push,2026-07-28 13:00:00,1,0
RCT000003138,RC0023,U0011287,sms,2026-05-27 21:00:00,1,0
RCT000003139,RC0003,U0006138,push,2026-02-10 13:00:00,1,0
RCT000003140,RC0021,U0006141,in_app,2026-04-17 19:00:00,1,0
RCT000003141,RC0008,U0002084,push,2026-06-25 19:00:00,1,0
RCT000003142,RC0006,U0009967,in_app,2026-02-19 12:00:00,0,0
RCT000003143,RC0003,U0006973,push,2026-02-10 20:00:00,1,0
RCT000003144,RC0021,U0011268,in_app,2026-04-14 10:00:00,1,0
RCT000003145,RC0023,U0006388,sms,2026-05-31 20:00:00,1,0
RCT000003146,RC0008,U0006361,push,2026-06-26 18:00:00,1,1
RCT000003147,RC0017,U0010615,sms,2026-04-10 12:00:00,1,0
RCT000003148,RC0001,U0001780,push,2026-07-26 21:00:00,1,0
RCT000003149,RC0018,U0010621,push,2026-02-08 21:00:00,1,0
RCT000003150,RC0013,U0008584,push,2026-02-16 15:00:00,1,1
RCT000003151,RC0009,U0004612,sms,2026-05-08 20:00:00,1,0
RCT000003152,RC0015,U0005184,push,2026-04-25 10:00:00,1,1
RCT000003153,RC0021,U0001940,in_app,2026-04-20 19:00:00,1,0
RCT000003154,RC0002,U0005913,push,2026-06-13 09:00:00,1,1
RCT000003155,RC0019,U0005153,sms,2026-06-28 13:00:00,1,1
RCT000003156,RC0024,U0009631,push,2026-06-07 11:00:00,1,0
RCT000003157,RC0010,U0011537,push,2026-03-13 08:00:00,1,0
RCT000003158,RC0023,U0002780,sms,2026-05-30 14:00:00,1,0
RCT000003159,RC0004,U0000747,in_app,2026-02-03 08:00:00,1,0
RCT000003160,RC0023,U0011687,sms,2026-05-28 19:00:00,1,0
RCT000003161,RC0021,U0002495,in_app,2026-04-19 15:00:00,1,0
RCT000003162,RC0015,U0010008,push,2026-04-24 08:00:00,1,0
RCT000003163,RC0011,U0007578,sms,2026-07-16 18:00:00,1,0
RCT000003164,RC0020,U0008450,push,2026-05-30 20:00:00,1,0
RCT000003165,RC0003,U0003286,push,2026-02-15 18:00:00,1,0
RCT000003166,RC0017,U0010249,sms,2026-04-12 12:00:00,1,0
RCT000003167,RC0019,U0005101,sms,2026-06-25 16:00:00,1,0
RCT000003168,RC0021,U0010609,in_app,2026-04-15 13:00:00,1,0
RCT000003169,RC0016,U0004145,in_app,2026-02-25 11:00:00,1,1
RCT000003170,RC0019,U0009135,sms,2026-06-26 20:00:00,1,0
RCT000003171,RC0007,U0003081,push,2026-06-29 21:00:00,1,0
RCT000003172,RC0010,U0009338,push,2026-03-13 12:00:00,1,0
RCT000003173,RC0022,U0005651,in_app,2026-05-23 19:00:00,1,1
RCT000003174,RC0013,U0006319,push,2026-02-18 21:00:00,1,0
RCT000003175,RC0017,U0004655,sms,2026-04-11 17:00:00,1,0
RCT000003176,RC0011,U0007218,sms,2026-07-15 20:00:00,1,0
RCT000003177,RC0008,U0001937,push,2026-06-21 13:00:00,1,0
RCT000003178,RC0021,U0009638,in_app,2026-04-19 13:00:00,1,0
RCT000003179,RC0001,U0000458,push,2026-07-28 21:00:00,1,0
RCT000003180,RC0017,U0006205,sms,2026-04-11 18:00:00,1,0
RCT000003181,RC0018,U0010164,push,2026-02-12 20:00:00,1,0
RCT000003182,RC0015,U0006662,push,2026-04-26 17:00:00,1,0
RCT000003183,RC0021,U0009202,in_app,2026-04-19 16:00:00,1,0
RCT000003184,RC0022,U0011146,in_app,2026-05-23 20:00:00,1,0
RCT000003185,RC0004,U0004729,in_app,2026-02-04 08:00:00,1,1
RCT000003186,RC0011,U0005533,sms,2026-07-10 10:00:00,1,0
RCT000003187,RC0017,U0008989,sms,2026-04-13 19:00:00,0,0
RCT000003188,RC0002,U0007375,push,2026-06-18 10:00:00,0,0
RCT000003189,RC0004,U0006747,in_app,2026-02-04 15:00:00,1,1
RCT000003190,RC0005,U0007468,push,2026-07-30 15:00:00,1,0
RCT000003191,RC0021,U0006482,in_app,2026-04-20 11:00:00,1,0
RCT000003192,RC0007,U0003135,push,2026-06-27 09:00:00,1,0
RCT000003193,RC0022,U0001084,in_app,2026-05-25 15:00:00,1,0
RCT000003194,RC0011,U0004865,sms,2026-07-15 15:00:00,1,0
RCT000003195,RC0007,U0001160,push,2026-06-26 17:00:00,1,0
RCT000003196,RC0016,U0011138,in_app,2026-02-21 21:00:00,1,0
RCT000003197,RC0007,U0004667,push,2026-06-24 14:00:00,1,1
RCT000003198,RC0014,U0008561,push,2026-03-27 17:00:00,1,0
RCT000003199,RC0002,U0006996,push,2026-06-14 11:00:00,1,0
RCT000003200,RC0020,U0006711,push,2026-05-28 16:00:00,1,0
RCT000003201,RC0015,U0008798,push,2026-04-24 20:00:00,1,0
RCT000003202,RC0009,U0003383,sms,2026-05-08 17:00:00,1,0
RCT000003203,RC0018,U0010926,push,2026-02-11 08:00:00,1,0
RCT000003204,RC0018,U0004848,push,2026-02-13 18:00:00,1,0
RCT000003205,RC0001,U0011099,push,2026-07-27 14:00:00,1,0
RCT000003206,RC0005,U0004896,push,2026-07-30 09:00:00,1,0
RCT000003207,RC0021,U0006529,in_app,2026-04-19 18:00:00,1,0
RCT000003208,RC0007,U0004697,push,2026-06-26 14:00:00,1,0
RCT000003209,RC0009,U0003077,sms,2026-05-11 12:00:00,1,0
RCT000003210,RC0004,U0005296,in_app,2026-02-03 21:00:00,1,1
RCT000003211,RC0017,U0011110,sms,2026-04-11 12:00:00,1,0
RCT000003212,RC0016,U0003010,in_app,2026-02-20 08:00:00,1,0
RCT000003213,RC0012,U0005238,push,2026-02-28 08:00:00,1,0
RCT000003214,RC0004,U0010094,in_app,2026-02-04 11:00:00,1,0
RCT000003215,RC0009,U0009806,sms,2026-05-09 21:00:00,1,0
RCT000003216,RC0014,U0007741,push,2026-03-22 15:00:00,1,1
RCT000003217,RC0012,U0010199,push,2026-03-02 18:00:00,1,1
RCT000003218,RC0003,U0000799,push,2026-02-10 18:00:00,1,0
RCT000003219,RC0016,U0001229,in_app,2026-02-22 14:00:00,1,0
RCT000003220,RC0004,U0009043,in_app,2026-02-01 15:00:00,1,0
RCT000003221,RC0010,U0007459,push,2026-03-12 09:00:00,1,0
RCT000003222,RC0017,U0002882,sms,2026-04-10 19:00:00,1,0
RCT000003223,RC0006,U0003493,in_app,2026-02-21 21:00:00,1,0
RCT000003224,RC0007,U0010302,push,2026-06-27 08:00:00,1,0
RCT000003225,RC0005,U0002664,push,2026-08-01 15:00:00,1,0
RCT000003226,RC0007,U0000895,push,2026-06-29 15:00:00,1,0
RCT000003227,RC0013,U0011912,push,2026-02-17 09:00:00,1,0
RCT000003228,RC0020,U0001396,push,2026-05-26 13:00:00,1,0
RCT000003229,RC0017,U0009196,sms,2026-04-13 17:00:00,1,0
RCT000003230,RC0023,U0011273,sms,2026-06-01 16:00:00,1,0
RCT000003231,RC0006,U0001081,in_app,2026-02-16 20:00:00,1,0
RCT000003232,RC0023,U0005284,sms,2026-06-02 20:00:00,1,0
RCT000003233,RC0017,U0004054,sms,2026-04-10 16:00:00,1,0
RCT000003234,RC0003,U0006930,push,2026-02-14 11:00:00,1,0
RCT000003235,RC0005,U0001552,push,2026-07-31 15:00:00,1,1
RCT000003236,RC0022,U0008647,in_app,2026-05-21 17:00:00,1,0
RCT000003237,RC0014,U0004590,push,2026-03-21 09:00:00,1,0
RCT000003238,RC0014,U0007638,push,2026-03-22 08:00:00,1,1
RCT000003239,RC0013,U0011459,push,2026-02-15 14:00:00,1,0
RCT000003240,RC0015,U0008005,push,2026-04-26 17:00:00,1,0
RCT000003241,RC0011,U0009027,sms,2026-07-10 12:00:00,1,1
RCT000003242,RC0002,U0007594,push,2026-06-14 11:00:00,1,0
RCT000003243,RC0019,U0005199,sms,2026-07-01 20:00:00,1,0
RCT000003244,RC0012,U0008021,push,2026-03-04 08:00:00,1,0
RCT000003245,RC0016,U0006988,in_app,2026-02-22 17:00:00,1,1
RCT000003246,RC0008,U0007583,push,2026-06-27 11:00:00,1,0
RCT000003247,RC0014,U0008618,push,2026-03-22 09:00:00,1,0
RCT000003248,RC0008,U0007638,push,2026-06-23 12:00:00,1,0
RCT000003249,RC0021,U0009065,in_app,2026-04-15 13:00:00,1,0
RCT000003250,RC0013,U0009602,push,2026-02-19 19:00:00,1,0
RCT000003251,RC0009,U0007091,sms,2026-05-09 20:00:00,1,0
RCT000003252,RC0007,U0008193,push,2026-06-27 18:00:00,1,0
RCT000003253,RC0007,U0011240,push,2026-06-24 20:00:00,1,0
RCT000003254,RC0009,U0010241,sms,2026-05-09 12:00:00,1,0
RCT000003255,RC0003,U0008261,push,2026-02-14 14:00:00,1,0
RCT000003256,RC0018,U0011844,push,2026-02-08 15:00:00,1,0
RCT000003257,RC0006,U0011296,in_app,2026-02-16 18:00:00,1,0
RCT000003258,RC0022,U0011082,in_app,2026-05-25 11:00:00,1,0
RCT000003259,RC0015,U0008789,push,2026-04-25 21:00:00,1,1
RCT000003260,RC0022,U0002158,in_app,2026-05-21 08:00:00,1,0
RCT000003261,RC0011,U0008527,sms,2026-07-14 15:00:00,1,0
RCT000003262,RC0017,U0001208,sms,2026-04-08 09:00:00,1,0
RCT000003263,RC0008,U0011726,push,2026-06-24 09:00:00,0,0
RCT000003264,RC0019,U0004692,sms,2026-06-26 08:00:00,1,0
RCT000003265,RC0012,U0011804,push,2026-03-04 14:00:00,1,0
RCT000003266,RC0014,U0004988,push,2026-03-22 15:00:00,1,0
RCT000003267,RC0021,U0009135,in_app,2026-04-16 16:00:00,1,0
RCT000003268,RC0023,U0006747,sms,2026-05-27 17:00:00,1,0
RCT000003269,RC0016,U0009722,in_app,2026-02-26 20:00:00,1,0
RCT000003270,RC0015,U0008672,push,2026-04-27 16:00:00,1,0
RCT000003271,RC0016,U0010280,in_app,2026-02-23 08:00:00,1,0
RCT000003272,RC0005,U0010105,push,2026-07-28 19:00:00,1,1
RCT000003273,RC0023,U0011359,sms,2026-06-01 15:00:00,1,0
RCT000003274,RC0021,U0011845,in_app,2026-04-20 09:00:00,1,0
RCT000003275,RC0017,U0003802,sms,2026-04-11 14:00:00,1,0
RCT000003276,RC0014,U0000902,push,2026-03-21 20:00:00,1,1
RCT000003277,RC0009,U0000271,sms,2026-05-06 17:00:00,0,0
RCT000003278,RC0004,U0003859,in_app,2026-02-01 11:00:00,1,0
RCT000003279,RC0015,U0001432,push,2026-04-21 16:00:00,1,0
RCT000003280,RC0010,U0011085,push,2026-03-16 09:00:00,1,0
RCT000003281,RC0006,U0002852,in_app,2026-02-20 14:00:00,1,0
RCT000003282,RC0007,U0003320,push,2026-06-29 09:00:00,1,0
RCT000003283,RC0016,U0010744,in_app,2026-02-21 10:00:00,1,0
RCT000003284,RC0007,U0004503,push,2026-06-23 11:00:00,1,1
RCT000003285,RC0008,U0002719,push,2026-06-27 10:00:00,1,0
RCT000003286,RC0017,U0005547,sms,2026-04-10 17:00:00,1,0
RCT000003287,RC0012,U0010078,push,2026-02-27 15:00:00,1,0
RCT000003288,RC0007,U0004242,push,2026-06-23 21:00:00,1,0
RCT000003289,RC0006,U0008120,in_app,2026-02-15 12:00:00,1,0
RCT000003290,RC0009,U0011456,sms,2026-05-12 16:00:00,1,0
RCT000003291,RC0008,U0007105,push,2026-06-25 21:00:00,1,0
RCT000003292,RC0022,U0010081,in_app,2026-05-24 17:00:00,1,0
RCT000003293,RC0019,U0011392,sms,2026-06-27 16:00:00,1,0
RCT000003294,RC0015,U0002751,push,2026-04-24 11:00:00,1,1
RCT000003295,RC0014,U0005736,push,2026-03-25 20:00:00,1,1
RCT000003296,RC0024,U0000816,push,2026-06-04 14:00:00,1,0
RCT000003297,RC0012,U0000157,push,2026-03-02 19:00:00,1,0
RCT000003298,RC0021,U0007082,in_app,2026-04-16 11:00:00,1,0
RCT000003299,RC0021,U0008999,in_app,2026-04-19 11:00:00,1,0
RCT000003300,RC0021,U0005786,in_app,2026-04-18 18:00:00,1,0
RCT000003301,RC0003,U0009448,push,2026-02-12 15:00:00,1,0
RCT000003302,RC0002,U0001647,push,2026-06-13 10:00:00,1,0
RCT000003303,RC0014,U0006568,push,2026-03-23 11:00:00,1,1
RCT000003304,RC0006,U0006027,in_app,2026-02-19 12:00:00,1,0
RCT000003305,RC0004,U0000956,in_app,2026-02-05 08:00:00,1,0
RCT000003306,RC0020,U0005100,push,2026-05-24 17:00:00,1,0
RCT000003307,RC0007,U0010337,push,2026-06-29 14:00:00,1,0
RCT000003308,RC0015,U0010433,push,2026-04-23 08:00:00,1,0
RCT000003309,RC0020,U0006574,push,2026-05-30 21:00:00,1,0
RCT000003310,RC0010,U0011610,push,2026-03-18 13:00:00,0,0
RCT000003311,RC0010,U0004612,push,2026-03-18 12:00:00,1,0
RCT000003312,RC0008,U0005044,push,2026-06-23 12:00:00,1,0
RCT000003313,RC0012,U0008971,push,2026-03-01 13:00:00,0,0
RCT000003314,RC0011,U0008260,sms,2026-07-14 09:00:00,1,0
RCT000003315,RC0010,U0010239,push,2026-03-13 18:00:00,1,0
RCT000003316,RC0008,U0005324,push,2026-06-23 10:00:00,0,0
RCT000003317,RC0002,U0004443,push,2026-06-14 17:00:00,1,1
RCT000003318,RC0016,U0011196,in_app,2026-02-24 21:00:00,1,1
RCT000003319,RC0016,U0002250,in_app,2026-02-26 20:00:00,1,0
RCT000003320,RC0015,U0007310,push,2026-04-27 10:00:00,1,0
RCT000003321,RC0011,U0011751,sms,2026-07-16 11:00:00,1,0
RCT000003322,RC0003,U0002175,push,2026-02-16 18:00:00,1,0
RCT000003323,RC0015,U0001176,push,2026-04-23 18:00:00,1,0
RCT000003324,RC0006,U0002593,in_app,2026-02-16 15:00:00,1,0
RCT000003325,RC0014,U0003686,push,2026-03-25 13:00:00,1,0
RCT000003326,RC0023,U0001881,sms,2026-05-27 10:00:00,1,1
RCT000003327,RC0008,U0007670,push,2026-06-22 08:00:00,0,0
RCT000003328,RC0018,U0005338,push,2026-02-12 21:00:00,1,0
RCT000003329,RC0011,U0007839,sms,2026-07-14 21:00:00,1,0
RCT000003330,RC0019,U0001861,sms,2026-06-27 09:00:00,1,0
RCT000003331,RC0022,U0011300,in_app,2026-05-24 17:00:00,1,0
RCT000003332,RC0007,U0009398,push,2026-06-24 19:00:00,1,0
RCT000003333,RC0021,U0002064,in_app,2026-04-19 09:00:00,1,0
RCT000003334,RC0011,U0005246,sms,2026-07-16 09:00:00,1,0
RCT000003335,RC0013,U0004112,push,2026-02-15 09:00:00,1,0
RCT000003336,RC0022,U0007930,in_app,2026-05-26 17:00:00,1,1
RCT000003337,RC0019,U0000867,sms,2026-06-27 18:00:00,1,0
RCT000003338,RC0024,U0007290,push,2026-06-07 13:00:00,1,0
RCT000003339,RC0008,U0004837,push,2026-06-26 14:00:00,1,0
RCT000003340,RC0015,U0009135,push,2026-04-25 16:00:00,1,0
RCT000003341,RC0019,U0011602,sms,2026-06-26 08:00:00,1,1
RCT000003342,RC0005,U0002948,push,2026-08-02 20:00:00,1,1
RCT000003343,RC0011,U0010821,sms,2026-07-16 19:00:00,1,0
RCT000003344,RC0003,U0009927,push,2026-02-16 10:00:00,1,0
RCT000003345,RC0024,U0006443,push,2026-06-06 15:00:00,1,0
RCT000003346,RC0002,U0008744,push,2026-06-17 21:00:00,1,0
RCT000003347,RC0002,U0001150,push,2026-06-13 12:00:00,0,0
RCT000003348,RC0001,U0007016,push,2026-07-26 15:00:00,1,0
RCT000003349,RC0004,U0004604,in_app,2026-02-01 09:00:00,1,0
RCT000003350,RC0005,U0002894,push,2026-07-28 10:00:00,1,1
RCT000003351,RC0020,U0010297,push,2026-05-26 09:00:00,0,0
RCT000003352,RC0008,U0005287,push,2026-06-23 08:00:00,1,0
RCT000003353,RC0004,U0011595,in_app,2026-02-06 11:00:00,1,1
RCT000003354,RC0005,U0011858,push,2026-07-29 10:00:00,1,0
RCT000003355,RC0008,U0010723,push,2026-06-25 17:00:00,1,1
RCT000003356,RC0024,U0005366,push,2026-06-05 19:00:00,1,0
RCT000003357,RC0004,U0005350,in_app,2026-02-01 18:00:00,1,0
RCT000003358,RC0003,U0005000,push,2026-02-15 16:00:00,1,0
RCT000003359,RC0018,U0011646,push,2026-02-12 16:00:00,1,0
RCT000003360,RC0018,U0011081,push,2026-02-10 17:00:00,1,1
RCT000003361,RC0009,U0001235,sms,2026-05-12 18:00:00,0,0
RCT000003362,RC0004,U0003011,in_app,2026-01-31 21:00:00,0,0
RCT000003363,RC0002,U0001571,push,2026-06-16 09:00:00,1,0
RCT000003364,RC0011,U0011014,sms,2026-07-14 15:00:00,1,0
RCT000003365,RC0004,U0008631,in_app,2026-02-03 17:00:00,1,0
RCT000003366,RC0003,U0004085,push,2026-02-16 16:00:00,1,0
RCT000003367,RC0019,U0005173,sms,2026-06-26 08:00:00,1,0
RCT000003368,RC0011,U0003706,sms,2026-07-10 13:00:00,1,0
RCT000003369,RC0021,U0003063,in_app,2026-04-20 21:00:00,1,0
RCT000003370,RC0022,U0006606,in_app,2026-05-21 20:00:00,1,0
RCT000003371,RC0013,U0008092,push,2026-02-14 15:00:00,0,0
RCT000003372,RC0012,U0001788,push,2026-03-03 19:00:00,1,0
RCT000003373,RC0008,U0010190,push,2026-06-26 21:00:00,1,0
RCT000003374,RC0010,U0005981,push,2026-03-12 11:00:00,0,0
RCT000003375,RC0018,U0007822,push,2026-02-09 13:00:00,1,0
RCT000003376,RC0005,U0008302,push,2026-07-28 12:00:00,1,0
RCT000003377,RC0006,U0011290,in_app,2026-02-17 08:00:00,1,0
RCT000003378,RC0018,U0006170,push,2026-02-14 20:00:00,1,1
RCT000003379,RC0020,U0005779,push,2026-05-29 13:00:00,1,1
RCT000003380,RC0003,U0001581,push,2026-02-11 11:00:00,1,0
RCT000003381,RC0010,U0010573,push,2026-03-17 11:00:00,1,0
RCT000003382,RC0005,U0011836,push,2026-08-02 16:00:00,1,1
RCT000003383,RC0009,U0002888,sms,2026-05-08 18:00:00,1,0
RCT000003384,RC0008,U0010068,push,2026-06-25 16:00:00,1,0
RCT000003385,RC0021,U0000802,in_app,2026-04-14 15:00:00,1,0
RCT000003386,RC0012,U0009369,push,2026-03-05 10:00:00,1,0
RCT000003387,RC0004,U0011633,in_app,2026-02-04 21:00:00,1,0
RCT000003388,RC0017,U0000040,sms,2026-04-08 08:00:00,1,0
RCT000003389,RC0014,U0000726,push,2026-03-24 09:00:00,1,0
RCT000003390,RC0010,U0002213,push,2026-03-14 18:00:00,0,0
RCT000003391,RC0019,U0006404,sms,2026-06-25 17:00:00,1,0
RCT000003392,RC0004,U0009633,in_app,2026-02-06 13:00:00,1,0
RCT000003393,RC0012,U0003786,push,2026-02-28 11:00:00,1,0
RCT000003394,RC0001,U0003989,push,2026-07-27 19:00:00,1,0
RCT000003395,RC0023,U0008826,sms,2026-05-31 10:00:00,1,0
RCT000003396,RC0008,U0008161,push,2026-06-24 16:00:00,1,1
RCT000003397,RC0011,U0011026,sms,2026-07-11 09:00:00,1,0
RCT000003398,RC0016,U0008266,in_app,2026-02-24 12:00:00,1,0
RCT000003399,RC0012,U0005551,push,2026-03-03 12:00:00,1,1
RCT000003400,RC0021,U0007709,in_app,2026-04-17 09:00:00,1,0
RCT000003401,RC0014,U0011458,push,2026-03-26 17:00:00,1,0
RCT000003402,RC0022,U0007639,in_app,2026-05-24 19:00:00,1,0
RCT000003403,RC0023,U0006409,sms,2026-06-01 14:00:00,1,0
RCT000003404,RC0004,U0004076,in_app,2026-02-01 14:00:00,1,0
RCT000003405,RC0005,U0011597,push,2026-08-03 17:00:00,1,1
RCT000003406,RC0013,U0009684,push,2026-02-19 15:00:00,0,0
RCT000003407,RC0012,U0010037,push,2026-02-28 17:00:00,1,0
RCT000003408,RC0003,U0008708,push,2026-02-15 14:00:00,1,0
RCT000003409,RC0003,U0011266,push,2026-02-15 09:00:00,1,0
RCT000003410,RC0013,U0007534,push,2026-02-14 18:00:00,1,0
RCT000003411,RC0003,U0003435,push,2026-02-16 12:00:00,1,0
RCT000003412,RC0003,U0005354,push,2026-02-15 17:00:00,1,0
RCT000003413,RC0004,U0006329,in_app,2026-02-02 16:00:00,0,0
RCT000003414,RC0020,U0006048,push,2026-05-30 15:00:00,1,0
RCT000003415,RC0013,U0008402,push,2026-02-18 20:00:00,1,0
RCT000003416,RC0008,U0003444,push,2026-06-22 18:00:00,1,0
RCT000003417,RC0015,U0007484,push,2026-04-24 20:00:00,1,0
RCT000003418,RC0010,U0004223,push,2026-03-16 15:00:00,1,0
RCT000003419,RC0006,U0008678,in_app,2026-02-21 19:00:00,1,0
RCT000003420,RC0004,U0011229,in_app,2026-02-06 08:00:00,1,0
RCT000003421,RC0013,U0011296,push,2026-02-14 12:00:00,1,0
RCT000003422,RC0006,U0006559,in_app,2026-02-15 20:00:00,1,0
RCT000003423,RC0002,U0001172,push,2026-06-17 11:00:00,1,1
RCT000003424,RC0023,U0009517,sms,2026-05-30 18:00:00,1,0
RCT000003425,RC0020,U0000941,push,2026-05-29 15:00:00,1,0
RCT000003426,RC0011,U0004770,sms,2026-07-14 21:00:00,1,0
RCT000003427,RC0007,U0000775,push,2026-06-26 09:00:00,0,0
RCT000003428,RC0015,U0008715,push,2026-04-22 11:00:00,1,0
RCT000003429,RC0010,U0006601,push,2026-03-16 14:00:00,1,0
RCT000003430,RC0013,U0010598,push,2026-02-20 08:00:00,1,0
RCT000003431,RC0016,U0002142,in_app,2026-02-25 19:00:00,0,0
RCT000003432,RC0015,U0006246,push,2026-04-24 20:00:00,1,0
RCT000003433,RC0014,U0003063,push,2026-03-24 09:00:00,1,0
RCT000003434,RC0021,U0008297,in_app,2026-04-16 12:00:00,1,0
RCT000003435,RC0023,U0003573,sms,2026-06-01 21:00:00,1,1
RCT000003436,RC0015,U0005373,push,2026-04-24 14:00:00,1,0
RCT000003437,RC0019,U0006106,sms,2026-06-29 09:00:00,1,1
RCT000003438,RC0021,U0011581,in_app,2026-04-20 10:00:00,1,0
RCT000003439,RC0018,U0006757,push,2026-02-08 08:00:00,1,0
RCT000003440,RC0011,U0008605,sms,2026-07-13 17:00:00,1,0
RCT000003441,RC0013,U0003377,push,2026-02-19 14:00:00,1,0
RCT000003442,RC0016,U0000745,in_app,2026-02-21 13:00:00,1,0
RCT000003443,RC0018,U0004783,push,2026-02-10 09:00:00,1,0
RCT000003444,RC0010,U0008200,push,2026-03-17 21:00:00,1,0
RCT000003445,RC0020,U0001940,push,2026-05-30 09:00:00,1,0
RCT000003446,RC0012,U0006279,push,2026-03-02 16:00:00,1,0
RCT000003447,RC0014,U0003822,push,2026-03-21 14:00:00,1,0
RCT000003448,RC0022,U0005397,in_app,2026-05-22 08:00:00,1,0
RCT000003449,RC0015,U0010516,push,2026-04-22 08:00:00,1,1
RCT000003450,RC0015,U0003114,push,2026-04-26 21:00:00,1,0
RCT000003451,RC0011,U0007756,sms,2026-07-13 12:00:00,1,0
RCT000003452,RC0021,U0001395,in_app,2026-04-17 20:00:00,1,1
RCT000003453,RC0013,U0011509,push,2026-02-18 20:00:00,1,1
RCT000003454,RC0017,U0007265,sms,2026-04-09 19:00:00,1,0
RCT000003455,RC0016,U0010003,in_app,2026-02-24 21:00:00,1,0
RCT000003456,RC0009,U0001973,sms,2026-05-08 16:00:00,1,0
RCT000003457,RC0011,U0005194,sms,2026-07-15 10:00:00,1,1
RCT000003458,RC0002,U0005109,push,2026-06-17 11:00:00,0,0
RCT000003459,RC0015,U0005978,push,2026-04-23 21:00:00,1,0
RCT000003460,RC0013,U0008617,push,2026-02-17 14:00:00,1,0
RCT000003461,RC0023,U0010062,sms,2026-05-28 17:00:00,1,0
RCT000003462,RC0016,U0009766,in_app,2026-02-25 11:00:00,1,0
RCT000003463,RC0023,U0003024,sms,2026-06-01 14:00:00,1,0
RCT000003464,RC0018,U0010691,push,2026-02-10 14:00:00,1,0
RCT000003465,RC0014,U0006544,push,2026-03-23 12:00:00,0,0
RCT000003466,RC0004,U0002325,in_app,2026-02-06 15:00:00,1,0
RCT000003467,RC0023,U0005313,sms,2026-05-30 12:00:00,1,0
RCT000003468,RC0006,U0002951,in_app,2026-02-19 08:00:00,1,1
RCT000003469,RC0005,U0011985,push,2026-07-29 14:00:00,1,0
RCT000003470,RC0019,U0007063,sms,2026-06-30 13:00:00,1,0
RCT000003471,RC0010,U0006597,push,2026-03-13 09:00:00,1,1
RCT000003472,RC0015,U0001777,push,2026-04-22 17:00:00,1,0
RCT000003473,RC0010,U0005601,push,2026-03-13 14:00:00,1,0
RCT000003474,RC0018,U0009260,push,2026-02-13 08:00:00,1,0
RCT000003475,RC0005,U0006496,push,2026-07-30 17:00:00,1,0
RCT000003476,RC0020,U0001852,push,2026-05-30 20:00:00,1,0
RCT000003477,RC0003,U0004961,push,2026-02-16 16:00:00,1,0
RCT000003478,RC0014,U0004927,push,2026-03-25 18:00:00,1,0
RCT000003479,RC0016,U0009629,in_app,2026-02-25 12:00:00,1,0
RCT000003480,RC0023,U0007721,sms,2026-05-30 08:00:00,1,0
RCT000003481,RC0010,U0010628,push,2026-03-13 09:00:00,1,0
RCT000003482,RC0007,U0005800,push,2026-06-28 11:00:00,1,0
RCT000003483,RC0022,U0003276,in_app,2026-05-22 10:00:00,1,0
RCT000003484,RC0013,U0004173,push,2026-02-17 19:00:00,1,0
RCT000003485,RC0004,U0003458,in_app,2026-02-04 19:00:00,1,0
RCT000003486,RC0011,U0003050,sms,2026-07-14 12:00:00,1,0
RCT000003487,RC0023,U0006162,sms,2026-05-28 11:00:00,1,0
RCT000003488,RC0009,U0001616,sms,2026-05-11 15:00:00,1,0
RCT000003489,RC0016,U0003248,in_app,2026-02-25 12:00:00,1,0
RCT000003490,RC0001,U0009960,push,2026-07-29 20:00:00,1,1
RCT000003491,RC0018,U0002823,push,2026-02-14 18:00:00,1,0
RCT000003492,RC0014,U0008287,push,2026-03-26 19:00:00,1,0
RCT000003493,RC0009,U0010725,sms,2026-05-11 15:00:00,1,0
RCT000003494,RC0003,U0001527,push,2026-02-13 10:00:00,1,0
RCT000003495,RC0019,U0011597,sms,2026-06-28 19:00:00,1,0
RCT000003496,RC0001,U0004419,push,2026-07-29 14:00:00,1,0
RCT000003497,RC0016,U0007162,in_app,2026-02-26 08:00:00,1,0
RCT000003498,RC0015,U0007282,push,2026-04-27 12:00:00,1,0
RCT000003499,RC0006,U0004943,in_app,2026-02-20 18:00:00,1,0
RCT000003500,RC0022,U0002285,in_app,2026-05-25 08:00:00,0,0
RCT000003501,RC0011,U0010555,sms,2026-07-12 11:00:00,1,0
RCT000003502,RC0012,U0000219,push,2026-03-02 13:00:00,1,0
RCT000003503,RC0012,U0011442,push,2026-03-05 09:00:00,1,1
RCT000003504,RC0011,U0008877,sms,2026-07-10 10:00:00,1,0
RCT000003505,RC0022,U0010598,in_app,2026-05-27 09:00:00,1,1
RCT000003506,RC0018,U0008036,push,2026-02-11 12:00:00,1,0
RCT000003507,RC0003,U0011804,push,2026-02-12 21:00:00,1,1
RCT000003508,RC0012,U0011044,push,2026-03-05 21:00:00,1,1
RCT000003509,RC0002,U0010078,push,2026-06-13 19:00:00,1,0
RCT000003510,RC0020,U0007510,push,2026-05-29 14:00:00,0,0
RCT000003511,RC0005,U0001788,push,2026-07-31 10:00:00,1,1
RCT000003512,RC0024,U0004701,push,2026-06-04 10:00:00,1,0
RCT000003513,RC0022,U0003364,in_app,2026-05-25 14:00:00,1,0
RCT000003514,RC0022,U0001256,in_app,2026-05-21 12:00:00,1,0
RCT000003515,RC0003,U0004587,push,2026-02-15 08:00:00,1,0
RCT000003516,RC0022,U0005198,in_app,2026-05-27 09:00:00,1,0
RCT000003517,RC0015,U0002506,push,2026-04-27 11:00:00,1,0
RCT000003518,RC0008,U0011412,push,2026-06-23 15:00:00,1,0
RCT000003519,RC0003,U0006766,push,2026-02-13 19:00:00,1,0
RCT000003520,RC0014,U0001407,push,2026-03-24 13:00:00,1,0
RCT000003521,RC0011,U0003374,sms,2026-07-11 13:00:00,1,0
RCT000003522,RC0003,U0011677,push,2026-02-14 10:00:00,1,0
RCT000003523,RC0020,U0010829,push,2026-05-26 12:00:00,1,1
RCT000003524,RC0020,U0008336,push,2026-05-28 16:00:00,1,0
RCT000003525,RC0007,U0006314,push,2026-06-24 09:00:00,1,0
RCT000003526,RC0012,U0004962,push,2026-03-05 14:00:00,1,0
RCT000003527,RC0022,U0003696,in_app,2026-05-26 08:00:00,1,0
RCT000003528,RC0004,U0009686,in_app,2026-02-06 21:00:00,1,0
RCT000003529,RC0021,U0011956,in_app,2026-04-18 18:00:00,1,0
RCT000003530,RC0014,U0001283,push,2026-03-21 17:00:00,1,0
RCT000003531,RC0009,U0001484,sms,2026-05-09 10:00:00,1,0
RCT000003532,RC0006,U0007584,in_app,2026-02-19 18:00:00,1,0
RCT000003533,RC0008,U0003498,push,2026-06-23 13:00:00,1,0
RCT000003534,RC0020,U0008852,push,2026-05-30 15:00:00,0,0
RCT000003535,RC0006,U0010627,in_app,2026-02-17 08:00:00,1,0
RCT000003536,RC0019,U0006989,sms,2026-06-27 14:00:00,1,0
RCT000003537,RC0024,U0000946,push,2026-06-10 13:00:00,1,1
RCT000003538,RC0003,U0006993,push,2026-02-13 21:00:00,1,0
RCT000003539,RC0003,U0010504,push,2026-02-16 14:00:00,1,1
RCT000003540,RC0017,U0003256,sms,2026-04-10 20:00:00,1,0
RCT000003541,RC0008,U0004005,push,2026-06-23 18:00:00,1,0
RCT000003542,RC0002,U0009834,push,2026-06-13 17:00:00,1,1
RCT000003543,RC0004,U0006785,in_app,2026-02-05 18:00:00,1,0
RCT000003544,RC0013,U0009772,push,2026-02-20 16:00:00,1,0
RCT000003545,RC0018,U0004096,push,2026-02-12 20:00:00,1,0
RCT000003546,RC0008,U0000539,push,2026-06-25 11:00:00,1,1
RCT000003547,RC0002,U0003789,push,2026-06-17 08:00:00,1,1
RCT000003548,RC0023,U0011031,sms,2026-05-29 11:00:00,1,0
RCT000003549,RC0009,U0010280,sms,2026-05-08 21:00:00,1,0
RCT000003550,RC0018,U0000766,push,2026-02-13 14:00:00,1,0
RCT000003551,RC0001,U0000442,push,2026-08-01 18:00:00,1,1
RCT000003552,RC0014,U0006702,push,2026-03-27 11:00:00,1,0
RCT000003553,RC0009,U0009155,sms,2026-05-12 19:00:00,1,0
RCT000003554,RC0019,U0007569,sms,2026-06-27 21:00:00,1,0
RCT000003555,RC0023,U0009240,sms,2026-06-02 17:00:00,1,0
RCT000003556,RC0010,U0007470,push,2026-03-12 21:00:00,1,0
RCT000003557,RC0024,U0003850,push,2026-06-05 09:00:00,1,0
RCT000003558,RC0010,U0011342,push,2026-03-15 13:00:00,1,0
RCT000003559,RC0005,U0004347,push,2026-08-02 17:00:00,1,0
RCT000003560,RC0024,U0007189,push,2026-06-09 14:00:00,1,0
RCT000003561,RC0022,U0001381,in_app,2026-05-21 21:00:00,1,0
RCT000003562,RC0014,U0001172,push,2026-03-21 08:00:00,1,1
RCT000003563,RC0017,U0009839,sms,2026-04-11 12:00:00,1,0
RCT000003564,RC0011,U0011044,sms,2026-07-10 17:00:00,1,0
RCT000003565,RC0017,U0005102,sms,2026-04-09 09:00:00,1,0
RCT000003566,RC0022,U0007275,in_app,2026-05-26 16:00:00,1,0
RCT000003567,RC0004,U0005993,in_app,2026-01-31 14:00:00,1,0
RCT000003568,RC0018,U0008928,push,2026-02-11 17:00:00,1,0
RCT000003569,RC0006,U0008524,in_app,2026-02-18 17:00:00,1,0
RCT000003570,RC0002,U0009023,push,2026-06-19 13:00:00,1,0
RCT000003571,RC0012,U0000247,push,2026-03-01 20:00:00,1,1
RCT000003572,RC0014,U0000414,push,2026-03-23 12:00:00,1,0
RCT000003573,RC0020,U0008809,push,2026-05-29 14:00:00,1,0
RCT000003574,RC0013,U0007635,push,2026-02-17 19:00:00,1,0
RCT000003575,RC0016,U0003589,in_app,2026-02-25 18:00:00,1,0
RCT000003576,RC0004,U0007722,in_app,2026-02-05 12:00:00,1,0
RCT000003577,RC0005,U0008656,push,2026-07-28 08:00:00,1,0
RCT000003578,RC0021,U0006004,in_app,2026-04-14 11:00:00,1,1
RCT000003579,RC0006,U0011132,in_app,2026-02-20 14:00:00,1,0
RCT000003580,RC0009,U0003936,sms,2026-05-10 08:00:00,1,0
RCT000003581,RC0018,U0002827,push,2026-02-08 08:00:00,1,0
RCT000003582,RC0005,U0001257,push,2026-07-31 13:00:00,1,0
RCT000003583,RC0015,U0004922,push,2026-04-21 16:00:00,0,0
RCT000003584,RC0001,U0000994,push,2026-08-01 12:00:00,1,1
RCT000003585,RC0009,U0003936,sms,2026-05-07 13:00:00,1,0
RCT000003586,RC0014,U0003205,push,2026-03-27 21:00:00,1,0
RCT000003587,RC0017,U0010001,sms,2026-04-13 09:00:00,1,0
RCT000003588,RC0001,U0007059,push,2026-07-27 13:00:00,1,0
RCT000003589,RC0004,U0008390,in_app,2026-02-01 21:00:00,1,0
RCT000003590,RC0011,U0006498,sms,2026-07-14 10:00:00,1,0
RCT000003591,RC0023,U0006133,sms,2026-05-29 19:00:00,1,1
RCT000003592,RC0024,U0008162,push,2026-06-06 18:00:00,1,0
RCT000003593,RC0015,U0004283,push,2026-04-21 11:00:00,1,0
RCT000003594,RC0019,U0006453,sms,2026-06-28 12:00:00,1,0
RCT000003595,RC0001,U0003267,push,2026-07-29 19:00:00,1,0
RCT000003596,RC0019,U0008189,sms,2026-06-30 10:00:00,1,0
RCT000003597,RC0023,U0010637,sms,2026-05-29 11:00:00,1,0
RCT000003598,RC0005,U0007494,push,2026-07-29 19:00:00,1,0
RCT000003599,RC0008,U0007897,push,2026-06-25 13:00:00,1,0
RCT000003600,RC0011,U0011596,sms,2026-07-15 17:00:00,1,0
RCT000003601,RC0009,U0005117,sms,2026-05-09 13:00:00,1,0
RCT000003602,RC0019,U0006601,sms,2026-06-30 10:00:00,1,0
RCT000003603,RC0003,U0010262,push,2026-02-11 10:00:00,1,0
RCT000003604,RC0012,U0001593,push,2026-03-03 16:00:00,0,0
RCT000003605,RC0004,U0011811,in_app,2026-02-03 13:00:00,1,0
RCT000003606,RC0003,U0011613,push,2026-02-16 16:00:00,1,0
RCT000003607,RC0021,U0000311,in_app,2026-04-16 08:00:00,1,0
RCT000003608,RC0014,U0002929,push,2026-03-21 21:00:00,1,0
RCT000003609,RC0022,U0006887,in_app,2026-05-26 21:00:00,1,0
RCT000003610,RC0008,U0005020,push,2026-06-21 11:00:00,1,0
RCT000003611,RC0023,U0001578,sms,2026-05-30 14:00:00,1,0
RCT000003612,RC0006,U0001802,in_app,2026-02-21 17:00:00,0,0
RCT000003613,RC0006,U0001627,in_app,2026-02-15 10:00:00,1,0
RCT000003614,RC0023,U0003509,sms,2026-05-31 09:00:00,1,1
RCT000003615,RC0011,U0005703,sms,2026-07-11 17:00:00,1,0
RCT000003616,RC0012,U0010673,push,2026-03-01 10:00:00,0,0
RCT000003617,RC0005,U0003020,push,2026-07-29 11:00:00,1,0
RCT000003618,RC0020,U0002453,push,2026-05-24 12:00:00,1,0
RCT000003619,RC0012,U0010220,push,2026-03-04 09:00:00,1,0
RCT000003620,RC0023,U0007616,sms,2026-06-01 11:00:00,1,0
RCT000003621,RC0008,U0002852,push,2026-06-24 17:00:00,1,0
RCT000003622,RC0019,U0006791,sms,2026-06-27 10:00:00,1,0
RCT000003623,RC0013,U0007328,push,2026-02-20 09:00:00,1,1
RCT000003624,RC0024,U0008260,push,2026-06-08 15:00:00,1,0
RCT000003625,RC0011,U0005249,sms,2026-07-11 20:00:00,1,0
RCT000003626,RC0022,U0006709,in_app,2026-05-21 08:00:00,1,0
RCT000003627,RC0008,U0000305,push,2026-06-23 20:00:00,1,0
RCT000003628,RC0002,U0011405,push,2026-06-14 17:00:00,0,0
RCT000003629,RC0006,U0009898,in_app,2026-02-19 19:00:00,1,0
RCT000003630,RC0020,U0006127,push,2026-05-26 15:00:00,1,0
RCT000003631,RC0020,U0007199,push,2026-05-26 13:00:00,1,0
RCT000003632,RC0012,U0002828,push,2026-03-05 16:00:00,1,0
RCT000003633,RC0014,U0005605,push,2026-03-21 08:00:00,1,1
RCT000003634,RC0009,U0009829,sms,2026-05-09 19:00:00,0,0
RCT000003635,RC0019,U0011660,sms,2026-06-26 21:00:00,1,0
RCT000003636,RC0005,U0011421,push,2026-07-30 21:00:00,1,0
RCT000003637,RC0020,U0004168,push,2026-05-26 20:00:00,1,0
RCT000003638,RC0006,U0008404,in_app,2026-02-16 08:00:00,1,0
RCT000003639,RC0021,U0006060,in_app,2026-04-20 08:00:00,1,1
RCT000003640,RC0022,U0001211,in_app,2026-05-26 13:00:00,1,0
RCT000003641,RC0022,U0004853,in_app,2026-05-25 08:00:00,1,1
RCT000003642,RC0023,U0001757,sms,2026-05-28 19:00:00,1,0
RCT000003643,RC0004,U0004326,in_app,2026-02-02 19:00:00,1,0
RCT000003644,RC0015,U0011365,push,2026-04-27 16:00:00,1,0
RCT000003645,RC0009,U0009030,sms,2026-05-11 11:00:00,1,1
RCT000003646,RC0014,U0005653,push,2026-03-21 20:00:00,1,0
RCT000003647,RC0002,U0001351,push,2026-06-17 17:00:00,1,0
RCT000003648,RC0023,U0006670,sms,2026-05-28 20:00:00,1,0
RCT000003649,RC0013,U0004854,push,2026-02-20 13:00:00,1,1
RCT000003650,RC0008,U0007574,push,2026-06-25 13:00:00,1,0
RCT000003651,RC0001,U0005234,push,2026-07-30 09:00:00,1,0
RCT000003652,RC0004,U0004023,in_app,2026-02-05 19:00:00,0,0
RCT000003653,RC0020,U0008123,push,2026-05-30 10:00:00,1,0
RCT000003654,RC0005,U0002486,push,2026-07-30 12:00:00,1,1
RCT000003655,RC0002,U0010545,push,2026-06-19 14:00:00,1,1
RCT000003656,RC0024,U0004029,push,2026-06-05 10:00:00,1,0
RCT000003657,RC0023,U0010501,sms,2026-05-31 16:00:00,1,0
RCT000003658,RC0006,U0006845,in_app,2026-02-18 12:00:00,1,0
RCT000003659,RC0009,U0008339,sms,2026-05-08 11:00:00,1,0
RCT000003660,RC0008,U0000583,push,2026-06-22 17:00:00,1,0
RCT000003661,RC0022,U0003835,in_app,2026-05-25 13:00:00,1,0
RCT000003662,RC0019,U0001147,sms,2026-06-26 11:00:00,1,0
RCT000003663,RC0008,U0003434,push,2026-06-21 12:00:00,1,0
RCT000003664,RC0017,U0011751,sms,2026-04-12 16:00:00,1,0
RCT000003665,RC0013,U0008941,push,2026-02-15 11:00:00,1,0
RCT000003666,RC0023,U0003458,sms,2026-06-02 16:00:00,1,0
RCT000003667,RC0007,U0010994,push,2026-06-24 14:00:00,1,0
RCT000003668,RC0002,U0008837,push,2026-06-13 21:00:00,1,0
RCT000003669,RC0014,U0010609,push,2026-03-27 10:00:00,1,0
RCT000003670,RC0020,U0000859,push,2026-05-25 09:00:00,1,0
RCT000003671,RC0003,U0011216,push,2026-02-13 21:00:00,1,1
RCT000003672,RC0010,U0007334,push,2026-03-18 10:00:00,1,0
RCT000003673,RC0002,U0002027,push,2026-06-16 09:00:00,1,0
RCT000003674,RC0016,U0001721,in_app,2026-02-21 09:00:00,1,0
RCT000003675,RC0006,U0005947,in_app,2026-02-16 15:00:00,0,0
RCT000003676,RC0003,U0011266,push,2026-02-13 18:00:00,1,0
RCT000003677,RC0005,U0003066,push,2026-08-01 20:00:00,0,0
RCT000003678,RC0005,U0009840,push,2026-07-31 16:00:00,1,0
RCT000003679,RC0005,U0005834,push,2026-07-28 17:00:00,1,0
RCT000003680,RC0013,U0011546,push,2026-02-20 20:00:00,1,0
RCT000003681,RC0017,U0011278,sms,2026-04-14 09:00:00,1,1
RCT000003682,RC0016,U0007489,in_app,2026-02-22 18:00:00,1,1
RCT000003683,RC0022,U0006288,in_app,2026-05-22 20:00:00,1,1
RCT000003684,RC0015,U0003604,push,2026-04-23 14:00:00,1,0
RCT000003685,RC0009,U0006635,sms,2026-05-06 09:00:00,1,0
RCT000003686,RC0015,U0008970,push,2026-04-27 21:00:00,1,0
RCT000003687,RC0001,U0003358,push,2026-07-29 12:00:00,1,0
RCT000003688,RC0008,U0003844,push,2026-06-27 12:00:00,0,0
RCT000003689,RC0020,U0008149,push,2026-05-27 16:00:00,1,1
RCT000003690,RC0013,U0005566,push,2026-02-16 21:00:00,1,0
RCT000003691,RC0021,U0004867,in_app,2026-04-18 21:00:00,1,1
RCT000003692,RC0016,U0010355,in_app,2026-02-25 13:00:00,1,0
RCT000003693,RC0014,U0008401,push,2026-03-27 15:00:00,0,0
RCT000003694,RC0008,U0011340,push,2026-06-23 11:00:00,1,0
RCT000003695,RC0016,U0002429,in_app,2026-02-20 09:00:00,1,0
RCT000003696,RC0020,U0006621,push,2026-05-30 16:00:00,1,0
RCT000003697,RC0013,U0007652,push,2026-02-17 21:00:00,1,0
RCT000003698,RC0007,U0011392,push,2026-06-29 08:00:00,0,0
RCT000003699,RC0010,U0008059,push,2026-03-14 14:00:00,1,0
RCT000003700,RC0014,U0010514,push,2026-03-22 19:00:00,1,1
RCT000003701,RC0013,U0007663,push,2026-02-17 20:00:00,1,0
RCT000003702,RC0024,U0003723,push,2026-06-09 08:00:00,1,0
RCT000003703,RC0004,U0006814,in_app,2026-02-01 10:00:00,1,0
RCT000003704,RC0004,U0009050,in_app,2026-02-01 14:00:00,1,0
RCT000003705,RC0014,U0007683,push,2026-03-26 21:00:00,1,0
RCT000003706,RC0024,U0009642,push,2026-06-10 15:00:00,1,0
RCT000003707,RC0004,U0000840,in_app,2026-02-01 16:00:00,1,0
RCT000003708,RC0023,U0003855,sms,2026-06-01 20:00:00,1,0
RCT000003709,RC0004,U0005601,in_app,2026-02-01 18:00:00,1,0
RCT000003710,RC0006,U0002885,in_app,2026-02-20 08:00:00,1,0
RCT000003711,RC0005,U0000175,push,2026-07-28 20:00:00,1,1
RCT000003712,RC0011,U0009398,sms,2026-07-10 16:00:00,1,0
RCT000003713,RC0015,U0008883,push,2026-04-26 21:00:00,1,0
RCT000003714,RC0001,U0009735,push,2026-07-28 15:00:00,1,0
RCT000003715,RC0005,U0008936,push,2026-07-31 13:00:00,1,0
RCT000003716,RC0012,U0005521,push,2026-02-27 10:00:00,1,0
RCT000003717,RC0002,U0009483,push,2026-06-19 11:00:00,1,1
RCT000003718,RC0017,U0001914,sms,2026-04-09 21:00:00,1,0
RCT000003719,RC0002,U0008191,push,2026-06-16 14:00:00,1,0
RCT000003720,RC0024,U0007777,push,2026-06-04 12:00:00,1,0
RCT000003721,RC0003,U0004895,push,2026-02-10 19:00:00,1,0
RCT000003722,RC0003,U0011997,push,2026-02-11 15:00:00,1,0
RCT000003723,RC0012,U0007604,push,2026-03-04 10:00:00,1,0
RCT000003724,RC0004,U0006175,in_app,2026-02-03 16:00:00,1,0
RCT000003725,RC0002,U0000231,push,2026-06-16 21:00:00,1,1
RCT000003726,RC0006,U0002763,in_app,2026-02-20 12:00:00,1,0
RCT000003727,RC0014,U0001124,push,2026-03-21 13:00:00,1,0
RCT000003728,RC0019,U0003307,sms,2026-06-25 18:00:00,1,0
RCT000003729,RC0012,U0006464,push,2026-03-05 18:00:00,1,0
RCT000003730,RC0021,U0011704,in_app,2026-04-14 21:00:00,1,0
RCT000003731,RC0018,U0007970,push,2026-02-09 11:00:00,1,0
RCT000003732,RC0013,U0005465,push,2026-02-16 15:00:00,1,0
RCT000003733,RC0016,U0000744,in_app,2026-02-26 13:00:00,1,0
RCT000003734,RC0012,U0010330,push,2026-03-04 11:00:00,1,1
RCT000003735,RC0001,U0007110,push,2026-07-27 19:00:00,1,0
RCT000003736,RC0018,U0007894,push,2026-02-12 10:00:00,1,0
RCT000003737,RC0014,U0001148,push,2026-03-21 09:00:00,1,1
RCT000003738,RC0013,U0007468,push,2026-02-18 16:00:00,1,0
RCT000003739,RC0018,U0009437,push,2026-02-10 09:00:00,1,0
RCT000003740,RC0001,U0006660,push,2026-07-30 18:00:00,1,0
RCT000003741,RC0017,U0007307,sms,2026-04-08 13:00:00,1,0
RCT000003742,RC0019,U0008022,sms,2026-06-29 10:00:00,1,0
RCT000003743,RC0024,U0007943,push,2026-06-04 12:00:00,1,0
RCT000003744,RC0007,U0008215,push,2026-06-24 11:00:00,1,0
RCT000003745,RC0004,U0003859,in_app,2026-02-02 18:00:00,1,0
RCT000003746,RC0002,U0010974,push,2026-06-17 11:00:00,1,1
RCT000003747,RC0020,U0011788,push,2026-05-29 09:00:00,1,0
RCT000003748,RC0014,U0001638,push,2026-03-26 17:00:00,1,0
RCT000003749,RC0011,U0007461,sms,2026-07-16 13:00:00,1,0
RCT000003750,RC0014,U0000111,push,2026-03-27 20:00:00,1,1
RCT000003751,RC0019,U0009285,sms,2026-06-25 14:00:00,1,1
RCT000003752,RC0022,U0010380,in_app,2026-05-27 17:00:00,1,0
RCT000003753,RC0006,U0003892,in_app,2026-02-19 16:00:00,1,0
RCT000003754,RC0023,U0004395,sms,2026-05-27 12:00:00,1,0
RCT000003755,RC0011,U0005781,sms,2026-07-13 17:00:00,1,0
RCT000003756,RC0012,U0010221,push,2026-02-28 13:00:00,1,0
RCT000003757,RC0024,U0007185,push,2026-06-06 10:00:00,1,0
RCT000003758,RC0021,U0008726,in_app,2026-04-18 13:00:00,0,0
RCT000003759,RC0007,U0003786,push,2026-06-23 21:00:00,1,0
RCT000003760,RC0005,U0008973,push,2026-08-03 20:00:00,1,0
RCT000003761,RC0014,U0001820,push,2026-03-24 12:00:00,1,0
RCT000003762,RC0017,U0003613,sms,2026-04-14 09:00:00,1,0
RCT000003763,RC0015,U0006200,push,2026-04-25 20:00:00,1,0
RCT000003764,RC0024,U0002920,push,2026-06-08 21:00:00,1,0
RCT000003765,RC0013,U0009721,push,2026-02-14 08:00:00,1,0
RCT000003766,RC0019,U0007036,sms,2026-06-27 20:00:00,1,0
RCT000003767,RC0006,U0010520,in_app,2026-02-15 13:00:00,0,0
RCT000003768,RC0002,U0009621,push,2026-06-13 21:00:00,1,0
RCT000003769,RC0001,U0008636,push,2026-08-01 21:00:00,1,0
RCT000003770,RC0019,U0003455,sms,2026-06-25 08:00:00,1,0
RCT000003771,RC0022,U0011581,in_app,2026-05-26 12:00:00,1,0
RCT000003772,RC0003,U0005035,push,2026-02-10 19:00:00,1,1
RCT000003773,RC0016,U0004455,in_app,2026-02-20 18:00:00,1,0
RCT000003774,RC0001,U0003085,push,2026-07-27 09:00:00,0,0
RCT000003775,RC0010,U0007689,push,2026-03-12 13:00:00,1,0
RCT000003776,RC0022,U0009281,in_app,2026-05-22 19:00:00,1,0
RCT000003777,RC0011,U0004196,sms,2026-07-12 20:00:00,1,0
RCT000003778,RC0019,U0005177,sms,2026-06-25 20:00:00,1,0
RCT000003779,RC0001,U0009043,push,2026-07-28 15:00:00,1,1
RCT000003780,RC0002,U0002520,push,2026-06-17 12:00:00,1,1
RCT000003781,RC0002,U0000095,push,2026-06-16 17:00:00,1,0
RCT000003782,RC0004,U0006507,in_app,2026-02-03 14:00:00,1,0
RCT000003783,RC0016,U0004420,in_app,2026-02-25 18:00:00,1,0
RCT000003784,RC0019,U0008837,sms,2026-06-28 09:00:00,1,0
RCT000003785,RC0003,U0007982,push,2026-02-15 15:00:00,1,1
RCT000003786,RC0003,U0006322,push,2026-02-10 12:00:00,1,0
RCT000003787,RC0004,U0007304,in_app,2026-02-05 13:00:00,0,0
RCT000003788,RC0008,U0001596,push,2026-06-26 08:00:00,1,0
RCT000003789,RC0009,U0007324,sms,2026-05-09 19:00:00,1,0
RCT000003790,RC0008,U0009219,push,2026-06-23 11:00:00,1,1
RCT000003791,RC0007,U0001039,push,2026-06-24 10:00:00,0,0
RCT000003792,RC0015,U0003801,push,2026-04-21 18:00:00,1,0
RCT000003793,RC0005,U0009756,push,2026-07-28 15:00:00,1,0
RCT000003794,RC0007,U0005173,push,2026-06-26 20:00:00,1,1
RCT000003795,RC0019,U0006487,sms,2026-06-29 10:00:00,1,1
RCT000003796,RC0020,U0006231,push,2026-05-26 20:00:00,1,0
RCT000003797,RC0024,U0000312,push,2026-06-07 20:00:00,1,0
RCT000003798,RC0013,U0003369,push,2026-02-17 18:00:00,1,1
RCT000003799,RC0012,U0005496,push,2026-02-27 19:00:00,1,0
RCT000003800,RC0011,U0000776,sms,2026-07-16 09:00:00,1,0
RCT000003801,RC0020,U0004513,push,2026-05-24 13:00:00,1,0
RCT000003802,RC0002,U0010467,push,2026-06-15 18:00:00,1,1
RCT000003803,RC0016,U0004225,in_app,2026-02-20 20:00:00,1,0
RCT000003804,RC0004,U0001798,in_app,2026-02-02 21:00:00,1,0
RCT000003805,RC0003,U0008559,push,2026-02-12 21:00:00,1,0
RCT000003806,RC0017,U0008594,sms,2026-04-09 14:00:00,1,0
RCT000003807,RC0011,U0011292,sms,2026-07-16 17:00:00,1,0
RCT000003808,RC0001,U0005438,push,2026-07-28 08:00:00,0,0
RCT000003809,RC0020,U0005221,push,2026-05-26 16:00:00,1,0
RCT000003810,RC0008,U0001860,push,2026-06-27 18:00:00,1,0
RCT000003811,RC0013,U0006492,push,2026-02-17 08:00:00,1,0
RCT000003812,RC0004,U0010723,in_app,2026-02-05 17:00:00,1,0
RCT000003813,RC0024,U0000258,push,2026-06-10 17:00:00,1,0
RCT000003814,RC0015,U0005185,push,2026-04-23 12:00:00,1,0
RCT000003815,RC0001,U0009362,push,2026-07-26 20:00:00,1,0
RCT000003816,RC0008,U0007723,push,2026-06-25 14:00:00,1,0
RCT000003817,RC0018,U0005795,push,2026-02-12 09:00:00,1,1
RCT000003818,RC0012,U0008200,push,2026-03-03 09:00:00,1,0
RCT000003819,RC0014,U0007798,push,2026-03-26 16:00:00,1,0
RCT000003820,RC0024,U0011301,push,2026-06-10 14:00:00,1,0
RCT000003821,RC0020,U0002606,push,2026-05-30 16:00:00,1,0
RCT000003822,RC0005,U0005221,push,2026-07-31 12:00:00,1,0
RCT000003823,RC0006,U0009016,in_app,2026-02-18 19:00:00,1,0
RCT000003824,RC0022,U0000832,in_app,2026-05-21 12:00:00,1,0
RCT000003825,RC0024,U0002286,push,2026-06-09 17:00:00,1,1
RCT000003826,RC0008,U0009023,push,2026-06-23 10:00:00,1,1
RCT000003827,RC0022,U0000847,in_app,2026-05-23 11:00:00,1,0
RCT000003828,RC0009,U0002651,sms,2026-05-06 20:00:00,1,0
RCT000003829,RC0018,U0003142,push,2026-02-11 16:00:00,1,0
RCT000003830,RC0006,U0005297,in_app,2026-02-18 18:00:00,1,0
RCT000003831,RC0005,U0008492,push,2026-08-02 16:00:00,1,0
RCT000003832,RC0004,U0008048,in_app,2026-02-02 15:00:00,0,0
RCT000003833,RC0002,U0006921,push,2026-06-16 12:00:00,1,0
RCT000003834,RC0001,U0005626,push,2026-08-01 12:00:00,1,0
RCT000003835,RC0009,U0010989,sms,2026-05-07 18:00:00,1,0
RCT000003836,RC0005,U0010406,push,2026-07-30 17:00:00,1,0
RCT000003837,RC0013,U0008004,push,2026-02-14 17:00:00,1,0
RCT000003838,RC0009,U0005976,sms,2026-05-07 09:00:00,1,0
RCT000003839,RC0016,U0001056,in_app,2026-02-23 20:00:00,1,0
RCT000003840,RC0011,U0003212,sms,2026-07-15 19:00:00,1,1
RCT000003841,RC0018,U0007522,push,2026-02-09 19:00:00,1,0
RCT000003842,RC0023,U0005964,sms,2026-05-28 19:00:00,1,0
RCT000003843,RC0019,U0000695,sms,2026-06-28 08:00:00,1,0
RCT000003844,RC0007,U0010037,push,2026-06-23 14:00:00,1,1
RCT000003845,RC0006,U0002533,in_app,2026-02-17 17:00:00,1,0
RCT000003846,RC0014,U0008732,push,2026-03-23 08:00:00,1,0
RCT000003847,RC0008,U0002483,push,2026-06-23 11:00:00,1,0
RCT000003848,RC0006,U0004422,in_app,2026-02-16 15:00:00,1,0
RCT000003849,RC0003,U0004896,push,2026-02-12 08:00:00,1,0
RCT000003850,RC0007,U0001485,push,2026-06-26 14:00:00,1,0
RCT000003851,RC0003,U0003661,push,2026-02-15 16:00:00,1,0
RCT000003852,RC0015,U0000856,push,2026-04-24 10:00:00,1,1
RCT000003853,RC0014,U0004010,push,2026-03-23 19:00:00,1,0
RCT000003854,RC0003,U0009306,push,2026-02-15 20:00:00,1,1
RCT000003855,RC0002,U0005753,push,2026-06-18 10:00:00,1,0
RCT000003856,RC0018,U0001657,push,2026-02-13 20:00:00,1,1
RCT000003857,RC0012,U0011172,push,2026-03-02 18:00:00,1,1
RCT000003858,RC0004,U0009744,in_app,2026-01-31 08:00:00,1,0
RCT000003859,RC0022,U0003554,in_app,2026-05-24 16:00:00,1,0
RCT000003860,RC0021,U0005467,in_app,2026-04-16 08:00:00,1,0
RCT000003861,RC0005,U0004380,push,2026-08-02 14:00:00,1,0
RCT000003862,RC0018,U0003008,push,2026-02-12 09:00:00,1,1
RCT000003863,RC0005,U0001487,push,2026-07-31 14:00:00,1,1
RCT000003864,RC0019,U0005497,sms,2026-07-01 19:00:00,1,1
RCT000003865,RC0014,U0011095,push,2026-03-27 15:00:00,1,1
RCT000003866,RC0016,U0006744,in_app,2026-02-20 10:00:00,1,0
RCT000003867,RC0019,U0011514,sms,2026-06-26 17:00:00,1,0
RCT000003868,RC0007,U0010757,push,2026-06-26 12:00:00,1,0
RCT000003869,RC0012,U0000781,push,2026-03-01 18:00:00,1,0
RCT000003870,RC0017,U0001831,sms,2026-04-12 14:00:00,1,0
RCT000003871,RC0017,U0007731,sms,2026-04-11 13:00:00,1,1
RCT000003872,RC0006,U0009218,in_app,2026-02-20 20:00:00,1,0
RCT000003873,RC0001,U0000892,push,2026-07-27 18:00:00,1,0
RCT000003874,RC0016,U0009558,in_app,2026-02-20 20:00:00,1,1
RCT000003875,RC0016,U0010502,in_app,2026-02-26 12:00:00,1,0
RCT000003876,RC0006,U0005651,in_app,2026-02-15 19:00:00,1,0
RCT000003877,RC0023,U0000769,sms,2026-06-02 10:00:00,1,0
RCT000003878,RC0016,U0007842,in_app,2026-02-23 17:00:00,1,0
RCT000003879,RC0019,U0000730,sms,2026-06-25 20:00:00,1,1
RCT000003880,RC0023,U0011754,sms,2026-06-01 16:00:00,1,0
RCT000003881,RC0001,U0003299,push,2026-07-26 19:00:00,1,0
RCT000003882,RC0014,U0005026,push,2026-03-26 12:00:00,0,0
RCT000003883,RC0005,U0005059,push,2026-08-03 10:00:00,1,0
RCT000003884,RC0006,U0006224,in_app,2026-02-21 19:00:00,1,0
RCT000003885,RC0018,U0005907,push,2026-02-08 11:00:00,1,1
RCT000003886,RC0023,U0000709,sms,2026-05-29 13:00:00,1,0
RCT000003887,RC0016,U0008143,in_app,2026-02-23 18:00:00,1,0
RCT000003888,RC0006,U0002693,in_app,2026-02-15 16:00:00,1,0
RCT000003889,RC0024,U0007968,push,2026-06-08 16:00:00,1,0
RCT000003890,RC0014,U0006814,push,2026-03-24 19:00:00,1,1
RCT000003891,RC0021,U0007757,in_app,2026-04-18 08:00:00,1,0
RCT000003892,RC0015,U0001066,push,2026-04-23 21:00:00,1,0
RCT000003893,RC0005,U0002796,push,2026-08-03 21:00:00,1,0
RCT000003894,RC0001,U0004029,push,2026-07-29 09:00:00,1,0
RCT000003895,RC0019,U0000138,sms,2026-06-25 15:00:00,1,1
RCT000003896,RC0024,U0001198,push,2026-06-05 12:00:00,1,1
RCT000003897,RC0021,U0007857,in_app,2026-04-17 11:00:00,1,1
RCT000003898,RC0020,U0005467,push,2026-05-30 18:00:00,1,1
RCT000003899,RC0020,U0006171,push,2026-05-25 11:00:00,1,1
RCT000003900,RC0009,U0011233,sms,2026-05-10 09:00:00,1,0
RCT000003901,RC0021,U0008716,in_app,2026-04-19 11:00:00,1,0
RCT000003902,RC0021,U0000409,in_app,2026-04-14 10:00:00,1,0
RCT000003903,RC0011,U0003340,sms,2026-07-16 17:00:00,1,0
RCT000003904,RC0023,U0003190,sms,2026-05-27 19:00:00,1,0
RCT000003905,RC0018,U0011788,push,2026-02-10 19:00:00,0,0
RCT000003906,RC0019,U0002146,sms,2026-06-29 12:00:00,1,1
RCT000003907,RC0012,U0000011,push,2026-03-03 20:00:00,1,0
RCT000003908,RC0009,U0009087,sms,2026-05-12 08:00:00,1,0
RCT000003909,RC0023,U0010390,sms,2026-05-27 18:00:00,1,0
RCT000003910,RC0024,U0000106,push,2026-06-08 13:00:00,1,0
RCT000003911,RC0001,U0001846,push,2026-08-01 09:00:00,1,0
RCT000003912,RC0002,U0006538,push,2026-06-17 08:00:00,1,0
RCT000003913,RC0005,U0003459,push,2026-07-31 17:00:00,1,0
RCT000003914,RC0021,U0007078,in_app,2026-04-19 20:00:00,0,0
RCT000003915,RC0019,U0011246,sms,2026-07-01 08:00:00,1,0
RCT000003916,RC0024,U0007014,push,2026-06-09 18:00:00,1,0
RCT000003917,RC0006,U0006969,in_app,2026-02-16 09:00:00,0,0
RCT000003918,RC0005,U0007936,push,2026-07-29 08:00:00,1,0
RCT000003919,RC0013,U0007693,push,2026-02-18 12:00:00,1,0
RCT000003920,RC0006,U0007997,in_app,2026-02-20 12:00:00,1,0
RCT000003921,RC0021,U0011457,in_app,2026-04-14 16:00:00,1,0
RCT000003922,RC0016,U0009222,in_app,2026-02-23 09:00:00,1,0
RCT000003923,RC0001,U0005881,push,2026-07-31 13:00:00,1,0
RCT000003924,RC0013,U0009158,push,2026-02-18 12:00:00,1,0
RCT000003925,RC0014,U0006508,push,2026-03-25 21:00:00,1,1
RCT000003926,RC0009,U0002032,sms,2026-05-10 19:00:00,1,1
RCT000003927,RC0004,U0000629,in_app,2026-02-04 14:00:00,1,0
RCT000003928,RC0020,U0000729,push,2026-05-25 09:00:00,1,0
RCT000003929,RC0012,U0005089,push,2026-03-04 15:00:00,1,0
RCT000003930,RC0021,U0008617,in_app,2026-04-18 15:00:00,1,0
RCT000003931,RC0002,U0010228,push,2026-06-18 16:00:00,1,0
RCT000003932,RC0013,U0008442,push,2026-02-14 16:00:00,1,0
RCT000003933,RC0012,U0001530,push,2026-03-04 08:00:00,1,0
RCT000003934,RC0024,U0002416,push,2026-06-04 19:00:00,1,0
RCT000003935,RC0015,U0005092,push,2026-04-22 10:00:00,1,0
RCT000003936,RC0013,U0007368,push,2026-02-17 17:00:00,1,1
RCT000003937,RC0006,U0002123,in_app,2026-02-16 14:00:00,1,0
RCT000003938,RC0012,U0005290,push,2026-03-01 09:00:00,1,0
RCT000003939,RC0020,U0010416,push,2026-05-27 20:00:00,1,0
RCT000003940,RC0022,U0002922,in_app,2026-05-21 17:00:00,1,0
RCT000003941,RC0004,U0000835,in_app,2026-02-03 18:00:00,1,0
RCT000003942,RC0017,U0009608,sms,2026-04-14 14:00:00,1,0
RCT000003943,RC0023,U0005326,sms,2026-05-27 21:00:00,1,0
RCT000003944,RC0016,U0000761,in_app,2026-02-20 09:00:00,1,0
RCT000003945,RC0009,U0000341,sms,2026-05-06 11:00:00,1,0
RCT000003946,RC0017,U0001171,sms,2026-04-09 16:00:00,1,0
RCT000003947,RC0023,U0006233,sms,2026-05-30 20:00:00,1,0
RCT000003948,RC0010,U0003448,push,2026-03-12 12:00:00,1,0
RCT000003949,RC0019,U0002742,sms,2026-06-29 14:00:00,1,0
RCT000003950,RC0001,U0011494,push,2026-07-26 13:00:00,1,0
RCT000003951,RC0017,U0003313,sms,2026-04-11 08:00:00,1,0
RCT000003952,RC0023,U0007560,sms,2026-05-27 19:00:00,1,0
RCT000003953,RC0010,U0001978,push,2026-03-14 18:00:00,1,0
RCT000003954,RC0001,U0000392,push,2026-07-26 08:00:00,1,0
RCT000003955,RC0003,U0005923,push,2026-02-16 09:00:00,1,0
RCT000003956,RC0005,U0005063,push,2026-07-28 12:00:00,1,0
RCT000003957,RC0010,U0002190,push,2026-03-18 10:00:00,0,0
RCT000003958,RC0015,U0008376,push,2026-04-22 16:00:00,1,0
RCT000003959,RC0015,U0002904,push,2026-04-26 14:00:00,1,0
RCT000003960,RC0021,U0010427,in_app,2026-04-14 21:00:00,1,0
RCT000003961,RC0023,U0009908,sms,2026-05-31 17:00:00,1,0
RCT000003962,RC0015,U0010985,push,2026-04-25 14:00:00,1,0
RCT000003963,RC0010,U0002359,push,2026-03-14 20:00:00,1,1
RCT000003964,RC0021,U0000102,in_app,2026-04-15 19:00:00,1,0
RCT000003965,RC0011,U0004490,sms,2026-07-15 11:00:00,0,0
RCT000003966,RC0005,U0005415,push,2026-08-03 19:00:00,1,0
RCT000003967,RC0003,U0000935,push,2026-02-15 14:00:00,1,1
RCT000003968,RC0007,U0007293,push,2026-06-28 08:00:00,1,0
RCT000003969,RC0003,U0009164,push,2026-02-16 08:00:00,1,0
RCT000003970,RC0008,U0000418,push,2026-06-21 20:00:00,1,0
RCT000003971,RC0010,U0010184,push,2026-03-13 18:00:00,1,1
RCT000003972,RC0016,U0000996,in_app,2026-02-23 13:00:00,1,0
RCT000003973,RC0001,U0002800,push,2026-07-26 16:00:00,1,0
RCT000003974,RC0014,U0008049,push,2026-03-25 11:00:00,1,0
RCT000003975,RC0008,U0000726,push,2026-06-26 14:00:00,1,0
RCT000003976,RC0023,U0011296,sms,2026-05-28 10:00:00,1,0
RCT000003977,RC0005,U0000746,push,2026-08-03 08:00:00,1,0
RCT000003978,RC0005,U0011589,push,2026-07-31 17:00:00,1,0
RCT000003979,RC0019,U0009179,sms,2026-06-25 13:00:00,1,0
RCT000003980,RC0004,U0005098,in_app,2026-02-02 17:00:00,1,0
RCT000003981,RC0008,U0008499,push,2026-06-22 17:00:00,1,0
RCT000003982,RC0015,U0003310,push,2026-04-27 18:00:00,1,0
RCT000003983,RC0001,U0002292,push,2026-08-01 16:00:00,1,0
RCT000003984,RC0008,U0003371,push,2026-06-27 12:00:00,0,0
RCT000003985,RC0023,U0007986,sms,2026-05-31 18:00:00,1,0
RCT000003986,RC0020,U0010602,push,2026-05-29 19:00:00,1,1
RCT000003987,RC0024,U0006000,push,2026-06-08 14:00:00,1,0
RCT000003988,RC0015,U0007997,push,2026-04-22 08:00:00,0,0
RCT000003989,RC0023,U0011022,sms,2026-06-02 09:00:00,1,0
RCT000003990,RC0001,U0007813,push,2026-07-29 09:00:00,1,1
RCT000003991,RC0013,U0008148,push,2026-02-15 10:00:00,1,1
RCT000003992,RC0001,U0003801,push,2026-08-01 09:00:00,0,0
RCT000003993,RC0019,U0004229,sms,2026-06-27 08:00:00,1,0
RCT000003994,RC0020,U0007643,push,2026-05-29 18:00:00,1,0
RCT000003995,RC0001,U0001910,push,2026-07-26 13:00:00,0,0
RCT000003996,RC0010,U0011520,push,2026-03-18 09:00:00,1,0
RCT000003997,RC0018,U0002028,push,2026-02-11 19:00:00,1,1
RCT000003998,RC0013,U0005691,push,2026-02-20 20:00:00,1,0
RCT000003999,RC0015,U0011419,push,2026-04-25 12:00:00,1,0
RCT000004000,RC0020,U0010747,push,2026-05-25 10:00:00,1,0
RCT000004001,RC0009,U0001663,sms,2026-05-11 21:00:00,1,0
RCT000004002,RC0003,U0001324,push,2026-02-13 12:00:00,1,1
RCT000004003,RC0010,U0008900,push,2026-03-13 20:00:00,1,0
RCT000004004,RC0010,U0002898,push,2026-03-15 14:00:00,0,0
RCT000004005,RC0003,U0006768,push,2026-02-16 19:00:00,1,1
RCT000004006,RC0014,U0001677,push,2026-03-26 08:00:00,1,0
RCT000004007,RC0012,U0005529,push,2026-03-05 21:00:00,1,0
RCT000004008,RC0018,U0001800,push,2026-02-12 11:00:00,1,0
RCT000004009,RC0002,U0000763,push,2026-06-13 20:00:00,1,1
RCT000004010,RC0010,U0006278,push,2026-03-12 08:00:00,1,0
RCT000004011,RC0021,U0009438,in_app,2026-04-17 16:00:00,1,0
RCT000004012,RC0001,U0006829,push,2026-07-26 16:00:00,1,0
RCT000004013,RC0016,U0001180,in_app,2026-02-26 21:00:00,1,0
RCT000004014,RC0006,U0011161,in_app,2026-02-20 11:00:00,1,0
RCT000004015,RC0004,U0000868,in_app,2026-02-02 20:00:00,1,0
RCT000004016,RC0009,U0011163,sms,2026-05-09 09:00:00,1,1
RCT000004017,RC0011,U0008986,sms,2026-07-13 20:00:00,1,0
RCT000004018,RC0003,U0010869,push,2026-02-14 19:00:00,1,0
RCT000004019,RC0007,U0006517,push,2026-06-29 20:00:00,0,0
RCT000004020,RC0015,U0003750,push,2026-04-26 13:00:00,1,0
RCT000004021,RC0018,U0001221,push,2026-02-10 19:00:00,1,0
RCT000004022,RC0017,U0008413,sms,2026-04-11 11:00:00,1,0
RCT000004023,RC0010,U0008983,push,2026-03-14 16:00:00,1,0
RCT000004024,RC0015,U0005376,push,2026-04-21 14:00:00,1,0
RCT000004025,RC0013,U0008727,push,2026-02-20 14:00:00,0,0
RCT000004026,RC0024,U0008661,push,2026-06-08 09:00:00,1,0
RCT000004027,RC0012,U0004276,push,2026-03-01 13:00:00,1,1
RCT000004028,RC0016,U0003837,in_app,2026-02-21 13:00:00,1,1
RCT000004029,RC0017,U0004528,sms,2026-04-08 17:00:00,1,0
RCT000004030,RC0016,U0004408,in_app,2026-02-26 19:00:00,1,1
RCT000004031,RC0004,U0007127,in_app,2026-01-31 16:00:00,1,0
RCT000004032,RC0007,U0003803,push,2026-06-27 14:00:00,0,0
RCT000004033,RC0011,U0007841,sms,2026-07-16 17:00:00,1,0
RCT000004034,RC0006,U0005243,in_app,2026-02-20 08:00:00,1,0
RCT000004035,RC0002,U0005154,push,2026-06-14 13:00:00,1,0
RCT000004036,RC0001,U0010567,push,2026-08-01 09:00:00,1,1
RCT000004037,RC0021,U0008892,in_app,2026-04-19 18:00:00,1,0
RCT000004038,RC0004,U0004382,in_app,2026-02-01 20:00:00,1,0
RCT000004039,RC0021,U0011003,in_app,2026-04-20 15:00:00,0,0
RCT000004040,RC0013,U0002856,push,2026-02-14 14:00:00,1,0
RCT000004041,RC0021,U0002239,in_app,2026-04-17 11:00:00,1,0
RCT000004042,RC0012,U0007959,push,2026-02-28 20:00:00,1,0
RCT000004043,RC0014,U0007947,push,2026-03-23 13:00:00,0,0
RCT000004044,RC0021,U0005931,in_app,2026-04-20 14:00:00,1,0
RCT000004045,RC0016,U0004310,in_app,2026-02-25 11:00:00,1,0
RCT000004046,RC0002,U0010865,push,2026-06-19 13:00:00,1,0
RCT000004047,RC0003,U0008858,push,2026-02-10 11:00:00,1,1
RCT000004048,RC0003,U0011095,push,2026-02-13 13:00:00,1,0
RCT000004049,RC0008,U0007526,push,2026-06-26 13:00:00,1,0
RCT000004050,RC0007,U0011455,push,2026-06-28 21:00:00,1,0
RCT000004051,RC0013,U0011337,push,2026-02-15 16:00:00,1,0
RCT000004052,RC0001,U0007483,push,2026-07-26 13:00:00,1,0
RCT000004053,RC0024,U0004411,push,2026-06-06 15:00:00,1,0
RCT000004054,RC0024,U0009263,push,2026-06-06 09:00:00,1,0
RCT000004055,RC0018,U0006735,push,2026-02-09 21:00:00,1,0
RCT000004056,RC0011,U0005006,sms,2026-07-14 08:00:00,1,0
RCT000004057,RC0006,U0002663,in_app,2026-02-16 14:00:00,1,0
RCT000004058,RC0010,U0005850,push,2026-03-18 19:00:00,1,1
RCT000004059,RC0011,U0000106,sms,2026-07-11 16:00:00,1,0
RCT000004060,RC0021,U0005104,in_app,2026-04-15 09:00:00,0,0
RCT000004061,RC0012,U0002743,push,2026-03-05 21:00:00,1,0
RCT000004062,RC0003,U0002179,push,2026-02-16 12:00:00,1,0
RCT000004063,RC0016,U0009128,in_app,2026-02-25 09:00:00,1,0
RCT000004064,RC0003,U0009170,push,2026-02-14 15:00:00,1,0
RCT000004065,RC0024,U0005556,push,2026-06-09 11:00:00,1,0
RCT000004066,RC0021,U0004705,in_app,2026-04-15 20:00:00,1,0
RCT000004067,RC0015,U0008529,push,2026-04-22 21:00:00,1,0
RCT000004068,RC0006,U0006965,in_app,2026-02-19 13:00:00,1,0
RCT000004069,RC0017,U0001493,sms,2026-04-09 17:00:00,1,0
RCT000004070,RC0010,U0007299,push,2026-03-17 13:00:00,1,1
RCT000004071,RC0007,U0006206,push,2026-06-24 11:00:00,1,0
RCT000004072,RC0009,U0010147,sms,2026-05-07 20:00:00,1,1
RCT000004073,RC0021,U0005796,in_app,2026-04-16 17:00:00,1,0
RCT000004074,RC0024,U0010184,push,2026-06-09 13:00:00,1,0
RCT000004075,RC0001,U0008177,push,2026-07-26 18:00:00,1,1
RCT000004076,RC0016,U0007789,in_app,2026-02-25 09:00:00,1,0
RCT000004077,RC0007,U0004683,push,2026-06-27 13:00:00,1,1
RCT000004078,RC0014,U0011922,push,2026-03-23 19:00:00,1,0
RCT000004079,RC0007,U0005218,push,2026-06-28 14:00:00,1,0
RCT000004080,RC0011,U0010621,sms,2026-07-11 08:00:00,1,0
RCT000004081,RC0007,U0006440,push,2026-06-28 12:00:00,1,1
RCT000004082,RC0023,U0011010,sms,2026-05-31 16:00:00,1,0
RCT000004083,RC0006,U0000795,in_app,2026-02-15 20:00:00,1,0
RCT000004084,RC0011,U0010441,sms,2026-07-16 20:00:00,1,0
RCT000004085,RC0004,U0004084,in_app,2026-02-03 15:00:00,0,0
RCT000004086,RC0018,U0008959,push,2026-02-08 14:00:00,1,0
RCT000004087,RC0002,U0007693,push,2026-06-13 19:00:00,1,0
RCT000004088,RC0002,U0007036,push,2026-06-17 17:00:00,1,0
RCT000004089,RC0015,U0009488,push,2026-04-23 08:00:00,1,0
RCT000004090,RC0017,U0001757,sms,2026-04-13 20:00:00,1,0
RCT000004091,RC0023,U0009035,sms,2026-05-28 16:00:00,1,0
RCT000004092,RC0008,U0007364,push,2026-06-24 10:00:00,1,1
RCT000004093,RC0001,U0003680,push,2026-07-27 20:00:00,1,0
RCT000004094,RC0014,U0003011,push,2026-03-25 08:00:00,1,1
RCT000004095,RC0010,U0004750,push,2026-03-18 11:00:00,1,0
RCT000004096,RC0014,U0007828,push,2026-03-21 18:00:00,1,0
RCT000004097,RC0022,U0005980,in_app,2026-05-23 15:00:00,1,1
RCT000004098,RC0017,U0004314,sms,2026-04-12 14:00:00,1,0
RCT000004099,RC0004,U0005865,in_app,2026-02-04 16:00:00,1,1
RCT000004100,RC0004,U0007036,in_app,2026-02-05 14:00:00,0,0
RCT000004101,RC0009,U0011434,sms,2026-05-12 20:00:00,1,0
RCT000004102,RC0014,U0011365,push,2026-03-24 18:00:00,1,0
RCT000004103,RC0003,U0003758,push,2026-02-14 13:00:00,1,0
RCT000004104,RC0015,U0004753,push,2026-04-25 21:00:00,1,0
RCT000004105,RC0004,U0005199,in_app,2026-02-03 10:00:00,1,0
RCT000004106,RC0007,U0000385,push,2026-06-29 09:00:00,1,0
RCT000004107,RC0006,U0003557,in_app,2026-02-21 14:00:00,1,0
RCT000004108,RC0003,U0009318,push,2026-02-16 10:00:00,1,0
RCT000004109,RC0003,U0011754,push,2026-02-10 17:00:00,1,1
RCT000004110,RC0012,U0002618,push,2026-03-02 10:00:00,1,0
RCT000004111,RC0001,U0009836,push,2026-07-30 08:00:00,1,0
RCT000004112,RC0005,U0004570,push,2026-07-29 14:00:00,1,0
RCT000004113,RC0003,U0002940,push,2026-02-14 13:00:00,1,0
RCT000004114,RC0007,U0002828,push,2026-06-26 14:00:00,1,0
RCT000004115,RC0009,U0011913,sms,2026-05-12 19:00:00,1,0
RCT000004116,RC0022,U0001930,in_app,2026-05-26 09:00:00,1,0
RCT000004117,RC0007,U0011682,push,2026-06-23 14:00:00,1,0
RCT000004118,RC0010,U0005086,push,2026-03-17 16:00:00,1,0
RCT000004119,RC0005,U0011994,push,2026-08-01 09:00:00,1,0
RCT000004120,RC0009,U0003330,sms,2026-05-12 16:00:00,1,0
RCT000004121,RC0005,U0007760,push,2026-08-01 21:00:00,1,1
RCT000004122,RC0001,U0000575,push,2026-07-26 16:00:00,1,0
RCT000004123,RC0004,U0003175,in_app,2026-02-02 10:00:00,1,0
RCT000004124,RC0024,U0002210,push,2026-06-09 08:00:00,1,0
RCT000004125,RC0013,U0002999,push,2026-02-20 19:00:00,1,0
RCT000004126,RC0010,U0004520,push,2026-03-13 17:00:00,1,0
RCT000004127,RC0020,U0010315,push,2026-05-26 13:00:00,1,1
RCT000004128,RC0016,U0007233,in_app,2026-02-25 08:00:00,1,0
RCT000004129,RC0013,U0000757,push,2026-02-20 21:00:00,1,0
RCT000004130,RC0014,U0011057,push,2026-03-25 19:00:00,1,0
RCT000004131,RC0002,U0011503,push,2026-06-16 16:00:00,1,0
RCT000004132,RC0011,U0005394,sms,2026-07-10 12:00:00,1,1
RCT000004133,RC0018,U0007612,push,2026-02-09 09:00:00,1,0
RCT000004134,RC0006,U0006665,in_app,2026-02-16 12:00:00,1,0
RCT000004135,RC0019,U0001176,sms,2026-06-27 08:00:00,0,0
RCT000004136,RC0015,U0007404,push,2026-04-25 13:00:00,1,1
RCT000004137,RC0010,U0001497,push,2026-03-13 19:00:00,1,0
RCT000004138,RC0012,U0002535,push,2026-03-05 08:00:00,1,0
RCT000004139,RC0022,U0007469,in_app,2026-05-27 12:00:00,1,0
RCT000004140,RC0015,U0008068,push,2026-04-22 20:00:00,1,0
RCT000004141,RC0022,U0004891,in_app,2026-05-27 09:00:00,1,0
RCT000004142,RC0022,U0000042,in_app,2026-05-25 11:00:00,1,0
RCT000004143,RC0017,U0005169,sms,2026-04-08 14:00:00,1,0
RCT000004144,RC0020,U0006834,push,2026-05-29 14:00:00,1,0
RCT000004145,RC0003,U0005969,push,2026-02-13 10:00:00,1,0
RCT000004146,RC0015,U0005129,push,2026-04-27 17:00:00,1,0
RCT000004147,RC0021,U0006545,in_app,2026-04-15 13:00:00,1,0
RCT000004148,RC0017,U0006257,sms,2026-04-13 09:00:00,1,0
RCT000004149,RC0009,U0005408,sms,2026-05-06 19:00:00,1,0
RCT000004150,RC0003,U0000851,push,2026-02-16 18:00:00,1,0
RCT000004151,RC0002,U0009515,push,2026-06-18 13:00:00,1,0
RCT000004152,RC0008,U0004019,push,2026-06-21 13:00:00,1,0
RCT000004153,RC0016,U0003905,in_app,2026-02-20 12:00:00,1,1
RCT000004154,RC0006,U0010576,in_app,2026-02-15 09:00:00,1,1
RCT000004155,RC0021,U0002589,in_app,2026-04-17 20:00:00,1,1
RCT000004156,RC0019,U0003940,sms,2026-06-26 15:00:00,1,0
RCT000004157,RC0014,U0007004,push,2026-03-25 11:00:00,1,0
RCT000004158,RC0003,U0003791,push,2026-02-10 10:00:00,1,1
RCT000004159,RC0006,U0009638,in_app,2026-02-15 15:00:00,1,0
RCT000004160,RC0014,U0001553,push,2026-03-25 21:00:00,1,0
RCT000004161,RC0018,U0011276,push,2026-02-12 13:00:00,1,0
RCT000004162,RC0015,U0005198,push,2026-04-21 20:00:00,1,0
RCT000004163,RC0008,U0003310,push,2026-06-25 14:00:00,1,0
RCT000004164,RC0003,U0004878,push,2026-02-16 11:00:00,1,1
RCT000004165,RC0008,U0000755,push,2026-06-22 09:00:00,1,0
RCT000004166,RC0017,U0009495,sms,2026-04-12 18:00:00,1,1
RCT000004167,RC0002,U0001666,push,2026-06-17 08:00:00,1,0
RCT000004168,RC0012,U0006013,push,2026-03-03 12:00:00,1,1
RCT000004169,RC0018,U0009344,push,2026-02-12 11:00:00,1,0
RCT000004170,RC0015,U0004031,push,2026-04-23 17:00:00,1,0
RCT000004171,RC0014,U0007820,push,2026-03-21 10:00:00,1,0
RCT000004172,RC0014,U0003149,push,2026-03-24 18:00:00,1,0
RCT000004173,RC0015,U0003376,push,2026-04-23 10:00:00,1,1
RCT000004174,RC0016,U0001667,in_app,2026-02-24 18:00:00,1,0
RCT000004175,RC0005,U0005820,push,2026-08-02 18:00:00,1,1
RCT000004176,RC0020,U0002677,push,2026-05-25 16:00:00,1,0
RCT000004177,RC0019,U0010159,sms,2026-06-26 15:00:00,1,0
RCT000004178,RC0003,U0005633,push,2026-02-10 17:00:00,1,0
RCT000004179,RC0016,U0009197,in_app,2026-02-20 11:00:00,0,0
RCT000004180,RC0016,U0001447,in_app,2026-02-25 13:00:00,1,0
RCT000004181,RC0010,U0005282,push,2026-03-17 08:00:00,1,1
RCT000004182,RC0002,U0007892,push,2026-06-17 08:00:00,1,0
RCT000004183,RC0014,U0003872,push,2026-03-26 17:00:00,1,0
RCT000004184,RC0020,U0004950,push,2026-05-29 16:00:00,1,0
RCT000004185,RC0024,U0000689,push,2026-06-06 12:00:00,1,0
RCT000004186,RC0013,U0008236,push,2026-02-15 11:00:00,1,0
RCT000004187,RC0023,U0002603,sms,2026-05-31 18:00:00,1,0
RCT000004188,RC0008,U0005165,push,2026-06-22 14:00:00,1,0
RCT000004189,RC0010,U0009647,push,2026-03-15 16:00:00,1,0
RCT000004190,RC0017,U0000042,sms,2026-04-13 19:00:00,1,0
RCT000004191,RC0023,U0001791,sms,2026-06-02 21:00:00,1,0
RCT000004192,RC0019,U0005204,sms,2026-06-25 20:00:00,1,0
RCT000004193,RC0018,U0011844,push,2026-02-10 14:00:00,1,0
RCT000004194,RC0015,U0006507,push,2026-04-25 11:00:00,1,0
RCT000004195,RC0001,U0011994,push,2026-07-31 19:00:00,0,0
RCT000004196,RC0003,U0006133,push,2026-02-15 21:00:00,1,0
RCT000004197,RC0006,U0003030,in_app,2026-02-16 19:00:00,1,0
RCT000004198,RC0005,U0007712,push,2026-07-29 13:00:00,1,0
RCT000004199,RC0021,U0003413,in_app,2026-04-16 18:00:00,1,0
RCT000004200,RC0006,U0011588,in_app,2026-02-21 21:00:00,1,0
RCT000004201,RC0001,U0004590,push,2026-07-26 17:00:00,1,0
RCT000004202,RC0008,U0000623,push,2026-06-25 17:00:00,1,0
RCT000004203,RC0011,U0000622,sms,2026-07-15 08:00:00,1,0
RCT000004204,RC0009,U0005194,sms,2026-05-07 10:00:00,1,0
RCT000004205,RC0009,U0007351,sms,2026-05-12 09:00:00,1,0
RCT000004206,RC0009,U0006733,sms,2026-05-08 11:00:00,1,0
RCT000004207,RC0006,U0000616,in_app,2026-02-19 21:00:00,1,0
RCT000004208,RC0001,U0001346,push,2026-07-28 17:00:00,1,1
RCT000004209,RC0004,U0004171,in_app,2026-02-03 11:00:00,1,0
RCT000004210,RC0022,U0000004,in_app,2026-05-26 16:00:00,1,0
RCT000004211,RC0002,U0001805,push,2026-06-14 15:00:00,1,0
RCT000004212,RC0004,U0000790,in_app,2026-02-01 20:00:00,1,1
RCT000004213,RC0016,U0005198,in_app,2026-02-25 19:00:00,1,0
RCT000004214,RC0020,U0010174,push,2026-05-24 16:00:00,1,0
RCT000004215,RC0023,U0009826,sms,2026-06-01 20:00:00,1,0
RCT000004216,RC0022,U0000634,in_app,2026-05-24 11:00:00,1,1
RCT000004217,RC0024,U0003774,push,2026-06-05 09:00:00,1,0
RCT000004218,RC0017,U0005595,sms,2026-04-12 14:00:00,1,0
RCT000004219,RC0005,U0004948,push,2026-08-01 12:00:00,1,0
RCT000004220,RC0019,U0002855,sms,2026-06-27 18:00:00,1,0
RCT000004221,RC0006,U0005026,in_app,2026-02-21 09:00:00,1,0
RCT000004222,RC0015,U0000220,push,2026-04-21 09:00:00,1,1
RCT000004223,RC0015,U0008261,push,2026-04-25 11:00:00,1,0
RCT000004224,RC0003,U0005737,push,2026-02-11 08:00:00,1,0
RCT000004225,RC0005,U0005967,push,2026-07-30 19:00:00,1,1
RCT000004226,RC0013,U0004087,push,2026-02-18 19:00:00,1,0
RCT000004227,RC0012,U0003622,push,2026-03-05 20:00:00,1,0
RCT000004228,RC0024,U0009405,push,2026-06-10 08:00:00,0,0
RCT000004229,RC0014,U0000714,push,2026-03-22 18:00:00,1,0
RCT000004230,RC0020,U0008845,push,2026-05-29 20:00:00,1,0
RCT000004231,RC0001,U0004835,push,2026-07-30 16:00:00,1,0
RCT000004232,RC0012,U0000824,push,2026-03-04 20:00:00,0,0
RCT000004233,RC0015,U0009032,push,2026-04-27 14:00:00,1,0
RCT000004234,RC0012,U0004846,push,2026-03-03 11:00:00,0,0
RCT000004235,RC0003,U0000781,push,2026-02-15 21:00:00,1,0
RCT000004236,RC0015,U0005127,push,2026-04-22 15:00:00,1,0
RCT000004237,RC0006,U0010269,in_app,2026-02-17 09:00:00,1,0
RCT000004238,RC0011,U0002794,sms,2026-07-12 19:00:00,1,0
RCT000004239,RC0021,U0008772,in_app,2026-04-17 08:00:00,1,0
RCT000004240,RC0020,U0002354,push,2026-05-29 21:00:00,1,0
RCT000004241,RC0002,U0008381,push,2026-06-14 11:00:00,1,0
RCT000004242,RC0001,U0008900,push,2026-07-30 14:00:00,1,0
RCT000004243,RC0023,U0009312,sms,2026-05-30 12:00:00,1,0
RCT000004244,RC0019,U0007023,sms,2026-06-30 20:00:00,1,0
RCT000004245,RC0020,U0007406,push,2026-05-26 14:00:00,1,0
RCT000004246,RC0001,U0004964,push,2026-07-27 08:00:00,1,0
RCT000004247,RC0020,U0000434,push,2026-05-24 16:00:00,0,0
RCT000004248,RC0002,U0007164,push,2026-06-13 16:00:00,1,0
RCT000004249,RC0015,U0004654,push,2026-04-24 21:00:00,1,0
RCT000004250,RC0010,U0006764,push,2026-03-12 11:00:00,1,0
RCT000004251,RC0002,U0011791,push,2026-06-14 16:00:00,1,0
RCT000004252,RC0015,U0000689,push,2026-04-23 12:00:00,0,0
RCT000004253,RC0018,U0009692,push,2026-02-14 18:00:00,1,0
RCT000004254,RC0020,U0010946,push,2026-05-26 16:00:00,1,0
RCT000004255,RC0021,U0001138,in_app,2026-04-15 09:00:00,1,1
RCT000004256,RC0008,U0003553,push,2026-06-22 14:00:00,1,0
RCT000004257,RC0001,U0005101,push,2026-07-30 08:00:00,1,1
RCT000004258,RC0019,U0010904,sms,2026-06-25 19:00:00,1,0
RCT000004259,RC0022,U0001055,in_app,2026-05-24 21:00:00,1,0
RCT000004260,RC0016,U0010931,in_app,2026-02-23 14:00:00,1,0
RCT000004261,RC0012,U0001881,push,2026-03-03 08:00:00,1,0
RCT000004262,RC0004,U0001475,in_app,2026-02-05 13:00:00,1,0
RCT000004263,RC0018,U0001886,push,2026-02-11 14:00:00,1,0
RCT000004264,RC0005,U0009895,push,2026-08-01 18:00:00,1,0
RCT000004265,RC0017,U0003902,sms,2026-04-11 19:00:00,1,0
RCT000004266,RC0019,U0000514,sms,2026-06-26 14:00:00,0,0
RCT000004267,RC0016,U0001730,in_app,2026-02-25 16:00:00,1,0
RCT000004268,RC0016,U0003588,in_app,2026-02-25 20:00:00,0,0
RCT000004269,RC0010,U0006621,push,2026-03-13 11:00:00,1,0
RCT000004270,RC0016,U0002359,in_app,2026-02-25 19:00:00,1,0
RCT000004271,RC0024,U0000712,push,2026-06-05 08:00:00,1,0
RCT000004272,RC0005,U0006096,push,2026-07-30 15:00:00,1,1
RCT000004273,RC0009,U0007265,sms,2026-05-12 08:00:00,1,0
RCT000004274,RC0020,U0000939,push,2026-05-25 20:00:00,1,0
RCT000004275,RC0024,U0002786,push,2026-06-10 08:00:00,1,0
RCT000004276,RC0024,U0010297,push,2026-06-07 11:00:00,1,1
RCT000004277,RC0004,U0007655,in_app,2026-02-05 16:00:00,1,1
RCT000004278,RC0013,U0001429,push,2026-02-16 13:00:00,1,1
RCT000004279,RC0007,U0004025,push,2026-06-23 20:00:00,1,0
RCT000004280,RC0014,U0010412,push,2026-03-25 20:00:00,1,0
RCT000004281,RC0013,U0010565,push,2026-02-17 20:00:00,1,0
RCT000004282,RC0018,U0009395,push,2026-02-12 18:00:00,0,0
RCT000004283,RC0017,U0010906,sms,2026-04-14 16:00:00,1,0
RCT000004284,RC0001,U0007717,push,2026-08-01 08:00:00,1,0
RCT000004285,RC0001,U0006651,push,2026-07-26 17:00:00,1,0
RCT000004286,RC0021,U0008851,in_app,2026-04-15 18:00:00,1,0
RCT000004287,RC0017,U0009012,sms,2026-04-11 17:00:00,1,0
RCT000004288,RC0017,U0001084,sms,2026-04-08 18:00:00,1,0
RCT000004289,RC0013,U0003494,push,2026-02-20 11:00:00,1,0
RCT000004290,RC0015,U0010120,push,2026-04-22 15:00:00,1,0
RCT000004291,RC0021,U0007701,in_app,2026-04-20 15:00:00,1,0
RCT000004292,RC0016,U0003242,in_app,2026-02-26 13:00:00,1,0
RCT000004293,RC0015,U0001553,push,2026-04-27 21:00:00,1,0
RCT000004294,RC0020,U0009144,push,2026-05-25 21:00:00,0,0
RCT000004295,RC0006,U0004876,in_app,2026-02-19 12:00:00,1,0
RCT000004296,RC0009,U0002852,sms,2026-05-07 19:00:00,1,0
RCT000004297,RC0006,U0007412,in_app,2026-02-19 21:00:00,1,0
RCT000004298,RC0020,U0003707,push,2026-05-30 15:00:00,1,1
RCT000004299,RC0003,U0009790,push,2026-02-14 09:00:00,1,1
RCT000004300,RC0001,U0007986,push,2026-07-28 08:00:00,1,0
RCT000004301,RC0009,U0004926,sms,2026-05-10 13:00:00,0,0
RCT000004302,RC0009,U0006426,sms,2026-05-11 13:00:00,1,1
RCT000004303,RC0003,U0007443,push,2026-02-15 16:00:00,1,0
RCT000004304,RC0019,U0000705,sms,2026-06-30 20:00:00,1,0
RCT000004305,RC0005,U0009788,push,2026-08-03 15:00:00,1,0
RCT000004306,RC0015,U0002604,push,2026-04-25 18:00:00,1,0
RCT000004307,RC0013,U0005978,push,2026-02-16 12:00:00,1,1
RCT000004308,RC0009,U0001383,sms,2026-05-11 08:00:00,1,0
RCT000004309,RC0023,U0001763,sms,2026-05-30 10:00:00,1,0
RCT000004310,RC0001,U0005885,push,2026-07-29 17:00:00,0,0
RCT000004311,RC0015,U0002480,push,2026-04-23 08:00:00,1,0
RCT000004312,RC0011,U0002427,sms,2026-07-13 11:00:00,1,0
RCT000004313,RC0001,U0003062,push,2026-07-30 17:00:00,1,0
RCT000004314,RC0009,U0007125,sms,2026-05-12 13:00:00,1,0
RCT000004315,RC0007,U0009029,push,2026-06-26 13:00:00,1,0
RCT000004316,RC0009,U0000997,sms,2026-05-10 16:00:00,1,0
RCT000004317,RC0021,U0008489,in_app,2026-04-17 16:00:00,1,0
RCT000004318,RC0016,U0008991,in_app,2026-02-26 18:00:00,1,0
RCT000004319,RC0018,U0005230,push,2026-02-13 09:00:00,1,0
RCT000004320,RC0004,U0007510,in_app,2026-02-05 20:00:00,1,0
RCT000004321,RC0006,U0003369,in_app,2026-02-21 11:00:00,1,0
RCT000004322,RC0014,U0003348,push,2026-03-24 11:00:00,1,0
RCT000004323,RC0009,U0009428,sms,2026-05-11 11:00:00,1,1
RCT000004324,RC0018,U0002382,push,2026-02-13 11:00:00,1,0
RCT000004325,RC0012,U0002562,push,2026-02-28 21:00:00,1,1
RCT000004326,RC0016,U0002763,in_app,2026-02-25 21:00:00,1,1
RCT000004327,RC0021,U0009659,in_app,2026-04-18 17:00:00,1,1
RCT000004328,RC0009,U0000189,sms,2026-05-08 11:00:00,1,0
RCT000004329,RC0003,U0010219,push,2026-02-10 15:00:00,1,0
RCT000004330,RC0007,U0010526,push,2026-06-27 15:00:00,1,0
RCT000004331,RC0012,U0005596,push,2026-03-04 20:00:00,1,0
RCT000004332,RC0003,U0002589,push,2026-02-16 09:00:00,1,0
RCT000004333,RC0008,U0006521,push,2026-06-27 17:00:00,1,0
RCT000004334,RC0016,U0000781,in_app,2026-02-23 15:00:00,1,0
RCT000004335,RC0022,U0008226,in_app,2026-05-25 15:00:00,1,1
RCT000004336,RC0010,U0005186,push,2026-03-14 21:00:00,1,0
RCT000004337,RC0013,U0006129,push,2026-02-20 16:00:00,0,0
RCT000004338,RC0016,U0006048,in_app,2026-02-20 18:00:00,1,0
RCT000004339,RC0024,U0004692,push,2026-06-10 20:00:00,1,0
RCT000004340,RC0023,U0011656,sms,2026-05-28 14:00:00,0,0
RCT000004341,RC0005,U0005849,push,2026-07-28 15:00:00,0,0
RCT000004342,RC0018,U0002321,push,2026-02-08 16:00:00,1,0
RCT000004343,RC0010,U0003590,push,2026-03-12 18:00:00,1,0
RCT000004344,RC0004,U0010840,in_app,2026-02-05 15:00:00,1,0
RCT000004345,RC0006,U0004144,in_app,2026-02-18 09:00:00,1,1
RCT000004346,RC0006,U0002480,in_app,2026-02-20 14:00:00,1,0
RCT000004347,RC0003,U0003892,push,2026-02-10 21:00:00,0,0
RCT000004348,RC0018,U0009258,push,2026-02-12 18:00:00,1,1
RCT000004349,RC0015,U0011645,push,2026-04-26 16:00:00,1,0
RCT000004350,RC0017,U0009450,sms,2026-04-14 18:00:00,1,0
RCT000004351,RC0015,U0008938,push,2026-04-26 16:00:00,1,0
RCT000004352,RC0011,U0011593,sms,2026-07-13 17:00:00,1,0
RCT000004353,RC0002,U0003063,push,2026-06-18 20:00:00,1,0
RCT000004354,RC0002,U0009189,push,2026-06-19 19:00:00,1,0
RCT000004355,RC0018,U0000567,push,2026-02-11 20:00:00,1,0
RCT000004356,RC0024,U0005653,push,2026-06-08 10:00:00,1,0
RCT000004357,RC0009,U0006660,sms,2026-05-10 21:00:00,1,0
RCT000004358,RC0004,U0009672,in_app,2026-02-02 17:00:00,1,0
RCT000004359,RC0015,U0008059,push,2026-04-24 14:00:00,0,0
RCT000004360,RC0007,U0003165,push,2026-06-26 18:00:00,1,0
RCT000004361,RC0019,U0003493,sms,2026-07-01 11:00:00,1,0
RCT000004362,RC0011,U0003234,sms,2026-07-15 13:00:00,1,0
RCT000004363,RC0001,U0004522,push,2026-07-27 19:00:00,1,0
RCT000004364,RC0020,U0002015,push,2026-05-27 10:00:00,1,0
RCT000004365,RC0009,U0011864,sms,2026-05-07 18:00:00,1,0
RCT000004366,RC0007,U0004390,push,2026-06-29 19:00:00,1,0
RCT000004367,RC0009,U0011712,sms,2026-05-08 14:00:00,1,0
RCT000004368,RC0004,U0003262,in_app,2026-02-05 11:00:00,1,0
RCT000004369,RC0005,U0002816,push,2026-07-28 12:00:00,1,0
RCT000004370,RC0012,U0000910,push,2026-03-03 17:00:00,1,1
RCT000004371,RC0009,U0010685,sms,2026-05-06 18:00:00,1,1
RCT000004372,RC0020,U0006751,push,2026-05-25 16:00:00,1,1
RCT000004373,RC0002,U0004219,push,2026-06-17 09:00:00,1,0
RCT000004374,RC0017,U0003247,sms,2026-04-14 19:00:00,1,0
RCT000004375,RC0002,U0001996,push,2026-06-18 16:00:00,1,1
RCT000004376,RC0024,U0001853,push,2026-06-06 17:00:00,1,0
RCT000004377,RC0010,U0002604,push,2026-03-16 13:00:00,1,0
RCT000004378,RC0013,U0002736,push,2026-02-20 09:00:00,1,0
RCT000004379,RC0024,U0006712,push,2026-06-09 18:00:00,0,0
RCT000004380,RC0015,U0011319,push,2026-04-22 17:00:00,1,0
RCT000004381,RC0017,U0010052,sms,2026-04-10 10:00:00,1,0
RCT000004382,RC0007,U0005606,push,2026-06-28 10:00:00,1,0
RCT000004383,RC0010,U0004467,push,2026-03-17 11:00:00,1,0
RCT000004384,RC0014,U0007859,push,2026-03-24 20:00:00,1,0
RCT000004385,RC0018,U0008666,push,2026-02-10 17:00:00,1,1
RCT000004386,RC0024,U0009016,push,2026-06-08 08:00:00,1,1
RCT000004387,RC0022,U0001379,in_app,2026-05-25 10:00:00,1,1
RCT000004388,RC0007,U0002093,push,2026-06-25 09:00:00,1,0
RCT000004389,RC0022,U0008662,in_app,2026-05-27 09:00:00,1,1
RCT000004390,RC0021,U0009415,in_app,2026-04-19 13:00:00,1,0
RCT000004391,RC0004,U0007335,in_app,2026-02-02 15:00:00,1,0
RCT000004392,RC0018,U0002533,push,2026-02-08 17:00:00,1,1
RCT000004393,RC0012,U0007020,push,2026-03-05 14:00:00,1,0
RCT000004394,RC0023,U0009074,sms,2026-05-27 18:00:00,1,0
RCT000004395,RC0009,U0009545,sms,2026-05-10 20:00:00,1,0
RCT000004396,RC0018,U0009365,push,2026-02-12 15:00:00,1,0
RCT000004397,RC0021,U0011134,in_app,2026-04-14 12:00:00,1,0
RCT000004398,RC0023,U0009027,sms,2026-05-31 08:00:00,1,0
RCT000004399,RC0015,U0009593,push,2026-04-23 21:00:00,1,0
RCT000004400,RC0010,U0008448,push,2026-03-18 09:00:00,0,0
RCT000004401,RC0022,U0007928,in_app,2026-05-25 15:00:00,1,0
RCT000004402,RC0004,U0010796,in_app,2026-02-02 11:00:00,1,0
RCT000004403,RC0003,U0006088,push,2026-02-15 18:00:00,1,0
RCT000004404,RC0005,U0004301,push,2026-07-29 16:00:00,1,0
RCT000004405,RC0007,U0010934,push,2026-06-26 20:00:00,1,0
RCT000004406,RC0009,U0009462,sms,2026-05-08 14:00:00,1,0
RCT000004407,RC0011,U0006669,sms,2026-07-14 19:00:00,1,0
RCT000004408,RC0010,U0010688,push,2026-03-16 08:00:00,1,1
RCT000004409,RC0011,U0001310,sms,2026-07-11 16:00:00,1,1
RCT000004410,RC0021,U0002619,in_app,2026-04-15 09:00:00,1,0
RCT000004411,RC0013,U0009633,push,2026-02-16 18:00:00,1,0
RCT000004412,RC0021,U0001273,in_app,2026-04-19 10:00:00,1,0
RCT000004413,RC0008,U0005855,push,2026-06-22 10:00:00,1,1
RCT000004414,RC0008,U0004142,push,2026-06-27 12:00:00,1,0
RCT000004415,RC0022,U0006805,in_app,2026-05-24 19:00:00,1,1
RCT000004416,RC0007,U0006473,push,2026-06-29 08:00:00,1,0
RCT000004417,RC0014,U0002233,push,2026-03-27 09:00:00,1,0
RCT000004418,RC0017,U0009366,sms,2026-04-08 13:00:00,1,0
RCT000004419,RC0024,U0000859,push,2026-06-04 09:00:00,1,0
RCT000004420,RC0001,U0009804,push,2026-08-01 10:00:00,1,0
RCT000004421,RC0007,U0006852,push,2026-06-28 10:00:00,1,0
RCT000004422,RC0017,U0007064,sms,2026-04-10 13:00:00,1,0
RCT000004423,RC0022,U0007237,in_app,2026-05-25 08:00:00,1,0
RCT000004424,RC0007,U0008127,push,2026-06-29 21:00:00,1,0
RCT000004425,RC0017,U0003740,sms,2026-04-14 14:00:00,1,0
RCT000004426,RC0013,U0001180,push,2026-02-18 10:00:00,1,0
RCT000004427,RC0024,U0004308,push,2026-06-07 21:00:00,1,0
RCT000004428,RC0004,U0009408,in_app,2026-02-03 13:00:00,1,0
RCT000004429,RC0009,U0009287,sms,2026-05-06 15:00:00,1,0
RCT000004430,RC0003,U0009934,push,2026-02-11 11:00:00,1,0
RCT000004431,RC0022,U0004726,in_app,2026-05-21 11:00:00,1,0
RCT000004432,RC0019,U0008563,sms,2026-06-30 16:00:00,1,0
RCT000004433,RC0021,U0009043,in_app,2026-04-18 09:00:00,1,0
RCT000004434,RC0021,U0010106,in_app,2026-04-19 10:00:00,1,0
RCT000004435,RC0017,U0004125,sms,2026-04-11 21:00:00,1,0
RCT000004436,RC0017,U0003165,sms,2026-04-08 10:00:00,1,0
RCT000004437,RC0021,U0010140,in_app,2026-04-20 14:00:00,1,0
RCT000004438,RC0005,U0011416,push,2026-07-29 20:00:00,1,0
RCT000004439,RC0016,U0009785,in_app,2026-02-23 20:00:00,1,0
RCT000004440,RC0012,U0008315,push,2026-03-03 14:00:00,1,0
RCT000004441,RC0008,U0008892,push,2026-06-21 08:00:00,1,1
RCT000004442,RC0015,U0007758,push,2026-04-25 18:00:00,1,0
RCT000004443,RC0009,U0004301,sms,2026-05-06 14:00:00,1,0
RCT000004444,RC0021,U0000659,in_app,2026-04-16 13:00:00,1,0
RCT000004445,RC0008,U0000833,push,2026-06-21 11:00:00,1,0
RCT000004446,RC0004,U0005109,in_app,2026-02-04 14:00:00,1,0
RCT000004447,RC0009,U0011904,sms,2026-05-09 10:00:00,1,0
RCT000004448,RC0006,U0004484,in_app,2026-02-17 18:00:00,1,0
RCT000004449,RC0003,U0009279,push,2026-02-10 17:00:00,1,0
RCT000004450,RC0014,U0003196,push,2026-03-26 16:00:00,1,1
RCT000004451,RC0022,U0001804,in_app,2026-05-24 11:00:00,1,0
RCT000004452,RC0017,U0008743,sms,2026-04-08 17:00:00,1,0
RCT000004453,RC0004,U0002342,in_app,2026-02-03 12:00:00,1,0
RCT000004454,RC0016,U0003881,in_app,2026-02-20 13:00:00,1,0
RCT000004455,RC0014,U0006755,push,2026-03-21 17:00:00,1,0
RCT000004456,RC0003,U0002530,push,2026-02-14 21:00:00,1,0
RCT000004457,RC0013,U0009558,push,2026-02-19 14:00:00,1,0
RCT000004458,RC0009,U0009231,sms,2026-05-09 11:00:00,1,1
RCT000004459,RC0017,U0008721,sms,2026-04-11 14:00:00,1,0
RCT000004460,RC0020,U0010486,push,2026-05-25 15:00:00,0,0
RCT000004461,RC0009,U0003086,sms,2026-05-12 13:00:00,1,0
RCT000004462,RC0023,U0004479,sms,2026-05-28 18:00:00,1,0
RCT000004463,RC0022,U0011570,in_app,2026-05-27 08:00:00,1,0
RCT000004464,RC0013,U0010598,push,2026-02-16 16:00:00,1,0
RCT000004465,RC0002,U0003118,push,2026-06-13 16:00:00,1,0
RCT000004466,RC0008,U0000296,push,2026-06-24 19:00:00,1,0
RCT000004467,RC0016,U0004239,in_app,2026-02-22 12:00:00,1,0
RCT000004468,RC0007,U0001751,push,2026-06-23 09:00:00,1,0
RCT000004469,RC0014,U0001885,push,2026-03-24 17:00:00,1,0
RCT000004470,RC0004,U0005869,in_app,2026-02-04 16:00:00,1,0
RCT000004471,RC0018,U0011069,push,2026-02-08 13:00:00,1,0
RCT000004472,RC0007,U0000596,push,2026-06-28 10:00:00,0,0
RCT000004473,RC0013,U0011484,push,2026-02-15 18:00:00,0,0
RCT000004474,RC0015,U0009459,push,2026-04-27 13:00:00,1,0
RCT000004475,RC0010,U0011290,push,2026-03-13 08:00:00,1,0
RCT000004476,RC0024,U0009332,push,2026-06-06 15:00:00,1,0
RCT000004477,RC0009,U0006858,sms,2026-05-08 15:00:00,1,0
RCT000004478,RC0001,U0004650,push,2026-07-26 16:00:00,0,0
RCT000004479,RC0024,U0010987,push,2026-06-04 13:00:00,1,0
RCT000004480,RC0003,U0003837,push,2026-02-16 08:00:00,1,0
RCT000004481,RC0021,U0001549,in_app,2026-04-14 14:00:00,1,0
RCT000004482,RC0003,U0008214,push,2026-02-10 18:00:00,1,0
RCT000004483,RC0004,U0004742,in_app,2026-02-02 20:00:00,1,0
RCT000004484,RC0002,U0001539,push,2026-06-18 09:00:00,1,0
RCT000004485,RC0016,U0003280,in_app,2026-02-26 10:00:00,1,0
RCT000004486,RC0018,U0011696,push,2026-02-13 18:00:00,1,0
RCT000004487,RC0003,U0003043,push,2026-02-10 16:00:00,1,0
RCT000004488,RC0022,U0001502,in_app,2026-05-26 09:00:00,1,0
RCT000004489,RC0002,U0000994,push,2026-06-16 18:00:00,1,0
RCT000004490,RC0015,U0007015,push,2026-04-21 09:00:00,1,0
RCT000004491,RC0003,U0004731,push,2026-02-15 08:00:00,1,0
RCT000004492,RC0006,U0007090,in_app,2026-02-17 09:00:00,1,0
RCT000004493,RC0024,U0011294,push,2026-06-06 20:00:00,1,1
RCT000004494,RC0008,U0003689,push,2026-06-25 19:00:00,1,0
RCT000004495,RC0024,U0002691,push,2026-06-10 10:00:00,1,0
RCT000004496,RC0024,U0008440,push,2026-06-04 08:00:00,1,1
RCT000004497,RC0006,U0008236,in_app,2026-02-15 15:00:00,1,0
RCT000004498,RC0014,U0000498,push,2026-03-26 11:00:00,1,0
RCT000004499,RC0012,U0003620,push,2026-03-05 08:00:00,1,1
RCT000004500,RC0008,U0000637,push,2026-06-27 09:00:00,1,0
RCT000004501,RC0018,U0000829,push,2026-02-09 21:00:00,1,0
RCT000004502,RC0017,U0006385,sms,2026-04-14 14:00:00,1,0
RCT000004503,RC0001,U0011586,push,2026-07-26 15:00:00,1,0
RCT000004504,RC0019,U0009242,sms,2026-06-30 20:00:00,1,0
RCT000004505,RC0010,U0006432,push,2026-03-12 16:00:00,0,0
RCT000004506,RC0011,U0008215,sms,2026-07-14 16:00:00,1,0
RCT000004507,RC0005,U0007664,push,2026-08-01 10:00:00,1,0
RCT000004508,RC0002,U0003875,push,2026-06-16 16:00:00,1,1
RCT000004509,RC0019,U0009586,sms,2026-06-28 08:00:00,0,0
RCT000004510,RC0015,U0005962,push,2026-04-24 19:00:00,1,1
RCT000004511,RC0001,U0000651,push,2026-07-28 08:00:00,1,0
RCT000004512,RC0023,U0009278,sms,2026-05-29 11:00:00,1,0
RCT000004513,RC0015,U0004180,push,2026-04-21 08:00:00,1,1
RCT000004514,RC0008,U0000677,push,2026-06-23 17:00:00,0,0
RCT000004515,RC0007,U0004854,push,2026-06-24 16:00:00,0,0
RCT000004516,RC0008,U0007258,push,2026-06-23 11:00:00,1,0
RCT000004517,RC0013,U0001788,push,2026-02-16 14:00:00,1,0
RCT000004518,RC0007,U0000849,push,2026-06-29 18:00:00,1,0
RCT000004519,RC0016,U0007410,in_app,2026-02-22 21:00:00,1,0
RCT000004520,RC0003,U0003732,push,2026-02-14 16:00:00,1,0
RCT000004521,RC0023,U0001767,sms,2026-05-28 19:00:00,1,0
RCT000004522,RC0024,U0001490,push,2026-06-06 08:00:00,1,0
RCT000004523,RC0008,U0000096,push,2026-06-26 08:00:00,1,0
RCT000004524,RC0016,U0004799,in_app,2026-02-23 11:00:00,1,0
RCT000004525,RC0011,U0009193,sms,2026-07-10 16:00:00,1,0
RCT000004526,RC0016,U0001192,in_app,2026-02-21 17:00:00,1,0
RCT000004527,RC0020,U0003802,push,2026-05-25 19:00:00,1,0
RCT000004528,RC0013,U0000466,push,2026-02-18 19:00:00,1,0
RCT000004529,RC0016,U0001162,in_app,2026-02-26 09:00:00,1,0
RCT000004530,RC0003,U0004541,push,2026-02-15 08:00:00,1,0
RCT000004531,RC0014,U0004619,push,2026-03-23 17:00:00,1,0
RCT000004532,RC0003,U0007359,push,2026-02-14 11:00:00,1,0
RCT000004533,RC0006,U0004358,in_app,2026-02-19 18:00:00,1,0
RCT000004534,RC0008,U0000471,push,2026-06-21 17:00:00,1,1
RCT000004535,RC0019,U0009360,sms,2026-06-27 18:00:00,1,1
RCT000004536,RC0011,U0000739,sms,2026-07-12 19:00:00,0,0
RCT000004537,RC0024,U0000175,push,2026-06-05 12:00:00,1,0
RCT000004538,RC0001,U0006493,push,2026-07-26 15:00:00,1,0
RCT000004539,RC0008,U0007726,push,2026-06-21 20:00:00,1,0
RCT000004540,RC0010,U0009193,push,2026-03-14 08:00:00,0,0
RCT000004541,RC0009,U0011201,sms,2026-05-06 12:00:00,1,1
RCT000004542,RC0021,U0000668,in_app,2026-04-14 15:00:00,1,0
RCT000004543,RC0019,U0001270,sms,2026-06-30 11:00:00,1,0
RCT000004544,RC0010,U0008144,push,2026-03-17 21:00:00,1,1
RCT000004545,RC0021,U0009108,in_app,2026-04-14 19:00:00,1,0
RCT000004546,RC0024,U0010139,push,2026-06-10 19:00:00,1,0
RCT000004547,RC0022,U0007752,in_app,2026-05-24 08:00:00,1,0
RCT000004548,RC0004,U0006686,in_app,2026-02-02 15:00:00,1,0
RCT000004549,RC0004,U0000623,in_app,2026-01-31 16:00:00,1,0
RCT000004550,RC0024,U0006042,push,2026-06-04 20:00:00,1,0
RCT000004551,RC0020,U0005168,push,2026-05-26 15:00:00,1,0
RCT000004552,RC0016,U0000686,in_app,2026-02-26 09:00:00,1,0
RCT000004553,RC0022,U0005998,in_app,2026-05-26 17:00:00,0,0
RCT000004554,RC0019,U0001903,sms,2026-06-30 10:00:00,1,0
RCT000004555,RC0009,U0007127,sms,2026-05-08 14:00:00,1,0
RCT000004556,RC0023,U0001229,sms,2026-05-27 12:00:00,1,1
RCT000004557,RC0007,U0003178,push,2026-06-27 15:00:00,1,0
RCT000004558,RC0002,U0007078,push,2026-06-16 09:00:00,1,0
RCT000004559,RC0006,U0011594,in_app,2026-02-17 18:00:00,0,0
RCT000004560,RC0004,U0001779,in_app,2026-02-06 08:00:00,1,0
RCT000004561,RC0013,U0002727,push,2026-02-14 21:00:00,1,0
RCT000004562,RC0022,U0004532,in_app,2026-05-24 12:00:00,1,0
RCT000004563,RC0009,U0005201,sms,2026-05-09 19:00:00,1,0
RCT000004564,RC0008,U0004855,push,2026-06-21 14:00:00,1,0
RCT000004565,RC0012,U0004822,push,2026-03-04 14:00:00,1,1
RCT000004566,RC0014,U0011589,push,2026-03-24 17:00:00,1,0
RCT000004567,RC0018,U0002441,push,2026-02-14 13:00:00,1,0
RCT000004568,RC0005,U0007679,push,2026-08-03 09:00:00,1,0
RCT000004569,RC0019,U0001422,sms,2026-06-30 08:00:00,1,0
RCT000004570,RC0012,U0008333,push,2026-02-27 11:00:00,1,0
RCT000004571,RC0011,U0010526,sms,2026-07-11 17:00:00,0,0
RCT000004572,RC0020,U0003388,push,2026-05-25 20:00:00,1,1
RCT000004573,RC0018,U0007647,push,2026-02-13 14:00:00,1,0
RCT000004574,RC0013,U0006386,push,2026-02-16 20:00:00,1,0
RCT000004575,RC0017,U0005014,sms,2026-04-11 10:00:00,1,0
RCT000004576,RC0021,U0006877,in_app,2026-04-16 17:00:00,1,0
RCT000004577,RC0007,U0001579,push,2026-06-28 20:00:00,1,0
RCT000004578,RC0016,U0003409,in_app,2026-02-20 19:00:00,1,0
RCT000004579,RC0006,U0007222,in_app,2026-02-15 18:00:00,1,0
RCT000004580,RC0015,U0000106,push,2026-04-26 14:00:00,1,1
RCT000004581,RC0023,U0007548,sms,2026-05-31 17:00:00,1,0
RCT000004582,RC0011,U0003779,sms,2026-07-12 18:00:00,1,0
RCT000004583,RC0012,U0011465,push,2026-03-02 21:00:00,1,0
RCT000004584,RC0015,U0001571,push,2026-04-22 08:00:00,1,0
RCT000004585,RC0003,U0001066,push,2026-02-13 14:00:00,1,0
RCT000004586,RC0008,U0010259,push,2026-06-23 18:00:00,1,0
RCT000004587,RC0010,U0010543,push,2026-03-18 18:00:00,1,0
RCT000004588,RC0010,U0000571,push,2026-03-18 15:00:00,1,0
RCT000004589,RC0020,U0010193,push,2026-05-27 21:00:00,1,0
RCT000004590,RC0004,U0011955,in_app,2026-02-05 09:00:00,0,0
RCT000004591,RC0009,U0010058,sms,2026-05-10 18:00:00,1,0
RCT000004592,RC0009,U0003810,sms,2026-05-08 16:00:00,1,0
RCT000004593,RC0009,U0009383,sms,2026-05-08 18:00:00,1,0
RCT000004594,RC0019,U0001573,sms,2026-06-25 13:00:00,1,0
RCT000004595,RC0022,U0000759,in_app,2026-05-27 12:00:00,1,0
RCT000004596,RC0016,U0008783,in_app,2026-02-20 17:00:00,1,0
RCT000004597,RC0015,U0011372,push,2026-04-23 21:00:00,1,0
RCT000004598,RC0015,U0006649,push,2026-04-25 15:00:00,1,0
RCT000004599,RC0007,U0005723,push,2026-06-25 16:00:00,1,0
RCT000004600,RC0013,U0007719,push,2026-02-19 11:00:00,1,0
RCT000004601,RC0015,U0007783,push,2026-04-24 15:00:00,1,0
RCT000004602,RC0007,U0000790,push,2026-06-26 20:00:00,1,1
RCT000004603,RC0021,U0011782,in_app,2026-04-15 16:00:00,1,0
RCT000004604,RC0003,U0010068,push,2026-02-15 11:00:00,1,0
RCT000004605,RC0002,U0002836,push,2026-06-13 13:00:00,1,0
RCT000004606,RC0024,U0011092,push,2026-06-09 14:00:00,1,0
RCT000004607,RC0003,U0004846,push,2026-02-12 16:00:00,1,0
RCT000004608,RC0011,U0009457,sms,2026-07-13 20:00:00,1,0
RCT000004609,RC0021,U0009107,in_app,2026-04-14 10:00:00,1,0
RCT000004610,RC0023,U0010427,sms,2026-05-27 11:00:00,1,1
RCT000004611,RC0008,U0004909,push,2026-06-22 08:00:00,1,0
RCT000004612,RC0020,U0007879,push,2026-05-27 21:00:00,0,0
RCT000004613,RC0018,U0010157,push,2026-02-08 13:00:00,1,0
RCT000004614,RC0023,U0000329,sms,2026-05-29 18:00:00,0,0
RCT000004615,RC0018,U0001756,push,2026-02-11 15:00:00,1,0
RCT000004616,RC0018,U0005240,push,2026-02-11 13:00:00,1,0
RCT000004617,RC0012,U0008712,push,2026-02-28 14:00:00,1,1
RCT000004618,RC0013,U0000881,push,2026-02-14 10:00:00,1,0
RCT000004619,RC0019,U0005141,sms,2026-06-25 18:00:00,0,0
RCT000004620,RC0019,U0006717,sms,2026-07-01 10:00:00,1,0
RCT000004621,RC0004,U0005782,in_app,2026-02-01 08:00:00,1,0
RCT000004622,RC0011,U0006598,sms,2026-07-15 18:00:00,1,0
RCT000004623,RC0010,U0004664,push,2026-03-13 21:00:00,0,0
RCT000004624,RC0020,U0000380,push,2026-05-27 18:00:00,1,0
RCT000004625,RC0008,U0000002,push,2026-06-22 12:00:00,1,1
RCT000004626,RC0013,U0004019,push,2026-02-17 15:00:00,1,0
RCT000004627,RC0023,U0010395,sms,2026-05-30 15:00:00,1,0
RCT000004628,RC0006,U0000728,in_app,2026-02-21 12:00:00,1,0
RCT000004629,RC0013,U0007061,push,2026-02-18 15:00:00,1,0
RCT000004630,RC0008,U0000849,push,2026-06-24 08:00:00,1,0
RCT000004631,RC0019,U0001295,sms,2026-06-29 12:00:00,1,0
RCT000004632,RC0017,U0009383,sms,2026-04-11 21:00:00,1,0
RCT000004633,RC0004,U0005095,in_app,2026-02-05 09:00:00,1,0
RCT000004634,RC0013,U0010127,push,2026-02-16 20:00:00,1,0
RCT000004635,RC0014,U0009193,push,2026-03-27 21:00:00,1,0
RCT000004636,RC0013,U0000576,push,2026-02-19 19:00:00,1,0
RCT000004637,RC0005,U0009302,push,2026-07-29 11:00:00,1,0
RCT000004638,RC0004,U0002081,in_app,2026-02-02 10:00:00,1,0
RCT000004639,RC0024,U0008681,push,2026-06-07 15:00:00,1,0
RCT000004640,RC0016,U0010266,in_app,2026-02-25 14:00:00,1,0
RCT000004641,RC0016,U0005314,in_app,2026-02-25 18:00:00,1,0
RCT000004642,RC0018,U0002558,push,2026-02-13 11:00:00,1,1
RCT000004643,RC0019,U0010327,sms,2026-06-25 14:00:00,1,0
RCT000004644,RC0003,U0007925,push,2026-02-11 12:00:00,1,0
RCT000004645,RC0012,U0008905,push,2026-03-04 10:00:00,1,1
RCT000004646,RC0024,U0002728,push,2026-06-04 08:00:00,1,0
RCT000004647,RC0023,U0010919,sms,2026-05-27 14:00:00,1,0
RCT000004648,RC0009,U0000929,sms,2026-05-10 15:00:00,1,0
RCT000004649,RC0015,U0002828,push,2026-04-25 11:00:00,1,0
RCT000004650,RC0005,U0011476,push,2026-07-31 16:00:00,1,0
RCT000004651,RC0008,U0001950,push,2026-06-25 12:00:00,1,0
RCT000004652,RC0019,U0007149,sms,2026-06-30 15:00:00,1,0
RCT000004653,RC0001,U0002971,push,2026-07-29 17:00:00,1,0
RCT000004654,RC0007,U0005937,push,2026-06-25 20:00:00,1,1
RCT000004655,RC0015,U0009405,push,2026-04-27 20:00:00,1,0
RCT000004656,RC0002,U0004892,push,2026-06-14 16:00:00,1,1
RCT000004657,RC0007,U0005505,push,2026-06-27 15:00:00,1,0
RCT000004658,RC0021,U0009447,in_app,2026-04-14 14:00:00,1,0
RCT000004659,RC0006,U0010434,in_app,2026-02-20 08:00:00,1,0
RCT000004660,RC0020,U0007573,push,2026-05-28 10:00:00,1,0
RCT000004661,RC0024,U0003317,push,2026-06-09 16:00:00,1,1
RCT000004662,RC0001,U0006013,push,2026-07-27 16:00:00,1,0
RCT000004663,RC0005,U0005996,push,2026-08-03 10:00:00,1,0
RCT000004664,RC0011,U0000718,sms,2026-07-10 14:00:00,1,1
RCT000004665,RC0002,U0003433,push,2026-06-13 16:00:00,1,1
RCT000004666,RC0023,U0011844,sms,2026-05-29 08:00:00,1,0
RCT000004667,RC0019,U0000392,sms,2026-06-26 16:00:00,1,0
RCT000004668,RC0021,U0004069,in_app,2026-04-15 20:00:00,1,0
RCT000004669,RC0019,U0000842,sms,2026-06-25 17:00:00,1,0
RCT000004670,RC0009,U0004242,sms,2026-05-09 14:00:00,1,0
RCT000004671,RC0022,U0007591,in_app,2026-05-24 17:00:00,1,0
RCT000004672,RC0019,U0010949,sms,2026-06-29 14:00:00,1,0
RCT000004673,RC0001,U0003924,push,2026-07-28 17:00:00,1,0
RCT000004674,RC0019,U0010915,sms,2026-06-29 18:00:00,1,0
RCT000004675,RC0009,U0007067,sms,2026-05-07 12:00:00,1,0
RCT000004676,RC0024,U0000232,push,2026-06-04 10:00:00,1,0
RCT000004677,RC0017,U0005705,sms,2026-04-11 17:00:00,1,0
RCT000004678,RC0020,U0009491,push,2026-05-30 13:00:00,1,1
RCT000004679,RC0021,U0009128,in_app,2026-04-16 12:00:00,1,0
RCT000004680,RC0006,U0006545,in_app,2026-02-21 08:00:00,0,0
RCT000004681,RC0009,U0003935,sms,2026-05-07 19:00:00,1,0
RCT000004682,RC0006,U0008874,in_app,2026-02-21 08:00:00,1,0
RCT000004683,RC0005,U0001718,push,2026-08-01 17:00:00,1,1
RCT000004684,RC0001,U0001125,push,2026-07-26 14:00:00,1,0
RCT000004685,RC0022,U0008402,in_app,2026-05-24 14:00:00,1,0
RCT000004686,RC0006,U0002235,in_app,2026-02-20 15:00:00,1,0
RCT000004687,RC0004,U0001406,in_app,2026-02-04 08:00:00,1,0
RCT000004688,RC0005,U0010107,push,2026-07-30 12:00:00,0,0
RCT000004689,RC0024,U0007506,push,2026-06-07 13:00:00,1,0
RCT000004690,RC0005,U0007282,push,2026-07-29 15:00:00,1,0
RCT000004691,RC0024,U0009633,push,2026-06-07 20:00:00,1,0
RCT000004692,RC0001,U0007612,push,2026-07-27 21:00:00,1,0
RCT000004693,RC0004,U0011420,in_app,2026-02-03 14:00:00,1,1
RCT000004694,RC0022,U0006362,in_app,2026-05-26 10:00:00,1,1
RCT000004695,RC0002,U0000965,push,2026-06-18 13:00:00,0,0
RCT000004696,RC0006,U0007720,in_app,2026-02-17 19:00:00,1,0
RCT000004697,RC0021,U0001256,in_app,2026-04-19 11:00:00,1,0
RCT000004698,RC0018,U0011373,push,2026-02-09 08:00:00,1,0
RCT000004699,RC0006,U0009898,in_app,2026-02-21 18:00:00,1,1
RCT000004700,RC0002,U0003420,push,2026-06-17 11:00:00,1,0
RCT000004701,RC0003,U0006739,push,2026-02-13 11:00:00,1,0
RCT000004702,RC0002,U0001205,push,2026-06-16 17:00:00,1,0
RCT000004703,RC0020,U0005699,push,2026-05-28 16:00:00,1,0
RCT000004704,RC0023,U0001782,sms,2026-05-29 11:00:00,1,0
RCT000004705,RC0022,U0003347,in_app,2026-05-26 21:00:00,1,1
RCT000004706,RC0018,U0000289,push,2026-02-13 09:00:00,1,0
RCT000004707,RC0003,U0001756,push,2026-02-15 18:00:00,1,0
RCT000004708,RC0010,U0000062,push,2026-03-15 09:00:00,1,0
RCT000004709,RC0017,U0009495,sms,2026-04-14 21:00:00,1,1
RCT000004710,RC0002,U0009790,push,2026-06-18 17:00:00,1,0
RCT000004711,RC0006,U0003424,in_app,2026-02-17 08:00:00,1,0
RCT000004712,RC0005,U0010822,push,2026-08-03 08:00:00,1,0
RCT000004713,RC0021,U0010960,in_app,2026-04-17 10:00:00,1,0
RCT000004714,RC0024,U0008892,push,2026-06-07 08:00:00,1,0
RCT000004715,RC0014,U0003173,push,2026-03-27 16:00:00,1,0
RCT000004716,RC0009,U0004920,sms,2026-05-08 13:00:00,1,0
RCT000004717,RC0004,U0006939,in_app,2026-02-04 18:00:00,1,0
RCT000004718,RC0014,U0005336,push,2026-03-24 09:00:00,1,0
RCT000004719,RC0011,U0003847,sms,2026-07-16 11:00:00,1,1
RCT000004720,RC0014,U0004286,push,2026-03-27 13:00:00,1,0
RCT000004721,RC0003,U0010836,push,2026-02-13 17:00:00,1,0
RCT000004722,RC0020,U0004115,push,2026-05-30 19:00:00,1,0
RCT000004723,RC0024,U0002276,push,2026-06-08 12:00:00,0,0
RCT000004724,RC0009,U0010123,sms,2026-05-06 12:00:00,1,0
RCT000004725,RC0024,U0004431,push,2026-06-06 18:00:00,1,1
RCT000004726,RC0011,U0009933,sms,2026-07-11 13:00:00,1,1
RCT000004727,RC0005,U0001940,push,2026-08-01 20:00:00,1,0
RCT000004728,RC0017,U0005705,sms,2026-04-12 19:00:00,1,0
RCT000004729,RC0012,U0011341,push,2026-03-05 14:00:00,0,0
RCT000004730,RC0014,U0008048,push,2026-03-22 18:00:00,1,0
RCT000004731,RC0019,U0004773,sms,2026-06-28 21:00:00,1,1
RCT000004732,RC0020,U0008740,push,2026-05-27 21:00:00,1,0
RCT000004733,RC0010,U0006009,push,2026-03-15 17:00:00,1,0
RCT000004734,RC0013,U0004879,push,2026-02-16 20:00:00,1,0
RCT000004735,RC0024,U0000305,push,2026-06-10 13:00:00,1,0
RCT000004736,RC0016,U0002296,in_app,2026-02-22 17:00:00,1,0
RCT000004737,RC0012,U0011912,push,2026-02-28 11:00:00,1,1
RCT000004738,RC0016,U0003578,in_app,2026-02-23 12:00:00,1,1
RCT000004739,RC0024,U0003286,push,2026-06-06 11:00:00,1,0
RCT000004740,RC0021,U0006171,in_app,2026-04-20 16:00:00,1,0
RCT000004741,RC0008,U0007098,push,2026-06-25 11:00:00,1,0
RCT000004742,RC0012,U0001202,push,2026-03-03 19:00:00,1,0
RCT000004743,RC0010,U0011548,push,2026-03-14 12:00:00,1,0
RCT000004744,RC0014,U0007481,push,2026-03-22 10:00:00,1,0
RCT000004745,RC0019,U0011551,sms,2026-06-29 19:00:00,1,0
RCT000004746,RC0018,U0003353,push,2026-02-11 12:00:00,1,0
RCT000004747,RC0004,U0002240,in_app,2026-02-05 18:00:00,1,0
RCT000004748,RC0015,U0011756,push,2026-04-24 12:00:00,1,0
RCT000004749,RC0018,U0007648,push,2026-02-08 14:00:00,1,0
RCT000004750,RC0017,U0008555,sms,2026-04-09 08:00:00,1,0
RCT000004751,RC0015,U0001605,push,2026-04-24 17:00:00,1,0
RCT000004752,RC0015,U0004252,push,2026-04-26 11:00:00,1,0
RCT000004753,RC0002,U0006993,push,2026-06-16 17:00:00,1,0
RCT000004754,RC0003,U0003356,push,2026-02-14 11:00:00,1,0
RCT000004755,RC0019,U0010489,sms,2026-06-30 12:00:00,0,0
RCT000004756,RC0010,U0009426,push,2026-03-16 11:00:00,1,0
RCT000004757,RC0016,U0007717,in_app,2026-02-21 15:00:00,1,1
RCT000004758,RC0015,U0007905,push,2026-04-22 10:00:00,1,0
RCT000004759,RC0005,U0003395,push,2026-08-01 21:00:00,1,0
RCT000004760,RC0019,U0001769,sms,2026-06-30 12:00:00,1,0
RCT000004761,RC0019,U0005405,sms,2026-06-29 17:00:00,1,0
RCT000004762,RC0016,U0002179,in_app,2026-02-21 20:00:00,1,1
RCT000004763,RC0023,U0001246,sms,2026-06-01 17:00:00,1,0
RCT000004764,RC0015,U0002844,push,2026-04-25 18:00:00,1,0
RCT000004765,RC0002,U0011850,push,2026-06-16 11:00:00,1,0
RCT000004766,RC0013,U0004180,push,2026-02-18 14:00:00,1,0
RCT000004767,RC0024,U0005227,push,2026-06-04 14:00:00,1,0
RCT000004768,RC0021,U0000380,in_app,2026-04-14 17:00:00,1,0
RCT000004769,RC0007,U0001606,push,2026-06-29 17:00:00,1,1
RCT000004770,RC0004,U0008132,in_app,2026-02-03 18:00:00,1,0
RCT000004771,RC0017,U0004442,sms,2026-04-10 11:00:00,1,0
RCT000004772,RC0010,U0008456,push,2026-03-17 17:00:00,1,0
RCT000004773,RC0003,U0008405,push,2026-02-14 08:00:00,1,0
RCT000004774,RC0020,U0001006,push,2026-05-25 09:00:00,0,0
RCT000004775,RC0024,U0007712,push,2026-06-07 17:00:00,1,0
RCT000004776,RC0012,U0010039,push,2026-03-02 17:00:00,1,0
RCT000004777,RC0004,U0008464,in_app,2026-01-31 08:00:00,1,0
RCT000004778,RC0001,U0009011,push,2026-07-30 10:00:00,1,0
RCT000004779,RC0016,U0007936,in_app,2026-02-21 20:00:00,1,0
RCT000004780,RC0001,U0005750,push,2026-07-29 19:00:00,1,0
RCT000004781,RC0012,U0001496,push,2026-02-27 18:00:00,1,0
RCT000004782,RC0024,U0010171,push,2026-06-09 16:00:00,0,0
RCT000004783,RC0023,U0010002,sms,2026-05-30 15:00:00,1,0
RCT000004784,RC0013,U0010171,push,2026-02-16 09:00:00,1,0
RCT000004785,RC0006,U0004063,in_app,2026-02-20 13:00:00,1,1
RCT000004786,RC0004,U0005001,in_app,2026-02-04 13:00:00,1,0
RCT000004787,RC0020,U0009110,push,2026-05-28 17:00:00,1,0
RCT000004788,RC0012,U0002805,push,2026-03-02 11:00:00,1,0
RCT000004789,RC0011,U0008864,sms,2026-07-13 13:00:00,1,1
RCT000004790,RC0007,U0009501,push,2026-06-24 16:00:00,1,0
RCT000004791,RC0002,U0009853,push,2026-06-13 09:00:00,1,0
RCT000004792,RC0020,U0011206,push,2026-05-27 15:00:00,1,0
RCT000004793,RC0018,U0005833,push,2026-02-14 15:00:00,1,0
RCT000004794,RC0016,U0002235,in_app,2026-02-20 11:00:00,1,0
RCT000004795,RC0003,U0005521,push,2026-02-16 08:00:00,1,0
RCT000004796,RC0014,U0004308,push,2026-03-25 20:00:00,1,0
RCT000004797,RC0008,U0002456,push,2026-06-23 17:00:00,1,0
RCT000004798,RC0005,U0010474,push,2026-08-01 16:00:00,1,0
RCT000004799,RC0005,U0003109,push,2026-08-02 10:00:00,1,0
RCT000004800,RC0015,U0005406,push,2026-04-22 15:00:00,1,0
RCT000004801,RC0019,U0008778,sms,2026-06-25 09:00:00,1,0
RCT000004802,RC0013,U0002248,push,2026-02-16 19:00:00,0,0
RCT000004803,RC0012,U0001510,push,2026-03-02 17:00:00,0,0
RCT000004804,RC0012,U0009111,push,2026-03-05 14:00:00,1,0
RCT000004805,RC0010,U0000096,push,2026-03-12 12:00:00,1,0
RCT000004806,RC0017,U0010115,sms,2026-04-12 20:00:00,1,0
RCT000004807,RC0013,U0010757,push,2026-02-15 21:00:00,1,0
RCT000004808,RC0005,U0007828,push,2026-07-31 14:00:00,1,0
RCT000004809,RC0012,U0001322,push,2026-02-27 16:00:00,1,0
RCT000004810,RC0002,U0011208,push,2026-06-17 08:00:00,1,0
RCT000004811,RC0006,U0003682,in_app,2026-02-16 21:00:00,1,0
RCT000004812,RC0010,U0011634,push,2026-03-12 13:00:00,1,0
RCT000004813,RC0017,U0002979,sms,2026-04-12 11:00:00,0,0
RCT000004814,RC0020,U0004298,push,2026-05-30 17:00:00,1,0
RCT000004815,RC0021,U0003089,in_app,2026-04-18 16:00:00,1,0
RCT000004816,RC0015,U0008090,push,2026-04-23 09:00:00,1,0
RCT000004817,RC0016,U0004074,in_app,2026-02-20 09:00:00,1,0
RCT000004818,RC0009,U0001833,sms,2026-05-10 20:00:00,1,0
RCT000004819,RC0022,U0003417,in_app,2026-05-25 14:00:00,1,0
RCT000004820,RC0020,U0010229,push,2026-05-29 09:00:00,1,0
RCT000004821,RC0024,U0008691,push,2026-06-08 19:00:00,1,1
RCT000004822,RC0002,U0002090,push,2026-06-15 12:00:00,1,0
RCT000004823,RC0003,U0002297,push,2026-02-11 19:00:00,1,0
RCT000004824,RC0012,U0000490,push,2026-03-05 14:00:00,1,1
RCT000004825,RC0019,U0001960,sms,2026-07-01 15:00:00,1,0
RCT000004826,RC0004,U0007082,in_app,2026-02-02 20:00:00,0,0
RCT000004827,RC0002,U0005058,push,2026-06-18 14:00:00,0,0
RCT000004828,RC0019,U0009202,sms,2026-06-25 19:00:00,1,0
RCT000004829,RC0016,U0005491,in_app,2026-02-22 13:00:00,1,1
RCT000004830,RC0016,U0000121,in_app,2026-02-20 09:00:00,1,0
RCT000004831,RC0018,U0009846,push,2026-02-10 14:00:00,1,0
RCT000004832,RC0011,U0003686,sms,2026-07-13 15:00:00,1,0
RCT000004833,RC0019,U0003577,sms,2026-06-30 11:00:00,1,1
RCT000004834,RC0018,U0006672,push,2026-02-12 15:00:00,0,0
RCT000004835,RC0024,U0007615,push,2026-06-06 15:00:00,1,1
RCT000004836,RC0023,U0002416,sms,2026-06-01 17:00:00,1,0
RCT000004837,RC0013,U0000688,push,2026-02-17 12:00:00,1,0
RCT000004838,RC0002,U0006098,push,2026-06-19 15:00:00,1,0
RCT000004839,RC0017,U0008381,sms,2026-04-14 13:00:00,1,0
RCT000004840,RC0002,U0008150,push,2026-06-15 17:00:00,1,0
RCT000004841,RC0011,U0001064,sms,2026-07-15 15:00:00,1,0
RCT000004842,RC0007,U0010119,push,2026-06-25 18:00:00,1,0
RCT000004843,RC0009,U0011647,sms,2026-05-10 08:00:00,1,0
RCT000004844,RC0005,U0000062,push,2026-08-02 14:00:00,1,0
RCT000004845,RC0023,U0006186,sms,2026-05-30 12:00:00,1,1
RCT000004846,RC0016,U0001609,in_app,2026-02-20 16:00:00,1,0
RCT000004847,RC0001,U0006849,push,2026-07-28 21:00:00,1,0
RCT000004848,RC0012,U0002283,push,2026-03-02 12:00:00,1,0
RCT000004849,RC0002,U0003901,push,2026-06-17 17:00:00,1,1
RCT000004850,RC0022,U0008779,in_app,2026-05-27 11:00:00,1,0
RCT000004851,RC0024,U0005564,push,2026-06-07 18:00:00,1,0
RCT000004852,RC0019,U0008843,sms,2026-06-30 16:00:00,1,0
RCT000004853,RC0016,U0007400,in_app,2026-02-22 20:00:00,1,0
RCT000004854,RC0002,U0006292,push,2026-06-16 21:00:00,1,0
RCT000004855,RC0016,U0002074,in_app,2026-02-22 10:00:00,0,0
RCT000004856,RC0012,U0010479,push,2026-03-01 11:00:00,1,0
RCT000004857,RC0019,U0005430,sms,2026-07-01 14:00:00,1,0
RCT000004858,RC0008,U0001840,push,2026-06-25 21:00:00,1,0
RCT000004859,RC0024,U0009297,push,2026-06-05 16:00:00,1,1
RCT000004860,RC0017,U0005856,sms,2026-04-10 09:00:00,1,0
RCT000004861,RC0020,U0005360,push,2026-05-28 14:00:00,1,1
RCT000004862,RC0013,U0004228,push,2026-02-17 11:00:00,1,1
RCT000004863,RC0008,U0008228,push,2026-06-24 19:00:00,0,0
RCT000004864,RC0022,U0009222,in_app,2026-05-23 13:00:00,1,0
RCT000004865,RC0007,U0009155,push,2026-06-23 21:00:00,1,0
RCT000004866,RC0020,U0004151,push,2026-05-25 13:00:00,1,0
RCT000004867,RC0021,U0007350,in_app,2026-04-17 15:00:00,1,0
RCT000004868,RC0020,U0000159,push,2026-05-29 19:00:00,1,0
RCT000004869,RC0024,U0003516,push,2026-06-05 16:00:00,1,0
RCT000004870,RC0008,U0006084,push,2026-06-27 13:00:00,1,0
RCT000004871,RC0016,U0001382,in_app,2026-02-21 08:00:00,1,0
RCT000004872,RC0005,U0007361,push,2026-07-28 17:00:00,1,0
RCT000004873,RC0001,U0010994,push,2026-07-28 21:00:00,1,0
RCT000004874,RC0023,U0003381,sms,2026-05-31 15:00:00,1,1
RCT000004875,RC0001,U0005761,push,2026-07-29 09:00:00,1,0
RCT000004876,RC0023,U0007085,sms,2026-06-01 11:00:00,1,0
RCT000004877,RC0019,U0002764,sms,2026-06-27 12:00:00,1,1
RCT000004878,RC0014,U0009834,push,2026-03-23 14:00:00,0,0
RCT000004879,RC0023,U0007694,sms,2026-05-30 13:00:00,1,0
RCT000004880,RC0019,U0008455,sms,2026-06-28 14:00:00,1,0
RCT000004881,RC0009,U0011031,sms,2026-05-10 10:00:00,1,0
RCT000004882,RC0017,U0007604,sms,2026-04-13 08:00:00,1,0
RCT000004883,RC0010,U0003267,push,2026-03-18 18:00:00,1,0
RCT000004884,RC0003,U0007605,push,2026-02-15 15:00:00,1,0
RCT000004885,RC0020,U0007779,push,2026-05-26 13:00:00,1,0
RCT000004886,RC0024,U0003857,push,2026-06-08 16:00:00,1,0
RCT000004887,RC0007,U0007690,push,2026-06-27 18:00:00,1,0
RCT000004888,RC0011,U0011209,sms,2026-07-16 16:00:00,1,0
RCT000004889,RC0005,U0002016,push,2026-08-03 18:00:00,1,0
RCT000004890,RC0022,U0010973,in_app,2026-05-21 09:00:00,1,0
RCT000004891,RC0010,U0003307,push,2026-03-15 10:00:00,1,0
RCT000004892,RC0016,U0008143,in_app,2026-02-23 21:00:00,1,0
RCT000004893,RC0013,U0002305,push,2026-02-14 20:00:00,1,0
RCT000004894,RC0010,U0007907,push,2026-03-17 12:00:00,1,0
RCT000004895,RC0016,U0003987,in_app,2026-02-24 17:00:00,1,1
RCT000004896,RC0022,U0006893,in_app,2026-05-24 11:00:00,1,0
RCT000004897,RC0018,U0003003,push,2026-02-08 13:00:00,1,0
RCT000004898,RC0002,U0006648,push,2026-06-18 12:00:00,1,0
RCT000004899,RC0008,U0009237,push,2026-06-27 13:00:00,1,1
RCT000004900,RC0019,U0000972,sms,2026-06-29 18:00:00,1,0
RCT000004901,RC0021,U0002410,in_app,2026-04-16 14:00:00,0,0
RCT000004902,RC0021,U0007346,in_app,2026-04-17 21:00:00,0,0
RCT000004903,RC0021,U0004719,in_app,2026-04-17 15:00:00,1,0
RCT000004904,RC0006,U0009209,in_app,2026-02-21 17:00:00,1,0
RCT000004905,RC0002,U0002179,push,2026-06-19 14:00:00,1,0
RCT000004906,RC0016,U0001261,in_app,2026-02-20 17:00:00,1,0
RCT000004907,RC0017,U0007134,sms,2026-04-11 09:00:00,1,0
RCT000004908,RC0015,U0004244,push,2026-04-24 10:00:00,1,0
RCT000004909,RC0023,U0007854,sms,2026-05-27 08:00:00,1,0
RCT000004910,RC0011,U0010414,sms,2026-07-10 14:00:00,1,0
RCT000004911,RC0021,U0002236,in_app,2026-04-14 17:00:00,1,0
RCT000004912,RC0012,U0005702,push,2026-02-28 21:00:00,1,0
RCT000004913,RC0008,U0010749,push,2026-06-26 20:00:00,1,0
RCT000004914,RC0018,U0010921,push,2026-02-08 14:00:00,1,1
RCT000004915,RC0022,U0008740,in_app,2026-05-26 20:00:00,1,0
RCT000004916,RC0019,U0002782,sms,2026-06-25 19:00:00,1,0
RCT000004917,RC0007,U0009181,push,2026-06-28 09:00:00,1,0
RCT000004918,RC0005,U0001980,push,2026-08-01 16:00:00,1,0
RCT000004919,RC0010,U0007132,push,2026-03-15 17:00:00,1,0
RCT000004920,RC0011,U0002987,sms,2026-07-16 09:00:00,1,0
RCT000004921,RC0007,U0003557,push,2026-06-24 11:00:00,1,0
RCT000004922,RC0017,U0000867,sms,2026-04-14 21:00:00,1,0
RCT000004923,RC0009,U0009171,sms,2026-05-11 16:00:00,1,0
RCT000004924,RC0011,U0006815,sms,2026-07-12 20:00:00,1,0
RCT000004925,RC0007,U0007451,push,2026-06-29 10:00:00,1,0
RCT000004926,RC0016,U0000313,in_app,2026-02-24 16:00:00,0,0
RCT000004927,RC0015,U0008610,push,2026-04-25 18:00:00,1,1
RCT000004928,RC0011,U0005907,sms,2026-07-10 19:00:00,1,0
RCT000004929,RC0022,U0010571,in_app,2026-05-25 08:00:00,1,0
RCT000004930,RC0020,U0009095,push,2026-05-28 16:00:00,1,0
RCT000004931,RC0016,U0011974,in_app,2026-02-21 18:00:00,1,0
RCT000004932,RC0003,U0007493,push,2026-02-11 18:00:00,1,0
RCT000004933,RC0002,U0001569,push,2026-06-18 13:00:00,1,0
RCT000004934,RC0008,U0007400,push,2026-06-24 14:00:00,1,0
RCT000004935,RC0007,U0010571,push,2026-06-29 17:00:00,1,0
RCT000004936,RC0024,U0001738,push,2026-06-06 15:00:00,1,0
RCT000004937,RC0005,U0001949,push,2026-07-28 11:00:00,1,0
RCT000004938,RC0008,U0005564,push,2026-06-25 17:00:00,1,0
RCT000004939,RC0008,U0008939,push,2026-06-26 09:00:00,1,1
RCT000004940,RC0019,U0002579,sms,2026-06-27 13:00:00,1,1
RCT000004941,RC0008,U0005706,push,2026-06-26 18:00:00,1,1
RCT000004942,RC0003,U0002550,push,2026-02-15 11:00:00,1,0
RCT000004943,RC0022,U0006326,in_app,2026-05-24 17:00:00,1,0
RCT000004944,RC0023,U0002166,sms,2026-05-31 19:00:00,1,0
RCT000004945,RC0009,U0009114,sms,2026-05-11 20:00:00,1,0
RCT000004946,RC0016,U0008096,in_app,2026-02-22 13:00:00,1,0
RCT000004947,RC0011,U0011256,sms,2026-07-12 17:00:00,1,0
RCT000004948,RC0019,U0002893,sms,2026-06-26 20:00:00,0,0
RCT000004949,RC0020,U0008303,push,2026-05-25 10:00:00,1,0
RCT000004950,RC0015,U0006824,push,2026-04-26 12:00:00,1,0
RCT000004951,RC0007,U0001862,push,2026-06-28 21:00:00,1,0
RCT000004952,RC0014,U0011368,push,2026-03-25 13:00:00,1,1
RCT000004953,RC0001,U0010595,push,2026-07-27 13:00:00,1,1
RCT000004954,RC0005,U0011992,push,2026-07-30 15:00:00,1,0
RCT000004955,RC0004,U0002083,in_app,2026-02-04 20:00:00,1,0
RCT000004956,RC0006,U0003343,in_app,2026-02-16 17:00:00,1,0
RCT000004957,RC0002,U0002877,push,2026-06-15 17:00:00,0,0
RCT000004958,RC0013,U0006851,push,2026-02-16 11:00:00,1,0
RCT000004959,RC0004,U0001412,in_app,2026-02-05 11:00:00,1,0
RCT000004960,RC0008,U0002428,push,2026-06-23 21:00:00,1,0
RCT000004961,RC0012,U0008284,push,2026-03-02 18:00:00,1,1
RCT000004962,RC0016,U0007185,in_app,2026-02-22 09:00:00,1,0
RCT000004963,RC0018,U0001680,push,2026-02-10 10:00:00,1,0
RCT000004964,RC0018,U0000500,push,2026-02-13 09:00:00,1,1
RCT000004965,RC0010,U0009057,push,2026-03-16 18:00:00,1,0
RCT000004966,RC0014,U0005416,push,2026-03-22 10:00:00,0,0
RCT000004967,RC0011,U0000139,sms,2026-07-16 11:00:00,1,0
RCT000004968,RC0017,U0005455,sms,2026-04-10 20:00:00,1,0
RCT000004969,RC0016,U0009917,in_app,2026-02-26 09:00:00,1,0
RCT000004970,RC0004,U0008861,in_app,2026-02-02 13:00:00,1,0
RCT000004971,RC0015,U0005586,push,2026-04-22 19:00:00,1,0
RCT000004972,RC0022,U0011311,in_app,2026-05-25 09:00:00,1,0
RCT000004973,RC0002,U0005618,push,2026-06-17 19:00:00,1,0
RCT000004974,RC0020,U0010369,push,2026-05-28 11:00:00,1,0
RCT000004975,RC0002,U0009994,push,2026-06-19 09:00:00,1,1
RCT000004976,RC0015,U0005227,push,2026-04-21 12:00:00,0,0
RCT000004977,RC0010,U0002444,push,2026-03-16 11:00:00,0,0
RCT000004978,RC0010,U0008529,push,2026-03-13 18:00:00,1,0
RCT000004979,RC0019,U0003274,sms,2026-06-27 15:00:00,1,0
RCT000004980,RC0013,U0002032,push,2026-02-20 18:00:00,1,0
RCT000004981,RC0004,U0008471,in_app,2026-02-03 15:00:00,1,0
RCT000004982,RC0007,U0010832,push,2026-06-27 14:00:00,1,0
RCT000004983,RC0013,U0004705,push,2026-02-17 12:00:00,1,0
RCT000004984,RC0017,U0007473,sms,2026-04-13 19:00:00,1,0
RCT000004985,RC0023,U0003377,sms,2026-05-31 14:00:00,1,0
RCT000004986,RC0001,U0008189,push,2026-07-30 09:00:00,1,0
RCT000004987,RC0018,U0002296,push,2026-02-12 16:00:00,1,1
RCT000004988,RC0001,U0003204,push,2026-07-30 18:00:00,1,0
RCT000004989,RC0011,U0008625,sms,2026-07-11 21:00:00,1,0
RCT000004990,RC0021,U0007694,in_app,2026-04-19 13:00:00,1,0
RCT000004991,RC0023,U0001702,sms,2026-05-30 13:00:00,1,0
RCT000004992,RC0010,U0000074,push,2026-03-17 15:00:00,1,0
RCT000004993,RC0012,U0011076,push,2026-03-05 18:00:00,1,0
RCT000004994,RC0002,U0006015,push,2026-06-17 21:00:00,1,0
RCT000004995,RC0007,U0000913,push,2026-06-23 11:00:00,0,0
RCT000004996,RC0007,U0010913,push,2026-06-29 14:00:00,0,0
RCT000004997,RC0021,U0008475,in_app,2026-04-14 20:00:00,1,0
RCT000004998,RC0024,U0008219,push,2026-06-05 21:00:00,1,0
RCT000004999,RC0009,U0010643,sms,2026-05-06 16:00:00,1,0
RCT000005000,RC0014,U0002536,push,2026-03-27 12:00:00,0,0
RCT000005001,RC0023,U0009792,sms,2026-05-31 10:00:00,1,0
RCT000005002,RC0011,U0008489,sms,2026-07-10 12:00:00,1,0
RCT000005003,RC0021,U0009737,in_app,2026-04-15 13:00:00,1,0
RCT000005004,RC0020,U0006870,push,2026-05-28 12:00:00,1,0
RCT000005005,RC0021,U0002223,in_app,2026-04-16 10:00:00,1,0
RCT000005006,RC0017,U0002651,sms,2026-04-13 14:00:00,0,0
RCT000005007,RC0014,U0008144,push,2026-03-27 09:00:00,1,0
RCT000005008,RC0014,U0011648,push,2026-03-24 09:00:00,1,0
RCT000005009,RC0012,U0003481,push,2026-02-27 18:00:00,1,0
RCT000005010,RC0016,U0003253,in_app,2026-02-22 19:00:00,1,0
RCT000005011,RC0003,U0000057,push,2026-02-14 13:00:00,1,1
RCT000005012,RC0020,U0008713,push,2026-05-29 16:00:00,0,0
RCT000005013,RC0011,U0001766,sms,2026-07-10 13:00:00,1,0
RCT000005014,RC0011,U0004659,sms,2026-07-11 09:00:00,1,1
RCT000005015,RC0001,U0008914,push,2026-07-31 20:00:00,1,0
RCT000005016,RC0017,U0009677,sms,2026-04-13 19:00:00,1,0
RCT000005017,RC0002,U0000932,push,2026-06-15 17:00:00,1,0
RCT000005018,RC0013,U0011495,push,2026-02-18 08:00:00,1,0
RCT000005019,RC0022,U0002995,in_app,2026-05-24 21:00:00,1,0
RCT000005020,RC0016,U0006361,in_app,2026-02-26 16:00:00,1,0
RCT000005021,RC0019,U0003128,sms,2026-06-29 08:00:00,1,1
RCT000005022,RC0018,U0002671,push,2026-02-08 21:00:00,1,0
RCT000005023,RC0019,U0001652,sms,2026-07-01 10:00:00,1,0
RCT000005024,RC0003,U0010577,push,2026-02-12 12:00:00,1,0
RCT000005025,RC0017,U0008369,sms,2026-04-12 19:00:00,1,0
RCT000005026,RC0017,U0006134,sms,2026-04-12 09:00:00,1,0
RCT000005027,RC0014,U0000248,push,2026-03-23 16:00:00,1,0
RCT000005028,RC0005,U0003662,push,2026-08-02 19:00:00,1,0
RCT000005029,RC0023,U0009657,sms,2026-05-28 13:00:00,1,0
RCT000005030,RC0021,U0004625,in_app,2026-04-15 13:00:00,1,0
RCT000005031,RC0004,U0008457,in_app,2026-02-04 17:00:00,1,0
RCT000005032,RC0001,U0003459,push,2026-07-27 12:00:00,1,0
RCT000005033,RC0007,U0005604,push,2026-06-26 11:00:00,1,1
RCT000005034,RC0015,U0010527,push,2026-04-26 12:00:00,1,0
RCT000005035,RC0002,U0006831,push,2026-06-16 08:00:00,1,0
RCT000005036,RC0020,U0000758,push,2026-05-28 19:00:00,1,0
RCT000005037,RC0015,U0004818,push,2026-04-26 20:00:00,1,0
RCT000005038,RC0001,U0011460,push,2026-07-27 09:00:00,1,0
RCT000005039,RC0009,U0007877,sms,2026-05-11 11:00:00,1,0
RCT000005040,RC0016,U0007530,in_app,2026-02-21 08:00:00,1,0
RCT000005041,RC0009,U0006745,sms,2026-05-10 21:00:00,1,0
RCT000005042,RC0014,U0008753,push,2026-03-21 21:00:00,0,0
RCT000005043,RC0007,U0011222,push,2026-06-25 20:00:00,1,0
RCT000005044,RC0007,U0008355,push,2026-06-25 13:00:00,1,0
RCT000005045,RC0004,U0010811,in_app,2026-01-31 14:00:00,1,0
RCT000005046,RC0023,U0007774,sms,2026-05-30 18:00:00,1,0
RCT000005047,RC0003,U0004978,push,2026-02-10 13:00:00,0,0
RCT000005048,RC0017,U0003090,sms,2026-04-10 20:00:00,1,0
RCT000005049,RC0021,U0005927,in_app,2026-04-18 11:00:00,1,0
RCT000005050,RC0019,U0005518,sms,2026-06-26 17:00:00,1,0
RCT000005051,RC0020,U0002636,push,2026-05-26 18:00:00,1,0
RCT000005052,RC0008,U0008355,push,2026-06-21 17:00:00,1,1
RCT000005053,RC0004,U0003027,in_app,2026-02-05 12:00:00,1,0
RCT000005054,RC0022,U0002876,in_app,2026-05-21 08:00:00,1,0
RCT000005055,RC0009,U0004312,sms,2026-05-08 11:00:00,1,0
RCT000005056,RC0014,U0000420,push,2026-03-27 13:00:00,1,0
RCT000005057,RC0001,U0006611,push,2026-07-26 15:00:00,1,0
RCT000005058,RC0013,U0007475,push,2026-02-16 10:00:00,1,1
RCT000005059,RC0010,U0009200,push,2026-03-13 09:00:00,1,0
RCT000005060,RC0011,U0003475,sms,2026-07-16 16:00:00,1,0
RCT000005061,RC0007,U0002607,push,2026-06-26 17:00:00,1,0
RCT000005062,RC0006,U0002097,in_app,2026-02-18 12:00:00,1,0
RCT000005063,RC0024,U0009196,push,2026-06-05 18:00:00,1,0
RCT000005064,RC0015,U0004117,push,2026-04-21 19:00:00,1,1
RCT000005065,RC0019,U0009647,sms,2026-06-25 09:00:00,1,1
RCT000005066,RC0004,U0008781,in_app,2026-02-02 17:00:00,1,0
RCT000005067,RC0015,U0003316,push,2026-04-23 15:00:00,1,0
RCT000005068,RC0002,U0002657,push,2026-06-16 09:00:00,1,0
RCT000005069,RC0006,U0011829,in_app,2026-02-20 18:00:00,1,1
RCT000005070,RC0015,U0006926,push,2026-04-26 12:00:00,1,0
RCT000005071,RC0008,U0003920,push,2026-06-24 13:00:00,1,0
RCT000005072,RC0014,U0001400,push,2026-03-22 17:00:00,1,0
RCT000005073,RC0012,U0003519,push,2026-03-03 14:00:00,1,0
RCT000005074,RC0007,U0005836,push,2026-06-28 08:00:00,1,1
RCT000005075,RC0003,U0011061,push,2026-02-14 14:00:00,1,1
RCT000005076,RC0002,U0004645,push,2026-06-18 19:00:00,1,0
RCT000005077,RC0003,U0005984,push,2026-02-13 13:00:00,1,0
RCT000005078,RC0021,U0010197,in_app,2026-04-17 10:00:00,1,0
RCT000005079,RC0011,U0003581,sms,2026-07-15 19:00:00,1,0
RCT000005080,RC0011,U0008707,sms,2026-07-16 14:00:00,1,0
RCT000005081,RC0018,U0005234,push,2026-02-10 08:00:00,1,0
RCT000005082,RC0009,U0005945,sms,2026-05-06 09:00:00,1,1
RCT000005083,RC0009,U0008089,sms,2026-05-09 13:00:00,1,0
RCT000005084,RC0006,U0003961,in_app,2026-02-15 15:00:00,1,0
RCT000005085,RC0007,U0011268,push,2026-06-23 16:00:00,1,0
RCT000005086,RC0022,U0003112,in_app,2026-05-23 15:00:00,1,0
RCT000005087,RC0017,U0000378,sms,2026-04-10 18:00:00,1,0
RCT000005088,RC0004,U0000718,in_app,2026-02-06 17:00:00,1,0
RCT000005089,RC0014,U0005846,push,2026-03-24 16:00:00,1,0
RCT000005090,RC0004,U0008439,in_app,2026-02-06 19:00:00,1,0
RCT000005091,RC0006,U0005896,in_app,2026-02-17 21:00:00,1,1
RCT000005092,RC0013,U0010878,push,2026-02-15 17:00:00,0,0
RCT000005093,RC0013,U0004888,push,2026-02-14 15:00:00,1,0
RCT000005094,RC0006,U0007013,in_app,2026-02-18 17:00:00,0,0
RCT000005095,RC0011,U0010673,sms,2026-07-12 11:00:00,1,0
RCT000005096,RC0016,U0005469,in_app,2026-02-25 09:00:00,1,1
RCT000005097,RC0022,U0003940,in_app,2026-05-22 15:00:00,1,0
RCT000005098,RC0001,U0003293,push,2026-07-27 16:00:00,1,0
RCT000005099,RC0011,U0011739,sms,2026-07-12 14:00:00,1,0
RCT000005100,RC0006,U0011618,in_app,2026-02-21 08:00:00,1,0
RCT000005101,RC0023,U0000835,sms,2026-05-28 16:00:00,1,0
RCT000005102,RC0012,U0006716,push,2026-02-28 11:00:00,1,0
RCT000005103,RC0005,U0000459,push,2026-07-29 15:00:00,1,0
RCT000005104,RC0001,U0009209,push,2026-07-28 14:00:00,0,0
RCT000005105,RC0008,U0007845,push,2026-06-22 15:00:00,1,0
RCT000005106,RC0007,U0010297,push,2026-06-25 18:00:00,1,0
RCT000005107,RC0022,U0007958,in_app,2026-05-27 12:00:00,1,0
RCT000005108,RC0024,U0004199,push,2026-06-06 19:00:00,1,0
RCT000005109,RC0001,U0001657,push,2026-07-30 18:00:00,1,1
RCT000005110,RC0003,U0006549,push,2026-02-13 15:00:00,1,1
RCT000005111,RC0006,U0006388,in_app,2026-02-19 11:00:00,1,0
RCT000005112,RC0018,U0005094,push,2026-02-08 21:00:00,1,0
RCT000005113,RC0020,U0009160,push,2026-05-26 19:00:00,1,0
RCT000005114,RC0014,U0008959,push,2026-03-27 08:00:00,1,0
RCT000005115,RC0003,U0004411,push,2026-02-14 19:00:00,1,0
RCT000005116,RC0024,U0006791,push,2026-06-05 17:00:00,1,0
RCT000005117,RC0019,U0006008,sms,2026-06-25 15:00:00,1,1
RCT000005118,RC0015,U0011639,push,2026-04-21 13:00:00,1,0
RCT000005119,RC0015,U0006565,push,2026-04-24 12:00:00,1,0
RCT000005120,RC0016,U0003359,in_app,2026-02-22 20:00:00,1,0
RCT000005121,RC0013,U0009809,push,2026-02-18 17:00:00,1,0
RCT000005122,RC0023,U0001052,sms,2026-06-01 19:00:00,1,0
RCT000005123,RC0019,U0006751,sms,2026-06-27 18:00:00,1,0
RCT000005124,RC0001,U0009392,push,2026-07-28 12:00:00,1,0
RCT000005125,RC0011,U0003596,sms,2026-07-15 13:00:00,1,0
RCT000005126,RC0012,U0003621,push,2026-02-27 11:00:00,1,0
RCT000005127,RC0010,U0003621,push,2026-03-18 17:00:00,1,0
RCT000005128,RC0013,U0008773,push,2026-02-18 19:00:00,1,0
RCT000005129,RC0023,U0001738,sms,2026-06-01 14:00:00,1,0
RCT000005130,RC0019,U0010225,sms,2026-06-30 13:00:00,1,0
RCT000005131,RC0017,U0009726,sms,2026-04-08 18:00:00,0,0
RCT000005132,RC0016,U0010557,in_app,2026-02-24 21:00:00,1,0
RCT000005133,RC0023,U0010670,sms,2026-05-31 11:00:00,1,0
RCT000005134,RC0021,U0009621,in_app,2026-04-19 10:00:00,1,0
RCT000005135,RC0021,U0002027,in_app,2026-04-18 21:00:00,1,0
RCT000005136,RC0005,U0001028,push,2026-07-29 08:00:00,1,0
RCT000005137,RC0004,U0009567,in_app,2026-02-04 09:00:00,1,0
RCT000005138,RC0020,U0009337,push,2026-05-30 14:00:00,1,0
RCT000005139,RC0023,U0003446,sms,2026-06-01 12:00:00,1,0
RCT000005140,RC0006,U0000761,in_app,2026-02-21 21:00:00,1,0
RCT000005141,RC0005,U0006901,push,2026-08-02 19:00:00,1,0
RCT000005142,RC0007,U0001171,push,2026-06-25 20:00:00,1,0
RCT000005143,RC0018,U0011451,push,2026-02-11 10:00:00,1,1
RCT000005144,RC0001,U0005296,push,2026-07-30 15:00:00,0,0
RCT000005145,RC0006,U0006501,in_app,2026-02-21 21:00:00,1,0
RCT000005146,RC0022,U0004719,in_app,2026-05-25 14:00:00,1,0
RCT000005147,RC0019,U0010755,sms,2026-06-30 18:00:00,1,1
RCT000005148,RC0017,U0003526,sms,2026-04-12 11:00:00,1,0
RCT000005149,RC0008,U0000078,push,2026-06-27 18:00:00,1,0
RCT000005150,RC0009,U0000448,sms,2026-05-08 13:00:00,1,0
RCT000005151,RC0013,U0001997,push,2026-02-19 12:00:00,1,0
RCT000005152,RC0017,U0006179,sms,2026-04-12 10:00:00,1,0
RCT000005153,RC0012,U0010139,push,2026-02-27 11:00:00,1,1
RCT000005154,RC0019,U0010781,sms,2026-06-26 15:00:00,1,0
RCT000005155,RC0011,U0001553,sms,2026-07-12 15:00:00,1,0
RCT000005156,RC0015,U0002557,push,2026-04-25 21:00:00,1,0
RCT000005157,RC0019,U0011876,sms,2026-06-27 10:00:00,1,0
RCT000005158,RC0011,U0011597,sms,2026-07-15 11:00:00,1,0
RCT000005159,RC0015,U0001981,push,2026-04-21 10:00:00,1,1
RCT000005160,RC0008,U0010262,push,2026-06-26 14:00:00,1,0
RCT000005161,RC0014,U0006400,push,2026-03-25 18:00:00,1,0
RCT000005162,RC0009,U0004853,sms,2026-05-11 17:00:00,1,1
RCT000005163,RC0010,U0005947,push,2026-03-14 19:00:00,1,0
RCT000005164,RC0004,U0011814,in_app,2026-02-03 14:00:00,1,0
RCT000005165,RC0024,U0011618,push,2026-06-05 11:00:00,1,0
RCT000005166,RC0018,U0006740,push,2026-02-10 17:00:00,1,0
RCT000005167,RC0010,U0009515,push,2026-03-14 09:00:00,1,0
RCT000005168,RC0004,U0008407,in_app,2026-02-05 19:00:00,1,0
RCT000005169,RC0016,U0002014,in_app,2026-02-23 08:00:00,1,0
RCT000005170,RC0014,U0011402,push,2026-03-25 16:00:00,0,0
RCT000005171,RC0001,U0001206,push,2026-07-26 15:00:00,1,0
RCT000005172,RC0008,U0011979,push,2026-06-24 11:00:00,1,0
RCT000005173,RC0017,U0005464,sms,2026-04-09 13:00:00,1,0
RCT000005174,RC0016,U0008018,in_app,2026-02-24 19:00:00,0,0
RCT000005175,RC0020,U0005153,push,2026-05-25 08:00:00,1,0
RCT000005176,RC0019,U0008387,sms,2026-06-30 11:00:00,1,0
RCT000005177,RC0019,U0008999,sms,2026-06-28 20:00:00,1,0
RCT000005178,RC0006,U0006088,in_app,2026-02-20 19:00:00,1,0
RCT000005179,RC0003,U0005346,push,2026-02-11 21:00:00,1,1
RCT000005180,RC0015,U0000423,push,2026-04-24 09:00:00,1,0
RCT000005181,RC0011,U0001135,sms,2026-07-14 10:00:00,1,0
RCT000005182,RC0023,U0007253,sms,2026-05-27 08:00:00,1,0
RCT000005183,RC0024,U0006598,push,2026-06-04 16:00:00,1,0
RCT000005184,RC0012,U0005089,push,2026-03-04 18:00:00,1,0
RCT000005185,RC0009,U0009438,sms,2026-05-09 21:00:00,0,0
RCT000005186,RC0012,U0003219,push,2026-03-02 11:00:00,1,0
RCT000005187,RC0003,U0002986,push,2026-02-11 13:00:00,1,0
RCT000005188,RC0021,U0004752,in_app,2026-04-19 15:00:00,1,0
RCT000005189,RC0003,U0009000,push,2026-02-10 11:00:00,1,0
RCT000005190,RC0007,U0003425,push,2026-06-26 21:00:00,1,0
RCT000005191,RC0007,U0011838,push,2026-06-24 09:00:00,1,1
RCT000005192,RC0015,U0004117,push,2026-04-22 11:00:00,1,0
RCT000005193,RC0012,U0011608,push,2026-02-27 14:00:00,1,0
RCT000005194,RC0021,U0000386,in_app,2026-04-17 17:00:00,1,0
RCT000005195,RC0013,U0006203,push,2026-02-19 15:00:00,1,0
RCT000005196,RC0020,U0000997,push,2026-05-29 12:00:00,1,1
RCT000005197,RC0010,U0006213,push,2026-03-17 09:00:00,1,0
RCT000005198,RC0016,U0001909,in_app,2026-02-26 14:00:00,1,1
RCT000005199,RC0004,U0007834,in_app,2026-02-03 18:00:00,1,0
RCT000005200,RC0007,U0011733,push,2026-06-26 20:00:00,1,0
RCT000005201,RC0015,U0000464,push,2026-04-27 19:00:00,1,0
RCT000005202,RC0018,U0001748,push,2026-02-13 17:00:00,1,0
RCT000005203,RC0009,U0009220,sms,2026-05-09 11:00:00,1,0
RCT000005204,RC0012,U0009952,push,2026-03-02 20:00:00,1,0
RCT000005205,RC0020,U0007194,push,2026-05-28 13:00:00,1,0
RCT000005206,RC0013,U0011811,push,2026-02-20 20:00:00,1,0
RCT000005207,RC0005,U0009805,push,2026-07-29 21:00:00,1,1
RCT000005208,RC0023,U0010928,sms,2026-05-31 15:00:00,1,1
RCT000005209,RC0004,U0009790,in_app,2026-02-05 15:00:00,1,0
RCT000005210,RC0019,U0002102,sms,2026-06-29 13:00:00,1,0
RCT000005211,RC0024,U0008079,push,2026-06-10 08:00:00,1,0
RCT000005212,RC0010,U0003048,push,2026-03-15 17:00:00,1,1
RCT000005213,RC0005,U0011160,push,2026-07-31 16:00:00,1,0
RCT000005214,RC0019,U0001787,sms,2026-06-29 12:00:00,1,1
RCT000005215,RC0005,U0004702,push,2026-08-01 19:00:00,1,0
RCT000005216,RC0018,U0004586,push,2026-02-10 16:00:00,1,0
RCT000005217,RC0015,U0007090,push,2026-04-27 14:00:00,1,0
RCT000005218,RC0018,U0006443,push,2026-02-10 11:00:00,1,0
RCT000005219,RC0007,U0000231,push,2026-06-29 19:00:00,1,0
RCT000005220,RC0009,U0002358,sms,2026-05-10 17:00:00,1,0
RCT000005221,RC0024,U0009996,push,2026-06-10 15:00:00,1,0
RCT000005222,RC0015,U0009568,push,2026-04-27 10:00:00,1,0
RCT000005223,RC0018,U0003290,push,2026-02-12 21:00:00,1,0
RCT000005224,RC0002,U0005716,push,2026-06-13 15:00:00,1,0
RCT000005225,RC0018,U0005698,push,2026-02-09 13:00:00,1,0
RCT000005226,RC0017,U0004467,sms,2026-04-09 15:00:00,1,0
RCT000005227,RC0004,U0006031,in_app,2026-02-02 16:00:00,1,0
RCT000005228,RC0018,U0004155,push,2026-02-10 11:00:00,1,0
RCT000005229,RC0014,U0010833,push,2026-03-21 10:00:00,1,0
RCT000005230,RC0012,U0011334,push,2026-03-04 14:00:00,1,0
RCT000005231,RC0015,U0003485,push,2026-04-24 18:00:00,1,0
RCT000005232,RC0020,U0003202,push,2026-05-26 13:00:00,1,0
RCT000005233,RC0004,U0001248,in_app,2026-02-06 12:00:00,1,0
RCT000005234,RC0007,U0006744,push,2026-06-28 09:00:00,1,0
RCT000005235,RC0018,U0000493,push,2026-02-11 20:00:00,1,0
RCT000005236,RC0012,U0001672,push,2026-03-02 09:00:00,1,0
RCT000005237,RC0022,U0000993,in_app,2026-05-27 09:00:00,1,0
RCT000005238,RC0017,U0001935,sms,2026-04-10 12:00:00,1,0
RCT000005239,RC0007,U0010667,push,2026-06-24 11:00:00,1,0
RCT000005240,RC0023,U0009911,sms,2026-06-01 15:00:00,1,0
RCT000005241,RC0001,U0007802,push,2026-07-29 13:00:00,1,1
RCT000005242,RC0005,U0005596,push,2026-08-01 21:00:00,1,0
RCT000005243,RC0014,U0011261,push,2026-03-27 19:00:00,1,0
RCT000005244,RC0024,U0011667,push,2026-06-09 18:00:00,1,0
RCT000005245,RC0009,U0004915,sms,2026-05-11 14:00:00,1,0
RCT000005246,RC0005,U0004489,push,2026-08-01 21:00:00,1,0
RCT000005247,RC0024,U0004823,push,2026-06-07 21:00:00,1,0
RCT000005248,RC0022,U0010756,in_app,2026-05-26 14:00:00,1,0
RCT000005249,RC0005,U0009310,push,2026-07-29 08:00:00,1,0
RCT000005250,RC0020,U0000768,push,2026-05-27 21:00:00,1,0
RCT000005251,RC0005,U0001850,push,2026-07-29 12:00:00,1,1
RCT000005252,RC0005,U0000062,push,2026-08-02 14:00:00,1,0
RCT000005253,RC0015,U0010976,push,2026-04-25 18:00:00,1,0
RCT000005254,RC0017,U0002967,sms,2026-04-14 11:00:00,1,0
RCT000005255,RC0024,U0010034,push,2026-06-05 14:00:00,1,0
RCT000005256,RC0003,U0004278,push,2026-02-15 11:00:00,1,1
RCT000005257,RC0002,U0006089,push,2026-06-13 15:00:00,1,1
RCT000005258,RC0024,U0003879,push,2026-06-08 17:00:00,0,0
RCT000005259,RC0016,U0010548,in_app,2026-02-24 12:00:00,1,0
RCT000005260,RC0005,U0005690,push,2026-08-01 11:00:00,1,0
RCT000005261,RC0005,U0004883,push,2026-07-30 10:00:00,0,0
RCT000005262,RC0008,U0009676,push,2026-06-21 11:00:00,1,0
RCT000005263,RC0010,U0005705,push,2026-03-15 19:00:00,1,1
RCT000005264,RC0006,U0005738,in_app,2026-02-20 16:00:00,1,0
RCT000005265,RC0006,U0008290,in_app,2026-02-21 15:00:00,1,0
RCT000005266,RC0024,U0005397,push,2026-06-05 09:00:00,1,0
RCT000005267,RC0016,U0007573,in_app,2026-02-26 09:00:00,1,0
RCT000005268,RC0001,U0006756,push,2026-07-29 12:00:00,1,1
RCT000005269,RC0015,U0009490,push,2026-04-24 21:00:00,1,0
RCT000005270,RC0013,U0001953,push,2026-02-15 12:00:00,1,0
RCT000005271,RC0016,U0005773,in_app,2026-02-24 19:00:00,1,0
RCT000005272,RC0004,U0003114,in_app,2026-02-03 19:00:00,1,0
RCT000005273,RC0013,U0011044,push,2026-02-20 19:00:00,1,0
RCT000005274,RC0022,U0000056,in_app,2026-05-26 13:00:00,1,0
RCT000005275,RC0004,U0011707,in_app,2026-02-01 11:00:00,1,0
RCT000005276,RC0016,U0011180,in_app,2026-02-21 10:00:00,1,0
RCT000005277,RC0001,U0006596,push,2026-07-30 18:00:00,1,0
RCT000005278,RC0002,U0002325,push,2026-06-17 14:00:00,1,0
RCT000005279,RC0005,U0000437,push,2026-08-01 14:00:00,1,0
RCT000005280,RC0018,U0006933,push,2026-02-10 11:00:00,1,0
RCT000005281,RC0007,U0005659,push,2026-06-23 13:00:00,1,0
RCT000005282,RC0003,U0005455,push,2026-02-13 16:00:00,1,0
RCT000005283,RC0002,U0000878,push,2026-06-17 19:00:00,1,0
RCT000005284,RC0002,U0001450,push,2026-06-13 16:00:00,0,0
RCT000005285,RC0011,U0001621,sms,2026-07-16 16:00:00,1,0
RCT000005286,RC0017,U0011523,sms,2026-04-12 16:00:00,1,0
RCT000005287,RC0011,U0003192,sms,2026-07-13 15:00:00,1,0
RCT000005288,RC0009,U0011458,sms,2026-05-07 16:00:00,1,0
RCT000005289,RC0014,U0002369,push,2026-03-22 15:00:00,1,0
RCT000005290,RC0013,U0005318,push,2026-02-17 10:00:00,1,0
RCT000005291,RC0012,U0003202,push,2026-03-04 11:00:00,1,0
RCT000005292,RC0009,U0008398,sms,2026-05-06 14:00:00,1,0
RCT000005293,RC0024,U0000149,push,2026-06-06 08:00:00,1,0
RCT000005294,RC0020,U0008594,push,2026-05-29 20:00:00,1,0
RCT000005295,RC0024,U0006409,push,2026-06-04 08:00:00,1,0
RCT000005296,RC0007,U0010833,push,2026-06-25 20:00:00,1,0
RCT000005297,RC0006,U0006870,in_app,2026-02-15 15:00:00,1,0
RCT000005298,RC0019,U0000018,sms,2026-06-29 21:00:00,1,0
RCT000005299,RC0023,U0000128,sms,2026-05-30 14:00:00,1,0
RCT000005300,RC0006,U0005737,in_app,2026-02-20 18:00:00,1,0
RCT000005301,RC0022,U0001559,in_app,2026-05-25 16:00:00,1,0
RCT000005302,RC0011,U0003845,sms,2026-07-10 20:00:00,1,1
RCT000005303,RC0016,U0002249,in_app,2026-02-23 20:00:00,1,0
RCT000005304,RC0024,U0001586,push,2026-06-09 18:00:00,1,0
RCT000005305,RC0008,U0007711,push,2026-06-21 10:00:00,1,0
RCT000005306,RC0022,U0011357,in_app,2026-05-24 13:00:00,1,0
RCT000005307,RC0019,U0004887,sms,2026-06-28 11:00:00,1,0
RCT000005308,RC0009,U0011707,sms,2026-05-08 20:00:00,1,0
RCT000005309,RC0012,U0004595,push,2026-03-01 08:00:00,1,0
RCT000005310,RC0012,U0010963,push,2026-02-28 13:00:00,1,1
RCT000005311,RC0006,U0007417,in_app,2026-02-21 18:00:00,1,0
RCT000005312,RC0017,U0006781,sms,2026-04-09 17:00:00,0,0
RCT000005313,RC0019,U0011267,sms,2026-06-29 19:00:00,1,0
RCT000005314,RC0015,U0003970,push,2026-04-21 14:00:00,1,0
RCT000005315,RC0023,U0011726,sms,2026-06-02 13:00:00,0,0
RCT000005316,RC0002,U0008860,push,2026-06-17 11:00:00,1,0
RCT000005317,RC0008,U0009408,push,2026-06-24 09:00:00,1,0
RCT000005318,RC0007,U0005140,push,2026-06-27 15:00:00,1,0
RCT000005319,RC0020,U0001790,push,2026-05-24 09:00:00,1,0
RCT000005320,RC0006,U0001869,in_app,2026-02-20 10:00:00,1,0
RCT000005321,RC0014,U0001397,push,2026-03-21 19:00:00,1,1
RCT000005322,RC0005,U0000656,push,2026-07-30 18:00:00,1,0
RCT000005323,RC0002,U0002350,push,2026-06-18 10:00:00,1,1
RCT000005324,RC0013,U0004742,push,2026-02-15 19:00:00,1,1
RCT000005325,RC0009,U0004413,sms,2026-05-06 13:00:00,1,1
RCT000005326,RC0008,U0008313,push,2026-06-23 19:00:00,1,1
RCT000005327,RC0003,U0010878,push,2026-02-10 15:00:00,1,0
RCT000005328,RC0004,U0010002,in_app,2026-01-31 14:00:00,1,0
RCT000005329,RC0012,U0006662,push,2026-03-01 12:00:00,1,0
RCT000005330,RC0019,U0002104,sms,2026-06-28 14:00:00,1,0
RCT000005331,RC0001,U0003442,push,2026-07-28 11:00:00,1,0
RCT000005332,RC0005,U0005577,push,2026-07-31 11:00:00,1,0
RCT000005333,RC0017,U0006411,sms,2026-04-11 20:00:00,0,0
RCT000005334,RC0006,U0000124,in_app,2026-02-16 14:00:00,1,0
RCT000005335,RC0008,U0003748,push,2026-06-23 08:00:00,1,0
RCT000005336,RC0007,U0009508,push,2026-06-24 16:00:00,1,1
RCT000005337,RC0024,U0001967,push,2026-06-09 19:00:00,1,0
RCT000005338,RC0013,U0008195,push,2026-02-14 11:00:00,1,0
RCT000005339,RC0004,U0008966,in_app,2026-02-03 12:00:00,1,0
RCT000005340,RC0010,U0009661,push,2026-03-15 15:00:00,1,0
RCT000005341,RC0024,U0010102,push,2026-06-10 15:00:00,1,0
RCT000005342,RC0016,U0008280,in_app,2026-02-20 18:00:00,0,0
RCT000005343,RC0019,U0004438,sms,2026-06-28 19:00:00,1,0
RCT000005344,RC0005,U0002918,push,2026-08-03 18:00:00,1,0
RCT000005345,RC0002,U0010412,push,2026-06-15 11:00:00,1,1
RCT000005346,RC0005,U0002358,push,2026-07-29 11:00:00,1,0
RCT000005347,RC0017,U0004783,sms,2026-04-11 21:00:00,0,0
RCT000005348,RC0023,U0006597,sms,2026-05-30 12:00:00,1,0
RCT000005349,RC0021,U0010346,in_app,2026-04-19 15:00:00,1,0
RCT000005350,RC0023,U0005319,sms,2026-05-27 20:00:00,1,0
RCT000005351,RC0019,U0004296,sms,2026-06-30 09:00:00,1,0
RCT000005352,RC0008,U0003721,push,2026-06-22 16:00:00,0,0
RCT000005353,RC0017,U0000997,sms,2026-04-08 19:00:00,1,1
RCT000005354,RC0008,U0010791,push,2026-06-22 19:00:00,1,0
RCT000005355,RC0012,U0000165,push,2026-03-01 10:00:00,1,0
RCT000005356,RC0003,U0009399,push,2026-02-11 19:00:00,1,0
RCT000005357,RC0016,U0000255,in_app,2026-02-25 11:00:00,1,0
RCT000005358,RC0020,U0005978,push,2026-05-28 20:00:00,1,1
RCT000005359,RC0008,U0009087,push,2026-06-24 12:00:00,1,0
RCT000005360,RC0019,U0011934,sms,2026-07-01 10:00:00,1,0
RCT000005361,RC0010,U0003780,push,2026-03-13 18:00:00,1,0
RCT000005362,RC0020,U0001569,push,2026-05-27 10:00:00,1,0
RCT000005363,RC0005,U0001048,push,2026-08-03 12:00:00,1,1
RCT000005364,RC0011,U0006132,sms,2026-07-15 17:00:00,1,0
RCT000005365,RC0021,U0002739,in_app,2026-04-18 16:00:00,1,0
RCT000005366,RC0012,U0006066,push,2026-02-27 21:00:00,1,0
RCT000005367,RC0001,U0006523,push,2026-08-01 15:00:00,1,0
RCT000005368,RC0010,U0007468,push,2026-03-13 10:00:00,1,1
RCT000005369,RC0012,U0001971,push,2026-03-05 16:00:00,1,1
RCT000005370,RC0011,U0004405,sms,2026-07-12 19:00:00,1,0
RCT000005371,RC0010,U0011994,push,2026-03-17 20:00:00,1,1
RCT000005372,RC0002,U0000377,push,2026-06-13 20:00:00,1,0
RCT000005373,RC0015,U0002363,push,2026-04-23 21:00:00,1,0
RCT000005374,RC0023,U0007976,sms,2026-05-29 11:00:00,1,0
RCT000005375,RC0020,U0005357,push,2026-05-30 19:00:00,1,0
RCT000005376,RC0011,U0007820,sms,2026-07-16 09:00:00,1,0
RCT000005377,RC0011,U0008236,sms,2026-07-15 13:00:00,0,0
RCT000005378,RC0017,U0002609,sms,2026-04-11 16:00:00,1,1
RCT000005379,RC0021,U0008634,in_app,2026-04-18 16:00:00,1,0
RCT000005380,RC0017,U0003280,sms,2026-04-11 14:00:00,1,0
RCT000005381,RC0003,U0000106,push,2026-02-12 21:00:00,1,0
RCT000005382,RC0011,U0004585,sms,2026-07-12 20:00:00,0,0
RCT000005383,RC0004,U0007562,in_app,2026-02-06 21:00:00,1,0
RCT000005384,RC0021,U0004489,in_app,2026-04-18 16:00:00,1,0
RCT000005385,RC0004,U0006773,in_app,2026-02-02 17:00:00,1,0
RCT000005386,RC0008,U0002260,push,2026-06-23 20:00:00,1,0
RCT000005387,RC0008,U0003724,push,2026-06-25 11:00:00,1,0
RCT000005388,RC0009,U0009348,sms,2026-05-11 15:00:00,1,0
RCT000005389,RC0023,U0010175,sms,2026-06-01 12:00:00,1,0
RCT000005390,RC0014,U0004699,push,2026-03-22 21:00:00,1,0
RCT000005391,RC0021,U0006288,in_app,2026-04-14 20:00:00,1,0
RCT000005392,RC0010,U0000279,push,2026-03-15 15:00:00,1,0
RCT000005393,RC0011,U0006943,sms,2026-07-13 17:00:00,1,0
RCT000005394,RC0009,U0010891,sms,2026-05-11 09:00:00,1,0
RCT000005395,RC0003,U0005161,push,2026-02-15 10:00:00,1,0
RCT000005396,RC0013,U0003852,push,2026-02-19 10:00:00,1,1
RCT000005397,RC0011,U0000850,sms,2026-07-15 18:00:00,1,0
RCT000005398,RC0016,U0011875,in_app,2026-02-23 08:00:00,1,1
RCT000005399,RC0019,U0000462,sms,2026-07-01 16:00:00,1,0
RCT000005400,RC0002,U0009859,push,2026-06-17 12:00:00,1,1
RCT000005401,RC0005,U0005528,push,2026-07-28 12:00:00,1,1
RCT000005402,RC0002,U0008434,push,2026-06-17 14:00:00,1,0
RCT000005403,RC0002,U0008741,push,2026-06-18 13:00:00,1,0
RCT000005404,RC0004,U0002742,in_app,2026-02-01 16:00:00,1,0
RCT000005405,RC0019,U0005319,sms,2026-06-28 12:00:00,1,0
RCT000005406,RC0019,U0005923,sms,2026-06-29 16:00:00,1,0
RCT000005407,RC0005,U0008456,push,2026-08-01 15:00:00,1,0
RCT000005408,RC0008,U0010717,push,2026-06-23 19:00:00,1,0
RCT000005409,RC0009,U0006117,sms,2026-05-09 10:00:00,1,1
RCT000005410,RC0014,U0004779,push,2026-03-22 20:00:00,1,0
RCT000005411,RC0015,U0002305,push,2026-04-22 18:00:00,1,0
RCT000005412,RC0002,U0004346,push,2026-06-15 19:00:00,1,0
RCT000005413,RC0012,U0002524,push,2026-03-02 08:00:00,1,0
RCT000005414,RC0014,U0007184,push,2026-03-24 21:00:00,1,0
RCT000005415,RC0006,U0010719,in_app,2026-02-20 21:00:00,1,0
RCT000005416,RC0010,U0009425,push,2026-03-12 21:00:00,1,0
RCT000005417,RC0023,U0002296,sms,2026-05-30 16:00:00,1,0
RCT000005418,RC0004,U0010636,in_app,2026-02-05 20:00:00,0,0
RCT000005419,RC0021,U0004875,in_app,2026-04-16 17:00:00,1,0
RCT000005420,RC0003,U0000967,push,2026-02-14 12:00:00,1,0
RCT000005421,RC0001,U0006237,push,2026-07-28 19:00:00,1,0
RCT000005422,RC0017,U0009360,sms,2026-04-10 18:00:00,1,0
RCT000005423,RC0009,U0002278,sms,2026-05-07 19:00:00,1,0
RCT000005424,RC0010,U0002899,push,2026-03-16 12:00:00,1,0
RCT000005425,RC0023,U0009735,sms,2026-05-31 13:00:00,1,0
RCT000005426,RC0011,U0007910,sms,2026-07-12 18:00:00,1,0
RCT000005427,RC0019,U0003770,sms,2026-06-25 13:00:00,1,0
RCT000005428,RC0007,U0009082,push,2026-06-25 08:00:00,1,0
RCT000005429,RC0005,U0007021,push,2026-08-02 08:00:00,1,1
RCT000005430,RC0016,U0001172,in_app,2026-02-26 08:00:00,1,1
RCT000005431,RC0016,U0003961,in_app,2026-02-26 20:00:00,1,0
RCT000005432,RC0008,U0011471,push,2026-06-21 12:00:00,1,0
RCT000005433,RC0023,U0006766,sms,2026-06-02 17:00:00,1,0
RCT000005434,RC0002,U0006376,push,2026-06-18 08:00:00,1,0
RCT000005435,RC0021,U0010675,in_app,2026-04-14 10:00:00,1,0
RCT000005436,RC0012,U0002326,push,2026-03-03 09:00:00,1,0
RCT000005437,RC0014,U0006007,push,2026-03-22 11:00:00,0,0
RCT000005438,RC0022,U0005487,in_app,2026-05-24 13:00:00,1,0
RCT000005439,RC0024,U0000659,push,2026-06-07 10:00:00,0,0
RCT000005440,RC0015,U0004445,push,2026-04-26 17:00:00,1,0
RCT000005441,RC0014,U0002667,push,2026-03-25 08:00:00,1,1
RCT000005442,RC0007,U0003006,push,2026-06-29 14:00:00,0,0
RCT000005443,RC0005,U0010667,push,2026-07-28 14:00:00,1,1
RCT000005444,RC0008,U0005132,push,2026-06-22 12:00:00,1,0
RCT000005445,RC0017,U0004812,sms,2026-04-11 12:00:00,1,1
RCT000005446,RC0022,U0008994,in_app,2026-05-27 16:00:00,0,0
RCT000005447,RC0017,U0008671,sms,2026-04-13 16:00:00,1,1
RCT000005448,RC0009,U0005112,sms,2026-05-12 18:00:00,1,0
RCT000005449,RC0006,U0000928,in_app,2026-02-17 11:00:00,1,0
RCT000005450,RC0011,U0001712,sms,2026-07-13 18:00:00,1,0
RCT000005451,RC0008,U0005117,push,2026-06-25 19:00:00,1,0
RCT000005452,RC0019,U0008586,sms,2026-06-29 21:00:00,1,0
RCT000005453,RC0021,U0011211,in_app,2026-04-18 14:00:00,1,0
RCT000005454,RC0017,U0011970,sms,2026-04-08 09:00:00,1,0
RCT000005455,RC0006,U0006119,in_app,2026-02-15 14:00:00,1,0
RCT000005456,RC0003,U0003244,push,2026-02-10 11:00:00,1,0
RCT000005457,RC0014,U0000572,push,2026-03-27 09:00:00,1,0
RCT000005458,RC0002,U0000038,push,2026-06-17 18:00:00,1,1
RCT000005459,RC0019,U0009661,sms,2026-06-27 16:00:00,1,0
RCT000005460,RC0013,U0009866,push,2026-02-18 13:00:00,1,0
RCT000005461,RC0003,U0001674,push,2026-02-10 21:00:00,1,0
RCT000005462,RC0009,U0003122,sms,2026-05-07 17:00:00,1,0
RCT000005463,RC0018,U0004152,push,2026-02-14 21:00:00,1,0
RCT000005464,RC0013,U0009106,push,2026-02-16 20:00:00,1,1
RCT000005465,RC0008,U0005332,push,2026-06-22 08:00:00,1,0
RCT000005466,RC0022,U0008493,in_app,2026-05-23 10:00:00,1,0
RCT000005467,RC0016,U0006218,in_app,2026-02-23 11:00:00,1,0
RCT000005468,RC0001,U0000126,push,2026-07-26 14:00:00,1,0
RCT000005469,RC0010,U0011008,push,2026-03-13 11:00:00,1,0
RCT000005470,RC0011,U0002003,sms,2026-07-12 13:00:00,1,0
RCT000005471,RC0007,U0005336,push,2026-06-29 14:00:00,1,0
RCT000005472,RC0013,U0006915,push,2026-02-20 11:00:00,1,0
RCT000005473,RC0005,U0007199,push,2026-07-31 12:00:00,1,0
RCT000005474,RC0014,U0010832,push,2026-03-22 20:00:00,1,0
RCT000005475,RC0021,U0009967,in_app,2026-04-18 15:00:00,1,0
RCT000005476,RC0015,U0011597,push,2026-04-23 08:00:00,1,0
RCT000005477,RC0007,U0011498,push,2026-06-24 09:00:00,1,0
RCT000005478,RC0008,U0002359,push,2026-06-25 11:00:00,1,0
RCT000005479,RC0014,U0011042,push,2026-03-27 20:00:00,1,0
RCT000005480,RC0008,U0004570,push,2026-06-22 20:00:00,1,0
RCT000005481,RC0016,U0008489,in_app,2026-02-26 20:00:00,1,0
RCT000005482,RC0021,U0005211,in_app,2026-04-15 17:00:00,1,0
RCT000005483,RC0005,U0005551,push,2026-08-03 18:00:00,1,1
RCT000005484,RC0007,U0007876,push,2026-06-26 20:00:00,1,0
RCT000005485,RC0009,U0009569,sms,2026-05-07 16:00:00,1,0
RCT000005486,RC0007,U0010605,push,2026-06-28 19:00:00,1,1
RCT000005487,RC0004,U0009259,in_app,2026-02-05 08:00:00,1,0
RCT000005488,RC0003,U0007130,push,2026-02-14 21:00:00,1,1
RCT000005489,RC0021,U0004772,in_app,2026-04-18 13:00:00,1,0
RCT000005490,RC0003,U0007510,push,2026-02-10 18:00:00,1,0
RCT000005491,RC0019,U0009414,sms,2026-06-30 18:00:00,1,0
RCT000005492,RC0009,U0006138,sms,2026-05-11 14:00:00,1,0
RCT000005493,RC0015,U0011220,push,2026-04-27 20:00:00,1,0
RCT000005494,RC0011,U0000741,sms,2026-07-12 09:00:00,1,0
RCT000005495,RC0020,U0005596,push,2026-05-25 19:00:00,1,0
RCT000005496,RC0014,U0011383,push,2026-03-22 14:00:00,1,0
RCT000005497,RC0015,U0006489,push,2026-04-24 15:00:00,1,0
RCT000005498,RC0023,U0000385,sms,2026-06-01 11:00:00,1,0
RCT000005499,RC0023,U0001681,sms,2026-05-29 09:00:00,1,0
RCT000005500,RC0003,U0008878,push,2026-02-16 17:00:00,1,0
RCT000005501,RC0004,U0002373,in_app,2026-02-03 20:00:00,1,0
RCT000005502,RC0017,U0008612,sms,2026-04-14 12:00:00,1,0
RCT000005503,RC0024,U0000769,push,2026-06-08 09:00:00,1,0
RCT000005504,RC0010,U0009835,push,2026-03-13 09:00:00,1,1
RCT000005505,RC0023,U0000218,sms,2026-05-30 15:00:00,1,0
RCT000005506,RC0013,U0010611,push,2026-02-18 17:00:00,1,0
RCT000005507,RC0015,U0011813,push,2026-04-26 10:00:00,1,0
RCT000005508,RC0018,U0003802,push,2026-02-10 11:00:00,1,0
RCT000005509,RC0003,U0003048,push,2026-02-16 09:00:00,1,0
RCT000005510,RC0013,U0008529,push,2026-02-19 16:00:00,0,0
RCT000005511,RC0014,U0001216,push,2026-03-21 13:00:00,1,0
RCT000005512,RC0020,U0011365,push,2026-05-27 12:00:00,1,0
RCT000005513,RC0003,U0009492,push,2026-02-15 13:00:00,1,0
RCT000005514,RC0003,U0001471,push,2026-02-11 10:00:00,1,0
RCT000005515,RC0016,U0004019,in_app,2026-02-21 12:00:00,1,0
RCT000005516,RC0008,U0010232,push,2026-06-24 15:00:00,1,0
RCT000005517,RC0015,U0011296,push,2026-04-23 20:00:00,0,0
RCT000005518,RC0017,U0003484,sms,2026-04-13 20:00:00,1,0
RCT000005519,RC0009,U0009108,sms,2026-05-10 18:00:00,1,0
RCT000005520,RC0015,U0005110,push,2026-04-21 19:00:00,1,0
RCT000005521,RC0018,U0000464,push,2026-02-14 15:00:00,1,0
RCT000005522,RC0020,U0004820,push,2026-05-27 14:00:00,1,0
RCT000005523,RC0016,U0002458,in_app,2026-02-25 20:00:00,1,0
RCT000005524,RC0003,U0001509,push,2026-02-11 12:00:00,1,0
RCT000005525,RC0017,U0002588,sms,2026-04-11 14:00:00,0,0
RCT000005526,RC0024,U0002378,push,2026-06-04 19:00:00,1,0
RCT000005527,RC0019,U0000517,sms,2026-06-29 12:00:00,1,0
RCT000005528,RC0017,U0000341,sms,2026-04-13 14:00:00,1,0
RCT000005529,RC0004,U0001078,in_app,2026-02-04 20:00:00,1,0
RCT000005530,RC0013,U0003959,push,2026-02-19 21:00:00,1,0
RCT000005531,RC0017,U0003253,sms,2026-04-12 08:00:00,1,0
RCT000005532,RC0006,U0009567,in_app,2026-02-15 21:00:00,1,0
RCT000005533,RC0016,U0009782,in_app,2026-02-22 12:00:00,1,0
RCT000005534,RC0010,U0010376,push,2026-03-18 10:00:00,1,0
RCT000005535,RC0007,U0009833,push,2026-06-25 15:00:00,1,0
RCT000005536,RC0004,U0011795,in_app,2026-02-05 13:00:00,1,1
RCT000005537,RC0019,U0006582,sms,2026-06-29 15:00:00,1,0
RCT000005538,RC0022,U0000261,in_app,2026-05-26 13:00:00,1,0
RCT000005539,RC0003,U0009875,push,2026-02-16 08:00:00,1,0
RCT000005540,RC0015,U0007206,push,2026-04-22 08:00:00,1,0
RCT000005541,RC0016,U0011845,in_app,2026-02-20 11:00:00,1,0
RCT000005542,RC0022,U0008383,in_app,2026-05-21 15:00:00,1,0
RCT000005543,RC0019,U0007105,sms,2026-07-01 19:00:00,1,0
RCT000005544,RC0006,U0011451,in_app,2026-02-20 12:00:00,1,0
RCT000005545,RC0006,U0007791,in_app,2026-02-16 20:00:00,1,0
RCT000005546,RC0003,U0001588,push,2026-02-14 08:00:00,1,0
RCT000005547,RC0010,U0004501,push,2026-03-17 17:00:00,1,0
RCT000005548,RC0002,U0007751,push,2026-06-13 15:00:00,1,0
RCT000005549,RC0006,U0009150,in_app,2026-02-17 10:00:00,1,0
RCT000005550,RC0006,U0002338,in_app,2026-02-21 08:00:00,1,0
RCT000005551,RC0021,U0006988,in_app,2026-04-18 21:00:00,1,0
RCT000005552,RC0017,U0010970,sms,2026-04-11 20:00:00,1,0
RCT000005553,RC0023,U0005319,sms,2026-05-31 13:00:00,1,0
RCT000005554,RC0005,U0006385,push,2026-07-29 16:00:00,1,1
RCT000005555,RC0004,U0007143,in_app,2026-02-01 20:00:00,1,0
RCT000005556,RC0013,U0011820,push,2026-02-15 11:00:00,1,1
RCT000005557,RC0007,U0007143,push,2026-06-29 16:00:00,1,0
RCT000005558,RC0020,U0009558,push,2026-05-25 18:00:00,1,0
RCT000005559,RC0024,U0003656,push,2026-06-05 18:00:00,1,0
RCT000005560,RC0001,U0009565,push,2026-07-30 18:00:00,1,1
RCT000005561,RC0024,U0004769,push,2026-06-06 20:00:00,1,0
RCT000005562,RC0024,U0010136,push,2026-06-09 16:00:00,1,0
RCT000005563,RC0020,U0002179,push,2026-05-28 08:00:00,1,1
RCT000005564,RC0015,U0004182,push,2026-04-26 19:00:00,1,0
RCT000005565,RC0017,U0000194,sms,2026-04-09 12:00:00,1,0
RCT000005566,RC0007,U0006614,push,2026-06-28 15:00:00,1,0
RCT000005567,RC0010,U0003079,push,2026-03-15 12:00:00,0,0
RCT000005568,RC0011,U0005971,sms,2026-07-11 09:00:00,1,1
RCT000005569,RC0002,U0006247,push,2026-06-14 15:00:00,1,0
RCT000005570,RC0021,U0006641,in_app,2026-04-16 11:00:00,1,0
RCT000005571,RC0006,U0001412,in_app,2026-02-17 14:00:00,1,0
RCT000005572,RC0003,U0007278,push,2026-02-14 12:00:00,1,1
RCT000005573,RC0007,U0007295,push,2026-06-24 09:00:00,1,0
RCT000005574,RC0009,U0000178,sms,2026-05-11 17:00:00,1,0
RCT000005575,RC0008,U0010741,push,2026-06-27 15:00:00,1,0
RCT000005576,RC0021,U0002163,in_app,2026-04-17 16:00:00,1,0
RCT000005577,RC0008,U0000505,push,2026-06-26 10:00:00,1,0
RCT000005578,RC0001,U0007149,push,2026-07-31 13:00:00,1,1
RCT000005579,RC0022,U0009782,in_app,2026-05-22 10:00:00,1,0
RCT000005580,RC0008,U0004092,push,2026-06-24 14:00:00,1,0
RCT000005581,RC0011,U0006480,sms,2026-07-11 09:00:00,1,0
RCT000005582,RC0006,U0011302,in_app,2026-02-20 15:00:00,1,0
RCT000005583,RC0011,U0000383,sms,2026-07-11 10:00:00,1,0
RCT000005584,RC0024,U0000184,push,2026-06-04 10:00:00,1,0
RCT000005585,RC0019,U0001248,sms,2026-06-26 12:00:00,1,0
RCT000005586,RC0021,U0006025,in_app,2026-04-18 11:00:00,1,0
RCT000005587,RC0013,U0001804,push,2026-02-15 11:00:00,1,0
RCT000005588,RC0015,U0000057,push,2026-04-25 21:00:00,1,0
RCT000005589,RC0016,U0010807,in_app,2026-02-20 12:00:00,1,0
RCT000005590,RC0024,U0007741,push,2026-06-05 08:00:00,1,0
RCT000005591,RC0013,U0002762,push,2026-02-18 19:00:00,1,0
RCT000005592,RC0001,U0002134,push,2026-07-26 13:00:00,1,0
RCT000005593,RC0015,U0000811,push,2026-04-26 10:00:00,1,0
RCT000005594,RC0023,U0005986,sms,2026-05-30 09:00:00,1,0
RCT000005595,RC0017,U0004469,sms,2026-04-09 09:00:00,1,0
RCT000005596,RC0018,U0007705,push,2026-02-14 13:00:00,1,0
RCT000005597,RC0004,U0002227,in_app,2026-02-05 12:00:00,1,0
RCT000005598,RC0021,U0004126,in_app,2026-04-15 19:00:00,1,0
RCT000005599,RC0017,U0007366,sms,2026-04-10 17:00:00,1,0
RCT000005600,RC0004,U0003474,in_app,2026-02-06 19:00:00,1,0
RCT000005601,RC0004,U0000291,in_app,2026-02-01 15:00:00,1,0
RCT000005602,RC0008,U0000262,push,2026-06-26 11:00:00,0,0
RCT000005603,RC0012,U0010416,push,2026-03-05 17:00:00,1,0
RCT000005604,RC0015,U0000301,push,2026-04-26 08:00:00,1,0
RCT000005605,RC0023,U0002788,sms,2026-06-02 16:00:00,1,0
RCT000005606,RC0005,U0011930,push,2026-07-28 13:00:00,1,0
RCT000005607,RC0009,U0006649,sms,2026-05-10 15:00:00,1,0
RCT000005608,RC0008,U0006039,push,2026-06-22 15:00:00,1,0
RCT000005609,RC0018,U0003501,push,2026-02-14 21:00:00,1,0
RCT000005610,RC0014,U0009506,push,2026-03-26 18:00:00,0,0
RCT000005611,RC0012,U0007142,push,2026-03-03 12:00:00,1,1
RCT000005612,RC0007,U0004771,push,2026-06-25 11:00:00,1,0
RCT000005613,RC0009,U0002801,sms,2026-05-09 20:00:00,1,0
RCT000005614,RC0003,U0001383,push,2026-02-15 12:00:00,1,0
RCT000005615,RC0005,U0003127,push,2026-08-03 09:00:00,1,0
RCT000005616,RC0011,U0011991,sms,2026-07-10 18:00:00,1,0
RCT000005617,RC0011,U0011172,sms,2026-07-15 08:00:00,1,0
RCT000005618,RC0019,U0004079,sms,2026-06-27 13:00:00,1,0
RCT000005619,RC0008,U0003609,push,2026-06-23 19:00:00,0,0
RCT000005620,RC0007,U0005725,push,2026-06-28 11:00:00,1,0
RCT000005621,RC0016,U0002158,in_app,2026-02-26 17:00:00,1,0
RCT000005622,RC0010,U0008251,push,2026-03-14 11:00:00,1,0
RCT000005623,RC0001,U0001407,push,2026-07-30 12:00:00,1,0
RCT000005624,RC0021,U0008971,in_app,2026-04-20 15:00:00,1,1
RCT000005625,RC0001,U0007386,push,2026-07-30 18:00:00,1,1
RCT000005626,RC0004,U0007720,in_app,2026-02-05 16:00:00,1,0
RCT000005627,RC0001,U0004571,push,2026-07-27 13:00:00,1,0
RCT000005628,RC0015,U0011387,push,2026-04-23 19:00:00,1,0
RCT000005629,RC0016,U0006901,in_app,2026-02-22 18:00:00,1,0
RCT000005630,RC0015,U0010504,push,2026-04-23 10:00:00,1,0
RCT000005631,RC0020,U0005161,push,2026-05-27 11:00:00,1,0
RCT000005632,RC0017,U0006064,sms,2026-04-08 20:00:00,1,0
RCT000005633,RC0017,U0001361,sms,2026-04-09 08:00:00,1,0
RCT000005634,RC0019,U0001622,sms,2026-06-30 19:00:00,1,0
RCT000005635,RC0024,U0010365,push,2026-06-08 14:00:00,1,0
RCT000005636,RC0011,U0001485,sms,2026-07-12 19:00:00,1,0
RCT000005637,RC0004,U0003655,in_app,2026-02-06 08:00:00,1,0
RCT000005638,RC0015,U0009180,push,2026-04-27 15:00:00,1,1
RCT000005639,RC0008,U0009164,push,2026-06-22 16:00:00,1,0
RCT000005640,RC0001,U0005237,push,2026-07-28 15:00:00,1,0
RCT000005641,RC0017,U0001294,sms,2026-04-14 19:00:00,1,0
RCT000005642,RC0009,U0003968,sms,2026-05-09 14:00:00,1,0
RCT000005643,RC0021,U0006771,in_app,2026-04-19 11:00:00,1,0
RCT000005644,RC0017,U0009603,sms,2026-04-14 19:00:00,1,0
RCT000005645,RC0001,U0004878,push,2026-07-29 09:00:00,1,0
RCT000005646,RC0020,U0011250,push,2026-05-25 16:00:00,0,0
RCT000005647,RC0018,U0008150,push,2026-02-11 16:00:00,1,1
RCT000005648,RC0003,U0000158,push,2026-02-15 09:00:00,1,0
RCT000005649,RC0018,U0008392,push,2026-02-08 10:00:00,1,0
RCT000005650,RC0008,U0001867,push,2026-06-27 13:00:00,1,0
RCT000005651,RC0022,U0010708,in_app,2026-05-27 19:00:00,0,0
RCT000005652,RC0015,U0001378,push,2026-04-21 08:00:00,1,0
RCT000005653,RC0015,U0006021,push,2026-04-23 21:00:00,1,0
RCT000005654,RC0023,U0005615,sms,2026-05-28 16:00:00,1,0
RCT000005655,RC0014,U0011909,push,2026-03-26 19:00:00,1,0
RCT000005656,RC0006,U0001760,in_app,2026-02-20 12:00:00,1,0
RCT000005657,RC0022,U0009591,in_app,2026-05-26 19:00:00,1,0
RCT000005658,RC0003,U0002022,push,2026-02-10 20:00:00,1,1
RCT000005659,RC0008,U0002976,push,2026-06-25 08:00:00,1,0
RCT000005660,RC0011,U0011818,sms,2026-07-16 09:00:00,1,0
RCT000005661,RC0018,U0005561,push,2026-02-13 16:00:00,1,0
RCT000005662,RC0003,U0007487,push,2026-02-10 12:00:00,1,0
RCT000005663,RC0015,U0005825,push,2026-04-26 10:00:00,1,1
RCT000005664,RC0010,U0004835,push,2026-03-13 17:00:00,1,1
RCT000005665,RC0020,U0011725,push,2026-05-26 12:00:00,0,0
RCT000005666,RC0023,U0001894,sms,2026-05-27 18:00:00,1,0
RCT000005667,RC0021,U0007662,in_app,2026-04-15 10:00:00,1,0
RCT000005668,RC0001,U0010576,push,2026-07-29 16:00:00,1,1
RCT000005669,RC0011,U0005589,sms,2026-07-11 19:00:00,1,0
RCT000005670,RC0024,U0008434,push,2026-06-05 16:00:00,1,0
RCT000005671,RC0022,U0002316,in_app,2026-05-25 09:00:00,1,0
RCT000005672,RC0002,U0006322,push,2026-06-19 08:00:00,1,1
RCT000005673,RC0013,U0005627,push,2026-02-14 20:00:00,1,0
RCT000005674,RC0012,U0006750,push,2026-03-03 18:00:00,1,0
RCT000005675,RC0023,U0004837,sms,2026-05-30 15:00:00,1,0
RCT000005676,RC0004,U0004668,in_app,2026-01-31 20:00:00,1,0
RCT000005677,RC0016,U0011194,in_app,2026-02-26 09:00:00,1,0
RCT000005678,RC0006,U0005257,in_app,2026-02-17 17:00:00,1,0
RCT000005679,RC0003,U0009303,push,2026-02-13 19:00:00,1,0
RCT000005680,RC0006,U0006943,in_app,2026-02-15 20:00:00,1,0
RCT000005681,RC0007,U0001448,push,2026-06-27 11:00:00,0,0
RCT000005682,RC0014,U0008751,push,2026-03-25 19:00:00,1,0
RCT000005683,RC0024,U0002095,push,2026-06-06 20:00:00,1,1
RCT000005684,RC0015,U0001266,push,2026-04-21 20:00:00,1,0
RCT000005685,RC0023,U0008009,sms,2026-05-29 08:00:00,1,0
RCT000005686,RC0021,U0004517,in_app,2026-04-15 08:00:00,1,0
RCT000005687,RC0021,U0004377,in_app,2026-04-15 10:00:00,1,0
RCT000005688,RC0009,U0004727,sms,2026-05-10 17:00:00,1,0
RCT000005689,RC0002,U0009686,push,2026-06-17 13:00:00,0,0
RCT000005690,RC0013,U0010550,push,2026-02-14 09:00:00,1,0
RCT000005691,RC0015,U0001370,push,2026-04-21 11:00:00,1,1
RCT000005692,RC0015,U0003118,push,2026-04-21 12:00:00,1,1
RCT000005693,RC0001,U0005813,push,2026-08-01 13:00:00,1,1
RCT000005694,RC0001,U0011931,push,2026-07-28 13:00:00,1,0
RCT000005695,RC0022,U0004565,in_app,2026-05-26 14:00:00,1,0
RCT000005696,RC0004,U0006806,in_app,2026-02-03 16:00:00,1,0
RCT000005697,RC0016,U0005558,in_app,2026-02-25 20:00:00,1,0
RCT000005698,RC0010,U0005605,push,2026-03-18 13:00:00,1,0
RCT000005699,RC0001,U0000856,push,2026-07-27 17:00:00,1,0
RCT000005700,RC0023,U0000713,sms,2026-05-28 20:00:00,1,0
RCT000005701,RC0017,U0007196,sms,2026-04-08 08:00:00,1,0
RCT000005702,RC0012,U0010848,push,2026-03-05 09:00:00,1,0
RCT000005703,RC0016,U0007351,in_app,2026-02-26 18:00:00,1,0
RCT000005704,RC0017,U0007958,sms,2026-04-12 17:00:00,1,0
RCT000005705,RC0001,U0006015,push,2026-07-31 15:00:00,1,0
RCT000005706,RC0020,U0005520,push,2026-05-30 11:00:00,1,1
RCT000005707,RC0018,U0009779,push,2026-02-10 20:00:00,1,0
RCT000005708,RC0009,U0002291,sms,2026-05-06 20:00:00,1,0
RCT000005709,RC0023,U0007381,sms,2026-05-28 08:00:00,1,0
RCT000005710,RC0002,U0009594,push,2026-06-15 20:00:00,1,0
RCT000005711,RC0011,U0004135,sms,2026-07-15 16:00:00,1,0
RCT000005712,RC0011,U0011318,sms,2026-07-10 19:00:00,1,0
RCT000005713,RC0020,U0011290,push,2026-05-24 09:00:00,1,0
RCT000005714,RC0021,U0006356,in_app,2026-04-16 16:00:00,1,0
RCT000005715,RC0015,U0007358,push,2026-04-27 15:00:00,1,1
RCT000005716,RC0024,U0011637,push,2026-06-04 19:00:00,1,0
RCT000005717,RC0003,U0003722,push,2026-02-10 17:00:00,1,0
RCT000005718,RC0022,U0003952,in_app,2026-05-23 11:00:00,1,0
RCT000005719,RC0010,U0005207,push,2026-03-15 12:00:00,1,0
RCT000005720,RC0006,U0007757,in_app,2026-02-16 17:00:00,1,0
RCT000005721,RC0013,U0003603,push,2026-02-20 20:00:00,1,0
RCT000005722,RC0022,U0001079,in_app,2026-05-26 19:00:00,1,1
RCT000005723,RC0023,U0008496,sms,2026-06-01 13:00:00,1,1
RCT000005724,RC0006,U0006006,in_app,2026-02-15 20:00:00,1,0
RCT000005725,RC0008,U0008367,push,2026-06-23 17:00:00,1,0
RCT000005726,RC0009,U0000206,sms,2026-05-06 17:00:00,1,0
RCT000005727,RC0002,U0009769,push,2026-06-19 11:00:00,1,0
RCT000005728,RC0016,U0001292,in_app,2026-02-23 19:00:00,1,1
RCT000005729,RC0008,U0004144,push,2026-06-27 08:00:00,1,0
RCT000005730,RC0011,U0010866,sms,2026-07-14 13:00:00,1,1
RCT000005731,RC0021,U0006503,in_app,2026-04-16 11:00:00,1,0
RCT000005732,RC0023,U0001596,sms,2026-05-28 17:00:00,1,0
RCT000005733,RC0014,U0011619,push,2026-03-27 11:00:00,1,0
RCT000005734,RC0020,U0005275,push,2026-05-30 09:00:00,1,1
RCT000005735,RC0023,U0001346,sms,2026-05-28 18:00:00,1,0
RCT000005736,RC0022,U0008776,in_app,2026-05-25 11:00:00,1,0
RCT000005737,RC0003,U0009572,push,2026-02-11 09:00:00,1,0
RCT000005738,RC0003,U0002888,push,2026-02-10 16:00:00,1,1
RCT000005739,RC0022,U0011968,in_app,2026-05-27 14:00:00,1,1
RCT000005740,RC0022,U0001859,in_app,2026-05-21 18:00:00,1,0
RCT000005741,RC0016,U0003779,in_app,2026-02-24 11:00:00,1,1
RCT000005742,RC0009,U0009222,sms,2026-05-10 20:00:00,0,0
RCT000005743,RC0020,U0002524,push,2026-05-30 17:00:00,1,0
RCT000005744,RC0014,U0009792,push,2026-03-25 17:00:00,1,0
RCT000005745,RC0002,U0002289,push,2026-06-15 19:00:00,1,1
RCT000005746,RC0011,U0001787,sms,2026-07-16 16:00:00,1,0
RCT000005747,RC0023,U0001236,sms,2026-05-27 12:00:00,0,0
RCT000005748,RC0014,U0004744,push,2026-03-25 15:00:00,1,0
RCT000005749,RC0002,U0009764,push,2026-06-15 15:00:00,1,0
RCT000005750,RC0009,U0008044,sms,2026-05-09 18:00:00,0,0
RCT000005751,RC0013,U0009263,push,2026-02-18 19:00:00,1,0
RCT000005752,RC0007,U0005372,push,2026-06-29 15:00:00,1,0
RCT000005753,RC0021,U0009877,in_app,2026-04-15 18:00:00,1,0
RCT000005754,RC0013,U0006952,push,2026-02-16 12:00:00,1,0
RCT000005755,RC0006,U0011634,in_app,2026-02-18 10:00:00,1,0
RCT000005756,RC0004,U0001439,in_app,2026-02-02 14:00:00,1,1
RCT000005757,RC0013,U0002084,push,2026-02-20 15:00:00,1,0
RCT000005758,RC0021,U0006324,in_app,2026-04-17 15:00:00,1,0
RCT000005759,RC0013,U0001577,push,2026-02-19 18:00:00,1,0
RCT000005760,RC0003,U0009729,push,2026-02-14 21:00:00,1,0
RCT000005761,RC0016,U0009233,in_app,2026-02-21 11:00:00,1,0
RCT000005762,RC0008,U0005318,push,2026-06-25 18:00:00,1,0
RCT000005763,RC0018,U0005356,push,2026-02-14 10:00:00,1,0
RCT000005764,RC0017,U0011656,sms,2026-04-13 19:00:00,1,0
RCT000005765,RC0021,U0004587,in_app,2026-04-20 20:00:00,1,1
RCT000005766,RC0005,U0001868,push,2026-07-31 11:00:00,1,0
RCT000005767,RC0011,U0007970,sms,2026-07-12 10:00:00,1,0
RCT000005768,RC0019,U0009256,sms,2026-06-27 16:00:00,1,0
RCT000005769,RC0012,U0004762,push,2026-03-01 21:00:00,1,0
RCT000005770,RC0024,U0000981,push,2026-06-08 13:00:00,1,0
RCT000005771,RC0008,U0011539,push,2026-06-23 18:00:00,1,0
RCT000005772,RC0011,U0011948,sms,2026-07-16 14:00:00,1,0
RCT000005773,RC0015,U0007360,push,2026-04-23 11:00:00,1,1
RCT000005774,RC0011,U0007635,sms,2026-07-11 18:00:00,1,0
RCT000005775,RC0016,U0006487,in_app,2026-02-20 15:00:00,1,0
RCT000005776,RC0003,U0011299,push,2026-02-14 12:00:00,1,0
RCT000005777,RC0020,U0003726,push,2026-05-26 09:00:00,1,0
RCT000005778,RC0014,U0008592,push,2026-03-23 08:00:00,1,0
RCT000005779,RC0001,U0000085,push,2026-07-27 15:00:00,1,1
RCT000005780,RC0006,U0000499,in_app,2026-02-17 15:00:00,1,0
RCT000005781,RC0020,U0002928,push,2026-05-28 17:00:00,0,0
RCT000005782,RC0020,U0005240,push,2026-05-29 19:00:00,1,0
RCT000005783,RC0007,U0011799,push,2026-06-27 08:00:00,1,0
RCT000005784,RC0014,U0003016,push,2026-03-26 11:00:00,1,0
RCT000005785,RC0017,U0010668,sms,2026-04-11 21:00:00,1,0
RCT000005786,RC0009,U0004607,sms,2026-05-06 13:00:00,1,0
RCT000005787,RC0015,U0010446,push,2026-04-22 11:00:00,1,1
RCT000005788,RC0014,U0000973,push,2026-03-21 19:00:00,1,0
RCT000005789,RC0005,U0004621,push,2026-08-03 15:00:00,1,0
RCT000005790,RC0014,U0009542,push,2026-03-25 17:00:00,1,0
RCT000005791,RC0005,U0011129,push,2026-08-02 18:00:00,1,0
RCT000005792,RC0011,U0000741,sms,2026-07-14 21:00:00,1,0
RCT000005793,RC0019,U0004572,sms,2026-07-01 18:00:00,1,0
RCT000005794,RC0007,U0001677,push,2026-06-24 10:00:00,1,1
RCT000005795,RC0022,U0001472,in_app,2026-05-22 10:00:00,1,0
RCT000005796,RC0017,U0006189,sms,2026-04-13 16:00:00,1,0
RCT000005797,RC0024,U0011246,push,2026-06-08 16:00:00,1,0
RCT000005798,RC0022,U0009793,in_app,2026-05-21 08:00:00,1,0
RCT000005799,RC0010,U0006656,push,2026-03-18 21:00:00,1,1
RCT000005800,RC0006,U0005151,in_app,2026-02-19 11:00:00,1,0
RCT000005801,RC0014,U0001532,push,2026-03-27 10:00:00,1,0
RCT000005802,RC0004,U0005311,in_app,2026-02-06 10:00:00,1,0
RCT000005803,RC0013,U0004234,push,2026-02-18 11:00:00,1,0
RCT000005804,RC0013,U0011557,push,2026-02-19 11:00:00,1,0
RCT000005805,RC0016,U0003702,in_app,2026-02-22 20:00:00,1,0
RCT000005806,RC0015,U0004017,push,2026-04-22 15:00:00,1,0
RCT000005807,RC0013,U0006088,push,2026-02-17 17:00:00,1,0
RCT000005808,RC0008,U0006934,push,2026-06-23 08:00:00,0,0
RCT000005809,RC0020,U0000408,push,2026-05-25 09:00:00,1,0
RCT000005810,RC0022,U0011000,in_app,2026-05-24 19:00:00,1,0
RCT000005811,RC0023,U0001780,sms,2026-05-28 19:00:00,1,0
RCT000005812,RC0006,U0006952,in_app,2026-02-19 13:00:00,1,0
RCT000005813,RC0019,U0007320,sms,2026-06-28 15:00:00,1,0
RCT000005814,RC0016,U0011211,in_app,2026-02-21 15:00:00,1,0
RCT000005815,RC0023,U0003174,sms,2026-06-01 08:00:00,1,0
RCT000005816,RC0008,U0006602,push,2026-06-26 11:00:00,0,0
RCT000005817,RC0003,U0008054,push,2026-02-15 08:00:00,1,0
RCT000005818,RC0009,U0010668,sms,2026-05-11 12:00:00,1,0
RCT000005819,RC0006,U0003729,in_app,2026-02-16 19:00:00,1,0
RCT000005820,RC0020,U0003222,push,2026-05-29 20:00:00,1,0
RCT000005821,RC0002,U0007095,push,2026-06-17 11:00:00,1,1
RCT000005822,RC0007,U0004844,push,2026-06-24 10:00:00,1,0
RCT000005823,RC0001,U0008209,push,2026-07-30 14:00:00,1,0
RCT000005824,RC0021,U0005980,in_app,2026-04-16 14:00:00,1,0
RCT000005825,RC0001,U0000400,push,2026-07-26 11:00:00,1,0
RCT000005826,RC0010,U0009534,push,2026-03-15 11:00:00,1,0
RCT000005827,RC0010,U0000150,push,2026-03-18 11:00:00,1,0
RCT000005828,RC0016,U0007164,in_app,2026-02-21 10:00:00,0,0
RCT000005829,RC0002,U0003826,push,2026-06-14 13:00:00,1,0
RCT000005830,RC0022,U0004664,in_app,2026-05-23 20:00:00,1,0
RCT000005831,RC0010,U0006501,push,2026-03-15 10:00:00,1,0
RCT000005832,RC0001,U0001129,push,2026-07-28 10:00:00,1,1
RCT000005833,RC0014,U0010085,push,2026-03-25 09:00:00,1,0
RCT000005834,RC0007,U0010239,push,2026-06-27 08:00:00,1,0
RCT000005835,RC0022,U0002494,in_app,2026-05-24 21:00:00,1,0
RCT000005836,RC0009,U0004500,sms,2026-05-06 09:00:00,1,0
RCT000005837,RC0010,U0002673,push,2026-03-15 17:00:00,0,0
RCT000005838,RC0024,U0010964,push,2026-06-09 14:00:00,1,0
RCT000005839,RC0018,U0007348,push,2026-02-12 10:00:00,1,0
RCT000005840,RC0005,U0006717,push,2026-07-29 20:00:00,1,0
RCT000005841,RC0021,U0006741,in_app,2026-04-19 19:00:00,1,0
RCT000005842,RC0005,U0000234,push,2026-07-28 19:00:00,1,0
RCT000005843,RC0015,U0008149,push,2026-04-26 12:00:00,1,0
RCT000005844,RC0008,U0004756,push,2026-06-26 12:00:00,1,0
RCT000005845,RC0014,U0003434,push,2026-03-21 12:00:00,1,1
RCT000005846,RC0007,U0002641,push,2026-06-25 21:00:00,1,1
RCT000005847,RC0006,U0002916,in_app,2026-02-18 18:00:00,1,0
RCT000005848,RC0020,U0008359,push,2026-05-25 18:00:00,1,1
RCT000005849,RC0001,U0006475,push,2026-07-30 20:00:00,1,0
RCT000005850,RC0007,U0000659,push,2026-06-28 16:00:00,1,0
RCT000005851,RC0012,U0001537,push,2026-03-01 12:00:00,1,0
RCT000005852,RC0016,U0001881,in_app,2026-02-23 19:00:00,1,0
RCT000005853,RC0005,U0011640,push,2026-07-31 13:00:00,1,0
RCT000005854,RC0012,U0008993,push,2026-03-05 15:00:00,1,0
RCT000005855,RC0020,U0007084,push,2026-05-26 20:00:00,1,0
RCT000005856,RC0020,U0007740,push,2026-05-27 11:00:00,1,0
RCT000005857,RC0011,U0010020,sms,2026-07-15 14:00:00,1,0
RCT000005858,RC0006,U0010801,in_app,2026-02-19 10:00:00,1,0
RCT000005859,RC0009,U0002189,sms,2026-05-06 14:00:00,1,0
RCT000005860,RC0017,U0010887,sms,2026-04-11 16:00:00,1,0
RCT000005861,RC0021,U0000149,in_app,2026-04-20 11:00:00,1,0
RCT000005862,RC0017,U0003794,sms,2026-04-14 11:00:00,1,0
RCT000005863,RC0016,U0003222,in_app,2026-02-21 08:00:00,1,0
RCT000005864,RC0008,U0008113,push,2026-06-24 09:00:00,1,1
RCT000005865,RC0022,U0004622,in_app,2026-05-24 10:00:00,1,0
RCT000005866,RC0014,U0004990,push,2026-03-22 09:00:00,1,0
RCT000005867,RC0022,U0011618,in_app,2026-05-21 14:00:00,1,0
RCT000005868,RC0002,U0011804,push,2026-06-19 14:00:00,1,0
RCT000005869,RC0004,U0002588,in_app,2026-02-01 11:00:00,1,0
RCT000005870,RC0003,U0005261,push,2026-02-14 10:00:00,1,0
RCT000005871,RC0012,U0000326,push,2026-03-03 10:00:00,1,1
RCT000005872,RC0017,U0009631,sms,2026-04-11 20:00:00,1,0
RCT000005873,RC0021,U0010234,in_app,2026-04-16 12:00:00,1,0
RCT000005874,RC0014,U0009754,push,2026-03-21 17:00:00,1,0
RCT000005875,RC0018,U0010628,push,2026-02-08 15:00:00,1,0
RCT000005876,RC0002,U0011272,push,2026-06-18 12:00:00,1,0
RCT000005877,RC0007,U0004103,push,2026-06-23 11:00:00,1,0
RCT000005878,RC0005,U0006636,push,2026-08-02 18:00:00,1,0
RCT000005879,RC0009,U0004896,sms,2026-05-06 10:00:00,1,0
RCT000005880,RC0012,U0008410,push,2026-02-27 14:00:00,1,0
RCT000005881,RC0006,U0000154,in_app,2026-02-16 11:00:00,1,0
RCT000005882,RC0008,U0001125,push,2026-06-25 14:00:00,1,0
RCT000005883,RC0015,U0003160,push,2026-04-26 19:00:00,1,0
RCT000005884,RC0006,U0006427,in_app,2026-02-19 21:00:00,1,0
RCT000005885,RC0024,U0004338,push,2026-06-09 17:00:00,1,0
RCT000005886,RC0020,U0011855,push,2026-05-28 21:00:00,1,0
RCT000005887,RC0024,U0006667,push,2026-06-08 18:00:00,1,0
RCT000005888,RC0024,U0008388,push,2026-06-10 15:00:00,1,1
RCT000005889,RC0007,U0003203,push,2026-06-28 11:00:00,1,0
RCT000005890,RC0005,U0002305,push,2026-07-28 18:00:00,0,0
RCT000005891,RC0013,U0005929,push,2026-02-18 18:00:00,1,0
RCT000005892,RC0001,U0002345,push,2026-07-31 11:00:00,1,0
RCT000005893,RC0023,U0005783,sms,2026-06-02 15:00:00,0,0
RCT000005894,RC0008,U0001606,push,2026-06-24 19:00:00,1,0
RCT000005895,RC0020,U0011579,push,2026-05-25 19:00:00,1,0
RCT000005896,RC0012,U0004794,push,2026-03-03 10:00:00,1,1
RCT000005897,RC0013,U0004532,push,2026-02-15 19:00:00,1,0
RCT000005898,RC0002,U0001075,push,2026-06-17 11:00:00,1,0
RCT000005899,RC0006,U0004790,in_app,2026-02-16 10:00:00,1,0
RCT000005900,RC0023,U0007214,sms,2026-05-28 16:00:00,0,0
RCT000005901,RC0009,U0007161,sms,2026-05-09 18:00:00,0,0
RCT000005902,RC0013,U0009423,push,2026-02-15 20:00:00,1,0
RCT000005903,RC0002,U0003052,push,2026-06-19 19:00:00,1,0
RCT000005904,RC0016,U0003620,in_app,2026-02-26 20:00:00,1,0
RCT000005905,RC0014,U0011276,push,2026-03-26 13:00:00,1,0
RCT000005906,RC0024,U0001006,push,2026-06-08 18:00:00,1,0
RCT000005907,RC0005,U0010275,push,2026-08-03 10:00:00,1,0
RCT000005908,RC0017,U0007819,sms,2026-04-08 14:00:00,1,0
RCT000005909,RC0015,U0003499,push,2026-04-23 13:00:00,1,0
RCT000005910,RC0016,U0011685,in_app,2026-02-23 09:00:00,0,0
RCT000005911,RC0020,U0010550,push,2026-05-26 16:00:00,1,0
RCT000005912,RC0008,U0001922,push,2026-06-23 14:00:00,0,0
RCT000005913,RC0022,U0011387,in_app,2026-05-21 20:00:00,1,0
RCT000005914,RC0008,U0009917,push,2026-06-22 20:00:00,1,0
RCT000005915,RC0002,U0010437,push,2026-06-15 10:00:00,1,1
RCT000005916,RC0023,U0008712,sms,2026-06-02 10:00:00,1,0
RCT000005917,RC0024,U0004525,push,2026-06-10 17:00:00,1,0
RCT000005918,RC0006,U0010703,in_app,2026-02-18 19:00:00,1,0
RCT000005919,RC0024,U0002291,push,2026-06-04 18:00:00,1,0
RCT000005920,RC0009,U0002627,sms,2026-05-10 19:00:00,1,0
RCT000005921,RC0009,U0006996,sms,2026-05-12 11:00:00,1,0
RCT000005922,RC0008,U0002523,push,2026-06-27 15:00:00,1,0
RCT000005923,RC0002,U0003066,push,2026-06-16 21:00:00,1,0
RCT000005924,RC0015,U0001458,push,2026-04-27 16:00:00,1,0
RCT000005925,RC0009,U0004812,sms,2026-05-12 12:00:00,1,1
RCT000005926,RC0008,U0008339,push,2026-06-24 13:00:00,0,0
RCT000005927,RC0015,U0007374,push,2026-04-23 17:00:00,1,0
RCT000005928,RC0015,U0003211,push,2026-04-23 17:00:00,1,1
RCT000005929,RC0012,U0003307,push,2026-02-28 20:00:00,1,0
RCT000005930,RC0001,U0010985,push,2026-07-30 12:00:00,1,0
RCT000005931,RC0004,U0005199,in_app,2026-01-31 19:00:00,1,0
RCT000005932,RC0001,U0011741,push,2026-07-30 15:00:00,1,0
RCT000005933,RC0023,U0011567,sms,2026-06-02 18:00:00,1,0
RCT000005934,RC0024,U0011254,push,2026-06-08 17:00:00,1,1
RCT000005935,RC0013,U0000038,push,2026-02-17 17:00:00,1,0
RCT000005936,RC0011,U0000648,sms,2026-07-14 19:00:00,1,0
RCT000005937,RC0013,U0005693,push,2026-02-18 13:00:00,1,0
RCT000005938,RC0003,U0010433,push,2026-02-11 08:00:00,1,1
RCT000005939,RC0014,U0007951,push,2026-03-25 14:00:00,1,0
RCT000005940,RC0014,U0001471,push,2026-03-25 21:00:00,1,0
RCT000005941,RC0024,U0004878,push,2026-06-09 19:00:00,1,0
RCT000005942,RC0016,U0000637,in_app,2026-02-21 08:00:00,1,0
RCT000005943,RC0015,U0000300,push,2026-04-24 20:00:00,0,0
RCT000005944,RC0010,U0010239,push,2026-03-12 09:00:00,1,0
RCT000005945,RC0022,U0001798,in_app,2026-05-23 16:00:00,1,0
RCT000005946,RC0017,U0004799,sms,2026-04-08 15:00:00,1,0
RCT000005947,RC0020,U0006291,push,2026-05-24 16:00:00,1,0
RCT000005948,RC0016,U0005109,in_app,2026-02-22 16:00:00,1,0
RCT000005949,RC0012,U0007773,push,2026-03-04 20:00:00,1,0
RCT000005950,RC0006,U0000293,in_app,2026-02-18 15:00:00,1,0
RCT000005951,RC0020,U0006341,push,2026-05-30 17:00:00,1,0
RCT000005952,RC0012,U0001861,push,2026-03-04 11:00:00,1,0
RCT000005953,RC0005,U0004416,push,2026-07-28 21:00:00,1,0
RCT000005954,RC0007,U0004522,push,2026-06-28 16:00:00,1,0
RCT000005955,RC0023,U0010943,sms,2026-06-01 18:00:00,1,0
RCT000005956,RC0019,U0002673,sms,2026-06-28 09:00:00,1,0
RCT000005957,RC0018,U0001213,push,2026-02-14 14:00:00,1,1
RCT000005958,RC0011,U0004455,sms,2026-07-15 17:00:00,1,0
RCT000005959,RC0002,U0007116,push,2026-06-19 08:00:00,1,0
RCT000005960,RC0015,U0003232,push,2026-04-25 10:00:00,1,0
RCT000005961,RC0024,U0011439,push,2026-06-10 20:00:00,0,0
RCT000005962,RC0010,U0003723,push,2026-03-13 10:00:00,1,1
RCT000005963,RC0017,U0001311,sms,2026-04-14 18:00:00,0,0
RCT000005964,RC0007,U0000348,push,2026-06-24 14:00:00,1,0
RCT000005965,RC0009,U0007395,sms,2026-05-08 10:00:00,1,1
RCT000005966,RC0012,U0001706,push,2026-02-27 16:00:00,1,1
RCT000005967,RC0014,U0000701,push,2026-03-27 14:00:00,1,0
RCT000005968,RC0017,U0008133,sms,2026-04-12 09:00:00,1,0
RCT000005969,RC0013,U0004469,push,2026-02-15 18:00:00,1,0
RCT000005970,RC0013,U0005436,push,2026-02-18 08:00:00,0,0
RCT000005971,RC0001,U0004352,push,2026-07-31 21:00:00,1,1
RCT000005972,RC0003,U0000517,push,2026-02-12 10:00:00,1,0
RCT000005973,RC0007,U0006985,push,2026-06-23 15:00:00,1,0
RCT000005974,RC0014,U0007551,push,2026-03-27 16:00:00,1,0
RCT000005975,RC0007,U0008290,push,2026-06-24 18:00:00,0,0
RCT000005976,RC0005,U0000637,push,2026-07-31 17:00:00,1,0
RCT000005977,RC0017,U0003367,sms,2026-04-11 14:00:00,1,0
RCT000005978,RC0017,U0002067,sms,2026-04-13 20:00:00,1,0
RCT000005979,RC0018,U0008555,push,2026-02-11 15:00:00,1,0
RCT000005980,RC0017,U0010003,sms,2026-04-12 14:00:00,0,0
RCT000005981,RC0017,U0004481,sms,2026-04-10 14:00:00,1,0
RCT000005982,RC0007,U0011825,push,2026-06-23 14:00:00,1,0
RCT000005983,RC0023,U0005419,sms,2026-06-02 20:00:00,1,0
RCT000005984,RC0015,U0003981,push,2026-04-22 15:00:00,1,0
RCT000005985,RC0007,U0005626,push,2026-06-26 09:00:00,1,0
RCT000005986,RC0008,U0009866,push,2026-06-22 13:00:00,1,0
RCT000005987,RC0004,U0007833,in_app,2026-02-02 17:00:00,1,0
RCT000005988,RC0022,U0002107,in_app,2026-05-25 18:00:00,1,0
RCT000005989,RC0010,U0010633,push,2026-03-12 20:00:00,1,0
RCT000005990,RC0020,U0007948,push,2026-05-28 11:00:00,1,0
RCT000005991,RC0021,U0010656,in_app,2026-04-19 11:00:00,1,0
RCT000005992,RC0020,U0001557,push,2026-05-29 08:00:00,1,0
RCT000005993,RC0013,U0001578,push,2026-02-19 17:00:00,1,1
RCT000005994,RC0017,U0001419,sms,2026-04-11 16:00:00,1,0
RCT000005995,RC0016,U0011647,in_app,2026-02-23 20:00:00,1,0
RCT000005996,RC0008,U0006751,push,2026-06-24 19:00:00,1,1
RCT000005997,RC0014,U0000352,push,2026-03-25 10:00:00,1,0
RCT000005998,RC0022,U0005497,in_app,2026-05-24 09:00:00,1,0
RCT000005999,RC0010,U0009424,push,2026-03-12 11:00:00,1,1
RCT000006000,RC0006,U0006153,in_app,2026-02-17 18:00:00,1,0
RCT000006001,RC0012,U0008907,push,2026-03-03 20:00:00,1,0
RCT000006002,RC0013,U0010430,push,2026-02-17 20:00:00,1,1
RCT000006003,RC0008,U0008635,push,2026-06-22 10:00:00,1,0
RCT000006004,RC0022,U0009786,in_app,2026-05-24 14:00:00,1,0
RCT000006005,RC0004,U0009943,in_app,2026-01-31 21:00:00,1,0
RCT000006006,RC0024,U0001869,push,2026-06-09 18:00:00,1,0
RCT000006007,RC0018,U0005651,push,2026-02-09 16:00:00,1,0
RCT000006008,RC0007,U0011687,push,2026-06-25 20:00:00,1,0
RCT000006009,RC0011,U0006246,sms,2026-07-11 13:00:00,1,0
RCT000006010,RC0003,U0000644,push,2026-02-10 14:00:00,1,1
RCT000006011,RC0023,U0010796,sms,2026-05-31 12:00:00,1,0
RCT000006012,RC0010,U0008116,push,2026-03-13 16:00:00,1,0
RCT000006013,RC0015,U0006386,push,2026-04-26 13:00:00,1,0
RCT000006014,RC0008,U0009832,push,2026-06-25 08:00:00,1,0
RCT000006015,RC0004,U0010268,in_app,2026-02-02 11:00:00,1,0
RCT000006016,RC0022,U0008584,in_app,2026-05-26 17:00:00,1,0
RCT000006017,RC0016,U0003322,in_app,2026-02-25 13:00:00,1,0
RCT000006018,RC0005,U0009701,push,2026-08-03 16:00:00,1,0
RCT000006019,RC0024,U0010273,push,2026-06-09 12:00:00,1,0
RCT000006020,RC0016,U0010969,in_app,2026-02-24 14:00:00,1,0
RCT000006021,RC0024,U0005867,push,2026-06-10 17:00:00,1,0
RCT000006022,RC0012,U0010581,push,2026-03-02 11:00:00,1,0
RCT000006023,RC0009,U0005565,sms,2026-05-10 11:00:00,1,0
RCT000006024,RC0010,U0011640,push,2026-03-14 12:00:00,1,0
RCT000006025,RC0023,U0004272,sms,2026-06-01 15:00:00,1,0
RCT000006026,RC0002,U0000377,push,2026-06-17 17:00:00,1,1
RCT000006027,RC0004,U0001020,in_app,2026-02-05 15:00:00,1,0
RCT000006028,RC0021,U0006583,in_app,2026-04-19 14:00:00,1,0
RCT000006029,RC0018,U0008768,push,2026-02-10 20:00:00,0,0
RCT000006030,RC0016,U0001475,in_app,2026-02-21 17:00:00,1,0
RCT000006031,RC0021,U0010995,in_app,2026-04-18 18:00:00,0,0
RCT000006032,RC0020,U0006145,push,2026-05-28 18:00:00,1,0
RCT000006033,RC0022,U0000871,in_app,2026-05-22 21:00:00,1,0
RCT000006034,RC0005,U0002249,push,2026-07-31 13:00:00,1,0
RCT000006035,RC0004,U0001622,in_app,2026-02-06 14:00:00,1,0
RCT000006036,RC0014,U0001601,push,2026-03-24 15:00:00,1,1
RCT000006037,RC0020,U0009952,push,2026-05-29 08:00:00,1,1
RCT000006038,RC0002,U0005201,push,2026-06-17 14:00:00,1,0
RCT000006039,RC0017,U0000394,sms,2026-04-12 19:00:00,1,0
RCT000006040,RC0021,U0000871,in_app,2026-04-14 15:00:00,1,0
RCT000006041,RC0009,U0009065,sms,2026-05-08 10:00:00,1,0
RCT000006042,RC0010,U0010843,push,2026-03-18 19:00:00,1,0
RCT000006043,RC0023,U0009370,sms,2026-05-30 09:00:00,1,0
RCT000006044,RC0019,U0005441,sms,2026-06-25 16:00:00,0,0
RCT000006045,RC0006,U0010833,in_app,2026-02-15 19:00:00,1,0
RCT000006046,RC0001,U0009557,push,2026-07-29 10:00:00,1,0
RCT000006047,RC0022,U0003189,in_app,2026-05-25 10:00:00,1,0
RCT000006048,RC0020,U0005451,push,2026-05-26 11:00:00,1,0
RCT000006049,RC0013,U0010106,push,2026-02-14 15:00:00,1,0
RCT000006050,RC0011,U0010796,sms,2026-07-12 18:00:00,1,0
RCT000006051,RC0009,U0009838,sms,2026-05-11 09:00:00,1,0
RCT000006052,RC0001,U0002382,push,2026-08-01 14:00:00,1,0
RCT000006053,RC0017,U0003200,sms,2026-04-13 20:00:00,1,0
RCT000006054,RC0018,U0007147,push,2026-02-08 13:00:00,1,0
RCT000006055,RC0007,U0007844,push,2026-06-26 09:00:00,1,1
RCT000006056,RC0004,U0000540,in_app,2026-02-05 08:00:00,1,0
RCT000006057,RC0013,U0011933,push,2026-02-20 16:00:00,1,1
RCT000006058,RC0003,U0010089,push,2026-02-10 16:00:00,1,1
RCT000006059,RC0019,U0008678,sms,2026-06-27 15:00:00,1,0
RCT000006060,RC0011,U0002938,sms,2026-07-12 15:00:00,1,0
RCT000006061,RC0011,U0001802,sms,2026-07-12 21:00:00,1,0
RCT000006062,RC0004,U0005921,in_app,2026-02-03 19:00:00,1,0
RCT000006063,RC0011,U0003561,sms,2026-07-13 15:00:00,1,0
RCT000006064,RC0016,U0010084,in_app,2026-02-21 20:00:00,1,1
RCT000006065,RC0019,U0007422,sms,2026-06-25 18:00:00,1,0
RCT000006066,RC0008,U0008869,push,2026-06-27 21:00:00,1,0
RCT000006067,RC0017,U0007191,sms,2026-04-14 09:00:00,1,0
RCT000006068,RC0007,U0003842,push,2026-06-27 18:00:00,1,0
RCT000006069,RC0023,U0009016,sms,2026-05-29 18:00:00,1,0
RCT000006070,RC0017,U0010456,sms,2026-04-14 21:00:00,1,0
RCT000006071,RC0020,U0008845,push,2026-05-29 09:00:00,1,0
RCT000006072,RC0012,U0001656,push,2026-03-05 19:00:00,1,0
RCT000006073,RC0001,U0001185,push,2026-07-31 17:00:00,1,0
RCT000006074,RC0017,U0001653,sms,2026-04-14 14:00:00,1,0
RCT000006075,RC0011,U0006443,sms,2026-07-10 11:00:00,1,0
RCT000006076,RC0012,U0004299,push,2026-03-02 11:00:00,1,1
RCT000006077,RC0009,U0008524,sms,2026-05-11 10:00:00,1,1
RCT000006078,RC0007,U0000457,push,2026-06-27 08:00:00,1,0
RCT000006079,RC0002,U0006427,push,2026-06-18 17:00:00,0,0
RCT000006080,RC0007,U0000845,push,2026-06-24 18:00:00,1,0
RCT000006081,RC0018,U0009922,push,2026-02-12 20:00:00,1,1
RCT000006082,RC0015,U0009793,push,2026-04-25 21:00:00,1,0
RCT000006083,RC0016,U0000782,in_app,2026-02-24 13:00:00,1,0
RCT000006084,RC0002,U0007020,push,2026-06-17 12:00:00,1,0
RCT000006085,RC0006,U0008653,in_app,2026-02-15 12:00:00,1,0
RCT000006086,RC0010,U0010365,push,2026-03-13 15:00:00,0,0
RCT000006087,RC0011,U0007127,sms,2026-07-15 15:00:00,1,0
RCT000006088,RC0019,U0008638,sms,2026-07-01 20:00:00,1,0
RCT000006089,RC0017,U0003145,sms,2026-04-08 12:00:00,1,0
RCT000006090,RC0003,U0011241,push,2026-02-12 12:00:00,1,0
RCT000006091,RC0010,U0000969,push,2026-03-14 11:00:00,1,0
RCT000006092,RC0016,U0000481,in_app,2026-02-26 18:00:00,1,0
RCT000006093,RC0013,U0001004,push,2026-02-17 08:00:00,1,0
RCT000006094,RC0020,U0011811,push,2026-05-24 13:00:00,1,1
RCT000006095,RC0015,U0000068,push,2026-04-23 18:00:00,1,0
RCT000006096,RC0006,U0010609,in_app,2026-02-20 18:00:00,1,0
RCT000006097,RC0012,U0000394,push,2026-03-04 11:00:00,1,0
RCT000006098,RC0012,U0000038,push,2026-02-27 17:00:00,1,0
RCT000006099,RC0003,U0009986,push,2026-02-11 10:00:00,1,0
RCT000006100,RC0017,U0008570,sms,2026-04-10 19:00:00,1,0
RCT000006101,RC0018,U0002016,push,2026-02-13 20:00:00,1,0
RCT000006102,RC0020,U0008177,push,2026-05-26 11:00:00,1,0
RCT000006103,RC0002,U0002878,push,2026-06-16 08:00:00,1,1
RCT000006104,RC0004,U0002527,in_app,2026-02-01 11:00:00,1,0
RCT000006105,RC0002,U0001868,push,2026-06-16 12:00:00,1,0
RCT000006106,RC0022,U0006348,in_app,2026-05-26 08:00:00,1,0
RCT000006107,RC0015,U0000757,push,2026-04-25 16:00:00,1,0
RCT000006108,RC0013,U0006660,push,2026-02-16 13:00:00,1,0
RCT000006109,RC0022,U0007546,in_app,2026-05-23 18:00:00,1,0
RCT000006110,RC0007,U0010094,push,2026-06-23 16:00:00,0,0
RCT000006111,RC0022,U0001796,in_app,2026-05-24 17:00:00,1,0
RCT000006112,RC0011,U0008520,sms,2026-07-12 10:00:00,1,0
RCT000006113,RC0006,U0010291,in_app,2026-02-17 10:00:00,1,0
RCT000006114,RC0013,U0007461,push,2026-02-20 17:00:00,1,1
RCT000006115,RC0021,U0011201,in_app,2026-04-19 19:00:00,1,0
RCT000006116,RC0012,U0010026,push,2026-03-02 21:00:00,1,1
RCT000006117,RC0002,U0000013,push,2026-06-15 08:00:00,1,0
RCT000006118,RC0021,U0002273,in_app,2026-04-20 18:00:00,1,0
RCT000006119,RC0006,U0003534,in_app,2026-02-20 19:00:00,1,0
RCT000006120,RC0014,U0011848,push,2026-03-24 16:00:00,1,0
RCT000006121,RC0003,U0009746,push,2026-02-13 16:00:00,1,0
RCT000006122,RC0022,U0010290,in_app,2026-05-26 21:00:00,1,0
RCT000006123,RC0016,U0003142,in_app,2026-02-24 14:00:00,1,0
RCT000006124,RC0007,U0002773,push,2026-06-29 13:00:00,0,0
RCT000006125,RC0017,U0002843,sms,2026-04-10 16:00:00,1,0
RCT000006126,RC0003,U0002657,push,2026-02-15 12:00:00,1,0
RCT000006127,RC0004,U0000250,in_app,2026-02-05 15:00:00,1,0
RCT000006128,RC0011,U0002412,sms,2026-07-13 20:00:00,0,0
RCT000006129,RC0023,U0004078,sms,2026-05-28 13:00:00,1,0
RCT000006130,RC0019,U0002727,sms,2026-06-27 12:00:00,1,0
RCT000006131,RC0017,U0005922,sms,2026-04-12 13:00:00,1,0
RCT000006132,RC0007,U0006241,push,2026-06-23 17:00:00,1,0
RCT000006133,RC0016,U0004623,in_app,2026-02-24 20:00:00,1,0
RCT000006134,RC0012,U0005977,push,2026-03-04 20:00:00,1,0
RCT000006135,RC0008,U0008258,push,2026-06-26 13:00:00,1,0
RCT000006136,RC0010,U0008152,push,2026-03-15 18:00:00,1,0
RCT000006137,RC0012,U0009618,push,2026-02-27 20:00:00,1,0
RCT000006138,RC0024,U0002305,push,2026-06-04 18:00:00,1,1
RCT000006139,RC0005,U0006368,push,2026-07-31 19:00:00,1,0
RCT000006140,RC0021,U0005997,in_app,2026-04-18 15:00:00,1,0
RCT000006141,RC0024,U0000966,push,2026-06-08 12:00:00,1,0
RCT000006142,RC0024,U0005165,push,2026-06-09 13:00:00,1,0
RCT000006143,RC0016,U0002297,in_app,2026-02-24 14:00:00,1,0
RCT000006144,RC0021,U0006310,in_app,2026-04-19 20:00:00,1,0
RCT000006145,RC0011,U0009180,sms,2026-07-15 20:00:00,1,0
RCT000006146,RC0018,U0008416,push,2026-02-09 14:00:00,1,0
RCT000006147,RC0023,U0008008,sms,2026-06-01 17:00:00,1,0
RCT000006148,RC0023,U0005368,sms,2026-05-28 12:00:00,1,0
RCT000006149,RC0013,U0008209,push,2026-02-20 17:00:00,1,0
RCT000006150,RC0022,U0005850,in_app,2026-05-26 11:00:00,1,0
RCT000006151,RC0013,U0003025,push,2026-02-14 14:00:00,1,0
RCT000006152,RC0021,U0005021,in_app,2026-04-17 09:00:00,1,0
RCT000006153,RC0001,U0001647,push,2026-07-31 13:00:00,1,1
RCT000006154,RC0014,U0001723,push,2026-03-24 13:00:00,1,0
RCT000006155,RC0012,U0000426,push,2026-02-28 10:00:00,1,0
RCT000006156,RC0016,U0001971,in_app,2026-02-24 13:00:00,1,0
RCT000006157,RC0005,U0008563,push,2026-07-29 10:00:00,1,1
RCT000006158,RC0022,U0006729,in_app,2026-05-26 12:00:00,1,0
RCT000006159,RC0003,U0007007,push,2026-02-10 09:00:00,1,0
RCT000006160,RC0003,U0009904,push,2026-02-13 16:00:00,1,0
RCT000006161,RC0022,U0001493,in_app,2026-05-26 15:00:00,1,0
RCT000006162,RC0014,U0010028,push,2026-03-21 16:00:00,1,1
RCT000006163,RC0001,U0005617,push,2026-07-30 14:00:00,1,1
RCT000006164,RC0001,U0001097,push,2026-07-27 13:00:00,1,0
RCT000006165,RC0003,U0002063,push,2026-02-12 09:00:00,1,0
RCT000006166,RC0006,U0011512,in_app,2026-02-19 15:00:00,1,0
RCT000006167,RC0016,U0004875,in_app,2026-02-23 16:00:00,1,1
RCT000006168,RC0022,U0001508,in_app,2026-05-27 17:00:00,1,0
RCT000006169,RC0013,U0010064,push,2026-02-17 09:00:00,1,0
RCT000006170,RC0008,U0010785,push,2026-06-25 10:00:00,1,0
RCT000006171,RC0002,U0006287,push,2026-06-15 08:00:00,1,1
RCT000006172,RC0002,U0000646,push,2026-06-13 13:00:00,1,0
RCT000006173,RC0020,U0009617,push,2026-05-26 18:00:00,1,0
RCT000006174,RC0006,U0010831,in_app,2026-02-16 08:00:00,1,0
RCT000006175,RC0012,U0009348,push,2026-03-05 21:00:00,1,0
RCT000006176,RC0008,U0011034,push,2026-06-21 08:00:00,1,0
RCT000006177,RC0015,U0007310,push,2026-04-22 14:00:00,1,0
RCT000006178,RC0007,U0009791,push,2026-06-29 10:00:00,1,0
RCT000006179,RC0008,U0010280,push,2026-06-23 16:00:00,0,0
RCT000006180,RC0004,U0011250,in_app,2026-02-03 17:00:00,0,0
RCT000006181,RC0006,U0010895,in_app,2026-02-21 17:00:00,1,0
RCT000006182,RC0003,U0000194,push,2026-02-14 11:00:00,1,1
RCT000006183,RC0022,U0006298,in_app,2026-05-27 08:00:00,1,1
RCT000006184,RC0010,U0005696,push,2026-03-14 19:00:00,1,1
RCT000006185,RC0013,U0008520,push,2026-02-14 20:00:00,1,0
RCT000006186,RC0004,U0001980,in_app,2026-02-05 12:00:00,1,0
RCT000006187,RC0009,U0010565,sms,2026-05-06 16:00:00,1,0
RCT000006188,RC0020,U0004322,push,2026-05-26 14:00:00,1,0
RCT000006189,RC0017,U0007340,sms,2026-04-13 18:00:00,1,0
RCT000006190,RC0021,U0008005,in_app,2026-04-17 12:00:00,1,0
RCT000006191,RC0014,U0003905,push,2026-03-27 13:00:00,0,0
RCT000006192,RC0002,U0000904,push,2026-06-16 09:00:00,1,0
RCT000006193,RC0007,U0011503,push,2026-06-23 09:00:00,1,0
RCT000006194,RC0019,U0006439,sms,2026-06-28 12:00:00,1,0
RCT000006195,RC0001,U0011439,push,2026-08-01 12:00:00,0,0
RCT000006196,RC0012,U0008801,push,2026-03-04 09:00:00,1,1
RCT000006197,RC0004,U0000248,in_app,2026-02-01 09:00:00,1,0
RCT000006198,RC0008,U0010836,push,2026-06-26 16:00:00,1,0
RCT000006199,RC0024,U0004029,push,2026-06-06 13:00:00,1,1
RCT000006200,RC0012,U0002015,push,2026-03-05 15:00:00,1,0
RCT000006201,RC0017,U0006044,sms,2026-04-13 09:00:00,1,0
RCT000006202,RC0003,U0010198,push,2026-02-14 13:00:00,1,1
RCT000006203,RC0003,U0010909,push,2026-02-11 11:00:00,1,0
RCT000006204,RC0022,U0008879,in_app,2026-05-26 11:00:00,1,0
RCT000006205,RC0008,U0004934,push,2026-06-24 12:00:00,1,0
RCT000006206,RC0013,U0001813,push,2026-02-20 17:00:00,1,1
RCT000006207,RC0023,U0001765,sms,2026-05-31 18:00:00,1,0
RCT000006208,RC0021,U0001919,in_app,2026-04-17 12:00:00,1,0
RCT000006209,RC0020,U0002265,push,2026-05-28 12:00:00,1,0
RCT000006210,RC0012,U0007990,push,2026-03-04 15:00:00,1,0
RCT000006211,RC0008,U0004470,push,2026-06-25 11:00:00,1,0
RCT000006212,RC0010,U0001045,push,2026-03-18 12:00:00,1,0
RCT000006213,RC0011,U0003787,sms,2026-07-11 11:00:00,1,0
RCT000006214,RC0020,U0007466,push,2026-05-28 17:00:00,1,0
RCT000006215,RC0004,U0007862,in_app,2026-02-02 18:00:00,1,1
RCT000006216,RC0016,U0003012,in_app,2026-02-23 16:00:00,1,1
RCT000006217,RC0004,U0002383,in_app,2026-02-04 15:00:00,1,1
RCT000006218,RC0018,U0009830,push,2026-02-10 11:00:00,1,0
RCT000006219,RC0007,U0011804,push,2026-06-28 11:00:00,1,0
RCT000006220,RC0013,U0009314,push,2026-02-19 20:00:00,1,0
RCT000006221,RC0023,U0000790,sms,2026-05-28 13:00:00,1,0
RCT000006222,RC0010,U0005109,push,2026-03-13 12:00:00,1,0
RCT000006223,RC0002,U0000818,push,2026-06-17 17:00:00,1,0
RCT000006224,RC0005,U0006062,push,2026-08-01 16:00:00,1,0
RCT000006225,RC0001,U0001100,push,2026-07-28 08:00:00,1,0
RCT000006226,RC0006,U0005950,in_app,2026-02-19 19:00:00,1,1
RCT000006227,RC0004,U0007690,in_app,2026-02-04 17:00:00,1,0
RCT000006228,RC0006,U0006888,in_app,2026-02-19 14:00:00,1,0
RCT000006229,RC0020,U0003802,push,2026-05-30 13:00:00,1,0
RCT000006230,RC0013,U0002017,push,2026-02-19 20:00:00,1,0
RCT000006231,RC0011,U0000079,sms,2026-07-13 18:00:00,1,0
RCT000006232,RC0013,U0005731,push,2026-02-14 11:00:00,1,0
RCT000006233,RC0008,U0003732,push,2026-06-22 13:00:00,1,0
RCT000006234,RC0011,U0008410,sms,2026-07-12 19:00:00,1,0
RCT000006235,RC0006,U0005959,in_app,2026-02-17 15:00:00,1,0
RCT000006236,RC0016,U0008691,in_app,2026-02-24 16:00:00,1,0
RCT000006237,RC0014,U0008732,push,2026-03-27 13:00:00,1,0
RCT000006238,RC0002,U0009420,push,2026-06-13 13:00:00,1,0
RCT000006239,RC0020,U0003596,push,2026-05-26 12:00:00,1,0
RCT000006240,RC0010,U0010106,push,2026-03-13 17:00:00,1,0
RCT000006241,RC0001,U0006805,push,2026-07-31 15:00:00,1,0
RCT000006242,RC0004,U0007393,in_app,2026-01-31 17:00:00,1,0
RCT000006243,RC0008,U0008529,push,2026-06-26 19:00:00,0,0
RCT000006244,RC0005,U0009323,push,2026-08-01 09:00:00,1,0
RCT000006245,RC0016,U0000033,in_app,2026-02-20 12:00:00,1,1
RCT000006246,RC0017,U0009584,sms,2026-04-09 12:00:00,1,0
RCT000006247,RC0010,U0008433,push,2026-03-18 19:00:00,1,0
RCT000006248,RC0024,U0009220,push,2026-06-09 15:00:00,1,0
RCT000006249,RC0024,U0001993,push,2026-06-06 19:00:00,1,1
RCT000006250,RC0021,U0011933,in_app,2026-04-19 10:00:00,1,0
RCT000006251,RC0008,U0011302,push,2026-06-25 18:00:00,1,0
RCT000006252,RC0012,U0003316,push,2026-03-05 21:00:00,1,0
RCT000006253,RC0023,U0004535,sms,2026-05-31 17:00:00,1,0
RCT000006254,RC0022,U0000581,in_app,2026-05-25 16:00:00,1,0
RCT000006255,RC0002,U0005323,push,2026-06-17 09:00:00,1,0
RCT000006256,RC0010,U0005176,push,2026-03-16 10:00:00,1,0
RCT000006257,RC0020,U0010312,push,2026-05-27 13:00:00,1,0
RCT000006258,RC0001,U0002749,push,2026-07-29 15:00:00,1,0
RCT000006259,RC0016,U0007400,in_app,2026-02-21 09:00:00,1,0
RCT000006260,RC0010,U0005699,push,2026-03-12 08:00:00,1,0
RCT000006261,RC0002,U0001015,push,2026-06-17 16:00:00,1,0
RCT000006262,RC0010,U0004067,push,2026-03-17 08:00:00,1,0
RCT000006263,RC0019,U0005388,sms,2026-07-01 12:00:00,1,0
RCT000006264,RC0011,U0010726,sms,2026-07-10 21:00:00,1,0
RCT000006265,RC0017,U0003878,sms,2026-04-13 09:00:00,1,0
RCT000006266,RC0005,U0011066,push,2026-08-02 08:00:00,1,1
RCT000006267,RC0002,U0005141,push,2026-06-16 20:00:00,1,0
RCT000006268,RC0003,U0000373,push,2026-02-10 20:00:00,1,0
RCT000006269,RC0012,U0010628,push,2026-03-02 18:00:00,1,0
RCT000006270,RC0019,U0010697,sms,2026-06-27 12:00:00,1,0
RCT000006271,RC0015,U0002895,push,2026-04-22 09:00:00,1,1
RCT000006272,RC0015,U0010378,push,2026-04-23 13:00:00,1,0
RCT000006273,RC0024,U0010766,push,2026-06-07 08:00:00,1,0
RCT000006274,RC0016,U0011825,in_app,2026-02-21 16:00:00,1,0
RCT000006275,RC0002,U0006498,push,2026-06-13 20:00:00,1,0
RCT000006276,RC0005,U0010143,push,2026-08-01 14:00:00,1,1
RCT000006277,RC0011,U0011244,sms,2026-07-13 13:00:00,0,0
RCT000006278,RC0018,U0001544,push,2026-02-14 13:00:00,1,0
RCT000006279,RC0002,U0002926,push,2026-06-17 10:00:00,1,0
RCT000006280,RC0016,U0010063,in_app,2026-02-21 09:00:00,1,0
RCT000006281,RC0002,U0000365,push,2026-06-16 17:00:00,1,0
RCT000006282,RC0018,U0002979,push,2026-02-11 20:00:00,1,1
RCT000006283,RC0001,U0008841,push,2026-07-26 20:00:00,1,0
RCT000006284,RC0014,U0000555,push,2026-03-27 09:00:00,1,0
RCT000006285,RC0009,U0000921,sms,2026-05-08 15:00:00,1,0
RCT000006286,RC0024,U0008827,push,2026-06-06 10:00:00,1,0
RCT000006287,RC0012,U0010964,push,2026-03-03 09:00:00,1,0
RCT000006288,RC0016,U0009153,in_app,2026-02-26 09:00:00,0,0
RCT000006289,RC0003,U0011256,push,2026-02-14 18:00:00,1,0
RCT000006290,RC0002,U0009769,push,2026-06-18 10:00:00,1,0
RCT000006291,RC0007,U0007458,push,2026-06-26 19:00:00,1,1
RCT000006292,RC0009,U0010931,sms,2026-05-08 21:00:00,1,0
RCT000006293,RC0022,U0005693,in_app,2026-05-24 11:00:00,1,0
RCT000006294,RC0022,U0010337,in_app,2026-05-21 09:00:00,1,0
RCT000006295,RC0005,U0006088,push,2026-07-30 11:00:00,1,0
RCT000006296,RC0006,U0004467,in_app,2026-02-15 14:00:00,1,0
RCT000006297,RC0009,U0001551,sms,2026-05-07 10:00:00,1,0
RCT000006298,RC0005,U0007036,push,2026-08-01 19:00:00,1,0
RCT000006299,RC0010,U0011857,push,2026-03-15 13:00:00,1,0
RCT000006300,RC0008,U0007562,push,2026-06-22 17:00:00,1,0
RCT000006301,RC0016,U0006339,in_app,2026-02-21 14:00:00,1,0
RCT000006302,RC0019,U0008190,sms,2026-06-28 09:00:00,1,0
RCT000006303,RC0002,U0001419,push,2026-06-14 18:00:00,1,0
RCT000006304,RC0004,U0006556,in_app,2026-02-01 08:00:00,1,0
RCT000006305,RC0003,U0001757,push,2026-02-10 09:00:00,1,0
RCT000006306,RC0016,U0007461,in_app,2026-02-21 12:00:00,1,0
RCT000006307,RC0006,U0003953,in_app,2026-02-16 10:00:00,1,0
RCT000006308,RC0024,U0004038,push,2026-06-06 13:00:00,1,0
RCT000006309,RC0003,U0001096,push,2026-02-12 13:00:00,1,0
RCT000006310,RC0024,U0005531,push,2026-06-04 12:00:00,1,0
RCT000006311,RC0011,U0001669,sms,2026-07-14 10:00:00,1,0
RCT000006312,RC0012,U0011493,push,2026-03-03 14:00:00,1,0
RCT000006313,RC0002,U0007847,push,2026-06-14 12:00:00,1,0
RCT000006314,RC0013,U0004115,push,2026-02-17 18:00:00,1,0
RCT000006315,RC0019,U0009895,sms,2026-07-01 08:00:00,1,0
RCT000006316,RC0014,U0008229,push,2026-03-24 19:00:00,1,0
RCT000006317,RC0021,U0010828,in_app,2026-04-19 10:00:00,1,1
RCT000006318,RC0020,U0002291,push,2026-05-27 15:00:00,1,0
RCT000006319,RC0021,U0007694,in_app,2026-04-19 13:00:00,1,0
RCT000006320,RC0006,U0009302,in_app,2026-02-17 11:00:00,0,0
RCT000006321,RC0024,U0003805,push,2026-06-07 21:00:00,1,0
RCT000006322,RC0010,U0011463,push,2026-03-18 19:00:00,1,0
RCT000006323,RC0014,U0003040,push,2026-03-23 21:00:00,1,0
RCT000006324,RC0014,U0005292,push,2026-03-23 20:00:00,1,1
RCT000006325,RC0022,U0006809,in_app,2026-05-24 17:00:00,1,0
RCT000006326,RC0016,U0002530,in_app,2026-02-21 16:00:00,1,1
RCT000006327,RC0024,U0007877,push,2026-06-04 12:00:00,1,0
RCT000006328,RC0022,U0006156,in_app,2026-05-21 17:00:00,1,0
RCT000006329,RC0009,U0003578,sms,2026-05-09 12:00:00,1,0
RCT000006330,RC0018,U0000759,push,2026-02-11 11:00:00,1,0
RCT000006331,RC0018,U0006044,push,2026-02-10 19:00:00,1,0
RCT000006332,RC0008,U0001534,push,2026-06-26 12:00:00,1,1
RCT000006333,RC0012,U0006772,push,2026-02-27 15:00:00,1,0
RCT000006334,RC0015,U0008267,push,2026-04-24 19:00:00,1,1
RCT000006335,RC0023,U0002982,sms,2026-05-30 09:00:00,1,0
RCT000006336,RC0017,U0002436,sms,2026-04-09 15:00:00,0,0
RCT000006337,RC0007,U0000558,push,2026-06-27 11:00:00,1,0
RCT000006338,RC0023,U0009935,sms,2026-05-29 11:00:00,1,0
RCT000006339,RC0008,U0000920,push,2026-06-27 19:00:00,1,1
RCT000006340,RC0017,U0009259,sms,2026-04-11 09:00:00,1,0
RCT000006341,RC0007,U0005705,push,2026-06-24 09:00:00,1,0
RCT000006342,RC0005,U0010472,push,2026-08-02 14:00:00,1,0
RCT000006343,RC0017,U0007816,sms,2026-04-11 17:00:00,1,1
RCT000006344,RC0024,U0011660,push,2026-06-08 18:00:00,1,0
RCT000006345,RC0007,U0002292,push,2026-06-24 19:00:00,1,0
RCT000006346,RC0020,U0005795,push,2026-05-24 10:00:00,1,0
RCT000006347,RC0011,U0007215,sms,2026-07-14 10:00:00,1,0
RCT000006348,RC0019,U0005086,sms,2026-06-29 13:00:00,1,0
RCT000006349,RC0010,U0000915,push,2026-03-12 09:00:00,1,0
RCT000006350,RC0005,U0011140,push,2026-07-30 18:00:00,1,0
RCT000006351,RC0018,U0001873,push,2026-02-08 19:00:00,1,0
RCT000006352,RC0020,U0001169,push,2026-05-29 20:00:00,1,0
RCT000006353,RC0016,U0000972,in_app,2026-02-23 11:00:00,1,0
RCT000006354,RC0015,U0001783,push,2026-04-23 09:00:00,1,0
RCT000006355,RC0016,U0007324,in_app,2026-02-20 19:00:00,1,0
RCT000006356,RC0023,U0000087,sms,2026-05-29 09:00:00,1,0
RCT000006357,RC0019,U0000966,sms,2026-06-30 21:00:00,1,0
RCT000006358,RC0022,U0001722,in_app,2026-05-22 10:00:00,1,0
RCT000006359,RC0019,U0000550,sms,2026-06-27 18:00:00,1,0
RCT000006360,RC0016,U0007660,in_app,2026-02-26 21:00:00,1,0
RCT000006361,RC0010,U0008221,push,2026-03-16 18:00:00,1,0
RCT000006362,RC0002,U0003436,push,2026-06-18 16:00:00,1,0
RCT000006363,RC0011,U0010221,sms,2026-07-10 17:00:00,1,0
RCT000006364,RC0011,U0000085,sms,2026-07-12 14:00:00,1,0
RCT000006365,RC0002,U0008228,push,2026-06-14 16:00:00,1,0
RCT000006366,RC0023,U0006341,sms,2026-06-01 15:00:00,1,0
RCT000006367,RC0021,U0010241,in_app,2026-04-18 19:00:00,1,0
RCT000006368,RC0013,U0006747,push,2026-02-17 20:00:00,1,1
RCT000006369,RC0007,U0009158,push,2026-06-27 12:00:00,1,0
RCT000006370,RC0021,U0008008,in_app,2026-04-18 18:00:00,1,0
RCT000006371,RC0010,U0001661,push,2026-03-17 12:00:00,1,0
RCT000006372,RC0003,U0010007,push,2026-02-15 15:00:00,1,0
RCT000006373,RC0019,U0004465,sms,2026-06-29 08:00:00,1,0
RCT000006374,RC0013,U0008448,push,2026-02-16 10:00:00,1,0
RCT000006375,RC0020,U0000326,push,2026-05-26 18:00:00,1,1
RCT000006376,RC0015,U0001549,push,2026-04-23 09:00:00,0,0
RCT000006377,RC0014,U0005633,push,2026-03-23 10:00:00,1,0
RCT000006378,RC0020,U0011899,push,2026-05-29 09:00:00,1,1
RCT000006379,RC0010,U0010559,push,2026-03-16 13:00:00,1,1
RCT000006380,RC0011,U0010003,sms,2026-07-12 11:00:00,1,1
RCT000006381,RC0016,U0009668,in_app,2026-02-24 17:00:00,1,0
RCT000006382,RC0017,U0006664,sms,2026-04-12 15:00:00,1,0
RCT000006383,RC0023,U0006104,sms,2026-05-30 09:00:00,1,0
RCT000006384,RC0015,U0001773,push,2026-04-27 13:00:00,1,1
RCT000006385,RC0017,U0004886,sms,2026-04-09 12:00:00,1,0
RCT000006386,RC0008,U0002960,push,2026-06-24 18:00:00,1,0
RCT000006387,RC0022,U0000685,in_app,2026-05-26 17:00:00,1,0
RCT000006388,RC0003,U0005170,push,2026-02-12 18:00:00,1,1
RCT000006389,RC0002,U0003009,push,2026-06-16 12:00:00,1,0
RCT000006390,RC0006,U0011650,in_app,2026-02-20 19:00:00,1,0
RCT000006391,RC0017,U0002562,sms,2026-04-08 17:00:00,1,0
RCT000006392,RC0005,U0010571,push,2026-08-02 13:00:00,1,0
RCT000006393,RC0019,U0009760,sms,2026-06-27 18:00:00,1,0
RCT000006394,RC0024,U0005314,push,2026-06-10 15:00:00,1,0
RCT000006395,RC0004,U0007713,in_app,2026-02-06 10:00:00,1,0
RCT000006396,RC0015,U0004774,push,2026-04-26 09:00:00,1,0
RCT000006397,RC0014,U0010916,push,2026-03-25 17:00:00,1,1
RCT000006398,RC0005,U0004990,push,2026-07-28 10:00:00,1,0
RCT000006399,RC0010,U0010462,push,2026-03-18 08:00:00,1,0
RCT000006400,RC0010,U0009426,push,2026-03-17 19:00:00,1,0
RCT000006401,RC0005,U0004885,push,2026-08-02 15:00:00,1,0
RCT000006402,RC0023,U0000951,sms,2026-05-27 10:00:00,1,0
RCT000006403,RC0010,U0006713,push,2026-03-13 18:00:00,1,0
RCT000006404,RC0019,U0006120,sms,2026-06-26 10:00:00,1,1
RCT000006405,RC0009,U0007142,sms,2026-05-10 17:00:00,1,0
RCT000006406,RC0020,U0005069,push,2026-05-27 19:00:00,1,0
RCT000006407,RC0008,U0006621,push,2026-06-25 15:00:00,1,0
RCT000006408,RC0012,U0008612,push,2026-03-02 15:00:00,1,0
RCT000006409,RC0003,U0000057,push,2026-02-15 20:00:00,1,1
RCT000006410,RC0012,U0003881,push,2026-03-01 19:00:00,1,0
RCT000006411,RC0021,U0002710,in_app,2026-04-16 11:00:00,1,1
RCT000006412,RC0005,U0005006,push,2026-08-02 20:00:00,1,0
RCT000006413,RC0013,U0005627,push,2026-02-14 20:00:00,1,0
RCT000006414,RC0009,U0011417,sms,2026-05-08 12:00:00,1,0
RCT000006415,RC0020,U0004272,push,2026-05-26 10:00:00,1,0
RCT000006416,RC0022,U0009745,in_app,2026-05-23 15:00:00,1,0
RCT000006417,RC0013,U0006521,push,2026-02-14 12:00:00,1,0
RCT000006418,RC0018,U0010001,push,2026-02-13 14:00:00,1,0
RCT000006419,RC0022,U0009455,in_app,2026-05-26 13:00:00,1,0
RCT000006420,RC0024,U0006507,push,2026-06-04 11:00:00,1,0
RCT000006421,RC0005,U0009513,push,2026-07-28 17:00:00,1,0
RCT000006422,RC0012,U0011844,push,2026-03-04 15:00:00,0,0
RCT000006423,RC0015,U0006390,push,2026-04-23 21:00:00,1,0
RCT000006424,RC0005,U0010899,push,2026-08-02 10:00:00,1,0
RCT000006425,RC0003,U0005737,push,2026-02-15 12:00:00,1,0
RCT000006426,RC0022,U0010765,in_app,2026-05-24 12:00:00,1,0
RCT000006427,RC0019,U0009735,sms,2026-06-26 17:00:00,1,0
RCT000006428,RC0006,U0005203,in_app,2026-02-18 14:00:00,1,0
RCT000006429,RC0006,U0007458,in_app,2026-02-16 16:00:00,0,0
RCT000006430,RC0015,U0003750,push,2026-04-24 15:00:00,1,0
RCT000006431,RC0016,U0007506,in_app,2026-02-20 18:00:00,1,0
RCT000006432,RC0004,U0003062,in_app,2026-02-05 17:00:00,1,0
RCT000006433,RC0022,U0001129,in_app,2026-05-24 09:00:00,1,0
RCT000006434,RC0017,U0011010,sms,2026-04-12 17:00:00,1,0
RCT000006435,RC0002,U0006884,push,2026-06-19 13:00:00,1,0
RCT000006436,RC0001,U0006893,push,2026-07-27 13:00:00,1,0
RCT000006437,RC0006,U0005569,in_app,2026-02-16 19:00:00,1,1
RCT000006438,RC0023,U0009627,sms,2026-05-31 12:00:00,1,0
RCT000006439,RC0021,U0007031,in_app,2026-04-15 11:00:00,1,0
RCT000006440,RC0024,U0011754,push,2026-06-09 18:00:00,1,0
RCT000006441,RC0020,U0009731,push,2026-05-27 17:00:00,1,1
RCT000006442,RC0019,U0009517,sms,2026-07-01 15:00:00,1,0
RCT000006443,RC0006,U0003770,in_app,2026-02-21 18:00:00,1,0
RCT000006444,RC0008,U0001108,push,2026-06-24 10:00:00,1,0
RCT000006445,RC0024,U0005613,push,2026-06-09 10:00:00,1,0
RCT000006446,RC0011,U0004089,sms,2026-07-13 21:00:00,1,0
RCT000006447,RC0024,U0007738,push,2026-06-10 11:00:00,1,0
RCT000006448,RC0023,U0008275,sms,2026-05-27 08:00:00,1,0
RCT000006449,RC0009,U0007774,sms,2026-05-06 21:00:00,1,0
RCT000006450,RC0001,U0010721,push,2026-07-30 11:00:00,1,0
RCT000006451,RC0016,U0011169,in_app,2026-02-21 14:00:00,1,0
RCT000006452,RC0016,U0010551,in_app,2026-02-25 21:00:00,1,0
RCT000006453,RC0012,U0000430,push,2026-03-01 17:00:00,1,0
RCT000006454,RC0015,U0006200,push,2026-04-27 18:00:00,1,0
RCT000006455,RC0022,U0005154,in_app,2026-05-22 10:00:00,1,1
RCT000006456,RC0014,U0004489,push,2026-03-24 10:00:00,1,1
RCT000006457,RC0004,U0002075,in_app,2026-02-04 08:00:00,1,0
RCT000006458,RC0015,U0006031,push,2026-04-21 15:00:00,1,0
RCT000006459,RC0010,U0008598,push,2026-03-16 11:00:00,1,0
RCT000006460,RC0023,U0008801,sms,2026-05-29 12:00:00,1,0
RCT000006461,RC0014,U0001540,push,2026-03-26 12:00:00,1,0
RCT000006462,RC0015,U0011077,push,2026-04-22 16:00:00,1,0
RCT000006463,RC0013,U0000549,push,2026-02-20 21:00:00,1,0
RCT000006464,RC0016,U0011836,in_app,2026-02-25 21:00:00,1,0
RCT000006465,RC0011,U0009544,sms,2026-07-14 19:00:00,1,0
RCT000006466,RC0015,U0011985,push,2026-04-24 14:00:00,0,0
RCT000006467,RC0011,U0011700,sms,2026-07-16 15:00:00,1,0
RCT000006468,RC0015,U0002008,push,2026-04-21 08:00:00,1,0
RCT000006469,RC0014,U0004449,push,2026-03-24 19:00:00,1,0
RCT000006470,RC0005,U0006432,push,2026-07-31 17:00:00,1,1
RCT000006471,RC0022,U0011843,in_app,2026-05-22 15:00:00,1,0
RCT000006472,RC0009,U0010353,sms,2026-05-06 12:00:00,1,0
RCT000006473,RC0007,U0001745,push,2026-06-26 10:00:00,1,0
RCT000006474,RC0003,U0001231,push,2026-02-12 20:00:00,1,0
RCT000006475,RC0004,U0003822,in_app,2026-02-05 21:00:00,1,0
RCT000006476,RC0021,U0006174,in_app,2026-04-18 18:00:00,1,1
RCT000006477,RC0010,U0011424,push,2026-03-17 12:00:00,1,0
RCT000006478,RC0023,U0000295,sms,2026-05-29 13:00:00,1,0
RCT000006479,RC0001,U0009028,push,2026-07-29 21:00:00,0,0
RCT000006480,RC0018,U0011879,push,2026-02-12 21:00:00,1,0
RCT000006481,RC0013,U0003343,push,2026-02-20 19:00:00,1,0
RCT000006482,RC0009,U0006156,sms,2026-05-11 20:00:00,1,0
RCT000006483,RC0019,U0007072,sms,2026-06-29 15:00:00,1,0
RCT000006484,RC0010,U0010571,push,2026-03-16 15:00:00,1,0
RCT000006485,RC0013,U0006292,push,2026-02-15 09:00:00,0,0
RCT000006486,RC0010,U0000943,push,2026-03-17 19:00:00,1,1
RCT000006487,RC0005,U0005737,push,2026-08-01 11:00:00,1,0
RCT000006488,RC0023,U0000101,sms,2026-05-29 13:00:00,1,0
RCT000006489,RC0020,U0008936,push,2026-05-29 17:00:00,1,0
RCT000006490,RC0022,U0005659,in_app,2026-05-27 18:00:00,1,0
RCT000006491,RC0008,U0001600,push,2026-06-25 19:00:00,1,1
RCT000006492,RC0001,U0002833,push,2026-07-30 13:00:00,1,0
RCT000006493,RC0006,U0007721,in_app,2026-02-18 18:00:00,1,0
RCT000006494,RC0018,U0005835,push,2026-02-12 15:00:00,1,0
RCT000006495,RC0012,U0002239,push,2026-02-28 13:00:00,1,0
RCT000006496,RC0023,U0011394,sms,2026-05-31 21:00:00,1,0
RCT000006497,RC0005,U0002457,push,2026-07-28 15:00:00,1,1
RCT000006498,RC0022,U0002947,in_app,2026-05-24 21:00:00,1,0
RCT000006499,RC0023,U0002868,sms,2026-05-31 16:00:00,1,0
RCT000006500,RC0018,U0006156,push,2026-02-08 17:00:00,1,0
RCT000006501,RC0001,U0007332,push,2026-07-26 19:00:00,1,0
RCT000006502,RC0018,U0009368,push,2026-02-11 19:00:00,1,0
RCT000006503,RC0019,U0003999,sms,2026-06-29 09:00:00,0,0
RCT000006504,RC0015,U0000305,push,2026-04-25 14:00:00,1,0
RCT000006505,RC0024,U0002576,push,2026-06-07 19:00:00,1,0
RCT000006506,RC0016,U0009050,in_app,2026-02-21 13:00:00,1,0
RCT000006507,RC0019,U0001194,sms,2026-06-30 16:00:00,1,0
RCT000006508,RC0004,U0005232,in_app,2026-02-05 13:00:00,1,0
RCT000006509,RC0006,U0001783,in_app,2026-02-19 14:00:00,1,0
RCT000006510,RC0002,U0007459,push,2026-06-18 12:00:00,1,0
RCT000006511,RC0023,U0005312,sms,2026-05-31 17:00:00,1,0
RCT000006512,RC0012,U0005801,push,2026-03-04 09:00:00,1,0
RCT000006513,RC0023,U0000735,sms,2026-05-31 18:00:00,1,1
RCT000006514,RC0011,U0007713,sms,2026-07-15 12:00:00,1,0
RCT000006515,RC0024,U0011412,push,2026-06-06 14:00:00,1,0
RCT000006516,RC0020,U0008360,push,2026-05-24 15:00:00,1,0
RCT000006517,RC0009,U0003010,sms,2026-05-12 13:00:00,1,0
RCT000006518,RC0012,U0002961,push,2026-03-02 14:00:00,1,0
RCT000006519,RC0016,U0001423,in_app,2026-02-25 10:00:00,1,0
RCT000006520,RC0024,U0009329,push,2026-06-05 13:00:00,1,0
RCT000006521,RC0012,U0002428,push,2026-03-03 09:00:00,1,0
RCT000006522,RC0016,U0004282,in_app,2026-02-21 15:00:00,1,0
RCT000006523,RC0014,U0010034,push,2026-03-26 21:00:00,1,0
RCT000006524,RC0006,U0011438,in_app,2026-02-15 12:00:00,1,0
RCT000006525,RC0024,U0001782,push,2026-06-04 14:00:00,1,1
RCT000006526,RC0019,U0006745,sms,2026-06-27 08:00:00,1,0
RCT000006527,RC0007,U0008238,push,2026-06-29 11:00:00,1,0
RCT000006528,RC0014,U0001906,push,2026-03-26 11:00:00,1,0
RCT000006529,RC0015,U0006407,push,2026-04-24 18:00:00,1,0
RCT000006530,RC0020,U0004035,push,2026-05-24 09:00:00,1,0
RCT000006531,RC0012,U0008946,push,2026-02-27 10:00:00,1,1
RCT000006532,RC0008,U0010583,push,2026-06-23 11:00:00,0,0
RCT000006533,RC0005,U0004400,push,2026-07-28 11:00:00,1,1
RCT000006534,RC0014,U0005031,push,2026-03-26 09:00:00,1,0
RCT000006535,RC0008,U0005774,push,2026-06-24 20:00:00,1,0
RCT000006536,RC0015,U0001253,push,2026-04-21 10:00:00,1,0
RCT000006537,RC0013,U0001243,push,2026-02-20 21:00:00,1,0
RCT000006538,RC0006,U0001857,in_app,2026-02-15 08:00:00,1,0
RCT000006539,RC0023,U0011091,sms,2026-05-29 17:00:00,1,0
RCT000006540,RC0009,U0001981,sms,2026-05-06 12:00:00,1,0
RCT000006541,RC0005,U0005223,push,2026-07-29 12:00:00,0,0
RCT000006542,RC0006,U0010202,in_app,2026-02-15 09:00:00,1,0
RCT000006543,RC0009,U0000389,sms,2026-05-12 15:00:00,1,0
RCT000006544,RC0008,U0006824,push,2026-06-26 14:00:00,1,0
RCT000006545,RC0005,U0008524,push,2026-08-02 21:00:00,1,1
RCT000006546,RC0024,U0005387,push,2026-06-09 14:00:00,1,0
RCT000006547,RC0020,U0007375,push,2026-05-29 08:00:00,0,0
RCT000006548,RC0005,U0010509,push,2026-08-03 14:00:00,1,1
RCT000006549,RC0018,U0006932,push,2026-02-10 19:00:00,1,0
RCT000006550,RC0005,U0002949,push,2026-07-31 21:00:00,1,1
RCT000006551,RC0016,U0000695,in_app,2026-02-24 13:00:00,1,1
RCT000006552,RC0013,U0009911,push,2026-02-14 17:00:00,1,1
RCT000006553,RC0010,U0003367,push,2026-03-12 12:00:00,1,0
RCT000006554,RC0018,U0001469,push,2026-02-11 18:00:00,1,0
RCT000006555,RC0012,U0004268,push,2026-03-02 21:00:00,0,0
RCT000006556,RC0008,U0002309,push,2026-06-24 10:00:00,1,1
RCT000006557,RC0001,U0008790,push,2026-07-26 21:00:00,1,0
RCT000006558,RC0013,U0006766,push,2026-02-14 10:00:00,1,0
RCT000006559,RC0011,U0006815,sms,2026-07-13 16:00:00,1,0
RCT000006560,RC0022,U0009583,in_app,2026-05-25 16:00:00,1,0
RCT000006561,RC0021,U0001670,in_app,2026-04-20 12:00:00,1,0
RCT000006562,RC0009,U0004738,sms,2026-05-07 10:00:00,1,0
RCT000006563,RC0016,U0006327,in_app,2026-02-23 14:00:00,1,0
RCT000006564,RC0001,U0003267,push,2026-07-28 21:00:00,1,0
RCT000006565,RC0010,U0000223,push,2026-03-13 16:00:00,1,0
RCT000006566,RC0004,U0002987,in_app,2026-01-31 21:00:00,1,0
RCT000006567,RC0020,U0002505,push,2026-05-28 14:00:00,1,0
RCT000006568,RC0019,U0005430,sms,2026-06-27 18:00:00,1,0
RCT000006569,RC0003,U0011651,push,2026-02-13 15:00:00,1,0
RCT000006570,RC0013,U0009851,push,2026-02-15 13:00:00,1,0
RCT000006571,RC0020,U0009635,push,2026-05-30 16:00:00,1,0
RCT000006572,RC0004,U0003460,in_app,2026-02-05 08:00:00,1,0
RCT000006573,RC0020,U0010701,push,2026-05-26 16:00:00,1,0
RCT000006574,RC0016,U0003672,in_app,2026-02-26 20:00:00,1,0
RCT000006575,RC0006,U0003309,in_app,2026-02-15 21:00:00,1,0
RCT000006576,RC0023,U0006464,sms,2026-06-02 10:00:00,1,0
RCT000006577,RC0002,U0004655,push,2026-06-13 21:00:00,1,0
RCT000006578,RC0015,U0008585,push,2026-04-24 17:00:00,1,0
RCT000006579,RC0001,U0011987,push,2026-07-26 13:00:00,1,0
RCT000006580,RC0014,U0011139,push,2026-03-21 15:00:00,1,0
RCT000006581,RC0007,U0011681,push,2026-06-28 13:00:00,1,0
RCT000006582,RC0016,U0004247,in_app,2026-02-20 10:00:00,1,0
RCT000006583,RC0017,U0000195,sms,2026-04-09 12:00:00,1,0
RCT000006584,RC0005,U0005814,push,2026-07-29 13:00:00,1,0
RCT000006585,RC0014,U0008182,push,2026-03-22 17:00:00,1,0
RCT000006586,RC0022,U0007420,in_app,2026-05-25 08:00:00,1,0
RCT000006587,RC0009,U0003892,sms,2026-05-09 20:00:00,1,0
RCT000006588,RC0012,U0005278,push,2026-03-04 15:00:00,1,0
RCT000006589,RC0011,U0011756,sms,2026-07-14 13:00:00,1,0
RCT000006590,RC0018,U0010450,push,2026-02-13 14:00:00,1,1
RCT000006591,RC0019,U0010773,sms,2026-06-25 13:00:00,1,0
RCT000006592,RC0024,U0007834,push,2026-06-09 08:00:00,1,1
RCT000006593,RC0010,U0007591,push,2026-03-14 09:00:00,1,0
RCT000006594,RC0001,U0003979,push,2026-07-28 13:00:00,1,0
RCT000006595,RC0020,U0010582,push,2026-05-26 17:00:00,1,0
RCT000006596,RC0008,U0000278,push,2026-06-21 21:00:00,1,0
RCT000006597,RC0006,U0004774,in_app,2026-02-20 09:00:00,1,0
RCT000006598,RC0023,U0005283,sms,2026-06-02 11:00:00,1,1
RCT000006599,RC0014,U0010520,push,2026-03-27 15:00:00,0,0
RCT000006600,RC0023,U0010332,sms,2026-06-01 21:00:00,1,0
RCT000006601,RC0014,U0001677,push,2026-03-23 10:00:00,1,1
RCT000006602,RC0017,U0003688,sms,2026-04-09 21:00:00,1,0
RCT000006603,RC0013,U0001540,push,2026-02-16 16:00:00,1,0
RCT000006604,RC0014,U0006009,push,2026-03-25 17:00:00,1,1
RCT000006605,RC0010,U0009791,push,2026-03-15 15:00:00,1,0
RCT000006606,RC0014,U0003100,push,2026-03-24 14:00:00,1,1
RCT000006607,RC0011,U0004709,sms,2026-07-16 09:00:00,1,0
RCT000006608,RC0013,U0002938,push,2026-02-17 15:00:00,0,0
RCT000006609,RC0017,U0000735,sms,2026-04-14 12:00:00,1,0
RCT000006610,RC0012,U0011830,push,2026-03-05 20:00:00,1,0
RCT000006611,RC0002,U0010512,push,2026-06-19 14:00:00,0,0
RCT000006612,RC0023,U0003814,sms,2026-06-01 09:00:00,1,0
RCT000006613,RC0005,U0001223,push,2026-07-29 21:00:00,1,0
RCT000006614,RC0018,U0006237,push,2026-02-12 11:00:00,1,0
RCT000006615,RC0004,U0008964,in_app,2026-02-06 15:00:00,1,0
RCT000006616,RC0002,U0010273,push,2026-06-15 18:00:00,1,0
RCT000006617,RC0002,U0005498,push,2026-06-15 08:00:00,1,0
RCT000006618,RC0014,U0010007,push,2026-03-22 18:00:00,1,0
RCT000006619,RC0004,U0001667,in_app,2026-02-05 15:00:00,1,1
RCT000006620,RC0002,U0011733,push,2026-06-15 12:00:00,1,0
RCT000006621,RC0001,U0010093,push,2026-08-01 17:00:00,1,0
RCT000006622,RC0023,U0007882,sms,2026-06-01 12:00:00,1,0
RCT000006623,RC0006,U0005356,in_app,2026-02-17 10:00:00,1,0
RCT000006624,RC0017,U0008456,sms,2026-04-08 15:00:00,1,0
RCT000006625,RC0019,U0000849,sms,2026-06-30 13:00:00,1,0
RCT000006626,RC0005,U0011509,push,2026-08-01 10:00:00,1,1
RCT000006627,RC0008,U0010765,push,2026-06-23 17:00:00,1,1
RCT000006628,RC0011,U0005170,sms,2026-07-15 16:00:00,1,0
RCT000006629,RC0024,U0001895,push,2026-06-05 12:00:00,1,0
RCT000006630,RC0020,U0005323,push,2026-05-28 14:00:00,1,1
RCT000006631,RC0022,U0001495,in_app,2026-05-25 21:00:00,1,0
RCT000006632,RC0008,U0009228,push,2026-06-23 16:00:00,1,1
RCT000006633,RC0018,U0006598,push,2026-02-09 08:00:00,1,1
RCT000006634,RC0006,U0001816,in_app,2026-02-21 16:00:00,0,0
RCT000006635,RC0010,U0005491,push,2026-03-12 08:00:00,1,0
RCT000006636,RC0023,U0008999,sms,2026-06-02 14:00:00,1,0
RCT000006637,RC0009,U0007592,sms,2026-05-08 16:00:00,1,0
RCT000006638,RC0015,U0004528,push,2026-04-25 18:00:00,1,0
RCT000006639,RC0016,U0000795,in_app,2026-02-23 08:00:00,1,0
RCT000006640,RC0023,U0000203,sms,2026-05-29 13:00:00,1,0
RCT000006641,RC0012,U0004629,push,2026-03-05 15:00:00,1,1
RCT000006642,RC0021,U0010294,in_app,2026-04-19 11:00:00,0,0
RCT000006643,RC0022,U0001052,in_app,2026-05-22 15:00:00,1,1
RCT000006644,RC0019,U0000641,sms,2026-06-29 15:00:00,0,0
RCT000006645,RC0014,U0006996,push,2026-03-23 14:00:00,1,0
RCT000006646,RC0022,U0008251,in_app,2026-05-25 13:00:00,1,1
RCT000006647,RC0024,U0006014,push,2026-06-09 15:00:00,1,0
RCT000006648,RC0016,U0002349,in_app,2026-02-22 10:00:00,1,0
RCT000006649,RC0023,U0009760,sms,2026-06-01 14:00:00,1,0
RCT000006650,RC0023,U0007427,sms,2026-05-29 15:00:00,0,0
RCT000006651,RC0010,U0005048,push,2026-03-18 21:00:00,1,1
RCT000006652,RC0018,U0008417,push,2026-02-08 09:00:00,1,0
RCT000006653,RC0004,U0006731,in_app,2026-02-05 21:00:00,0,0
RCT000006654,RC0016,U0001262,in_app,2026-02-21 15:00:00,1,0
RCT000006655,RC0010,U0009933,push,2026-03-12 21:00:00,0,0
RCT000006656,RC0013,U0010193,push,2026-02-18 10:00:00,1,0
RCT000006657,RC0016,U0008122,in_app,2026-02-25 16:00:00,1,0
RCT000006658,RC0006,U0010506,in_app,2026-02-19 13:00:00,1,0
RCT000006659,RC0014,U0005785,push,2026-03-22 13:00:00,1,1
RCT000006660,RC0013,U0005511,push,2026-02-15 10:00:00,1,0
RCT000006661,RC0003,U0003698,push,2026-02-13 09:00:00,1,0
RCT000006662,RC0016,U0004820,in_app,2026-02-22 21:00:00,1,0
RCT000006663,RC0012,U0011085,push,2026-03-05 11:00:00,1,0
RCT000006664,RC0001,U0003736,push,2026-07-27 10:00:00,1,0
RCT000006665,RC0024,U0008781,push,2026-06-08 08:00:00,1,0
RCT000006666,RC0023,U0009111,sms,2026-06-02 12:00:00,1,0
RCT000006667,RC0018,U0003940,push,2026-02-13 15:00:00,1,0
RCT000006668,RC0004,U0006875,in_app,2026-02-06 09:00:00,1,0
RCT000006669,RC0014,U0006127,push,2026-03-26 13:00:00,1,1
RCT000006670,RC0021,U0008332,in_app,2026-04-19 21:00:00,1,0
RCT000006671,RC0011,U0005564,sms,2026-07-15 16:00:00,1,0
RCT000006672,RC0019,U0010460,sms,2026-06-29 12:00:00,0,0
RCT000006673,RC0013,U0010703,push,2026-02-20 12:00:00,1,0
RCT000006674,RC0005,U0011310,push,2026-08-01 18:00:00,1,0
RCT000006675,RC0009,U0005086,sms,2026-05-09 13:00:00,1,0
RCT000006676,RC0001,U0000500,push,2026-07-29 20:00:00,1,0
RCT000006677,RC0011,U0000188,sms,2026-07-10 19:00:00,1,0
RCT000006678,RC0011,U0002064,sms,2026-07-12 19:00:00,1,0
RCT000006679,RC0014,U0007058,push,2026-03-24 21:00:00,1,0
RCT000006680,RC0019,U0008251,sms,2026-06-26 15:00:00,1,0
RCT000006681,RC0010,U0008115,push,2026-03-14 08:00:00,1,0
RCT000006682,RC0021,U0002664,in_app,2026-04-15 15:00:00,1,0
RCT000006683,RC0015,U0004532,push,2026-04-26 18:00:00,1,0
RCT000006684,RC0004,U0009953,in_app,2026-02-05 16:00:00,1,1
RCT000006685,RC0013,U0004525,push,2026-02-20 09:00:00,1,1
RCT000006686,RC0004,U0009803,in_app,2026-02-06 08:00:00,1,0
RCT000006687,RC0008,U0001482,push,2026-06-23 15:00:00,1,0
RCT000006688,RC0022,U0001522,in_app,2026-05-21 19:00:00,1,0
RCT000006689,RC0012,U0001755,push,2026-03-01 19:00:00,1,0
RCT000006690,RC0004,U0008140,in_app,2026-02-04 21:00:00,1,0
RCT000006691,RC0022,U0007664,in_app,2026-05-21 20:00:00,1,0
RCT000006692,RC0001,U0009455,push,2026-07-28 13:00:00,1,1
RCT000006693,RC0001,U0003424,push,2026-08-01 13:00:00,1,0
RCT000006694,RC0013,U0002838,push,2026-02-15 11:00:00,1,0
RCT000006695,RC0013,U0010123,push,2026-02-19 18:00:00,1,0
RCT000006696,RC0004,U0003009,in_app,2026-01-31 10:00:00,1,0
RCT000006697,RC0001,U0010522,push,2026-07-28 19:00:00,1,1
RCT000006698,RC0005,U0008831,push,2026-08-02 08:00:00,1,0
RCT000006699,RC0017,U0004260,sms,2026-04-11 11:00:00,1,0
RCT000006700,RC0023,U0005336,sms,2026-05-31 19:00:00,1,0
RCT000006701,RC0001,U0007138,push,2026-07-29 13:00:00,1,0
RCT000006702,RC0003,U0009592,push,2026-02-16 19:00:00,1,0
RCT000006703,RC0005,U0009049,push,2026-07-29 10:00:00,1,0
RCT000006704,RC0008,U0004322,push,2026-06-25 08:00:00,1,1
RCT000006705,RC0005,U0010752,push,2026-07-29 13:00:00,1,0
RCT000006706,RC0005,U0003290,push,2026-07-30 12:00:00,1,0
RCT000006707,RC0019,U0010294,sms,2026-06-28 19:00:00,1,1
RCT000006708,RC0021,U0007537,in_app,2026-04-20 13:00:00,1,0
RCT000006709,RC0013,U0009426,push,2026-02-14 19:00:00,1,0
RCT000006710,RC0005,U0008002,push,2026-07-31 21:00:00,1,0
RCT000006711,RC0024,U0009193,push,2026-06-05 08:00:00,1,0
RCT000006712,RC0006,U0006108,in_app,2026-02-19 18:00:00,1,1
RCT000006713,RC0003,U0001586,push,2026-02-13 20:00:00,1,1
RCT000006714,RC0015,U0000393,push,2026-04-24 17:00:00,0,0
RCT000006715,RC0012,U0009661,push,2026-02-27 09:00:00,1,0
RCT000006716,RC0023,U0008789,sms,2026-05-31 12:00:00,1,0
RCT000006717,RC0004,U0000189,in_app,2026-01-31 10:00:00,1,0
RCT000006718,RC0002,U0000737,push,2026-06-18 21:00:00,1,0
RCT000006719,RC0018,U0004702,push,2026-02-11 18:00:00,1,0
RCT000006720,RC0002,U0002175,push,2026-06-17 14:00:00,1,0
RCT000006721,RC0009,U0002971,sms,2026-05-07 21:00:00,1,0
RCT000006722,RC0002,U0003475,push,2026-06-14 20:00:00,1,0
RCT000006723,RC0016,U0004997,in_app,2026-02-25 15:00:00,1,0
RCT000006724,RC0020,U0010388,push,2026-05-26 20:00:00,1,0
RCT000006725,RC0008,U0002233,push,2026-06-25 17:00:00,1,1
RCT000006726,RC0019,U0004619,sms,2026-06-29 17:00:00,0,0
RCT000006727,RC0001,U0005304,push,2026-07-30 13:00:00,1,0
RCT000006728,RC0002,U0011548,push,2026-06-19 21:00:00,1,0
RCT000006729,RC0013,U0009627,push,2026-02-18 16:00:00,1,0
RCT000006730,RC0018,U0005859,push,2026-02-11 09:00:00,1,0
RCT000006731,RC0005,U0005264,push,2026-07-29 10:00:00,1,1
RCT000006732,RC0010,U0005193,push,2026-03-16 13:00:00,1,0
RCT000006733,RC0005,U0009518,push,2026-07-29 18:00:00,1,0
RCT000006734,RC0006,U0000446,in_app,2026-02-20 08:00:00,1,0
RCT000006735,RC0003,U0008340,push,2026-02-14 17:00:00,1,0
RCT000006736,RC0008,U0010494,push,2026-06-27 09:00:00,1,0
RCT000006737,RC0021,U0000129,in_app,2026-04-19 21:00:00,1,0
RCT000006738,RC0002,U0006751,push,2026-06-18 08:00:00,1,0
RCT000006739,RC0024,U0009952,push,2026-06-07 13:00:00,1,0
RCT000006740,RC0008,U0001322,push,2026-06-23 14:00:00,1,0
RCT000006741,RC0001,U0007315,push,2026-07-27 10:00:00,1,0
RCT000006742,RC0019,U0001204,sms,2026-06-26 19:00:00,0,0
RCT000006743,RC0004,U0008317,in_app,2026-02-02 12:00:00,1,0
RCT000006744,RC0014,U0009746,push,2026-03-22 14:00:00,1,0
RCT000006745,RC0005,U0001862,push,2026-07-31 16:00:00,1,0
RCT000006746,RC0023,U0011129,sms,2026-05-29 11:00:00,1,0
RCT000006747,RC0022,U0004715,in_app,2026-05-25 11:00:00,1,0
RCT000006748,RC0002,U0005785,push,2026-06-15 16:00:00,1,0
RCT000006749,RC0020,U0009017,push,2026-05-25 08:00:00,1,1
RCT000006750,RC0001,U0004135,push,2026-07-30 12:00:00,0,0
RCT000006751,RC0023,U0011206,sms,2026-05-27 13:00:00,1,0
RCT000006752,RC0023,U0003641,sms,2026-06-02 11:00:00,1,0
RCT000006753,RC0016,U0005438,in_app,2026-02-20 11:00:00,1,0
RCT000006754,RC0015,U0005752,push,2026-04-25 14:00:00,1,0
RCT000006755,RC0003,U0001439,push,2026-02-15 16:00:00,0,0
RCT000006756,RC0022,U0008092,in_app,2026-05-24 18:00:00,1,1
RCT000006757,RC0013,U0011925,push,2026-02-14 19:00:00,1,0
RCT000006758,RC0020,U0000028,push,2026-05-28 11:00:00,1,0
RCT000006759,RC0017,U0010225,sms,2026-04-11 19:00:00,1,0
RCT000006760,RC0013,U0005627,push,2026-02-20 13:00:00,1,1
RCT000006761,RC0009,U0007339,sms,2026-05-09 09:00:00,1,0
RCT000006762,RC0015,U0006134,push,2026-04-21 12:00:00,1,0
RCT000006763,RC0012,U0008508,push,2026-03-05 13:00:00,1,0
RCT000006764,RC0024,U0008770,push,2026-06-05 19:00:00,1,0
RCT000006765,RC0014,U0009931,push,2026-03-24 10:00:00,1,0
RCT000006766,RC0012,U0002612,push,2026-02-27 20:00:00,1,0
RCT000006767,RC0014,U0003248,push,2026-03-23 13:00:00,1,1
RCT000006768,RC0015,U0011197,push,2026-04-26 09:00:00,1,1
RCT000006769,RC0018,U0005287,push,2026-02-09 08:00:00,1,0
RCT000006770,RC0011,U0003696,sms,2026-07-13 13:00:00,1,0
RCT000006771,RC0019,U0009656,sms,2026-06-26 15:00:00,1,0
RCT000006772,RC0007,U0001666,push,2026-06-24 16:00:00,1,1
RCT000006773,RC0015,U0002898,push,2026-04-24 17:00:00,1,1
RCT000006774,RC0002,U0003428,push,2026-06-16 18:00:00,0,0
RCT000006775,RC0010,U0002444,push,2026-03-17 10:00:00,0,0
RCT000006776,RC0024,U0000201,push,2026-06-06 11:00:00,1,0
RCT000006777,RC0005,U0001569,push,2026-07-28 10:00:00,1,1
RCT000006778,RC0010,U0000719,push,2026-03-15 21:00:00,1,0
RCT000006779,RC0007,U0006852,push,2026-06-29 13:00:00,1,0
RCT000006780,RC0020,U0001295,push,2026-05-24 10:00:00,1,0
RCT000006781,RC0018,U0010377,push,2026-02-08 15:00:00,1,0
RCT000006782,RC0019,U0011578,sms,2026-07-01 13:00:00,1,0
RCT000006783,RC0023,U0003330,sms,2026-05-29 19:00:00,1,0
RCT000006784,RC0018,U0010688,push,2026-02-13 20:00:00,1,0
RCT000006785,RC0013,U0000849,push,2026-02-15 11:00:00,1,0
RCT000006786,RC0021,U0008664,in_app,2026-04-19 08:00:00,1,0
RCT000006787,RC0015,U0007395,push,2026-04-24 12:00:00,1,0
RCT000006788,RC0008,U0007059,push,2026-06-22 19:00:00,1,0
RCT000006789,RC0006,U0009044,in_app,2026-02-17 14:00:00,1,0
RCT000006790,RC0015,U0004001,push,2026-04-25 15:00:00,1,1
RCT000006791,RC0014,U0004618,push,2026-03-27 09:00:00,1,0
RCT000006792,RC0021,U0009946,in_app,2026-04-17 11:00:00,1,0
RCT000006793,RC0023,U0002154,sms,2026-05-31 20:00:00,1,0
RCT000006794,RC0013,U0011396,push,2026-02-15 10:00:00,1,0
RCT000006795,RC0017,U0006344,sms,2026-04-08 19:00:00,1,0
RCT000006796,RC0007,U0005977,push,2026-06-24 18:00:00,1,0
RCT000006797,RC0011,U0009035,sms,2026-07-14 09:00:00,1,0
RCT000006798,RC0017,U0001918,sms,2026-04-13 09:00:00,1,0
RCT000006799,RC0008,U0006964,push,2026-06-24 16:00:00,1,0
RCT000006800,RC0013,U0007553,push,2026-02-18 21:00:00,1,1
RCT000006801,RC0002,U0006545,push,2026-06-16 15:00:00,1,0
RCT000006802,RC0023,U0005845,sms,2026-05-31 09:00:00,1,0
RCT000006803,RC0010,U0005579,push,2026-03-15 21:00:00,1,0
RCT000006804,RC0020,U0011477,push,2026-05-24 21:00:00,1,1
RCT000006805,RC0019,U0007470,sms,2026-06-27 15:00:00,1,0
RCT000006806,RC0014,U0009523,push,2026-03-23 14:00:00,1,0
RCT000006807,RC0002,U0004467,push,2026-06-18 11:00:00,1,1
RCT000006808,RC0018,U0006190,push,2026-02-13 18:00:00,1,0
RCT000006809,RC0006,U0011016,in_app,2026-02-17 13:00:00,1,0
RCT000006810,RC0015,U0001802,push,2026-04-26 16:00:00,1,0
RCT000006811,RC0002,U0000679,push,2026-06-18 09:00:00,1,0
RCT000006812,RC0020,U0010263,push,2026-05-26 14:00:00,1,0
RCT000006813,RC0010,U0003384,push,2026-03-15 17:00:00,1,0
RCT000006814,RC0024,U0006332,push,2026-06-06 19:00:00,1,0
RCT000006815,RC0008,U0000176,push,2026-06-26 21:00:00,1,0
RCT000006816,RC0006,U0008000,in_app,2026-02-18 20:00:00,1,1
RCT000006817,RC0006,U0007492,in_app,2026-02-19 17:00:00,1,0
RCT000006818,RC0014,U0002495,push,2026-03-24 17:00:00,1,0
RCT000006819,RC0014,U0011951,push,2026-03-22 14:00:00,1,0
RCT000006820,RC0010,U0007031,push,2026-03-12 21:00:00,1,0
RCT000006821,RC0009,U0011124,sms,2026-05-08 10:00:00,1,0
RCT000006822,RC0023,U0007708,sms,2026-05-29 14:00:00,1,0
RCT000006823,RC0004,U0007238,in_app,2026-02-04 21:00:00,1,0
RCT000006824,RC0015,U0001163,push,2026-04-22 15:00:00,1,0
RCT000006825,RC0022,U0002265,in_app,2026-05-22 10:00:00,1,0
RCT000006826,RC0001,U0001515,push,2026-07-26 08:00:00,1,0
RCT000006827,RC0006,U0007508,in_app,2026-02-15 17:00:00,1,1
RCT000006828,RC0014,U0000855,push,2026-03-24 18:00:00,1,0
RCT000006829,RC0017,U0006360,sms,2026-04-08 21:00:00,1,0
RCT000006830,RC0005,U0009765,push,2026-08-02 18:00:00,1,0
RCT000006831,RC0014,U0009899,push,2026-03-24 17:00:00,1,0
RCT000006832,RC0001,U0001966,push,2026-07-28 18:00:00,0,0
RCT000006833,RC0012,U0003112,push,2026-03-04 11:00:00,1,0
RCT000006834,RC0006,U0008369,in_app,2026-02-18 10:00:00,1,0
RCT000006835,RC0023,U0011538,sms,2026-05-29 17:00:00,1,0
RCT000006836,RC0012,U0005331,push,2026-02-28 16:00:00,1,0
RCT000006837,RC0005,U0007604,push,2026-08-03 09:00:00,1,0
RCT000006838,RC0020,U0005682,push,2026-05-26 11:00:00,1,0
RCT000006839,RC0012,U0003190,push,2026-03-01 16:00:00,1,0
RCT000006840,RC0001,U0005579,push,2026-07-26 11:00:00,1,0
RCT000006841,RC0010,U0002516,push,2026-03-13 16:00:00,1,0
RCT000006842,RC0013,U0002940,push,2026-02-16 10:00:00,1,0
RCT000006843,RC0022,U0002829,in_app,2026-05-22 16:00:00,1,0
RCT000006844,RC0020,U0010621,push,2026-05-24 08:00:00,1,0
RCT000006845,RC0001,U0002517,push,2026-07-27 19:00:00,1,1
RCT000006846,RC0014,U0006019,push,2026-03-24 20:00:00,1,0
RCT000006847,RC0017,U0002651,sms,2026-04-14 20:00:00,1,0
RCT000006848,RC0019,U0009509,sms,2026-06-26 14:00:00,1,1
RCT000006849,RC0014,U0008749,push,2026-03-26 15:00:00,1,1
RCT000006850,RC0022,U0005917,in_app,2026-05-23 10:00:00,1,0
RCT000006851,RC0015,U0006016,push,2026-04-25 20:00:00,1,0
RCT000006852,RC0017,U0004116,sms,2026-04-11 21:00:00,1,1
RCT000006853,RC0007,U0001714,push,2026-06-24 15:00:00,1,0
RCT000006854,RC0020,U0008837,push,2026-05-24 15:00:00,1,0
RCT000006855,RC0013,U0007488,push,2026-02-19 21:00:00,1,0
RCT000006856,RC0014,U0011021,push,2026-03-25 16:00:00,1,0
RCT000006857,RC0016,U0001605,in_app,2026-02-24 13:00:00,1,0
RCT000006858,RC0023,U0008634,sms,2026-05-30 15:00:00,1,0
RCT000006859,RC0024,U0009699,push,2026-06-04 14:00:00,1,0
RCT000006860,RC0019,U0005949,sms,2026-06-26 15:00:00,1,0
RCT000006861,RC0008,U0007083,push,2026-06-27 17:00:00,1,0
RCT000006862,RC0005,U0004674,push,2026-08-01 18:00:00,1,1
RCT000006863,RC0002,U0006795,push,2026-06-16 13:00:00,1,0
RCT000006864,RC0004,U0005149,in_app,2026-01-31 14:00:00,1,0
RCT000006865,RC0017,U0002875,sms,2026-04-11 14:00:00,1,0
RCT000006866,RC0024,U0009057,push,2026-06-04 09:00:00,1,0
RCT000006867,RC0018,U0009621,push,2026-02-09 10:00:00,1,0
RCT000006868,RC0006,U0009000,in_app,2026-02-19 11:00:00,1,1
RCT000006869,RC0011,U0009966,sms,2026-07-11 12:00:00,1,1
RCT000006870,RC0017,U0001995,sms,2026-04-08 18:00:00,1,1
RCT000006871,RC0016,U0009439,in_app,2026-02-23 19:00:00,1,0
RCT000006872,RC0018,U0007615,push,2026-02-08 12:00:00,1,0
RCT000006873,RC0010,U0005220,push,2026-03-15 14:00:00,1,0
RCT000006874,RC0016,U0000656,in_app,2026-02-23 10:00:00,1,0
RCT000006875,RC0007,U0001397,push,2026-06-24 09:00:00,1,0
RCT000006876,RC0019,U0007004,sms,2026-06-28 15:00:00,1,0
RCT000006877,RC0008,U0008295,push,2026-06-26 21:00:00,1,0
RCT000006878,RC0006,U0009649,in_app,2026-02-15 14:00:00,1,0
RCT000006879,RC0021,U0008311,in_app,2026-04-16 16:00:00,1,0
RCT000006880,RC0002,U0011863,push,2026-06-19 12:00:00,1,0
RCT000006881,RC0003,U0009614,push,2026-02-12 20:00:00,1,0
RCT000006882,RC0008,U0002721,push,2026-06-23 14:00:00,1,0
RCT000006883,RC0016,U0010393,in_app,2026-02-20 09:00:00,1,0
RCT000006884,RC0006,U0004812,in_app,2026-02-20 17:00:00,1,0
RCT000006885,RC0022,U0007272,in_app,2026-05-21 15:00:00,1,0
RCT000006886,RC0021,U0010852,in_app,2026-04-14 21:00:00,1,0
RCT000006887,RC0001,U0011123,push,2026-07-27 08:00:00,1,0
RCT000006888,RC0002,U0003836,push,2026-06-15 18:00:00,1,0
RCT000006889,RC0021,U0007041,in_app,2026-04-18 10:00:00,1,1
RCT000006890,RC0010,U0004652,push,2026-03-17 10:00:00,1,0
RCT000006891,RC0024,U0011144,push,2026-06-06 14:00:00,1,0
RCT000006892,RC0004,U0003040,in_app,2026-01-31 19:00:00,1,0
RCT000006893,RC0001,U0010474,push,2026-07-29 09:00:00,1,1
RCT000006894,RC0016,U0005049,in_app,2026-02-25 19:00:00,1,0
RCT000006895,RC0004,U0005682,in_app,2026-02-06 08:00:00,1,0
RCT000006896,RC0009,U0009285,sms,2026-05-12 10:00:00,1,0
RCT000006897,RC0018,U0004272,push,2026-02-11 15:00:00,1,0
RCT000006898,RC0007,U0004593,push,2026-06-29 18:00:00,1,0
RCT000006899,RC0008,U0003780,push,2026-06-26 09:00:00,1,0
RCT000006900,RC0004,U0011640,in_app,2026-02-01 18:00:00,1,0
RCT000006901,RC0012,U0002067,push,2026-02-27 08:00:00,1,0
RCT000006902,RC0002,U0002282,push,2026-06-17 09:00:00,1,0
RCT000006903,RC0006,U0009878,in_app,2026-02-21 19:00:00,1,0
RCT000006904,RC0007,U0000857,push,2026-06-27 20:00:00,1,0
RCT000006905,RC0003,U0003262,push,2026-02-14 12:00:00,1,0
RCT000006906,RC0024,U0003276,push,2026-06-09 13:00:00,1,1
RCT000006907,RC0008,U0004638,push,2026-06-23 12:00:00,1,0
RCT000006908,RC0011,U0004324,sms,2026-07-11 13:00:00,1,0
RCT000006909,RC0005,U0002767,push,2026-08-02 14:00:00,1,0
RCT000006910,RC0011,U0000248,sms,2026-07-16 13:00:00,1,0
RCT000006911,RC0019,U0005000,sms,2026-06-29 17:00:00,1,0
RCT000006912,RC0020,U0000545,push,2026-05-30 21:00:00,1,0
RCT000006913,RC0001,U0010625,push,2026-07-31 19:00:00,1,0
RCT000006914,RC0001,U0002059,push,2026-07-29 09:00:00,1,0
RCT000006915,RC0002,U0007659,push,2026-06-15 16:00:00,1,0
RCT000006916,RC0014,U0004467,push,2026-03-27 21:00:00,1,0
RCT000006917,RC0003,U0000345,push,2026-02-12 15:00:00,1,0
RCT000006918,RC0001,U0007027,push,2026-07-30 16:00:00,1,0
RCT000006919,RC0006,U0003707,in_app,2026-02-15 15:00:00,1,0
RCT000006920,RC0023,U0004505,sms,2026-05-28 21:00:00,1,1
RCT000006921,RC0008,U0008710,push,2026-06-21 19:00:00,1,0
RCT000006922,RC0009,U0003367,sms,2026-05-11 17:00:00,1,0
RCT000006923,RC0010,U0008859,push,2026-03-15 15:00:00,1,0
RCT000006924,RC0024,U0010710,push,2026-06-05 20:00:00,1,1
RCT000006925,RC0005,U0003810,push,2026-08-02 18:00:00,1,0
RCT000006926,RC0019,U0005873,sms,2026-06-26 10:00:00,1,0
RCT000006927,RC0022,U0011384,in_app,2026-05-21 11:00:00,1,0
RCT000006928,RC0018,U0007660,push,2026-02-12 15:00:00,1,0
RCT000006929,RC0009,U0007836,sms,2026-05-09 16:00:00,1,0
RCT000006930,RC0022,U0003555,in_app,2026-05-25 15:00:00,1,1
RCT000006931,RC0021,U0004596,in_app,2026-04-19 08:00:00,1,0
RCT000006932,RC0004,U0005881,in_app,2026-02-03 13:00:00,1,0
RCT000006933,RC0004,U0008617,in_app,2026-02-05 15:00:00,1,0
RCT000006934,RC0004,U0011092,in_app,2026-02-02 09:00:00,1,0
RCT000006935,RC0013,U0009071,push,2026-02-16 15:00:00,1,0
RCT000006936,RC0003,U0011782,push,2026-02-13 13:00:00,1,0
RCT000006937,RC0005,U0008300,push,2026-07-30 11:00:00,1,0
RCT000006938,RC0017,U0008926,sms,2026-04-14 16:00:00,1,1
RCT000006939,RC0006,U0000969,in_app,2026-02-20 16:00:00,1,0
RCT000006940,RC0016,U0002492,in_app,2026-02-25 10:00:00,1,0
RCT000006941,RC0021,U0008418,in_app,2026-04-15 16:00:00,0,0
RCT000006942,RC0013,U0007144,push,2026-02-20 14:00:00,1,1
RCT000006943,RC0005,U0003391,push,2026-07-30 14:00:00,1,1
RCT000006944,RC0016,U0010946,in_app,2026-02-20 11:00:00,1,0
RCT000006945,RC0019,U0002993,sms,2026-07-01 17:00:00,1,0
RCT000006946,RC0015,U0004804,push,2026-04-22 12:00:00,1,0
RCT000006947,RC0016,U0009779,in_app,2026-02-26 17:00:00,1,0
RCT000006948,RC0006,U0000835,in_app,2026-02-20 20:00:00,1,0
RCT000006949,RC0004,U0010996,in_app,2026-02-01 14:00:00,1,0
RCT000006950,RC0012,U0001004,push,2026-03-03 13:00:00,1,0
RCT000006951,RC0013,U0007410,push,2026-02-14 16:00:00,1,0
RCT000006952,RC0015,U0000012,push,2026-04-24 13:00:00,1,1
RCT000006953,RC0002,U0007130,push,2026-06-18 21:00:00,1,0
RCT000006954,RC0018,U0004591,push,2026-02-10 17:00:00,1,0
RCT000006955,RC0005,U0011266,push,2026-07-30 20:00:00,1,1
RCT000006956,RC0009,U0003408,sms,2026-05-11 18:00:00,1,1
RCT000006957,RC0019,U0011476,sms,2026-06-27 08:00:00,1,0
RCT000006958,RC0008,U0002480,push,2026-06-21 09:00:00,0,0
RCT000006959,RC0019,U0010093,sms,2026-06-26 15:00:00,1,0
RCT000006960,RC0001,U0011625,push,2026-07-30 19:00:00,1,0
RCT000006961,RC0011,U0006520,sms,2026-07-13 17:00:00,1,1
RCT000006962,RC0008,U0009881,push,2026-06-27 16:00:00,1,0
RCT000006963,RC0008,U0010241,push,2026-06-22 10:00:00,1,0
RCT000006964,RC0024,U0010453,push,2026-06-04 12:00:00,1,0
RCT000006965,RC0001,U0003318,push,2026-07-26 09:00:00,1,0
RCT000006966,RC0004,U0003384,in_app,2026-02-04 17:00:00,1,0
RCT000006967,RC0016,U0005049,in_app,2026-02-24 11:00:00,1,0
RCT000006968,RC0006,U0005822,in_app,2026-02-15 14:00:00,0,0
RCT000006969,RC0010,U0001231,push,2026-03-18 19:00:00,1,0
RCT000006970,RC0024,U0007532,push,2026-06-07 18:00:00,1,0
RCT000006971,RC0003,U0010694,push,2026-02-13 20:00:00,1,0
RCT000006972,RC0018,U0006351,push,2026-02-08 08:00:00,1,0
RCT000006973,RC0003,U0003844,push,2026-02-10 12:00:00,1,0
RCT000006974,RC0004,U0002946,in_app,2026-02-05 17:00:00,1,0
RCT000006975,RC0008,U0009290,push,2026-06-25 12:00:00,1,0
RCT000006976,RC0022,U0003232,in_app,2026-05-23 19:00:00,1,0
RCT000006977,RC0008,U0003688,push,2026-06-23 08:00:00,1,1
RCT000006978,RC0022,U0008858,in_app,2026-05-25 08:00:00,1,0
RCT000006979,RC0021,U0005640,in_app,2026-04-16 20:00:00,1,0
RCT000006980,RC0001,U0007016,push,2026-07-30 18:00:00,1,0
RCT000006981,RC0008,U0004023,push,2026-06-23 19:00:00,1,0
RCT000006982,RC0020,U0009741,push,2026-05-24 20:00:00,1,0
RCT000006983,RC0020,U0010590,push,2026-05-26 20:00:00,1,0
RCT000006984,RC0008,U0006585,push,2026-06-27 09:00:00,1,1
RCT000006985,RC0008,U0000927,push,2026-06-22 12:00:00,1,0
RCT000006986,RC0010,U0000942,push,2026-03-12 08:00:00,1,0
RCT000006987,RC0013,U0008275,push,2026-02-15 17:00:00,1,0
RCT000006988,RC0008,U0003067,push,2026-06-22 13:00:00,1,0
RCT000006989,RC0014,U0008673,push,2026-03-26 20:00:00,0,0
RCT000006990,RC0018,U0011938,push,2026-02-10 12:00:00,1,1
RCT000006991,RC0013,U0007546,push,2026-02-17 21:00:00,0,0
RCT000006992,RC0010,U0005284,push,2026-03-18 09:00:00,1,1
RCT000006993,RC0003,U0006751,push,2026-02-13 10:00:00,1,1
RCT000006994,RC0012,U0005680,push,2026-02-28 17:00:00,1,0
RCT000006995,RC0001,U0002280,push,2026-07-28 18:00:00,1,0
RCT000006996,RC0007,U0007347,push,2026-06-28 19:00:00,1,0
RCT000006997,RC0002,U0001541,push,2026-06-14 20:00:00,1,0
RCT000006998,RC0012,U0007758,push,2026-03-03 08:00:00,1,0
RCT000006999,RC0007,U0010991,push,2026-06-28 20:00:00,1,0
RCT000007000,RC0009,U0005292,sms,2026-05-08 13:00:00,1,0
RCT000007001,RC0022,U0010657,in_app,2026-05-27 19:00:00,1,0
RCT000007002,RC0024,U0007694,push,2026-06-04 15:00:00,1,0
RCT000007003,RC0019,U0008159,sms,2026-06-27 14:00:00,1,0
RCT000007004,RC0017,U0001098,sms,2026-04-11 21:00:00,1,1
RCT000007005,RC0022,U0009211,in_app,2026-05-26 13:00:00,1,0
RCT000007006,RC0013,U0000252,push,2026-02-16 13:00:00,1,0
RCT000007007,RC0012,U0001362,push,2026-03-02 08:00:00,1,0
RCT000007008,RC0016,U0005545,in_app,2026-02-22 20:00:00,1,0
RCT000007009,RC0022,U0004023,in_app,2026-05-27 17:00:00,1,0
RCT000007010,RC0021,U0007566,in_app,2026-04-16 19:00:00,1,0
RCT000007011,RC0004,U0003991,in_app,2026-02-03 16:00:00,1,0
RCT000007012,RC0022,U0003408,in_app,2026-05-23 13:00:00,1,0
RCT000007013,RC0013,U0001787,push,2026-02-15 13:00:00,1,0
RCT000007014,RC0013,U0009150,push,2026-02-18 19:00:00,1,1
RCT000007015,RC0022,U0000827,in_app,2026-05-21 18:00:00,1,0
RCT000007016,RC0016,U0011369,in_app,2026-02-26 18:00:00,1,0
RCT000007017,RC0011,U0007885,sms,2026-07-13 11:00:00,0,0
RCT000007018,RC0003,U0010010,push,2026-02-10 09:00:00,1,0
RCT000007019,RC0016,U0004152,in_app,2026-02-23 19:00:00,1,0
RCT000007020,RC0011,U0009111,sms,2026-07-11 12:00:00,1,0
RCT000007021,RC0017,U0011904,sms,2026-04-11 14:00:00,1,0
RCT000007022,RC0001,U0005280,push,2026-07-29 15:00:00,1,0
RCT000007023,RC0005,U0010673,push,2026-07-28 09:00:00,1,0
RCT000007024,RC0015,U0009081,push,2026-04-27 18:00:00,1,1
RCT000007025,RC0018,U0010094,push,2026-02-08 17:00:00,1,1
RCT000007026,RC0008,U0011073,push,2026-06-21 16:00:00,1,0
RCT000007027,RC0022,U0001601,in_app,2026-05-24 10:00:00,1,0
RCT000007028,RC0006,U0007982,in_app,2026-02-21 21:00:00,1,0
RCT000007029,RC0017,U0002545,sms,2026-04-09 09:00:00,1,0
RCT000007030,RC0007,U0000849,push,2026-06-28 19:00:00,1,1
RCT000007031,RC0001,U0005967,push,2026-07-30 12:00:00,1,0
RCT000007032,RC0017,U0010813,sms,2026-04-11 09:00:00,1,0
RCT000007033,RC0007,U0010545,push,2026-06-23 12:00:00,1,1
RCT000007034,RC0010,U0002367,push,2026-03-17 17:00:00,1,0
RCT000007035,RC0005,U0006429,push,2026-07-30 19:00:00,1,0
RCT000007036,RC0008,U0004408,push,2026-06-23 08:00:00,1,0
RCT000007037,RC0021,U0005545,in_app,2026-04-17 09:00:00,1,1
RCT000007038,RC0021,U0006645,in_app,2026-04-16 08:00:00,0,0
RCT000007039,RC0008,U0009336,push,2026-06-27 14:00:00,1,0
RCT000007040,RC0004,U0001838,in_app,2026-02-02 11:00:00,1,0
RCT000007041,RC0015,U0007839,push,2026-04-24 15:00:00,1,1
RCT000007042,RC0023,U0011491,sms,2026-05-28 08:00:00,1,0
RCT000007043,RC0013,U0004924,push,2026-02-15 10:00:00,1,0
RCT000007044,RC0023,U0009015,sms,2026-06-01 12:00:00,1,0
RCT000007045,RC0024,U0006462,push,2026-06-08 18:00:00,1,0
RCT000007046,RC0020,U0008802,push,2026-05-28 16:00:00,1,1
RCT000007047,RC0007,U0005848,push,2026-06-26 17:00:00,1,1
RCT000007048,RC0012,U0003265,push,2026-03-05 13:00:00,1,0
RCT000007049,RC0015,U0006521,push,2026-04-27 19:00:00,1,1
RCT000007050,RC0018,U0009644,push,2026-02-11 18:00:00,1,0
RCT000007051,RC0010,U0009672,push,2026-03-15 16:00:00,1,0
RCT000007052,RC0023,U0000659,sms,2026-05-29 18:00:00,1,0
RCT000007053,RC0024,U0007141,push,2026-06-06 11:00:00,1,0
RCT000007054,RC0015,U0010587,push,2026-04-25 11:00:00,1,0
RCT000007055,RC0022,U0000747,in_app,2026-05-27 16:00:00,1,0
RCT000007056,RC0020,U0004030,push,2026-05-25 11:00:00,1,0
RCT000007057,RC0015,U0008494,push,2026-04-21 12:00:00,1,0
RCT000007058,RC0021,U0003071,in_app,2026-04-15 10:00:00,1,0
RCT000007059,RC0005,U0001185,push,2026-08-01 15:00:00,1,0
RCT000007060,RC0019,U0005220,sms,2026-06-27 20:00:00,1,0
RCT000007061,RC0006,U0010599,in_app,2026-02-18 17:00:00,1,0
RCT000007062,RC0016,U0001988,in_app,2026-02-25 10:00:00,1,1
RCT000007063,RC0001,U0007282,push,2026-07-27 19:00:00,1,0
RCT000007064,RC0003,U0006382,push,2026-02-16 18:00:00,0,0
RCT000007065,RC0024,U0000145,push,2026-06-05 13:00:00,1,0
RCT000007066,RC0011,U0003214,sms,2026-07-14 20:00:00,1,0
RCT000007067,RC0001,U0006195,push,2026-07-28 14:00:00,1,0
RCT000007068,RC0012,U0008338,push,2026-03-02 20:00:00,1,0
RCT000007069,RC0014,U0003642,push,2026-03-23 20:00:00,1,0
RCT000007070,RC0019,U0008252,sms,2026-06-25 10:00:00,1,1
RCT000007071,RC0005,U0001742,push,2026-07-28 20:00:00,1,0
RCT000007072,RC0015,U0007594,push,2026-04-25 17:00:00,1,0
RCT000007073,RC0024,U0011397,push,2026-06-09 08:00:00,1,0
RCT000007074,RC0001,U0010462,push,2026-07-31 14:00:00,1,0
RCT000007075,RC0009,U0005659,sms,2026-05-06 08:00:00,1,0
RCT000007076,RC0007,U0008507,push,2026-06-29 10:00:00,1,0
RCT000007077,RC0016,U0004306,in_app,2026-02-25 20:00:00,1,0
RCT000007078,RC0012,U0008332,push,2026-02-28 08:00:00,1,0
RCT000007079,RC0006,U0001424,in_app,2026-02-15 19:00:00,1,0
RCT000007080,RC0018,U0005367,push,2026-02-11 11:00:00,1,1
RCT000007081,RC0007,U0008567,push,2026-06-26 11:00:00,1,0
RCT000007082,RC0016,U0000376,in_app,2026-02-23 11:00:00,1,1
RCT000007083,RC0010,U0005354,push,2026-03-14 12:00:00,1,0
RCT000007084,RC0011,U0007935,sms,2026-07-13 10:00:00,1,0
RCT000007085,RC0021,U0003101,in_app,2026-04-16 12:00:00,1,0
RCT000007086,RC0021,U0000631,in_app,2026-04-17 16:00:00,1,0
RCT000007087,RC0023,U0007062,sms,2026-06-02 10:00:00,1,0
RCT000007088,RC0002,U0005014,push,2026-06-13 12:00:00,1,0
RCT000007089,RC0016,U0005965,in_app,2026-02-25 11:00:00,1,0
RCT000007090,RC0021,U0004030,in_app,2026-04-20 21:00:00,1,0
RCT000007091,RC0014,U0011392,push,2026-03-23 14:00:00,1,0
RCT000007092,RC0012,U0005579,push,2026-03-04 12:00:00,1,0
RCT000007093,RC0020,U0009360,push,2026-05-30 21:00:00,1,0
RCT000007094,RC0019,U0007943,sms,2026-06-25 21:00:00,1,0
RCT000007095,RC0017,U0003246,sms,2026-04-14 10:00:00,1,0
RCT000007096,RC0013,U0009458,push,2026-02-16 18:00:00,1,0
RCT000007097,RC0017,U0003688,sms,2026-04-10 15:00:00,1,0
RCT000007098,RC0016,U0009009,in_app,2026-02-22 11:00:00,1,0
RCT000007099,RC0022,U0008892,in_app,2026-05-23 13:00:00,1,0
RCT000007100,RC0021,U0005756,in_app,2026-04-14 21:00:00,1,0
RCT000007101,RC0009,U0008254,sms,2026-05-09 08:00:00,1,0
RCT000007102,RC0011,U0008252,sms,2026-07-16 17:00:00,1,0
RCT000007103,RC0023,U0002194,sms,2026-05-27 15:00:00,1,0
RCT000007104,RC0014,U0000637,push,2026-03-25 08:00:00,1,0
RCT000007105,RC0012,U0005871,push,2026-03-03 21:00:00,1,0
RCT000007106,RC0019,U0001929,sms,2026-06-30 09:00:00,1,0
RCT000007107,RC0008,U0006282,push,2026-06-24 11:00:00,1,0
RCT000007108,RC0009,U0008874,sms,2026-05-06 13:00:00,1,0
RCT000007109,RC0010,U0008631,push,2026-03-14 13:00:00,1,0
RCT000007110,RC0009,U0006163,sms,2026-05-08 11:00:00,1,0
RCT000007111,RC0024,U0004875,push,2026-06-06 09:00:00,1,0
RCT000007112,RC0004,U0003165,in_app,2026-02-03 17:00:00,1,0
RCT000007113,RC0003,U0010262,push,2026-02-14 10:00:00,1,0
RCT000007114,RC0012,U0002195,push,2026-03-03 11:00:00,1,0
RCT000007115,RC0017,U0002859,sms,2026-04-11 09:00:00,1,0
RCT000007116,RC0003,U0001721,push,2026-02-14 21:00:00,1,1
RCT000007117,RC0001,U0009279,push,2026-07-30 09:00:00,1,0
RCT000007118,RC0018,U0009707,push,2026-02-09 09:00:00,1,0
RCT000007119,RC0011,U0000450,sms,2026-07-15 16:00:00,1,0
RCT000007120,RC0020,U0010294,push,2026-05-29 14:00:00,1,0
RCT000007121,RC0014,U0009466,push,2026-03-26 08:00:00,1,0
RCT000007122,RC0015,U0007561,push,2026-04-25 11:00:00,1,1
RCT000007123,RC0012,U0004122,push,2026-03-04 11:00:00,1,0
RCT000007124,RC0011,U0001771,sms,2026-07-14 18:00:00,1,0
RCT000007125,RC0013,U0009292,push,2026-02-19 17:00:00,1,0
RCT000007126,RC0022,U0003195,in_app,2026-05-24 18:00:00,1,0
RCT000007127,RC0013,U0009951,push,2026-02-18 12:00:00,1,0
RCT000007128,RC0021,U0001264,in_app,2026-04-19 20:00:00,1,0
RCT000007129,RC0023,U0010313,sms,2026-05-30 08:00:00,1,1
RCT000007130,RC0012,U0007714,push,2026-02-27 09:00:00,1,1
RCT000007131,RC0016,U0007399,in_app,2026-02-25 09:00:00,1,0
RCT000007132,RC0005,U0000608,push,2026-07-29 15:00:00,1,0
RCT000007133,RC0006,U0008403,in_app,2026-02-17 20:00:00,1,0
RCT000007134,RC0005,U0001552,push,2026-08-02 14:00:00,1,0
RCT000007135,RC0023,U0001340,sms,2026-05-29 11:00:00,1,0
RCT000007136,RC0002,U0002219,push,2026-06-14 09:00:00,1,0
RCT000007137,RC0018,U0005237,push,2026-02-13 10:00:00,0,0
RCT000007138,RC0011,U0000223,sms,2026-07-15 19:00:00,1,0
RCT000007139,RC0009,U0003305,sms,2026-05-09 13:00:00,1,0
RCT000007140,RC0015,U0011163,push,2026-04-27 10:00:00,1,0
RCT000007141,RC0001,U0010479,push,2026-07-31 08:00:00,1,0
RCT000007142,RC0017,U0004887,sms,2026-04-13 09:00:00,1,0
RCT000007143,RC0014,U0008565,push,2026-03-21 18:00:00,1,1
RCT000007144,RC0024,U0004240,push,2026-06-08 09:00:00,1,0
RCT000007145,RC0022,U0009071,in_app,2026-05-21 16:00:00,1,0
RCT000007146,RC0012,U0006254,push,2026-03-01 16:00:00,1,0
RCT000007147,RC0024,U0009763,push,2026-06-05 18:00:00,1,0
RCT000007148,RC0015,U0005875,push,2026-04-22 14:00:00,1,1
RCT000007149,RC0015,U0003392,push,2026-04-26 18:00:00,1,0
RCT000007150,RC0008,U0001606,push,2026-06-24 18:00:00,1,0
RCT000007151,RC0022,U0001227,in_app,2026-05-25 08:00:00,1,0
RCT000007152,RC0022,U0002999,in_app,2026-05-26 20:00:00,1,0
RCT000007153,RC0018,U0007760,push,2026-02-14 12:00:00,1,0
RCT000007154,RC0014,U0001020,push,2026-03-23 14:00:00,1,0
RCT000007155,RC0018,U0005541,push,2026-02-12 14:00:00,1,0
RCT000007156,RC0012,U0005332,push,2026-02-27 18:00:00,0,0
RCT000007157,RC0002,U0007254,push,2026-06-13 17:00:00,1,0
RCT000007158,RC0007,U0001781,push,2026-06-29 21:00:00,1,1
RCT000007159,RC0003,U0006033,push,2026-02-12 18:00:00,1,0
RCT000007160,RC0016,U0011865,in_app,2026-02-24 16:00:00,1,0
RCT000007161,RC0021,U0000128,in_app,2026-04-19 09:00:00,1,1
RCT000007162,RC0015,U0006376,push,2026-04-23 08:00:00,1,0
RCT000007163,RC0024,U0001175,push,2026-06-05 14:00:00,1,0
RCT000007164,RC0020,U0004272,push,2026-05-29 17:00:00,1,1
RCT000007165,RC0004,U0008674,in_app,2026-02-04 18:00:00,1,0
RCT000007166,RC0018,U0000262,push,2026-02-08 11:00:00,1,0
RCT000007167,RC0024,U0010504,push,2026-06-07 10:00:00,1,1
RCT000007168,RC0023,U0005250,sms,2026-05-31 20:00:00,1,0
RCT000007169,RC0018,U0003243,push,2026-02-10 17:00:00,1,0
RCT000007170,RC0003,U0009584,push,2026-02-11 12:00:00,1,0
RCT000007171,RC0014,U0008845,push,2026-03-25 10:00:00,1,0
RCT000007172,RC0003,U0003890,push,2026-02-15 14:00:00,1,0
RCT000007173,RC0012,U0000376,push,2026-02-28 09:00:00,1,0
RCT000007174,RC0007,U0001980,push,2026-06-27 10:00:00,1,0
RCT000007175,RC0003,U0011120,push,2026-02-10 08:00:00,1,0
RCT000007176,RC0004,U0009194,in_app,2026-02-03 16:00:00,0,0
RCT000007177,RC0007,U0005487,push,2026-06-26 09:00:00,1,0
RCT000007178,RC0020,U0003680,push,2026-05-25 17:00:00,1,1
RCT000007179,RC0023,U0010077,sms,2026-05-31 20:00:00,1,0
RCT000007180,RC0011,U0003436,sms,2026-07-12 19:00:00,1,0
RCT000007181,RC0002,U0006792,push,2026-06-14 21:00:00,1,0
RCT000007182,RC0021,U0002943,in_app,2026-04-19 21:00:00,1,0
RCT000007183,RC0001,U0011492,push,2026-07-27 08:00:00,0,0
RCT000007184,RC0003,U0006489,push,2026-02-10 08:00:00,1,0
RCT000007185,RC0024,U0002232,push,2026-06-08 11:00:00,1,1
RCT000007186,RC0023,U0005786,sms,2026-05-27 17:00:00,1,0
RCT000007187,RC0021,U0002594,in_app,2026-04-20 17:00:00,1,0
RCT000007188,RC0002,U0002853,push,2026-06-18 11:00:00,1,0
RCT000007189,RC0004,U0001767,in_app,2026-02-05 16:00:00,1,0
RCT000007190,RC0013,U0004258,push,2026-02-18 08:00:00,1,0
RCT000007191,RC0014,U0000248,push,2026-03-26 08:00:00,1,0
RCT000007192,RC0014,U0006614,push,2026-03-21 15:00:00,1,0
RCT000007193,RC0004,U0011062,in_app,2026-02-01 11:00:00,1,0
RCT000007194,RC0003,U0009263,push,2026-02-16 18:00:00,1,0
RCT000007195,RC0001,U0008282,push,2026-07-31 10:00:00,1,1
RCT000007196,RC0013,U0008246,push,2026-02-19 08:00:00,1,0
RCT000007197,RC0004,U0007270,in_app,2026-02-06 12:00:00,1,1
RCT000007198,RC0023,U0010438,sms,2026-05-28 09:00:00,1,0
RCT000007199,RC0020,U0004419,push,2026-05-28 12:00:00,1,0
RCT000007200,RC0021,U0006328,in_app,2026-04-19 08:00:00,1,0
RCT000007201,RC0018,U0009089,push,2026-02-08 19:00:00,1,0
RCT000007202,RC0013,U0001389,push,2026-02-19 10:00:00,1,1
RCT000007203,RC0015,U0001353,push,2026-04-26 09:00:00,1,1
RCT000007204,RC0006,U0004652,in_app,2026-02-20 15:00:00,1,0
RCT000007205,RC0014,U0004651,push,2026-03-25 13:00:00,1,1
RCT000007206,RC0004,U0002627,in_app,2026-02-03 14:00:00,1,0
RCT000007207,RC0018,U0010489,push,2026-02-09 15:00:00,1,0
RCT000007208,RC0003,U0007475,push,2026-02-11 08:00:00,1,0
RCT000007209,RC0014,U0008542,push,2026-03-27 09:00:00,1,1
RCT000007210,RC0017,U0000499,sms,2026-04-10 15:00:00,1,1
RCT000007211,RC0004,U0000980,in_app,2026-01-31 17:00:00,0,0
RCT000007212,RC0006,U0006194,in_app,2026-02-16 16:00:00,1,0
RCT000007213,RC0010,U0004228,push,2026-03-17 16:00:00,1,0
RCT000007214,RC0020,U0001354,push,2026-05-24 21:00:00,1,1
RCT000007215,RC0011,U0006028,sms,2026-07-12 16:00:00,1,0
RCT000007216,RC0014,U0003219,push,2026-03-25 15:00:00,1,0
RCT000007217,RC0020,U0002239,push,2026-05-27 17:00:00,1,1
RCT000007218,RC0010,U0008788,push,2026-03-15 08:00:00,1,0
RCT000007219,RC0009,U0007924,sms,2026-05-10 13:00:00,1,0
RCT000007220,RC0012,U0010053,push,2026-02-28 08:00:00,1,1
RCT000007221,RC0022,U0000988,in_app,2026-05-27 11:00:00,1,0
RCT000007222,RC0010,U0000167,push,2026-03-17 20:00:00,1,0
RCT000007223,RC0004,U0002465,in_app,2026-02-06 09:00:00,1,0
RCT000007224,RC0003,U0003125,push,2026-02-13 16:00:00,1,0
RCT000007225,RC0017,U0009783,sms,2026-04-11 15:00:00,1,1
RCT000007226,RC0007,U0009258,push,2026-06-23 15:00:00,1,0
RCT000007227,RC0003,U0003204,push,2026-02-14 21:00:00,1,0
RCT000007228,RC0023,U0004742,sms,2026-06-01 15:00:00,1,0
RCT000007229,RC0016,U0001783,in_app,2026-02-25 12:00:00,1,0
RCT000007230,RC0023,U0010771,sms,2026-05-29 11:00:00,1,0
RCT000007231,RC0003,U0005504,push,2026-02-11 15:00:00,1,1
RCT000007232,RC0006,U0004390,in_app,2026-02-19 16:00:00,0,0
RCT000007233,RC0024,U0007951,push,2026-06-07 10:00:00,1,1
RCT000007234,RC0014,U0006620,push,2026-03-25 10:00:00,1,0
RCT000007235,RC0010,U0000069,push,2026-03-16 18:00:00,1,1
RCT000007236,RC0007,U0005334,push,2026-06-25 15:00:00,1,0
RCT000007237,RC0017,U0000757,sms,2026-04-13 08:00:00,1,0
RCT000007238,RC0006,U0010511,in_app,2026-02-15 20:00:00,1,0
RCT000007239,RC0001,U0009020,push,2026-08-01 15:00:00,1,0
RCT000007240,RC0004,U0004222,in_app,2026-02-05 18:00:00,0,0
RCT000007241,RC0021,U0008678,in_app,2026-04-14 10:00:00,1,0
RCT000007242,RC0023,U0008498,sms,2026-05-31 13:00:00,1,0
RCT000007243,RC0024,U0009473,push,2026-06-10 20:00:00,1,0
RCT000007244,RC0016,U0008994,in_app,2026-02-24 11:00:00,1,0
RCT000007245,RC0010,U0009635,push,2026-03-15 19:00:00,1,0
RCT000007246,RC0013,U0005032,push,2026-02-18 19:00:00,1,1
RCT000007247,RC0014,U0007134,push,2026-03-24 10:00:00,0,0
RCT000007248,RC0013,U0007056,push,2026-02-16 18:00:00,1,1
RCT000007249,RC0006,U0001553,in_app,2026-02-17 16:00:00,1,0
RCT000007250,RC0024,U0001306,push,2026-06-08 20:00:00,1,0
RCT000007251,RC0022,U0006729,in_app,2026-05-22 18:00:00,1,0
RCT000007252,RC0008,U0011219,push,2026-06-24 16:00:00,1,1
RCT000007253,RC0013,U0002304,push,2026-02-18 08:00:00,1,0
RCT000007254,RC0018,U0001185,push,2026-02-11 12:00:00,1,0
RCT000007255,RC0011,U0008648,sms,2026-07-14 17:00:00,1,0
RCT000007256,RC0014,U0004293,push,2026-03-27 12:00:00,1,0
RCT000007257,RC0013,U0011252,push,2026-02-15 21:00:00,1,0
RCT000007258,RC0022,U0010862,in_app,2026-05-27 08:00:00,1,0
RCT000007259,RC0013,U0006498,push,2026-02-14 20:00:00,1,0
RCT000007260,RC0019,U0010829,sms,2026-07-01 09:00:00,1,0
RCT000007261,RC0005,U0007663,push,2026-07-31 10:00:00,1,1
RCT000007262,RC0014,U0011083,push,2026-03-21 17:00:00,1,0
RCT000007263,RC0010,U0011110,push,2026-03-14 17:00:00,1,0
RCT000007264,RC0008,U0009590,push,2026-06-25 08:00:00,1,1
RCT000007265,RC0023,U0003313,sms,2026-05-29 17:00:00,1,0
RCT000007266,RC0014,U0008940,push,2026-03-23 21:00:00,1,0
RCT000007267,RC0022,U0004675,in_app,2026-05-21 09:00:00,1,0
RCT000007268,RC0022,U0000743,in_app,2026-05-24 17:00:00,1,0
RCT000007269,RC0012,U0000581,push,2026-03-03 12:00:00,1,0
RCT000007270,RC0017,U0010899,sms,2026-04-08 10:00:00,1,0
RCT000007271,RC0021,U0003200,in_app,2026-04-17 09:00:00,1,0
RCT000007272,RC0005,U0008224,push,2026-08-03 11:00:00,1,0
RCT000007273,RC0020,U0001571,push,2026-05-25 10:00:00,1,0
RCT000007274,RC0012,U0004493,push,2026-02-28 16:00:00,1,0
RCT000007275,RC0022,U0008395,in_app,2026-05-26 12:00:00,0,0
RCT000007276,RC0015,U0007723,push,2026-04-25 09:00:00,1,0
RCT000007277,RC0009,U0011791,sms,2026-05-07 18:00:00,1,0
RCT000007278,RC0002,U0003998,push,2026-06-13 18:00:00,1,1
RCT000007279,RC0023,U0002670,sms,2026-05-28 08:00:00,1,0
RCT000007280,RC0008,U0004395,push,2026-06-23 19:00:00,1,0
RCT000007281,RC0020,U0000154,push,2026-05-26 15:00:00,1,0
RCT000007282,RC0007,U0004685,push,2026-06-26 08:00:00,1,0
RCT000007283,RC0018,U0011106,push,2026-02-14 18:00:00,1,0
RCT000007284,RC0020,U0003556,push,2026-05-28 15:00:00,1,0
RCT000007285,RC0020,U0007514,push,2026-05-28 17:00:00,1,0
RCT000007286,RC0003,U0006387,push,2026-02-11 19:00:00,1,0
RCT000007287,RC0007,U0001148,push,2026-06-28 14:00:00,1,0
RCT000007288,RC0006,U0002684,in_app,2026-02-15 13:00:00,1,0
RCT000007289,RC0022,U0004162,in_app,2026-05-22 17:00:00,1,0
RCT000007290,RC0017,U0007694,sms,2026-04-09 09:00:00,1,0
RCT000007291,RC0016,U0003628,in_app,2026-02-20 11:00:00,1,0
RCT000007292,RC0013,U0006890,push,2026-02-19 08:00:00,1,0
RCT000007293,RC0022,U0010010,in_app,2026-05-25 08:00:00,1,0
RCT000007294,RC0009,U0007412,sms,2026-05-07 21:00:00,1,0
RCT000007295,RC0011,U0003842,sms,2026-07-14 20:00:00,1,0
RCT000007296,RC0014,U0001089,push,2026-03-25 20:00:00,1,0
RCT000007297,RC0014,U0004416,push,2026-03-23 16:00:00,1,0
RCT000007298,RC0019,U0002843,sms,2026-06-25 11:00:00,1,0
RCT000007299,RC0001,U0007839,push,2026-07-26 20:00:00,1,0
RCT000007300,RC0015,U0008617,push,2026-04-24 18:00:00,1,0
RCT000007301,RC0004,U0007702,in_app,2026-02-04 08:00:00,1,0
RCT000007302,RC0022,U0001382,in_app,2026-05-22 17:00:00,1,1
RCT000007303,RC0008,U0006565,push,2026-06-25 12:00:00,1,1
RCT000007304,RC0010,U0004481,push,2026-03-13 20:00:00,1,0
RCT000007305,RC0012,U0005586,push,2026-02-27 20:00:00,1,1
RCT000007306,RC0008,U0009734,push,2026-06-26 12:00:00,1,0
RCT000007307,RC0014,U0009149,push,2026-03-23 11:00:00,1,0
RCT000007308,RC0010,U0005346,push,2026-03-18 20:00:00,1,0
RCT000007309,RC0013,U0003499,push,2026-02-18 08:00:00,1,0
RCT000007310,RC0015,U0001520,push,2026-04-23 10:00:00,1,0
RCT000007311,RC0004,U0011217,in_app,2026-02-02 18:00:00,1,0
RCT000007312,RC0024,U0006303,push,2026-06-06 15:00:00,1,0
RCT000007313,RC0023,U0002205,sms,2026-05-28 08:00:00,1,0
RCT000007314,RC0014,U0001935,push,2026-03-27 13:00:00,1,1
RCT000007315,RC0009,U0005199,sms,2026-05-11 16:00:00,1,1
RCT000007316,RC0005,U0009388,push,2026-07-30 14:00:00,1,0
RCT000007317,RC0023,U0000239,sms,2026-05-30 13:00:00,1,0
RCT000007318,RC0005,U0007341,push,2026-08-02 14:00:00,1,0
RCT000007319,RC0012,U0006935,push,2026-02-27 08:00:00,1,1
RCT000007320,RC0018,U0000166,push,2026-02-12 08:00:00,1,0
RCT000007321,RC0024,U0009087,push,2026-06-05 18:00:00,1,0
RCT000007322,RC0016,U0009232,in_app,2026-02-26 17:00:00,1,0
RCT000007323,RC0006,U0001165,in_app,2026-02-21 19:00:00,1,0
RCT000007324,RC0021,U0000950,in_app,2026-04-18 19:00:00,1,0
RCT000007325,RC0004,U0011162,in_app,2026-02-04 12:00:00,1,0
RCT000007326,RC0019,U0004761,sms,2026-06-28 15:00:00,1,0
RCT000007327,RC0019,U0010983,sms,2026-06-27 12:00:00,0,0
RCT000007328,RC0018,U0003424,push,2026-02-13 19:00:00,1,0
RCT000007329,RC0006,U0010637,in_app,2026-02-15 16:00:00,1,0
RCT000007330,RC0010,U0006759,push,2026-03-13 11:00:00,1,1
RCT000007331,RC0011,U0003888,sms,2026-07-11 13:00:00,0,0
RCT000007332,RC0018,U0011594,push,2026-02-08 10:00:00,1,0
RCT000007333,RC0013,U0005361,push,2026-02-17 19:00:00,1,0
RCT000007334,RC0008,U0004244,push,2026-06-21 13:00:00,1,0
RCT000007335,RC0020,U0002235,push,2026-05-29 10:00:00,1,0
RCT000007336,RC0011,U0003176,sms,2026-07-15 11:00:00,1,0
RCT000007337,RC0017,U0002660,sms,2026-04-13 19:00:00,1,0
RCT000007338,RC0005,U0009276,push,2026-08-01 13:00:00,1,1
RCT000007339,RC0009,U0001946,sms,2026-05-11 11:00:00,1,0
RCT000007340,RC0005,U0008565,push,2026-07-31 12:00:00,1,0
RCT000007341,RC0018,U0010164,push,2026-02-14 19:00:00,1,0
RCT000007342,RC0010,U0004942,push,2026-03-16 21:00:00,1,0
RCT000007343,RC0022,U0010078,in_app,2026-05-21 15:00:00,1,0
RCT000007344,RC0020,U0004019,push,2026-05-24 10:00:00,1,0
RCT000007345,RC0005,U0009500,push,2026-07-30 21:00:00,1,0
RCT000007346,RC0015,U0001882,push,2026-04-25 11:00:00,1,0
RCT000007347,RC0022,U0002800,in_app,2026-05-27 14:00:00,1,0
RCT000007348,RC0007,U0008440,push,2026-06-23 17:00:00,1,0
RCT000007349,RC0021,U0010159,in_app,2026-04-16 16:00:00,1,0
RCT000007350,RC0017,U0009391,sms,2026-04-10 14:00:00,1,0
RCT000007351,RC0011,U0005092,sms,2026-07-15 15:00:00,1,1
RCT000007352,RC0009,U0000910,sms,2026-05-11 16:00:00,1,1
RCT000007353,RC0015,U0011878,push,2026-04-23 18:00:00,1,0
RCT000007354,RC0015,U0003794,push,2026-04-27 18:00:00,1,0
RCT000007355,RC0002,U0007509,push,2026-06-16 12:00:00,1,0
RCT000007356,RC0005,U0010365,push,2026-07-28 11:00:00,1,0
RCT000007357,RC0001,U0003260,push,2026-07-27 13:00:00,1,0
RCT000007358,RC0021,U0001382,in_app,2026-04-15 11:00:00,1,0
RCT000007359,RC0005,U0002948,push,2026-07-29 11:00:00,1,0
RCT000007360,RC0022,U0006427,in_app,2026-05-21 11:00:00,1,0
RCT000007361,RC0011,U0004322,sms,2026-07-13 17:00:00,1,0
RCT000007362,RC0003,U0004035,push,2026-02-10 20:00:00,1,1
RCT000007363,RC0008,U0005775,push,2026-06-27 14:00:00,1,1
RCT000007364,RC0016,U0003062,in_app,2026-02-23 15:00:00,0,0
RCT000007365,RC0018,U0003890,push,2026-02-14 20:00:00,1,0
RCT000007366,RC0015,U0008018,push,2026-04-22 13:00:00,1,1
RCT000007367,RC0018,U0009174,push,2026-02-10 17:00:00,1,0
RCT000007368,RC0005,U0008655,push,2026-07-28 08:00:00,1,0
RCT000007369,RC0024,U0000402,push,2026-06-07 15:00:00,1,0
RCT000007370,RC0018,U0009587,push,2026-02-08 14:00:00,1,0
RCT000007371,RC0011,U0008375,sms,2026-07-13 17:00:00,1,0
RCT000007372,RC0001,U0009996,push,2026-07-29 16:00:00,1,0
RCT000007373,RC0006,U0003302,in_app,2026-02-17 13:00:00,1,0
RCT000007374,RC0009,U0007047,sms,2026-05-09 17:00:00,1,1
RCT000007375,RC0017,U0006980,sms,2026-04-08 12:00:00,1,1
RCT000007376,RC0024,U0000751,push,2026-06-06 16:00:00,1,0
RCT000007377,RC0011,U0001687,sms,2026-07-12 17:00:00,1,0
RCT000007378,RC0002,U0001638,push,2026-06-18 09:00:00,1,0
RCT000007379,RC0004,U0001779,in_app,2026-02-02 18:00:00,1,1
RCT000007380,RC0013,U0007751,push,2026-02-17 18:00:00,1,0
RCT000007381,RC0012,U0001596,push,2026-03-05 16:00:00,1,0
RCT000007382,RC0014,U0011656,push,2026-03-23 20:00:00,0,0
RCT000007383,RC0010,U0001262,push,2026-03-17 15:00:00,1,0
RCT000007384,RC0021,U0001937,in_app,2026-04-15 14:00:00,1,0
RCT000007385,RC0023,U0001502,sms,2026-06-01 11:00:00,0,0
RCT000007386,RC0009,U0009797,sms,2026-05-10 10:00:00,1,0
RCT000007387,RC0004,U0003639,in_app,2026-02-02 18:00:00,1,1
RCT000007388,RC0019,U0006518,sms,2026-06-27 20:00:00,1,0
RCT000007389,RC0004,U0005953,in_app,2026-02-03 10:00:00,1,0
RCT000007390,RC0006,U0008369,in_app,2026-02-17 19:00:00,0,0
RCT000007391,RC0019,U0005991,sms,2026-06-30 12:00:00,1,0
RCT000007392,RC0020,U0002800,push,2026-05-27 14:00:00,1,0
RCT000007393,RC0001,U0011664,push,2026-07-28 15:00:00,1,0
RCT000007394,RC0024,U0004286,push,2026-06-05 16:00:00,1,0
RCT000007395,RC0008,U0011018,push,2026-06-27 13:00:00,1,0
RCT000007396,RC0010,U0003928,push,2026-03-14 13:00:00,1,0
RCT000007397,RC0003,U0005395,push,2026-02-16 16:00:00,1,0
RCT000007398,RC0012,U0004229,push,2026-02-27 12:00:00,1,0
RCT000007399,RC0017,U0008034,sms,2026-04-12 19:00:00,1,0
RCT000007400,RC0023,U0002203,sms,2026-06-01 20:00:00,1,0
RCT000007401,RC0008,U0005156,push,2026-06-23 18:00:00,1,0
RCT000007402,RC0003,U0006134,push,2026-02-11 18:00:00,0,0
RCT000007403,RC0023,U0003338,sms,2026-05-31 16:00:00,1,1
RCT000007404,RC0018,U0001206,push,2026-02-10 10:00:00,1,0
RCT000007405,RC0013,U0001660,push,2026-02-15 12:00:00,1,0
RCT000007406,RC0021,U0010751,in_app,2026-04-15 16:00:00,1,0
RCT000007407,RC0023,U0007389,sms,2026-05-30 21:00:00,1,0
RCT000007408,RC0008,U0005671,push,2026-06-24 12:00:00,1,0
RCT000007409,RC0009,U0001783,sms,2026-05-06 11:00:00,1,0
RCT000007410,RC0003,U0004005,push,2026-02-13 12:00:00,1,1
RCT000007411,RC0011,U0011051,sms,2026-07-14 21:00:00,1,0
RCT000007412,RC0013,U0007423,push,2026-02-19 16:00:00,1,1
RCT000007413,RC0022,U0006376,in_app,2026-05-24 13:00:00,1,0
RCT000007414,RC0011,U0000581,sms,2026-07-14 08:00:00,1,0
RCT000007415,RC0019,U0011560,sms,2026-06-30 08:00:00,1,0
RCT000007416,RC0023,U0009199,sms,2026-06-01 12:00:00,0,0
RCT000007417,RC0018,U0011162,push,2026-02-14 16:00:00,1,1
RCT000007418,RC0003,U0006739,push,2026-02-13 18:00:00,1,0
RCT000007419,RC0017,U0011637,sms,2026-04-09 14:00:00,1,0
RCT000007420,RC0007,U0010131,push,2026-06-23 15:00:00,1,1
RCT000007421,RC0001,U0011106,push,2026-07-31 12:00:00,1,0
RCT000007422,RC0007,U0011844,push,2026-06-29 11:00:00,1,0
RCT000007423,RC0013,U0001774,push,2026-02-14 10:00:00,1,0
RCT000007424,RC0019,U0005924,sms,2026-06-27 11:00:00,1,0
RCT000007425,RC0001,U0000004,push,2026-07-27 21:00:00,1,1
RCT000007426,RC0005,U0007234,push,2026-07-31 19:00:00,1,0
RCT000007427,RC0018,U0005950,push,2026-02-11 19:00:00,1,0
RCT000007428,RC0005,U0007909,push,2026-07-28 11:00:00,1,1
RCT000007429,RC0009,U0006287,sms,2026-05-08 20:00:00,1,1
RCT000007430,RC0021,U0003977,in_app,2026-04-15 16:00:00,1,0
RCT000007431,RC0014,U0001669,push,2026-03-22 13:00:00,1,0
RCT000007432,RC0003,U0010147,push,2026-02-11 14:00:00,1,0
RCT000007433,RC0001,U0008585,push,2026-07-31 19:00:00,1,0
RCT000007434,RC0007,U0001520,push,2026-06-26 20:00:00,1,0
RCT000007435,RC0002,U0007065,push,2026-06-17 15:00:00,1,0
RCT000007436,RC0016,U0009962,in_app,2026-02-20 16:00:00,1,0
RCT000007437,RC0013,U0009836,push,2026-02-16 15:00:00,1,0
RCT000007438,RC0001,U0010314,push,2026-07-26 17:00:00,1,0
RCT000007439,RC0023,U0001767,sms,2026-05-29 15:00:00,1,0
RCT000007440,RC0011,U0006008,sms,2026-07-10 13:00:00,1,0
RCT000007441,RC0010,U0010046,push,2026-03-13 14:00:00,1,0
RCT000007442,RC0005,U0002976,push,2026-07-31 21:00:00,1,0
RCT000007443,RC0016,U0005822,in_app,2026-02-20 21:00:00,1,0
RCT000007444,RC0015,U0002967,push,2026-04-26 16:00:00,1,0
RCT000007445,RC0004,U0000506,in_app,2026-02-01 10:00:00,1,0
RCT000007446,RC0011,U0005513,sms,2026-07-16 09:00:00,1,0
RCT000007447,RC0013,U0005486,push,2026-02-14 21:00:00,1,0
RCT000007448,RC0007,U0000918,push,2026-06-24 17:00:00,1,0
RCT000007449,RC0017,U0007995,sms,2026-04-13 20:00:00,1,1
RCT000007450,RC0010,U0001071,push,2026-03-16 13:00:00,1,0
RCT000007451,RC0010,U0008794,push,2026-03-18 11:00:00,1,0
RCT000007452,RC0020,U0005406,push,2026-05-27 20:00:00,1,0
RCT000007453,RC0019,U0007818,sms,2026-06-26 17:00:00,1,0
RCT000007454,RC0018,U0008727,push,2026-02-12 19:00:00,0,0
RCT000007455,RC0004,U0002282,in_app,2026-02-05 14:00:00,1,0
RCT000007456,RC0019,U0005917,sms,2026-06-29 14:00:00,1,0
RCT000007457,RC0023,U0006187,sms,2026-05-31 09:00:00,1,0
RCT000007458,RC0019,U0005020,sms,2026-06-30 18:00:00,1,0
RCT000007459,RC0021,U0008043,in_app,2026-04-17 10:00:00,1,0
RCT000007460,RC0014,U0011011,push,2026-03-27 21:00:00,1,0
RCT000007461,RC0024,U0011997,push,2026-06-10 18:00:00,1,0
RCT000007462,RC0002,U0005606,push,2026-06-17 15:00:00,1,0
RCT000007463,RC0004,U0011859,in_app,2026-02-05 19:00:00,0,0
RCT000007464,RC0023,U0010941,sms,2026-05-28 11:00:00,1,0
RCT000007465,RC0012,U0011311,push,2026-03-03 10:00:00,1,0
RCT000007466,RC0001,U0006621,push,2026-07-29 14:00:00,0,0
RCT000007467,RC0002,U0009761,push,2026-06-18 12:00:00,1,0
RCT000007468,RC0015,U0006952,push,2026-04-25 21:00:00,1,0
RCT000007469,RC0012,U0007505,push,2026-03-03 11:00:00,1,0
RCT000007470,RC0014,U0010551,push,2026-03-24 08:00:00,0,0
RCT000007471,RC0011,U0002984,sms,2026-07-11 16:00:00,1,0
RCT000007472,RC0022,U0002976,in_app,2026-05-23 12:00:00,1,0
RCT000007473,RC0005,U0007943,push,2026-07-28 09:00:00,1,0
RCT000007474,RC0002,U0008559,push,2026-06-18 16:00:00,1,0
RCT000007475,RC0004,U0011429,in_app,2026-02-01 10:00:00,1,1
RCT000007476,RC0020,U0008252,push,2026-05-26 21:00:00,0,0
RCT000007477,RC0010,U0010687,push,2026-03-15 20:00:00,1,1
RCT000007478,RC0014,U0000766,push,2026-03-21 19:00:00,1,0
RCT000007479,RC0016,U0004720,in_app,2026-02-20 15:00:00,0,0
RCT000007480,RC0003,U0007068,push,2026-02-12 10:00:00,1,0
RCT000007481,RC0009,U0011406,sms,2026-05-08 13:00:00,1,0
RCT000007482,RC0008,U0007458,push,2026-06-23 09:00:00,1,0
RCT000007483,RC0002,U0008751,push,2026-06-18 08:00:00,1,0
RCT000007484,RC0006,U0010533,in_app,2026-02-16 09:00:00,1,0
RCT000007485,RC0019,U0001304,sms,2026-06-28 16:00:00,1,0
RCT000007486,RC0023,U0000762,sms,2026-06-02 10:00:00,1,0
RCT000007487,RC0024,U0008590,push,2026-06-10 13:00:00,1,0
RCT000007488,RC0007,U0006139,push,2026-06-24 11:00:00,1,0
RCT000007489,RC0005,U0003901,push,2026-07-31 12:00:00,1,0
RCT000007490,RC0004,U0001233,in_app,2026-02-01 09:00:00,1,0
RCT000007491,RC0005,U0003637,push,2026-07-30 14:00:00,1,0
RCT000007492,RC0024,U0010027,push,2026-06-10 15:00:00,1,0
RCT000007493,RC0006,U0008009,in_app,2026-02-17 19:00:00,1,0
RCT000007494,RC0009,U0003814,sms,2026-05-07 13:00:00,0,0
RCT000007495,RC0006,U0004923,in_app,2026-02-19 12:00:00,1,0
RCT000007496,RC0022,U0006409,in_app,2026-05-25 10:00:00,1,0
RCT000007497,RC0022,U0009020,in_app,2026-05-22 09:00:00,1,0
RCT000007498,RC0022,U0011380,in_app,2026-05-26 16:00:00,1,0
RCT000007499,RC0024,U0006486,push,2026-06-06 17:00:00,1,1
RCT000007500,RC0001,U0006774,push,2026-08-01 08:00:00,1,0
RCT000007501,RC0016,U0007334,in_app,2026-02-24 15:00:00,1,0
RCT000007502,RC0023,U0001229,sms,2026-05-27 09:00:00,1,0
RCT000007503,RC0022,U0004754,in_app,2026-05-22 15:00:00,1,0
RCT000007504,RC0007,U0003455,push,2026-06-28 08:00:00,0,0
RCT000007505,RC0020,U0009806,push,2026-05-29 16:00:00,1,0
RCT000007506,RC0024,U0010884,push,2026-06-07 18:00:00,1,0
RCT000007507,RC0023,U0009886,sms,2026-05-27 16:00:00,1,0
RCT000007508,RC0008,U0002812,push,2026-06-26 13:00:00,1,0
RCT000007509,RC0009,U0004135,sms,2026-05-06 20:00:00,1,0
RCT000007510,RC0016,U0010187,in_app,2026-02-22 13:00:00,1,0
RCT000007511,RC0015,U0007231,push,2026-04-23 13:00:00,1,0
RCT000007512,RC0020,U0004997,push,2026-05-29 14:00:00,1,1
RCT000007513,RC0020,U0009676,push,2026-05-29 15:00:00,1,1
RCT000007514,RC0016,U0000624,in_app,2026-02-21 19:00:00,1,0
RCT000007515,RC0016,U0006620,in_app,2026-02-20 18:00:00,1,0
RCT000007516,RC0007,U0010762,push,2026-06-25 16:00:00,1,0
RCT000007517,RC0019,U0002342,sms,2026-06-26 12:00:00,1,0
RCT000007518,RC0017,U0008381,sms,2026-04-08 11:00:00,1,1
RCT000007519,RC0001,U0011256,push,2026-07-27 21:00:00,1,0
RCT000007520,RC0008,U0011905,push,2026-06-21 19:00:00,1,0
RCT000007521,RC0015,U0010256,push,2026-04-25 20:00:00,1,0
RCT000007522,RC0014,U0011291,push,2026-03-25 21:00:00,1,0
RCT000007523,RC0007,U0000678,push,2026-06-23 15:00:00,1,0
RCT000007524,RC0006,U0007684,in_app,2026-02-17 12:00:00,1,0
RCT000007525,RC0020,U0002641,push,2026-05-25 19:00:00,1,0
RCT000007526,RC0003,U0005187,push,2026-02-11 16:00:00,1,0
RCT000007527,RC0007,U0005267,push,2026-06-25 11:00:00,0,0
RCT000007528,RC0005,U0006133,push,2026-08-01 11:00:00,1,1
RCT000007529,RC0017,U0001147,sms,2026-04-09 18:00:00,1,0
RCT000007530,RC0008,U0010581,push,2026-06-21 15:00:00,1,0
RCT000007531,RC0009,U0007839,sms,2026-05-07 13:00:00,1,0
RCT000007532,RC0011,U0008419,sms,2026-07-14 09:00:00,1,0
RCT000007533,RC0024,U0008803,push,2026-06-06 09:00:00,1,0
RCT000007534,RC0010,U0002609,push,2026-03-13 10:00:00,1,0
RCT000007535,RC0018,U0006417,push,2026-02-14 13:00:00,1,0
RCT000007536,RC0009,U0007714,sms,2026-05-11 08:00:00,1,0
RCT000007537,RC0006,U0009834,in_app,2026-02-21 20:00:00,1,0
RCT000007538,RC0002,U0007278,push,2026-06-18 13:00:00,1,0
RCT000007539,RC0003,U0010574,push,2026-02-11 09:00:00,1,0
RCT000007540,RC0009,U0011687,sms,2026-05-11 17:00:00,1,0
RCT000007541,RC0002,U0011378,push,2026-06-16 21:00:00,1,1
RCT000007542,RC0007,U0007754,push,2026-06-28 15:00:00,1,0
RCT000007543,RC0004,U0006870,in_app,2026-01-31 11:00:00,1,0
RCT000007544,RC0004,U0000297,in_app,2026-01-31 09:00:00,1,0
RCT000007545,RC0005,U0010877,push,2026-08-03 11:00:00,1,0
RCT000007546,RC0022,U0000104,in_app,2026-05-22 19:00:00,1,1
RCT000007547,RC0008,U0004761,push,2026-06-27 20:00:00,1,0
RCT000007548,RC0009,U0004239,sms,2026-05-06 16:00:00,1,0
RCT000007549,RC0017,U0010582,sms,2026-04-11 17:00:00,1,0
RCT000007550,RC0021,U0011582,in_app,2026-04-14 12:00:00,1,0
RCT000007551,RC0008,U0008834,push,2026-06-26 09:00:00,1,0
RCT000007552,RC0023,U0000560,sms,2026-05-29 20:00:00,1,0
RCT000007553,RC0008,U0006404,push,2026-06-26 19:00:00,1,0
RCT000007554,RC0010,U0004175,push,2026-03-16 21:00:00,1,0
RCT000007555,RC0010,U0005703,push,2026-03-16 15:00:00,1,0
RCT000007556,RC0004,U0002094,in_app,2026-02-06 21:00:00,1,0
RCT000007557,RC0008,U0006117,push,2026-06-26 13:00:00,1,1
RCT000007558,RC0023,U0009866,sms,2026-05-31 14:00:00,1,0
RCT000007559,RC0006,U0008917,in_app,2026-02-18 18:00:00,1,0
RCT000007560,RC0024,U0011062,push,2026-06-06 11:00:00,1,0
RCT000007561,RC0010,U0009805,push,2026-03-17 15:00:00,1,0
RCT000007562,RC0007,U0002756,push,2026-06-24 19:00:00,1,0
RCT000007563,RC0015,U0007624,push,2026-04-23 19:00:00,1,0
RCT000007564,RC0017,U0001514,sms,2026-04-12 20:00:00,1,0
RCT000007565,RC0012,U0000473,push,2026-03-03 17:00:00,1,0
RCT000007566,RC0009,U0011131,sms,2026-05-09 14:00:00,1,0
RCT000007567,RC0023,U0001488,sms,2026-05-29 15:00:00,1,0
RCT000007568,RC0003,U0001553,push,2026-02-15 20:00:00,1,1
RCT000007569,RC0007,U0011287,push,2026-06-26 09:00:00,1,1
RCT000007570,RC0021,U0005454,in_app,2026-04-15 12:00:00,1,1
RCT000007571,RC0006,U0000974,in_app,2026-02-21 19:00:00,1,0
RCT000007572,RC0003,U0007348,push,2026-02-12 14:00:00,1,0
RCT000007573,RC0014,U0011731,push,2026-03-27 10:00:00,1,0
RCT000007574,RC0014,U0007132,push,2026-03-24 12:00:00,1,0
RCT000007575,RC0022,U0003702,in_app,2026-05-27 14:00:00,1,0
RCT000007576,RC0020,U0001238,push,2026-05-26 18:00:00,1,0
RCT000007577,RC0002,U0008819,push,2026-06-19 17:00:00,1,0
RCT000007578,RC0020,U0004264,push,2026-05-30 17:00:00,1,0
RCT000007579,RC0013,U0004239,push,2026-02-18 09:00:00,1,0
RCT000007580,RC0019,U0009568,sms,2026-06-25 18:00:00,1,0
RCT000007581,RC0005,U0006890,push,2026-07-28 14:00:00,0,0
RCT000007582,RC0006,U0007695,in_app,2026-02-19 14:00:00,1,0
RCT000007583,RC0020,U0002188,push,2026-05-30 18:00:00,1,0
RCT000007584,RC0014,U0002660,push,2026-03-24 12:00:00,1,1
RCT000007585,RC0019,U0003186,sms,2026-07-01 21:00:00,1,0
RCT000007586,RC0010,U0002162,push,2026-03-15 20:00:00,1,1
RCT000007587,RC0005,U0009423,push,2026-08-01 20:00:00,1,0
RCT000007588,RC0020,U0002033,push,2026-05-26 11:00:00,1,0
RCT000007589,RC0013,U0010382,push,2026-02-17 16:00:00,1,0
RCT000007590,RC0017,U0011619,sms,2026-04-13 15:00:00,1,1
RCT000007591,RC0013,U0008745,push,2026-02-17 14:00:00,1,0
RCT000007592,RC0014,U0008690,push,2026-03-23 15:00:00,1,0
RCT000007593,RC0012,U0003762,push,2026-03-01 15:00:00,1,1
RCT000007594,RC0011,U0000951,sms,2026-07-14 10:00:00,1,0
RCT000007595,RC0020,U0006093,push,2026-05-27 16:00:00,1,0
RCT000007596,RC0019,U0003664,sms,2026-06-25 18:00:00,1,1
RCT000007597,RC0008,U0005427,push,2026-06-23 15:00:00,1,0
RCT000007598,RC0024,U0011852,push,2026-06-07 14:00:00,1,0
RCT000007599,RC0009,U0008565,sms,2026-05-09 21:00:00,1,0
RCT000007600,RC0005,U0006726,push,2026-07-31 17:00:00,1,0
RCT000007601,RC0023,U0008381,sms,2026-06-01 12:00:00,1,1
RCT000007602,RC0007,U0006840,push,2026-06-23 13:00:00,1,0
RCT000007603,RC0009,U0005097,sms,2026-05-08 09:00:00,1,0
RCT000007604,RC0017,U0011838,sms,2026-04-12 14:00:00,1,0
RCT000007605,RC0019,U0006055,sms,2026-07-01 20:00:00,1,0
RCT000007606,RC0014,U0010859,push,2026-03-24 12:00:00,1,0
RCT000007607,RC0003,U0004078,push,2026-02-12 13:00:00,1,1
RCT000007608,RC0005,U0002362,push,2026-07-28 18:00:00,1,0
RCT000007609,RC0021,U0007574,in_app,2026-04-16 17:00:00,1,0
RCT000007610,RC0017,U0006194,sms,2026-04-12 09:00:00,1,0
RCT000007611,RC0019,U0004434,sms,2026-07-01 09:00:00,1,0
RCT000007612,RC0012,U0004286,push,2026-02-28 16:00:00,1,0
RCT000007613,RC0012,U0005012,push,2026-03-05 09:00:00,1,1
RCT000007614,RC0022,U0000420,in_app,2026-05-24 10:00:00,1,1
RCT000007615,RC0007,U0007757,push,2026-06-26 17:00:00,1,1
RCT000007616,RC0017,U0001270,sms,2026-04-10 13:00:00,1,0
RCT000007617,RC0018,U0005791,push,2026-02-14 09:00:00,1,0
RCT000007618,RC0005,U0009076,push,2026-07-31 18:00:00,1,0
RCT000007619,RC0013,U0007520,push,2026-02-17 19:00:00,1,0
RCT000007620,RC0006,U0010228,in_app,2026-02-20 15:00:00,1,0
RCT000007621,RC0019,U0009139,sms,2026-06-28 12:00:00,1,0
RCT000007622,RC0009,U0010572,sms,2026-05-06 09:00:00,1,0
RCT000007623,RC0020,U0008002,push,2026-05-29 21:00:00,1,0
RCT000007624,RC0024,U0000821,push,2026-06-08 10:00:00,0,0
RCT000007625,RC0008,U0009557,push,2026-06-26 08:00:00,1,0
RCT000007626,RC0021,U0010498,in_app,2026-04-15 11:00:00,1,0
RCT000007627,RC0007,U0006139,push,2026-06-29 17:00:00,1,0
RCT000007628,RC0014,U0011198,push,2026-03-23 17:00:00,1,0
RCT000007629,RC0010,U0003819,push,2026-03-18 12:00:00,1,1
RCT000007630,RC0004,U0008061,in_app,2026-02-03 15:00:00,1,0
RCT000007631,RC0005,U0000845,push,2026-07-28 18:00:00,1,0
RCT000007632,RC0008,U0001518,push,2026-06-21 08:00:00,1,1
RCT000007633,RC0001,U0004871,push,2026-07-28 13:00:00,1,0
RCT000007634,RC0011,U0006493,sms,2026-07-10 15:00:00,1,0
RCT000007635,RC0002,U0009423,push,2026-06-13 19:00:00,1,0
RCT000007636,RC0002,U0001874,push,2026-06-19 12:00:00,1,0
RCT000007637,RC0021,U0002579,in_app,2026-04-16 21:00:00,1,0
RCT000007638,RC0005,U0011099,push,2026-07-30 15:00:00,1,0
RCT000007639,RC0002,U0011963,push,2026-06-14 15:00:00,1,0
RCT000007640,RC0002,U0007841,push,2026-06-13 20:00:00,1,0
RCT000007641,RC0018,U0004364,push,2026-02-12 15:00:00,0,0
RCT000007642,RC0011,U0003642,sms,2026-07-14 10:00:00,1,0
RCT000007643,RC0013,U0000609,push,2026-02-15 08:00:00,1,0
RCT000007644,RC0003,U0004865,push,2026-02-11 13:00:00,1,0
RCT000007645,RC0005,U0000462,push,2026-08-03 18:00:00,1,1
RCT000007646,RC0014,U0001068,push,2026-03-25 11:00:00,1,0
RCT000007647,RC0004,U0002463,in_app,2026-02-05 09:00:00,1,0
RCT000007648,RC0023,U0010472,sms,2026-05-27 14:00:00,1,0
RCT000007649,RC0024,U0003222,push,2026-06-10 19:00:00,0,0
RCT000007650,RC0001,U0007598,push,2026-07-28 21:00:00,1,0
RCT000007651,RC0021,U0010161,in_app,2026-04-18 15:00:00,1,0
RCT000007652,RC0004,U0004683,in_app,2026-02-01 21:00:00,0,0
RCT000007653,RC0001,U0008656,push,2026-07-27 12:00:00,1,0
RCT000007654,RC0007,U0000829,push,2026-06-29 21:00:00,0,0
RCT000007655,RC0007,U0008392,push,2026-06-25 16:00:00,1,1
RCT000007656,RC0024,U0010349,push,2026-06-09 16:00:00,1,0
RCT000007657,RC0006,U0007540,in_app,2026-02-18 18:00:00,1,0
RCT000007658,RC0004,U0010675,in_app,2026-02-05 17:00:00,1,1
RCT000007659,RC0020,U0008489,push,2026-05-29 10:00:00,1,0
RCT000007660,RC0005,U0007763,push,2026-08-01 11:00:00,1,0
RCT000007661,RC0005,U0001493,push,2026-07-28 10:00:00,1,0
RCT000007662,RC0005,U0003011,push,2026-08-01 14:00:00,0,0
RCT000007663,RC0008,U0002445,push,2026-06-25 21:00:00,1,1
RCT000007664,RC0001,U0001699,push,2026-07-29 12:00:00,1,0
RCT000007665,RC0018,U0004965,push,2026-02-14 10:00:00,1,0
RCT000007666,RC0008,U0001650,push,2026-06-24 13:00:00,1,1
RCT000007667,RC0019,U0005024,sms,2026-06-25 15:00:00,1,0
RCT000007668,RC0010,U0010598,push,2026-03-13 13:00:00,1,0
RCT000007669,RC0001,U0011095,push,2026-07-30 19:00:00,0,0
RCT000007670,RC0017,U0001582,sms,2026-04-08 13:00:00,1,0
RCT000007671,RC0019,U0001593,sms,2026-06-29 13:00:00,1,0
RCT000007672,RC0021,U0003493,in_app,2026-04-20 08:00:00,1,0
RCT000007673,RC0018,U0004624,push,2026-02-08 10:00:00,0,0
RCT000007674,RC0014,U0001769,push,2026-03-26 18:00:00,1,1
RCT000007675,RC0010,U0001502,push,2026-03-12 18:00:00,1,0
RCT000007676,RC0020,U0007311,push,2026-05-29 09:00:00,1,1
RCT000007677,RC0004,U0011093,in_app,2026-02-01 12:00:00,1,0
RCT000007678,RC0010,U0002594,push,2026-03-17 12:00:00,1,0
RCT000007679,RC0020,U0005904,push,2026-05-26 21:00:00,0,0
RCT000007680,RC0007,U0002106,push,2026-06-27 12:00:00,1,0
RCT000007681,RC0009,U0011997,sms,2026-05-09 19:00:00,1,1
RCT000007682,RC0018,U0009814,push,2026-02-13 18:00:00,1,1
RCT000007683,RC0021,U0004885,in_app,2026-04-20 08:00:00,1,0
RCT000007684,RC0012,U0008149,push,2026-03-03 13:00:00,1,1
RCT000007685,RC0011,U0008401,sms,2026-07-10 19:00:00,1,0
RCT000007686,RC0018,U0008803,push,2026-02-14 13:00:00,1,0
RCT000007687,RC0013,U0006538,push,2026-02-19 19:00:00,1,0
RCT000007688,RC0014,U0006779,push,2026-03-23 16:00:00,1,0
RCT000007689,RC0021,U0004062,in_app,2026-04-18 15:00:00,1,0
RCT000007690,RC0006,U0005706,in_app,2026-02-16 16:00:00,1,0
RCT000007691,RC0017,U0004538,sms,2026-04-10 13:00:00,1,0
RCT000007692,RC0021,U0005273,in_app,2026-04-19 10:00:00,1,0
RCT000007693,RC0016,U0001176,in_app,2026-02-23 16:00:00,1,0
RCT000007694,RC0003,U0003055,push,2026-02-16 09:00:00,1,0
RCT000007695,RC0002,U0010811,push,2026-06-16 16:00:00,1,1
RCT000007696,RC0010,U0007474,push,2026-03-14 18:00:00,1,1
RCT000007697,RC0013,U0009258,push,2026-02-15 08:00:00,1,0
RCT000007698,RC0010,U0002580,push,2026-03-13 09:00:00,1,1
RCT000007699,RC0008,U0000720,push,2026-06-23 17:00:00,1,0
RCT000007700,RC0018,U0005942,push,2026-02-13 12:00:00,1,0
RCT000007701,RC0009,U0009234,sms,2026-05-12 16:00:00,1,0
RCT000007702,RC0005,U0010654,push,2026-08-02 08:00:00,1,0
RCT000007703,RC0024,U0005195,push,2026-06-04 08:00:00,1,0
RCT000007704,RC0018,U0005137,push,2026-02-09 12:00:00,1,0
RCT000007705,RC0020,U0001627,push,2026-05-26 09:00:00,1,0
RCT000007706,RC0010,U0006334,push,2026-03-13 09:00:00,1,0
RCT000007707,RC0013,U0005173,push,2026-02-17 12:00:00,1,1
RCT000007708,RC0011,U0008784,sms,2026-07-11 12:00:00,1,0
RCT000007709,RC0007,U0010051,push,2026-06-29 15:00:00,1,0
RCT000007710,RC0011,U0007548,sms,2026-07-11 14:00:00,1,0
RCT000007711,RC0009,U0009700,sms,2026-05-07 12:00:00,1,0
RCT000007712,RC0009,U0008782,sms,2026-05-06 16:00:00,1,0
RCT000007713,RC0020,U0003454,push,2026-05-26 09:00:00,1,0
RCT000007714,RC0017,U0006020,sms,2026-04-10 15:00:00,1,0
RCT000007715,RC0007,U0006064,push,2026-06-25 09:00:00,1,0
RCT000007716,RC0002,U0005140,push,2026-06-14 08:00:00,1,0
RCT000007717,RC0021,U0003452,in_app,2026-04-15 12:00:00,1,0
RCT000007718,RC0013,U0002296,push,2026-02-15 19:00:00,1,0
RCT000007719,RC0023,U0000561,sms,2026-06-02 18:00:00,1,0
RCT000007720,RC0024,U0000626,push,2026-06-07 15:00:00,1,0
RCT000007721,RC0001,U0009979,push,2026-07-26 08:00:00,1,0
RCT000007722,RC0018,U0003427,push,2026-02-13 13:00:00,1,0
RCT000007723,RC0012,U0003573,push,2026-03-02 20:00:00,1,0
RCT000007724,RC0023,U0008333,sms,2026-05-27 21:00:00,1,0
RCT000007725,RC0004,U0008902,in_app,2026-02-06 14:00:00,1,0
RCT000007726,RC0017,U0008481,sms,2026-04-14 20:00:00,1,0
RCT000007727,RC0005,U0010441,push,2026-07-31 10:00:00,1,0
RCT000007728,RC0009,U0005016,sms,2026-05-08 13:00:00,1,0
RCT000007729,RC0008,U0005291,push,2026-06-27 20:00:00,1,0
RCT000007730,RC0007,U0006085,push,2026-06-29 09:00:00,0,0
RCT000007731,RC0017,U0009700,sms,2026-04-10 13:00:00,1,0
RCT000007732,RC0004,U0004326,in_app,2026-02-05 13:00:00,1,0
RCT000007733,RC0002,U0007292,push,2026-06-13 09:00:00,1,0
RCT000007734,RC0002,U0011726,push,2026-06-15 20:00:00,1,1
RCT000007735,RC0011,U0007711,sms,2026-07-14 17:00:00,1,0
RCT000007736,RC0012,U0011374,push,2026-03-01 13:00:00,1,0
RCT000007737,RC0003,U0001601,push,2026-02-16 11:00:00,1,0
RCT000007738,RC0018,U0005978,push,2026-02-14 21:00:00,1,1
RCT000007739,RC0002,U0006368,push,2026-06-16 16:00:00,1,1
RCT000007740,RC0017,U0004408,sms,2026-04-10 15:00:00,0,0
RCT000007741,RC0022,U0007512,in_app,2026-05-23 11:00:00,1,0
RCT000007742,RC0005,U0001648,push,2026-07-29 19:00:00,1,0
RCT000007743,RC0008,U0002919,push,2026-06-21 18:00:00,1,0
RCT000007744,RC0003,U0003651,push,2026-02-12 18:00:00,1,0
RCT000007745,RC0001,U0009800,push,2026-07-29 16:00:00,1,0
RCT000007746,RC0005,U0010614,push,2026-08-01 12:00:00,1,0
RCT000007747,RC0006,U0009286,in_app,2026-02-15 19:00:00,1,0
RCT000007748,RC0024,U0006463,push,2026-06-08 17:00:00,1,0
RCT000007749,RC0019,U0009464,sms,2026-06-27 09:00:00,1,0
RCT000007750,RC0009,U0009262,sms,2026-05-06 17:00:00,1,0
RCT000007751,RC0001,U0006414,push,2026-07-28 11:00:00,1,0
RCT000007752,RC0002,U0000676,push,2026-06-14 21:00:00,1,0
RCT000007753,RC0012,U0008375,push,2026-03-02 10:00:00,1,0
RCT000007754,RC0020,U0011815,push,2026-05-25 12:00:00,1,0
RCT000007755,RC0001,U0011319,push,2026-07-31 08:00:00,1,1
RCT000007756,RC0001,U0000891,push,2026-07-30 14:00:00,1,0
RCT000007757,RC0003,U0009040,push,2026-02-11 09:00:00,1,0
RCT000007758,RC0007,U0004918,push,2026-06-24 15:00:00,1,0
RCT000007759,RC0004,U0010393,in_app,2026-01-31 16:00:00,0,0
RCT000007760,RC0003,U0002918,push,2026-02-12 20:00:00,1,1
RCT000007761,RC0001,U0002568,push,2026-07-31 20:00:00,1,0
RCT000007762,RC0003,U0010778,push,2026-02-13 13:00:00,1,0
RCT000007763,RC0012,U0007093,push,2026-02-28 20:00:00,1,0
RCT000007764,RC0002,U0001383,push,2026-06-19 10:00:00,1,0
RCT000007765,RC0020,U0009135,push,2026-05-27 10:00:00,1,0
RCT000007766,RC0013,U0004029,push,2026-02-19 16:00:00,1,0
RCT000007767,RC0002,U0005432,push,2026-06-16 11:00:00,1,0
RCT000007768,RC0005,U0008593,push,2026-07-30 18:00:00,1,1
RCT000007769,RC0010,U0003235,push,2026-03-18 19:00:00,1,0
RCT000007770,RC0019,U0008949,sms,2026-06-27 11:00:00,1,0
RCT000007771,RC0001,U0001867,push,2026-07-26 19:00:00,1,0
RCT000007772,RC0015,U0005147,push,2026-04-27 18:00:00,1,0
RCT000007773,RC0010,U0010251,push,2026-03-18 13:00:00,1,1
RCT000007774,RC0019,U0010227,sms,2026-06-27 13:00:00,1,0
RCT000007775,RC0017,U0007923,sms,2026-04-10 14:00:00,1,0
RCT000007776,RC0024,U0002745,push,2026-06-09 08:00:00,1,0
RCT000007777,RC0002,U0006591,push,2026-06-15 15:00:00,1,0
RCT000007778,RC0004,U0006908,in_app,2026-02-01 14:00:00,1,0
RCT000007779,RC0005,U0009013,push,2026-08-03 17:00:00,1,0
RCT000007780,RC0006,U0010583,in_app,2026-02-17 13:00:00,1,1
RCT000007781,RC0015,U0003195,push,2026-04-21 21:00:00,1,0
RCT000007782,RC0019,U0011099,sms,2026-06-27 20:00:00,1,0
RCT000007783,RC0016,U0010976,in_app,2026-02-23 12:00:00,1,0
RCT000007784,RC0011,U0011804,sms,2026-07-10 11:00:00,1,0
RCT000007785,RC0023,U0000445,sms,2026-05-31 21:00:00,0,0
RCT000007786,RC0013,U0005227,push,2026-02-17 09:00:00,1,1
RCT000007787,RC0019,U0011833,sms,2026-06-29 20:00:00,1,0
RCT000007788,RC0016,U0009389,in_app,2026-02-23 21:00:00,1,0
RCT000007789,RC0013,U0006371,push,2026-02-19 18:00:00,1,0
RCT000007790,RC0010,U0008448,push,2026-03-13 10:00:00,1,0
RCT000007791,RC0013,U0007865,push,2026-02-17 09:00:00,1,0
RCT000007792,RC0023,U0001199,sms,2026-06-02 15:00:00,1,0
RCT000007793,RC0011,U0011478,sms,2026-07-12 18:00:00,1,0
RCT000007794,RC0005,U0002466,push,2026-08-03 18:00:00,1,0
RCT000007795,RC0007,U0004550,push,2026-06-28 10:00:00,1,0
RCT000007796,RC0010,U0005683,push,2026-03-13 17:00:00,1,0
RCT000007797,RC0019,U0002945,sms,2026-06-28 19:00:00,1,0
RCT000007798,RC0002,U0008956,push,2026-06-16 13:00:00,1,0
RCT000007799,RC0023,U0006088,sms,2026-05-28 12:00:00,1,0
RCT000007800,RC0005,U0009633,push,2026-08-02 08:00:00,1,0
RCT000007801,RC0012,U0010931,push,2026-03-03 08:00:00,1,0
RCT000007802,RC0013,U0003951,push,2026-02-18 13:00:00,1,0
RCT000007803,RC0021,U0008801,in_app,2026-04-19 13:00:00,1,0
RCT000007804,RC0019,U0011295,sms,2026-06-25 08:00:00,1,0
RCT000007805,RC0022,U0000991,in_app,2026-05-21 15:00:00,1,0
RCT000007806,RC0012,U0001296,push,2026-02-28 13:00:00,1,0
RCT000007807,RC0002,U0003693,push,2026-06-13 19:00:00,1,0
RCT000007808,RC0017,U0004024,sms,2026-04-09 14:00:00,1,0
RCT000007809,RC0005,U0011292,push,2026-07-29 13:00:00,1,0
RCT000007810,RC0024,U0000550,push,2026-06-04 17:00:00,1,0
RCT000007811,RC0022,U0007116,in_app,2026-05-22 18:00:00,1,1
RCT000007812,RC0024,U0000377,push,2026-06-05 13:00:00,1,0
RCT000007813,RC0016,U0006686,in_app,2026-02-26 12:00:00,1,0
RCT000007814,RC0006,U0009157,in_app,2026-02-16 08:00:00,1,0
RCT000007815,RC0009,U0003681,sms,2026-05-07 15:00:00,1,0
RCT000007816,RC0002,U0005367,push,2026-06-16 08:00:00,1,1
RCT000007817,RC0021,U0007937,in_app,2026-04-18 11:00:00,1,0
RCT000007818,RC0002,U0010819,push,2026-06-18 11:00:00,1,0
RCT000007819,RC0022,U0003924,in_app,2026-05-23 16:00:00,1,0
RCT000007820,RC0019,U0006297,sms,2026-06-28 11:00:00,1,0
RCT000007821,RC0006,U0000629,in_app,2026-02-18 18:00:00,1,0
RCT000007822,RC0017,U0009306,sms,2026-04-09 15:00:00,1,0
RCT000007823,RC0005,U0002132,push,2026-07-31 10:00:00,1,0
RCT000007824,RC0010,U0002709,push,2026-03-18 19:00:00,1,0
RCT000007825,RC0015,U0004573,push,2026-04-22 08:00:00,1,0
RCT000007826,RC0019,U0010751,sms,2026-06-30 14:00:00,1,0
RCT000007827,RC0006,U0008403,in_app,2026-02-16 10:00:00,1,0
RCT000007828,RC0020,U0004579,push,2026-05-27 15:00:00,1,0
RCT000007829,RC0011,U0010864,sms,2026-07-12 21:00:00,1,0
RCT000007830,RC0004,U0000438,in_app,2026-02-06 21:00:00,1,0
RCT000007831,RC0010,U0004762,push,2026-03-12 20:00:00,1,1
RCT000007832,RC0003,U0008002,push,2026-02-15 21:00:00,1,1
RCT000007833,RC0003,U0005112,push,2026-02-13 21:00:00,1,0
RCT000007834,RC0010,U0005107,push,2026-03-12 19:00:00,1,1
RCT000007835,RC0019,U0005616,sms,2026-06-27 09:00:00,1,0
RCT000007836,RC0015,U0004489,push,2026-04-24 08:00:00,1,0
RCT000007837,RC0008,U0011722,push,2026-06-25 20:00:00,1,0
RCT000007838,RC0024,U0004077,push,2026-06-06 09:00:00,1,0
RCT000007839,RC0005,U0006550,push,2026-08-03 16:00:00,0,0
RCT000007840,RC0011,U0008802,sms,2026-07-15 09:00:00,1,1
RCT000007841,RC0003,U0009375,push,2026-02-13 16:00:00,1,0
RCT000007842,RC0014,U0011092,push,2026-03-25 13:00:00,1,0
RCT000007843,RC0024,U0008813,push,2026-06-08 16:00:00,1,0
RCT000007844,RC0011,U0007688,sms,2026-07-12 13:00:00,1,1
RCT000007845,RC0018,U0001622,push,2026-02-13 20:00:00,1,0
RCT000007846,RC0024,U0009653,push,2026-06-09 16:00:00,1,0
RCT000007847,RC0023,U0005399,sms,2026-05-29 18:00:00,1,0
RCT000007848,RC0004,U0004004,in_app,2026-02-05 09:00:00,1,0
RCT000007849,RC0008,U0001112,push,2026-06-27 21:00:00,0,0
RCT000007850,RC0009,U0001813,sms,2026-05-10 11:00:00,1,0
RCT000007851,RC0023,U0011163,sms,2026-06-02 20:00:00,1,0
RCT000007852,RC0002,U0006511,push,2026-06-17 21:00:00,1,0
RCT000007853,RC0022,U0009332,in_app,2026-05-25 17:00:00,1,1
RCT000007854,RC0010,U0009873,push,2026-03-15 11:00:00,1,0
RCT000007855,RC0014,U0002272,push,2026-03-25 09:00:00,1,1
RCT000007856,RC0013,U0007448,push,2026-02-17 11:00:00,1,0
RCT000007857,RC0024,U0003900,push,2026-06-10 12:00:00,1,0
RCT000007858,RC0005,U0007905,push,2026-07-28 16:00:00,1,0
RCT000007859,RC0006,U0006656,in_app,2026-02-16 14:00:00,1,0
RCT000007860,RC0003,U0010798,push,2026-02-14 10:00:00,0,0
RCT000007861,RC0020,U0010615,push,2026-05-27 16:00:00,1,0
RCT000007862,RC0007,U0006887,push,2026-06-29 09:00:00,1,0
RCT000007863,RC0024,U0007684,push,2026-06-05 18:00:00,1,1
RCT000007864,RC0022,U0001715,in_app,2026-05-23 20:00:00,1,0
RCT000007865,RC0013,U0010586,push,2026-02-16 12:00:00,1,0
RCT000007866,RC0003,U0003694,push,2026-02-12 13:00:00,1,0
RCT000007867,RC0001,U0008543,push,2026-07-29 09:00:00,1,0
RCT000007868,RC0021,U0011560,in_app,2026-04-15 19:00:00,1,0
RCT000007869,RC0014,U0007575,push,2026-03-25 19:00:00,1,0
RCT000007870,RC0001,U0009513,push,2026-07-26 11:00:00,1,0
RCT000007871,RC0023,U0007227,sms,2026-05-31 15:00:00,1,0
RCT000007872,RC0002,U0003107,push,2026-06-16 19:00:00,1,0
RCT000007873,RC0023,U0000085,sms,2026-05-27 08:00:00,1,0
RCT000007874,RC0024,U0001256,push,2026-06-09 13:00:00,1,0
RCT000007875,RC0002,U0006921,push,2026-06-19 11:00:00,1,1
RCT000007876,RC0004,U0009128,in_app,2026-01-31 15:00:00,1,0
RCT000007877,RC0007,U0002249,push,2026-06-24 11:00:00,0,0
RCT000007878,RC0006,U0005284,in_app,2026-02-15 13:00:00,1,1
RCT000007879,RC0011,U0003907,sms,2026-07-16 16:00:00,1,0
RCT000007880,RC0011,U0000496,sms,2026-07-16 17:00:00,1,0
RCT000007881,RC0015,U0009659,push,2026-04-21 20:00:00,1,0
RCT000007882,RC0001,U0010997,push,2026-07-30 09:00:00,1,0
RCT000007883,RC0010,U0010610,push,2026-03-12 18:00:00,0,0
RCT000007884,RC0017,U0002300,sms,2026-04-09 20:00:00,1,0
RCT000007885,RC0010,U0001610,push,2026-03-18 15:00:00,1,0
RCT000007886,RC0007,U0007179,push,2026-06-28 13:00:00,1,1
RCT000007887,RC0004,U0003653,in_app,2026-02-04 10:00:00,1,0
RCT000007888,RC0014,U0007612,push,2026-03-22 19:00:00,1,0
RCT000007889,RC0021,U0007897,in_app,2026-04-19 08:00:00,1,0
RCT000007890,RC0010,U0004525,push,2026-03-12 16:00:00,1,0
RCT000007891,RC0021,U0008371,in_app,2026-04-18 19:00:00,1,0
RCT000007892,RC0013,U0003412,push,2026-02-20 13:00:00,1,1
RCT000007893,RC0017,U0001186,sms,2026-04-09 20:00:00,1,0
RCT000007894,RC0017,U0010426,sms,2026-04-13 17:00:00,1,1
RCT000007895,RC0002,U0005693,push,2026-06-18 09:00:00,1,0
RCT000007896,RC0022,U0011384,in_app,2026-05-21 16:00:00,1,0
RCT000007897,RC0024,U0001772,push,2026-06-04 17:00:00,1,1
RCT000007898,RC0017,U0007169,sms,2026-04-13 08:00:00,1,0
RCT000007899,RC0013,U0006426,push,2026-02-18 09:00:00,1,0
RCT000007900,RC0004,U0002042,in_app,2026-02-04 18:00:00,1,0
RCT000007901,RC0012,U0005725,push,2026-03-05 09:00:00,1,0
RCT000007902,RC0024,U0007557,push,2026-06-06 15:00:00,1,0
RCT000007903,RC0015,U0009988,push,2026-04-24 11:00:00,1,1
RCT000007904,RC0020,U0009267,push,2026-05-24 16:00:00,1,0
RCT000007905,RC0015,U0002944,push,2026-04-25 13:00:00,0,0
RCT000007906,RC0001,U0009148,push,2026-08-01 20:00:00,1,1
RCT000007907,RC0004,U0006403,in_app,2026-02-03 16:00:00,1,0
RCT000007908,RC0013,U0002657,push,2026-02-14 11:00:00,1,0
RCT000007909,RC0002,U0004829,push,2026-06-19 20:00:00,1,0
RCT000007910,RC0015,U0000887,push,2026-04-24 09:00:00,1,1
RCT000007911,RC0013,U0000571,push,2026-02-18 18:00:00,1,0
RCT000007912,RC0007,U0002169,push,2026-06-28 21:00:00,1,1
RCT000007913,RC0001,U0010007,push,2026-07-26 13:00:00,1,1
RCT000007914,RC0002,U0008292,push,2026-06-15 17:00:00,1,0
RCT000007915,RC0012,U0010719,push,2026-03-01 15:00:00,1,0
RCT000007916,RC0020,U0001248,push,2026-05-29 16:00:00,1,0
RCT000007917,RC0013,U0010654,push,2026-02-15 13:00:00,1,0
RCT000007918,RC0006,U0006965,in_app,2026-02-16 14:00:00,1,0
RCT000007919,RC0013,U0011684,push,2026-02-20 09:00:00,1,0
RCT000007920,RC0024,U0000021,push,2026-06-07 09:00:00,1,1
RCT000007921,RC0013,U0003197,push,2026-02-19 09:00:00,0,0
RCT000007922,RC0013,U0004669,push,2026-02-19 17:00:00,1,0
RCT000007923,RC0015,U0011730,push,2026-04-23 09:00:00,1,0
RCT000007924,RC0017,U0001771,sms,2026-04-14 08:00:00,1,0
RCT000007925,RC0012,U0001422,push,2026-02-27 19:00:00,1,0
RCT000007926,RC0012,U0006344,push,2026-03-05 17:00:00,1,0
RCT000007927,RC0014,U0009458,push,2026-03-24 10:00:00,1,0
RCT000007928,RC0003,U0006831,push,2026-02-14 12:00:00,1,0
RCT000007929,RC0013,U0003881,push,2026-02-20 14:00:00,0,0
RCT000007930,RC0018,U0011477,push,2026-02-09 14:00:00,1,0
RCT000007931,RC0001,U0009200,push,2026-07-27 20:00:00,1,0
RCT000007932,RC0019,U0011589,sms,2026-06-30 20:00:00,1,0
RCT000007933,RC0020,U0002469,push,2026-05-28 09:00:00,1,0
RCT000007934,RC0009,U0006760,sms,2026-05-10 14:00:00,1,0
RCT000007935,RC0016,U0009448,in_app,2026-02-22 11:00:00,1,1
RCT000007936,RC0009,U0002805,sms,2026-05-07 13:00:00,1,0
RCT000007937,RC0022,U0008295,in_app,2026-05-27 21:00:00,1,0
RCT000007938,RC0003,U0009687,push,2026-02-16 20:00:00,1,0
RCT000007939,RC0013,U0001422,push,2026-02-17 19:00:00,0,0
RCT000007940,RC0002,U0008617,push,2026-06-14 09:00:00,1,0
RCT000007941,RC0014,U0011015,push,2026-03-25 14:00:00,1,0
RCT000007942,RC0005,U0006410,push,2026-08-01 11:00:00,0,0
RCT000007943,RC0023,U0008869,sms,2026-06-02 11:00:00,1,0
RCT000007944,RC0006,U0006553,in_app,2026-02-20 20:00:00,1,0
RCT000007945,RC0021,U0006304,in_app,2026-04-19 16:00:00,1,0
RCT000007946,RC0011,U0007164,sms,2026-07-10 18:00:00,1,0
RCT000007947,RC0005,U0004692,push,2026-07-28 17:00:00,1,0
RCT000007948,RC0016,U0002602,in_app,2026-02-24 09:00:00,1,0
RCT000007949,RC0019,U0005376,sms,2026-06-30 10:00:00,1,1
RCT000007950,RC0014,U0011159,push,2026-03-23 14:00:00,1,0
RCT000007951,RC0021,U0009681,in_app,2026-04-19 15:00:00,1,0
RCT000007952,RC0023,U0007063,sms,2026-06-01 10:00:00,1,0
RCT000007953,RC0017,U0008442,sms,2026-04-11 14:00:00,1,0
RCT000007954,RC0009,U0000662,sms,2026-05-10 12:00:00,1,0
RCT000007955,RC0014,U0003282,push,2026-03-24 08:00:00,1,0
RCT000007956,RC0010,U0004689,push,2026-03-18 18:00:00,1,0
RCT000007957,RC0012,U0009635,push,2026-03-01 14:00:00,1,0
RCT000007958,RC0014,U0000750,push,2026-03-25 08:00:00,1,1
RCT000007959,RC0017,U0011344,sms,2026-04-08 13:00:00,1,0
RCT000007960,RC0024,U0007461,push,2026-06-04 18:00:00,1,0
RCT000007961,RC0015,U0005629,push,2026-04-22 13:00:00,1,0
RCT000007962,RC0001,U0007167,push,2026-07-28 09:00:00,1,0
RCT000007963,RC0020,U0008298,push,2026-05-24 15:00:00,1,0
RCT000007964,RC0005,U0009668,push,2026-07-31 15:00:00,1,0
RCT000007965,RC0015,U0010896,push,2026-04-22 12:00:00,1,0
RCT000007966,RC0018,U0002773,push,2026-02-09 15:00:00,1,0
RCT000007967,RC0022,U0006742,in_app,2026-05-27 18:00:00,0,0
RCT000007968,RC0008,U0009966,push,2026-06-25 14:00:00,1,0
RCT000007969,RC0004,U0011502,in_app,2026-02-03 11:00:00,1,0
RCT000007970,RC0011,U0006533,sms,2026-07-13 17:00:00,1,0
RCT000007971,RC0013,U0006915,push,2026-02-18 11:00:00,1,1
RCT000007972,RC0010,U0008202,push,2026-03-16 10:00:00,1,0
RCT000007973,RC0021,U0002966,in_app,2026-04-18 09:00:00,1,0
RCT000007974,RC0017,U0009290,sms,2026-04-13 15:00:00,1,1
RCT000007975,RC0008,U0002316,push,2026-06-23 09:00:00,1,0
RCT000007976,RC0007,U0010286,push,2026-06-27 19:00:00,1,1
RCT000007977,RC0016,U0003222,in_app,2026-02-24 17:00:00,1,0
RCT000007978,RC0017,U0006134,sms,2026-04-09 16:00:00,1,0
RCT000007979,RC0020,U0011597,push,2026-05-29 17:00:00,1,1
RCT000007980,RC0003,U0005850,push,2026-02-15 08:00:00,1,0
RCT000007981,RC0018,U0010276,push,2026-02-09 19:00:00,1,0
RCT000007982,RC0024,U0003085,push,2026-06-09 09:00:00,1,0
RCT000007983,RC0016,U0007809,in_app,2026-02-25 17:00:00,1,0
RCT000007984,RC0005,U0006579,push,2026-07-31 09:00:00,1,1
RCT000007985,RC0011,U0006611,sms,2026-07-12 17:00:00,1,0
RCT000007986,RC0018,U0006804,push,2026-02-13 08:00:00,1,0
RCT000007987,RC0009,U0004810,sms,2026-05-12 08:00:00,1,0
RCT000007988,RC0013,U0006768,push,2026-02-18 12:00:00,1,0
RCT000007989,RC0007,U0011912,push,2026-06-26 17:00:00,1,0
RCT000007990,RC0004,U0000556,in_app,2026-01-31 10:00:00,1,0
RCT000007991,RC0016,U0005469,in_app,2026-02-24 10:00:00,1,0
RCT000007992,RC0003,U0008784,push,2026-02-10 21:00:00,1,0
RCT000007993,RC0001,U0006729,push,2026-07-27 20:00:00,1,0
RCT000007994,RC0017,U0002593,sms,2026-04-08 08:00:00,1,0
RCT000007995,RC0020,U0010095,push,2026-05-25 10:00:00,1,0
RCT000007996,RC0014,U0011865,push,2026-03-26 13:00:00,1,0
RCT000007997,RC0024,U0005884,push,2026-06-05 09:00:00,1,1
RCT000007998,RC0022,U0010732,in_app,2026-05-27 08:00:00,1,0
RCT000007999,RC0022,U0003356,in_app,2026-05-24 10:00:00,1,0
RCT000008000,RC0012,U0001754,push,2026-03-02 09:00:00,1,0
RCT000008001,RC0007,U0011240,push,2026-06-28 11:00:00,1,0
RCT000008002,RC0019,U0007404,sms,2026-06-25 08:00:00,1,0
RCT000008003,RC0015,U0004909,push,2026-04-22 12:00:00,1,0
RCT000008004,RC0018,U0009926,push,2026-02-13 19:00:00,1,1
RCT000008005,RC0013,U0003442,push,2026-02-17 16:00:00,1,1
RCT000008006,RC0004,U0008221,in_app,2026-02-03 15:00:00,1,0
RCT000008007,RC0003,U0004924,push,2026-02-14 08:00:00,1,0
RCT000008008,RC0021,U0009703,in_app,2026-04-19 16:00:00,1,0
RCT000008009,RC0006,U0011619,in_app,2026-02-18 16:00:00,1,0
RCT000008010,RC0010,U0006806,push,2026-03-13 09:00:00,1,1
RCT000008011,RC0014,U0010958,push,2026-03-23 10:00:00,1,0
RCT000008012,RC0001,U0009639,push,2026-07-28 18:00:00,1,1
RCT000008013,RC0014,U0007426,push,2026-03-22 20:00:00,1,0
RCT000008014,RC0007,U0006539,push,2026-06-26 11:00:00,1,0
RCT000008015,RC0002,U0001310,push,2026-06-17 16:00:00,1,1
RCT000008016,RC0008,U0007534,push,2026-06-23 09:00:00,1,0
RCT000008017,RC0003,U0002901,push,2026-02-12 15:00:00,1,0
RCT000008018,RC0011,U0001551,sms,2026-07-15 15:00:00,1,0
RCT000008019,RC0013,U0011170,push,2026-02-20 18:00:00,1,0
RCT000008020,RC0011,U0000671,sms,2026-07-13 16:00:00,1,1
RCT000008021,RC0011,U0008280,sms,2026-07-11 20:00:00,1,0
RCT000008022,RC0019,U0010541,sms,2026-07-01 11:00:00,1,0
RCT000008023,RC0007,U0000365,push,2026-06-26 20:00:00,1,0
RCT000008024,RC0018,U0000897,push,2026-02-12 15:00:00,1,0
RCT000008025,RC0018,U0006451,push,2026-02-08 12:00:00,1,0
RCT000008026,RC0002,U0001517,push,2026-06-15 12:00:00,1,0
RCT000008027,RC0015,U0011801,push,2026-04-22 08:00:00,1,0
RCT000008028,RC0015,U0001315,push,2026-04-22 12:00:00,1,0
RCT000008029,RC0019,U0010433,sms,2026-06-30 19:00:00,1,0
RCT000008030,RC0020,U0003108,push,2026-05-29 14:00:00,1,1
RCT000008031,RC0003,U0001983,push,2026-02-13 19:00:00,1,1
RCT000008032,RC0007,U0005539,push,2026-06-27 14:00:00,1,1
RCT000008033,RC0002,U0007240,push,2026-06-15 08:00:00,1,0
RCT000008034,RC0001,U0001681,push,2026-07-28 12:00:00,1,0
RCT000008035,RC0004,U0006856,in_app,2026-02-05 19:00:00,1,0
RCT000008036,RC0002,U0006348,push,2026-06-15 11:00:00,1,0
RCT000008037,RC0001,U0010294,push,2026-08-01 12:00:00,1,1
RCT000008038,RC0014,U0001830,push,2026-03-27 14:00:00,1,0
RCT000008039,RC0010,U0001569,push,2026-03-18 13:00:00,1,0
RCT000008040,RC0004,U0001978,in_app,2026-01-31 15:00:00,1,0
RCT000008041,RC0009,U0001016,sms,2026-05-08 13:00:00,1,0
RCT000008042,RC0022,U0002759,in_app,2026-05-25 10:00:00,1,0
RCT000008043,RC0016,U0004749,in_app,2026-02-26 13:00:00,1,0
RCT000008044,RC0003,U0008291,push,2026-02-14 15:00:00,1,0
RCT000008045,RC0008,U0008627,push,2026-06-26 16:00:00,1,0
RCT000008046,RC0023,U0000360,sms,2026-05-27 10:00:00,1,0
RCT000008047,RC0008,U0000514,push,2026-06-22 08:00:00,1,0
RCT000008048,RC0017,U0008838,sms,2026-04-13 08:00:00,0,0
RCT000008049,RC0004,U0005640,in_app,2026-02-06 08:00:00,1,0
RCT000008050,RC0001,U0011886,push,2026-07-28 12:00:00,1,1
RCT000008051,RC0019,U0003074,sms,2026-06-30 12:00:00,1,0
RCT000008052,RC0016,U0004735,in_app,2026-02-20 14:00:00,1,1
RCT000008053,RC0022,U0006151,in_app,2026-05-23 18:00:00,1,0
RCT000008054,RC0012,U0009082,push,2026-02-27 18:00:00,1,1
RCT000008055,RC0005,U0011595,push,2026-07-31 21:00:00,0,0
RCT000008056,RC0009,U0009018,sms,2026-05-08 21:00:00,1,0
RCT000008057,RC0019,U0008241,sms,2026-06-25 21:00:00,1,0
RCT000008058,RC0014,U0002185,push,2026-03-22 13:00:00,1,0
RCT000008059,RC0009,U0004381,sms,2026-05-11 18:00:00,1,0
RCT000008060,RC0001,U0003264,push,2026-07-31 18:00:00,1,0
RCT000008061,RC0014,U0006494,push,2026-03-22 15:00:00,1,1
RCT000008062,RC0019,U0011724,sms,2026-06-29 18:00:00,1,0
RCT000008063,RC0001,U0004494,push,2026-07-28 10:00:00,1,0
RCT000008064,RC0018,U0007360,push,2026-02-14 09:00:00,1,0
RCT000008065,RC0004,U0005081,in_app,2026-02-01 09:00:00,1,0
RCT000008066,RC0019,U0001488,sms,2026-06-28 13:00:00,1,1
RCT000008067,RC0007,U0008096,push,2026-06-23 20:00:00,1,0
RCT000008068,RC0007,U0008956,push,2026-06-26 10:00:00,1,1
RCT000008069,RC0017,U0004700,sms,2026-04-09 14:00:00,1,0
RCT000008070,RC0019,U0008489,sms,2026-06-29 08:00:00,1,0
RCT000008071,RC0016,U0011590,in_app,2026-02-20 10:00:00,1,1
RCT000008072,RC0001,U0010132,push,2026-08-01 13:00:00,1,1
RCT000008073,RC0004,U0007857,in_app,2026-02-02 20:00:00,1,0
RCT000008074,RC0005,U0005063,push,2026-07-31 16:00:00,1,0
RCT000008075,RC0021,U0007617,in_app,2026-04-19 19:00:00,1,0
RCT000008076,RC0008,U0000820,push,2026-06-27 15:00:00,1,0
RCT000008077,RC0009,U0009697,sms,2026-05-07 17:00:00,1,0
RCT000008078,RC0008,U0000788,push,2026-06-25 20:00:00,1,1
RCT000008079,RC0023,U0011068,sms,2026-05-31 11:00:00,1,0
RCT000008080,RC0003,U0003850,push,2026-02-11 14:00:00,1,0
RCT000008081,RC0007,U0000534,push,2026-06-25 11:00:00,1,0
RCT000008082,RC0024,U0004024,push,2026-06-07 11:00:00,0,0
RCT000008083,RC0019,U0006231,sms,2026-06-30 11:00:00,1,0
RCT000008084,RC0018,U0000691,push,2026-02-09 11:00:00,1,0
RCT000008085,RC0012,U0007346,push,2026-02-27 17:00:00,1,0
RCT000008086,RC0011,U0006477,sms,2026-07-13 18:00:00,1,0
RCT000008087,RC0012,U0008260,push,2026-03-03 10:00:00,1,0
RCT000008088,RC0020,U0009290,push,2026-05-25 15:00:00,1,0
RCT000008089,RC0015,U0002066,push,2026-04-24 16:00:00,1,0
RCT000008090,RC0015,U0004589,push,2026-04-23 18:00:00,1,0
RCT000008091,RC0015,U0007027,push,2026-04-26 21:00:00,1,0
RCT000008092,RC0010,U0008926,push,2026-03-14 17:00:00,1,1
RCT000008093,RC0018,U0011734,push,2026-02-09 13:00:00,1,0
RCT000008094,RC0008,U0004414,push,2026-06-26 10:00:00,1,1
RCT000008095,RC0001,U0000936,push,2026-07-28 18:00:00,1,0
RCT000008096,RC0024,U0007348,push,2026-06-04 21:00:00,1,0
RCT000008097,RC0001,U0001670,push,2026-07-29 16:00:00,1,0
RCT000008098,RC0013,U0000875,push,2026-02-16 11:00:00,1,0
RCT000008099,RC0011,U0001198,sms,2026-07-11 14:00:00,1,0
RCT000008100,RC0011,U0011206,sms,2026-07-14 10:00:00,1,1
RCT000008101,RC0024,U0006087,push,2026-06-05 10:00:00,1,0
RCT000008102,RC0003,U0005656,push,2026-02-13 20:00:00,1,1
RCT000008103,RC0007,U0000351,push,2026-06-25 19:00:00,1,1
RCT000008104,RC0018,U0009772,push,2026-02-10 17:00:00,1,0
RCT000008105,RC0008,U0008534,push,2026-06-26 10:00:00,1,0
RCT000008106,RC0016,U0000555,in_app,2026-02-21 13:00:00,1,0
RCT000008107,RC0018,U0009085,push,2026-02-09 17:00:00,1,0
RCT000008108,RC0010,U0008034,push,2026-03-13 10:00:00,1,1
RCT000008109,RC0017,U0005604,sms,2026-04-12 19:00:00,1,0
RCT000008110,RC0020,U0010741,push,2026-05-28 12:00:00,1,0
RCT000008111,RC0002,U0004264,push,2026-06-17 18:00:00,1,0
RCT000008112,RC0020,U0007546,push,2026-05-26 20:00:00,1,0
RCT000008113,RC0024,U0004923,push,2026-06-09 18:00:00,1,0
RCT000008114,RC0008,U0007073,push,2026-06-27 16:00:00,1,0
RCT000008115,RC0022,U0000514,in_app,2026-05-22 18:00:00,1,0
RCT000008116,RC0011,U0006009,sms,2026-07-16 18:00:00,1,0
RCT000008117,RC0003,U0003991,push,2026-02-14 19:00:00,1,0
RCT000008118,RC0014,U0006486,push,2026-03-25 17:00:00,1,0
RCT000008119,RC0002,U0003999,push,2026-06-13 21:00:00,1,0
RCT000008120,RC0013,U0004069,push,2026-02-15 13:00:00,1,0
RCT000008121,RC0021,U0011172,in_app,2026-04-18 21:00:00,0,0
RCT000008122,RC0013,U0006073,push,2026-02-15 11:00:00,1,0
RCT000008123,RC0021,U0001569,in_app,2026-04-17 15:00:00,0,0
RCT000008124,RC0017,U0000295,sms,2026-04-12 13:00:00,1,0
RCT000008125,RC0021,U0011268,in_app,2026-04-18 21:00:00,1,0
RCT000008126,RC0012,U0008864,push,2026-03-05 21:00:00,1,0
RCT000008127,RC0023,U0011782,sms,2026-06-01 21:00:00,1,0
RCT000008128,RC0014,U0000921,push,2026-03-27 14:00:00,1,0
RCT000008129,RC0001,U0005458,push,2026-07-30 20:00:00,1,0
RCT000008130,RC0015,U0007829,push,2026-04-24 09:00:00,1,0
RCT000008131,RC0014,U0003158,push,2026-03-25 15:00:00,1,0
RCT000008132,RC0001,U0001216,push,2026-08-01 19:00:00,1,0
RCT000008133,RC0010,U0002079,push,2026-03-17 10:00:00,1,0
RCT000008134,RC0013,U0011138,push,2026-02-18 10:00:00,1,0
RCT000008135,RC0014,U0000414,push,2026-03-25 19:00:00,1,0
RCT000008136,RC0020,U0001866,push,2026-05-25 20:00:00,1,0
RCT000008137,RC0011,U0004304,sms,2026-07-11 10:00:00,1,0
RCT000008138,RC0006,U0003619,in_app,2026-02-21 10:00:00,1,0
RCT000008139,RC0005,U0002047,push,2026-07-30 08:00:00,1,0
RCT000008140,RC0006,U0011213,in_app,2026-02-17 17:00:00,1,0
RCT000008141,RC0003,U0001940,push,2026-02-13 09:00:00,1,1
RCT000008142,RC0007,U0008342,push,2026-06-29 14:00:00,1,0
RCT000008143,RC0003,U0005511,push,2026-02-15 09:00:00,1,0
RCT000008144,RC0014,U0009934,push,2026-03-27 16:00:00,1,0
RCT000008145,RC0012,U0003159,push,2026-03-05 10:00:00,1,1
RCT000008146,RC0013,U0008182,push,2026-02-20 08:00:00,1,0
RCT000008147,RC0018,U0000407,push,2026-02-10 12:00:00,0,0
RCT000008148,RC0006,U0008906,in_app,2026-02-20 21:00:00,1,0
RCT000008149,RC0018,U0001999,push,2026-02-14 16:00:00,1,0
RCT000008150,RC0002,U0002779,push,2026-06-17 14:00:00,1,0
RCT000008151,RC0009,U0003479,sms,2026-05-06 08:00:00,0,0
RCT000008152,RC0003,U0002309,push,2026-02-10 18:00:00,1,0
RCT000008153,RC0012,U0000929,push,2026-02-27 11:00:00,1,0
RCT000008154,RC0018,U0011402,push,2026-02-09 12:00:00,0,0
RCT000008155,RC0012,U0009473,push,2026-02-28 10:00:00,1,0
RCT000008156,RC0005,U0000300,push,2026-08-01 09:00:00,1,0
RCT000008157,RC0023,U0002227,sms,2026-06-02 18:00:00,1,0
RCT000008158,RC0002,U0009672,push,2026-06-18 18:00:00,1,0
RCT000008159,RC0010,U0010150,push,2026-03-13 18:00:00,1,0
RCT000008160,RC0001,U0011675,push,2026-07-30 09:00:00,1,0
RCT000008161,RC0005,U0011540,push,2026-07-31 17:00:00,1,0
RCT000008162,RC0005,U0011367,push,2026-08-02 19:00:00,1,0
RCT000008163,RC0004,U0010751,in_app,2026-02-05 15:00:00,1,0
RCT000008164,RC0010,U0000062,push,2026-03-17 20:00:00,1,0
RCT000008165,RC0020,U0004905,push,2026-05-28 20:00:00,1,0
RCT000008166,RC0012,U0005028,push,2026-02-28 09:00:00,1,0
RCT000008167,RC0022,U0006496,in_app,2026-05-21 16:00:00,1,0
RCT000008168,RC0016,U0010805,in_app,2026-02-21 15:00:00,1,0
RCT000008169,RC0009,U0009198,sms,2026-05-07 19:00:00,1,0
RCT000008170,RC0013,U0011397,push,2026-02-20 18:00:00,0,0
RCT000008171,RC0019,U0011651,sms,2026-06-26 15:00:00,1,0
RCT000008172,RC0005,U0001840,push,2026-07-29 17:00:00,1,0
RCT000008173,RC0015,U0009050,push,2026-04-23 17:00:00,1,0
RCT000008174,RC0019,U0006510,sms,2026-07-01 15:00:00,1,0
RCT000008175,RC0009,U0003053,sms,2026-05-08 15:00:00,1,0
RCT000008176,RC0010,U0008985,push,2026-03-12 19:00:00,1,0
RCT000008177,RC0011,U0002910,sms,2026-07-16 12:00:00,1,1
RCT000008178,RC0001,U0011258,push,2026-07-29 19:00:00,1,1
RCT000008179,RC0008,U0006218,push,2026-06-21 08:00:00,1,0
RCT000008180,RC0024,U0008472,push,2026-06-05 11:00:00,1,0
RCT000008181,RC0012,U0002769,push,2026-03-02 10:00:00,1,0
RCT000008182,RC0020,U0004595,push,2026-05-28 16:00:00,1,0
RCT000008183,RC0011,U0010330,sms,2026-07-13 19:00:00,1,0
RCT000008184,RC0017,U0001764,sms,2026-04-13 09:00:00,1,0
RCT000008185,RC0018,U0002285,push,2026-02-14 10:00:00,1,0
RCT000008186,RC0012,U0007891,push,2026-02-28 21:00:00,1,0
RCT000008187,RC0012,U0000668,push,2026-03-04 19:00:00,1,0
RCT000008188,RC0005,U0001755,push,2026-08-02 13:00:00,1,0
RCT000008189,RC0012,U0009840,push,2026-03-01 15:00:00,1,0
RCT000008190,RC0007,U0008811,push,2026-06-26 17:00:00,0,0
RCT000008191,RC0019,U0009679,sms,2026-06-27 13:00:00,1,0
RCT000008192,RC0022,U0007809,in_app,2026-05-26 12:00:00,1,0
RCT000008193,RC0016,U0011933,in_app,2026-02-20 16:00:00,1,0
RCT000008194,RC0018,U0008240,push,2026-02-08 20:00:00,1,1
RCT000008195,RC0002,U0000790,push,2026-06-14 09:00:00,1,1
RCT000008196,RC0014,U0002014,push,2026-03-21 11:00:00,1,0
RCT000008197,RC0020,U0001089,push,2026-05-30 21:00:00,1,1
RCT000008198,RC0020,U0009809,push,2026-05-28 09:00:00,1,0
RCT000008199,RC0018,U0001488,push,2026-02-09 19:00:00,1,1
RCT000008200,RC0007,U0002664,push,2026-06-25 17:00:00,1,0
RCT000008201,RC0017,U0006411,sms,2026-04-08 14:00:00,1,0
RCT000008202,RC0016,U0010520,in_app,2026-02-23 18:00:00,1,0
RCT000008203,RC0019,U0009019,sms,2026-06-27 12:00:00,1,0
RCT000008204,RC0003,U0008700,push,2026-02-16 14:00:00,1,1
RCT000008205,RC0008,U0002130,push,2026-06-26 12:00:00,1,0
RCT000008206,RC0007,U0011756,push,2026-06-25 14:00:00,1,1
RCT000008207,RC0012,U0003454,push,2026-02-27 09:00:00,1,0
RCT000008208,RC0011,U0003242,sms,2026-07-14 12:00:00,1,0
RCT000008209,RC0012,U0011340,push,2026-03-01 11:00:00,1,0
RCT000008210,RC0020,U0000483,push,2026-05-25 21:00:00,1,0
RCT000008211,RC0009,U0001678,sms,2026-05-11 09:00:00,1,0
RCT000008212,RC0014,U0002049,push,2026-03-25 17:00:00,0,0
RCT000008213,RC0010,U0007754,push,2026-03-17 16:00:00,1,1
RCT000008214,RC0014,U0005108,push,2026-03-24 09:00:00,1,0
RCT000008215,RC0015,U0005650,push,2026-04-22 08:00:00,1,0
RCT000008216,RC0008,U0000078,push,2026-06-27 15:00:00,1,0
RCT000008217,RC0024,U0008493,push,2026-06-07 09:00:00,1,0
RCT000008218,RC0010,U0011980,push,2026-03-16 19:00:00,1,0
RCT000008219,RC0005,U0005557,push,2026-07-30 14:00:00,1,1
RCT000008220,RC0009,U0007879,sms,2026-05-06 09:00:00,1,0
RCT000008221,RC0021,U0009763,in_app,2026-04-20 08:00:00,1,0
RCT000008222,RC0013,U0006496,push,2026-02-20 12:00:00,1,0
RCT000008223,RC0010,U0003004,push,2026-03-12 09:00:00,1,0
RCT000008224,RC0015,U0010001,push,2026-04-27 16:00:00,0,0
RCT000008225,RC0023,U0010545,sms,2026-05-30 13:00:00,1,1
RCT000008226,RC0014,U0008840,push,2026-03-22 19:00:00,1,0
RCT000008227,RC0021,U0004318,in_app,2026-04-15 14:00:00,1,0
RCT000008228,RC0018,U0011360,push,2026-02-12 17:00:00,1,0
RCT000008229,RC0011,U0010380,sms,2026-07-15 10:00:00,1,0
RCT000008230,RC0013,U0004628,push,2026-02-19 10:00:00,1,1
RCT000008231,RC0006,U0000582,in_app,2026-02-15 10:00:00,1,0
RCT000008232,RC0020,U0001624,push,2026-05-24 11:00:00,1,0
RCT000008233,RC0022,U0009700,in_app,2026-05-21 10:00:00,1,0
RCT000008234,RC0016,U0011458,in_app,2026-02-23 12:00:00,1,0
RCT000008235,RC0010,U0000298,push,2026-03-15 12:00:00,1,1
RCT000008236,RC0022,U0001761,in_app,2026-05-21 14:00:00,1,0
RCT000008237,RC0020,U0011430,push,2026-05-27 20:00:00,1,0
RCT000008238,RC0024,U0004766,push,2026-06-04 18:00:00,1,1
RCT000008239,RC0024,U0002833,push,2026-06-09 13:00:00,1,0
RCT000008240,RC0019,U0007891,sms,2026-06-26 08:00:00,1,1
RCT000008241,RC0002,U0003519,push,2026-06-15 19:00:00,1,0
RCT000008242,RC0022,U0003259,in_app,2026-05-21 20:00:00,1,0
RCT000008243,RC0009,U0001416,sms,2026-05-07 11:00:00,1,0
RCT000008244,RC0011,U0005068,sms,2026-07-16 12:00:00,1,0
RCT000008245,RC0023,U0007206,sms,2026-06-01 11:00:00,1,0
RCT000008246,RC0008,U0001428,push,2026-06-25 20:00:00,1,0
RCT000008247,RC0004,U0004416,in_app,2026-02-04 21:00:00,0,0
RCT000008248,RC0002,U0001982,push,2026-06-19 13:00:00,0,0
RCT000008249,RC0008,U0000637,push,2026-06-25 15:00:00,1,0
RCT000008250,RC0022,U0011353,in_app,2026-05-25 18:00:00,1,0
RCT000008251,RC0005,U0000910,push,2026-08-03 12:00:00,1,0
RCT000008252,RC0016,U0000713,in_app,2026-02-25 16:00:00,1,0
RCT000008253,RC0011,U0008572,sms,2026-07-15 17:00:00,1,0
RCT000008254,RC0009,U0003458,sms,2026-05-11 11:00:00,1,0
RCT000008255,RC0004,U0007311,in_app,2026-01-31 14:00:00,1,0
RCT000008256,RC0007,U0010035,push,2026-06-23 08:00:00,0,0
RCT000008257,RC0008,U0006761,push,2026-06-24 13:00:00,1,1
RCT000008258,RC0010,U0011536,push,2026-03-14 18:00:00,1,0
RCT000008259,RC0020,U0006135,push,2026-05-29 16:00:00,1,1
RCT000008260,RC0008,U0001609,push,2026-06-27 21:00:00,1,1
RCT000008261,RC0011,U0010850,sms,2026-07-15 15:00:00,1,0
RCT000008262,RC0016,U0004778,in_app,2026-02-20 20:00:00,1,1
RCT000008263,RC0011,U0005107,sms,2026-07-14 12:00:00,1,0
RCT000008264,RC0014,U0008485,push,2026-03-26 16:00:00,1,0
RCT000008265,RC0019,U0011886,sms,2026-06-30 20:00:00,1,0
RCT000008266,RC0003,U0005705,push,2026-02-13 09:00:00,1,0
RCT000008267,RC0018,U0009523,push,2026-02-08 15:00:00,1,0
RCT000008268,RC0019,U0003629,sms,2026-07-01 20:00:00,1,0
RCT000008269,RC0004,U0003476,in_app,2026-01-31 18:00:00,1,0
RCT000008270,RC0023,U0007741,sms,2026-06-02 20:00:00,1,0
RCT000008271,RC0014,U0007393,push,2026-03-25 09:00:00,1,0
RCT000008272,RC0023,U0007953,sms,2026-05-27 16:00:00,1,0
RCT000008273,RC0005,U0009580,push,2026-07-29 16:00:00,1,0
RCT000008274,RC0004,U0002395,in_app,2026-02-01 21:00:00,1,0
RCT000008275,RC0006,U0001899,in_app,2026-02-21 16:00:00,1,0
RCT000008276,RC0002,U0004043,push,2026-06-18 18:00:00,1,0
RCT000008277,RC0007,U0005278,push,2026-06-28 15:00:00,1,0
RCT000008278,RC0010,U0004813,push,2026-03-14 10:00:00,1,1
RCT000008279,RC0020,U0005925,push,2026-05-25 10:00:00,1,0
RCT000008280,RC0009,U0005762,sms,2026-05-11 08:00:00,1,0
RCT000008281,RC0016,U0003564,in_app,2026-02-21 09:00:00,1,0
RCT000008282,RC0011,U0005890,sms,2026-07-14 14:00:00,1,0
RCT000008283,RC0023,U0001388,sms,2026-05-28 18:00:00,1,0
RCT000008284,RC0018,U0002226,push,2026-02-10 14:00:00,1,0
RCT000008285,RC0006,U0004110,in_app,2026-02-15 15:00:00,1,0
RCT000008286,RC0013,U0005523,push,2026-02-19 18:00:00,1,0
RCT000008287,RC0022,U0007467,in_app,2026-05-21 08:00:00,1,0
RCT000008288,RC0017,U0001523,sms,2026-04-09 12:00:00,1,0
RCT000008289,RC0024,U0002627,push,2026-06-06 10:00:00,1,1
RCT000008290,RC0011,U0009132,sms,2026-07-15 08:00:00,1,0
RCT000008291,RC0003,U0009504,push,2026-02-14 09:00:00,1,0
RCT000008292,RC0007,U0004761,push,2026-06-27 14:00:00,1,0
RCT000008293,RC0012,U0006154,push,2026-03-02 14:00:00,1,0
RCT000008294,RC0013,U0008798,push,2026-02-17 13:00:00,1,1
RCT000008295,RC0004,U0008644,in_app,2026-01-31 14:00:00,1,0
RCT000008296,RC0024,U0011197,push,2026-06-04 16:00:00,1,1
RCT000008297,RC0018,U0009110,push,2026-02-12 09:00:00,1,0
RCT000008298,RC0023,U0006251,sms,2026-06-02 16:00:00,1,0
RCT000008299,RC0006,U0002943,in_app,2026-02-17 17:00:00,0,0
RCT000008300,RC0007,U0011763,push,2026-06-29 21:00:00,1,1
RCT000008301,RC0016,U0009032,in_app,2026-02-25 16:00:00,1,1
RCT000008302,RC0006,U0004740,in_app,2026-02-17 09:00:00,1,0
RCT000008303,RC0019,U0005752,sms,2026-07-01 19:00:00,1,0
RCT000008304,RC0003,U0009399,push,2026-02-16 08:00:00,1,0
RCT000008305,RC0020,U0008003,push,2026-05-26 13:00:00,1,0
RCT000008306,RC0012,U0002104,push,2026-02-28 15:00:00,1,0
RCT000008307,RC0019,U0008805,sms,2026-06-26 12:00:00,1,0
RCT000008308,RC0001,U0007792,push,2026-07-29 08:00:00,1,1
RCT000008309,RC0013,U0006806,push,2026-02-15 16:00:00,1,0
RCT000008310,RC0008,U0003008,push,2026-06-27 15:00:00,1,0
RCT000008311,RC0015,U0008539,push,2026-04-21 16:00:00,1,0
RCT000008312,RC0012,U0002675,push,2026-03-04 15:00:00,1,0
RCT000008313,RC0024,U0008092,push,2026-06-05 21:00:00,1,0
RCT000008314,RC0011,U0003424,sms,2026-07-16 18:00:00,1,0
RCT000008315,RC0019,U0001191,sms,2026-06-26 19:00:00,1,0
RCT000008316,RC0024,U0007760,push,2026-06-06 15:00:00,1,1
RCT000008317,RC0020,U0006282,push,2026-05-30 08:00:00,1,0
RCT000008318,RC0017,U0001358,sms,2026-04-09 18:00:00,1,0
RCT000008319,RC0016,U0011992,in_app,2026-02-24 21:00:00,1,0
RCT000008320,RC0023,U0008369,sms,2026-05-31 09:00:00,1,0
RCT000008321,RC0013,U0000980,push,2026-02-17 09:00:00,1,0
RCT000008322,RC0023,U0007797,sms,2026-05-28 09:00:00,1,0
RCT000008323,RC0003,U0010732,push,2026-02-10 21:00:00,1,0
RCT000008324,RC0015,U0011788,push,2026-04-24 20:00:00,1,1
RCT000008325,RC0022,U0000326,in_app,2026-05-23 16:00:00,1,0
RCT000008326,RC0022,U0002035,in_app,2026-05-21 09:00:00,1,0
RCT000008327,RC0017,U0005481,sms,2026-04-08 19:00:00,1,0
RCT000008328,RC0004,U0002963,in_app,2026-02-04 17:00:00,1,0
RCT000008329,RC0023,U0006698,sms,2026-05-27 10:00:00,1,0
RCT000008330,RC0021,U0001122,in_app,2026-04-16 16:00:00,1,0
RCT000008331,RC0006,U0005609,in_app,2026-02-15 11:00:00,1,0
RCT000008332,RC0001,U0009658,push,2026-08-01 16:00:00,1,0
RCT000008333,RC0016,U0009722,in_app,2026-02-24 14:00:00,1,0
RCT000008334,RC0012,U0007470,push,2026-02-28 13:00:00,1,0
RCT000008335,RC0005,U0002993,push,2026-07-30 21:00:00,1,0
RCT000008336,RC0011,U0011015,sms,2026-07-13 19:00:00,1,0
RCT000008337,RC0018,U0000540,push,2026-02-13 11:00:00,1,0
RCT000008338,RC0019,U0011845,sms,2026-06-27 20:00:00,1,0
RCT000008339,RC0021,U0011650,in_app,2026-04-19 18:00:00,1,0
RCT000008340,RC0005,U0005899,push,2026-08-03 20:00:00,1,0
RCT000008341,RC0011,U0003682,sms,2026-07-15 17:00:00,1,0
RCT000008342,RC0020,U0005304,push,2026-05-24 21:00:00,1,0
RCT000008343,RC0014,U0011863,push,2026-03-25 14:00:00,0,0
RCT000008344,RC0011,U0007007,sms,2026-07-13 13:00:00,1,0
RCT000008345,RC0012,U0009698,push,2026-03-04 15:00:00,1,0
RCT000008346,RC0009,U0006642,sms,2026-05-11 15:00:00,1,1
RCT000008347,RC0020,U0003937,push,2026-05-30 08:00:00,1,0
RCT000008348,RC0024,U0006449,push,2026-06-06 12:00:00,1,0
RCT000008349,RC0012,U0006808,push,2026-03-04 17:00:00,0,0
RCT000008350,RC0011,U0004725,sms,2026-07-10 17:00:00,1,0
RCT000008351,RC0001,U0003737,push,2026-07-26 09:00:00,1,0
RCT000008352,RC0023,U0001684,sms,2026-06-01 09:00:00,1,0
RCT000008353,RC0022,U0006652,in_app,2026-05-25 20:00:00,1,0
RCT000008354,RC0005,U0002307,push,2026-08-03 15:00:00,1,0
RCT000008355,RC0010,U0011562,push,2026-03-17 10:00:00,1,0
RCT000008356,RC0009,U0000293,sms,2026-05-11 20:00:00,1,1
RCT000008357,RC0014,U0007802,push,2026-03-26 08:00:00,1,0
RCT000008358,RC0011,U0004227,sms,2026-07-15 19:00:00,0,0
RCT000008359,RC0009,U0008695,sms,2026-05-11 20:00:00,1,0
RCT000008360,RC0001,U0001827,push,2026-07-30 17:00:00,1,0
RCT000008361,RC0005,U0000745,push,2026-08-03 18:00:00,1,0
RCT000008362,RC0013,U0004629,push,2026-02-18 18:00:00,1,0
RCT000008363,RC0001,U0001984,push,2026-07-27 14:00:00,1,1
RCT000008364,RC0010,U0002564,push,2026-03-12 13:00:00,1,0
RCT000008365,RC0010,U0008806,push,2026-03-15 20:00:00,1,0
RCT000008366,RC0009,U0006554,sms,2026-05-09 08:00:00,1,0
RCT000008367,RC0010,U0006348,push,2026-03-15 20:00:00,1,0
RCT000008368,RC0020,U0000038,push,2026-05-25 15:00:00,1,1
RCT000008369,RC0015,U0008417,push,2026-04-26 12:00:00,1,0
RCT000008370,RC0020,U0005601,push,2026-05-24 17:00:00,1,0
RCT000008371,RC0008,U0008036,push,2026-06-23 20:00:00,1,0
RCT000008372,RC0007,U0009178,push,2026-06-25 09:00:00,1,0
RCT000008373,RC0016,U0003427,in_app,2026-02-24 08:00:00,1,0
RCT000008374,RC0018,U0002229,push,2026-02-10 18:00:00,1,0
RCT000008375,RC0016,U0010710,in_app,2026-02-25 15:00:00,1,0
RCT000008376,RC0013,U0005121,push,2026-02-17 17:00:00,1,0
RCT000008377,RC0006,U0008553,in_app,2026-02-15 14:00:00,1,0
RCT000008378,RC0004,U0003620,in_app,2026-02-06 09:00:00,1,0
RCT000008379,RC0020,U0009217,push,2026-05-30 09:00:00,1,0
RCT000008380,RC0008,U0009732,push,2026-06-26 12:00:00,1,0
RCT000008381,RC0016,U0010246,in_app,2026-02-22 17:00:00,1,0
RCT000008382,RC0005,U0007988,push,2026-08-03 20:00:00,1,0
RCT000008383,RC0007,U0005766,push,2026-06-24 12:00:00,1,0
RCT000008384,RC0001,U0008091,push,2026-07-26 14:00:00,1,1
RCT000008385,RC0013,U0005800,push,2026-02-19 19:00:00,1,0
RCT000008386,RC0019,U0011616,sms,2026-06-26 11:00:00,1,0
RCT000008387,RC0008,U0010057,push,2026-06-26 12:00:00,1,1
RCT000008388,RC0024,U0008962,push,2026-06-07 17:00:00,1,0
RCT000008389,RC0009,U0010396,sms,2026-05-09 10:00:00,1,0
RCT000008390,RC0022,U0008954,in_app,2026-05-25 11:00:00,1,0
RCT000008391,RC0021,U0011675,in_app,2026-04-16 10:00:00,0,0
RCT000008392,RC0012,U0006817,push,2026-03-03 12:00:00,1,0
RCT000008393,RC0012,U0010828,push,2026-03-03 11:00:00,1,0
RCT000008394,RC0015,U0008266,push,2026-04-23 12:00:00,1,0
RCT000008395,RC0002,U0000788,push,2026-06-18 11:00:00,1,0
RCT000008396,RC0011,U0007132,sms,2026-07-16 18:00:00,1,0
RCT000008397,RC0004,U0004841,in_app,2026-02-06 15:00:00,0,0
RCT000008398,RC0003,U0000781,push,2026-02-14 13:00:00,1,0
RCT000008399,RC0015,U0007701,push,2026-04-26 15:00:00,1,0
RCT000008400,RC0009,U0011058,sms,2026-05-06 09:00:00,0,0
RCT000008401,RC0016,U0000741,in_app,2026-02-24 20:00:00,1,0
RCT000008402,RC0004,U0008821,in_app,2026-02-05 12:00:00,1,0
RCT000008403,RC0020,U0001539,push,2026-05-27 12:00:00,0,0
RCT000008404,RC0010,U0001964,push,2026-03-16 13:00:00,1,0
RCT000008405,RC0016,U0004063,in_app,2026-02-20 10:00:00,1,1
RCT000008406,RC0010,U0011368,push,2026-03-16 08:00:00,1,0
RCT000008407,RC0018,U0007513,push,2026-02-09 17:00:00,1,1
RCT000008408,RC0018,U0008367,push,2026-02-13 13:00:00,1,0
RCT000008409,RC0005,U0005872,push,2026-07-29 21:00:00,1,0
RCT000008410,RC0006,U0002929,in_app,2026-02-18 09:00:00,1,0
RCT000008411,RC0015,U0000918,push,2026-04-25 17:00:00,1,0
RCT000008412,RC0008,U0004828,push,2026-06-24 16:00:00,1,0
RCT000008413,RC0005,U0007314,push,2026-07-28 09:00:00,1,0
RCT000008414,RC0024,U0001802,push,2026-06-06 16:00:00,1,0
RCT000008415,RC0002,U0008859,push,2026-06-17 20:00:00,1,1
RCT000008416,RC0022,U0003671,in_app,2026-05-26 10:00:00,1,0
RCT000008417,RC0002,U0005948,push,2026-06-13 14:00:00,1,0
RCT000008418,RC0011,U0006393,sms,2026-07-13 08:00:00,1,0
RCT000008419,RC0021,U0001293,in_app,2026-04-17 13:00:00,1,0
RCT000008420,RC0022,U0003708,in_app,2026-05-21 18:00:00,1,1
RCT000008421,RC0019,U0004327,sms,2026-06-29 08:00:00,1,0
RCT000008422,RC0005,U0003880,push,2026-08-02 09:00:00,1,0
RCT000008423,RC0011,U0002868,sms,2026-07-11 21:00:00,1,1
RCT000008424,RC0022,U0010541,in_app,2026-05-21 20:00:00,1,1
RCT000008425,RC0010,U0002641,push,2026-03-17 08:00:00,1,0
RCT000008426,RC0011,U0007493,sms,2026-07-15 15:00:00,1,0
RCT000008427,RC0024,U0011278,push,2026-06-09 17:00:00,1,0
RCT000008428,RC0016,U0007689,in_app,2026-02-25 21:00:00,1,0
RCT000008429,RC0011,U0000784,sms,2026-07-16 13:00:00,1,0
RCT000008430,RC0021,U0001477,in_app,2026-04-20 10:00:00,1,0
RCT000008431,RC0012,U0006096,push,2026-03-05 11:00:00,1,0
RCT000008432,RC0021,U0006326,in_app,2026-04-16 20:00:00,1,0
RCT000008433,RC0005,U0003440,push,2026-08-01 18:00:00,1,1
RCT000008434,RC0007,U0008054,push,2026-06-24 17:00:00,1,0
RCT000008435,RC0001,U0010788,push,2026-07-29 21:00:00,1,1
RCT000008436,RC0018,U0006090,push,2026-02-14 19:00:00,1,0
RCT000008437,RC0021,U0003122,in_app,2026-04-15 19:00:00,1,0
RCT000008438,RC0016,U0003242,in_app,2026-02-25 21:00:00,1,0
RCT000008439,RC0009,U0001862,sms,2026-05-06 09:00:00,1,0
RCT000008440,RC0022,U0001099,in_app,2026-05-21 20:00:00,1,0
RCT000008441,RC0003,U0009168,push,2026-02-16 11:00:00,1,0
RCT000008442,RC0015,U0000056,push,2026-04-25 20:00:00,1,1
RCT000008443,RC0001,U0002919,push,2026-07-31 16:00:00,0,0
RCT000008444,RC0004,U0004709,in_app,2026-02-05 12:00:00,1,1
RCT000008445,RC0008,U0001322,push,2026-06-23 17:00:00,1,0
RCT000008446,RC0007,U0010637,push,2026-06-26 13:00:00,1,0
RCT000008447,RC0009,U0009323,sms,2026-05-09 10:00:00,1,0
RCT000008448,RC0010,U0003128,push,2026-03-16 09:00:00,1,0
RCT000008449,RC0015,U0003964,push,2026-04-27 16:00:00,1,0
RCT000008450,RC0012,U0003827,push,2026-03-02 08:00:00,1,1
RCT000008451,RC0020,U0007858,push,2026-05-27 20:00:00,0,0
RCT000008452,RC0023,U0007758,sms,2026-05-27 21:00:00,1,0
RCT000008453,RC0013,U0003072,push,2026-02-15 13:00:00,1,0
RCT000008454,RC0020,U0008717,push,2026-05-28 09:00:00,1,0
RCT000008455,RC0012,U0004112,push,2026-03-04 18:00:00,0,0
RCT000008456,RC0020,U0011077,push,2026-05-29 20:00:00,1,0
RCT000008457,RC0010,U0002022,push,2026-03-14 16:00:00,1,0
RCT000008458,RC0017,U0003615,sms,2026-04-12 12:00:00,1,1
RCT000008459,RC0009,U0004590,sms,2026-05-11 12:00:00,1,1
RCT000008460,RC0009,U0003724,sms,2026-05-06 10:00:00,1,0
RCT000008461,RC0021,U0005139,in_app,2026-04-17 14:00:00,1,0
RCT000008462,RC0019,U0006146,sms,2026-06-29 08:00:00,1,0
RCT000008463,RC0017,U0009074,sms,2026-04-09 08:00:00,1,0
RCT000008464,RC0015,U0004801,push,2026-04-25 20:00:00,1,0
RCT000008465,RC0001,U0000050,push,2026-07-28 09:00:00,1,0
RCT000008466,RC0002,U0003178,push,2026-06-14 14:00:00,1,0
RCT000008467,RC0011,U0006247,sms,2026-07-10 14:00:00,0,0
RCT000008468,RC0018,U0006027,push,2026-02-11 19:00:00,1,0
RCT000008469,RC0022,U0006415,in_app,2026-05-24 11:00:00,1,0
RCT000008470,RC0015,U0007218,push,2026-04-25 15:00:00,1,1
RCT000008471,RC0020,U0006399,push,2026-05-26 12:00:00,1,0
RCT000008472,RC0001,U0002875,push,2026-07-30 13:00:00,1,0
RCT000008473,RC0016,U0008404,in_app,2026-02-25 14:00:00,1,0
RCT000008474,RC0005,U0000770,push,2026-07-30 09:00:00,1,0
RCT000008475,RC0019,U0011698,sms,2026-06-25 12:00:00,1,0
RCT000008476,RC0019,U0003289,sms,2026-06-30 14:00:00,1,0
RCT000008477,RC0010,U0004104,push,2026-03-14 11:00:00,0,0
RCT000008478,RC0002,U0006376,push,2026-06-16 20:00:00,1,0
RCT000008479,RC0008,U0010498,push,2026-06-23 12:00:00,1,0
RCT000008480,RC0005,U0006845,push,2026-07-30 10:00:00,1,0
RCT000008481,RC0009,U0002136,sms,2026-05-10 20:00:00,1,0
RCT000008482,RC0002,U0000314,push,2026-06-14 19:00:00,1,0
RCT000008483,RC0006,U0003953,in_app,2026-02-18 19:00:00,1,0
RCT000008484,RC0006,U0000782,in_app,2026-02-19 15:00:00,1,0
RCT000008485,RC0013,U0005095,push,2026-02-20 14:00:00,1,0
RCT000008486,RC0013,U0002603,push,2026-02-17 09:00:00,0,0
RCT000008487,RC0020,U0009787,push,2026-05-24 08:00:00,1,1
RCT000008488,RC0011,U0011220,sms,2026-07-14 08:00:00,1,0
RCT000008489,RC0012,U0007238,push,2026-03-03 15:00:00,1,0
RCT000008490,RC0017,U0006731,sms,2026-04-09 20:00:00,1,1
RCT000008491,RC0017,U0009105,sms,2026-04-11 10:00:00,1,0
RCT000008492,RC0004,U0009401,in_app,2026-02-03 15:00:00,1,0
RCT000008493,RC0019,U0005845,sms,2026-06-30 15:00:00,1,0
RCT000008494,RC0019,U0011811,sms,2026-06-29 15:00:00,1,0
RCT000008495,RC0018,U0001935,push,2026-02-09 14:00:00,1,0
RCT000008496,RC0022,U0000706,in_app,2026-05-21 09:00:00,1,0
RCT000008497,RC0016,U0006489,in_app,2026-02-23 16:00:00,1,0
RCT000008498,RC0011,U0009933,sms,2026-07-12 17:00:00,1,0
RCT000008499,RC0013,U0003923,push,2026-02-14 14:00:00,1,0
RCT000008500,RC0004,U0009947,in_app,2026-01-31 18:00:00,1,0
RCT000008501,RC0008,U0001802,push,2026-06-26 13:00:00,1,0
RCT000008502,RC0022,U0010807,in_app,2026-05-22 18:00:00,1,0
RCT000008503,RC0014,U0007324,push,2026-03-21 17:00:00,1,0
RCT000008504,RC0012,U0009275,push,2026-02-27 14:00:00,1,1
RCT000008505,RC0012,U0002270,push,2026-03-05 10:00:00,1,1
RCT000008506,RC0011,U0001645,sms,2026-07-12 17:00:00,1,0
RCT000008507,RC0021,U0000124,in_app,2026-04-15 12:00:00,1,0
RCT000008508,RC0002,U0007723,push,2026-06-13 21:00:00,1,0
RCT000008509,RC0024,U0009456,push,2026-06-04 09:00:00,1,0
RCT000008510,RC0020,U0006146,push,2026-05-30 14:00:00,1,0
RCT000008511,RC0005,U0004302,push,2026-08-01 13:00:00,1,0
RCT000008512,RC0020,U0009993,push,2026-05-29 17:00:00,1,0
RCT000008513,RC0021,U0008747,in_app,2026-04-20 13:00:00,1,0
RCT000008514,RC0016,U0005211,in_app,2026-02-22 12:00:00,1,0
RCT000008515,RC0016,U0010585,in_app,2026-02-21 08:00:00,1,0
RCT000008516,RC0002,U0004586,push,2026-06-14 18:00:00,1,0
RCT000008517,RC0022,U0001101,in_app,2026-05-27 19:00:00,1,0
RCT000008518,RC0011,U0010874,sms,2026-07-14 21:00:00,1,0
RCT000008519,RC0010,U0005496,push,2026-03-13 12:00:00,1,0
RCT000008520,RC0011,U0011739,sms,2026-07-12 10:00:00,1,0
RCT000008521,RC0020,U0005890,push,2026-05-27 17:00:00,1,1
RCT000008522,RC0016,U0007152,in_app,2026-02-25 15:00:00,1,0
RCT000008523,RC0003,U0002679,push,2026-02-11 17:00:00,1,0
RCT000008524,RC0013,U0000798,push,2026-02-15 15:00:00,1,1
RCT000008525,RC0012,U0005140,push,2026-03-04 10:00:00,1,0
RCT000008526,RC0004,U0006310,in_app,2026-02-02 21:00:00,1,1
RCT000008527,RC0012,U0001465,push,2026-02-28 08:00:00,1,0
RCT000008528,RC0013,U0004950,push,2026-02-20 21:00:00,1,0
RCT000008529,RC0001,U0011748,push,2026-07-31 18:00:00,1,0
RCT000008530,RC0019,U0010964,sms,2026-06-27 08:00:00,1,0
RCT000008531,RC0024,U0000132,push,2026-06-06 08:00:00,1,0
RCT000008532,RC0022,U0011482,in_app,2026-05-24 20:00:00,1,0
RCT000008533,RC0006,U0006786,in_app,2026-02-17 21:00:00,1,0
RCT000008534,RC0003,U0006523,push,2026-02-14 17:00:00,1,1
RCT000008535,RC0011,U0001291,sms,2026-07-10 13:00:00,1,0
RCT000008536,RC0016,U0005049,in_app,2026-02-22 10:00:00,1,0
RCT000008537,RC0022,U0002537,in_app,2026-05-24 11:00:00,1,0
RCT000008538,RC0022,U0000187,in_app,2026-05-26 20:00:00,0,0
RCT000008539,RC0010,U0009351,push,2026-03-15 12:00:00,1,0
RCT000008540,RC0016,U0008433,in_app,2026-02-25 10:00:00,1,0
RCT000008541,RC0009,U0000836,sms,2026-05-06 16:00:00,1,0
RCT000008542,RC0015,U0001176,push,2026-04-21 11:00:00,1,1
RCT000008543,RC0019,U0010721,sms,2026-07-01 18:00:00,1,0
RCT000008544,RC0009,U0009201,sms,2026-05-07 12:00:00,1,0
RCT000008545,RC0023,U0006859,sms,2026-05-29 17:00:00,0,0
RCT000008546,RC0002,U0011197,push,2026-06-18 20:00:00,1,0
RCT000008547,RC0011,U0010616,sms,2026-07-14 13:00:00,1,0
RCT000008548,RC0023,U0005014,sms,2026-05-28 21:00:00,1,0
RCT000008549,RC0006,U0008402,in_app,2026-02-20 11:00:00,1,0
RCT000008550,RC0009,U0004260,sms,2026-05-06 17:00:00,1,0
RCT000008551,RC0005,U0011051,push,2026-07-31 12:00:00,1,0
RCT000008552,RC0012,U0002860,push,2026-02-27 10:00:00,1,0
RCT000008553,RC0007,U0004327,push,2026-06-23 17:00:00,1,0
RCT000008554,RC0007,U0004258,push,2026-06-23 10:00:00,1,1
RCT000008555,RC0006,U0007732,in_app,2026-02-15 14:00:00,1,1
RCT000008556,RC0009,U0006403,sms,2026-05-10 09:00:00,1,0
RCT000008557,RC0013,U0003495,push,2026-02-15 20:00:00,1,0
RCT000008558,RC0022,U0003117,in_app,2026-05-22 12:00:00,1,1
RCT000008559,RC0007,U0011748,push,2026-06-26 14:00:00,1,0
RCT000008560,RC0013,U0003479,push,2026-02-19 13:00:00,1,0
RCT000008561,RC0014,U0008946,push,2026-03-26 21:00:00,1,0
RCT000008562,RC0008,U0004578,push,2026-06-22 14:00:00,1,0
RCT000008563,RC0023,U0007147,sms,2026-05-30 15:00:00,1,0
RCT000008564,RC0001,U0001624,push,2026-07-31 10:00:00,1,0
RCT000008565,RC0003,U0007024,push,2026-02-13 17:00:00,1,1
RCT000008566,RC0004,U0005036,in_app,2026-02-03 20:00:00,1,0
RCT000008567,RC0018,U0005148,push,2026-02-14 19:00:00,1,0
RCT000008568,RC0005,U0006638,push,2026-07-31 18:00:00,1,1
RCT000008569,RC0013,U0010295,push,2026-02-17 19:00:00,0,0
RCT000008570,RC0019,U0007050,sms,2026-07-01 08:00:00,1,0
RCT000008571,RC0011,U0004295,sms,2026-07-12 11:00:00,1,0
RCT000008572,RC0018,U0009506,push,2026-02-11 20:00:00,1,0
RCT000008573,RC0009,U0003662,sms,2026-05-09 17:00:00,1,0
RCT000008574,RC0019,U0002754,sms,2026-06-27 11:00:00,1,0
RCT000008575,RC0024,U0006292,push,2026-06-04 18:00:00,1,0
RCT000008576,RC0013,U0009016,push,2026-02-18 19:00:00,1,0
RCT000008577,RC0001,U0008946,push,2026-07-28 10:00:00,1,0
RCT000008578,RC0016,U0010127,in_app,2026-02-26 17:00:00,1,0
RCT000008579,RC0003,U0000071,push,2026-02-14 15:00:00,1,0
RCT000008580,RC0010,U0011058,push,2026-03-13 14:00:00,1,1
RCT000008581,RC0020,U0009260,push,2026-05-25 10:00:00,1,0
RCT000008582,RC0006,U0001308,in_app,2026-02-18 21:00:00,1,0
RCT000008583,RC0024,U0006796,push,2026-06-06 11:00:00,1,0
RCT000008584,RC0022,U0002032,in_app,2026-05-23 14:00:00,1,1
RCT000008585,RC0007,U0006648,push,2026-06-23 11:00:00,1,0
RCT000008586,RC0023,U0001100,sms,2026-05-28 18:00:00,1,0
RCT000008587,RC0007,U0007798,push,2026-06-23 10:00:00,1,0
RCT000008588,RC0004,U0001781,in_app,2026-02-02 18:00:00,1,1
RCT000008589,RC0020,U0007388,push,2026-05-26 14:00:00,0,0
RCT000008590,RC0002,U0004230,push,2026-06-19 18:00:00,1,0
RCT000008591,RC0020,U0001725,push,2026-05-30 08:00:00,1,0
RCT000008592,RC0005,U0006203,push,2026-08-03 20:00:00,1,0
RCT000008593,RC0009,U0006795,sms,2026-05-07 10:00:00,1,0
RCT000008594,RC0021,U0000899,in_app,2026-04-18 12:00:00,1,0
RCT000008595,RC0015,U0002837,push,2026-04-21 14:00:00,1,0
RCT000008596,RC0020,U0002786,push,2026-05-26 18:00:00,1,0
RCT000008597,RC0024,U0001780,push,2026-06-07 16:00:00,1,0
RCT000008598,RC0018,U0001490,push,2026-02-14 17:00:00,0,0
RCT000008599,RC0010,U0003472,push,2026-03-14 12:00:00,1,0
RCT000008600,RC0009,U0007214,sms,2026-05-06 08:00:00,1,0
RCT000008601,RC0011,U0009814,sms,2026-07-14 11:00:00,1,0
RCT000008602,RC0006,U0001775,in_app,2026-02-17 13:00:00,1,0
RCT000008603,RC0020,U0001194,push,2026-05-28 14:00:00,1,0
RCT000008604,RC0015,U0006072,push,2026-04-21 08:00:00,1,0
RCT000008605,RC0017,U0010741,sms,2026-04-12 19:00:00,1,0
RCT000008606,RC0020,U0008190,push,2026-05-29 20:00:00,1,0
RCT000008607,RC0018,U0004449,push,2026-02-08 20:00:00,1,0
RCT000008608,RC0014,U0004521,push,2026-03-27 16:00:00,1,0
RCT000008609,RC0012,U0004187,push,2026-03-01 20:00:00,1,0
RCT000008610,RC0006,U0004207,in_app,2026-02-21 17:00:00,1,0
RCT000008611,RC0003,U0001908,push,2026-02-11 17:00:00,1,1
RCT000008612,RC0015,U0007110,push,2026-04-25 18:00:00,1,1
RCT000008613,RC0022,U0010589,in_app,2026-05-25 14:00:00,1,0
RCT000008614,RC0007,U0001151,push,2026-06-26 16:00:00,1,0
RCT000008615,RC0016,U0009569,in_app,2026-02-23 13:00:00,1,0
RCT000008616,RC0014,U0007388,push,2026-03-27 13:00:00,1,1
RCT000008617,RC0016,U0010378,in_app,2026-02-20 08:00:00,1,0
RCT000008618,RC0003,U0007969,push,2026-02-13 13:00:00,1,0
RCT000008619,RC0016,U0009595,in_app,2026-02-23 09:00:00,0,0
RCT000008620,RC0010,U0000812,push,2026-03-15 10:00:00,1,0
RCT000008621,RC0002,U0001039,push,2026-06-15 20:00:00,1,0
RCT000008622,RC0019,U0011913,sms,2026-06-30 17:00:00,1,0
RCT000008623,RC0007,U0004320,push,2026-06-28 08:00:00,1,0
RCT000008624,RC0002,U0007935,push,2026-06-17 09:00:00,1,0
RCT000008625,RC0021,U0003688,in_app,2026-04-17 18:00:00,1,0
RCT000008626,RC0001,U0010647,push,2026-07-31 21:00:00,1,1
RCT000008627,RC0004,U0010349,in_app,2026-01-31 13:00:00,1,0
RCT000008628,RC0002,U0010239,push,2026-06-13 16:00:00,1,0
RCT000008629,RC0015,U0008571,push,2026-04-24 13:00:00,1,0
RCT000008630,RC0019,U0008707,sms,2026-06-25 16:00:00,1,0
RCT000008631,RC0016,U0009149,in_app,2026-02-23 20:00:00,1,0
RCT000008632,RC0020,U0000787,push,2026-05-30 10:00:00,1,0
RCT000008633,RC0006,U0004750,in_app,2026-02-17 19:00:00,1,0
RCT000008634,RC0020,U0011619,push,2026-05-30 12:00:00,1,1
RCT000008635,RC0004,U0000994,in_app,2026-02-06 14:00:00,1,0
RCT000008636,RC0022,U0002852,in_app,2026-05-24 12:00:00,0,0
RCT000008637,RC0018,U0003049,push,2026-02-11 13:00:00,1,0
RCT000008638,RC0002,U0011661,push,2026-06-16 20:00:00,1,0
RCT000008639,RC0016,U0010274,in_app,2026-02-26 12:00:00,1,0
RCT000008640,RC0013,U0002158,push,2026-02-14 10:00:00,1,1
RCT000008641,RC0015,U0002224,push,2026-04-22 17:00:00,1,0
RCT000008642,RC0014,U0006561,push,2026-03-26 15:00:00,1,0
RCT000008643,RC0016,U0008858,in_app,2026-02-25 12:00:00,1,0
RCT000008644,RC0023,U0006162,sms,2026-05-30 13:00:00,1,0
RCT000008645,RC0005,U0002676,push,2026-07-30 18:00:00,1,0
RCT000008646,RC0015,U0009575,push,2026-04-23 08:00:00,1,0
RCT000008647,RC0001,U0008779,push,2026-07-31 11:00:00,1,1
RCT000008648,RC0010,U0002318,push,2026-03-17 10:00:00,1,0
RCT000008649,RC0011,U0004794,sms,2026-07-15 12:00:00,1,0
RCT000008650,RC0008,U0002028,push,2026-06-27 09:00:00,1,1
RCT000008651,RC0015,U0009968,push,2026-04-21 20:00:00,1,1
RCT000008652,RC0012,U0007875,push,2026-03-04 15:00:00,1,0
RCT000008653,RC0014,U0010038,push,2026-03-23 20:00:00,0,0
RCT000008654,RC0021,U0001728,in_app,2026-04-18 17:00:00,1,1
RCT000008655,RC0023,U0008014,sms,2026-06-02 15:00:00,1,0
RCT000008656,RC0015,U0002051,push,2026-04-26 13:00:00,1,1
RCT000008657,RC0008,U0006986,push,2026-06-23 21:00:00,1,1
RCT000008658,RC0024,U0006297,push,2026-06-04 15:00:00,0,0
RCT000008659,RC0024,U0008228,push,2026-06-06 18:00:00,1,1
RCT000008660,RC0008,U0003448,push,2026-06-27 20:00:00,1,0
RCT000008661,RC0017,U0011093,sms,2026-04-10 12:00:00,1,1
RCT000008662,RC0011,U0003486,sms,2026-07-10 21:00:00,1,0
RCT000008663,RC0014,U0003040,push,2026-03-24 19:00:00,1,0
RCT000008664,RC0006,U0001221,in_app,2026-02-15 10:00:00,1,0
RCT000008665,RC0017,U0000231,sms,2026-04-13 10:00:00,1,0
RCT000008666,RC0016,U0003163,in_app,2026-02-20 15:00:00,1,0
RCT000008667,RC0020,U0005257,push,2026-05-27 08:00:00,1,0
RCT000008668,RC0003,U0010456,push,2026-02-15 19:00:00,1,1
RCT000008669,RC0016,U0009090,in_app,2026-02-21 18:00:00,1,0
RCT000008670,RC0008,U0010381,push,2026-06-24 15:00:00,0,0
RCT000008671,RC0016,U0001100,in_app,2026-02-21 13:00:00,0,0
RCT000008672,RC0007,U0007623,push,2026-06-26 21:00:00,1,0
RCT000008673,RC0005,U0002218,push,2026-07-31 16:00:00,1,0
RCT000008674,RC0014,U0007769,push,2026-03-23 13:00:00,1,0
RCT000008675,RC0011,U0011866,sms,2026-07-14 08:00:00,1,0
RCT000008676,RC0015,U0011315,push,2026-04-24 09:00:00,1,0
RCT000008677,RC0021,U0007144,in_app,2026-04-18 10:00:00,1,0
RCT000008678,RC0004,U0004505,in_app,2026-02-06 14:00:00,1,0
RCT000008679,RC0011,U0007130,sms,2026-07-16 21:00:00,1,0
RCT000008680,RC0017,U0011723,sms,2026-04-09 20:00:00,1,0
RCT000008681,RC0007,U0010498,push,2026-06-24 08:00:00,1,1
RCT000008682,RC0018,U0001186,push,2026-02-14 19:00:00,1,0
RCT000008683,RC0011,U0007967,sms,2026-07-16 11:00:00,0,0
RCT000008684,RC0013,U0010985,push,2026-02-20 15:00:00,1,0
RCT000008685,RC0024,U0009168,push,2026-06-04 17:00:00,1,0
RCT000008686,RC0004,U0006757,in_app,2026-02-03 19:00:00,1,0
RCT000008687,RC0021,U0005738,in_app,2026-04-15 13:00:00,1,0
RCT000008688,RC0020,U0009660,push,2026-05-26 12:00:00,1,0
RCT000008689,RC0011,U0008848,sms,2026-07-12 09:00:00,0,0
RCT000008690,RC0019,U0000918,sms,2026-06-29 10:00:00,1,0
RCT000008691,RC0009,U0006404,sms,2026-05-11 11:00:00,1,0
RCT000008692,RC0015,U0001227,push,2026-04-24 08:00:00,1,0
RCT000008693,RC0008,U0001748,push,2026-06-23 09:00:00,1,0
RCT000008694,RC0010,U0010752,push,2026-03-12 19:00:00,1,0
RCT000008695,RC0004,U0011805,in_app,2026-02-05 17:00:00,1,0
RCT000008696,RC0008,U0009585,push,2026-06-24 14:00:00,1,0
RCT000008697,RC0024,U0009986,push,2026-06-04 11:00:00,1,0
RCT000008698,RC0023,U0009203,sms,2026-05-30 19:00:00,1,0
RCT000008699,RC0005,U0008928,push,2026-08-03 19:00:00,1,0
RCT000008700,RC0016,U0003145,in_app,2026-02-20 10:00:00,1,0
RCT000008701,RC0024,U0005081,push,2026-06-10 15:00:00,1,1
RCT000008702,RC0023,U0006952,sms,2026-06-02 21:00:00,1,0
RCT000008703,RC0010,U0005533,push,2026-03-15 19:00:00,1,0
RCT000008704,RC0012,U0011931,push,2026-03-02 20:00:00,1,0
RCT000008705,RC0015,U0010239,push,2026-04-24 20:00:00,1,0
RCT000008706,RC0003,U0004749,push,2026-02-15 08:00:00,1,1
RCT000008707,RC0024,U0011353,push,2026-06-04 10:00:00,1,0
RCT000008708,RC0013,U0001345,push,2026-02-16 17:00:00,1,0
RCT000008709,RC0002,U0002199,push,2026-06-14 12:00:00,1,0
RCT000008710,RC0003,U0002986,push,2026-02-11 10:00:00,0,0
RCT000008711,RC0015,U0007813,push,2026-04-21 20:00:00,1,0
RCT000008712,RC0023,U0008901,sms,2026-05-31 21:00:00,1,0
RCT000008713,RC0024,U0003751,push,2026-06-05 15:00:00,0,0
RCT000008714,RC0020,U0004580,push,2026-05-28 14:00:00,1,0
RCT000008715,RC0003,U0010972,push,2026-02-15 13:00:00,1,0
RCT000008716,RC0021,U0002791,in_app,2026-04-17 13:00:00,1,0
RCT000008717,RC0022,U0004903,in_app,2026-05-21 11:00:00,1,1
RCT000008718,RC0021,U0009820,in_app,2026-04-20 17:00:00,1,0
RCT000008719,RC0015,U0002707,push,2026-04-27 21:00:00,1,0
RCT000008720,RC0017,U0009518,sms,2026-04-08 13:00:00,1,0
RCT000008721,RC0021,U0001311,in_app,2026-04-14 13:00:00,1,0
RCT000008722,RC0007,U0010777,push,2026-06-29 16:00:00,0,0
RCT000008723,RC0014,U0000549,push,2026-03-26 12:00:00,1,0
RCT000008724,RC0001,U0000103,push,2026-07-28 11:00:00,1,0
RCT000008725,RC0024,U0007339,push,2026-06-06 13:00:00,1,0
RCT000008726,RC0002,U0006258,push,2026-06-15 11:00:00,1,1
RCT000008727,RC0022,U0005112,in_app,2026-05-23 09:00:00,1,0
RCT000008728,RC0002,U0004473,push,2026-06-18 14:00:00,1,1
RCT000008729,RC0003,U0003787,push,2026-02-10 12:00:00,1,0
RCT000008730,RC0024,U0003214,push,2026-06-10 18:00:00,1,0
RCT000008731,RC0020,U0003161,push,2026-05-26 08:00:00,1,0
RCT000008732,RC0007,U0009727,push,2026-06-29 08:00:00,1,1
RCT000008733,RC0017,U0005156,sms,2026-04-08 12:00:00,1,0
RCT000008734,RC0006,U0003495,in_app,2026-02-16 08:00:00,1,0
RCT000008735,RC0009,U0008266,sms,2026-05-07 15:00:00,1,0
RCT000008736,RC0011,U0004003,sms,2026-07-10 17:00:00,1,0
RCT000008737,RC0006,U0008748,in_app,2026-02-16 21:00:00,1,0
RCT000008738,RC0022,U0011460,in_app,2026-05-25 17:00:00,1,0
RCT000008739,RC0006,U0011759,in_app,2026-02-15 11:00:00,1,0
RCT000008740,RC0015,U0002321,push,2026-04-21 20:00:00,1,0
RCT000008741,RC0016,U0006603,in_app,2026-02-26 19:00:00,1,0
RCT000008742,RC0021,U0001728,in_app,2026-04-18 15:00:00,1,0
RCT000008743,RC0022,U0008647,in_app,2026-05-24 15:00:00,1,0
RCT000008744,RC0022,U0009016,in_app,2026-05-26 09:00:00,1,0
RCT000008745,RC0001,U0001489,push,2026-07-27 11:00:00,1,0
RCT000008746,RC0022,U0008366,in_app,2026-05-27 17:00:00,1,0
RCT000008747,RC0010,U0006774,push,2026-03-15 14:00:00,1,0
RCT000008748,RC0001,U0008313,push,2026-07-26 21:00:00,1,0
RCT000008749,RC0021,U0002744,in_app,2026-04-17 11:00:00,1,0
RCT000008750,RC0009,U0000470,sms,2026-05-11 17:00:00,0,0
RCT000008751,RC0023,U0009062,sms,2026-05-27 18:00:00,1,0
RCT000008752,RC0002,U0011011,push,2026-06-19 14:00:00,1,1
RCT000008753,RC0002,U0007532,push,2026-06-13 14:00:00,1,0
RCT000008754,RC0006,U0008282,in_app,2026-02-21 19:00:00,1,0
RCT000008755,RC0008,U0006590,push,2026-06-26 20:00:00,1,0
RCT000008756,RC0023,U0009962,sms,2026-05-28 09:00:00,1,0
RCT000008757,RC0024,U0009362,push,2026-06-05 10:00:00,1,0
RCT000008758,RC0007,U0001525,push,2026-06-29 11:00:00,1,0
RCT000008759,RC0004,U0003515,in_app,2026-02-05 12:00:00,1,1
RCT000008760,RC0013,U0003122,push,2026-02-19 16:00:00,1,1
RCT000008761,RC0006,U0010445,in_app,2026-02-16 10:00:00,0,0
RCT000008762,RC0001,U0009155,push,2026-08-01 14:00:00,1,0
RCT000008763,RC0017,U0004950,sms,2026-04-13 10:00:00,1,1
RCT000008764,RC0018,U0006377,push,2026-02-13 21:00:00,1,0
RCT000008765,RC0023,U0002037,sms,2026-06-01 19:00:00,1,0
RCT000008766,RC0013,U0004116,push,2026-02-16 17:00:00,1,0
RCT000008767,RC0003,U0003535,push,2026-02-11 19:00:00,1,1
RCT000008768,RC0024,U0001816,push,2026-06-05 15:00:00,1,0
RCT000008769,RC0010,U0008020,push,2026-03-16 10:00:00,1,1
RCT000008770,RC0020,U0009618,push,2026-05-29 08:00:00,1,0
RCT000008771,RC0009,U0006233,sms,2026-05-06 20:00:00,1,0
RCT000008772,RC0001,U0007368,push,2026-08-01 15:00:00,1,0
RCT000008773,RC0016,U0002719,in_app,2026-02-23 11:00:00,1,0
RCT000008774,RC0024,U0009059,push,2026-06-04 08:00:00,1,0
RCT000008775,RC0001,U0011723,push,2026-07-26 13:00:00,1,0
RCT000008776,RC0015,U0004270,push,2026-04-21 10:00:00,1,1
RCT000008777,RC0005,U0000743,push,2026-07-30 20:00:00,1,1
RCT000008778,RC0013,U0008086,push,2026-02-16 19:00:00,1,0
RCT000008779,RC0023,U0008477,sms,2026-05-28 18:00:00,1,0
RCT000008780,RC0008,U0000981,push,2026-06-22 15:00:00,1,0
RCT000008781,RC0014,U0009094,push,2026-03-27 21:00:00,1,0
RCT000008782,RC0015,U0011796,push,2026-04-25 09:00:00,1,0
RCT000008783,RC0001,U0004846,push,2026-08-01 13:00:00,1,0
RCT000008784,RC0004,U0007489,in_app,2026-01-31 18:00:00,1,0
RCT000008785,RC0022,U0000957,in_app,2026-05-26 18:00:00,1,1
RCT000008786,RC0022,U0010219,in_app,2026-05-23 13:00:00,1,0
RCT000008787,RC0015,U0001684,push,2026-04-24 12:00:00,1,0
RCT000008788,RC0023,U0008284,sms,2026-05-30 17:00:00,1,0
RCT000008789,RC0016,U0002223,in_app,2026-02-25 18:00:00,1,0
RCT000008790,RC0010,U0003620,push,2026-03-12 17:00:00,1,0
RCT000008791,RC0024,U0001122,push,2026-06-04 16:00:00,1,0
RCT000008792,RC0003,U0009132,push,2026-02-12 15:00:00,0,0
RCT000008793,RC0021,U0002538,in_app,2026-04-15 17:00:00,1,0
RCT000008794,RC0024,U0008567,push,2026-06-10 19:00:00,1,0
RCT000008795,RC0012,U0000596,push,2026-02-27 15:00:00,1,0
RCT000008796,RC0009,U0005937,sms,2026-05-12 13:00:00,1,0
RCT000008797,RC0001,U0009405,push,2026-07-28 09:00:00,1,0
RCT000008798,RC0005,U0010721,push,2026-07-28 18:00:00,1,0
RCT000008799,RC0017,U0005967,sms,2026-04-12 15:00:00,1,0
RCT000008800,RC0011,U0009363,sms,2026-07-12 09:00:00,1,0
RCT000008801,RC0009,U0001564,sms,2026-05-08 20:00:00,1,0
RCT000008802,RC0001,U0011252,push,2026-08-01 18:00:00,1,0
RCT000008803,RC0022,U0011639,in_app,2026-05-22 14:00:00,1,1
RCT000008804,RC0002,U0004174,push,2026-06-18 18:00:00,1,0
RCT000008805,RC0024,U0001527,push,2026-06-07 17:00:00,0,0
RCT000008806,RC0010,U0005982,push,2026-03-14 18:00:00,1,0
RCT000008807,RC0009,U0006096,sms,2026-05-07 17:00:00,0,0
RCT000008808,RC0011,U0005749,sms,2026-07-10 10:00:00,1,0
RCT000008809,RC0013,U0010749,push,2026-02-20 19:00:00,1,0
RCT000008810,RC0018,U0001554,push,2026-02-11 12:00:00,1,0
RCT000008811,RC0007,U0007071,push,2026-06-29 11:00:00,1,0
RCT000008812,RC0004,U0010593,in_app,2026-02-01 21:00:00,1,0
RCT000008813,RC0010,U0002993,push,2026-03-13 10:00:00,1,1
RCT000008814,RC0001,U0007530,push,2026-07-30 16:00:00,1,0
RCT000008815,RC0012,U0000024,push,2026-02-28 17:00:00,1,1
RCT000008816,RC0023,U0003429,sms,2026-05-29 08:00:00,1,1
RCT000008817,RC0019,U0002208,sms,2026-06-29 14:00:00,1,0
RCT000008818,RC0005,U0007663,push,2026-07-31 14:00:00,1,1
RCT000008819,RC0012,U0006372,push,2026-02-27 09:00:00,1,0
RCT000008820,RC0008,U0009546,push,2026-06-27 15:00:00,1,0
RCT000008821,RC0009,U0011272,sms,2026-05-09 17:00:00,1,1
RCT000008822,RC0015,U0002266,push,2026-04-22 20:00:00,1,0
RCT000008823,RC0004,U0009440,in_app,2026-02-04 19:00:00,1,0
RCT000008824,RC0009,U0001108,sms,2026-05-09 14:00:00,1,0
RCT000008825,RC0008,U0006044,push,2026-06-27 21:00:00,1,0
RCT000008826,RC0006,U0009699,in_app,2026-02-18 08:00:00,1,0
RCT000008827,RC0019,U0000971,sms,2026-06-29 14:00:00,1,0
RCT000008828,RC0003,U0003071,push,2026-02-16 18:00:00,1,0
RCT000008829,RC0004,U0007963,in_app,2026-02-04 12:00:00,1,1
RCT000008830,RC0007,U0003107,push,2026-06-28 13:00:00,1,0
RCT000008831,RC0011,U0000027,sms,2026-07-13 21:00:00,1,0
RCT000008832,RC0020,U0009902,push,2026-05-25 17:00:00,1,0
RCT000008833,RC0002,U0005596,push,2026-06-16 13:00:00,1,1
RCT000008834,RC0008,U0000822,push,2026-06-27 09:00:00,1,1
RCT000008835,RC0007,U0001600,push,2026-06-23 09:00:00,0,0
RCT000008836,RC0010,U0006232,push,2026-03-13 11:00:00,1,0
RCT000008837,RC0013,U0008372,push,2026-02-15 14:00:00,1,0
RCT000008838,RC0019,U0001488,sms,2026-06-28 17:00:00,1,1
RCT000008839,RC0017,U0006100,sms,2026-04-14 20:00:00,1,0
RCT000008840,RC0016,U0002385,in_app,2026-02-20 17:00:00,1,0
RCT000008841,RC0024,U0005885,push,2026-06-06 18:00:00,1,0
RCT000008842,RC0015,U0007230,push,2026-04-23 11:00:00,1,0
RCT000008843,RC0019,U0010193,sms,2026-06-27 14:00:00,1,0
RCT000008844,RC0022,U0007709,in_app,2026-05-24 11:00:00,1,0
RCT000008845,RC0019,U0004999,sms,2026-06-28 16:00:00,1,0
RCT000008846,RC0012,U0011660,push,2026-03-05 13:00:00,1,0
RCT000008847,RC0001,U0002318,push,2026-07-28 19:00:00,1,1
RCT000008848,RC0010,U0002875,push,2026-03-18 12:00:00,1,0
RCT000008849,RC0011,U0003134,sms,2026-07-13 20:00:00,1,0
RCT000008850,RC0023,U0003908,sms,2026-06-02 16:00:00,1,0
RCT000008851,RC0022,U0002193,in_app,2026-05-27 18:00:00,0,0
RCT000008852,RC0020,U0008132,push,2026-05-24 18:00:00,1,0
RCT000008853,RC0019,U0011734,sms,2026-06-27 20:00:00,1,1
RCT000008854,RC0019,U0001987,sms,2026-06-30 16:00:00,1,0
RCT000008855,RC0019,U0010783,sms,2026-06-27 18:00:00,1,0
RCT000008856,RC0013,U0005483,push,2026-02-16 08:00:00,1,0
RCT000008857,RC0004,U0001653,in_app,2026-02-03 12:00:00,1,0
RCT000008858,RC0022,U0004493,in_app,2026-05-22 13:00:00,1,0
RCT000008859,RC0016,U0009432,in_app,2026-02-22 18:00:00,1,0
RCT000008860,RC0007,U0002744,push,2026-06-29 08:00:00,1,0
RCT000008861,RC0013,U0000561,push,2026-02-19 20:00:00,1,0
RCT000008862,RC0006,U0001911,in_app,2026-02-17 17:00:00,1,0
RCT000008863,RC0010,U0008568,push,2026-03-15 17:00:00,1,1
RCT000008864,RC0016,U0004870,in_app,2026-02-26 09:00:00,1,0
RCT000008865,RC0006,U0001337,in_app,2026-02-17 09:00:00,1,0
RCT000008866,RC0022,U0000761,in_app,2026-05-21 18:00:00,1,0
RCT000008867,RC0005,U0004962,push,2026-07-29 15:00:00,1,0
RCT000008868,RC0011,U0009201,sms,2026-07-15 11:00:00,1,0
RCT000008869,RC0005,U0008416,push,2026-07-29 12:00:00,1,0
RCT000008870,RC0005,U0006567,push,2026-08-01 20:00:00,1,0
RCT000008871,RC0001,U0008418,push,2026-07-27 17:00:00,1,0
RCT000008872,RC0017,U0010381,sms,2026-04-11 10:00:00,0,0
RCT000008873,RC0021,U0000159,in_app,2026-04-17 15:00:00,1,0
RCT000008874,RC0008,U0009859,push,2026-06-25 08:00:00,1,0
RCT000008875,RC0006,U0009617,in_app,2026-02-15 17:00:00,1,0
RCT000008876,RC0017,U0009128,sms,2026-04-14 11:00:00,1,1
RCT000008877,RC0016,U0003763,in_app,2026-02-22 17:00:00,1,0
RCT000008878,RC0001,U0008027,push,2026-07-27 20:00:00,1,0
RCT000008879,RC0008,U0010710,push,2026-06-22 11:00:00,0,0
RCT000008880,RC0005,U0003434,push,2026-07-28 16:00:00,1,0
RCT000008881,RC0006,U0006916,in_app,2026-02-21 12:00:00,1,0
RCT000008882,RC0023,U0000500,sms,2026-06-01 11:00:00,1,0
RCT000008883,RC0013,U0001706,push,2026-02-18 11:00:00,1,0
RCT000008884,RC0001,U0000556,push,2026-08-01 20:00:00,1,1
RCT000008885,RC0011,U0004648,sms,2026-07-13 12:00:00,0,0
RCT000008886,RC0017,U0004923,sms,2026-04-14 12:00:00,1,0
RCT000008887,RC0017,U0006957,sms,2026-04-14 09:00:00,1,0
RCT000008888,RC0018,U0004818,push,2026-02-13 21:00:00,0,0
RCT000008889,RC0001,U0008517,push,2026-07-28 09:00:00,1,1
RCT000008890,RC0015,U0001833,push,2026-04-27 16:00:00,1,0
RCT000008891,RC0010,U0002530,push,2026-03-15 21:00:00,1,0
RCT000008892,RC0019,U0003063,sms,2026-06-29 17:00:00,1,0
RCT000008893,RC0016,U0006443,in_app,2026-02-26 15:00:00,1,0
RCT000008894,RC0006,U0009798,in_app,2026-02-21 16:00:00,1,0
RCT000008895,RC0004,U0002844,in_app,2026-02-05 15:00:00,1,0
RCT000008896,RC0018,U0011869,push,2026-02-10 10:00:00,1,0
RCT000008897,RC0006,U0002593,in_app,2026-02-20 08:00:00,1,0
RCT000008898,RC0005,U0003098,push,2026-08-01 09:00:00,1,0
RCT000008899,RC0009,U0004363,sms,2026-05-10 13:00:00,0,0
RCT000008900,RC0013,U0001076,push,2026-02-15 21:00:00,1,0
RCT000008901,RC0013,U0003353,push,2026-02-15 14:00:00,1,0
RCT000008902,RC0003,U0005525,push,2026-02-12 09:00:00,1,0
RCT000008903,RC0019,U0005068,sms,2026-06-28 16:00:00,1,0
RCT000008904,RC0019,U0008524,sms,2026-06-30 09:00:00,1,0
RCT000008905,RC0021,U0001411,in_app,2026-04-16 15:00:00,0,0
RCT000008906,RC0010,U0003748,push,2026-03-14 11:00:00,1,0
RCT000008907,RC0024,U0010761,push,2026-06-04 15:00:00,0,0
RCT000008908,RC0013,U0007573,push,2026-02-15 08:00:00,1,0
RCT000008909,RC0013,U0000393,push,2026-02-18 14:00:00,1,0
RCT000008910,RC0016,U0002075,in_app,2026-02-24 19:00:00,1,0
RCT000008911,RC0015,U0001595,push,2026-04-27 18:00:00,1,0
RCT000008912,RC0023,U0006428,sms,2026-05-30 17:00:00,1,0
RCT000008913,RC0011,U0010765,sms,2026-07-15 17:00:00,1,0
RCT000008914,RC0004,U0001233,in_app,2026-01-31 18:00:00,1,0
RCT000008915,RC0020,U0010811,push,2026-05-28 10:00:00,1,0
RCT000008916,RC0003,U0004685,push,2026-02-16 11:00:00,1,0
RCT000008917,RC0017,U0003480,sms,2026-04-08 18:00:00,1,0
RCT000008918,RC0001,U0004950,push,2026-07-29 11:00:00,0,0
RCT000008919,RC0004,U0009162,in_app,2026-01-31 10:00:00,1,0
RCT000008920,RC0022,U0011948,in_app,2026-05-22 20:00:00,1,1
RCT000008921,RC0014,U0008721,push,2026-03-26 18:00:00,1,0
RCT000008922,RC0013,U0007701,push,2026-02-14 13:00:00,1,0
RCT000008923,RC0016,U0011197,in_app,2026-02-22 20:00:00,1,1
RCT000008924,RC0005,U0007133,push,2026-07-29 13:00:00,1,0
RCT000008925,RC0019,U0006829,sms,2026-06-25 11:00:00,1,1
RCT000008926,RC0004,U0005373,in_app,2026-02-06 11:00:00,1,0
RCT000008927,RC0021,U0006530,in_app,2026-04-17 19:00:00,1,0
RCT000008928,RC0024,U0006487,push,2026-06-05 15:00:00,1,0
RCT000008929,RC0010,U0009572,push,2026-03-15 11:00:00,1,0
RCT000008930,RC0021,U0010324,in_app,2026-04-19 08:00:00,1,0
RCT000008931,RC0003,U0008884,push,2026-02-14 12:00:00,1,0
RCT000008932,RC0023,U0001333,sms,2026-05-27 09:00:00,1,0
RCT000008933,RC0023,U0000689,sms,2026-05-30 12:00:00,1,0
RCT000008934,RC0005,U0009603,push,2026-08-03 21:00:00,1,1
RCT000008935,RC0010,U0008464,push,2026-03-17 20:00:00,1,0
RCT000008936,RC0022,U0006709,in_app,2026-05-24 11:00:00,1,0
RCT000008937,RC0014,U0011036,push,2026-03-23 16:00:00,1,0
RCT000008938,RC0018,U0002463,push,2026-02-11 19:00:00,1,0
RCT000008939,RC0004,U0004681,in_app,2026-02-02 10:00:00,1,0
RCT000008940,RC0005,U0007659,push,2026-07-31 15:00:00,1,0
RCT000008941,RC0008,U0008819,push,2026-06-21 16:00:00,1,0
RCT000008942,RC0005,U0008983,push,2026-08-02 12:00:00,0,0
RCT000008943,RC0023,U0009445,sms,2026-05-27 09:00:00,1,0
RCT000008944,RC0011,U0008805,sms,2026-07-16 20:00:00,0,0
RCT000008945,RC0012,U0003509,push,2026-03-02 16:00:00,1,0
RCT000008946,RC0012,U0008838,push,2026-03-01 09:00:00,1,0
RCT000008947,RC0011,U0000172,sms,2026-07-12 20:00:00,1,1
RCT000008948,RC0004,U0006025,in_app,2026-02-01 16:00:00,1,0
RCT000008949,RC0001,U0002888,push,2026-07-30 12:00:00,1,1
RCT000008950,RC0004,U0001340,in_app,2026-02-06 14:00:00,1,0
RCT000008951,RC0020,U0002321,push,2026-05-26 17:00:00,1,0
RCT000008952,RC0016,U0000095,in_app,2026-02-24 08:00:00,1,1
RCT000008953,RC0020,U0009786,push,2026-05-27 15:00:00,1,0
RCT000008954,RC0004,U0007675,in_app,2026-02-05 17:00:00,1,0
RCT000008955,RC0006,U0002948,in_app,2026-02-17 16:00:00,1,0
RCT000008956,RC0015,U0008068,push,2026-04-22 15:00:00,1,0
RCT000008957,RC0017,U0003256,sms,2026-04-13 21:00:00,0,0
RCT000008958,RC0001,U0008246,push,2026-07-30 18:00:00,1,1
RCT000008959,RC0013,U0008043,push,2026-02-19 21:00:00,1,0
RCT000008960,RC0009,U0003940,sms,2026-05-10 10:00:00,1,0
RCT000008961,RC0001,U0008868,push,2026-07-29 08:00:00,1,0
RCT000008962,RC0023,U0006389,sms,2026-06-01 09:00:00,1,0
RCT000008963,RC0008,U0003070,push,2026-06-24 13:00:00,1,0
RCT000008964,RC0013,U0002049,push,2026-02-17 08:00:00,1,1
RCT000008965,RC0012,U0006413,push,2026-03-02 21:00:00,1,0
RCT000008966,RC0012,U0011511,push,2026-02-28 12:00:00,1,1
RCT000008967,RC0019,U0005151,sms,2026-06-30 21:00:00,1,0
RCT000008968,RC0015,U0006129,push,2026-04-25 13:00:00,1,1
RCT000008969,RC0010,U0002743,push,2026-03-12 13:00:00,1,0
RCT000008970,RC0019,U0011786,sms,2026-06-30 20:00:00,1,0
RCT000008971,RC0011,U0004137,sms,2026-07-15 13:00:00,1,0
RCT000008972,RC0007,U0002741,push,2026-06-27 20:00:00,1,0
RCT000008973,RC0013,U0004244,push,2026-02-15 11:00:00,0,0
RCT000008974,RC0008,U0011491,push,2026-06-23 17:00:00,1,0
RCT000008975,RC0003,U0002923,push,2026-02-13 19:00:00,1,0
RCT000008976,RC0002,U0002754,push,2026-06-19 20:00:00,1,0
RCT000008977,RC0005,U0009187,push,2026-08-03 20:00:00,1,1
RCT000008978,RC0007,U0002162,push,2026-06-23 18:00:00,1,0
RCT000008979,RC0014,U0009211,push,2026-03-26 21:00:00,1,0
RCT000008980,RC0022,U0007144,in_app,2026-05-22 08:00:00,1,0
RCT000008981,RC0023,U0010516,sms,2026-06-01 18:00:00,1,0
RCT000008982,RC0009,U0000236,sms,2026-05-08 10:00:00,1,0
RCT000008983,RC0021,U0000864,in_app,2026-04-18 19:00:00,1,0
RCT000008984,RC0007,U0000730,push,2026-06-24 16:00:00,1,0
RCT000008985,RC0022,U0002653,in_app,2026-05-21 16:00:00,1,0
RCT000008986,RC0009,U0008398,sms,2026-05-10 11:00:00,1,0
RCT000008987,RC0015,U0007909,push,2026-04-21 21:00:00,1,0
RCT000008988,RC0022,U0000546,in_app,2026-05-27 15:00:00,1,0
RCT000008989,RC0012,U0009589,push,2026-03-01 14:00:00,1,1
RCT000008990,RC0019,U0003374,sms,2026-06-29 16:00:00,1,0
RCT000008991,RC0006,U0000064,in_app,2026-02-17 14:00:00,1,0
RCT000008992,RC0013,U0011068,push,2026-02-18 12:00:00,1,0
RCT000008993,RC0013,U0000561,push,2026-02-17 18:00:00,1,0
RCT000008994,RC0007,U0009962,push,2026-06-26 11:00:00,1,0
RCT000008995,RC0022,U0007347,in_app,2026-05-27 16:00:00,1,0
RCT000008996,RC0022,U0003187,in_app,2026-05-27 08:00:00,1,0
RCT000008997,RC0009,U0004194,sms,2026-05-07 17:00:00,1,0
RCT000008998,RC0002,U0007203,push,2026-06-18 15:00:00,1,0
RCT000008999,RC0012,U0011722,push,2026-02-28 11:00:00,1,1
RCT000009000,RC0018,U0004450,push,2026-02-14 18:00:00,0,0
