topic_content_id,topic_id,content_id,joined_at,ranking,traffic_boost
TC00000001,TOP0034,V00008813,2026-04-29 19:12:13,338,2.98
TC00000002,TOP0044,V00009567,2026-08-04 07:40:24,492,1.72
TC00000003,TOP0044,V00003159,2026-06-01 00:00:00,168,1.66
TC00000004,TOP0013,V00014842,2026-02-15 00:00:00,100,1.6
TC00000005,TOP0113,V00007463,2026-06-16 17:37:14,156,2.38
TC00000006,TOP0056,V00002580,2026-08-07 00:00:00,406,2.01
TC00000007,TOP0110,V00007761,2026-08-07 11:50:03,405,2.04
TC00000008,TOP0089,V00008508,2026-04-11 11:09:38,267,3.43
TC00000009,TOP0098,V00010904,2026-05-06 13:36:55,404,2.48
TC00000010,TOP0085,V00006209,2026-08-15 07:39:02,18,2.16
TC00000011,TOP0034,V00000168,2026-03-19 00:00:00,142,1.99
TC00000012,TOP0006,V00005130,2026-05-20 00:36:58,405,1.88
TC00000013,TOP0113,V00004894,2026-07-12 11:00:15,94,2.39
TC00000014,TOP0115,V00005544,2026-05-10 00:00:00,323,1.96
TC00000015,TOP0030,V00012578,2026-07-28 00:00:00,392,2.03
TC00000016,TOP0016,V00008128,2026-06-27 17:02:47,405,1.41
TC00000017,TOP0042,V00010826,2026-04-29 00:00:00,25,3.45
TC00000018,TOP0016,V00005599,2026-08-09 03:19:53,134,1.77
TC00000019,TOP0079,V00003609,2026-07-04 01:18:04,466,2.47
TC00000020,TOP0088,V00001461,2026-08-16 21:37:34,148,2.6
TC00000021,TOP0058,V00014495,2026-07-15 11:59:10,259,1.93
TC00000022,TOP0034,V00014013,2026-04-17 20:40:13,80,2.46
TC00000023,TOP0077,V00008616,2026-06-18 15:37:31,262,2.85
TC00000024,TOP0023,V00005350,2026-06-13 00:00:00,405,1.54
TC00000025,TOP0019,V00011803,2026-04-12 00:00:00,373,2.28
TC00000026,TOP0068,V00013548,2026-05-01 09:12:40,388,3.09
TC00000027,TOP0084,V00011128,2026-06-29 00:00:00,493,1.57
TC00000028,TOP0076,V00009927,2026-07-19 23:48:08,213,1.8
TC00000029,TOP0030,V00013950,2026-07-28 00:00:00,325,2.94
TC00000030,TOP0020,V00009165,2026-08-03 13:32:51,446,2.99
TC00000031,TOP0042,V00014177,2026-08-27 18:51:08,190,1.3
TC00000032,TOP0043,V00006373,2026-08-17 22:38:50,66,1.96
TC00000033,TOP0010,V00004337,2026-08-06 10:38:44,303,2.77
TC00000034,TOP0109,V00010803,2026-07-04 07:06:03,427,3.07
TC00000035,TOP0067,V00003865,2026-07-21 06:10:30,92,3.38
TC00000036,TOP0029,V00010933,2026-05-24 00:00:00,354,2.9
TC00000037,TOP0113,V00011238,2026-06-15 00:00:00,240,1.42
TC00000038,TOP0074,V00010903,2026-06-09 00:00:00,101,3.28
TC00000039,TOP0113,V00013215,2026-08-01 23:17:46,158,1.82
TC00000040,TOP0044,V00005131,2026-07-11 12:43:25,270,1.18
TC00000041,TOP0071,V00010181,2026-06-28 15:18:00,255,1.29
TC00000042,TOP0065,V00013230,2026-08-28 01:37:16,419,3.32
TC00000043,TOP0023,V00004560,2026-06-13 00:00:00,486,2.39
TC00000044,TOP0098,V00013304,2026-08-18 19:50:51,223,1.25
TC00000045,TOP0054,V00007065,2026-08-13 07:39:34,116,2.96
TC00000046,TOP0067,V00011524,2026-03-20 18:41:52,314,2.24
TC00000047,TOP0002,V00010524,2026-08-23 04:51:30,263,2.77
TC00000048,TOP0115,V00007276,2026-05-10 00:00:00,324,2.99
TC00000049,TOP0051,V00013021,2026-07-11 00:00:00,98,2.15
TC00000050,TOP0105,V00014672,2026-05-12 00:06:49,401,1.06
TC00000051,TOP0040,V00008681,2026-04-04 22:53:52,187,1.0
TC00000052,TOP0060,V00008676,2026-08-16 04:37:32,387,1.07
TC00000053,TOP0041,V00003557,2026-04-10 00:00:00,94,3.37
TC00000054,TOP0083,V00014571,2026-06-25 00:00:00,97,2.05
TC00000055,TOP0024,V00005279,2026-05-18 00:00:00,306,3.43
TC00000056,TOP0053,V00000903,2026-04-26 00:00:00,29,1.36
TC00000057,TOP0033,V00003971,2026-05-03 23:12:32,262,3.28
TC00000058,TOP0060,V00014994,2026-08-04 00:00:00,464,2.18
TC00000059,TOP0052,V00001316,2026-04-17 00:00:00,141,1.59
TC00000060,TOP0094,V00005868,2026-07-09 00:00:00,367,1.6
TC00000061,TOP0079,V00014285,2026-06-28 00:00:00,233,1.94
TC00000062,TOP0038,V00010278,2026-04-28 00:00:00,231,2.89
TC00000063,TOP0099,V00011486,2026-07-27 08:27:04,465,2.43
TC00000064,TOP0032,V00013550,2026-06-27 00:00:00,37,1.94
TC00000065,TOP0109,V00014010,2026-07-16 09:08:06,500,3.29
TC00000066,TOP0043,V00005636,2026-06-29 21:22:42,414,2.7
TC00000067,TOP0036,V00001591,2026-06-26 00:00:00,343,2.94
TC00000068,TOP0083,V00006724,2026-08-08 16:38:03,356,2.19
TC00000069,TOP0091,V00000868,2026-06-04 00:00:00,377,2.71
TC00000070,TOP0101,V00003642,2026-06-20 00:00:00,43,3.5
TC00000071,TOP0037,V00003519,2026-07-15 00:00:00,242,3.48
TC00000072,TOP0030,V00004067,2026-07-28 00:00:00,320,3.0
TC00000073,TOP0098,V00001170,2026-08-04 23:34:04,375,1.22
TC00000074,TOP0053,V00000847,2026-04-26 00:00:00,29,1.29
TC00000075,TOP0093,V00001839,2026-06-12 18:24:07,367,1.5
TC00000076,TOP0033,V00005789,2026-02-13 00:00:00,90,1.83
TC00000077,TOP0048,V00013323,2026-07-21 06:37:47,78,2.43
TC00000078,TOP0049,V00011417,2026-07-27 00:22:05,306,1.01
TC00000079,TOP0070,V00006144,2026-04-23 00:00:00,443,1.93
TC00000080,TOP0091,V00008618,2026-06-04 00:00:00,378,2.21
TC00000081,TOP0090,V00012051,2026-08-08 22:00:02,275,2.89
TC00000082,TOP0107,V00003666,2026-08-19 05:14:13,285,1.47
TC00000083,TOP0070,V00000279,2026-05-24 02:41:13,495,1.79
TC00000084,TOP0071,V00001715,2026-06-19 18:29:54,431,2.89
TC00000085,TOP0081,V00008483,2026-06-22 00:00:00,71,1.26
TC00000086,TOP0045,V00003674,2026-05-04 00:00:00,499,1.08
TC00000087,TOP0067,V00011816,2026-06-07 03:56:11,140,1.42
TC00000088,TOP0086,V00003028,2026-05-25 20:07:54,247,1.18
TC00000089,TOP0108,V00014560,2026-07-29 19:43:15,377,1.11
TC00000090,TOP0068,V00001448,2026-01-29 03:22:47,410,1.76
TC00000091,TOP0047,V00013343,2026-05-31 00:00:00,338,3.44
TC00000092,TOP0043,V00012646,2026-04-17 00:00:00,229,1.11
TC00000093,TOP0063,V00014215,2026-06-29 00:00:00,19,3.39
TC00000094,TOP0041,V00006609,2026-04-10 00:00:00,380,2.38
TC00000095,TOP0005,V00005760,2026-08-19 03:17:32,174,2.27
TC00000096,TOP0073,V00001471,2026-08-20 13:57:33,25,1.39
TC00000097,TOP0100,V00007165,2026-06-04 11:14:47,271,1.35
TC00000098,TOP0076,V00005841,2026-06-29 11:15:36,339,1.06
TC00000099,TOP0024,V00003295,2026-07-12 08:48:21,482,1.31
TC00000100,TOP0117,V00011669,2026-03-06 00:00:00,114,2.93
TC00000101,TOP0063,V00003097,2026-06-29 00:00:00,53,2.05
TC00000102,TOP0025,V00000571,2026-07-04 00:00:00,329,2.11
TC00000103,TOP0078,V00010889,2026-07-25 10:10:16,482,1.61
TC00000104,TOP0042,V00010884,2026-07-26 14:08:26,57,2.42
TC00000105,TOP0069,V00004912,2026-01-15 12:11:46,412,3.05
TC00000106,TOP0096,V00004860,2026-04-25 08:53:19,160,1.14
TC00000107,TOP0015,V00009315,2026-04-26 00:00:00,155,2.31
TC00000108,TOP0104,V00009824,2026-07-26 02:55:49,117,2.68
TC00000109,TOP0078,V00001012,2026-05-15 17:25:23,221,2.86
TC00000110,TOP0116,V00001289,2026-08-28 19:44:43,23,2.39
TC00000111,TOP0103,V00002922,2026-07-04 00:00:00,131,2.74
TC00000112,TOP0115,V00012323,2026-05-10 00:00:00,123,2.29
TC00000113,TOP0029,V00001504,2026-05-24 00:00:00,203,2.08
TC00000114,TOP0059,V00011108,2026-08-09 16:45:40,435,3.33
TC00000115,TOP0030,V00006143,2026-07-28 00:00:00,40,3.43
TC00000116,TOP0024,V00008736,2026-05-18 00:00:00,411,1.73
TC00000117,TOP0090,V00006666,2026-07-23 00:00:00,175,3.22
TC00000118,TOP0079,V00010116,2026-06-28 00:00:00,175,1.21
TC00000119,TOP0049,V00007146,2026-08-03 08:20:35,182,1.85
TC00000120,TOP0016,V00011197,2026-05-15 00:00:00,497,1.45
TC00000121,TOP0010,V00002583,2026-07-17 09:14:00,299,1.48
TC00000122,TOP0039,V00009684,2026-04-01 00:19:13,180,3.17
TC00000123,TOP0051,V00006999,2026-07-11 00:00:00,234,3.41
TC00000124,TOP0046,V00011384,2026-05-11 00:00:00,451,2.58
TC00000125,TOP0008,V00002544,2026-07-26 00:00:00,232,1.3
TC00000126,TOP0081,V00013359,2026-06-22 00:00:00,110,1.17
TC00000127,TOP0037,V00006007,2026-07-15 00:00:00,330,1.53
TC00000128,TOP0021,V00013384,2026-07-13 00:00:00,317,2.24
TC00000129,TOP0113,V00013469,2026-08-17 04:39:48,234,2.82
TC00000130,TOP0081,V00000040,2026-06-22 00:00:00,399,1.43
TC00000131,TOP0022,V00008191,2026-04-12 07:06:40,74,3.16
TC00000132,TOP0102,V00001805,2026-08-12 14:55:05,389,3.19
TC00000133,TOP0119,V00001130,2026-02-09 15:46:48,456,3.04
TC00000134,TOP0045,V00006943,2026-05-04 00:00:00,156,3.09
TC00000135,TOP0102,V00013473,2026-08-11 11:18:10,422,3.39
TC00000136,TOP0103,V00011278,2026-07-04 00:00:00,87,3.21
TC00000137,TOP0021,V00008669,2026-08-04 09:35:46,197,2.02
TC00000138,TOP0053,V00014414,2026-04-26 00:00:00,143,3.29
TC00000139,TOP0102,V00005372,2026-06-29 00:00:00,246,1.34
TC00000140,TOP0038,V00003219,2026-08-13 11:10:12,456,1.98
TC00000141,TOP0049,V00004572,2026-06-16 17:17:39,365,2.75
TC00000142,TOP0014,V00012805,2026-06-05 05:46:37,391,2.59
TC00000143,TOP0067,V00007249,2026-01-30 05:31:57,217,3.15
TC00000144,TOP0060,V00010040,2026-08-04 00:00:00,1,2.65
TC00000145,TOP0070,V00013717,2026-07-24 21:25:33,346,3.49
TC00000146,TOP0108,V00011299,2026-07-11 00:00:00,94,1.1
TC00000147,TOP0104,V00013658,2026-05-24 00:00:00,233,2.85
TC00000148,TOP0098,V00010589,2026-07-06 17:42:12,182,2.14
TC00000149,TOP0009,V00008483,2026-01-23 11:09:52,107,3.34
TC00000150,TOP0119,V00014687,2026-04-30 04:11:12,52,1.22
TC00000151,TOP0027,V00004057,2026-04-01 00:00:00,11,1.89
TC00000152,TOP0066,V00012497,2026-04-15 18:07:36,359,2.22
TC00000153,TOP0003,V00011229,2026-08-28 22:30:46,440,2.19
TC00000154,TOP0016,V00001082,2026-07-06 01:37:00,192,2.55
TC00000155,TOP0014,V00010525,2026-04-26 01:26:05,328,2.08
TC00000156,TOP0071,V00001692,2026-05-29 06:05:24,7,2.82
TC00000157,TOP0049,V00014235,2026-03-05 00:00:00,318,3.01
TC00000158,TOP0069,V00011741,2026-02-10 14:47:52,165,2.63
TC00000159,TOP0079,V00000139,2026-06-28 00:00:00,444,1.42
TC00000160,TOP0095,V00001489,2026-08-09 19:25:28,485,3.1
TC00000161,TOP0050,V00002528,2026-06-05 21:20:46,471,1.37
TC00000162,TOP0050,V00007406,2026-06-17 18:25:59,82,3.22
TC00000163,TOP0067,V00004463,2026-01-25 01:44:42,204,3.43
TC00000164,TOP0072,V00012037,2026-08-08 15:06:09,456,3.3
TC00000165,TOP0104,V00006629,2026-08-10 05:14:04,127,2.55
TC00000166,TOP0046,V00007861,2026-05-11 00:00:00,427,3.09
TC00000167,TOP0092,V00008334,2026-05-23 18:53:56,462,1.67
TC00000168,TOP0042,V00013869,2026-04-29 00:00:00,439,2.42
TC00000169,TOP0046,V00004014,2026-05-11 00:00:00,91,1.07
TC00000170,TOP0078,V00003481,2026-07-28 10:17:27,17,1.21
TC00000171,TOP0034,V00010920,2026-03-29 09:28:26,140,1.68
TC00000172,TOP0067,V00007154,2026-03-19 14:34:18,32,2.25
TC00000173,TOP0005,V00003683,2026-05-29 11:03:41,395,2.29
TC00000174,TOP0084,V00001339,2026-08-25 12:25:35,141,2.2
TC00000175,TOP0120,V00002755,2026-05-16 00:00:00,36,1.14
TC00000176,TOP0051,V00001642,2026-07-11 00:00:00,370,2.09
TC00000177,TOP0012,V00000386,2026-07-13 02:38:04,262,2.75
TC00000178,TOP0089,V00011010,2026-08-03 00:02:21,168,1.58
TC00000179,TOP0075,V00007824,2026-06-16 17:32:30,21,2.9
TC00000180,TOP0091,V00007816,2026-06-04 00:00:00,346,3.06
TC00000181,TOP0019,V00009851,2026-05-18 19:47:30,183,1.48
TC00000182,TOP0059,V00010512,2026-05-01 00:00:00,158,3.34
TC00000183,TOP0099,V00005303,2026-07-03 00:00:00,252,1.88
TC00000184,TOP0116,V00001739,2026-06-06 12:16:11,286,3.47
TC00000185,TOP0106,V00011933,2026-02-26 02:14:47,253,1.31
TC00000186,TOP0102,V00010325,2026-06-29 00:00:00,124,3.48
TC00000187,TOP0017,V00008191,2026-04-12 07:06:40,70,2.78
TC00000188,TOP0055,V00010337,2026-05-08 00:00:00,326,3.18
TC00000189,TOP0080,V00005352,2026-05-09 00:00:00,107,1.19
TC00000190,TOP0031,V00009854,2026-08-01 00:00:00,111,2.86
TC00000191,TOP0059,V00002817,2026-05-01 00:00:00,36,1.02
TC00000192,TOP0104,V00001388,2026-05-24 00:00:00,434,2.23
TC00000193,TOP0005,V00012406,2026-05-09 21:37:07,350,2.51
TC00000194,TOP0060,V00003935,2026-08-04 00:00:00,123,3.03
TC00000195,TOP0083,V00008053,2026-07-08 04:18:28,47,1.9
TC00000196,TOP0031,V00006368,2026-08-22 01:49:18,134,3.5
TC00000197,TOP0014,V00001726,2026-04-16 23:12:37,91,1.44
TC00000198,TOP0090,V00005879,2026-07-23 00:00:00,482,2.61
TC00000199,TOP0053,V00001439,2026-04-26 00:00:00,62,1.84
TC00000200,TOP0074,V00004721,2026-07-17 00:07:17,101,1.3
TC00000201,TOP0009,V00004749,2026-06-11 13:14:54,29,2.66
TC00000202,TOP0013,V00009049,2026-08-02 14:54:37,79,2.69
TC00000203,TOP0068,V00004614,2026-04-02 09:33:44,446,3.43
TC00000204,TOP0036,V00005172,2026-08-13 00:26:50,377,2.86
TC00000205,TOP0035,V00008779,2026-03-27 00:00:00,407,3.29
TC00000206,TOP0043,V00012895,2026-04-27 18:23:25,32,3.13
TC00000207,TOP0096,V00012105,2026-03-20 22:44:13,47,1.02
TC00000208,TOP0117,V00011421,2026-05-24 18:07:52,206,3.04
TC00000209,TOP0011,V00013763,2026-05-12 01:18:42,172,3.12
TC00000210,TOP0088,V00010347,2026-06-28 01:16:06,373,1.31
TC00000211,TOP0111,V00009642,2026-03-05 08:42:34,266,3.23
TC00000212,TOP0030,V00006838,2026-07-28 00:00:00,82,1.92
TC00000213,TOP0063,V00005780,2026-06-29 00:00:00,368,1.31
TC00000214,TOP0101,V00006299,2026-06-20 00:00:00,81,2.6
TC00000215,TOP0053,V00013232,2026-07-27 04:31:29,71,2.64
TC00000216,TOP0110,V00000127,2026-01-31 00:00:00,343,2.36
TC00000217,TOP0071,V00003985,2026-08-17 11:03:01,375,1.33
TC00000218,TOP0089,V00005573,2026-07-18 18:56:50,57,3.4
TC00000219,TOP0058,V00012848,2026-08-13 00:15:22,34,2.45
TC00000220,TOP0072,V00008751,2026-05-19 07:26:53,128,1.75
TC00000221,TOP0080,V00013822,2026-05-09 00:00:00,346,1.17
TC00000222,TOP0082,V00005281,2026-08-22 00:21:58,377,2.45
TC00000223,TOP0023,V00004048,2026-06-29 04:48:19,349,2.05
TC00000224,TOP0011,V00010484,2026-03-24 11:42:26,102,1.56
TC00000225,TOP0058,V00014331,2026-06-13 05:55:49,275,2.16
TC00000226,TOP0119,V00007551,2026-08-11 10:41:42,320,2.01
TC00000227,TOP0054,V00005848,2026-08-17 15:00:02,388,2.65
TC00000228,TOP0087,V00001250,2026-02-09 07:32:44,63,1.91
TC00000229,TOP0068,V00002428,2026-07-14 13:18:04,491,1.75
TC00000230,TOP0087,V00007683,2026-04-10 19:10:24,16,2.27
TC00000231,TOP0045,V00012455,2026-05-30 03:32:37,50,1.42
TC00000232,TOP0111,V00003105,2026-04-03 13:14:53,88,1.71
TC00000233,TOP0003,V00001620,2026-07-05 00:00:00,467,2.22
TC00000234,TOP0076,V00011607,2026-05-04 00:00:00,93,2.66
TC00000235,TOP0103,V00007960,2026-08-12 04:43:13,450,1.41
TC00000236,TOP0041,V00005248,2026-08-06 00:58:45,37,2.14
TC00000237,TOP0013,V00010601,2026-05-03 11:19:30,238,1.47
TC00000238,TOP0032,V00010137,2026-08-15 03:38:38,199,3.42
TC00000239,TOP0109,V00008897,2026-04-10 15:22:38,195,3.11
TC00000240,TOP0056,V00013249,2026-08-07 00:00:00,273,2.74
TC00000241,TOP0065,V00010592,2026-06-08 05:49:41,398,1.17
TC00000242,TOP0087,V00006735,2026-02-04 04:49:51,20,3.09
TC00000243,TOP0059,V00014840,2026-05-01 00:00:00,81,3.27
TC00000244,TOP0055,V00012542,2026-05-08 00:00:00,73,2.7
TC00000245,TOP0081,V00012697,2026-07-01 20:33:28,242,2.76
TC00000246,TOP0002,V00010103,2026-02-21 00:00:00,13,1.54
TC00000247,TOP0014,V00000988,2026-07-21 01:15:59,263,1.53
TC00000248,TOP0112,V00008660,2026-06-21 15:16:07,435,1.08
TC00000249,TOP0092,V00005707,2026-08-14 12:33:42,445,1.61
TC00000250,TOP0068,V00014393,2026-03-03 15:28:31,207,3.28
TC00000251,TOP0085,V00006567,2026-07-10 00:00:00,395,3.45
TC00000252,TOP0033,V00009199,2026-08-09 08:42:41,13,1.72
TC00000253,TOP0081,V00010601,2026-06-22 00:00:00,380,3.21
TC00000254,TOP0029,V00014852,2026-07-25 15:29:06,77,1.64
TC00000255,TOP0002,V00011213,2026-04-29 01:13:55,331,1.85
TC00000256,TOP0033,V00010652,2026-05-14 14:52:52,42,2.33
TC00000257,TOP0104,V00006917,2026-05-24 00:00:00,370,2.63
TC00000258,TOP0032,V00005894,2026-06-27 00:00:00,323,1.13
TC00000259,TOP0095,V00001659,2026-06-17 00:00:00,167,2.79
TC00000260,TOP0096,V00011441,2026-05-03 01:47:55,480,1.8
TC00000261,TOP0080,V00012100,2026-07-18 18:42:49,103,2.03
TC00000262,TOP0108,V00006512,2026-07-11 00:00:00,175,1.22
TC00000263,TOP0109,V00007171,2026-06-13 01:39:59,222,1.09
TC00000264,TOP0080,V00004135,2026-07-08 18:24:06,455,1.9
TC00000265,TOP0039,V00004560,2026-04-05 07:17:05,267,1.72
TC00000266,TOP0017,V00002785,2026-03-18 00:00:00,37,1.46
TC00000267,TOP0045,V00004292,2026-08-28 19:52:53,278,3.31
TC00000268,TOP0025,V00007974,2026-07-04 00:00:00,157,1.6
TC00000269,TOP0078,V00004075,2026-03-03 00:00:00,419,2.6
TC00000270,TOP0097,V00008180,2026-04-25 00:00:00,77,1.37
TC00000271,TOP0086,V00004698,2026-01-16 19:15:40,148,3.09
TC00000272,TOP0019,V00012095,2026-07-19 07:07:07,266,1.17
TC00000273,TOP0069,V00010793,2026-07-06 09:40:06,184,1.25
TC00000274,TOP0020,V00000442,2026-04-06 14:10:23,133,1.71
TC00000275,TOP0101,V00010825,2026-06-20 00:00:00,94,2.61
TC00000276,TOP0031,V00009610,2026-08-01 00:00:00,137,2.59
TC00000277,TOP0088,V00001517,2026-06-10 14:08:49,6,1.48
TC00000278,TOP0027,V00002594,2026-04-01 00:00:00,79,1.13
TC00000279,TOP0001,V00014678,2026-05-17 18:51:24,165,1.26
TC00000280,TOP0018,V00000494,2026-08-28 19:58:46,499,3.05
TC00000281,TOP0013,V00014733,2026-07-24 20:18:40,62,2.24
TC00000282,TOP0005,V00006457,2026-02-12 00:00:00,205,1.58
TC00000283,TOP0110,V00010527,2026-03-29 08:36:48,155,3.38
TC00000284,TOP0112,V00011609,2026-06-05 05:56:03,247,2.37
TC00000285,TOP0091,V00009309,2026-07-10 18:58:44,423,1.88
TC00000286,TOP0072,V00008196,2026-06-17 14:17:24,100,3.38
TC00000287,TOP0092,V00002650,2026-04-07 16:41:16,57,3.09
TC00000288,TOP0007,V00006029,2026-08-18 01:29:00,246,3.03
TC00000289,TOP0091,V00000922,2026-06-04 00:00:00,423,1.36
TC00000290,TOP0115,V00011428,2026-06-25 14:08:12,207,1.56
TC00000291,TOP0119,V00001767,2026-03-22 14:33:23,277,1.54
TC00000292,TOP0079,V00007385,2026-06-28 00:00:00,17,1.71
TC00000293,TOP0092,V00013915,2026-03-08 07:19:22,104,1.86
TC00000294,TOP0029,V00000243,2026-05-24 00:00:00,304,1.11
TC00000295,TOP0032,V00003692,2026-06-29 22:42:10,278,1.99
TC00000296,TOP0104,V00002065,2026-08-19 01:41:38,215,3.24
TC00000297,TOP0043,V00004740,2026-04-17 00:00:00,351,2.09
TC00000298,TOP0040,V00006694,2026-07-21 14:12:10,379,1.77
TC00000299,TOP0087,V00000714,2026-02-13 23:30:02,92,2.18
TC00000300,TOP0040,V00013329,2026-07-07 10:29:49,201,2.95
TC00000301,TOP0059,V00002516,2026-06-02 19:06:56,390,2.53
TC00000302,TOP0100,V00011651,2026-04-27 01:41:28,282,1.9
TC00000303,TOP0101,V00002234,2026-06-20 00:00:00,263,1.43
TC00000304,TOP0059,V00002642,2026-08-20 18:43:59,17,2.98
TC00000305,TOP0003,V00006908,2026-07-05 00:00:00,295,1.04
TC00000306,TOP0102,V00009303,2026-06-29 00:00:00,34,2.42
TC00000307,TOP0096,V00008514,2026-06-01 11:21:29,29,1.0
TC00000308,TOP0046,V00001205,2026-05-11 00:00:00,456,2.73
TC00000309,TOP0070,V00012303,2026-07-17 00:51:52,358,1.29
TC00000310,TOP0048,V00004402,2026-04-06 00:00:00,384,3.32
TC00000311,TOP0017,V00008245,2026-05-10 12:49:25,311,2.08
TC00000312,TOP0006,V00003116,2026-08-23 03:05:59,333,2.24
TC00000313,TOP0032,V00013735,2026-07-24 03:41:10,153,1.3
TC00000314,TOP0054,V00009022,2026-05-09 00:00:00,383,3.0
TC00000315,TOP0025,V00004587,2026-07-04 00:00:00,317,2.67
TC00000316,TOP0041,V00009324,2026-04-10 00:00:00,474,2.8
TC00000317,TOP0053,V00009178,2026-05-06 18:40:08,397,1.31
TC00000318,TOP0014,V00001995,2026-01-15 00:00:00,413,1.61
TC00000319,TOP0030,V00007485,2026-07-28 00:00:00,323,2.54
TC00000320,TOP0042,V00005250,2026-05-25 12:14:11,7,2.24
TC00000321,TOP0048,V00012252,2026-04-06 00:00:00,110,2.54
TC00000322,TOP0060,V00001533,2026-08-04 00:00:00,168,1.9
TC00000323,TOP0046,V00011215,2026-08-21 00:48:11,339,2.31
TC00000324,TOP0010,V00009520,2026-03-13 00:00:00,449,2.83
TC00000325,TOP0010,V00007257,2026-08-19 16:05:36,415,1.26
TC00000326,TOP0042,V00007835,2026-04-29 00:00:00,336,1.93
TC00000327,TOP0091,V00004217,2026-06-04 00:00:00,488,1.48
TC00000328,TOP0004,V00004592,2026-08-24 10:28:34,460,3.05
TC00000329,TOP0045,V00000294,2026-05-04 00:00:00,82,1.67
TC00000330,TOP0097,V00013132,2026-08-09 03:53:35,252,2.27
TC00000331,TOP0046,V00014457,2026-05-11 00:00:00,242,1.53
TC00000332,TOP0105,V00011483,2026-05-19 19:56:47,104,1.97
TC00000333,TOP0037,V00008447,2026-07-15 00:00:00,249,2.17
TC00000334,TOP0104,V00014575,2026-08-20 02:45:02,208,1.07
TC00000335,TOP0027,V00014196,2026-07-09 11:36:28,439,1.53
TC00000336,TOP0109,V00012696,2026-05-29 14:43:32,213,3.44
TC00000337,TOP0052,V00014449,2026-05-01 22:34:07,119,3.45
TC00000338,TOP0005,V00012067,2026-04-17 20:02:19,334,2.95
TC00000339,TOP0051,V00004115,2026-07-17 11:36:41,223,1.13
TC00000340,TOP0106,V00012353,2026-07-21 19:22:52,198,1.89
TC00000341,TOP0111,V00010363,2026-02-19 08:20:42,178,1.73
TC00000342,TOP0084,V00004655,2026-08-20 02:42:15,419,1.43
TC00000343,TOP0087,V00014479,2026-07-01 09:08:59,204,2.75
TC00000344,TOP0012,V00004390,2026-04-20 15:34:26,32,1.06
TC00000345,TOP0028,V00002540,2026-07-22 12:53:30,234,3.01
TC00000346,TOP0119,V00002912,2026-08-23 23:39:47,350,2.19
TC00000347,TOP0091,V00008361,2026-08-26 04:26:15,386,2.13
TC00000348,TOP0062,V00004437,2026-03-21 00:00:00,16,1.51
TC00000349,TOP0090,V00001807,2026-07-23 00:00:00,156,1.13
TC00000350,TOP0113,V00007557,2026-06-15 00:00:00,441,2.41
TC00000351,TOP0082,V00001156,2026-07-18 17:37:31,85,2.72
TC00000352,TOP0036,V00005362,2026-08-19 08:27:48,177,1.94
TC00000353,TOP0117,V00000945,2026-03-06 00:00:00,393,2.26
TC00000354,TOP0071,V00009401,2026-05-30 05:24:43,9,1.37
TC00000355,TOP0071,V00009022,2026-03-04 18:25:08,267,2.79
TC00000356,TOP0101,V00011461,2026-06-20 00:00:00,153,1.8
TC00000357,TOP0017,V00013006,2026-03-18 00:00:00,368,2.79
TC00000358,TOP0065,V00007029,2026-07-29 12:24:49,408,2.31
TC00000359,TOP0091,V00010642,2026-08-09 14:22:08,270,1.65
TC00000360,TOP0102,V00010857,2026-06-29 00:00:00,354,2.16
TC00000361,TOP0002,V00003709,2026-04-18 23:47:15,53,1.68
TC00000362,TOP0046,V00007787,2026-05-11 00:00:00,300,2.21
TC00000363,TOP0062,V00004720,2026-07-31 10:03:03,31,2.71
TC00000364,TOP0054,V00009560,2026-05-09 00:00:00,66,1.81
TC00000365,TOP0054,V00010353,2026-05-18 02:32:25,163,1.8
TC00000366,TOP0076,V00009629,2026-05-04 00:00:00,137,3.41
TC00000367,TOP0019,V00010188,2026-08-24 22:49:48,10,3.27
TC00000368,TOP0027,V00008525,2026-04-01 00:00:00,228,1.02
TC00000369,TOP0099,V00012426,2026-08-12 11:55:46,463,3.21
TC00000370,TOP0082,V00007573,2026-04-05 00:00:00,381,2.55
TC00000371,TOP0078,V00000286,2026-08-01 21:50:57,192,2.32
TC00000372,TOP0084,V00009240,2026-08-22 01:53:01,329,2.21
TC00000373,TOP0059,V00008071,2026-08-11 11:34:41,343,2.88
TC00000374,TOP0109,V00012727,2026-07-24 16:30:57,343,2.05
TC00000375,TOP0012,V00013330,2026-04-21 23:47:11,468,2.08
TC00000376,TOP0031,V00005935,2026-08-01 00:00:00,174,1.76
TC00000377,TOP0010,V00003009,2026-08-21 07:11:08,7,2.12
TC00000378,TOP0054,V00011547,2026-05-09 00:00:00,351,3.25
TC00000379,TOP0008,V00009670,2026-07-26 00:00:00,449,2.98
TC00000380,TOP0061,V00000314,2026-08-28 09:45:03,257,1.81
TC00000381,TOP0047,V00013011,2026-08-01 03:16:56,272,1.58
TC00000382,TOP0002,V00005655,2026-03-28 16:07:04,130,1.4
TC00000383,TOP0074,V00000209,2026-06-09 00:00:00,418,2.06
TC00000384,TOP0051,V00010927,2026-08-25 13:47:47,335,1.26
TC00000385,TOP0086,V00003650,2026-06-07 11:07:35,450,1.83
TC00000386,TOP0070,V00005622,2026-04-23 00:00:00,385,2.12
TC00000387,TOP0058,V00002782,2026-05-11 17:16:53,99,1.74
TC00000388,TOP0017,V00012942,2026-03-18 00:00:00,321,3.36
TC00000389,TOP0095,V00010039,2026-07-31 12:43:24,208,1.17
TC00000390,TOP0015,V00010441,2026-04-26 00:00:00,467,3.39
TC00000391,TOP0032,V00003254,2026-07-08 19:57:22,397,3.33
TC00000392,TOP0055,V00000970,2026-05-08 00:00:00,279,1.59
TC00000393,TOP0041,V00009752,2026-04-10 00:00:00,422,3.39
TC00000394,TOP0068,V00014014,2026-04-08 19:03:09,72,2.85
TC00000395,TOP0098,V00009964,2026-04-03 03:37:21,283,1.26
TC00000396,TOP0031,V00004001,2026-08-20 22:49:45,355,2.3
TC00000397,TOP0024,V00011064,2026-05-18 00:00:00,19,1.15
TC00000398,TOP0094,V00014610,2026-08-04 07:58:46,388,2.06
TC00000399,TOP0002,V00000126,2026-08-09 12:56:02,412,1.62
TC00000400,TOP0103,V00009819,2026-08-28 09:24:55,157,3.47
TC00000401,TOP0088,V00010050,2026-05-14 00:00:00,438,1.89
TC00000402,TOP0107,V00010939,2026-07-22 00:00:00,475,2.28
TC00000403,TOP0053,V00010808,2026-08-12 02:35:26,238,3.17
TC00000404,TOP0040,V00007361,2026-07-29 19:48:54,189,1.36
TC00000405,TOP0070,V00012732,2026-06-26 20:51:14,83,2.14
TC00000406,TOP0105,V00006644,2026-04-01 00:00:00,183,3.04
TC00000407,TOP0086,V00014085,2026-05-20 00:33:07,76,3.0
TC00000408,TOP0067,V00007034,2026-08-23 06:39:49,330,1.62
TC00000409,TOP0048,V00001927,2026-04-06 00:00:00,18,1.06
TC00000410,TOP0013,V00004659,2026-06-08 20:25:02,108,1.34
TC00000411,TOP0029,V00000152,2026-08-08 16:23:33,47,3.08
TC00000412,TOP0018,V00012249,2026-04-07 00:00:00,173,3.31
TC00000413,TOP0080,V00006345,2026-08-11 20:03:26,211,2.43
TC00000414,TOP0004,V00002437,2026-06-22 05:31:41,54,1.09
TC00000415,TOP0024,V00004414,2026-08-03 03:11:22,420,1.84
TC00000416,TOP0001,V00006018,2026-06-03 13:05:41,352,2.31
TC00000417,TOP0106,V00011982,2026-04-16 02:19:04,243,2.95
TC00000418,TOP0100,V00004964,2026-04-16 09:37:47,66,1.6
TC00000419,TOP0043,V00004274,2026-04-17 00:00:00,377,2.61
TC00000420,TOP0086,V00011166,2026-08-20 10:28:45,321,1.12
TC00000421,TOP0113,V00004498,2026-06-25 05:05:27,478,3.01
TC00000422,TOP0059,V00004799,2026-05-01 00:00:00,476,3.29
TC00000423,TOP0033,V00014807,2026-04-20 01:28:48,49,2.78
TC00000424,TOP0057,V00013245,2026-02-26 00:00:00,15,2.43
TC00000425,TOP0058,V00008562,2026-08-12 05:08:56,51,3.32
TC00000426,TOP0063,V00011245,2026-07-25 12:08:13,405,1.24
TC00000427,TOP0064,V00012134,2026-08-03 11:54:42,90,3.24
TC00000428,TOP0037,V00012413,2026-07-15 00:00:00,233,1.29
TC00000429,TOP0015,V00006636,2026-04-26 00:00:00,129,1.6
TC00000430,TOP0030,V00005737,2026-07-28 00:00:00,76,2.9
TC00000431,TOP0104,V00009659,2026-08-16 09:59:08,137,2.83
TC00000432,TOP0048,V00011374,2026-07-16 01:52:04,441,2.38
TC00000433,TOP0079,V00004754,2026-06-28 00:00:00,376,2.8
TC00000434,TOP0027,V00006623,2026-04-01 00:00:00,199,1.69
TC00000435,TOP0117,V00011909,2026-07-25 00:32:58,155,2.91
TC00000436,TOP0108,V00013290,2026-08-24 15:12:55,498,2.07
TC00000437,TOP0031,V00009536,2026-08-01 00:00:00,248,1.36
TC00000438,TOP0077,V00009931,2026-07-30 20:27:44,324,3.28
TC00000439,TOP0012,V00005564,2026-05-19 04:25:45,417,2.2
TC00000440,TOP0066,V00004634,2026-04-03 06:42:02,257,2.51
TC00000441,TOP0003,V00010384,2026-07-05 00:00:00,422,3.48
TC00000442,TOP0010,V00014119,2026-04-17 17:20:22,208,2.45
TC00000443,TOP0059,V00014450,2026-08-20 07:13:40,329,2.35
TC00000444,TOP0092,V00009072,2026-02-20 12:25:01,65,2.57
TC00000445,TOP0075,V00013769,2026-08-28 09:14:40,284,2.96
TC00000446,TOP0053,V00007198,2026-04-26 00:00:00,295,3.14
TC00000447,TOP0102,V00006930,2026-06-29 00:00:00,251,2.5
TC00000448,TOP0092,V00010823,2026-05-29 08:22:57,47,3.16
TC00000449,TOP0030,V00005739,2026-07-28 00:00:00,40,1.73
TC00000450,TOP0088,V00013856,2026-05-14 00:00:00,45,1.65
TC00000451,TOP0051,V00009430,2026-07-11 00:00:00,476,2.06
TC00000452,TOP0057,V00014221,2026-04-02 03:19:41,223,3.09
TC00000453,TOP0111,V00004484,2026-02-02 04:49:19,81,2.64
TC00000454,TOP0119,V00003814,2026-03-11 19:36:41,417,3.24
TC00000455,TOP0101,V00002797,2026-06-20 00:00:00,387,1.08
TC00000456,TOP0102,V00001360,2026-06-29 00:00:00,283,1.47
TC00000457,TOP0095,V00003920,2026-06-19 14:04:22,48,2.5
TC00000458,TOP0042,V00002606,2026-06-25 03:11:48,47,3.4
TC00000459,TOP0035,V00002564,2026-07-31 18:36:03,481,3.34
TC00000460,TOP0056,V00009566,2026-08-07 00:00:00,447,3.19
TC00000461,TOP0057,V00004702,2026-02-26 00:00:00,462,1.74
TC00000462,TOP0059,V00003749,2026-06-01 10:55:21,387,2.42
TC00000463,TOP0104,V00014988,2026-07-07 09:28:38,448,2.36
TC00000464,TOP0020,V00009456,2026-04-29 08:09:05,72,2.29
TC00000465,TOP0011,V00004110,2026-02-12 00:00:00,274,3.32
TC00000466,TOP0056,V00005485,2026-08-07 00:00:00,397,1.49
TC00000467,TOP0083,V00008022,2026-08-19 19:13:51,55,2.15
TC00000468,TOP0055,V00013205,2026-05-08 00:00:00,24,1.17
TC00000469,TOP0011,V00003036,2026-07-14 08:38:33,154,2.36
TC00000470,TOP0037,V00002317,2026-07-15 00:00:00,342,2.45
TC00000471,TOP0048,V00014866,2026-05-18 18:14:49,153,3.31
TC00000472,TOP0004,V00008532,2026-05-09 03:18:51,274,2.66
TC00000473,TOP0097,V00003905,2026-08-15 05:55:50,491,1.52
TC00000474,TOP0008,V00009936,2026-07-26 00:00:00,223,1.03
TC00000475,TOP0056,V00006678,2026-08-07 00:00:00,298,2.06
TC00000476,TOP0081,V00008965,2026-06-22 00:00:00,262,1.24
TC00000477,TOP0076,V00011612,2026-05-04 00:00:00,164,2.35
TC00000478,TOP0042,V00001814,2026-05-01 20:34:19,313,3.12
TC00000479,TOP0021,V00009003,2026-08-08 06:10:38,83,3.21
TC00000480,TOP0081,V00011183,2026-06-22 00:00:00,300,2.02
TC00000481,TOP0040,V00005577,2026-05-06 02:53:30,354,1.54
TC00000482,TOP0043,V00009812,2026-06-19 01:28:34,441,1.42
TC00000483,TOP0030,V00009456,2026-07-28 00:00:00,465,1.35
TC00000484,TOP0038,V00002365,2026-07-29 04:05:12,306,1.62
TC00000485,TOP0047,V00000330,2026-05-31 00:00:00,17,2.64
TC00000486,TOP0096,V00000445,2026-01-26 00:00:00,37,3.04
TC00000487,TOP0107,V00005170,2026-07-22 00:00:00,361,2.32
TC00000488,TOP0003,V00008558,2026-07-22 06:58:14,460,2.03
TC00000489,TOP0096,V00009835,2026-08-08 03:50:56,336,1.57
TC00000490,TOP0035,V00005998,2026-03-27 00:00:00,28,1.26
TC00000491,TOP0063,V00006360,2026-06-29 00:00:00,28,2.73
TC00000492,TOP0076,V00004158,2026-08-01 19:07:18,485,2.25
TC00000493,TOP0046,V00014491,2026-05-11 00:00:00,465,3.09
TC00000494,TOP0023,V00010503,2026-06-17 06:54:45,86,2.32
TC00000495,TOP0112,V00008469,2026-07-28 18:09:15,19,1.5
TC00000496,TOP0104,V00010617,2026-06-06 16:44:11,203,2.9
TC00000497,TOP0093,V00005581,2026-06-17 04:32:43,182,3.02
TC00000498,TOP0081,V00000584,2026-06-22 00:00:00,430,2.11
TC00000499,TOP0025,V00008238,2026-07-04 00:00:00,297,2.37
TC00000500,TOP0088,V00000110,2026-05-14 00:00:00,344,1.65
TC00000501,TOP0049,V00000119,2026-07-07 09:07:51,403,3.16
TC00000502,TOP0072,V00001318,2026-07-06 07:57:23,185,2.14
TC00000503,TOP0010,V00001923,2026-08-12 04:10:34,133,1.9
TC00000504,TOP0098,V00001488,2026-04-18 04:17:34,352,1.1
TC00000505,TOP0100,V00006515,2026-03-11 00:00:00,53,3.11
TC00000506,TOP0044,V00002513,2026-06-01 00:00:00,201,3.12
TC00000507,TOP0050,V00011196,2026-08-26 11:24:13,4,1.06
TC00000508,TOP0050,V00013238,2026-07-17 04:10:43,423,3.06
TC00000509,TOP0104,V00000439,2026-05-24 00:00:00,257,2.88
TC00000510,TOP0018,V00009755,2026-04-07 00:00:00,25,2.25
TC00000511,TOP0041,V00004177,2026-04-10 00:00:00,460,2.3
TC00000512,TOP0043,V00006883,2026-06-26 11:00:47,60,1.8
TC00000513,TOP0031,V00003427,2026-08-01 00:00:00,493,2.74
TC00000514,TOP0083,V00001948,2026-07-02 16:15:05,429,2.33
TC00000515,TOP0118,V00007876,2026-04-30 00:00:00,63,1.54
TC00000516,TOP0083,V00003737,2026-06-25 00:00:00,457,2.71
TC00000517,TOP0106,V00002473,2026-04-03 13:42:01,229,2.24
TC00000518,TOP0113,V00007996,2026-07-12 08:17:54,65,1.49
TC00000519,TOP0035,V00013666,2026-06-04 15:33:55,25,1.62
TC00000520,TOP0031,V00012706,2026-08-01 00:00:00,495,3.48
TC00000521,TOP0081,V00003032,2026-08-17 07:16:31,132,1.13
TC00000522,TOP0016,V00004155,2026-08-07 05:56:13,321,3.26
TC00000523,TOP0046,V00013504,2026-08-28 23:35:27,365,1.14
TC00000524,TOP0010,V00009873,2026-06-09 17:13:51,83,2.42
TC00000525,TOP0020,V00007460,2026-08-05 23:36:59,63,2.26
TC00000526,TOP0081,V00006768,2026-06-22 00:00:00,10,2.26
TC00000527,TOP0018,V00014546,2026-04-07 00:00:00,383,2.68
TC00000528,TOP0097,V00012206,2026-08-19 00:35:19,473,2.6
TC00000529,TOP0095,V00002424,2026-06-17 00:00:00,441,1.05
TC00000530,TOP0078,V00006550,2026-07-30 09:16:16,191,1.65
TC00000531,TOP0083,V00006919,2026-06-25 00:00:00,81,1.98
TC00000532,TOP0072,V00006409,2026-08-05 06:42:46,444,3.45
TC00000533,TOP0067,V00011730,2026-04-09 23:41:07,106,2.17
TC00000534,TOP0051,V00013048,2026-07-11 00:00:00,171,3.2
TC00000535,TOP0008,V00001775,2026-08-25 09:01:46,393,3.25
TC00000536,TOP0034,V00005261,2026-05-18 22:40:15,68,1.95
TC00000537,TOP0109,V00013336,2026-04-02 00:00:00,31,1.91
TC00000538,TOP0033,V00006737,2026-02-25 18:14:23,482,2.23
TC00000539,TOP0091,V00008419,2026-06-04 00:00:00,465,2.28
TC00000540,TOP0073,V00013392,2026-08-01 22:57:02,150,1.38
TC00000541,TOP0065,V00003693,2026-08-08 04:56:18,450,1.33
TC00000542,TOP0014,V00013224,2026-07-17 04:05:00,156,1.59
TC00000543,TOP0116,V00008486,2026-04-15 00:00:00,66,1.66
TC00000544,TOP0120,V00010027,2026-05-16 00:00:00,51,2.15
TC00000545,TOP0058,V00009898,2026-03-28 02:10:37,44,3.04
TC00000546,TOP0078,V00009642,2026-03-05 08:42:34,406,2.58
TC00000547,TOP0102,V00001826,2026-06-29 20:39:24,473,1.36
TC00000548,TOP0007,V00004216,2026-05-29 00:00:00,197,2.95
TC00000549,TOP0018,V00014894,2026-05-01 13:48:17,8,2.78
TC00000550,TOP0011,V00014560,2026-07-29 19:43:15,193,2.71
TC00000551,TOP0081,V00010412,2026-07-17 18:49:54,492,2.6
TC00000552,TOP0077,V00002621,2026-07-30 21:15:31,331,2.86
TC00000553,TOP0002,V00002072,2026-04-24 19:36:29,159,1.61
TC00000554,TOP0025,V00008869,2026-07-04 00:00:00,312,2.06
TC00000555,TOP0014,V00005978,2026-08-21 20:18:45,85,1.41
TC00000556,TOP0015,V00012342,2026-04-26 00:00:00,128,1.01
TC00000557,TOP0060,V00006350,2026-08-04 00:00:00,118,1.67
TC00000558,TOP0007,V00008229,2026-05-29 00:00:00,397,2.29
TC00000559,TOP0115,V00005461,2026-05-10 00:00:00,245,2.67
TC00000560,TOP0044,V00011048,2026-06-08 00:53:14,344,1.73
TC00000561,TOP0081,V00010753,2026-06-22 00:00:00,484,1.44
TC00000562,TOP0109,V00012243,2026-04-22 11:58:11,429,2.69
TC00000563,TOP0116,V00012846,2026-04-15 00:00:00,61,3.42
TC00000564,TOP0062,V00013663,2026-07-06 09:34:31,5,1.15
TC00000565,TOP0102,V00010553,2026-08-15 15:56:19,330,2.98
TC00000566,TOP0077,V00004307,2026-03-05 19:36:03,145,2.11
TC00000567,TOP0097,V00000869,2026-04-25 00:00:00,78,3.21
TC00000568,TOP0031,V00003378,2026-08-01 00:00:00,28,2.55
TC00000569,TOP0047,V00001071,2026-06-20 03:15:36,136,1.56
TC00000570,TOP0054,V00004471,2026-05-09 00:00:00,100,1.76
TC00000571,TOP0099,V00005230,2026-07-03 00:00:00,122,3.09
TC00000572,TOP0016,V00012869,2026-05-15 00:00:00,35,1.41
TC00000573,TOP0040,V00007189,2026-06-23 10:12:58,334,3.41
TC00000574,TOP0100,V00011572,2026-08-12 09:43:20,252,1.73
TC00000575,TOP0048,V00012444,2026-08-08 15:46:30,305,1.36
TC00000576,TOP0040,V00003466,2026-07-12 22:28:17,163,1.72
TC00000577,TOP0002,V00007585,2026-08-09 09:50:34,287,3.13
TC00000578,TOP0050,V00009686,2026-06-06 12:10:59,103,1.22
TC00000579,TOP0036,V00003345,2026-06-26 00:00:00,361,2.99
TC00000580,TOP0099,V00002705,2026-07-21 00:36:44,486,2.43
TC00000581,TOP0067,V00008362,2026-08-16 08:49:50,158,2.38
TC00000582,TOP0109,V00011459,2026-05-19 18:21:54,334,2.27
TC00000583,TOP0018,V00008946,2026-08-01 21:16:49,92,2.71
TC00000584,TOP0071,V00010802,2026-04-11 03:03:59,425,2.3
TC00000585,TOP0068,V00003259,2026-07-07 04:02:34,275,3.0
TC00000586,TOP0017,V00001244,2026-04-05 07:10:49,10,1.16
TC00000587,TOP0059,V00009125,2026-05-01 00:00:00,182,1.68
TC00000588,TOP0001,V00005759,2026-08-22 06:59:43,165,2.97
TC00000589,TOP0083,V00004500,2026-06-25 00:00:00,399,1.77
TC00000590,TOP0107,V00006094,2026-07-22 00:00:00,281,3.2
TC00000591,TOP0113,V00012482,2026-06-15 00:00:00,44,3.09
TC00000592,TOP0057,V00005437,2026-02-26 00:00:00,373,1.6
TC00000593,TOP0033,V00008026,2026-02-14 21:29:47,412,1.14
TC00000594,TOP0050,V00013840,2026-06-09 22:08:09,363,1.7
TC00000595,TOP0093,V00008454,2026-03-15 08:11:52,458,1.46
TC00000596,TOP0040,V00013550,2026-06-05 14:42:11,335,1.79
TC00000597,TOP0076,V00007883,2026-05-04 00:00:00,78,2.89
TC00000598,TOP0110,V00014526,2026-05-11 09:30:57,366,1.31
TC00000599,TOP0052,V00003406,2026-04-17 00:00:00,312,2.33
TC00000600,TOP0115,V00003889,2026-05-10 00:00:00,437,2.47
TC00000601,TOP0101,V00004246,2026-06-20 00:00:00,390,1.8
TC00000602,TOP0042,V00006228,2026-08-05 20:59:47,180,2.1
TC00000603,TOP0055,V00011836,2026-05-08 14:17:34,99,3.16
TC00000604,TOP0106,V00009430,2026-07-09 13:33:32,159,2.73
TC00000605,TOP0003,V00004364,2026-07-05 00:00:00,265,3.27
TC00000606,TOP0067,V00007370,2026-06-27 23:06:42,51,3.37
TC00000607,TOP0069,V00014080,2026-01-20 17:30:37,213,3.13
TC00000608,TOP0045,V00007481,2026-05-04 00:00:00,265,3.37
TC00000609,TOP0034,V00005013,2026-08-01 23:24:05,380,1.96
TC00000610,TOP0037,V00013051,2026-07-15 00:00:00,273,2.03
TC00000611,TOP0112,V00003612,2026-05-06 00:00:00,213,1.35
TC00000612,TOP0105,V00004055,2026-04-01 00:00:00,363,1.17
TC00000613,TOP0047,V00006436,2026-06-18 11:14:46,278,1.03
TC00000614,TOP0059,V00006579,2026-05-29 00:14:45,220,3.42
TC00000615,TOP0117,V00010929,2026-03-21 10:04:37,257,2.0
TC00000616,TOP0066,V00012145,2026-03-11 22:28:58,229,2.49
TC00000617,TOP0003,V00012521,2026-07-12 13:08:52,75,1.83
TC00000618,TOP0057,V00012882,2026-08-03 21:15:13,274,2.07
TC00000619,TOP0050,V00009411,2026-05-23 00:00:00,392,3.08
TC00000620,TOP0006,V00003024,2026-05-11 19:54:10,7,3.18
TC00000621,TOP0072,V00000843,2026-03-28 13:29:50,235,2.22
TC00000622,TOP0054,V00006992,2026-05-09 00:00:00,179,1.29
TC00000623,TOP0103,V00006823,2026-07-04 00:00:00,135,3.45
TC00000624,TOP0031,V00003987,2026-08-12 14:38:40,64,3.16
TC00000625,TOP0081,V00006299,2026-06-22 00:00:00,389,1.54
TC00000626,TOP0006,V00007839,2026-07-17 12:00:19,41,1.87
TC00000627,TOP0084,V00011861,2026-06-29 00:00:00,231,2.77
TC00000628,TOP0076,V00007308,2026-07-23 12:01:58,21,3.15
TC00000629,TOP0073,V00001333,2026-03-27 00:00:00,427,2.01
TC00000630,TOP0088,V00008912,2026-05-14 00:00:00,2,3.21
TC00000631,TOP0115,V00005927,2026-05-10 00:00:00,488,3.02
TC00000632,TOP0036,V00007946,2026-06-26 00:00:00,190,3.17
TC00000633,TOP0035,V00008092,2026-07-23 03:18:34,338,1.91
TC00000634,TOP0088,V00001800,2026-05-14 00:00:00,215,2.22
TC00000635,TOP0120,V00003998,2026-06-29 18:37:54,304,3.29
TC00000636,TOP0029,V00014108,2026-05-24 00:00:00,311,2.84
TC00000637,TOP0056,V00002260,2026-08-07 00:00:00,468,2.2
TC00000638,TOP0094,V00005175,2026-07-31 01:58:25,52,1.35
TC00000639,TOP0065,V00002271,2026-06-11 21:17:17,85,2.48
TC00000640,TOP0047,V00013895,2026-06-29 04:14:05,462,3.01
TC00000641,TOP0032,V00001343,2026-06-27 00:00:00,284,1.35
TC00000642,TOP0014,V00014173,2026-05-10 06:36:04,167,1.53
TC00000643,TOP0047,V00009319,2026-05-31 00:00:00,430,3.04
TC00000644,TOP0094,V00013667,2026-07-09 00:00:00,365,2.54
TC00000645,TOP0015,V00008179,2026-08-10 03:32:43,143,3.43
TC00000646,TOP0067,V00004698,2026-01-16 19:15:40,177,2.66
TC00000647,TOP0054,V00007906,2026-05-26 16:32:52,201,3.07
TC00000648,TOP0097,V00006700,2026-07-02 10:45:00,297,3.07
TC00000649,TOP0007,V00014016,2026-08-03 22:30:08,307,1.94
TC00000650,TOP0042,V00003524,2026-04-29 00:00:00,22,2.46
TC00000651,TOP0098,V00013900,2026-08-17 11:40:04,379,1.06
TC00000652,TOP0034,V00006327,2026-03-19 00:00:00,381,2.1
TC00000653,TOP0061,V00001430,2026-07-27 17:16:38,314,2.53
TC00000654,TOP0068,V00003744,2026-05-11 02:24:49,452,2.51
TC00000655,TOP0101,V00012762,2026-06-20 00:00:00,326,2.41
TC00000656,TOP0115,V00004254,2026-07-05 01:17:44,436,1.44
TC00000657,TOP0069,V00010279,2026-08-02 04:25:48,297,2.7
TC00000658,TOP0003,V00003503,2026-07-05 00:00:00,493,3.23
TC00000659,TOP0051,V00001522,2026-07-11 00:00:00,261,3.33
TC00000660,TOP0027,V00002916,2026-04-01 00:00:00,43,3.33
TC00000661,TOP0006,V00005946,2026-05-02 09:53:21,419,1.18
TC00000662,TOP0028,V00005806,2026-07-14 01:52:05,176,3.45
TC00000663,TOP0011,V00002266,2026-07-03 22:48:47,355,1.67
TC00000664,TOP0009,V00011627,2026-03-17 11:27:01,345,2.31
TC00000665,TOP0034,V00014965,2026-07-23 11:24:15,117,2.02
TC00000666,TOP0049,V00002346,2026-06-15 13:02:48,282,1.3
TC00000667,TOP0109,V00009650,2026-04-02 00:00:00,465,2.58
TC00000668,TOP0006,V00001119,2026-06-28 09:30:29,129,1.3
TC00000669,TOP0069,V00006055,2026-07-21 19:16:32,144,2.73
TC00000670,TOP0085,V00009797,2026-07-10 00:00:00,219,1.04
TC00000671,TOP0118,V00012956,2026-08-24 04:57:14,278,1.57
TC00000672,TOP0002,V00002100,2026-08-11 09:46:39,101,1.67
TC00000673,TOP0028,V00012439,2026-02-27 04:48:09,204,3.12
TC00000674,TOP0043,V00010260,2026-06-18 02:00:35,29,1.53
TC00000675,TOP0044,V00000995,2026-08-07 23:10:24,110,3.18
TC00000676,TOP0070,V00002011,2026-06-13 08:49:28,195,3.44
TC00000677,TOP0026,V00005504,2026-08-06 10:31:36,383,1.76
TC00000678,TOP0010,V00011190,2026-03-13 00:00:00,471,1.48
TC00000679,TOP0117,V00004919,2026-08-23 16:41:57,212,2.49
TC00000680,TOP0064,V00008299,2026-07-27 03:11:45,372,1.02
TC00000681,TOP0072,V00005822,2026-01-16 00:00:00,233,2.98
TC00000682,TOP0095,V00002965,2026-08-10 18:10:48,205,1.83
TC00000683,TOP0083,V00000979,2026-06-25 00:00:00,410,1.5
TC00000684,TOP0100,V00013301,2026-07-12 08:04:33,352,2.54
TC00000685,TOP0049,V00005008,2026-06-02 23:38:20,498,1.31
TC00000686,TOP0031,V00012199,2026-08-01 00:00:00,387,2.92
TC00000687,TOP0081,V00009864,2026-06-22 00:00:00,429,2.03
TC00000688,TOP0118,V00004098,2026-06-26 21:10:10,362,1.74
TC00000689,TOP0034,V00006427,2026-05-24 17:10:22,333,2.04
TC00000690,TOP0077,V00004021,2026-06-09 08:48:13,138,2.05
TC00000691,TOP0118,V00011321,2026-07-08 09:05:08,288,2.39
TC00000692,TOP0013,V00009133,2026-05-19 09:13:15,405,2.72
TC00000693,TOP0055,V00011981,2026-06-05 16:29:12,112,2.49
TC00000694,TOP0040,V00002161,2026-02-09 00:00:00,329,2.03
TC00000695,TOP0001,V00005645,2026-08-15 19:23:29,237,3.25
TC00000696,TOP0037,V00007259,2026-07-19 08:32:13,219,1.63
TC00000697,TOP0029,V00000857,2026-05-24 00:00:00,110,2.53
TC00000698,TOP0028,V00002062,2026-02-15 08:08:56,159,1.73
TC00000699,TOP0049,V00009833,2026-03-05 00:00:00,349,3.29
TC00000700,TOP0007,V00010530,2026-08-13 01:29:46,298,2.07
TC00000701,TOP0030,V00004896,2026-07-28 00:00:00,482,1.98
TC00000702,TOP0081,V00006282,2026-06-22 00:00:00,330,3.25
TC00000703,TOP0066,V00006532,2026-04-12 19:06:33,173,2.12
TC00000704,TOP0001,V00003905,2026-08-15 05:55:50,331,3.44
TC00000705,TOP0006,V00003363,2026-07-06 03:06:12,241,1.06
TC00000706,TOP0032,V00002601,2026-08-26 01:44:35,149,1.79
TC00000707,TOP0054,V00009158,2026-08-07 16:32:02,380,2.28
TC00000708,TOP0004,V00010722,2026-04-27 06:14:07,92,2.88
TC00000709,TOP0013,V00013964,2026-02-15 00:00:00,467,2.07
TC00000710,TOP0088,V00004027,2026-05-14 00:00:00,388,2.16
TC00000711,TOP0061,V00004153,2026-05-29 01:23:42,469,1.91
TC00000712,TOP0102,V00000262,2026-06-29 00:00:00,186,2.99
TC00000713,TOP0115,V00013988,2026-06-12 09:02:48,229,1.86
TC00000714,TOP0040,V00000134,2026-02-09 00:00:00,359,2.48
TC00000715,TOP0051,V00006662,2026-07-11 00:00:00,148,1.97
TC00000716,TOP0052,V00006202,2026-04-17 00:00:00,19,2.11
TC00000717,TOP0024,V00004655,2026-08-20 02:42:15,277,1.87
TC00000718,TOP0009,V00010516,2026-08-20 17:45:42,338,1.1
TC00000719,TOP0040,V00013327,2026-06-22 01:26:34,343,2.54
TC00000720,TOP0110,V00009410,2026-08-21 15:37:58,306,1.39
TC00000721,TOP0110,V00010008,2026-02-07 14:08:02,470,1.88
TC00000722,TOP0029,V00012018,2026-05-24 00:00:00,130,2.17
TC00000723,TOP0042,V00014601,2026-07-14 06:47:04,76,2.47
TC00000724,TOP0066,V00009163,2026-06-13 13:30:37,144,1.49
TC00000725,TOP0013,V00009861,2026-08-09 07:08:28,354,2.22
TC00000726,TOP0096,V00009768,2026-04-07 18:36:50,17,2.61
TC00000727,TOP0104,V00005720,2026-05-24 00:00:00,152,1.93
TC00000728,TOP0064,V00009050,2026-05-28 11:04:04,320,3.08
TC00000729,TOP0103,V00001475,2026-07-04 00:00:00,432,2.03
TC00000730,TOP0089,V00000299,2026-03-07 03:03:08,10,2.45
TC00000731,TOP0018,V00001627,2026-04-07 00:00:00,395,2.88
TC00000732,TOP0091,V00007550,2026-06-04 00:00:00,181,2.66
TC00000733,TOP0090,V00013536,2026-07-23 00:00:00,434,1.24
TC00000734,TOP0036,V00010696,2026-07-20 23:20:33,491,1.5
TC00000735,TOP0102,V00001057,2026-08-03 14:44:29,260,3.48
TC00000736,TOP0020,V00002738,2026-04-11 20:43:42,57,2.11
TC00000737,TOP0099,V00002823,2026-07-03 00:00:00,328,1.8
TC00000738,TOP0084,V00014628,2026-07-23 15:24:18,47,1.97
TC00000739,TOP0091,V00013239,2026-06-04 00:00:00,114,3.09
TC00000740,TOP0091,V00010930,2026-06-04 00:00:00,181,1.68
TC00000741,TOP0081,V00012133,2026-07-09 12:57:35,35,2.0
TC00000742,TOP0070,V00010218,2026-05-29 06:53:51,10,3.08
TC00000743,TOP0055,V00007271,2026-05-31 10:07:46,360,2.76
TC00000744,TOP0045,V00014965,2026-07-23 11:24:15,80,2.84
TC00000745,TOP0022,V00013951,2026-05-07 18:31:25,333,3.17
TC00000746,TOP0069,V00012478,2026-05-14 01:50:48,229,2.52
TC00000747,TOP0022,V00001873,2026-07-10 00:58:41,464,1.3
TC00000748,TOP0003,V00011602,2026-08-20 20:34:56,55,1.78
TC00000749,TOP0109,V00009133,2026-05-19 09:13:15,130,2.3
TC00000750,TOP0082,V00004294,2026-04-05 00:00:00,332,1.53
TC00000751,TOP0047,V00014794,2026-06-01 05:36:25,262,1.68
TC00000752,TOP0065,V00001924,2026-06-27 20:31:59,363,1.63
TC00000753,TOP0034,V00005359,2026-04-26 14:20:41,235,3.37
TC00000754,TOP0042,V00000821,2026-04-29 00:00:00,150,2.01
TC00000755,TOP0033,V00013805,2026-04-02 05:13:09,57,2.07
TC00000756,TOP0048,V00002390,2026-05-19 14:13:55,401,2.16
TC00000757,TOP0057,V00008259,2026-08-28 21:10:44,314,2.74
TC00000758,TOP0007,V00001567,2026-05-29 00:00:00,225,2.64
TC00000759,TOP0064,V00008799,2026-08-27 11:38:34,169,1.44
TC00000760,TOP0093,V00014606,2026-04-08 15:50:49,18,2.25
TC00000761,TOP0045,V00003453,2026-07-16 23:21:27,46,2.85
TC00000762,TOP0089,V00010797,2026-05-16 23:55:07,219,2.19
TC00000763,TOP0105,V00007383,2026-06-17 07:38:26,101,1.94
TC00000764,TOP0107,V00004185,2026-07-22 00:00:00,493,2.59
TC00000765,TOP0101,V00010036,2026-06-20 00:00:00,225,3.01
TC00000766,TOP0110,V00007211,2026-03-06 22:23:12,296,1.29
TC00000767,TOP0057,V00000498,2026-07-30 23:35:23,144,1.22
TC00000768,TOP0016,V00001026,2026-08-15 12:30:14,108,2.65
TC00000769,TOP0087,V00004320,2026-06-09 08:09:54,247,2.25
TC00000770,TOP0032,V00002623,2026-07-19 10:34:42,42,2.14
TC00000771,TOP0084,V00008382,2026-07-27 07:35:48,480,3.46
TC00000772,TOP0012,V00004057,2026-01-25 22:31:20,266,3.37
TC00000773,TOP0102,V00001206,2026-06-29 00:00:00,438,1.52
TC00000774,TOP0043,V00006043,2026-08-07 14:05:29,294,2.98
TC00000775,TOP0078,V00002863,2026-05-29 02:22:55,481,2.73
TC00000776,TOP0028,V00007094,2026-04-24 17:06:32,151,1.67
TC00000777,TOP0088,V00013256,2026-05-14 00:00:00,157,3.06
TC00000778,TOP0013,V00012503,2026-05-28 08:10:37,364,3.17
TC00000779,TOP0031,V00000047,2026-08-01 00:00:00,382,3.19
TC00000780,TOP0094,V00001301,2026-07-09 00:00:00,282,2.47
TC00000781,TOP0105,V00004577,2026-08-01 02:03:32,175,2.41
TC00000782,TOP0003,V00006348,2026-07-05 00:00:00,53,3.0
TC00000783,TOP0112,V00004382,2026-05-06 00:00:00,235,2.06
TC00000784,TOP0099,V00013707,2026-07-03 00:00:00,277,2.6
TC00000785,TOP0050,V00009254,2026-05-23 00:00:00,425,3.11
TC00000786,TOP0018,V00007071,2026-07-09 04:45:03,264,2.12
TC00000787,TOP0074,V00000731,2026-07-09 20:26:40,142,3.16
TC00000788,TOP0003,V00006921,2026-07-05 00:00:00,188,2.94
TC00000789,TOP0074,V00005637,2026-08-10 23:45:17,285,1.44
TC00000790,TOP0090,V00011595,2026-07-31 23:25:38,432,1.78
TC00000791,TOP0119,V00012055,2026-07-08 21:45:15,344,2.47
TC00000792,TOP0095,V00012400,2026-06-17 00:00:00,108,2.24
TC00000793,TOP0114,V00007030,2026-08-01 16:58:39,455,1.21
TC00000794,TOP0084,V00014477,2026-06-29 00:00:00,470,2.72
TC00000795,TOP0002,V00000185,2026-07-04 05:15:07,31,2.34
TC00000796,TOP0011,V00001592,2026-04-05 23:03:48,149,3.03
TC00000797,TOP0005,V00006880,2026-07-18 07:43:52,120,2.22
TC00000798,TOP0085,V00010083,2026-08-10 23:36:10,56,2.31
TC00000799,TOP0102,V00000586,2026-06-29 00:00:00,8,2.05
TC00000800,TOP0036,V00003302,2026-06-26 00:00:00,446,1.3
TC00000801,TOP0111,V00008667,2026-05-02 15:16:04,312,3.47
TC00000802,TOP0099,V00000988,2026-07-21 01:15:59,193,1.41
TC00000803,TOP0029,V00012503,2026-05-28 08:10:37,474,2.56
TC00000804,TOP0100,V00006671,2026-05-01 15:58:55,377,2.54
TC00000805,TOP0104,V00001433,2026-08-02 08:41:29,15,1.09
TC00000806,TOP0117,V00005403,2026-04-04 03:00:59,437,1.21
TC00000807,TOP0112,V00011648,2026-07-16 15:37:22,293,3.15
TC00000808,TOP0006,V00010954,2026-08-20 05:21:16,291,3.06
TC00000809,TOP0115,V00002758,2026-08-01 09:07:00,372,1.55
TC00000810,TOP0072,V00000329,2026-06-26 04:09:42,96,2.66
TC00000811,TOP0090,V00001547,2026-07-23 00:00:00,102,3.32
TC00000812,TOP0088,V00014710,2026-05-14 00:00:00,391,2.67
TC00000813,TOP0023,V00012764,2026-06-13 00:00:00,161,1.98
TC00000814,TOP0026,V00005873,2026-06-06 00:00:00,318,1.83
TC00000815,TOP0089,V00010428,2026-04-07 01:02:42,443,1.64
TC00000816,TOP0095,V00007391,2026-06-17 00:00:00,416,1.12
TC00000817,TOP0112,V00002624,2026-05-15 15:35:48,138,3.36
TC00000818,TOP0005,V00005087,2026-05-01 06:51:59,182,2.48
TC00000819,TOP0026,V00003573,2026-06-06 00:00:00,75,3.22
TC00000820,TOP0008,V00007940,2026-07-26 00:00:00,255,2.18
TC00000821,TOP0062,V00011798,2026-07-19 23:28:48,37,3.43
TC00000822,TOP0088,V00008577,2026-06-06 07:07:41,305,1.46
TC00000823,TOP0076,V00000077,2026-06-29 07:57:24,258,1.11
TC00000824,TOP0009,V00013820,2026-02-16 04:20:07,385,3.11
TC00000825,TOP0017,V00009518,2026-03-18 00:00:00,429,3.15
TC00000826,TOP0079,V00012512,2026-07-10 16:59:33,286,2.45
TC00000827,TOP0019,V00011670,2026-07-23 05:30:57,487,2.22
TC00000828,TOP0019,V00003959,2026-04-12 00:00:00,79,3.47
TC00000829,TOP0116,V00000795,2026-06-24 16:12:05,119,3.21
TC00000830,TOP0105,V00014357,2026-04-01 00:00:00,193,1.18
TC00000831,TOP0051,V00003875,2026-08-19 03:04:47,320,1.82
TC00000832,TOP0050,V00011556,2026-05-23 00:00:00,428,1.06
TC00000833,TOP0004,V00011514,2026-08-03 16:45:52,259,1.79
TC00000834,TOP0041,V00001181,2026-04-10 00:00:00,296,2.64
TC00000835,TOP0040,V00006552,2026-08-10 03:50:37,247,1.92
TC00000836,TOP0021,V00002868,2026-07-13 00:00:00,467,3.24
TC00000837,TOP0066,V00011533,2026-02-07 00:00:00,376,1.16
TC00000838,TOP0092,V00003118,2026-06-25 22:14:30,33,2.94
TC00000839,TOP0062,V00010158,2026-08-09 19:33:12,325,1.33
TC00000840,TOP0091,V00000126,2026-08-09 12:56:02,106,1.7
TC00000841,TOP0093,V00005979,2026-02-25 00:00:00,115,2.05
TC00000842,TOP0048,V00014693,2026-04-06 00:00:00,171,1.26
TC00000843,TOP0079,V00001268,2026-06-28 00:00:00,449,3.01
TC00000844,TOP0081,V00013669,2026-06-22 00:00:00,315,1.81
TC00000845,TOP0103,V00005326,2026-07-04 00:00:00,136,2.44
TC00000846,TOP0023,V00010356,2026-08-27 22:39:59,375,3.08
TC00000847,TOP0104,V00011770,2026-06-03 07:10:56,486,3.02
TC00000848,TOP0047,V00009462,2026-07-22 13:34:12,302,2.96
TC00000849,TOP0018,V00001172,2026-04-28 08:29:48,391,2.06
TC00000850,TOP0047,V00004510,2026-05-31 00:00:00,367,3.17
TC00000851,TOP0084,V00008725,2026-08-05 11:03:48,470,1.89
TC00000852,TOP0049,V00013300,2026-06-14 15:01:51,47,1.76
TC00000853,TOP0067,V00010489,2026-01-16 00:00:00,256,3.06
TC00000854,TOP0041,V00005264,2026-08-14 17:08:13,408,2.42
TC00000855,TOP0008,V00011567,2026-07-26 00:00:00,330,3.1
TC00000856,TOP0061,V00009414,2026-08-04 12:58:46,152,3.02
TC00000857,TOP0081,V00000354,2026-07-06 16:52:27,309,2.78
TC00000858,TOP0096,V00005105,2026-08-06 14:14:57,139,2.51
TC00000859,TOP0021,V00012733,2026-07-13 00:00:00,80,2.8
TC00000860,TOP0015,V00014298,2026-06-13 23:42:01,495,2.44
TC00000861,TOP0043,V00009430,2026-07-09 13:33:32,267,2.68
TC00000862,TOP0034,V00014705,2026-06-23 20:32:38,383,2.49
TC00000863,TOP0054,V00005242,2026-08-26 19:08:09,232,3.11
TC00000864,TOP0032,V00004855,2026-08-12 02:28:05,173,1.56
TC00000865,TOP0083,V00001611,2026-06-25 00:00:00,353,1.91
TC00000866,TOP0108,V00003133,2026-08-27 19:57:06,89,1.93
TC00000867,TOP0119,V00004733,2026-06-13 00:07:30,320,2.41
TC00000868,TOP0005,V00008351,2026-08-25 06:36:48,409,2.76
TC00000869,TOP0033,V00012055,2026-07-08 21:45:15,62,1.26
TC00000870,TOP0087,V00002909,2026-08-26 18:55:30,325,2.13
TC00000871,TOP0056,V00002200,2026-08-07 00:00:00,331,3.24
TC00000872,TOP0099,V00010093,2026-07-03 00:00:00,351,1.7
TC00000873,TOP0063,V00012887,2026-06-29 00:00:00,315,1.34
TC00000874,TOP0104,V00005446,2026-05-24 00:00:00,279,1.95
TC00000875,TOP0050,V00005945,2026-05-30 18:02:30,187,2.31
TC00000876,TOP0068,V00003545,2026-04-28 15:33:04,402,1.42
TC00000877,TOP0004,V00001985,2026-07-26 02:39:26,215,2.53
TC00000878,TOP0075,V00001475,2026-05-27 00:00:00,278,1.06
TC00000879,TOP0080,V00002627,2026-05-09 00:00:00,115,2.01
TC00000880,TOP0076,V00011831,2026-08-04 05:44:00,61,2.48
TC00000881,TOP0064,V00003447,2026-04-08 01:09:20,243,1.06
TC00000882,TOP0108,V00003648,2026-08-23 16:08:17,70,1.91
TC00000883,TOP0025,V00011078,2026-07-04 00:00:00,483,3.47
TC00000884,TOP0104,V00001174,2026-08-23 12:14:07,69,1.68
TC00000885,TOP0029,V00007576,2026-06-02 06:37:18,1,3.28
TC00000886,TOP0114,V00009587,2026-03-08 00:00:00,147,1.17
TC00000887,TOP0091,V00012948,2026-06-27 19:12:23,297,1.78
TC00000888,TOP0016,V00011761,2026-08-16 22:49:53,474,1.81
TC00000889,TOP0112,V00001856,2026-08-02 09:28:17,371,3.32
TC00000890,TOP0090,V00012263,2026-07-23 00:00:00,488,2.87
TC00000891,TOP0085,V00004081,2026-08-03 01:20:26,234,2.98
TC00000892,TOP0015,V00008795,2026-04-26 00:00:00,51,2.17
TC00000893,TOP0067,V00006771,2026-06-17 17:48:30,412,1.86
TC00000894,TOP0066,V00012537,2026-05-19 19:22:26,295,2.14
TC00000895,TOP0091,V00000698,2026-07-28 16:39:08,244,1.13
TC00000896,TOP0088,V00010368,2026-08-25 10:11:02,63,1.58
TC00000897,TOP0016,V00009924,2026-07-26 22:28:49,405,1.86
TC00000898,TOP0061,V00009240,2026-08-22 01:53:01,166,1.63
TC00000899,TOP0082,V00007882,2026-06-21 05:02:50,143,1.38
TC00000900,TOP0103,V00000730,2026-07-04 00:00:00,402,1.73
TC00000901,TOP0010,V00003213,2026-03-23 23:55:09,96,1.76
TC00000902,TOP0040,V00006486,2026-04-06 15:19:36,163,2.87
TC00000903,TOP0017,V00000883,2026-06-30 13:22:10,46,1.72
TC00000904,TOP0011,V00002510,2026-08-25 11:55:35,499,1.93
TC00000905,TOP0013,V00009253,2026-04-10 11:19:08,8,1.83
TC00000906,TOP0035,V00008931,2026-06-08 16:26:19,139,2.93
TC00000907,TOP0035,V00001043,2026-04-04 16:34:12,54,3.08
TC00000908,TOP0028,V00003852,2026-03-31 03:58:13,90,1.57
TC00000909,TOP0119,V00008610,2026-05-24 06:00:20,438,3.16
TC00000910,TOP0033,V00003478,2026-02-13 00:00:00,307,1.38
TC00000911,TOP0050,V00008401,2026-05-23 00:00:00,458,2.06
TC00000912,TOP0064,V00012259,2026-06-29 09:04:34,32,3.07
TC00000913,TOP0083,V00007232,2026-06-25 00:00:00,453,1.96
TC00000914,TOP0043,V00004339,2026-08-27 23:53:33,342,2.88
TC00000915,TOP0057,V00009745,2026-05-22 06:47:47,89,1.53
TC00000916,TOP0113,V00003486,2026-08-21 19:10:57,116,2.58
TC00000917,TOP0062,V00001866,2026-08-21 02:26:46,93,2.01
TC00000918,TOP0074,V00011240,2026-06-09 00:00:00,318,2.4
TC00000919,TOP0028,V00012476,2026-08-18 08:25:01,430,3.45
TC00000920,TOP0119,V00011464,2026-01-05 08:55:26,236,1.39
TC00000921,TOP0057,V00007566,2026-04-16 11:18:55,66,1.08
TC00000922,TOP0045,V00001161,2026-05-04 00:00:00,6,1.83
TC00000923,TOP0033,V00013900,2026-08-17 11:40:04,58,2.95
TC00000924,TOP0001,V00006043,2026-08-07 14:05:29,20,1.82
TC00000925,TOP0109,V00013559,2026-04-10 11:34:54,114,3.36
TC00000926,TOP0106,V00012731,2026-06-08 16:28:17,229,2.64
TC00000927,TOP0009,V00007913,2026-01-26 01:12:08,294,1.3
TC00000928,TOP0045,V00011799,2026-06-26 04:34:49,228,1.15
TC00000929,TOP0081,V00010253,2026-06-22 00:00:00,272,2.84
TC00000930,TOP0089,V00000127,2026-02-08 00:00:00,145,2.69
TC00000931,TOP0100,V00006012,2026-06-24 14:02:51,406,3.06
TC00000932,TOP0013,V00000865,2026-04-28 15:45:47,64,1.81
TC00000933,TOP0074,V00006602,2026-06-09 00:00:00,23,2.45
TC00000934,TOP0119,V00009116,2026-03-29 11:03:09,413,1.37
TC00000935,TOP0015,V00008090,2026-07-14 09:34:18,112,2.32
TC00000936,TOP0067,V00009758,2026-05-18 23:33:11,189,2.12
TC00000937,TOP0072,V00014536,2026-06-21 08:48:33,11,1.25
TC00000938,TOP0032,V00011181,2026-06-27 00:00:00,384,1.26
TC00000939,TOP0020,V00009005,2026-08-06 03:28:13,484,2.84
TC00000940,TOP0097,V00012059,2026-06-24 22:00:40,103,1.03
TC00000941,TOP0029,V00007583,2026-05-24 00:00:00,299,3.3
TC00000942,TOP0066,V00008794,2026-06-10 05:33:34,157,2.65
TC00000943,TOP0114,V00010774,2026-08-17 17:19:53,83,2.49
TC00000944,TOP0034,V00011047,2026-07-14 16:38:19,343,1.89
TC00000945,TOP0100,V00012607,2026-06-25 09:08:20,450,1.4
TC00000946,TOP0109,V00006984,2026-06-24 02:31:54,355,1.26
TC00000947,TOP0019,V00014001,2026-06-20 19:35:08,431,3.19
TC00000948,TOP0029,V00007687,2026-05-26 17:20:14,303,2.77
TC00000949,TOP0116,V00006904,2026-08-15 01:14:41,393,1.14
TC00000950,TOP0084,V00014160,2026-06-29 00:00:00,423,1.05
TC00000951,TOP0117,V00001553,2026-03-06 00:00:00,446,2.39
TC00000952,TOP0046,V00006182,2026-05-11 00:00:00,199,2.12
TC00000953,TOP0102,V00003684,2026-06-29 00:00:00,417,2.5
TC00000954,TOP0113,V00011619,2026-07-30 11:54:50,115,1.74
TC00000955,TOP0046,V00000039,2026-05-11 00:00:00,306,2.67
TC00000956,TOP0038,V00004227,2026-04-28 00:00:00,343,2.99
TC00000957,TOP0058,V00004113,2026-03-23 00:00:00,318,2.51
TC00000958,TOP0039,V00010511,2026-07-12 19:07:36,118,2.07
TC00000959,TOP0076,V00006414,2026-07-01 09:32:22,391,3.44
TC00000960,TOP0075,V00003346,2026-07-17 09:05:39,136,1.72
TC00000961,TOP0033,V00003758,2026-05-22 03:19:46,116,2.46
TC00000962,TOP0017,V00011045,2026-08-08 04:04:56,113,2.9
TC00000963,TOP0038,V00010466,2026-07-02 04:19:18,14,2.15
TC00000964,TOP0065,V00004654,2026-04-25 01:33:53,179,2.65
TC00000965,TOP0039,V00002321,2026-07-07 12:26:13,430,3.44
TC00000966,TOP0035,V00004838,2026-08-15 10:21:52,371,2.03
TC00000967,TOP0107,V00011093,2026-07-22 00:00:00,500,3.1
TC00000968,TOP0021,V00009648,2026-07-13 00:00:00,42,1.11
TC00000969,TOP0033,V00004621,2026-02-13 00:00:00,330,2.68
TC00000970,TOP0070,V00012682,2026-04-23 00:00:00,87,3.1
TC00000971,TOP0034,V00011948,2026-03-19 00:00:00,171,1.8
TC00000972,TOP0071,V00010967,2026-04-26 15:23:41,338,2.19
TC00000973,TOP0116,V00003062,2026-07-12 12:32:58,78,1.77
TC00000974,TOP0064,V00001583,2026-07-25 17:35:24,233,2.64
TC00000975,TOP0096,V00000098,2026-07-08 16:49:08,22,2.55
TC00000976,TOP0075,V00003890,2026-05-28 11:24:19,383,2.36
TC00000977,TOP0011,V00014632,2026-04-18 20:26:21,49,2.02
TC00000978,TOP0002,V00007124,2026-08-19 15:50:18,475,1.5
TC00000979,TOP0012,V00011950,2026-03-30 03:26:33,270,3.14
TC00000980,TOP0070,V00007558,2026-04-23 00:00:00,198,2.1
TC00000981,TOP0056,V00012277,2026-08-07 00:00:00,382,3.16
TC00000982,TOP0030,V00009015,2026-07-28 00:00:00,245,1.72
TC00000983,TOP0066,V00010208,2026-04-16 03:40:10,307,1.39
TC00000984,TOP0080,V00006512,2026-05-09 00:00:00,464,1.92
TC00000985,TOP0057,V00007411,2026-03-23 18:26:14,404,1.43
TC00000986,TOP0027,V00013382,2026-06-28 17:30:29,321,3.42
TC00000987,TOP0110,V00010109,2026-05-11 13:38:27,20,3.07
TC00000988,TOP0065,V00004229,2026-03-09 06:40:58,179,1.32
TC00000989,TOP0088,V00007773,2026-05-14 00:00:00,440,1.18
TC00000990,TOP0069,V00008129,2026-05-16 15:56:41,319,2.93
TC00000991,TOP0112,V00000480,2026-05-06 00:00:00,169,1.74
TC00000992,TOP0068,V00002981,2026-05-25 05:39:29,116,2.09
TC00000993,TOP0104,V00014021,2026-07-08 13:21:24,386,3.28
TC00000994,TOP0009,V00005465,2026-08-28 17:10:22,224,1.89
TC00000995,TOP0038,V00011705,2026-06-26 08:46:22,349,1.24
TC00000996,TOP0034,V00004468,2026-08-06 20:09:37,418,2.94
TC00000997,TOP0077,V00001442,2026-07-28 03:48:03,424,1.68
TC00000998,TOP0030,V00012982,2026-07-28 00:00:00,135,2.58
TC00000999,TOP0118,V00002676,2026-04-30 00:00:00,492,1.2
TC00001000,TOP0058,V00013562,2026-05-13 04:15:54,327,2.06
TC00001001,TOP0055,V00002012,2026-05-08 00:00:00,182,3.49
TC00001002,TOP0056,V00014352,2026-08-07 00:00:00,495,2.18
TC00001003,TOP0109,V00014876,2026-06-30 00:18:56,64,2.69
TC00001004,TOP0117,V00010388,2026-06-01 18:39:42,469,1.55
TC00001005,TOP0107,V00009444,2026-07-22 00:00:00,462,3.06
TC00001006,TOP0029,V00011207,2026-08-26 21:55:11,58,1.79
TC00001007,TOP0062,V00011556,2026-04-02 21:54:36,471,2.47
TC00001008,TOP0082,V00003588,2026-04-05 00:00:00,172,2.09
TC00001009,TOP0018,V00012641,2026-08-09 23:56:38,145,1.7
TC00001010,TOP0026,V00009315,2026-06-06 00:00:00,50,1.55
TC00001011,TOP0041,V00005624,2026-05-28 00:55:28,148,1.93
TC00001012,TOP0103,V00005047,2026-07-04 00:00:00,3,2.32
TC00001013,TOP0043,V00001461,2026-08-16 21:37:34,296,2.34
TC00001014,TOP0007,V00010994,2026-08-13 10:44:01,471,1.41
TC00001015,TOP0047,V00003658,2026-05-31 00:00:00,175,2.58
TC00001016,TOP0008,V00008700,2026-07-26 00:00:00,93,3.4
TC00001017,TOP0117,V00009462,2026-07-22 13:34:12,363,1.31
TC00001018,TOP0092,V00014878,2026-08-21 20:57:09,277,1.73
TC00001019,TOP0067,V00002095,2026-05-10 06:10:16,14,2.63
TC00001020,TOP0031,V00000913,2026-08-01 00:00:00,169,2.93
TC00001021,TOP0011,V00013708,2026-02-12 00:00:00,17,2.24
TC00001022,TOP0042,V00007913,2026-04-29 00:00:00,48,1.83
TC00001023,TOP0054,V00001147,2026-06-21 20:57:23,141,1.41
TC00001024,TOP0070,V00000659,2026-05-27 06:39:57,178,3.2
TC00001025,TOP0096,V00011051,2026-08-13 08:13:36,233,2.29
TC00001026,TOP0028,V00011626,2026-07-17 17:35:19,321,1.25
TC00001027,TOP0092,V00003915,2026-08-28 05:53:30,432,1.51
TC00001028,TOP0032,V00013781,2026-06-27 00:00:00,27,3.47
TC00001029,TOP0066,V00003867,2026-03-14 14:51:24,103,1.61
TC00001030,TOP0075,V00006614,2026-05-27 00:00:00,308,2.21
TC00001031,TOP0111,V00003938,2026-08-14 20:01:53,350,1.88
TC00001032,TOP0080,V00011756,2026-06-12 08:36:09,105,1.09
TC00001033,TOP0022,V00000576,2026-06-19 19:57:22,279,2.03
TC00001034,TOP0108,V00001810,2026-07-11 00:00:00,446,2.58
TC00001035,TOP0060,V00006262,2026-08-25 12:41:36,275,2.63
TC00001036,TOP0005,V00010552,2026-08-28 06:20:58,216,2.14
TC00001037,TOP0034,V00010534,2026-05-08 05:29:50,115,1.11
TC00001038,TOP0012,V00001242,2026-06-13 20:00:04,195,1.22
TC00001039,TOP0015,V00005201,2026-04-26 00:00:00,116,3.24
TC00001040,TOP0059,V00003635,2026-08-24 05:00:47,27,1.21
TC00001041,TOP0011,V00005072,2026-02-12 00:00:00,31,2.86
TC00001042,TOP0109,V00012140,2026-04-02 00:00:00,472,1.1
TC00001043,TOP0012,V00008633,2026-07-23 07:40:36,80,1.13
TC00001044,TOP0088,V00003341,2026-07-24 22:57:45,230,2.0
TC00001045,TOP0001,V00008971,2026-04-09 00:00:00,334,3.02
TC00001046,TOP0028,V00012122,2026-04-30 04:17:52,156,1.16
TC00001047,TOP0019,V00005377,2026-05-28 19:09:51,259,2.5
TC00001048,TOP0068,V00012426,2026-08-12 11:55:46,172,1.84
TC00001049,TOP0075,V00002958,2026-05-27 00:00:00,475,1.86
TC00001050,TOP0079,V00004488,2026-06-28 00:00:00,256,1.63
TC00001051,TOP0041,V00012435,2026-05-06 08:53:44,498,2.92
TC00001052,TOP0117,V00005504,2026-08-06 10:31:36,495,3.34
TC00001053,TOP0009,V00008301,2026-06-28 00:07:32,37,3.01
TC00001054,TOP0094,V00003042,2026-08-03 02:43:20,282,2.76
TC00001055,TOP0053,V00004567,2026-07-16 15:46:30,393,1.88
TC00001056,TOP0015,V00004692,2026-07-06 11:19:07,187,3.03
TC00001057,TOP0051,V00011928,2026-08-28 07:11:48,297,3.08
TC00001058,TOP0053,V00013437,2026-04-26 00:00:00,117,2.78
TC00001059,TOP0065,V00011680,2026-08-06 17:24:51,41,1.37
TC00001060,TOP0062,V00002235,2026-04-01 11:57:35,69,1.89
TC00001061,TOP0089,V00010082,2026-07-14 04:50:31,347,1.88
TC00001062,TOP0025,V00006554,2026-07-04 00:00:00,366,2.31
TC00001063,TOP0099,V00013136,2026-07-03 00:00:00,282,2.61
TC00001064,TOP0039,V00014357,2026-02-13 00:00:00,249,1.58
TC00001065,TOP0046,V00011700,2026-05-11 00:00:00,96,2.67
TC00001066,TOP0040,V00001440,2026-06-05 11:36:04,383,2.1
TC00001067,TOP0001,V00014674,2026-07-23 11:15:01,429,1.69
TC00001068,TOP0051,V00003676,2026-07-19 04:28:20,130,1.48
TC00001069,TOP0098,V00002225,2026-04-21 11:07:44,341,3.19
TC00001070,TOP0006,V00002372,2026-03-09 00:00:00,93,1.63
TC00001071,TOP0029,V00013478,2026-07-07 01:30:06,174,2.35
TC00001072,TOP0097,V00008494,2026-08-02 04:59:19,172,1.89
TC00001073,TOP0023,V00011234,2026-06-13 00:00:00,50,1.68
TC00001074,TOP0100,V00001178,2026-05-07 19:33:02,408,1.31
TC00001075,TOP0055,V00001743,2026-08-10 06:46:39,377,3.08
TC00001076,TOP0107,V00014295,2026-08-04 00:49:48,226,2.84
TC00001077,TOP0020,V00002817,2026-03-24 00:00:00,256,1.93
TC00001078,TOP0092,V00000728,2026-03-20 21:11:53,491,1.06
TC00001079,TOP0035,V00001873,2026-07-10 00:58:41,200,2.32
TC00001080,TOP0012,V00004230,2026-06-28 20:41:52,133,1.26
TC00001081,TOP0096,V00012400,2026-02-24 03:55:45,297,2.02
TC00001082,TOP0060,V00010035,2026-08-04 00:00:00,146,2.6
TC00001083,TOP0002,V00005769,2026-02-21 00:00:00,107,2.76
TC00001084,TOP0095,V00011754,2026-08-28 07:20:39,482,1.13
TC00001085,TOP0034,V00002070,2026-06-24 18:08:54,374,2.19
TC00001086,TOP0036,V00009461,2026-06-26 02:49:50,111,2.77
TC00001087,TOP0024,V00006967,2026-07-15 10:06:34,361,3.4
TC00001088,TOP0095,V00003346,2026-07-17 09:05:39,446,1.81
TC00001089,TOP0030,V00000557,2026-07-28 00:00:00,124,1.02
TC00001090,TOP0067,V00009292,2026-08-22 08:33:15,304,2.88
TC00001091,TOP0002,V00012360,2026-05-15 05:18:50,137,1.63
TC00001092,TOP0033,V00006026,2026-02-15 22:23:04,372,3.36
TC00001093,TOP0111,V00003069,2026-04-05 14:15:41,364,3.43
TC00001094,TOP0039,V00005354,2026-05-28 21:25:45,290,1.23
TC00001095,TOP0083,V00005702,2026-06-29 03:04:43,178,2.63
TC00001096,TOP0045,V00008724,2026-05-04 00:00:00,270,1.94
TC00001097,TOP0089,V00013567,2026-06-04 06:53:52,481,2.47
TC00001098,TOP0106,V00010244,2026-07-22 02:28:31,466,2.59
TC00001099,TOP0055,V00006982,2026-06-30 21:35:59,350,3.5
TC00001100,TOP0112,V00008297,2026-08-28 14:50:13,286,1.12
TC00001101,TOP0088,V00004903,2026-05-14 00:00:00,300,2.45
TC00001102,TOP0022,V00004430,2026-06-22 14:25:04,104,1.75
TC00001103,TOP0017,V00008728,2026-05-19 10:07:46,285,2.73
TC00001104,TOP0120,V00009574,2026-05-16 00:00:00,490,1.94
TC00001105,TOP0010,V00011023,2026-07-17 06:58:56,330,1.59
TC00001106,TOP0038,V00012268,2026-04-28 00:00:00,335,1.37
TC00001107,TOP0031,V00003620,2026-08-01 00:00:00,304,1.69
TC00001108,TOP0119,V00006150,2026-07-08 20:14:54,383,1.27
TC00001109,TOP0035,V00000805,2026-06-09 22:43:49,154,2.77
TC00001110,TOP0001,V00005451,2026-04-09 00:00:00,313,3.23
TC00001111,TOP0064,V00010940,2026-03-28 00:00:00,469,3.27
TC00001112,TOP0015,V00001465,2026-04-26 00:00:00,123,3.43
TC00001113,TOP0088,V00009065,2026-05-17 14:09:56,483,1.6
TC00001114,TOP0075,V00001693,2026-05-27 00:00:00,173,3.44
TC00001115,TOP0035,V00011792,2026-03-27 00:00:00,144,3.47
TC00001116,TOP0120,V00005375,2026-05-16 00:00:00,320,3.19
TC00001117,TOP0042,V00008789,2026-04-29 00:00:00,392,1.27
TC00001118,TOP0066,V00007230,2026-08-28 20:33:07,448,1.03
TC00001119,TOP0073,V00014023,2026-07-24 06:28:21,297,1.49
TC00001120,TOP0103,V00003124,2026-07-04 00:00:00,157,2.68
TC00001121,TOP0029,V00003471,2026-05-24 00:00:00,246,2.94
TC00001122,TOP0026,V00010293,2026-06-06 00:00:00,411,1.23
TC00001123,TOP0112,V00010690,2026-06-03 07:56:44,208,3.27
TC00001124,TOP0068,V00000219,2026-07-27 20:20:54,414,3.09
TC00001125,TOP0081,V00001056,2026-07-25 12:28:35,308,2.3
TC00001126,TOP0011,V00005636,2026-06-29 21:22:42,131,2.51
TC00001127,TOP0082,V00008645,2026-04-05 00:00:00,315,2.75
TC00001128,TOP0065,V00008412,2026-03-07 04:08:35,165,2.9
TC00001129,TOP0016,V00002731,2026-05-15 00:00:00,6,2.98
TC00001130,TOP0066,V00008848,2026-02-24 22:19:29,300,1.74
TC00001131,TOP0067,V00002517,2026-03-30 09:02:45,29,3.05
TC00001132,TOP0083,V00005410,2026-06-25 00:00:00,451,2.28
TC00001133,TOP0008,V00005467,2026-07-26 00:00:00,328,2.08
TC00001134,TOP0107,V00004217,2026-07-22 00:00:00,268,2.31
TC00001135,TOP0086,V00001677,2026-08-16 22:45:06,35,2.64
TC00001136,TOP0096,V00012567,2026-07-14 01:12:09,309,1.63
TC00001137,TOP0070,V00012030,2026-04-23 00:00:00,291,3.04
TC00001138,TOP0065,V00010300,2026-08-15 18:35:33,136,1.84
TC00001139,TOP0104,V00004293,2026-05-24 00:00:00,132,1.59
TC00001140,TOP0007,V00014679,2026-05-29 00:00:00,17,1.05
TC00001141,TOP0074,V00001532,2026-07-30 19:35:11,397,2.41
TC00001142,TOP0050,V00011049,2026-08-07 14:21:12,195,1.18
TC00001143,TOP0089,V00009492,2026-04-12 03:22:08,483,2.86
TC00001144,TOP0038,V00007914,2026-04-28 00:00:00,82,1.36
TC00001145,TOP0061,V00013330,2026-04-21 23:47:11,289,2.46
TC00001146,TOP0007,V00005276,2026-08-25 09:35:42,362,1.12
TC00001147,TOP0052,V00004380,2026-08-17 10:41:07,237,1.9
TC00001148,TOP0083,V00013456,2026-07-04 12:13:15,123,2.04
TC00001149,TOP0068,V00004655,2026-08-20 02:42:15,168,1.31
TC00001150,TOP0105,V00012014,2026-04-01 00:00:00,494,3.41
TC00001151,TOP0030,V00008834,2026-07-28 00:00:00,456,2.21
TC00001152,TOP0023,V00001562,2026-06-13 00:00:00,325,1.27
TC00001153,TOP0011,V00005171,2026-02-12 00:00:00,118,3.42
TC00001154,TOP0090,V00006512,2026-07-23 00:00:00,218,3.49
TC00001155,TOP0078,V00005236,2026-04-14 01:30:49,88,1.97
TC00001156,TOP0039,V00003207,2026-02-13 00:00:00,10,1.96
TC00001157,TOP0065,V00007269,2026-06-12 01:50:07,105,2.12
TC00001158,TOP0041,V00007808,2026-07-09 11:13:10,497,2.51
TC00001159,TOP0099,V00008076,2026-07-03 00:00:00,319,2.64
TC00001160,TOP0008,V00005564,2026-07-26 00:00:00,283,1.32
TC00001161,TOP0051,V00002932,2026-07-11 00:00:00,186,2.98
TC00001162,TOP0106,V00004829,2026-06-18 02:19:19,145,2.16
TC00001163,TOP0063,V00013642,2026-06-29 00:00:00,47,1.87
TC00001164,TOP0087,V00007609,2026-07-10 11:37:07,373,1.64
TC00001165,TOP0038,V00005420,2026-08-18 07:03:23,332,3.17
TC00001166,TOP0093,V00012294,2026-04-20 17:17:42,390,2.59
TC00001167,TOP0093,V00001163,2026-06-14 07:22:04,417,3.37
TC00001168,TOP0037,V00001555,2026-07-15 00:00:00,356,1.22
TC00001169,TOP0062,V00013057,2026-08-13 23:56:42,451,2.24
TC00001170,TOP0082,V00004827,2026-07-24 23:23:54,479,3.22
TC00001171,TOP0026,V00001684,2026-08-21 21:48:32,443,1.18
TC00001172,TOP0077,V00008011,2026-08-25 09:54:31,12,2.9
TC00001173,TOP0115,V00004579,2026-05-10 00:00:00,312,2.24
TC00001174,TOP0089,V00005725,2026-08-26 23:08:55,22,3.07
TC00001175,TOP0120,V00004414,2026-08-03 03:11:22,97,2.46
TC00001176,TOP0038,V00011500,2026-06-10 14:18:43,252,3.21
TC00001177,TOP0100,V00012715,2026-08-13 07:54:04,1,1.81
TC00001178,TOP0073,V00009265,2026-06-28 17:07:25,313,3.49
TC00001179,TOP0108,V00005836,2026-07-11 00:00:00,171,3.36
TC00001180,TOP0111,V00010576,2026-07-26 00:07:06,244,2.68
TC00001181,TOP0034,V00000537,2026-06-14 11:32:43,6,1.21
TC00001182,TOP0072,V00013020,2026-06-14 17:55:21,301,1.58
TC00001183,TOP0054,V00009215,2026-05-09 00:00:00,146,3.13
TC00001184,TOP0106,V00001011,2026-06-24 21:27:23,211,3.28
TC00001185,TOP0040,V00008149,2026-03-29 03:41:03,295,2.5
TC00001186,TOP0039,V00005929,2026-07-17 17:43:13,169,2.6
TC00001187,TOP0087,V00006913,2026-08-20 23:58:36,242,1.82
TC00001188,TOP0100,V00014080,2026-03-11 00:00:00,186,2.72
TC00001189,TOP0111,V00011765,2026-04-30 02:07:43,366,1.52
TC00001190,TOP0086,V00002075,2026-08-06 16:11:36,232,2.94
TC00001191,TOP0060,V00003312,2026-08-04 00:00:00,44,1.5
TC00001192,TOP0012,V00002260,2026-03-30 11:15:42,263,1.6
TC00001193,TOP0074,V00008678,2026-06-16 09:38:50,22,2.14
TC00001194,TOP0096,V00010601,2026-05-03 11:19:30,127,3.27
TC00001195,TOP0064,V00004767,2026-06-27 14:52:16,14,2.42
TC00001196,TOP0024,V00004344,2026-05-18 00:00:00,199,1.47
TC00001197,TOP0083,V00009390,2026-07-24 16:22:40,68,2.53
TC00001198,TOP0072,V00001469,2026-05-26 13:30:41,345,2.03
TC00001199,TOP0094,V00006092,2026-07-09 07:15:27,363,2.44
TC00001200,TOP0058,V00011292,2026-06-11 10:22:05,470,1.59
TC00001201,TOP0057,V00008799,2026-08-27 11:38:34,158,2.54
TC00001202,TOP0085,V00001653,2026-08-16 03:25:35,196,2.08
TC00001203,TOP0079,V00013268,2026-07-11 03:08:42,187,1.68
TC00001204,TOP0115,V00004581,2026-05-10 00:00:00,175,1.5
TC00001205,TOP0035,V00010762,2026-03-27 00:00:00,346,2.95
TC00001206,TOP0107,V00008202,2026-07-22 00:00:00,44,1.51
TC00001207,TOP0001,V00007461,2026-07-25 23:05:39,7,3.11
TC00001208,TOP0024,V00009288,2026-05-18 00:00:00,112,3.18
TC00001209,TOP0068,V00007052,2026-08-27 07:06:01,275,2.76
TC00001210,TOP0051,V00009193,2026-07-11 00:00:00,122,3.11
TC00001211,TOP0117,V00005456,2026-08-23 10:58:57,469,3.32
TC00001212,TOP0069,V00004310,2026-08-22 05:33:09,471,1.94
TC00001213,TOP0058,V00013572,2026-07-09 22:43:43,303,2.29
TC00001214,TOP0072,V00000717,2026-08-26 02:27:26,57,1.53
TC00001215,TOP0029,V00008114,2026-05-24 00:00:00,70,2.45
TC00001216,TOP0053,V00006412,2026-08-12 14:32:12,344,3.47
TC00001217,TOP0083,V00001677,2026-08-16 22:45:06,434,1.5
TC00001218,TOP0091,V00009060,2026-07-19 14:02:59,420,1.56
TC00001219,TOP0111,V00001475,2026-04-21 22:53:29,298,1.59
TC00001220,TOP0001,V00011676,2026-07-22 04:41:10,191,1.21
TC00001221,TOP0068,V00002061,2026-06-07 23:46:13,7,2.02
TC00001222,TOP0099,V00003772,2026-07-30 04:39:28,56,2.82
TC00001223,TOP0022,V00009533,2026-02-21 07:52:44,210,3.44
TC00001224,TOP0011,V00003224,2026-07-12 10:04:30,218,2.31
TC00001225,TOP0072,V00006766,2026-07-21 08:38:07,468,2.2
TC00001226,TOP0010,V00006390,2026-06-13 00:32:59,471,1.63
TC00001227,TOP0012,V00000773,2026-07-25 04:15:51,39,3.5
TC00001228,TOP0093,V00004281,2026-08-14 20:45:00,26,1.1
TC00001229,TOP0038,V00010276,2026-04-28 00:00:00,215,1.46
TC00001230,TOP0098,V00001790,2026-04-15 14:17:24,440,1.72
TC00001231,TOP0071,V00013216,2026-03-07 06:51:29,265,3.18
TC00001232,TOP0010,V00012071,2026-06-08 06:47:00,30,3.03
TC00001233,TOP0089,V00007838,2026-06-18 18:33:57,112,1.57
TC00001234,TOP0084,V00011268,2026-06-29 00:00:00,7,2.69
TC00001235,TOP0095,V00000292,2026-07-05 15:58:33,195,1.18
TC00001236,TOP0106,V00012328,2026-03-20 20:39:33,392,2.24
TC00001237,TOP0110,V00012152,2026-04-03 10:35:47,421,3.48
TC00001238,TOP0018,V00012234,2026-04-07 00:00:00,9,1.37
TC00001239,TOP0028,V00000349,2026-02-16 20:39:25,260,3.5
TC00001240,TOP0028,V00005732,2026-06-25 15:18:46,92,1.25
TC00001241,TOP0091,V00005453,2026-07-11 08:20:47,127,2.76
TC00001242,TOP0024,V00013349,2026-08-02 22:43:02,183,1.32
TC00001243,TOP0062,V00005502,2026-06-21 12:35:17,266,1.73
TC00001244,TOP0039,V00013583,2026-03-08 22:52:24,334,3.38
TC00001245,TOP0035,V00000353,2026-06-22 11:09:34,186,2.38
TC00001246,TOP0086,V00005301,2026-05-31 22:51:27,324,1.12
TC00001247,TOP0049,V00001808,2026-03-05 00:00:00,185,2.15
TC00001248,TOP0085,V00006009,2026-07-10 00:00:00,412,3.46
TC00001249,TOP0034,V00008189,2026-03-19 00:00:00,393,2.54
TC00001250,TOP0048,V00002808,2026-07-09 11:55:07,428,2.44
TC00001251,TOP0095,V00004001,2026-08-20 22:49:45,264,1.24
TC00001252,TOP0052,V00002207,2026-08-03 09:00:01,390,2.84
TC00001253,TOP0042,V00003774,2026-04-29 00:00:00,114,2.86
TC00001254,TOP0028,V00008036,2026-07-06 22:17:17,351,1.07
TC00001255,TOP0045,V00004511,2026-06-09 11:33:56,131,1.23
TC00001256,TOP0041,V00010110,2026-04-10 00:00:00,468,2.0
TC00001257,TOP0096,V00009135,2026-08-28 01:31:10,350,2.32
TC00001258,TOP0094,V00009802,2026-07-09 00:00:00,316,3.43
TC00001259,TOP0095,V00014668,2026-06-17 00:00:00,378,2.59
TC00001260,TOP0075,V00009572,2026-05-27 00:00:00,129,3.14
TC00001261,TOP0028,V00012982,2026-06-18 11:55:48,100,1.31
TC00001262,TOP0034,V00009543,2026-03-19 00:00:00,254,1.65
TC00001263,TOP0113,V00011047,2026-07-14 16:38:19,51,1.66
TC00001264,TOP0086,V00013754,2026-02-05 18:01:39,248,2.03
TC00001265,TOP0031,V00002774,2026-08-05 22:59:09,72,1.65
TC00001266,TOP0086,V00004295,2026-04-17 19:15:59,498,3.43
TC00001267,TOP0051,V00009951,2026-07-11 00:00:00,407,1.86
TC00001268,TOP0044,V00006284,2026-06-26 19:11:32,105,2.27
TC00001269,TOP0067,V00009786,2026-08-03 06:14:05,242,2.0
TC00001270,TOP0046,V00001530,2026-07-02 21:32:46,168,3.44
TC00001271,TOP0037,V00008265,2026-07-15 00:00:00,458,1.55
TC00001272,TOP0042,V00008341,2026-06-18 08:18:11,491,2.87
TC00001273,TOP0038,V00010198,2026-04-28 00:00:00,338,2.15
TC00001274,TOP0111,V00006491,2026-06-11 00:10:13,428,1.8
TC00001275,TOP0065,V00012883,2026-08-26 18:16:38,239,2.15
TC00001276,TOP0004,V00002091,2026-04-15 00:00:00,453,3.42
TC00001277,TOP0072,V00003837,2026-05-16 00:32:11,422,1.75
TC00001278,TOP0072,V00011952,2026-03-27 05:19:59,304,1.13
TC00001279,TOP0047,V00012771,2026-07-29 21:38:59,498,1.72
TC00001280,TOP0116,V00008965,2026-04-15 00:00:00,353,1.04
TC00001281,TOP0086,V00007511,2026-08-12 23:26:34,437,2.73
TC00001282,TOP0120,V00006026,2026-05-16 00:00:00,307,3.14
TC00001283,TOP0084,V00010981,2026-06-29 00:00:00,188,3.48
TC00001284,TOP0087,V00009402,2026-08-25 02:29:34,425,2.91
TC00001285,TOP0119,V00006547,2026-01-21 11:07:02,151,2.35
TC00001286,TOP0005,V00013186,2026-02-12 00:00:00,199,3.07
TC00001287,TOP0009,V00007825,2026-02-06 11:10:20,42,3.04
TC00001288,TOP0066,V00005949,2026-05-10 19:08:45,223,2.17
TC00001289,TOP0062,V00006789,2026-07-28 05:02:48,347,2.07
TC00001290,TOP0061,V00008449,2026-06-28 13:52:19,39,2.07
TC00001291,TOP0120,V00000615,2026-05-24 11:09:08,471,3.19
TC00001292,TOP0076,V00010366,2026-05-04 00:00:00,23,3.2
TC00001293,TOP0017,V00010738,2026-08-18 20:53:48,308,2.28
TC00001294,TOP0104,V00007350,2026-05-24 00:00:00,158,2.31
TC00001295,TOP0072,V00002004,2026-07-20 04:16:02,304,3.13
TC00001296,TOP0093,V00013514,2026-05-21 07:06:40,289,2.67
TC00001297,TOP0050,V00013454,2026-05-23 00:00:00,7,1.02
TC00001298,TOP0103,V00009973,2026-07-04 00:00:00,375,2.68
TC00001299,TOP0020,V00008830,2026-08-21 04:55:08,322,1.51
TC00001300,TOP0033,V00005986,2026-08-02 10:26:11,8,1.41
TC00001301,TOP0082,V00001816,2026-04-05 00:00:00,490,1.3
TC00001302,TOP0108,V00003049,2026-07-11 00:00:00,356,3.4
TC00001303,TOP0070,V00014148,2026-06-16 14:04:42,137,1.62
TC00001304,TOP0034,V00006680,2026-04-23 09:25:44,330,1.62
TC00001305,TOP0100,V00004784,2026-03-25 03:39:50,313,1.32
TC00001306,TOP0024,V00013066,2026-05-18 00:00:00,108,2.42
TC00001307,TOP0015,V00008818,2026-08-13 12:40:11,104,3.01
TC00001308,TOP0006,V00003797,2026-03-09 00:00:00,361,2.05
TC00001309,TOP0118,V00001770,2026-04-30 00:00:00,472,2.68
TC00001310,TOP0089,V00008543,2026-08-11 17:02:13,390,1.47
TC00001311,TOP0016,V00013870,2026-05-15 00:00:00,159,3.15
TC00001312,TOP0094,V00003336,2026-08-13 23:57:21,185,3.1
TC00001313,TOP0011,V00009573,2026-07-15 00:24:40,341,2.3
TC00001314,TOP0064,V00010551,2026-06-28 13:48:17,327,3.04
TC00001315,TOP0059,V00001604,2026-06-18 04:37:24,488,2.01
TC00001316,TOP0041,V00010620,2026-08-22 02:02:16,94,3.3
TC00001317,TOP0056,V00000605,2026-08-07 00:00:00,389,2.67
TC00001318,TOP0048,V00013268,2026-07-11 03:08:42,196,2.43
TC00001319,TOP0112,V00009575,2026-07-10 12:19:56,477,2.5
TC00001320,TOP0054,V00008349,2026-06-06 03:01:30,336,1.91
TC00001321,TOP0054,V00007174,2026-06-26 19:42:39,278,1.92
TC00001322,TOP0094,V00012467,2026-07-09 00:00:00,331,1.67
TC00001323,TOP0029,V00013159,2026-06-07 15:33:39,89,1.08
TC00001324,TOP0080,V00007184,2026-05-09 00:00:00,56,1.32
TC00001325,TOP0037,V00001873,2026-07-15 00:00:00,64,2.44
TC00001326,TOP0105,V00001759,2026-04-01 00:00:00,315,1.31
TC00001327,TOP0067,V00008250,2026-07-08 22:11:03,219,3.07
TC00001328,TOP0066,V00004351,2026-03-04 03:21:57,185,2.31
TC00001329,TOP0101,V00013916,2026-08-17 00:37:09,342,2.95
TC00001330,TOP0081,V00014599,2026-06-22 00:00:00,81,2.25
TC00001331,TOP0011,V00012163,2026-06-08 08:59:16,79,2.64
TC00001332,TOP0029,V00004516,2026-07-01 11:22:10,458,2.8
TC00001333,TOP0081,V00004722,2026-06-22 00:00:00,136,3.35
TC00001334,TOP0082,V00002519,2026-04-05 00:00:00,48,2.1
TC00001335,TOP0092,V00011554,2026-07-07 05:35:28,293,1.31
TC00001336,TOP0117,V00005888,2026-03-06 00:00:00,9,2.5
TC00001337,TOP0006,V00003695,2026-05-26 05:47:07,129,1.38
TC00001338,TOP0104,V00004602,2026-06-17 00:08:57,467,2.39
TC00001339,TOP0021,V00012687,2026-08-14 21:57:45,219,1.1
TC00001340,TOP0109,V00001319,2026-08-24 13:24:07,6,1.59
TC00001341,TOP0066,V00002990,2026-06-24 01:11:48,337,1.84
TC00001342,TOP0092,V00012403,2026-06-17 11:37:50,166,2.98
TC00001343,TOP0113,V00011640,2026-07-31 21:54:02,66,1.29
TC00001344,TOP0026,V00014631,2026-06-06 00:00:00,352,1.96
TC00001345,TOP0033,V00010217,2026-03-01 00:56:34,393,2.07
TC00001346,TOP0102,V00002826,2026-06-29 00:00:00,82,2.62
TC00001347,TOP0044,V00001201,2026-06-01 00:00:00,266,2.27
TC00001348,TOP0052,V00006167,2026-04-17 00:00:00,479,1.75
TC00001349,TOP0120,V00010038,2026-06-02 06:46:37,336,3.41
TC00001350,TOP0105,V00005358,2026-06-08 20:26:24,458,1.81
TC00001351,TOP0040,V00012190,2026-02-26 03:44:52,430,2.33
TC00001352,TOP0099,V00008841,2026-07-03 00:00:00,473,2.96
TC00001353,TOP0068,V00007687,2026-05-26 17:20:14,358,2.85
TC00001354,TOP0073,V00010573,2026-05-05 17:14:21,127,1.44
TC00001355,TOP0118,V00013389,2026-04-30 00:00:00,56,1.29
TC00001356,TOP0081,V00002187,2026-06-22 00:00:00,308,2.37
TC00001357,TOP0093,V00002413,2026-08-14 23:17:02,140,1.56
TC00001358,TOP0046,V00010088,2026-07-12 13:30:26,233,3.48
TC00001359,TOP0048,V00003351,2026-04-06 00:00:00,253,1.54
TC00001360,TOP0065,V00014665,2026-03-07 00:00:00,337,2.23
TC00001361,TOP0006,V00001909,2026-05-02 23:50:07,205,2.93
TC00001362,TOP0048,V00008429,2026-04-06 00:00:00,492,1.84
TC00001363,TOP0049,V00005907,2026-03-05 00:00:00,250,1.35
TC00001364,TOP0025,V00010272,2026-07-04 00:00:00,150,2.85
TC00001365,TOP0106,V00012852,2026-08-23 18:02:13,55,2.65
TC00001366,TOP0043,V00014740,2026-08-16 02:08:44,260,3.25
TC00001367,TOP0014,V00000960,2026-02-13 15:48:21,427,1.35
TC00001368,TOP0118,V00013186,2026-04-30 00:00:00,48,2.3
TC00001369,TOP0079,V00004155,2026-08-07 05:56:13,208,1.52
TC00001370,TOP0028,V00010509,2026-06-21 05:08:28,180,1.58
TC00001371,TOP0020,V00006899,2026-06-18 23:18:58,30,2.3
TC00001372,TOP0072,V00014654,2026-04-17 06:59:39,254,1.79
TC00001373,TOP0070,V00001114,2026-06-21 14:17:53,172,3.4
TC00001374,TOP0109,V00009424,2026-04-02 00:00:00,393,1.34
TC00001375,TOP0117,V00009903,2026-07-30 11:51:18,413,2.73
TC00001376,TOP0037,V00005833,2026-07-15 00:00:00,252,2.11
TC00001377,TOP0073,V00013251,2026-03-27 00:00:00,488,2.27
TC00001378,TOP0019,V00004250,2026-05-31 05:34:07,312,2.44
TC00001379,TOP0025,V00007480,2026-07-04 00:00:00,263,1.09
TC00001380,TOP0046,V00009292,2026-08-22 08:33:15,87,2.47
TC00001381,TOP0053,V00012719,2026-04-26 00:00:00,37,2.09
TC00001382,TOP0062,V00008343,2026-06-17 20:31:19,141,3.31
TC00001383,TOP0117,V00011684,2026-08-15 13:19:17,417,1.69
TC00001384,TOP0006,V00000515,2026-06-25 01:27:42,103,3.17
TC00001385,TOP0104,V00005178,2026-05-24 00:00:00,177,2.11
TC00001386,TOP0099,V00012347,2026-08-14 06:36:06,96,1.5
TC00001387,TOP0037,V00010404,2026-07-15 00:00:00,14,1.21
TC00001388,TOP0008,V00007793,2026-07-26 00:00:00,219,3.07
TC00001389,TOP0002,V00013763,2026-05-12 01:18:42,123,1.9
TC00001390,TOP0079,V00012149,2026-06-28 00:00:00,388,1.69
TC00001391,TOP0060,V00003225,2026-08-23 09:30:18,440,2.26
TC00001392,TOP0119,V00004456,2026-01-04 16:28:18,59,1.47
TC00001393,TOP0108,V00014309,2026-08-16 02:05:48,212,2.29
TC00001394,TOP0041,V00014426,2026-04-10 00:00:00,135,2.53
TC00001395,TOP0045,V00001519,2026-08-12 15:39:28,243,1.35
TC00001396,TOP0088,V00012144,2026-05-14 00:00:00,174,1.64
TC00001397,TOP0025,V00001966,2026-07-07 15:52:30,272,2.92
TC00001398,TOP0102,V00010316,2026-06-29 00:00:00,109,2.45
TC00001399,TOP0057,V00002568,2026-06-05 01:25:56,298,3.37
TC00001400,TOP0005,V00006426,2026-02-12 00:00:00,68,1.43
TC00001401,TOP0031,V00010047,2026-08-01 00:00:00,282,2.83
TC00001402,TOP0072,V00004995,2026-06-08 21:38:18,293,2.32
TC00001403,TOP0046,V00009541,2026-08-20 11:57:01,309,1.53
TC00001404,TOP0010,V00013444,2026-03-13 00:00:00,465,2.96
TC00001405,TOP0058,V00006939,2026-05-12 09:16:28,305,2.74
TC00001406,TOP0104,V00006586,2026-05-24 00:00:00,478,1.72
TC00001407,TOP0117,V00007415,2026-07-20 12:30:17,413,1.17
TC00001408,TOP0112,V00008769,2026-06-26 13:15:54,70,1.95
TC00001409,TOP0067,V00000890,2026-08-05 23:21:41,197,1.26
TC00001410,TOP0022,V00013522,2026-08-28 22:22:38,93,1.84
TC00001411,TOP0074,V00010078,2026-07-21 07:56:46,485,3.19
TC00001412,TOP0096,V00010568,2026-04-29 12:55:11,185,1.03
TC00001413,TOP0059,V00002803,2026-05-22 06:37:52,500,1.88
TC00001414,TOP0086,V00000832,2026-07-02 12:21:35,243,1.15
TC00001415,TOP0019,V00003143,2026-04-12 00:00:00,40,2.8
TC00001416,TOP0073,V00002628,2026-03-27 00:00:00,439,2.19
TC00001417,TOP0116,V00005003,2026-06-23 15:10:05,136,3.36
TC00001418,TOP0055,V00000961,2026-08-08 13:51:29,324,2.35
TC00001419,TOP0007,V00001825,2026-05-29 00:00:00,262,3.38
TC00001420,TOP0113,V00002481,2026-07-08 18:44:29,124,1.2
TC00001421,TOP0024,V00001505,2026-06-07 12:38:04,171,3.16
TC00001422,TOP0094,V00010151,2026-08-10 05:33:35,210,2.24
TC00001423,TOP0112,V00006221,2026-05-06 00:00:00,14,1.03
TC00001424,TOP0043,V00007402,2026-07-05 20:22:01,193,2.27
TC00001425,TOP0005,V00003144,2026-03-04 09:09:32,229,3.16
TC00001426,TOP0034,V00004918,2026-06-26 03:32:39,112,1.2
TC00001427,TOP0036,V00007002,2026-06-26 00:00:00,306,1.98
TC00001428,TOP0002,V00013792,2026-02-21 00:00:00,387,1.53
TC00001429,TOP0045,V00005550,2026-05-04 00:00:00,121,2.16
TC00001430,TOP0068,V00006026,2026-02-15 22:23:04,334,3.16
TC00001431,TOP0018,V00005690,2026-05-12 20:12:24,155,1.13
TC00001432,TOP0041,V00007810,2026-07-14 13:49:25,112,1.31
TC00001433,TOP0089,V00000351,2026-03-19 04:25:18,283,2.81
TC00001434,TOP0020,V00002297,2026-05-22 04:15:48,121,1.25
TC00001435,TOP0096,V00002163,2026-05-17 13:25:32,34,3.29
TC00001436,TOP0046,V00001597,2026-07-28 22:05:48,182,3.23
TC00001437,TOP0078,V00008797,2026-06-27 02:36:43,268,1.19
TC00001438,TOP0058,V00002465,2026-03-23 00:00:00,242,2.22
TC00001439,TOP0108,V00014175,2026-08-24 16:59:32,52,2.76
TC00001440,TOP0114,V00014449,2026-05-01 22:34:07,70,2.46
TC00001441,TOP0024,V00003944,2026-08-20 23:18:10,382,1.48
TC00001442,TOP0025,V00009330,2026-07-04 00:00:00,21,2.42
TC00001443,TOP0005,V00004306,2026-02-12 00:00:00,446,1.12
TC00001444,TOP0078,V00009193,2026-06-05 13:30:59,477,3.12
TC00001445,TOP0008,V00009018,2026-08-01 23:53:46,70,2.74
TC00001446,TOP0058,V00004967,2026-04-22 20:23:53,160,2.24
TC00001447,TOP0081,V00007376,2026-06-22 00:00:00,174,1.41
TC00001448,TOP0032,V00011505,2026-07-12 12:45:42,119,3.23
TC00001449,TOP0100,V00000033,2026-05-05 17:20:53,44,2.57
TC00001450,TOP0069,V00004406,2026-08-27 20:33:31,6,2.68
TC00001451,TOP0064,V00007017,2026-03-28 00:00:00,301,2.91
TC00001452,TOP0077,V00004095,2026-06-28 21:12:32,69,1.23
TC00001453,TOP0071,V00002510,2026-08-25 11:55:35,485,3.39
TC00001454,TOP0074,V00014361,2026-06-09 20:04:35,149,2.8
TC00001455,TOP0067,V00010749,2026-07-19 03:20:38,380,3.43
TC00001456,TOP0107,V00000641,2026-08-04 07:57:50,365,1.08
TC00001457,TOP0120,V00008651,2026-05-16 00:00:00,198,3.33
TC00001458,TOP0069,V00003187,2026-06-05 12:56:25,10,2.08
TC00001459,TOP0042,V00007712,2026-06-15 10:04:44,304,2.77
TC00001460,TOP0055,V00010546,2026-08-25 04:56:14,402,1.9
TC00001461,TOP0079,V00003469,2026-08-23 15:59:07,152,2.98
TC00001462,TOP0007,V00007504,2026-05-29 00:00:00,182,3.15
TC00001463,TOP0014,V00000735,2026-03-07 19:29:05,352,1.28
TC00001464,TOP0011,V00006184,2026-08-23 06:19:29,219,3.23
TC00001465,TOP0012,V00000020,2026-07-07 21:12:50,37,1.12
TC00001466,TOP0039,V00012260,2026-08-23 01:29:20,355,3.49
TC00001467,TOP0116,V00007856,2026-04-15 00:00:00,327,3.22
TC00001468,TOP0060,V00005945,2026-08-04 00:00:00,447,3.32
TC00001469,TOP0032,V00002913,2026-06-27 00:00:00,160,2.5
TC00001470,TOP0025,V00002517,2026-07-04 00:00:00,363,3.38
TC00001471,TOP0103,V00011438,2026-07-04 00:00:00,199,2.02
TC00001472,TOP0011,V00010770,2026-03-27 23:35:05,269,1.5
TC00001473,TOP0004,V00013277,2026-07-14 23:53:00,433,2.2
TC00001474,TOP0072,V00008416,2026-05-18 22:05:08,262,3.0
TC00001475,TOP0033,V00004816,2026-06-12 11:32:25,71,3.25
TC00001476,TOP0061,V00000658,2026-07-24 18:14:22,221,1.66
TC00001477,TOP0063,V00001592,2026-06-29 00:00:00,346,3.03
TC00001478,TOP0002,V00006207,2026-08-27 07:56:09,112,3.4
TC00001479,TOP0043,V00004520,2026-04-17 00:00:00,382,3.42
TC00001480,TOP0077,V00007722,2026-06-12 03:06:05,84,2.2
TC00001481,TOP0007,V00003789,2026-08-09 18:05:31,184,1.42
TC00001482,TOP0015,V00014508,2026-04-26 00:00:00,20,3.41
TC00001483,TOP0010,V00010264,2026-08-27 21:20:54,493,3.27
TC00001484,TOP0070,V00000143,2026-06-01 10:18:33,142,2.24
TC00001485,TOP0060,V00001668,2026-08-17 20:14:26,211,3.11
TC00001486,TOP0004,V00001512,2026-04-15 00:00:00,263,1.3
TC00001487,TOP0002,V00001875,2026-02-28 23:14:36,371,1.89
TC00001488,TOP0004,V00001913,2026-08-25 05:21:57,171,1.69
TC00001489,TOP0097,V00014027,2026-07-07 17:16:09,71,2.96
TC00001490,TOP0072,V00006090,2026-01-16 00:00:00,20,2.69
TC00001491,TOP0045,V00003625,2026-06-25 08:32:15,248,1.6
TC00001492,TOP0016,V00001286,2026-05-15 00:00:00,183,2.52
TC00001493,TOP0117,V00011237,2026-03-06 00:00:00,44,2.64
TC00001494,TOP0042,V00007601,2026-04-29 00:00:00,135,3.26
TC00001495,TOP0003,V00004885,2026-08-10 12:45:17,340,2.95
TC00001496,TOP0056,V00006321,2026-08-07 00:00:00,178,3.31
TC00001497,TOP0001,V00014599,2026-04-18 14:29:37,168,2.45
TC00001498,TOP0080,V00008001,2026-05-09 00:00:00,321,2.15
TC00001499,TOP0034,V00012353,2026-07-21 19:22:52,429,3.32
TC00001500,TOP0024,V00002254,2026-06-21 22:00:41,470,2.12
TC00001501,TOP0059,V00009117,2026-05-01 00:00:00,479,2.47
TC00001502,TOP0061,V00003299,2026-05-18 14:37:28,348,1.99
TC00001503,TOP0008,V00005897,2026-07-26 00:00:00,128,1.67
TC00001504,TOP0058,V00000361,2026-07-01 15:33:49,328,3.39
TC00001505,TOP0007,V00003286,2026-07-11 14:21:02,473,2.94
TC00001506,TOP0020,V00002633,2026-07-10 20:07:33,66,3.48
TC00001507,TOP0077,V00000800,2026-03-20 15:39:17,38,1.83
TC00001508,TOP0088,V00003434,2026-08-25 05:40:49,31,1.76
TC00001509,TOP0100,V00013331,2026-03-11 00:00:00,229,2.88
TC00001510,TOP0014,V00004849,2026-07-15 18:17:17,379,2.1
TC00001511,TOP0058,V00008524,2026-03-23 00:00:00,440,2.78
TC00001512,TOP0095,V00011108,2026-08-09 16:45:40,59,1.23
TC00001513,TOP0049,V00005318,2026-07-30 02:56:58,444,2.68
TC00001514,TOP0118,V00014006,2026-04-30 00:00:00,358,3.29
TC00001515,TOP0032,V00002045,2026-06-27 00:00:00,430,3.01
TC00001516,TOP0029,V00009625,2026-07-25 08:34:27,162,1.53
TC00001517,TOP0058,V00007747,2026-08-02 05:34:17,298,1.6
TC00001518,TOP0076,V00014135,2026-08-24 21:32:06,251,3.39
TC00001519,TOP0029,V00007209,2026-06-29 18:00:31,428,2.81
TC00001520,TOP0103,V00001626,2026-08-17 13:27:53,101,3.39
TC00001521,TOP0054,V00003072,2026-07-04 21:25:46,449,1.22
TC00001522,TOP0004,V00004864,2026-04-28 14:48:38,232,3.28
TC00001523,TOP0056,V00012905,2026-08-07 00:00:00,339,2.28
TC00001524,TOP0047,V00006978,2026-07-21 18:24:11,102,1.74
TC00001525,TOP0107,V00007323,2026-08-28 18:18:13,25,2.56
TC00001526,TOP0009,V00014682,2026-04-19 19:42:35,432,2.95
TC00001527,TOP0061,V00009986,2026-08-26 11:01:47,393,1.21
TC00001528,TOP0078,V00004927,2026-03-26 01:17:10,492,2.08
TC00001529,TOP0031,V00008296,2026-08-01 00:00:00,380,3.27
TC00001530,TOP0056,V00007336,2026-08-07 00:00:00,378,1.46
TC00001531,TOP0111,V00008188,2026-08-23 14:27:44,151,3.13
TC00001532,TOP0011,V00003882,2026-02-12 00:00:00,282,1.24
TC00001533,TOP0048,V00014633,2026-05-30 00:08:25,215,2.6
TC00001534,TOP0003,V00000742,2026-07-05 00:00:00,475,1.43
TC00001535,TOP0039,V00004661,2026-03-13 22:56:32,439,2.28
TC00001536,TOP0107,V00005874,2026-07-22 00:00:00,310,1.76
TC00001537,TOP0021,V00011290,2026-07-17 06:28:28,427,3.32
TC00001538,TOP0093,V00010675,2026-07-31 03:55:23,171,1.55
TC00001539,TOP0052,V00007805,2026-04-17 00:00:00,23,3.34
TC00001540,TOP0077,V00004976,2026-04-09 12:08:24,34,2.27
TC00001541,TOP0037,V00013302,2026-07-15 00:00:00,361,1.15
TC00001542,TOP0106,V00000754,2026-08-03 13:24:55,118,2.2
TC00001543,TOP0054,V00014424,2026-05-09 00:00:00,65,2.95
TC00001544,TOP0004,V00006738,2026-08-20 13:44:06,445,2.87
TC00001545,TOP0052,V00009428,2026-04-26 07:57:33,451,2.42
TC00001546,TOP0010,V00000837,2026-08-06 19:28:02,124,3.37
TC00001547,TOP0053,V00004053,2026-04-26 00:00:00,291,1.45
TC00001548,TOP0074,V00013870,2026-06-09 00:00:00,52,1.77
TC00001549,TOP0034,V00002518,2026-08-25 18:55:45,30,2.41
TC00001550,TOP0047,V00012717,2026-06-06 00:02:59,143,2.25
TC00001551,TOP0074,V00014799,2026-08-15 21:29:09,298,3.04
TC00001552,TOP0078,V00000290,2026-05-21 22:55:46,179,3.5
TC00001553,TOP0018,V00003194,2026-08-23 19:17:02,66,1.76
TC00001554,TOP0093,V00010324,2026-05-26 19:13:55,386,1.05
TC00001555,TOP0084,V00007894,2026-06-29 00:00:00,260,3.23
TC00001556,TOP0097,V00002081,2026-04-25 00:00:00,8,1.13
TC00001557,TOP0026,V00011644,2026-08-27 08:02:21,141,1.18
TC00001558,TOP0048,V00014560,2026-07-29 19:43:15,141,2.2
TC00001559,TOP0065,V00012379,2026-07-15 15:03:28,349,1.63
TC00001560,TOP0077,V00002252,2026-05-10 06:33:55,451,1.16
TC00001561,TOP0025,V00002554,2026-07-24 03:23:51,291,2.04
TC00001562,TOP0022,V00011514,2026-08-03 16:45:52,461,1.52
TC00001563,TOP0117,V00004949,2026-07-15 06:12:24,1,1.2
TC00001564,TOP0081,V00003418,2026-06-22 00:00:00,159,1.29
TC00001565,TOP0051,V00005646,2026-08-27 14:23:01,366,2.49
TC00001566,TOP0096,V00003586,2026-04-29 12:59:56,123,2.25
TC00001567,TOP0117,V00014217,2026-08-17 00:38:42,242,1.07
TC00001568,TOP0060,V00005725,2026-08-26 23:08:55,64,1.94
TC00001569,TOP0104,V00001353,2026-08-25 15:53:15,244,1.6
TC00001570,TOP0027,V00012719,2026-04-01 00:00:00,155,1.83
TC00001571,TOP0063,V00011129,2026-06-29 00:00:00,318,2.16
TC00001572,TOP0108,V00004152,2026-07-11 00:00:00,397,2.02
TC00001573,TOP0084,V00002997,2026-06-29 00:00:00,145,3.13
TC00001574,TOP0027,V00007446,2026-06-13 08:19:11,153,2.16
TC00001575,TOP0006,V00013590,2026-08-11 17:18:38,445,1.46
TC00001576,TOP0096,V00006257,2026-08-09 00:11:09,499,1.5
TC00001577,TOP0049,V00005803,2026-08-01 16:29:12,242,1.49
TC00001578,TOP0077,V00009907,2026-07-25 15:55:17,158,2.94
TC00001579,TOP0004,V00004386,2026-07-24 05:36:07,15,1.41
TC00001580,TOP0006,V00008149,2026-03-29 03:41:03,433,2.74
TC00001581,TOP0010,V00009804,2026-04-22 02:10:19,188,2.28
TC00001582,TOP0056,V00004085,2026-08-07 00:00:00,276,1.24
TC00001583,TOP0092,V00007098,2026-08-28 09:43:19,387,3.14
TC00001584,TOP0060,V00004331,2026-08-04 00:00:00,356,1.99
TC00001585,TOP0013,V00007077,2026-08-13 05:19:05,271,1.62
TC00001586,TOP0056,V00012189,2026-08-07 00:00:00,387,1.86
TC00001587,TOP0035,V00001374,2026-08-02 01:11:44,394,2.59
TC00001588,TOP0041,V00010866,2026-07-14 00:54:34,206,1.84
TC00001589,TOP0040,V00000334,2026-08-14 18:08:39,406,1.35
TC00001590,TOP0012,V00006522,2026-08-06 02:30:11,497,2.12
TC00001591,TOP0017,V00011854,2026-03-18 00:00:00,189,3.13
TC00001592,TOP0096,V00011031,2026-06-26 00:47:41,1,1.48
TC00001593,TOP0077,V00000143,2026-06-01 10:18:33,190,2.59
TC00001594,TOP0023,V00008805,2026-06-13 00:00:00,370,2.07
TC00001595,TOP0063,V00008993,2026-06-29 00:00:00,68,2.01
TC00001596,TOP0020,V00005061,2026-03-24 00:00:00,135,3.48
TC00001597,TOP0049,V00003396,2026-03-05 00:00:00,339,1.6
TC00001598,TOP0025,V00010473,2026-08-26 21:38:35,69,3.0
TC00001599,TOP0111,V00011185,2026-08-21 07:08:29,254,1.32
TC00001600,TOP0115,V00004784,2026-05-10 00:00:00,482,3.45
TC00001601,TOP0055,V00002531,2026-07-05 16:35:23,462,1.75
TC00001602,TOP0109,V00006365,2026-04-02 00:00:00,299,3.03
TC00001603,TOP0025,V00004011,2026-07-04 00:00:00,131,3.39
TC00001604,TOP0075,V00008732,2026-05-27 00:00:00,312,3.02
TC00001605,TOP0114,V00010334,2026-08-25 08:45:03,66,1.17
TC00001606,TOP0064,V00002309,2026-03-28 00:00:00,193,3.3
TC00001607,TOP0017,V00013443,2026-03-30 16:23:57,463,3.33
TC00001608,TOP0064,V00009206,2026-03-28 00:00:00,243,3.06
TC00001609,TOP0006,V00005147,2026-08-27 00:15:29,425,1.67
TC00001610,TOP0026,V00007069,2026-06-06 00:00:00,139,1.5
TC00001611,TOP0111,V00004629,2026-06-09 06:43:37,347,1.83
TC00001612,TOP0117,V00011150,2026-06-13 07:51:34,55,1.46
TC00001613,TOP0106,V00013937,2026-08-19 22:41:22,251,2.56
TC00001614,TOP0002,V00004820,2026-04-17 12:42:25,317,2.63
TC00001615,TOP0075,V00002284,2026-05-27 00:00:00,494,1.35
TC00001616,TOP0053,V00014439,2026-06-24 01:15:35,330,2.55
TC00001617,TOP0037,V00001860,2026-08-21 18:35:29,240,3.28
TC00001618,TOP0030,V00006631,2026-07-28 00:00:00,76,1.74
TC00001619,TOP0104,V00004269,2026-05-24 00:00:00,290,1.15
TC00001620,TOP0046,V00008471,2026-06-29 13:06:10,300,2.7
TC00001621,TOP0042,V00009346,2026-08-16 07:31:44,489,1.81
TC00001622,TOP0084,V00002665,2026-06-29 00:00:00,359,2.64
TC00001623,TOP0097,V00009271,2026-07-06 03:28:50,448,2.76
TC00001624,TOP0083,V00014740,2026-08-16 02:08:44,369,1.64
TC00001625,TOP0073,V00000718,2026-05-26 12:04:53,37,2.27
TC00001626,TOP0115,V00006956,2026-07-03 20:54:32,174,1.93
TC00001627,TOP0097,V00009532,2026-05-13 01:34:41,420,1.88
TC00001628,TOP0054,V00000765,2026-08-21 15:47:06,349,2.74
TC00001629,TOP0090,V00009654,2026-08-01 21:47:21,320,3.34
TC00001630,TOP0101,V00007265,2026-07-28 12:36:36,497,1.69
TC00001631,TOP0093,V00008407,2026-04-25 16:06:31,375,1.31
TC00001632,TOP0054,V00006065,2026-05-09 00:00:00,140,2.77
TC00001633,TOP0053,V00008192,2026-08-23 15:40:15,91,2.15
TC00001634,TOP0076,V00006088,2026-08-13 10:27:46,394,1.24
TC00001635,TOP0040,V00001616,2026-06-22 20:40:09,310,1.27
TC00001636,TOP0068,V00006827,2026-03-08 12:09:44,180,1.81
TC00001637,TOP0030,V00013066,2026-07-28 00:00:00,413,2.13
TC00001638,TOP0002,V00007203,2026-02-21 00:00:00,165,2.09
TC00001639,TOP0084,V00004437,2026-06-29 00:00:00,254,2.54
TC00001640,TOP0092,V00004011,2026-01-19 06:46:53,446,3.38
TC00001641,TOP0074,V00013129,2026-06-09 00:00:00,51,1.48
TC00001642,TOP0053,V00004030,2026-08-15 08:30:05,366,2.42
TC00001643,TOP0022,V00002213,2026-02-28 08:45:37,385,1.81
TC00001644,TOP0104,V00012402,2026-06-09 00:01:06,226,2.95
TC00001645,TOP0065,V00011308,2026-03-07 00:00:00,180,1.36
TC00001646,TOP0005,V00012826,2026-08-01 14:31:13,21,2.86
TC00001647,TOP0104,V00003421,2026-06-29 08:54:22,22,1.94
TC00001648,TOP0089,V00010272,2026-04-14 05:58:09,260,1.77
TC00001649,TOP0012,V00008834,2026-01-18 15:34:13,414,1.2
TC00001650,TOP0038,V00012993,2026-04-28 00:00:00,310,1.57
TC00001651,TOP0099,V00006713,2026-07-03 00:00:00,352,1.83
TC00001652,TOP0002,V00008933,2026-08-01 17:23:00,225,1.6
TC00001653,TOP0049,V00005062,2026-07-28 11:49:59,39,1.86
TC00001654,TOP0003,V00005655,2026-07-05 00:00:00,286,3.3
TC00001655,TOP0077,V00004048,2026-06-29 04:48:19,152,2.57
TC00001656,TOP0114,V00013940,2026-08-09 07:27:23,87,2.53
TC00001657,TOP0012,V00014884,2026-07-04 13:13:25,319,2.36
TC00001658,TOP0035,V00013442,2026-08-21 13:40:01,40,1.7
TC00001659,TOP0090,V00013036,2026-07-23 00:00:00,358,3.11
TC00001660,TOP0066,V00005234,2026-08-10 21:01:57,154,2.06
TC00001661,TOP0113,V00005079,2026-07-23 12:30:42,334,2.44
TC00001662,TOP0096,V00008314,2026-06-29 07:30:33,7,2.73
TC00001663,TOP0045,V00008691,2026-05-14 14:17:21,446,3.07
TC00001664,TOP0062,V00005308,2026-03-21 00:00:00,491,3.32
TC00001665,TOP0026,V00013774,2026-06-25 03:38:26,400,2.07
TC00001666,TOP0088,V00007227,2026-08-14 08:33:38,388,1.29
TC00001667,TOP0033,V00006531,2026-02-27 03:08:59,386,1.51
TC00001668,TOP0067,V00014896,2026-05-22 14:39:33,245,2.26
TC00001669,TOP0076,V00012279,2026-07-02 17:40:00,31,2.2
TC00001670,TOP0019,V00007052,2026-08-27 07:06:01,226,3.37
TC00001671,TOP0078,V00000496,2026-04-16 19:40:30,415,2.9
TC00001672,TOP0039,V00007418,2026-08-28 19:37:55,207,1.61
TC00001673,TOP0038,V00013174,2026-08-11 09:20:34,357,2.06
TC00001674,TOP0076,V00000460,2026-05-04 00:00:00,372,1.59
TC00001675,TOP0073,V00008895,2026-08-26 15:46:36,449,1.71
TC00001676,TOP0057,V00011871,2026-07-22 01:22:28,364,3.41
TC00001677,TOP0046,V00009069,2026-07-01 11:01:46,302,2.71
TC00001678,TOP0050,V00008158,2026-06-29 18:39:14,92,1.71
TC00001679,TOP0113,V00003437,2026-06-15 00:00:00,116,2.8
TC00001680,TOP0035,V00010094,2026-05-13 05:43:44,142,2.82
TC00001681,TOP0057,V00014313,2026-05-12 12:42:07,60,1.31
TC00001682,TOP0056,V00004272,2026-08-07 00:00:00,220,1.54
TC00001683,TOP0015,V00000375,2026-08-28 04:26:10,105,1.66
TC00001684,TOP0040,V00005140,2026-03-08 10:37:48,118,1.37
TC00001685,TOP0023,V00006088,2026-08-13 10:27:46,283,1.48
TC00001686,TOP0007,V00000355,2026-05-29 00:00:00,487,3.13
TC00001687,TOP0085,V00002249,2026-07-31 09:25:26,366,2.56
TC00001688,TOP0091,V00006334,2026-06-15 06:29:15,359,3.49
TC00001689,TOP0065,V00014603,2026-06-12 11:28:11,73,1.49
TC00001690,TOP0039,V00000362,2026-04-16 02:46:30,500,1.61
TC00001691,TOP0008,V00005931,2026-07-26 00:00:00,407,2.57
TC00001692,TOP0053,V00013460,2026-04-26 00:00:00,18,3.16
TC00001693,TOP0042,V00009173,2026-04-29 00:00:00,9,2.89
TC00001694,TOP0105,V00002002,2026-07-19 11:27:03,390,2.61
TC00001695,TOP0024,V00010525,2026-05-18 00:00:00,397,2.92
TC00001696,TOP0094,V00007376,2026-07-09 00:00:00,139,2.14
TC00001697,TOP0036,V00004253,2026-08-03 07:53:52,390,3.02
TC00001698,TOP0020,V00013482,2026-03-30 10:20:57,231,1.1
TC00001699,TOP0028,V00009410,2026-08-21 15:37:58,220,2.72
TC00001700,TOP0049,V00011792,2026-03-18 00:34:18,39,3.18
TC00001701,TOP0045,V00014738,2026-05-04 00:00:00,294,3.4
TC00001702,TOP0005,V00010583,2026-08-24 07:18:11,69,2.09
TC00001703,TOP0103,V00013754,2026-07-04 00:00:00,362,3.1
TC00001704,TOP0118,V00001426,2026-04-30 00:00:00,316,2.39
TC00001705,TOP0005,V00009795,2026-07-29 14:30:53,160,2.55
TC00001706,TOP0093,V00009462,2026-07-22 13:34:12,326,1.71
TC00001707,TOP0078,V00010692,2026-08-15 05:50:55,34,1.2
TC00001708,TOP0058,V00006120,2026-07-08 17:42:41,128,3.01
TC00001709,TOP0092,V00011937,2026-07-14 06:37:17,20,3.15
TC00001710,TOP0080,V00008918,2026-08-28 23:57:45,393,1.73
TC00001711,TOP0099,V00001664,2026-07-03 00:00:00,425,2.04
TC00001712,TOP0029,V00014308,2026-05-24 00:00:00,442,3.41
TC00001713,TOP0099,V00014830,2026-07-12 18:12:26,250,2.27
TC00001714,TOP0093,V00014780,2026-08-18 19:41:58,211,2.88
TC00001715,TOP0029,V00005221,2026-05-24 00:00:00,66,1.51
TC00001716,TOP0092,V00006146,2026-07-28 22:40:25,245,2.76
TC00001717,TOP0093,V00009198,2026-08-25 21:47:11,306,1.51
TC00001718,TOP0072,V00004416,2026-05-01 21:59:41,13,2.51
TC00001719,TOP0004,V00002796,2026-05-02 14:40:17,46,2.14
TC00001720,TOP0082,V00003739,2026-08-21 18:31:16,78,1.84
TC00001721,TOP0032,V00010594,2026-06-27 00:00:00,111,2.84
TC00001722,TOP0071,V00000178,2026-05-15 17:47:42,86,1.22
TC00001723,TOP0034,V00009855,2026-04-30 00:54:04,208,2.15
TC00001724,TOP0020,V00002552,2026-07-13 20:13:55,10,1.21
TC00001725,TOP0109,V00012736,2026-07-20 19:56:30,480,1.57
TC00001726,TOP0011,V00009768,2026-04-07 18:36:50,464,2.53
TC00001727,TOP0096,V00011323,2026-06-29 10:13:21,455,2.38
TC00001728,TOP0013,V00009293,2026-05-17 21:07:33,31,1.3
TC00001729,TOP0083,V00001160,2026-06-25 00:00:00,26,3.4
TC00001730,TOP0085,V00004186,2026-07-10 00:00:00,298,1.47
TC00001731,TOP0100,V00011107,2026-03-11 00:00:00,276,1.34
TC00001732,TOP0077,V00008048,2026-02-19 00:00:00,128,1.93
TC00001733,TOP0016,V00000308,2026-08-22 08:55:04,259,2.09
TC00001734,TOP0118,V00011173,2026-06-14 03:21:47,118,3.3
TC00001735,TOP0108,V00003423,2026-07-11 00:00:00,36,1.8
TC00001736,TOP0020,V00006417,2026-03-24 00:00:00,205,2.69
TC00001737,TOP0042,V00014477,2026-05-12 09:37:15,8,2.35
TC00001738,TOP0085,V00001757,2026-07-10 00:00:00,437,1.2
TC00001739,TOP0011,V00009984,2026-02-12 00:00:00,312,2.38
TC00001740,TOP0095,V00012452,2026-06-17 00:00:00,265,1.27
TC00001741,TOP0067,V00008419,2026-01-27 10:07:03,444,1.74
TC00001742,TOP0004,V00006113,2026-07-31 06:25:48,361,3.35
TC00001743,TOP0120,V00003406,2026-05-16 00:00:00,74,2.39
TC00001744,TOP0067,V00006250,2026-05-09 22:57:51,305,2.07
TC00001745,TOP0069,V00010865,2026-01-10 00:00:00,173,3.06
TC00001746,TOP0061,V00004269,2026-04-16 00:00:00,153,2.85
TC00001747,TOP0069,V00014143,2026-08-11 05:42:45,358,3.01
TC00001748,TOP0032,V00004610,2026-06-27 00:00:00,337,1.64
TC00001749,TOP0019,V00013378,2026-05-22 13:29:42,458,3.21
TC00001750,TOP0070,V00004112,2026-06-19 18:14:27,76,2.71
TC00001751,TOP0116,V00011575,2026-07-08 00:26:01,69,3.23
TC00001752,TOP0016,V00010232,2026-05-15 00:00:00,337,1.23
TC00001753,TOP0014,V00004537,2026-05-27 16:32:27,175,1.55
TC00001754,TOP0073,V00005324,2026-03-27 00:00:00,87,1.28
TC00001755,TOP0087,V00013108,2026-02-22 05:03:52,56,3.37
TC00001756,TOP0002,V00000079,2026-04-29 20:33:51,354,1.64
TC00001757,TOP0067,V00010652,2026-05-14 14:52:52,149,1.52
TC00001758,TOP0011,V00006544,2026-04-29 12:57:59,69,1.46
TC00001759,TOP0100,V00009731,2026-08-05 11:54:18,401,2.38
TC00001760,TOP0101,V00011956,2026-06-20 00:00:00,189,2.74
TC00001761,TOP0014,V00003198,2026-01-18 14:14:10,156,3.37
TC00001762,TOP0090,V00002505,2026-07-23 00:00:00,282,1.15
TC00001763,TOP0016,V00013959,2026-07-10 22:31:03,470,1.03
TC00001764,TOP0044,V00005727,2026-06-06 02:51:35,325,2.99
TC00001765,TOP0073,V00008866,2026-03-27 00:00:00,413,1.47
TC00001766,TOP0059,V00009385,2026-05-02 18:09:56,352,2.81
TC00001767,TOP0083,V00009888,2026-08-10 18:48:30,31,1.45
TC00001768,TOP0062,V00009186,2026-04-14 04:29:46,378,1.1
TC00001769,TOP0020,V00001041,2026-05-23 16:26:06,318,2.59
TC00001770,TOP0006,V00014028,2026-05-23 11:51:04,275,1.37
TC00001771,TOP0063,V00010831,2026-08-20 22:25:16,115,2.53
TC00001772,TOP0113,V00000578,2026-06-15 00:00:00,224,1.37
TC00001773,TOP0108,V00013797,2026-08-03 13:02:53,423,2.75
TC00001774,TOP0097,V00011357,2026-07-16 20:37:29,51,3.07
TC00001775,TOP0051,V00001594,2026-07-11 00:00:00,274,2.63
TC00001776,TOP0044,V00002377,2026-06-01 00:00:00,244,3.18
TC00001777,TOP0078,V00011462,2026-08-09 12:43:36,460,3.41
TC00001778,TOP0047,V00007018,2026-05-31 00:00:00,390,1.67
TC00001779,TOP0032,V00014766,2026-08-20 13:02:37,432,1.08
TC00001780,TOP0018,V00014690,2026-05-03 13:02:25,196,3.08
TC00001781,TOP0066,V00003057,2026-04-30 01:21:13,386,2.27
TC00001782,TOP0043,V00000290,2026-05-21 22:55:46,105,1.26
TC00001783,TOP0102,V00014041,2026-06-29 00:00:00,329,1.05
TC00001784,TOP0112,V00009588,2026-05-06 00:00:00,163,2.52
TC00001785,TOP0015,V00007295,2026-08-21 13:09:58,428,2.45
TC00001786,TOP0034,V00006267,2026-03-19 00:00:00,136,2.45
TC00001787,TOP0059,V00014823,2026-07-15 12:45:33,442,2.92
TC00001788,TOP0038,V00006383,2026-04-28 00:00:00,490,1.87
TC00001789,TOP0031,V00001794,2026-08-01 00:00:00,331,1.25
TC00001790,TOP0019,V00008791,2026-05-23 08:20:56,413,1.36
TC00001791,TOP0040,V00010018,2026-07-19 21:03:10,417,1.03
TC00001792,TOP0003,V00009868,2026-07-05 00:00:00,104,2.65
TC00001793,TOP0010,V00001903,2026-07-18 00:42:07,352,2.88
TC00001794,TOP0059,V00001226,2026-05-17 09:35:03,183,3.09
TC00001795,TOP0047,V00001722,2026-07-23 09:26:10,441,1.12
TC00001796,TOP0062,V00013956,2026-06-12 06:03:29,414,1.75
TC00001797,TOP0091,V00003152,2026-06-04 00:00:00,125,2.02
TC00001798,TOP0041,V00011146,2026-07-15 15:14:54,488,1.38
TC00001799,TOP0029,V00013780,2026-05-24 00:00:00,408,3.15
TC00001800,TOP0096,V00003392,2026-08-25 05:19:05,91,2.5
TC00001801,TOP0059,V00007504,2026-05-01 00:00:00,465,2.75
TC00001802,TOP0118,V00000263,2026-08-12 17:09:30,432,2.59
TC00001803,TOP0072,V00009110,2026-02-10 01:57:08,198,1.34
TC00001804,TOP0098,V00000118,2026-06-08 10:40:37,232,2.29
TC00001805,TOP0085,V00006010,2026-07-10 00:00:00,291,1.14
TC00001806,TOP0118,V00008601,2026-06-10 23:00:13,395,2.14
TC00001807,TOP0036,V00000996,2026-06-26 00:00:00,464,2.81
TC00001808,TOP0069,V00012741,2026-02-01 19:50:45,477,1.76
TC00001809,TOP0074,V00014267,2026-06-09 00:00:00,227,2.87
TC00001810,TOP0070,V00008782,2026-05-26 11:32:11,438,1.7
TC00001811,TOP0002,V00002582,2026-08-15 05:59:05,215,3.27
TC00001812,TOP0117,V00011104,2026-08-21 03:24:55,477,2.58
TC00001813,TOP0078,V00001852,2026-08-27 21:42:24,427,2.7
TC00001814,TOP0093,V00001216,2026-05-16 22:16:32,31,2.62
TC00001815,TOP0119,V00008689,2026-05-09 09:32:18,116,1.01
TC00001816,TOP0017,V00001912,2026-08-19 09:02:18,323,2.2
TC00001817,TOP0093,V00002226,2026-02-25 00:00:00,158,1.47
TC00001818,TOP0056,V00011374,2026-08-07 00:00:00,481,1.08
TC00001819,TOP0109,V00003843,2026-05-14 17:46:36,153,1.09
TC00001820,TOP0003,V00005126,2026-08-28 21:44:33,31,2.58
TC00001821,TOP0090,V00004488,2026-07-23 00:00:00,278,3.15
TC00001822,TOP0033,V00004546,2026-02-13 00:00:00,410,1.14
TC00001823,TOP0075,V00010787,2026-08-21 18:15:34,310,2.75
TC00001824,TOP0044,V00004644,2026-06-01 00:00:00,282,1.32
TC00001825,TOP0119,V00006028,2026-01-13 05:05:39,225,2.17
TC00001826,TOP0025,V00000437,2026-07-04 00:00:00,435,1.39
TC00001827,TOP0043,V00010248,2026-04-17 00:00:00,379,3.14
TC00001828,TOP0039,V00006295,2026-05-03 19:08:32,458,2.51
TC00001829,TOP0052,V00012246,2026-05-18 06:02:17,2,3.47
TC00001830,TOP0033,V00004675,2026-05-01 05:59:22,283,1.03
TC00001831,TOP0057,V00008517,2026-06-26 17:47:44,89,1.24
TC00001832,TOP0001,V00007773,2026-04-09 00:00:00,318,1.34
TC00001833,TOP0103,V00012316,2026-07-04 00:00:00,101,2.89
TC00001834,TOP0116,V00007960,2026-08-12 04:43:13,438,3.36
TC00001835,TOP0026,V00005740,2026-06-06 00:00:00,266,1.85
TC00001836,TOP0082,V00012934,2026-05-14 22:51:51,2,3.15
TC00001837,TOP0111,V00003497,2026-04-05 07:58:29,271,2.0
TC00001838,TOP0116,V00010603,2026-05-28 23:12:02,285,1.08
TC00001839,TOP0044,V00006693,2026-06-01 00:00:00,338,2.59
TC00001840,TOP0018,V00003351,2026-04-07 00:00:00,245,1.01
TC00001841,TOP0003,V00004291,2026-07-05 00:00:00,196,3.11
TC00001842,TOP0048,V00008539,2026-07-20 04:33:15,32,2.26
TC00001843,TOP0028,V00005359,2026-04-26 14:20:41,329,3.26
TC00001844,TOP0107,V00003063,2026-08-09 22:18:26,363,1.31
TC00001845,TOP0078,V00010372,2026-05-09 21:29:25,328,1.16
TC00001846,TOP0050,V00002427,2026-05-23 00:00:00,328,2.55
TC00001847,TOP0009,V00010001,2026-07-06 11:59:25,351,3.21
TC00001848,TOP0102,V00010490,2026-07-24 23:51:26,151,2.07
TC00001849,TOP0046,V00012980,2026-05-11 00:00:00,136,2.44
TC00001850,TOP0065,V00012355,2026-03-07 00:00:00,240,3.12
TC00001851,TOP0040,V00011730,2026-04-09 23:41:07,414,2.07
TC00001852,TOP0079,V00008972,2026-06-28 00:00:00,64,2.14
TC00001853,TOP0117,V00009928,2026-03-13 15:48:50,44,1.3
TC00001854,TOP0053,V00008535,2026-04-26 00:00:00,101,1.02
TC00001855,TOP0032,V00012507,2026-06-27 00:00:00,343,1.54
TC00001856,TOP0042,V00012683,2026-04-29 00:00:00,402,3.26
TC00001857,TOP0057,V00003975,2026-05-04 05:35:35,85,1.69
TC00001858,TOP0101,V00006045,2026-06-20 00:00:00,335,2.02
TC00001859,TOP0041,V00009608,2026-08-27 22:06:20,472,1.78
TC00001860,TOP0044,V00004427,2026-06-01 00:00:00,32,2.71
TC00001861,TOP0101,V00002309,2026-06-20 00:00:00,452,2.55
TC00001862,TOP0101,V00012450,2026-07-07 16:51:49,417,1.75
TC00001863,TOP0019,V00014418,2026-04-12 00:32:38,476,2.31
TC00001864,TOP0044,V00004743,2026-06-01 00:00:00,48,1.98
TC00001865,TOP0017,V00014788,2026-06-12 19:43:21,105,2.15
TC00001866,TOP0117,V00005026,2026-08-22 02:21:12,155,2.01
TC00001867,TOP0032,V00013842,2026-06-27 00:00:00,366,2.15
TC00001868,TOP0120,V00005490,2026-05-16 00:00:00,199,3.1
TC00001869,TOP0071,V00008798,2026-03-03 04:14:27,101,1.39
TC00001870,TOP0048,V00005669,2026-06-23 09:31:46,170,1.93
TC00001871,TOP0011,V00010901,2026-03-01 13:49:55,379,1.12
TC00001872,TOP0060,V00005773,2026-08-04 00:00:00,404,1.2
TC00001873,TOP0022,V00004264,2026-05-08 10:09:53,28,2.41
TC00001874,TOP0098,V00004855,2026-08-12 02:28:05,367,3.0
TC00001875,TOP0048,V00007952,2026-08-10 20:46:21,328,2.61
TC00001876,TOP0059,V00012444,2026-08-08 15:46:30,95,1.4
TC00001877,TOP0012,V00000750,2026-05-22 08:40:28,348,1.33
TC00001878,TOP0005,V00009675,2026-05-06 07:41:59,297,2.92
TC00001879,TOP0021,V00013548,2026-07-13 00:00:00,326,1.75
TC00001880,TOP0043,V00004088,2026-04-17 00:00:00,94,1.98
TC00001881,TOP0040,V00007811,2026-02-15 07:56:34,157,2.75
TC00001882,TOP0056,V00002495,2026-08-07 00:00:00,333,3.43
TC00001883,TOP0046,V00007939,2026-08-05 01:08:23,375,1.91
TC00001884,TOP0035,V00008534,2026-08-24 15:23:26,113,1.81
TC00001885,TOP0100,V00001806,2026-06-26 05:17:12,280,1.58
TC00001886,TOP0053,V00000456,2026-05-04 22:28:30,174,2.53
TC00001887,TOP0031,V00008785,2026-08-01 00:00:00,230,1.85
TC00001888,TOP0025,V00001229,2026-07-04 00:00:00,188,2.03
TC00001889,TOP0110,V00014424,2026-02-22 23:49:26,38,2.75
TC00001890,TOP0063,V00009737,2026-08-12 22:18:30,65,2.74
TC00001891,TOP0103,V00012962,2026-07-04 00:00:00,232,1.46
TC00001892,TOP0063,V00001255,2026-06-29 00:00:00,484,1.95
TC00001893,TOP0087,V00008230,2026-05-15 20:33:52,284,2.47
TC00001894,TOP0007,V00013699,2026-08-04 06:45:16,9,1.79
TC00001895,TOP0104,V00009861,2026-08-09 07:08:28,217,3.13
TC00001896,TOP0038,V00014795,2026-04-28 00:00:00,353,2.62
TC00001897,TOP0107,V00011585,2026-07-22 00:00:00,170,1.86
TC00001898,TOP0065,V00005437,2026-03-07 00:00:00,123,2.34
TC00001899,TOP0001,V00011773,2026-08-22 07:17:14,436,3.35
TC00001900,TOP0096,V00000161,2026-06-06 03:23:02,128,1.46
TC00001901,TOP0079,V00011733,2026-06-28 00:00:00,253,2.69
TC00001902,TOP0103,V00005313,2026-08-14 15:20:11,245,1.07
TC00001903,TOP0033,V00012983,2026-06-18 03:55:11,296,3.09
TC00001904,TOP0041,V00000307,2026-04-28 09:07:39,212,1.41
TC00001905,TOP0039,V00007435,2026-08-28 16:04:12,203,1.07
TC00001906,TOP0037,V00010399,2026-07-15 00:00:00,294,1.77
TC00001907,TOP0099,V00002406,2026-07-03 00:00:00,164,2.46
TC00001908,TOP0111,V00013983,2026-07-29 07:36:31,498,3.3
TC00001909,TOP0072,V00008372,2026-06-18 03:00:46,453,2.96
TC00001910,TOP0018,V00011765,2026-04-30 02:07:43,341,3.38
TC00001911,TOP0002,V00005863,2026-04-14 07:54:11,45,2.68
TC00001912,TOP0029,V00013262,2026-07-25 08:24:10,467,1.27
TC00001913,TOP0075,V00012311,2026-06-19 23:47:47,158,1.4
TC00001914,TOP0019,V00002832,2026-06-15 13:23:00,406,1.13
TC00001915,TOP0090,V00006357,2026-07-23 00:00:00,323,2.83
TC00001916,TOP0093,V00010859,2026-04-14 13:36:44,433,3.25
TC00001917,TOP0017,V00012366,2026-05-22 17:24:12,122,2.95
TC00001918,TOP0082,V00005444,2026-06-05 16:41:29,372,1.28
TC00001919,TOP0032,V00004604,2026-06-27 00:00:00,477,2.89
TC00001920,TOP0034,V00013847,2026-08-06 20:48:22,440,1.79
TC00001921,TOP0055,V00000763,2026-05-08 00:00:00,150,2.27
TC00001922,TOP0010,V00001740,2026-03-13 00:00:00,158,1.61
TC00001923,TOP0011,V00013777,2026-06-10 19:02:41,154,2.38
TC00001924,TOP0104,V00010894,2026-08-27 00:31:11,326,1.4
TC00001925,TOP0035,V00004629,2026-06-09 06:43:37,269,1.2
TC00001926,TOP0006,V00003890,2026-05-28 11:24:19,139,2.31
TC00001927,TOP0022,V00011666,2026-01-23 00:00:00,234,1.93
TC00001928,TOP0030,V00009890,2026-08-07 04:43:39,17,2.91
TC00001929,TOP0097,V00001766,2026-04-25 00:00:00,250,1.49
TC00001930,TOP0030,V00011427,2026-07-28 00:00:00,26,1.01
TC00001931,TOP0098,V00000825,2026-08-20 08:46:38,361,1.7
TC00001932,TOP0001,V00008079,2026-06-25 15:03:24,469,3.18
TC00001933,TOP0019,V00006969,2026-04-14 09:54:51,394,3.03
TC00001934,TOP0092,V00009106,2026-08-12 09:55:25,139,2.35
TC00001935,TOP0007,V00010248,2026-05-29 00:00:00,227,3.04
TC00001936,TOP0023,V00007939,2026-08-05 01:08:23,301,1.29
TC00001937,TOP0011,V00010362,2026-02-12 00:00:00,173,3.32
TC00001938,TOP0008,V00008877,2026-07-26 00:00:00,24,1.3
TC00001939,TOP0052,V00008275,2026-04-17 00:00:00,102,2.13
TC00001940,TOP0030,V00004003,2026-07-28 00:00:00,360,1.23
TC00001941,TOP0040,V00009708,2026-03-28 04:54:46,209,1.24
TC00001942,TOP0028,V00012302,2026-07-02 02:00:46,370,3.41
TC00001943,TOP0020,V00007863,2026-04-04 15:24:37,114,2.94
TC00001944,TOP0120,V00003579,2026-05-16 00:00:00,286,1.45
TC00001945,TOP0003,V00011892,2026-07-05 00:00:00,171,1.95
TC00001946,TOP0089,V00012964,2026-03-15 19:38:23,347,3.39
TC00001947,TOP0112,V00014206,2026-05-06 00:00:00,365,1.79
TC00001948,TOP0050,V00001308,2026-05-23 00:00:00,288,3.02
TC00001949,TOP0114,V00000427,2026-03-16 10:20:36,345,2.45
TC00001950,TOP0088,V00004969,2026-07-04 16:33:13,309,2.23
TC00001951,TOP0029,V00005754,2026-05-24 00:00:00,144,1.68
TC00001952,TOP0082,V00006501,2026-07-19 15:42:49,1,2.78
TC00001953,TOP0066,V00006877,2026-08-23 13:12:36,386,2.06
TC00001954,TOP0009,V00013545,2026-04-23 12:43:40,413,1.55
TC00001955,TOP0017,V00013655,2026-08-25 12:02:35,81,1.62
TC00001956,TOP0086,V00011351,2026-05-09 22:25:15,180,1.25
TC00001957,TOP0001,V00013237,2026-05-27 02:20:44,288,3.3
TC00001958,TOP0101,V00005666,2026-06-20 00:00:00,432,1.98
TC00001959,TOP0067,V00004427,2026-02-12 00:35:05,443,2.77
TC00001960,TOP0033,V00003870,2026-07-03 10:09:14,439,1.65
TC00001961,TOP0072,V00001346,2026-03-28 09:57:04,445,2.07
TC00001962,TOP0001,V00002434,2026-08-15 22:39:21,60,2.94
TC00001963,TOP0044,V00008413,2026-07-27 09:46:13,351,2.28
TC00001964,TOP0092,V00007416,2026-04-28 09:03:18,335,1.51
TC00001965,TOP0096,V00007052,2026-08-27 07:06:01,65,1.18
TC00001966,TOP0017,V00007109,2026-05-02 08:22:23,145,2.41
TC00001967,TOP0113,V00010295,2026-08-14 06:24:06,49,2.64
TC00001968,TOP0085,V00011329,2026-07-10 00:00:00,123,1.89
TC00001969,TOP0103,V00010695,2026-08-03 18:40:51,57,2.46
TC00001970,TOP0009,V00001619,2026-08-08 20:50:21,332,1.67
TC00001971,TOP0062,V00006741,2026-05-22 18:47:08,60,2.51
TC00001972,TOP0030,V00002818,2026-07-28 00:00:00,432,2.19
TC00001973,TOP0114,V00004428,2026-07-13 11:40:47,267,3.29
TC00001974,TOP0074,V00013182,2026-06-22 13:43:17,463,1.19
TC00001975,TOP0010,V00002399,2026-03-29 05:11:24,99,1.05
TC00001976,TOP0023,V00004391,2026-06-13 00:00:00,288,1.52
TC00001977,TOP0023,V00013936,2026-07-23 17:09:05,76,2.97
TC00001978,TOP0054,V00007174,2026-06-26 19:42:39,34,2.24
TC00001979,TOP0065,V00007980,2026-05-04 18:49:33,31,1.54
TC00001980,TOP0076,V00002612,2026-05-04 12:13:17,248,1.91
TC00001981,TOP0103,V00011225,2026-07-04 00:00:00,205,2.67
TC00001982,TOP0045,V00010191,2026-05-04 00:00:00,188,2.43
TC00001983,TOP0029,V00009693,2026-05-24 00:00:00,495,2.11
TC00001984,TOP0054,V00008041,2026-05-09 00:00:00,7,1.76
TC00001985,TOP0077,V00000308,2026-08-22 08:55:04,216,1.61
TC00001986,TOP0064,V00011680,2026-08-06 17:24:51,455,1.01
TC00001987,TOP0114,V00005614,2026-03-15 16:23:29,402,1.59
TC00001988,TOP0018,V00003342,2026-08-08 03:13:17,286,2.09
TC00001989,TOP0047,V00005832,2026-05-31 00:00:00,64,3.47
TC00001990,TOP0093,V00003125,2026-08-23 13:13:19,339,3.44
TC00001991,TOP0029,V00010298,2026-05-24 00:00:00,75,1.38
TC00001992,TOP0033,V00012618,2026-08-09 04:08:48,440,1.97
TC00001993,TOP0091,V00010359,2026-08-12 05:47:24,302,2.65
TC00001994,TOP0035,V00012140,2026-03-27 00:00:00,51,2.72
TC00001995,TOP0070,V00004421,2026-08-28 18:58:44,125,1.06
TC00001996,TOP0053,V00001903,2026-07-18 00:42:07,333,2.07
TC00001997,TOP0052,V00004429,2026-04-25 15:22:19,121,2.88
TC00001998,TOP0093,V00010191,2026-04-19 14:09:42,476,1.95
TC00001999,TOP0026,V00005742,2026-06-06 00:00:00,15,1.2
TC00002000,TOP0115,V00010596,2026-05-10 00:00:00,350,2.28
TC00002001,TOP0101,V00014111,2026-06-20 00:00:00,347,1.86
TC00002002,TOP0068,V00013255,2026-02-15 07:14:56,220,1.08
TC00002003,TOP0116,V00006689,2026-04-15 00:00:00,43,3.33
TC00002004,TOP0030,V00012710,2026-07-28 00:00:00,404,2.56
TC00002005,TOP0103,V00008255,2026-07-04 00:00:00,349,2.59
TC00002006,TOP0117,V00014926,2026-07-19 21:24:40,114,2.85
TC00002007,TOP0115,V00006806,2026-05-19 19:15:14,20,1.52
TC00002008,TOP0117,V00007672,2026-04-08 14:20:14,106,1.26
TC00002009,TOP0058,V00005019,2026-04-26 21:00:50,328,3.12
TC00002010,TOP0025,V00003139,2026-07-04 00:00:00,234,1.13
TC00002011,TOP0091,V00003640,2026-06-04 00:00:00,157,1.04
TC00002012,TOP0002,V00009344,2026-06-02 16:54:30,11,2.91
TC00002013,TOP0050,V00003073,2026-05-23 00:00:00,194,2.68
TC00002014,TOP0001,V00012784,2026-04-09 00:00:00,474,1.67
TC00002015,TOP0082,V00010919,2026-04-05 00:00:00,336,2.76
TC00002016,TOP0012,V00009735,2026-03-06 15:37:23,447,2.04
TC00002017,TOP0093,V00014918,2026-04-06 12:21:12,119,2.78
TC00002018,TOP0032,V00006425,2026-07-18 01:30:01,176,2.9
TC00002019,TOP0082,V00011372,2026-05-29 17:55:06,165,2.62
TC00002020,TOP0037,V00010485,2026-07-18 17:34:52,175,3.25
TC00002021,TOP0054,V00002819,2026-05-09 00:00:00,400,2.6
TC00002022,TOP0075,V00012910,2026-06-12 01:22:52,2,2.68
TC00002023,TOP0022,V00009972,2026-07-23 14:59:42,321,2.06
TC00002024,TOP0106,V00003490,2026-05-10 01:17:45,206,1.87
TC00002025,TOP0103,V00010090,2026-07-04 00:00:00,361,1.84
TC00002026,TOP0080,V00006369,2026-08-17 12:48:30,278,1.8
TC00002027,TOP0013,V00004696,2026-02-15 00:00:00,287,2.95
TC00002028,TOP0109,V00012044,2026-07-28 13:49:49,58,2.81
TC00002029,TOP0062,V00005505,2026-03-21 00:00:00,313,2.12
TC00002030,TOP0025,V00010783,2026-07-04 00:00:00,137,1.22
TC00002031,TOP0045,V00010826,2026-05-04 00:00:00,455,1.78
TC00002032,TOP0070,V00007510,2026-08-18 07:14:06,176,2.59
TC00002033,TOP0070,V00009282,2026-04-23 00:00:00,416,2.33
TC00002034,TOP0014,V00011754,2026-08-28 07:20:39,340,1.18
TC00002035,TOP0006,V00004785,2026-05-17 07:25:05,253,1.4
TC00002036,TOP0081,V00007496,2026-06-27 12:42:58,133,1.49
TC00002037,TOP0045,V00008220,2026-08-18 14:25:58,450,1.88
TC00002038,TOP0107,V00002894,2026-08-25 17:23:17,380,2.96
TC00002039,TOP0046,V00002675,2026-07-10 13:16:59,275,2.47
TC00002040,TOP0022,V00000728,2026-03-20 21:11:53,326,1.51
TC00002041,TOP0008,V00000516,2026-07-26 00:00:00,144,1.12
TC00002042,TOP0090,V00012614,2026-07-23 00:00:00,372,2.73
TC00002043,TOP0042,V00014468,2026-06-09 15:28:09,333,2.01
TC00002044,TOP0062,V00000891,2026-03-21 00:00:00,120,1.71
TC00002045,TOP0067,V00004287,2026-04-30 04:21:28,187,1.07
TC00002046,TOP0101,V00002379,2026-06-20 00:00:00,315,1.54
TC00002047,TOP0046,V00008823,2026-05-12 19:10:45,95,1.1
TC00002048,TOP0026,V00014191,2026-06-06 00:00:00,454,2.85
TC00002049,TOP0099,V00008659,2026-07-03 19:56:20,355,1.91
TC00002050,TOP0013,V00005947,2026-08-18 16:11:26,447,2.87
TC00002051,TOP0057,V00003259,2026-07-07 04:02:34,392,2.75
TC00002052,TOP0085,V00010524,2026-08-23 04:51:30,460,1.59
TC00002053,TOP0039,V00010196,2026-04-11 17:54:54,398,1.23
TC00002054,TOP0017,V00010595,2026-03-18 00:00:00,255,2.78
TC00002055,TOP0007,V00009162,2026-05-29 00:00:00,132,1.31
TC00002056,TOP0048,V00001879,2026-06-02 14:02:44,440,2.38
TC00002057,TOP0055,V00009210,2026-08-25 17:36:31,219,2.88
TC00002058,TOP0110,V00002275,2026-02-15 14:44:20,396,2.62
TC00002059,TOP0002,V00001048,2026-03-04 18:02:26,325,2.63
TC00002060,TOP0118,V00009573,2026-07-15 00:24:40,470,3.28
TC00002061,TOP0087,V00001085,2026-08-26 07:16:19,235,1.94
TC00002062,TOP0030,V00012660,2026-07-28 00:00:00,28,1.85
TC00002063,TOP0114,V00010530,2026-08-13 01:29:46,407,1.34
TC00002064,TOP0013,V00012356,2026-08-09 12:16:03,253,1.33
TC00002065,TOP0116,V00010486,2026-07-21 17:10:23,339,2.58
TC00002066,TOP0112,V00006566,2026-08-24 19:29:05,291,1.43
TC00002067,TOP0039,V00008607,2026-05-28 16:36:55,345,3.41
TC00002068,TOP0078,V00006184,2026-08-23 06:19:29,244,3.19
TC00002069,TOP0090,V00008534,2026-08-24 15:23:26,243,2.53
TC00002070,TOP0106,V00002087,2026-02-21 00:00:00,188,1.43
TC00002071,TOP0106,V00004748,2026-08-09 23:03:07,274,3.06
TC00002072,TOP0035,V00004800,2026-06-16 17:50:42,329,3.38
TC00002073,TOP0059,V00009371,2026-05-01 00:00:00,106,2.24
TC00002074,TOP0093,V00000363,2026-02-25 00:00:00,119,3.25
TC00002075,TOP0007,V00004907,2026-05-29 00:00:00,350,2.36
TC00002076,TOP0103,V00011356,2026-07-04 00:00:00,175,2.86
TC00002077,TOP0118,V00011216,2026-08-17 00:24:15,200,3.46
TC00002078,TOP0107,V00008117,2026-07-22 00:00:00,387,2.87
TC00002079,TOP0048,V00005111,2026-08-24 18:42:13,265,3.23
TC00002080,TOP0118,V00009709,2026-06-23 16:33:53,252,2.04
TC00002081,TOP0107,V00000487,2026-07-22 00:00:00,328,2.08
TC00002082,TOP0033,V00002903,2026-06-30 00:00:29,443,1.63
TC00002083,TOP0002,V00003921,2026-03-07 03:11:13,397,1.41
TC00002084,TOP0003,V00004682,2026-07-23 05:26:23,452,3.48
TC00002085,TOP0001,V00010153,2026-07-18 01:12:17,84,3.24
TC00002086,TOP0011,V00012825,2026-02-12 00:00:00,228,1.03
TC00002087,TOP0033,V00005381,2026-06-15 02:34:02,350,1.45
TC00002088,TOP0068,V00014976,2026-01-29 00:00:00,453,2.76
TC00002089,TOP0004,V00007473,2026-08-10 12:49:28,131,2.07
TC00002090,TOP0063,V00012218,2026-08-13 13:48:57,490,2.22
TC00002091,TOP0069,V00009055,2026-08-14 08:51:35,104,1.15
TC00002092,TOP0072,V00002937,2026-03-13 23:50:45,171,1.81
TC00002093,TOP0093,V00013324,2026-04-19 01:44:27,326,3.03
TC00002094,TOP0109,V00008261,2026-08-09 18:54:58,79,1.66
TC00002095,TOP0096,V00001344,2026-06-28 08:08:01,461,2.75
TC00002096,TOP0080,V00013682,2026-05-09 00:00:00,345,1.97
TC00002097,TOP0033,V00013874,2026-07-25 13:37:22,457,2.9
TC00002098,TOP0038,V00005755,2026-04-28 00:00:00,419,1.38
TC00002099,TOP0042,V00010734,2026-04-29 00:00:00,395,3.38
TC00002100,TOP0041,V00000673,2026-08-08 14:24:49,499,2.75
TC00002101,TOP0102,V00000972,2026-06-29 00:00:00,8,3.42
TC00002102,TOP0105,V00002415,2026-04-16 21:49:46,390,3.04
TC00002103,TOP0009,V00006317,2026-08-28 14:34:49,329,2.24
TC00002104,TOP0043,V00005896,2026-08-25 17:12:11,43,3.23
TC00002105,TOP0119,V00001332,2026-01-09 02:10:19,94,1.84
TC00002106,TOP0096,V00008128,2026-06-27 17:02:47,472,1.39
TC00002107,TOP0030,V00000490,2026-08-21 08:32:37,210,3.11
TC00002108,TOP0059,V00000363,2026-05-01 00:00:00,265,1.75
TC00002109,TOP0061,V00003401,2026-07-11 21:24:19,154,2.21
TC00002110,TOP0085,V00002303,2026-07-10 00:00:00,378,1.4
TC00002111,TOP0115,V00011393,2026-08-07 13:31:30,410,1.33
TC00002112,TOP0073,V00011076,2026-06-07 06:51:13,149,2.54
TC00002113,TOP0101,V00001507,2026-08-13 10:48:27,154,3.38
TC00002114,TOP0045,V00004246,2026-05-04 00:00:00,23,2.44
TC00002115,TOP0044,V00008615,2026-06-01 00:00:00,290,2.74
TC00002116,TOP0006,V00007444,2026-07-11 18:56:26,452,2.74
TC00002117,TOP0063,V00006389,2026-08-19 21:48:53,212,1.52
TC00002118,TOP0052,V00009175,2026-08-15 09:52:21,111,1.7
TC00002119,TOP0083,V00007806,2026-08-23 08:38:51,294,2.18
TC00002120,TOP0111,V00014246,2026-03-25 07:45:17,255,1.18
TC00002121,TOP0020,V00011510,2026-03-24 00:00:00,306,2.2
TC00002122,TOP0104,V00004526,2026-06-08 16:52:37,404,1.94
TC00002123,TOP0103,V00007988,2026-07-04 00:00:00,13,3.05
TC00002124,TOP0119,V00012174,2026-02-24 04:57:15,46,3.27
TC00002125,TOP0027,V00006925,2026-04-25 09:08:43,81,1.9
TC00002126,TOP0061,V00008128,2026-06-27 17:02:47,265,2.97
TC00002127,TOP0089,V00012512,2026-07-10 16:59:33,261,3.04
TC00002128,TOP0093,V00007762,2026-04-15 12:15:31,25,2.41
TC00002129,TOP0082,V00003036,2026-07-14 08:38:33,129,1.96
TC00002130,TOP0065,V00001413,2026-05-08 05:44:51,51,2.05
TC00002131,TOP0089,V00004165,2026-04-06 20:19:37,223,3.32
TC00002132,TOP0117,V00000938,2026-07-10 16:17:32,204,1.87
TC00002133,TOP0112,V00001080,2026-07-21 20:21:46,207,3.14
TC00002134,TOP0065,V00005675,2026-07-28 18:22:05,490,2.84
TC00002135,TOP0010,V00007582,2026-06-26 06:32:02,14,3.07
TC00002136,TOP0012,V00009178,2026-05-06 18:40:08,349,1.08
TC00002137,TOP0057,V00005095,2026-04-23 13:50:26,21,2.73
TC00002138,TOP0064,V00007043,2026-03-28 00:00:00,299,3.23
TC00002139,TOP0095,V00006291,2026-06-30 23:53:55,202,2.13
TC00002140,TOP0016,V00012097,2026-08-08 21:16:13,62,2.4
TC00002141,TOP0081,V00002782,2026-06-22 00:00:00,63,1.19
TC00002142,TOP0079,V00005579,2026-08-20 08:58:44,339,2.96
TC00002143,TOP0092,V00002860,2026-03-01 17:49:54,215,1.39
TC00002144,TOP0088,V00014753,2026-05-14 00:00:00,176,2.08
TC00002145,TOP0001,V00001835,2026-08-27 02:24:53,251,1.85
TC00002146,TOP0094,V00002972,2026-07-09 00:00:00,298,2.74
TC00002147,TOP0083,V00008217,2026-08-15 16:18:58,144,1.3
TC00002148,TOP0020,V00002023,2026-03-24 00:00:00,405,2.25
TC00002149,TOP0065,V00006445,2026-04-30 09:37:57,368,1.72
TC00002150,TOP0090,V00001942,2026-07-23 00:00:00,261,1.9
TC00002151,TOP0024,V00008672,2026-05-18 00:00:00,267,3.08
TC00002152,TOP0012,V00012000,2026-07-03 06:39:49,66,1.42
TC00002153,TOP0068,V00000795,2026-06-24 16:12:05,374,2.67
TC00002154,TOP0006,V00004661,2026-03-13 22:56:32,185,2.57
TC00002155,TOP0069,V00001682,2026-03-15 11:54:03,336,1.05
TC00002156,TOP0113,V00012651,2026-06-15 00:00:00,302,2.1
TC00002157,TOP0042,V00012688,2026-04-29 00:00:00,342,2.78
TC00002158,TOP0008,V00002952,2026-07-26 00:00:00,491,2.87
TC00002159,TOP0087,V00004191,2026-08-28 23:54:20,374,2.43
TC00002160,TOP0076,V00000079,2026-05-04 00:00:00,22,3.46
TC00002161,TOP0094,V00003571,2026-07-09 00:00:00,417,2.08
TC00002162,TOP0088,V00007416,2026-05-14 00:00:00,103,2.38
TC00002163,TOP0046,V00014508,2026-05-11 00:00:00,434,1.31
TC00002164,TOP0019,V00007321,2026-04-12 00:00:00,166,2.95
TC00002165,TOP0004,V00009099,2026-04-15 00:00:00,379,2.1
TC00002166,TOP0006,V00002660,2026-06-22 09:05:23,469,3.17
TC00002167,TOP0088,V00004091,2026-05-14 00:00:00,8,3.12
TC00002168,TOP0055,V00009231,2026-05-29 10:48:21,294,2.04
TC00002169,TOP0020,V00013269,2026-05-21 07:10:35,368,1.32
TC00002170,TOP0021,V00010256,2026-07-13 00:00:00,46,2.12
TC00002171,TOP0037,V00011666,2026-07-15 00:00:00,437,3.15
TC00002172,TOP0089,V00001053,2026-02-23 19:36:05,172,3.01
TC00002173,TOP0016,V00000154,2026-05-15 00:00:00,6,1.9
TC00002174,TOP0062,V00007649,2026-04-20 06:34:08,181,2.87
TC00002175,TOP0086,V00006714,2026-04-01 23:21:21,131,1.77
TC00002176,TOP0008,V00002121,2026-07-26 00:00:00,61,1.37
TC00002177,TOP0058,V00008811,2026-04-29 21:10:52,200,2.04
TC00002178,TOP0073,V00002282,2026-03-27 00:00:00,360,1.72
TC00002179,TOP0032,V00006612,2026-06-27 00:00:00,195,3.46
TC00002180,TOP0026,V00012548,2026-06-06 00:00:00,400,3.18
TC00002181,TOP0117,V00011490,2026-03-06 00:00:00,392,2.3
TC00002182,TOP0085,V00014207,2026-07-10 00:00:00,204,1.2
TC00002183,TOP0088,V00011355,2026-05-14 00:00:00,317,3.13
TC00002184,TOP0086,V00001192,2026-01-11 12:05:15,327,2.25
TC00002185,TOP0005,V00008271,2026-07-28 00:16:26,83,1.9
TC00002186,TOP0104,V00009217,2026-05-24 00:00:00,428,3.33
TC00002187,TOP0081,V00009375,2026-06-22 00:00:00,268,1.46
TC00002188,TOP0074,V00004704,2026-06-09 00:00:00,252,2.47
TC00002189,TOP0002,V00013366,2026-04-29 13:41:18,258,2.26
TC00002190,TOP0082,V00011827,2026-07-19 19:44:23,407,1.51
TC00002191,TOP0095,V00002419,2026-06-17 00:00:00,364,1.99
TC00002192,TOP0006,V00010381,2026-03-09 00:00:00,13,2.31
TC00002193,TOP0035,V00014671,2026-08-02 09:48:06,40,2.96
TC00002194,TOP0019,V00002622,2026-04-12 00:00:00,303,1.7
TC00002195,TOP0056,V00000330,2026-08-07 00:00:00,137,2.05
TC00002196,TOP0096,V00000121,2026-04-12 20:37:54,159,1.69
TC00002197,TOP0085,V00001173,2026-07-10 00:00:00,131,2.86
TC00002198,TOP0030,V00009551,2026-08-26 15:17:26,281,2.89
TC00002199,TOP0039,V00002792,2026-05-30 18:14:09,18,3.37
TC00002200,TOP0048,V00005778,2026-07-09 06:38:29,381,3.11
TC00002201,TOP0023,V00009889,2026-06-13 00:00:00,165,1.71
TC00002202,TOP0099,V00004391,2026-07-03 00:00:00,447,2.49
TC00002203,TOP0060,V00014612,2026-08-04 00:00:00,124,1.09
TC00002204,TOP0013,V00014081,2026-08-24 22:48:54,29,2.44
TC00002205,TOP0067,V00004427,2026-02-12 00:35:05,87,2.68
TC00002206,TOP0103,V00003242,2026-07-04 00:00:00,314,1.27
TC00002207,TOP0047,V00010036,2026-05-31 00:00:00,331,1.71
TC00002208,TOP0025,V00001704,2026-08-04 12:49:11,52,3.15
TC00002209,TOP0021,V00005232,2026-07-13 00:00:00,40,2.75
TC00002210,TOP0064,V00002967,2026-03-28 00:00:00,129,2.48
TC00002211,TOP0034,V00012131,2026-04-01 21:48:58,303,2.0
TC00002212,TOP0025,V00014902,2026-07-04 00:00:00,306,2.72
TC00002213,TOP0032,V00007108,2026-06-27 00:00:00,445,3.34
TC00002214,TOP0107,V00005125,2026-07-22 00:00:00,304,2.33
TC00002215,TOP0105,V00005094,2026-05-17 20:43:56,100,1.66
TC00002216,TOP0035,V00008738,2026-04-04 03:53:51,36,2.81
TC00002217,TOP0082,V00001840,2026-08-16 08:54:02,283,3.01
TC00002218,TOP0088,V00002205,2026-05-14 00:00:00,500,1.3
TC00002219,TOP0091,V00012619,2026-06-04 00:00:00,186,1.74
TC00002220,TOP0092,V00006430,2026-04-26 05:13:43,107,1.84
TC00002221,TOP0097,V00001774,2026-04-25 00:00:00,261,2.09
TC00002222,TOP0069,V00004033,2026-08-14 17:39:14,53,2.41
TC00002223,TOP0095,V00002489,2026-08-28 15:44:58,25,1.88
TC00002224,TOP0054,V00006402,2026-05-14 04:08:15,28,2.72
TC00002225,TOP0028,V00002296,2026-08-09 12:57:44,35,2.7
TC00002226,TOP0044,V00007823,2026-06-01 00:00:00,444,3.07
TC00002227,TOP0009,V00013345,2026-07-12 20:10:28,312,2.19
TC00002228,TOP0077,V00009977,2026-07-29 18:22:14,159,2.61
TC00002229,TOP0083,V00009065,2026-06-25 00:00:00,24,1.13
TC00002230,TOP0039,V00010631,2026-05-30 11:40:19,462,3.36
TC00002231,TOP0048,V00013277,2026-07-14 23:53:00,476,2.11
TC00002232,TOP0024,V00004504,2026-06-16 22:20:16,68,1.14
TC00002233,TOP0051,V00000361,2026-07-11 00:00:00,338,1.82
TC00002234,TOP0045,V00010934,2026-07-29 21:51:35,334,2.47
TC00002235,TOP0032,V00004411,2026-06-27 00:00:00,92,2.05
TC00002236,TOP0102,V00008402,2026-07-06 18:42:11,363,2.73
TC00002237,TOP0108,V00011867,2026-07-11 00:00:00,270,2.22
TC00002238,TOP0036,V00010481,2026-06-26 00:00:00,15,2.74
TC00002239,TOP0065,V00004160,2026-06-20 08:20:02,91,3.2
TC00002240,TOP0053,V00011919,2026-05-25 22:44:56,77,2.41
TC00002241,TOP0014,V00011687,2026-05-29 01:10:09,175,1.85
TC00002242,TOP0050,V00006615,2026-08-09 14:52:33,354,2.87
TC00002243,TOP0084,V00002818,2026-06-29 00:00:00,90,3.26
TC00002244,TOP0051,V00009168,2026-07-11 00:00:00,117,1.08
TC00002245,TOP0116,V00007405,2026-07-18 14:30:05,94,2.54
TC00002246,TOP0078,V00003679,2026-08-20 01:07:25,426,2.73
TC00002247,TOP0071,V00013434,2026-01-20 00:00:00,381,1.8
TC00002248,TOP0031,V00012088,2026-08-01 00:00:00,169,2.04
TC00002249,TOP0119,V00004681,2026-01-30 22:03:53,407,3.45
TC00002250,TOP0018,V00000609,2026-04-07 00:00:00,69,1.09
TC00002251,TOP0092,V00013764,2026-03-06 16:34:40,78,3.15
TC00002252,TOP0107,V00006319,2026-07-22 00:00:00,447,2.93
TC00002253,TOP0081,V00005939,2026-06-22 00:00:00,298,2.26
TC00002254,TOP0059,V00005283,2026-05-15 11:39:00,440,2.12
TC00002255,TOP0029,V00012378,2026-05-24 00:00:00,436,3.11
TC00002256,TOP0062,V00004962,2026-03-21 00:00:00,132,3.03
TC00002257,TOP0065,V00002956,2026-04-07 00:25:50,77,1.69
TC00002258,TOP0085,V00000169,2026-08-13 11:05:14,106,2.51
TC00002259,TOP0049,V00010374,2026-05-22 12:51:40,432,3.17
TC00002260,TOP0053,V00002656,2026-08-09 08:39:08,489,2.39
TC00002261,TOP0071,V00008395,2026-08-08 15:33:55,154,2.32
TC00002262,TOP0105,V00006656,2026-04-01 00:00:00,99,2.95
TC00002263,TOP0118,V00001412,2026-08-16 01:13:25,23,1.4
TC00002264,TOP0112,V00010010,2026-05-06 00:00:00,197,1.12
TC00002265,TOP0030,V00013388,2026-07-28 00:00:00,392,1.97
TC00002266,TOP0002,V00013978,2026-05-02 04:27:02,305,1.28
TC00002267,TOP0031,V00014842,2026-08-01 00:00:00,409,2.07
TC00002268,TOP0008,V00006410,2026-07-26 00:00:00,297,1.82
TC00002269,TOP0034,V00010937,2026-06-09 19:43:38,30,2.7
TC00002270,TOP0042,V00008099,2026-04-29 00:00:00,461,3.27
TC00002271,TOP0112,V00006134,2026-05-06 00:00:00,233,2.79
TC00002272,TOP0089,V00005405,2026-05-08 12:51:01,452,2.94
TC00002273,TOP0062,V00008701,2026-03-22 05:25:34,384,2.46
TC00002274,TOP0088,V00001547,2026-05-14 00:00:00,456,1.34
TC00002275,TOP0086,V00004902,2026-03-04 21:35:41,462,1.0
TC00002276,TOP0101,V00000218,2026-08-25 04:53:20,349,3.5
TC00002277,TOP0090,V00011103,2026-07-23 00:00:00,110,2.37
TC00002278,TOP0075,V00011330,2026-08-22 23:37:33,316,3.36
TC00002279,TOP0044,V00000854,2026-07-24 01:36:03,102,1.92
TC00002280,TOP0117,V00008332,2026-04-01 10:20:43,187,1.28
TC00002281,TOP0041,V00002051,2026-04-10 00:00:00,379,2.06
TC00002282,TOP0115,V00001284,2026-05-10 00:00:00,470,3.14
TC00002283,TOP0089,V00003823,2026-04-22 16:19:55,284,1.17
TC00002284,TOP0038,V00004544,2026-05-30 03:00:13,291,1.38
TC00002285,TOP0047,V00009960,2026-06-21 21:53:09,106,1.87
TC00002286,TOP0048,V00002260,2026-04-06 00:00:00,437,2.99
TC00002287,TOP0074,V00012867,2026-06-09 00:00:00,305,2.39
TC00002288,TOP0076,V00009052,2026-05-04 00:00:00,147,2.62
TC00002289,TOP0028,V00001555,2026-01-24 00:00:00,88,1.17
TC00002290,TOP0012,V00004073,2026-07-07 00:51:46,153,1.2
TC00002291,TOP0022,V00013002,2026-04-29 23:36:08,113,1.41
TC00002292,TOP0090,V00004354,2026-07-23 00:00:00,397,2.38
TC00002293,TOP0003,V00014830,2026-07-12 18:12:26,330,2.52
TC00002294,TOP0011,V00011897,2026-04-26 14:32:07,95,3.45
TC00002295,TOP0071,V00001880,2026-08-27 06:50:02,15,2.71
TC00002296,TOP0041,V00014980,2026-06-06 08:03:17,243,2.02
TC00002297,TOP0078,V00012791,2026-08-09 10:03:23,337,1.16
TC00002298,TOP0100,V00001061,2026-08-13 23:30:19,402,1.49
TC00002299,TOP0073,V00009483,2026-03-27 00:00:00,111,2.29
TC00002300,TOP0089,V00007350,2026-02-27 20:16:43,177,2.49
TC00002301,TOP0032,V00000850,2026-06-27 00:00:00,461,3.27
TC00002302,TOP0117,V00003172,2026-07-15 05:56:35,25,2.17
TC00002303,TOP0096,V00011637,2026-08-08 08:27:32,233,1.84
TC00002304,TOP0022,V00007175,2026-02-14 19:27:42,134,2.83
TC00002305,TOP0093,V00001604,2026-06-18 04:37:24,111,1.27
TC00002306,TOP0111,V00002042,2026-07-09 02:21:46,38,2.91
TC00002307,TOP0063,V00003666,2026-08-19 05:14:13,217,1.67
TC00002308,TOP0019,V00005722,2026-08-12 23:43:58,369,2.62
TC00002309,TOP0043,V00012233,2026-04-17 00:00:00,181,2.13
TC00002310,TOP0045,V00006610,2026-05-31 18:26:40,464,1.02
TC00002311,TOP0099,V00014148,2026-07-03 00:00:00,237,1.93
TC00002312,TOP0021,V00010287,2026-07-13 00:00:00,314,1.91
TC00002313,TOP0115,V00010570,2026-08-23 14:33:21,499,2.09
TC00002314,TOP0038,V00004580,2026-04-28 00:00:00,237,2.68
TC00002315,TOP0034,V00014495,2026-07-15 11:59:10,202,3.35
TC00002316,TOP0081,V00003507,2026-06-22 00:00:00,366,2.06
TC00002317,TOP0058,V00012969,2026-03-23 00:00:00,109,1.3
TC00002318,TOP0089,V00008620,2026-07-24 13:19:26,169,1.5
TC00002319,TOP0059,V00012899,2026-08-27 09:06:00,198,2.63
TC00002320,TOP0024,V00000397,2026-08-24 06:38:10,327,2.46
TC00002321,TOP0027,V00007501,2026-07-03 16:32:24,98,1.59
TC00002322,TOP0050,V00010292,2026-05-23 00:00:00,72,2.96
TC00002323,TOP0007,V00000358,2026-05-31 19:14:12,226,1.1
TC00002324,TOP0004,V00001742,2026-08-09 20:43:57,456,3.41
TC00002325,TOP0049,V00010629,2026-08-03 22:07:46,463,1.14
TC00002326,TOP0065,V00013378,2026-05-22 13:29:42,44,1.42
TC00002327,TOP0042,V00006791,2026-05-07 06:10:32,275,2.53
TC00002328,TOP0012,V00001712,2026-02-11 12:51:28,68,1.53
TC00002329,TOP0009,V00009299,2026-07-28 03:51:19,355,2.45
TC00002330,TOP0015,V00001434,2026-04-26 00:00:00,419,3.37
TC00002331,TOP0087,V00007425,2026-04-30 18:15:08,184,1.54
TC00002332,TOP0001,V00006938,2026-04-09 00:00:00,34,2.02
TC00002333,TOP0111,V00007031,2026-03-14 09:32:31,295,1.78
TC00002334,TOP0010,V00005750,2026-08-11 12:45:54,261,3.33
TC00002335,TOP0076,V00014841,2026-07-17 01:30:07,26,1.51
TC00002336,TOP0095,V00004718,2026-06-17 00:00:00,381,1.43
TC00002337,TOP0049,V00012785,2026-05-12 09:59:26,419,3.43
TC00002338,TOP0015,V00005923,2026-08-21 11:32:29,485,1.74
TC00002339,TOP0097,V00011350,2026-08-12 03:20:37,225,1.5
TC00002340,TOP0008,V00010032,2026-07-26 00:00:00,217,1.19
TC00002341,TOP0103,V00014543,2026-08-27 21:49:12,176,2.28
TC00002342,TOP0065,V00013244,2026-08-26 05:34:52,20,2.83
TC00002343,TOP0094,V00000413,2026-07-09 00:00:00,357,1.75
TC00002344,TOP0044,V00004396,2026-06-20 21:41:49,491,2.15
TC00002345,TOP0062,V00009576,2026-03-21 16:37:50,60,2.82
TC00002346,TOP0094,V00010276,2026-07-09 00:00:00,369,3.41
TC00002347,TOP0114,V00004573,2026-08-06 17:11:28,69,1.37
TC00002348,TOP0064,V00009605,2026-03-28 00:00:00,158,3.32
TC00002349,TOP0019,V00004457,2026-05-20 11:10:47,251,1.11
TC00002350,TOP0077,V00008545,2026-02-19 00:00:00,319,2.13
TC00002351,TOP0079,V00010902,2026-08-25 21:03:39,414,2.81
TC00002352,TOP0078,V00002707,2026-08-08 03:16:33,290,1.74
TC00002353,TOP0013,V00001948,2026-07-02 16:15:05,294,1.61
TC00002354,TOP0014,V00010880,2026-08-22 04:28:23,99,2.43
TC00002355,TOP0005,V00001773,2026-08-09 08:32:49,158,1.79
TC00002356,TOP0013,V00001743,2026-08-10 06:46:39,302,1.86
TC00002357,TOP0063,V00007718,2026-08-25 19:05:01,263,3.14
TC00002358,TOP0092,V00005620,2026-01-20 02:00:43,343,3.31
TC00002359,TOP0021,V00014992,2026-07-17 01:50:36,420,3.14
TC00002360,TOP0068,V00011490,2026-01-29 00:00:00,129,3.05
TC00002361,TOP0030,V00012881,2026-07-28 00:00:00,495,1.7
TC00002362,TOP0036,V00001231,2026-06-26 00:00:00,413,1.23
TC00002363,TOP0007,V00008696,2026-05-29 00:00:00,322,1.62
TC00002364,TOP0048,V00010090,2026-04-06 00:00:00,96,1.27
TC00002365,TOP0086,V00007166,2026-04-30 10:45:26,30,1.71
TC00002366,TOP0101,V00005112,2026-06-20 00:00:00,334,2.62
TC00002367,TOP0062,V00013403,2026-07-12 07:01:03,168,2.73
TC00002368,TOP0046,V00002225,2026-05-11 00:00:00,483,2.91
TC00002369,TOP0063,V00007698,2026-06-29 00:00:00,380,1.6
TC00002370,TOP0055,V00010724,2026-07-20 04:22:52,207,2.83
TC00002371,TOP0084,V00010945,2026-06-29 00:00:00,213,2.34
TC00002372,TOP0092,V00010666,2026-07-06 16:45:45,66,1.6
TC00002373,TOP0004,V00002705,2026-07-21 00:36:44,454,2.44
TC00002374,TOP0117,V00012028,2026-05-23 18:37:05,322,1.5
TC00002375,TOP0046,V00002090,2026-06-30 18:23:15,240,2.41
TC00002376,TOP0060,V00004659,2026-08-04 00:00:00,138,3.11
TC00002377,TOP0029,V00005913,2026-05-24 00:00:00,15,3.34
TC00002378,TOP0009,V00006290,2026-07-08 05:34:07,300,2.94
TC00002379,TOP0066,V00011775,2026-02-07 00:00:00,260,3.09
TC00002380,TOP0057,V00014645,2026-03-04 09:19:07,303,1.37
TC00002381,TOP0097,V00013630,2026-06-14 04:45:33,253,2.91
TC00002382,TOP0079,V00014977,2026-06-28 00:00:00,76,3.18
TC00002383,TOP0081,V00006120,2026-07-08 17:42:41,188,3.19
TC00002384,TOP0079,V00013280,2026-06-28 00:00:00,273,3.37
TC00002385,TOP0091,V00014395,2026-06-04 00:00:00,362,1.79
TC00002386,TOP0028,V00006504,2026-08-07 02:50:42,116,1.57
TC00002387,TOP0034,V00007123,2026-07-23 05:08:42,164,3.02
TC00002388,TOP0107,V00009435,2026-07-22 00:00:00,232,1.96
TC00002389,TOP0046,V00008123,2026-05-17 19:20:07,319,3.26
TC00002390,TOP0114,V00009314,2026-03-08 00:00:00,65,1.3
TC00002391,TOP0113,V00012600,2026-06-15 00:00:00,492,3.4
TC00002392,TOP0005,V00005506,2026-07-15 16:43:40,98,2.79
TC00002393,TOP0099,V00014248,2026-07-03 00:00:00,334,1.82
TC00002394,TOP0020,V00000152,2026-08-08 16:23:33,93,2.27
TC00002395,TOP0003,V00006097,2026-07-05 00:00:00,123,2.67
TC00002396,TOP0109,V00005648,2026-06-06 08:45:10,256,2.76
TC00002397,TOP0035,V00002079,2026-03-27 00:00:00,198,2.92
TC00002398,TOP0096,V00005253,2026-02-28 20:33:31,477,3.46
TC00002399,TOP0028,V00013113,2026-03-26 11:55:54,158,2.12
TC00002400,TOP0065,V00011065,2026-03-14 23:40:45,362,3.24
TC00002401,TOP0032,V00010505,2026-08-06 14:17:06,436,1.14
TC00002402,TOP0024,V00008501,2026-06-12 21:50:54,368,2.89
TC00002403,TOP0033,V00008258,2026-08-17 14:48:15,394,3.01
TC00002404,TOP0114,V00013196,2026-05-20 08:45:04,260,1.74
TC00002405,TOP0052,V00010261,2026-08-28 09:34:32,387,3.34
TC00002406,TOP0028,V00002725,2026-06-29 06:34:24,442,2.27
TC00002407,TOP0057,V00009800,2026-08-05 09:03:44,416,3.4
TC00002408,TOP0093,V00006799,2026-03-23 13:05:34,202,3.36
TC00002409,TOP0047,V00012738,2026-07-23 20:12:44,301,3.07
TC00002410,TOP0061,V00000100,2026-04-16 00:00:00,468,2.68
TC00002411,TOP0062,V00000603,2026-03-21 00:00:00,455,3.13
TC00002412,TOP0078,V00013554,2026-03-18 18:17:43,170,1.81
TC00002413,TOP0071,V00010553,2026-08-15 15:56:19,324,1.74
TC00002414,TOP0005,V00006702,2026-07-29 02:44:48,459,1.53
TC00002415,TOP0022,V00007881,2026-05-23 02:56:43,463,2.24
TC00002416,TOP0040,V00001212,2026-07-19 22:02:53,13,1.99
TC00002417,TOP0094,V00001143,2026-07-25 01:01:07,344,3.48
TC00002418,TOP0052,V00000714,2026-04-17 00:00:00,249,1.81
TC00002419,TOP0062,V00007074,2026-08-28 07:06:27,180,1.05
TC00002420,TOP0117,V00007482,2026-03-25 13:55:08,222,2.06
TC00002421,TOP0030,V00002549,2026-07-28 00:00:00,207,1.88
TC00002422,TOP0080,V00010727,2026-07-14 13:17:39,453,1.08
TC00002423,TOP0021,V00011570,2026-07-13 00:00:00,413,1.72
TC00002424,TOP0073,V00011277,2026-06-23 09:32:45,464,2.07
TC00002425,TOP0070,V00008352,2026-07-19 02:20:56,156,3.26
TC00002426,TOP0082,V00003520,2026-08-24 18:13:10,427,1.93
TC00002427,TOP0115,V00000429,2026-05-10 00:00:00,370,1.7
TC00002428,TOP0064,V00007185,2026-07-23 19:24:13,400,2.25
TC00002429,TOP0099,V00003187,2026-07-03 00:00:00,500,2.26
TC00002430,TOP0070,V00004066,2026-08-09 13:04:42,347,2.86
TC00002431,TOP0087,V00000805,2026-06-09 22:43:49,371,1.35
TC00002432,TOP0106,V00002737,2026-02-21 00:00:00,391,1.04
TC00002433,TOP0008,V00002031,2026-07-26 00:00:00,389,1.6
TC00002434,TOP0115,V00001009,2026-07-03 07:05:13,278,1.93
TC00002435,TOP0075,V00008922,2026-05-27 00:00:00,352,1.95
TC00002436,TOP0118,V00010503,2026-06-17 06:54:45,102,1.62
TC00002437,TOP0081,V00005751,2026-07-18 06:10:35,228,1.6
TC00002438,TOP0095,V00002072,2026-06-17 00:00:00,488,2.32
TC00002439,TOP0092,V00001843,2026-01-19 00:00:00,55,1.06
TC00002440,TOP0034,V00013922,2026-03-30 05:29:45,44,2.53
TC00002441,TOP0090,V00012848,2026-08-13 00:15:22,91,2.88
TC00002442,TOP0097,V00007466,2026-06-19 19:12:13,485,1.25
TC00002443,TOP0116,V00004452,2026-07-21 21:23:49,50,1.18
TC00002444,TOP0046,V00012777,2026-05-11 00:00:00,116,1.31
TC00002445,TOP0098,V00003311,2026-05-01 07:01:24,283,3.03
TC00002446,TOP0119,V00002264,2026-03-30 01:54:04,114,1.67
TC00002447,TOP0044,V00014261,2026-06-01 00:00:00,188,2.22
TC00002448,TOP0060,V00000113,2026-08-04 00:00:00,488,1.13
TC00002449,TOP0068,V00012229,2026-08-09 04:42:02,377,1.08
TC00002450,TOP0078,V00003985,2026-08-17 11:03:01,58,1.73
TC00002451,TOP0065,V00009895,2026-04-24 20:21:34,230,1.86
TC00002452,TOP0030,V00010975,2026-07-28 00:00:00,447,2.1
TC00002453,TOP0045,V00013391,2026-06-16 08:09:30,306,3.42
TC00002454,TOP0113,V00000323,2026-06-15 00:00:00,32,3.21
TC00002455,TOP0008,V00009088,2026-07-26 00:00:00,205,2.17
TC00002456,TOP0029,V00014755,2026-05-24 00:00:00,132,2.92
TC00002457,TOP0009,V00010757,2026-02-04 08:53:25,460,1.11
TC00002458,TOP0092,V00011108,2026-08-09 16:45:40,338,2.34
TC00002459,TOP0008,V00005321,2026-07-26 00:00:00,165,1.56
TC00002460,TOP0096,V00006510,2026-02-28 22:49:32,204,2.64
TC00002461,TOP0044,V00006774,2026-06-01 00:00:00,126,1.25
TC00002462,TOP0039,V00014497,2026-07-10 06:20:31,86,1.47
TC00002463,TOP0084,V00002545,2026-06-29 00:00:00,20,3.08
TC00002464,TOP0046,V00001252,2026-05-11 00:00:00,226,2.96
TC00002465,TOP0017,V00009261,2026-06-08 02:52:33,186,1.98
TC00002466,TOP0028,V00013838,2026-05-02 00:46:04,103,1.8
TC00002467,TOP0036,V00008188,2026-08-23 14:27:44,349,3.14
TC00002468,TOP0081,V00007270,2026-06-22 00:00:00,73,3.47
TC00002469,TOP0045,V00009442,2026-05-04 00:00:00,347,1.25
TC00002470,TOP0055,V00006093,2026-07-29 10:54:13,500,2.54
TC00002471,TOP0051,V00008655,2026-07-11 00:00:00,377,2.2
TC00002472,TOP0014,V00001884,2026-03-11 11:23:37,387,1.89
TC00002473,TOP0004,V00001057,2026-08-03 14:44:29,32,2.02
TC00002474,TOP0047,V00010820,2026-05-31 00:00:00,62,2.18
TC00002475,TOP0111,V00003841,2026-07-01 19:22:31,79,3.5
TC00002476,TOP0078,V00003102,2026-04-02 20:13:20,172,3.2
TC00002477,TOP0120,V00008065,2026-06-14 04:30:20,444,1.55
TC00002478,TOP0084,V00004907,2026-06-29 00:00:00,342,1.88
TC00002479,TOP0110,V00009882,2026-06-10 08:24:22,444,1.31
TC00002480,TOP0098,V00003469,2026-08-23 15:59:07,271,2.05
TC00002481,TOP0044,V00005744,2026-08-19 20:36:17,362,1.7
TC00002482,TOP0085,V00002032,2026-07-10 00:00:00,162,1.96
TC00002483,TOP0033,V00008027,2026-08-19 07:06:46,250,2.92
TC00002484,TOP0054,V00011070,2026-05-30 23:39:05,104,2.62
TC00002485,TOP0062,V00007088,2026-03-21 00:00:00,260,3.21
TC00002486,TOP0117,V00001153,2026-05-24 13:49:46,42,2.97
TC00002487,TOP0061,V00002202,2026-04-16 00:00:00,418,2.89
TC00002488,TOP0027,V00002185,2026-05-27 07:07:04,468,2.56
TC00002489,TOP0116,V00004258,2026-08-08 05:35:47,354,3.18
TC00002490,TOP0018,V00005578,2026-07-24 04:45:56,387,3.17
TC00002491,TOP0120,V00012932,2026-08-28 21:55:40,450,2.55
TC00002492,TOP0091,V00012707,2026-08-04 21:17:36,420,1.78
TC00002493,TOP0016,V00003708,2026-05-28 12:16:42,68,1.77
TC00002494,TOP0036,V00003017,2026-06-26 00:00:00,77,3.3
TC00002495,TOP0115,V00003115,2026-07-09 10:29:30,12,1.64
TC00002496,TOP0027,V00013251,2026-04-01 00:00:00,287,2.99
TC00002497,TOP0098,V00001800,2026-02-26 00:00:00,461,2.94
TC00002498,TOP0068,V00008879,2026-04-12 12:35:50,185,1.22
TC00002499,TOP0009,V00007711,2026-07-12 11:17:35,414,1.2
TC00002500,TOP0105,V00012502,2026-04-01 00:00:00,291,2.54
TC00002501,TOP0078,V00009670,2026-07-19 04:07:20,46,2.63
TC00002502,TOP0044,V00014617,2026-08-11 05:03:21,350,3.39
TC00002503,TOP0117,V00006083,2026-03-06 00:00:00,288,3.33
TC00002504,TOP0026,V00012959,2026-06-06 00:00:00,78,2.21
TC00002505,TOP0118,V00012886,2026-04-30 00:00:00,385,3.05
TC00002506,TOP0064,V00013243,2026-07-08 19:38:54,245,1.17
TC00002507,TOP0102,V00011650,2026-06-29 00:00:00,495,2.7
TC00002508,TOP0019,V00013862,2026-07-06 10:01:34,395,3.3
TC00002509,TOP0082,V00002221,2026-04-23 04:30:34,257,2.5
TC00002510,TOP0050,V00005459,2026-05-23 00:00:00,387,1.48
TC00002511,TOP0073,V00012407,2026-07-26 12:41:36,40,2.92
TC00002512,TOP0055,V00001954,2026-06-15 00:24:19,348,2.76
TC00002513,TOP0071,V00000297,2026-02-01 07:40:51,493,3.33
TC00002514,TOP0067,V00006411,2026-07-17 21:59:14,495,3.21
TC00002515,TOP0065,V00014597,2026-06-18 08:38:20,387,3.14
TC00002516,TOP0080,V00009403,2026-06-14 08:23:21,124,3.26
TC00002517,TOP0064,V00006369,2026-08-17 12:48:30,145,3.03
TC00002518,TOP0074,V00004826,2026-08-04 00:46:41,385,1.27
TC00002519,TOP0034,V00003066,2026-03-19 00:00:00,226,2.79
TC00002520,TOP0088,V00003129,2026-08-12 07:47:16,393,2.32
TC00002521,TOP0052,V00012234,2026-04-17 00:00:00,62,1.76
TC00002522,TOP0064,V00012861,2026-08-07 08:03:34,344,2.22
TC00002523,TOP0035,V00013144,2026-03-27 00:00:00,340,3.44
TC00002524,TOP0009,V00001865,2026-08-24 12:26:51,433,2.15
TC00002525,TOP0058,V00004377,2026-05-08 12:49:05,283,1.19
TC00002526,TOP0113,V00000747,2026-06-15 00:00:00,413,3.02
TC00002527,TOP0107,V00014163,2026-07-24 20:36:52,113,2.85
TC00002528,TOP0059,V00004849,2026-07-15 18:17:17,279,1.06
TC00002529,TOP0032,V00006353,2026-06-27 00:00:00,442,3.4
TC00002530,TOP0100,V00006464,2026-07-21 07:30:43,223,1.01
TC00002531,TOP0025,V00008121,2026-07-04 00:00:00,380,2.59
TC00002532,TOP0015,V00010191,2026-04-26 00:00:00,364,2.79
TC00002533,TOP0095,V00002265,2026-06-17 00:00:00,272,1.34
TC00002534,TOP0018,V00005889,2026-05-10 23:11:44,435,2.35
TC00002535,TOP0046,V00012225,2026-07-11 10:17:42,187,2.69
TC00002536,TOP0038,V00014589,2026-08-02 06:16:43,183,2.77
TC00002537,TOP0062,V00013603,2026-08-18 23:43:24,388,2.09
TC00002538,TOP0083,V00013356,2026-06-25 00:00:00,206,1.41
TC00002539,TOP0025,V00000644,2026-07-04 00:00:00,62,1.31
TC00002540,TOP0056,V00010547,2026-08-07 00:00:00,483,2.91
TC00002541,TOP0004,V00004781,2026-07-10 03:09:47,147,2.93
TC00002542,TOP0012,V00013576,2026-05-26 19:36:35,49,1.03
TC00002543,TOP0048,V00007509,2026-06-08 07:35:47,355,1.54
TC00002544,TOP0003,V00009609,2026-08-07 02:01:58,54,2.36
TC00002545,TOP0119,V00006804,2026-06-10 15:10:32,148,1.76
TC00002546,TOP0061,V00010143,2026-08-01 02:07:23,493,2.84
TC00002547,TOP0049,V00003741,2026-06-10 20:52:16,95,1.06
TC00002548,TOP0025,V00004032,2026-07-04 00:00:00,67,2.0
TC00002549,TOP0011,V00002616,2026-07-10 13:53:02,103,2.35
TC00002550,TOP0068,V00008067,2026-01-29 00:00:00,116,1.08
TC00002551,TOP0041,V00007530,2026-08-28 15:36:06,484,2.53
TC00002552,TOP0078,V00008569,2026-05-19 19:57:59,8,1.56
TC00002553,TOP0113,V00014174,2026-06-15 00:00:00,236,3.5
TC00002554,TOP0005,V00008181,2026-03-29 15:53:57,230,2.28
TC00002555,TOP0079,V00000578,2026-06-28 00:00:00,302,2.89
TC00002556,TOP0096,V00005132,2026-05-13 20:16:42,397,3.09
TC00002557,TOP0063,V00011845,2026-07-13 19:01:10,48,3.34
TC00002558,TOP0113,V00001754,2026-08-27 16:40:47,133,2.71
TC00002559,TOP0004,V00007099,2026-04-15 00:00:00,358,3.31
TC00002560,TOP0084,V00006839,2026-07-20 06:48:41,378,2.39
TC00002561,TOP0015,V00010492,2026-08-18 10:08:33,321,2.38
TC00002562,TOP0029,V00005929,2026-07-17 17:43:13,117,3.27
TC00002563,TOP0113,V00013597,2026-06-15 00:00:00,238,1.12
TC00002564,TOP0106,V00013851,2026-05-25 17:43:58,220,1.28
TC00002565,TOP0027,V00000689,2026-07-03 16:57:37,93,1.74
TC00002566,TOP0087,V00002973,2026-01-19 00:00:00,498,1.78
TC00002567,TOP0093,V00000867,2026-07-25 17:13:16,126,2.12
TC00002568,TOP0001,V00006930,2026-04-09 00:00:00,408,1.45
TC00002569,TOP0038,V00006076,2026-07-03 12:35:39,330,2.3
TC00002570,TOP0049,V00001632,2026-05-31 11:54:31,100,1.6
TC00002571,TOP0030,V00013920,2026-07-28 00:00:00,104,3.48
TC00002572,TOP0044,V00012138,2026-06-01 00:00:00,291,3.26
TC00002573,TOP0021,V00001983,2026-07-13 00:00:00,96,2.53
TC00002574,TOP0051,V00005045,2026-07-27 19:22:49,85,1.4
TC00002575,TOP0117,V00014438,2026-05-29 16:33:03,68,2.64
TC00002576,TOP0082,V00003171,2026-05-21 15:29:02,63,2.64
TC00002577,TOP0037,V00011805,2026-07-15 00:00:00,91,1.13
TC00002578,TOP0048,V00002532,2026-04-06 00:00:00,294,3.2
TC00002579,TOP0030,V00013222,2026-07-28 00:00:00,337,2.36
TC00002580,TOP0073,V00005645,2026-08-15 19:23:29,354,2.81
TC00002581,TOP0100,V00011556,2026-04-02 21:54:36,167,2.78
TC00002582,TOP0084,V00004859,2026-06-29 00:00:00,213,1.78
TC00002583,TOP0015,V00003122,2026-04-26 00:00:00,337,2.44
TC00002584,TOP0101,V00005933,2026-06-20 00:00:00,268,2.16
TC00002585,TOP0102,V00007733,2026-06-29 00:00:00,61,2.93
TC00002586,TOP0087,V00002785,2026-03-15 07:22:13,431,2.02
TC00002587,TOP0018,V00014106,2026-08-21 19:05:36,438,2.79
TC00002588,TOP0020,V00014838,2026-04-17 18:51:11,128,2.44
TC00002589,TOP0099,V00000489,2026-07-11 13:37:42,496,3.39
TC00002590,TOP0061,V00009385,2026-05-02 18:09:56,215,1.95
TC00002591,TOP0017,V00002408,2026-07-08 08:01:20,80,2.7
TC00002592,TOP0072,V00011459,2026-05-19 18:21:54,212,1.82
TC00002593,TOP0011,V00003439,2026-04-19 13:08:34,165,3.28
TC00002594,TOP0068,V00006700,2026-07-02 10:45:00,59,2.64
TC00002595,TOP0045,V00000111,2026-07-20 17:46:59,287,2.37
TC00002596,TOP0031,V00008281,2026-08-01 00:00:00,348,1.01
TC00002597,TOP0053,V00013607,2026-05-31 21:44:50,361,1.58
TC00002598,TOP0009,V00014990,2026-05-10 06:31:08,240,1.76
TC00002599,TOP0107,V00007577,2026-07-22 00:00:00,336,1.63
TC00002600,TOP0035,V00006702,2026-07-29 02:44:48,465,2.21
TC00002601,TOP0004,V00005786,2026-04-19 16:21:37,57,2.55
TC00002602,TOP0090,V00010561,2026-08-11 18:17:46,485,3.21
TC00002603,TOP0069,V00014833,2026-05-29 23:45:33,235,2.47
TC00002604,TOP0079,V00013165,2026-06-28 00:00:00,132,3.09
TC00002605,TOP0101,V00002436,2026-08-09 18:27:48,360,1.67
TC00002606,TOP0117,V00008454,2026-03-15 08:11:52,357,2.9
TC00002607,TOP0102,V00000998,2026-06-29 00:00:00,359,1.37
TC00002608,TOP0104,V00005437,2026-05-24 00:00:00,363,3.35
TC00002609,TOP0053,V00005419,2026-07-01 20:11:36,226,2.44
TC00002610,TOP0014,V00005518,2026-07-09 05:59:17,71,3.08
TC00002611,TOP0065,V00001512,2026-03-11 11:01:06,306,2.39
TC00002612,TOP0062,V00005965,2026-03-21 00:00:00,324,2.9
TC00002613,TOP0052,V00000562,2026-04-17 00:00:00,363,2.72
TC00002614,TOP0028,V00013614,2026-05-20 10:43:27,224,3.02
TC00002615,TOP0014,V00005052,2026-05-16 07:06:59,355,3.12
TC00002616,TOP0043,V00000482,2026-04-17 00:00:00,130,1.27
TC00002617,TOP0049,V00005442,2026-05-13 11:13:37,35,2.47
TC00002618,TOP0046,V00000767,2026-05-11 00:00:00,203,3.13
TC00002619,TOP0003,V00013060,2026-07-05 00:00:00,223,3.0
TC00002620,TOP0095,V00011257,2026-06-17 00:00:00,349,1.15
TC00002621,TOP0052,V00011128,2026-05-10 23:07:36,10,1.12
TC00002622,TOP0053,V00004555,2026-04-26 00:00:00,252,1.07
TC00002623,TOP0103,V00006550,2026-07-30 09:16:16,328,2.36
TC00002624,TOP0038,V00002695,2026-05-16 06:57:06,170,2.34
TC00002625,TOP0109,V00013048,2026-04-22 15:43:25,315,2.73
TC00002626,TOP0034,V00006118,2026-03-19 00:00:00,388,2.58
TC00002627,TOP0095,V00008387,2026-06-17 00:00:00,224,2.96
TC00002628,TOP0101,V00002336,2026-07-23 01:36:21,495,2.71
TC00002629,TOP0022,V00002808,2026-07-09 11:55:07,389,1.75
TC00002630,TOP0036,V00006935,2026-06-26 00:00:00,272,1.04
TC00002631,TOP0072,V00014187,2026-03-15 12:14:41,170,1.51
TC00002632,TOP0026,V00014886,2026-07-31 11:51:50,141,2.73
TC00002633,TOP0074,V00011924,2026-07-31 02:24:36,298,3.08
TC00002634,TOP0060,V00011823,2026-08-25 03:34:11,370,2.57
TC00002635,TOP0099,V00008200,2026-07-14 01:34:06,356,2.14
TC00002636,TOP0018,V00004805,2026-07-18 13:10:47,139,2.37
TC00002637,TOP0112,V00003623,2026-05-06 00:00:00,133,2.99
TC00002638,TOP0089,V00014575,2026-08-20 02:45:02,160,2.93
TC00002639,TOP0001,V00012656,2026-06-23 00:31:58,293,1.36
TC00002640,TOP0094,V00011231,2026-07-09 00:00:00,147,1.42
TC00002641,TOP0011,V00005072,2026-02-12 00:00:00,302,1.3
TC00002642,TOP0073,V00003380,2026-08-20 23:41:39,482,1.55
TC00002643,TOP0083,V00000010,2026-06-25 00:00:00,493,2.3
TC00002644,TOP0109,V00009671,2026-04-02 00:00:00,381,2.3
TC00002645,TOP0080,V00010472,2026-05-09 00:00:00,98,1.4
TC00002646,TOP0099,V00002174,2026-08-27 10:43:05,73,1.76
TC00002647,TOP0035,V00001885,2026-08-13 18:59:39,415,2.89
TC00002648,TOP0090,V00005132,2026-07-23 00:00:00,406,1.37
TC00002649,TOP0117,V00002665,2026-06-16 15:07:00,215,2.67
TC00002650,TOP0057,V00007329,2026-06-18 22:02:11,427,1.72
TC00002651,TOP0086,V00006892,2026-07-18 19:24:12,330,1.3
TC00002652,TOP0109,V00003885,2026-04-02 00:00:00,258,2.94
TC00002653,TOP0096,V00006566,2026-08-24 19:29:05,242,1.06
TC00002654,TOP0003,V00000801,2026-08-21 06:41:26,481,2.89
TC00002655,TOP0072,V00014378,2026-02-14 05:19:56,177,1.37
TC00002656,TOP0077,V00009896,2026-04-14 08:54:03,122,2.5
TC00002657,TOP0117,V00000625,2026-05-29 04:31:58,76,3.38
TC00002658,TOP0112,V00011966,2026-05-06 00:00:00,261,1.69
TC00002659,TOP0027,V00012321,2026-04-01 00:00:00,378,3.25
TC00002660,TOP0051,V00012979,2026-07-11 00:00:00,179,1.69
TC00002661,TOP0002,V00011678,2026-08-18 23:33:29,484,2.14
TC00002662,TOP0037,V00006617,2026-07-15 00:00:00,153,2.58
TC00002663,TOP0096,V00007649,2026-04-20 06:34:08,475,1.36
TC00002664,TOP0118,V00003350,2026-06-23 18:09:15,398,1.21
TC00002665,TOP0095,V00008596,2026-06-17 00:00:00,357,2.16
TC00002666,TOP0077,V00007504,2026-03-07 14:26:56,328,1.48
TC00002667,TOP0031,V00002985,2026-08-01 00:00:00,88,3.13
TC00002668,TOP0086,V00009184,2026-04-21 23:57:46,448,2.51
TC00002669,TOP0091,V00009841,2026-06-04 00:00:00,171,1.34
TC00002670,TOP0106,V00011053,2026-02-21 00:00:00,44,2.06
TC00002671,TOP0018,V00010114,2026-07-08 20:02:21,479,2.13
TC00002672,TOP0044,V00014144,2026-06-26 17:52:53,245,1.13
TC00002673,TOP0052,V00010068,2026-08-11 19:58:00,291,1.7
TC00002674,TOP0083,V00014160,2026-06-25 00:00:00,458,2.78
TC00002675,TOP0044,V00011463,2026-06-01 00:00:00,469,1.67
TC00002676,TOP0017,V00002731,2026-03-18 00:00:00,317,3.5
TC00002677,TOP0104,V00011442,2026-06-19 10:41:50,26,3.4
TC00002678,TOP0084,V00014348,2026-07-20 13:29:14,158,1.02
TC00002679,TOP0055,V00000285,2026-05-08 00:00:00,74,1.16
TC00002680,TOP0105,V00003837,2026-05-16 00:32:11,366,2.84
TC00002681,TOP0090,V00004982,2026-07-23 00:00:00,316,1.05
TC00002682,TOP0061,V00004525,2026-04-18 09:24:13,380,1.02
TC00002683,TOP0067,V00006956,2026-07-03 20:54:32,372,1.18
TC00002684,TOP0117,V00009059,2026-07-30 23:06:49,9,3.02
TC00002685,TOP0025,V00005955,2026-07-04 00:00:00,431,1.14
TC00002686,TOP0006,V00004309,2026-06-12 06:48:56,97,1.91
TC00002687,TOP0113,V00008270,2026-06-15 00:00:00,103,1.29
TC00002688,TOP0100,V00002567,2026-07-08 01:28:40,315,2.55
TC00002689,TOP0003,V00013844,2026-07-05 00:00:00,94,1.8
TC00002690,TOP0084,V00014748,2026-06-29 00:00:00,76,2.92
TC00002691,TOP0013,V00010642,2026-08-09 14:22:08,128,3.24
TC00002692,TOP0036,V00002437,2026-06-26 00:00:00,247,3.39
TC00002693,TOP0104,V00014881,2026-05-24 00:00:00,265,2.94
TC00002694,TOP0006,V00013602,2026-05-08 00:58:23,53,2.23
TC00002695,TOP0118,V00010835,2026-04-30 00:00:00,120,1.07
TC00002696,TOP0029,V00002103,2026-05-24 00:00:00,351,2.23
TC00002697,TOP0081,V00002996,2026-06-22 00:00:00,67,2.64
TC00002698,TOP0030,V00000864,2026-07-28 00:00:00,243,1.57
TC00002699,TOP0010,V00007770,2026-08-11 15:53:10,210,1.94
TC00002700,TOP0062,V00002334,2026-05-15 05:42:01,226,2.48
TC00002701,TOP0097,V00006594,2026-07-04 21:56:25,468,2.77
TC00002702,TOP0016,V00005435,2026-05-15 00:00:00,394,1.14
TC00002703,TOP0053,V00011759,2026-07-15 15:17:52,159,1.85
TC00002704,TOP0010,V00000208,2026-06-12 20:23:43,237,2.16
TC00002705,TOP0060,V00003508,2026-08-04 00:00:00,75,3.39
TC00002706,TOP0091,V00011000,2026-06-04 00:00:00,304,2.33
TC00002707,TOP0030,V00007512,2026-07-28 00:00:00,363,1.97
TC00002708,TOP0029,V00007279,2026-05-24 00:00:00,438,2.37
TC00002709,TOP0087,V00014335,2026-08-05 09:10:32,94,3.01
TC00002710,TOP0112,V00012600,2026-05-06 00:00:00,84,3.44
TC00002711,TOP0014,V00003012,2026-03-16 15:43:00,495,1.11
TC00002712,TOP0053,V00011278,2026-05-09 03:35:45,323,1.25
TC00002713,TOP0021,V00013896,2026-07-13 00:00:00,416,2.31
TC00002714,TOP0077,V00009876,2026-05-31 22:37:08,113,2.01
TC00002715,TOP0012,V00011334,2026-08-01 23:10:54,438,2.24
TC00002716,TOP0114,V00012737,2026-05-25 08:48:48,53,1.88
TC00002717,TOP0114,V00009092,2026-03-08 00:00:00,495,3.35
TC00002718,TOP0101,V00009389,2026-08-23 05:32:13,52,3.11
TC00002719,TOP0059,V00003066,2026-05-01 00:00:00,268,1.34
TC00002720,TOP0013,V00008271,2026-07-28 00:16:26,97,3.49
TC00002721,TOP0078,V00002025,2026-04-30 21:53:58,9,2.34
TC00002722,TOP0013,V00008117,2026-07-03 08:26:05,257,1.38
TC00002723,TOP0002,V00011152,2026-02-21 00:00:00,256,1.15
TC00002724,TOP0096,V00000983,2026-05-28 18:48:48,385,3.19
TC00002725,TOP0061,V00012757,2026-08-07 18:57:12,89,1.8
TC00002726,TOP0034,V00000009,2026-06-17 12:49:11,337,1.62
TC00002727,TOP0044,V00013295,2026-07-25 16:55:20,425,2.43
TC00002728,TOP0014,V00001111,2026-01-15 22:16:55,473,1.61
TC00002729,TOP0086,V00007213,2026-08-17 06:20:50,139,2.82
TC00002730,TOP0026,V00003248,2026-06-06 00:00:00,435,3.41
TC00002731,TOP0005,V00003208,2026-04-01 04:50:38,144,1.57
TC00002732,TOP0061,V00012375,2026-04-16 00:00:00,157,2.29
TC00002733,TOP0107,V00012659,2026-07-22 00:00:00,353,2.58
TC00002734,TOP0092,V00011278,2026-05-09 03:35:45,150,3.11
TC00002735,TOP0077,V00009185,2026-07-06 03:26:05,425,1.82
TC00002736,TOP0079,V00005636,2026-06-29 21:22:42,294,1.03
TC00002737,TOP0036,V00014923,2026-06-26 00:00:00,132,1.47
TC00002738,TOP0041,V00005858,2026-06-18 19:07:37,177,1.78
TC00002739,TOP0047,V00007481,2026-05-31 00:00:00,438,3.5
TC00002740,TOP0079,V00010376,2026-07-15 02:23:46,370,1.51
TC00002741,TOP0068,V00008358,2026-06-07 04:32:31,472,2.99
TC00002742,TOP0004,V00005639,2026-04-15 00:00:00,463,2.45
TC00002743,TOP0050,V00012640,2026-05-23 00:00:00,73,1.1
TC00002744,TOP0068,V00004304,2026-03-06 13:52:17,370,2.39
TC00002745,TOP0100,V00003680,2026-07-31 06:06:07,26,3.39
TC00002746,TOP0040,V00001630,2026-05-03 11:11:15,58,1.99
TC00002747,TOP0011,V00005299,2026-06-12 23:50:23,26,1.18
TC00002748,TOP0047,V00010359,2026-08-12 05:47:24,330,1.75
TC00002749,TOP0084,V00003256,2026-08-21 18:04:27,127,2.58
TC00002750,TOP0120,V00002723,2026-07-07 01:07:32,138,1.68
TC00002751,TOP0119,V00011110,2026-08-21 21:21:44,490,1.36
TC00002752,TOP0085,V00000132,2026-07-10 00:00:00,173,2.92
TC00002753,TOP0029,V00000968,2026-07-01 10:26:23,245,1.53
TC00002754,TOP0021,V00000023,2026-08-22 06:08:08,193,2.0
TC00002755,TOP0037,V00007005,2026-08-05 03:38:38,335,2.39
TC00002756,TOP0084,V00014430,2026-07-13 20:47:50,186,2.82
TC00002757,TOP0089,V00002663,2026-05-10 13:35:19,469,1.31
TC00002758,TOP0067,V00007900,2026-05-09 13:46:39,435,1.99
TC00002759,TOP0007,V00011284,2026-08-10 15:07:39,178,2.5
TC00002760,TOP0101,V00011248,2026-06-20 00:00:00,458,1.07
TC00002761,TOP0049,V00007176,2026-08-11 18:24:30,356,2.82
TC00002762,TOP0058,V00009749,2026-03-23 00:00:00,126,3.4
TC00002763,TOP0031,V00008121,2026-08-01 00:00:00,23,2.59
TC00002764,TOP0079,V00008577,2026-06-28 00:00:00,210,2.18
TC00002765,TOP0012,V00000014,2026-07-20 21:45:45,407,2.1
TC00002766,TOP0088,V00010735,2026-08-26 11:42:51,221,1.54
TC00002767,TOP0102,V00013306,2026-06-29 00:00:00,482,2.89
TC00002768,TOP0090,V00009212,2026-07-23 00:00:00,77,3.16
TC00002769,TOP0005,V00001418,2026-02-12 00:00:00,36,2.42
TC00002770,TOP0012,V00008082,2026-05-21 07:20:05,325,1.5
TC00002771,TOP0097,V00008155,2026-06-25 13:01:55,417,3.02
TC00002772,TOP0074,V00004960,2026-08-26 11:28:29,363,2.48
TC00002773,TOP0002,V00014172,2026-08-28 05:04:50,184,3.38
TC00002774,TOP0020,V00008083,2026-03-24 00:00:00,490,1.13
TC00002775,TOP0023,V00010487,2026-07-23 22:22:49,159,2.37
TC00002776,TOP0048,V00014426,2026-04-06 00:00:00,487,2.14
TC00002777,TOP0013,V00014774,2026-08-20 16:40:27,489,1.25
TC00002778,TOP0049,V00005844,2026-07-07 22:59:42,458,1.88
TC00002779,TOP0062,V00002614,2026-03-27 00:26:45,494,1.31
TC00002780,TOP0037,V00007900,2026-07-15 00:00:00,13,2.69
TC00002781,TOP0120,V00005272,2026-06-26 06:49:29,384,2.29
TC00002782,TOP0088,V00014543,2026-08-27 21:49:12,74,3.41
TC00002783,TOP0104,V00011047,2026-07-14 16:38:19,132,2.53
TC00002784,TOP0010,V00003541,2026-08-09 07:15:39,66,1.83
TC00002785,TOP0087,V00009572,2026-02-07 18:13:51,381,2.28
TC00002786,TOP0043,V00006955,2026-07-24 11:12:01,259,1.07
TC00002787,TOP0060,V00009878,2026-08-04 00:00:00,175,1.8
TC00002788,TOP0080,V00011728,2026-08-11 13:24:04,373,1.28
TC00002789,TOP0028,V00012773,2026-07-29 03:48:44,275,3.24
TC00002790,TOP0111,V00007002,2026-01-25 20:24:34,492,2.02
TC00002791,TOP0034,V00001843,2026-03-19 00:00:00,251,2.35
TC00002792,TOP0011,V00012710,2026-06-10 12:40:54,59,2.89
TC00002793,TOP0116,V00007526,2026-06-21 08:48:48,308,1.21
TC00002794,TOP0033,V00003426,2026-03-04 17:08:21,325,2.87
TC00002795,TOP0082,V00006778,2026-07-26 01:53:53,493,2.18
TC00002796,TOP0033,V00007071,2026-07-09 04:45:03,359,2.68
TC00002797,TOP0055,V00007823,2026-05-08 00:00:00,120,1.6
TC00002798,TOP0080,V00001555,2026-05-09 00:00:00,312,3.24
TC00002799,TOP0037,V00003446,2026-07-15 00:00:00,62,1.34
TC00002800,TOP0035,V00012501,2026-07-14 03:01:39,406,1.37
TC00002801,TOP0051,V00003035,2026-08-11 12:21:27,198,2.22
TC00002802,TOP0078,V00012971,2026-03-14 05:13:17,464,1.15
TC00002803,TOP0100,V00008790,2026-06-30 09:53:05,313,2.5
TC00002804,TOP0014,V00008300,2026-01-15 00:00:00,101,1.33
TC00002805,TOP0007,V00009489,2026-06-26 05:48:34,149,2.79
TC00002806,TOP0098,V00000471,2026-05-30 04:11:36,201,1.15
TC00002807,TOP0022,V00007509,2026-06-08 07:35:47,359,1.1
TC00002808,TOP0031,V00005344,2026-08-01 00:00:00,321,2.22
TC00002809,TOP0073,V00004751,2026-04-06 11:02:10,162,2.16
TC00002810,TOP0020,V00009273,2026-07-30 15:20:30,474,2.86
TC00002811,TOP0094,V00000973,2026-07-09 00:00:00,209,1.15
TC00002812,TOP0050,V00007118,2026-05-23 00:00:00,94,2.07
TC00002813,TOP0018,V00011349,2026-05-10 13:52:03,213,2.86
TC00002814,TOP0008,V00007362,2026-07-28 19:51:04,141,1.64
TC00002815,TOP0037,V00004444,2026-07-22 12:23:54,160,3.1
TC00002816,TOP0003,V00005180,2026-07-05 00:00:00,58,1.03
TC00002817,TOP0099,V00000519,2026-07-03 00:00:00,227,3.23
TC00002818,TOP0005,V00012764,2026-02-18 19:58:09,434,1.43
TC00002819,TOP0107,V00009782,2026-07-22 00:00:00,51,1.44
TC00002820,TOP0090,V00000285,2026-07-23 00:00:00,374,1.32
TC00002821,TOP0035,V00010386,2026-05-24 07:26:23,282,2.32
TC00002822,TOP0051,V00004648,2026-08-23 22:39:16,420,1.49
TC00002823,TOP0033,V00002009,2026-04-09 21:55:16,154,2.74
TC00002824,TOP0081,V00012272,2026-06-22 00:00:00,443,2.97
TC00002825,TOP0089,V00004501,2026-08-20 16:04:02,120,1.24
TC00002826,TOP0050,V00007876,2026-05-23 00:00:00,153,3.47
TC00002827,TOP0083,V00009277,2026-06-25 00:00:00,422,1.95
TC00002828,TOP0009,V00005249,2026-03-20 19:41:28,455,1.27
TC00002829,TOP0054,V00005576,2026-05-09 00:00:00,248,1.14
TC00002830,TOP0019,V00004890,2026-06-19 18:46:00,42,2.92
TC00002831,TOP0004,V00006657,2026-04-15 00:00:00,67,1.63
TC00002832,TOP0112,V00012903,2026-06-04 05:20:13,156,2.61
TC00002833,TOP0110,V00007974,2026-04-26 17:22:59,171,2.84
TC00002834,TOP0104,V00001107,2026-07-11 10:36:12,209,3.19
TC00002835,TOP0090,V00004383,2026-08-01 19:15:38,233,2.93
TC00002836,TOP0037,V00012014,2026-07-15 00:00:00,61,2.73
TC00002837,TOP0096,V00005273,2026-04-29 22:10:44,460,2.38
TC00002838,TOP0100,V00007171,2026-06-13 01:39:59,145,3.25
TC00002839,TOP0110,V00014424,2026-02-22 23:49:26,447,2.41
TC00002840,TOP0010,V00004722,2026-05-15 11:11:51,149,2.67
TC00002841,TOP0091,V00013320,2026-06-10 11:41:02,374,2.04
TC00002842,TOP0034,V00011527,2026-04-27 06:10:11,334,1.13
TC00002843,TOP0035,V00008467,2026-03-27 00:00:00,192,2.29
TC00002844,TOP0112,V00013296,2026-05-06 00:00:00,100,2.19
TC00002845,TOP0098,V00013695,2026-08-13 04:55:24,320,2.53
TC00002846,TOP0083,V00005650,2026-06-25 00:00:00,455,2.07
TC00002847,TOP0062,V00009137,2026-06-12 13:03:22,234,2.84
TC00002848,TOP0105,V00011199,2026-04-01 00:00:00,286,2.56
TC00002849,TOP0025,V00005428,2026-07-04 00:00:00,240,2.06
TC00002850,TOP0017,V00003126,2026-08-14 20:00:24,218,3.18
TC00002851,TOP0027,V00010391,2026-04-20 14:33:29,111,1.86
TC00002852,TOP0106,V00012471,2026-08-12 03:12:13,432,1.37
TC00002853,TOP0020,V00014113,2026-03-24 00:00:00,390,2.35
TC00002854,TOP0114,V00010859,2026-04-14 13:36:44,437,1.14
TC00002855,TOP0048,V00013367,2026-06-28 20:42:04,460,3.09
TC00002856,TOP0082,V00010602,2026-04-05 00:00:00,39,1.93
TC00002857,TOP0062,V00014165,2026-08-01 11:21:47,185,1.14
TC00002858,TOP0063,V00003339,2026-06-29 00:00:00,101,2.9
TC00002859,TOP0096,V00002609,2026-03-16 01:29:51,474,2.26
TC00002860,TOP0068,V00013842,2026-01-29 00:00:00,297,1.86
TC00002861,TOP0005,V00009287,2026-02-23 16:06:44,198,1.47
TC00002862,TOP0060,V00009388,2026-08-04 00:00:00,165,3.34
TC00002863,TOP0022,V00011106,2026-04-17 00:56:00,305,2.19
TC00002864,TOP0032,V00004250,2026-06-27 00:00:00,196,2.44
TC00002865,TOP0046,V00007241,2026-05-11 00:00:00,24,1.29
TC00002866,TOP0113,V00000466,2026-06-15 00:00:00,400,1.29
TC00002867,TOP0066,V00012720,2026-07-28 00:03:10,440,1.15
TC00002868,TOP0056,V00013586,2026-08-07 00:00:00,266,3.2
TC00002869,TOP0061,V00000807,2026-07-10 10:01:38,353,1.5
TC00002870,TOP0107,V00011933,2026-07-22 00:00:00,307,3.2
TC00002871,TOP0062,V00008142,2026-03-21 00:00:00,73,3.25
TC00002872,TOP0044,V00011425,2026-06-20 14:10:35,353,1.48
TC00002873,TOP0067,V00013835,2026-05-25 11:38:42,364,1.43
TC00002874,TOP0018,V00005325,2026-08-18 11:49:39,343,2.49
TC00002875,TOP0006,V00010112,2026-05-17 02:58:25,306,1.65
TC00002876,TOP0066,V00004213,2026-02-27 05:50:35,294,1.22
TC00002877,TOP0066,V00012158,2026-07-22 05:56:00,388,1.04
TC00002878,TOP0084,V00014832,2026-06-29 00:00:00,312,1.05
TC00002879,TOP0064,V00000114,2026-06-03 07:53:28,358,1.81
TC00002880,TOP0041,V00004381,2026-05-22 08:04:31,100,2.9
TC00002881,TOP0011,V00011537,2026-06-10 15:32:51,418,1.53
TC00002882,TOP0014,V00008868,2026-06-19 17:14:49,412,3.44
TC00002883,TOP0029,V00010733,2026-05-24 00:00:00,255,2.14
TC00002884,TOP0035,V00000586,2026-03-27 00:00:00,291,1.93
TC00002885,TOP0067,V00005176,2026-07-02 17:36:41,242,2.62
TC00002886,TOP0063,V00003887,2026-06-30 07:04:00,298,2.96
TC00002887,TOP0026,V00003311,2026-06-06 00:00:00,343,3.16
TC00002888,TOP0074,V00004486,2026-08-16 00:28:54,183,2.11
TC00002889,TOP0101,V00013164,2026-06-20 00:00:00,45,1.85
TC00002890,TOP0058,V00003319,2026-03-28 19:27:01,305,1.35
TC00002891,TOP0030,V00014485,2026-07-28 00:36:24,83,1.97
TC00002892,TOP0112,V00002171,2026-05-06 00:00:00,187,2.3
TC00002893,TOP0103,V00006586,2026-07-04 00:00:00,332,2.01
TC00002894,TOP0035,V00012696,2026-05-29 14:43:32,432,2.76
TC00002895,TOP0020,V00010237,2026-03-24 00:00:00,41,2.95
TC00002896,TOP0059,V00009383,2026-08-24 13:02:10,3,1.33
TC00002897,TOP0082,V00001417,2026-04-05 00:00:00,447,3.25
TC00002898,TOP0010,V00009495,2026-04-06 13:42:40,431,1.24
TC00002899,TOP0119,V00009866,2026-06-17 23:30:24,73,3.41
TC00002900,TOP0109,V00007228,2026-04-02 00:00:00,497,2.17
TC00002901,TOP0015,V00000554,2026-06-18 03:49:03,85,2.05
TC00002902,TOP0035,V00001256,2026-03-27 00:00:00,456,3.27
TC00002903,TOP0045,V00001972,2026-07-16 04:09:51,418,1.35
TC00002904,TOP0031,V00009872,2026-08-01 00:00:00,319,1.19
TC00002905,TOP0027,V00005599,2026-08-09 03:19:53,51,3.35
TC00002906,TOP0009,V00011113,2026-07-06 22:41:00,206,1.89
TC00002907,TOP0055,V00013094,2026-05-08 00:00:00,1,2.13
TC00002908,TOP0007,V00006923,2026-05-29 00:00:00,223,1.04
TC00002909,TOP0101,V00007855,2026-08-18 17:10:25,456,1.28
TC00002910,TOP0106,V00009230,2026-08-25 05:11:28,274,3.14
TC00002911,TOP0057,V00014256,2026-07-17 17:07:00,172,2.62
TC00002912,TOP0045,V00012673,2026-05-04 00:00:00,190,2.34
TC00002913,TOP0087,V00009539,2026-08-23 15:41:12,140,2.08
TC00002914,TOP0052,V00000655,2026-08-16 18:39:49,214,2.28
TC00002915,TOP0096,V00006470,2026-08-08 10:54:48,130,1.98
TC00002916,TOP0031,V00003978,2026-08-01 00:00:00,37,2.22
TC00002917,TOP0035,V00000524,2026-06-20 03:11:44,426,1.19
TC00002918,TOP0007,V00011102,2026-08-10 22:36:05,385,2.93
TC00002919,TOP0077,V00010791,2026-08-23 01:26:58,158,1.09
TC00002920,TOP0046,V00007464,2026-08-05 07:07:44,314,1.39
TC00002921,TOP0017,V00008428,2026-05-24 09:58:08,64,3.11
TC00002922,TOP0118,V00004226,2026-05-20 09:41:11,141,1.54
TC00002923,TOP0061,V00009563,2026-08-02 19:42:02,63,2.63
TC00002924,TOP0053,V00013841,2026-06-13 01:37:16,106,3.44
TC00002925,TOP0070,V00007205,2026-04-23 00:00:00,367,1.18
TC00002926,TOP0016,V00009433,2026-07-21 19:26:26,281,1.78
TC00002927,TOP0073,V00013830,2026-05-18 22:11:43,116,1.75
TC00002928,TOP0018,V00010250,2026-05-26 20:20:47,43,1.29
TC00002929,TOP0091,V00013311,2026-08-15 06:59:02,118,3.24
TC00002930,TOP0060,V00014697,2026-08-04 00:00:00,44,3.19
TC00002931,TOP0110,V00001762,2026-07-21 09:31:36,16,2.75
TC00002932,TOP0046,V00010406,2026-05-24 14:29:58,345,2.71
TC00002933,TOP0039,V00011518,2026-06-25 07:32:14,316,1.65
TC00002934,TOP0100,V00012363,2026-08-12 03:46:12,26,2.36
TC00002935,TOP0030,V00007638,2026-07-28 00:00:00,214,1.06
TC00002936,TOP0021,V00007714,2026-07-13 00:00:00,137,3.28
TC00002937,TOP0032,V00013418,2026-06-27 00:00:00,143,1.45
TC00002938,TOP0009,V00005578,2026-07-24 04:45:56,351,3.2
TC00002939,TOP0109,V00014556,2026-04-02 00:00:00,56,2.67
TC00002940,TOP0009,V00001255,2026-03-14 21:24:59,291,1.27
TC00002941,TOP0005,V00001348,2026-02-24 12:08:47,28,1.28
TC00002942,TOP0052,V00012809,2026-05-05 06:13:14,276,2.34
TC00002943,TOP0037,V00014799,2026-08-15 21:29:09,294,1.84
TC00002944,TOP0030,V00014284,2026-07-28 00:00:00,329,3.21
TC00002945,TOP0033,V00000415,2026-02-25 13:56:36,276,2.08
TC00002946,TOP0039,V00003584,2026-08-27 19:11:55,471,1.12
TC00002947,TOP0033,V00006081,2026-04-15 15:30:04,318,1.57
TC00002948,TOP0088,V00008270,2026-05-14 00:00:00,240,1.87
TC00002949,TOP0080,V00003790,2026-05-09 00:00:00,283,3.28
TC00002950,TOP0048,V00010320,2026-04-06 00:00:00,464,2.09
TC00002951,TOP0074,V00005168,2026-06-09 00:00:00,45,3.42
TC00002952,TOP0008,V00013399,2026-07-26 00:00:00,31,1.05
TC00002953,TOP0097,V00005339,2026-04-25 00:00:00,116,1.87
TC00002954,TOP0107,V00000090,2026-07-22 00:00:00,258,3.47
TC00002955,TOP0091,V00012270,2026-06-29 07:55:47,423,2.35
TC00002956,TOP0095,V00003971,2026-06-17 00:00:00,378,1.33
TC00002957,TOP0082,V00007713,2026-04-05 19:46:24,432,1.79
TC00002958,TOP0053,V00013084,2026-08-25 19:38:12,320,1.22
TC00002959,TOP0055,V00008060,2026-07-11 00:13:37,257,2.21
TC00002960,TOP0062,V00005967,2026-06-22 05:11:23,13,3.05
TC00002961,TOP0053,V00006473,2026-04-26 00:00:00,388,3.29
TC00002962,TOP0015,V00003299,2026-05-18 14:37:28,465,2.58
TC00002963,TOP0095,V00009416,2026-08-09 20:09:50,113,1.76
TC00002964,TOP0116,V00004455,2026-08-06 16:19:05,445,2.79
TC00002965,TOP0005,V00010401,2026-08-21 04:04:26,106,2.97
TC00002966,TOP0024,V00013690,2026-05-31 14:09:05,346,2.65
TC00002967,TOP0083,V00007141,2026-07-08 14:45:31,486,1.81
TC00002968,TOP0067,V00005572,2026-08-05 10:33:14,496,1.75
TC00002969,TOP0028,V00012121,2026-04-08 04:19:47,111,2.63
TC00002970,TOP0002,V00003559,2026-07-23 03:31:05,491,1.85
TC00002971,TOP0107,V00007341,2026-07-22 00:00:00,241,2.12
TC00002972,TOP0039,V00009704,2026-06-28 17:54:19,210,3.29
TC00002973,TOP0023,V00008981,2026-07-17 11:07:25,63,2.42
TC00002974,TOP0073,V00002502,2026-03-27 00:00:00,18,1.08
TC00002975,TOP0118,V00001303,2026-04-30 00:00:00,144,3.23
TC00002976,TOP0075,V00000776,2026-05-27 00:00:00,416,2.89
TC00002977,TOP0103,V00003815,2026-08-21 11:12:50,487,3.16
TC00002978,TOP0046,V00001689,2026-06-29 07:10:47,63,1.49
TC00002979,TOP0110,V00014809,2026-02-17 20:26:21,282,2.88
TC00002980,TOP0068,V00009511,2026-05-06 21:37:54,103,2.82
TC00002981,TOP0009,V00006805,2026-08-02 11:10:45,47,3.46
TC00002982,TOP0033,V00007845,2026-02-13 00:00:00,68,1.56
TC00002983,TOP0011,V00013156,2026-04-13 08:17:15,338,2.51
TC00002984,TOP0104,V00010054,2026-05-24 00:00:00,485,2.66
TC00002985,TOP0089,V00008361,2026-08-26 04:26:15,131,3.45
TC00002986,TOP0115,V00005654,2026-08-24 19:46:50,257,3.06
TC00002987,TOP0082,V00009867,2026-04-29 18:05:28,270,1.98
TC00002988,TOP0086,V00006291,2026-06-30 23:53:55,68,1.73
TC00002989,TOP0064,V00014350,2026-03-28 00:00:00,119,1.81
TC00002990,TOP0092,V00000844,2026-07-27 09:57:06,58,1.82
TC00002991,TOP0031,V00013363,2026-08-01 00:00:00,99,1.61
TC00002992,TOP0005,V00002144,2026-07-02 00:04:15,286,1.2
TC00002993,TOP0105,V00000957,2026-06-09 13:18:08,16,2.11
TC00002994,TOP0090,V00011876,2026-07-23 00:00:00,401,3.39
TC00002995,TOP0086,V00010748,2026-06-11 01:38:45,269,1.93
TC00002996,TOP0080,V00013425,2026-05-15 05:53:54,184,3.41
TC00002997,TOP0022,V00014084,2026-08-15 12:02:48,137,3.4
TC00002998,TOP0099,V00013213,2026-08-24 01:59:16,355,2.95
TC00002999,TOP0009,V00005884,2026-05-07 12:39:57,81,1.3
TC00003000,TOP0066,V00010437,2026-08-15 06:23:39,243,3.44
TC00003001,TOP0024,V00014400,2026-08-25 22:55:30,287,2.74
TC00003002,TOP0011,V00010008,2026-02-12 00:00:00,68,2.37
TC00003003,TOP0044,V00005487,2026-06-01 00:00:00,442,2.36
TC00003004,TOP0048,V00011237,2026-04-06 00:00:00,29,2.76
TC00003005,TOP0031,V00006799,2026-08-01 00:00:00,61,1.95
TC00003006,TOP0046,V00011326,2026-05-11 00:00:00,166,2.44
TC00003007,TOP0007,V00011230,2026-05-29 00:00:00,276,2.57
TC00003008,TOP0076,V00000946,2026-06-04 08:51:51,283,3.05
TC00003009,TOP0060,V00013476,2026-08-04 00:00:00,194,2.7
TC00003010,TOP0106,V00010174,2026-07-05 02:18:30,314,2.01
TC00003011,TOP0103,V00014049,2026-07-04 00:00:00,260,1.59
TC00003012,TOP0068,V00011632,2026-08-02 11:26:17,403,1.71
TC00003013,TOP0118,V00010717,2026-04-30 00:00:00,277,2.6
TC00003014,TOP0090,V00014208,2026-07-23 00:00:00,415,2.6
TC00003015,TOP0003,V00006835,2026-07-18 05:55:22,148,3.34
TC00003016,TOP0020,V00001913,2026-08-25 05:21:57,131,3.21
TC00003017,TOP0049,V00004862,2026-04-22 22:59:22,401,3.45
TC00003018,TOP0045,V00011362,2026-05-07 17:06:51,336,1.13
TC00003019,TOP0030,V00004396,2026-07-28 00:00:00,338,3.02
TC00003020,TOP0047,V00009052,2026-05-31 00:00:00,90,2.32
TC00003021,TOP0064,V00009014,2026-07-11 19:57:25,25,2.44
TC00003022,TOP0094,V00002766,2026-08-01 13:24:16,223,1.06
TC00003023,TOP0020,V00013151,2026-04-13 22:07:25,97,3.31
TC00003024,TOP0096,V00003921,2026-03-07 03:11:13,164,3.11
TC00003025,TOP0078,V00009415,2026-06-26 13:17:17,234,1.32
TC00003026,TOP0055,V00000866,2026-05-08 00:00:00,42,3.47
TC00003027,TOP0081,V00007594,2026-08-18 10:48:07,445,3.01
TC00003028,TOP0070,V00004460,2026-04-23 00:00:00,13,2.4
TC00003029,TOP0028,V00006117,2026-05-22 05:44:40,304,1.56
TC00003030,TOP0022,V00001480,2026-07-04 11:49:39,181,1.76
TC00003031,TOP0113,V00011064,2026-06-15 00:00:00,254,2.92
TC00003032,TOP0020,V00011923,2026-05-25 15:08:43,319,1.6
TC00003033,TOP0096,V00007428,2026-07-15 07:23:22,35,2.8
TC00003034,TOP0045,V00006504,2026-08-07 02:50:42,327,1.99
TC00003035,TOP0017,V00003344,2026-04-13 14:07:09,291,3.19
TC00003036,TOP0032,V00008374,2026-08-13 19:57:30,409,1.98
TC00003037,TOP0041,V00013283,2026-04-25 10:19:57,305,1.67
TC00003038,TOP0067,V00011324,2026-02-14 00:51:34,369,3.31
TC00003039,TOP0064,V00004874,2026-03-28 00:00:00,268,1.35
TC00003040,TOP0006,V00000205,2026-04-17 09:13:12,191,1.55
TC00003041,TOP0038,V00000192,2026-04-28 00:00:00,8,2.4
TC00003042,TOP0045,V00011951,2026-05-04 00:00:00,282,2.65
TC00003043,TOP0055,V00006362,2026-08-27 21:38:14,419,2.43
TC00003044,TOP0023,V00009566,2026-06-21 22:09:17,205,1.38
TC00003045,TOP0004,V00013790,2026-04-15 00:00:00,478,2.05
TC00003046,TOP0071,V00000967,2026-07-09 06:44:25,260,3.39
TC00003047,TOP0087,V00007761,2026-08-07 11:50:03,472,2.3
TC00003048,TOP0010,V00011775,2026-03-13 00:00:00,417,1.17
TC00003049,TOP0033,V00009334,2026-07-08 12:07:39,367,2.6
TC00003050,TOP0115,V00002307,2026-05-10 00:00:00,436,3.43
TC00003051,TOP0033,V00001545,2026-03-10 04:01:57,147,3.38
TC00003052,TOP0051,V00012113,2026-08-11 18:13:32,301,3.38
TC00003053,TOP0026,V00000836,2026-06-06 00:00:00,406,3.47
TC00003054,TOP0005,V00003589,2026-08-13 18:57:16,36,2.19
TC00003055,TOP0020,V00008246,2026-08-28 09:57:18,255,2.5
TC00003056,TOP0087,V00004121,2026-06-22 18:42:07,397,2.03
TC00003057,TOP0091,V00005056,2026-06-23 18:08:35,260,1.58
TC00003058,TOP0024,V00005181,2026-05-18 00:00:00,388,3.18
TC00003059,TOP0049,V00012492,2026-05-19 12:57:38,14,3.02
TC00003060,TOP0065,V00007344,2026-05-21 01:36:52,362,2.1
TC00003061,TOP0053,V00012271,2026-08-16 16:09:04,407,1.38
TC00003062,TOP0116,V00003330,2026-07-11 11:29:30,490,2.19
TC00003063,TOP0036,V00004906,2026-06-26 00:00:00,136,2.16
TC00003064,TOP0085,V00002743,2026-07-10 00:00:00,151,2.37
TC00003065,TOP0019,V00002319,2026-07-31 01:24:23,324,3.3
TC00003066,TOP0032,V00006750,2026-06-27 00:00:00,420,3.29
TC00003067,TOP0044,V00002352,2026-06-01 00:00:00,358,2.91
TC00003068,TOP0061,V00000810,2026-06-13 06:56:09,180,2.8
TC00003069,TOP0087,V00006575,2026-01-29 03:46:46,72,1.5
TC00003070,TOP0094,V00012828,2026-07-09 00:00:00,257,1.43
TC00003071,TOP0012,V00001194,2026-02-07 22:27:09,380,2.49
TC00003072,TOP0115,V00014451,2026-05-10 00:00:00,369,1.26
TC00003073,TOP0115,V00012622,2026-05-10 00:00:00,153,2.43
TC00003074,TOP0053,V00001154,2026-04-26 00:00:00,111,3.1
TC00003075,TOP0024,V00010427,2026-05-18 00:00:00,6,2.61
TC00003076,TOP0024,V00011907,2026-06-29 05:09:45,189,1.69
TC00003077,TOP0070,V00004640,2026-05-11 15:12:28,160,3.42
TC00003078,TOP0079,V00009422,2026-06-28 00:00:00,397,2.93
TC00003079,TOP0095,V00008844,2026-08-26 15:05:58,247,2.12
TC00003080,TOP0110,V00008379,2026-06-07 19:00:25,495,1.52
TC00003081,TOP0092,V00003427,2026-04-14 23:46:48,279,1.52
TC00003082,TOP0056,V00004959,2026-08-07 00:00:00,174,3.17
TC00003083,TOP0029,V00013347,2026-05-24 00:00:00,203,1.39
TC00003084,TOP0114,V00004418,2026-03-08 00:00:00,42,3.02
TC00003085,TOP0010,V00008516,2026-08-05 19:53:32,234,2.75
TC00003086,TOP0088,V00011663,2026-08-05 02:53:48,49,3.29
TC00003087,TOP0008,V00012112,2026-08-20 18:14:33,107,1.75
TC00003088,TOP0102,V00000986,2026-06-29 00:00:00,75,3.28
TC00003089,TOP0108,V00004998,2026-07-11 00:00:00,224,3.43
TC00003090,TOP0024,V00001831,2026-05-18 00:00:00,290,2.57
TC00003091,TOP0101,V00008272,2026-07-26 15:16:59,484,2.08
TC00003092,TOP0060,V00011948,2026-08-04 00:00:00,271,2.67
TC00003093,TOP0054,V00003412,2026-05-09 00:00:00,120,1.21
TC00003094,TOP0006,V00003182,2026-08-01 07:16:16,405,3.47
TC00003095,TOP0022,V00007380,2026-04-03 18:12:51,387,3.38
TC00003096,TOP0046,V00001398,2026-07-16 15:08:03,218,1.24
TC00003097,TOP0001,V00000665,2026-08-04 18:33:06,233,3.04
TC00003098,TOP0083,V00003922,2026-08-10 13:40:04,22,2.97
TC00003099,TOP0004,V00004663,2026-04-30 21:05:12,392,1.99
TC00003100,TOP0038,V00000152,2026-08-08 16:23:33,465,2.17
TC00003101,TOP0099,V00007526,2026-07-03 00:00:00,102,2.57
TC00003102,TOP0011,V00014891,2026-03-04 08:48:24,83,1.55
TC00003103,TOP0051,V00003542,2026-08-26 02:22:31,408,3.27
TC00003104,TOP0064,V00008443,2026-04-20 22:10:52,185,1.73
TC00003105,TOP0016,V00011863,2026-06-24 01:07:53,65,1.42
TC00003106,TOP0006,V00008118,2026-03-09 00:00:00,405,2.6
TC00003107,TOP0078,V00002810,2026-07-25 05:09:10,139,2.08
TC00003108,TOP0099,V00009163,2026-07-03 00:00:00,272,3.14
TC00003109,TOP0069,V00013969,2026-04-19 17:20:02,475,1.35
TC00003110,TOP0040,V00000184,2026-07-19 12:37:59,55,2.43
TC00003111,TOP0015,V00008651,2026-04-26 00:00:00,89,3.13
TC00003112,TOP0050,V00004252,2026-07-29 17:00:55,270,1.1
TC00003113,TOP0079,V00009618,2026-08-22 07:32:06,266,2.57
TC00003114,TOP0002,V00006793,2026-08-11 13:11:09,472,3.11
TC00003115,TOP0066,V00007988,2026-06-16 20:34:32,262,1.11
TC00003116,TOP0054,V00003695,2026-05-26 05:47:07,404,1.36
TC00003117,TOP0001,V00002165,2026-04-09 00:00:00,304,3.01
TC00003118,TOP0015,V00005761,2026-04-26 00:00:00,100,2.05
TC00003119,TOP0019,V00011400,2026-06-30 16:13:43,200,2.51
TC00003120,TOP0106,V00013809,2026-06-18 18:54:52,24,1.68
TC00003121,TOP0001,V00012479,2026-07-06 15:08:21,273,3.07
TC00003122,TOP0080,V00004135,2026-07-08 18:24:06,18,1.57
TC00003123,TOP0068,V00011154,2026-01-29 00:00:00,32,3.14
TC00003124,TOP0016,V00005311,2026-05-15 00:00:00,450,3.0
TC00003125,TOP0041,V00005818,2026-04-10 00:00:00,145,2.21
TC00003126,TOP0090,V00002791,2026-07-23 00:00:00,427,2.35
TC00003127,TOP0049,V00006937,2026-03-05 00:00:00,311,3.08
TC00003128,TOP0059,V00004066,2026-08-09 13:04:42,359,1.94
TC00003129,TOP0061,V00014012,2026-04-16 00:00:00,260,1.41
TC00003130,TOP0091,V00001154,2026-06-04 00:00:00,196,1.41
TC00003131,TOP0030,V00010608,2026-08-27 05:03:05,461,1.99
TC00003132,TOP0001,V00005268,2026-06-20 01:36:32,173,2.67
TC00003133,TOP0026,V00002960,2026-06-06 00:00:00,173,2.14
TC00003134,TOP0056,V00008857,2026-08-07 00:00:00,253,1.48
TC00003135,TOP0076,V00007648,2026-08-21 13:44:05,48,1.06
TC00003136,TOP0016,V00012421,2026-05-15 00:00:00,106,2.73
TC00003137,TOP0083,V00003218,2026-08-11 19:05:00,9,2.8
TC00003138,TOP0118,V00014583,2026-08-14 15:00:06,214,2.34
TC00003139,TOP0057,V00001573,2026-05-11 08:14:58,92,1.2
TC00003140,TOP0012,V00008873,2026-08-24 05:40:39,302,1.11
TC00003141,TOP0057,V00000648,2026-08-03 04:58:31,233,1.3
TC00003142,TOP0025,V00000115,2026-07-04 00:00:00,420,3.06
TC00003143,TOP0071,V00005219,2026-02-26 17:13:04,294,2.37
TC00003144,TOP0007,V00014838,2026-05-29 00:00:00,202,1.66
TC00003145,TOP0050,V00009774,2026-08-08 12:43:57,339,1.02
TC00003146,TOP0066,V00006762,2026-05-05 23:23:09,391,1.16
TC00003147,TOP0075,V00009805,2026-07-31 08:00:00,338,3.08
TC00003148,TOP0085,V00003655,2026-07-10 00:00:00,195,2.79
TC00003149,TOP0115,V00001951,2026-08-22 09:54:23,392,3.22
TC00003150,TOP0053,V00008903,2026-07-04 12:06:03,462,3.22
TC00003151,TOP0045,V00009236,2026-05-04 00:00:00,357,3.4
TC00003152,TOP0041,V00010967,2026-04-26 15:23:41,48,2.25
TC00003153,TOP0031,V00005583,2026-08-01 00:00:00,56,1.07
TC00003154,TOP0039,V00006879,2026-04-16 09:04:15,101,2.72
TC00003155,TOP0011,V00002572,2026-06-03 10:10:36,137,2.93
TC00003156,TOP0018,V00008386,2026-04-07 00:00:00,327,2.3
TC00003157,TOP0040,V00012284,2026-05-07 12:19:42,144,1.61
TC00003158,TOP0091,V00011729,2026-08-11 07:04:44,280,1.6
TC00003159,TOP0041,V00013424,2026-08-25 04:05:39,346,3.2
TC00003160,TOP0110,V00000292,2026-07-05 15:58:33,294,2.46
TC00003161,TOP0105,V00004544,2026-05-30 03:00:13,493,1.25
TC00003162,TOP0058,V00009280,2026-05-01 09:36:03,493,2.07
TC00003163,TOP0014,V00004049,2026-01-15 00:00:00,458,2.04
TC00003164,TOP0065,V00014967,2026-07-19 06:22:09,42,2.2
TC00003165,TOP0046,V00011717,2026-05-11 00:00:00,500,2.43
TC00003166,TOP0078,V00002034,2026-07-13 22:24:45,346,3.31
TC00003167,TOP0016,V00014038,2026-05-15 00:00:00,36,2.21
TC00003168,TOP0079,V00002448,2026-07-06 17:38:50,256,2.02
TC00003169,TOP0031,V00012571,2026-08-07 14:19:12,352,1.67
TC00003170,TOP0059,V00007053,2026-08-02 19:20:07,306,3.07
TC00003171,TOP0016,V00007000,2026-05-15 00:00:00,115,2.22
TC00003172,TOP0044,V00006367,2026-06-01 00:00:00,422,2.87
TC00003173,TOP0068,V00013695,2026-08-13 04:55:24,27,1.47
TC00003174,TOP0118,V00012318,2026-04-30 20:24:19,94,3.07
TC00003175,TOP0085,V00002382,2026-07-10 00:00:00,228,3.05
TC00003176,TOP0074,V00007380,2026-06-09 00:00:00,280,2.39
TC00003177,TOP0059,V00010949,2026-05-01 00:00:00,280,1.73
TC00003178,TOP0021,V00010981,2026-07-13 00:00:00,60,2.63
TC00003179,TOP0069,V00012637,2026-07-12 23:21:58,402,3.39
TC00003180,TOP0004,V00007029,2026-07-29 12:24:49,403,2.46
TC00003181,TOP0003,V00009984,2026-07-05 00:00:00,217,2.31
TC00003182,TOP0055,V00014282,2026-05-08 00:00:00,30,1.17
TC00003183,TOP0004,V00008877,2026-04-15 00:00:00,94,2.26
TC00003184,TOP0009,V00006307,2026-06-05 13:53:29,449,3.42
TC00003185,TOP0093,V00013275,2026-08-16 15:58:02,380,1.62
TC00003186,TOP0109,V00010497,2026-08-16 23:37:26,398,1.3
TC00003187,TOP0015,V00013317,2026-07-24 23:09:30,376,3.4
TC00003188,TOP0059,V00002958,2026-05-01 00:00:00,284,1.81
TC00003189,TOP0029,V00003733,2026-05-24 00:00:00,136,3.25
TC00003190,TOP0038,V00004998,2026-05-24 15:58:38,27,1.59
TC00003191,TOP0050,V00012122,2026-05-23 00:00:00,125,2.58
TC00003192,TOP0115,V00000947,2026-05-10 00:00:00,34,1.29
TC00003193,TOP0098,V00001736,2026-06-17 22:04:44,211,2.4
TC00003194,TOP0069,V00005561,2026-02-10 00:20:25,429,2.73
TC00003195,TOP0018,V00011156,2026-08-20 01:26:40,131,1.35
TC00003196,TOP0015,V00010372,2026-05-09 21:29:25,379,1.91
TC00003197,TOP0050,V00011311,2026-05-23 00:00:00,67,2.63
TC00003198,TOP0027,V00007515,2026-04-01 00:00:00,122,2.84
TC00003199,TOP0035,V00008212,2026-08-11 19:54:47,26,3.32
TC00003200,TOP0070,V00002732,2026-08-08 19:30:41,89,2.52
TC00003201,TOP0042,V00010167,2026-07-16 09:21:19,439,1.17
TC00003202,TOP0110,V00012541,2026-03-31 08:19:05,266,3.22
TC00003203,TOP0054,V00012722,2026-05-09 00:00:00,98,1.56
TC00003204,TOP0113,V00010078,2026-07-21 07:56:46,262,2.94
TC00003205,TOP0070,V00004008,2026-05-26 11:36:20,105,2.84
TC00003206,TOP0110,V00002294,2026-08-17 07:38:07,168,3.17
TC00003207,TOP0096,V00003587,2026-08-16 05:43:32,329,2.87
TC00003208,TOP0039,V00014129,2026-03-12 22:33:03,466,1.07
TC00003209,TOP0117,V00008753,2026-06-04 03:20:43,376,2.15
TC00003210,TOP0048,V00011945,2026-08-10 02:25:58,14,3.36
TC00003211,TOP0075,V00014531,2026-06-02 16:25:45,181,1.39
TC00003212,TOP0099,V00006287,2026-07-03 00:00:00,488,1.11
TC00003213,TOP0074,V00011228,2026-06-30 00:08:11,77,3.2
TC00003214,TOP0119,V00012406,2026-05-09 21:37:07,264,1.68
TC00003215,TOP0032,V00005262,2026-06-27 00:00:00,322,1.56
TC00003216,TOP0044,V00011938,2026-06-01 00:00:00,355,2.93
TC00003217,TOP0023,V00004938,2026-07-31 17:02:59,341,3.11
TC00003218,TOP0042,V00005155,2026-04-29 00:00:00,313,2.63
TC00003219,TOP0068,V00014396,2026-07-26 09:44:00,423,2.02
TC00003220,TOP0119,V00011805,2026-07-07 00:40:44,263,2.96
TC00003221,TOP0108,V00010331,2026-07-11 00:00:00,279,2.75
TC00003222,TOP0061,V00003501,2026-04-24 19:10:04,132,2.33
TC00003223,TOP0015,V00004028,2026-06-13 03:52:24,343,2.3
TC00003224,TOP0087,V00014530,2026-08-13 00:57:42,277,3.13
TC00003225,TOP0076,V00005846,2026-05-20 08:14:55,158,3.21
TC00003226,TOP0111,V00010607,2026-03-09 15:19:49,264,2.45
TC00003227,TOP0049,V00012700,2026-06-20 13:28:54,288,3.01
TC00003228,TOP0045,V00004552,2026-08-28 20:05:27,386,1.31
TC00003229,TOP0114,V00006331,2026-06-04 00:30:42,468,1.19
TC00003230,TOP0029,V00001916,2026-07-26 11:59:43,200,2.77
TC00003231,TOP0104,V00005491,2026-07-17 05:17:45,323,2.27
TC00003232,TOP0067,V00001309,2026-07-27 04:05:30,189,1.05
TC00003233,TOP0067,V00007531,2026-06-24 10:15:40,182,2.39
TC00003234,TOP0042,V00008377,2026-07-19 21:39:37,53,1.64
TC00003235,TOP0074,V00007962,2026-06-18 01:08:01,264,1.39
TC00003236,TOP0086,V00011363,2026-01-15 18:04:52,284,2.52
TC00003237,TOP0085,V00010576,2026-07-26 00:07:06,358,3.17
TC00003238,TOP0022,V00010174,2026-07-05 02:18:30,57,2.01
TC00003239,TOP0074,V00010298,2026-06-09 00:00:00,316,2.53
TC00003240,TOP0007,V00012257,2026-05-30 07:16:36,340,3.37
TC00003241,TOP0085,V00004207,2026-07-10 00:00:00,219,2.58
TC00003242,TOP0071,V00014582,2026-02-16 02:52:59,221,2.57
TC00003243,TOP0016,V00003733,2026-05-15 00:00:00,1,2.24
TC00003244,TOP0027,V00002702,2026-04-01 00:00:00,355,2.19
TC00003245,TOP0042,V00010959,2026-04-29 00:00:00,98,3.04
TC00003246,TOP0064,V00001963,2026-06-05 11:45:27,318,1.24
TC00003247,TOP0001,V00009357,2026-04-09 00:00:00,160,1.66
TC00003248,TOP0066,V00008752,2026-03-03 12:12:58,212,2.14
TC00003249,TOP0085,V00005524,2026-07-10 00:00:00,109,2.78
TC00003250,TOP0105,V00004757,2026-08-08 11:06:26,302,2.66
TC00003251,TOP0027,V00012251,2026-08-25 13:17:01,108,2.82
TC00003252,TOP0033,V00005056,2026-06-23 18:08:35,138,1.41
TC00003253,TOP0114,V00006964,2026-04-26 05:49:27,362,1.69
TC00003254,TOP0001,V00009838,2026-04-09 00:00:00,388,3.24
TC00003255,TOP0095,V00014629,2026-06-17 00:00:00,91,2.63
TC00003256,TOP0027,V00006903,2026-08-03 02:00:00,359,3.14
TC00003257,TOP0025,V00000712,2026-07-04 00:00:00,413,2.03
TC00003258,TOP0066,V00003370,2026-03-14 19:30:28,478,1.76
TC00003259,TOP0019,V00005154,2026-05-27 21:07:19,312,3.28
TC00003260,TOP0062,V00014090,2026-04-24 19:47:32,474,1.6
TC00003261,TOP0056,V00004779,2026-08-07 00:00:00,325,2.87
TC00003262,TOP0063,V00013135,2026-06-29 00:00:00,137,2.07
TC00003263,TOP0070,V00008264,2026-05-31 17:56:54,338,2.43
TC00003264,TOP0055,V00000812,2026-05-08 00:00:00,383,3.46
TC00003265,TOP0068,V00012570,2026-07-20 22:49:06,12,1.3
TC00003266,TOP0001,V00011839,2026-04-09 00:00:00,29,1.97
TC00003267,TOP0022,V00001455,2026-01-26 00:23:49,78,3.14
TC00003268,TOP0043,V00011549,2026-05-19 10:06:24,54,2.81
TC00003269,TOP0049,V00011363,2026-03-05 00:00:00,384,1.03
TC00003270,TOP0048,V00008863,2026-07-14 10:53:09,126,2.63
TC00003271,TOP0100,V00006536,2026-08-22 12:09:28,154,1.72
TC00003272,TOP0021,V00011182,2026-08-27 16:55:41,153,1.75
TC00003273,TOP0048,V00009942,2026-07-23 17:51:26,345,3.0
TC00003274,TOP0013,V00012923,2026-07-16 23:42:18,61,2.37
TC00003275,TOP0070,V00007387,2026-08-25 21:15:10,163,1.11
TC00003276,TOP0115,V00009005,2026-08-06 03:28:13,229,1.05
TC00003277,TOP0010,V00006468,2026-08-03 17:27:34,138,1.62
TC00003278,TOP0065,V00014806,2026-07-29 01:28:42,160,1.49
TC00003279,TOP0090,V00003419,2026-07-23 00:00:00,299,1.93
TC00003280,TOP0024,V00009005,2026-08-06 03:28:13,67,3.18
TC00003281,TOP0040,V00001033,2026-04-21 17:16:01,482,1.56
TC00003282,TOP0003,V00007784,2026-07-05 00:00:00,356,1.7
TC00003283,TOP0120,V00007091,2026-05-22 18:33:54,394,3.29
TC00003284,TOP0003,V00000026,2026-07-11 11:29:13,43,1.71
TC00003285,TOP0009,V00004535,2026-06-21 23:53:34,453,3.25
TC00003286,TOP0087,V00006561,2026-03-30 09:27:28,392,3.0
TC00003287,TOP0026,V00007589,2026-06-06 00:00:00,51,1.37
TC00003288,TOP0007,V00012954,2026-05-29 00:00:00,417,2.57
TC00003289,TOP0043,V00006274,2026-07-24 20:16:08,75,2.35
TC00003290,TOP0010,V00000247,2026-08-24 12:51:26,239,2.98
TC00003291,TOP0047,V00007889,2026-07-25 08:58:46,255,1.05
TC00003292,TOP0010,V00012885,2026-07-06 20:59:28,143,1.29
TC00003293,TOP0100,V00009707,2026-03-11 00:00:00,119,1.01
TC00003294,TOP0048,V00011157,2026-05-07 09:04:19,417,1.86
TC00003295,TOP0059,V00001418,2026-05-01 00:00:00,248,3.23
TC00003296,TOP0003,V00004027,2026-07-05 00:00:00,160,2.28
TC00003297,TOP0001,V00008828,2026-08-18 07:19:35,428,3.12
TC00003298,TOP0109,V00002459,2026-04-21 05:58:16,68,1.57
TC00003299,TOP0011,V00007926,2026-04-20 19:28:34,388,1.44
TC00003300,TOP0008,V00007033,2026-07-26 00:00:00,238,2.19
TC00003301,TOP0003,V00012482,2026-07-05 00:00:00,411,2.13
TC00003302,TOP0017,V00000417,2026-04-11 08:12:35,450,2.96
TC00003303,TOP0035,V00009438,2026-07-06 22:55:33,261,3.06
TC00003304,TOP0057,V00008175,2026-04-21 21:32:35,315,1.4
TC00003305,TOP0011,V00004605,2026-02-23 19:14:21,223,3.46
TC00003306,TOP0035,V00010606,2026-08-17 01:10:36,309,3.39
TC00003307,TOP0054,V00003744,2026-05-11 02:24:49,286,1.35
TC00003308,TOP0086,V00012348,2026-07-11 09:02:05,416,3.35
TC00003309,TOP0115,V00004617,2026-08-09 09:08:38,11,2.32
TC00003310,TOP0098,V00008824,2026-06-30 10:09:23,273,3.11
TC00003311,TOP0109,V00010410,2026-08-03 12:08:17,394,2.44
TC00003312,TOP0110,V00008121,2026-03-08 15:18:32,106,1.01
TC00003313,TOP0064,V00000149,2026-03-28 00:00:00,71,3.12
TC00003314,TOP0016,V00010131,2026-08-07 10:50:38,419,2.21
TC00003315,TOP0017,V00014524,2026-08-15 01:09:25,238,3.17
TC00003316,TOP0118,V00010125,2026-05-22 19:14:45,107,2.37
TC00003317,TOP0100,V00000925,2026-03-11 00:00:00,143,3.41
TC00003318,TOP0060,V00000281,2026-08-04 03:05:54,221,1.96
TC00003319,TOP0107,V00005195,2026-07-22 00:00:00,163,3.41
TC00003320,TOP0076,V00006465,2026-05-04 00:00:00,493,1.23
TC00003321,TOP0001,V00004664,2026-04-28 06:35:29,150,2.56
TC00003322,TOP0044,V00012088,2026-06-06 21:16:50,59,2.43
TC00003323,TOP0010,V00013063,2026-07-04 09:16:48,37,2.67
TC00003324,TOP0089,V00001137,2026-02-08 00:00:00,89,1.41
TC00003325,TOP0068,V00013349,2026-08-02 22:43:02,325,2.21
TC00003326,TOP0016,V00001584,2026-07-23 10:53:41,458,1.86
TC00003327,TOP0006,V00008905,2026-07-26 16:04:32,83,3.0
TC00003328,TOP0079,V00008294,2026-06-28 00:00:00,337,2.06
TC00003329,TOP0024,V00010008,2026-05-18 00:00:00,76,3.27
TC00003330,TOP0096,V00004150,2026-01-26 19:59:38,339,1.14
TC00003331,TOP0086,V00014049,2026-04-18 12:40:21,222,2.48
TC00003332,TOP0011,V00001886,2026-08-14 03:14:58,140,1.75
TC00003333,TOP0091,V00003388,2026-08-09 08:40:36,126,2.41
TC00003334,TOP0026,V00014948,2026-06-06 00:00:00,203,2.76
TC00003335,TOP0066,V00001543,2026-06-21 07:35:19,412,1.36
TC00003336,TOP0100,V00014365,2026-03-24 03:27:55,47,1.92
TC00003337,TOP0115,V00005829,2026-06-17 11:48:22,343,2.09
TC00003338,TOP0044,V00001210,2026-06-01 00:00:00,3,1.18
TC00003339,TOP0026,V00012256,2026-06-06 00:00:00,485,1.34
TC00003340,TOP0044,V00001003,2026-06-01 00:00:00,66,1.07
TC00003341,TOP0078,V00003654,2026-05-24 02:48:20,433,3.27
TC00003342,TOP0036,V00009833,2026-06-26 00:00:00,324,1.44
TC00003343,TOP0106,V00007588,2026-03-16 01:53:03,418,2.73
TC00003344,TOP0095,V00009831,2026-06-17 00:00:00,94,1.58
TC00003345,TOP0116,V00004410,2026-08-05 18:14:40,385,2.1
TC00003346,TOP0004,V00013529,2026-08-11 22:28:14,281,2.79
TC00003347,TOP0103,V00012954,2026-07-04 00:00:00,277,1.28
TC00003348,TOP0104,V00006153,2026-06-11 11:26:00,467,1.18
TC00003349,TOP0106,V00005260,2026-03-15 03:14:51,484,2.35
TC00003350,TOP0015,V00003627,2026-04-26 00:00:00,245,2.51
TC00003351,TOP0045,V00005335,2026-05-04 00:00:00,301,3.48
TC00003352,TOP0080,V00000381,2026-05-23 00:45:09,398,3.42
TC00003353,TOP0105,V00014579,2026-08-11 19:28:28,376,1.86
TC00003354,TOP0098,V00007332,2026-05-22 21:23:47,223,1.34
TC00003355,TOP0032,V00008880,2026-06-27 00:00:00,326,1.23
TC00003356,TOP0070,V00005593,2026-07-01 14:07:41,291,3.12
TC00003357,TOP0015,V00011247,2026-07-02 08:15:00,460,2.32
TC00003358,TOP0003,V00005338,2026-07-05 00:00:00,63,1.63
TC00003359,TOP0091,V00001470,2026-06-04 00:00:00,118,2.98
TC00003360,TOP0063,V00006096,2026-06-29 00:00:00,307,1.18
TC00003361,TOP0010,V00003483,2026-07-19 14:52:24,63,1.26
TC00003362,TOP0053,V00006633,2026-05-26 02:50:46,287,3.13
TC00003363,TOP0040,V00006845,2026-05-14 12:08:52,129,2.83
TC00003364,TOP0072,V00004129,2026-04-21 04:30:14,453,1.26
TC00003365,TOP0049,V00007465,2026-03-24 14:08:37,201,1.33
TC00003366,TOP0050,V00014153,2026-05-23 00:00:00,3,2.1
TC00003367,TOP0103,V00003532,2026-07-04 00:00:00,176,3.13
TC00003368,TOP0013,V00010683,2026-03-03 17:33:24,69,1.77
TC00003369,TOP0045,V00007769,2026-05-04 00:00:00,337,2.55
TC00003370,TOP0080,V00005292,2026-07-19 16:31:32,1,1.05
TC00003371,TOP0037,V00003654,2026-07-15 00:00:00,279,2.94
TC00003372,TOP0006,V00012910,2026-06-12 01:22:52,52,2.78
TC00003373,TOP0110,V00010933,2026-02-16 11:32:33,285,3.29
TC00003374,TOP0118,V00008059,2026-05-15 05:47:53,114,3.14
TC00003375,TOP0032,V00012708,2026-08-20 21:57:44,288,2.74
TC00003376,TOP0120,V00010246,2026-05-16 00:00:00,378,2.12
TC00003377,TOP0042,V00010289,2026-04-29 00:00:00,371,1.89
TC00003378,TOP0015,V00000836,2026-04-26 00:00:00,287,2.22
TC00003379,TOP0119,V00008960,2026-08-25 13:57:26,66,1.99
TC00003380,TOP0116,V00004077,2026-06-04 16:15:17,364,2.98
TC00003381,TOP0049,V00013331,2026-03-05 00:00:00,160,2.37
TC00003382,TOP0027,V00011848,2026-04-16 04:38:48,433,1.05
TC00003383,TOP0098,V00006451,2026-02-26 00:00:00,222,1.17
TC00003384,TOP0064,V00011421,2026-05-24 18:07:52,224,3.04
TC00003385,TOP0104,V00006315,2026-08-04 06:34:30,442,1.56
TC00003386,TOP0103,V00014025,2026-08-15 23:09:03,475,3.3
TC00003387,TOP0086,V00007467,2026-04-13 05:19:21,250,2.87
TC00003388,TOP0028,V00003042,2026-08-03 02:43:20,489,3.36
TC00003389,TOP0078,V00013006,2026-03-03 00:00:00,43,1.1
TC00003390,TOP0116,V00002077,2026-06-13 02:09:10,430,2.14
TC00003391,TOP0102,V00006521,2026-06-29 00:00:00,494,2.14
TC00003392,TOP0077,V00013479,2026-06-30 23:46:02,141,2.91
TC00003393,TOP0106,V00014633,2026-05-30 00:08:25,310,3.13
TC00003394,TOP0105,V00004511,2026-06-09 11:33:56,401,1.9
TC00003395,TOP0077,V00004669,2026-04-24 21:57:22,182,1.25
TC00003396,TOP0077,V00004928,2026-06-05 18:11:06,89,2.59
TC00003397,TOP0113,V00005615,2026-07-27 12:21:22,277,1.09
TC00003398,TOP0063,V00014575,2026-08-20 02:45:02,409,1.76
TC00003399,TOP0075,V00002484,2026-05-27 00:00:00,180,1.53
TC00003400,TOP0055,V00001677,2026-08-16 22:45:06,29,1.82
TC00003401,TOP0043,V00007988,2026-06-16 20:34:32,443,2.71
TC00003402,TOP0102,V00004136,2026-06-29 00:00:00,11,3.33
TC00003403,TOP0053,V00008579,2026-04-29 00:45:56,340,1.38
TC00003404,TOP0064,V00014842,2026-03-28 00:00:00,283,1.6
TC00003405,TOP0061,V00006166,2026-04-24 20:02:56,277,1.97
TC00003406,TOP0073,V00001678,2026-03-27 00:00:00,354,1.53
TC00003407,TOP0021,V00011803,2026-07-13 00:00:00,198,2.48
TC00003408,TOP0086,V00014398,2026-04-03 21:34:20,26,1.36
TC00003409,TOP0074,V00014177,2026-08-27 18:51:08,55,2.0
TC00003410,TOP0067,V00012992,2026-05-09 08:41:13,246,2.86
TC00003411,TOP0035,V00012224,2026-03-27 00:00:00,457,1.65
TC00003412,TOP0058,V00009487,2026-07-18 19:22:27,247,1.58
TC00003413,TOP0076,V00011307,2026-07-25 21:36:45,102,3.28
TC00003414,TOP0042,V00009528,2026-04-29 00:00:00,5,3.07
TC00003415,TOP0033,V00002963,2026-07-13 17:00:48,110,1.89
TC00003416,TOP0046,V00001541,2026-05-11 00:00:00,131,1.78
TC00003417,TOP0063,V00009617,2026-06-29 00:00:00,110,3.25
TC00003418,TOP0028,V00009599,2026-03-31 22:15:38,235,2.41
TC00003419,TOP0007,V00013764,2026-05-29 00:00:00,368,1.98
TC00003420,TOP0033,V00012553,2026-03-05 15:04:06,496,1.4
TC00003421,TOP0044,V00002214,2026-08-01 21:09:13,175,2.54
TC00003422,TOP0074,V00009439,2026-08-02 02:02:01,118,3.0
TC00003423,TOP0004,V00000672,2026-04-15 00:00:00,471,2.27
TC00003424,TOP0006,V00008694,2026-06-26 04:48:14,382,1.78
TC00003425,TOP0098,V00000503,2026-02-26 00:00:00,377,1.93
TC00003426,TOP0088,V00008640,2026-05-22 07:40:35,449,1.98
TC00003427,TOP0027,V00006422,2026-08-08 23:20:11,405,3.36
TC00003428,TOP0036,V00012489,2026-06-26 00:00:00,227,1.47
TC00003429,TOP0037,V00014376,2026-07-15 00:00:00,244,1.61
TC00003430,TOP0022,V00014562,2026-02-02 06:26:53,494,2.32
TC00003431,TOP0058,V00001221,2026-03-23 00:00:00,497,2.16
TC00003432,TOP0036,V00012641,2026-08-09 23:56:38,67,3.23
TC00003433,TOP0013,V00004959,2026-02-25 16:13:07,177,1.68
TC00003434,TOP0013,V00007789,2026-02-15 00:00:00,390,1.01
TC00003435,TOP0104,V00007087,2026-06-20 17:19:51,337,3.41
TC00003436,TOP0063,V00014470,2026-08-24 21:12:40,431,2.88
TC00003437,TOP0063,V00002142,2026-06-29 00:00:00,254,1.47
TC00003438,TOP0094,V00008169,2026-07-09 00:00:00,109,2.66
TC00003439,TOP0006,V00014507,2026-05-08 12:39:01,135,2.64
TC00003440,TOP0026,V00006809,2026-06-17 14:52:58,81,1.34
TC00003441,TOP0007,V00003540,2026-05-29 00:00:00,487,1.12
TC00003442,TOP0109,V00000336,2026-04-02 00:00:00,449,3.46
TC00003443,TOP0114,V00007745,2026-03-09 21:11:06,375,2.37
TC00003444,TOP0088,V00012070,2026-06-20 04:53:01,63,1.6
TC00003445,TOP0025,V00006079,2026-08-14 22:39:13,250,1.44
TC00003446,TOP0112,V00012673,2026-05-06 00:00:00,470,1.16
TC00003447,TOP0097,V00009374,2026-08-26 04:29:41,100,1.54
TC00003448,TOP0015,V00003286,2026-07-11 14:21:02,486,1.32
TC00003449,TOP0071,V00003288,2026-02-14 21:10:01,26,1.57
TC00003450,TOP0063,V00014583,2026-08-14 15:00:06,20,2.19
TC00003451,TOP0021,V00001309,2026-07-27 04:05:30,101,3.33
TC00003452,TOP0011,V00007465,2026-03-24 14:08:37,243,1.57
TC00003453,TOP0076,V00000456,2026-05-04 22:28:30,356,1.26
TC00003454,TOP0061,V00011016,2026-07-02 08:53:30,252,3.41
TC00003455,TOP0011,V00000516,2026-06-25 10:07:22,88,2.08
TC00003456,TOP0068,V00008724,2026-03-06 23:26:09,131,1.93
TC00003457,TOP0083,V00010699,2026-06-25 00:00:00,453,1.66
TC00003458,TOP0100,V00005550,2026-03-11 00:00:00,134,2.04
TC00003459,TOP0077,V00001819,2026-03-22 09:13:29,237,3.11
TC00003460,TOP0044,V00010936,2026-06-01 00:00:00,473,2.92
TC00003461,TOP0066,V00010306,2026-08-03 16:24:25,213,2.61
TC00003462,TOP0108,V00012449,2026-08-20 19:15:46,437,1.34
TC00003463,TOP0099,V00012660,2026-07-03 00:00:00,55,2.18
TC00003464,TOP0007,V00007998,2026-05-29 00:00:00,429,3.11
TC00003465,TOP0110,V00008668,2026-05-14 12:25:42,158,1.19
TC00003466,TOP0011,V00009299,2026-07-28 03:51:19,287,1.38
TC00003467,TOP0014,V00001117,2026-01-15 00:00:00,325,3.44
TC00003468,TOP0023,V00009341,2026-08-01 09:59:59,53,3.23
TC00003469,TOP0097,V00007074,2026-08-28 07:06:27,151,1.06
TC00003470,TOP0063,V00011357,2026-07-16 20:37:29,291,3.45
TC00003471,TOP0030,V00000139,2026-07-28 00:00:00,255,3.36
TC00003472,TOP0071,V00012499,2026-07-25 06:07:17,121,1.11
TC00003473,TOP0028,V00003826,2026-03-23 18:56:53,64,1.52
TC00003474,TOP0082,V00007243,2026-04-05 00:00:00,295,2.64
TC00003475,TOP0069,V00007099,2026-02-15 17:47:54,460,1.08
TC00003476,TOP0026,V00013700,2026-06-06 00:00:00,339,2.56
TC00003477,TOP0115,V00000300,2026-06-13 17:50:04,127,1.08
TC00003478,TOP0027,V00003938,2026-08-14 20:01:53,378,2.23
TC00003479,TOP0057,V00001775,2026-08-25 09:01:46,321,1.76
TC00003480,TOP0050,V00011561,2026-07-11 23:09:13,105,2.85
TC00003481,TOP0066,V00004791,2026-05-30 06:59:38,448,1.31
TC00003482,TOP0101,V00002362,2026-08-11 16:45:21,282,1.62
TC00003483,TOP0108,V00013946,2026-07-11 00:00:00,114,3.31
TC00003484,TOP0027,V00005202,2026-05-17 16:50:02,37,2.18
TC00003485,TOP0022,V00003107,2026-04-21 17:29:19,136,3.43
TC00003486,TOP0012,V00012883,2026-08-26 18:16:38,435,3.26
TC00003487,TOP0001,V00008445,2026-07-22 03:15:07,99,2.28
TC00003488,TOP0120,V00002072,2026-05-16 00:00:00,253,3.12
TC00003489,TOP0088,V00001605,2026-05-14 00:00:00,134,2.18
TC00003490,TOP0077,V00007350,2026-02-27 20:16:43,425,1.21
TC00003491,TOP0031,V00006096,2026-08-01 00:00:00,230,2.53
TC00003492,TOP0038,V00011118,2026-04-28 00:00:00,17,2.52
TC00003493,TOP0015,V00013979,2026-04-26 00:00:00,403,1.54
TC00003494,TOP0040,V00001144,2026-04-16 17:09:27,334,3.3
TC00003495,TOP0040,V00011389,2026-07-23 16:56:43,480,3.05
TC00003496,TOP0119,V00000177,2026-08-25 23:17:17,18,1.46
TC00003497,TOP0034,V00008024,2026-03-19 00:00:00,235,1.99
TC00003498,TOP0026,V00014022,2026-06-06 00:00:00,186,1.97
TC00003499,TOP0098,V00013153,2026-07-17 20:29:02,475,1.23
TC00003500,TOP0070,V00003054,2026-06-24 14:07:47,6,1.6
TC00003501,TOP0110,V00000731,2026-07-09 20:26:40,454,2.92
TC00003502,TOP0040,V00005406,2026-06-14 09:31:09,102,1.31
TC00003503,TOP0072,V00012454,2026-07-22 00:49:34,350,2.92
TC00003504,TOP0024,V00002328,2026-05-18 00:00:00,63,2.03
TC00003505,TOP0027,V00000969,2026-04-24 09:45:54,390,1.96
TC00003506,TOP0090,V00007014,2026-07-23 00:00:00,330,1.53
TC00003507,TOP0043,V00000293,2026-04-17 00:00:00,200,2.29
TC00003508,TOP0019,V00009619,2026-04-19 10:08:42,317,2.01
TC00003509,TOP0120,V00007070,2026-07-22 02:54:33,304,3.38
TC00003510,TOP0065,V00008710,2026-03-07 00:00:00,66,1.01
TC00003511,TOP0100,V00000501,2026-08-02 06:26:26,302,1.93
TC00003512,TOP0066,V00005827,2026-06-15 08:48:06,444,1.93
TC00003513,TOP0117,V00003180,2026-05-06 10:28:40,487,1.34
TC00003514,TOP0034,V00007005,2026-08-05 03:38:38,153,2.96
TC00003515,TOP0005,V00004234,2026-08-19 22:19:24,139,3.34
TC00003516,TOP0025,V00001990,2026-07-04 00:00:00,459,1.2
TC00003517,TOP0072,V00012743,2026-07-09 07:28:08,385,1.29
TC00003518,TOP0024,V00001074,2026-05-18 00:00:00,320,2.68
TC00003519,TOP0005,V00003930,2026-08-19 23:24:43,55,3.1
TC00003520,TOP0066,V00014393,2026-03-03 15:28:31,389,1.09
TC00003521,TOP0071,V00013219,2026-04-18 13:15:05,489,2.72
TC00003522,TOP0040,V00003849,2026-06-22 08:15:39,429,2.08
TC00003523,TOP0050,V00012921,2026-08-06 17:23:21,465,2.75
TC00003524,TOP0031,V00012270,2026-08-01 00:00:00,434,2.37
TC00003525,TOP0116,V00005106,2026-06-22 16:44:18,339,2.65
TC00003526,TOP0062,V00000944,2026-04-27 17:44:51,77,1.54
TC00003527,TOP0011,V00011344,2026-03-11 04:49:48,191,1.28
TC00003528,TOP0025,V00007476,2026-07-04 00:00:00,266,1.38
TC00003529,TOP0088,V00009714,2026-07-25 21:33:56,58,2.03
TC00003530,TOP0094,V00013329,2026-07-09 00:00:00,390,3.17
TC00003531,TOP0068,V00004830,2026-05-08 12:37:27,422,3.32
TC00003532,TOP0064,V00002344,2026-08-23 02:06:40,15,2.58
TC00003533,TOP0067,V00003629,2026-07-04 06:00:16,312,2.86
TC00003534,TOP0020,V00007310,2026-06-26 08:23:00,291,2.88
TC00003535,TOP0047,V00006575,2026-05-31 00:00:00,191,2.96
TC00003536,TOP0094,V00010795,2026-07-09 00:00:00,154,3.45
TC00003537,TOP0045,V00011440,2026-06-29 22:46:37,373,1.25
TC00003538,TOP0060,V00011181,2026-08-04 00:00:00,331,1.61
TC00003539,TOP0088,V00010715,2026-05-14 00:00:00,177,1.8
TC00003540,TOP0007,V00004752,2026-08-11 23:16:31,251,2.29
TC00003541,TOP0021,V00014724,2026-07-13 00:00:00,388,3.22
TC00003542,TOP0017,V00004022,2026-08-27 04:58:19,219,2.09
TC00003543,TOP0053,V00010123,2026-04-26 00:00:00,398,1.55
TC00003544,TOP0022,V00014472,2026-08-02 23:07:40,270,2.51
TC00003545,TOP0033,V00006359,2026-03-30 21:27:36,255,2.85
TC00003546,TOP0036,V00011612,2026-06-26 00:00:00,42,2.36
TC00003547,TOP0114,V00005187,2026-03-08 00:00:00,76,3.02
TC00003548,TOP0120,V00012097,2026-08-08 21:16:13,479,1.45
TC00003549,TOP0096,V00003438,2026-03-04 15:28:38,17,2.55
TC00003550,TOP0063,V00004447,2026-06-29 00:00:00,420,3.1
TC00003551,TOP0096,V00008406,2026-07-22 04:15:43,317,1.15
TC00003552,TOP0084,V00007207,2026-06-29 00:00:00,208,2.56
TC00003553,TOP0019,V00008050,2026-04-12 00:00:00,437,1.06
TC00003554,TOP0099,V00009421,2026-07-03 00:00:00,318,2.73
TC00003555,TOP0082,V00005459,2026-04-05 00:00:00,466,2.82
TC00003556,TOP0043,V00005849,2026-06-14 00:06:48,414,1.44
TC00003557,TOP0023,V00005568,2026-06-13 00:00:00,480,1.05
TC00003558,TOP0044,V00010590,2026-08-19 07:56:09,414,2.57
TC00003559,TOP0110,V00008327,2026-08-04 10:09:31,438,1.54
TC00003560,TOP0010,V00014474,2026-05-12 02:28:31,35,2.36
TC00003561,TOP0020,V00001145,2026-06-16 05:40:58,493,3.41
TC00003562,TOP0097,V00010754,2026-05-14 23:43:55,139,2.8
TC00003563,TOP0070,V00003436,2026-05-07 17:46:44,361,2.52
TC00003564,TOP0071,V00000762,2026-06-11 20:43:46,432,2.78
TC00003565,TOP0027,V00000312,2026-04-01 00:00:00,379,2.75
TC00003566,TOP0002,V00006204,2026-07-14 01:52:49,237,1.83
TC00003567,TOP0042,V00007428,2026-07-15 07:23:22,465,2.09
TC00003568,TOP0094,V00011207,2026-08-26 21:55:11,76,3.41
TC00003569,TOP0038,V00000807,2026-07-10 10:01:38,161,1.76
TC00003570,TOP0031,V00002287,2026-08-01 00:00:00,94,2.78
TC00003571,TOP0031,V00003755,2026-08-01 00:00:00,256,3.2
TC00003572,TOP0079,V00004917,2026-06-28 00:00:00,336,2.61
TC00003573,TOP0062,V00008992,2026-07-07 18:00:48,475,2.78
TC00003574,TOP0105,V00013699,2026-08-04 06:45:16,290,1.66
TC00003575,TOP0027,V00011229,2026-08-28 22:30:46,275,3.49
TC00003576,TOP0091,V00003050,2026-07-19 05:29:20,325,1.33
TC00003577,TOP0080,V00005966,2026-05-09 00:00:00,97,3.43
TC00003578,TOP0076,V00005571,2026-08-26 07:28:44,287,1.32
TC00003579,TOP0034,V00009582,2026-07-19 05:33:27,138,2.22
TC00003580,TOP0002,V00011187,2026-08-01 15:43:22,452,1.45
TC00003581,TOP0050,V00007809,2026-05-23 00:00:00,275,1.18
TC00003582,TOP0052,V00000034,2026-05-07 13:27:47,464,1.2
TC00003583,TOP0075,V00009529,2026-08-09 18:07:51,25,1.05
TC00003584,TOP0101,V00004863,2026-08-27 20:18:51,425,2.43
TC00003585,TOP0036,V00007785,2026-06-26 00:00:00,321,2.08
TC00003586,TOP0090,V00007369,2026-07-23 00:00:00,421,2.86
TC00003587,TOP0015,V00010732,2026-04-26 00:00:00,330,2.1
TC00003588,TOP0035,V00004794,2026-07-21 19:19:20,266,1.67
TC00003589,TOP0098,V00009342,2026-03-15 05:25:20,413,2.14
TC00003590,TOP0005,V00000460,2026-02-22 11:17:20,64,2.2
TC00003591,TOP0038,V00007757,2026-04-28 00:00:00,304,1.96
TC00003592,TOP0054,V00014710,2026-05-09 00:00:00,149,1.82
TC00003593,TOP0103,V00009336,2026-08-11 14:08:56,303,3.26
TC00003594,TOP0001,V00009931,2026-07-30 20:27:44,108,2.82
TC00003595,TOP0007,V00007177,2026-05-29 00:00:00,61,2.72
TC00003596,TOP0046,V00013363,2026-05-11 00:00:00,423,3.47
TC00003597,TOP0103,V00005751,2026-07-18 06:10:35,246,1.79
TC00003598,TOP0074,V00011158,2026-08-28 07:10:52,131,3.17
TC00003599,TOP0006,V00007301,2026-08-23 10:39:21,76,1.97
TC00003600,TOP0089,V00005314,2026-02-13 16:36:01,84,3.06
TC00003601,TOP0069,V00006977,2026-08-26 06:16:04,187,1.06
TC00003602,TOP0098,V00003926,2026-02-26 00:00:00,38,1.16
TC00003603,TOP0031,V00011702,2026-08-01 00:00:00,351,2.97
TC00003604,TOP0017,V00003091,2026-07-02 13:02:21,453,1.19
TC00003605,TOP0031,V00005245,2026-08-01 00:00:00,292,3.23
TC00003606,TOP0025,V00001730,2026-07-04 00:00:00,327,1.86
TC00003607,TOP0007,V00005798,2026-08-14 02:50:56,345,2.3
TC00003608,TOP0023,V00013867,2026-06-20 13:24:38,342,1.43
TC00003609,TOP0107,V00001599,2026-07-22 00:00:00,364,2.26
TC00003610,TOP0018,V00013256,2026-04-07 00:00:00,255,2.08
TC00003611,TOP0049,V00012334,2026-03-29 00:34:09,213,1.07
TC00003612,TOP0101,V00011450,2026-06-20 00:00:00,127,2.58
TC00003613,TOP0090,V00000667,2026-07-23 00:00:00,434,2.36
TC00003614,TOP0097,V00002160,2026-04-25 00:00:00,2,1.86
TC00003615,TOP0104,V00000301,2026-06-11 17:41:28,288,1.8
TC00003616,TOP0102,V00008999,2026-08-24 05:49:15,175,1.38
TC00003617,TOP0057,V00011457,2026-02-26 00:00:00,333,1.65
TC00003618,TOP0021,V00003803,2026-08-18 10:05:04,47,2.24
TC00003619,TOP0045,V00003500,2026-05-04 00:00:00,446,2.91
TC00003620,TOP0070,V00009923,2026-06-01 13:35:24,482,2.5
TC00003621,TOP0037,V00014710,2026-07-15 00:00:00,196,1.93
TC00003622,TOP0025,V00014256,2026-07-17 17:07:00,370,2.91
TC00003623,TOP0095,V00013106,2026-08-19 22:19:43,227,1.36
TC00003624,TOP0040,V00013783,2026-07-03 16:52:49,286,2.14
TC00003625,TOP0109,V00008549,2026-04-02 00:00:00,122,1.8
TC00003626,TOP0042,V00008654,2026-04-29 00:00:00,446,1.22
TC00003627,TOP0051,V00009167,2026-07-11 00:00:00,66,2.3
TC00003628,TOP0017,V00005839,2026-08-07 09:09:11,380,3.3
TC00003629,TOP0041,V00010151,2026-08-10 05:33:35,55,2.57
TC00003630,TOP0015,V00007377,2026-04-26 00:00:00,159,1.4
TC00003631,TOP0022,V00006302,2026-03-11 20:20:44,313,2.33
TC00003632,TOP0082,V00010261,2026-08-28 09:34:32,178,1.23
TC00003633,TOP0005,V00009365,2026-05-19 23:15:30,474,2.37
TC00003634,TOP0092,V00006159,2026-07-07 00:59:43,437,3.48
TC00003635,TOP0117,V00008814,2026-03-06 00:00:00,87,2.84
TC00003636,TOP0038,V00006829,2026-08-13 06:00:17,45,1.47
TC00003637,TOP0066,V00014750,2026-04-20 13:30:43,150,2.77
TC00003638,TOP0081,V00009199,2026-08-09 08:42:41,379,1.16
TC00003639,TOP0038,V00000007,2026-04-28 00:00:00,59,3.02
TC00003640,TOP0089,V00013987,2026-07-17 14:54:39,203,1.29
TC00003641,TOP0054,V00001815,2026-05-09 00:00:00,498,2.45
TC00003642,TOP0056,V00006519,2026-08-07 00:00:00,56,1.19
TC00003643,TOP0047,V00011251,2026-05-31 00:00:00,123,2.16
TC00003644,TOP0083,V00003708,2026-06-25 00:00:00,34,1.99
TC00003645,TOP0044,V00007273,2026-08-18 08:28:41,282,1.9
TC00003646,TOP0066,V00006137,2026-04-03 18:05:40,225,1.85
TC00003647,TOP0013,V00000087,2026-06-23 19:05:54,95,2.56
TC00003648,TOP0115,V00001117,2026-05-10 00:00:00,319,2.48
TC00003649,TOP0104,V00008243,2026-05-24 00:00:00,274,1.61
TC00003650,TOP0025,V00013787,2026-08-22 04:18:45,287,3.12
TC00003651,TOP0052,V00010941,2026-05-05 21:15:12,334,2.41
TC00003652,TOP0073,V00004724,2026-04-22 15:43:36,85,2.08
TC00003653,TOP0026,V00006938,2026-06-06 00:00:00,102,3.29
TC00003654,TOP0068,V00005663,2026-06-06 02:12:13,204,2.17
TC00003655,TOP0105,V00005678,2026-04-01 00:00:00,306,1.58
TC00003656,TOP0111,V00008661,2026-08-05 13:00:00,37,1.83
TC00003657,TOP0046,V00014823,2026-07-15 12:45:33,73,1.11
TC00003658,TOP0053,V00011371,2026-07-31 01:36:54,54,3.07
TC00003659,TOP0043,V00000226,2026-04-17 00:00:00,75,1.71
TC00003660,TOP0056,V00012318,2026-08-07 00:00:00,485,1.68
TC00003661,TOP0059,V00006568,2026-07-29 21:00:43,256,3.24
TC00003662,TOP0030,V00007158,2026-07-28 00:00:00,247,1.26
TC00003663,TOP0079,V00003239,2026-06-28 00:00:00,309,1.88
TC00003664,TOP0053,V00001968,2026-07-18 14:07:40,426,1.04
TC00003665,TOP0103,V00000907,2026-07-04 00:00:00,461,2.06
TC00003666,TOP0036,V00014444,2026-07-13 03:37:03,446,2.21
TC00003667,TOP0100,V00006298,2026-08-21 17:02:41,367,2.83
TC00003668,TOP0039,V00004343,2026-06-25 22:28:56,375,3.48
TC00003669,TOP0069,V00007588,2026-03-16 01:53:03,202,2.64
TC00003670,TOP0094,V00010749,2026-07-19 03:20:38,336,3.31
TC00003671,TOP0085,V00009355,2026-07-10 00:00:00,343,1.61
TC00003672,TOP0077,V00010155,2026-02-19 00:00:00,265,2.25
TC00003673,TOP0020,V00003339,2026-03-24 00:00:00,185,1.87
TC00003674,TOP0026,V00012278,2026-06-06 00:00:00,392,2.92
TC00003675,TOP0047,V00009046,2026-07-23 04:55:05,382,1.38
TC00003676,TOP0103,V00005628,2026-07-04 00:00:00,445,2.52
TC00003677,TOP0072,V00007376,2026-05-14 04:09:29,115,1.69
TC00003678,TOP0019,V00014638,2026-04-12 00:00:00,143,1.9
TC00003679,TOP0040,V00000227,2026-08-01 19:39:14,206,2.43
TC00003680,TOP0102,V00010692,2026-08-15 05:50:55,483,2.51
TC00003681,TOP0008,V00003913,2026-08-23 12:29:05,496,1.63
TC00003682,TOP0114,V00014903,2026-08-04 02:03:38,294,2.76
TC00003683,TOP0032,V00014729,2026-08-03 00:54:14,48,3.38
TC00003684,TOP0050,V00001029,2026-05-23 00:00:00,189,2.75
TC00003685,TOP0016,V00005175,2026-07-31 01:58:25,62,2.61
TC00003686,TOP0050,V00000490,2026-08-21 08:32:37,217,3.22
TC00003687,TOP0117,V00010207,2026-08-21 09:57:34,207,3.45
TC00003688,TOP0064,V00005141,2026-07-02 15:51:02,61,1.98
TC00003689,TOP0083,V00000634,2026-06-25 00:00:00,479,2.37
TC00003690,TOP0002,V00004145,2026-02-21 00:00:00,120,3.27
TC00003691,TOP0060,V00014102,2026-08-04 00:00:00,490,1.97
TC00003692,TOP0054,V00001286,2026-05-09 00:00:00,339,2.3
TC00003693,TOP0111,V00002502,2026-02-27 20:13:10,67,1.08
TC00003694,TOP0051,V00003812,2026-07-11 00:00:00,422,2.59
TC00003695,TOP0048,V00004808,2026-04-06 00:00:00,486,2.25
TC00003696,TOP0087,V00006553,2026-07-29 04:41:33,329,3.18
TC00003697,TOP0014,V00007051,2026-08-13 21:37:05,207,2.35
TC00003698,TOP0114,V00004641,2026-03-08 00:00:00,134,3.23
TC00003699,TOP0090,V00012423,2026-07-23 16:43:19,354,1.64
TC00003700,TOP0023,V00007703,2026-06-13 00:00:00,173,3.25
TC00003701,TOP0041,V00002812,2026-08-20 13:29:27,320,1.94
TC00003702,TOP0047,V00012334,2026-05-31 00:00:00,396,1.86
TC00003703,TOP0018,V00011887,2026-07-22 03:13:10,22,1.8
TC00003704,TOP0080,V00001123,2026-05-09 00:00:00,29,3.35
TC00003705,TOP0016,V00014046,2026-06-26 00:08:07,371,2.2
TC00003706,TOP0032,V00005093,2026-06-27 00:00:00,281,2.09
TC00003707,TOP0033,V00000466,2026-06-02 16:24:11,74,1.7
TC00003708,TOP0062,V00013842,2026-03-21 00:00:00,391,2.74
TC00003709,TOP0117,V00005848,2026-08-17 15:00:02,472,3.23
TC00003710,TOP0107,V00005623,2026-07-22 00:00:00,306,1.07
TC00003711,TOP0049,V00002381,2026-04-25 17:35:31,38,1.91
TC00003712,TOP0008,V00000327,2026-07-26 00:00:00,292,1.43
TC00003713,TOP0064,V00004287,2026-04-30 04:21:28,32,1.97
TC00003714,TOP0012,V00011178,2026-07-01 14:04:51,391,3.49
TC00003715,TOP0077,V00010317,2026-03-11 21:33:42,304,2.71
TC00003716,TOP0103,V00013040,2026-07-04 00:00:00,196,2.89
TC00003717,TOP0040,V00002359,2026-07-26 08:48:21,201,1.33
TC00003718,TOP0080,V00010615,2026-08-12 00:03:38,143,2.59
TC00003719,TOP0042,V00003220,2026-05-14 14:26:48,168,1.73
TC00003720,TOP0026,V00014575,2026-08-20 02:45:02,416,2.74
TC00003721,TOP0041,V00003619,2026-07-30 10:18:12,178,1.86
TC00003722,TOP0084,V00000713,2026-06-29 00:00:00,413,1.43
TC00003723,TOP0023,V00004103,2026-07-27 14:06:48,334,1.11
TC00003724,TOP0005,V00007456,2026-04-22 10:38:56,397,3.06
TC00003725,TOP0115,V00007983,2026-06-09 16:56:22,34,1.54
TC00003726,TOP0088,V00009750,2026-07-01 15:23:45,76,2.1
TC00003727,TOP0033,V00014074,2026-02-13 00:00:00,92,1.36
TC00003728,TOP0063,V00001105,2026-08-27 08:46:16,151,2.18
TC00003729,TOP0045,V00011022,2026-05-04 00:00:00,442,2.75
TC00003730,TOP0073,V00000580,2026-07-12 19:53:58,484,1.94
TC00003731,TOP0037,V00008372,2026-07-15 00:00:00,426,2.56
TC00003732,TOP0075,V00003974,2026-05-27 00:00:00,378,2.12
TC00003733,TOP0097,V00005559,2026-04-25 00:00:00,368,2.07
TC00003734,TOP0025,V00011185,2026-08-21 07:08:29,432,2.99
TC00003735,TOP0099,V00011617,2026-07-03 00:00:00,409,3.3
TC00003736,TOP0051,V00010764,2026-07-11 00:00:00,45,1.12
TC00003737,TOP0117,V00005796,2026-08-26 22:50:19,29,3.12
TC00003738,TOP0070,V00006169,2026-06-29 00:16:26,326,2.48
TC00003739,TOP0006,V00003315,2026-07-25 02:52:35,120,1.53
TC00003740,TOP0024,V00004423,2026-08-17 11:06:04,344,1.35
TC00003741,TOP0049,V00012131,2026-04-01 21:48:58,187,1.36
TC00003742,TOP0047,V00011786,2026-06-10 02:03:08,412,3.16
TC00003743,TOP0044,V00012447,2026-08-27 07:07:38,312,2.8
TC00003744,TOP0090,V00006898,2026-07-23 00:00:00,267,2.2
TC00003745,TOP0022,V00000693,2026-01-23 00:00:00,295,1.77
TC00003746,TOP0104,V00014370,2026-05-24 00:00:00,93,3.04
TC00003747,TOP0058,V00006340,2026-08-28 22:32:06,64,1.38
TC00003748,TOP0047,V00001417,2026-05-31 00:00:00,260,2.14
TC00003749,TOP0077,V00001644,2026-08-21 19:02:56,14,1.78
TC00003750,TOP0101,V00008796,2026-06-20 00:00:00,469,1.05
TC00003751,TOP0095,V00012543,2026-06-17 00:00:00,293,1.63
TC00003752,TOP0013,V00003120,2026-02-15 09:53:04,489,3.15
TC00003753,TOP0089,V00008061,2026-08-28 05:32:14,435,3.26
TC00003754,TOP0116,V00004024,2026-04-15 00:00:00,88,1.51
TC00003755,TOP0091,V00001937,2026-06-04 00:00:00,339,3.24
TC00003756,TOP0059,V00007698,2026-05-01 00:00:00,293,2.09
TC00003757,TOP0062,V00007815,2026-08-03 03:02:40,167,2.55
TC00003758,TOP0119,V00014895,2026-08-20 19:04:18,4,1.81
TC00003759,TOP0074,V00006162,2026-06-09 00:00:00,157,2.47
TC00003760,TOP0057,V00012173,2026-02-26 00:00:00,137,1.2
TC00003761,TOP0041,V00002940,2026-05-25 15:55:34,253,2.61
TC00003762,TOP0014,V00006371,2026-07-23 23:00:23,60,2.77
TC00003763,TOP0017,V00000675,2026-03-18 00:00:00,257,2.16
TC00003764,TOP0103,V00014529,2026-07-04 00:00:00,140,2.61
TC00003765,TOP0062,V00009585,2026-07-07 22:44:36,11,1.7
TC00003766,TOP0074,V00001737,2026-06-09 00:00:00,152,3.34
TC00003767,TOP0075,V00011788,2026-05-27 00:00:00,473,2.94
TC00003768,TOP0056,V00006765,2026-08-07 00:00:00,365,1.72
TC00003769,TOP0099,V00013879,2026-07-03 00:00:00,109,1.41
TC00003770,TOP0022,V00006165,2026-08-23 01:04:37,394,2.49
TC00003771,TOP0103,V00006876,2026-07-04 00:00:00,300,1.25
TC00003772,TOP0052,V00002509,2026-08-19 19:17:43,40,1.95
TC00003773,TOP0096,V00005459,2026-02-02 07:16:35,42,2.51
TC00003774,TOP0116,V00004174,2026-06-13 04:36:17,206,1.39
TC00003775,TOP0096,V00004543,2026-08-27 13:05:14,388,2.75
TC00003776,TOP0016,V00004891,2026-06-29 01:18:31,9,2.56
TC00003777,TOP0008,V00001735,2026-07-26 00:00:00,146,3.31
TC00003778,TOP0064,V00013428,2026-03-28 00:00:00,99,2.79
TC00003779,TOP0039,V00014892,2026-03-31 05:34:45,128,1.31
TC00003780,TOP0049,V00004854,2026-06-05 18:36:46,319,3.04
TC00003781,TOP0077,V00009382,2026-02-19 00:00:00,292,2.72
TC00003782,TOP0076,V00000624,2026-05-05 08:51:46,496,2.76
TC00003783,TOP0089,V00003830,2026-08-22 17:21:00,118,3.19
TC00003784,TOP0030,V00000382,2026-08-07 03:08:43,199,1.69
TC00003785,TOP0119,V00004509,2026-04-16 15:26:25,82,1.7
TC00003786,TOP0072,V00013624,2026-06-18 06:01:41,445,3.23
TC00003787,TOP0043,V00006501,2026-07-19 15:42:49,369,3.48
TC00003788,TOP0090,V00007879,2026-08-21 01:43:52,314,1.73
TC00003789,TOP0011,V00011011,2026-04-29 23:14:51,251,2.3
TC00003790,TOP0067,V00012340,2026-06-11 23:26:28,166,1.95
TC00003791,TOP0042,V00000309,2026-06-05 21:00:09,97,2.1
TC00003792,TOP0037,V00002309,2026-07-15 00:00:00,241,3.29
TC00003793,TOP0072,V00006906,2026-08-12 02:27:14,480,1.69
TC00003794,TOP0092,V00009924,2026-07-26 22:28:49,412,2.75
TC00003795,TOP0069,V00000446,2026-06-26 21:09:14,400,1.03
TC00003796,TOP0033,V00004088,2026-02-13 00:00:00,283,2.62
TC00003797,TOP0107,V00004420,2026-07-25 15:29:03,60,3.11
TC00003798,TOP0006,V00006872,2026-05-20 03:26:49,213,2.26
TC00003799,TOP0050,V00013231,2026-06-28 23:00:40,451,1.83
TC00003800,TOP0013,V00006231,2026-08-04 03:13:23,51,1.1
TC00003801,TOP0118,V00009862,2026-04-30 00:00:00,201,2.72
TC00003802,TOP0035,V00008085,2026-08-23 23:49:36,420,2.79
TC00003803,TOP0017,V00009273,2026-07-30 15:20:30,226,1.33
TC00003804,TOP0015,V00006161,2026-04-26 00:00:00,455,3.08
TC00003805,TOP0104,V00003555,2026-05-24 00:00:00,262,1.5
TC00003806,TOP0015,V00013952,2026-04-26 00:00:00,448,1.39
TC00003807,TOP0075,V00009766,2026-06-01 20:19:30,302,3.48
TC00003808,TOP0120,V00014853,2026-05-16 00:00:00,462,1.71
TC00003809,TOP0028,V00000481,2026-05-26 06:06:03,449,1.17
TC00003810,TOP0057,V00010887,2026-04-14 21:54:50,209,1.2
TC00003811,TOP0031,V00002668,2026-08-01 00:00:00,287,1.51
TC00003812,TOP0101,V00006358,2026-06-20 00:00:00,457,2.64
TC00003813,TOP0002,V00010231,2026-07-01 06:19:35,104,1.83
TC00003814,TOP0118,V00000106,2026-04-30 00:00:00,50,2.04
TC00003815,TOP0114,V00001325,2026-03-08 00:00:00,72,2.53
TC00003816,TOP0089,V00014583,2026-08-14 15:00:06,442,1.57
TC00003817,TOP0080,V00014158,2026-05-09 00:00:00,377,1.02
TC00003818,TOP0074,V00012108,2026-06-09 00:00:00,150,1.99
TC00003819,TOP0006,V00013475,2026-07-14 00:38:06,474,2.52
TC00003820,TOP0041,V00014401,2026-07-22 01:48:31,137,1.42
TC00003821,TOP0018,V00000724,2026-06-14 12:56:34,13,3.31
TC00003822,TOP0089,V00005602,2026-07-08 05:17:11,94,1.15
TC00003823,TOP0011,V00003751,2026-03-14 22:13:53,475,2.87
TC00003824,TOP0048,V00005617,2026-08-26 21:37:34,86,2.07
TC00003825,TOP0086,V00008992,2026-07-07 18:00:48,141,3.49
TC00003826,TOP0038,V00009425,2026-07-25 14:59:11,363,1.83
TC00003827,TOP0087,V00004963,2026-02-02 12:17:15,269,3.13
TC00003828,TOP0034,V00008280,2026-06-10 18:40:59,304,2.3
TC00003829,TOP0090,V00006248,2026-07-23 00:00:00,401,3.28
TC00003830,TOP0011,V00014175,2026-08-24 16:59:32,193,3.31
TC00003831,TOP0095,V00005562,2026-06-17 00:00:00,150,3.4
TC00003832,TOP0101,V00008354,2026-06-20 00:00:00,49,1.14
TC00003833,TOP0096,V00009463,2026-08-21 20:34:57,52,2.27
TC00003834,TOP0015,V00013142,2026-05-01 08:42:24,277,2.12
TC00003835,TOP0074,V00002008,2026-08-28 09:51:30,339,1.52
TC00003836,TOP0003,V00009714,2026-07-25 21:33:56,105,1.03
TC00003837,TOP0015,V00007359,2026-04-26 00:00:00,431,1.37
TC00003838,TOP0120,V00009509,2026-05-16 00:00:00,243,1.05
TC00003839,TOP0108,V00001069,2026-08-20 06:13:50,302,1.03
TC00003840,TOP0039,V00014241,2026-02-13 00:00:00,393,1.45
TC00003841,TOP0040,V00002060,2026-05-21 21:13:08,159,1.66
TC00003842,TOP0091,V00006803,2026-06-04 00:00:00,29,2.13
TC00003843,TOP0089,V00005064,2026-07-27 21:15:12,291,3.41
TC00003844,TOP0062,V00001670,2026-08-16 19:43:49,483,2.92
TC00003845,TOP0095,V00010279,2026-08-02 04:25:48,270,1.64
TC00003846,TOP0038,V00006068,2026-08-26 09:38:48,286,2.61
TC00003847,TOP0052,V00012270,2026-06-29 07:55:47,215,1.01
TC00003848,TOP0062,V00008938,2026-04-05 21:23:16,2,3.11
TC00003849,TOP0009,V00013920,2026-06-08 03:26:32,253,2.61
TC00003850,TOP0021,V00003855,2026-08-18 02:48:32,339,1.98
TC00003851,TOP0088,V00003535,2026-05-14 00:00:00,330,1.69
TC00003852,TOP0094,V00007853,2026-07-09 00:00:00,286,3.23
TC00003853,TOP0017,V00000825,2026-08-20 08:46:38,393,1.75
TC00003854,TOP0008,V00006239,2026-07-26 21:10:43,487,2.86
TC00003855,TOP0048,V00007535,2026-08-21 11:27:25,36,2.53
TC00003856,TOP0011,V00013888,2026-05-19 03:24:38,103,3.06
TC00003857,TOP0054,V00011672,2026-05-09 00:00:00,305,1.32
TC00003858,TOP0083,V00012761,2026-06-25 00:00:00,57,2.28
TC00003859,TOP0077,V00000205,2026-04-17 09:13:12,105,2.98
TC00003860,TOP0077,V00012865,2026-08-11 13:06:53,95,1.26
TC00003861,TOP0088,V00005723,2026-06-30 01:25:15,301,2.01
TC00003862,TOP0093,V00006765,2026-02-25 00:00:00,10,2.81
TC00003863,TOP0009,V00002333,2026-08-25 09:55:27,86,2.58
TC00003864,TOP0001,V00009026,2026-04-09 00:00:00,245,1.18
TC00003865,TOP0066,V00009132,2026-06-21 20:53:38,102,3.43
TC00003866,TOP0048,V00007590,2026-06-12 18:27:47,450,2.64
TC00003867,TOP0018,V00006912,2026-06-14 15:12:20,74,1.65
TC00003868,TOP0041,V00009252,2026-07-30 16:26:52,413,3.36
TC00003869,TOP0027,V00000518,2026-08-28 13:27:55,40,1.35
TC00003870,TOP0042,V00012923,2026-07-16 23:42:18,329,1.39
TC00003871,TOP0043,V00013022,2026-05-24 12:33:10,60,3.04
TC00003872,TOP0029,V00014791,2026-05-24 00:00:00,392,2.01
TC00003873,TOP0058,V00012719,2026-03-23 00:00:00,192,2.94
TC00003874,TOP0027,V00006968,2026-04-18 12:10:24,80,1.39
TC00003875,TOP0109,V00013370,2026-04-02 00:00:00,263,2.7
TC00003876,TOP0098,V00011035,2026-06-16 17:19:48,488,3.11
TC00003877,TOP0099,V00014814,2026-07-03 00:00:00,421,1.7
TC00003878,TOP0055,V00001880,2026-08-27 06:50:02,430,1.97
TC00003879,TOP0080,V00010301,2026-05-09 00:00:00,11,2.75
TC00003880,TOP0098,V00005186,2026-04-28 22:59:35,385,1.23
TC00003881,TOP0053,V00013089,2026-04-26 00:00:00,461,2.2
TC00003882,TOP0063,V00010697,2026-06-29 00:00:00,3,3.29
TC00003883,TOP0099,V00014349,2026-07-25 10:20:37,106,2.91
TC00003884,TOP0114,V00012875,2026-08-27 08:10:00,251,2.67
TC00003885,TOP0108,V00010544,2026-07-11 00:00:00,280,1.91
TC00003886,TOP0081,V00009218,2026-07-17 17:46:07,452,2.33
TC00003887,TOP0068,V00012605,2026-05-03 01:28:04,408,3.24
TC00003888,TOP0100,V00004291,2026-05-07 08:54:07,70,3.48
TC00003889,TOP0054,V00014353,2026-08-18 00:43:00,428,2.21
TC00003890,TOP0098,V00000636,2026-07-11 19:43:45,323,2.33
TC00003891,TOP0075,V00013739,2026-05-27 00:00:00,137,3.05
TC00003892,TOP0034,V00005461,2026-03-19 00:00:00,468,2.83
TC00003893,TOP0014,V00003925,2026-04-12 17:33:08,414,1.72
TC00003894,TOP0074,V00004832,2026-06-09 00:00:00,324,2.83
TC00003895,TOP0101,V00001753,2026-08-13 07:38:09,23,2.32
TC00003896,TOP0013,V00014772,2026-02-27 13:46:36,140,1.97
TC00003897,TOP0117,V00008829,2026-03-06 00:00:00,132,2.02
TC00003898,TOP0075,V00004859,2026-05-27 00:00:00,194,1.46
TC00003899,TOP0117,V00011582,2026-05-10 00:22:35,291,2.02
TC00003900,TOP0065,V00003688,2026-04-22 23:47:14,50,1.35
TC00003901,TOP0082,V00000848,2026-05-17 19:45:04,271,2.41
TC00003902,TOP0049,V00009102,2026-06-27 10:02:09,6,3.2
TC00003903,TOP0095,V00005254,2026-06-17 00:00:00,387,1.59
TC00003904,TOP0100,V00003087,2026-08-16 03:37:42,106,2.65
TC00003905,TOP0018,V00006146,2026-07-28 22:40:25,283,1.63
TC00003906,TOP0007,V00008619,2026-05-29 00:00:00,414,1.38
TC00003907,TOP0021,V00008584,2026-07-13 00:00:00,269,2.84
TC00003908,TOP0065,V00001066,2026-04-29 09:08:18,500,1.37
TC00003909,TOP0016,V00007153,2026-08-16 01:33:42,233,2.14
TC00003910,TOP0014,V00009310,2026-02-10 13:14:51,112,2.14
TC00003911,TOP0089,V00008413,2026-07-27 09:46:13,2,2.64
TC00003912,TOP0099,V00003980,2026-07-03 00:00:00,166,2.59
TC00003913,TOP0046,V00010324,2026-05-26 19:13:55,308,2.54
TC00003914,TOP0021,V00001609,2026-07-13 00:00:00,290,2.98
TC00003915,TOP0096,V00014386,2026-01-30 10:47:52,322,2.14
TC00003916,TOP0067,V00009686,2026-06-06 12:10:59,28,3.19
TC00003917,TOP0082,V00010059,2026-05-21 05:42:45,464,2.55
TC00003918,TOP0084,V00005688,2026-06-29 00:00:00,303,3.47
TC00003919,TOP0040,V00006491,2026-06-11 00:10:13,262,3.38
TC00003920,TOP0014,V00005289,2026-05-17 07:22:14,21,2.95
TC00003921,TOP0001,V00004936,2026-07-27 23:39:32,57,3.37
TC00003922,TOP0053,V00004039,2026-08-27 19:22:31,110,3.13
TC00003923,TOP0074,V00004283,2026-07-19 13:01:33,163,1.31
TC00003924,TOP0006,V00004419,2026-06-18 12:40:47,16,2.67
TC00003925,TOP0067,V00010319,2026-03-25 22:15:53,341,3.27
TC00003926,TOP0120,V00011314,2026-08-22 20:49:17,472,1.42
TC00003927,TOP0072,V00014760,2026-03-27 21:45:46,279,2.7
TC00003928,TOP0066,V00008122,2026-05-25 20:37:56,247,3.45
TC00003929,TOP0030,V00007420,2026-07-28 00:00:00,68,3.05
TC00003930,TOP0102,V00009440,2026-08-22 04:03:45,359,2.43
TC00003931,TOP0071,V00003576,2026-06-08 07:45:21,87,2.93
TC00003932,TOP0096,V00000542,2026-05-08 09:03:08,80,3.28
TC00003933,TOP0104,V00009060,2026-07-19 14:02:59,478,2.69
TC00003934,TOP0013,V00013643,2026-07-14 23:30:58,409,1.41
TC00003935,TOP0014,V00002875,2026-03-09 20:03:15,105,3.46
TC00003936,TOP0048,V00007686,2026-07-02 18:38:21,328,1.54
TC00003937,TOP0028,V00008867,2026-07-24 13:57:46,297,1.38
TC00003938,TOP0107,V00002899,2026-07-22 00:00:00,482,1.35
TC00003939,TOP0047,V00012143,2026-07-09 13:50:02,67,2.22
TC00003940,TOP0114,V00011672,2026-04-13 01:25:45,261,2.26
TC00003941,TOP0059,V00008338,2026-05-01 00:00:00,434,2.99
TC00003942,TOP0040,V00003659,2026-06-27 13:08:21,266,2.09
TC00003943,TOP0101,V00004998,2026-06-20 00:00:00,424,2.84
TC00003944,TOP0120,V00008813,2026-05-16 00:00:00,182,2.79
TC00003945,TOP0082,V00010076,2026-06-07 07:13:15,375,1.67
TC00003946,TOP0081,V00013662,2026-06-22 00:00:00,24,2.06
TC00003947,TOP0104,V00002336,2026-07-23 01:36:21,495,3.32
TC00003948,TOP0048,V00008599,2026-07-02 06:51:56,257,1.01
TC00003949,TOP0035,V00000074,2026-03-27 00:00:00,282,2.74
TC00003950,TOP0091,V00011158,2026-08-28 07:10:52,37,1.94
TC00003951,TOP0099,V00013403,2026-07-12 07:01:03,62,3.26
TC00003952,TOP0051,V00003870,2026-07-11 00:00:00,134,1.54
TC00003953,TOP0031,V00003625,2026-08-01 00:00:00,436,1.02
TC00003954,TOP0015,V00003043,2026-07-18 03:24:46,231,1.39
TC00003955,TOP0070,V00000936,2026-08-20 15:26:52,215,2.58
TC00003956,TOP0083,V00012546,2026-06-25 00:00:00,233,2.05
TC00003957,TOP0049,V00007265,2026-07-28 12:36:36,206,1.75
TC00003958,TOP0119,V00014299,2026-02-01 18:41:49,400,2.25
TC00003959,TOP0075,V00005738,2026-07-17 22:37:49,45,2.65
TC00003960,TOP0100,V00003965,2026-05-21 22:03:56,367,1.83
TC00003961,TOP0096,V00005397,2026-07-20 18:27:45,191,2.04
TC00003962,TOP0032,V00003078,2026-07-14 00:09:24,14,1.84
TC00003963,TOP0073,V00009047,2026-03-27 00:00:00,471,3.35
TC00003964,TOP0063,V00013312,2026-06-29 00:00:00,276,1.13
TC00003965,TOP0086,V00009368,2026-04-04 20:06:23,335,1.29
TC00003966,TOP0051,V00014089,2026-07-11 00:00:00,429,2.95
TC00003967,TOP0068,V00009939,2026-07-09 15:23:07,72,1.76
TC00003968,TOP0104,V00014743,2026-05-24 00:00:00,138,2.27
TC00003969,TOP0079,V00007944,2026-06-28 00:00:00,303,1.95
TC00003970,TOP0109,V00008890,2026-05-27 06:02:19,110,2.87
TC00003971,TOP0094,V00007175,2026-07-09 00:00:00,44,1.6
TC00003972,TOP0023,V00010191,2026-06-13 00:00:00,99,2.46
TC00003973,TOP0075,V00000032,2026-07-26 02:30:47,499,2.62
TC00003974,TOP0016,V00005126,2026-08-28 21:44:33,198,1.69
TC00003975,TOP0081,V00009712,2026-07-04 20:50:40,195,3.34
TC00003976,TOP0100,V00002911,2026-08-05 18:40:19,248,2.47
TC00003977,TOP0108,V00008676,2026-08-16 04:37:32,357,3.32
TC00003978,TOP0112,V00013642,2026-05-25 06:22:57,360,1.1
TC00003979,TOP0073,V00005150,2026-05-12 19:20:45,164,2.03
TC00003980,TOP0028,V00009574,2026-05-12 08:56:13,429,3.36
TC00003981,TOP0005,V00003192,2026-07-25 14:28:47,267,2.55
TC00003982,TOP0097,V00014746,2026-04-25 00:00:00,419,2.63
TC00003983,TOP0055,V00009510,2026-05-08 00:00:00,391,3.21
TC00003984,TOP0106,V00005528,2026-04-13 11:01:31,310,1.91
TC00003985,TOP0099,V00002345,2026-07-03 00:00:00,196,1.18
TC00003986,TOP0108,V00001259,2026-07-11 00:00:00,469,1.81
TC00003987,TOP0029,V00009457,2026-06-03 10:41:30,132,1.53
TC00003988,TOP0043,V00007120,2026-06-12 01:48:30,280,1.07
TC00003989,TOP0069,V00003370,2026-03-14 19:30:28,305,2.73
TC00003990,TOP0017,V00009992,2026-03-18 00:00:00,445,2.56
TC00003991,TOP0014,V00014401,2026-07-22 01:48:31,74,3.05
TC00003992,TOP0029,V00002507,2026-05-24 00:00:00,271,2.98
TC00003993,TOP0079,V00012105,2026-06-28 00:00:00,141,1.97
TC00003994,TOP0028,V00011366,2026-03-11 19:21:10,232,2.94
TC00003995,TOP0021,V00006809,2026-07-13 00:00:00,139,3.04
TC00003996,TOP0019,V00007853,2026-05-02 03:36:35,398,3.46
TC00003997,TOP0046,V00013345,2026-07-12 20:10:28,13,2.27
TC00003998,TOP0118,V00012197,2026-04-30 00:00:00,35,2.48
TC00003999,TOP0058,V00003367,2026-03-23 00:00:00,213,3.32
TC00004000,TOP0112,V00001453,2026-05-06 00:00:00,211,1.01
TC00004001,TOP0115,V00004862,2026-05-10 00:00:00,441,2.99
TC00004002,TOP0082,V00011470,2026-04-18 17:47:24,210,3.4
TC00004003,TOP0096,V00010473,2026-08-26 21:38:35,251,1.7
TC00004004,TOP0096,V00004620,2026-05-17 05:27:28,113,3.11
TC00004005,TOP0094,V00014968,2026-07-09 00:00:00,73,2.05
TC00004006,TOP0067,V00002088,2026-02-23 10:35:11,430,3.4
TC00004007,TOP0052,V00012993,2026-04-17 00:00:00,165,2.15
TC00004008,TOP0004,V00011413,2026-08-24 20:35:44,174,2.2
TC00004009,TOP0046,V00007111,2026-08-04 08:06:05,81,1.91
TC00004010,TOP0004,V00013479,2026-06-30 23:46:02,389,1.64
TC00004011,TOP0115,V00003183,2026-05-10 00:00:00,435,3.14
TC00004012,TOP0093,V00000744,2026-06-19 22:57:30,489,1.76
TC00004013,TOP0056,V00003656,2026-08-07 00:00:00,322,1.37
TC00004014,TOP0118,V00008990,2026-08-28 15:43:32,416,1.08
TC00004015,TOP0054,V00004968,2026-08-26 06:34:29,67,2.38
TC00004016,TOP0061,V00010752,2026-05-24 15:03:56,402,2.14
TC00004017,TOP0087,V00003491,2026-05-30 14:37:02,362,1.39
TC00004018,TOP0057,V00006522,2026-08-06 02:30:11,433,2.62
TC00004019,TOP0095,V00003897,2026-06-17 00:00:00,369,1.66
TC00004020,TOP0117,V00004431,2026-03-06 00:00:00,221,1.19
TC00004021,TOP0080,V00011353,2026-05-21 00:32:51,250,2.01
TC00004022,TOP0011,V00013108,2026-02-22 05:03:52,115,1.2
TC00004023,TOP0046,V00000424,2026-05-11 00:00:00,466,2.03
TC00004024,TOP0036,V00005730,2026-06-26 00:00:00,9,1.37
TC00004025,TOP0010,V00010198,2026-03-13 00:00:00,251,2.21
TC00004026,TOP0038,V00008716,2026-05-14 05:09:07,299,2.49
TC00004027,TOP0024,V00010703,2026-05-18 00:00:00,381,2.58
TC00004028,TOP0005,V00002564,2026-07-31 18:36:03,67,2.32
TC00004029,TOP0105,V00014465,2026-06-25 11:36:10,243,1.17
TC00004030,TOP0083,V00004146,2026-06-25 00:00:00,431,2.16
TC00004031,TOP0098,V00004734,2026-04-26 11:28:32,207,2.09
TC00004032,TOP0042,V00006198,2026-04-29 00:00:00,108,2.02
TC00004033,TOP0023,V00000384,2026-08-03 15:43:22,135,2.91
TC00004034,TOP0015,V00011027,2026-04-26 00:00:00,66,1.35
TC00004035,TOP0013,V00003130,2026-05-04 21:27:16,10,3.04
TC00004036,TOP0005,V00000435,2026-07-28 08:23:30,404,1.56
TC00004037,TOP0063,V00002423,2026-06-29 00:00:00,258,3.08
TC00004038,TOP0107,V00003372,2026-07-22 00:00:00,269,2.3
TC00004039,TOP0059,V00010769,2026-05-01 00:00:00,306,1.96
TC00004040,TOP0106,V00002696,2026-03-15 16:16:13,363,2.27
TC00004041,TOP0055,V00006646,2026-08-26 11:27:06,24,2.74
TC00004042,TOP0047,V00007542,2026-06-08 04:35:16,184,2.17
TC00004043,TOP0055,V00005544,2026-05-08 00:00:00,333,2.45
TC00004044,TOP0022,V00012883,2026-08-26 18:16:38,224,3.06
TC00004045,TOP0106,V00009303,2026-05-20 08:15:45,140,2.45
TC00004046,TOP0078,V00012195,2026-03-03 00:00:00,305,3.01
TC00004047,TOP0051,V00010011,2026-07-20 19:36:28,282,1.54
TC00004048,TOP0014,V00006499,2026-07-09 05:58:27,49,1.84
TC00004049,TOP0011,V00004487,2026-08-14 02:33:02,182,1.97
TC00004050,TOP0033,V00010771,2026-03-04 19:03:40,95,3.25
TC00004051,TOP0105,V00004383,2026-08-01 19:15:38,32,1.3
TC00004052,TOP0049,V00009811,2026-04-25 08:36:27,392,1.53
TC00004053,TOP0034,V00000530,2026-06-25 16:30:08,60,2.82
TC00004054,TOP0080,V00001188,2026-05-09 00:00:00,384,2.52
TC00004055,TOP0013,V00005855,2026-08-17 02:08:42,308,1.46
TC00004056,TOP0002,V00012552,2026-07-13 13:34:02,443,1.96
TC00004057,TOP0055,V00013737,2026-05-08 00:00:00,336,1.12
TC00004058,TOP0095,V00007754,2026-08-06 11:39:57,405,3.3
TC00004059,TOP0007,V00004159,2026-08-26 01:06:21,433,2.75
TC00004060,TOP0117,V00003793,2026-04-10 06:58:05,400,1.79
TC00004061,TOP0050,V00004520,2026-05-23 00:00:00,77,1.35
TC00004062,TOP0034,V00003547,2026-05-22 20:26:17,126,2.09
TC00004063,TOP0070,V00006414,2026-07-01 09:32:22,319,1.43
TC00004064,TOP0088,V00007450,2026-08-21 15:29:07,203,1.96
TC00004065,TOP0075,V00009198,2026-08-25 21:47:11,306,2.75
TC00004066,TOP0094,V00004826,2026-08-04 00:46:41,269,2.59
TC00004067,TOP0046,V00009423,2026-08-14 03:33:33,179,1.69
TC00004068,TOP0024,V00014401,2026-07-22 01:48:31,115,2.08
TC00004069,TOP0099,V00003358,2026-07-03 00:00:00,363,3.08
TC00004070,TOP0101,V00012640,2026-06-20 00:00:00,288,2.27
TC00004071,TOP0085,V00006216,2026-08-09 11:50:06,322,2.82
TC00004072,TOP0107,V00006742,2026-07-22 00:00:00,36,2.2
TC00004073,TOP0030,V00011888,2026-08-26 11:44:28,331,2.48
TC00004074,TOP0027,V00014863,2026-04-01 00:00:00,345,1.5
TC00004075,TOP0024,V00000495,2026-07-20 20:41:37,191,1.12
TC00004076,TOP0007,V00009435,2026-06-17 04:55:13,259,1.92
TC00004077,TOP0063,V00012938,2026-06-29 00:00:00,300,1.1
TC00004078,TOP0096,V00000193,2026-07-18 22:49:17,467,1.45
TC00004079,TOP0081,V00000116,2026-07-19 10:05:03,70,2.5
TC00004080,TOP0056,V00005871,2026-08-07 00:00:00,34,1.61
TC00004081,TOP0026,V00007980,2026-06-06 00:00:00,12,1.46
TC00004082,TOP0045,V00000121,2026-05-04 00:00:00,305,1.06
TC00004083,TOP0039,V00010325,2026-05-22 17:53:28,185,2.11
TC00004084,TOP0052,V00011468,2026-07-20 20:38:02,396,2.36
TC00004085,TOP0118,V00002505,2026-05-11 04:47:58,463,1.46
TC00004086,TOP0036,V00001809,2026-06-26 00:00:00,21,3.08
TC00004087,TOP0096,V00005937,2026-06-30 20:31:28,250,2.58
TC00004088,TOP0041,V00006968,2026-04-18 12:10:24,240,3.07
TC00004089,TOP0062,V00008648,2026-03-21 00:00:00,433,1.28
TC00004090,TOP0022,V00001710,2026-06-01 17:18:15,454,2.14
TC00004091,TOP0001,V00011247,2026-07-02 08:15:00,284,1.08
TC00004092,TOP0078,V00004267,2026-03-03 00:00:00,408,1.66
TC00004093,TOP0042,V00002796,2026-05-02 14:40:17,206,2.62
TC00004094,TOP0026,V00010808,2026-08-12 02:35:26,78,1.25
TC00004095,TOP0103,V00008540,2026-07-04 00:00:00,67,3.02
TC00004096,TOP0013,V00007767,2026-07-07 10:15:27,31,1.69
TC00004097,TOP0013,V00008594,2026-05-01 20:21:52,273,1.58
TC00004098,TOP0018,V00003371,2026-06-16 04:08:28,491,2.8
TC00004099,TOP0117,V00010174,2026-07-05 02:18:30,113,1.22
TC00004100,TOP0010,V00006067,2026-03-13 00:00:00,494,2.67
TC00004101,TOP0067,V00010753,2026-06-20 15:34:18,24,1.9
TC00004102,TOP0016,V00012311,2026-06-19 23:47:47,170,3.32
TC00004103,TOP0091,V00005825,2026-08-21 04:11:17,59,3.41
TC00004104,TOP0092,V00008072,2026-06-12 19:16:30,293,1.88
TC00004105,TOP0085,V00001580,2026-07-10 00:00:00,398,1.73
TC00004106,TOP0038,V00006329,2026-06-01 02:10:56,82,1.35
TC00004107,TOP0036,V00006552,2026-08-10 03:50:37,490,2.36
TC00004108,TOP0105,V00007163,2026-04-01 00:00:00,240,3.43
TC00004109,TOP0118,V00008261,2026-08-09 18:54:58,217,1.4
TC00004110,TOP0112,V00004985,2026-05-06 00:00:00,319,1.89
TC00004111,TOP0033,V00000728,2026-03-20 21:11:53,320,3.26
TC00004112,TOP0112,V00012997,2026-05-23 06:23:41,57,1.0
TC00004113,TOP0094,V00008914,2026-07-09 00:00:00,143,3.15
TC00004114,TOP0086,V00004448,2026-05-31 19:08:39,84,2.63
TC00004115,TOP0102,V00009198,2026-08-25 21:47:11,458,2.81
TC00004116,TOP0060,V00009900,2026-08-04 00:00:00,302,2.09
TC00004117,TOP0010,V00006787,2026-06-28 22:26:39,465,2.39
TC00004118,TOP0006,V00005075,2026-03-09 00:00:00,322,1.08
TC00004119,TOP0089,V00006377,2026-08-10 10:15:14,182,2.29
TC00004120,TOP0047,V00013810,2026-08-01 17:04:12,28,1.33
TC00004121,TOP0034,V00007316,2026-05-23 20:56:08,468,2.49
TC00004122,TOP0066,V00009996,2026-08-13 00:13:38,108,2.83
TC00004123,TOP0117,V00014814,2026-06-30 04:42:52,19,3.4
TC00004124,TOP0106,V00014592,2026-02-21 00:00:00,139,2.44
TC00004125,TOP0025,V00004178,2026-08-21 01:44:23,338,2.78
TC00004126,TOP0018,V00007915,2026-04-07 00:00:00,389,1.05
TC00004127,TOP0054,V00011605,2026-05-09 00:00:00,389,3.5
TC00004128,TOP0064,V00012777,2026-03-28 00:00:00,195,1.39
TC00004129,TOP0068,V00014216,2026-05-02 12:05:27,480,1.66
TC00004130,TOP0076,V00008139,2026-05-16 18:55:48,108,2.51
TC00004131,TOP0088,V00007283,2026-05-14 00:00:00,352,1.61
TC00004132,TOP0060,V00005416,2026-08-06 20:32:10,308,1.62
TC00004133,TOP0050,V00010299,2026-06-25 01:48:26,437,1.67
TC00004134,TOP0059,V00004123,2026-08-02 05:42:54,408,1.13
TC00004135,TOP0080,V00004600,2026-07-06 15:45:53,239,2.0
TC00004136,TOP0093,V00010548,2026-05-28 17:50:59,127,2.74
TC00004137,TOP0021,V00009452,2026-07-13 00:00:00,259,1.76
TC00004138,TOP0001,V00004818,2026-04-09 00:00:00,156,2.11
TC00004139,TOP0110,V00000233,2026-05-15 18:31:13,459,3.45
TC00004140,TOP0089,V00006152,2026-03-11 13:02:33,190,1.21
TC00004141,TOP0011,V00005675,2026-07-28 18:22:05,181,1.23
TC00004142,TOP0057,V00003392,2026-08-25 05:19:05,267,1.08
TC00004143,TOP0078,V00005993,2026-05-25 18:08:03,380,3.28
TC00004144,TOP0067,V00001782,2026-05-16 07:27:04,273,1.95
TC00004145,TOP0106,V00008763,2026-05-01 03:48:32,248,1.69
TC00004146,TOP0048,V00008672,2026-04-06 00:00:00,66,1.77
TC00004147,TOP0107,V00007020,2026-07-22 00:00:00,365,1.9
TC00004148,TOP0046,V00009460,2026-08-25 16:29:30,16,3.12
TC00004149,TOP0043,V00010178,2026-08-18 05:30:04,245,3.05
TC00004150,TOP0074,V00000670,2026-08-18 07:43:51,353,3.2
TC00004151,TOP0089,V00005563,2026-02-18 05:34:20,256,1.2
TC00004152,TOP0047,V00001228,2026-06-08 02:09:47,370,1.59
TC00004153,TOP0003,V00006418,2026-08-01 01:36:41,298,3.25
TC00004154,TOP0034,V00001618,2026-05-30 21:58:48,321,1.72
TC00004155,TOP0089,V00001877,2026-08-17 18:00:23,438,1.67
TC00004156,TOP0116,V00012829,2026-04-15 00:00:00,432,1.56
TC00004157,TOP0055,V00003632,2026-07-26 23:08:05,301,1.57
TC00004158,TOP0106,V00002232,2026-06-04 05:31:52,157,2.1
TC00004159,TOP0033,V00011134,2026-05-30 08:13:48,349,2.96
TC00004160,TOP0119,V00008001,2026-03-24 17:08:19,65,1.99
TC00004161,TOP0077,V00001747,2026-06-22 22:52:05,89,3.12
TC00004162,TOP0047,V00003304,2026-05-31 00:00:00,355,2.53
TC00004163,TOP0112,V00004781,2026-07-10 03:09:47,257,3.32
TC00004164,TOP0083,V00011825,2026-08-03 15:32:36,90,1.71
TC00004165,TOP0023,V00002586,2026-06-13 00:00:00,167,2.16
TC00004166,TOP0080,V00013215,2026-08-01 23:17:46,295,2.24
TC00004167,TOP0101,V00010258,2026-06-20 00:00:00,356,2.8
TC00004168,TOP0118,V00004130,2026-07-01 10:52:45,32,1.06
TC00004169,TOP0052,V00013029,2026-04-17 00:00:00,39,3.28
TC00004170,TOP0054,V00001508,2026-05-09 00:00:00,281,1.19
TC00004171,TOP0025,V00005371,2026-07-27 11:49:40,343,1.34
TC00004172,TOP0032,V00011982,2026-06-27 00:00:00,215,3.37
TC00004173,TOP0102,V00006059,2026-08-18 19:35:42,376,1.45
TC00004174,TOP0055,V00004604,2026-05-31 07:56:45,86,3.46
TC00004175,TOP0044,V00014100,2026-08-11 21:28:33,20,1.1
TC00004176,TOP0007,V00009513,2026-08-06 15:44:49,464,3.13
TC00004177,TOP0019,V00006270,2026-04-12 00:00:00,383,1.17
TC00004178,TOP0025,V00009140,2026-07-04 00:00:00,181,2.04
TC00004179,TOP0023,V00011829,2026-07-07 02:19:14,72,3.19
TC00004180,TOP0083,V00007594,2026-08-18 10:48:07,180,2.75
TC00004181,TOP0004,V00004850,2026-07-16 02:08:21,397,2.82
TC00004182,TOP0116,V00013353,2026-05-16 00:52:00,307,2.33
TC00004183,TOP0019,V00003405,2026-08-13 00:28:29,232,1.55
TC00004184,TOP0113,V00013764,2026-06-15 00:00:00,138,2.95
TC00004185,TOP0071,V00013853,2026-07-07 15:10:54,285,1.14
TC00004186,TOP0086,V00008441,2026-03-25 00:46:59,27,1.66
TC00004187,TOP0028,V00000803,2026-07-31 00:21:10,223,2.26
TC00004188,TOP0112,V00012399,2026-08-09 22:08:03,25,1.52
TC00004189,TOP0074,V00009424,2026-06-09 00:00:00,434,3.1
TC00004190,TOP0046,V00006961,2026-05-11 00:00:00,444,2.94
TC00004191,TOP0061,V00004059,2026-04-16 00:00:00,418,2.57
TC00004192,TOP0005,V00000433,2026-06-05 06:55:37,246,1.91
TC00004193,TOP0099,V00005199,2026-07-03 00:00:00,312,2.01
TC00004194,TOP0088,V00013389,2026-05-14 00:00:00,352,1.69
TC00004195,TOP0031,V00011933,2026-08-01 00:00:00,6,2.15
TC00004196,TOP0067,V00005552,2026-08-27 12:56:14,282,3.25
TC00004197,TOP0087,V00005236,2026-04-14 01:30:49,9,1.8
TC00004198,TOP0110,V00000499,2026-08-13 14:41:21,362,1.79
TC00004199,TOP0087,V00012716,2026-06-30 07:03:18,334,3.4
TC00004200,TOP0021,V00010847,2026-07-16 07:44:52,309,1.8
TC00004201,TOP0108,V00013090,2026-08-16 14:18:49,130,1.44
TC00004202,TOP0016,V00002887,2026-05-15 00:00:00,377,2.01
TC00004203,TOP0022,V00006931,2026-04-08 22:57:54,102,2.2
TC00004204,TOP0058,V00001985,2026-07-26 02:39:26,382,2.01
TC00004205,TOP0060,V00013925,2026-08-04 00:00:00,379,2.48
TC00004206,TOP0070,V00003157,2026-05-09 10:16:15,495,1.8
TC00004207,TOP0110,V00012472,2026-06-23 22:12:29,376,2.06
TC00004208,TOP0025,V00001934,2026-07-20 17:24:58,434,1.64
TC00004209,TOP0008,V00005871,2026-07-26 00:00:00,50,2.29
TC00004210,TOP0040,V00008301,2026-06-28 00:07:32,86,1.96
TC00004211,TOP0024,V00014324,2026-08-11 19:17:42,195,2.82
TC00004212,TOP0029,V00007128,2026-07-26 05:31:00,106,3.5
TC00004213,TOP0069,V00007225,2026-05-17 13:01:49,111,1.7
TC00004214,TOP0106,V00010097,2026-08-26 05:24:40,75,2.76
TC00004215,TOP0099,V00005727,2026-07-03 00:00:00,122,1.11
TC00004216,TOP0005,V00006782,2026-05-02 13:56:54,460,2.24
TC00004217,TOP0043,V00001735,2026-07-12 11:37:45,197,1.17
TC00004218,TOP0035,V00002875,2026-03-27 00:00:00,384,3.16
TC00004219,TOP0004,V00010381,2026-04-15 00:00:00,337,1.91
TC00004220,TOP0060,V00006898,2026-08-04 00:00:00,390,1.27
TC00004221,TOP0118,V00005317,2026-04-30 00:00:00,383,3.18
TC00004222,TOP0100,V00011296,2026-04-06 12:25:44,197,2.98
TC00004223,TOP0083,V00000049,2026-06-25 00:00:00,70,1.21
TC00004224,TOP0087,V00003313,2026-06-30 10:46:18,68,1.68
TC00004225,TOP0098,V00007892,2026-07-01 19:00:26,398,1.29
TC00004226,TOP0001,V00014967,2026-07-19 06:22:09,413,2.56
TC00004227,TOP0066,V00012437,2026-02-07 00:00:00,38,2.34
TC00004228,TOP0014,V00008758,2026-06-16 22:29:29,253,1.85
TC00004229,TOP0075,V00012669,2026-05-27 00:00:00,45,1.23
TC00004230,TOP0080,V00000868,2026-05-09 00:00:00,477,2.32
TC00004231,TOP0032,V00006212,2026-06-27 00:00:00,83,3.06
TC00004232,TOP0004,V00004333,2026-08-22 09:57:40,484,1.73
TC00004233,TOP0030,V00009405,2026-08-21 12:50:41,122,1.35
TC00004234,TOP0063,V00012530,2026-07-19 19:12:56,495,2.96
TC00004235,TOP0064,V00006523,2026-03-28 00:00:00,94,1.99
TC00004236,TOP0066,V00011004,2026-02-14 09:40:34,482,2.46
TC00004237,TOP0097,V00004960,2026-08-26 11:28:29,213,3.44
TC00004238,TOP0044,V00011106,2026-06-01 00:00:00,355,1.66
TC00004239,TOP0045,V00010730,2026-08-24 23:21:04,285,1.02
TC00004240,TOP0059,V00004365,2026-07-31 11:44:12,457,1.44
TC00004241,TOP0013,V00007834,2026-07-09 17:03:52,414,3.26
TC00004242,TOP0049,V00011343,2026-04-09 08:25:58,51,2.29
TC00004243,TOP0017,V00006464,2026-07-21 07:30:43,79,2.85
TC00004244,TOP0113,V00012598,2026-07-23 21:09:40,17,2.41
TC00004245,TOP0072,V00003239,2026-04-30 09:39:57,245,2.16
TC00004246,TOP0042,V00011195,2026-07-31 22:29:11,236,3.42
TC00004247,TOP0013,V00002036,2026-02-15 00:00:00,360,2.44
TC00004248,TOP0066,V00001143,2026-07-25 01:01:07,281,2.12
TC00004249,TOP0018,V00006978,2026-07-21 18:24:11,21,1.65
TC00004250,TOP0086,V00003910,2026-05-03 21:30:58,8,2.47
TC00004251,TOP0081,V00008820,2026-06-22 00:00:00,367,3.48
TC00004252,TOP0120,V00014100,2026-08-11 21:28:33,210,1.72
TC00004253,TOP0099,V00006013,2026-07-11 12:15:16,90,2.67
TC00004254,TOP0026,V00006462,2026-06-06 00:00:00,248,2.93
TC00004255,TOP0110,V00001416,2026-05-04 07:20:43,176,2.81
TC00004256,TOP0085,V00009502,2026-08-11 11:51:16,367,1.67
TC00004257,TOP0056,V00001989,2026-08-07 00:00:00,225,2.51
TC00004258,TOP0049,V00007833,2026-03-05 00:00:00,45,1.16
TC00004259,TOP0106,V00004716,2026-05-03 13:24:20,414,1.47
TC00004260,TOP0029,V00008063,2026-05-24 00:00:00,227,1.91
TC00004261,TOP0115,V00000009,2026-06-17 12:49:11,217,2.54
TC00004262,TOP0010,V00001433,2026-08-02 08:41:29,114,2.78
TC00004263,TOP0035,V00013508,2026-08-28 19:24:24,86,1.12
TC00004264,TOP0091,V00012040,2026-06-04 00:00:00,233,2.0
TC00004265,TOP0066,V00014212,2026-06-10 01:44:32,2,3.02
TC00004266,TOP0117,V00012795,2026-05-28 04:31:08,471,1.7
TC00004267,TOP0004,V00000020,2026-07-07 21:12:50,97,3.2
TC00004268,TOP0016,V00012158,2026-07-22 05:56:00,380,2.58
TC00004269,TOP0018,V00013320,2026-06-10 11:41:02,335,2.56
TC00004270,TOP0046,V00010713,2026-07-03 09:33:40,464,2.93
TC00004271,TOP0034,V00002460,2026-07-09 13:21:40,333,1.99
TC00004272,TOP0056,V00013694,2026-08-07 00:00:00,477,1.08
TC00004273,TOP0064,V00010368,2026-08-25 10:11:02,316,2.61
TC00004274,TOP0092,V00004254,2026-07-05 01:17:44,486,1.52
TC00004275,TOP0041,V00009909,2026-04-10 00:00:00,330,2.21
TC00004276,TOP0025,V00003962,2026-07-06 12:25:15,22,2.85
TC00004277,TOP0117,V00013285,2026-03-06 00:00:00,89,1.48
TC00004278,TOP0100,V00014262,2026-03-11 00:00:00,134,1.6
TC00004279,TOP0072,V00014302,2026-08-19 05:19:23,261,2.85
TC00004280,TOP0016,V00013322,2026-05-15 00:00:00,196,1.49
TC00004281,TOP0074,V00011173,2026-06-14 03:21:47,167,2.66
TC00004282,TOP0021,V00007301,2026-08-23 10:39:21,361,1.88
TC00004283,TOP0066,V00014647,2026-02-07 00:00:00,256,1.99
TC00004284,TOP0020,V00014201,2026-08-16 00:28:20,446,3.15
TC00004285,TOP0064,V00014056,2026-03-28 00:00:00,331,2.5
TC00004286,TOP0101,V00000950,2026-06-20 00:00:00,289,1.32
TC00004287,TOP0048,V00004774,2026-06-13 14:52:43,181,1.66
TC00004288,TOP0049,V00013468,2026-08-17 12:33:54,141,2.16
TC00004289,TOP0098,V00012548,2026-03-23 23:17:37,492,1.42
TC00004290,TOP0019,V00009582,2026-07-19 05:33:27,377,3.26
TC00004291,TOP0112,V00010936,2026-05-06 00:00:00,366,2.16
TC00004292,TOP0002,V00004856,2026-06-03 03:12:11,49,1.23
TC00004293,TOP0019,V00009873,2026-06-09 17:13:51,96,1.49
TC00004294,TOP0016,V00007702,2026-07-24 01:38:48,260,1.36
TC00004295,TOP0057,V00012952,2026-08-08 08:29:29,123,2.14
TC00004296,TOP0065,V00009652,2026-04-09 04:28:29,285,1.21
TC00004297,TOP0100,V00009427,2026-03-19 13:17:48,500,3.19
TC00004298,TOP0028,V00005131,2026-07-11 12:43:25,40,2.97
TC00004299,TOP0102,V00007248,2026-07-21 16:14:06,455,1.11
TC00004300,TOP0116,V00001730,2026-04-15 00:00:00,172,2.4
TC00004301,TOP0034,V00011889,2026-03-19 00:00:00,431,2.92
TC00004302,TOP0018,V00003942,2026-04-07 00:00:00,155,2.39
TC00004303,TOP0036,V00010460,2026-06-26 00:00:00,215,1.72
TC00004304,TOP0047,V00011133,2026-05-31 00:00:00,497,2.24
TC00004305,TOP0096,V00010353,2026-05-18 02:32:25,358,3.14
TC00004306,TOP0084,V00002508,2026-06-29 00:00:00,51,1.66
TC00004307,TOP0056,V00005741,2026-08-19 06:35:39,68,2.36
TC00004308,TOP0044,V00011824,2026-06-14 05:06:50,2,2.11
TC00004309,TOP0019,V00008544,2026-04-12 00:00:00,307,1.29
TC00004310,TOP0024,V00000769,2026-05-18 00:00:00,101,1.07
TC00004311,TOP0112,V00006643,2026-08-01 01:24:54,185,2.71
TC00004312,TOP0084,V00006257,2026-08-09 00:11:09,212,2.81
TC00004313,TOP0069,V00012009,2026-01-26 23:26:38,7,2.21
TC00004314,TOP0026,V00004810,2026-06-06 00:00:00,343,1.2
TC00004315,TOP0115,V00007903,2026-06-11 14:10:38,239,2.18
TC00004316,TOP0086,V00000365,2026-01-05 11:59:18,233,1.15
TC00004317,TOP0040,V00003981,2026-08-16 06:22:15,429,2.29
TC00004318,TOP0083,V00009125,2026-06-25 00:00:00,72,1.57
TC00004319,TOP0051,V00000800,2026-07-11 00:00:00,140,2.24
TC00004320,TOP0025,V00008209,2026-08-21 07:45:44,237,1.59
TC00004321,TOP0085,V00012109,2026-08-28 09:47:50,345,1.17
TC00004322,TOP0086,V00010273,2026-03-22 19:17:32,136,2.9
TC00004323,TOP0070,V00000653,2026-07-03 11:07:44,432,2.87
TC00004324,TOP0104,V00006678,2026-05-24 00:00:00,70,1.48
TC00004325,TOP0009,V00014226,2026-08-11 12:05:27,105,3.35
TC00004326,TOP0099,V00011486,2026-07-27 08:27:04,61,2.34
TC00004327,TOP0100,V00010580,2026-07-07 22:20:35,318,3.04
TC00004328,TOP0093,V00013107,2026-05-22 20:36:59,76,2.49
TC00004329,TOP0014,V00011899,2026-01-27 11:55:38,403,3.04
TC00004330,TOP0002,V00003781,2026-05-01 04:36:28,371,2.13
TC00004331,TOP0025,V00001049,2026-07-04 00:00:00,96,3.33
TC00004332,TOP0035,V00012928,2026-08-15 18:47:52,232,1.85
TC00004333,TOP0023,V00003162,2026-08-03 23:44:38,474,1.13
TC00004334,TOP0088,V00000164,2026-06-27 14:52:36,294,1.29
TC00004335,TOP0104,V00005599,2026-08-09 03:19:53,336,2.35
TC00004336,TOP0066,V00005091,2026-08-13 07:59:54,189,1.22
TC00004337,TOP0105,V00001212,2026-07-19 22:02:53,462,1.15
TC00004338,TOP0070,V00001493,2026-07-30 17:03:55,202,2.51
TC00004339,TOP0119,V00006513,2026-08-23 05:25:10,240,2.4
TC00004340,TOP0032,V00013229,2026-06-27 00:00:00,392,2.92
TC00004341,TOP0048,V00004619,2026-06-19 06:47:03,17,2.37
TC00004342,TOP0067,V00002553,2026-07-17 15:54:47,476,1.13
TC00004343,TOP0006,V00008258,2026-08-17 14:48:15,462,1.27
TC00004344,TOP0057,V00008466,2026-03-31 05:19:37,430,1.62
TC00004345,TOP0115,V00011175,2026-08-27 17:18:26,476,1.63
TC00004346,TOP0100,V00009450,2026-06-03 07:55:13,199,2.77
TC00004347,TOP0083,V00014268,2026-06-29 22:59:49,98,2.06
TC00004348,TOP0023,V00012398,2026-08-27 21:46:53,463,1.05
TC00004349,TOP0074,V00013891,2026-06-09 00:00:00,476,2.59
TC00004350,TOP0104,V00013022,2026-05-24 12:33:10,306,3.35
TC00004351,TOP0062,V00004850,2026-07-16 02:08:21,17,3.38
TC00004352,TOP0117,V00007858,2026-03-06 00:00:00,474,3.28
TC00004353,TOP0019,V00013492,2026-07-28 15:56:54,60,3.38
TC00004354,TOP0039,V00014857,2026-02-20 17:27:52,37,2.54
TC00004355,TOP0090,V00001242,2026-07-23 00:00:00,371,1.75
TC00004356,TOP0111,V00008520,2026-08-03 05:55:45,69,1.18
TC00004357,TOP0095,V00005505,2026-06-17 00:00:00,322,1.1
TC00004358,TOP0022,V00007405,2026-07-18 14:30:05,425,2.65
TC00004359,TOP0005,V00005146,2026-07-16 03:10:58,65,1.19
TC00004360,TOP0061,V00014929,2026-04-23 22:17:17,461,1.48
TC00004361,TOP0050,V00010956,2026-05-23 00:00:00,184,1.84
TC00004362,TOP0083,V00002574,2026-06-25 00:00:00,476,1.06
TC00004363,TOP0091,V00000784,2026-06-04 00:00:00,402,1.78
TC00004364,TOP0028,V00008725,2026-08-05 11:03:48,301,1.49
TC00004365,TOP0108,V00014184,2026-07-11 00:00:00,484,1.89
TC00004366,TOP0080,V00002805,2026-05-09 00:00:00,275,3.4
TC00004367,TOP0045,V00010022,2026-06-14 04:39:44,24,1.19
TC00004368,TOP0102,V00012003,2026-06-29 00:00:00,107,3.29
TC00004369,TOP0113,V00008895,2026-08-26 15:46:36,238,3.27
TC00004370,TOP0095,V00000666,2026-06-17 00:00:00,330,1.59
TC00004371,TOP0045,V00012075,2026-06-07 19:15:28,321,1.45
TC00004372,TOP0091,V00012723,2026-06-04 00:00:00,197,2.73
TC00004373,TOP0098,V00011642,2026-02-26 00:00:00,246,2.56
TC00004374,TOP0024,V00010762,2026-05-18 00:00:00,314,2.53
TC00004375,TOP0094,V00001288,2026-07-13 10:07:16,271,1.83
TC00004376,TOP0076,V00009974,2026-05-04 00:00:00,285,2.13
TC00004377,TOP0074,V00009576,2026-06-09 00:00:00,82,2.69
TC00004378,TOP0049,V00008054,2026-04-25 19:27:07,438,1.29
TC00004379,TOP0007,V00005938,2026-08-21 21:05:58,288,2.39
TC00004380,TOP0095,V00013607,2026-06-17 00:00:00,52,2.77
TC00004381,TOP0002,V00002510,2026-08-25 11:55:35,179,1.56
TC00004382,TOP0041,V00013271,2026-05-17 09:06:29,423,3.41
TC00004383,TOP0064,V00013496,2026-07-25 21:37:35,33,1.1
TC00004384,TOP0082,V00014550,2026-08-18 23:44:53,410,2.38
TC00004385,TOP0106,V00000111,2026-07-20 17:46:59,415,3.11
TC00004386,TOP0011,V00007127,2026-08-21 05:44:51,288,2.62
TC00004387,TOP0082,V00000335,2026-07-25 08:47:48,332,2.06
TC00004388,TOP0057,V00005500,2026-08-09 01:24:12,289,2.52
TC00004389,TOP0072,V00012659,2026-05-25 23:19:09,45,3.03
TC00004390,TOP0080,V00008996,2026-07-13 23:15:18,101,2.04
TC00004391,TOP0119,V00009814,2026-08-16 18:52:24,383,2.81
TC00004392,TOP0070,V00012802,2026-04-23 00:00:00,326,1.55
TC00004393,TOP0043,V00008702,2026-07-03 21:08:49,269,1.92
TC00004394,TOP0016,V00009896,2026-05-15 00:00:00,441,1.48
TC00004395,TOP0034,V00001755,2026-04-25 19:27:55,52,1.13
TC00004396,TOP0027,V00010241,2026-04-01 00:00:00,278,3.29
TC00004397,TOP0117,V00007164,2026-08-28 13:58:15,225,3.19
TC00004398,TOP0108,V00003777,2026-07-11 00:00:00,217,2.68
TC00004399,TOP0028,V00001555,2026-01-24 00:00:00,393,3.24
TC00004400,TOP0099,V00003137,2026-07-03 00:00:00,324,1.08
TC00004401,TOP0112,V00007563,2026-05-06 00:00:00,170,1.59
TC00004402,TOP0038,V00009023,2026-06-01 20:42:57,170,3.14
TC00004403,TOP0086,V00005762,2026-06-17 05:54:53,246,1.12
TC00004404,TOP0051,V00006849,2026-07-11 00:00:00,231,2.25
TC00004405,TOP0117,V00002745,2026-05-16 23:20:51,112,3.45
TC00004406,TOP0092,V00011591,2026-05-04 08:04:13,170,1.97
TC00004407,TOP0057,V00013135,2026-03-11 22:42:55,205,1.95
TC00004408,TOP0044,V00011357,2026-07-16 20:37:29,449,3.03
TC00004409,TOP0032,V00013534,2026-08-23 00:07:48,264,1.93
TC00004410,TOP0114,V00007770,2026-08-11 15:53:10,219,1.87
TC00004411,TOP0008,V00010686,2026-07-26 00:00:00,375,1.09
TC00004412,TOP0062,V00003005,2026-04-22 00:58:32,69,1.66
TC00004413,TOP0103,V00011233,2026-08-09 21:54:49,170,1.91
TC00004414,TOP0034,V00010055,2026-08-15 22:55:00,419,1.23
TC00004415,TOP0053,V00000464,2026-07-10 04:34:15,258,2.7
TC00004416,TOP0017,V00005471,2026-03-25 09:47:26,215,2.76
TC00004417,TOP0022,V00012725,2026-03-21 02:50:02,123,1.81
TC00004418,TOP0119,V00014986,2026-01-10 21:59:16,149,1.13
TC00004419,TOP0074,V00002746,2026-08-28 09:50:52,168,1.92
TC00004420,TOP0101,V00012351,2026-08-23 19:56:37,408,1.98
TC00004421,TOP0072,V00013317,2026-07-24 23:09:30,151,2.86
TC00004422,TOP0067,V00002563,2026-08-28 14:12:31,184,2.35
TC00004423,TOP0056,V00014996,2026-08-07 00:00:00,169,2.22
TC00004424,TOP0049,V00002540,2026-07-22 12:53:30,455,1.84
TC00004425,TOP0031,V00003521,2026-08-01 00:00:00,275,2.55
TC00004426,TOP0112,V00003111,2026-05-06 00:00:00,396,2.23
TC00004427,TOP0095,V00003074,2026-08-22 13:11:52,203,2.01
TC00004428,TOP0104,V00003902,2026-05-24 00:00:00,149,3.04
TC00004429,TOP0105,V00014084,2026-08-15 12:02:48,89,2.45
TC00004430,TOP0001,V00014038,2026-05-02 05:47:21,491,1.88
TC00004431,TOP0013,V00009801,2026-05-19 13:31:48,229,2.35
TC00004432,TOP0102,V00011301,2026-06-29 00:00:00,88,2.68
TC00004433,TOP0008,V00004185,2026-07-26 00:00:00,9,1.22
TC00004434,TOP0115,V00002730,2026-05-10 00:00:00,254,3.08
TC00004435,TOP0049,V00006590,2026-04-19 03:08:14,451,2.98
TC00004436,TOP0030,V00005259,2026-07-28 00:00:00,82,3.03
TC00004437,TOP0083,V00006886,2026-06-25 00:00:00,440,2.23
TC00004438,TOP0065,V00009554,2026-06-24 13:40:05,20,2.07
TC00004439,TOP0115,V00001013,2026-05-10 00:00:00,45,2.3
TC00004440,TOP0009,V00003078,2026-07-14 00:09:24,388,3.47
TC00004441,TOP0034,V00010587,2026-07-01 14:27:18,155,3.1
TC00004442,TOP0074,V00000128,2026-08-18 11:09:39,371,3.09
TC00004443,TOP0060,V00014559,2026-08-04 00:00:00,493,1.4
TC00004444,TOP0063,V00002684,2026-06-29 00:00:00,267,1.64
TC00004445,TOP0110,V00004602,2026-06-17 00:08:57,482,1.55
TC00004446,TOP0100,V00012798,2026-05-25 16:09:38,1,2.08
TC00004447,TOP0076,V00012887,2026-06-26 12:55:59,229,2.1
TC00004448,TOP0038,V00000664,2026-06-08 15:49:46,392,1.57
TC00004449,TOP0013,V00001527,2026-08-13 22:33:32,36,1.28
TC00004450,TOP0068,V00001035,2026-08-17 05:55:55,44,1.31
TC00004451,TOP0114,V00012531,2026-06-26 05:26:55,122,3.08
TC00004452,TOP0042,V00001840,2026-08-16 08:54:02,453,1.57
TC00004453,TOP0112,V00008901,2026-07-16 20:57:27,372,1.87
TC00004454,TOP0017,V00001413,2026-05-08 05:44:51,289,2.51
TC00004455,TOP0060,V00003097,2026-08-04 00:00:00,379,3.45
TC00004456,TOP0102,V00001002,2026-06-29 00:00:00,402,2.75
TC00004457,TOP0073,V00010466,2026-07-02 04:19:18,468,1.43
TC00004458,TOP0098,V00002439,2026-02-26 00:00:00,64,1.57
TC00004459,TOP0006,V00009766,2026-06-01 20:19:30,397,1.66
TC00004460,TOP0017,V00010134,2026-03-18 00:00:00,257,1.03
TC00004461,TOP0089,V00004095,2026-06-28 21:12:32,238,2.57
TC00004462,TOP0018,V00009167,2026-04-07 00:00:00,382,1.45
TC00004463,TOP0063,V00008467,2026-06-29 00:00:00,444,3.5
TC00004464,TOP0085,V00003279,2026-07-10 00:00:00,425,1.15
TC00004465,TOP0112,V00013843,2026-07-23 18:13:16,288,2.44
TC00004466,TOP0021,V00006569,2026-07-13 00:00:00,322,3.46
TC00004467,TOP0090,V00014255,2026-07-23 00:00:00,500,2.14
TC00004468,TOP0083,V00004595,2026-06-25 00:00:00,488,1.92
TC00004469,TOP0014,V00005128,2026-02-14 08:51:28,6,2.55
TC00004470,TOP0059,V00007208,2026-08-19 16:07:56,113,2.13
TC00004471,TOP0062,V00005760,2026-08-19 03:17:32,360,1.38
TC00004472,TOP0112,V00006263,2026-08-18 21:19:45,189,1.02
TC00004473,TOP0001,V00002858,2026-04-24 00:25:59,362,2.99
TC00004474,TOP0056,V00007465,2026-08-07 00:00:00,361,1.41
TC00004475,TOP0013,V00003869,2026-08-26 04:13:22,251,3.1
TC00004476,TOP0035,V00013614,2026-05-20 10:43:27,62,3.41
TC00004477,TOP0110,V00013145,2026-02-11 22:29:19,193,2.2
TC00004478,TOP0080,V00014796,2026-05-19 21:39:22,311,2.73
TC00004479,TOP0047,V00004744,2026-06-15 10:29:04,214,3.24
TC00004480,TOP0014,V00013625,2026-08-24 08:31:27,96,3.33
TC00004481,TOP0088,V00002335,2026-05-14 00:00:00,69,2.46
TC00004482,TOP0091,V00009282,2026-06-04 00:00:00,268,2.65
TC00004483,TOP0022,V00013728,2026-07-07 09:05:08,35,3.11
TC00004484,TOP0033,V00010546,2026-08-25 04:56:14,71,3.08
TC00004485,TOP0103,V00000205,2026-07-04 00:00:00,138,1.95
TC00004486,TOP0052,V00013380,2026-08-10 05:31:51,105,1.89
TC00004487,TOP0047,V00011565,2026-05-31 00:00:00,78,2.15
TC00004488,TOP0041,V00012218,2026-08-13 13:48:57,337,1.24
TC00004489,TOP0053,V00008727,2026-08-14 01:04:04,16,1.21
TC00004490,TOP0039,V00000596,2026-07-04 03:34:01,381,1.85
TC00004491,TOP0109,V00009251,2026-04-02 00:00:00,134,1.98
TC00004492,TOP0120,V00004414,2026-08-03 03:11:22,489,2.94
TC00004493,TOP0017,V00006989,2026-03-18 00:00:00,184,1.09
TC00004494,TOP0105,V00012229,2026-08-09 04:42:02,219,3.11
TC00004495,TOP0026,V00004781,2026-07-10 03:09:47,481,2.08
TC00004496,TOP0057,V00008614,2026-03-10 07:07:46,463,2.51
TC00004497,TOP0079,V00011465,2026-08-25 04:34:17,216,1.09
TC00004498,TOP0061,V00009422,2026-05-18 11:42:13,442,1.81
TC00004499,TOP0027,V00014104,2026-04-01 00:00:00,301,2.59
TC00004500,TOP0041,V00012636,2026-07-19 03:49:26,187,2.38
