snapshot_id,user_id,snapshot_date,lifecycle_stage,active_days,days_since_last_active,engagement_score
LCS00000001,U0000001,2026-08-28,新用户,6,0,0.4435
LCS00000002,U0000002,2026-08-28,沉默用户,5,18,0.4049
LCS00000003,U0000003,2026-08-28,活跃用户,13,6,0.2308
LCS00000004,U0000004,2026-08-28,流失用户,10,51,0.3853
LCS00000005,U0000005,2026-08-28,沉默用户,11,8,0.3813
LCS00000006,U0000006,2026-08-28,活跃用户,15,0,0.4004
LCS00000007,U0000007,2026-08-28,流失用户,3,119,0.4072
LCS00000008,U0000008,2026-08-28,活跃用户,4,2,0.3254
LCS00000009,U0000009,2026-08-28,活跃用户,5,5,0.2501
LCS00000010,U0000010,2026-08-28,活跃用户,9,1,0.2923
LCS00000011,U0000011,2026-08-28,沉默用户,4,10,0.2996
LCS00000012,U0000012,2026-08-28,沉默用户,10,12,0.2522
LCS00000013,U0000013,2026-08-28,沉默用户,15,11,0.3063
LCS00000014,U0000014,2026-08-28,活跃用户,13,3,0.4859
LCS00000015,U0000015,2026-08-28,流失用户,1,59,0.1523
LCS00000016,U0000016,2026-08-28,活跃用户,9,5,0.5202
LCS00000017,U0000017,2026-08-28,活跃用户,7,4,0.4179
LCS00000018,U0000018,2026-08-28,流失用户,3,37,0.2196
LCS00000019,U0000019,2026-08-28,沉默用户,1,26,0.05
LCS00000020,U0000020,2026-08-28,流失用户,0,59,0.3143
LCS00000021,U0000021,2026-08-28,流失用户,6,106,0.1692
LCS00000022,U0000022,2026-08-28,活跃用户,8,1,0.3329
LCS00000023,U0000023,2026-08-28,沉默用户,9,30,0.6141
LCS00000024,U0000024,2026-08-28,流失用户,2,76,0.187
LCS00000025,U0000025,2026-08-28,新用户,6,0,0.3139
LCS00000026,U0000026,2026-08-28,活跃用户,5,2,0.1379
LCS00000027,U0000027,2026-08-28,沉默用户,7,9,0.3184
LCS00000028,U0000028,2026-08-28,流失用户,3,98,0.3696
LCS00000029,U0000029,2026-08-28,活跃用户,12,1,0.488
LCS00000030,U0000030,2026-08-28,沉默用户,11,14,0.4646
LCS00000031,U0000031,2026-08-28,流失用户,1,82,0.2398
LCS00000032,U0000032,2026-08-28,活跃用户,11,5,0.1878
LCS00000033,U0000033,2026-08-28,流失用户,2,124,0.1939
LCS00000034,U0000034,2026-08-28,活跃用户,5,0,0.5168
LCS00000035,U0000035,2026-08-28,活跃用户,8,6,0.2865
LCS00000036,U0000036,2026-08-28,沉默用户,7,10,0.3909
LCS00000037,U0000037,2026-08-28,沉默用户,3,10,0.2402
LCS00000038,U0000038,2026-08-28,沉默用户,9,17,0.4695
LCS00000039,U0000039,2026-08-28,流失用户,3,63,0.26
LCS00000040,U0000040,2026-08-28,沉默用户,9,26,0.3151
LCS00000041,U0000041,2026-08-28,活跃用户,11,1,0.185
LCS00000042,U0000042,2026-08-28,流失用户,17,39,0.5122
LCS00000043,U0000043,2026-08-28,流失用户,0,155,0.05
LCS00000044,U0000044,2026-08-28,流失用户,1,148,0.1184
LCS00000045,U0000045,2026-08-28,沉默用户,7,9,0.1839
LCS00000046,U0000046,2026-08-28,活跃用户,7,2,0.5059
LCS00000047,U0000047,2026-08-28,活跃用户,3,7,0.1764
LCS00000048,U0000048,2026-08-28,流失用户,12,55,0.4806
LCS00000049,U0000049,2026-08-28,新用户,3,1,0.2033
LCS00000050,U0000050,2026-08-28,沉默用户,12,10,0.3583
LCS00000051,U0000051,2026-08-28,沉默用户,16,14,0.37
LCS00000052,U0000052,2026-08-28,活跃用户,7,0,0.4043
LCS00000053,U0000053,2026-08-28,活跃用户,11,4,0.2498
LCS00000054,U0000054,2026-08-28,流失用户,3,65,0.22
LCS00000055,U0000055,2026-08-28,活跃用户,13,6,0.3954
LCS00000056,U0000056,2026-08-28,沉默用户,11,14,0.362
LCS00000057,U0000057,2026-08-28,流失用户,4,71,0.1822
LCS00000058,U0000058,2026-08-28,流失用户,11,88,0.2818
LCS00000059,U0000059,2026-08-28,新用户,7,0,0.1797
LCS00000060,U0000060,2026-08-28,沉默用户,3,12,0.2381
LCS00000061,U0000061,2026-08-28,活跃用户,10,0,0.2906
LCS00000062,U0000062,2026-08-28,沉默用户,7,23,0.4675
LCS00000063,U0000063,2026-08-28,活跃用户,14,0,0.3853
LCS00000064,U0000064,2026-08-28,流失用户,6,47,0.1394
LCS00000065,U0000065,2026-08-28,沉默用户,11,19,0.2869
LCS00000066,U0000066,2026-08-28,活跃用户,13,3,0.2555
LCS00000067,U0000067,2026-08-28,流失用户,2,42,0.0505
LCS00000068,U0000068,2026-08-28,沉默用户,13,11,0.2296
LCS00000069,U0000069,2026-08-28,流失用户,5,70,0.2156
LCS00000070,U0000070,2026-08-28,活跃用户,4,1,0.3864
LCS00000071,U0000071,2026-08-28,沉默用户,7,14,0.3527
LCS00000072,U0000072,2026-08-28,活跃用户,14,4,0.331
LCS00000073,U0000073,2026-08-28,流失用户,1,32,0.1857
LCS00000074,U0000074,2026-08-28,沉默用户,2,11,0.2739
LCS00000075,U0000075,2026-08-28,活跃用户,4,5,0.321
LCS00000076,U0000076,2026-08-28,活跃用户,10,7,0.298
LCS00000077,U0000077,2026-08-28,活跃用户,8,4,0.2145
LCS00000078,U0000078,2026-08-28,流失用户,3,77,0.3924
LCS00000079,U0000079,2026-08-28,流失用户,6,58,0.5286
LCS00000080,U0000080,2026-08-28,活跃用户,13,0,0.4146
LCS00000081,U0000081,2026-08-28,活跃用户,5,2,0.1555
LCS00000082,U0000082,2026-08-28,活跃用户,8,6,0.2195
LCS00000083,U0000083,2026-08-28,沉默用户,12,19,0.3296
LCS00000084,U0000084,2026-08-28,活跃用户,9,7,0.2917
LCS00000085,U0000085,2026-08-28,沉默用户,5,29,0.3878
LCS00000086,U0000086,2026-08-28,活跃用户,16,1,0.5412
LCS00000087,U0000087,2026-08-28,沉默用户,9,14,0.4276
LCS00000088,U0000088,2026-08-28,沉默用户,5,19,0.3427
LCS00000089,U0000089,2026-08-28,流失用户,4,34,0.3914
LCS00000090,U0000090,2026-08-28,沉默用户,13,16,0.3526
LCS00000091,U0000091,2026-08-28,活跃用户,14,6,0.5528
LCS00000092,U0000092,2026-08-28,活跃用户,1,4,0.1742
LCS00000093,U0000093,2026-08-28,活跃用户,12,6,0.3891
LCS00000094,U0000094,2026-08-28,新用户,2,2,0.05
LCS00000095,U0000095,2026-08-28,流失用户,4,48,0.1935
LCS00000096,U0000096,2026-08-28,沉默用户,11,17,0.0721
LCS00000097,U0000097,2026-08-28,流失用户,12,34,0.2491
LCS00000098,U0000098,2026-08-28,沉默用户,4,15,0.1995
LCS00000099,U0000099,2026-08-28,流失用户,2,39,0.226
LCS00000100,U0000100,2026-08-28,流失用户,5,38,0.437
LCS00000101,U0000101,2026-08-28,流失用户,6,75,0.4269
LCS00000102,U0000102,2026-08-28,沉默用户,13,12,0.4161
LCS00000103,U0000103,2026-08-28,流失用户,1,174,0.0761
LCS00000104,U0000104,2026-08-28,流失用户,9,31,0.2848
LCS00000105,U0000105,2026-08-28,流失用户,3,78,0.5558
LCS00000106,U0000106,2026-08-28,流失用户,2,71,0.1801
LCS00000107,U0000107,2026-08-28,活跃用户,5,0,0.4378
LCS00000108,U0000108,2026-08-28,活跃用户,11,0,0.1616
LCS00000109,U0000109,2026-08-28,活跃用户,8,7,0.3026
LCS00000110,U0000110,2026-08-28,新用户,2,0,0.1565
LCS00000111,U0000111,2026-08-28,流失用户,2,147,0.3591
LCS00000112,U0000112,2026-08-28,活跃用户,7,0,0.271
LCS00000113,U0000113,2026-08-28,流失用户,8,42,0.5342
LCS00000114,U0000114,2026-08-28,活跃用户,10,7,0.2666
LCS00000115,U0000115,2026-08-28,沉默用户,11,19,0.05
LCS00000116,U0000116,2026-08-28,流失用户,14,45,0.4305
LCS00000117,U0000117,2026-08-28,沉默用户,10,12,0.3647
LCS00000118,U0000118,2026-08-28,活跃用户,14,6,0.4201
LCS00000119,U0000119,2026-08-28,活跃用户,4,3,0.2919
LCS00000120,U0000120,2026-08-28,活跃用户,6,1,0.0589
LCS00000121,U0000121,2026-08-28,流失用户,4,32,0.2539
LCS00000122,U0000122,2026-08-28,活跃用户,11,6,0.3418
LCS00000123,U0000123,2026-08-28,新用户,2,0,0.05
LCS00000124,U0000124,2026-08-28,沉默用户,9,16,0.3097
LCS00000125,U0000125,2026-08-28,活跃用户,6,5,0.415
LCS00000126,U0000126,2026-08-28,流失用户,8,44,0.1892
LCS00000127,U0000127,2026-08-28,新用户,1,1,0.05
LCS00000128,U0000128,2026-08-28,沉默用户,16,23,0.247
LCS00000129,U0000129,2026-08-28,流失用户,0,228,0.1849
LCS00000130,U0000130,2026-08-28,沉默用户,5,24,0.3879
LCS00000131,U0000131,2026-08-28,流失用户,6,64,0.4069
LCS00000132,U0000132,2026-08-28,沉默用户,3,11,0.2684
LCS00000133,U0000133,2026-08-28,活跃用户,7,1,0.4746
LCS00000134,U0000134,2026-08-28,沉默用户,2,12,0.1887
LCS00000135,U0000135,2026-08-28,活跃用户,1,2,0.2113
LCS00000136,U0000136,2026-08-28,活跃用户,13,3,0.3842
LCS00000137,U0000137,2026-08-28,沉默用户,4,22,0.5105
LCS00000138,U0000138,2026-08-28,沉默用户,2,23,0.1643
LCS00000139,U0000139,2026-08-28,沉默用户,4,12,0.3686
LCS00000140,U0000140,2026-08-28,活跃用户,13,5,0.5116
LCS00000141,U0000141,2026-08-28,沉默用户,10,17,0.5284
LCS00000142,U0000142,2026-08-28,流失用户,0,66,0.3252
LCS00000143,U0000143,2026-08-28,活跃用户,16,0,0.4401
LCS00000144,U0000144,2026-08-28,活跃用户,9,0,0.3318
LCS00000145,U0000145,2026-08-28,沉默用户,4,23,0.292
LCS00000146,U0000146,2026-08-28,活跃用户,16,0,0.5045
LCS00000147,U0000147,2026-08-28,活跃用户,7,7,0.4852
LCS00000148,U0000148,2026-08-28,活跃用户,5,0,0.2309
LCS00000149,U0000149,2026-08-28,沉默用户,11,8,0.2844
LCS00000150,U0000150,2026-08-28,流失用户,4,76,0.3528
LCS00000151,U0000151,2026-08-28,活跃用户,5,4,0.524
LCS00000152,U0000152,2026-08-28,活跃用户,1,7,0.2027
LCS00000153,U0000153,2026-08-28,活跃用户,11,6,0.2349
LCS00000154,U0000154,2026-08-28,沉默用户,6,15,0.3551
LCS00000155,U0000155,2026-08-28,活跃用户,2,1,0.1911
LCS00000156,U0000156,2026-08-28,沉默用户,13,26,0.3283
LCS00000157,U0000157,2026-08-28,流失用户,3,33,0.0762
LCS00000158,U0000158,2026-08-28,沉默用户,2,13,0.3239
LCS00000159,U0000159,2026-08-28,沉默用户,14,20,0.3323
LCS00000160,U0000160,2026-08-28,流失用户,1,118,0.4688
LCS00000161,U0000161,2026-08-28,流失用户,3,51,0.3064
LCS00000162,U0000162,2026-08-28,活跃用户,6,7,0.3936
LCS00000163,U0000163,2026-08-28,沉默用户,3,20,0.127
LCS00000164,U0000164,2026-08-28,活跃用户,6,1,0.3573
LCS00000165,U0000165,2026-08-28,沉默用户,17,17,0.3248
LCS00000166,U0000166,2026-08-28,流失用户,5,81,0.3616
LCS00000167,U0000167,2026-08-28,流失用户,7,37,0.4317
LCS00000168,U0000168,2026-08-28,流失用户,9,58,0.4458
LCS00000169,U0000169,2026-08-28,流失用户,12,32,0.4316
LCS00000170,U0000170,2026-08-28,新用户,2,0,0.2768
LCS00000171,U0000171,2026-08-28,活跃用户,7,2,0.4618
LCS00000172,U0000172,2026-08-28,流失用户,11,44,0.3529
LCS00000173,U0000173,2026-08-28,活跃用户,2,6,0.1777
LCS00000174,U0000174,2026-08-28,活跃用户,14,2,0.3783
LCS00000175,U0000175,2026-08-28,流失用户,2,86,0.05
LCS00000176,U0000176,2026-08-28,流失用户,4,82,0.4142
LCS00000177,U0000177,2026-08-28,流失用户,6,76,0.4295
LCS00000178,U0000178,2026-08-28,流失用户,5,105,0.3105
LCS00000179,U0000179,2026-08-28,活跃用户,12,0,0.2761
LCS00000180,U0000180,2026-08-28,活跃用户,6,6,0.3984
LCS00000181,U0000181,2026-08-28,活跃用户,6,7,0.1502
LCS00000182,U0000182,2026-08-28,流失用户,10,37,0.4483
LCS00000183,U0000183,2026-08-28,活跃用户,3,5,0.5433
LCS00000184,U0000184,2026-08-28,流失用户,4,146,0.3821
LCS00000185,U0000185,2026-08-28,活跃用户,13,1,0.6617
LCS00000186,U0000186,2026-08-28,活跃用户,10,2,0.3099
LCS00000187,U0000187,2026-08-28,沉默用户,14,8,0.4921
LCS00000188,U0000188,2026-08-28,沉默用户,2,16,0.3106
LCS00000189,U0000189,2026-08-28,流失用户,2,82,0.3376
LCS00000190,U0000190,2026-08-28,活跃用户,9,0,0.1483
LCS00000191,U0000191,2026-08-28,活跃用户,15,1,0.1116
LCS00000192,U0000192,2026-08-28,活跃用户,3,1,0.3488
LCS00000193,U0000193,2026-08-28,新用户,2,3,0.4408
LCS00000194,U0000194,2026-08-28,沉默用户,5,20,0.4125
LCS00000195,U0000195,2026-08-28,流失用户,3,86,0.3073
LCS00000196,U0000196,2026-08-28,活跃用户,5,5,0.6182
LCS00000197,U0000197,2026-08-28,活跃用户,13,3,0.2252
LCS00000198,U0000198,2026-08-28,沉默用户,9,12,0.05
LCS00000199,U0000199,2026-08-28,活跃用户,5,0,0.1314
LCS00000200,U0000200,2026-08-28,沉默用户,3,23,0.05
LCS00000201,U0000201,2026-08-28,沉默用户,15,18,0.4368
LCS00000202,U0000202,2026-08-28,沉默用户,11,8,0.3672
LCS00000203,U0000203,2026-08-28,流失用户,10,42,0.314
LCS00000204,U0000204,2026-08-28,流失用户,2,78,0.293
LCS00000205,U0000205,2026-08-28,活跃用户,2,7,0.2633
LCS00000206,U0000206,2026-08-28,流失用户,4,37,0.2141
LCS00000207,U0000207,2026-08-28,沉默用户,11,17,0.4354
LCS00000208,U0000208,2026-08-28,活跃用户,16,7,0.3756
LCS00000209,U0000209,2026-08-28,活跃用户,12,2,0.3733
LCS00000210,U0000210,2026-08-28,活跃用户,3,3,0.0978
LCS00000211,U0000211,2026-08-28,流失用户,7,42,0.4127
LCS00000212,U0000212,2026-08-28,活跃用户,2,5,0.2988
LCS00000213,U0000213,2026-08-28,沉默用户,12,22,0.077
LCS00000214,U0000214,2026-08-28,流失用户,7,34,0.4988
LCS00000215,U0000215,2026-08-28,活跃用户,6,1,0.3523
LCS00000216,U0000216,2026-08-28,活跃用户,18,1,0.5219
LCS00000217,U0000217,2026-08-28,活跃用户,13,6,0.42
LCS00000218,U0000218,2026-08-28,沉默用户,8,25,0.4409
LCS00000219,U0000219,2026-08-28,流失用户,5,33,0.2638
LCS00000220,U0000220,2026-08-28,沉默用户,16,22,0.4309
LCS00000221,U0000221,2026-08-28,新用户,2,0,0.1161
LCS00000222,U0000222,2026-08-28,沉默用户,3,23,0.3502
LCS00000223,U0000223,2026-08-28,沉默用户,15,8,0.3844
LCS00000224,U0000224,2026-08-28,活跃用户,13,2,0.4553
LCS00000225,U0000225,2026-08-28,活跃用户,6,2,0.5142
LCS00000226,U0000226,2026-08-28,活跃用户,11,1,0.211
LCS00000227,U0000227,2026-08-28,活跃用户,8,6,0.2352
LCS00000228,U0000228,2026-08-28,活跃用户,9,0,0.2197
LCS00000229,U0000229,2026-08-28,流失用户,2,88,0.2497
LCS00000230,U0000230,2026-08-28,活跃用户,5,2,0.1707
LCS00000231,U0000231,2026-08-28,流失用户,12,73,0.3689
LCS00000232,U0000232,2026-08-28,沉默用户,12,10,0.1527
LCS00000233,U0000233,2026-08-28,活跃用户,11,5,0.2069
LCS00000234,U0000234,2026-08-28,沉默用户,5,13,0.2396
LCS00000235,U0000235,2026-08-28,活跃用户,11,5,0.3857
LCS00000236,U0000236,2026-08-28,流失用户,3,116,0.1918
LCS00000237,U0000237,2026-08-28,沉默用户,2,13,0.3184
LCS00000238,U0000238,2026-08-28,流失用户,4,56,0.3738
LCS00000239,U0000239,2026-08-28,沉默用户,2,13,0.2837
LCS00000240,U0000240,2026-08-28,活跃用户,8,0,0.3239
LCS00000241,U0000241,2026-08-28,活跃用户,13,0,0.3608
LCS00000242,U0000242,2026-08-28,活跃用户,14,0,0.2034
LCS00000243,U0000243,2026-08-28,活跃用户,8,1,0.3109
LCS00000244,U0000244,2026-08-28,沉默用户,16,17,0.3545
LCS00000245,U0000245,2026-08-28,活跃用户,8,0,0.393
LCS00000246,U0000246,2026-08-28,沉默用户,14,8,0.1931
LCS00000247,U0000247,2026-08-28,流失用户,4,102,0.2119
LCS00000248,U0000248,2026-08-28,流失用户,16,42,0.3344
LCS00000249,U0000249,2026-08-28,活跃用户,4,3,0.4643
LCS00000250,U0000250,2026-08-28,沉默用户,12,12,0.4008
LCS00000251,U0000251,2026-08-28,活跃用户,12,1,0.2588
LCS00000252,U0000252,2026-08-28,流失用户,11,40,0.2897
LCS00000253,U0000253,2026-08-28,沉默用户,4,29,0.193
LCS00000254,U0000254,2026-08-28,活跃用户,15,7,0.4998
LCS00000255,U0000255,2026-08-28,沉默用户,2,16,0.3744
LCS00000256,U0000256,2026-08-28,流失用户,3,81,0.1707
LCS00000257,U0000257,2026-08-28,活跃用户,14,3,0.1716
LCS00000258,U0000258,2026-08-28,流失用户,3,66,0.4726
LCS00000259,U0000259,2026-08-28,新用户,0,7,0.05
LCS00000260,U0000260,2026-08-28,活跃用户,3,2,0.05
LCS00000261,U0000261,2026-08-28,沉默用户,13,10,0.2778
LCS00000262,U0000262,2026-08-28,流失用户,7,38,0.3726
LCS00000263,U0000263,2026-08-28,沉默用户,10,20,0.2617
LCS00000264,U0000264,2026-08-28,沉默用户,3,29,0.3603
LCS00000265,U0000265,2026-08-28,活跃用户,11,2,0.4153
LCS00000266,U0000266,2026-08-28,新用户,5,0,0.05
LCS00000267,U0000267,2026-08-28,活跃用户,11,0,0.386
LCS00000268,U0000268,2026-08-28,活跃用户,14,2,0.3922
LCS00000269,U0000269,2026-08-28,活跃用户,2,6,0.1738
LCS00000270,U0000270,2026-08-28,活跃用户,8,6,0.6201
LCS00000271,U0000271,2026-08-28,流失用户,1,123,0.1667
LCS00000272,U0000272,2026-08-28,流失用户,2,94,0.2935
LCS00000273,U0000273,2026-08-28,活跃用户,6,2,0.0955
LCS00000274,U0000274,2026-08-28,流失用户,1,203,0.2091
LCS00000275,U0000275,2026-08-28,流失用户,10,71,0.3072
LCS00000276,U0000276,2026-08-28,活跃用户,12,4,0.1567
LCS00000277,U0000277,2026-08-28,活跃用户,12,7,0.3283
LCS00000278,U0000278,2026-08-28,沉默用户,14,19,0.3911
LCS00000279,U0000279,2026-08-28,沉默用户,3,12,0.2874
LCS00000280,U0000280,2026-08-28,活跃用户,14,0,0.2702
LCS00000281,U0000281,2026-08-28,流失用户,3,147,0.4036
LCS00000282,U0000282,2026-08-28,新用户,3,0,0.2044
LCS00000283,U0000283,2026-08-28,活跃用户,7,0,0.2384
LCS00000284,U0000284,2026-08-28,活跃用户,4,3,0.3949
LCS00000285,U0000285,2026-08-28,活跃用户,11,4,0.3358
LCS00000286,U0000286,2026-08-28,活跃用户,2,5,0.072
LCS00000287,U0000287,2026-08-28,新用户,5,0,0.3291
LCS00000288,U0000288,2026-08-28,活跃用户,9,6,0.3644
LCS00000289,U0000289,2026-08-28,流失用户,3,32,0.568
LCS00000290,U0000290,2026-08-28,活跃用户,10,3,0.4867
LCS00000291,U0000291,2026-08-28,流失用户,6,53,0.05
LCS00000292,U0000292,2026-08-28,活跃用户,10,3,0.2339
LCS00000293,U0000293,2026-08-28,流失用户,3,184,0.4439
LCS00000294,U0000294,2026-08-28,新用户,3,0,0.0911
LCS00000295,U0000295,2026-08-28,沉默用户,14,14,0.4092
LCS00000296,U0000296,2026-08-28,流失用户,2,85,0.4123
LCS00000297,U0000297,2026-08-28,沉默用户,2,18,0.3851
LCS00000298,U0000298,2026-08-28,沉默用户,13,11,0.3896
LCS00000299,U0000299,2026-08-28,流失用户,0,60,0.2932
LCS00000300,U0000300,2026-08-28,流失用户,6,47,0.1222
LCS00000301,U0000301,2026-08-28,流失用户,2,41,0.1756
LCS00000302,U0000302,2026-08-28,新用户,2,0,0.3039
LCS00000303,U0000303,2026-08-28,活跃用户,4,0,0.1935
LCS00000304,U0000304,2026-08-28,活跃用户,17,3,0.3438
LCS00000305,U0000305,2026-08-28,流失用户,8,32,0.2916
LCS00000306,U0000306,2026-08-28,沉默用户,9,30,0.2342
LCS00000307,U0000307,2026-08-28,流失用户,2,31,0.1398
LCS00000308,U0000308,2026-08-28,活跃用户,8,4,0.1858
LCS00000309,U0000309,2026-08-28,活跃用户,12,4,0.3215
LCS00000310,U0000310,2026-08-28,活跃用户,14,0,0.2877
LCS00000311,U0000311,2026-08-28,沉默用户,5,30,0.4123
LCS00000312,U0000312,2026-08-28,流失用户,3,107,0.3546
LCS00000313,U0000313,2026-08-28,沉默用户,2,23,0.1903
LCS00000314,U0000314,2026-08-28,流失用户,8,99,0.3888
LCS00000315,U0000315,2026-08-28,沉默用户,5,22,0.2117
LCS00000316,U0000316,2026-08-28,沉默用户,3,15,0.3516
LCS00000317,U0000317,2026-08-28,活跃用户,15,0,0.4557
LCS00000318,U0000318,2026-08-28,沉默用户,3,15,0.1312
LCS00000319,U0000319,2026-08-28,活跃用户,4,2,0.5129
LCS00000320,U0000320,2026-08-28,活跃用户,5,1,0.4461
LCS00000321,U0000321,2026-08-28,活跃用户,14,0,0.3573
LCS00000322,U0000322,2026-08-28,沉默用户,8,10,0.18
LCS00000323,U0000323,2026-08-28,活跃用户,9,1,0.2457
LCS00000324,U0000324,2026-08-28,流失用户,6,75,0.3572
LCS00000325,U0000325,2026-08-28,沉默用户,4,18,0.05
LCS00000326,U0000326,2026-08-28,流失用户,2,93,0.4786
LCS00000327,U0000327,2026-08-28,活跃用户,14,4,0.5675
LCS00000328,U0000328,2026-08-28,活跃用户,3,3,0.3227
LCS00000329,U0000329,2026-08-28,沉默用户,2,13,0.3106
LCS00000330,U0000330,2026-08-28,活跃用户,13,0,0.324
LCS00000331,U0000331,2026-08-28,活跃用户,12,3,0.4383
LCS00000332,U0000332,2026-08-28,新用户,2,0,0.568
LCS00000333,U0000333,2026-08-28,沉默用户,6,8,0.5067
LCS00000334,U0000334,2026-08-28,活跃用户,4,6,0.6258
LCS00000335,U0000335,2026-08-28,活跃用户,14,1,0.2878
LCS00000336,U0000336,2026-08-28,沉默用户,7,21,0.0914
LCS00000337,U0000337,2026-08-28,流失用户,9,39,0.4729
LCS00000338,U0000338,2026-08-28,新用户,3,0,0.4187
LCS00000339,U0000339,2026-08-28,活跃用户,2,1,0.05
LCS00000340,U0000340,2026-08-28,沉默用户,12,8,0.1566
LCS00000341,U0000341,2026-08-28,流失用户,3,111,0.106
LCS00000342,U0000342,2026-08-28,新用户,0,0,0.2449
LCS00000343,U0000343,2026-08-28,活跃用户,17,3,0.3607
LCS00000344,U0000344,2026-08-28,活跃用户,10,1,0.2654
LCS00000345,U0000345,2026-08-28,流失用户,2,138,0.3123
LCS00000346,U0000346,2026-08-28,活跃用户,5,0,0.453
LCS00000347,U0000347,2026-08-28,沉默用户,11,9,0.3645
LCS00000348,U0000348,2026-08-28,流失用户,2,76,0.3544
LCS00000349,U0000349,2026-08-28,活跃用户,14,0,0.2197
LCS00000350,U0000350,2026-08-28,沉默用户,2,13,0.3286
LCS00000351,U0000351,2026-08-28,流失用户,3,131,0.3559
LCS00000352,U0000352,2026-08-28,流失用户,3,70,0.2025
LCS00000353,U0000353,2026-08-28,流失用户,4,35,0.2459
LCS00000354,U0000354,2026-08-28,沉默用户,4,9,0.4464
LCS00000355,U0000355,2026-08-28,活跃用户,12,0,0.1574
LCS00000356,U0000356,2026-08-28,流失用户,2,104,0.1923
LCS00000357,U0000357,2026-08-28,活跃用户,11,1,0.2568
LCS00000358,U0000358,2026-08-28,流失用户,4,31,0.3199
LCS00000359,U0000359,2026-08-28,活跃用户,9,2,0.3306
LCS00000360,U0000360,2026-08-28,流失用户,4,63,0.3171
LCS00000361,U0000361,2026-08-28,活跃用户,12,7,0.4171
LCS00000362,U0000362,2026-08-28,活跃用户,11,0,0.3631
LCS00000363,U0000363,2026-08-28,活跃用户,16,1,0.2828
LCS00000364,U0000364,2026-08-28,沉默用户,8,27,0.4481
LCS00000365,U0000365,2026-08-28,沉默用户,6,16,0.5639
LCS00000366,U0000366,2026-08-28,沉默用户,14,11,0.198
LCS00000367,U0000367,2026-08-28,活跃用户,8,1,0.3831
LCS00000368,U0000368,2026-08-28,活跃用户,9,4,0.4976
LCS00000369,U0000369,2026-08-28,沉默用户,3,15,0.0528
LCS00000370,U0000370,2026-08-28,活跃用户,12,0,0.3393
LCS00000371,U0000371,2026-08-28,活跃用户,12,3,0.3335
LCS00000372,U0000372,2026-08-28,新用户,0,0,0.3133
LCS00000373,U0000373,2026-08-28,流失用户,4,32,0.2718
LCS00000374,U0000374,2026-08-28,活跃用户,8,0,0.0848
LCS00000375,U0000375,2026-08-28,活跃用户,11,3,0.1838
LCS00000376,U0000376,2026-08-28,沉默用户,10,22,0.4329
LCS00000377,U0000377,2026-08-28,流失用户,8,38,0.4596
LCS00000378,U0000378,2026-08-28,沉默用户,8,9,0.1925
LCS00000379,U0000379,2026-08-28,流失用户,1,46,0.3297
LCS00000380,U0000380,2026-08-28,沉默用户,13,9,0.304
LCS00000381,U0000381,2026-08-28,流失用户,2,146,0.2785
LCS00000382,U0000382,2026-08-28,活跃用户,11,5,0.1884
LCS00000383,U0000383,2026-08-28,流失用户,10,43,0.1365
LCS00000384,U0000384,2026-08-28,活跃用户,6,4,0.5079
LCS00000385,U0000385,2026-08-28,沉默用户,2,11,0.2092
LCS00000386,U0000386,2026-08-28,沉默用户,10,30,0.4482
LCS00000387,U0000387,2026-08-28,活跃用户,11,7,0.47
LCS00000388,U0000388,2026-08-28,沉默用户,7,12,0.3349
LCS00000389,U0000389,2026-08-28,沉默用户,16,17,0.5513
LCS00000390,U0000390,2026-08-28,活跃用户,13,2,0.5476
LCS00000391,U0000391,2026-08-28,活跃用户,12,1,0.5695
LCS00000392,U0000392,2026-08-28,流失用户,1,56,0.4075
LCS00000393,U0000393,2026-08-28,沉默用户,7,15,0.4475
LCS00000394,U0000394,2026-08-28,沉默用户,11,16,0.5452
LCS00000395,U0000395,2026-08-28,活跃用户,4,2,0.3087
LCS00000396,U0000396,2026-08-28,沉默用户,6,9,0.3945
LCS00000397,U0000397,2026-08-28,流失用户,6,76,0.3677
LCS00000398,U0000398,2026-08-28,沉默用户,10,19,0.305
LCS00000399,U0000399,2026-08-28,活跃用户,12,1,0.4501
LCS00000400,U0000400,2026-08-28,流失用户,4,79,0.6364
LCS00000401,U0000401,2026-08-28,活跃用户,3,6,0.2813
LCS00000402,U0000402,2026-08-28,沉默用户,8,24,0.5108
LCS00000403,U0000403,2026-08-28,活跃用户,11,7,0.1024
LCS00000404,U0000404,2026-08-28,活跃用户,5,1,0.3798
LCS00000405,U0000405,2026-08-28,活跃用户,7,3,0.4384
LCS00000406,U0000406,2026-08-28,活跃用户,10,2,0.6251
LCS00000407,U0000407,2026-08-28,流失用户,5,61,0.5284
LCS00000408,U0000408,2026-08-28,沉默用户,5,13,0.2303
LCS00000409,U0000409,2026-08-28,沉默用户,11,9,0.3573
LCS00000410,U0000410,2026-08-28,沉默用户,2,14,0.282
LCS00000411,U0000411,2026-08-28,沉默用户,2,24,0.3467
LCS00000412,U0000412,2026-08-28,活跃用户,8,0,0.3092
LCS00000413,U0000413,2026-08-28,流失用户,0,68,0.1379
LCS00000414,U0000414,2026-08-28,沉默用户,2,13,0.4539
LCS00000415,U0000415,2026-08-28,新用户,0,0,0.34
LCS00000416,U0000416,2026-08-28,流失用户,1,66,0.3694
LCS00000417,U0000417,2026-08-28,活跃用户,7,2,0.4393
LCS00000418,U0000418,2026-08-28,沉默用户,6,19,0.3678
LCS00000419,U0000419,2026-08-28,沉默用户,3,20,0.3025
LCS00000420,U0000420,2026-08-28,沉默用户,7,8,0.3717
LCS00000421,U0000421,2026-08-28,活跃用户,13,0,0.4511
LCS00000422,U0000422,2026-08-28,流失用户,5,73,0.2532
LCS00000423,U0000423,2026-08-28,流失用户,2,65,0.4593
LCS00000424,U0000424,2026-08-28,流失用户,3,37,0.3258
LCS00000425,U0000425,2026-08-28,活跃用户,8,0,0.1072
LCS00000426,U0000426,2026-08-28,流失用户,3,82,0.4802
LCS00000427,U0000427,2026-08-28,沉默用户,10,30,0.4663
LCS00000428,U0000428,2026-08-28,沉默用户,11,14,0.1584
LCS00000429,U0000429,2026-08-28,活跃用户,15,6,0.266
LCS00000430,U0000430,2026-08-28,沉默用户,1,28,0.3636
LCS00000431,U0000431,2026-08-28,活跃用户,12,0,0.5386
LCS00000432,U0000432,2026-08-28,活跃用户,10,6,0.1391
LCS00000433,U0000433,2026-08-28,活跃用户,10,4,0.2661
LCS00000434,U0000434,2026-08-28,沉默用户,5,22,0.093
LCS00000435,U0000435,2026-08-28,活跃用户,7,3,0.2919
LCS00000436,U0000436,2026-08-28,活跃用户,6,0,0.32
LCS00000437,U0000437,2026-08-28,沉默用户,9,10,0.2538
LCS00000438,U0000438,2026-08-28,流失用户,1,213,0.2135
LCS00000439,U0000439,2026-08-28,活跃用户,11,3,0.5979
LCS00000440,U0000440,2026-08-28,沉默用户,3,8,0.209
LCS00000441,U0000441,2026-08-28,活跃用户,12,3,0.2608
LCS00000442,U0000442,2026-08-28,沉默用户,3,9,0.2197
LCS00000443,U0000443,2026-08-28,活跃用户,11,5,0.3966
LCS00000444,U0000444,2026-08-28,活跃用户,9,0,0.1865
LCS00000445,U0000445,2026-08-28,沉默用户,11,15,0.351
LCS00000446,U0000446,2026-08-28,流失用户,1,64,0.063
LCS00000447,U0000447,2026-08-28,沉默用户,6,12,0.112
LCS00000448,U0000448,2026-08-28,流失用户,1,179,0.3095
LCS00000449,U0000449,2026-08-28,流失用户,7,33,0.05
LCS00000450,U0000450,2026-08-28,流失用户,4,50,0.3084
LCS00000451,U0000451,2026-08-28,活跃用户,9,2,0.358
LCS00000452,U0000452,2026-08-28,沉默用户,3,19,0.2534
LCS00000453,U0000453,2026-08-28,活跃用户,12,0,0.3537
LCS00000454,U0000454,2026-08-28,沉默用户,17,15,0.4005
LCS00000455,U0000455,2026-08-28,流失用户,4,187,0.4506
LCS00000456,U0000456,2026-08-28,活跃用户,7,1,0.2409
LCS00000457,U0000457,2026-08-28,沉默用户,6,17,0.6098
LCS00000458,U0000458,2026-08-28,流失用户,4,50,0.3002
LCS00000459,U0000459,2026-08-28,沉默用户,5,23,0.1396
LCS00000460,U0000460,2026-08-28,活跃用户,14,0,0.2884
LCS00000461,U0000461,2026-08-28,活跃用户,3,2,0.1124
LCS00000462,U0000462,2026-08-28,流失用户,1,91,0.3414
LCS00000463,U0000463,2026-08-28,新用户,2,2,0.0965
LCS00000464,U0000464,2026-08-28,沉默用户,14,8,0.2255
LCS00000465,U0000465,2026-08-28,新用户,1,0,0.1137
LCS00000466,U0000466,2026-08-28,流失用户,1,101,0.1647
LCS00000467,U0000467,2026-08-28,活跃用户,4,6,0.1182
LCS00000468,U0000468,2026-08-28,活跃用户,7,0,0.2881
LCS00000469,U0000469,2026-08-28,流失用户,12,66,0.5479
LCS00000470,U0000470,2026-08-28,流失用户,3,47,0.05
LCS00000471,U0000471,2026-08-28,沉默用户,5,9,0.3543
LCS00000472,U0000472,2026-08-28,流失用户,4,44,0.175
LCS00000473,U0000473,2026-08-28,流失用户,11,63,0.2651
LCS00000474,U0000474,2026-08-28,沉默用户,16,21,0.4066
LCS00000475,U0000475,2026-08-28,活跃用户,9,3,0.3373
LCS00000476,U0000476,2026-08-28,活跃用户,13,3,0.5664
LCS00000477,U0000477,2026-08-28,沉默用户,16,9,0.2319
LCS00000478,U0000478,2026-08-28,活跃用户,12,3,0.2053
LCS00000479,U0000479,2026-08-28,活跃用户,11,7,0.1979
LCS00000480,U0000480,2026-08-28,活跃用户,9,0,0.213
LCS00000481,U0000481,2026-08-28,流失用户,3,172,0.3546
LCS00000482,U0000482,2026-08-28,活跃用户,7,5,0.45
LCS00000483,U0000483,2026-08-28,沉默用户,10,8,0.5312
LCS00000484,U0000484,2026-08-28,活跃用户,13,0,0.315
LCS00000485,U0000485,2026-08-28,活跃用户,8,2,0.5036
LCS00000486,U0000486,2026-08-28,流失用户,6,94,0.3373
LCS00000487,U0000487,2026-08-28,活跃用户,10,2,0.3525
LCS00000488,U0000488,2026-08-28,活跃用户,11,2,0.13
LCS00000489,U0000489,2026-08-28,活跃用户,11,4,0.1833
LCS00000490,U0000490,2026-08-28,流失用户,5,32,0.3062
LCS00000491,U0000491,2026-08-28,流失用户,2,40,0.05
LCS00000492,U0000492,2026-08-28,活跃用户,14,0,0.3356
LCS00000493,U0000493,2026-08-28,流失用户,8,53,0.1878
LCS00000494,U0000494,2026-08-28,活跃用户,7,0,0.306
LCS00000495,U0000495,2026-08-28,活跃用户,14,1,0.228
LCS00000496,U0000496,2026-08-28,沉默用户,3,9,0.2617
LCS00000497,U0000497,2026-08-28,活跃用户,15,0,0.3632
LCS00000498,U0000498,2026-08-28,沉默用户,11,24,0.2891
LCS00000499,U0000499,2026-08-28,沉默用户,12,10,0.3227
LCS00000500,U0000500,2026-08-28,沉默用户,12,19,0.5904
LCS00000501,U0000501,2026-08-28,活跃用户,12,7,0.4052
LCS00000502,U0000502,2026-08-28,沉默用户,2,8,0.2502
LCS00000503,U0000503,2026-08-28,活跃用户,17,5,0.3384
LCS00000504,U0000504,2026-08-28,活跃用户,12,0,0.0961
LCS00000505,U0000505,2026-08-28,流失用户,5,59,0.2974
LCS00000506,U0000506,2026-08-28,沉默用户,2,22,0.2754
LCS00000507,U0000507,2026-08-28,沉默用户,7,17,0.5566
LCS00000508,U0000508,2026-08-28,活跃用户,8,1,0.5584
LCS00000509,U0000509,2026-08-28,活跃用户,10,1,0.4986
LCS00000510,U0000510,2026-08-28,活跃用户,3,5,0.156
LCS00000511,U0000511,2026-08-28,流失用户,5,35,0.2125
LCS00000512,U0000512,2026-08-28,活跃用户,10,6,0.347
LCS00000513,U0000513,2026-08-28,活跃用户,14,1,0.7091
LCS00000514,U0000514,2026-08-28,沉默用户,3,26,0.3549
LCS00000515,U0000515,2026-08-28,沉默用户,3,25,0.3287
LCS00000516,U0000516,2026-08-28,活跃用户,7,0,0.263
LCS00000517,U0000517,2026-08-28,流失用户,2,87,0.05
LCS00000518,U0000518,2026-08-28,活跃用户,11,7,0.2427
LCS00000519,U0000519,2026-08-28,沉默用户,12,27,0.3332
LCS00000520,U0000520,2026-08-28,活跃用户,12,1,0.3295
LCS00000521,U0000521,2026-08-28,活跃用户,5,0,0.2196
LCS00000522,U0000522,2026-08-28,活跃用户,14,1,0.2283
LCS00000523,U0000523,2026-08-28,沉默用户,6,10,0.5219
LCS00000524,U0000524,2026-08-28,活跃用户,8,0,0.4863
LCS00000525,U0000525,2026-08-28,活跃用户,11,7,0.3467
LCS00000526,U0000526,2026-08-28,活跃用户,16,1,0.3934
LCS00000527,U0000527,2026-08-28,沉默用户,18,16,0.4585
LCS00000528,U0000528,2026-08-28,活跃用户,8,1,0.3153
LCS00000529,U0000529,2026-08-28,活跃用户,9,0,0.3994
LCS00000530,U0000530,2026-08-28,流失用户,1,135,0.1498
LCS00000531,U0000531,2026-08-28,活跃用户,3,0,0.3989
LCS00000532,U0000532,2026-08-28,活跃用户,11,1,0.4815
LCS00000533,U0000533,2026-08-28,活跃用户,7,0,0.5494
LCS00000534,U0000534,2026-08-28,流失用户,3,77,0.4306
LCS00000535,U0000535,2026-08-28,活跃用户,11,7,0.4243
LCS00000536,U0000536,2026-08-28,沉默用户,15,26,0.2914
LCS00000537,U0000537,2026-08-28,活跃用户,13,0,0.4552
LCS00000538,U0000538,2026-08-28,流失用户,2,113,0.2827
LCS00000539,U0000539,2026-08-28,流失用户,4,104,0.5207
LCS00000540,U0000540,2026-08-28,沉默用户,16,19,0.5514
LCS00000541,U0000541,2026-08-28,活跃用户,14,1,0.3192
LCS00000542,U0000542,2026-08-28,流失用户,4,73,0.2023
LCS00000543,U0000543,2026-08-28,活跃用户,5,2,0.1055
LCS00000544,U0000544,2026-08-28,活跃用户,1,1,0.05
LCS00000545,U0000545,2026-08-28,沉默用户,8,27,0.5098
LCS00000546,U0000546,2026-08-28,流失用户,4,34,0.2222
LCS00000547,U0000547,2026-08-28,活跃用户,6,2,0.2554
LCS00000548,U0000548,2026-08-28,活跃用户,9,1,0.0916
LCS00000549,U0000549,2026-08-28,流失用户,11,66,0.3582
LCS00000550,U0000550,2026-08-28,沉默用户,9,11,0.2482
LCS00000551,U0000551,2026-08-28,新用户,5,0,0.1952
LCS00000552,U0000552,2026-08-28,流失用户,1,37,0.1103
LCS00000553,U0000553,2026-08-28,活跃用户,14,0,0.161
LCS00000554,U0000554,2026-08-28,活跃用户,3,0,0.4082
LCS00000555,U0000555,2026-08-28,沉默用户,6,22,0.05
LCS00000556,U0000556,2026-08-28,流失用户,2,96,0.1852
LCS00000557,U0000557,2026-08-28,沉默用户,7,29,0.2603
LCS00000558,U0000558,2026-08-28,沉默用户,14,10,0.3402
LCS00000559,U0000559,2026-08-28,流失用户,2,43,0.4478
LCS00000560,U0000560,2026-08-28,沉默用户,9,9,0.507
LCS00000561,U0000561,2026-08-28,流失用户,1,89,0.05
LCS00000562,U0000562,2026-08-28,活跃用户,13,0,0.2271
LCS00000563,U0000563,2026-08-28,流失用户,8,38,0.321
LCS00000564,U0000564,2026-08-28,流失用户,2,96,0.2638
LCS00000565,U0000565,2026-08-28,活跃用户,8,0,0.2363
LCS00000566,U0000566,2026-08-28,活跃用户,8,1,0.5306
LCS00000567,U0000567,2026-08-28,沉默用户,10,24,0.2812
LCS00000568,U0000568,2026-08-28,沉默用户,15,11,0.3675
LCS00000569,U0000569,2026-08-28,流失用户,7,78,0.3167
LCS00000570,U0000570,2026-08-28,活跃用户,11,7,0.6456
LCS00000571,U0000571,2026-08-28,沉默用户,15,8,0.2152
LCS00000572,U0000572,2026-08-28,流失用户,5,63,0.5493
LCS00000573,U0000573,2026-08-28,活跃用户,6,5,0.4569
LCS00000574,U0000574,2026-08-28,活跃用户,13,1,0.225
LCS00000575,U0000575,2026-08-28,流失用户,2,87,0.2229
LCS00000576,U0000576,2026-08-28,流失用户,4,35,0.2597
LCS00000577,U0000577,2026-08-28,活跃用户,13,2,0.0917
LCS00000578,U0000578,2026-08-28,活跃用户,8,0,0.2986
LCS00000579,U0000579,2026-08-28,活跃用户,13,0,0.0901
LCS00000580,U0000580,2026-08-28,活跃用户,3,3,0.2447
LCS00000581,U0000581,2026-08-28,沉默用户,12,8,0.3486
LCS00000582,U0000582,2026-08-28,沉默用户,2,19,0.05
LCS00000583,U0000583,2026-08-28,流失用户,2,207,0.1884
LCS00000584,U0000584,2026-08-28,流失用户,1,171,0.3477
LCS00000585,U0000585,2026-08-28,活跃用户,9,4,0.2296
LCS00000586,U0000586,2026-08-28,活跃用户,16,2,0.4057
LCS00000587,U0000587,2026-08-28,流失用户,2,196,0.3031
LCS00000588,U0000588,2026-08-28,沉默用户,3,24,0.4831
LCS00000589,U0000589,2026-08-28,沉默用户,14,10,0.4621
LCS00000590,U0000590,2026-08-28,活跃用户,13,0,0.2434
LCS00000591,U0000591,2026-08-28,沉默用户,7,19,0.1929
LCS00000592,U0000592,2026-08-28,活跃用户,3,1,0.7229
LCS00000593,U0000593,2026-08-28,活跃用户,12,3,0.2454
LCS00000594,U0000594,2026-08-28,活跃用户,11,3,0.3533
LCS00000595,U0000595,2026-08-28,沉默用户,6,13,0.267
LCS00000596,U0000596,2026-08-28,沉默用户,7,17,0.38
LCS00000597,U0000597,2026-08-28,流失用户,2,190,0.11
LCS00000598,U0000598,2026-08-28,流失用户,2,38,0.2444
LCS00000599,U0000599,2026-08-28,新用户,3,0,0.3037
LCS00000600,U0000600,2026-08-28,活跃用户,15,3,0.4
LCS00000601,U0000601,2026-08-28,沉默用户,11,8,0.3582
LCS00000602,U0000602,2026-08-28,流失用户,8,57,0.2657
LCS00000603,U0000603,2026-08-28,活跃用户,7,2,0.4237
LCS00000604,U0000604,2026-08-28,沉默用户,4,16,0.2764
LCS00000605,U0000605,2026-08-28,活跃用户,11,0,0.1235
LCS00000606,U0000606,2026-08-28,沉默用户,9,17,0.365
LCS00000607,U0000607,2026-08-28,活跃用户,12,2,0.2703
LCS00000608,U0000608,2026-08-28,沉默用户,11,8,0.2512
LCS00000609,U0000609,2026-08-28,流失用户,2,114,0.2677
LCS00000610,U0000610,2026-08-28,活跃用户,12,3,0.4221
LCS00000611,U0000611,2026-08-28,活跃用户,5,7,0.3106
LCS00000612,U0000612,2026-08-28,活跃用户,4,3,0.276
LCS00000613,U0000613,2026-08-28,流失用户,9,76,0.541
LCS00000614,U0000614,2026-08-28,新用户,2,0,0.2101
LCS00000615,U0000615,2026-08-28,流失用户,3,86,0.2185
LCS00000616,U0000616,2026-08-28,沉默用户,2,24,0.2888
LCS00000617,U0000617,2026-08-28,流失用户,1,79,0.2902
LCS00000618,U0000618,2026-08-28,沉默用户,3,16,0.3379
LCS00000619,U0000619,2026-08-28,活跃用户,11,5,0.256
LCS00000620,U0000620,2026-08-28,活跃用户,12,6,0.373
LCS00000621,U0000621,2026-08-28,活跃用户,14,2,0.4684
LCS00000622,U0000622,2026-08-28,沉默用户,2,18,0.3123
LCS00000623,U0000623,2026-08-28,沉默用户,10,9,0.4722
LCS00000624,U0000624,2026-08-28,沉默用户,1,21,0.2703
LCS00000625,U0000625,2026-08-28,新用户,1,5,0.3822
LCS00000626,U0000626,2026-08-28,流失用户,1,174,0.4771
LCS00000627,U0000627,2026-08-28,新用户,1,1,0.4313
LCS00000628,U0000628,2026-08-28,沉默用户,10,8,0.4367
LCS00000629,U0000629,2026-08-28,流失用户,4,45,0.2803
LCS00000630,U0000630,2026-08-28,沉默用户,14,10,0.3948
LCS00000631,U0000631,2026-08-28,沉默用户,2,13,0.0637
LCS00000632,U0000632,2026-08-28,沉默用户,4,10,0.3633
LCS00000633,U0000633,2026-08-28,沉默用户,15,27,0.4365
LCS00000634,U0000634,2026-08-28,流失用户,0,84,0.2174
LCS00000635,U0000635,2026-08-28,活跃用户,14,0,0.566
LCS00000636,U0000636,2026-08-28,活跃用户,2,3,0.05
LCS00000637,U0000637,2026-08-28,沉默用户,10,21,0.1117
LCS00000638,U0000638,2026-08-28,活跃用户,8,5,0.2627
LCS00000639,U0000639,2026-08-28,新用户,2,0,0.4002
LCS00000640,U0000640,2026-08-28,活跃用户,9,6,0.2398
LCS00000641,U0000641,2026-08-28,沉默用户,2,15,0.2653
LCS00000642,U0000642,2026-08-28,活跃用户,6,2,0.3077
LCS00000643,U0000643,2026-08-28,活跃用户,14,4,0.4796
LCS00000644,U0000644,2026-08-28,流失用户,2,39,0.3775
LCS00000645,U0000645,2026-08-28,流失用户,6,35,0.4445
LCS00000646,U0000646,2026-08-28,流失用户,0,130,0.3114
LCS00000647,U0000647,2026-08-28,活跃用户,7,4,0.3775
LCS00000648,U0000648,2026-08-28,沉默用户,11,26,0.2829
LCS00000649,U0000649,2026-08-28,活跃用户,4,3,0.2774
LCS00000650,U0000650,2026-08-28,流失用户,3,36,0.4182
LCS00000651,U0000651,2026-08-28,流失用户,10,101,0.1636
LCS00000652,U0000652,2026-08-28,活跃用户,14,4,0.3315
LCS00000653,U0000653,2026-08-28,流失用户,1,196,0.2921
LCS00000654,U0000654,2026-08-28,沉默用户,15,9,0.4542
LCS00000655,U0000655,2026-08-28,流失用户,1,211,0.3694
LCS00000656,U0000656,2026-08-28,沉默用户,1,8,0.306
LCS00000657,U0000657,2026-08-28,活跃用户,13,2,0.4188
LCS00000658,U0000658,2026-08-28,活跃用户,5,1,0.593
LCS00000659,U0000659,2026-08-28,沉默用户,7,13,0.3991
LCS00000660,U0000660,2026-08-28,活跃用户,3,3,0.2516
LCS00000661,U0000661,2026-08-28,沉默用户,12,23,0.3302
LCS00000662,U0000662,2026-08-28,流失用户,4,185,0.1958
LCS00000663,U0000663,2026-08-28,活跃用户,12,0,0.3449
LCS00000664,U0000664,2026-08-28,流失用户,2,75,0.2551
LCS00000665,U0000665,2026-08-28,沉默用户,14,18,0.3527
LCS00000666,U0000666,2026-08-28,活跃用户,8,4,0.4951
LCS00000667,U0000667,2026-08-28,活跃用户,13,2,0.3853
LCS00000668,U0000668,2026-08-28,沉默用户,4,8,0.2464
LCS00000669,U0000669,2026-08-28,流失用户,3,122,0.104
LCS00000670,U0000670,2026-08-28,活跃用户,6,7,0.1405
LCS00000671,U0000671,2026-08-28,流失用户,8,39,0.1829
LCS00000672,U0000672,2026-08-28,流失用户,3,87,0.1534
LCS00000673,U0000673,2026-08-28,活跃用户,9,2,0.2433
LCS00000674,U0000674,2026-08-28,活跃用户,5,2,0.2751
LCS00000675,U0000675,2026-08-28,活跃用户,15,6,0.1038
LCS00000676,U0000676,2026-08-28,沉默用户,9,24,0.5115
LCS00000677,U0000677,2026-08-28,沉默用户,10,22,0.3129
LCS00000678,U0000678,2026-08-28,流失用户,1,211,0.2774
LCS00000679,U0000679,2026-08-28,流失用户,5,36,0.4488
LCS00000680,U0000680,2026-08-28,活跃用户,13,4,0.564
LCS00000681,U0000681,2026-08-28,流失用户,4,113,0.3941
LCS00000682,U0000682,2026-08-28,活跃用户,10,6,0.4923
LCS00000683,U0000683,2026-08-28,流失用户,3,132,0.05
LCS00000684,U0000684,2026-08-28,沉默用户,3,16,0.4164
LCS00000685,U0000685,2026-08-28,流失用户,0,89,0.0985
LCS00000686,U0000686,2026-08-28,流失用户,4,64,0.4692
LCS00000687,U0000687,2026-08-28,沉默用户,6,21,0.3482
LCS00000688,U0000688,2026-08-28,沉默用户,3,28,0.5051
LCS00000689,U0000689,2026-08-28,沉默用户,4,22,0.05
LCS00000690,U0000690,2026-08-28,沉默用户,11,16,0.3789
LCS00000691,U0000691,2026-08-28,沉默用户,7,12,0.05
LCS00000692,U0000692,2026-08-28,流失用户,5,38,0.5058
LCS00000693,U0000693,2026-08-28,流失用户,6,38,0.2723
LCS00000694,U0000694,2026-08-28,沉默用户,1,16,0.1927
LCS00000695,U0000695,2026-08-28,沉默用户,3,11,0.1249
LCS00000696,U0000696,2026-08-28,沉默用户,18,9,0.5356
LCS00000697,U0000697,2026-08-28,沉默用户,9,19,0.1101
LCS00000698,U0000698,2026-08-28,活跃用户,4,2,0.405
LCS00000699,U0000699,2026-08-28,新用户,1,1,0.2431
LCS00000700,U0000700,2026-08-28,活跃用户,8,2,0.2947
LCS00000701,U0000701,2026-08-28,流失用户,2,32,0.3919
LCS00000702,U0000702,2026-08-28,活跃用户,6,0,0.4051
LCS00000703,U0000703,2026-08-28,沉默用户,5,8,0.4564
LCS00000704,U0000704,2026-08-28,活跃用户,1,5,0.1061
LCS00000705,U0000705,2026-08-28,流失用户,3,114,0.2993
LCS00000706,U0000706,2026-08-28,沉默用户,7,15,0.0665
LCS00000707,U0000707,2026-08-28,活跃用户,10,1,0.2024
LCS00000708,U0000708,2026-08-28,活跃用户,12,3,0.2502
LCS00000709,U0000709,2026-08-28,流失用户,15,54,0.05
LCS00000710,U0000710,2026-08-28,沉默用户,10,21,0.2539
LCS00000711,U0000711,2026-08-28,活跃用户,1,2,0.2044
LCS00000712,U0000712,2026-08-28,流失用户,1,42,0.2129
LCS00000713,U0000713,2026-08-28,沉默用户,6,16,0.1743
LCS00000714,U0000714,2026-08-28,流失用户,1,184,0.5452
LCS00000715,U0000715,2026-08-28,活跃用户,4,3,0.2979
LCS00000716,U0000716,2026-08-28,沉默用户,17,8,0.3376
LCS00000717,U0000717,2026-08-28,活跃用户,8,2,0.3526
LCS00000718,U0000718,2026-08-28,沉默用户,4,9,0.1932
LCS00000719,U0000719,2026-08-28,流失用户,0,38,0.1902
LCS00000720,U0000720,2026-08-28,沉默用户,5,27,0.245
LCS00000721,U0000721,2026-08-28,沉默用户,2,30,0.2947
LCS00000722,U0000722,2026-08-28,活跃用户,11,2,0.2291
LCS00000723,U0000723,2026-08-28,新用户,5,0,0.153
LCS00000724,U0000724,2026-08-28,沉默用户,11,9,0.3953
LCS00000725,U0000725,2026-08-28,活跃用户,7,4,0.5084
LCS00000726,U0000726,2026-08-28,沉默用户,12,16,0.3025
LCS00000727,U0000727,2026-08-28,活跃用户,13,1,0.3525
LCS00000728,U0000728,2026-08-28,流失用户,1,153,0.3567
LCS00000729,U0000729,2026-08-28,流失用户,5,59,0.3917
LCS00000730,U0000730,2026-08-28,沉默用户,4,16,0.3297
LCS00000731,U0000731,2026-08-28,活跃用户,10,4,0.4916
LCS00000732,U0000732,2026-08-28,活跃用户,7,5,0.5787
LCS00000733,U0000733,2026-08-28,沉默用户,2,16,0.4461
LCS00000734,U0000734,2026-08-28,流失用户,2,97,0.3896
LCS00000735,U0000735,2026-08-28,沉默用户,3,10,0.2901
LCS00000736,U0000736,2026-08-28,流失用户,3,71,0.4677
LCS00000737,U0000737,2026-08-28,沉默用户,9,13,0.4124
LCS00000738,U0000738,2026-08-28,沉默用户,8,20,0.375
LCS00000739,U0000739,2026-08-28,流失用户,6,55,0.521
LCS00000740,U0000740,2026-08-28,流失用户,2,47,0.0853
LCS00000741,U0000741,2026-08-28,沉默用户,7,19,0.1618
LCS00000742,U0000742,2026-08-28,活跃用户,3,2,0.1676
LCS00000743,U0000743,2026-08-28,沉默用户,13,8,0.2996
LCS00000744,U0000744,2026-08-28,流失用户,9,31,0.527
LCS00000745,U0000745,2026-08-28,流失用户,2,118,0.2156
LCS00000746,U0000746,2026-08-28,流失用户,3,50,0.2759
LCS00000747,U0000747,2026-08-28,沉默用户,2,9,0.0646
LCS00000748,U0000748,2026-08-28,流失用户,5,102,0.3171
LCS00000749,U0000749,2026-08-28,活跃用户,11,0,0.4235
LCS00000750,U0000750,2026-08-28,沉默用户,9,26,0.385
LCS00000751,U0000751,2026-08-28,沉默用户,8,10,0.3192
LCS00000752,U0000752,2026-08-28,活跃用户,8,1,0.2683
LCS00000753,U0000753,2026-08-28,活跃用户,5,0,0.191
LCS00000754,U0000754,2026-08-28,流失用户,2,104,0.0666
LCS00000755,U0000755,2026-08-28,沉默用户,14,23,0.3315
LCS00000756,U0000756,2026-08-28,活跃用户,3,5,0.2205
LCS00000757,U0000757,2026-08-28,流失用户,5,90,0.4107
LCS00000758,U0000758,2026-08-28,流失用户,12,32,0.3953
LCS00000759,U0000759,2026-08-28,流失用户,7,33,0.4987
LCS00000760,U0000760,2026-08-28,流失用户,5,66,0.2202
LCS00000761,U0000761,2026-08-28,沉默用户,10,21,0.249
LCS00000762,U0000762,2026-08-28,流失用户,8,91,0.3807
LCS00000763,U0000763,2026-08-28,流失用户,1,100,0.1832
LCS00000764,U0000764,2026-08-28,活跃用户,6,1,0.2695
LCS00000765,U0000765,2026-08-28,活跃用户,4,1,0.3677
LCS00000766,U0000766,2026-08-28,沉默用户,6,8,0.05
LCS00000767,U0000767,2026-08-28,活跃用户,14,0,0.4027
LCS00000768,U0000768,2026-08-28,沉默用户,8,9,0.3525
LCS00000769,U0000769,2026-08-28,沉默用户,8,13,0.4257
LCS00000770,U0000770,2026-08-28,流失用户,6,39,0.05
LCS00000771,U0000771,2026-08-28,活跃用户,8,0,0.3586
LCS00000772,U0000772,2026-08-28,流失用户,2,37,0.2323
LCS00000773,U0000773,2026-08-28,活跃用户,12,5,0.3399
LCS00000774,U0000774,2026-08-28,活跃用户,11,5,0.1833
LCS00000775,U0000775,2026-08-28,流失用户,5,64,0.391
LCS00000776,U0000776,2026-08-28,流失用户,9,38,0.5869
LCS00000777,U0000777,2026-08-28,沉默用户,13,13,0.0566
LCS00000778,U0000778,2026-08-28,沉默用户,3,20,0.2454
LCS00000779,U0000779,2026-08-28,活跃用户,5,0,0.2768
LCS00000780,U0000780,2026-08-28,流失用户,2,68,0.4191
LCS00000781,U0000781,2026-08-28,流失用户,13,54,0.2657
LCS00000782,U0000782,2026-08-28,流失用户,4,70,0.2849
LCS00000783,U0000783,2026-08-28,活跃用户,6,5,0.2233
LCS00000784,U0000784,2026-08-28,沉默用户,4,8,0.1696
LCS00000785,U0000785,2026-08-28,沉默用户,8,22,0.4093
LCS00000786,U0000786,2026-08-28,活跃用户,6,7,0.05
LCS00000787,U0000787,2026-08-28,沉默用户,14,26,0.4212
LCS00000788,U0000788,2026-08-28,沉默用户,5,18,0.2112
LCS00000789,U0000789,2026-08-28,沉默用户,16,20,0.3273
LCS00000790,U0000790,2026-08-28,沉默用户,5,9,0.1599
LCS00000791,U0000791,2026-08-28,活跃用户,10,4,0.478
LCS00000792,U0000792,2026-08-28,活跃用户,12,6,0.2928
LCS00000793,U0000793,2026-08-28,新用户,1,1,0.1414
LCS00000794,U0000794,2026-08-28,活跃用户,6,4,0.2172
LCS00000795,U0000795,2026-08-28,流失用户,1,98,0.3468
LCS00000796,U0000796,2026-08-28,活跃用户,10,5,0.4435
LCS00000797,U0000797,2026-08-28,流失用户,7,39,0.05
LCS00000798,U0000798,2026-08-28,沉默用户,11,18,0.2289
LCS00000799,U0000799,2026-08-28,沉默用户,4,21,0.1554
LCS00000800,U0000800,2026-08-28,沉默用户,6,12,0.6318
LCS00000801,U0000801,2026-08-28,活跃用户,6,4,0.4265
LCS00000802,U0000802,2026-08-28,沉默用户,6,26,0.2013
LCS00000803,U0000803,2026-08-28,新用户,6,0,0.3318
LCS00000804,U0000804,2026-08-28,沉默用户,5,28,0.3086
LCS00000805,U0000805,2026-08-28,活跃用户,15,3,0.05
LCS00000806,U0000806,2026-08-28,沉默用户,11,12,0.1873
LCS00000807,U0000807,2026-08-28,沉默用户,2,30,0.2026
LCS00000808,U0000808,2026-08-28,活跃用户,10,0,0.283
LCS00000809,U0000809,2026-08-28,活跃用户,12,2,0.3068
LCS00000810,U0000810,2026-08-28,新用户,1,1,0.1439
LCS00000811,U0000811,2026-08-28,沉默用户,10,13,0.5221
LCS00000812,U0000812,2026-08-28,流失用户,4,35,0.5496
LCS00000813,U0000813,2026-08-28,沉默用户,13,10,0.05
LCS00000814,U0000814,2026-08-28,活跃用户,9,6,0.3893
LCS00000815,U0000815,2026-08-28,活跃用户,6,0,0.2294
LCS00000816,U0000816,2026-08-28,沉默用户,3,29,0.4301
LCS00000817,U0000817,2026-08-28,流失用户,4,43,0.4489
LCS00000818,U0000818,2026-08-28,流失用户,4,133,0.6452
LCS00000819,U0000819,2026-08-28,活跃用户,3,4,0.218
LCS00000820,U0000820,2026-08-28,沉默用户,5,15,0.1575
LCS00000821,U0000821,2026-08-28,流失用户,1,101,0.05
LCS00000822,U0000822,2026-08-28,流失用户,7,45,0.1088
LCS00000823,U0000823,2026-08-28,活跃用户,11,5,0.3591
LCS00000824,U0000824,2026-08-28,沉默用户,4,22,0.05
LCS00000825,U0000825,2026-08-28,活跃用户,9,2,0.4319
LCS00000826,U0000826,2026-08-28,沉默用户,3,19,0.4053
LCS00000827,U0000827,2026-08-28,沉默用户,8,22,0.2866
LCS00000828,U0000828,2026-08-28,流失用户,9,46,0.3994
LCS00000829,U0000829,2026-08-28,流失用户,2,46,0.3945
LCS00000830,U0000830,2026-08-28,活跃用户,10,0,0.2653
LCS00000831,U0000831,2026-08-28,活跃用户,8,0,0.1827
LCS00000832,U0000832,2026-08-28,沉默用户,4,29,0.2908
LCS00000833,U0000833,2026-08-28,沉默用户,6,8,0.4885
LCS00000834,U0000834,2026-08-28,活跃用户,11,2,0.5222
LCS00000835,U0000835,2026-08-28,沉默用户,2,27,0.3444
LCS00000836,U0000836,2026-08-28,沉默用户,1,9,0.3335
LCS00000837,U0000837,2026-08-28,新用户,3,0,0.303
LCS00000838,U0000838,2026-08-28,流失用户,5,155,0.4893
LCS00000839,U0000839,2026-08-28,活跃用户,9,3,0.3198
LCS00000840,U0000840,2026-08-28,沉默用户,14,10,0.2993
LCS00000841,U0000841,2026-08-28,活跃用户,4,0,0.1806
LCS00000842,U0000842,2026-08-28,流失用户,3,116,0.246
LCS00000843,U0000843,2026-08-28,流失用户,4,35,0.4208
LCS00000844,U0000844,2026-08-28,流失用户,1,88,0.3644
LCS00000845,U0000845,2026-08-28,沉默用户,3,19,0.3241
LCS00000846,U0000846,2026-08-28,沉默用户,16,19,0.0923
LCS00000847,U0000847,2026-08-28,沉默用户,9,15,0.2143
LCS00000848,U0000848,2026-08-28,活跃用户,11,1,0.4754
LCS00000849,U0000849,2026-08-28,流失用户,5,51,0.4163
LCS00000850,U0000850,2026-08-28,流失用户,4,64,0.2665
LCS00000851,U0000851,2026-08-28,流失用户,0,195,0.3749
LCS00000852,U0000852,2026-08-28,活跃用户,3,1,0.3548
LCS00000853,U0000853,2026-08-28,活跃用户,16,4,0.6181
LCS00000854,U0000854,2026-08-28,活跃用户,8,4,0.4366
LCS00000855,U0000855,2026-08-28,流失用户,3,143,0.2814
LCS00000856,U0000856,2026-08-28,流失用户,1,139,0.1109
LCS00000857,U0000857,2026-08-28,沉默用户,9,16,0.566
LCS00000858,U0000858,2026-08-28,活跃用户,12,1,0.3649
LCS00000859,U0000859,2026-08-28,沉默用户,14,11,0.2226
LCS00000860,U0000860,2026-08-28,活跃用户,6,3,0.2803
LCS00000861,U0000861,2026-08-28,活跃用户,14,2,0.05
LCS00000862,U0000862,2026-08-28,流失用户,1,172,0.2838
LCS00000863,U0000863,2026-08-28,活跃用户,13,1,0.4838
LCS00000864,U0000864,2026-08-28,沉默用户,9,27,0.4721
LCS00000865,U0000865,2026-08-28,活跃用户,10,5,0.05
LCS00000866,U0000866,2026-08-28,活跃用户,12,0,0.5589
LCS00000867,U0000867,2026-08-28,流失用户,4,78,0.3436
LCS00000868,U0000868,2026-08-28,沉默用户,3,26,0.3274
LCS00000869,U0000869,2026-08-28,流失用户,0,49,0.1577
LCS00000870,U0000870,2026-08-28,流失用户,3,31,0.1499
LCS00000871,U0000871,2026-08-28,沉默用户,4,16,0.2478
LCS00000872,U0000872,2026-08-28,流失用户,7,31,0.0759
LCS00000873,U0000873,2026-08-28,沉默用户,12,26,0.3964
LCS00000874,U0000874,2026-08-28,活跃用户,5,3,0.4167
LCS00000875,U0000875,2026-08-28,沉默用户,16,8,0.1801
LCS00000876,U0000876,2026-08-28,活跃用户,14,1,0.4757
LCS00000877,U0000877,2026-08-28,活跃用户,12,0,0.3239
LCS00000878,U0000878,2026-08-28,流失用户,2,180,0.1756
LCS00000879,U0000879,2026-08-28,活跃用户,12,0,0.3608
LCS00000880,U0000880,2026-08-28,活跃用户,13,2,0.251
LCS00000881,U0000881,2026-08-28,沉默用户,1,24,0.2629
LCS00000882,U0000882,2026-08-28,活跃用户,13,1,0.1157
LCS00000883,U0000883,2026-08-28,活跃用户,7,0,0.4158
LCS00000884,U0000884,2026-08-28,活跃用户,16,0,0.6745
LCS00000885,U0000885,2026-08-28,活跃用户,12,2,0.2454
LCS00000886,U0000886,2026-08-28,活跃用户,13,0,0.3617
LCS00000887,U0000887,2026-08-28,流失用户,3,48,0.2973
LCS00000888,U0000888,2026-08-28,沉默用户,6,24,0.5394
LCS00000889,U0000889,2026-08-28,流失用户,4,52,0.3428
LCS00000890,U0000890,2026-08-28,活跃用户,16,4,0.6286
LCS00000891,U0000891,2026-08-28,沉默用户,15,13,0.2863
LCS00000892,U0000892,2026-08-28,流失用户,3,47,0.2875
LCS00000893,U0000893,2026-08-28,沉默用户,14,16,0.2021
LCS00000894,U0000894,2026-08-28,活跃用户,4,4,0.3862
LCS00000895,U0000895,2026-08-28,沉默用户,15,24,0.3361
LCS00000896,U0000896,2026-08-28,沉默用户,13,11,0.4279
LCS00000897,U0000897,2026-08-28,流失用户,2,75,0.4336
LCS00000898,U0000898,2026-08-28,活跃用户,14,5,0.5549
LCS00000899,U0000899,2026-08-28,流失用户,4,31,0.378
LCS00000900,U0000900,2026-08-28,活跃用户,7,1,0.281
LCS00000901,U0000901,2026-08-28,活跃用户,5,2,0.1916
LCS00000902,U0000902,2026-08-28,流失用户,2,44,0.1597
LCS00000903,U0000903,2026-08-28,新用户,0,0,0.05
LCS00000904,U0000904,2026-08-28,沉默用户,13,21,0.2791
LCS00000905,U0000905,2026-08-28,新用户,1,0,0.4445
LCS00000906,U0000906,2026-08-28,活跃用户,10,0,0.312
LCS00000907,U0000907,2026-08-28,沉默用户,11,16,0.2488
LCS00000908,U0000908,2026-08-28,流失用户,9,33,0.1744
LCS00000909,U0000909,2026-08-28,活跃用户,14,1,0.3582
LCS00000910,U0000910,2026-08-28,流失用户,1,86,0.273
LCS00000911,U0000911,2026-08-28,活跃用户,12,6,0.3245
LCS00000912,U0000912,2026-08-28,活跃用户,15,7,0.0531
LCS00000913,U0000913,2026-08-28,沉默用户,3,27,0.1048
LCS00000914,U0000914,2026-08-28,沉默用户,12,12,0.2877
LCS00000915,U0000915,2026-08-28,沉默用户,13,11,0.4111
LCS00000916,U0000916,2026-08-28,沉默用户,5,28,0.3595
LCS00000917,U0000917,2026-08-28,流失用户,7,44,0.3924
LCS00000918,U0000918,2026-08-28,流失用户,2,198,0.2208
LCS00000919,U0000919,2026-08-28,活跃用户,6,5,0.2664
LCS00000920,U0000920,2026-08-28,沉默用户,4,17,0.332
LCS00000921,U0000921,2026-08-28,流失用户,5,78,0.3486
LCS00000922,U0000922,2026-08-28,活跃用户,13,1,0.3087
LCS00000923,U0000923,2026-08-28,沉默用户,12,8,0.2131
LCS00000924,U0000924,2026-08-28,沉默用户,11,11,0.5309
LCS00000925,U0000925,2026-08-28,流失用户,3,173,0.4426
LCS00000926,U0000926,2026-08-28,沉默用户,12,11,0.416
LCS00000927,U0000927,2026-08-28,沉默用户,9,18,0.2114
LCS00000928,U0000928,2026-08-28,沉默用户,5,14,0.3073
LCS00000929,U0000929,2026-08-28,沉默用户,7,29,0.0795
LCS00000930,U0000930,2026-08-28,活跃用户,7,0,0.4481
LCS00000931,U0000931,2026-08-28,活跃用户,14,3,0.2525
LCS00000932,U0000932,2026-08-28,流失用户,4,129,0.4884
LCS00000933,U0000933,2026-08-28,沉默用户,4,16,0.0925
LCS00000934,U0000934,2026-08-28,新用户,3,0,0.5464
LCS00000935,U0000935,2026-08-28,沉默用户,11,13,0.4516
LCS00000936,U0000936,2026-08-28,流失用户,2,202,0.4309
LCS00000937,U0000937,2026-08-28,活跃用户,14,1,0.5403
LCS00000938,U0000938,2026-08-28,活跃用户,3,6,0.5422
LCS00000939,U0000939,2026-08-28,流失用户,3,80,0.5228
LCS00000940,U0000940,2026-08-28,活跃用户,13,0,0.221
LCS00000941,U0000941,2026-08-28,流失用户,4,44,0.3708
LCS00000942,U0000942,2026-08-28,流失用户,2,89,0.1712
LCS00000943,U0000943,2026-08-28,流失用户,2,199,0.3217
LCS00000944,U0000944,2026-08-28,活跃用户,13,4,0.3406
LCS00000945,U0000945,2026-08-28,活跃用户,8,2,0.05
LCS00000946,U0000946,2026-08-28,沉默用户,6,19,0.2974
LCS00000947,U0000947,2026-08-28,沉默用户,8,24,0.4172
LCS00000948,U0000948,2026-08-28,沉默用户,17,10,0.4466
LCS00000949,U0000949,2026-08-28,沉默用户,6,24,0.4191
LCS00000950,U0000950,2026-08-28,沉默用户,12,11,0.3743
LCS00000951,U0000951,2026-08-28,流失用户,3,47,0.1458
LCS00000952,U0000952,2026-08-28,活跃用户,17,5,0.5734
LCS00000953,U0000953,2026-08-28,活跃用户,5,1,0.2575
LCS00000954,U0000954,2026-08-28,沉默用户,5,16,0.482
LCS00000955,U0000955,2026-08-28,活跃用户,4,4,0.1383
LCS00000956,U0000956,2026-08-28,流失用户,5,32,0.542
LCS00000957,U0000957,2026-08-28,沉默用户,7,8,0.2598
LCS00000958,U0000958,2026-08-28,流失用户,1,103,0.3296
LCS00000959,U0000959,2026-08-28,活跃用户,15,4,0.3386
LCS00000960,U0000960,2026-08-28,沉默用户,4,9,0.3399
LCS00000961,U0000961,2026-08-28,活跃用户,15,4,0.2148
LCS00000962,U0000962,2026-08-28,沉默用户,1,8,0.19
LCS00000963,U0000963,2026-08-28,流失用户,1,103,0.1943
LCS00000964,U0000964,2026-08-28,活跃用户,8,2,0.3042
LCS00000965,U0000965,2026-08-28,沉默用户,2,12,0.2819
LCS00000966,U0000966,2026-08-28,流失用户,3,187,0.4051
LCS00000967,U0000967,2026-08-28,沉默用户,7,20,0.3109
LCS00000968,U0000968,2026-08-28,活跃用户,7,2,0.1821
LCS00000969,U0000969,2026-08-28,沉默用户,10,11,0.4175
LCS00000970,U0000970,2026-08-28,活跃用户,10,0,0.3632
LCS00000971,U0000971,2026-08-28,沉默用户,4,12,0.4614
LCS00000972,U0000972,2026-08-28,沉默用户,6,8,0.3786
LCS00000973,U0000973,2026-08-28,流失用户,2,74,0.4337
LCS00000974,U0000974,2026-08-28,沉默用户,5,24,0.4196
LCS00000975,U0000975,2026-08-28,活跃用户,5,3,0.1537
LCS00000976,U0000976,2026-08-28,沉默用户,4,12,0.1175
LCS00000977,U0000977,2026-08-28,沉默用户,4,18,0.0639
LCS00000978,U0000978,2026-08-28,新用户,2,0,0.1381
LCS00000979,U0000979,2026-08-28,活跃用户,13,4,0.5193
LCS00000980,U0000980,2026-08-28,沉默用户,14,8,0.1903
LCS00000981,U0000981,2026-08-28,沉默用户,3,22,0.1413
LCS00000982,U0000982,2026-08-28,活跃用户,6,5,0.2141
LCS00000983,U0000983,2026-08-28,活跃用户,12,4,0.1687
LCS00000984,U0000984,2026-08-28,活跃用户,12,5,0.2924
LCS00000985,U0000985,2026-08-28,活跃用户,15,0,0.4208
LCS00000986,U0000986,2026-08-28,活跃用户,12,2,0.1869
LCS00000987,U0000987,2026-08-28,沉默用户,11,28,0.2926
LCS00000988,U0000988,2026-08-28,流失用户,2,96,0.3963
LCS00000989,U0000989,2026-08-28,活跃用户,7,7,0.3582
LCS00000990,U0000990,2026-08-28,活跃用户,4,2,0.1996
LCS00000991,U0000991,2026-08-28,沉默用户,11,12,0.4592
LCS00000992,U0000992,2026-08-28,活跃用户,9,6,0.3084
LCS00000993,U0000993,2026-08-28,沉默用户,12,17,0.445
LCS00000994,U0000994,2026-08-28,沉默用户,3,13,0.4524
LCS00000995,U0000995,2026-08-28,沉默用户,8,10,0.4063
LCS00000996,U0000996,2026-08-28,沉默用户,7,11,0.071
LCS00000997,U0000997,2026-08-28,流失用户,4,36,0.3785
LCS00000998,U0000998,2026-08-28,流失用户,5,37,0.1663
LCS00000999,U0000999,2026-08-28,新用户,6,0,0.2933
LCS00001000,U0001000,2026-08-28,沉默用户,4,13,0.4954
LCS00001001,U0001001,2026-08-28,流失用户,1,143,0.5384
LCS00001002,U0001002,2026-08-28,活跃用户,14,3,0.2363
LCS00001003,U0001003,2026-08-28,活跃用户,15,0,0.6455
LCS00001004,U0001004,2026-08-28,沉默用户,10,11,0.05
LCS00001005,U0001005,2026-08-28,流失用户,12,32,0.3436
LCS00001006,U0001006,2026-08-28,流失用户,2,141,0.3882
LCS00001007,U0001007,2026-08-28,流失用户,5,38,0.5325
LCS00001008,U0001008,2026-08-28,活跃用户,2,3,0.3339
LCS00001009,U0001009,2026-08-28,流失用户,5,123,0.4139
LCS00001010,U0001010,2026-08-28,沉默用户,11,16,0.3264
LCS00001011,U0001011,2026-08-28,活跃用户,13,0,0.4222
LCS00001012,U0001012,2026-08-28,流失用户,3,62,0.1401
LCS00001013,U0001013,2026-08-28,新用户,3,0,0.4528
LCS00001014,U0001014,2026-08-28,活跃用户,15,1,0.3666
LCS00001015,U0001015,2026-08-28,流失用户,3,56,0.2813
LCS00001016,U0001016,2026-08-28,沉默用户,13,8,0.2771
LCS00001017,U0001017,2026-08-28,活跃用户,4,0,0.2963
LCS00001018,U0001018,2026-08-28,活跃用户,10,6,0.5047
LCS00001019,U0001019,2026-08-28,活跃用户,10,2,0.2617
LCS00001020,U0001020,2026-08-28,沉默用户,9,11,0.309
LCS00001021,U0001021,2026-08-28,活跃用户,6,6,0.2095
LCS00001022,U0001022,2026-08-28,活跃用户,15,7,0.384
LCS00001023,U0001023,2026-08-28,流失用户,3,114,0.1865
LCS00001024,U0001024,2026-08-28,活跃用户,3,6,0.3869
LCS00001025,U0001025,2026-08-28,流失用户,7,35,0.1544
LCS00001026,U0001026,2026-08-28,活跃用户,10,2,0.3774
LCS00001027,U0001027,2026-08-28,流失用户,2,84,0.1789
LCS00001028,U0001028,2026-08-28,沉默用户,5,18,0.2496
LCS00001029,U0001029,2026-08-28,流失用户,1,110,0.05
LCS00001030,U0001030,2026-08-28,活跃用户,12,0,0.1673
LCS00001031,U0001031,2026-08-28,沉默用户,2,9,0.4178
LCS00001032,U0001032,2026-08-28,新用户,1,0,0.3109
LCS00001033,U0001033,2026-08-28,活跃用户,10,6,0.3967
LCS00001034,U0001034,2026-08-28,活跃用户,12,2,0.4161
LCS00001035,U0001035,2026-08-28,沉默用户,7,23,0.5647
LCS00001036,U0001036,2026-08-28,活跃用户,2,2,0.4052
LCS00001037,U0001037,2026-08-28,活跃用户,6,2,0.1673
LCS00001038,U0001038,2026-08-28,沉默用户,2,26,0.3615
LCS00001039,U0001039,2026-08-28,沉默用户,8,23,0.2774
LCS00001040,U0001040,2026-08-28,活跃用户,6,4,0.3083
LCS00001041,U0001041,2026-08-28,活跃用户,2,6,0.3764
LCS00001042,U0001042,2026-08-28,活跃用户,1,4,0.149
LCS00001043,U0001043,2026-08-28,流失用户,0,71,0.106
LCS00001044,U0001044,2026-08-28,沉默用户,8,19,0.0915
LCS00001045,U0001045,2026-08-28,流失用户,3,107,0.1605
LCS00001046,U0001046,2026-08-28,活跃用户,8,0,0.2552
LCS00001047,U0001047,2026-08-28,沉默用户,3,8,0.3138
LCS00001048,U0001048,2026-08-28,流失用户,5,44,0.1919
LCS00001049,U0001049,2026-08-28,活跃用户,6,7,0.05
LCS00001050,U0001050,2026-08-28,沉默用户,5,12,0.2436
LCS00001051,U0001051,2026-08-28,活跃用户,9,2,0.0757
LCS00001052,U0001052,2026-08-28,流失用户,7,37,0.2452
LCS00001053,U0001053,2026-08-28,活跃用户,18,7,0.3375
LCS00001054,U0001054,2026-08-28,流失用户,2,180,0.3383
LCS00001055,U0001055,2026-08-28,沉默用户,6,9,0.4298
LCS00001056,U0001056,2026-08-28,沉默用户,7,13,0.6905
LCS00001057,U0001057,2026-08-28,沉默用户,10,19,0.2835
LCS00001058,U0001058,2026-08-28,活跃用户,12,0,0.121
LCS00001059,U0001059,2026-08-28,活跃用户,5,1,0.2251
LCS00001060,U0001060,2026-08-28,流失用户,9,48,0.2314
LCS00001061,U0001061,2026-08-28,沉默用户,1,22,0.1423
LCS00001062,U0001062,2026-08-28,活跃用户,10,4,0.1155
LCS00001063,U0001063,2026-08-28,流失用户,2,81,0.1957
LCS00001064,U0001064,2026-08-28,沉默用户,11,9,0.3208
LCS00001065,U0001065,2026-08-28,活跃用户,8,5,0.1129
LCS00001066,U0001066,2026-08-28,流失用户,1,217,0.351
LCS00001067,U0001067,2026-08-28,活跃用户,16,3,0.3077
LCS00001068,U0001068,2026-08-28,沉默用户,11,8,0.3131
LCS00001069,U0001069,2026-08-28,沉默用户,10,28,0.3268
LCS00001070,U0001070,2026-08-28,沉默用户,5,21,0.3136
LCS00001071,U0001071,2026-08-28,流失用户,5,32,0.2573
LCS00001072,U0001072,2026-08-28,活跃用户,1,5,0.0985
LCS00001073,U0001073,2026-08-28,活跃用户,8,2,0.2879
LCS00001074,U0001074,2026-08-28,沉默用户,5,14,0.3319
LCS00001075,U0001075,2026-08-28,流失用户,0,201,0.1844
LCS00001076,U0001076,2026-08-28,流失用户,5,88,0.2319
LCS00001077,U0001077,2026-08-28,活跃用户,1,5,0.1863
LCS00001078,U0001078,2026-08-28,流失用户,2,93,0.3498
LCS00001079,U0001079,2026-08-28,沉默用户,8,8,0.3591
LCS00001080,U0001080,2026-08-28,活跃用户,14,4,0.361
LCS00001081,U0001081,2026-08-28,流失用户,3,61,0.06
LCS00001082,U0001082,2026-08-28,活跃用户,9,2,0.2173
LCS00001083,U0001083,2026-08-28,沉默用户,7,11,0.4287
LCS00001084,U0001084,2026-08-28,流失用户,4,116,0.3455
LCS00001085,U0001085,2026-08-28,流失用户,10,63,0.287
LCS00001086,U0001086,2026-08-28,沉默用户,12,9,0.2276
LCS00001087,U0001087,2026-08-28,活跃用户,6,0,0.3691
LCS00001088,U0001088,2026-08-28,流失用户,3,48,0.3552
LCS00001089,U0001089,2026-08-28,流失用户,0,127,0.1497
LCS00001090,U0001090,2026-08-28,活跃用户,13,5,0.4859
LCS00001091,U0001091,2026-08-28,流失用户,3,60,0.4098
LCS00001092,U0001092,2026-08-28,活跃用户,9,0,0.3507
LCS00001093,U0001093,2026-08-28,活跃用户,16,2,0.3495
LCS00001094,U0001094,2026-08-28,活跃用户,15,4,0.4519
LCS00001095,U0001095,2026-08-28,活跃用户,11,5,0.0675
LCS00001096,U0001096,2026-08-28,流失用户,5,41,0.4612
LCS00001097,U0001097,2026-08-28,沉默用户,9,11,0.2583
LCS00001098,U0001098,2026-08-28,流失用户,0,78,0.5314
LCS00001099,U0001099,2026-08-28,流失用户,3,73,0.0618
LCS00001100,U0001100,2026-08-28,沉默用户,13,11,0.2371
LCS00001101,U0001101,2026-08-28,流失用户,8,68,0.1873
LCS00001102,U0001102,2026-08-28,流失用户,14,52,0.2327
LCS00001103,U0001103,2026-08-28,活跃用户,14,2,0.4146
LCS00001104,U0001104,2026-08-28,流失用户,6,36,0.4897
LCS00001105,U0001105,2026-08-28,沉默用户,11,17,0.4314
LCS00001106,U0001106,2026-08-28,流失用户,1,55,0.2731
LCS00001107,U0001107,2026-08-28,流失用户,2,90,0.2671
LCS00001108,U0001108,2026-08-28,流失用户,1,49,0.2387
LCS00001109,U0001109,2026-08-28,活跃用户,6,6,0.4364
LCS00001110,U0001110,2026-08-28,流失用户,2,112,0.2824
LCS00001111,U0001111,2026-08-28,活跃用户,13,4,0.2311
LCS00001112,U0001112,2026-08-28,沉默用户,3,8,0.1051
LCS00001113,U0001113,2026-08-28,活跃用户,10,5,0.1782
LCS00001114,U0001114,2026-08-28,流失用户,9,72,0.3335
LCS00001115,U0001115,2026-08-28,活跃用户,6,4,0.2737
LCS00001116,U0001116,2026-08-28,活跃用户,14,3,0.3881
LCS00001117,U0001117,2026-08-28,活跃用户,10,1,0.4048
LCS00001118,U0001118,2026-08-28,活跃用户,12,3,0.4534
LCS00001119,U0001119,2026-08-28,流失用户,8,36,0.1425
LCS00001120,U0001120,2026-08-28,活跃用户,2,3,0.2003
LCS00001121,U0001121,2026-08-28,流失用户,4,65,0.1871
LCS00001122,U0001122,2026-08-28,流失用户,1,54,0.3958
LCS00001123,U0001123,2026-08-28,沉默用户,1,23,0.2012
LCS00001124,U0001124,2026-08-28,流失用户,3,53,0.2688
LCS00001125,U0001125,2026-08-28,沉默用户,12,11,0.266
LCS00001126,U0001126,2026-08-28,活跃用户,11,2,0.3296
LCS00001127,U0001127,2026-08-28,沉默用户,2,8,0.3495
LCS00001128,U0001128,2026-08-28,活跃用户,12,1,0.2208
LCS00001129,U0001129,2026-08-28,沉默用户,11,12,0.05
LCS00001130,U0001130,2026-08-28,流失用户,5,62,0.1563
LCS00001131,U0001131,2026-08-28,活跃用户,9,1,0.3651
LCS00001132,U0001132,2026-08-28,活跃用户,6,2,0.2981
LCS00001133,U0001133,2026-08-28,新用户,2,0,0.2208
LCS00001134,U0001134,2026-08-28,活跃用户,12,0,0.1813
LCS00001135,U0001135,2026-08-28,沉默用户,10,14,0.2419
LCS00001136,U0001136,2026-08-28,活跃用户,8,3,0.333
LCS00001137,U0001137,2026-08-28,沉默用户,2,14,0.3237
LCS00001138,U0001138,2026-08-28,沉默用户,5,10,0.3866
LCS00001139,U0001139,2026-08-28,沉默用户,2,27,0.1658
LCS00001140,U0001140,2026-08-28,沉默用户,12,14,0.4698
LCS00001141,U0001141,2026-08-28,沉默用户,10,14,0.3807
LCS00001142,U0001142,2026-08-28,沉默用户,8,15,0.2113
LCS00001143,U0001143,2026-08-28,活跃用户,13,2,0.4427
LCS00001144,U0001144,2026-08-28,新用户,0,0,0.2763
LCS00001145,U0001145,2026-08-28,活跃用户,6,2,0.05
LCS00001146,U0001146,2026-08-28,活跃用户,17,0,0.4618
LCS00001147,U0001147,2026-08-28,流失用户,7,56,0.4427
LCS00001148,U0001148,2026-08-28,沉默用户,15,8,0.3424
LCS00001149,U0001149,2026-08-28,流失用户,3,98,0.1007
LCS00001150,U0001150,2026-08-28,流失用户,8,44,0.2303
LCS00001151,U0001151,2026-08-28,沉默用户,11,8,0.4526
LCS00001152,U0001152,2026-08-28,流失用户,5,44,0.2552
LCS00001153,U0001153,2026-08-28,活跃用户,6,7,0.0852
LCS00001154,U0001154,2026-08-28,活跃用户,5,0,0.05
LCS00001155,U0001155,2026-08-28,流失用户,3,37,0.3178
LCS00001156,U0001156,2026-08-28,活跃用户,14,6,0.3177
LCS00001157,U0001157,2026-08-28,活跃用户,18,6,0.3407
LCS00001158,U0001158,2026-08-28,活跃用户,2,1,0.2749
LCS00001159,U0001159,2026-08-28,活跃用户,6,1,0.5328
LCS00001160,U0001160,2026-08-28,流失用户,3,185,0.1869
LCS00001161,U0001161,2026-08-28,活跃用户,13,3,0.2186
LCS00001162,U0001162,2026-08-28,沉默用户,2,8,0.1691
LCS00001163,U0001163,2026-08-28,沉默用户,13,18,0.3027
LCS00001164,U0001164,2026-08-28,活跃用户,5,6,0.1658
LCS00001165,U0001165,2026-08-28,流失用户,3,79,0.3254
LCS00001166,U0001166,2026-08-28,活跃用户,14,1,0.2312
LCS00001167,U0001167,2026-08-28,沉默用户,13,16,0.2031
LCS00001168,U0001168,2026-08-28,活跃用户,3,1,0.223
LCS00001169,U0001169,2026-08-28,流失用户,8,37,0.3468
LCS00001170,U0001170,2026-08-28,活跃用户,11,5,0.3599
LCS00001171,U0001171,2026-08-28,沉默用户,7,12,0.3673
LCS00001172,U0001172,2026-08-28,流失用户,0,121,0.1149
LCS00001173,U0001173,2026-08-28,活跃用户,14,5,0.0726
LCS00001174,U0001174,2026-08-28,活跃用户,14,5,0.4238
LCS00001175,U0001175,2026-08-28,沉默用户,14,27,0.2756
LCS00001176,U0001176,2026-08-28,沉默用户,4,17,0.2341
LCS00001177,U0001177,2026-08-28,流失用户,3,44,0.1651
LCS00001178,U0001178,2026-08-28,活跃用户,6,4,0.2989
LCS00001179,U0001179,2026-08-28,活跃用户,3,3,0.05
LCS00001180,U0001180,2026-08-28,沉默用户,11,11,0.4069
LCS00001181,U0001181,2026-08-28,沉默用户,4,8,0.2551
LCS00001182,U0001182,2026-08-28,活跃用户,4,2,0.3321
LCS00001183,U0001183,2026-08-28,活跃用户,5,2,0.4635
LCS00001184,U0001184,2026-08-28,活跃用户,12,5,0.1714
LCS00001185,U0001185,2026-08-28,流失用户,4,38,0.2044
LCS00001186,U0001186,2026-08-28,流失用户,1,52,0.2544
LCS00001187,U0001187,2026-08-28,流失用户,0,171,0.2383
LCS00001188,U0001188,2026-08-28,流失用户,1,182,0.3488
LCS00001189,U0001189,2026-08-28,沉默用户,7,10,0.1986
LCS00001190,U0001190,2026-08-28,沉默用户,2,21,0.05
LCS00001191,U0001191,2026-08-28,沉默用户,5,23,0.3791
LCS00001192,U0001192,2026-08-28,流失用户,2,60,0.4073
LCS00001193,U0001193,2026-08-28,活跃用户,4,1,0.4794
LCS00001194,U0001194,2026-08-28,流失用户,4,64,0.3797
LCS00001195,U0001195,2026-08-28,流失用户,2,110,0.4106
LCS00001196,U0001196,2026-08-28,沉默用户,3,22,0.4641
LCS00001197,U0001197,2026-08-28,活跃用户,5,1,0.1376
LCS00001198,U0001198,2026-08-28,沉默用户,14,9,0.4256
LCS00001199,U0001199,2026-08-28,流失用户,3,42,0.142
LCS00001200,U0001200,2026-08-28,活跃用户,2,7,0.1371
LCS00001201,U0001201,2026-08-28,新用户,3,0,0.3343
LCS00001202,U0001202,2026-08-28,流失用户,14,31,0.4258
LCS00001203,U0001203,2026-08-28,活跃用户,16,7,0.5152
LCS00001204,U0001204,2026-08-28,沉默用户,4,30,0.1921
LCS00001205,U0001205,2026-08-28,流失用户,13,31,0.4133
LCS00001206,U0001206,2026-08-28,流失用户,2,142,0.4396
LCS00001207,U0001207,2026-08-28,新用户,2,2,0.2675
LCS00001208,U0001208,2026-08-28,流失用户,3,35,0.1539
LCS00001209,U0001209,2026-08-28,新用户,2,0,0.4068
LCS00001210,U0001210,2026-08-28,流失用户,0,108,0.05
LCS00001211,U0001211,2026-08-28,沉默用户,6,13,0.495
LCS00001212,U0001212,2026-08-28,活跃用户,12,7,0.2447
LCS00001213,U0001213,2026-08-28,流失用户,8,42,0.3783
LCS00001214,U0001214,2026-08-28,活跃用户,10,1,0.3599
LCS00001215,U0001215,2026-08-28,活跃用户,9,7,0.4504
LCS00001216,U0001216,2026-08-28,沉默用户,11,16,0.2775
LCS00001217,U0001217,2026-08-28,活跃用户,5,3,0.1531
LCS00001218,U0001218,2026-08-28,流失用户,5,46,0.418
LCS00001219,U0001219,2026-08-28,活跃用户,15,5,0.4391
LCS00001220,U0001220,2026-08-28,活跃用户,14,3,0.3119
LCS00001221,U0001221,2026-08-28,流失用户,12,42,0.3154
LCS00001222,U0001222,2026-08-28,活跃用户,11,1,0.1983
LCS00001223,U0001223,2026-08-28,沉默用户,14,10,0.417
LCS00001224,U0001224,2026-08-28,沉默用户,6,11,0.1989
LCS00001225,U0001225,2026-08-28,沉默用户,5,11,0.2994
LCS00001226,U0001226,2026-08-28,沉默用户,4,16,0.2151
LCS00001227,U0001227,2026-08-28,流失用户,2,67,0.2265
LCS00001228,U0001228,2026-08-28,活跃用户,11,1,0.3237
LCS00001229,U0001229,2026-08-28,流失用户,9,31,0.2954
LCS00001230,U0001230,2026-08-28,沉默用户,5,15,0.4688
LCS00001231,U0001231,2026-08-28,沉默用户,12,8,0.4482
LCS00001232,U0001232,2026-08-28,沉默用户,7,16,0.2612
LCS00001233,U0001233,2026-08-28,沉默用户,14,17,0.3962
LCS00001234,U0001234,2026-08-28,活跃用户,7,5,0.3218
LCS00001235,U0001235,2026-08-28,流失用户,4,53,0.2944
LCS00001236,U0001236,2026-08-28,流失用户,2,39,0.3857
LCS00001237,U0001237,2026-08-28,沉默用户,6,17,0.4649
LCS00001238,U0001238,2026-08-28,流失用户,6,111,0.3148
LCS00001239,U0001239,2026-08-28,活跃用户,3,6,0.1564
LCS00001240,U0001240,2026-08-28,活跃用户,16,1,0.5812
LCS00001241,U0001241,2026-08-28,活跃用户,12,2,0.338
LCS00001242,U0001242,2026-08-28,活跃用户,14,0,0.1524
LCS00001243,U0001243,2026-08-28,沉默用户,10,11,0.426
LCS00001244,U0001244,2026-08-28,沉默用户,4,19,0.3185
LCS00001245,U0001245,2026-08-28,活跃用户,8,2,0.3671
LCS00001246,U0001246,2026-08-28,沉默用户,15,12,0.424
LCS00001247,U0001247,2026-08-28,活跃用户,10,2,0.3053
LCS00001248,U0001248,2026-08-28,沉默用户,16,11,0.1662
LCS00001249,U0001249,2026-08-28,活跃用户,17,2,0.494
LCS00001250,U0001250,2026-08-28,活跃用户,7,6,0.5402
LCS00001251,U0001251,2026-08-28,活跃用户,1,1,0.3343
LCS00001252,U0001252,2026-08-28,活跃用户,14,0,0.2327
LCS00001253,U0001253,2026-08-28,沉默用户,1,15,0.05
LCS00001254,U0001254,2026-08-28,沉默用户,13,8,0.4217
LCS00001255,U0001255,2026-08-28,沉默用户,4,24,0.3448
LCS00001256,U0001256,2026-08-28,沉默用户,2,9,0.3983
LCS00001257,U0001257,2026-08-28,流失用户,3,35,0.1869
LCS00001258,U0001258,2026-08-28,流失用户,7,105,0.3433
LCS00001259,U0001259,2026-08-28,活跃用户,11,3,0.3729
LCS00001260,U0001260,2026-08-28,活跃用户,12,3,0.2114
LCS00001261,U0001261,2026-08-28,流失用户,7,50,0.2949
LCS00001262,U0001262,2026-08-28,流失用户,4,64,0.0641
LCS00001263,U0001263,2026-08-28,活跃用户,4,0,0.4292
LCS00001264,U0001264,2026-08-28,流失用户,4,108,0.2061
LCS00001265,U0001265,2026-08-28,新用户,3,0,0.3287
LCS00001266,U0001266,2026-08-28,沉默用户,4,26,0.4297
LCS00001267,U0001267,2026-08-28,流失用户,7,52,0.0958
LCS00001268,U0001268,2026-08-28,沉默用户,2,11,0.1382
LCS00001269,U0001269,2026-08-28,活跃用户,2,7,0.326
LCS00001270,U0001270,2026-08-28,流失用户,7,75,0.5689
LCS00001271,U0001271,2026-08-28,活跃用户,7,0,0.3118
LCS00001272,U0001272,2026-08-28,活跃用户,5,0,0.3875
LCS00001273,U0001273,2026-08-28,沉默用户,15,15,0.3828
LCS00001274,U0001274,2026-08-28,沉默用户,12,22,0.408
LCS00001275,U0001275,2026-08-28,流失用户,2,233,0.2337
LCS00001276,U0001276,2026-08-28,活跃用户,13,0,0.2071
LCS00001277,U0001277,2026-08-28,活跃用户,9,0,0.5085
LCS00001278,U0001278,2026-08-28,沉默用户,14,8,0.2659
LCS00001279,U0001279,2026-08-28,沉默用户,4,8,0.1238
LCS00001280,U0001280,2026-08-28,活跃用户,12,3,0.5455
LCS00001281,U0001281,2026-08-28,活跃用户,15,5,0.3451
LCS00001282,U0001282,2026-08-28,活跃用户,9,2,0.4233
LCS00001283,U0001283,2026-08-28,流失用户,2,95,0.1545
LCS00001284,U0001284,2026-08-28,流失用户,1,154,0.1243
LCS00001285,U0001285,2026-08-28,流失用户,5,66,0.3874
LCS00001286,U0001286,2026-08-28,沉默用户,7,9,0.1794
LCS00001287,U0001287,2026-08-28,活跃用户,9,1,0.2265
LCS00001288,U0001288,2026-08-28,活跃用户,3,5,0.2447
LCS00001289,U0001289,2026-08-28,活跃用户,10,0,0.299
LCS00001290,U0001290,2026-08-28,流失用户,1,61,0.2883
LCS00001291,U0001291,2026-08-28,沉默用户,2,27,0.3285
LCS00001292,U0001292,2026-08-28,流失用户,8,60,0.2853
LCS00001293,U0001293,2026-08-28,流失用户,3,116,0.4862
LCS00001294,U0001294,2026-08-28,沉默用户,11,8,0.3348
LCS00001295,U0001295,2026-08-28,沉默用户,8,24,0.35
LCS00001296,U0001296,2026-08-28,流失用户,3,67,0.0627
LCS00001297,U0001297,2026-08-28,活跃用户,2,4,0.2875
LCS00001298,U0001298,2026-08-28,活跃用户,10,5,0.353
LCS00001299,U0001299,2026-08-28,活跃用户,13,4,0.2811
LCS00001300,U0001300,2026-08-28,活跃用户,7,4,0.1631
LCS00001301,U0001301,2026-08-28,活跃用户,5,0,0.4008
LCS00001302,U0001302,2026-08-28,活跃用户,13,1,0.2357
LCS00001303,U0001303,2026-08-28,活跃用户,15,0,0.5251
LCS00001304,U0001304,2026-08-28,沉默用户,14,9,0.3486
LCS00001305,U0001305,2026-08-28,新用户,5,1,0.3081
LCS00001306,U0001306,2026-08-28,流失用户,10,35,0.3812
LCS00001307,U0001307,2026-08-28,沉默用户,9,14,0.5741
LCS00001308,U0001308,2026-08-28,流失用户,1,112,0.3574
LCS00001309,U0001309,2026-08-28,沉默用户,3,11,0.1438
LCS00001310,U0001310,2026-08-28,沉默用户,6,11,0.3337
LCS00001311,U0001311,2026-08-28,沉默用户,5,8,0.4226
LCS00001312,U0001312,2026-08-28,流失用户,2,134,0.4775
LCS00001313,U0001313,2026-08-28,活跃用户,3,0,0.2888
LCS00001314,U0001314,2026-08-28,活跃用户,14,1,0.1499
LCS00001315,U0001315,2026-08-28,流失用户,2,58,0.1915
LCS00001316,U0001316,2026-08-28,活跃用户,14,0,0.2666
LCS00001317,U0001317,2026-08-28,活跃用户,2,1,0.5059
LCS00001318,U0001318,2026-08-28,活跃用户,14,0,0.1665
LCS00001319,U0001319,2026-08-28,流失用户,2,145,0.4683
LCS00001320,U0001320,2026-08-28,沉默用户,2,26,0.2134
LCS00001321,U0001321,2026-08-28,活跃用户,4,6,0.1565
LCS00001322,U0001322,2026-08-28,沉默用户,3,30,0.2298
LCS00001323,U0001323,2026-08-28,沉默用户,2,20,0.2489
LCS00001324,U0001324,2026-08-28,沉默用户,6,10,0.4449
LCS00001325,U0001325,2026-08-28,流失用户,16,34,0.4504
LCS00001326,U0001326,2026-08-28,活跃用户,15,3,0.2421
LCS00001327,U0001327,2026-08-28,活跃用户,7,5,0.2463
LCS00001328,U0001328,2026-08-28,活跃用户,5,4,0.2956
LCS00001329,U0001329,2026-08-28,活跃用户,10,0,0.1313
LCS00001330,U0001330,2026-08-28,活跃用户,4,3,0.2449
LCS00001331,U0001331,2026-08-28,活跃用户,13,6,0.2253
LCS00001332,U0001332,2026-08-28,沉默用户,13,12,0.2409
LCS00001333,U0001333,2026-08-28,沉默用户,5,27,0.4022
LCS00001334,U0001334,2026-08-28,活跃用户,12,7,0.0952
LCS00001335,U0001335,2026-08-28,活跃用户,13,1,0.1352
LCS00001336,U0001336,2026-08-28,活跃用户,14,1,0.4501
LCS00001337,U0001337,2026-08-28,流失用户,3,113,0.05
LCS00001338,U0001338,2026-08-28,活跃用户,8,4,0.3977
LCS00001339,U0001339,2026-08-28,活跃用户,2,5,0.2329
LCS00001340,U0001340,2026-08-28,流失用户,1,119,0.2466
LCS00001341,U0001341,2026-08-28,活跃用户,5,2,0.6241
LCS00001342,U0001342,2026-08-28,活跃用户,9,1,0.1862
LCS00001343,U0001343,2026-08-28,沉默用户,9,14,0.3231
LCS00001344,U0001344,2026-08-28,活跃用户,9,0,0.2921
LCS00001345,U0001345,2026-08-28,流失用户,3,44,0.1172
LCS00001346,U0001346,2026-08-28,流失用户,9,34,0.4217
LCS00001347,U0001347,2026-08-28,活跃用户,4,0,0.3241
LCS00001348,U0001348,2026-08-28,活跃用户,9,4,0.1161
LCS00001349,U0001349,2026-08-28,活跃用户,9,5,0.485
LCS00001350,U0001350,2026-08-28,新用户,3,0,0.3617
LCS00001351,U0001351,2026-08-28,沉默用户,10,16,0.2022
LCS00001352,U0001352,2026-08-28,活跃用户,11,2,0.091
LCS00001353,U0001353,2026-08-28,沉默用户,1,27,0.0686
LCS00001354,U0001354,2026-08-28,流失用户,4,36,0.2996
LCS00001355,U0001355,2026-08-28,活跃用户,4,3,0.3205
LCS00001356,U0001356,2026-08-28,活跃用户,8,4,0.1409
LCS00001357,U0001357,2026-08-28,流失用户,5,69,0.2092
LCS00001358,U0001358,2026-08-28,沉默用户,15,8,0.4244
LCS00001359,U0001359,2026-08-28,活跃用户,7,7,0.4517
LCS00001360,U0001360,2026-08-28,活跃用户,2,6,0.2965
LCS00001361,U0001361,2026-08-28,流失用户,1,51,0.0529
LCS00001362,U0001362,2026-08-28,沉默用户,3,10,0.128
LCS00001363,U0001363,2026-08-28,活跃用户,14,6,0.4079
LCS00001364,U0001364,2026-08-28,活跃用户,11,4,0.3227
LCS00001365,U0001365,2026-08-28,活跃用户,15,2,0.4686
LCS00001366,U0001366,2026-08-28,流失用户,14,40,0.398
LCS00001367,U0001367,2026-08-28,活跃用户,6,2,0.2803
LCS00001368,U0001368,2026-08-28,沉默用户,13,13,0.308
LCS00001369,U0001369,2026-08-28,活跃用户,2,5,0.4335
LCS00001370,U0001370,2026-08-28,沉默用户,12,10,0.0938
LCS00001371,U0001371,2026-08-28,沉默用户,13,10,0.0815
LCS00001372,U0001372,2026-08-28,沉默用户,4,16,0.2835
LCS00001373,U0001373,2026-08-28,活跃用户,5,3,0.4237
LCS00001374,U0001374,2026-08-28,活跃用户,8,0,0.05
LCS00001375,U0001375,2026-08-28,活跃用户,18,1,0.3651
LCS00001376,U0001376,2026-08-28,流失用户,2,48,0.7125
LCS00001377,U0001377,2026-08-28,活跃用户,9,1,0.1904
LCS00001378,U0001378,2026-08-28,沉默用户,3,10,0.2716
LCS00001379,U0001379,2026-08-28,沉默用户,12,22,0.3218
LCS00001380,U0001380,2026-08-28,沉默用户,3,10,0.465
LCS00001381,U0001381,2026-08-28,沉默用户,10,8,0.3629
LCS00001382,U0001382,2026-08-28,沉默用户,11,18,0.3326
LCS00001383,U0001383,2026-08-28,沉默用户,8,13,0.05
LCS00001384,U0001384,2026-08-28,活跃用户,11,5,0.363
LCS00001385,U0001385,2026-08-28,沉默用户,3,19,0.3783
LCS00001386,U0001386,2026-08-28,沉默用户,2,26,0.22
LCS00001387,U0001387,2026-08-28,沉默用户,3,14,0.2044
LCS00001388,U0001388,2026-08-28,沉默用户,15,14,0.2429
LCS00001389,U0001389,2026-08-28,沉默用户,6,25,0.5335
LCS00001390,U0001390,2026-08-28,沉默用户,4,20,0.4764
LCS00001391,U0001391,2026-08-28,活跃用户,7,2,0.3367
LCS00001392,U0001392,2026-08-28,活跃用户,8,0,0.3662
LCS00001393,U0001393,2026-08-28,活跃用户,15,2,0.14
LCS00001394,U0001394,2026-08-28,流失用户,0,39,0.2794
LCS00001395,U0001395,2026-08-28,流失用户,2,37,0.351
LCS00001396,U0001396,2026-08-28,沉默用户,16,8,0.1335
LCS00001397,U0001397,2026-08-28,流失用户,4,161,0.2326
LCS00001398,U0001398,2026-08-28,活跃用户,10,3,0.3128
LCS00001399,U0001399,2026-08-28,活跃用户,9,0,0.2602
LCS00001400,U0001400,2026-08-28,沉默用户,8,22,0.5992
LCS00001401,U0001401,2026-08-28,新用户,6,0,0.1983
LCS00001402,U0001402,2026-08-28,活跃用户,11,2,0.4531
LCS00001403,U0001403,2026-08-28,流失用户,4,131,0.2185
LCS00001404,U0001404,2026-08-28,沉默用户,4,8,0.4134
LCS00001405,U0001405,2026-08-28,活跃用户,11,6,0.227
LCS00001406,U0001406,2026-08-28,流失用户,5,76,0.4864
LCS00001407,U0001407,2026-08-28,流失用户,5,64,0.4778
LCS00001408,U0001408,2026-08-28,活跃用户,16,7,0.4096
LCS00001409,U0001409,2026-08-28,沉默用户,13,12,0.3469
LCS00001410,U0001410,2026-08-28,活跃用户,1,1,0.05
LCS00001411,U0001411,2026-08-28,流失用户,7,51,0.4631
LCS00001412,U0001412,2026-08-28,流失用户,2,35,0.2869
LCS00001413,U0001413,2026-08-28,活跃用户,5,3,0.1956
LCS00001414,U0001414,2026-08-28,活跃用户,11,5,0.372
LCS00001415,U0001415,2026-08-28,沉默用户,4,26,0.2431
LCS00001416,U0001416,2026-08-28,流失用户,4,72,0.2111
LCS00001417,U0001417,2026-08-28,活跃用户,5,4,0.1715
LCS00001418,U0001418,2026-08-28,活跃用户,13,4,0.2377
LCS00001419,U0001419,2026-08-28,流失用户,4,57,0.2717
LCS00001420,U0001420,2026-08-28,活跃用户,10,1,0.091
LCS00001421,U0001421,2026-08-28,活跃用户,16,4,0.3357
LCS00001422,U0001422,2026-08-28,沉默用户,9,20,0.4949
LCS00001423,U0001423,2026-08-28,流失用户,5,36,0.2618
LCS00001424,U0001424,2026-08-28,流失用户,4,124,0.05
LCS00001425,U0001425,2026-08-28,活跃用户,16,6,0.4274
LCS00001426,U0001426,2026-08-28,活跃用户,10,0,0.1694
LCS00001427,U0001427,2026-08-28,活跃用户,10,0,0.3906
LCS00001428,U0001428,2026-08-28,流失用户,2,101,0.2189
LCS00001429,U0001429,2026-08-28,流失用户,1,171,0.05
LCS00001430,U0001430,2026-08-28,活跃用户,2,5,0.05
LCS00001431,U0001431,2026-08-28,活跃用户,8,0,0.1831
LCS00001432,U0001432,2026-08-28,沉默用户,7,25,0.4317
LCS00001433,U0001433,2026-08-28,流失用户,2,146,0.2089
LCS00001434,U0001434,2026-08-28,活跃用户,14,0,0.0547
LCS00001435,U0001435,2026-08-28,沉默用户,3,8,0.05
LCS00001436,U0001436,2026-08-28,活跃用户,4,4,0.1614
LCS00001437,U0001437,2026-08-28,流失用户,3,38,0.4504
LCS00001438,U0001438,2026-08-28,流失用户,3,106,0.2845
LCS00001439,U0001439,2026-08-28,流失用户,0,35,0.05
LCS00001440,U0001440,2026-08-28,沉默用户,13,10,0.4
LCS00001441,U0001441,2026-08-28,活跃用户,13,5,0.2601
LCS00001442,U0001442,2026-08-28,活跃用户,3,1,0.3903
LCS00001443,U0001443,2026-08-28,活跃用户,11,3,0.5824
LCS00001444,U0001444,2026-08-28,流失用户,3,116,0.1497
LCS00001445,U0001445,2026-08-28,活跃用户,14,4,0.1869
LCS00001446,U0001446,2026-08-28,活跃用户,8,7,0.3581
LCS00001447,U0001447,2026-08-28,流失用户,12,56,0.5246
LCS00001448,U0001448,2026-08-28,沉默用户,13,14,0.2927
LCS00001449,U0001449,2026-08-28,活跃用户,5,4,0.2556
LCS00001450,U0001450,2026-08-28,沉默用户,3,8,0.2456
LCS00001451,U0001451,2026-08-28,活跃用户,11,6,0.2645
LCS00001452,U0001452,2026-08-28,沉默用户,10,14,0.1662
LCS00001453,U0001453,2026-08-28,流失用户,5,76,0.3305
LCS00001454,U0001454,2026-08-28,流失用户,10,50,0.1298
LCS00001455,U0001455,2026-08-28,活跃用户,8,5,0.1584
LCS00001456,U0001456,2026-08-28,流失用户,2,56,0.4464
LCS00001457,U0001457,2026-08-28,沉默用户,7,11,0.3343
LCS00001458,U0001458,2026-08-28,沉默用户,13,9,0.3491
LCS00001459,U0001459,2026-08-28,流失用户,7,36,0.3156
LCS00001460,U0001460,2026-08-28,流失用户,1,48,0.0839
LCS00001461,U0001461,2026-08-28,流失用户,2,102,0.2491
LCS00001462,U0001462,2026-08-28,活跃用户,6,3,0.4127
LCS00001463,U0001463,2026-08-28,活跃用户,9,0,0.4212
LCS00001464,U0001464,2026-08-28,活跃用户,12,1,0.053
LCS00001465,U0001465,2026-08-28,沉默用户,8,8,0.4613
LCS00001466,U0001466,2026-08-28,活跃用户,12,1,0.2783
LCS00001467,U0001467,2026-08-28,流失用户,2,36,0.1262
LCS00001468,U0001468,2026-08-28,活跃用户,6,0,0.5894
LCS00001469,U0001469,2026-08-28,流失用户,10,57,0.5292
LCS00001470,U0001470,2026-08-28,活跃用户,11,2,0.5433
LCS00001471,U0001471,2026-08-28,流失用户,3,38,0.4715
LCS00001472,U0001472,2026-08-28,沉默用户,10,13,0.4343
LCS00001473,U0001473,2026-08-28,沉默用户,8,11,0.3817
LCS00001474,U0001474,2026-08-28,活跃用户,11,7,0.2309
LCS00001475,U0001475,2026-08-28,沉默用户,11,15,0.6376
LCS00001476,U0001476,2026-08-28,沉默用户,13,8,0.3188
LCS00001477,U0001477,2026-08-28,流失用户,5,52,0.4663
LCS00001478,U0001478,2026-08-28,活跃用户,10,1,0.4561
LCS00001479,U0001479,2026-08-28,活跃用户,4,4,0.1402
LCS00001480,U0001480,2026-08-28,沉默用户,13,20,0.2318
LCS00001481,U0001481,2026-08-28,新用户,2,1,0.3459
LCS00001482,U0001482,2026-08-28,沉默用户,2,12,0.506
LCS00001483,U0001483,2026-08-28,流失用户,1,120,0.05
LCS00001484,U0001484,2026-08-28,流失用户,2,120,0.251
LCS00001485,U0001485,2026-08-28,沉默用户,6,16,0.3303
LCS00001486,U0001486,2026-08-28,活跃用户,8,0,0.2419
LCS00001487,U0001487,2026-08-28,沉默用户,2,26,0.2518
LCS00001488,U0001488,2026-08-28,流失用户,11,33,0.4302
LCS00001489,U0001489,2026-08-28,流失用户,3,154,0.2413
LCS00001490,U0001490,2026-08-28,流失用户,5,34,0.2364
LCS00001491,U0001491,2026-08-28,流失用户,0,83,0.05
LCS00001492,U0001492,2026-08-28,活跃用户,8,1,0.3964
LCS00001493,U0001493,2026-08-28,沉默用户,3,25,0.3266
LCS00001494,U0001494,2026-08-28,流失用户,0,99,0.1133
LCS00001495,U0001495,2026-08-28,流失用户,2,109,0.2446
LCS00001496,U0001496,2026-08-28,沉默用户,8,8,0.452
LCS00001497,U0001497,2026-08-28,流失用户,2,92,0.2644
LCS00001498,U0001498,2026-08-28,活跃用户,7,0,0.255
LCS00001499,U0001499,2026-08-28,活跃用户,12,5,0.4688
LCS00001500,U0001500,2026-08-28,流失用户,8,34,0.4242
LCS00001501,U0001501,2026-08-28,流失用户,3,66,0.3172
LCS00001502,U0001502,2026-08-28,流失用户,4,41,0.2476
LCS00001503,U0001503,2026-08-28,活跃用户,7,1,0.2622
LCS00001504,U0001504,2026-08-28,活跃用户,4,4,0.1537
LCS00001505,U0001505,2026-08-28,活跃用户,8,0,0.3347
LCS00001506,U0001506,2026-08-28,活跃用户,5,1,0.3353
LCS00001507,U0001507,2026-08-28,沉默用户,3,25,0.2942
LCS00001508,U0001508,2026-08-28,流失用户,0,83,0.2862
LCS00001509,U0001509,2026-08-28,流失用户,2,37,0.1848
LCS00001510,U0001510,2026-08-28,流失用户,4,152,0.4673
LCS00001511,U0001511,2026-08-28,活跃用户,11,0,0.0869
LCS00001512,U0001512,2026-08-28,流失用户,3,31,0.0871
LCS00001513,U0001513,2026-08-28,活跃用户,15,2,0.4448
LCS00001514,U0001514,2026-08-28,流失用户,7,31,0.545
LCS00001515,U0001515,2026-08-28,沉默用户,4,28,0.3195
LCS00001516,U0001516,2026-08-28,流失用户,6,45,0.4603
LCS00001517,U0001517,2026-08-28,流失用户,3,35,0.1937
LCS00001518,U0001518,2026-08-28,流失用户,1,180,0.3193
LCS00001519,U0001519,2026-08-28,沉默用户,14,12,0.4433
LCS00001520,U0001520,2026-08-28,流失用户,1,42,0.1792
LCS00001521,U0001521,2026-08-28,活跃用户,12,3,0.3141
LCS00001522,U0001522,2026-08-28,沉默用户,6,9,0.1944
LCS00001523,U0001523,2026-08-28,流失用户,5,50,0.05
LCS00001524,U0001524,2026-08-28,沉默用户,1,29,0.2818
LCS00001525,U0001525,2026-08-28,流失用户,1,131,0.4249
LCS00001526,U0001526,2026-08-28,活跃用户,18,1,0.4403
LCS00001527,U0001527,2026-08-28,流失用户,2,56,0.2968
LCS00001528,U0001528,2026-08-28,活跃用户,4,0,0.05
LCS00001529,U0001529,2026-08-28,活跃用户,6,3,0.4525
LCS00001530,U0001530,2026-08-28,沉默用户,11,9,0.1812
LCS00001531,U0001531,2026-08-28,活跃用户,5,6,0.1601
LCS00001532,U0001532,2026-08-28,沉默用户,4,26,0.6326
LCS00001533,U0001533,2026-08-28,活跃用户,3,7,0.448
LCS00001534,U0001534,2026-08-28,流失用户,2,66,0.3981
LCS00001535,U0001535,2026-08-28,沉默用户,8,9,0.2528
LCS00001536,U0001536,2026-08-28,活跃用户,5,2,0.2821
LCS00001537,U0001537,2026-08-28,沉默用户,1,28,0.205
LCS00001538,U0001538,2026-08-28,流失用户,7,38,0.2907
LCS00001539,U0001539,2026-08-28,沉默用户,4,13,0.1829
LCS00001540,U0001540,2026-08-28,流失用户,4,40,0.2859
LCS00001541,U0001541,2026-08-28,沉默用户,14,27,0.5511
LCS00001542,U0001542,2026-08-28,活跃用户,12,1,0.5928
LCS00001543,U0001543,2026-08-28,活跃用户,16,5,0.481
LCS00001544,U0001544,2026-08-28,沉默用户,17,10,0.4563
LCS00001545,U0001545,2026-08-28,活跃用户,3,0,0.1641
LCS00001546,U0001546,2026-08-28,流失用户,7,31,0.0588
LCS00001547,U0001547,2026-08-28,活跃用户,6,1,0.4763
LCS00001548,U0001548,2026-08-28,活跃用户,15,1,0.6548
LCS00001549,U0001549,2026-08-28,流失用户,3,104,0.647
LCS00001550,U0001550,2026-08-28,活跃用户,3,1,0.1837
LCS00001551,U0001551,2026-08-28,流失用户,0,141,0.05
LCS00001552,U0001552,2026-08-28,沉默用户,1,11,0.4158
LCS00001553,U0001553,2026-08-28,沉默用户,7,26,0.3075
LCS00001554,U0001554,2026-08-28,沉默用户,13,8,0.3046
LCS00001555,U0001555,2026-08-28,活跃用户,7,2,0.2789
LCS00001556,U0001556,2026-08-28,流失用户,1,85,0.1282
LCS00001557,U0001557,2026-08-28,沉默用户,2,24,0.1825
LCS00001558,U0001558,2026-08-28,沉默用户,13,13,0.4224
LCS00001559,U0001559,2026-08-28,流失用户,3,90,0.4195
LCS00001560,U0001560,2026-08-28,活跃用户,3,6,0.1653
LCS00001561,U0001561,2026-08-28,流失用户,6,74,0.4072
LCS00001562,U0001562,2026-08-28,活跃用户,9,1,0.0615
LCS00001563,U0001563,2026-08-28,活跃用户,12,2,0.303
LCS00001564,U0001564,2026-08-28,沉默用户,2,20,0.2547
LCS00001565,U0001565,2026-08-28,活跃用户,10,4,0.0762
LCS00001566,U0001566,2026-08-28,活跃用户,6,4,0.2141
LCS00001567,U0001567,2026-08-28,活跃用户,16,3,0.4676
LCS00001568,U0001568,2026-08-28,活跃用户,16,2,0.5346
LCS00001569,U0001569,2026-08-28,流失用户,5,45,0.367
LCS00001570,U0001570,2026-08-28,沉默用户,1,15,0.4537
LCS00001571,U0001571,2026-08-28,流失用户,4,39,0.3862
LCS00001572,U0001572,2026-08-28,活跃用户,5,2,0.67
LCS00001573,U0001573,2026-08-28,流失用户,0,47,0.3226
LCS00001574,U0001574,2026-08-28,活跃用户,14,1,0.604
LCS00001575,U0001575,2026-08-28,活跃用户,4,5,0.2553
LCS00001576,U0001576,2026-08-28,活跃用户,9,2,0.2776
LCS00001577,U0001577,2026-08-28,沉默用户,15,8,0.4342
LCS00001578,U0001578,2026-08-28,沉默用户,5,21,0.2829
LCS00001579,U0001579,2026-08-28,沉默用户,8,10,0.3173
LCS00001580,U0001580,2026-08-28,沉默用户,4,20,0.3987
LCS00001581,U0001581,2026-08-28,流失用户,3,83,0.2117
LCS00001582,U0001582,2026-08-28,沉默用户,11,9,0.1366
LCS00001583,U0001583,2026-08-28,活跃用户,13,0,0.2564
LCS00001584,U0001584,2026-08-28,活跃用户,7,0,0.2427
LCS00001585,U0001585,2026-08-28,活跃用户,10,7,0.6468
LCS00001586,U0001586,2026-08-28,沉默用户,2,22,0.2426
LCS00001587,U0001587,2026-08-28,沉默用户,14,9,0.4135
LCS00001588,U0001588,2026-08-28,沉默用户,13,8,0.4093
LCS00001589,U0001589,2026-08-28,活跃用户,14,6,0.2411
LCS00001590,U0001590,2026-08-28,活跃用户,8,0,0.3214
LCS00001591,U0001591,2026-08-28,活跃用户,15,3,0.2658
LCS00001592,U0001592,2026-08-28,活跃用户,8,0,0.3225
LCS00001593,U0001593,2026-08-28,流失用户,4,55,0.3937
LCS00001594,U0001594,2026-08-28,流失用户,5,32,0.5696
LCS00001595,U0001595,2026-08-28,流失用户,3,137,0.5462
LCS00001596,U0001596,2026-08-28,沉默用户,8,11,0.445
LCS00001597,U0001597,2026-08-28,沉默用户,15,25,0.395
LCS00001598,U0001598,2026-08-28,活跃用户,2,4,0.2786
LCS00001599,U0001599,2026-08-28,活跃用户,12,1,0.2561
LCS00001600,U0001600,2026-08-28,流失用户,2,92,0.1001
LCS00001601,U0001601,2026-08-28,沉默用户,6,9,0.6833
LCS00001602,U0001602,2026-08-28,活跃用户,5,0,0.1533
LCS00001603,U0001603,2026-08-28,活跃用户,5,0,0.2037
LCS00001604,U0001604,2026-08-28,沉默用户,2,12,0.3225
LCS00001605,U0001605,2026-08-28,沉默用户,5,19,0.4879
LCS00001606,U0001606,2026-08-28,沉默用户,5,8,0.4102
LCS00001607,U0001607,2026-08-28,新用户,4,0,0.3657
LCS00001608,U0001608,2026-08-28,沉默用户,3,8,0.6308
LCS00001609,U0001609,2026-08-28,流失用户,3,192,0.6129
LCS00001610,U0001610,2026-08-28,沉默用户,5,30,0.3245
LCS00001611,U0001611,2026-08-28,沉默用户,3,14,0.3012
LCS00001612,U0001612,2026-08-28,沉默用户,6,27,0.2299
LCS00001613,U0001613,2026-08-28,沉默用户,10,8,0.05
LCS00001614,U0001614,2026-08-28,沉默用户,2,19,0.36
LCS00001615,U0001615,2026-08-28,沉默用户,14,10,0.2695
LCS00001616,U0001616,2026-08-28,沉默用户,12,10,0.3481
LCS00001617,U0001617,2026-08-28,活跃用户,7,7,0.4321
LCS00001618,U0001618,2026-08-28,活跃用户,14,2,0.4317
LCS00001619,U0001619,2026-08-28,活跃用户,2,0,0.25
LCS00001620,U0001620,2026-08-28,活跃用户,3,5,0.2487
LCS00001621,U0001621,2026-08-28,沉默用户,14,16,0.3533
LCS00001622,U0001622,2026-08-28,沉默用户,6,10,0.5698
LCS00001623,U0001623,2026-08-28,活跃用户,7,5,0.3528
LCS00001624,U0001624,2026-08-28,沉默用户,5,8,0.3806
LCS00001625,U0001625,2026-08-28,活跃用户,15,0,0.4387
LCS00001626,U0001626,2026-08-28,活跃用户,9,1,0.2972
LCS00001627,U0001627,2026-08-28,沉默用户,15,9,0.3919
LCS00001628,U0001628,2026-08-28,流失用户,1,47,0.2936
LCS00001629,U0001629,2026-08-28,活跃用户,9,3,0.5717
LCS00001630,U0001630,2026-08-28,沉默用户,1,12,0.3748
LCS00001631,U0001631,2026-08-28,流失用户,4,31,0.3701
LCS00001632,U0001632,2026-08-28,活跃用户,10,3,0.3349
LCS00001633,U0001633,2026-08-28,沉默用户,12,8,0.4311
LCS00001634,U0001634,2026-08-28,沉默用户,11,25,0.4476
LCS00001635,U0001635,2026-08-28,活跃用户,5,1,0.4351
LCS00001636,U0001636,2026-08-28,流失用户,5,122,0.357
LCS00001637,U0001637,2026-08-28,沉默用户,12,23,0.1504
LCS00001638,U0001638,2026-08-28,沉默用户,11,8,0.1203
LCS00001639,U0001639,2026-08-28,活跃用户,4,1,0.3849
LCS00001640,U0001640,2026-08-28,活跃用户,5,2,0.3592
LCS00001641,U0001641,2026-08-28,活跃用户,10,4,0.2358
LCS00001642,U0001642,2026-08-28,活跃用户,4,0,0.1637
LCS00001643,U0001643,2026-08-28,活跃用户,14,0,0.3218
LCS00001644,U0001644,2026-08-28,活跃用户,3,4,0.2175
LCS00001645,U0001645,2026-08-28,沉默用户,9,29,0.3911
LCS00001646,U0001646,2026-08-28,活跃用户,9,2,0.5849
LCS00001647,U0001647,2026-08-28,流失用户,4,33,0.5205
LCS00001648,U0001648,2026-08-28,沉默用户,4,18,0.4024
LCS00001649,U0001649,2026-08-28,沉默用户,4,26,0.4114
LCS00001650,U0001650,2026-08-28,流失用户,8,32,0.3157
LCS00001651,U0001651,2026-08-28,活跃用户,14,7,0.2598
LCS00001652,U0001652,2026-08-28,沉默用户,9,10,0.3674
LCS00001653,U0001653,2026-08-28,沉默用户,6,17,0.3405
LCS00001654,U0001654,2026-08-28,活跃用户,9,2,0.5159
LCS00001655,U0001655,2026-08-28,沉默用户,4,8,0.4742
LCS00001656,U0001656,2026-08-28,流失用户,1,70,0.2952
LCS00001657,U0001657,2026-08-28,沉默用户,4,9,0.5151
LCS00001658,U0001658,2026-08-28,活跃用户,13,3,0.3507
LCS00001659,U0001659,2026-08-28,活跃用户,17,3,0.3793
LCS00001660,U0001660,2026-08-28,流失用户,5,38,0.49
LCS00001661,U0001661,2026-08-28,沉默用户,1,18,0.2519
LCS00001662,U0001662,2026-08-28,活跃用户,6,0,0.2756
LCS00001663,U0001663,2026-08-28,流失用户,5,70,0.2683
LCS00001664,U0001664,2026-08-28,活跃用户,11,5,0.05
LCS00001665,U0001665,2026-08-28,新用户,0,0,0.3693
LCS00001666,U0001666,2026-08-28,沉默用户,10,9,0.0836
LCS00001667,U0001667,2026-08-28,沉默用户,14,22,0.1117
LCS00001668,U0001668,2026-08-28,活跃用户,9,5,0.3773
LCS00001669,U0001669,2026-08-28,沉默用户,6,13,0.2801
LCS00001670,U0001670,2026-08-28,沉默用户,6,23,0.3368
LCS00001671,U0001671,2026-08-28,流失用户,2,83,0.1135
LCS00001672,U0001672,2026-08-28,沉默用户,11,27,0.3201
LCS00001673,U0001673,2026-08-28,流失用户,4,83,0.3918
LCS00001674,U0001674,2026-08-28,流失用户,4,92,0.2365
LCS00001675,U0001675,2026-08-28,沉默用户,2,9,0.3311
LCS00001676,U0001676,2026-08-28,流失用户,3,64,0.05
LCS00001677,U0001677,2026-08-28,流失用户,4,34,0.05
LCS00001678,U0001678,2026-08-28,沉默用户,7,12,0.4307
LCS00001679,U0001679,2026-08-28,沉默用户,3,8,0.2251
LCS00001680,U0001680,2026-08-28,沉默用户,9,8,0.2073
LCS00001681,U0001681,2026-08-28,流失用户,7,73,0.3417
LCS00001682,U0001682,2026-08-28,沉默用户,5,24,0.4351
LCS00001683,U0001683,2026-08-28,活跃用户,7,1,0.4079
LCS00001684,U0001684,2026-08-28,沉默用户,13,16,0.3883
LCS00001685,U0001685,2026-08-28,新用户,0,0,0.3913
LCS00001686,U0001686,2026-08-28,活跃用户,13,4,0.399
LCS00001687,U0001687,2026-08-28,流失用户,1,111,0.2541
LCS00001688,U0001688,2026-08-28,活跃用户,10,0,0.2324
LCS00001689,U0001689,2026-08-28,沉默用户,9,9,0.2939
LCS00001690,U0001690,2026-08-28,沉默用户,4,20,0.193
LCS00001691,U0001691,2026-08-28,活跃用户,13,0,0.1878
LCS00001692,U0001692,2026-08-28,活跃用户,8,3,0.1261
LCS00001693,U0001693,2026-08-28,活跃用户,6,0,0.3227
LCS00001694,U0001694,2026-08-28,活跃用户,15,1,0.3811
LCS00001695,U0001695,2026-08-28,活跃用户,7,2,0.2261
LCS00001696,U0001696,2026-08-28,活跃用户,12,4,0.1254
LCS00001697,U0001697,2026-08-28,沉默用户,4,8,0.2441
LCS00001698,U0001698,2026-08-28,沉默用户,6,17,0.2523
LCS00001699,U0001699,2026-08-28,流失用户,2,46,0.1109
LCS00001700,U0001700,2026-08-28,流失用户,10,51,0.1225
LCS00001701,U0001701,2026-08-28,新用户,3,1,0.2337
LCS00001702,U0001702,2026-08-28,流失用户,5,49,0.4484
LCS00001703,U0001703,2026-08-28,流失用户,1,105,0.4731
LCS00001704,U0001704,2026-08-28,活跃用户,3,4,0.1705
LCS00001705,U0001705,2026-08-28,流失用户,9,39,0.1961
LCS00001706,U0001706,2026-08-28,流失用户,5,33,0.5271
LCS00001707,U0001707,2026-08-28,流失用户,3,89,0.05
LCS00001708,U0001708,2026-08-28,沉默用户,12,17,0.3608
LCS00001709,U0001709,2026-08-28,活跃用户,8,1,0.4904
LCS00001710,U0001710,2026-08-28,流失用户,2,49,0.2441
LCS00001711,U0001711,2026-08-28,活跃用户,9,6,0.3212
LCS00001712,U0001712,2026-08-28,流失用户,3,72,0.3428
LCS00001713,U0001713,2026-08-28,沉默用户,14,9,0.3136
LCS00001714,U0001714,2026-08-28,沉默用户,12,11,0.2877
LCS00001715,U0001715,2026-08-28,沉默用户,6,10,0.0761
LCS00001716,U0001716,2026-08-28,流失用户,3,31,0.0988
LCS00001717,U0001717,2026-08-28,新用户,2,0,0.1094
LCS00001718,U0001718,2026-08-28,流失用户,5,76,0.1983
LCS00001719,U0001719,2026-08-28,沉默用户,2,16,0.3691
LCS00001720,U0001720,2026-08-28,沉默用户,13,25,0.4998
LCS00001721,U0001721,2026-08-28,流失用户,2,38,0.1806
LCS00001722,U0001722,2026-08-28,流失用户,5,46,0.3929
LCS00001723,U0001723,2026-08-28,沉默用户,3,13,0.2163
LCS00001724,U0001724,2026-08-28,流失用户,2,31,0.3609
LCS00001725,U0001725,2026-08-28,流失用户,3,59,0.2884
LCS00001726,U0001726,2026-08-28,沉默用户,2,30,0.2931
LCS00001727,U0001727,2026-08-28,活跃用户,15,3,0.1936
LCS00001728,U0001728,2026-08-28,沉默用户,10,8,0.3597
LCS00001729,U0001729,2026-08-28,活跃用户,8,2,0.1754
LCS00001730,U0001730,2026-08-28,流失用户,2,50,0.1956
LCS00001731,U0001731,2026-08-28,流失用户,7,37,0.1967
LCS00001732,U0001732,2026-08-28,沉默用户,2,8,0.2775
LCS00001733,U0001733,2026-08-28,活跃用户,6,2,0.0975
LCS00001734,U0001734,2026-08-28,活跃用户,4,6,0.376
LCS00001735,U0001735,2026-08-28,新用户,3,1,0.414
LCS00001736,U0001736,2026-08-28,活跃用户,17,6,0.6504
LCS00001737,U0001737,2026-08-28,沉默用户,2,8,0.1288
LCS00001738,U0001738,2026-08-28,流失用户,3,120,0.3637
LCS00001739,U0001739,2026-08-28,活跃用户,2,5,0.48
LCS00001740,U0001740,2026-08-28,流失用户,2,80,0.3527
LCS00001741,U0001741,2026-08-28,流失用户,3,32,0.3005
LCS00001742,U0001742,2026-08-28,流失用户,5,61,0.2584
LCS00001743,U0001743,2026-08-28,活跃用户,15,2,0.2469
LCS00001744,U0001744,2026-08-28,流失用户,3,76,0.3933
LCS00001745,U0001745,2026-08-28,沉默用户,6,23,0.402
LCS00001746,U0001746,2026-08-28,流失用户,3,81,0.278
LCS00001747,U0001747,2026-08-28,活跃用户,5,1,0.21
LCS00001748,U0001748,2026-08-28,沉默用户,9,10,0.4273
LCS00001749,U0001749,2026-08-28,活跃用户,14,4,0.4013
LCS00001750,U0001750,2026-08-28,活跃用户,14,4,0.0778
LCS00001751,U0001751,2026-08-28,流失用户,3,207,0.6023
LCS00001752,U0001752,2026-08-28,活跃用户,8,0,0.1534
LCS00001753,U0001753,2026-08-28,活跃用户,10,6,0.05
LCS00001754,U0001754,2026-08-28,流失用户,4,110,0.3567
LCS00001755,U0001755,2026-08-28,沉默用户,10,21,0.1956
LCS00001756,U0001756,2026-08-28,流失用户,8,39,0.4859
LCS00001757,U0001757,2026-08-28,沉默用户,14,27,0.2678
LCS00001758,U0001758,2026-08-28,沉默用户,13,19,0.2301
LCS00001759,U0001759,2026-08-28,活跃用户,11,2,0.1402
LCS00001760,U0001760,2026-08-28,沉默用户,7,20,0.2446
LCS00001761,U0001761,2026-08-28,沉默用户,3,17,0.1769
LCS00001762,U0001762,2026-08-28,活跃用户,13,1,0.3545
LCS00001763,U0001763,2026-08-28,流失用户,2,100,0.2738
LCS00001764,U0001764,2026-08-28,沉默用户,2,26,0.1367
LCS00001765,U0001765,2026-08-28,沉默用户,13,8,0.361
LCS00001766,U0001766,2026-08-28,沉默用户,10,12,0.2374
LCS00001767,U0001767,2026-08-28,沉默用户,5,22,0.5925
LCS00001768,U0001768,2026-08-28,沉默用户,10,19,0.3636
LCS00001769,U0001769,2026-08-28,流失用户,5,77,0.2675
LCS00001770,U0001770,2026-08-28,活跃用户,6,0,0.3169
LCS00001771,U0001771,2026-08-28,流失用户,5,34,0.1868
LCS00001772,U0001772,2026-08-28,沉默用户,14,15,0.4246
LCS00001773,U0001773,2026-08-28,流失用户,2,144,0.4855
LCS00001774,U0001774,2026-08-28,流失用户,3,91,0.1679
LCS00001775,U0001775,2026-08-28,沉默用户,7,8,0.5855
LCS00001776,U0001776,2026-08-28,活跃用户,4,7,0.227
LCS00001777,U0001777,2026-08-28,沉默用户,12,10,0.3201
LCS00001778,U0001778,2026-08-28,流失用户,13,46,0.5359
LCS00001779,U0001779,2026-08-28,沉默用户,13,13,0.4474
LCS00001780,U0001780,2026-08-28,流失用户,4,39,0.3926
LCS00001781,U0001781,2026-08-28,沉默用户,4,20,0.4351
LCS00001782,U0001782,2026-08-28,流失用户,1,38,0.0895
LCS00001783,U0001783,2026-08-28,流失用户,3,47,0.2065
LCS00001784,U0001784,2026-08-28,活跃用户,11,4,0.3166
LCS00001785,U0001785,2026-08-28,沉默用户,4,29,0.4685
LCS00001786,U0001786,2026-08-28,活跃用户,7,2,0.2822
LCS00001787,U0001787,2026-08-28,沉默用户,11,21,0.3295
LCS00001788,U0001788,2026-08-28,沉默用户,8,14,0.4698
LCS00001789,U0001789,2026-08-28,流失用户,4,67,0.0534
LCS00001790,U0001790,2026-08-28,流失用户,1,112,0.1186
LCS00001791,U0001791,2026-08-28,沉默用户,6,28,0.3054
LCS00001792,U0001792,2026-08-28,活跃用户,8,0,0.2579
LCS00001793,U0001793,2026-08-28,沉默用户,13,8,0.0596
LCS00001794,U0001794,2026-08-28,活跃用户,3,5,0.4159
LCS00001795,U0001795,2026-08-28,流失用户,11,38,0.4553
LCS00001796,U0001796,2026-08-28,沉默用户,10,9,0.0565
LCS00001797,U0001797,2026-08-28,新用户,2,0,0.3712
LCS00001798,U0001798,2026-08-28,流失用户,3,161,0.3675
LCS00001799,U0001799,2026-08-28,活跃用户,7,0,0.3688
LCS00001800,U0001800,2026-08-28,沉默用户,3,9,0.3648
LCS00001801,U0001801,2026-08-28,活跃用户,5,2,0.4562
LCS00001802,U0001802,2026-08-28,流失用户,2,119,0.2778
LCS00001803,U0001803,2026-08-28,活跃用户,8,6,0.2132
LCS00001804,U0001804,2026-08-28,沉默用户,12,19,0.1426
LCS00001805,U0001805,2026-08-28,流失用户,3,55,0.5083
LCS00001806,U0001806,2026-08-28,活跃用户,5,2,0.2623
LCS00001807,U0001807,2026-08-28,活跃用户,6,2,0.2885
LCS00001808,U0001808,2026-08-28,活跃用户,12,6,0.4422
LCS00001809,U0001809,2026-08-28,活跃用户,18,6,0.5192
LCS00001810,U0001810,2026-08-28,沉默用户,12,14,0.3271
LCS00001811,U0001811,2026-08-28,新用户,5,0,0.2185
LCS00001812,U0001812,2026-08-28,沉默用户,4,15,0.3861
LCS00001813,U0001813,2026-08-28,流失用户,2,101,0.2778
LCS00001814,U0001814,2026-08-28,活跃用户,9,4,0.2757
LCS00001815,U0001815,2026-08-28,活跃用户,11,0,0.1766
LCS00001816,U0001816,2026-08-28,流失用户,6,37,0.2064
LCS00001817,U0001817,2026-08-28,活跃用户,8,3,0.4439
LCS00001818,U0001818,2026-08-28,活跃用户,16,1,0.3994
LCS00001819,U0001819,2026-08-28,沉默用户,5,12,0.2396
LCS00001820,U0001820,2026-08-28,沉默用户,10,19,0.1044
LCS00001821,U0001821,2026-08-28,沉默用户,10,11,0.1009
LCS00001822,U0001822,2026-08-28,活跃用户,5,6,0.2044
LCS00001823,U0001823,2026-08-28,活跃用户,16,1,0.4031
LCS00001824,U0001824,2026-08-28,活跃用户,7,0,0.2827
LCS00001825,U0001825,2026-08-28,活跃用户,10,5,0.421
LCS00001826,U0001826,2026-08-28,活跃用户,3,6,0.201
LCS00001827,U0001827,2026-08-28,沉默用户,13,10,0.2557
LCS00001828,U0001828,2026-08-28,沉默用户,11,21,0.322
LCS00001829,U0001829,2026-08-28,活跃用户,10,7,0.3533
LCS00001830,U0001830,2026-08-28,沉默用户,2,11,0.4336
LCS00001831,U0001831,2026-08-28,沉默用户,6,18,0.4274
LCS00001832,U0001832,2026-08-28,流失用户,4,57,0.4253
LCS00001833,U0001833,2026-08-28,沉默用户,11,24,0.1742
LCS00001834,U0001834,2026-08-28,活跃用户,11,0,0.2236
LCS00001835,U0001835,2026-08-28,活跃用户,2,3,0.2658
LCS00001836,U0001836,2026-08-28,流失用户,5,92,0.4943
LCS00001837,U0001837,2026-08-28,活跃用户,15,0,0.3498
LCS00001838,U0001838,2026-08-28,沉默用户,11,8,0.5966
LCS00001839,U0001839,2026-08-28,流失用户,3,45,0.2164
LCS00001840,U0001840,2026-08-28,流失用户,11,38,0.3664
LCS00001841,U0001841,2026-08-28,沉默用户,2,16,0.1817
LCS00001842,U0001842,2026-08-28,沉默用户,3,19,0.3087
LCS00001843,U0001843,2026-08-28,活跃用户,9,1,0.2969
LCS00001844,U0001844,2026-08-28,活跃用户,8,5,0.05
LCS00001845,U0001845,2026-08-28,流失用户,9,34,0.2678
LCS00001846,U0001846,2026-08-28,流失用户,2,56,0.2122
LCS00001847,U0001847,2026-08-28,新用户,2,0,0.0947
LCS00001848,U0001848,2026-08-28,活跃用户,13,3,0.3043
LCS00001849,U0001849,2026-08-28,活跃用户,9,7,0.4675
LCS00001850,U0001850,2026-08-28,沉默用户,5,10,0.2506
LCS00001851,U0001851,2026-08-28,活跃用户,1,2,0.2552
LCS00001852,U0001852,2026-08-28,沉默用户,7,23,0.1868
LCS00001853,U0001853,2026-08-28,沉默用户,5,24,0.4721
LCS00001854,U0001854,2026-08-28,流失用户,2,72,0.05
LCS00001855,U0001855,2026-08-28,活跃用户,12,4,0.2825
LCS00001856,U0001856,2026-08-28,沉默用户,3,23,0.3793
LCS00001857,U0001857,2026-08-28,沉默用户,9,15,0.3359
LCS00001858,U0001858,2026-08-28,活跃用户,10,3,0.1333
LCS00001859,U0001859,2026-08-28,流失用户,7,42,0.4568
LCS00001860,U0001860,2026-08-28,沉默用户,2,28,0.0634
LCS00001861,U0001861,2026-08-28,沉默用户,17,21,0.4576
LCS00001862,U0001862,2026-08-28,沉默用户,6,10,0.306
LCS00001863,U0001863,2026-08-28,活跃用户,16,5,0.2903
LCS00001864,U0001864,2026-08-28,沉默用户,15,16,0.3298
LCS00001865,U0001865,2026-08-28,沉默用户,13,14,0.3516
LCS00001866,U0001866,2026-08-28,沉默用户,2,12,0.2873
LCS00001867,U0001867,2026-08-28,沉默用户,9,8,0.7513
LCS00001868,U0001868,2026-08-28,沉默用户,10,9,0.05
LCS00001869,U0001869,2026-08-28,流失用户,5,56,0.2404
LCS00001870,U0001870,2026-08-28,流失用户,1,43,0.1925
LCS00001871,U0001871,2026-08-28,新用户,2,0,0.4205
LCS00001872,U0001872,2026-08-28,流失用户,3,162,0.4527
LCS00001873,U0001873,2026-08-28,流失用户,2,63,0.2415
LCS00001874,U0001874,2026-08-28,流失用户,2,38,0.2957
LCS00001875,U0001875,2026-08-28,新用户,1,2,0.6435
LCS00001876,U0001876,2026-08-28,活跃用户,7,7,0.3282
LCS00001877,U0001877,2026-08-28,活跃用户,13,3,0.4567
LCS00001878,U0001878,2026-08-28,活跃用户,10,0,0.2831
LCS00001879,U0001879,2026-08-28,沉默用户,2,10,0.3697
LCS00001880,U0001880,2026-08-28,活跃用户,10,1,0.3372
LCS00001881,U0001881,2026-08-28,沉默用户,16,14,0.3214
LCS00001882,U0001882,2026-08-28,流失用户,3,81,0.344
LCS00001883,U0001883,2026-08-28,沉默用户,13,19,0.5433
LCS00001884,U0001884,2026-08-28,流失用户,7,48,0.1867
LCS00001885,U0001885,2026-08-28,沉默用户,6,24,0.4775
LCS00001886,U0001886,2026-08-28,沉默用户,4,19,0.2322
LCS00001887,U0001887,2026-08-28,活跃用户,13,0,0.413
LCS00001888,U0001888,2026-08-28,沉默用户,5,17,0.2617
LCS00001889,U0001889,2026-08-28,活跃用户,12,2,0.3743
LCS00001890,U0001890,2026-08-28,活跃用户,3,7,0.1885
LCS00001891,U0001891,2026-08-28,活跃用户,12,0,0.2647
LCS00001892,U0001892,2026-08-28,流失用户,4,55,0.4521
LCS00001893,U0001893,2026-08-28,活跃用户,9,0,0.207
LCS00001894,U0001894,2026-08-28,沉默用户,5,12,0.1458
LCS00001895,U0001895,2026-08-28,流失用户,2,51,0.3542
LCS00001896,U0001896,2026-08-28,活跃用户,3,0,0.3335
LCS00001897,U0001897,2026-08-28,活跃用户,12,4,0.293
LCS00001898,U0001898,2026-08-28,活跃用户,6,1,0.05
LCS00001899,U0001899,2026-08-28,沉默用户,9,14,0.282
LCS00001900,U0001900,2026-08-28,沉默用户,14,15,0.3474
LCS00001901,U0001901,2026-08-28,流失用户,2,40,0.3374
LCS00001902,U0001902,2026-08-28,活跃用户,9,1,0.5101
LCS00001903,U0001903,2026-08-28,流失用户,5,94,0.4042
LCS00001904,U0001904,2026-08-28,活跃用户,13,0,0.337
LCS00001905,U0001905,2026-08-28,活跃用户,5,4,0.3652
LCS00001906,U0001906,2026-08-28,沉默用户,15,8,0.2544
LCS00001907,U0001907,2026-08-28,活跃用户,9,1,0.1217
LCS00001908,U0001908,2026-08-28,沉默用户,8,8,0.3503
LCS00001909,U0001909,2026-08-28,流失用户,4,66,0.3251
LCS00001910,U0001910,2026-08-28,沉默用户,12,9,0.1546
LCS00001911,U0001911,2026-08-28,沉默用户,13,12,0.4182
LCS00001912,U0001912,2026-08-28,沉默用户,9,14,0.2518
LCS00001913,U0001913,2026-08-28,活跃用户,13,5,0.3732
LCS00001914,U0001914,2026-08-28,流失用户,4,85,0.3135
LCS00001915,U0001915,2026-08-28,活跃用户,4,0,0.2959
LCS00001916,U0001916,2026-08-28,流失用户,13,49,0.4039
LCS00001917,U0001917,2026-08-28,流失用户,7,42,0.2066
LCS00001918,U0001918,2026-08-28,流失用户,3,47,0.3715
LCS00001919,U0001919,2026-08-28,流失用户,1,129,0.1762
LCS00001920,U0001920,2026-08-28,活跃用户,12,1,0.3076
LCS00001921,U0001921,2026-08-28,流失用户,8,48,0.1774
LCS00001922,U0001922,2026-08-28,流失用户,0,220,0.1043
LCS00001923,U0001923,2026-08-28,流失用户,4,64,0.4206
LCS00001924,U0001924,2026-08-28,活跃用户,7,0,0.093
LCS00001925,U0001925,2026-08-28,沉默用户,4,27,0.4
LCS00001926,U0001926,2026-08-28,流失用户,4,71,0.3474
LCS00001927,U0001927,2026-08-28,活跃用户,11,1,0.248
LCS00001928,U0001928,2026-08-28,活跃用户,17,5,0.411
LCS00001929,U0001929,2026-08-28,流失用户,7,88,0.4358
LCS00001930,U0001930,2026-08-28,流失用户,11,43,0.3205
LCS00001931,U0001931,2026-08-28,活跃用户,8,2,0.1148
LCS00001932,U0001932,2026-08-28,活跃用户,10,2,0.2498
LCS00001933,U0001933,2026-08-28,沉默用户,7,12,0.3854
LCS00001934,U0001934,2026-08-28,活跃用户,10,1,0.3196
LCS00001935,U0001935,2026-08-28,流失用户,1,152,0.1024
LCS00001936,U0001936,2026-08-28,活跃用户,11,0,0.2033
LCS00001937,U0001937,2026-08-28,流失用户,0,98,0.0915
LCS00001938,U0001938,2026-08-28,沉默用户,15,12,0.4078
LCS00001939,U0001939,2026-08-28,活跃用户,10,0,0.5074
LCS00001940,U0001940,2026-08-28,沉默用户,3,20,0.2607
LCS00001941,U0001941,2026-08-28,活跃用户,7,0,0.2618
LCS00001942,U0001942,2026-08-28,流失用户,3,167,0.4341
LCS00001943,U0001943,2026-08-28,活跃用户,4,0,0.0996
LCS00001944,U0001944,2026-08-28,活跃用户,17,1,0.3952
LCS00001945,U0001945,2026-08-28,流失用户,4,32,0.2731
LCS00001946,U0001946,2026-08-28,沉默用户,10,18,0.3002
LCS00001947,U0001947,2026-08-28,活跃用户,4,5,0.2961
LCS00001948,U0001948,2026-08-28,沉默用户,11,16,0.23
LCS00001949,U0001949,2026-08-28,流失用户,6,89,0.481
LCS00001950,U0001950,2026-08-28,流失用户,2,139,0.2329
LCS00001951,U0001951,2026-08-28,活跃用户,12,1,0.2493
LCS00001952,U0001952,2026-08-28,流失用户,4,65,0.2254
LCS00001953,U0001953,2026-08-28,沉默用户,3,13,0.4116
LCS00001954,U0001954,2026-08-28,活跃用户,4,4,0.3187
LCS00001955,U0001955,2026-08-28,沉默用户,6,29,0.3835
LCS00001956,U0001956,2026-08-28,活跃用户,14,2,0.4577
LCS00001957,U0001957,2026-08-28,活跃用户,15,2,0.332
LCS00001958,U0001958,2026-08-28,活跃用户,5,1,0.2863
LCS00001959,U0001959,2026-08-28,新用户,4,0,0.4194
LCS00001960,U0001960,2026-08-28,流失用户,3,49,0.2066
LCS00001961,U0001961,2026-08-28,流失用户,5,76,0.3676
LCS00001962,U0001962,2026-08-28,沉默用户,7,9,0.3958
LCS00001963,U0001963,2026-08-28,活跃用户,13,3,0.3647
LCS00001964,U0001964,2026-08-28,沉默用户,2,10,0.2166
LCS00001965,U0001965,2026-08-28,活跃用户,8,1,0.3591
LCS00001966,U0001966,2026-08-28,流失用户,3,95,0.3418
LCS00001967,U0001967,2026-08-28,沉默用户,2,12,0.442
LCS00001968,U0001968,2026-08-28,活跃用户,14,3,0.3346
LCS00001969,U0001969,2026-08-28,活跃用户,6,5,0.3024
LCS00001970,U0001970,2026-08-28,活跃用户,7,2,0.3585
LCS00001971,U0001971,2026-08-28,流失用户,3,116,0.1911
LCS00001972,U0001972,2026-08-28,活跃用户,10,2,0.2229
LCS00001973,U0001973,2026-08-28,沉默用户,14,12,0.6038
LCS00001974,U0001974,2026-08-28,活跃用户,10,5,0.3148
LCS00001975,U0001975,2026-08-28,活跃用户,7,0,0.1072
LCS00001976,U0001976,2026-08-28,沉默用户,6,13,0.1478
LCS00001977,U0001977,2026-08-28,流失用户,2,129,0.2978
LCS00001978,U0001978,2026-08-28,沉默用户,12,10,0.3511
LCS00001979,U0001979,2026-08-28,活跃用户,5,3,0.1913
LCS00001980,U0001980,2026-08-28,流失用户,3,32,0.2188
LCS00001981,U0001981,2026-08-28,沉默用户,7,22,0.4107
LCS00001982,U0001982,2026-08-28,流失用户,2,150,0.3421
LCS00001983,U0001983,2026-08-28,沉默用户,14,14,0.5155
LCS00001984,U0001984,2026-08-28,沉默用户,13,26,0.4431
LCS00001985,U0001985,2026-08-28,活跃用户,9,0,0.4748
LCS00001986,U0001986,2026-08-28,活跃用户,14,0,0.239
LCS00001987,U0001987,2026-08-28,沉默用户,5,9,0.3609
LCS00001988,U0001988,2026-08-28,沉默用户,5,15,0.3949
LCS00001989,U0001989,2026-08-28,活跃用户,5,3,0.1654
LCS00001990,U0001990,2026-08-28,活跃用户,5,1,0.3323
LCS00001991,U0001991,2026-08-28,沉默用户,8,22,0.2505
LCS00001992,U0001992,2026-08-28,流失用户,4,71,0.2854
LCS00001993,U0001993,2026-08-28,沉默用户,9,8,0.4831
LCS00001994,U0001994,2026-08-28,活跃用户,16,5,0.4251
LCS00001995,U0001995,2026-08-28,沉默用户,14,13,0.1895
LCS00001996,U0001996,2026-08-28,沉默用户,14,10,0.3187
LCS00001997,U0001997,2026-08-28,沉默用户,9,25,0.3135
LCS00001998,U0001998,2026-08-28,流失用户,2,147,0.3213
LCS00001999,U0001999,2026-08-28,沉默用户,5,12,0.0592
LCS00002000,U0002000,2026-08-28,活跃用户,16,2,0.1057
LCS00002001,U0002001,2026-08-28,流失用户,5,207,0.4955
LCS00002002,U0002002,2026-08-28,活跃用户,9,6,0.5545
LCS00002003,U0002003,2026-08-28,沉默用户,3,23,0.3859
LCS00002004,U0002004,2026-08-28,沉默用户,6,8,0.4658
LCS00002005,U0002005,2026-08-28,活跃用户,2,5,0.3313
LCS00002006,U0002006,2026-08-28,活跃用户,13,2,0.1947
LCS00002007,U0002007,2026-08-28,活跃用户,2,3,0.1427
LCS00002008,U0002008,2026-08-28,沉默用户,6,29,0.119
LCS00002009,U0002009,2026-08-28,活跃用户,16,7,0.4905
LCS00002010,U0002010,2026-08-28,活跃用户,15,1,0.4054
LCS00002011,U0002011,2026-08-28,活跃用户,13,0,0.2521
LCS00002012,U0002012,2026-08-28,流失用户,7,52,0.255
LCS00002013,U0002013,2026-08-28,沉默用户,6,11,0.2325
LCS00002014,U0002014,2026-08-28,沉默用户,8,28,0.5199
LCS00002015,U0002015,2026-08-28,沉默用户,10,10,0.2084
LCS00002016,U0002016,2026-08-28,流失用户,5,66,0.5035
LCS00002017,U0002017,2026-08-28,沉默用户,13,15,0.3321
LCS00002018,U0002018,2026-08-28,活跃用户,9,0,0.3706
LCS00002019,U0002019,2026-08-28,活跃用户,4,3,0.401
LCS00002020,U0002020,2026-08-28,活跃用户,2,2,0.3126
LCS00002021,U0002021,2026-08-28,活跃用户,7,1,0.0877
LCS00002022,U0002022,2026-08-28,沉默用户,6,24,0.4206
LCS00002023,U0002023,2026-08-28,活跃用户,6,1,0.2951
LCS00002024,U0002024,2026-08-28,活跃用户,6,4,0.4033
LCS00002025,U0002025,2026-08-28,活跃用户,1,5,0.2295
LCS00002026,U0002026,2026-08-28,沉默用户,12,16,0.3502
LCS00002027,U0002027,2026-08-28,流失用户,2,189,0.3394
LCS00002028,U0002028,2026-08-28,流失用户,2,91,0.5577
LCS00002029,U0002029,2026-08-28,沉默用户,3,27,0.2654
LCS00002030,U0002030,2026-08-28,流失用户,2,128,0.4119
LCS00002031,U0002031,2026-08-28,流失用户,5,120,0.3166
LCS00002032,U0002032,2026-08-28,沉默用户,7,16,0.3159
LCS00002033,U0002033,2026-08-28,沉默用户,3,9,0.3206
LCS00002034,U0002034,2026-08-28,流失用户,4,74,0.562
LCS00002035,U0002035,2026-08-28,流失用户,2,77,0.3785
LCS00002036,U0002036,2026-08-28,沉默用户,8,8,0.0848
LCS00002037,U0002037,2026-08-28,流失用户,3,31,0.3376
LCS00002038,U0002038,2026-08-28,流失用户,6,66,0.6325
LCS00002039,U0002039,2026-08-28,流失用户,3,70,0.4078
LCS00002040,U0002040,2026-08-28,流失用户,4,31,0.2425
LCS00002041,U0002041,2026-08-28,沉默用户,2,19,0.2624
LCS00002042,U0002042,2026-08-28,沉默用户,4,23,0.3623
LCS00002043,U0002043,2026-08-28,沉默用户,4,9,0.1227
LCS00002044,U0002044,2026-08-28,沉默用户,4,24,0.1569
LCS00002045,U0002045,2026-08-28,流失用户,3,31,0.3834
LCS00002046,U0002046,2026-08-28,活跃用户,5,5,0.1797
LCS00002047,U0002047,2026-08-28,沉默用户,7,29,0.3581
LCS00002048,U0002048,2026-08-28,活跃用户,12,0,0.2838
LCS00002049,U0002049,2026-08-28,流失用户,0,116,0.0801
LCS00002050,U0002050,2026-08-28,活跃用户,16,7,0.4372
LCS00002051,U0002051,2026-08-28,沉默用户,6,27,0.0998
LCS00002052,U0002052,2026-08-28,活跃用户,3,6,0.2485
LCS00002053,U0002053,2026-08-28,流失用户,2,90,0.2455
LCS00002054,U0002054,2026-08-28,活跃用户,12,0,0.3525
LCS00002055,U0002055,2026-08-28,沉默用户,1,11,0.1824
LCS00002056,U0002056,2026-08-28,活跃用户,8,1,0.1871
LCS00002057,U0002057,2026-08-28,活跃用户,13,7,0.3574
LCS00002058,U0002058,2026-08-28,新用户,0,0,0.1289
LCS00002059,U0002059,2026-08-28,沉默用户,8,30,0.3331
LCS00002060,U0002060,2026-08-28,活跃用户,7,3,0.651
LCS00002061,U0002061,2026-08-28,流失用户,1,68,0.3133
LCS00002062,U0002062,2026-08-28,沉默用户,11,10,0.3271
LCS00002063,U0002063,2026-08-28,沉默用户,11,17,0.5156
LCS00002064,U0002064,2026-08-28,沉默用户,3,13,0.0962
LCS00002065,U0002065,2026-08-28,活跃用户,6,6,0.4197
LCS00002066,U0002066,2026-08-28,沉默用户,1,11,0.1537
LCS00002067,U0002067,2026-08-28,沉默用户,2,18,0.2503
LCS00002068,U0002068,2026-08-28,流失用户,0,179,0.2344
LCS00002069,U0002069,2026-08-28,流失用户,2,76,0.3388
LCS00002070,U0002070,2026-08-28,流失用户,4,52,0.7118
LCS00002071,U0002071,2026-08-28,流失用户,1,231,0.05
LCS00002072,U0002072,2026-08-28,活跃用户,4,6,0.2322
LCS00002073,U0002073,2026-08-28,流失用户,4,64,0.3088
LCS00002074,U0002074,2026-08-28,沉默用户,3,11,0.3886
LCS00002075,U0002075,2026-08-28,沉默用户,4,14,0.0507
LCS00002076,U0002076,2026-08-28,沉默用户,7,8,0.1901
LCS00002077,U0002077,2026-08-28,沉默用户,9,12,0.3265
LCS00002078,U0002078,2026-08-28,活跃用户,17,3,0.2057
LCS00002079,U0002079,2026-08-28,流失用户,0,97,0.3511
LCS00002080,U0002080,2026-08-28,流失用户,3,53,0.4422
LCS00002081,U0002081,2026-08-28,沉默用户,3,28,0.1071
LCS00002082,U0002082,2026-08-28,新用户,1,2,0.2188
LCS00002083,U0002083,2026-08-28,沉默用户,12,8,0.1029
LCS00002084,U0002084,2026-08-28,流失用户,6,53,0.4368
LCS00002085,U0002085,2026-08-28,活跃用户,9,7,0.496
LCS00002086,U0002086,2026-08-28,活跃用户,15,4,0.3103
LCS00002087,U0002087,2026-08-28,活跃用户,6,0,0.05
LCS00002088,U0002088,2026-08-28,活跃用户,12,1,0.2305
LCS00002089,U0002089,2026-08-28,流失用户,1,143,0.513
LCS00002090,U0002090,2026-08-28,沉默用户,2,18,0.2368
LCS00002091,U0002091,2026-08-28,活跃用户,12,6,0.5125
LCS00002092,U0002092,2026-08-28,活跃用户,6,3,0.5427
LCS00002093,U0002093,2026-08-28,流失用户,5,42,0.214
LCS00002094,U0002094,2026-08-28,流失用户,1,159,0.2205
LCS00002095,U0002095,2026-08-28,沉默用户,10,20,0.3272
LCS00002096,U0002096,2026-08-28,流失用户,1,91,0.181
LCS00002097,U0002097,2026-08-28,流失用户,7,40,0.3372
LCS00002098,U0002098,2026-08-28,流失用户,6,38,0.1989
LCS00002099,U0002099,2026-08-28,沉默用户,3,20,0.0602
LCS00002100,U0002100,2026-08-28,流失用户,1,189,0.4104
LCS00002101,U0002101,2026-08-28,沉默用户,15,10,0.1911
LCS00002102,U0002102,2026-08-28,流失用户,2,34,0.178
LCS00002103,U0002103,2026-08-28,活跃用户,12,0,0.2525
LCS00002104,U0002104,2026-08-28,流失用户,3,164,0.396
LCS00002105,U0002105,2026-08-28,活跃用户,2,1,0.1947
LCS00002106,U0002106,2026-08-28,沉默用户,7,26,0.2479
LCS00002107,U0002107,2026-08-28,沉默用户,6,8,0.5465
LCS00002108,U0002108,2026-08-28,流失用户,4,59,0.2911
LCS00002109,U0002109,2026-08-28,新用户,2,0,0.5423
LCS00002110,U0002110,2026-08-28,活跃用户,8,6,0.1698
LCS00002111,U0002111,2026-08-28,活跃用户,9,6,0.4356
LCS00002112,U0002112,2026-08-28,活跃用户,8,2,0.2374
LCS00002113,U0002113,2026-08-28,流失用户,2,146,0.4585
LCS00002114,U0002114,2026-08-28,活跃用户,14,7,0.438
LCS00002115,U0002115,2026-08-28,新用户,3,0,0.3014
LCS00002116,U0002116,2026-08-28,沉默用户,2,26,0.3589
LCS00002117,U0002117,2026-08-28,新用户,1,6,0.2243
LCS00002118,U0002118,2026-08-28,沉默用户,12,13,0.4531
LCS00002119,U0002119,2026-08-28,活跃用户,8,0,0.2488
LCS00002120,U0002120,2026-08-28,活跃用户,6,0,0.2305
LCS00002121,U0002121,2026-08-28,活跃用户,13,1,0.3495
LCS00002122,U0002122,2026-08-28,活跃用户,9,0,0.5026
LCS00002123,U0002123,2026-08-28,沉默用户,1,14,0.0637
LCS00002124,U0002124,2026-08-28,沉默用户,13,27,0.4051
LCS00002125,U0002125,2026-08-28,活跃用户,11,1,0.4178
LCS00002126,U0002126,2026-08-28,活跃用户,8,0,0.4038
LCS00002127,U0002127,2026-08-28,流失用户,9,34,0.0687
LCS00002128,U0002128,2026-08-28,活跃用户,5,1,0.3591
LCS00002129,U0002129,2026-08-28,流失用户,0,111,0.2295
LCS00002130,U0002130,2026-08-28,沉默用户,3,9,0.3901
LCS00002131,U0002131,2026-08-28,沉默用户,12,8,0.05
LCS00002132,U0002132,2026-08-28,沉默用户,10,24,0.05
LCS00002133,U0002133,2026-08-28,流失用户,2,59,0.2413
LCS00002134,U0002134,2026-08-28,流失用户,4,139,0.255
LCS00002135,U0002135,2026-08-28,沉默用户,4,17,0.5777
LCS00002136,U0002136,2026-08-28,沉默用户,14,12,0.3405
LCS00002137,U0002137,2026-08-28,活跃用户,5,6,0.1323
LCS00002138,U0002138,2026-08-28,沉默用户,10,11,0.1585
LCS00002139,U0002139,2026-08-28,流失用户,4,75,0.2466
LCS00002140,U0002140,2026-08-28,活跃用户,18,0,0.4413
LCS00002141,U0002141,2026-08-28,活跃用户,7,2,0.3966
LCS00002142,U0002142,2026-08-28,流失用户,2,109,0.0961
LCS00002143,U0002143,2026-08-28,活跃用户,8,1,0.4754
LCS00002144,U0002144,2026-08-28,活跃用户,13,3,0.2879
LCS00002145,U0002145,2026-08-28,沉默用户,6,22,0.423
LCS00002146,U0002146,2026-08-28,沉默用户,8,11,0.3511
LCS00002147,U0002147,2026-08-28,沉默用户,2,30,0.2924
LCS00002148,U0002148,2026-08-28,活跃用户,10,7,0.4378
LCS00002149,U0002149,2026-08-28,活跃用户,11,6,0.3098
LCS00002150,U0002150,2026-08-28,活跃用户,11,1,0.1571
LCS00002151,U0002151,2026-08-28,流失用户,6,59,0.5793
LCS00002152,U0002152,2026-08-28,活跃用户,8,0,0.4056
LCS00002153,U0002153,2026-08-28,新用户,0,2,0.4524
LCS00002154,U0002154,2026-08-28,流失用户,1,144,0.2353
LCS00002155,U0002155,2026-08-28,流失用户,2,73,0.05
LCS00002156,U0002156,2026-08-28,活跃用户,7,0,0.4342
LCS00002157,U0002157,2026-08-28,活跃用户,9,0,0.3912
LCS00002158,U0002158,2026-08-28,沉默用户,3,23,0.2756
LCS00002159,U0002159,2026-08-28,流失用户,2,51,0.4371
LCS00002160,U0002160,2026-08-28,活跃用户,6,2,0.1589
LCS00002161,U0002161,2026-08-28,活跃用户,3,7,0.1482
LCS00002162,U0002162,2026-08-28,沉默用户,15,20,0.2798
LCS00002163,U0002163,2026-08-28,沉默用户,8,24,0.4187
LCS00002164,U0002164,2026-08-28,沉默用户,10,16,0.4206
LCS00002165,U0002165,2026-08-28,流失用户,1,33,0.05
LCS00002166,U0002166,2026-08-28,流失用户,1,191,0.3465
LCS00002167,U0002167,2026-08-28,活跃用户,10,2,0.6115
LCS00002168,U0002168,2026-08-28,活跃用户,2,2,0.157
LCS00002169,U0002169,2026-08-28,沉默用户,11,14,0.4715
LCS00002170,U0002170,2026-08-28,活跃用户,10,0,0.3796
LCS00002171,U0002171,2026-08-28,活跃用户,13,3,0.1181
LCS00002172,U0002172,2026-08-28,活跃用户,10,7,0.482
LCS00002173,U0002173,2026-08-28,活跃用户,4,1,0.3775
LCS00002174,U0002174,2026-08-28,活跃用户,9,0,0.2234
LCS00002175,U0002175,2026-08-28,沉默用户,4,18,0.3195
LCS00002176,U0002176,2026-08-28,活跃用户,16,1,0.3076
LCS00002177,U0002177,2026-08-28,活跃用户,14,4,0.2983
LCS00002178,U0002178,2026-08-28,活跃用户,11,6,0.3236
LCS00002179,U0002179,2026-08-28,流失用户,3,79,0.3797
LCS00002180,U0002180,2026-08-28,活跃用户,13,0,0.3541
LCS00002181,U0002181,2026-08-28,沉默用户,6,10,0.2664
LCS00002182,U0002182,2026-08-28,流失用户,3,52,0.3514
LCS00002183,U0002183,2026-08-28,活跃用户,16,4,0.1735
LCS00002184,U0002184,2026-08-28,流失用户,3,46,0.2854
LCS00002185,U0002185,2026-08-28,沉默用户,5,8,0.304
LCS00002186,U0002186,2026-08-28,活跃用户,7,5,0.4068
LCS00002187,U0002187,2026-08-28,活跃用户,15,3,0.4359
LCS00002188,U0002188,2026-08-28,沉默用户,7,26,0.3703
LCS00002189,U0002189,2026-08-28,流失用户,4,64,0.2681
LCS00002190,U0002190,2026-08-28,沉默用户,4,20,0.106
LCS00002191,U0002191,2026-08-28,活跃用户,12,5,0.2849
LCS00002192,U0002192,2026-08-28,活跃用户,3,6,0.4069
LCS00002193,U0002193,2026-08-28,沉默用户,10,14,0.4289
LCS00002194,U0002194,2026-08-28,流失用户,2,101,0.5278
LCS00002195,U0002195,2026-08-28,流失用户,8,63,0.2545
LCS00002196,U0002196,2026-08-28,活跃用户,6,5,0.3146
LCS00002197,U0002197,2026-08-28,活跃用户,7,6,0.4555
LCS00002198,U0002198,2026-08-28,流失用户,3,160,0.4907
LCS00002199,U0002199,2026-08-28,沉默用户,5,16,0.3978
LCS00002200,U0002200,2026-08-28,流失用户,2,61,0.2118
LCS00002201,U0002201,2026-08-28,沉默用户,6,21,0.4796
LCS00002202,U0002202,2026-08-28,流失用户,14,37,0.2601
LCS00002203,U0002203,2026-08-28,流失用户,6,57,0.0812
LCS00002204,U0002204,2026-08-28,沉默用户,3,26,0.3528
LCS00002205,U0002205,2026-08-28,流失用户,2,227,0.1565
LCS00002206,U0002206,2026-08-28,活跃用户,11,3,0.2161
LCS00002207,U0002207,2026-08-28,活跃用户,16,0,0.2886
LCS00002208,U0002208,2026-08-28,沉默用户,3,17,0.3571
LCS00002209,U0002209,2026-08-28,活跃用户,13,3,0.3163
LCS00002210,U0002210,2026-08-28,沉默用户,8,10,0.3114
LCS00002211,U0002211,2026-08-28,沉默用户,12,16,0.6346
LCS00002212,U0002212,2026-08-28,流失用户,11,40,0.2361
LCS00002213,U0002213,2026-08-28,沉默用户,2,28,0.1841
LCS00002214,U0002214,2026-08-28,活跃用户,9,0,0.3656
LCS00002215,U0002215,2026-08-28,活跃用户,10,1,0.2944
LCS00002216,U0002216,2026-08-28,活跃用户,8,2,0.2326
LCS00002217,U0002217,2026-08-28,活跃用户,12,2,0.4151
LCS00002218,U0002218,2026-08-28,流失用户,1,131,0.1599
LCS00002219,U0002219,2026-08-28,沉默用户,12,10,0.2911
LCS00002220,U0002220,2026-08-28,活跃用户,10,2,0.2759
LCS00002221,U0002221,2026-08-28,流失用户,4,31,0.4254
LCS00002222,U0002222,2026-08-28,活跃用户,12,2,0.2987
LCS00002223,U0002223,2026-08-28,流失用户,3,188,0.187
LCS00002224,U0002224,2026-08-28,流失用户,10,32,0.3211
LCS00002225,U0002225,2026-08-28,活跃用户,10,0,0.05
LCS00002226,U0002226,2026-08-28,流失用户,2,91,0.3657
LCS00002227,U0002227,2026-08-28,流失用户,4,35,0.4167
LCS00002228,U0002228,2026-08-28,活跃用户,5,0,0.4047
LCS00002229,U0002229,2026-08-28,流失用户,5,85,0.3172
LCS00002230,U0002230,2026-08-28,活跃用户,15,4,0.2848
LCS00002231,U0002231,2026-08-28,活跃用户,18,7,0.6338
LCS00002232,U0002232,2026-08-28,流失用户,2,99,0.077
LCS00002233,U0002233,2026-08-28,流失用户,2,136,0.3718
LCS00002234,U0002234,2026-08-28,新用户,3,0,0.2282
LCS00002235,U0002235,2026-08-28,流失用户,3,43,0.4382
LCS00002236,U0002236,2026-08-28,流失用户,12,34,0.5074
LCS00002237,U0002237,2026-08-28,流失用户,3,60,0.4213
LCS00002238,U0002238,2026-08-28,活跃用户,4,0,0.4857
LCS00002239,U0002239,2026-08-28,流失用户,5,92,0.3821
LCS00002240,U0002240,2026-08-28,沉默用户,6,22,0.4098
LCS00002241,U0002241,2026-08-28,沉默用户,10,8,0.5644
LCS00002242,U0002242,2026-08-28,沉默用户,9,19,0.5535
LCS00002243,U0002243,2026-08-28,活跃用户,11,3,0.5327
LCS00002244,U0002244,2026-08-28,新用户,3,0,0.4951
LCS00002245,U0002245,2026-08-28,活跃用户,15,0,0.397
LCS00002246,U0002246,2026-08-28,新用户,2,0,0.2809
LCS00002247,U0002247,2026-08-28,流失用户,4,100,0.1685
LCS00002248,U0002248,2026-08-28,沉默用户,12,15,0.3907
LCS00002249,U0002249,2026-08-28,沉默用户,11,9,0.4167
LCS00002250,U0002250,2026-08-28,流失用户,1,84,0.3794
LCS00002251,U0002251,2026-08-28,活跃用户,4,1,0.4445
LCS00002252,U0002252,2026-08-28,活跃用户,3,7,0.4109
LCS00002253,U0002253,2026-08-28,活跃用户,13,3,0.2807
LCS00002254,U0002254,2026-08-28,新用户,2,0,0.3281
LCS00002255,U0002255,2026-08-28,沉默用户,3,11,0.2346
LCS00002256,U0002256,2026-08-28,新用户,5,0,0.247
LCS00002257,U0002257,2026-08-28,新用户,0,0,0.4633
LCS00002258,U0002258,2026-08-28,活跃用户,11,4,0.2752
LCS00002259,U0002259,2026-08-28,流失用户,9,46,0.1089
LCS00002260,U0002260,2026-08-28,沉默用户,6,17,0.346
LCS00002261,U0002261,2026-08-28,活跃用户,17,5,0.4104
LCS00002262,U0002262,2026-08-28,沉默用户,3,20,0.4824
LCS00002263,U0002263,2026-08-28,流失用户,4,34,0.2526
LCS00002264,U0002264,2026-08-28,活跃用户,4,5,0.3725
LCS00002265,U0002265,2026-08-28,流失用户,6,91,0.6856
LCS00002266,U0002266,2026-08-28,沉默用户,12,18,0.4803
LCS00002267,U0002267,2026-08-28,活跃用户,13,4,0.3279
LCS00002268,U0002268,2026-08-28,新用户,4,2,0.3261
LCS00002269,U0002269,2026-08-28,流失用户,5,47,0.5245
LCS00002270,U0002270,2026-08-28,流失用户,2,159,0.2834
LCS00002271,U0002271,2026-08-28,活跃用户,10,4,0.4088
LCS00002272,U0002272,2026-08-28,流失用户,0,34,0.0601
LCS00002273,U0002273,2026-08-28,流失用户,4,35,0.4028
LCS00002274,U0002274,2026-08-28,流失用户,1,180,0.2768
LCS00002275,U0002275,2026-08-28,活跃用户,3,0,0.3615
LCS00002276,U0002276,2026-08-28,沉默用户,9,18,0.4635
LCS00002277,U0002277,2026-08-28,活跃用户,9,5,0.2604
LCS00002278,U0002278,2026-08-28,流失用户,2,82,0.1028
LCS00002279,U0002279,2026-08-28,新用户,5,0,0.3629
LCS00002280,U0002280,2026-08-28,流失用户,1,138,0.1871
LCS00002281,U0002281,2026-08-28,活跃用户,11,3,0.1393
LCS00002282,U0002282,2026-08-28,流失用户,4,46,0.3256
LCS00002283,U0002283,2026-08-28,流失用户,0,121,0.2744
LCS00002284,U0002284,2026-08-28,活跃用户,13,3,0.2035
LCS00002285,U0002285,2026-08-28,流失用户,10,49,0.2043
LCS00002286,U0002286,2026-08-28,流失用户,5,34,0.6448
LCS00002287,U0002287,2026-08-28,沉默用户,5,29,0.4303
LCS00002288,U0002288,2026-08-28,流失用户,3,69,0.3004
LCS00002289,U0002289,2026-08-28,流失用户,4,104,0.3614
LCS00002290,U0002290,2026-08-28,活跃用户,4,4,0.1576
LCS00002291,U0002291,2026-08-28,沉默用户,3,15,0.3126
LCS00002292,U0002292,2026-08-28,流失用户,2,64,0.2612
LCS00002293,U0002293,2026-08-28,流失用户,2,150,0.3792
LCS00002294,U0002294,2026-08-28,流失用户,8,31,0.391
LCS00002295,U0002295,2026-08-28,活跃用户,5,3,0.4693
LCS00002296,U0002296,2026-08-28,流失用户,1,54,0.3318
LCS00002297,U0002297,2026-08-28,沉默用户,5,19,0.1137
LCS00002298,U0002298,2026-08-28,沉默用户,8,24,0.2341
LCS00002299,U0002299,2026-08-28,沉默用户,13,11,0.4053
LCS00002300,U0002300,2026-08-28,流失用户,3,49,0.4875
LCS00002301,U0002301,2026-08-28,流失用户,3,145,0.1892
LCS00002302,U0002302,2026-08-28,活跃用户,13,6,0.05
LCS00002303,U0002303,2026-08-28,沉默用户,11,19,0.3034
LCS00002304,U0002304,2026-08-28,沉默用户,12,19,0.4477
LCS00002305,U0002305,2026-08-28,沉默用户,16,17,0.2225
LCS00002306,U0002306,2026-08-28,流失用户,3,34,0.6396
LCS00002307,U0002307,2026-08-28,流失用户,8,34,0.2464
LCS00002308,U0002308,2026-08-28,活跃用户,3,4,0.5031
LCS00002309,U0002309,2026-08-28,流失用户,1,167,0.05
LCS00002310,U0002310,2026-08-28,活跃用户,12,3,0.3847
LCS00002311,U0002311,2026-08-28,活跃用户,9,3,0.2436
LCS00002312,U0002312,2026-08-28,活跃用户,12,2,0.1289
LCS00002313,U0002313,2026-08-28,活跃用户,1,2,0.197
LCS00002314,U0002314,2026-08-28,流失用户,2,90,0.0935
LCS00002315,U0002315,2026-08-28,活跃用户,13,7,0.4097
LCS00002316,U0002316,2026-08-28,流失用户,5,55,0.3188
LCS00002317,U0002317,2026-08-28,活跃用户,7,3,0.1911
LCS00002318,U0002318,2026-08-28,沉默用户,4,20,0.245
LCS00002319,U0002319,2026-08-28,活跃用户,13,5,0.2017
LCS00002320,U0002320,2026-08-28,活跃用户,15,4,0.255
LCS00002321,U0002321,2026-08-28,流失用户,1,186,0.3553
LCS00002322,U0002322,2026-08-28,活跃用户,8,3,0.2733
LCS00002323,U0002323,2026-08-28,流失用户,4,77,0.4249
LCS00002324,U0002324,2026-08-28,活跃用户,16,4,0.2548
LCS00002325,U0002325,2026-08-28,流失用户,2,61,0.1591
LCS00002326,U0002326,2026-08-28,沉默用户,0,13,0.1485
LCS00002327,U0002327,2026-08-28,活跃用户,12,4,0.2698
LCS00002328,U0002328,2026-08-28,流失用户,4,100,0.2402
LCS00002329,U0002329,2026-08-28,活跃用户,8,1,0.5512
LCS00002330,U0002330,2026-08-28,流失用户,2,91,0.1153
LCS00002331,U0002331,2026-08-28,流失用户,3,32,0.2734
LCS00002332,U0002332,2026-08-28,流失用户,15,34,0.375
LCS00002333,U0002333,2026-08-28,活跃用户,13,1,0.3306
LCS00002334,U0002334,2026-08-28,流失用户,3,99,0.1342
LCS00002335,U0002335,2026-08-28,活跃用户,5,5,0.1979
LCS00002336,U0002336,2026-08-28,沉默用户,10,8,0.3815
LCS00002337,U0002337,2026-08-28,沉默用户,3,25,0.3062
LCS00002338,U0002338,2026-08-28,沉默用户,15,11,0.2554
LCS00002339,U0002339,2026-08-28,沉默用户,3,30,0.3075
LCS00002340,U0002340,2026-08-28,活跃用户,15,3,0.2633
LCS00002341,U0002341,2026-08-28,流失用户,2,115,0.2654
LCS00002342,U0002342,2026-08-28,沉默用户,3,14,0.1856
LCS00002343,U0002343,2026-08-28,流失用户,1,101,0.05
LCS00002344,U0002344,2026-08-28,流失用户,0,117,0.0559
LCS00002345,U0002345,2026-08-28,沉默用户,12,11,0.5023
LCS00002346,U0002346,2026-08-28,活跃用户,7,3,0.3534
LCS00002347,U0002347,2026-08-28,活跃用户,9,7,0.2794
LCS00002348,U0002348,2026-08-28,沉默用户,6,20,0.4788
LCS00002349,U0002349,2026-08-28,沉默用户,2,27,0.326
LCS00002350,U0002350,2026-08-28,沉默用户,5,16,0.422
LCS00002351,U0002351,2026-08-28,沉默用户,3,19,0.3472
LCS00002352,U0002352,2026-08-28,流失用户,4,48,0.05
LCS00002353,U0002353,2026-08-28,流失用户,3,45,0.3541
LCS00002354,U0002354,2026-08-28,流失用户,1,76,0.287
LCS00002355,U0002355,2026-08-28,活跃用户,5,2,0.2483
LCS00002356,U0002356,2026-08-28,沉默用户,7,13,0.1878
LCS00002357,U0002357,2026-08-28,活跃用户,13,0,0.1955
LCS00002358,U0002358,2026-08-28,流失用户,4,38,0.6138
LCS00002359,U0002359,2026-08-28,流失用户,0,170,0.05
LCS00002360,U0002360,2026-08-28,活跃用户,8,7,0.4121
LCS00002361,U0002361,2026-08-28,流失用户,4,73,0.2433
LCS00002362,U0002362,2026-08-28,沉默用户,2,13,0.05
LCS00002363,U0002363,2026-08-28,沉默用户,15,19,0.1581
LCS00002364,U0002364,2026-08-28,沉默用户,10,9,0.3015
LCS00002365,U0002365,2026-08-28,活跃用户,1,4,0.0899
LCS00002366,U0002366,2026-08-28,活跃用户,10,0,0.3597
LCS00002367,U0002367,2026-08-28,沉默用户,2,25,0.1713
LCS00002368,U0002368,2026-08-28,活跃用户,12,1,0.0515
LCS00002369,U0002369,2026-08-28,沉默用户,10,10,0.2721
LCS00002370,U0002370,2026-08-28,活跃用户,11,7,0.4563
LCS00002371,U0002371,2026-08-28,活跃用户,11,2,0.3104
LCS00002372,U0002372,2026-08-28,沉默用户,15,11,0.2543
LCS00002373,U0002373,2026-08-28,流失用户,3,35,0.1208
LCS00002374,U0002374,2026-08-28,沉默用户,3,16,0.423
LCS00002375,U0002375,2026-08-28,活跃用户,6,6,0.2976
LCS00002376,U0002376,2026-08-28,活跃用户,8,0,0.36
LCS00002377,U0002377,2026-08-28,流失用户,4,181,0.5257
LCS00002378,U0002378,2026-08-28,沉默用户,14,12,0.108
LCS00002379,U0002379,2026-08-28,沉默用户,13,13,0.4298
LCS00002380,U0002380,2026-08-28,活跃用户,12,2,0.3125
LCS00002381,U0002381,2026-08-28,活跃用户,2,2,0.2347
LCS00002382,U0002382,2026-08-28,沉默用户,3,10,0.1512
LCS00002383,U0002383,2026-08-28,沉默用户,2,24,0.5418
LCS00002384,U0002384,2026-08-28,活跃用户,10,0,0.1436
LCS00002385,U0002385,2026-08-28,流失用户,3,52,0.4334
LCS00002386,U0002386,2026-08-28,新用户,1,5,0.1471
LCS00002387,U0002387,2026-08-28,流失用户,7,57,0.5714
LCS00002388,U0002388,2026-08-28,活跃用户,6,1,0.4067
LCS00002389,U0002389,2026-08-28,活跃用户,7,2,0.1191
LCS00002390,U0002390,2026-08-28,活跃用户,12,7,0.3924
LCS00002391,U0002391,2026-08-28,流失用户,4,46,0.3603
LCS00002392,U0002392,2026-08-28,沉默用户,14,11,0.4815
LCS00002393,U0002393,2026-08-28,活跃用户,12,2,0.4478
LCS00002394,U0002394,2026-08-28,流失用户,3,42,0.2333
LCS00002395,U0002395,2026-08-28,流失用户,0,106,0.05
LCS00002396,U0002396,2026-08-28,活跃用户,7,3,0.1344
LCS00002397,U0002397,2026-08-28,活跃用户,7,0,0.1515
LCS00002398,U0002398,2026-08-28,流失用户,6,45,0.1327
LCS00002399,U0002399,2026-08-28,活跃用户,3,7,0.1204
LCS00002400,U0002400,2026-08-28,新用户,0,0,0.2975
LCS00002401,U0002401,2026-08-28,活跃用户,13,2,0.2747
LCS00002402,U0002402,2026-08-28,活跃用户,10,1,0.1001
LCS00002403,U0002403,2026-08-28,活跃用户,13,1,0.0725
LCS00002404,U0002404,2026-08-28,活跃用户,12,1,0.5997
LCS00002405,U0002405,2026-08-28,活跃用户,16,0,0.4693
LCS00002406,U0002406,2026-08-28,流失用户,16,47,0.5783
LCS00002407,U0002407,2026-08-28,活跃用户,11,0,0.5924
LCS00002408,U0002408,2026-08-28,活跃用户,7,3,0.204
LCS00002409,U0002409,2026-08-28,流失用户,3,42,0.1997
LCS00002410,U0002410,2026-08-28,沉默用户,14,8,0.2571
LCS00002411,U0002411,2026-08-28,活跃用户,10,2,0.2092
LCS00002412,U0002412,2026-08-28,沉默用户,3,15,0.4911
LCS00002413,U0002413,2026-08-28,活跃用户,8,7,0.392
LCS00002414,U0002414,2026-08-28,活跃用户,14,4,0.2409
LCS00002415,U0002415,2026-08-28,流失用户,2,41,0.3684
LCS00002416,U0002416,2026-08-28,沉默用户,14,9,0.2197
LCS00002417,U0002417,2026-08-28,沉默用户,8,12,0.2021
LCS00002418,U0002418,2026-08-28,沉默用户,8,26,0.095
LCS00002419,U0002419,2026-08-28,活跃用户,9,3,0.3028
LCS00002420,U0002420,2026-08-28,活跃用户,8,3,0.3231
LCS00002421,U0002421,2026-08-28,活跃用户,3,4,0.453
LCS00002422,U0002422,2026-08-28,活跃用户,12,7,0.3955
LCS00002423,U0002423,2026-08-28,沉默用户,15,9,0.3411
LCS00002424,U0002424,2026-08-28,流失用户,3,155,0.1363
LCS00002425,U0002425,2026-08-28,沉默用户,15,10,0.3897
LCS00002426,U0002426,2026-08-28,流失用户,14,48,0.1965
LCS00002427,U0002427,2026-08-28,沉默用户,9,25,0.05
LCS00002428,U0002428,2026-08-28,流失用户,3,42,0.4396
LCS00002429,U0002429,2026-08-28,沉默用户,10,10,0.0837
LCS00002430,U0002430,2026-08-28,活跃用户,9,2,0.2211
LCS00002431,U0002431,2026-08-28,活跃用户,13,0,0.3649
LCS00002432,U0002432,2026-08-28,新用户,4,0,0.1124
LCS00002433,U0002433,2026-08-28,沉默用户,3,17,0.3406
LCS00002434,U0002434,2026-08-28,沉默用户,10,9,0.4218
LCS00002435,U0002435,2026-08-28,活跃用户,9,1,0.2149
LCS00002436,U0002436,2026-08-28,沉默用户,8,28,0.2782
LCS00002437,U0002437,2026-08-28,沉默用户,4,30,0.4147
LCS00002438,U0002438,2026-08-28,活跃用户,12,2,0.3481
LCS00002439,U0002439,2026-08-28,活跃用户,7,1,0.6203
LCS00002440,U0002440,2026-08-28,新用户,1,3,0.2995
LCS00002441,U0002441,2026-08-28,沉默用户,6,14,0.1741
LCS00002442,U0002442,2026-08-28,活跃用户,14,1,0.2033
LCS00002443,U0002443,2026-08-28,流失用户,8,47,0.241
LCS00002444,U0002444,2026-08-28,流失用户,4,32,0.4921
LCS00002445,U0002445,2026-08-28,流失用户,5,88,0.1387
LCS00002446,U0002446,2026-08-28,活跃用户,4,5,0.3877
LCS00002447,U0002447,2026-08-28,流失用户,1,206,0.174
LCS00002448,U0002448,2026-08-28,活跃用户,11,1,0.441
LCS00002449,U0002449,2026-08-28,流失用户,3,129,0.1561
LCS00002450,U0002450,2026-08-28,流失用户,2,93,0.1128
LCS00002451,U0002451,2026-08-28,活跃用户,8,5,0.3624
LCS00002452,U0002452,2026-08-28,活跃用户,9,1,0.2386
LCS00002453,U0002453,2026-08-28,沉默用户,14,18,0.5589
LCS00002454,U0002454,2026-08-28,沉默用户,4,13,0.1914
LCS00002455,U0002455,2026-08-28,沉默用户,4,13,0.268
LCS00002456,U0002456,2026-08-28,沉默用户,13,17,0.1891
LCS00002457,U0002457,2026-08-28,沉默用户,5,13,0.2265
LCS00002458,U0002458,2026-08-28,沉默用户,4,17,0.2891
LCS00002459,U0002459,2026-08-28,活跃用户,12,4,0.1525
LCS00002460,U0002460,2026-08-28,活跃用户,14,3,0.1342
LCS00002461,U0002461,2026-08-28,活跃用户,13,7,0.4378
LCS00002462,U0002462,2026-08-28,沉默用户,10,20,0.2261
LCS00002463,U0002463,2026-08-28,沉默用户,7,17,0.1707
LCS00002464,U0002464,2026-08-28,活跃用户,7,1,0.1476
LCS00002465,U0002465,2026-08-28,沉默用户,4,9,0.383
LCS00002466,U0002466,2026-08-28,流失用户,2,135,0.3822
LCS00002467,U0002467,2026-08-28,流失用户,8,43,0.2148
LCS00002468,U0002468,2026-08-28,活跃用户,10,0,0.1064
LCS00002469,U0002469,2026-08-28,沉默用户,0,20,0.0965
LCS00002470,U0002470,2026-08-28,活跃用户,3,3,0.3728
LCS00002471,U0002471,2026-08-28,沉默用户,6,21,0.2408
LCS00002472,U0002472,2026-08-28,活跃用户,8,1,0.112
LCS00002473,U0002473,2026-08-28,流失用户,6,43,0.6028
LCS00002474,U0002474,2026-08-28,活跃用户,9,2,0.4211
LCS00002475,U0002475,2026-08-28,活跃用户,11,2,0.3181
LCS00002476,U0002476,2026-08-28,沉默用户,10,14,0.335
LCS00002477,U0002477,2026-08-28,活跃用户,13,5,0.3274
LCS00002478,U0002478,2026-08-28,活跃用户,15,5,0.2925
LCS00002479,U0002479,2026-08-28,流失用户,1,44,0.05
LCS00002480,U0002480,2026-08-28,沉默用户,5,9,0.3962
LCS00002481,U0002481,2026-08-28,活跃用户,3,0,0.3136
LCS00002482,U0002482,2026-08-28,流失用户,2,104,0.3126
LCS00002483,U0002483,2026-08-28,沉默用户,12,14,0.2751
LCS00002484,U0002484,2026-08-28,活跃用户,7,6,0.2589
LCS00002485,U0002485,2026-08-28,活跃用户,8,6,0.05
LCS00002486,U0002486,2026-08-28,流失用户,12,39,0.4044
LCS00002487,U0002487,2026-08-28,沉默用户,15,24,0.1964
LCS00002488,U0002488,2026-08-28,活跃用户,11,0,0.4534
LCS00002489,U0002489,2026-08-28,活跃用户,12,4,0.2754
LCS00002490,U0002490,2026-08-28,活跃用户,10,1,0.4866
LCS00002491,U0002491,2026-08-28,沉默用户,4,17,0.382
LCS00002492,U0002492,2026-08-28,流失用户,12,40,0.4033
LCS00002493,U0002493,2026-08-28,活跃用户,14,6,0.4397
LCS00002494,U0002494,2026-08-28,流失用户,4,61,0.1719
LCS00002495,U0002495,2026-08-28,沉默用户,11,11,0.05
LCS00002496,U0002496,2026-08-28,流失用户,6,40,0.2992
LCS00002497,U0002497,2026-08-28,活跃用户,11,1,0.2474
LCS00002498,U0002498,2026-08-28,活跃用户,12,6,0.4016
LCS00002499,U0002499,2026-08-28,活跃用户,6,1,0.2234
LCS00002500,U0002500,2026-08-28,活跃用户,12,1,0.2774
LCS00002501,U0002501,2026-08-28,沉默用户,6,29,0.4708
LCS00002502,U0002502,2026-08-28,流失用户,17,36,0.3498
LCS00002503,U0002503,2026-08-28,流失用户,5,39,0.2966
LCS00002504,U0002504,2026-08-28,沉默用户,12,13,0.5653
LCS00002505,U0002505,2026-08-28,流失用户,1,62,0.05
LCS00002506,U0002506,2026-08-28,流失用户,5,143,0.2782
LCS00002507,U0002507,2026-08-28,活跃用户,11,2,0.4642
LCS00002508,U0002508,2026-08-28,沉默用户,5,13,0.328
LCS00002509,U0002509,2026-08-28,活跃用户,8,1,0.4244
LCS00002510,U0002510,2026-08-28,沉默用户,4,14,0.1567
LCS00002511,U0002511,2026-08-28,沉默用户,4,13,0.2387
LCS00002512,U0002512,2026-08-28,流失用户,2,84,0.2914
LCS00002513,U0002513,2026-08-28,沉默用户,4,24,0.1542
LCS00002514,U0002514,2026-08-28,活跃用户,5,3,0.4183
LCS00002515,U0002515,2026-08-28,新用户,3,0,0.0667
LCS00002516,U0002516,2026-08-28,沉默用户,15,9,0.3864
LCS00002517,U0002517,2026-08-28,沉默用户,1,18,0.313
LCS00002518,U0002518,2026-08-28,活跃用户,10,7,0.2254
LCS00002519,U0002519,2026-08-28,沉默用户,10,25,0.1702
LCS00002520,U0002520,2026-08-28,沉默用户,15,13,0.524
LCS00002521,U0002521,2026-08-28,活跃用户,8,1,0.4204
LCS00002522,U0002522,2026-08-28,活跃用户,18,1,0.4941
LCS00002523,U0002523,2026-08-28,流失用户,10,87,0.4265
LCS00002524,U0002524,2026-08-28,流失用户,3,75,0.4905
LCS00002525,U0002525,2026-08-28,流失用户,15,79,0.3797
LCS00002526,U0002526,2026-08-28,活跃用户,16,0,0.6928
LCS00002527,U0002527,2026-08-28,沉默用户,17,19,0.391
LCS00002528,U0002528,2026-08-28,活跃用户,3,0,0.2814
LCS00002529,U0002529,2026-08-28,活跃用户,6,0,0.1194
LCS00002530,U0002530,2026-08-28,沉默用户,3,16,0.3844
LCS00002531,U0002531,2026-08-28,沉默用户,12,26,0.3018
LCS00002532,U0002532,2026-08-28,活跃用户,14,0,0.4957
LCS00002533,U0002533,2026-08-28,沉默用户,9,8,0.4121
LCS00002534,U0002534,2026-08-28,新用户,0,0,0.4301
LCS00002535,U0002535,2026-08-28,沉默用户,2,11,0.0743
LCS00002536,U0002536,2026-08-28,流失用户,2,38,0.1648
LCS00002537,U0002537,2026-08-28,流失用户,3,73,0.2436
LCS00002538,U0002538,2026-08-28,沉默用户,4,13,0.3582
LCS00002539,U0002539,2026-08-28,活跃用户,11,4,0.2448
LCS00002540,U0002540,2026-08-28,活跃用户,13,4,0.3912
LCS00002541,U0002541,2026-08-28,活跃用户,12,0,0.2667
LCS00002542,U0002542,2026-08-28,活跃用户,12,6,0.2388
LCS00002543,U0002543,2026-08-28,流失用户,2,64,0.1671
LCS00002544,U0002544,2026-08-28,流失用户,2,124,0.1641
LCS00002545,U0002545,2026-08-28,流失用户,7,90,0.4163
LCS00002546,U0002546,2026-08-28,活跃用户,1,5,0.1771
LCS00002547,U0002547,2026-08-28,活跃用户,13,4,0.4048
LCS00002548,U0002548,2026-08-28,沉默用户,9,9,0.449
LCS00002549,U0002549,2026-08-28,流失用户,6,67,0.4352
LCS00002550,U0002550,2026-08-28,沉默用户,3,8,0.2429
LCS00002551,U0002551,2026-08-28,活跃用户,10,3,0.0829
LCS00002552,U0002552,2026-08-28,活跃用户,14,1,0.187
LCS00002553,U0002553,2026-08-28,流失用户,3,106,0.2337
LCS00002554,U0002554,2026-08-28,沉默用户,8,10,0.5225
LCS00002555,U0002555,2026-08-28,新用户,0,0,0.4219
LCS00002556,U0002556,2026-08-28,活跃用户,4,1,0.1
LCS00002557,U0002557,2026-08-28,流失用户,3,60,0.2552
LCS00002558,U0002558,2026-08-28,流失用户,9,46,0.5326
LCS00002559,U0002559,2026-08-28,活跃用户,10,4,0.2798
LCS00002560,U0002560,2026-08-28,活跃用户,9,6,0.5569
LCS00002561,U0002561,2026-08-28,活跃用户,6,0,0.2804
LCS00002562,U0002562,2026-08-28,沉默用户,4,20,0.5476
LCS00002563,U0002563,2026-08-28,活跃用户,11,2,0.2847
LCS00002564,U0002564,2026-08-28,流失用户,6,51,0.3295
LCS00002565,U0002565,2026-08-28,流失用户,1,107,0.2414
LCS00002566,U0002566,2026-08-28,活跃用户,10,4,0.2278
LCS00002567,U0002567,2026-08-28,活跃用户,8,6,0.4854
LCS00002568,U0002568,2026-08-28,沉默用户,9,8,0.49
LCS00002569,U0002569,2026-08-28,活跃用户,10,0,0.3352
LCS00002570,U0002570,2026-08-28,流失用户,16,34,0.3914
LCS00002571,U0002571,2026-08-28,活跃用户,12,4,0.081
LCS00002572,U0002572,2026-08-28,新用户,1,0,0.5777
LCS00002573,U0002573,2026-08-28,活跃用户,8,3,0.3508
LCS00002574,U0002574,2026-08-28,流失用户,0,65,0.1108
LCS00002575,U0002575,2026-08-28,流失用户,6,46,0.5623
LCS00002576,U0002576,2026-08-28,流失用户,2,225,0.6942
LCS00002577,U0002577,2026-08-28,沉默用户,1,14,0.05
LCS00002578,U0002578,2026-08-28,沉默用户,11,15,0.3912
LCS00002579,U0002579,2026-08-28,沉默用户,14,24,0.2195
LCS00002580,U0002580,2026-08-28,沉默用户,7,16,0.2484
LCS00002581,U0002581,2026-08-28,沉默用户,8,12,0.5044
LCS00002582,U0002582,2026-08-28,流失用户,1,60,0.2253
LCS00002583,U0002583,2026-08-28,沉默用户,13,21,0.1508
LCS00002584,U0002584,2026-08-28,活跃用户,6,5,0.4213
LCS00002585,U0002585,2026-08-28,沉默用户,6,10,0.3142
LCS00002586,U0002586,2026-08-28,沉默用户,2,14,0.2588
LCS00002587,U0002587,2026-08-28,沉默用户,5,18,0.4476
LCS00002588,U0002588,2026-08-28,沉默用户,11,17,0.1367
LCS00002589,U0002589,2026-08-28,沉默用户,10,15,0.4327
LCS00002590,U0002590,2026-08-28,流失用户,13,34,0.3284
LCS00002591,U0002591,2026-08-28,活跃用户,12,3,0.5046
LCS00002592,U0002592,2026-08-28,流失用户,0,44,0.1234
LCS00002593,U0002593,2026-08-28,流失用户,1,74,0.2434
LCS00002594,U0002594,2026-08-28,沉默用户,10,25,0.192
LCS00002595,U0002595,2026-08-28,沉默用户,5,24,0.3224
LCS00002596,U0002596,2026-08-28,活跃用户,4,3,0.1113
LCS00002597,U0002597,2026-08-28,沉默用户,13,18,0.2595
LCS00002598,U0002598,2026-08-28,活跃用户,6,0,0.1803
LCS00002599,U0002599,2026-08-28,流失用户,6,55,0.2545
LCS00002600,U0002600,2026-08-28,流失用户,11,31,0.6338
LCS00002601,U0002601,2026-08-28,活跃用户,4,4,0.3899
LCS00002602,U0002602,2026-08-28,沉默用户,9,24,0.2261
LCS00002603,U0002603,2026-08-28,沉默用户,3,10,0.2177
LCS00002604,U0002604,2026-08-28,沉默用户,13,9,0.384
LCS00002605,U0002605,2026-08-28,沉默用户,8,14,0.2998
LCS00002606,U0002606,2026-08-28,沉默用户,12,25,0.2395
LCS00002607,U0002607,2026-08-28,沉默用户,1,19,0.3099
LCS00002608,U0002608,2026-08-28,活跃用户,7,4,0.3408
LCS00002609,U0002609,2026-08-28,流失用户,13,52,0.3029
LCS00002610,U0002610,2026-08-28,新用户,2,1,0.6838
LCS00002611,U0002611,2026-08-28,活跃用户,7,4,0.2405
LCS00002612,U0002612,2026-08-28,流失用户,0,124,0.0936
LCS00002613,U0002613,2026-08-28,流失用户,6,98,0.4712
LCS00002614,U0002614,2026-08-28,沉默用户,13,16,0.3227
LCS00002615,U0002615,2026-08-28,活跃用户,4,6,0.2141
LCS00002616,U0002616,2026-08-28,活跃用户,10,4,0.4512
LCS00002617,U0002617,2026-08-28,活跃用户,13,1,0.05
LCS00002618,U0002618,2026-08-28,沉默用户,6,26,0.1676
LCS00002619,U0002619,2026-08-28,沉默用户,5,17,0.7347
LCS00002620,U0002620,2026-08-28,活跃用户,8,0,0.3898
LCS00002621,U0002621,2026-08-28,流失用户,7,41,0.4821
LCS00002622,U0002622,2026-08-28,活跃用户,4,5,0.1766
LCS00002623,U0002623,2026-08-28,活跃用户,6,3,0.05
LCS00002624,U0002624,2026-08-28,沉默用户,10,11,0.3363
LCS00002625,U0002625,2026-08-28,活跃用户,6,0,0.4319
LCS00002626,U0002626,2026-08-28,活跃用户,7,4,0.3139
LCS00002627,U0002627,2026-08-28,沉默用户,4,8,0.1752
LCS00002628,U0002628,2026-08-28,活跃用户,10,5,0.1068
LCS00002629,U0002629,2026-08-28,沉默用户,10,13,0.3827
LCS00002630,U0002630,2026-08-28,活跃用户,15,4,0.2687
LCS00002631,U0002631,2026-08-28,活跃用户,4,4,0.3687
LCS00002632,U0002632,2026-08-28,流失用户,3,54,0.4447
LCS00002633,U0002633,2026-08-28,活跃用户,5,3,0.5321
LCS00002634,U0002634,2026-08-28,活跃用户,10,3,0.3042
LCS00002635,U0002635,2026-08-28,活跃用户,5,0,0.3005
LCS00002636,U0002636,2026-08-28,流失用户,2,169,0.3934
LCS00002637,U0002637,2026-08-28,沉默用户,9,16,0.2871
LCS00002638,U0002638,2026-08-28,流失用户,12,31,0.4027
LCS00002639,U0002639,2026-08-28,活跃用户,3,2,0.2124
LCS00002640,U0002640,2026-08-28,活跃用户,14,0,0.1531
LCS00002641,U0002641,2026-08-28,流失用户,11,32,0.1706
LCS00002642,U0002642,2026-08-28,新用户,2,0,0.3073
LCS00002643,U0002643,2026-08-28,沉默用户,12,11,0.3383
LCS00002644,U0002644,2026-08-28,活跃用户,14,0,0.2069
LCS00002645,U0002645,2026-08-28,活跃用户,16,0,0.4704
LCS00002646,U0002646,2026-08-28,活跃用户,2,4,0.4043
LCS00002647,U0002647,2026-08-28,活跃用户,5,2,0.3311
LCS00002648,U0002648,2026-08-28,活跃用户,3,1,0.2429
LCS00002649,U0002649,2026-08-28,活跃用户,14,5,0.4195
LCS00002650,U0002650,2026-08-28,流失用户,2,176,0.3204
LCS00002651,U0002651,2026-08-28,沉默用户,5,16,0.4143
LCS00002652,U0002652,2026-08-28,活跃用户,4,0,0.05
LCS00002653,U0002653,2026-08-28,沉默用户,14,24,0.252
LCS00002654,U0002654,2026-08-28,活跃用户,14,1,0.2295
LCS00002655,U0002655,2026-08-28,活跃用户,8,1,0.336
LCS00002656,U0002656,2026-08-28,流失用户,1,124,0.1316
LCS00002657,U0002657,2026-08-28,沉默用户,12,23,0.3466
LCS00002658,U0002658,2026-08-28,活跃用户,8,2,0.6276
LCS00002659,U0002659,2026-08-28,沉默用户,10,8,0.3807
LCS00002660,U0002660,2026-08-28,沉默用户,14,13,0.502
LCS00002661,U0002661,2026-08-28,新用户,3,0,0.4043
LCS00002662,U0002662,2026-08-28,活跃用户,8,1,0.2085
LCS00002663,U0002663,2026-08-28,沉默用户,2,18,0.1355
LCS00002664,U0002664,2026-08-28,沉默用户,9,15,0.326
LCS00002665,U0002665,2026-08-28,活跃用户,13,3,0.3411
LCS00002666,U0002666,2026-08-28,活跃用户,10,5,0.1145
LCS00002667,U0002667,2026-08-28,流失用户,4,35,0.489
LCS00002668,U0002668,2026-08-28,活跃用户,10,1,0.302
LCS00002669,U0002669,2026-08-28,活跃用户,13,6,0.4887
LCS00002670,U0002670,2026-08-28,沉默用户,5,16,0.3567
LCS00002671,U0002671,2026-08-28,沉默用户,11,8,0.5712
LCS00002672,U0002672,2026-08-28,活跃用户,2,0,0.2833
LCS00002673,U0002673,2026-08-28,沉默用户,3,21,0.501
LCS00002674,U0002674,2026-08-28,活跃用户,2,4,0.1378
LCS00002675,U0002675,2026-08-28,沉默用户,4,9,0.4179
LCS00002676,U0002676,2026-08-28,流失用户,0,209,0.1965
LCS00002677,U0002677,2026-08-28,沉默用户,2,14,0.2587
LCS00002678,U0002678,2026-08-28,活跃用户,19,1,0.5859
LCS00002679,U0002679,2026-08-28,流失用户,1,91,0.2841
LCS00002680,U0002680,2026-08-28,流失用户,2,123,0.1634
LCS00002681,U0002681,2026-08-28,活跃用户,10,4,0.4053
LCS00002682,U0002682,2026-08-28,沉默用户,11,15,0.3412
LCS00002683,U0002683,2026-08-28,流失用户,1,101,0.358
LCS00002684,U0002684,2026-08-28,流失用户,9,54,0.1575
LCS00002685,U0002685,2026-08-28,活跃用户,7,2,0.2654
LCS00002686,U0002686,2026-08-28,活跃用户,12,1,0.2999
LCS00002687,U0002687,2026-08-28,沉默用户,3,10,0.2594
LCS00002688,U0002688,2026-08-28,活跃用户,3,6,0.3431
LCS00002689,U0002689,2026-08-28,沉默用户,4,9,0.2561
LCS00002690,U0002690,2026-08-28,流失用户,12,32,0.354
LCS00002691,U0002691,2026-08-28,流失用户,2,104,0.05
LCS00002692,U0002692,2026-08-28,活跃用户,17,6,0.422
LCS00002693,U0002693,2026-08-28,沉默用户,4,8,0.4153
LCS00002694,U0002694,2026-08-28,活跃用户,14,1,0.0936
LCS00002695,U0002695,2026-08-28,流失用户,7,62,0.4067
LCS00002696,U0002696,2026-08-28,活跃用户,11,6,0.3954
LCS00002697,U0002697,2026-08-28,活跃用户,15,4,0.156
LCS00002698,U0002698,2026-08-28,活跃用户,6,3,0.2133
LCS00002699,U0002699,2026-08-28,沉默用户,2,17,0.416
LCS00002700,U0002700,2026-08-28,活跃用户,16,2,0.2637
LCS00002701,U0002701,2026-08-28,沉默用户,2,8,0.3424
LCS00002702,U0002702,2026-08-28,活跃用户,13,3,0.3566
LCS00002703,U0002703,2026-08-28,沉默用户,3,28,0.4165
LCS00002704,U0002704,2026-08-28,活跃用户,14,2,0.3085
LCS00002705,U0002705,2026-08-28,活跃用户,1,0,0.2648
LCS00002706,U0002706,2026-08-28,流失用户,11,41,0.0724
LCS00002707,U0002707,2026-08-28,沉默用户,5,12,0.3818
LCS00002708,U0002708,2026-08-28,沉默用户,8,17,0.3265
LCS00002709,U0002709,2026-08-28,沉默用户,14,9,0.1654
LCS00002710,U0002710,2026-08-28,沉默用户,13,14,0.1662
LCS00002711,U0002711,2026-08-28,沉默用户,7,24,0.4924
LCS00002712,U0002712,2026-08-28,活跃用户,12,2,0.2597
LCS00002713,U0002713,2026-08-28,活跃用户,7,1,0.2929
LCS00002714,U0002714,2026-08-28,活跃用户,2,5,0.2904
LCS00002715,U0002715,2026-08-28,沉默用户,12,22,0.3106
LCS00002716,U0002716,2026-08-28,流失用户,5,61,0.5287
LCS00002717,U0002717,2026-08-28,活跃用户,5,1,0.4731
LCS00002718,U0002718,2026-08-28,活跃用户,16,0,0.3428
LCS00002719,U0002719,2026-08-28,流失用户,1,61,0.2717
LCS00002720,U0002720,2026-08-28,活跃用户,15,0,0.3727
LCS00002721,U0002721,2026-08-28,沉默用户,5,15,0.4914
LCS00002722,U0002722,2026-08-28,活跃用户,13,4,0.2042
LCS00002723,U0002723,2026-08-28,活跃用户,6,1,0.2689
LCS00002724,U0002724,2026-08-28,沉默用户,5,23,0.1419
LCS00002725,U0002725,2026-08-28,活跃用户,9,6,0.4319
LCS00002726,U0002726,2026-08-28,活跃用户,6,0,0.5188
LCS00002727,U0002727,2026-08-28,流失用户,6,41,0.4346
LCS00002728,U0002728,2026-08-28,沉默用户,3,27,0.2268
LCS00002729,U0002729,2026-08-28,沉默用户,8,9,0.1664
LCS00002730,U0002730,2026-08-28,活跃用户,16,0,0.3603
LCS00002731,U0002731,2026-08-28,沉默用户,7,18,0.3018
LCS00002732,U0002732,2026-08-28,沉默用户,12,9,0.4883
LCS00002733,U0002733,2026-08-28,沉默用户,6,17,0.1559
LCS00002734,U0002734,2026-08-28,活跃用户,17,1,0.2656
LCS00002735,U0002735,2026-08-28,活跃用户,16,0,0.05
LCS00002736,U0002736,2026-08-28,流失用户,2,83,0.3844
LCS00002737,U0002737,2026-08-28,沉默用户,12,11,0.165
LCS00002738,U0002738,2026-08-28,活跃用户,15,0,0.6331
LCS00002739,U0002739,2026-08-28,流失用户,4,149,0.4858
LCS00002740,U0002740,2026-08-28,沉默用户,9,9,0.3741
LCS00002741,U0002741,2026-08-28,流失用户,4,110,0.196
LCS00002742,U0002742,2026-08-28,沉默用户,4,8,0.4188
LCS00002743,U0002743,2026-08-28,流失用户,2,33,0.2916
LCS00002744,U0002744,2026-08-28,流失用户,1,70,0.1729
LCS00002745,U0002745,2026-08-28,流失用户,0,160,0.0894
LCS00002746,U0002746,2026-08-28,活跃用户,1,4,0.3545
LCS00002747,U0002747,2026-08-28,活跃用户,14,4,0.3119
LCS00002748,U0002748,2026-08-28,活跃用户,14,0,0.2587
LCS00002749,U0002749,2026-08-28,沉默用户,9,8,0.3815
LCS00002750,U0002750,2026-08-28,活跃用户,13,6,0.2546
LCS00002751,U0002751,2026-08-28,沉默用户,15,17,0.4022
LCS00002752,U0002752,2026-08-28,沉默用户,3,16,0.05
LCS00002753,U0002753,2026-08-28,活跃用户,3,1,0.4078
LCS00002754,U0002754,2026-08-28,沉默用户,16,27,0.5538
LCS00002755,U0002755,2026-08-28,流失用户,2,48,0.05
LCS00002756,U0002756,2026-08-28,沉默用户,11,22,0.3908
LCS00002757,U0002757,2026-08-28,活跃用户,14,2,0.2926
LCS00002758,U0002758,2026-08-28,新用户,0,0,0.3012
LCS00002759,U0002759,2026-08-28,沉默用户,15,9,0.3867
LCS00002760,U0002760,2026-08-28,活跃用户,8,4,0.2907
LCS00002761,U0002761,2026-08-28,流失用户,6,64,0.2777
LCS00002762,U0002762,2026-08-28,沉默用户,12,15,0.05
LCS00002763,U0002763,2026-08-28,沉默用户,15,16,0.4565
LCS00002764,U0002764,2026-08-28,流失用户,12,35,0.509
LCS00002765,U0002765,2026-08-28,活跃用户,8,6,0.581
LCS00002766,U0002766,2026-08-28,流失用户,3,48,0.2588
LCS00002767,U0002767,2026-08-28,沉默用户,16,21,0.4445
LCS00002768,U0002768,2026-08-28,流失用户,3,180,0.2684
LCS00002769,U0002769,2026-08-28,沉默用户,4,11,0.1596
LCS00002770,U0002770,2026-08-28,活跃用户,10,1,0.27
LCS00002771,U0002771,2026-08-28,活跃用户,7,6,0.4919
LCS00002772,U0002772,2026-08-28,流失用户,9,33,0.2409
LCS00002773,U0002773,2026-08-28,沉默用户,3,12,0.2684
LCS00002774,U0002774,2026-08-28,沉默用户,11,11,0.4855
LCS00002775,U0002775,2026-08-28,活跃用户,14,5,0.3023
LCS00002776,U0002776,2026-08-28,活跃用户,10,0,0.3058
LCS00002777,U0002777,2026-08-28,活跃用户,13,0,0.3648
LCS00002778,U0002778,2026-08-28,沉默用户,8,22,0.05
LCS00002779,U0002779,2026-08-28,流失用户,4,58,0.2071
LCS00002780,U0002780,2026-08-28,流失用户,2,47,0.05
LCS00002781,U0002781,2026-08-28,活跃用户,15,5,0.4426
LCS00002782,U0002782,2026-08-28,沉默用户,16,14,0.4956
LCS00002783,U0002783,2026-08-28,活跃用户,13,5,0.3652
LCS00002784,U0002784,2026-08-28,流失用户,6,102,0.4479
LCS00002785,U0002785,2026-08-28,活跃用户,6,0,0.4766
LCS00002786,U0002786,2026-08-28,沉默用户,4,18,0.1288
LCS00002787,U0002787,2026-08-28,活跃用户,11,1,0.2967
LCS00002788,U0002788,2026-08-28,流失用户,3,73,0.2979
LCS00002789,U0002789,2026-08-28,沉默用户,4,26,0.4211
LCS00002790,U0002790,2026-08-28,活跃用户,8,0,0.3225
LCS00002791,U0002791,2026-08-28,沉默用户,6,13,0.4548
LCS00002792,U0002792,2026-08-28,活跃用户,6,7,0.0794
LCS00002793,U0002793,2026-08-28,活跃用户,14,7,0.3594
LCS00002794,U0002794,2026-08-28,流失用户,2,107,0.3515
LCS00002795,U0002795,2026-08-28,活跃用户,4,0,0.3219
LCS00002796,U0002796,2026-08-28,流失用户,4,53,0.6087
LCS00002797,U0002797,2026-08-28,活跃用户,13,2,0.3795
LCS00002798,U0002798,2026-08-28,活跃用户,5,1,0.4277
LCS00002799,U0002799,2026-08-28,活跃用户,6,0,0.5165
LCS00002800,U0002800,2026-08-28,流失用户,11,95,0.2378
LCS00002801,U0002801,2026-08-28,沉默用户,15,18,0.3585
LCS00002802,U0002802,2026-08-28,流失用户,7,48,0.3347
LCS00002803,U0002803,2026-08-28,沉默用户,15,21,0.2428
LCS00002804,U0002804,2026-08-28,沉默用户,5,27,0.1282
LCS00002805,U0002805,2026-08-28,沉默用户,7,9,0.1498
LCS00002806,U0002806,2026-08-28,活跃用户,8,5,0.3471
LCS00002807,U0002807,2026-08-28,流失用户,2,75,0.1892
LCS00002808,U0002808,2026-08-28,活跃用户,13,0,0.1619
LCS00002809,U0002809,2026-08-28,活跃用户,7,0,0.5844
LCS00002810,U0002810,2026-08-28,活跃用户,15,7,0.4602
LCS00002811,U0002811,2026-08-28,流失用户,3,137,0.2867
LCS00002812,U0002812,2026-08-28,沉默用户,16,16,0.3587
LCS00002813,U0002813,2026-08-28,流失用户,2,52,0.3596
LCS00002814,U0002814,2026-08-28,活跃用户,8,7,0.05
LCS00002815,U0002815,2026-08-28,新用户,7,0,0.2394
LCS00002816,U0002816,2026-08-28,流失用户,3,39,0.4302
LCS00002817,U0002817,2026-08-28,活跃用户,10,1,0.5609
LCS00002818,U0002818,2026-08-28,流失用户,1,234,0.05
LCS00002819,U0002819,2026-08-28,沉默用户,16,23,0.5215
LCS00002820,U0002820,2026-08-28,流失用户,12,56,0.1539
LCS00002821,U0002821,2026-08-28,活跃用户,7,4,0.4076
LCS00002822,U0002822,2026-08-28,活跃用户,4,0,0.2689
LCS00002823,U0002823,2026-08-28,沉默用户,5,23,0.4868
LCS00002824,U0002824,2026-08-28,活跃用户,13,5,0.2693
LCS00002825,U0002825,2026-08-28,活跃用户,5,4,0.4405
LCS00002826,U0002826,2026-08-28,活跃用户,8,0,0.409
LCS00002827,U0002827,2026-08-28,沉默用户,8,20,0.3422
LCS00002828,U0002828,2026-08-28,流失用户,4,47,0.316
LCS00002829,U0002829,2026-08-28,流失用户,2,201,0.3521
LCS00002830,U0002830,2026-08-28,活跃用户,15,3,0.2933
LCS00002831,U0002831,2026-08-28,流失用户,2,119,0.184
LCS00002832,U0002832,2026-08-28,沉默用户,3,27,0.1311
LCS00002833,U0002833,2026-08-28,沉默用户,4,28,0.5472
LCS00002834,U0002834,2026-08-28,活跃用户,16,0,0.2094
LCS00002835,U0002835,2026-08-28,流失用户,4,75,0.4025
LCS00002836,U0002836,2026-08-28,沉默用户,3,16,0.1381
LCS00002837,U0002837,2026-08-28,沉默用户,3,13,0.1327
LCS00002838,U0002838,2026-08-28,沉默用户,7,21,0.3507
LCS00002839,U0002839,2026-08-28,流失用户,8,62,0.3832
LCS00002840,U0002840,2026-08-28,活跃用户,15,1,0.1441
LCS00002841,U0002841,2026-08-28,沉默用户,2,22,0.3028
LCS00002842,U0002842,2026-08-28,活跃用户,9,6,0.3346
LCS00002843,U0002843,2026-08-28,沉默用户,14,9,0.3714
LCS00002844,U0002844,2026-08-28,流失用户,1,132,0.1657
LCS00002845,U0002845,2026-08-28,活跃用户,11,6,0.1729
LCS00002846,U0002846,2026-08-28,沉默用户,9,11,0.2361
LCS00002847,U0002847,2026-08-28,流失用户,4,76,0.3687
LCS00002848,U0002848,2026-08-28,活跃用户,8,1,0.2437
LCS00002849,U0002849,2026-08-28,活跃用户,11,1,0.3529
LCS00002850,U0002850,2026-08-28,活跃用户,13,2,0.4347
LCS00002851,U0002851,2026-08-28,流失用户,1,149,0.2639
LCS00002852,U0002852,2026-08-28,沉默用户,12,8,0.2746
LCS00002853,U0002853,2026-08-28,沉默用户,1,30,0.1354
LCS00002854,U0002854,2026-08-28,活跃用户,2,3,0.2058
LCS00002855,U0002855,2026-08-28,沉默用户,6,26,0.2961
LCS00002856,U0002856,2026-08-28,流失用户,3,68,0.2974
LCS00002857,U0002857,2026-08-28,新用户,0,0,0.2764
LCS00002858,U0002858,2026-08-28,活跃用户,13,7,0.4213
LCS00002859,U0002859,2026-08-28,沉默用户,7,14,0.1651
LCS00002860,U0002860,2026-08-28,沉默用户,11,12,0.3628
LCS00002861,U0002861,2026-08-28,活跃用户,7,1,0.3929
LCS00002862,U0002862,2026-08-28,活跃用户,14,2,0.3926
LCS00002863,U0002863,2026-08-28,沉默用户,16,13,0.1971
LCS00002864,U0002864,2026-08-28,新用户,2,0,0.4268
LCS00002865,U0002865,2026-08-28,活跃用户,15,3,0.1631
LCS00002866,U0002866,2026-08-28,沉默用户,6,9,0.2349
LCS00002867,U0002867,2026-08-28,新用户,0,0,0.2456
LCS00002868,U0002868,2026-08-28,沉默用户,9,13,0.274
LCS00002869,U0002869,2026-08-28,沉默用户,14,8,0.5552
LCS00002870,U0002870,2026-08-28,新用户,2,1,0.2707
LCS00002871,U0002871,2026-08-28,活跃用户,8,2,0.276
LCS00002872,U0002872,2026-08-28,活跃用户,2,5,0.2957
LCS00002873,U0002873,2026-08-28,沉默用户,7,13,0.3164
LCS00002874,U0002874,2026-08-28,活跃用户,6,2,0.2502
LCS00002875,U0002875,2026-08-28,沉默用户,4,23,0.3186
LCS00002876,U0002876,2026-08-28,沉默用户,15,20,0.5016
LCS00002877,U0002877,2026-08-28,流失用户,4,180,0.5096
LCS00002878,U0002878,2026-08-28,沉默用户,16,26,0.3432
LCS00002879,U0002879,2026-08-28,沉默用户,10,26,0.2368
LCS00002880,U0002880,2026-08-28,活跃用户,13,0,0.5291
LCS00002881,U0002881,2026-08-28,活跃用户,15,0,0.2977
LCS00002882,U0002882,2026-08-28,沉默用户,10,25,0.1312
LCS00002883,U0002883,2026-08-28,活跃用户,12,3,0.4921
LCS00002884,U0002884,2026-08-28,活跃用户,9,0,0.222
LCS00002885,U0002885,2026-08-28,沉默用户,15,8,0.05
LCS00002886,U0002886,2026-08-28,新用户,1,6,0.2619
LCS00002887,U0002887,2026-08-28,沉默用户,9,22,0.2843
LCS00002888,U0002888,2026-08-28,沉默用户,9,24,0.1808
LCS00002889,U0002889,2026-08-28,活跃用户,6,2,0.3034
LCS00002890,U0002890,2026-08-28,流失用户,2,154,0.3082
LCS00002891,U0002891,2026-08-28,活跃用户,15,2,0.2443
LCS00002892,U0002892,2026-08-28,流失用户,10,53,0.558
LCS00002893,U0002893,2026-08-28,流失用户,5,93,0.3429
LCS00002894,U0002894,2026-08-28,沉默用户,3,16,0.1642
LCS00002895,U0002895,2026-08-28,流失用户,4,42,0.2717
LCS00002896,U0002896,2026-08-28,流失用户,1,63,0.25
LCS00002897,U0002897,2026-08-28,活跃用户,7,7,0.5197
LCS00002898,U0002898,2026-08-28,沉默用户,15,10,0.05
LCS00002899,U0002899,2026-08-28,流失用户,1,43,0.2139
LCS00002900,U0002900,2026-08-28,活跃用户,14,4,0.6428
LCS00002901,U0002901,2026-08-28,沉默用户,4,20,0.4876
LCS00002902,U0002902,2026-08-28,活跃用户,12,5,0.5388
LCS00002903,U0002903,2026-08-28,沉默用户,5,12,0.4877
LCS00002904,U0002904,2026-08-28,沉默用户,7,14,0.1827
LCS00002905,U0002905,2026-08-28,活跃用户,4,0,0.2873
LCS00002906,U0002906,2026-08-28,沉默用户,11,22,0.075
LCS00002907,U0002907,2026-08-28,活跃用户,11,0,0.2812
LCS00002908,U0002908,2026-08-28,新用户,0,0,0.4396
LCS00002909,U0002909,2026-08-28,活跃用户,2,0,0.5468
LCS00002910,U0002910,2026-08-28,流失用户,6,134,0.4772
LCS00002911,U0002911,2026-08-28,活跃用户,8,5,0.3583
LCS00002912,U0002912,2026-08-28,新用户,4,0,0.32
LCS00002913,U0002913,2026-08-28,活跃用户,11,2,0.1965
LCS00002914,U0002914,2026-08-28,活跃用户,4,0,0.2106
LCS00002915,U0002915,2026-08-28,活跃用户,12,1,0.05
LCS00002916,U0002916,2026-08-28,流失用户,6,75,0.3639
LCS00002917,U0002917,2026-08-28,活跃用户,8,1,0.2432
LCS00002918,U0002918,2026-08-28,沉默用户,2,24,0.3421
LCS00002919,U0002919,2026-08-28,流失用户,6,60,0.3782
LCS00002920,U0002920,2026-08-28,沉默用户,4,26,0.4399
LCS00002921,U0002921,2026-08-28,流失用户,1,85,0.2757
LCS00002922,U0002922,2026-08-28,流失用户,3,47,0.2034
LCS00002923,U0002923,2026-08-28,流失用户,4,58,0.4527
LCS00002924,U0002924,2026-08-28,活跃用户,14,0,0.5005
LCS00002925,U0002925,2026-08-28,沉默用户,9,10,0.3138
LCS00002926,U0002926,2026-08-28,沉默用户,4,10,0.4784
LCS00002927,U0002927,2026-08-28,活跃用户,13,2,0.2839
LCS00002928,U0002928,2026-08-28,沉默用户,2,11,0.1923
LCS00002929,U0002929,2026-08-28,流失用户,2,80,0.1422
LCS00002930,U0002930,2026-08-28,流失用户,0,205,0.3161
LCS00002931,U0002931,2026-08-28,沉默用户,11,8,0.3825
LCS00002932,U0002932,2026-08-28,沉默用户,4,12,0.2625
LCS00002933,U0002933,2026-08-28,活跃用户,2,0,0.3443
LCS00002934,U0002934,2026-08-28,活跃用户,7,1,0.3577
LCS00002935,U0002935,2026-08-28,活跃用户,16,4,0.4584
LCS00002936,U0002936,2026-08-28,活跃用户,14,2,0.1823
LCS00002937,U0002937,2026-08-28,沉默用户,16,12,0.2546
LCS00002938,U0002938,2026-08-28,沉默用户,3,22,0.2047
LCS00002939,U0002939,2026-08-28,沉默用户,5,21,0.278
LCS00002940,U0002940,2026-08-28,沉默用户,4,23,0.1993
LCS00002941,U0002941,2026-08-28,活跃用户,12,0,0.1021
LCS00002942,U0002942,2026-08-28,沉默用户,9,13,0.2807
LCS00002943,U0002943,2026-08-28,流失用户,4,46,0.3553
LCS00002944,U0002944,2026-08-28,沉默用户,10,11,0.2987
LCS00002945,U0002945,2026-08-28,沉默用户,11,21,0.4059
LCS00002946,U0002946,2026-08-28,流失用户,4,58,0.2686
LCS00002947,U0002947,2026-08-28,流失用户,6,34,0.3321
LCS00002948,U0002948,2026-08-28,流失用户,3,47,0.2385
LCS00002949,U0002949,2026-08-28,流失用户,6,43,0.5537
LCS00002950,U0002950,2026-08-28,活跃用户,7,4,0.2593
LCS00002951,U0002951,2026-08-28,流失用户,6,50,0.2744
LCS00002952,U0002952,2026-08-28,流失用户,3,79,0.1965
LCS00002953,U0002953,2026-08-28,活跃用户,5,5,0.3859
LCS00002954,U0002954,2026-08-28,新用户,6,0,0.2381
LCS00002955,U0002955,2026-08-28,沉默用户,7,14,0.4219
LCS00002956,U0002956,2026-08-28,流失用户,5,38,0.3139
LCS00002957,U0002957,2026-08-28,活跃用户,12,4,0.4152
LCS00002958,U0002958,2026-08-28,流失用户,5,55,0.3087
LCS00002959,U0002959,2026-08-28,活跃用户,14,4,0.4499
LCS00002960,U0002960,2026-08-28,流失用户,3,73,0.3457
LCS00002961,U0002961,2026-08-28,沉默用户,7,30,0.3923
LCS00002962,U0002962,2026-08-28,活跃用户,11,5,0.1783
LCS00002963,U0002963,2026-08-28,流失用户,5,112,0.583
LCS00002964,U0002964,2026-08-28,活跃用户,12,1,0.3023
LCS00002965,U0002965,2026-08-28,沉默用户,14,24,0.3689
LCS00002966,U0002966,2026-08-28,流失用户,2,45,0.5674
LCS00002967,U0002967,2026-08-28,流失用户,2,70,0.273
LCS00002968,U0002968,2026-08-28,沉默用户,9,14,0.3533
LCS00002969,U0002969,2026-08-28,活跃用户,6,1,0.375
LCS00002970,U0002970,2026-08-28,流失用户,4,73,0.2388
LCS00002971,U0002971,2026-08-28,流失用户,2,38,0.1131
LCS00002972,U0002972,2026-08-28,活跃用户,5,7,0.2743
LCS00002973,U0002973,2026-08-28,新用户,3,0,0.3239
LCS00002974,U0002974,2026-08-28,新用户,4,0,0.1432
LCS00002975,U0002975,2026-08-28,活跃用户,6,0,0.3108
LCS00002976,U0002976,2026-08-28,流失用户,1,73,0.1684
LCS00002977,U0002977,2026-08-28,活跃用户,16,6,0.4794
LCS00002978,U0002978,2026-08-28,新用户,5,0,0.4356
LCS00002979,U0002979,2026-08-28,流失用户,10,32,0.3732
LCS00002980,U0002980,2026-08-28,流失用户,3,99,0.535
LCS00002981,U0002981,2026-08-28,沉默用户,15,18,0.4101
LCS00002982,U0002982,2026-08-28,沉默用户,7,17,0.3417
LCS00002983,U0002983,2026-08-28,活跃用户,6,2,0.283
LCS00002984,U0002984,2026-08-28,沉默用户,11,15,0.3002
LCS00002985,U0002985,2026-08-28,活跃用户,10,2,0.2793
LCS00002986,U0002986,2026-08-28,流失用户,2,144,0.3858
LCS00002987,U0002987,2026-08-28,流失用户,7,51,0.1138
LCS00002988,U0002988,2026-08-28,活跃用户,10,1,0.3198
LCS00002989,U0002989,2026-08-28,新用户,5,0,0.4954
LCS00002990,U0002990,2026-08-28,流失用户,2,58,0.2032
LCS00002991,U0002991,2026-08-28,活跃用户,17,3,0.5103
LCS00002992,U0002992,2026-08-28,活跃用户,9,1,0.2752
LCS00002993,U0002993,2026-08-28,流失用户,2,48,0.2038
LCS00002994,U0002994,2026-08-28,活跃用户,5,3,0.3311
LCS00002995,U0002995,2026-08-28,流失用户,6,58,0.3769
LCS00002996,U0002996,2026-08-28,活跃用户,4,3,0.087
LCS00002997,U0002997,2026-08-28,活跃用户,6,5,0.5833
LCS00002998,U0002998,2026-08-28,沉默用户,6,14,0.2985
LCS00002999,U0002999,2026-08-28,沉默用户,8,8,0.4714
LCS00003000,U0003000,2026-08-28,新用户,3,3,0.3465
LCS00003001,U0003001,2026-08-28,活跃用户,4,4,0.0684
LCS00003002,U0003002,2026-08-28,新用户,1,5,0.4252
LCS00003003,U0003003,2026-08-28,沉默用户,14,11,0.4564
LCS00003004,U0003004,2026-08-28,流失用户,5,83,0.3392
LCS00003005,U0003005,2026-08-28,活跃用户,11,4,0.4841
LCS00003006,U0003006,2026-08-28,沉默用户,13,27,0.2743
LCS00003007,U0003007,2026-08-28,沉默用户,10,13,0.0604
LCS00003008,U0003008,2026-08-28,流失用户,1,163,0.1702
LCS00003009,U0003009,2026-08-28,沉默用户,6,30,0.4421
LCS00003010,U0003010,2026-08-28,沉默用户,8,9,0.05
LCS00003011,U0003011,2026-08-28,流失用户,3,114,0.5853
LCS00003012,U0003012,2026-08-28,流失用户,2,55,0.3316
LCS00003013,U0003013,2026-08-28,沉默用户,10,21,0.3261
LCS00003014,U0003014,2026-08-28,活跃用户,11,1,0.2164
LCS00003015,U0003015,2026-08-28,活跃用户,12,3,0.2638
LCS00003016,U0003016,2026-08-28,沉默用户,7,17,0.4855
LCS00003017,U0003017,2026-08-28,沉默用户,8,13,0.4151
LCS00003018,U0003018,2026-08-28,活跃用户,11,5,0.05
LCS00003019,U0003019,2026-08-28,沉默用户,13,17,0.0662
LCS00003020,U0003020,2026-08-28,沉默用户,14,13,0.5677
LCS00003021,U0003021,2026-08-28,流失用户,3,129,0.2369
LCS00003022,U0003022,2026-08-28,流失用户,3,52,0.5239
LCS00003023,U0003023,2026-08-28,活跃用户,10,7,0.184
LCS00003024,U0003024,2026-08-28,沉默用户,10,14,0.0713
LCS00003025,U0003025,2026-08-28,流失用户,7,34,0.1628
LCS00003026,U0003026,2026-08-28,新用户,3,0,0.313
LCS00003027,U0003027,2026-08-28,沉默用户,12,10,0.2062
LCS00003028,U0003028,2026-08-28,活跃用户,9,0,0.2446
LCS00003029,U0003029,2026-08-28,活跃用户,13,0,0.387
LCS00003030,U0003030,2026-08-28,流失用户,5,51,0.5307
LCS00003031,U0003031,2026-08-28,沉默用户,5,24,0.2668
LCS00003032,U0003032,2026-08-28,沉默用户,13,13,0.128
LCS00003033,U0003033,2026-08-28,活跃用户,7,4,0.2324
LCS00003034,U0003034,2026-08-28,流失用户,9,45,0.216
LCS00003035,U0003035,2026-08-28,活跃用户,4,7,0.2742
LCS00003036,U0003036,2026-08-28,活跃用户,12,7,0.3773
LCS00003037,U0003037,2026-08-28,活跃用户,5,4,0.3862
LCS00003038,U0003038,2026-08-28,活跃用户,11,4,0.296
LCS00003039,U0003039,2026-08-28,流失用户,3,57,0.3859
LCS00003040,U0003040,2026-08-28,沉默用户,9,16,0.4958
LCS00003041,U0003041,2026-08-28,活跃用户,11,6,0.3866
LCS00003042,U0003042,2026-08-28,沉默用户,4,29,0.2796
LCS00003043,U0003043,2026-08-28,沉默用户,5,9,0.5503
LCS00003044,U0003044,2026-08-28,活跃用户,10,2,0.0609
LCS00003045,U0003045,2026-08-28,流失用户,3,146,0.6333
LCS00003046,U0003046,2026-08-28,活跃用户,15,7,0.1623
LCS00003047,U0003047,2026-08-28,活跃用户,9,0,0.3913
LCS00003048,U0003048,2026-08-28,沉默用户,11,16,0.3998
LCS00003049,U0003049,2026-08-28,沉默用户,3,18,0.0585
LCS00003050,U0003050,2026-08-28,流失用户,2,156,0.3688
LCS00003051,U0003051,2026-08-28,活跃用户,11,0,0.4051
LCS00003052,U0003052,2026-08-28,沉默用户,1,23,0.1974
LCS00003053,U0003053,2026-08-28,沉默用户,12,25,0.2139
LCS00003054,U0003054,2026-08-28,活跃用户,11,7,0.2996
LCS00003055,U0003055,2026-08-28,沉默用户,15,8,0.4919
LCS00003056,U0003056,2026-08-28,活跃用户,15,4,0.2106
LCS00003057,U0003057,2026-08-28,流失用户,2,164,0.1258
LCS00003058,U0003058,2026-08-28,流失用户,0,186,0.2217
LCS00003059,U0003059,2026-08-28,活跃用户,13,4,0.3901
LCS00003060,U0003060,2026-08-28,活跃用户,12,2,0.2378
LCS00003061,U0003061,2026-08-28,活跃用户,4,5,0.2729
LCS00003062,U0003062,2026-08-28,流失用户,10,31,0.4641
LCS00003063,U0003063,2026-08-28,流失用户,2,114,0.2681
LCS00003064,U0003064,2026-08-28,沉默用户,1,10,0.3979
LCS00003065,U0003065,2026-08-28,流失用户,3,155,0.1103
LCS00003066,U0003066,2026-08-28,沉默用户,4,12,0.3635
LCS00003067,U0003067,2026-08-28,流失用户,3,94,0.114
LCS00003068,U0003068,2026-08-28,活跃用户,8,2,0.05
LCS00003069,U0003069,2026-08-28,活跃用户,13,5,0.4868
LCS00003070,U0003070,2026-08-28,沉默用户,12,9,0.485
LCS00003071,U0003071,2026-08-28,沉默用户,12,23,0.4143
LCS00003072,U0003072,2026-08-28,沉默用户,6,16,0.3094
LCS00003073,U0003073,2026-08-28,流失用户,1,76,0.2575
LCS00003074,U0003074,2026-08-28,流失用户,5,116,0.4754
LCS00003075,U0003075,2026-08-28,活跃用户,11,1,0.2873
LCS00003076,U0003076,2026-08-28,活跃用户,7,1,0.1124
LCS00003077,U0003077,2026-08-28,流失用户,4,95,0.4642
LCS00003078,U0003078,2026-08-28,活跃用户,14,0,0.2386
LCS00003079,U0003079,2026-08-28,沉默用户,19,24,0.629
LCS00003080,U0003080,2026-08-28,沉默用户,10,18,0.2164
LCS00003081,U0003081,2026-08-28,流失用户,2,69,0.3506
LCS00003082,U0003082,2026-08-28,沉默用户,15,9,0.2709
LCS00003083,U0003083,2026-08-28,沉默用户,3,11,0.374
LCS00003084,U0003084,2026-08-28,活跃用户,11,2,0.3723
LCS00003085,U0003085,2026-08-28,沉默用户,12,18,0.587
LCS00003086,U0003086,2026-08-28,沉默用户,14,20,0.284
LCS00003087,U0003087,2026-08-28,活跃用户,5,6,0.1622
LCS00003088,U0003088,2026-08-28,沉默用户,16,26,0.2813
LCS00003089,U0003089,2026-08-28,流失用户,3,48,0.2855
LCS00003090,U0003090,2026-08-28,流失用户,6,55,0.1254
LCS00003091,U0003091,2026-08-28,流失用户,3,76,0.3671
LCS00003092,U0003092,2026-08-28,活跃用户,4,0,0.3195
LCS00003093,U0003093,2026-08-28,沉默用户,8,14,0.5123
LCS00003094,U0003094,2026-08-28,沉默用户,15,19,0.3357
LCS00003095,U0003095,2026-08-28,活跃用户,12,6,0.4513
LCS00003096,U0003096,2026-08-28,活跃用户,7,3,0.373
LCS00003097,U0003097,2026-08-28,流失用户,12,46,0.5849
LCS00003098,U0003098,2026-08-28,流失用户,4,32,0.4968
LCS00003099,U0003099,2026-08-28,活跃用户,6,2,0.3347
LCS00003100,U0003100,2026-08-28,沉默用户,5,8,0.4818
LCS00003101,U0003101,2026-08-28,沉默用户,6,12,0.2526
LCS00003102,U0003102,2026-08-28,活跃用户,10,0,0.4376
LCS00003103,U0003103,2026-08-28,活跃用户,4,4,0.2782
LCS00003104,U0003104,2026-08-28,活跃用户,8,6,0.2511
LCS00003105,U0003105,2026-08-28,沉默用户,12,23,0.05
LCS00003106,U0003106,2026-08-28,沉默用户,17,28,0.5689
LCS00003107,U0003107,2026-08-28,沉默用户,4,18,0.1199
LCS00003108,U0003108,2026-08-28,沉默用户,8,10,0.05
LCS00003109,U0003109,2026-08-28,流失用户,4,56,0.5858
LCS00003110,U0003110,2026-08-28,活跃用户,14,1,0.5073
LCS00003111,U0003111,2026-08-28,活跃用户,6,7,0.3979
LCS00003112,U0003112,2026-08-28,沉默用户,1,19,0.4497
LCS00003113,U0003113,2026-08-28,活跃用户,12,0,0.1749
LCS00003114,U0003114,2026-08-28,沉默用户,14,10,0.3749
LCS00003115,U0003115,2026-08-28,流失用户,3,183,0.1962
LCS00003116,U0003116,2026-08-28,流失用户,5,115,0.4073
LCS00003117,U0003117,2026-08-28,流失用户,5,85,0.3135
LCS00003118,U0003118,2026-08-28,流失用户,11,45,0.2155
LCS00003119,U0003119,2026-08-28,活跃用户,14,6,0.3634
LCS00003120,U0003120,2026-08-28,沉默用户,8,9,0.2539
LCS00003121,U0003121,2026-08-28,沉默用户,3,30,0.2486
LCS00003122,U0003122,2026-08-28,沉默用户,2,23,0.2635
LCS00003123,U0003123,2026-08-28,流失用户,2,42,0.3606
LCS00003124,U0003124,2026-08-28,沉默用户,2,25,0.1751
LCS00003125,U0003125,2026-08-28,流失用户,4,53,0.4448
LCS00003126,U0003126,2026-08-28,活跃用户,7,0,0.3942
LCS00003127,U0003127,2026-08-28,流失用户,4,113,0.4604
LCS00003128,U0003128,2026-08-28,沉默用户,4,26,0.2347
LCS00003129,U0003129,2026-08-28,新用户,2,0,0.5174
LCS00003130,U0003130,2026-08-28,活跃用户,13,0,0.2614
LCS00003131,U0003131,2026-08-28,活跃用户,13,6,0.6673
LCS00003132,U0003132,2026-08-28,沉默用户,1,15,0.05
LCS00003133,U0003133,2026-08-28,活跃用户,10,5,0.5041
LCS00003134,U0003134,2026-08-28,流失用户,3,78,0.4564
LCS00003135,U0003135,2026-08-28,沉默用户,16,23,0.6255
LCS00003136,U0003136,2026-08-28,活跃用户,12,7,0.1668
LCS00003137,U0003137,2026-08-28,活跃用户,6,6,0.4392
LCS00003138,U0003138,2026-08-28,活跃用户,6,0,0.05
LCS00003139,U0003139,2026-08-28,沉默用户,13,30,0.5296
LCS00003140,U0003140,2026-08-28,活跃用户,2,0,0.1857
LCS00003141,U0003141,2026-08-28,活跃用户,11,7,0.5812
LCS00003142,U0003142,2026-08-28,沉默用户,3,15,0.4224
LCS00003143,U0003143,2026-08-28,沉默用户,5,20,0.3699
LCS00003144,U0003144,2026-08-28,沉默用户,10,9,0.4944
LCS00003145,U0003145,2026-08-28,沉默用户,10,9,0.3675
LCS00003146,U0003146,2026-08-28,活跃用户,10,0,0.1834
LCS00003147,U0003147,2026-08-28,活跃用户,8,7,0.164
LCS00003148,U0003148,2026-08-28,流失用户,3,60,0.4369
LCS00003149,U0003149,2026-08-28,沉默用户,10,11,0.3635
LCS00003150,U0003150,2026-08-28,活跃用户,16,4,0.379
LCS00003151,U0003151,2026-08-28,流失用户,2,207,0.252
LCS00003152,U0003152,2026-08-28,流失用户,3,76,0.3838
LCS00003153,U0003153,2026-08-28,沉默用户,9,21,0.3594
LCS00003154,U0003154,2026-08-28,流失用户,10,32,0.3336
LCS00003155,U0003155,2026-08-28,活跃用户,5,6,0.376
LCS00003156,U0003156,2026-08-28,活跃用户,4,3,0.2118
LCS00003157,U0003157,2026-08-28,活跃用户,7,5,0.4203
LCS00003158,U0003158,2026-08-28,沉默用户,14,11,0.3467
LCS00003159,U0003159,2026-08-28,沉默用户,9,26,0.3653
LCS00003160,U0003160,2026-08-28,流失用户,4,77,0.2603
LCS00003161,U0003161,2026-08-28,流失用户,6,101,0.1973
LCS00003162,U0003162,2026-08-28,流失用户,3,44,0.3245
LCS00003163,U0003163,2026-08-28,沉默用户,12,8,0.5125
LCS00003164,U0003164,2026-08-28,沉默用户,7,8,0.1807
LCS00003165,U0003165,2026-08-28,流失用户,5,38,0.3192
LCS00003166,U0003166,2026-08-28,流失用户,3,201,0.3346
LCS00003167,U0003167,2026-08-28,沉默用户,2,10,0.5859
LCS00003168,U0003168,2026-08-28,活跃用户,13,6,0.3323
LCS00003169,U0003169,2026-08-28,沉默用户,4,11,0.385
LCS00003170,U0003170,2026-08-28,流失用户,12,34,0.2779
LCS00003171,U0003171,2026-08-28,活跃用户,20,4,0.667
LCS00003172,U0003172,2026-08-28,活跃用户,11,7,0.3948
LCS00003173,U0003173,2026-08-28,流失用户,4,119,0.1118
LCS00003174,U0003174,2026-08-28,沉默用户,8,8,0.4154
LCS00003175,U0003175,2026-08-28,沉默用户,3,14,0.1875
LCS00003176,U0003176,2026-08-28,流失用户,3,101,0.6435
LCS00003177,U0003177,2026-08-28,流失用户,4,50,0.5108
LCS00003178,U0003178,2026-08-28,沉默用户,12,9,0.3124
LCS00003179,U0003179,2026-08-28,沉默用户,4,28,0.1382
LCS00003180,U0003180,2026-08-28,活跃用户,4,0,0.2005
LCS00003181,U0003181,2026-08-28,沉默用户,6,8,0.7037
LCS00003182,U0003182,2026-08-28,活跃用户,15,1,0.2931
LCS00003183,U0003183,2026-08-28,流失用户,6,40,0.05
LCS00003184,U0003184,2026-08-28,沉默用户,9,24,0.2324
LCS00003185,U0003185,2026-08-28,沉默用户,3,16,0.3332
LCS00003186,U0003186,2026-08-28,流失用户,4,37,0.4201
LCS00003187,U0003187,2026-08-28,沉默用户,13,13,0.3105
LCS00003188,U0003188,2026-08-28,活跃用户,15,0,0.8703
LCS00003189,U0003189,2026-08-28,沉默用户,9,18,0.6317
LCS00003190,U0003190,2026-08-28,沉默用户,6,16,0.3046
LCS00003191,U0003191,2026-08-28,活跃用户,7,2,0.5263
LCS00003192,U0003192,2026-08-28,沉默用户,6,29,0.3425
LCS00003193,U0003193,2026-08-28,新用户,1,1,0.3297
LCS00003194,U0003194,2026-08-28,活跃用户,2,2,0.4188
LCS00003195,U0003195,2026-08-28,沉默用户,3,12,0.2123
LCS00003196,U0003196,2026-08-28,沉默用户,6,14,0.2792
LCS00003197,U0003197,2026-08-28,沉默用户,4,8,0.4415
LCS00003198,U0003198,2026-08-28,活跃用户,9,0,0.4015
LCS00003199,U0003199,2026-08-28,沉默用户,10,15,0.172
LCS00003200,U0003200,2026-08-28,流失用户,1,114,0.3695
LCS00003201,U0003201,2026-08-28,流失用户,1,104,0.0796
LCS00003202,U0003202,2026-08-28,沉默用户,8,29,0.5934
LCS00003203,U0003203,2026-08-28,沉默用户,17,12,0.2815
LCS00003204,U0003204,2026-08-28,流失用户,2,67,0.2152
LCS00003205,U0003205,2026-08-28,沉默用户,10,14,0.05
LCS00003206,U0003206,2026-08-28,活跃用户,13,0,0.494
LCS00003207,U0003207,2026-08-28,沉默用户,16,11,0.4064
LCS00003208,U0003208,2026-08-28,活跃用户,1,6,0.3005
LCS00003209,U0003209,2026-08-28,流失用户,1,149,0.3724
LCS00003210,U0003210,2026-08-28,活跃用户,3,0,0.303
LCS00003211,U0003211,2026-08-28,流失用户,5,53,0.6125
LCS00003212,U0003212,2026-08-28,流失用户,7,57,0.1197
LCS00003213,U0003213,2026-08-28,流失用户,1,148,0.1079
LCS00003214,U0003214,2026-08-28,流失用户,6,51,0.185
LCS00003215,U0003215,2026-08-28,流失用户,1,94,0.3035
LCS00003216,U0003216,2026-08-28,活跃用户,14,1,0.4948
LCS00003217,U0003217,2026-08-28,活跃用户,13,5,0.2388
LCS00003218,U0003218,2026-08-28,活跃用户,13,5,0.3402
LCS00003219,U0003219,2026-08-28,流失用户,7,36,0.3364
LCS00003220,U0003220,2026-08-28,流失用户,4,34,0.0571
LCS00003221,U0003221,2026-08-28,沉默用户,1,24,0.2774
LCS00003222,U0003222,2026-08-28,流失用户,1,176,0.256
LCS00003223,U0003223,2026-08-28,活跃用户,10,5,0.6118
LCS00003224,U0003224,2026-08-28,活跃用户,11,0,0.3166
LCS00003225,U0003225,2026-08-28,沉默用户,13,20,0.2582
LCS00003226,U0003226,2026-08-28,沉默用户,13,17,0.2674
LCS00003227,U0003227,2026-08-28,活跃用户,12,0,0.3675
LCS00003228,U0003228,2026-08-28,活跃用户,15,0,0.2615
LCS00003229,U0003229,2026-08-28,活跃用户,8,4,0.182
LCS00003230,U0003230,2026-08-28,活跃用户,16,6,0.4292
LCS00003231,U0003231,2026-08-28,流失用户,1,80,0.05
LCS00003232,U0003232,2026-08-28,沉默用户,9,26,0.083
LCS00003233,U0003233,2026-08-28,流失用户,2,60,0.1235
LCS00003234,U0003234,2026-08-28,流失用户,0,135,0.1021
LCS00003235,U0003235,2026-08-28,沉默用户,9,14,0.3146
LCS00003236,U0003236,2026-08-28,活跃用户,14,1,0.4452
LCS00003237,U0003237,2026-08-28,流失用户,2,44,0.0981
LCS00003238,U0003238,2026-08-28,活跃用户,7,3,0.05
LCS00003239,U0003239,2026-08-28,流失用户,1,202,0.3404
LCS00003240,U0003240,2026-08-28,活跃用户,14,5,0.301
LCS00003241,U0003241,2026-08-28,流失用户,3,46,0.1296
LCS00003242,U0003242,2026-08-28,沉默用户,10,8,0.1832
LCS00003243,U0003243,2026-08-28,流失用户,2,116,0.2651
LCS00003244,U0003244,2026-08-28,沉默用户,3,11,0.1205
LCS00003245,U0003245,2026-08-28,活跃用户,10,0,0.4004
LCS00003246,U0003246,2026-08-28,流失用户,11,64,0.1722
LCS00003247,U0003247,2026-08-28,沉默用户,6,11,0.067
LCS00003248,U0003248,2026-08-28,沉默用户,5,27,0.3702
LCS00003249,U0003249,2026-08-28,活跃用户,8,0,0.3608
LCS00003250,U0003250,2026-08-28,活跃用户,4,1,0.5222
LCS00003251,U0003251,2026-08-28,活跃用户,9,3,0.1836
LCS00003252,U0003252,2026-08-28,流失用户,11,34,0.2641
LCS00003253,U0003253,2026-08-28,沉默用户,4,21,0.1644
LCS00003254,U0003254,2026-08-28,沉默用户,1,11,0.1886
LCS00003255,U0003255,2026-08-28,活跃用户,8,0,0.05
LCS00003256,U0003256,2026-08-28,沉默用户,7,8,0.2514
LCS00003257,U0003257,2026-08-28,活跃用户,13,3,0.4703
LCS00003258,U0003258,2026-08-28,新用户,0,0,0.4543
LCS00003259,U0003259,2026-08-28,沉默用户,5,12,0.05
LCS00003260,U0003260,2026-08-28,沉默用户,6,26,0.3838
LCS00003261,U0003261,2026-08-28,活跃用户,10,1,0.3768
LCS00003262,U0003262,2026-08-28,流失用户,13,33,0.1868
LCS00003263,U0003263,2026-08-28,沉默用户,12,12,0.3604
LCS00003264,U0003264,2026-08-28,沉默用户,6,10,0.3079
LCS00003265,U0003265,2026-08-28,流失用户,3,34,0.05
LCS00003266,U0003266,2026-08-28,沉默用户,14,13,0.3418
LCS00003267,U0003267,2026-08-28,流失用户,3,43,0.216
LCS00003268,U0003268,2026-08-28,活跃用户,7,1,0.3274
LCS00003269,U0003269,2026-08-28,流失用户,5,94,0.05
LCS00003270,U0003270,2026-08-28,沉默用户,8,19,0.4535
LCS00003271,U0003271,2026-08-28,活跃用户,12,1,0.1814
LCS00003272,U0003272,2026-08-28,流失用户,3,51,0.2223
LCS00003273,U0003273,2026-08-28,活跃用户,10,1,0.4464
LCS00003274,U0003274,2026-08-28,沉默用户,12,9,0.5888
LCS00003275,U0003275,2026-08-28,新用户,2,0,0.253
LCS00003276,U0003276,2026-08-28,流失用户,3,100,0.5845
LCS00003277,U0003277,2026-08-28,活跃用户,6,7,0.3373
LCS00003278,U0003278,2026-08-28,沉默用户,6,21,0.2178
LCS00003279,U0003279,2026-08-28,活跃用户,3,2,0.2569
LCS00003280,U0003280,2026-08-28,流失用户,0,130,0.1888
LCS00003281,U0003281,2026-08-28,活跃用户,12,2,0.1874
LCS00003282,U0003282,2026-08-28,沉默用户,11,19,0.352
LCS00003283,U0003283,2026-08-28,活跃用户,11,5,0.361
LCS00003284,U0003284,2026-08-28,活跃用户,6,1,0.677
LCS00003285,U0003285,2026-08-28,活跃用户,10,6,0.4535
LCS00003286,U0003286,2026-08-28,沉默用户,5,29,0.2703
LCS00003287,U0003287,2026-08-28,活跃用户,3,2,0.5186
LCS00003288,U0003288,2026-08-28,沉默用户,2,24,0.4606
LCS00003289,U0003289,2026-08-28,流失用户,2,196,0.2425
LCS00003290,U0003290,2026-08-28,沉默用户,4,28,0.1434
LCS00003291,U0003291,2026-08-28,活跃用户,9,5,0.3528
LCS00003292,U0003292,2026-08-28,流失用户,10,35,0.4484
LCS00003293,U0003293,2026-08-28,流失用户,1,153,0.4429
LCS00003294,U0003294,2026-08-28,活跃用户,6,2,0.3642
LCS00003295,U0003295,2026-08-28,活跃用户,6,7,0.2088
LCS00003296,U0003296,2026-08-28,活跃用户,7,2,0.1901
LCS00003297,U0003297,2026-08-28,活跃用户,7,0,0.3576
LCS00003298,U0003298,2026-08-28,活跃用户,9,1,0.3625
LCS00003299,U0003299,2026-08-28,流失用户,2,132,0.2671
LCS00003300,U0003300,2026-08-28,沉默用户,8,12,0.3236
LCS00003301,U0003301,2026-08-28,流失用户,5,85,0.3978
LCS00003302,U0003302,2026-08-28,流失用户,4,36,0.3937
LCS00003303,U0003303,2026-08-28,活跃用户,14,2,0.1765
LCS00003304,U0003304,2026-08-28,流失用户,0,152,0.4298
LCS00003305,U0003305,2026-08-28,沉默用户,2,9,0.1447
LCS00003306,U0003306,2026-08-28,沉默用户,9,22,0.3727
LCS00003307,U0003307,2026-08-28,流失用户,10,32,0.4264
LCS00003308,U0003308,2026-08-28,活跃用户,12,0,0.05
LCS00003309,U0003309,2026-08-28,沉默用户,6,8,0.3258
LCS00003310,U0003310,2026-08-28,流失用户,2,65,0.2436
LCS00003311,U0003311,2026-08-28,沉默用户,12,28,0.433
LCS00003312,U0003312,2026-08-28,活跃用户,10,6,0.2757
LCS00003313,U0003313,2026-08-28,沉默用户,6,17,0.2523
LCS00003314,U0003314,2026-08-28,流失用户,4,36,0.4756
LCS00003315,U0003315,2026-08-28,活跃用户,14,3,0.3217
LCS00003316,U0003316,2026-08-28,沉默用户,7,8,0.1866
LCS00003317,U0003317,2026-08-28,沉默用户,2,30,0.3523
LCS00003318,U0003318,2026-08-28,沉默用户,9,25,0.7
LCS00003319,U0003319,2026-08-28,活跃用户,2,7,0.128
LCS00003320,U0003320,2026-08-28,流失用户,2,111,0.1987
LCS00003321,U0003321,2026-08-28,新用户,3,0,0.5432
LCS00003322,U0003322,2026-08-28,沉默用户,4,15,0.5655
LCS00003323,U0003323,2026-08-28,沉默用户,14,15,0.3917
LCS00003324,U0003324,2026-08-28,活跃用户,10,3,0.3023
LCS00003325,U0003325,2026-08-28,流失用户,7,55,0.5104
LCS00003326,U0003326,2026-08-28,流失用户,1,115,0.1542
LCS00003327,U0003327,2026-08-28,活跃用户,13,4,0.4402
LCS00003328,U0003328,2026-08-28,新用户,0,0,0.2332
LCS00003329,U0003329,2026-08-28,活跃用户,3,3,0.1591
LCS00003330,U0003330,2026-08-28,沉默用户,13,22,0.05
LCS00003331,U0003331,2026-08-28,沉默用户,7,24,0.2697
LCS00003332,U0003332,2026-08-28,流失用户,2,161,0.3281
LCS00003333,U0003333,2026-08-28,活跃用户,9,0,0.1544
LCS00003334,U0003334,2026-08-28,活跃用户,9,0,0.4651
LCS00003335,U0003335,2026-08-28,活跃用户,17,5,0.2378
LCS00003336,U0003336,2026-08-28,活跃用户,14,1,0.2421
LCS00003337,U0003337,2026-08-28,流失用户,13,44,0.3179
LCS00003338,U0003338,2026-08-28,沉默用户,4,13,0.1148
LCS00003339,U0003339,2026-08-28,活跃用户,10,0,0.288
LCS00003340,U0003340,2026-08-28,流失用户,6,48,0.2741
LCS00003341,U0003341,2026-08-28,沉默用户,12,10,0.1706
LCS00003342,U0003342,2026-08-28,活跃用户,1,3,0.087
LCS00003343,U0003343,2026-08-28,沉默用户,7,8,0.2954
LCS00003344,U0003344,2026-08-28,活跃用户,4,4,0.3503
LCS00003345,U0003345,2026-08-28,活跃用户,10,1,0.2229
LCS00003346,U0003346,2026-08-28,沉默用户,5,18,0.1547
LCS00003347,U0003347,2026-08-28,沉默用户,6,29,0.1386
LCS00003348,U0003348,2026-08-28,沉默用户,6,18,0.2195
LCS00003349,U0003349,2026-08-28,活跃用户,13,3,0.1732
LCS00003350,U0003350,2026-08-28,活跃用户,4,7,0.6579
LCS00003351,U0003351,2026-08-28,沉默用户,9,11,0.2971
LCS00003352,U0003352,2026-08-28,活跃用户,14,3,0.3198
LCS00003353,U0003353,2026-08-28,沉默用户,8,10,0.4793
LCS00003354,U0003354,2026-08-28,流失用户,3,70,0.2244
LCS00003355,U0003355,2026-08-28,沉默用户,14,17,0.3809
LCS00003356,U0003356,2026-08-28,沉默用户,10,20,0.1012
LCS00003357,U0003357,2026-08-28,活跃用户,4,3,0.3297
LCS00003358,U0003358,2026-08-28,沉默用户,5,24,0.4373
LCS00003359,U0003359,2026-08-28,沉默用户,8,19,0.3149
LCS00003360,U0003360,2026-08-28,流失用户,4,108,0.4444
LCS00003361,U0003361,2026-08-28,流失用户,1,49,0.4816
LCS00003362,U0003362,2026-08-28,活跃用户,6,1,0.285
LCS00003363,U0003363,2026-08-28,活跃用户,2,3,0.1273
LCS00003364,U0003364,2026-08-28,沉默用户,12,19,0.4813
LCS00003365,U0003365,2026-08-28,流失用户,5,121,0.4681
LCS00003366,U0003366,2026-08-28,活跃用户,5,4,0.437
LCS00003367,U0003367,2026-08-28,沉默用户,3,20,0.4231
LCS00003368,U0003368,2026-08-28,新用户,3,3,0.2905
LCS00003369,U0003369,2026-08-28,流失用户,3,40,0.4492
LCS00003370,U0003370,2026-08-28,流失用户,2,136,0.1331
LCS00003371,U0003371,2026-08-28,流失用户,6,62,0.2922
LCS00003372,U0003372,2026-08-28,沉默用户,9,8,0.1978
LCS00003373,U0003373,2026-08-28,活跃用户,12,1,0.1773
LCS00003374,U0003374,2026-08-28,流失用户,2,66,0.2219
LCS00003375,U0003375,2026-08-28,活跃用户,16,0,0.3863
LCS00003376,U0003376,2026-08-28,流失用户,3,41,0.3854
LCS00003377,U0003377,2026-08-28,流失用户,2,47,0.3251
LCS00003378,U0003378,2026-08-28,活跃用户,6,6,0.4608
LCS00003379,U0003379,2026-08-28,沉默用户,1,12,0.2376
LCS00003380,U0003380,2026-08-28,沉默用户,10,10,0.5802
LCS00003381,U0003381,2026-08-28,沉默用户,9,20,0.4197
LCS00003382,U0003382,2026-08-28,沉默用户,2,13,0.2019
LCS00003383,U0003383,2026-08-28,流失用户,4,63,0.1947
LCS00003384,U0003384,2026-08-28,流失用户,0,165,0.1319
LCS00003385,U0003385,2026-08-28,新用户,2,0,0.2058
LCS00003386,U0003386,2026-08-28,沉默用户,5,9,0.3164
LCS00003387,U0003387,2026-08-28,沉默用户,9,10,0.3116
LCS00003388,U0003388,2026-08-28,流失用户,1,57,0.199
LCS00003389,U0003389,2026-08-28,活跃用户,7,0,0.12
LCS00003390,U0003390,2026-08-28,沉默用户,4,12,0.3617
LCS00003391,U0003391,2026-08-28,沉默用户,3,12,0.106
LCS00003392,U0003392,2026-08-28,流失用户,1,211,0.1953
LCS00003393,U0003393,2026-08-28,活跃用户,6,1,0.1213
LCS00003394,U0003394,2026-08-28,活跃用户,4,1,0.2723
LCS00003395,U0003395,2026-08-28,沉默用户,2,28,0.2988
LCS00003396,U0003396,2026-08-28,沉默用户,3,14,0.4926
LCS00003397,U0003397,2026-08-28,活跃用户,10,4,0.5295
LCS00003398,U0003398,2026-08-28,活跃用户,2,7,0.2145
LCS00003399,U0003399,2026-08-28,活跃用户,7,3,0.0891
LCS00003400,U0003400,2026-08-28,流失用户,5,66,0.2484
LCS00003401,U0003401,2026-08-28,活跃用户,11,2,0.2406
LCS00003402,U0003402,2026-08-28,活跃用户,9,0,0.533
LCS00003403,U0003403,2026-08-28,活跃用户,15,3,0.3439
LCS00003404,U0003404,2026-08-28,活跃用户,13,7,0.3003
LCS00003405,U0003405,2026-08-28,沉默用户,4,10,0.1151
LCS00003406,U0003406,2026-08-28,活跃用户,14,1,0.2269
LCS00003407,U0003407,2026-08-28,沉默用户,3,29,0.0719
LCS00003408,U0003408,2026-08-28,沉默用户,4,28,0.2814
LCS00003409,U0003409,2026-08-28,流失用户,3,96,0.2136
LCS00003410,U0003410,2026-08-28,沉默用户,14,10,0.261
LCS00003411,U0003411,2026-08-28,沉默用户,6,9,0.1266
LCS00003412,U0003412,2026-08-28,流失用户,0,50,0.278
LCS00003413,U0003413,2026-08-28,沉默用户,13,10,0.1284
LCS00003414,U0003414,2026-08-28,沉默用户,6,20,0.3688
LCS00003415,U0003415,2026-08-28,流失用户,3,73,0.4547
LCS00003416,U0003416,2026-08-28,活跃用户,16,0,0.5405
LCS00003417,U0003417,2026-08-28,流失用户,1,89,0.1493
LCS00003418,U0003418,2026-08-28,新用户,2,0,0.3541
LCS00003419,U0003419,2026-08-28,流失用户,1,126,0.4452
LCS00003420,U0003420,2026-08-28,流失用户,7,65,0.1636
LCS00003421,U0003421,2026-08-28,活跃用户,6,1,0.4417
LCS00003422,U0003422,2026-08-28,沉默用户,7,10,0.2437
LCS00003423,U0003423,2026-08-28,流失用户,3,83,0.2519
LCS00003424,U0003424,2026-08-28,流失用户,2,86,0.3046
LCS00003425,U0003425,2026-08-28,沉默用户,14,16,0.2921
LCS00003426,U0003426,2026-08-28,活跃用户,13,0,0.4008
LCS00003427,U0003427,2026-08-28,流失用户,5,155,0.2828
LCS00003428,U0003428,2026-08-28,沉默用户,10,17,0.1272
LCS00003429,U0003429,2026-08-28,沉默用户,7,20,0.295
LCS00003430,U0003430,2026-08-28,活跃用户,11,5,0.3129
LCS00003431,U0003431,2026-08-28,活跃用户,5,2,0.461
LCS00003432,U0003432,2026-08-28,沉默用户,5,8,0.1724
LCS00003433,U0003433,2026-08-28,沉默用户,8,10,0.4053
LCS00003434,U0003434,2026-08-28,沉默用户,16,12,0.2184
LCS00003435,U0003435,2026-08-28,沉默用户,6,14,0.338
LCS00003436,U0003436,2026-08-28,沉默用户,15,12,0.373
LCS00003437,U0003437,2026-08-28,流失用户,12,47,0.2806
LCS00003438,U0003438,2026-08-28,活跃用户,6,7,0.2493
LCS00003439,U0003439,2026-08-28,流失用户,0,65,0.2478
LCS00003440,U0003440,2026-08-28,流失用户,14,31,0.3521
LCS00003441,U0003441,2026-08-28,活跃用户,7,5,0.2515
LCS00003442,U0003442,2026-08-28,沉默用户,11,23,0.3878
LCS00003443,U0003443,2026-08-28,活跃用户,11,1,0.3035
LCS00003444,U0003444,2026-08-28,流失用户,2,129,0.1444
LCS00003445,U0003445,2026-08-28,流失用户,6,130,0.5288
LCS00003446,U0003446,2026-08-28,沉默用户,6,16,0.4982
LCS00003447,U0003447,2026-08-28,活跃用户,8,3,0.3653
LCS00003448,U0003448,2026-08-28,流失用户,0,89,0.1615
LCS00003449,U0003449,2026-08-28,活跃用户,7,7,0.2589
LCS00003450,U0003450,2026-08-28,沉默用户,4,8,0.2266
LCS00003451,U0003451,2026-08-28,活跃用户,12,6,0.5011
LCS00003452,U0003452,2026-08-28,流失用户,12,31,0.3656
LCS00003453,U0003453,2026-08-28,流失用户,6,95,0.2802
LCS00003454,U0003454,2026-08-28,流失用户,4,36,0.5856
LCS00003455,U0003455,2026-08-28,流失用户,10,38,0.2027
LCS00003456,U0003456,2026-08-28,活跃用户,17,7,0.2785
LCS00003457,U0003457,2026-08-28,活跃用户,6,4,0.3396
LCS00003458,U0003458,2026-08-28,流失用户,1,42,0.1007
LCS00003459,U0003459,2026-08-28,沉默用户,4,8,0.1753
LCS00003460,U0003460,2026-08-28,流失用户,5,74,0.2822
LCS00003461,U0003461,2026-08-28,活跃用户,12,3,0.2278
LCS00003462,U0003462,2026-08-28,活跃用户,10,5,0.3833
LCS00003463,U0003463,2026-08-28,沉默用户,7,15,0.4897
LCS00003464,U0003464,2026-08-28,活跃用户,3,5,0.3786
LCS00003465,U0003465,2026-08-28,活跃用户,6,7,0.3513
LCS00003466,U0003466,2026-08-28,活跃用户,3,4,0.0868
LCS00003467,U0003467,2026-08-28,活跃用户,9,1,0.3686
LCS00003468,U0003468,2026-08-28,流失用户,3,36,0.5137
LCS00003469,U0003469,2026-08-28,活跃用户,17,1,0.3794
LCS00003470,U0003470,2026-08-28,流失用户,13,43,0.4203
LCS00003471,U0003471,2026-08-28,流失用户,13,35,0.5069
LCS00003472,U0003472,2026-08-28,流失用户,10,34,0.433
LCS00003473,U0003473,2026-08-28,沉默用户,8,30,0.351
LCS00003474,U0003474,2026-08-28,沉默用户,16,13,0.2262
LCS00003475,U0003475,2026-08-28,流失用户,3,50,0.3964
LCS00003476,U0003476,2026-08-28,流失用户,6,38,0.256
LCS00003477,U0003477,2026-08-28,流失用户,9,61,0.1756
LCS00003478,U0003478,2026-08-28,活跃用户,10,6,0.3729
LCS00003479,U0003479,2026-08-28,流失用户,4,98,0.2669
LCS00003480,U0003480,2026-08-28,流失用户,4,82,0.2987
LCS00003481,U0003481,2026-08-28,沉默用户,15,16,0.5008
LCS00003482,U0003482,2026-08-28,沉默用户,3,29,0.234
LCS00003483,U0003483,2026-08-28,活跃用户,5,4,0.3486
LCS00003484,U0003484,2026-08-28,沉默用户,3,23,0.4576
LCS00003485,U0003485,2026-08-28,沉默用户,14,28,0.3401
LCS00003486,U0003486,2026-08-28,沉默用户,8,11,0.3242
LCS00003487,U0003487,2026-08-28,活跃用户,11,1,0.2114
LCS00003488,U0003488,2026-08-28,沉默用户,11,27,0.3596
LCS00003489,U0003489,2026-08-28,沉默用户,3,12,0.0929
LCS00003490,U0003490,2026-08-28,活跃用户,14,6,0.5316
LCS00003491,U0003491,2026-08-28,沉默用户,9,29,0.4668
LCS00003492,U0003492,2026-08-28,流失用户,3,107,0.05
LCS00003493,U0003493,2026-08-28,沉默用户,11,9,0.4583
LCS00003494,U0003494,2026-08-28,沉默用户,2,15,0.23
LCS00003495,U0003495,2026-08-28,沉默用户,12,10,0.05
LCS00003496,U0003496,2026-08-28,新用户,3,1,0.1476
LCS00003497,U0003497,2026-08-28,活跃用户,6,1,0.3743
LCS00003498,U0003498,2026-08-28,沉默用户,5,20,0.3582
LCS00003499,U0003499,2026-08-28,沉默用户,9,25,0.3731
LCS00003500,U0003500,2026-08-28,活跃用户,4,2,0.4445
LCS00003501,U0003501,2026-08-28,流失用户,13,54,0.2647
LCS00003502,U0003502,2026-08-28,活跃用户,10,0,0.4349
LCS00003503,U0003503,2026-08-28,沉默用户,16,28,0.2459
LCS00003504,U0003504,2026-08-28,活跃用户,7,0,0.345
LCS00003505,U0003505,2026-08-28,活跃用户,11,0,0.1064
LCS00003506,U0003506,2026-08-28,活跃用户,13,0,0.3017
LCS00003507,U0003507,2026-08-28,活跃用户,13,0,0.5611
LCS00003508,U0003508,2026-08-28,沉默用户,5,29,0.394
LCS00003509,U0003509,2026-08-28,流失用户,4,38,0.3386
LCS00003510,U0003510,2026-08-28,活跃用户,8,0,0.3772
LCS00003511,U0003511,2026-08-28,活跃用户,7,4,0.1986
LCS00003512,U0003512,2026-08-28,活跃用户,4,5,0.228
LCS00003513,U0003513,2026-08-28,活跃用户,17,5,0.4716
LCS00003514,U0003514,2026-08-28,活跃用户,14,1,0.2766
LCS00003515,U0003515,2026-08-28,流失用户,3,99,0.5197
LCS00003516,U0003516,2026-08-28,沉默用户,4,11,0.2758
LCS00003517,U0003517,2026-08-28,流失用户,1,45,0.05
LCS00003518,U0003518,2026-08-28,活跃用户,14,6,0.3119
LCS00003519,U0003519,2026-08-28,流失用户,5,37,0.2899
LCS00003520,U0003520,2026-08-28,流失用户,5,63,0.2441
LCS00003521,U0003521,2026-08-28,沉默用户,14,20,0.1647
LCS00003522,U0003522,2026-08-28,活跃用户,13,3,0.3478
LCS00003523,U0003523,2026-08-28,活跃用户,3,7,0.05
LCS00003524,U0003524,2026-08-28,活跃用户,16,2,0.4151
LCS00003525,U0003525,2026-08-28,流失用户,3,52,0.224
LCS00003526,U0003526,2026-08-28,沉默用户,6,22,0.2962
LCS00003527,U0003527,2026-08-28,沉默用户,8,25,0.272
LCS00003528,U0003528,2026-08-28,沉默用户,3,8,0.3537
LCS00003529,U0003529,2026-08-28,活跃用户,8,6,0.0806
LCS00003530,U0003530,2026-08-28,活跃用户,9,6,0.5696
LCS00003531,U0003531,2026-08-28,活跃用户,12,4,0.4091
LCS00003532,U0003532,2026-08-28,流失用户,6,89,0.2557
LCS00003533,U0003533,2026-08-28,活跃用户,5,7,0.3953
LCS00003534,U0003534,2026-08-28,流失用户,8,40,0.2247
LCS00003535,U0003535,2026-08-28,沉默用户,12,19,0.5423
LCS00003536,U0003536,2026-08-28,活跃用户,14,2,0.4514
LCS00003537,U0003537,2026-08-28,沉默用户,8,18,0.2345
LCS00003538,U0003538,2026-08-28,沉默用户,9,15,0.4167
LCS00003539,U0003539,2026-08-28,活跃用户,2,1,0.3929
LCS00003540,U0003540,2026-08-28,活跃用户,10,2,0.4503
LCS00003541,U0003541,2026-08-28,活跃用户,9,1,0.2555
LCS00003542,U0003542,2026-08-28,沉默用户,15,15,0.3803
LCS00003543,U0003543,2026-08-28,活跃用户,3,5,0.2903
LCS00003544,U0003544,2026-08-28,流失用户,3,88,0.2219
LCS00003545,U0003545,2026-08-28,流失用户,3,152,0.5663
LCS00003546,U0003546,2026-08-28,沉默用户,5,21,0.2381
LCS00003547,U0003547,2026-08-28,活跃用户,5,0,0.3856
LCS00003548,U0003548,2026-08-28,活跃用户,10,2,0.3148
LCS00003549,U0003549,2026-08-28,沉默用户,4,16,0.3039
LCS00003550,U0003550,2026-08-28,活跃用户,11,6,0.3034
LCS00003551,U0003551,2026-08-28,活跃用户,9,6,0.5282
LCS00003552,U0003552,2026-08-28,流失用户,5,92,0.4286
LCS00003553,U0003553,2026-08-28,流失用户,1,39,0.3544
LCS00003554,U0003554,2026-08-28,沉默用户,5,8,0.2213
LCS00003555,U0003555,2026-08-28,流失用户,3,158,0.1445
LCS00003556,U0003556,2026-08-28,流失用户,4,38,0.1614
LCS00003557,U0003557,2026-08-28,沉默用户,4,17,0.5289
LCS00003558,U0003558,2026-08-28,活跃用户,6,4,0.4015
LCS00003559,U0003559,2026-08-28,活跃用户,14,7,0.1224
LCS00003560,U0003560,2026-08-28,沉默用户,14,16,0.5177
LCS00003561,U0003561,2026-08-28,沉默用户,2,26,0.4874
LCS00003562,U0003562,2026-08-28,活跃用户,7,3,0.3854
LCS00003563,U0003563,2026-08-28,活跃用户,10,0,0.2552
LCS00003564,U0003564,2026-08-28,沉默用户,6,19,0.3262
LCS00003565,U0003565,2026-08-28,活跃用户,15,1,0.6431
LCS00003566,U0003566,2026-08-28,流失用户,9,39,0.3798
LCS00003567,U0003567,2026-08-28,活跃用户,5,1,0.3302
LCS00003568,U0003568,2026-08-28,活跃用户,7,6,0.2911
LCS00003569,U0003569,2026-08-28,活跃用户,14,1,0.0726
LCS00003570,U0003570,2026-08-28,沉默用户,5,12,0.1786
LCS00003571,U0003571,2026-08-28,流失用户,1,36,0.175
LCS00003572,U0003572,2026-08-28,流失用户,4,54,0.3492
LCS00003573,U0003573,2026-08-28,流失用户,2,159,0.199
LCS00003574,U0003574,2026-08-28,活跃用户,4,7,0.0792
LCS00003575,U0003575,2026-08-28,活跃用户,9,0,0.1672
LCS00003576,U0003576,2026-08-28,活跃用户,16,0,0.3059
LCS00003577,U0003577,2026-08-28,沉默用户,3,20,0.419
LCS00003578,U0003578,2026-08-28,沉默用户,7,8,0.1048
LCS00003579,U0003579,2026-08-28,活跃用户,6,2,0.3176
LCS00003580,U0003580,2026-08-28,新用户,5,1,0.2482
LCS00003581,U0003581,2026-08-28,沉默用户,16,8,0.0941
LCS00003582,U0003582,2026-08-28,活跃用户,8,2,0.4641
LCS00003583,U0003583,2026-08-28,活跃用户,9,0,0.2933
LCS00003584,U0003584,2026-08-28,沉默用户,14,11,0.432
LCS00003585,U0003585,2026-08-28,活跃用户,15,4,0.2608
LCS00003586,U0003586,2026-08-28,活跃用户,4,6,0.4467
LCS00003587,U0003587,2026-08-28,活跃用户,18,5,0.4572
LCS00003588,U0003588,2026-08-28,流失用户,1,104,0.1803
LCS00003589,U0003589,2026-08-28,沉默用户,6,12,0.3294
LCS00003590,U0003590,2026-08-28,沉默用户,7,15,0.3059
LCS00003591,U0003591,2026-08-28,活跃用户,5,1,0.05
LCS00003592,U0003592,2026-08-28,流失用户,3,49,0.463
LCS00003593,U0003593,2026-08-28,沉默用户,12,13,0.2308
LCS00003594,U0003594,2026-08-28,沉默用户,13,12,0.3069
LCS00003595,U0003595,2026-08-28,活跃用户,11,0,0.05
LCS00003596,U0003596,2026-08-28,流失用户,3,96,0.376
LCS00003597,U0003597,2026-08-28,沉默用户,10,17,0.3755
LCS00003598,U0003598,2026-08-28,活跃用户,12,2,0.5893
LCS00003599,U0003599,2026-08-28,流失用户,2,130,0.1624
LCS00003600,U0003600,2026-08-28,沉默用户,11,9,0.3165
LCS00003601,U0003601,2026-08-28,活跃用户,11,5,0.4082
LCS00003602,U0003602,2026-08-28,流失用户,4,36,0.3346
LCS00003603,U0003603,2026-08-28,沉默用户,3,8,0.4765
LCS00003604,U0003604,2026-08-28,流失用户,2,51,0.5129
LCS00003605,U0003605,2026-08-28,新用户,2,0,0.2956
LCS00003606,U0003606,2026-08-28,沉默用户,9,18,0.412
LCS00003607,U0003607,2026-08-28,活跃用户,9,3,0.3786
LCS00003608,U0003608,2026-08-28,沉默用户,12,12,0.4803
LCS00003609,U0003609,2026-08-28,流失用户,5,31,0.234
LCS00003610,U0003610,2026-08-28,活跃用户,2,3,0.1406
LCS00003611,U0003611,2026-08-28,活跃用户,9,7,0.322
LCS00003612,U0003612,2026-08-28,新用户,3,1,0.05
LCS00003613,U0003613,2026-08-28,流失用户,3,86,0.2976
LCS00003614,U0003614,2026-08-28,活跃用户,2,5,0.267
LCS00003615,U0003615,2026-08-28,沉默用户,9,12,0.2034
LCS00003616,U0003616,2026-08-28,活跃用户,9,3,0.5517
LCS00003617,U0003617,2026-08-28,活跃用户,10,6,0.5158
LCS00003618,U0003618,2026-08-28,流失用户,1,179,0.5683
LCS00003619,U0003619,2026-08-28,流失用户,1,91,0.3261
LCS00003620,U0003620,2026-08-28,流失用户,4,133,0.2965
LCS00003621,U0003621,2026-08-28,沉默用户,4,28,0.2928
LCS00003622,U0003622,2026-08-28,流失用户,6,73,0.1468
LCS00003623,U0003623,2026-08-28,沉默用户,12,8,0.4356
LCS00003624,U0003624,2026-08-28,流失用户,4,54,0.1523
LCS00003625,U0003625,2026-08-28,流失用户,2,102,0.4669
LCS00003626,U0003626,2026-08-28,活跃用户,12,1,0.1714
LCS00003627,U0003627,2026-08-28,沉默用户,15,15,0.05
LCS00003628,U0003628,2026-08-28,流失用户,11,32,0.3532
LCS00003629,U0003629,2026-08-28,流失用户,3,59,0.568
LCS00003630,U0003630,2026-08-28,沉默用户,14,9,0.3333
LCS00003631,U0003631,2026-08-28,活跃用户,7,0,0.153
LCS00003632,U0003632,2026-08-28,活跃用户,2,1,0.1292
LCS00003633,U0003633,2026-08-28,活跃用户,8,2,0.1129
LCS00003634,U0003634,2026-08-28,活跃用户,12,2,0.3082
LCS00003635,U0003635,2026-08-28,活跃用户,11,7,0.2913
LCS00003636,U0003636,2026-08-28,沉默用户,0,28,0.2583
LCS00003637,U0003637,2026-08-28,流失用户,3,54,0.2957
LCS00003638,U0003638,2026-08-28,活跃用户,4,2,0.4324
LCS00003639,U0003639,2026-08-28,沉默用户,12,20,0.4252
LCS00003640,U0003640,2026-08-28,沉默用户,10,20,0.1468
LCS00003641,U0003641,2026-08-28,沉默用户,6,26,0.5691
LCS00003642,U0003642,2026-08-28,流失用户,1,71,0.0895
LCS00003643,U0003643,2026-08-28,流失用户,3,54,0.3466
LCS00003644,U0003644,2026-08-28,活跃用户,4,2,0.1042
LCS00003645,U0003645,2026-08-28,活跃用户,12,0,0.3277
LCS00003646,U0003646,2026-08-28,活跃用户,8,5,0.2351
LCS00003647,U0003647,2026-08-28,沉默用户,6,16,0.3966
LCS00003648,U0003648,2026-08-28,活跃用户,11,0,0.1602
LCS00003649,U0003649,2026-08-28,沉默用户,13,12,0.2618
LCS00003650,U0003650,2026-08-28,活跃用户,10,6,0.2476
LCS00003651,U0003651,2026-08-28,沉默用户,3,25,0.2914
LCS00003652,U0003652,2026-08-28,沉默用户,15,13,0.348
LCS00003653,U0003653,2026-08-28,沉默用户,14,16,0.5337
LCS00003654,U0003654,2026-08-28,活跃用户,3,6,0.2156
LCS00003655,U0003655,2026-08-28,沉默用户,3,16,0.3341
LCS00003656,U0003656,2026-08-28,流失用户,11,33,0.2854
LCS00003657,U0003657,2026-08-28,活跃用户,10,6,0.2553
LCS00003658,U0003658,2026-08-28,活跃用户,16,0,0.6859
LCS00003659,U0003659,2026-08-28,活跃用户,10,2,0.0873
LCS00003660,U0003660,2026-08-28,活跃用户,10,0,0.4541
LCS00003661,U0003661,2026-08-28,流失用户,12,85,0.462
LCS00003662,U0003662,2026-08-28,流失用户,2,96,0.2346
LCS00003663,U0003663,2026-08-28,活跃用户,16,1,0.5011
LCS00003664,U0003664,2026-08-28,沉默用户,13,22,0.3604
LCS00003665,U0003665,2026-08-28,活跃用户,6,3,0.4793
LCS00003666,U0003666,2026-08-28,流失用户,3,64,0.2888
LCS00003667,U0003667,2026-08-28,活跃用户,15,5,0.2462
LCS00003668,U0003668,2026-08-28,流失用户,6,38,0.3186
LCS00003669,U0003669,2026-08-28,沉默用户,12,10,0.2668
LCS00003670,U0003670,2026-08-28,活跃用户,10,1,0.2569
LCS00003671,U0003671,2026-08-28,流失用户,11,36,0.3962
LCS00003672,U0003672,2026-08-28,流失用户,1,80,0.2707
LCS00003673,U0003673,2026-08-28,新用户,2,0,0.2737
LCS00003674,U0003674,2026-08-28,沉默用户,5,20,0.4653
LCS00003675,U0003675,2026-08-28,活跃用户,7,1,0.05
LCS00003676,U0003676,2026-08-28,活跃用户,8,1,0.3905
LCS00003677,U0003677,2026-08-28,活跃用户,9,1,0.3446
LCS00003678,U0003678,2026-08-28,活跃用户,13,5,0.5539
LCS00003679,U0003679,2026-08-28,活跃用户,15,2,0.4313
LCS00003680,U0003680,2026-08-28,流失用户,3,38,0.2684
LCS00003681,U0003681,2026-08-28,流失用户,2,163,0.3729
LCS00003682,U0003682,2026-08-28,流失用户,4,132,0.3883
LCS00003683,U0003683,2026-08-28,活跃用户,12,0,0.3614
LCS00003684,U0003684,2026-08-28,活跃用户,9,6,0.5335
LCS00003685,U0003685,2026-08-28,活跃用户,12,2,0.3764
LCS00003686,U0003686,2026-08-28,沉默用户,10,26,0.1768
LCS00003687,U0003687,2026-08-28,活跃用户,16,0,0.5529
LCS00003688,U0003688,2026-08-28,流失用户,2,138,0.1908
LCS00003689,U0003689,2026-08-28,沉默用户,4,22,0.1363
LCS00003690,U0003690,2026-08-28,活跃用户,17,0,0.361
LCS00003691,U0003691,2026-08-28,流失用户,3,81,0.3422
LCS00003692,U0003692,2026-08-28,活跃用户,3,3,0.1631
LCS00003693,U0003693,2026-08-28,流失用户,3,34,0.4182
LCS00003694,U0003694,2026-08-28,沉默用户,12,11,0.2628
LCS00003695,U0003695,2026-08-28,沉默用户,4,19,0.2188
LCS00003696,U0003696,2026-08-28,沉默用户,6,9,0.279
LCS00003697,U0003697,2026-08-28,沉默用户,5,24,0.3211
LCS00003698,U0003698,2026-08-28,沉默用户,9,8,0.307
LCS00003699,U0003699,2026-08-28,沉默用户,5,9,0.4185
LCS00003700,U0003700,2026-08-28,流失用户,2,74,0.3785
LCS00003701,U0003701,2026-08-28,活跃用户,9,4,0.1857
LCS00003702,U0003702,2026-08-28,沉默用户,5,23,0.3605
LCS00003703,U0003703,2026-08-28,活跃用户,9,4,0.23
LCS00003704,U0003704,2026-08-28,活跃用户,3,4,0.0779
LCS00003705,U0003705,2026-08-28,活跃用户,11,0,0.2657
LCS00003706,U0003706,2026-08-28,流失用户,3,95,0.357
LCS00003707,U0003707,2026-08-28,沉默用户,6,24,0.2622
LCS00003708,U0003708,2026-08-28,沉默用户,15,8,0.4827
LCS00003709,U0003709,2026-08-28,活跃用户,11,4,0.4697
LCS00003710,U0003710,2026-08-28,流失用户,2,156,0.2498
LCS00003711,U0003711,2026-08-28,活跃用户,1,1,0.198
LCS00003712,U0003712,2026-08-28,流失用户,3,70,0.5331
LCS00003713,U0003713,2026-08-28,流失用户,2,31,0.173
LCS00003714,U0003714,2026-08-28,新用户,2,3,0.5751
LCS00003715,U0003715,2026-08-28,新用户,3,2,0.4577
LCS00003716,U0003716,2026-08-28,流失用户,4,185,0.256
LCS00003717,U0003717,2026-08-28,活跃用户,13,1,0.246
LCS00003718,U0003718,2026-08-28,活跃用户,11,4,0.3958
LCS00003719,U0003719,2026-08-28,沉默用户,5,15,0.2145
LCS00003720,U0003720,2026-08-28,活跃用户,15,1,0.4718
LCS00003721,U0003721,2026-08-28,沉默用户,10,29,0.3231
LCS00003722,U0003722,2026-08-28,沉默用户,2,16,0.5093
LCS00003723,U0003723,2026-08-28,流失用户,3,52,0.2095
LCS00003724,U0003724,2026-08-28,沉默用户,12,10,0.2055
LCS00003725,U0003725,2026-08-28,活跃用户,14,6,0.4942
LCS00003726,U0003726,2026-08-28,沉默用户,8,9,0.4636
LCS00003727,U0003727,2026-08-28,活跃用户,9,1,0.2351
LCS00003728,U0003728,2026-08-28,活跃用户,10,2,0.3291
LCS00003729,U0003729,2026-08-28,沉默用户,6,20,0.3588
LCS00003730,U0003730,2026-08-28,活跃用户,4,1,0.286
LCS00003731,U0003731,2026-08-28,活跃用户,14,0,0.1373
LCS00003732,U0003732,2026-08-28,流失用户,6,109,0.6122
LCS00003733,U0003733,2026-08-28,活跃用户,12,0,0.337
LCS00003734,U0003734,2026-08-28,流失用户,3,81,0.4017
LCS00003735,U0003735,2026-08-28,流失用户,13,43,0.2045
LCS00003736,U0003736,2026-08-28,流失用户,2,143,0.1027
LCS00003737,U0003737,2026-08-28,沉默用户,3,14,0.4158
LCS00003738,U0003738,2026-08-28,活跃用户,7,0,0.2892
LCS00003739,U0003739,2026-08-28,沉默用户,12,20,0.5314
LCS00003740,U0003740,2026-08-28,沉默用户,8,18,0.05
LCS00003741,U0003741,2026-08-28,活跃用户,7,3,0.5071
LCS00003742,U0003742,2026-08-28,活跃用户,10,3,0.2054
LCS00003743,U0003743,2026-08-28,沉默用户,4,22,0.3035
LCS00003744,U0003744,2026-08-28,活跃用户,12,4,0.4018
LCS00003745,U0003745,2026-08-28,活跃用户,15,5,0.2756
LCS00003746,U0003746,2026-08-28,流失用户,11,63,0.0593
LCS00003747,U0003747,2026-08-28,活跃用户,1,0,0.2158
LCS00003748,U0003748,2026-08-28,沉默用户,6,16,0.3325
LCS00003749,U0003749,2026-08-28,活跃用户,8,6,0.5106
LCS00003750,U0003750,2026-08-28,流失用户,2,51,0.3347
LCS00003751,U0003751,2026-08-28,沉默用户,9,9,0.5394
LCS00003752,U0003752,2026-08-28,流失用户,3,42,0.4405
LCS00003753,U0003753,2026-08-28,活跃用户,14,5,0.3097
LCS00003754,U0003754,2026-08-28,活跃用户,8,1,0.5726
LCS00003755,U0003755,2026-08-28,活跃用户,10,0,0.3485
LCS00003756,U0003756,2026-08-28,活跃用户,7,6,0.1109
LCS00003757,U0003757,2026-08-28,活跃用户,8,0,0.1555
LCS00003758,U0003758,2026-08-28,流失用户,0,225,0.2063
LCS00003759,U0003759,2026-08-28,新用户,0,1,0.1766
LCS00003760,U0003760,2026-08-28,活跃用户,11,5,0.2791
LCS00003761,U0003761,2026-08-28,流失用户,7,52,0.4476
LCS00003762,U0003762,2026-08-28,沉默用户,4,19,0.4628
LCS00003763,U0003763,2026-08-28,沉默用户,3,17,0.3098
LCS00003764,U0003764,2026-08-28,活跃用户,9,5,0.2119
LCS00003765,U0003765,2026-08-28,沉默用户,11,23,0.1958
LCS00003766,U0003766,2026-08-28,活跃用户,11,5,0.4396
LCS00003767,U0003767,2026-08-28,流失用户,0,150,0.1496
LCS00003768,U0003768,2026-08-28,沉默用户,14,8,0.1034
LCS00003769,U0003769,2026-08-28,活跃用户,14,1,0.5495
LCS00003770,U0003770,2026-08-28,沉默用户,10,13,0.4357
LCS00003771,U0003771,2026-08-28,活跃用户,16,1,0.4078
LCS00003772,U0003772,2026-08-28,沉默用户,12,16,0.1354
LCS00003773,U0003773,2026-08-28,活跃用户,10,2,0.4372
LCS00003774,U0003774,2026-08-28,流失用户,1,63,0.1499
LCS00003775,U0003775,2026-08-28,活跃用户,15,5,0.178
LCS00003776,U0003776,2026-08-28,活跃用户,7,1,0.3363
LCS00003777,U0003777,2026-08-28,沉默用户,9,30,0.5983
LCS00003778,U0003778,2026-08-28,活跃用户,14,3,0.3842
LCS00003779,U0003779,2026-08-28,沉默用户,4,18,0.379
LCS00003780,U0003780,2026-08-28,沉默用户,2,19,0.2104
LCS00003781,U0003781,2026-08-28,活跃用户,5,1,0.4313
LCS00003782,U0003782,2026-08-28,活跃用户,2,1,0.3619
LCS00003783,U0003783,2026-08-28,活跃用户,6,0,0.2718
LCS00003784,U0003784,2026-08-28,流失用户,1,79,0.4159
LCS00003785,U0003785,2026-08-28,活跃用户,8,2,0.2983
LCS00003786,U0003786,2026-08-28,流失用户,0,145,0.2679
LCS00003787,U0003787,2026-08-28,流失用户,13,32,0.3787
LCS00003788,U0003788,2026-08-28,新用户,5,0,0.4459
LCS00003789,U0003789,2026-08-28,流失用户,2,77,0.1387
LCS00003790,U0003790,2026-08-28,活跃用户,9,2,0.12
LCS00003791,U0003791,2026-08-28,流失用户,4,46,0.3826
LCS00003792,U0003792,2026-08-28,流失用户,3,85,0.425
LCS00003793,U0003793,2026-08-28,活跃用户,15,1,0.4724
LCS00003794,U0003794,2026-08-28,沉默用户,11,20,0.322
LCS00003795,U0003795,2026-08-28,活跃用户,10,0,0.3476
LCS00003796,U0003796,2026-08-28,流失用户,1,88,0.1851
LCS00003797,U0003797,2026-08-28,流失用户,0,142,0.1269
LCS00003798,U0003798,2026-08-28,沉默用户,11,9,0.29
LCS00003799,U0003799,2026-08-28,活跃用户,10,5,0.4006
LCS00003800,U0003800,2026-08-28,活跃用户,12,3,0.4448
LCS00003801,U0003801,2026-08-28,沉默用户,4,21,0.3254
LCS00003802,U0003802,2026-08-28,流失用户,10,50,0.34
LCS00003803,U0003803,2026-08-28,沉默用户,3,24,0.2076
LCS00003804,U0003804,2026-08-28,活跃用户,11,0,0.4158
LCS00003805,U0003805,2026-08-28,流失用户,2,62,0.203
LCS00003806,U0003806,2026-08-28,流失用户,5,111,0.3871
LCS00003807,U0003807,2026-08-28,沉默用户,2,12,0.2953
LCS00003808,U0003808,2026-08-28,流失用户,2,102,0.05
LCS00003809,U0003809,2026-08-28,沉默用户,10,12,0.1868
LCS00003810,U0003810,2026-08-28,流失用户,16,34,0.3149
LCS00003811,U0003811,2026-08-28,流失用户,4,89,0.2899
LCS00003812,U0003812,2026-08-28,流失用户,3,135,0.2501
LCS00003813,U0003813,2026-08-28,活跃用户,15,3,0.1488
LCS00003814,U0003814,2026-08-28,沉默用户,9,15,0.3635
LCS00003815,U0003815,2026-08-28,沉默用户,11,13,0.05
LCS00003816,U0003816,2026-08-28,活跃用户,6,5,0.5782
LCS00003817,U0003817,2026-08-28,流失用户,4,40,0.2023
LCS00003818,U0003818,2026-08-28,沉默用户,3,22,0.3146
LCS00003819,U0003819,2026-08-28,沉默用户,13,12,0.4614
LCS00003820,U0003820,2026-08-28,活跃用户,12,1,0.4869
LCS00003821,U0003821,2026-08-28,活跃用户,12,3,0.3399
LCS00003822,U0003822,2026-08-28,流失用户,1,61,0.2302
LCS00003823,U0003823,2026-08-28,活跃用户,9,6,0.1197
LCS00003824,U0003824,2026-08-28,沉默用户,11,8,0.1103
LCS00003825,U0003825,2026-08-28,活跃用户,7,7,0.1901
LCS00003826,U0003826,2026-08-28,沉默用户,13,15,0.5185
LCS00003827,U0003827,2026-08-28,沉默用户,8,27,0.3398
LCS00003828,U0003828,2026-08-28,活跃用户,5,4,0.3455
LCS00003829,U0003829,2026-08-28,活跃用户,3,2,0.3138
LCS00003830,U0003830,2026-08-28,新用户,5,0,0.2397
LCS00003831,U0003831,2026-08-28,沉默用户,6,9,0.2213
LCS00003832,U0003832,2026-08-28,新用户,1,3,0.5443
LCS00003833,U0003833,2026-08-28,沉默用户,4,19,0.3287
LCS00003834,U0003834,2026-08-28,活跃用户,14,0,0.0757
LCS00003835,U0003835,2026-08-28,流失用户,3,34,0.3226
LCS00003836,U0003836,2026-08-28,流失用户,4,71,0.05
LCS00003837,U0003837,2026-08-28,沉默用户,13,12,0.2367
LCS00003838,U0003838,2026-08-28,活跃用户,10,1,0.3596
LCS00003839,U0003839,2026-08-28,活跃用户,15,2,0.2343
LCS00003840,U0003840,2026-08-28,活跃用户,4,1,0.4808
LCS00003841,U0003841,2026-08-28,活跃用户,11,1,0.1979
LCS00003842,U0003842,2026-08-28,沉默用户,4,20,0.1434
LCS00003843,U0003843,2026-08-28,流失用户,6,79,0.5118
LCS00003844,U0003844,2026-08-28,流失用户,7,108,0.5892
LCS00003845,U0003845,2026-08-28,流失用户,1,134,0.05
LCS00003846,U0003846,2026-08-28,活跃用户,5,2,0.4007
LCS00003847,U0003847,2026-08-28,沉默用户,7,15,0.1335
LCS00003848,U0003848,2026-08-28,活跃用户,6,5,0.4632
LCS00003849,U0003849,2026-08-28,流失用户,2,99,0.052
LCS00003850,U0003850,2026-08-28,流失用户,13,40,0.3917
LCS00003851,U0003851,2026-08-28,沉默用户,2,17,0.1227
LCS00003852,U0003852,2026-08-28,沉默用户,4,23,0.3586
LCS00003853,U0003853,2026-08-28,流失用户,4,147,0.326
LCS00003854,U0003854,2026-08-28,活跃用户,9,0,0.5116
LCS00003855,U0003855,2026-08-28,沉默用户,9,14,0.3224
LCS00003856,U0003856,2026-08-28,活跃用户,16,3,0.2591
LCS00003857,U0003857,2026-08-28,沉默用户,9,29,0.05
LCS00003858,U0003858,2026-08-28,活跃用户,9,6,0.3943
LCS00003859,U0003859,2026-08-28,流失用户,6,57,0.6187
LCS00003860,U0003860,2026-08-28,活跃用户,15,0,0.4555
LCS00003861,U0003861,2026-08-28,活跃用户,14,0,0.4483
LCS00003862,U0003862,2026-08-28,活跃用户,3,5,0.4948
LCS00003863,U0003863,2026-08-28,活跃用户,8,4,0.2787
LCS00003864,U0003864,2026-08-28,活跃用户,14,2,0.2441
LCS00003865,U0003865,2026-08-28,新用户,5,0,0.2674
LCS00003866,U0003866,2026-08-28,流失用户,13,33,0.4003
LCS00003867,U0003867,2026-08-28,流失用户,4,37,0.1105
LCS00003868,U0003868,2026-08-28,沉默用户,10,9,0.2853
LCS00003869,U0003869,2026-08-28,活跃用户,9,2,0.489
LCS00003870,U0003870,2026-08-28,活跃用户,13,0,0.4509
LCS00003871,U0003871,2026-08-28,活跃用户,12,2,0.472
LCS00003872,U0003872,2026-08-28,沉默用户,3,28,0.3961
LCS00003873,U0003873,2026-08-28,活跃用户,10,1,0.3936
LCS00003874,U0003874,2026-08-28,流失用户,5,101,0.2783
LCS00003875,U0003875,2026-08-28,沉默用户,5,29,0.4631
LCS00003876,U0003876,2026-08-28,活跃用户,6,5,0.2355
LCS00003877,U0003877,2026-08-28,沉默用户,3,17,0.1583
LCS00003878,U0003878,2026-08-28,沉默用户,3,8,0.2406
LCS00003879,U0003879,2026-08-28,流失用户,7,42,0.3801
LCS00003880,U0003880,2026-08-28,沉默用户,4,25,0.1395
LCS00003881,U0003881,2026-08-28,流失用户,4,74,0.2369
LCS00003882,U0003882,2026-08-28,活跃用户,17,4,0.3029
LCS00003883,U0003883,2026-08-28,流失用户,10,38,0.1364
LCS00003884,U0003884,2026-08-28,沉默用户,3,22,0.1555
LCS00003885,U0003885,2026-08-28,沉默用户,5,20,0.3477
LCS00003886,U0003886,2026-08-28,活跃用户,8,3,0.4772
LCS00003887,U0003887,2026-08-28,新用户,0,0,0.1456
LCS00003888,U0003888,2026-08-28,沉默用户,12,14,0.2058
LCS00003889,U0003889,2026-08-28,新用户,3,1,0.05
LCS00003890,U0003890,2026-08-28,沉默用户,5,25,0.3196
LCS00003891,U0003891,2026-08-28,沉默用户,5,11,0.3524
LCS00003892,U0003892,2026-08-28,流失用户,0,183,0.3187
LCS00003893,U0003893,2026-08-28,活跃用户,13,1,0.3033
LCS00003894,U0003894,2026-08-28,活跃用户,11,4,0.1618
LCS00003895,U0003895,2026-08-28,活跃用户,12,5,0.2778
LCS00003896,U0003896,2026-08-28,流失用户,2,38,0.3059
LCS00003897,U0003897,2026-08-28,活跃用户,13,4,0.2614
LCS00003898,U0003898,2026-08-28,活跃用户,17,2,0.6379
LCS00003899,U0003899,2026-08-28,活跃用户,9,0,0.2759
LCS00003900,U0003900,2026-08-28,流失用户,2,31,0.2621
LCS00003901,U0003901,2026-08-28,流失用户,2,46,0.3169
LCS00003902,U0003902,2026-08-28,流失用户,3,193,0.3466
LCS00003903,U0003903,2026-08-28,流失用户,3,110,0.3543
LCS00003904,U0003904,2026-08-28,活跃用户,5,0,0.3507
LCS00003905,U0003905,2026-08-28,流失用户,6,33,0.4031
LCS00003906,U0003906,2026-08-28,活跃用户,7,0,0.3554
LCS00003907,U0003907,2026-08-28,沉默用户,4,13,0.223
LCS00003908,U0003908,2026-08-28,流失用户,1,63,0.3972
LCS00003909,U0003909,2026-08-28,活跃用户,11,7,0.05
LCS00003910,U0003910,2026-08-28,流失用户,1,102,0.2852
LCS00003911,U0003911,2026-08-28,沉默用户,16,24,0.3253
LCS00003912,U0003912,2026-08-28,活跃用户,3,0,0.3303
LCS00003913,U0003913,2026-08-28,沉默用户,8,9,0.3189
LCS00003914,U0003914,2026-08-28,流失用户,2,70,0.2168
LCS00003915,U0003915,2026-08-28,活跃用户,15,1,0.4655
LCS00003916,U0003916,2026-08-28,沉默用户,6,18,0.1419
LCS00003917,U0003917,2026-08-28,活跃用户,11,3,0.088
LCS00003918,U0003918,2026-08-28,活跃用户,4,4,0.4776
LCS00003919,U0003919,2026-08-28,活跃用户,9,0,0.2583
LCS00003920,U0003920,2026-08-28,流失用户,4,90,0.3166
LCS00003921,U0003921,2026-08-28,沉默用户,15,21,0.3026
LCS00003922,U0003922,2026-08-28,活跃用户,14,2,0.1536
LCS00003923,U0003923,2026-08-28,沉默用户,11,11,0.3383
LCS00003924,U0003924,2026-08-28,沉默用户,1,21,0.1733
LCS00003925,U0003925,2026-08-28,沉默用户,14,23,0.3214
LCS00003926,U0003926,2026-08-28,沉默用户,14,20,0.5343
LCS00003927,U0003927,2026-08-28,活跃用户,10,5,0.1379
LCS00003928,U0003928,2026-08-28,沉默用户,5,27,0.3176
LCS00003929,U0003929,2026-08-28,活跃用户,11,3,0.0887
LCS00003930,U0003930,2026-08-28,活跃用户,10,5,0.3271
LCS00003931,U0003931,2026-08-28,活跃用户,12,1,0.5185
LCS00003932,U0003932,2026-08-28,活跃用户,13,1,0.2127
LCS00003933,U0003933,2026-08-28,新用户,0,0,0.3559
LCS00003934,U0003934,2026-08-28,活跃用户,4,2,0.6132
LCS00003935,U0003935,2026-08-28,沉默用户,2,10,0.2787
LCS00003936,U0003936,2026-08-28,流失用户,1,134,0.2541
LCS00003937,U0003937,2026-08-28,流失用户,2,104,0.3022
LCS00003938,U0003938,2026-08-28,活跃用户,1,5,0.1083
LCS00003939,U0003939,2026-08-28,活跃用户,16,4,0.2822
LCS00003940,U0003940,2026-08-28,流失用户,2,120,0.415
LCS00003941,U0003941,2026-08-28,流失用户,5,86,0.4268
LCS00003942,U0003942,2026-08-28,沉默用户,10,17,0.3709
LCS00003943,U0003943,2026-08-28,新用户,3,0,0.4593
LCS00003944,U0003944,2026-08-28,沉默用户,11,10,0.2507
LCS00003945,U0003945,2026-08-28,活跃用户,14,3,0.5797
LCS00003946,U0003946,2026-08-28,活跃用户,12,6,0.4339
LCS00003947,U0003947,2026-08-28,活跃用户,5,5,0.4809
LCS00003948,U0003948,2026-08-28,新用户,3,0,0.1119
LCS00003949,U0003949,2026-08-28,沉默用户,5,14,0.2394
LCS00003950,U0003950,2026-08-28,活跃用户,8,0,0.3469
LCS00003951,U0003951,2026-08-28,沉默用户,5,29,0.3352
LCS00003952,U0003952,2026-08-28,流失用户,2,32,0.3003
LCS00003953,U0003953,2026-08-28,沉默用户,8,23,0.4376
LCS00003954,U0003954,2026-08-28,流失用户,4,71,0.3283
LCS00003955,U0003955,2026-08-28,活跃用户,8,0,0.3823
LCS00003956,U0003956,2026-08-28,沉默用户,3,23,0.279
LCS00003957,U0003957,2026-08-28,活跃用户,11,5,0.5666
LCS00003958,U0003958,2026-08-28,沉默用户,4,22,0.409
LCS00003959,U0003959,2026-08-28,沉默用户,5,18,0.3776
LCS00003960,U0003960,2026-08-28,活跃用户,14,1,0.1493
LCS00003961,U0003961,2026-08-28,流失用户,2,52,0.2701
LCS00003962,U0003962,2026-08-28,流失用户,5,47,0.4535
LCS00003963,U0003963,2026-08-28,流失用户,9,57,0.1895
LCS00003964,U0003964,2026-08-28,流失用户,2,68,0.4171
LCS00003965,U0003965,2026-08-28,活跃用户,5,4,0.3169
LCS00003966,U0003966,2026-08-28,活跃用户,9,4,0.3428
LCS00003967,U0003967,2026-08-28,活跃用户,17,5,0.3166
LCS00003968,U0003968,2026-08-28,流失用户,15,52,0.1763
LCS00003969,U0003969,2026-08-28,活跃用户,9,3,0.3436
LCS00003970,U0003970,2026-08-28,流失用户,8,44,0.2191
LCS00003971,U0003971,2026-08-28,活跃用户,1,4,0.2803
LCS00003972,U0003972,2026-08-28,新用户,2,2,0.2995
LCS00003973,U0003973,2026-08-28,活跃用户,8,5,0.2273
LCS00003974,U0003974,2026-08-28,活跃用户,12,2,0.2901
LCS00003975,U0003975,2026-08-28,沉默用户,3,19,0.3793
LCS00003976,U0003976,2026-08-28,流失用户,12,42,0.3697
LCS00003977,U0003977,2026-08-28,流失用户,1,62,0.4059
LCS00003978,U0003978,2026-08-28,流失用户,2,225,0.287
LCS00003979,U0003979,2026-08-28,沉默用户,9,13,0.4949
LCS00003980,U0003980,2026-08-28,活跃用户,2,4,0.05
LCS00003981,U0003981,2026-08-28,沉默用户,6,15,0.3137
LCS00003982,U0003982,2026-08-28,活跃用户,15,6,0.23
LCS00003983,U0003983,2026-08-28,活跃用户,8,0,0.4771
LCS00003984,U0003984,2026-08-28,活跃用户,5,5,0.1115
LCS00003985,U0003985,2026-08-28,活跃用户,7,3,0.5267
LCS00003986,U0003986,2026-08-28,流失用户,10,49,0.4508
LCS00003987,U0003987,2026-08-28,沉默用户,2,17,0.0788
LCS00003988,U0003988,2026-08-28,活跃用户,17,6,0.3175
LCS00003989,U0003989,2026-08-28,沉默用户,2,9,0.1641
LCS00003990,U0003990,2026-08-28,新用户,2,0,0.5863
LCS00003991,U0003991,2026-08-28,流失用户,4,48,0.1467
LCS00003992,U0003992,2026-08-28,沉默用户,15,11,0.2354
LCS00003993,U0003993,2026-08-28,活跃用户,9,1,0.2897
LCS00003994,U0003994,2026-08-28,沉默用户,5,13,0.3831
LCS00003995,U0003995,2026-08-28,流失用户,1,130,0.1912
LCS00003996,U0003996,2026-08-28,流失用户,3,58,0.1963
LCS00003997,U0003997,2026-08-28,活跃用户,4,0,0.2519
LCS00003998,U0003998,2026-08-28,流失用户,2,174,0.2327
LCS00003999,U0003999,2026-08-28,沉默用户,4,12,0.1255
LCS00004000,U0004000,2026-08-28,活跃用户,10,4,0.2585
LCS00004001,U0004001,2026-08-28,流失用户,2,46,0.2147
LCS00004002,U0004002,2026-08-28,活跃用户,15,1,0.2767
LCS00004003,U0004003,2026-08-28,沉默用户,4,15,0.3242
LCS00004004,U0004004,2026-08-28,沉默用户,6,10,0.3774
LCS00004005,U0004005,2026-08-28,沉默用户,11,22,0.4834
LCS00004006,U0004006,2026-08-28,活跃用户,2,5,0.2445
LCS00004007,U0004007,2026-08-28,活跃用户,4,4,0.534
LCS00004008,U0004008,2026-08-28,流失用户,2,115,0.05
LCS00004009,U0004009,2026-08-28,活跃用户,9,7,0.4672
LCS00004010,U0004010,2026-08-28,流失用户,4,61,0.3094
LCS00004011,U0004011,2026-08-28,活跃用户,2,3,0.5387
LCS00004012,U0004012,2026-08-28,活跃用户,13,6,0.4982
LCS00004013,U0004013,2026-08-28,沉默用户,3,18,0.2668
LCS00004014,U0004014,2026-08-28,沉默用户,13,27,0.4593
LCS00004015,U0004015,2026-08-28,沉默用户,8,19,0.1488
LCS00004016,U0004016,2026-08-28,活跃用户,10,1,0.2371
LCS00004017,U0004017,2026-08-28,流失用户,2,65,0.0557
LCS00004018,U0004018,2026-08-28,沉默用户,11,11,0.1547
LCS00004019,U0004019,2026-08-28,流失用户,1,41,0.1954
LCS00004020,U0004020,2026-08-28,沉默用户,12,9,0.193
LCS00004021,U0004021,2026-08-28,流失用户,4,46,0.3606
LCS00004022,U0004022,2026-08-28,活跃用户,14,3,0.3019
LCS00004023,U0004023,2026-08-28,沉默用户,4,9,0.4873
LCS00004024,U0004024,2026-08-28,流失用户,10,42,0.1908
LCS00004025,U0004025,2026-08-28,流失用户,1,108,0.2694
LCS00004026,U0004026,2026-08-28,沉默用户,9,30,0.2984
LCS00004027,U0004027,2026-08-28,活跃用户,3,2,0.2498
LCS00004028,U0004028,2026-08-28,活跃用户,7,0,0.4267
LCS00004029,U0004029,2026-08-28,沉默用户,5,9,0.3746
LCS00004030,U0004030,2026-08-28,流失用户,5,37,0.2625
LCS00004031,U0004031,2026-08-28,沉默用户,1,8,0.0994
LCS00004032,U0004032,2026-08-28,活跃用户,3,2,0.3227
LCS00004033,U0004033,2026-08-28,活跃用户,2,3,0.2748
LCS00004034,U0004034,2026-08-28,活跃用户,11,0,0.0969
LCS00004035,U0004035,2026-08-28,沉默用户,7,10,0.3232
LCS00004036,U0004036,2026-08-28,活跃用户,15,1,0.4221
LCS00004037,U0004037,2026-08-28,活跃用户,7,7,0.344
LCS00004038,U0004038,2026-08-28,沉默用户,4,30,0.2774
LCS00004039,U0004039,2026-08-28,活跃用户,12,2,0.3211
LCS00004040,U0004040,2026-08-28,沉默用户,11,17,0.2369
LCS00004041,U0004041,2026-08-28,新用户,2,5,0.05
LCS00004042,U0004042,2026-08-28,流失用户,5,145,0.5004
LCS00004043,U0004043,2026-08-28,沉默用户,5,18,0.4493
LCS00004044,U0004044,2026-08-28,活跃用户,12,3,0.2963
LCS00004045,U0004045,2026-08-28,活跃用户,12,0,0.4992
LCS00004046,U0004046,2026-08-28,活跃用户,17,5,0.6469
LCS00004047,U0004047,2026-08-28,沉默用户,2,15,0.1276
LCS00004048,U0004048,2026-08-28,流失用户,13,35,0.05
LCS00004049,U0004049,2026-08-28,流失用户,1,75,0.1029
LCS00004050,U0004050,2026-08-28,活跃用户,10,0,0.4219
LCS00004051,U0004051,2026-08-28,活跃用户,11,2,0.2752
LCS00004052,U0004052,2026-08-28,流失用户,1,42,0.0968
LCS00004053,U0004053,2026-08-28,沉默用户,8,21,0.4929
LCS00004054,U0004054,2026-08-28,流失用户,0,115,0.2816
LCS00004055,U0004055,2026-08-28,活跃用户,14,7,0.1995
LCS00004056,U0004056,2026-08-28,沉默用户,3,13,0.6731
LCS00004057,U0004057,2026-08-28,活跃用户,9,1,0.3413
LCS00004058,U0004058,2026-08-28,新用户,2,2,0.1572
LCS00004059,U0004059,2026-08-28,沉默用户,13,11,0.1659
LCS00004060,U0004060,2026-08-28,活跃用户,11,3,0.2818
LCS00004061,U0004061,2026-08-28,沉默用户,10,22,0.4317
LCS00004062,U0004062,2026-08-28,流失用户,2,106,0.1487
LCS00004063,U0004063,2026-08-28,流失用户,3,85,0.2165
LCS00004064,U0004064,2026-08-28,沉默用户,11,24,0.3582
LCS00004065,U0004065,2026-08-28,新用户,4,0,0.4319
LCS00004066,U0004066,2026-08-28,活跃用户,11,0,0.4513
LCS00004067,U0004067,2026-08-28,流失用户,3,35,0.2064
LCS00004068,U0004068,2026-08-28,流失用户,5,50,0.4348
LCS00004069,U0004069,2026-08-28,沉默用户,10,26,0.3044
LCS00004070,U0004070,2026-08-28,流失用户,6,65,0.3786
LCS00004071,U0004071,2026-08-28,活跃用户,3,2,0.2161
LCS00004072,U0004072,2026-08-28,活跃用户,7,0,0.1034
LCS00004073,U0004073,2026-08-28,流失用户,3,198,0.1701
LCS00004074,U0004074,2026-08-28,沉默用户,5,26,0.2126
LCS00004075,U0004075,2026-08-28,活跃用户,9,7,0.4033
LCS00004076,U0004076,2026-08-28,沉默用户,15,17,0.2602
LCS00004077,U0004077,2026-08-28,沉默用户,12,18,0.4717
LCS00004078,U0004078,2026-08-28,流失用户,3,46,0.2607
LCS00004079,U0004079,2026-08-28,流失用户,6,63,0.3764
LCS00004080,U0004080,2026-08-28,活跃用户,9,7,0.4542
LCS00004081,U0004081,2026-08-28,新用户,0,0,0.4637
LCS00004082,U0004082,2026-08-28,活跃用户,13,1,0.534
LCS00004083,U0004083,2026-08-28,活跃用户,4,5,0.5252
LCS00004084,U0004084,2026-08-28,沉默用户,13,9,0.1575
LCS00004085,U0004085,2026-08-28,沉默用户,4,21,0.2126
LCS00004086,U0004086,2026-08-28,活跃用户,5,0,0.3037
LCS00004087,U0004087,2026-08-28,流失用户,2,43,0.128
LCS00004088,U0004088,2026-08-28,活跃用户,6,1,0.2492
LCS00004089,U0004089,2026-08-28,流失用户,2,51,0.05
LCS00004090,U0004090,2026-08-28,活跃用户,15,6,0.4127
LCS00004091,U0004091,2026-08-28,沉默用户,12,8,0.1962
LCS00004092,U0004092,2026-08-28,流失用户,11,63,0.342
LCS00004093,U0004093,2026-08-28,沉默用户,12,15,0.4924
LCS00004094,U0004094,2026-08-28,流失用户,0,114,0.1912
LCS00004095,U0004095,2026-08-28,活跃用户,10,3,0.3709
LCS00004096,U0004096,2026-08-28,沉默用户,12,9,0.1115
LCS00004097,U0004097,2026-08-28,活跃用户,4,0,0.4497
LCS00004098,U0004098,2026-08-28,沉默用户,2,21,0.3473
LCS00004099,U0004099,2026-08-28,沉默用户,6,9,0.2457
LCS00004100,U0004100,2026-08-28,沉默用户,4,14,0.2806
LCS00004101,U0004101,2026-08-28,流失用户,1,69,0.1494
LCS00004102,U0004102,2026-08-28,新用户,0,0,0.3937
LCS00004103,U0004103,2026-08-28,沉默用户,5,11,0.3081
LCS00004104,U0004104,2026-08-28,沉默用户,13,11,0.2773
LCS00004105,U0004105,2026-08-28,沉默用户,2,30,0.3801
LCS00004106,U0004106,2026-08-28,沉默用户,13,12,0.5494
LCS00004107,U0004107,2026-08-28,活跃用户,9,1,0.4491
LCS00004108,U0004108,2026-08-28,沉默用户,3,13,0.3135
LCS00004109,U0004109,2026-08-28,活跃用户,14,5,0.05
LCS00004110,U0004110,2026-08-28,沉默用户,13,11,0.2385
LCS00004111,U0004111,2026-08-28,活跃用户,12,1,0.5903
LCS00004112,U0004112,2026-08-28,流失用户,0,32,0.05
LCS00004113,U0004113,2026-08-28,流失用户,1,75,0.0501
LCS00004114,U0004114,2026-08-28,流失用户,9,56,0.6042
LCS00004115,U0004115,2026-08-28,沉默用户,3,23,0.4156
LCS00004116,U0004116,2026-08-28,沉默用户,10,12,0.5268
LCS00004117,U0004117,2026-08-28,沉默用户,9,23,0.3877
LCS00004118,U0004118,2026-08-28,活跃用户,13,1,0.1308
LCS00004119,U0004119,2026-08-28,沉默用户,12,13,0.1756
LCS00004120,U0004120,2026-08-28,新用户,0,4,0.3149
LCS00004121,U0004121,2026-08-28,活跃用户,17,0,0.3886
LCS00004122,U0004122,2026-08-28,沉默用户,6,21,0.1265
LCS00004123,U0004123,2026-08-28,活跃用户,16,7,0.2741
LCS00004124,U0004124,2026-08-28,活跃用户,7,4,0.3484
LCS00004125,U0004125,2026-08-28,流失用户,2,114,0.2167
LCS00004126,U0004126,2026-08-28,流失用户,1,36,0.3645
LCS00004127,U0004127,2026-08-28,活跃用户,11,2,0.3374
LCS00004128,U0004128,2026-08-28,沉默用户,11,17,0.3606
LCS00004129,U0004129,2026-08-28,沉默用户,9,17,0.4068
LCS00004130,U0004130,2026-08-28,流失用户,3,52,0.4425
LCS00004131,U0004131,2026-08-28,活跃用户,5,2,0.3645
LCS00004132,U0004132,2026-08-28,沉默用户,15,8,0.3923
LCS00004133,U0004133,2026-08-28,流失用户,5,57,0.2424
LCS00004134,U0004134,2026-08-28,流失用户,1,71,0.2727
LCS00004135,U0004135,2026-08-28,流失用户,6,57,0.4197
LCS00004136,U0004136,2026-08-28,活跃用户,9,2,0.1639
LCS00004137,U0004137,2026-08-28,沉默用户,3,11,0.2691
LCS00004138,U0004138,2026-08-28,活跃用户,15,2,0.3737
LCS00004139,U0004139,2026-08-28,新用户,4,1,0.3544
LCS00004140,U0004140,2026-08-28,活跃用户,3,0,0.13
LCS00004141,U0004141,2026-08-28,活跃用户,9,0,0.173
LCS00004142,U0004142,2026-08-28,沉默用户,2,11,0.578
LCS00004143,U0004143,2026-08-28,活跃用户,7,0,0.1018
LCS00004144,U0004144,2026-08-28,流失用户,5,41,0.2681
LCS00004145,U0004145,2026-08-28,流失用户,8,100,0.3171
LCS00004146,U0004146,2026-08-28,流失用户,3,84,0.2044
LCS00004147,U0004147,2026-08-28,活跃用户,16,6,0.3105
LCS00004148,U0004148,2026-08-28,活跃用户,3,3,0.1776
LCS00004149,U0004149,2026-08-28,活跃用户,15,2,0.3059
LCS00004150,U0004150,2026-08-28,流失用户,5,46,0.4643
LCS00004151,U0004151,2026-08-28,流失用户,3,130,0.4463
LCS00004152,U0004152,2026-08-28,流失用户,2,80,0.05
LCS00004153,U0004153,2026-08-28,新用户,3,0,0.5178
LCS00004154,U0004154,2026-08-28,活跃用户,9,1,0.209
LCS00004155,U0004155,2026-08-28,流失用户,0,235,0.1858
LCS00004156,U0004156,2026-08-28,流失用户,4,60,0.3656
LCS00004157,U0004157,2026-08-28,流失用户,1,60,0.05
LCS00004158,U0004158,2026-08-28,活跃用户,3,2,0.0835
LCS00004159,U0004159,2026-08-28,流失用户,3,58,0.6966
LCS00004160,U0004160,2026-08-28,流失用户,9,64,0.1586
LCS00004161,U0004161,2026-08-28,沉默用户,6,22,0.3154
LCS00004162,U0004162,2026-08-28,沉默用户,14,17,0.3355
LCS00004163,U0004163,2026-08-28,新用户,7,0,0.3225
LCS00004164,U0004164,2026-08-28,流失用户,1,62,0.1105
LCS00004165,U0004165,2026-08-28,沉默用户,11,9,0.3014
LCS00004166,U0004166,2026-08-28,沉默用户,16,9,0.2087
LCS00004167,U0004167,2026-08-28,沉默用户,15,12,0.1892
LCS00004168,U0004168,2026-08-28,流失用户,11,61,0.5867
LCS00004169,U0004169,2026-08-28,活跃用户,14,0,0.4214
LCS00004170,U0004170,2026-08-28,活跃用户,13,6,0.3405
LCS00004171,U0004171,2026-08-28,流失用户,2,62,0.3788
LCS00004172,U0004172,2026-08-28,活跃用户,9,3,0.3447
LCS00004173,U0004173,2026-08-28,沉默用户,6,8,0.5543
LCS00004174,U0004174,2026-08-28,流失用户,6,79,0.4017
LCS00004175,U0004175,2026-08-28,流失用户,1,79,0.107
LCS00004176,U0004176,2026-08-28,活跃用户,4,6,0.3139
LCS00004177,U0004177,2026-08-28,活跃用户,1,1,0.3722
LCS00004178,U0004178,2026-08-28,沉默用户,5,21,0.05
LCS00004179,U0004179,2026-08-28,活跃用户,4,4,0.5622
LCS00004180,U0004180,2026-08-28,流失用户,7,50,0.3741
LCS00004181,U0004181,2026-08-28,活跃用户,7,4,0.2891
LCS00004182,U0004182,2026-08-28,流失用户,1,108,0.2768
LCS00004183,U0004183,2026-08-28,流失用户,5,97,0.2468
LCS00004184,U0004184,2026-08-28,活跃用户,11,5,0.4902
LCS00004185,U0004185,2026-08-28,活跃用户,14,1,0.4371
LCS00004186,U0004186,2026-08-28,活跃用户,16,4,0.5191
LCS00004187,U0004187,2026-08-28,沉默用户,10,15,0.4205
LCS00004188,U0004188,2026-08-28,活跃用户,12,1,0.1989
LCS00004189,U0004189,2026-08-28,活跃用户,14,3,0.3461
LCS00004190,U0004190,2026-08-28,活跃用户,2,3,0.1382
LCS00004191,U0004191,2026-08-28,流失用户,9,49,0.4804
LCS00004192,U0004192,2026-08-28,流失用户,3,67,0.4594
LCS00004193,U0004193,2026-08-28,流失用户,4,56,0.2011
LCS00004194,U0004194,2026-08-28,流失用户,3,56,0.2733
LCS00004195,U0004195,2026-08-28,活跃用户,8,0,0.1953
LCS00004196,U0004196,2026-08-28,沉默用户,12,10,0.3466
LCS00004197,U0004197,2026-08-28,活跃用户,9,4,0.4405
LCS00004198,U0004198,2026-08-28,新用户,3,0,0.2093
LCS00004199,U0004199,2026-08-28,流失用户,3,37,0.2856
LCS00004200,U0004200,2026-08-28,活跃用户,3,6,0.178
LCS00004201,U0004201,2026-08-28,沉默用户,15,9,0.4216
LCS00004202,U0004202,2026-08-28,新用户,6,0,0.446
LCS00004203,U0004203,2026-08-28,流失用户,2,214,0.3313
LCS00004204,U0004204,2026-08-28,活跃用户,14,6,0.3699
LCS00004205,U0004205,2026-08-28,沉默用户,3,24,0.2685
LCS00004206,U0004206,2026-08-28,活跃用户,9,1,0.2933
LCS00004207,U0004207,2026-08-28,沉默用户,7,11,0.306
LCS00004208,U0004208,2026-08-28,流失用户,6,55,0.2232
LCS00004209,U0004209,2026-08-28,活跃用户,11,2,0.2233
LCS00004210,U0004210,2026-08-28,活跃用户,6,0,0.5031
LCS00004211,U0004211,2026-08-28,沉默用户,6,21,0.2131
LCS00004212,U0004212,2026-08-28,沉默用户,7,25,0.3362
LCS00004213,U0004213,2026-08-28,活跃用户,10,5,0.2119
LCS00004214,U0004214,2026-08-28,活跃用户,3,2,0.2549
LCS00004215,U0004215,2026-08-28,沉默用户,18,14,0.4842
LCS00004216,U0004216,2026-08-28,流失用户,2,43,0.1419
LCS00004217,U0004217,2026-08-28,活跃用户,14,2,0.3862
LCS00004218,U0004218,2026-08-28,活跃用户,11,2,0.2049
LCS00004219,U0004219,2026-08-28,流失用户,7,31,0.2971
LCS00004220,U0004220,2026-08-28,活跃用户,11,0,0.351
LCS00004221,U0004221,2026-08-28,活跃用户,9,6,0.3505
LCS00004222,U0004222,2026-08-28,沉默用户,13,20,0.2172
LCS00004223,U0004223,2026-08-28,沉默用户,2,8,0.4252
LCS00004224,U0004224,2026-08-28,活跃用户,9,2,0.5865
LCS00004225,U0004225,2026-08-28,流失用户,4,79,0.3747
LCS00004226,U0004226,2026-08-28,活跃用户,16,0,0.6291
LCS00004227,U0004227,2026-08-28,沉默用户,11,8,0.126
LCS00004228,U0004228,2026-08-28,沉默用户,6,16,0.4932
LCS00004229,U0004229,2026-08-28,流失用户,5,68,0.3713
LCS00004230,U0004230,2026-08-28,沉默用户,11,12,0.1287
LCS00004231,U0004231,2026-08-28,沉默用户,13,8,0.0521
LCS00004232,U0004232,2026-08-28,沉默用户,9,20,0.4009
LCS00004233,U0004233,2026-08-28,活跃用户,13,5,0.4749
LCS00004234,U0004234,2026-08-28,流失用户,2,37,0.06
LCS00004235,U0004235,2026-08-28,活跃用户,12,5,0.2714
LCS00004236,U0004236,2026-08-28,活跃用户,8,1,0.3316
LCS00004237,U0004237,2026-08-28,活跃用户,7,0,0.4265
LCS00004238,U0004238,2026-08-28,新用户,3,0,0.1897
LCS00004239,U0004239,2026-08-28,沉默用户,2,18,0.1236
LCS00004240,U0004240,2026-08-28,沉默用户,15,12,0.2916
LCS00004241,U0004241,2026-08-28,活跃用户,14,3,0.2715
LCS00004242,U0004242,2026-08-28,沉默用户,7,14,0.4
LCS00004243,U0004243,2026-08-28,活跃用户,8,1,0.2275
LCS00004244,U0004244,2026-08-28,沉默用户,8,25,0.2605
LCS00004245,U0004245,2026-08-28,流失用户,4,67,0.3312
LCS00004246,U0004246,2026-08-28,流失用户,2,188,0.3131
LCS00004247,U0004247,2026-08-28,流失用户,1,141,0.311
LCS00004248,U0004248,2026-08-28,活跃用户,14,1,0.513
LCS00004249,U0004249,2026-08-28,活跃用户,3,0,0.3716
LCS00004250,U0004250,2026-08-28,新用户,3,2,0.4145
LCS00004251,U0004251,2026-08-28,活跃用户,15,3,0.3521
LCS00004252,U0004252,2026-08-28,流失用户,11,31,0.2676
LCS00004253,U0004253,2026-08-28,流失用户,2,224,0.5868
LCS00004254,U0004254,2026-08-28,流失用户,2,54,0.2139
LCS00004255,U0004255,2026-08-28,沉默用户,15,20,0.3126
LCS00004256,U0004256,2026-08-28,沉默用户,12,29,0.5899
LCS00004257,U0004257,2026-08-28,活跃用户,15,0,0.5754
LCS00004258,U0004258,2026-08-28,沉默用户,3,15,0.2503
LCS00004259,U0004259,2026-08-28,活跃用户,8,2,0.2966
LCS00004260,U0004260,2026-08-28,沉默用户,5,22,0.6348
LCS00004261,U0004261,2026-08-28,新用户,5,0,0.05
LCS00004262,U0004262,2026-08-28,流失用户,6,41,0.4545
LCS00004263,U0004263,2026-08-28,活跃用户,1,3,0.2857
LCS00004264,U0004264,2026-08-28,流失用户,8,36,0.1944
LCS00004265,U0004265,2026-08-28,活跃用户,8,2,0.1941
LCS00004266,U0004266,2026-08-28,活跃用户,9,0,0.4799
LCS00004267,U0004267,2026-08-28,活跃用户,2,5,0.3557
LCS00004268,U0004268,2026-08-28,沉默用户,8,22,0.2079
LCS00004269,U0004269,2026-08-28,活跃用户,9,6,0.4171
LCS00004270,U0004270,2026-08-28,沉默用户,14,21,0.3572
LCS00004271,U0004271,2026-08-28,活跃用户,15,0,0.3144
LCS00004272,U0004272,2026-08-28,流失用户,3,99,0.3206
LCS00004273,U0004273,2026-08-28,沉默用户,14,8,0.2744
LCS00004274,U0004274,2026-08-28,活跃用户,10,0,0.4606
LCS00004275,U0004275,2026-08-28,流失用户,2,45,0.2705
LCS00004276,U0004276,2026-08-28,沉默用户,0,27,0.4623
LCS00004277,U0004277,2026-08-28,流失用户,3,80,0.3959
LCS00004278,U0004278,2026-08-28,沉默用户,10,8,0.2433
LCS00004279,U0004279,2026-08-28,活跃用户,13,1,0.4319
LCS00004280,U0004280,2026-08-28,沉默用户,7,10,0.2872
LCS00004281,U0004281,2026-08-28,活跃用户,5,2,0.1709
LCS00004282,U0004282,2026-08-28,流失用户,2,31,0.4937
LCS00004283,U0004283,2026-08-28,沉默用户,14,13,0.3751
LCS00004284,U0004284,2026-08-28,流失用户,3,42,0.4968
LCS00004285,U0004285,2026-08-28,新用户,6,0,0.4333
LCS00004286,U0004286,2026-08-28,沉默用户,12,27,0.386
LCS00004287,U0004287,2026-08-28,活跃用户,8,5,0.3635
LCS00004288,U0004288,2026-08-28,沉默用户,6,25,0.5053
LCS00004289,U0004289,2026-08-28,流失用户,5,36,0.4247
LCS00004290,U0004290,2026-08-28,沉默用户,10,30,0.4126
LCS00004291,U0004291,2026-08-28,活跃用户,15,1,0.3136
LCS00004292,U0004292,2026-08-28,活跃用户,9,1,0.4388
LCS00004293,U0004293,2026-08-28,沉默用户,5,25,0.3671
LCS00004294,U0004294,2026-08-28,新用户,7,0,0.5713
LCS00004295,U0004295,2026-08-28,流失用户,1,195,0.2218
LCS00004296,U0004296,2026-08-28,流失用户,3,60,0.2003
LCS00004297,U0004297,2026-08-28,活跃用户,11,0,0.4501
LCS00004298,U0004298,2026-08-28,流失用户,4,50,0.4122
LCS00004299,U0004299,2026-08-28,沉默用户,12,20,0.2535
LCS00004300,U0004300,2026-08-28,活跃用户,16,5,0.3575
LCS00004301,U0004301,2026-08-28,沉默用户,7,13,0.3688
LCS00004302,U0004302,2026-08-28,流失用户,8,43,0.2528
LCS00004303,U0004303,2026-08-28,沉默用户,10,20,0.2764
LCS00004304,U0004304,2026-08-28,流失用户,10,51,0.5484
LCS00004305,U0004305,2026-08-28,流失用户,3,40,0.2267
LCS00004306,U0004306,2026-08-28,沉默用户,11,10,0.4344
LCS00004307,U0004307,2026-08-28,流失用户,3,146,0.471
LCS00004308,U0004308,2026-08-28,流失用户,4,39,0.1778
LCS00004309,U0004309,2026-08-28,沉默用户,2,14,0.3474
LCS00004310,U0004310,2026-08-28,流失用户,4,53,0.3169
LCS00004311,U0004311,2026-08-28,活跃用户,11,5,0.4764
LCS00004312,U0004312,2026-08-28,沉默用户,4,14,0.1366
LCS00004313,U0004313,2026-08-28,流失用户,1,32,0.2358
LCS00004314,U0004314,2026-08-28,流失用户,2,92,0.2334
LCS00004315,U0004315,2026-08-28,活跃用户,12,1,0.299
LCS00004316,U0004316,2026-08-28,活跃用户,8,6,0.2732
LCS00004317,U0004317,2026-08-28,沉默用户,14,11,0.3227
LCS00004318,U0004318,2026-08-28,沉默用户,7,28,0.3469
LCS00004319,U0004319,2026-08-28,流失用户,4,69,0.1556
LCS00004320,U0004320,2026-08-28,沉默用户,2,29,0.0513
LCS00004321,U0004321,2026-08-28,活跃用户,14,3,0.6064
LCS00004322,U0004322,2026-08-28,流失用户,6,76,0.4212
LCS00004323,U0004323,2026-08-28,活跃用户,9,0,0.391
LCS00004324,U0004324,2026-08-28,流失用户,4,169,0.4327
LCS00004325,U0004325,2026-08-28,沉默用户,7,12,0.1598
LCS00004326,U0004326,2026-08-28,流失用户,3,134,0.4002
LCS00004327,U0004327,2026-08-28,流失用户,2,67,0.3654
LCS00004328,U0004328,2026-08-28,活跃用户,15,4,0.3314
LCS00004329,U0004329,2026-08-28,活跃用户,3,6,0.3619
LCS00004330,U0004330,2026-08-28,活跃用户,8,0,0.1376
LCS00004331,U0004331,2026-08-28,新用户,1,1,0.476
LCS00004332,U0004332,2026-08-28,活跃用户,15,3,0.4219
LCS00004333,U0004333,2026-08-28,沉默用户,13,8,0.3827
LCS00004334,U0004334,2026-08-28,活跃用户,14,0,0.2021
LCS00004335,U0004335,2026-08-28,沉默用户,17,24,0.3472
LCS00004336,U0004336,2026-08-28,活跃用户,10,4,0.3525
LCS00004337,U0004337,2026-08-28,流失用户,3,89,0.441
LCS00004338,U0004338,2026-08-28,沉默用户,3,8,0.2665
LCS00004339,U0004339,2026-08-28,活跃用户,15,2,0.1243
LCS00004340,U0004340,2026-08-28,活跃用户,9,4,0.1403
LCS00004341,U0004341,2026-08-28,活跃用户,2,1,0.3874
LCS00004342,U0004342,2026-08-28,活跃用户,2,0,0.368
LCS00004343,U0004343,2026-08-28,活跃用户,4,1,0.3481
LCS00004344,U0004344,2026-08-28,活跃用户,5,4,0.428
LCS00004345,U0004345,2026-08-28,活跃用户,8,0,0.49
LCS00004346,U0004346,2026-08-28,流失用户,2,36,0.2033
LCS00004347,U0004347,2026-08-28,流失用户,1,119,0.05
LCS00004348,U0004348,2026-08-28,活跃用户,10,3,0.284
LCS00004349,U0004349,2026-08-28,活跃用户,3,2,0.2006
LCS00004350,U0004350,2026-08-28,新用户,0,1,0.1858
LCS00004351,U0004351,2026-08-28,活跃用户,3,3,0.342
LCS00004352,U0004352,2026-08-28,沉默用户,2,10,0.2471
LCS00004353,U0004353,2026-08-28,新用户,6,0,0.1274
LCS00004354,U0004354,2026-08-28,活跃用户,1,6,0.2315
LCS00004355,U0004355,2026-08-28,活跃用户,6,1,0.238
LCS00004356,U0004356,2026-08-28,流失用户,6,55,0.4708
LCS00004357,U0004357,2026-08-28,沉默用户,4,29,0.2228
LCS00004358,U0004358,2026-08-28,流失用户,10,40,0.2563
LCS00004359,U0004359,2026-08-28,活跃用户,9,2,0.2026
LCS00004360,U0004360,2026-08-28,流失用户,14,35,0.3892
LCS00004361,U0004361,2026-08-28,沉默用户,6,9,0.3487
LCS00004362,U0004362,2026-08-28,活跃用户,8,5,0.2632
LCS00004363,U0004363,2026-08-28,流失用户,6,82,0.5125
LCS00004364,U0004364,2026-08-28,沉默用户,15,8,0.0586
LCS00004365,U0004365,2026-08-28,流失用户,4,70,0.559
LCS00004366,U0004366,2026-08-28,活跃用户,10,0,0.2709
LCS00004367,U0004367,2026-08-28,活跃用户,4,3,0.4061
LCS00004368,U0004368,2026-08-28,新用户,4,0,0.2745
LCS00004369,U0004369,2026-08-28,活跃用户,9,1,0.4288
LCS00004370,U0004370,2026-08-28,沉默用户,5,11,0.3981
LCS00004371,U0004371,2026-08-28,活跃用户,3,7,0.2137
LCS00004372,U0004372,2026-08-28,活跃用户,9,4,0.221
LCS00004373,U0004373,2026-08-28,活跃用户,4,0,0.4508
LCS00004374,U0004374,2026-08-28,沉默用户,3,12,0.461
LCS00004375,U0004375,2026-08-28,活跃用户,6,0,0.1022
LCS00004376,U0004376,2026-08-28,沉默用户,3,14,0.2024
LCS00004377,U0004377,2026-08-28,沉默用户,6,16,0.4924
LCS00004378,U0004378,2026-08-28,活跃用户,12,2,0.186
LCS00004379,U0004379,2026-08-28,新用户,0,0,0.2572
LCS00004380,U0004380,2026-08-28,沉默用户,4,14,0.3499
LCS00004381,U0004381,2026-08-28,流失用户,2,116,0.357
LCS00004382,U0004382,2026-08-28,流失用户,2,45,0.1836
LCS00004383,U0004383,2026-08-28,活跃用户,13,6,0.1839
LCS00004384,U0004384,2026-08-28,活跃用户,7,0,0.2628
LCS00004385,U0004385,2026-08-28,活跃用户,6,1,0.2129
LCS00004386,U0004386,2026-08-28,新用户,1,0,0.3984
LCS00004387,U0004387,2026-08-28,活跃用户,5,2,0.3803
LCS00004388,U0004388,2026-08-28,活跃用户,4,0,0.2454
LCS00004389,U0004389,2026-08-28,流失用户,0,178,0.2264
LCS00004390,U0004390,2026-08-28,流失用户,3,93,0.1798
LCS00004391,U0004391,2026-08-28,活跃用户,2,0,0.2102
LCS00004392,U0004392,2026-08-28,沉默用户,8,10,0.1348
LCS00004393,U0004393,2026-08-28,活跃用户,8,3,0.2707
LCS00004394,U0004394,2026-08-28,沉默用户,14,8,0.1207
LCS00004395,U0004395,2026-08-28,沉默用户,1,27,0.2744
LCS00004396,U0004396,2026-08-28,活跃用户,13,7,0.1782
LCS00004397,U0004397,2026-08-28,活跃用户,2,4,0.2865
LCS00004398,U0004398,2026-08-28,流失用户,4,47,0.1631
LCS00004399,U0004399,2026-08-28,沉默用户,11,21,0.251
LCS00004400,U0004400,2026-08-28,流失用户,0,180,0.2892
LCS00004401,U0004401,2026-08-28,活跃用户,16,4,0.3362
LCS00004402,U0004402,2026-08-28,活跃用户,6,5,0.3046
LCS00004403,U0004403,2026-08-28,流失用户,4,53,0.2531
LCS00004404,U0004404,2026-08-28,流失用户,1,77,0.284
LCS00004405,U0004405,2026-08-28,流失用户,4,74,0.3036
LCS00004406,U0004406,2026-08-28,沉默用户,2,20,0.05
LCS00004407,U0004407,2026-08-28,活跃用户,3,1,0.2181
LCS00004408,U0004408,2026-08-28,流失用户,4,32,0.2878
LCS00004409,U0004409,2026-08-28,活跃用户,13,7,0.4692
LCS00004410,U0004410,2026-08-28,流失用户,1,83,0.05
LCS00004411,U0004411,2026-08-28,沉默用户,3,27,0.2754
LCS00004412,U0004412,2026-08-28,活跃用户,13,6,0.3091
LCS00004413,U0004413,2026-08-28,流失用户,1,113,0.4358
LCS00004414,U0004414,2026-08-28,流失用户,9,45,0.2227
LCS00004415,U0004415,2026-08-28,活跃用户,6,7,0.4935
LCS00004416,U0004416,2026-08-28,流失用户,3,31,0.0778
LCS00004417,U0004417,2026-08-28,流失用户,3,172,0.4223
LCS00004418,U0004418,2026-08-28,活跃用户,7,4,0.4415
LCS00004419,U0004419,2026-08-28,沉默用户,1,25,0.1226
LCS00004420,U0004420,2026-08-28,沉默用户,2,10,0.1743
LCS00004421,U0004421,2026-08-28,活跃用户,15,4,0.36
LCS00004422,U0004422,2026-08-28,沉默用户,4,22,0.3306
LCS00004423,U0004423,2026-08-28,活跃用户,16,3,0.6416
LCS00004424,U0004424,2026-08-28,沉默用户,12,11,0.6216
LCS00004425,U0004425,2026-08-28,活跃用户,14,1,0.545
LCS00004426,U0004426,2026-08-28,活跃用户,17,2,0.188
LCS00004427,U0004427,2026-08-28,流失用户,1,174,0.2271
LCS00004428,U0004428,2026-08-28,流失用户,4,175,0.3671
LCS00004429,U0004429,2026-08-28,流失用户,13,45,0.4985
LCS00004430,U0004430,2026-08-28,活跃用户,15,0,0.2946
LCS00004431,U0004431,2026-08-28,流失用户,3,156,0.3464
LCS00004432,U0004432,2026-08-28,流失用户,3,119,0.3617
LCS00004433,U0004433,2026-08-28,活跃用户,4,3,0.1925
LCS00004434,U0004434,2026-08-28,沉默用户,10,14,0.3641
LCS00004435,U0004435,2026-08-28,流失用户,0,206,0.05
LCS00004436,U0004436,2026-08-28,活跃用户,5,3,0.2518
LCS00004437,U0004437,2026-08-28,活跃用户,2,4,0.1937
LCS00004438,U0004438,2026-08-28,沉默用户,5,8,0.1516
LCS00004439,U0004439,2026-08-28,流失用户,2,109,0.2995
LCS00004440,U0004440,2026-08-28,沉默用户,13,18,0.4485
LCS00004441,U0004441,2026-08-28,流失用户,3,57,0.2383
LCS00004442,U0004442,2026-08-28,流失用户,8,38,0.2259
LCS00004443,U0004443,2026-08-28,流失用户,3,82,0.4039
LCS00004444,U0004444,2026-08-28,活跃用户,16,6,0.1848
LCS00004445,U0004445,2026-08-28,沉默用户,6,20,0.1571
LCS00004446,U0004446,2026-08-28,活跃用户,3,4,0.3592
LCS00004447,U0004447,2026-08-28,沉默用户,4,21,0.4316
LCS00004448,U0004448,2026-08-28,活跃用户,13,4,0.0978
LCS00004449,U0004449,2026-08-28,流失用户,8,35,0.3788
LCS00004450,U0004450,2026-08-28,沉默用户,14,8,0.2016
LCS00004451,U0004451,2026-08-28,新用户,3,0,0.4121
LCS00004452,U0004452,2026-08-28,活跃用户,9,5,0.2308
LCS00004453,U0004453,2026-08-28,沉默用户,11,9,0.4484
LCS00004454,U0004454,2026-08-28,流失用户,7,34,0.2431
LCS00004455,U0004455,2026-08-28,沉默用户,3,20,0.1988
LCS00004456,U0004456,2026-08-28,活跃用户,18,0,0.5763
LCS00004457,U0004457,2026-08-28,活跃用户,4,1,0.277
LCS00004458,U0004458,2026-08-28,活跃用户,13,0,0.4556
LCS00004459,U0004459,2026-08-28,活跃用户,8,1,0.2995
LCS00004460,U0004460,2026-08-28,流失用户,15,43,0.3419
LCS00004461,U0004461,2026-08-28,活跃用户,16,1,0.3315
LCS00004462,U0004462,2026-08-28,流失用户,0,130,0.2316
LCS00004463,U0004463,2026-08-28,活跃用户,12,4,0.1555
LCS00004464,U0004464,2026-08-28,沉默用户,1,27,0.1698
LCS00004465,U0004465,2026-08-28,沉默用户,7,10,0.3512
LCS00004466,U0004466,2026-08-28,流失用户,2,84,0.2866
LCS00004467,U0004467,2026-08-28,沉默用户,9,8,0.2881
LCS00004468,U0004468,2026-08-28,流失用户,2,38,0.2377
LCS00004469,U0004469,2026-08-28,沉默用户,10,17,0.2983
LCS00004470,U0004470,2026-08-28,沉默用户,11,23,0.5167
LCS00004471,U0004471,2026-08-28,流失用户,0,157,0.39
LCS00004472,U0004472,2026-08-28,活跃用户,7,3,0.2593
LCS00004473,U0004473,2026-08-28,沉默用户,10,11,0.3292
LCS00004474,U0004474,2026-08-28,流失用户,6,31,0.1752
LCS00004475,U0004475,2026-08-28,沉默用户,7,21,0.3919
LCS00004476,U0004476,2026-08-28,活跃用户,7,3,0.1592
LCS00004477,U0004477,2026-08-28,活跃用户,4,5,0.3931
LCS00004478,U0004478,2026-08-28,流失用户,4,32,0.3204
LCS00004479,U0004479,2026-08-28,沉默用户,3,24,0.1193
LCS00004480,U0004480,2026-08-28,活跃用户,11,2,0.1477
LCS00004481,U0004481,2026-08-28,沉默用户,4,22,0.3136
LCS00004482,U0004482,2026-08-28,流失用户,3,49,0.3474
LCS00004483,U0004483,2026-08-28,活跃用户,14,5,0.5292
LCS00004484,U0004484,2026-08-28,沉默用户,2,25,0.3996
LCS00004485,U0004485,2026-08-28,流失用户,1,189,0.3756
LCS00004486,U0004486,2026-08-28,沉默用户,5,14,0.234
LCS00004487,U0004487,2026-08-28,活跃用户,8,5,0.4425
LCS00004488,U0004488,2026-08-28,活跃用户,5,4,0.3913
LCS00004489,U0004489,2026-08-28,流失用户,4,40,0.2662
LCS00004490,U0004490,2026-08-28,流失用户,2,120,0.0867
LCS00004491,U0004491,2026-08-28,活跃用户,15,0,0.4098
LCS00004492,U0004492,2026-08-28,活跃用户,4,3,0.4795
LCS00004493,U0004493,2026-08-28,流失用户,3,68,0.2701
LCS00004494,U0004494,2026-08-28,流失用户,6,38,0.3825
LCS00004495,U0004495,2026-08-28,流失用户,4,60,0.446
LCS00004496,U0004496,2026-08-28,活跃用户,10,1,0.3261
LCS00004497,U0004497,2026-08-28,活跃用户,3,6,0.3245
LCS00004498,U0004498,2026-08-28,活跃用户,12,0,0.3607
LCS00004499,U0004499,2026-08-28,活跃用户,4,5,0.2062
LCS00004500,U0004500,2026-08-28,沉默用户,10,9,0.4595
LCS00004501,U0004501,2026-08-28,沉默用户,3,28,0.1298
LCS00004502,U0004502,2026-08-28,活跃用户,6,1,0.4732
LCS00004503,U0004503,2026-08-28,流失用户,4,56,0.348
LCS00004504,U0004504,2026-08-28,活跃用户,12,0,0.3712
LCS00004505,U0004505,2026-08-28,流失用户,3,180,0.2423
LCS00004506,U0004506,2026-08-28,活跃用户,15,1,0.3974
LCS00004507,U0004507,2026-08-28,活跃用户,15,7,0.4252
LCS00004508,U0004508,2026-08-28,活跃用户,6,5,0.2864
LCS00004509,U0004509,2026-08-28,沉默用户,4,15,0.4281
LCS00004510,U0004510,2026-08-28,活跃用户,13,1,0.3884
LCS00004511,U0004511,2026-08-28,活跃用户,14,3,0.5178
LCS00004512,U0004512,2026-08-28,沉默用户,5,12,0.3152
LCS00004513,U0004513,2026-08-28,流失用户,9,40,0.2002
LCS00004514,U0004514,2026-08-28,活跃用户,8,0,0.5469
LCS00004515,U0004515,2026-08-28,沉默用户,2,23,0.3478
LCS00004516,U0004516,2026-08-28,流失用户,3,39,0.4213
LCS00004517,U0004517,2026-08-28,流失用户,8,45,0.2927
LCS00004518,U0004518,2026-08-28,活跃用户,11,0,0.3001
LCS00004519,U0004519,2026-08-28,流失用户,9,41,0.2169
LCS00004520,U0004520,2026-08-28,沉默用户,10,14,0.4156
LCS00004521,U0004521,2026-08-28,沉默用户,2,21,0.3276
LCS00004522,U0004522,2026-08-28,流失用户,5,68,0.228
LCS00004523,U0004523,2026-08-28,新用户,3,0,0.131
LCS00004524,U0004524,2026-08-28,活跃用户,12,0,0.3511
LCS00004525,U0004525,2026-08-28,流失用户,10,52,0.3728
LCS00004526,U0004526,2026-08-28,活跃用户,4,7,0.2662
LCS00004527,U0004527,2026-08-28,活跃用户,13,0,0.2727
LCS00004528,U0004528,2026-08-28,流失用户,1,114,0.05
LCS00004529,U0004529,2026-08-28,活跃用户,12,6,0.2319
LCS00004530,U0004530,2026-08-28,活跃用户,2,3,0.2115
LCS00004531,U0004531,2026-08-28,流失用户,1,43,0.05
LCS00004532,U0004532,2026-08-28,流失用户,2,41,0.0508
LCS00004533,U0004533,2026-08-28,活跃用户,9,5,0.309
LCS00004534,U0004534,2026-08-28,沉默用户,7,15,0.2568
LCS00004535,U0004535,2026-08-28,流失用户,4,52,0.1321
LCS00004536,U0004536,2026-08-28,新用户,4,0,0.1758
LCS00004537,U0004537,2026-08-28,沉默用户,13,20,0.4951
LCS00004538,U0004538,2026-08-28,流失用户,0,145,0.2543
LCS00004539,U0004539,2026-08-28,新用户,3,0,0.2558
LCS00004540,U0004540,2026-08-28,流失用户,1,131,0.1316
LCS00004541,U0004541,2026-08-28,沉默用户,11,14,0.4709
LCS00004542,U0004542,2026-08-28,沉默用户,13,19,0.2869
LCS00004543,U0004543,2026-08-28,流失用户,5,36,0.2955
LCS00004544,U0004544,2026-08-28,活跃用户,11,4,0.5335
LCS00004545,U0004545,2026-08-28,流失用户,13,53,0.197
LCS00004546,U0004546,2026-08-28,活跃用户,15,1,0.2969
LCS00004547,U0004547,2026-08-28,活跃用户,8,3,0.2793
LCS00004548,U0004548,2026-08-28,沉默用户,13,8,0.2763
LCS00004549,U0004549,2026-08-28,活跃用户,15,4,0.5142
LCS00004550,U0004550,2026-08-28,沉默用户,3,8,0.05
LCS00004551,U0004551,2026-08-28,活跃用户,10,4,0.3815
LCS00004552,U0004552,2026-08-28,活跃用户,11,0,0.4172
LCS00004553,U0004553,2026-08-28,活跃用户,11,3,0.3212
LCS00004554,U0004554,2026-08-28,沉默用户,11,28,0.3461
LCS00004555,U0004555,2026-08-28,活跃用户,8,0,0.4228
LCS00004556,U0004556,2026-08-28,活跃用户,13,0,0.4966
LCS00004557,U0004557,2026-08-28,沉默用户,8,8,0.3895
LCS00004558,U0004558,2026-08-28,沉默用户,4,21,0.1254
LCS00004559,U0004559,2026-08-28,沉默用户,8,12,0.0852
LCS00004560,U0004560,2026-08-28,活跃用户,10,2,0.297
LCS00004561,U0004561,2026-08-28,沉默用户,2,27,0.05
LCS00004562,U0004562,2026-08-28,活跃用户,1,4,0.05
LCS00004563,U0004563,2026-08-28,沉默用户,15,8,0.1148
LCS00004564,U0004564,2026-08-28,活跃用户,10,0,0.1465
LCS00004565,U0004565,2026-08-28,沉默用户,13,12,0.4429
LCS00004566,U0004566,2026-08-28,活跃用户,7,0,0.2885
LCS00004567,U0004567,2026-08-28,流失用户,0,71,0.05
LCS00004568,U0004568,2026-08-28,活跃用户,11,4,0.4834
LCS00004569,U0004569,2026-08-28,活跃用户,14,3,0.1805
LCS00004570,U0004570,2026-08-28,沉默用户,10,16,0.3235
LCS00004571,U0004571,2026-08-28,流失用户,6,33,0.3412
LCS00004572,U0004572,2026-08-28,流失用户,2,51,0.5511
LCS00004573,U0004573,2026-08-28,沉默用户,2,10,0.12
LCS00004574,U0004574,2026-08-28,活跃用户,12,1,0.258
LCS00004575,U0004575,2026-08-28,活跃用户,5,2,0.1902
LCS00004576,U0004576,2026-08-28,活跃用户,5,6,0.171
LCS00004577,U0004577,2026-08-28,活跃用户,13,6,0.3331
LCS00004578,U0004578,2026-08-28,沉默用户,11,28,0.1083
LCS00004579,U0004579,2026-08-28,流失用户,3,35,0.0731
LCS00004580,U0004580,2026-08-28,沉默用户,4,17,0.1933
LCS00004581,U0004581,2026-08-28,沉默用户,7,14,0.0542
LCS00004582,U0004582,2026-08-28,新用户,2,0,0.4659
LCS00004583,U0004583,2026-08-28,活跃用户,9,0,0.2961
LCS00004584,U0004584,2026-08-28,活跃用户,16,4,0.4297
LCS00004585,U0004585,2026-08-28,沉默用户,7,23,0.3054
LCS00004586,U0004586,2026-08-28,沉默用户,11,8,0.3985
LCS00004587,U0004587,2026-08-28,沉默用户,4,12,0.256
LCS00004588,U0004588,2026-08-28,活跃用户,4,2,0.1403
LCS00004589,U0004589,2026-08-28,流失用户,2,96,0.1862
LCS00004590,U0004590,2026-08-28,流失用户,0,138,0.213
LCS00004591,U0004591,2026-08-28,沉默用户,13,11,0.2382
LCS00004592,U0004592,2026-08-28,活跃用户,14,3,0.4174
LCS00004593,U0004593,2026-08-28,流失用户,4,40,0.5568
LCS00004594,U0004594,2026-08-28,活跃用户,10,3,0.3231
LCS00004595,U0004595,2026-08-28,流失用户,4,110,0.2039
LCS00004596,U0004596,2026-08-28,沉默用户,15,18,0.2874
LCS00004597,U0004597,2026-08-28,流失用户,2,45,0.1817
LCS00004598,U0004598,2026-08-28,流失用户,1,152,0.2924
LCS00004599,U0004599,2026-08-28,活跃用户,15,3,0.05
LCS00004600,U0004600,2026-08-28,活跃用户,4,0,0.2717
LCS00004601,U0004601,2026-08-28,活跃用户,7,5,0.3971
LCS00004602,U0004602,2026-08-28,活跃用户,15,2,0.4712
LCS00004603,U0004603,2026-08-28,流失用户,2,122,0.5518
LCS00004604,U0004604,2026-08-28,流失用户,1,88,0.0808
LCS00004605,U0004605,2026-08-28,活跃用户,16,1,0.4232
LCS00004606,U0004606,2026-08-28,活跃用户,9,1,0.2087
LCS00004607,U0004607,2026-08-28,沉默用户,7,8,0.4825
LCS00004608,U0004608,2026-08-28,活跃用户,3,2,0.3785
LCS00004609,U0004609,2026-08-28,活跃用户,13,3,0.5106
LCS00004610,U0004610,2026-08-28,活跃用户,14,2,0.3995
LCS00004611,U0004611,2026-08-28,活跃用户,16,7,0.4337
LCS00004612,U0004612,2026-08-28,流失用户,3,61,0.3158
LCS00004613,U0004613,2026-08-28,活跃用户,8,2,0.3423
LCS00004614,U0004614,2026-08-28,活跃用户,12,4,0.3987
LCS00004615,U0004615,2026-08-28,沉默用户,14,22,0.1471
LCS00004616,U0004616,2026-08-28,活跃用户,4,7,0.1953
LCS00004617,U0004617,2026-08-28,活跃用户,11,3,0.1426
LCS00004618,U0004618,2026-08-28,沉默用户,14,21,0.3653
LCS00004619,U0004619,2026-08-28,沉默用户,15,12,0.4966
LCS00004620,U0004620,2026-08-28,沉默用户,9,25,0.4816
LCS00004621,U0004621,2026-08-28,沉默用户,2,22,0.276
LCS00004622,U0004622,2026-08-28,沉默用户,6,25,0.2244
LCS00004623,U0004623,2026-08-28,流失用户,2,155,0.4072
LCS00004624,U0004624,2026-08-28,流失用户,2,196,0.2875
LCS00004625,U0004625,2026-08-28,流失用户,0,214,0.1843
LCS00004626,U0004626,2026-08-28,活跃用户,15,5,0.3305
LCS00004627,U0004627,2026-08-28,活跃用户,10,3,0.397
LCS00004628,U0004628,2026-08-28,沉默用户,14,11,0.5258
LCS00004629,U0004629,2026-08-28,流失用户,12,39,0.3231
LCS00004630,U0004630,2026-08-28,活跃用户,10,0,0.2315
LCS00004631,U0004631,2026-08-28,活跃用户,16,7,0.4985
LCS00004632,U0004632,2026-08-28,活跃用户,13,5,0.05
LCS00004633,U0004633,2026-08-28,沉默用户,10,10,0.3628
LCS00004634,U0004634,2026-08-28,沉默用户,5,21,0.2649
LCS00004635,U0004635,2026-08-28,沉默用户,7,15,0.4614
LCS00004636,U0004636,2026-08-28,活跃用户,9,3,0.4024
LCS00004637,U0004637,2026-08-28,活跃用户,2,3,0.2022
LCS00004638,U0004638,2026-08-28,流失用户,3,156,0.3821
LCS00004639,U0004639,2026-08-28,沉默用户,15,8,0.3512
LCS00004640,U0004640,2026-08-28,活跃用户,12,7,0.2117
LCS00004641,U0004641,2026-08-28,活跃用户,10,1,0.3859
LCS00004642,U0004642,2026-08-28,活跃用户,7,5,0.3912
LCS00004643,U0004643,2026-08-28,活跃用户,17,1,0.3677
LCS00004644,U0004644,2026-08-28,活跃用户,8,2,0.2529
LCS00004645,U0004645,2026-08-28,流失用户,2,74,0.1927
LCS00004646,U0004646,2026-08-28,流失用户,5,34,0.2991
LCS00004647,U0004647,2026-08-28,流失用户,3,161,0.148
LCS00004648,U0004648,2026-08-28,流失用户,4,54,0.3793
LCS00004649,U0004649,2026-08-28,流失用户,1,124,0.3934
LCS00004650,U0004650,2026-08-28,沉默用户,7,28,0.329
LCS00004651,U0004651,2026-08-28,流失用户,1,130,0.1489
LCS00004652,U0004652,2026-08-28,流失用户,0,206,0.4461
LCS00004653,U0004653,2026-08-28,流失用户,5,56,0.3124
LCS00004654,U0004654,2026-08-28,流失用户,1,86,0.1243
LCS00004655,U0004655,2026-08-28,流失用户,5,55,0.3968
LCS00004656,U0004656,2026-08-28,活跃用户,3,2,0.2662
LCS00004657,U0004657,2026-08-28,活跃用户,9,0,0.2953
LCS00004658,U0004658,2026-08-28,沉默用户,9,10,0.2754
LCS00004659,U0004659,2026-08-28,流失用户,4,214,0.5679
LCS00004660,U0004660,2026-08-28,活跃用户,15,5,0.5445
LCS00004661,U0004661,2026-08-28,新用户,5,0,0.2085
LCS00004662,U0004662,2026-08-28,活跃用户,17,2,0.3334
LCS00004663,U0004663,2026-08-28,活跃用户,11,0,0.3357
LCS00004664,U0004664,2026-08-28,沉默用户,6,13,0.2287
LCS00004665,U0004665,2026-08-28,活跃用户,12,4,0.2144
LCS00004666,U0004666,2026-08-28,流失用户,2,103,0.2918
LCS00004667,U0004667,2026-08-28,沉默用户,2,26,0.1017
LCS00004668,U0004668,2026-08-28,流失用户,2,146,0.183
LCS00004669,U0004669,2026-08-28,流失用户,4,38,0.3504
LCS00004670,U0004670,2026-08-28,沉默用户,3,11,0.4685
LCS00004671,U0004671,2026-08-28,活跃用户,5,1,0.3463
LCS00004672,U0004672,2026-08-28,流失用户,2,67,0.1216
LCS00004673,U0004673,2026-08-28,活跃用户,15,3,0.4973
LCS00004674,U0004674,2026-08-28,沉默用户,6,27,0.3031
LCS00004675,U0004675,2026-08-28,沉默用户,8,14,0.3428
LCS00004676,U0004676,2026-08-28,活跃用户,6,2,0.5695
LCS00004677,U0004677,2026-08-28,新用户,4,0,0.339
LCS00004678,U0004678,2026-08-28,活跃用户,6,1,0.1421
LCS00004679,U0004679,2026-08-28,流失用户,11,33,0.2082
LCS00004680,U0004680,2026-08-28,流失用户,12,68,0.2307
LCS00004681,U0004681,2026-08-28,沉默用户,6,11,0.344
LCS00004682,U0004682,2026-08-28,活跃用户,10,1,0.2703
LCS00004683,U0004683,2026-08-28,沉默用户,5,9,0.3256
LCS00004684,U0004684,2026-08-28,沉默用户,5,22,0.2644
LCS00004685,U0004685,2026-08-28,流失用户,14,33,0.4838
LCS00004686,U0004686,2026-08-28,活跃用户,12,6,0.473
LCS00004687,U0004687,2026-08-28,流失用户,3,40,0.2277
LCS00004688,U0004688,2026-08-28,活跃用户,11,4,0.5139
LCS00004689,U0004689,2026-08-28,沉默用户,7,27,0.1912
LCS00004690,U0004690,2026-08-28,活跃用户,3,7,0.2671
LCS00004691,U0004691,2026-08-28,流失用户,4,50,0.3785
LCS00004692,U0004692,2026-08-28,流失用户,1,87,0.2743
LCS00004693,U0004693,2026-08-28,活跃用户,3,1,0.2539
LCS00004694,U0004694,2026-08-28,活跃用户,5,4,0.2635
LCS00004695,U0004695,2026-08-28,活跃用户,13,6,0.2176
LCS00004696,U0004696,2026-08-28,活跃用户,16,5,0.3782
LCS00004697,U0004697,2026-08-28,沉默用户,10,12,0.2413
LCS00004698,U0004698,2026-08-28,活跃用户,10,3,0.5597
LCS00004699,U0004699,2026-08-28,流失用户,5,77,0.3746
LCS00004700,U0004700,2026-08-28,流失用户,2,50,0.3399
LCS00004701,U0004701,2026-08-28,流失用户,1,43,0.1895
LCS00004702,U0004702,2026-08-28,流失用户,1,73,0.05
LCS00004703,U0004703,2026-08-28,活跃用户,4,7,0.3558
LCS00004704,U0004704,2026-08-28,活跃用户,15,0,0.2718
LCS00004705,U0004705,2026-08-28,沉默用户,12,9,0.4559
LCS00004706,U0004706,2026-08-28,沉默用户,8,18,0.227
LCS00004707,U0004707,2026-08-28,活跃用户,10,6,0.3926
LCS00004708,U0004708,2026-08-28,活跃用户,9,1,0.3592
LCS00004709,U0004709,2026-08-28,沉默用户,3,9,0.3915
LCS00004710,U0004710,2026-08-28,活跃用户,10,1,0.2384
LCS00004711,U0004711,2026-08-28,新用户,1,3,0.3547
LCS00004712,U0004712,2026-08-28,沉默用户,12,17,0.4311
LCS00004713,U0004713,2026-08-28,沉默用户,2,27,0.05
LCS00004714,U0004714,2026-08-28,活跃用户,9,4,0.5364
LCS00004715,U0004715,2026-08-28,沉默用户,6,8,0.5692
LCS00004716,U0004716,2026-08-28,沉默用户,7,20,0.1353
LCS00004717,U0004717,2026-08-28,沉默用户,10,16,0.177
LCS00004718,U0004718,2026-08-28,流失用户,13,38,0.593
LCS00004719,U0004719,2026-08-28,沉默用户,3,20,0.4364
LCS00004720,U0004720,2026-08-28,流失用户,3,106,0.2196
LCS00004721,U0004721,2026-08-28,沉默用户,4,11,0.3547
LCS00004722,U0004722,2026-08-28,流失用户,0,54,0.192
LCS00004723,U0004723,2026-08-28,活跃用户,1,4,0.1012
LCS00004724,U0004724,2026-08-28,沉默用户,5,25,0.4358
LCS00004725,U0004725,2026-08-28,流失用户,2,47,0.3135
LCS00004726,U0004726,2026-08-28,沉默用户,9,27,0.3356
LCS00004727,U0004727,2026-08-28,沉默用户,5,13,0.3392
LCS00004728,U0004728,2026-08-28,流失用户,13,31,0.439
LCS00004729,U0004729,2026-08-28,流失用户,4,60,0.2144
LCS00004730,U0004730,2026-08-28,流失用户,5,178,0.7833
LCS00004731,U0004731,2026-08-28,流失用户,2,75,0.4535
LCS00004732,U0004732,2026-08-28,活跃用户,13,2,0.2199
LCS00004733,U0004733,2026-08-28,活跃用户,5,5,0.3025
LCS00004734,U0004734,2026-08-28,流失用户,10,50,0.3458
LCS00004735,U0004735,2026-08-28,流失用户,6,65,0.5028
LCS00004736,U0004736,2026-08-28,活跃用户,6,1,0.2178
LCS00004737,U0004737,2026-08-28,流失用户,4,64,0.2714
LCS00004738,U0004738,2026-08-28,沉默用户,8,15,0.2246
LCS00004739,U0004739,2026-08-28,沉默用户,4,20,0.48
LCS00004740,U0004740,2026-08-28,沉默用户,5,22,0.5095
LCS00004741,U0004741,2026-08-28,流失用户,10,37,0.3756
LCS00004742,U0004742,2026-08-28,流失用户,6,51,0.3068
LCS00004743,U0004743,2026-08-28,活跃用户,10,1,0.6082
LCS00004744,U0004744,2026-08-28,流失用户,6,47,0.3738
LCS00004745,U0004745,2026-08-28,活跃用户,16,0,0.0906
LCS00004746,U0004746,2026-08-28,流失用户,3,43,0.4396
LCS00004747,U0004747,2026-08-28,流失用户,1,63,0.297
LCS00004748,U0004748,2026-08-28,沉默用户,7,27,0.1095
LCS00004749,U0004749,2026-08-28,沉默用户,8,17,0.2897
LCS00004750,U0004750,2026-08-28,沉默用户,14,9,0.3779
LCS00004751,U0004751,2026-08-28,活跃用户,14,2,0.2059
LCS00004752,U0004752,2026-08-28,沉默用户,4,22,0.2466
LCS00004753,U0004753,2026-08-28,流失用户,3,72,0.3941
LCS00004754,U0004754,2026-08-28,流失用户,2,48,0.1028
LCS00004755,U0004755,2026-08-28,流失用户,3,185,0.3977
LCS00004756,U0004756,2026-08-28,流失用户,1,113,0.05
LCS00004757,U0004757,2026-08-28,新用户,4,0,0.4513
LCS00004758,U0004758,2026-08-28,沉默用户,4,20,0.3666
LCS00004759,U0004759,2026-08-28,流失用户,4,109,0.4649
LCS00004760,U0004760,2026-08-28,沉默用户,12,12,0.4029
LCS00004761,U0004761,2026-08-28,沉默用户,8,12,0.4811
LCS00004762,U0004762,2026-08-28,流失用户,7,33,0.4875
LCS00004763,U0004763,2026-08-28,流失用户,1,54,0.2755
LCS00004764,U0004764,2026-08-28,活跃用户,15,4,0.2906
LCS00004765,U0004765,2026-08-28,活跃用户,11,0,0.3517
LCS00004766,U0004766,2026-08-28,流失用户,2,113,0.05
LCS00004767,U0004767,2026-08-28,活跃用户,7,0,0.5764
LCS00004768,U0004768,2026-08-28,活跃用户,3,2,0.3748
LCS00004769,U0004769,2026-08-28,流失用户,4,63,0.3282
LCS00004770,U0004770,2026-08-28,流失用户,3,39,0.5657
LCS00004771,U0004771,2026-08-28,流失用户,5,103,0.2651
LCS00004772,U0004772,2026-08-28,沉默用户,18,16,0.4301
LCS00004773,U0004773,2026-08-28,沉默用户,12,10,0.2217
LCS00004774,U0004774,2026-08-28,流失用户,0,64,0.1148
LCS00004775,U0004775,2026-08-28,活跃用户,17,1,0.3753
LCS00004776,U0004776,2026-08-28,活跃用户,4,7,0.229
LCS00004777,U0004777,2026-08-28,流失用户,1,79,0.1157
LCS00004778,U0004778,2026-08-28,流失用户,0,150,0.1997
LCS00004779,U0004779,2026-08-28,沉默用户,5,22,0.4235
LCS00004780,U0004780,2026-08-28,活跃用户,10,3,0.3452
LCS00004781,U0004781,2026-08-28,流失用户,5,70,0.3159
LCS00004782,U0004782,2026-08-28,活跃用户,12,7,0.2409
LCS00004783,U0004783,2026-08-28,流失用户,2,130,0.3023
LCS00004784,U0004784,2026-08-28,活跃用户,13,3,0.4035
LCS00004785,U0004785,2026-08-28,沉默用户,14,13,0.4184
LCS00004786,U0004786,2026-08-28,流失用户,0,166,0.2443
LCS00004787,U0004787,2026-08-28,活跃用户,4,3,0.2327
LCS00004788,U0004788,2026-08-28,活跃用户,12,2,0.3644
LCS00004789,U0004789,2026-08-28,沉默用户,11,8,0.4973
LCS00004790,U0004790,2026-08-28,沉默用户,1,30,0.3719
LCS00004791,U0004791,2026-08-28,活跃用户,11,2,0.3312
LCS00004792,U0004792,2026-08-28,流失用户,5,87,0.2518
LCS00004793,U0004793,2026-08-28,活跃用户,12,1,0.3893
LCS00004794,U0004794,2026-08-28,沉默用户,6,29,0.3325
LCS00004795,U0004795,2026-08-28,流失用户,7,32,0.5627
LCS00004796,U0004796,2026-08-28,流失用户,2,31,0.1862
LCS00004797,U0004797,2026-08-28,流失用户,0,190,0.0935
LCS00004798,U0004798,2026-08-28,活跃用户,10,0,0.3384
LCS00004799,U0004799,2026-08-28,沉默用户,14,14,0.4061
LCS00004800,U0004800,2026-08-28,流失用户,3,66,0.05
LCS00004801,U0004801,2026-08-28,流失用户,1,49,0.2504
LCS00004802,U0004802,2026-08-28,活跃用户,13,5,0.2791
LCS00004803,U0004803,2026-08-28,流失用户,3,197,0.3706
LCS00004804,U0004804,2026-08-28,流失用户,3,91,0.4967
LCS00004805,U0004805,2026-08-28,沉默用户,3,24,0.3722
LCS00004806,U0004806,2026-08-28,活跃用户,3,5,0.3902
LCS00004807,U0004807,2026-08-28,流失用户,10,31,0.1497
LCS00004808,U0004808,2026-08-28,活跃用户,13,5,0.05
LCS00004809,U0004809,2026-08-28,沉默用户,2,17,0.1426
LCS00004810,U0004810,2026-08-28,沉默用户,3,28,0.2131
LCS00004811,U0004811,2026-08-28,流失用户,12,42,0.6693
LCS00004812,U0004812,2026-08-28,沉默用户,8,21,0.5148
LCS00004813,U0004813,2026-08-28,流失用户,5,34,0.3872
LCS00004814,U0004814,2026-08-28,活跃用户,12,3,0.4987
LCS00004815,U0004815,2026-08-28,沉默用户,7,17,0.3151
LCS00004816,U0004816,2026-08-28,沉默用户,2,10,0.2614
LCS00004817,U0004817,2026-08-28,沉默用户,2,12,0.3553
LCS00004818,U0004818,2026-08-28,沉默用户,5,27,0.3258
LCS00004819,U0004819,2026-08-28,流失用户,3,79,0.1433
LCS00004820,U0004820,2026-08-28,流失用户,3,79,0.1013
LCS00004821,U0004821,2026-08-28,沉默用户,14,19,0.1958
LCS00004822,U0004822,2026-08-28,沉默用户,3,12,0.124
LCS00004823,U0004823,2026-08-28,沉默用户,2,25,0.2843
LCS00004824,U0004824,2026-08-28,活跃用户,6,0,0.2706
LCS00004825,U0004825,2026-08-28,活跃用户,15,1,0.1915
LCS00004826,U0004826,2026-08-28,沉默用户,5,23,0.432
LCS00004827,U0004827,2026-08-28,沉默用户,7,22,0.0538
LCS00004828,U0004828,2026-08-28,流失用户,7,76,0.3721
LCS00004829,U0004829,2026-08-28,流失用户,4,51,0.1496
LCS00004830,U0004830,2026-08-28,流失用户,2,81,0.2296
LCS00004831,U0004831,2026-08-28,活跃用户,15,7,0.2849
LCS00004832,U0004832,2026-08-28,活跃用户,17,6,0.3422
LCS00004833,U0004833,2026-08-28,活跃用户,7,0,0.2416
LCS00004834,U0004834,2026-08-28,流失用户,7,36,0.2081
LCS00004835,U0004835,2026-08-28,沉默用户,2,17,0.1528
LCS00004836,U0004836,2026-08-28,活跃用户,12,2,0.0699
LCS00004837,U0004837,2026-08-28,沉默用户,3,12,0.4947
LCS00004838,U0004838,2026-08-28,沉默用户,10,9,0.3321
LCS00004839,U0004839,2026-08-28,沉默用户,7,11,0.2273
LCS00004840,U0004840,2026-08-28,活跃用户,13,0,0.4205
LCS00004841,U0004841,2026-08-28,沉默用户,3,9,0.5153
LCS00004842,U0004842,2026-08-28,沉默用户,2,17,0.05
LCS00004843,U0004843,2026-08-28,活跃用户,8,1,0.2465
LCS00004844,U0004844,2026-08-28,沉默用户,8,26,0.4153
LCS00004845,U0004845,2026-08-28,沉默用户,5,30,0.298
LCS00004846,U0004846,2026-08-28,沉默用户,9,9,0.2989
LCS00004847,U0004847,2026-08-28,沉默用户,4,10,0.527
LCS00004848,U0004848,2026-08-28,流失用户,4,50,0.1238
LCS00004849,U0004849,2026-08-28,流失用户,3,40,0.0653
LCS00004850,U0004850,2026-08-28,活跃用户,13,2,0.1084
LCS00004851,U0004851,2026-08-28,活跃用户,11,0,0.2577
LCS00004852,U0004852,2026-08-28,沉默用户,13,14,0.1462
LCS00004853,U0004853,2026-08-28,沉默用户,8,16,0.2547
LCS00004854,U0004854,2026-08-28,流失用户,3,97,0.3124
LCS00004855,U0004855,2026-08-28,流失用户,3,165,0.3796
LCS00004856,U0004856,2026-08-28,活跃用户,4,6,0.05
LCS00004857,U0004857,2026-08-28,活跃用户,6,0,0.2489
LCS00004858,U0004858,2026-08-28,活跃用户,4,4,0.4908
LCS00004859,U0004859,2026-08-28,活跃用户,11,0,0.2858
LCS00004860,U0004860,2026-08-28,活跃用户,12,4,0.2389
LCS00004861,U0004861,2026-08-28,流失用户,7,71,0.7363
LCS00004862,U0004862,2026-08-28,活跃用户,16,0,0.2247
LCS00004863,U0004863,2026-08-28,流失用户,11,37,0.4939
LCS00004864,U0004864,2026-08-28,活跃用户,8,1,0.4383
LCS00004865,U0004865,2026-08-28,沉默用户,5,13,0.337
LCS00004866,U0004866,2026-08-28,沉默用户,3,10,0.2091
LCS00004867,U0004867,2026-08-28,沉默用户,4,8,0.0594
LCS00004868,U0004868,2026-08-28,活跃用户,8,1,0.2091
LCS00004869,U0004869,2026-08-28,活跃用户,13,0,0.3576
LCS00004870,U0004870,2026-08-28,沉默用户,14,11,0.2326
LCS00004871,U0004871,2026-08-28,沉默用户,14,10,0.6134
LCS00004872,U0004872,2026-08-28,流失用户,12,32,0.1677
LCS00004873,U0004873,2026-08-28,活跃用户,9,5,0.05
LCS00004874,U0004874,2026-08-28,活跃用户,11,2,0.3705
LCS00004875,U0004875,2026-08-28,沉默用户,5,10,0.1568
LCS00004876,U0004876,2026-08-28,沉默用户,3,14,0.3245
LCS00004877,U0004877,2026-08-28,活跃用户,10,7,0.4198
LCS00004878,U0004878,2026-08-28,流失用户,3,97,0.2931
LCS00004879,U0004879,2026-08-28,沉默用户,11,20,0.4637
LCS00004880,U0004880,2026-08-28,新用户,1,4,0.302
LCS00004881,U0004881,2026-08-28,活跃用户,15,4,0.2355
LCS00004882,U0004882,2026-08-28,活跃用户,13,2,0.3335
LCS00004883,U0004883,2026-08-28,流失用户,5,45,0.3598
LCS00004884,U0004884,2026-08-28,活跃用户,8,2,0.3586
LCS00004885,U0004885,2026-08-28,沉默用户,11,9,0.3613
LCS00004886,U0004886,2026-08-28,沉默用户,1,19,0.0846
LCS00004887,U0004887,2026-08-28,沉默用户,5,30,0.5594
LCS00004888,U0004888,2026-08-28,流失用户,3,64,0.3898
LCS00004889,U0004889,2026-08-28,活跃用户,5,0,0.3097
LCS00004890,U0004890,2026-08-28,活跃用户,14,2,0.05
LCS00004891,U0004891,2026-08-28,流失用户,1,35,0.2865
LCS00004892,U0004892,2026-08-28,流失用户,3,101,0.05
LCS00004893,U0004893,2026-08-28,新用户,0,0,0.4113
LCS00004894,U0004894,2026-08-28,活跃用户,13,6,0.1753
LCS00004895,U0004895,2026-08-28,流失用户,10,35,0.1724
LCS00004896,U0004896,2026-08-28,沉默用户,9,13,0.4177
LCS00004897,U0004897,2026-08-28,活跃用户,3,7,0.5382
LCS00004898,U0004898,2026-08-28,沉默用户,2,28,0.05
LCS00004899,U0004899,2026-08-28,沉默用户,7,18,0.1597
LCS00004900,U0004900,2026-08-28,沉默用户,5,11,0.2676
LCS00004901,U0004901,2026-08-28,沉默用户,13,16,0.3626
LCS00004902,U0004902,2026-08-28,沉默用户,15,17,0.2547
LCS00004903,U0004903,2026-08-28,流失用户,1,106,0.2751
LCS00004904,U0004904,2026-08-28,活跃用户,12,1,0.2911
LCS00004905,U0004905,2026-08-28,沉默用户,8,18,0.0657
LCS00004906,U0004906,2026-08-28,沉默用户,4,29,0.4879
LCS00004907,U0004907,2026-08-28,活跃用户,10,5,0.1749
LCS00004908,U0004908,2026-08-28,流失用户,2,32,0.2965
LCS00004909,U0004909,2026-08-28,沉默用户,5,12,0.3443
LCS00004910,U0004910,2026-08-28,流失用户,5,95,0.3389
LCS00004911,U0004911,2026-08-28,活跃用户,12,1,0.1679
LCS00004912,U0004912,2026-08-28,活跃用户,5,7,0.4179
LCS00004913,U0004913,2026-08-28,活跃用户,19,7,0.181
LCS00004914,U0004914,2026-08-28,活跃用户,16,4,0.4307
LCS00004915,U0004915,2026-08-28,沉默用户,8,8,0.2657
LCS00004916,U0004916,2026-08-28,活跃用户,4,3,0.0643
LCS00004917,U0004917,2026-08-28,流失用户,3,51,0.1944
LCS00004918,U0004918,2026-08-28,沉默用户,4,25,0.3391
LCS00004919,U0004919,2026-08-28,活跃用户,14,1,0.4218
LCS00004920,U0004920,2026-08-28,沉默用户,0,20,0.3289
LCS00004921,U0004921,2026-08-28,活跃用户,6,0,0.1974
LCS00004922,U0004922,2026-08-28,流失用户,6,91,0.3932
LCS00004923,U0004923,2026-08-28,沉默用户,7,8,0.3122
LCS00004924,U0004924,2026-08-28,沉默用户,4,13,0.0578
LCS00004925,U0004925,2026-08-28,活跃用户,14,1,0.3987
LCS00004926,U0004926,2026-08-28,流失用户,3,39,0.197
LCS00004927,U0004927,2026-08-28,沉默用户,8,26,0.4049
LCS00004928,U0004928,2026-08-28,活跃用户,13,3,0.3838
LCS00004929,U0004929,2026-08-28,流失用户,3,64,0.2177
LCS00004930,U0004930,2026-08-28,流失用户,3,38,0.4754
LCS00004931,U0004931,2026-08-28,沉默用户,13,10,0.4578
LCS00004932,U0004932,2026-08-28,活跃用户,13,3,0.3411
LCS00004933,U0004933,2026-08-28,沉默用户,8,14,0.3868
LCS00004934,U0004934,2026-08-28,沉默用户,10,16,0.3103
LCS00004935,U0004935,2026-08-28,活跃用户,5,7,0.3363
LCS00004936,U0004936,2026-08-28,活跃用户,10,4,0.4411
LCS00004937,U0004937,2026-08-28,活跃用户,13,7,0.3789
LCS00004938,U0004938,2026-08-28,流失用户,8,66,0.2737
LCS00004939,U0004939,2026-08-28,流失用户,3,43,0.3192
LCS00004940,U0004940,2026-08-28,沉默用户,10,19,0.613
LCS00004941,U0004941,2026-08-28,活跃用户,10,4,0.2912
LCS00004942,U0004942,2026-08-28,沉默用户,14,9,0.5074
LCS00004943,U0004943,2026-08-28,流失用户,5,40,0.4053
LCS00004944,U0004944,2026-08-28,活跃用户,14,0,0.1925
LCS00004945,U0004945,2026-08-28,活跃用户,2,3,0.3138
LCS00004946,U0004946,2026-08-28,流失用户,2,42,0.4464
LCS00004947,U0004947,2026-08-28,流失用户,1,69,0.2024
LCS00004948,U0004948,2026-08-28,沉默用户,14,21,0.5008
LCS00004949,U0004949,2026-08-28,流失用户,7,35,0.2806
LCS00004950,U0004950,2026-08-28,沉默用户,12,12,0.2529
LCS00004951,U0004951,2026-08-28,活跃用户,9,6,0.3324
LCS00004952,U0004952,2026-08-28,沉默用户,11,11,0.3733
LCS00004953,U0004953,2026-08-28,沉默用户,9,10,0.189
LCS00004954,U0004954,2026-08-28,沉默用户,10,12,0.423
LCS00004955,U0004955,2026-08-28,沉默用户,3,17,0.6029
LCS00004956,U0004956,2026-08-28,沉默用户,8,16,0.3749
LCS00004957,U0004957,2026-08-28,新用户,3,0,0.2513
LCS00004958,U0004958,2026-08-28,活跃用户,5,0,0.2135
LCS00004959,U0004959,2026-08-28,活跃用户,14,3,0.5729
LCS00004960,U0004960,2026-08-28,活跃用户,13,7,0.2955
LCS00004961,U0004961,2026-08-28,沉默用户,10,16,0.4457
LCS00004962,U0004962,2026-08-28,沉默用户,15,9,0.2339
LCS00004963,U0004963,2026-08-28,流失用户,2,60,0.2339
LCS00004964,U0004964,2026-08-28,沉默用户,15,10,0.3633
LCS00004965,U0004965,2026-08-28,流失用户,5,43,0.2966
LCS00004966,U0004966,2026-08-28,活跃用户,8,1,0.3679
LCS00004967,U0004967,2026-08-28,活跃用户,14,7,0.3347
LCS00004968,U0004968,2026-08-28,新用户,2,0,0.2604
LCS00004969,U0004969,2026-08-28,活跃用户,13,1,0.2974
LCS00004970,U0004970,2026-08-28,活跃用户,13,1,0.3227
LCS00004971,U0004971,2026-08-28,新用户,2,0,0.2585
LCS00004972,U0004972,2026-08-28,流失用户,2,78,0.1444
LCS00004973,U0004973,2026-08-28,活跃用户,5,5,0.4481
LCS00004974,U0004974,2026-08-28,活跃用户,1,6,0.0869
LCS00004975,U0004975,2026-08-28,活跃用户,13,3,0.3766
LCS00004976,U0004976,2026-08-28,活跃用户,7,1,0.4167
LCS00004977,U0004977,2026-08-28,流失用户,4,138,0.3803
LCS00004978,U0004978,2026-08-28,沉默用户,13,13,0.441
LCS00004979,U0004979,2026-08-28,新用户,2,0,0.05
LCS00004980,U0004980,2026-08-28,流失用户,15,34,0.2986
LCS00004981,U0004981,2026-08-28,活跃用户,6,0,0.05
LCS00004982,U0004982,2026-08-28,活跃用户,6,3,0.3061
LCS00004983,U0004983,2026-08-28,活跃用户,12,7,0.2966
LCS00004984,U0004984,2026-08-28,活跃用户,7,3,0.2987
LCS00004985,U0004985,2026-08-28,沉默用户,11,29,0.3489
LCS00004986,U0004986,2026-08-28,沉默用户,10,18,0.2509
LCS00004987,U0004987,2026-08-28,活跃用户,10,7,0.454
LCS00004988,U0004988,2026-08-28,沉默用户,16,10,0.4555
LCS00004989,U0004989,2026-08-28,新用户,1,2,0.3042
LCS00004990,U0004990,2026-08-28,沉默用户,16,10,0.1162
LCS00004991,U0004991,2026-08-28,沉默用户,7,9,0.1636
LCS00004992,U0004992,2026-08-28,新用户,3,3,0.4608
LCS00004993,U0004993,2026-08-28,新用户,3,0,0.3241
LCS00004994,U0004994,2026-08-28,沉默用户,2,20,0.1412
LCS00004995,U0004995,2026-08-28,活跃用户,14,6,0.4408
LCS00004996,U0004996,2026-08-28,沉默用户,4,16,0.2916
LCS00004997,U0004997,2026-08-28,流失用户,4,84,0.325
LCS00004998,U0004998,2026-08-28,活跃用户,14,4,0.256
LCS00004999,U0004999,2026-08-28,沉默用户,7,20,0.537
LCS00005000,U0005000,2026-08-28,沉默用户,13,17,0.3952
LCS00005001,U0005001,2026-08-28,流失用户,1,113,0.1651
LCS00005002,U0005002,2026-08-28,活跃用户,17,3,0.3073
LCS00005003,U0005003,2026-08-28,流失用户,3,41,0.3363
LCS00005004,U0005004,2026-08-28,活跃用户,16,0,0.4623
LCS00005005,U0005005,2026-08-28,流失用户,2,143,0.208
LCS00005006,U0005006,2026-08-28,沉默用户,9,17,0.584
LCS00005007,U0005007,2026-08-28,流失用户,3,142,0.4411
LCS00005008,U0005008,2026-08-28,流失用户,2,36,0.4211
LCS00005009,U0005009,2026-08-28,流失用户,3,31,0.1887
LCS00005010,U0005010,2026-08-28,活跃用户,9,0,0.2373
LCS00005011,U0005011,2026-08-28,活跃用户,14,2,0.2463
LCS00005012,U0005012,2026-08-28,沉默用户,17,23,0.4874
LCS00005013,U0005013,2026-08-28,流失用户,7,49,0.5564
LCS00005014,U0005014,2026-08-28,沉默用户,7,27,0.3686
LCS00005015,U0005015,2026-08-28,活跃用户,9,1,0.4957
LCS00005016,U0005016,2026-08-28,沉默用户,13,24,0.2562
LCS00005017,U0005017,2026-08-28,流失用户,15,50,0.3375
LCS00005018,U0005018,2026-08-28,沉默用户,13,17,0.2279
LCS00005019,U0005019,2026-08-28,沉默用户,1,22,0.1234
LCS00005020,U0005020,2026-08-28,沉默用户,5,10,0.3061
LCS00005021,U0005021,2026-08-28,流失用户,3,157,0.2096
LCS00005022,U0005022,2026-08-28,活跃用户,10,0,0.1574
LCS00005023,U0005023,2026-08-28,沉默用户,12,12,0.253
LCS00005024,U0005024,2026-08-28,沉默用户,6,10,0.2257
LCS00005025,U0005025,2026-08-28,沉默用户,4,22,0.235
LCS00005026,U0005026,2026-08-28,流失用户,3,75,0.0761
LCS00005027,U0005027,2026-08-28,沉默用户,10,26,0.2771
LCS00005028,U0005028,2026-08-28,流失用户,3,50,0.2918
LCS00005029,U0005029,2026-08-28,活跃用户,11,3,0.412
LCS00005030,U0005030,2026-08-28,活跃用户,1,5,0.1565
LCS00005031,U0005031,2026-08-28,流失用户,1,44,0.0963
LCS00005032,U0005032,2026-08-28,沉默用户,1,30,0.4056
LCS00005033,U0005033,2026-08-28,沉默用户,3,16,0.4748
LCS00005034,U0005034,2026-08-28,活跃用户,16,2,0.3955
LCS00005035,U0005035,2026-08-28,沉默用户,11,16,0.3294
LCS00005036,U0005036,2026-08-28,流失用户,1,93,0.161
LCS00005037,U0005037,2026-08-28,流失用户,9,71,0.5083
LCS00005038,U0005038,2026-08-28,活跃用户,14,0,0.5198
LCS00005039,U0005039,2026-08-28,活跃用户,3,1,0.2592
LCS00005040,U0005040,2026-08-28,沉默用户,8,10,0.0606
LCS00005041,U0005041,2026-08-28,活跃用户,3,2,0.5832
LCS00005042,U0005042,2026-08-28,活跃用户,6,4,0.3356
LCS00005043,U0005043,2026-08-28,流失用户,1,201,0.2279
LCS00005044,U0005044,2026-08-28,沉默用户,7,10,0.4536
LCS00005045,U0005045,2026-08-28,新用户,4,0,0.3072
LCS00005046,U0005046,2026-08-28,流失用户,4,118,0.4166
LCS00005047,U0005047,2026-08-28,活跃用户,4,4,0.3934
LCS00005048,U0005048,2026-08-28,流失用户,3,123,0.2993
LCS00005049,U0005049,2026-08-28,流失用户,2,212,0.3263
LCS00005050,U0005050,2026-08-28,活跃用户,9,0,0.2705
LCS00005051,U0005051,2026-08-28,新用户,3,0,0.565
LCS00005052,U0005052,2026-08-28,活跃用户,15,1,0.322
LCS00005053,U0005053,2026-08-28,活跃用户,2,4,0.2642
LCS00005054,U0005054,2026-08-28,新用户,3,0,0.4865
LCS00005055,U0005055,2026-08-28,流失用户,0,116,0.1601
LCS00005056,U0005056,2026-08-28,活跃用户,3,7,0.3048
LCS00005057,U0005057,2026-08-28,沉默用户,14,17,0.5022
LCS00005058,U0005058,2026-08-28,流失用户,2,68,0.3239
LCS00005059,U0005059,2026-08-28,流失用户,1,74,0.4189
LCS00005060,U0005060,2026-08-28,活跃用户,4,5,0.05
LCS00005061,U0005061,2026-08-28,活跃用户,11,5,0.4291
LCS00005062,U0005062,2026-08-28,活跃用户,3,2,0.3002
LCS00005063,U0005063,2026-08-28,流失用户,5,67,0.4785
LCS00005064,U0005064,2026-08-28,活跃用户,11,1,0.1143
LCS00005065,U0005065,2026-08-28,活跃用户,12,0,0.3136
LCS00005066,U0005066,2026-08-28,活跃用户,14,2,0.3124
LCS00005067,U0005067,2026-08-28,流失用户,1,84,0.3337
LCS00005068,U0005068,2026-08-28,流失用户,2,65,0.16
LCS00005069,U0005069,2026-08-28,沉默用户,15,13,0.2271
LCS00005070,U0005070,2026-08-28,沉默用户,11,10,0.3497
LCS00005071,U0005071,2026-08-28,沉默用户,9,17,0.4513
LCS00005072,U0005072,2026-08-28,沉默用户,1,24,0.4509
LCS00005073,U0005073,2026-08-28,活跃用户,6,7,0.05
LCS00005074,U0005074,2026-08-28,活跃用户,11,1,0.4519
LCS00005075,U0005075,2026-08-28,活跃用户,2,1,0.2179
LCS00005076,U0005076,2026-08-28,活跃用户,13,0,0.479
LCS00005077,U0005077,2026-08-28,活跃用户,12,0,0.3192
LCS00005078,U0005078,2026-08-28,沉默用户,2,26,0.4116
LCS00005079,U0005079,2026-08-28,活跃用户,13,3,0.4119
LCS00005080,U0005080,2026-08-28,活跃用户,12,1,0.273
LCS00005081,U0005081,2026-08-28,流失用户,4,48,0.2405
LCS00005082,U0005082,2026-08-28,活跃用户,12,2,0.2874
LCS00005083,U0005083,2026-08-28,活跃用户,9,7,0.4669
LCS00005084,U0005084,2026-08-28,沉默用户,8,19,0.2008
LCS00005085,U0005085,2026-08-28,活跃用户,12,4,0.3969
LCS00005086,U0005086,2026-08-28,沉默用户,6,13,0.4461
LCS00005087,U0005087,2026-08-28,活跃用户,8,3,0.3082
LCS00005088,U0005088,2026-08-28,流失用户,1,186,0.3158
LCS00005089,U0005089,2026-08-28,沉默用户,5,30,0.1763
LCS00005090,U0005090,2026-08-28,活跃用户,11,5,0.4844
LCS00005091,U0005091,2026-08-28,活跃用户,13,7,0.3132
LCS00005092,U0005092,2026-08-28,沉默用户,8,8,0.1025
LCS00005093,U0005093,2026-08-28,沉默用户,10,11,0.4337
LCS00005094,U0005094,2026-08-28,沉默用户,3,20,0.2191
LCS00005095,U0005095,2026-08-28,沉默用户,14,8,0.303
LCS00005096,U0005096,2026-08-28,流失用户,2,129,0.05
LCS00005097,U0005097,2026-08-28,沉默用户,2,10,0.4754
LCS00005098,U0005098,2026-08-28,流失用户,6,47,0.139
LCS00005099,U0005099,2026-08-28,活跃用户,4,3,0.1816
LCS00005100,U0005100,2026-08-28,沉默用户,2,13,0.3904
LCS00005101,U0005101,2026-08-28,流失用户,2,40,0.4198
LCS00005102,U0005102,2026-08-28,沉默用户,6,29,0.5238
LCS00005103,U0005103,2026-08-28,沉默用户,4,14,0.1808
LCS00005104,U0005104,2026-08-28,流失用户,2,64,0.1518
LCS00005105,U0005105,2026-08-28,沉默用户,14,27,0.3797
LCS00005106,U0005106,2026-08-28,活跃用户,13,4,0.2368
LCS00005107,U0005107,2026-08-28,沉默用户,8,13,0.0958
LCS00005108,U0005108,2026-08-28,流失用户,6,55,0.3017
LCS00005109,U0005109,2026-08-28,流失用户,2,62,0.379
LCS00005110,U0005110,2026-08-28,沉默用户,7,8,0.281
LCS00005111,U0005111,2026-08-28,流失用户,5,137,0.3386
LCS00005112,U0005112,2026-08-28,流失用户,6,38,0.5994
LCS00005113,U0005113,2026-08-28,活跃用户,13,5,0.3501
LCS00005114,U0005114,2026-08-28,活跃用户,12,1,0.1342
LCS00005115,U0005115,2026-08-28,活跃用户,5,1,0.5282
LCS00005116,U0005116,2026-08-28,新用户,3,0,0.5423
LCS00005117,U0005117,2026-08-28,流失用户,0,205,0.2388
LCS00005118,U0005118,2026-08-28,沉默用户,7,22,0.1093
LCS00005119,U0005119,2026-08-28,活跃用户,10,5,0.4679
LCS00005120,U0005120,2026-08-28,流失用户,1,124,0.3296
LCS00005121,U0005121,2026-08-28,流失用户,7,83,0.3581
LCS00005122,U0005122,2026-08-28,沉默用户,7,22,0.4502
LCS00005123,U0005123,2026-08-28,流失用户,3,156,0.5356
LCS00005124,U0005124,2026-08-28,新用户,5,0,0.2373
LCS00005125,U0005125,2026-08-28,活跃用户,8,4,0.1229
LCS00005126,U0005126,2026-08-28,流失用户,6,71,0.3406
LCS00005127,U0005127,2026-08-28,流失用户,0,178,0.2199
LCS00005128,U0005128,2026-08-28,沉默用户,13,15,0.207
LCS00005129,U0005129,2026-08-28,流失用户,4,64,0.5165
LCS00005130,U0005130,2026-08-28,活跃用户,10,5,0.5731
LCS00005131,U0005131,2026-08-28,活跃用户,14,7,0.2994
LCS00005132,U0005132,2026-08-28,沉默用户,12,20,0.2168
LCS00005133,U0005133,2026-08-28,沉默用户,3,15,0.2147
LCS00005134,U0005134,2026-08-28,活跃用户,4,4,0.2048
LCS00005135,U0005135,2026-08-28,沉默用户,3,17,0.1575
LCS00005136,U0005136,2026-08-28,沉默用户,10,18,0.2227
LCS00005137,U0005137,2026-08-28,流失用户,6,149,0.4324
LCS00005138,U0005138,2026-08-28,流失用户,5,84,0.3928
LCS00005139,U0005139,2026-08-28,流失用户,4,63,0.3159
LCS00005140,U0005140,2026-08-28,流失用户,8,62,0.3502
LCS00005141,U0005141,2026-08-28,沉默用户,9,16,0.1566
LCS00005142,U0005142,2026-08-28,新用户,6,0,0.2789
LCS00005143,U0005143,2026-08-28,活跃用户,16,1,0.2895
LCS00005144,U0005144,2026-08-28,新用户,2,0,0.2055
LCS00005145,U0005145,2026-08-28,流失用户,1,67,0.2249
LCS00005146,U0005146,2026-08-28,活跃用户,6,6,0.4037
LCS00005147,U0005147,2026-08-28,沉默用户,3,29,0.2864
LCS00005148,U0005148,2026-08-28,沉默用户,7,14,0.4143
LCS00005149,U0005149,2026-08-28,沉默用户,7,11,0.3631
LCS00005150,U0005150,2026-08-28,活跃用户,2,3,0.2119
LCS00005151,U0005151,2026-08-28,流失用户,4,49,0.2441
LCS00005152,U0005152,2026-08-28,沉默用户,8,24,0.2863
LCS00005153,U0005153,2026-08-28,流失用户,7,41,0.2976
LCS00005154,U0005154,2026-08-28,流失用户,15,34,0.5605
LCS00005155,U0005155,2026-08-28,沉默用户,3,15,0.1611
LCS00005156,U0005156,2026-08-28,流失用户,4,50,0.1651
LCS00005157,U0005157,2026-08-28,流失用户,4,35,0.2532
LCS00005158,U0005158,2026-08-28,沉默用户,1,8,0.3724
LCS00005159,U0005159,2026-08-28,活跃用户,6,0,0.4415
LCS00005160,U0005160,2026-08-28,活跃用户,9,0,0.5108
LCS00005161,U0005161,2026-08-28,流失用户,5,162,0.7525
LCS00005162,U0005162,2026-08-28,流失用户,3,72,0.1811
LCS00005163,U0005163,2026-08-28,活跃用户,12,3,0.3808
LCS00005164,U0005164,2026-08-28,流失用户,10,41,0.192
LCS00005165,U0005165,2026-08-28,流失用户,4,44,0.2026
LCS00005166,U0005166,2026-08-28,活跃用户,13,3,0.2209
LCS00005167,U0005167,2026-08-28,沉默用户,1,17,0.0966
LCS00005168,U0005168,2026-08-28,流失用户,4,206,0.519
LCS00005169,U0005169,2026-08-28,流失用户,0,99,0.05
LCS00005170,U0005170,2026-08-28,流失用户,4,41,0.561
LCS00005171,U0005171,2026-08-28,沉默用户,7,11,0.1745
LCS00005172,U0005172,2026-08-28,活跃用户,10,5,0.4325
LCS00005173,U0005173,2026-08-28,沉默用户,6,9,0.3853
LCS00005174,U0005174,2026-08-28,活跃用户,14,4,0.2332
LCS00005175,U0005175,2026-08-28,活跃用户,7,3,0.4552
LCS00005176,U0005176,2026-08-28,沉默用户,3,25,0.05
LCS00005177,U0005177,2026-08-28,沉默用户,17,10,0.3935
LCS00005178,U0005178,2026-08-28,活跃用户,13,0,0.3279
LCS00005179,U0005179,2026-08-28,活跃用户,13,4,0.217
LCS00005180,U0005180,2026-08-28,流失用户,1,112,0.2543
LCS00005181,U0005181,2026-08-28,沉默用户,10,21,0.2938
LCS00005182,U0005182,2026-08-28,活跃用户,9,4,0.3276
LCS00005183,U0005183,2026-08-28,沉默用户,3,27,0.4263
LCS00005184,U0005184,2026-08-28,沉默用户,3,16,0.3026
LCS00005185,U0005185,2026-08-28,沉默用户,3,25,0.4537
LCS00005186,U0005186,2026-08-28,流失用户,5,39,0.402
LCS00005187,U0005187,2026-08-28,沉默用户,10,8,0.2374
LCS00005188,U0005188,2026-08-28,活跃用户,2,1,0.309
LCS00005189,U0005189,2026-08-28,活跃用户,16,6,0.3342
LCS00005190,U0005190,2026-08-28,活跃用户,4,1,0.122
LCS00005191,U0005191,2026-08-28,沉默用户,12,13,0.4208
LCS00005192,U0005192,2026-08-28,活跃用户,7,0,0.3855
LCS00005193,U0005193,2026-08-28,流失用户,8,32,0.3428
LCS00005194,U0005194,2026-08-28,流失用户,5,55,0.2263
LCS00005195,U0005195,2026-08-28,沉默用户,14,12,0.3643
LCS00005196,U0005196,2026-08-28,沉默用户,11,15,0.2289
LCS00005197,U0005197,2026-08-28,流失用户,5,47,0.4717
LCS00005198,U0005198,2026-08-28,沉默用户,10,23,0.712
LCS00005199,U0005199,2026-08-28,沉默用户,6,12,0.4014
LCS00005200,U0005200,2026-08-28,活跃用户,14,2,0.3877
LCS00005201,U0005201,2026-08-28,沉默用户,4,10,0.1848
LCS00005202,U0005202,2026-08-28,沉默用户,9,30,0.093
LCS00005203,U0005203,2026-08-28,沉默用户,12,20,0.4798
LCS00005204,U0005204,2026-08-28,流失用户,3,91,0.1876
LCS00005205,U0005205,2026-08-28,沉默用户,15,15,0.579
LCS00005206,U0005206,2026-08-28,活跃用户,9,7,0.2792
LCS00005207,U0005207,2026-08-28,沉默用户,6,29,0.332
LCS00005208,U0005208,2026-08-28,活跃用户,14,3,0.2845
LCS00005209,U0005209,2026-08-28,活跃用户,13,2,0.3286
LCS00005210,U0005210,2026-08-28,沉默用户,8,12,0.5011
LCS00005211,U0005211,2026-08-28,沉默用户,8,15,0.3137
LCS00005212,U0005212,2026-08-28,活跃用户,10,4,0.05
LCS00005213,U0005213,2026-08-28,活跃用户,10,0,0.2545
LCS00005214,U0005214,2026-08-28,沉默用户,2,16,0.3267
LCS00005215,U0005215,2026-08-28,活跃用户,5,3,0.2271
LCS00005216,U0005216,2026-08-28,流失用户,1,183,0.314
LCS00005217,U0005217,2026-08-28,沉默用户,6,25,0.3773
LCS00005218,U0005218,2026-08-28,沉默用户,8,12,0.3942
LCS00005219,U0005219,2026-08-28,活跃用户,3,6,0.1633
LCS00005220,U0005220,2026-08-28,流失用户,3,78,0.3706
LCS00005221,U0005221,2026-08-28,流失用户,5,37,0.2404
LCS00005222,U0005222,2026-08-28,活跃用户,8,5,0.121
LCS00005223,U0005223,2026-08-28,沉默用户,2,12,0.05
LCS00005224,U0005224,2026-08-28,活跃用户,16,4,0.3677
LCS00005225,U0005225,2026-08-28,活跃用户,4,7,0.2242
LCS00005226,U0005226,2026-08-28,流失用户,1,207,0.3044
LCS00005227,U0005227,2026-08-28,沉默用户,15,9,0.7653
LCS00005228,U0005228,2026-08-28,活跃用户,9,3,0.1554
LCS00005229,U0005229,2026-08-28,活跃用户,7,1,0.3558
LCS00005230,U0005230,2026-08-28,流失用户,11,97,0.479
LCS00005231,U0005231,2026-08-28,活跃用户,12,3,0.4207
LCS00005232,U0005232,2026-08-28,沉默用户,3,8,0.3472
LCS00005233,U0005233,2026-08-28,新用户,5,0,0.159
LCS00005234,U0005234,2026-08-28,流失用户,8,37,0.13
LCS00005235,U0005235,2026-08-28,活跃用户,5,0,0.4544
LCS00005236,U0005236,2026-08-28,流失用户,7,80,0.4308
LCS00005237,U0005237,2026-08-28,沉默用户,15,19,0.2648
LCS00005238,U0005238,2026-08-28,沉默用户,2,10,0.2239
LCS00005239,U0005239,2026-08-28,活跃用户,9,4,0.2826
LCS00005240,U0005240,2026-08-28,沉默用户,12,11,0.0507
LCS00005241,U0005241,2026-08-28,活跃用户,2,3,0.0925
LCS00005242,U0005242,2026-08-28,流失用户,8,62,0.3363
LCS00005243,U0005243,2026-08-28,流失用户,3,71,0.4061
LCS00005244,U0005244,2026-08-28,沉默用户,9,18,0.6539
LCS00005245,U0005245,2026-08-28,活跃用户,15,0,0.424
LCS00005246,U0005246,2026-08-28,流失用户,3,56,0.4763
LCS00005247,U0005247,2026-08-28,沉默用户,5,18,0.3688
LCS00005248,U0005248,2026-08-28,沉默用户,1,11,0.1815
LCS00005249,U0005249,2026-08-28,沉默用户,5,13,0.05
LCS00005250,U0005250,2026-08-28,沉默用户,8,15,0.411
LCS00005251,U0005251,2026-08-28,活跃用户,11,1,0.5152
LCS00005252,U0005252,2026-08-28,活跃用户,5,2,0.3574
LCS00005253,U0005253,2026-08-28,活跃用户,7,0,0.3433
LCS00005254,U0005254,2026-08-28,活跃用户,6,1,0.441
LCS00005255,U0005255,2026-08-28,活跃用户,13,2,0.6611
LCS00005256,U0005256,2026-08-28,流失用户,3,58,0.4092
LCS00005257,U0005257,2026-08-28,流失用户,5,66,0.1402
LCS00005258,U0005258,2026-08-28,活跃用户,13,2,0.1908
LCS00005259,U0005259,2026-08-28,活跃用户,16,0,0.1707
LCS00005260,U0005260,2026-08-28,活跃用户,7,7,0.2829
LCS00005261,U0005261,2026-08-28,沉默用户,11,27,0.2454
LCS00005262,U0005262,2026-08-28,沉默用户,4,10,0.1871
LCS00005263,U0005263,2026-08-28,流失用户,7,52,0.1348
LCS00005264,U0005264,2026-08-28,沉默用户,18,9,0.4336
LCS00005265,U0005265,2026-08-28,活跃用户,4,5,0.2327
LCS00005266,U0005266,2026-08-28,活跃用户,2,7,0.2533
LCS00005267,U0005267,2026-08-28,流失用户,5,110,0.4318
LCS00005268,U0005268,2026-08-28,沉默用户,1,14,0.3049
LCS00005269,U0005269,2026-08-28,活跃用户,6,0,0.5326
LCS00005270,U0005270,2026-08-28,活跃用户,5,0,0.4648
LCS00005271,U0005271,2026-08-28,活跃用户,5,4,0.237
LCS00005272,U0005272,2026-08-28,新用户,3,0,0.151
LCS00005273,U0005273,2026-08-28,流失用户,4,31,0.465
LCS00005274,U0005274,2026-08-28,新用户,0,0,0.4486
LCS00005275,U0005275,2026-08-28,流失用户,4,36,0.4954
LCS00005276,U0005276,2026-08-28,活跃用户,10,0,0.2916
LCS00005277,U0005277,2026-08-28,流失用户,6,35,0.2752
LCS00005278,U0005278,2026-08-28,流失用户,3,94,0.2728
LCS00005279,U0005279,2026-08-28,沉默用户,3,12,0.3699
LCS00005280,U0005280,2026-08-28,流失用户,8,58,0.5
LCS00005281,U0005281,2026-08-28,流失用户,5,77,0.4464
LCS00005282,U0005282,2026-08-28,流失用户,3,189,0.2615
LCS00005283,U0005283,2026-08-28,沉默用户,7,19,0.469
LCS00005284,U0005284,2026-08-28,沉默用户,14,8,0.2972
LCS00005285,U0005285,2026-08-28,活跃用户,17,5,0.3847
LCS00005286,U0005286,2026-08-28,流失用户,3,36,0.297
LCS00005287,U0005287,2026-08-28,沉默用户,12,9,0.3115
LCS00005288,U0005288,2026-08-28,活跃用户,7,3,0.3076
LCS00005289,U0005289,2026-08-28,活跃用户,10,1,0.5102
LCS00005290,U0005290,2026-08-28,流失用户,2,138,0.3716
LCS00005291,U0005291,2026-08-28,沉默用户,10,13,0.3637
LCS00005292,U0005292,2026-08-28,沉默用户,6,8,0.3198
LCS00005293,U0005293,2026-08-28,活跃用户,7,7,0.2991
LCS00005294,U0005294,2026-08-28,新用户,3,0,0.3571
LCS00005295,U0005295,2026-08-28,流失用户,2,113,0.0777
LCS00005296,U0005296,2026-08-28,流失用户,6,72,0.1919
LCS00005297,U0005297,2026-08-28,沉默用户,5,15,0.4936
LCS00005298,U0005298,2026-08-28,流失用户,4,35,0.4048
LCS00005299,U0005299,2026-08-28,活跃用户,7,4,0.211
LCS00005300,U0005300,2026-08-28,活跃用户,9,6,0.3314
LCS00005301,U0005301,2026-08-28,沉默用户,9,30,0.3347
LCS00005302,U0005302,2026-08-28,活跃用户,2,3,0.2901
LCS00005303,U0005303,2026-08-28,活跃用户,6,4,0.1979
LCS00005304,U0005304,2026-08-28,流失用户,3,98,0.2979
LCS00005305,U0005305,2026-08-28,活跃用户,8,3,0.2853
LCS00005306,U0005306,2026-08-28,活跃用户,8,1,0.15
LCS00005307,U0005307,2026-08-28,流失用户,9,40,0.1244
LCS00005308,U0005308,2026-08-28,活跃用户,12,4,0.3442
LCS00005309,U0005309,2026-08-28,活跃用户,7,0,0.2751
LCS00005310,U0005310,2026-08-28,沉默用户,14,11,0.2934
LCS00005311,U0005311,2026-08-28,流失用户,1,108,0.2043
LCS00005312,U0005312,2026-08-28,沉默用户,2,16,0.204
LCS00005313,U0005313,2026-08-28,流失用户,1,232,0.3778
LCS00005314,U0005314,2026-08-28,流失用户,0,206,0.4439
LCS00005315,U0005315,2026-08-28,流失用户,3,32,0.2509
LCS00005316,U0005316,2026-08-28,活跃用户,11,0,0.1379
LCS00005317,U0005317,2026-08-28,活跃用户,13,7,0.3542
LCS00005318,U0005318,2026-08-28,沉默用户,4,25,0.2197
LCS00005319,U0005319,2026-08-28,流失用户,6,75,0.2906
LCS00005320,U0005320,2026-08-28,活跃用户,15,6,0.4871
LCS00005321,U0005321,2026-08-28,活跃用户,10,0,0.5077
LCS00005322,U0005322,2026-08-28,活跃用户,10,5,0.4986
LCS00005323,U0005323,2026-08-28,沉默用户,12,9,0.1923
LCS00005324,U0005324,2026-08-28,沉默用户,13,12,0.3589
LCS00005325,U0005325,2026-08-28,活跃用户,14,4,0.1807
LCS00005326,U0005326,2026-08-28,沉默用户,9,20,0.4047
LCS00005327,U0005327,2026-08-28,沉默用户,3,10,0.219
LCS00005328,U0005328,2026-08-28,活跃用户,13,1,0.05
LCS00005329,U0005329,2026-08-28,流失用户,1,34,0.248
LCS00005330,U0005330,2026-08-28,活跃用户,14,3,0.3503
LCS00005331,U0005331,2026-08-28,流失用户,15,84,0.2927
LCS00005332,U0005332,2026-08-28,流失用户,2,32,0.292
LCS00005333,U0005333,2026-08-28,新用户,1,0,0.4555
LCS00005334,U0005334,2026-08-28,流失用户,5,43,0.5216
LCS00005335,U0005335,2026-08-28,流失用户,3,136,0.5619
LCS00005336,U0005336,2026-08-28,流失用户,4,49,0.4182
LCS00005337,U0005337,2026-08-28,活跃用户,10,2,0.3054
LCS00005338,U0005338,2026-08-28,流失用户,4,133,0.3405
LCS00005339,U0005339,2026-08-28,沉默用户,2,11,0.1626
LCS00005340,U0005340,2026-08-28,活跃用户,14,7,0.1193
LCS00005341,U0005341,2026-08-28,活跃用户,3,4,0.3613
LCS00005342,U0005342,2026-08-28,沉默用户,1,29,0.05
LCS00005343,U0005343,2026-08-28,沉默用户,6,9,0.2908
LCS00005344,U0005344,2026-08-28,沉默用户,10,29,0.3674
LCS00005345,U0005345,2026-08-28,流失用户,5,40,0.2624
LCS00005346,U0005346,2026-08-28,沉默用户,3,13,0.4066
LCS00005347,U0005347,2026-08-28,活跃用户,13,1,0.3141
LCS00005348,U0005348,2026-08-28,活跃用户,12,7,0.0973
LCS00005349,U0005349,2026-08-28,活跃用户,14,3,0.182
LCS00005350,U0005350,2026-08-28,流失用户,0,179,0.05
LCS00005351,U0005351,2026-08-28,活跃用户,12,1,0.3691
LCS00005352,U0005352,2026-08-28,活跃用户,11,0,0.2537
LCS00005353,U0005353,2026-08-28,活跃用户,13,0,0.2503
LCS00005354,U0005354,2026-08-28,流失用户,4,49,0.2533
LCS00005355,U0005355,2026-08-28,沉默用户,8,17,0.5323
LCS00005356,U0005356,2026-08-28,沉默用户,5,10,0.1914
LCS00005357,U0005357,2026-08-28,沉默用户,10,12,0.145
LCS00005358,U0005358,2026-08-28,活跃用户,12,7,0.1585
LCS00005359,U0005359,2026-08-28,活跃用户,12,3,0.343
LCS00005360,U0005360,2026-08-28,流失用户,9,52,0.2729
LCS00005361,U0005361,2026-08-28,沉默用户,6,9,0.2602
LCS00005362,U0005362,2026-08-28,活跃用户,10,0,0.2521
LCS00005363,U0005363,2026-08-28,活跃用户,3,2,0.2832
LCS00005364,U0005364,2026-08-28,流失用户,1,90,0.1676
LCS00005365,U0005365,2026-08-28,沉默用户,15,11,0.3195
LCS00005366,U0005366,2026-08-28,流失用户,1,34,0.2776
LCS00005367,U0005367,2026-08-28,流失用户,2,94,0.0912
LCS00005368,U0005368,2026-08-28,沉默用户,10,8,0.3221
LCS00005369,U0005369,2026-08-28,沉默用户,1,16,0.1839
LCS00005370,U0005370,2026-08-28,活跃用户,15,0,0.191
LCS00005371,U0005371,2026-08-28,沉默用户,10,24,0.3396
LCS00005372,U0005372,2026-08-28,流失用户,2,32,0.4268
LCS00005373,U0005373,2026-08-28,沉默用户,10,10,0.3115
LCS00005374,U0005374,2026-08-28,新用户,3,1,0.1914
LCS00005375,U0005375,2026-08-28,活跃用户,14,0,0.3749
LCS00005376,U0005376,2026-08-28,流失用户,3,57,0.1779
LCS00005377,U0005377,2026-08-28,沉默用户,7,21,0.595
LCS00005378,U0005378,2026-08-28,流失用户,3,62,0.2602
LCS00005379,U0005379,2026-08-28,活跃用户,10,2,0.3162
LCS00005380,U0005380,2026-08-28,沉默用户,3,19,0.3593
LCS00005381,U0005381,2026-08-28,活跃用户,13,3,0.3557
LCS00005382,U0005382,2026-08-28,活跃用户,10,0,0.0676
LCS00005383,U0005383,2026-08-28,新用户,2,1,0.2392
LCS00005384,U0005384,2026-08-28,活跃用户,2,4,0.3527
LCS00005385,U0005385,2026-08-28,流失用户,6,33,0.2985
LCS00005386,U0005386,2026-08-28,活跃用户,5,0,0.4919
LCS00005387,U0005387,2026-08-28,流失用户,4,105,0.3668
LCS00005388,U0005388,2026-08-28,沉默用户,7,25,0.3293
LCS00005389,U0005389,2026-08-28,活跃用户,11,2,0.1603
LCS00005390,U0005390,2026-08-28,活跃用户,8,3,0.24
LCS00005391,U0005391,2026-08-28,活跃用户,9,0,0.4286
LCS00005392,U0005392,2026-08-28,新用户,4,0,0.542
LCS00005393,U0005393,2026-08-28,活跃用户,4,4,0.2686
LCS00005394,U0005394,2026-08-28,沉默用户,6,29,0.4968
LCS00005395,U0005395,2026-08-28,流失用户,2,152,0.2933
LCS00005396,U0005396,2026-08-28,新用户,4,1,0.5103
LCS00005397,U0005397,2026-08-28,沉默用户,12,9,0.4098
LCS00005398,U0005398,2026-08-28,流失用户,3,60,0.3952
LCS00005399,U0005399,2026-08-28,沉默用户,11,8,0.3111
LCS00005400,U0005400,2026-08-28,活跃用户,3,7,0.4261
LCS00005401,U0005401,2026-08-28,流失用户,4,34,0.4353
LCS00005402,U0005402,2026-08-28,活跃用户,16,3,0.1152
LCS00005403,U0005403,2026-08-28,活跃用户,4,2,0.3019
LCS00005404,U0005404,2026-08-28,活跃用户,15,6,0.1894
LCS00005405,U0005405,2026-08-28,沉默用户,14,15,0.4506
LCS00005406,U0005406,2026-08-28,流失用户,4,72,0.1894
LCS00005407,U0005407,2026-08-28,活跃用户,1,4,0.123
LCS00005408,U0005408,2026-08-28,沉默用户,11,8,0.4877
LCS00005409,U0005409,2026-08-28,活跃用户,8,4,0.5201
LCS00005410,U0005410,2026-08-28,活跃用户,3,6,0.2033
LCS00005411,U0005411,2026-08-28,活跃用户,11,0,0.4027
LCS00005412,U0005412,2026-08-28,活跃用户,7,7,0.163
LCS00005413,U0005413,2026-08-28,活跃用户,10,1,0.28
LCS00005414,U0005414,2026-08-28,活跃用户,8,0,0.2581
LCS00005415,U0005415,2026-08-28,沉默用户,2,19,0.2812
LCS00005416,U0005416,2026-08-28,沉默用户,11,10,0.2697
LCS00005417,U0005417,2026-08-28,活跃用户,4,1,0.5037
LCS00005418,U0005418,2026-08-28,活跃用户,16,5,0.3971
LCS00005419,U0005419,2026-08-28,流失用户,12,42,0.4291
LCS00005420,U0005420,2026-08-28,活跃用户,4,6,0.1105
LCS00005421,U0005421,2026-08-28,活跃用户,17,0,0.3601
LCS00005422,U0005422,2026-08-28,活跃用户,10,3,0.3978
LCS00005423,U0005423,2026-08-28,新用户,2,0,0.109
LCS00005424,U0005424,2026-08-28,流失用户,1,97,0.4883
LCS00005425,U0005425,2026-08-28,沉默用户,1,21,0.05
LCS00005426,U0005426,2026-08-28,沉默用户,2,29,0.3493
LCS00005427,U0005427,2026-08-28,流失用户,5,98,0.4313
LCS00005428,U0005428,2026-08-28,沉默用户,8,11,0.4154
LCS00005429,U0005429,2026-08-28,流失用户,4,143,0.4024
LCS00005430,U0005430,2026-08-28,沉默用户,3,9,0.1927
LCS00005431,U0005431,2026-08-28,活跃用户,10,0,0.5903
LCS00005432,U0005432,2026-08-28,流失用户,2,81,0.05
LCS00005433,U0005433,2026-08-28,活跃用户,7,0,0.1438
LCS00005434,U0005434,2026-08-28,活跃用户,15,0,0.2444
LCS00005435,U0005435,2026-08-28,流失用户,9,32,0.4661
LCS00005436,U0005436,2026-08-28,流失用户,3,89,0.2548
LCS00005437,U0005437,2026-08-28,沉默用户,5,23,0.4479
LCS00005438,U0005438,2026-08-28,流失用户,3,44,0.1897
LCS00005439,U0005439,2026-08-28,沉默用户,3,12,0.2588
LCS00005440,U0005440,2026-08-28,沉默用户,5,22,0.2479
LCS00005441,U0005441,2026-08-28,流失用户,5,38,0.1338
LCS00005442,U0005442,2026-08-28,活跃用户,8,0,0.3616
LCS00005443,U0005443,2026-08-28,流失用户,9,49,0.225
LCS00005444,U0005444,2026-08-28,流失用户,3,83,0.6421
LCS00005445,U0005445,2026-08-28,活跃用户,8,6,0.109
LCS00005446,U0005446,2026-08-28,沉默用户,6,25,0.4745
LCS00005447,U0005447,2026-08-28,沉默用户,11,21,0.1649
LCS00005448,U0005448,2026-08-28,沉默用户,3,25,0.3254
LCS00005449,U0005449,2026-08-28,活跃用户,7,5,0.0626
LCS00005450,U0005450,2026-08-28,活跃用户,5,2,0.4599
LCS00005451,U0005451,2026-08-28,沉默用户,6,12,0.1267
LCS00005452,U0005452,2026-08-28,活跃用户,6,3,0.3399
LCS00005453,U0005453,2026-08-28,沉默用户,8,10,0.4964
LCS00005454,U0005454,2026-08-28,流失用户,5,51,0.4016
LCS00005455,U0005455,2026-08-28,沉默用户,15,21,0.2413
LCS00005456,U0005456,2026-08-28,活跃用户,8,0,0.2229
LCS00005457,U0005457,2026-08-28,流失用户,2,98,0.4668
LCS00005458,U0005458,2026-08-28,沉默用户,11,11,0.5615
LCS00005459,U0005459,2026-08-28,新用户,2,0,0.1125
LCS00005460,U0005460,2026-08-28,沉默用户,8,11,0.4202
LCS00005461,U0005461,2026-08-28,活跃用户,12,7,0.3241
LCS00005462,U0005462,2026-08-28,活跃用户,3,7,0.4004
LCS00005463,U0005463,2026-08-28,沉默用户,12,10,0.533
LCS00005464,U0005464,2026-08-28,沉默用户,16,24,0.8221
LCS00005465,U0005465,2026-08-28,沉默用户,13,17,0.2241
LCS00005466,U0005466,2026-08-28,沉默用户,14,10,0.4207
LCS00005467,U0005467,2026-08-28,沉默用户,5,10,0.4203
LCS00005468,U0005468,2026-08-28,沉默用户,0,27,0.2793
LCS00005469,U0005469,2026-08-28,流失用户,2,66,0.2814
LCS00005470,U0005470,2026-08-28,沉默用户,14,10,0.4536
LCS00005471,U0005471,2026-08-28,活跃用户,4,4,0.1155
LCS00005472,U0005472,2026-08-28,活跃用户,7,4,0.2612
LCS00005473,U0005473,2026-08-28,活跃用户,9,2,0.462
LCS00005474,U0005474,2026-08-28,活跃用户,9,0,0.2582
LCS00005475,U0005475,2026-08-28,沉默用户,5,27,0.3034
LCS00005476,U0005476,2026-08-28,活跃用户,11,4,0.4874
LCS00005477,U0005477,2026-08-28,沉默用户,17,9,0.4475
LCS00005478,U0005478,2026-08-28,流失用户,0,58,0.257
LCS00005479,U0005479,2026-08-28,活跃用户,15,2,0.4828
LCS00005480,U0005480,2026-08-28,沉默用户,5,30,0.1217
LCS00005481,U0005481,2026-08-28,沉默用户,2,14,0.05
LCS00005482,U0005482,2026-08-28,活跃用户,14,1,0.5559
LCS00005483,U0005483,2026-08-28,沉默用户,6,23,0.4638
LCS00005484,U0005484,2026-08-28,活跃用户,9,2,0.2899
LCS00005485,U0005485,2026-08-28,活跃用户,9,0,0.3982
LCS00005486,U0005486,2026-08-28,流失用户,2,102,0.2373
LCS00005487,U0005487,2026-08-28,流失用户,5,76,0.3214
LCS00005488,U0005488,2026-08-28,活跃用户,16,2,0.2744
LCS00005489,U0005489,2026-08-28,沉默用户,4,13,0.05
LCS00005490,U0005490,2026-08-28,活跃用户,8,7,0.227
LCS00005491,U0005491,2026-08-28,沉默用户,3,10,0.2929
LCS00005492,U0005492,2026-08-28,活跃用户,11,0,0.1545
LCS00005493,U0005493,2026-08-28,沉默用户,12,8,0.35
LCS00005494,U0005494,2026-08-28,活跃用户,9,7,0.5402
LCS00005495,U0005495,2026-08-28,活跃用户,8,7,0.3045
LCS00005496,U0005496,2026-08-28,流失用户,3,89,0.4569
LCS00005497,U0005497,2026-08-28,流失用户,6,49,0.2884
LCS00005498,U0005498,2026-08-28,流失用户,3,51,0.3143
LCS00005499,U0005499,2026-08-28,活跃用户,12,7,0.4666
LCS00005500,U0005500,2026-08-28,活跃用户,8,2,0.1241
LCS00005501,U0005501,2026-08-28,活跃用户,1,1,0.2335
LCS00005502,U0005502,2026-08-28,活跃用户,13,4,0.3737
LCS00005503,U0005503,2026-08-28,沉默用户,2,10,0.3435
LCS00005504,U0005504,2026-08-28,流失用户,7,41,0.0677
LCS00005505,U0005505,2026-08-28,流失用户,2,154,0.2229
LCS00005506,U0005506,2026-08-28,活跃用户,4,0,0.4476
LCS00005507,U0005507,2026-08-28,活跃用户,3,6,0.1643
LCS00005508,U0005508,2026-08-28,活跃用户,2,7,0.293
LCS00005509,U0005509,2026-08-28,活跃用户,8,5,0.4718
LCS00005510,U0005510,2026-08-28,活跃用户,14,0,0.5139
LCS00005511,U0005511,2026-08-28,沉默用户,2,11,0.1606
LCS00005512,U0005512,2026-08-28,活跃用户,9,0,0.4332
LCS00005513,U0005513,2026-08-28,沉默用户,3,24,0.3995
LCS00005514,U0005514,2026-08-28,活跃用户,4,6,0.4706
LCS00005515,U0005515,2026-08-28,活跃用户,2,2,0.5184
LCS00005516,U0005516,2026-08-28,流失用户,1,31,0.1301
LCS00005517,U0005517,2026-08-28,沉默用户,12,30,0.3125
LCS00005518,U0005518,2026-08-28,沉默用户,12,27,0.1573
LCS00005519,U0005519,2026-08-28,活跃用户,12,5,0.1611
LCS00005520,U0005520,2026-08-28,沉默用户,6,26,0.0708
LCS00005521,U0005521,2026-08-28,沉默用户,15,12,0.4281
LCS00005522,U0005522,2026-08-28,活跃用户,9,1,0.3636
LCS00005523,U0005523,2026-08-28,沉默用户,10,20,0.3598
LCS00005524,U0005524,2026-08-28,沉默用户,14,10,0.2996
LCS00005525,U0005525,2026-08-28,沉默用户,3,8,0.2122
LCS00005526,U0005526,2026-08-28,沉默用户,7,8,0.2213
LCS00005527,U0005527,2026-08-28,活跃用户,10,6,0.1642
LCS00005528,U0005528,2026-08-28,沉默用户,3,10,0.5445
LCS00005529,U0005529,2026-08-28,沉默用户,6,12,0.1927
LCS00005530,U0005530,2026-08-28,沉默用户,15,13,0.3968
LCS00005531,U0005531,2026-08-28,流失用户,3,46,0.4023
LCS00005532,U0005532,2026-08-28,沉默用户,15,24,0.2098
LCS00005533,U0005533,2026-08-28,沉默用户,5,15,0.2525
LCS00005534,U0005534,2026-08-28,活跃用户,8,7,0.1508
LCS00005535,U0005535,2026-08-28,流失用户,9,39,0.5033
LCS00005536,U0005536,2026-08-28,沉默用户,8,9,0.291
LCS00005537,U0005537,2026-08-28,沉默用户,15,18,0.1829
LCS00005538,U0005538,2026-08-28,活跃用户,8,6,0.2387
LCS00005539,U0005539,2026-08-28,沉默用户,13,11,0.4353
LCS00005540,U0005540,2026-08-28,活跃用户,13,4,0.1797
LCS00005541,U0005541,2026-08-28,流失用户,3,34,0.0866
LCS00005542,U0005542,2026-08-28,活跃用户,4,1,0.7068
LCS00005543,U0005543,2026-08-28,活跃用户,5,5,0.2617
LCS00005544,U0005544,2026-08-28,活跃用户,5,0,0.2449
LCS00005545,U0005545,2026-08-28,沉默用户,9,8,0.4825
LCS00005546,U0005546,2026-08-28,流失用户,8,41,0.2739
LCS00005547,U0005547,2026-08-28,流失用户,8,54,0.4493
LCS00005548,U0005548,2026-08-28,活跃用户,9,0,0.4902
LCS00005549,U0005549,2026-08-28,活跃用户,2,7,0.2475
LCS00005550,U0005550,2026-08-28,沉默用户,2,30,0.05
LCS00005551,U0005551,2026-08-28,流失用户,6,131,0.6188
LCS00005552,U0005552,2026-08-28,活跃用户,9,6,0.05
LCS00005553,U0005553,2026-08-28,活跃用户,8,3,0.1263
LCS00005554,U0005554,2026-08-28,活跃用户,12,2,0.2856
LCS00005555,U0005555,2026-08-28,活跃用户,2,1,0.1769
LCS00005556,U0005556,2026-08-28,流失用户,7,34,0.4561
LCS00005557,U0005557,2026-08-28,流失用户,2,61,0.05
LCS00005558,U0005558,2026-08-28,沉默用户,3,21,0.2044
LCS00005559,U0005559,2026-08-28,活跃用户,7,0,0.1888
LCS00005560,U0005560,2026-08-28,沉默用户,14,15,0.4623
LCS00005561,U0005561,2026-08-28,流失用户,4,170,0.4067
LCS00005562,U0005562,2026-08-28,沉默用户,6,8,0.3402
LCS00005563,U0005563,2026-08-28,活跃用户,5,1,0.1206
LCS00005564,U0005564,2026-08-28,沉默用户,8,18,0.3584
LCS00005565,U0005565,2026-08-28,沉默用户,6,19,0.3727
LCS00005566,U0005566,2026-08-28,沉默用户,4,8,0.5448
LCS00005567,U0005567,2026-08-28,活跃用户,7,3,0.2076
LCS00005568,U0005568,2026-08-28,沉默用户,7,14,0.1191
LCS00005569,U0005569,2026-08-28,沉默用户,10,30,0.2644
LCS00005570,U0005570,2026-08-28,沉默用户,12,11,0.1104
LCS00005571,U0005571,2026-08-28,沉默用户,12,27,0.4398
LCS00005572,U0005572,2026-08-28,流失用户,7,33,0.5504
LCS00005573,U0005573,2026-08-28,沉默用户,5,14,0.3225
LCS00005574,U0005574,2026-08-28,活跃用户,9,6,0.4894
LCS00005575,U0005575,2026-08-28,沉默用户,5,18,0.18
LCS00005576,U0005576,2026-08-28,活跃用户,18,7,0.5411
LCS00005577,U0005577,2026-08-28,流失用户,1,132,0.3856
LCS00005578,U0005578,2026-08-28,沉默用户,13,12,0.4188
LCS00005579,U0005579,2026-08-28,流失用户,9,36,0.6531
LCS00005580,U0005580,2026-08-28,活跃用户,10,0,0.3925
LCS00005581,U0005581,2026-08-28,流失用户,2,77,0.2695
LCS00005582,U0005582,2026-08-28,新用户,2,1,0.2368
LCS00005583,U0005583,2026-08-28,活跃用户,9,0,0.3496
LCS00005584,U0005584,2026-08-28,活跃用户,13,6,0.4719
LCS00005585,U0005585,2026-08-28,流失用户,3,31,0.2474
LCS00005586,U0005586,2026-08-28,沉默用户,12,9,0.4649
LCS00005587,U0005587,2026-08-28,活跃用户,6,1,0.1748
LCS00005588,U0005588,2026-08-28,新用户,6,0,0.1902
LCS00005589,U0005589,2026-08-28,沉默用户,2,18,0.2211
LCS00005590,U0005590,2026-08-28,活跃用户,12,6,0.2416
LCS00005591,U0005591,2026-08-28,活跃用户,14,1,0.232
LCS00005592,U0005592,2026-08-28,活跃用户,3,3,0.2611
LCS00005593,U0005593,2026-08-28,流失用户,2,43,0.1152
LCS00005594,U0005594,2026-08-28,活跃用户,3,5,0.476
LCS00005595,U0005595,2026-08-28,沉默用户,3,22,0.05
LCS00005596,U0005596,2026-08-28,流失用户,2,66,0.2547
LCS00005597,U0005597,2026-08-28,活跃用户,16,3,0.1204
LCS00005598,U0005598,2026-08-28,新用户,0,0,0.4805
LCS00005599,U0005599,2026-08-28,沉默用户,10,19,0.555
LCS00005600,U0005600,2026-08-28,沉默用户,13,9,0.1874
LCS00005601,U0005601,2026-08-28,流失用户,12,76,0.3051
LCS00005602,U0005602,2026-08-28,流失用户,4,56,0.3484
LCS00005603,U0005603,2026-08-28,沉默用户,6,30,0.7268
LCS00005604,U0005604,2026-08-28,沉默用户,4,16,0.1325
LCS00005605,U0005605,2026-08-28,流失用户,0,217,0.1817
LCS00005606,U0005606,2026-08-28,流失用户,3,35,0.3244
LCS00005607,U0005607,2026-08-28,活跃用户,14,3,0.3843
LCS00005608,U0005608,2026-08-28,新用户,0,7,0.3071
LCS00005609,U0005609,2026-08-28,沉默用户,2,23,0.1888
LCS00005610,U0005610,2026-08-28,流失用户,15,39,0.434
LCS00005611,U0005611,2026-08-28,沉默用户,4,22,0.6572
LCS00005612,U0005612,2026-08-28,沉默用户,12,8,0.3754
LCS00005613,U0005613,2026-08-28,沉默用户,8,24,0.238
LCS00005614,U0005614,2026-08-28,沉默用户,5,14,0.2828
LCS00005615,U0005615,2026-08-28,沉默用户,5,10,0.4128
LCS00005616,U0005616,2026-08-28,流失用户,4,64,0.3644
LCS00005617,U0005617,2026-08-28,流失用户,3,88,0.3625
LCS00005618,U0005618,2026-08-28,流失用户,11,40,0.4302
LCS00005619,U0005619,2026-08-28,沉默用户,5,14,0.2885
LCS00005620,U0005620,2026-08-28,活跃用户,9,2,0.05
LCS00005621,U0005621,2026-08-28,沉默用户,3,14,0.2083
LCS00005622,U0005622,2026-08-28,流失用户,2,223,0.4734
LCS00005623,U0005623,2026-08-28,活跃用户,16,2,0.6762
LCS00005624,U0005624,2026-08-28,沉默用户,3,21,0.4487
LCS00005625,U0005625,2026-08-28,活跃用户,10,6,0.078
LCS00005626,U0005626,2026-08-28,沉默用户,16,9,0.4305
LCS00005627,U0005627,2026-08-28,流失用户,5,61,0.3257
LCS00005628,U0005628,2026-08-28,沉默用户,6,22,0.4004
LCS00005629,U0005629,2026-08-28,沉默用户,5,27,0.2291
LCS00005630,U0005630,2026-08-28,活跃用户,9,0,0.3259
LCS00005631,U0005631,2026-08-28,沉默用户,1,19,0.0554
LCS00005632,U0005632,2026-08-28,活跃用户,3,1,0.2031
LCS00005633,U0005633,2026-08-28,流失用户,16,59,0.3805
LCS00005634,U0005634,2026-08-28,活跃用户,10,2,0.225
LCS00005635,U0005635,2026-08-28,活跃用户,11,4,0.326
LCS00005636,U0005636,2026-08-28,活跃用户,9,0,0.3766
LCS00005637,U0005637,2026-08-28,沉默用户,6,26,0.3563
LCS00005638,U0005638,2026-08-28,活跃用户,6,6,0.3357
LCS00005639,U0005639,2026-08-28,活跃用户,9,2,0.1311
LCS00005640,U0005640,2026-08-28,流失用户,2,76,0.4631
LCS00005641,U0005641,2026-08-28,沉默用户,11,10,0.4939
LCS00005642,U0005642,2026-08-28,活跃用户,4,0,0.5579
LCS00005643,U0005643,2026-08-28,流失用户,1,49,0.05
LCS00005644,U0005644,2026-08-28,活跃用户,4,1,0.3003
LCS00005645,U0005645,2026-08-28,活跃用户,13,0,0.1168
LCS00005646,U0005646,2026-08-28,流失用户,3,55,0.1915
LCS00005647,U0005647,2026-08-28,活跃用户,4,1,0.3707
LCS00005648,U0005648,2026-08-28,活跃用户,3,7,0.2136
LCS00005649,U0005649,2026-08-28,活跃用户,8,3,0.1421
LCS00005650,U0005650,2026-08-28,沉默用户,8,9,0.5377
LCS00005651,U0005651,2026-08-28,沉默用户,5,17,0.1318
LCS00005652,U0005652,2026-08-28,活跃用户,14,0,0.0731
LCS00005653,U0005653,2026-08-28,流失用户,3,70,0.0524
LCS00005654,U0005654,2026-08-28,沉默用户,5,10,0.3357
LCS00005655,U0005655,2026-08-28,流失用户,11,39,0.1324
LCS00005656,U0005656,2026-08-28,流失用户,4,57,0.4341
LCS00005657,U0005657,2026-08-28,活跃用户,2,6,0.3273
LCS00005658,U0005658,2026-08-28,流失用户,2,104,0.2912
LCS00005659,U0005659,2026-08-28,沉默用户,7,24,0.2638
LCS00005660,U0005660,2026-08-28,新用户,2,0,0.5703
LCS00005661,U0005661,2026-08-28,活跃用户,11,6,0.1833
LCS00005662,U0005662,2026-08-28,活跃用户,11,0,0.3674
LCS00005663,U0005663,2026-08-28,活跃用户,11,1,0.3026
LCS00005664,U0005664,2026-08-28,活跃用户,8,6,0.4097
LCS00005665,U0005665,2026-08-28,活跃用户,4,0,0.0749
LCS00005666,U0005666,2026-08-28,活跃用户,13,1,0.3298
LCS00005667,U0005667,2026-08-28,活跃用户,8,3,0.2097
LCS00005668,U0005668,2026-08-28,活跃用户,10,0,0.05
LCS00005669,U0005669,2026-08-28,沉默用户,3,30,0.1414
LCS00005670,U0005670,2026-08-28,活跃用户,12,1,0.4898
LCS00005671,U0005671,2026-08-28,流失用户,0,177,0.05
LCS00005672,U0005672,2026-08-28,活跃用户,10,0,0.2061
LCS00005673,U0005673,2026-08-28,活跃用户,11,1,0.194
LCS00005674,U0005674,2026-08-28,活跃用户,12,1,0.2266
LCS00005675,U0005675,2026-08-28,活跃用户,4,7,0.1419
LCS00005676,U0005676,2026-08-28,流失用户,0,162,0.1318
LCS00005677,U0005677,2026-08-28,沉默用户,10,8,0.3141
LCS00005678,U0005678,2026-08-28,沉默用户,4,28,0.1849
LCS00005679,U0005679,2026-08-28,沉默用户,10,10,0.5434
LCS00005680,U0005680,2026-08-28,沉默用户,5,27,0.1225
LCS00005681,U0005681,2026-08-28,流失用户,2,139,0.2772
LCS00005682,U0005682,2026-08-28,流失用户,10,54,0.332
LCS00005683,U0005683,2026-08-28,沉默用户,3,29,0.1463
LCS00005684,U0005684,2026-08-28,沉默用户,3,17,0.2773
LCS00005685,U0005685,2026-08-28,流失用户,6,84,0.1643
LCS00005686,U0005686,2026-08-28,流失用户,3,68,0.1234
LCS00005687,U0005687,2026-08-28,活跃用户,13,7,0.3629
LCS00005688,U0005688,2026-08-28,活跃用户,8,0,0.4824
LCS00005689,U0005689,2026-08-28,活跃用户,8,1,0.3374
LCS00005690,U0005690,2026-08-28,沉默用户,8,22,0.4017
LCS00005691,U0005691,2026-08-28,流失用户,3,134,0.3496
LCS00005692,U0005692,2026-08-28,活跃用户,9,0,0.5227
LCS00005693,U0005693,2026-08-28,流失用户,2,148,0.5423
LCS00005694,U0005694,2026-08-28,活跃用户,2,6,0.2868
LCS00005695,U0005695,2026-08-28,流失用户,6,71,0.2085
LCS00005696,U0005696,2026-08-28,沉默用户,4,27,0.4881
LCS00005697,U0005697,2026-08-28,活跃用户,7,4,0.4367
LCS00005698,U0005698,2026-08-28,流失用户,0,222,0.2295
LCS00005699,U0005699,2026-08-28,流失用户,3,70,0.2854
LCS00005700,U0005700,2026-08-28,流失用户,8,92,0.4306
LCS00005701,U0005701,2026-08-28,活跃用户,14,4,0.5574
LCS00005702,U0005702,2026-08-28,沉默用户,11,18,0.2194
LCS00005703,U0005703,2026-08-28,流失用户,6,41,0.3824
LCS00005704,U0005704,2026-08-28,活跃用户,14,0,0.2063
LCS00005705,U0005705,2026-08-28,沉默用户,2,27,0.148
LCS00005706,U0005706,2026-08-28,流失用户,0,141,0.088
LCS00005707,U0005707,2026-08-28,活跃用户,7,0,0.3491
LCS00005708,U0005708,2026-08-28,活跃用户,9,5,0.05
LCS00005709,U0005709,2026-08-28,流失用户,3,87,0.1425
LCS00005710,U0005710,2026-08-28,活跃用户,13,0,0.4618
LCS00005711,U0005711,2026-08-28,沉默用户,3,9,0.1688
LCS00005712,U0005712,2026-08-28,活跃用户,18,2,0.4408
LCS00005713,U0005713,2026-08-28,活跃用户,15,4,0.4487
LCS00005714,U0005714,2026-08-28,活跃用户,11,0,0.3766
LCS00005715,U0005715,2026-08-28,活跃用户,10,1,0.3864
LCS00005716,U0005716,2026-08-28,沉默用户,9,15,0.1771
LCS00005717,U0005717,2026-08-28,沉默用户,4,13,0.4673
LCS00005718,U0005718,2026-08-28,活跃用户,12,1,0.2948
LCS00005719,U0005719,2026-08-28,活跃用户,10,2,0.4198
LCS00005720,U0005720,2026-08-28,活跃用户,11,6,0.2622
LCS00005721,U0005721,2026-08-28,活跃用户,13,1,0.5449
LCS00005722,U0005722,2026-08-28,活跃用户,13,0,0.2507
LCS00005723,U0005723,2026-08-28,流失用户,8,61,0.4114
LCS00005724,U0005724,2026-08-28,流失用户,3,141,0.5023
LCS00005725,U0005725,2026-08-28,流失用户,1,135,0.4714
LCS00005726,U0005726,2026-08-28,活跃用户,12,2,0.5542
LCS00005727,U0005727,2026-08-28,活跃用户,15,2,0.2445
LCS00005728,U0005728,2026-08-28,活跃用户,8,1,0.4311
LCS00005729,U0005729,2026-08-28,活跃用户,13,0,0.118
LCS00005730,U0005730,2026-08-28,活跃用户,12,0,0.2255
LCS00005731,U0005731,2026-08-28,沉默用户,3,15,0.3071
LCS00005732,U0005732,2026-08-28,新用户,3,0,0.2553
LCS00005733,U0005733,2026-08-28,活跃用户,13,3,0.3219
LCS00005734,U0005734,2026-08-28,新用户,0,0,0.221
LCS00005735,U0005735,2026-08-28,活跃用户,5,0,0.2532
LCS00005736,U0005736,2026-08-28,沉默用户,9,12,0.4498
LCS00005737,U0005737,2026-08-28,沉默用户,13,23,0.4257
LCS00005738,U0005738,2026-08-28,沉默用户,14,14,0.3664
LCS00005739,U0005739,2026-08-28,活跃用户,14,4,0.2585
LCS00005740,U0005740,2026-08-28,沉默用户,5,11,0.1817
LCS00005741,U0005741,2026-08-28,流失用户,4,152,0.4752
LCS00005742,U0005742,2026-08-28,流失用户,1,31,0.1684
LCS00005743,U0005743,2026-08-28,活跃用户,12,4,0.3876
LCS00005744,U0005744,2026-08-28,沉默用户,9,27,0.1578
LCS00005745,U0005745,2026-08-28,活跃用户,5,3,0.4098
LCS00005746,U0005746,2026-08-28,流失用户,6,47,0.3224
LCS00005747,U0005747,2026-08-28,沉默用户,15,12,0.4285
LCS00005748,U0005748,2026-08-28,活跃用户,7,5,0.3595
LCS00005749,U0005749,2026-08-28,沉默用户,15,10,0.3445
LCS00005750,U0005750,2026-08-28,沉默用户,13,8,0.4112
LCS00005751,U0005751,2026-08-28,活跃用户,12,2,0.5887
LCS00005752,U0005752,2026-08-28,沉默用户,7,13,0.503
LCS00005753,U0005753,2026-08-28,沉默用户,17,28,0.4251
LCS00005754,U0005754,2026-08-28,活跃用户,10,2,0.1148
LCS00005755,U0005755,2026-08-28,沉默用户,2,10,0.2529
LCS00005756,U0005756,2026-08-28,沉默用户,10,10,0.1832
LCS00005757,U0005757,2026-08-28,沉默用户,14,15,0.3233
LCS00005758,U0005758,2026-08-28,活跃用户,5,4,0.3924
LCS00005759,U0005759,2026-08-28,流失用户,10,60,0.1715
LCS00005760,U0005760,2026-08-28,活跃用户,9,2,0.1663
LCS00005761,U0005761,2026-08-28,沉默用户,13,25,0.3346
LCS00005762,U0005762,2026-08-28,沉默用户,12,11,0.2934
LCS00005763,U0005763,2026-08-28,活跃用户,10,1,0.1753
LCS00005764,U0005764,2026-08-28,沉默用户,4,18,0.272
LCS00005765,U0005765,2026-08-28,沉默用户,14,19,0.2751
LCS00005766,U0005766,2026-08-28,沉默用户,14,8,0.2667
LCS00005767,U0005767,2026-08-28,活跃用户,15,3,0.3059
LCS00005768,U0005768,2026-08-28,活跃用户,8,3,0.1633
LCS00005769,U0005769,2026-08-28,活跃用户,7,3,0.2255
LCS00005770,U0005770,2026-08-28,活跃用户,12,3,0.2238
LCS00005771,U0005771,2026-08-28,活跃用户,12,7,0.2673
LCS00005772,U0005772,2026-08-28,沉默用户,13,13,0.434
LCS00005773,U0005773,2026-08-28,流失用户,2,51,0.3797
LCS00005774,U0005774,2026-08-28,流失用户,4,51,0.5266
LCS00005775,U0005775,2026-08-28,流失用户,4,185,0.6645
LCS00005776,U0005776,2026-08-28,活跃用户,11,0,0.6573
LCS00005777,U0005777,2026-08-28,流失用户,13,33,0.1652
LCS00005778,U0005778,2026-08-28,流失用户,1,61,0.2144
LCS00005779,U0005779,2026-08-28,流失用户,2,153,0.2117
LCS00005780,U0005780,2026-08-28,沉默用户,10,19,0.2399
LCS00005781,U0005781,2026-08-28,沉默用户,1,29,0.3324
LCS00005782,U0005782,2026-08-28,沉默用户,13,16,0.3545
LCS00005783,U0005783,2026-08-28,沉默用户,5,18,0.4585
LCS00005784,U0005784,2026-08-28,活跃用户,2,7,0.1146
LCS00005785,U0005785,2026-08-28,流失用户,2,38,0.2725
LCS00005786,U0005786,2026-08-28,沉默用户,12,14,0.4703
LCS00005787,U0005787,2026-08-28,活跃用户,5,5,0.2892
LCS00005788,U0005788,2026-08-28,活跃用户,14,4,0.1705
LCS00005789,U0005789,2026-08-28,活跃用户,8,0,0.2432
LCS00005790,U0005790,2026-08-28,沉默用户,15,21,0.2099
LCS00005791,U0005791,2026-08-28,沉默用户,10,9,0.3285
LCS00005792,U0005792,2026-08-28,活跃用户,8,2,0.51
LCS00005793,U0005793,2026-08-28,沉默用户,8,12,0.687
LCS00005794,U0005794,2026-08-28,活跃用户,1,4,0.3495
LCS00005795,U0005795,2026-08-28,沉默用户,12,8,0.3868
LCS00005796,U0005796,2026-08-28,沉默用户,8,23,0.2965
LCS00005797,U0005797,2026-08-28,流失用户,3,64,0.2813
LCS00005798,U0005798,2026-08-28,活跃用户,5,0,0.0964
LCS00005799,U0005799,2026-08-28,沉默用户,11,11,0.2556
LCS00005800,U0005800,2026-08-28,流失用户,3,88,0.265
LCS00005801,U0005801,2026-08-28,沉默用户,2,21,0.4194
LCS00005802,U0005802,2026-08-28,活跃用户,14,5,0.4289
LCS00005803,U0005803,2026-08-28,流失用户,7,33,0.3781
LCS00005804,U0005804,2026-08-28,沉默用户,13,10,0.4795
LCS00005805,U0005805,2026-08-28,流失用户,0,135,0.1978
LCS00005806,U0005806,2026-08-28,活跃用户,15,0,0.376
LCS00005807,U0005807,2026-08-28,活跃用户,7,5,0.1245
LCS00005808,U0005808,2026-08-28,流失用户,3,54,0.2106
LCS00005809,U0005809,2026-08-28,流失用户,5,47,0.4363
LCS00005810,U0005810,2026-08-28,活跃用户,10,7,0.3503
LCS00005811,U0005811,2026-08-28,新用户,4,0,0.1014
LCS00005812,U0005812,2026-08-28,活跃用户,13,1,0.288
LCS00005813,U0005813,2026-08-28,沉默用户,6,25,0.229
LCS00005814,U0005814,2026-08-28,沉默用户,8,19,0.2957
LCS00005815,U0005815,2026-08-28,活跃用户,10,5,0.558
LCS00005816,U0005816,2026-08-28,活跃用户,4,0,0.3974
LCS00005817,U0005817,2026-08-28,新用户,3,2,0.1496
LCS00005818,U0005818,2026-08-28,沉默用户,8,9,0.2645
LCS00005819,U0005819,2026-08-28,流失用户,5,33,0.1613
LCS00005820,U0005820,2026-08-28,沉默用户,4,19,0.2337
LCS00005821,U0005821,2026-08-28,活跃用户,3,0,0.2374
LCS00005822,U0005822,2026-08-28,沉默用户,13,8,0.3335
LCS00005823,U0005823,2026-08-28,活跃用户,5,4,0.3812
LCS00005824,U0005824,2026-08-28,活跃用户,4,2,0.301
LCS00005825,U0005825,2026-08-28,流失用户,3,55,0.3048
LCS00005826,U0005826,2026-08-28,沉默用户,13,24,0.3731
LCS00005827,U0005827,2026-08-28,活跃用户,13,0,0.325
LCS00005828,U0005828,2026-08-28,流失用户,9,36,0.2382
LCS00005829,U0005829,2026-08-28,新用户,2,0,0.2793
LCS00005830,U0005830,2026-08-28,活跃用户,8,4,0.4054
LCS00005831,U0005831,2026-08-28,活跃用户,9,5,0.5161
LCS00005832,U0005832,2026-08-28,流失用户,1,191,0.658
LCS00005833,U0005833,2026-08-28,沉默用户,3,10,0.2641
LCS00005834,U0005834,2026-08-28,沉默用户,13,12,0.2436
LCS00005835,U0005835,2026-08-28,沉默用户,9,12,0.2771
LCS00005836,U0005836,2026-08-28,流失用户,7,33,0.2567
LCS00005837,U0005837,2026-08-28,活跃用户,12,0,0.3275
LCS00005838,U0005838,2026-08-28,新用户,0,0,0.2063
LCS00005839,U0005839,2026-08-28,活跃用户,13,0,0.3294
LCS00005840,U0005840,2026-08-28,流失用户,3,68,0.2938
LCS00005841,U0005841,2026-08-28,流失用户,11,37,0.1487
LCS00005842,U0005842,2026-08-28,流失用户,2,50,0.436
LCS00005843,U0005843,2026-08-28,活跃用户,10,3,0.3246
LCS00005844,U0005844,2026-08-28,沉默用户,11,8,0.1589
LCS00005845,U0005845,2026-08-28,流失用户,3,35,0.1573
LCS00005846,U0005846,2026-08-28,沉默用户,8,20,0.255
LCS00005847,U0005847,2026-08-28,沉默用户,10,16,0.2606
LCS00005848,U0005848,2026-08-28,沉默用户,14,16,0.3064
LCS00005849,U0005849,2026-08-28,流失用户,8,60,0.4864
LCS00005850,U0005850,2026-08-28,沉默用户,5,24,0.3229
LCS00005851,U0005851,2026-08-28,新用户,4,0,0.3572
LCS00005852,U0005852,2026-08-28,活跃用户,12,1,0.1479
LCS00005853,U0005853,2026-08-28,沉默用户,3,29,0.082
LCS00005854,U0005854,2026-08-28,新用户,4,0,0.4344
LCS00005855,U0005855,2026-08-28,流失用户,6,31,0.128
LCS00005856,U0005856,2026-08-28,沉默用户,2,25,0.2242
LCS00005857,U0005857,2026-08-28,流失用户,3,44,0.3972
LCS00005858,U0005858,2026-08-28,流失用户,2,50,0.0887
LCS00005859,U0005859,2026-08-28,沉默用户,11,11,0.2445
LCS00005860,U0005860,2026-08-28,流失用户,11,33,0.5447
LCS00005861,U0005861,2026-08-28,活跃用户,14,3,0.4356
LCS00005862,U0005862,2026-08-28,活跃用户,17,6,0.5407
LCS00005863,U0005863,2026-08-28,沉默用户,6,28,0.269
LCS00005864,U0005864,2026-08-28,活跃用户,11,0,0.2892
LCS00005865,U0005865,2026-08-28,流失用户,3,51,0.279
LCS00005866,U0005866,2026-08-28,活跃用户,9,5,0.5357
LCS00005867,U0005867,2026-08-28,流失用户,2,31,0.3768
LCS00005868,U0005868,2026-08-28,活跃用户,11,4,0.4389
LCS00005869,U0005869,2026-08-28,沉默用户,1,24,0.2987
LCS00005870,U0005870,2026-08-28,沉默用户,11,13,0.3662
LCS00005871,U0005871,2026-08-28,流失用户,0,156,0.05
LCS00005872,U0005872,2026-08-28,沉默用户,4,9,0.0746
LCS00005873,U0005873,2026-08-28,沉默用户,3,27,0.1536
LCS00005874,U0005874,2026-08-28,活跃用户,7,2,0.345
LCS00005875,U0005875,2026-08-28,流失用户,4,71,0.2155
LCS00005876,U0005876,2026-08-28,活跃用户,8,5,0.1048
LCS00005877,U0005877,2026-08-28,沉默用户,7,11,0.4101
LCS00005878,U0005878,2026-08-28,活跃用户,8,1,0.4499
LCS00005879,U0005879,2026-08-28,活跃用户,10,1,0.1943
LCS00005880,U0005880,2026-08-28,沉默用户,5,17,0.3032
LCS00005881,U0005881,2026-08-28,流失用户,2,135,0.0967
LCS00005882,U0005882,2026-08-28,活跃用户,8,5,0.3445
LCS00005883,U0005883,2026-08-28,沉默用户,12,11,0.3247
LCS00005884,U0005884,2026-08-28,流失用户,2,126,0.227
LCS00005885,U0005885,2026-08-28,流失用户,14,57,0.3809
LCS00005886,U0005886,2026-08-28,沉默用户,10,24,0.4581
LCS00005887,U0005887,2026-08-28,活跃用户,12,4,0.419
LCS00005888,U0005888,2026-08-28,活跃用户,5,4,0.5138
LCS00005889,U0005889,2026-08-28,沉默用户,6,17,0.2533
LCS00005890,U0005890,2026-08-28,沉默用户,8,24,0.1131
LCS00005891,U0005891,2026-08-28,流失用户,4,45,0.6344
LCS00005892,U0005892,2026-08-28,活跃用户,12,0,0.05
LCS00005893,U0005893,2026-08-28,活跃用户,2,0,0.1997
LCS00005894,U0005894,2026-08-28,活跃用户,4,0,0.4985
LCS00005895,U0005895,2026-08-28,活跃用户,10,2,0.05
LCS00005896,U0005896,2026-08-28,流失用户,8,35,0.342
LCS00005897,U0005897,2026-08-28,沉默用户,5,8,0.05
LCS00005898,U0005898,2026-08-28,活跃用户,13,0,0.4629
LCS00005899,U0005899,2026-08-28,流失用户,1,38,0.05
LCS00005900,U0005900,2026-08-28,流失用户,4,69,0.05
LCS00005901,U0005901,2026-08-28,沉默用户,15,8,0.2496
LCS00005902,U0005902,2026-08-28,活跃用户,11,2,0.5571
LCS00005903,U0005903,2026-08-28,活跃用户,4,5,0.1825
LCS00005904,U0005904,2026-08-28,沉默用户,9,13,0.3679
LCS00005905,U0005905,2026-08-28,活跃用户,1,3,0.0815
LCS00005906,U0005906,2026-08-28,沉默用户,8,12,0.5866
LCS00005907,U0005907,2026-08-28,流失用户,5,63,0.0875
LCS00005908,U0005908,2026-08-28,沉默用户,8,9,0.3419
LCS00005909,U0005909,2026-08-28,流失用户,4,72,0.2628
LCS00005910,U0005910,2026-08-28,活跃用户,14,7,0.4747
LCS00005911,U0005911,2026-08-28,活跃用户,4,0,0.2334
LCS00005912,U0005912,2026-08-28,沉默用户,2,18,0.3549
LCS00005913,U0005913,2026-08-28,沉默用户,5,18,0.3596
LCS00005914,U0005914,2026-08-28,活跃用户,12,0,0.5882
LCS00005915,U0005915,2026-08-28,活跃用户,12,3,0.6121
LCS00005916,U0005916,2026-08-28,活跃用户,11,1,0.3591
LCS00005917,U0005917,2026-08-28,沉默用户,4,23,0.2992
LCS00005918,U0005918,2026-08-28,流失用户,6,41,0.2588
LCS00005919,U0005919,2026-08-28,活跃用户,9,0,0.232
LCS00005920,U0005920,2026-08-28,活跃用户,13,2,0.3863
LCS00005921,U0005921,2026-08-28,流失用户,5,105,0.2768
LCS00005922,U0005922,2026-08-28,沉默用户,12,11,0.2846
LCS00005923,U0005923,2026-08-28,流失用户,0,201,0.0572
LCS00005924,U0005924,2026-08-28,沉默用户,4,17,0.386
LCS00005925,U0005925,2026-08-28,流失用户,3,32,0.3201
LCS00005926,U0005926,2026-08-28,活跃用户,4,7,0.4511
LCS00005927,U0005927,2026-08-28,沉默用户,10,10,0.273
LCS00005928,U0005928,2026-08-28,活跃用户,14,5,0.3322
LCS00005929,U0005929,2026-08-28,流失用户,5,42,0.2269
LCS00005930,U0005930,2026-08-28,活跃用户,3,5,0.1902
LCS00005931,U0005931,2026-08-28,沉默用户,12,16,0.2118
LCS00005932,U0005932,2026-08-28,流失用户,2,103,0.272
LCS00005933,U0005933,2026-08-28,活跃用户,13,3,0.102
LCS00005934,U0005934,2026-08-28,流失用户,5,33,0.4365
LCS00005935,U0005935,2026-08-28,活跃用户,6,6,0.0643
LCS00005936,U0005936,2026-08-28,活跃用户,4,1,0.4195
LCS00005937,U0005937,2026-08-28,流失用户,3,113,0.535
LCS00005938,U0005938,2026-08-28,沉默用户,4,14,0.3522
LCS00005939,U0005939,2026-08-28,沉默用户,5,8,0.2594
LCS00005940,U0005940,2026-08-28,活跃用户,2,6,0.1844
LCS00005941,U0005941,2026-08-28,活跃用户,9,0,0.3261
LCS00005942,U0005942,2026-08-28,沉默用户,3,12,0.2818
LCS00005943,U0005943,2026-08-28,活跃用户,3,5,0.2134
LCS00005944,U0005944,2026-08-28,活跃用户,15,1,0.2165
LCS00005945,U0005945,2026-08-28,沉默用户,6,8,0.2202
LCS00005946,U0005946,2026-08-28,沉默用户,12,11,0.1267
LCS00005947,U0005947,2026-08-28,流失用户,5,79,0.3556
LCS00005948,U0005948,2026-08-28,流失用户,3,32,0.2532
LCS00005949,U0005949,2026-08-28,流失用户,2,43,0.2239
LCS00005950,U0005950,2026-08-28,流失用户,1,50,0.1409
LCS00005951,U0005951,2026-08-28,沉默用户,4,9,0.2524
LCS00005952,U0005952,2026-08-28,沉默用户,11,17,0.5959
LCS00005953,U0005953,2026-08-28,沉默用户,12,11,0.392
LCS00005954,U0005954,2026-08-28,活跃用户,9,2,0.4421
LCS00005955,U0005955,2026-08-28,流失用户,3,89,0.12
LCS00005956,U0005956,2026-08-28,沉默用户,10,21,0.2252
LCS00005957,U0005957,2026-08-28,活跃用户,14,0,0.1337
LCS00005958,U0005958,2026-08-28,活跃用户,10,0,0.301
LCS00005959,U0005959,2026-08-28,流失用户,2,99,0.1487
LCS00005960,U0005960,2026-08-28,活跃用户,7,0,0.2344
LCS00005961,U0005961,2026-08-28,活跃用户,7,0,0.4313
LCS00005962,U0005962,2026-08-28,流失用户,7,33,0.1463
LCS00005963,U0005963,2026-08-28,流失用户,4,135,0.3473
LCS00005964,U0005964,2026-08-28,流失用户,4,87,0.5915
LCS00005965,U0005965,2026-08-28,沉默用户,12,17,0.4784
LCS00005966,U0005966,2026-08-28,新用户,4,0,0.6038
LCS00005967,U0005967,2026-08-28,沉默用户,4,15,0.352
LCS00005968,U0005968,2026-08-28,活跃用户,7,1,0.4893
LCS00005969,U0005969,2026-08-28,流失用户,1,41,0.05
LCS00005970,U0005970,2026-08-28,沉默用户,12,18,0.3361
LCS00005971,U0005971,2026-08-28,流失用户,4,122,0.3582
LCS00005972,U0005972,2026-08-28,活跃用户,8,1,0.3242
LCS00005973,U0005973,2026-08-28,活跃用户,9,2,0.3915
LCS00005974,U0005974,2026-08-28,活跃用户,3,0,0.3258
LCS00005975,U0005975,2026-08-28,活跃用户,11,1,0.5425
LCS00005976,U0005976,2026-08-28,流失用户,11,50,0.316
LCS00005977,U0005977,2026-08-28,沉默用户,4,11,0.2185
LCS00005978,U0005978,2026-08-28,流失用户,0,128,0.05
LCS00005979,U0005979,2026-08-28,沉默用户,13,10,0.1893
LCS00005980,U0005980,2026-08-28,流失用户,0,225,0.2506
LCS00005981,U0005981,2026-08-28,流失用户,4,113,0.3195
LCS00005982,U0005982,2026-08-28,沉默用户,1,25,0.3836
LCS00005983,U0005983,2026-08-28,活跃用户,13,2,0.4235
LCS00005984,U0005984,2026-08-28,流失用户,6,41,0.4149
LCS00005985,U0005985,2026-08-28,沉默用户,9,10,0.05
LCS00005986,U0005986,2026-08-28,沉默用户,3,11,0.2479
LCS00005987,U0005987,2026-08-28,流失用户,4,61,0.2466
LCS00005988,U0005988,2026-08-28,活跃用户,7,0,0.3573
LCS00005989,U0005989,2026-08-28,活跃用户,4,3,0.3173
LCS00005990,U0005990,2026-08-28,活跃用户,4,4,0.3092
LCS00005991,U0005991,2026-08-28,沉默用户,2,21,0.246
LCS00005992,U0005992,2026-08-28,流失用户,5,170,0.2986
LCS00005993,U0005993,2026-08-28,沉默用户,7,18,0.5242
LCS00005994,U0005994,2026-08-28,流失用户,6,113,0.2924
LCS00005995,U0005995,2026-08-28,沉默用户,15,10,0.4726
LCS00005996,U0005996,2026-08-28,流失用户,4,105,0.4254
LCS00005997,U0005997,2026-08-28,流失用户,5,91,0.1822
LCS00005998,U0005998,2026-08-28,沉默用户,11,23,0.0798
LCS00005999,U0005999,2026-08-28,活跃用户,13,7,0.2341
LCS00006000,U0006000,2026-08-28,沉默用户,6,11,0.5712
LCS00006001,U0006001,2026-08-28,沉默用户,15,12,0.307
LCS00006002,U0006002,2026-08-28,沉默用户,5,17,0.3815
LCS00006003,U0006003,2026-08-28,新用户,3,0,0.2716
LCS00006004,U0006004,2026-08-28,流失用户,1,46,0.3876
LCS00006005,U0006005,2026-08-28,活跃用户,14,4,0.2452
LCS00006006,U0006006,2026-08-28,流失用户,3,77,0.2222
LCS00006007,U0006007,2026-08-28,流失用户,12,32,0.4119
LCS00006008,U0006008,2026-08-28,流失用户,3,102,0.2891
LCS00006009,U0006009,2026-08-28,流失用户,2,94,0.3027
LCS00006010,U0006010,2026-08-28,活跃用户,10,0,0.2848
LCS00006011,U0006011,2026-08-28,沉默用户,6,10,0.6078
LCS00006012,U0006012,2026-08-28,流失用户,2,103,0.2168
LCS00006013,U0006013,2026-08-28,沉默用户,3,12,0.1829
LCS00006014,U0006014,2026-08-28,沉默用户,15,16,0.3199
LCS00006015,U0006015,2026-08-28,流失用户,3,37,0.2066
LCS00006016,U0006016,2026-08-28,沉默用户,13,24,0.2102
LCS00006017,U0006017,2026-08-28,活跃用户,9,0,0.3037
LCS00006018,U0006018,2026-08-28,新用户,1,4,0.3465
LCS00006019,U0006019,2026-08-28,流失用户,2,36,0.1645
LCS00006020,U0006020,2026-08-28,流失用户,1,181,0.4402
LCS00006021,U0006021,2026-08-28,流失用户,2,43,0.4198
LCS00006022,U0006022,2026-08-28,活跃用户,9,1,0.3443
LCS00006023,U0006023,2026-08-28,活跃用户,8,4,0.3192
LCS00006024,U0006024,2026-08-28,沉默用户,12,8,0.1779
LCS00006025,U0006025,2026-08-28,沉默用户,15,30,0.1601
LCS00006026,U0006026,2026-08-28,新用户,5,0,0.2453
LCS00006027,U0006027,2026-08-28,流失用户,2,110,0.4579
LCS00006028,U0006028,2026-08-28,流失用户,2,45,0.3155
LCS00006029,U0006029,2026-08-28,活跃用户,2,6,0.05
LCS00006030,U0006030,2026-08-28,活跃用户,6,5,0.2519
LCS00006031,U0006031,2026-08-28,流失用户,1,118,0.0887
LCS00006032,U0006032,2026-08-28,流失用户,1,174,0.4585
LCS00006033,U0006033,2026-08-28,流失用户,1,45,0.212
LCS00006034,U0006034,2026-08-28,活跃用户,9,1,0.3102
LCS00006035,U0006035,2026-08-28,流失用户,3,41,0.2466
LCS00006036,U0006036,2026-08-28,活跃用户,9,2,0.3509
LCS00006037,U0006037,2026-08-28,流失用户,4,74,0.2063
LCS00006038,U0006038,2026-08-28,活跃用户,8,1,0.1678
LCS00006039,U0006039,2026-08-28,流失用户,0,228,0.2136
LCS00006040,U0006040,2026-08-28,流失用户,5,118,0.4046
LCS00006041,U0006041,2026-08-28,活跃用户,13,6,0.2711
LCS00006042,U0006042,2026-08-28,沉默用户,1,17,0.1807
LCS00006043,U0006043,2026-08-28,沉默用户,3,12,0.2611
LCS00006044,U0006044,2026-08-28,流失用户,2,92,0.2743
LCS00006045,U0006045,2026-08-28,活跃用户,10,5,0.4283
LCS00006046,U0006046,2026-08-28,流失用户,3,45,0.4108
LCS00006047,U0006047,2026-08-28,活跃用户,10,5,0.5
LCS00006048,U0006048,2026-08-28,流失用户,3,34,0.3538
LCS00006049,U0006049,2026-08-28,新用户,2,2,0.1703
LCS00006050,U0006050,2026-08-28,沉默用户,2,12,0.2339
LCS00006051,U0006051,2026-08-28,沉默用户,17,14,0.3331
LCS00006052,U0006052,2026-08-28,新用户,3,0,0.1718
LCS00006053,U0006053,2026-08-28,活跃用户,14,0,0.3859
LCS00006054,U0006054,2026-08-28,活跃用户,15,3,0.4437
LCS00006055,U0006055,2026-08-28,沉默用户,12,8,0.2664
LCS00006056,U0006056,2026-08-28,沉默用户,14,16,0.3057
LCS00006057,U0006057,2026-08-28,活跃用户,5,0,0.39
LCS00006058,U0006058,2026-08-28,活跃用户,9,1,0.3769
LCS00006059,U0006059,2026-08-28,活跃用户,4,7,0.1553
LCS00006060,U0006060,2026-08-28,沉默用户,6,18,0.3095
LCS00006061,U0006061,2026-08-28,活跃用户,1,6,0.3254
LCS00006062,U0006062,2026-08-28,流失用户,7,34,0.2408
LCS00006063,U0006063,2026-08-28,流失用户,6,42,0.4092
LCS00006064,U0006064,2026-08-28,流失用户,3,102,0.2934
LCS00006065,U0006065,2026-08-28,沉默用户,8,19,0.5386
LCS00006066,U0006066,2026-08-28,沉默用户,6,18,0.199
LCS00006067,U0006067,2026-08-28,流失用户,6,94,0.1851
LCS00006068,U0006068,2026-08-28,流失用户,2,190,0.4309
LCS00006069,U0006069,2026-08-28,流失用户,2,164,0.3036
LCS00006070,U0006070,2026-08-28,沉默用户,13,12,0.4209
LCS00006071,U0006071,2026-08-28,活跃用户,8,3,0.1825
LCS00006072,U0006072,2026-08-28,沉默用户,16,14,0.3611
LCS00006073,U0006073,2026-08-28,沉默用户,13,23,0.2301
LCS00006074,U0006074,2026-08-28,流失用户,11,62,0.2769
LCS00006075,U0006075,2026-08-28,新用户,2,0,0.1598
LCS00006076,U0006076,2026-08-28,沉默用户,3,15,0.205
LCS00006077,U0006077,2026-08-28,流失用户,6,73,0.5171
LCS00006078,U0006078,2026-08-28,流失用户,3,31,0.5277
LCS00006079,U0006079,2026-08-28,沉默用户,15,8,0.2651
LCS00006080,U0006080,2026-08-28,流失用户,2,60,0.0943
LCS00006081,U0006081,2026-08-28,活跃用户,1,1,0.3637
LCS00006082,U0006082,2026-08-28,活跃用户,16,0,0.6185
LCS00006083,U0006083,2026-08-28,流失用户,8,31,0.4338
LCS00006084,U0006084,2026-08-28,流失用户,3,51,0.1748
LCS00006085,U0006085,2026-08-28,流失用户,9,34,0.1402
LCS00006086,U0006086,2026-08-28,活跃用户,9,5,0.4838
LCS00006087,U0006087,2026-08-28,流失用户,2,91,0.4766
LCS00006088,U0006088,2026-08-28,沉默用户,9,14,0.4608
LCS00006089,U0006089,2026-08-28,流失用户,7,99,0.1675
LCS00006090,U0006090,2026-08-28,流失用户,3,43,0.2996
LCS00006091,U0006091,2026-08-28,活跃用户,12,4,0.1014
LCS00006092,U0006092,2026-08-28,沉默用户,4,25,0.4185
LCS00006093,U0006093,2026-08-28,沉默用户,5,29,0.4112
LCS00006094,U0006094,2026-08-28,活跃用户,3,4,0.3229
LCS00006095,U0006095,2026-08-28,沉默用户,4,22,0.2002
LCS00006096,U0006096,2026-08-28,沉默用户,4,13,0.2178
LCS00006097,U0006097,2026-08-28,活跃用户,8,1,0.2554
LCS00006098,U0006098,2026-08-28,流失用户,3,36,0.4872
LCS00006099,U0006099,2026-08-28,活跃用户,8,2,0.1302
LCS00006100,U0006100,2026-08-28,流失用户,6,42,0.3398
LCS00006101,U0006101,2026-08-28,活跃用户,15,1,0.5425
LCS00006102,U0006102,2026-08-28,活跃用户,10,2,0.2668
LCS00006103,U0006103,2026-08-28,沉默用户,13,10,0.4119
LCS00006104,U0006104,2026-08-28,流失用户,2,81,0.2267
LCS00006105,U0006105,2026-08-28,沉默用户,6,11,0.3587
LCS00006106,U0006106,2026-08-28,流失用户,4,53,0.3594
LCS00006107,U0006107,2026-08-28,活跃用户,12,6,0.0997
LCS00006108,U0006108,2026-08-28,流失用户,6,41,0.2104
LCS00006109,U0006109,2026-08-28,流失用户,7,84,0.1657
LCS00006110,U0006110,2026-08-28,流失用户,8,77,0.6979
LCS00006111,U0006111,2026-08-28,沉默用户,11,23,0.3313
LCS00006112,U0006112,2026-08-28,活跃用户,15,4,0.2181
LCS00006113,U0006113,2026-08-28,活跃用户,12,2,0.4213
LCS00006114,U0006114,2026-08-28,活跃用户,4,4,0.378
LCS00006115,U0006115,2026-08-28,活跃用户,2,1,0.2342
LCS00006116,U0006116,2026-08-28,新用户,3,1,0.2765
LCS00006117,U0006117,2026-08-28,沉默用户,2,20,0.1219
LCS00006118,U0006118,2026-08-28,流失用户,7,53,0.0505
LCS00006119,U0006119,2026-08-28,沉默用户,7,8,0.485
LCS00006120,U0006120,2026-08-28,流失用户,7,65,0.3893
LCS00006121,U0006121,2026-08-28,活跃用户,8,5,0.4375
LCS00006122,U0006122,2026-08-28,活跃用户,15,0,0.2867
LCS00006123,U0006123,2026-08-28,活跃用户,14,0,0.5132
LCS00006124,U0006124,2026-08-28,活跃用户,8,1,0.4856
LCS00006125,U0006125,2026-08-28,流失用户,2,47,0.2535
LCS00006126,U0006126,2026-08-28,沉默用户,12,21,0.2713
LCS00006127,U0006127,2026-08-28,沉默用户,6,16,0.3399
LCS00006128,U0006128,2026-08-28,流失用户,2,80,0.4375
LCS00006129,U0006129,2026-08-28,流失用户,5,33,0.193
LCS00006130,U0006130,2026-08-28,活跃用户,5,0,0.304
LCS00006131,U0006131,2026-08-28,沉默用户,10,26,0.2253
LCS00006132,U0006132,2026-08-28,流失用户,5,51,0.3034
LCS00006133,U0006133,2026-08-28,沉默用户,6,10,0.4827
LCS00006134,U0006134,2026-08-28,流失用户,6,35,0.1809
LCS00006135,U0006135,2026-08-28,流失用户,3,50,0.0811
LCS00006136,U0006136,2026-08-28,活跃用户,7,0,0.2818
LCS00006137,U0006137,2026-08-28,活跃用户,14,7,0.3997
LCS00006138,U0006138,2026-08-28,流失用户,1,81,0.1792
LCS00006139,U0006139,2026-08-28,流失用户,7,58,0.3184
LCS00006140,U0006140,2026-08-28,流失用户,8,38,0.2058
LCS00006141,U0006141,2026-08-28,沉默用户,5,17,0.4084
LCS00006142,U0006142,2026-08-28,新用户,6,0,0.3756
LCS00006143,U0006143,2026-08-28,沉默用户,1,23,0.3045
LCS00006144,U0006144,2026-08-28,活跃用户,9,0,0.2637
LCS00006145,U0006145,2026-08-28,流失用户,6,51,0.4402
LCS00006146,U0006146,2026-08-28,流失用户,10,64,0.4864
LCS00006147,U0006147,2026-08-28,活跃用户,3,5,0.4071
LCS00006148,U0006148,2026-08-28,活跃用户,13,0,0.3341
LCS00006149,U0006149,2026-08-28,流失用户,1,79,0.3992
LCS00006150,U0006150,2026-08-28,活跃用户,11,5,0.3157
LCS00006151,U0006151,2026-08-28,沉默用户,13,9,0.4445
LCS00006152,U0006152,2026-08-28,流失用户,7,44,0.3448
LCS00006153,U0006153,2026-08-28,流失用户,10,47,0.4344
LCS00006154,U0006154,2026-08-28,沉默用户,4,15,0.2355
LCS00006155,U0006155,2026-08-28,活跃用户,4,6,0.3382
LCS00006156,U0006156,2026-08-28,沉默用户,4,13,0.3748
LCS00006157,U0006157,2026-08-28,活跃用户,3,0,0.3979
LCS00006158,U0006158,2026-08-28,活跃用户,10,5,0.078
LCS00006159,U0006159,2026-08-28,流失用户,2,155,0.3092
LCS00006160,U0006160,2026-08-28,沉默用户,8,18,0.5077
LCS00006161,U0006161,2026-08-28,活跃用户,8,5,0.3047
LCS00006162,U0006162,2026-08-28,沉默用户,7,15,0.3883
LCS00006163,U0006163,2026-08-28,沉默用户,2,13,0.0842
LCS00006164,U0006164,2026-08-28,沉默用户,6,9,0.5268
LCS00006165,U0006165,2026-08-28,活跃用户,11,0,0.5184
LCS00006166,U0006166,2026-08-28,活跃用户,8,4,0.3346
LCS00006167,U0006167,2026-08-28,活跃用户,6,6,0.3433
LCS00006168,U0006168,2026-08-28,活跃用户,8,7,0.5545
LCS00006169,U0006169,2026-08-28,活跃用户,2,3,0.361
LCS00006170,U0006170,2026-08-28,沉默用户,2,10,0.1693
LCS00006171,U0006171,2026-08-28,沉默用户,13,23,0.1839
LCS00006172,U0006172,2026-08-28,活跃用户,10,7,0.3334
LCS00006173,U0006173,2026-08-28,沉默用户,7,15,0.3614
LCS00006174,U0006174,2026-08-28,沉默用户,12,13,0.32
LCS00006175,U0006175,2026-08-28,流失用户,2,132,0.1426
LCS00006176,U0006176,2026-08-28,流失用户,9,40,0.1868
LCS00006177,U0006177,2026-08-28,活跃用户,14,4,0.5834
LCS00006178,U0006178,2026-08-28,沉默用户,7,10,0.6011
LCS00006179,U0006179,2026-08-28,沉默用户,4,30,0.3787
LCS00006180,U0006180,2026-08-28,沉默用户,4,14,0.4798
LCS00006181,U0006181,2026-08-28,活跃用户,16,3,0.3997
LCS00006182,U0006182,2026-08-28,活跃用户,14,0,0.2555
LCS00006183,U0006183,2026-08-28,沉默用户,3,15,0.6056
LCS00006184,U0006184,2026-08-28,活跃用户,12,3,0.2006
LCS00006185,U0006185,2026-08-28,活跃用户,5,7,0.3627
LCS00006186,U0006186,2026-08-28,沉默用户,12,9,0.6636
LCS00006187,U0006187,2026-08-28,沉默用户,8,19,0.2921
LCS00006188,U0006188,2026-08-28,沉默用户,3,17,0.0616
LCS00006189,U0006189,2026-08-28,流失用户,0,107,0.2117
LCS00006190,U0006190,2026-08-28,流失用户,4,58,0.3114
LCS00006191,U0006191,2026-08-28,新用户,1,3,0.6418
LCS00006192,U0006192,2026-08-28,活跃用户,5,0,0.05
LCS00006193,U0006193,2026-08-28,流失用户,4,83,0.4666
LCS00006194,U0006194,2026-08-28,流失用户,5,100,0.3271
LCS00006195,U0006195,2026-08-28,沉默用户,4,17,0.3137
LCS00006196,U0006196,2026-08-28,活跃用户,9,0,0.2358
LCS00006197,U0006197,2026-08-28,沉默用户,6,20,0.4101
LCS00006198,U0006198,2026-08-28,活跃用户,15,1,0.2855
LCS00006199,U0006199,2026-08-28,活跃用户,1,7,0.05
LCS00006200,U0006200,2026-08-28,沉默用户,11,21,0.2283
LCS00006201,U0006201,2026-08-28,沉默用户,2,15,0.05
LCS00006202,U0006202,2026-08-28,沉默用户,4,27,0.3441
LCS00006203,U0006203,2026-08-28,沉默用户,13,9,0.3601
LCS00006204,U0006204,2026-08-28,沉默用户,5,26,0.2121
LCS00006205,U0006205,2026-08-28,沉默用户,6,23,0.2516
LCS00006206,U0006206,2026-08-28,沉默用户,8,12,0.2729
LCS00006207,U0006207,2026-08-28,活跃用户,16,2,0.4009
LCS00006208,U0006208,2026-08-28,沉默用户,11,13,0.3439
LCS00006209,U0006209,2026-08-28,活跃用户,3,4,0.0696
LCS00006210,U0006210,2026-08-28,活跃用户,7,7,0.3365
LCS00006211,U0006211,2026-08-28,新用户,2,0,0.3727
LCS00006212,U0006212,2026-08-28,沉默用户,4,10,0.2698
LCS00006213,U0006213,2026-08-28,沉默用户,10,18,0.3947
LCS00006214,U0006214,2026-08-28,活跃用户,11,0,0.1136
LCS00006215,U0006215,2026-08-28,活跃用户,11,1,0.4439
LCS00006216,U0006216,2026-08-28,活跃用户,4,6,0.4115
LCS00006217,U0006217,2026-08-28,活跃用户,1,0,0.1157
LCS00006218,U0006218,2026-08-28,流失用户,11,33,0.3347
LCS00006219,U0006219,2026-08-28,流失用户,2,38,0.3313
LCS00006220,U0006220,2026-08-28,沉默用户,17,13,0.554
LCS00006221,U0006221,2026-08-28,流失用户,6,31,0.1675
LCS00006222,U0006222,2026-08-28,流失用户,3,35,0.2856
LCS00006223,U0006223,2026-08-28,活跃用户,13,4,0.2913
LCS00006224,U0006224,2026-08-28,沉默用户,9,16,0.0913
LCS00006225,U0006225,2026-08-28,新用户,1,3,0.214
LCS00006226,U0006226,2026-08-28,活跃用户,5,3,0.2423
LCS00006227,U0006227,2026-08-28,沉默用户,12,17,0.4295
LCS00006228,U0006228,2026-08-28,沉默用户,4,24,0.1444
LCS00006229,U0006229,2026-08-28,沉默用户,18,8,0.4058
LCS00006230,U0006230,2026-08-28,沉默用户,6,29,0.3786
LCS00006231,U0006231,2026-08-28,沉默用户,12,25,0.1337
LCS00006232,U0006232,2026-08-28,沉默用户,11,11,0.3766
LCS00006233,U0006233,2026-08-28,流失用户,4,86,0.3324
LCS00006234,U0006234,2026-08-28,活跃用户,12,2,0.1976
LCS00006235,U0006235,2026-08-28,流失用户,5,54,0.4759
LCS00006236,U0006236,2026-08-28,活跃用户,11,4,0.2067
LCS00006237,U0006237,2026-08-28,流失用户,3,70,0.4402
LCS00006238,U0006238,2026-08-28,活跃用户,6,2,0.2239
LCS00006239,U0006239,2026-08-28,活跃用户,7,6,0.125
LCS00006240,U0006240,2026-08-28,活跃用户,12,5,0.225
LCS00006241,U0006241,2026-08-28,流失用户,5,31,0.6322
LCS00006242,U0006242,2026-08-28,沉默用户,7,8,0.2838
LCS00006243,U0006243,2026-08-28,流失用户,2,77,0.1775
LCS00006244,U0006244,2026-08-28,流失用户,2,119,0.4369
LCS00006245,U0006245,2026-08-28,沉默用户,2,18,0.1868
LCS00006246,U0006246,2026-08-28,沉默用户,8,29,0.2482
LCS00006247,U0006247,2026-08-28,流失用户,9,42,0.3971
LCS00006248,U0006248,2026-08-28,活跃用户,6,2,0.4275
LCS00006249,U0006249,2026-08-28,活跃用户,8,0,0.4292
LCS00006250,U0006250,2026-08-28,沉默用户,6,11,0.224
LCS00006251,U0006251,2026-08-28,沉默用户,9,29,0.4173
LCS00006252,U0006252,2026-08-28,活跃用户,14,4,0.3918
LCS00006253,U0006253,2026-08-28,活跃用户,12,0,0.4407
LCS00006254,U0006254,2026-08-28,沉默用户,2,14,0.3013
LCS00006255,U0006255,2026-08-28,活跃用户,12,1,0.448
LCS00006256,U0006256,2026-08-28,活跃用户,10,3,0.39
LCS00006257,U0006257,2026-08-28,流失用户,1,47,0.5605
LCS00006258,U0006258,2026-08-28,沉默用户,7,30,0.3852
LCS00006259,U0006259,2026-08-28,活跃用户,10,4,0.2434
LCS00006260,U0006260,2026-08-28,流失用户,1,219,0.3444
LCS00006261,U0006261,2026-08-28,流失用户,2,57,0.2381
LCS00006262,U0006262,2026-08-28,新用户,4,0,0.3096
LCS00006263,U0006263,2026-08-28,活跃用户,10,4,0.2015
LCS00006264,U0006264,2026-08-28,活跃用户,12,3,0.3585
LCS00006265,U0006265,2026-08-28,沉默用户,10,14,0.4372
LCS00006266,U0006266,2026-08-28,沉默用户,7,15,0.3682
LCS00006267,U0006267,2026-08-28,流失用户,2,77,0.1946
LCS00006268,U0006268,2026-08-28,活跃用户,13,7,0.2902
LCS00006269,U0006269,2026-08-28,流失用户,4,34,0.2609
LCS00006270,U0006270,2026-08-28,流失用户,4,105,0.4247
LCS00006271,U0006271,2026-08-28,流失用户,2,36,0.05
LCS00006272,U0006272,2026-08-28,活跃用户,3,1,0.1753
LCS00006273,U0006273,2026-08-28,沉默用户,3,21,0.3541
LCS00006274,U0006274,2026-08-28,活跃用户,8,1,0.2961
LCS00006275,U0006275,2026-08-28,活跃用户,15,4,0.228
LCS00006276,U0006276,2026-08-28,活跃用户,3,0,0.1158
LCS00006277,U0006277,2026-08-28,活跃用户,10,2,0.5199
LCS00006278,U0006278,2026-08-28,流失用户,5,32,0.4107
LCS00006279,U0006279,2026-08-28,流失用户,4,46,0.5981
LCS00006280,U0006280,2026-08-28,活跃用户,11,1,0.3861
LCS00006281,U0006281,2026-08-28,流失用户,5,77,0.3975
LCS00006282,U0006282,2026-08-28,流失用户,5,36,0.3237
LCS00006283,U0006283,2026-08-28,流失用户,5,64,0.3434
LCS00006284,U0006284,2026-08-28,活跃用户,10,4,0.1999
LCS00006285,U0006285,2026-08-28,活跃用户,10,0,0.2837
LCS00006286,U0006286,2026-08-28,活跃用户,13,5,0.4232
LCS00006287,U0006287,2026-08-28,沉默用户,10,11,0.05
LCS00006288,U0006288,2026-08-28,流失用户,3,119,0.3433
LCS00006289,U0006289,2026-08-28,活跃用户,3,2,0.3226
LCS00006290,U0006290,2026-08-28,活跃用户,11,0,0.1676
LCS00006291,U0006291,2026-08-28,流失用户,4,88,0.6361
LCS00006292,U0006292,2026-08-28,流失用户,2,105,0.3275
LCS00006293,U0006293,2026-08-28,沉默用户,10,16,0.4813
LCS00006294,U0006294,2026-08-28,活跃用户,7,6,0.4837
LCS00006295,U0006295,2026-08-28,沉默用户,3,28,0.2458
LCS00006296,U0006296,2026-08-28,活跃用户,6,7,0.0841
LCS00006297,U0006297,2026-08-28,沉默用户,7,27,0.3015
LCS00006298,U0006298,2026-08-28,流失用户,5,76,0.3567
LCS00006299,U0006299,2026-08-28,流失用户,1,34,0.0579
LCS00006300,U0006300,2026-08-28,活跃用户,10,0,0.4881
LCS00006301,U0006301,2026-08-28,活跃用户,5,7,0.1838
LCS00006302,U0006302,2026-08-28,活跃用户,7,2,0.3894
LCS00006303,U0006303,2026-08-28,流失用户,2,156,0.3736
LCS00006304,U0006304,2026-08-28,流失用户,2,40,0.1681
LCS00006305,U0006305,2026-08-28,活跃用户,13,5,0.3749
LCS00006306,U0006306,2026-08-28,活跃用户,6,2,0.3929
LCS00006307,U0006307,2026-08-28,流失用户,4,66,0.3371
LCS00006308,U0006308,2026-08-28,活跃用户,16,3,0.4359
LCS00006309,U0006309,2026-08-28,新用户,1,0,0.1852
LCS00006310,U0006310,2026-08-28,流失用户,3,42,0.2035
LCS00006311,U0006311,2026-08-28,沉默用户,10,11,0.2018
LCS00006312,U0006312,2026-08-28,活跃用户,16,2,0.3624
LCS00006313,U0006313,2026-08-28,流失用户,8,42,0.4319
LCS00006314,U0006314,2026-08-28,流失用户,1,185,0.2611
LCS00006315,U0006315,2026-08-28,活跃用户,13,6,0.1789
LCS00006316,U0006316,2026-08-28,新用户,5,1,0.359
LCS00006317,U0006317,2026-08-28,流失用户,0,194,0.05
LCS00006318,U0006318,2026-08-28,活跃用户,3,2,0.3189
LCS00006319,U0006319,2026-08-28,流失用户,3,55,0.2666
LCS00006320,U0006320,2026-08-28,沉默用户,7,22,0.2702
LCS00006321,U0006321,2026-08-28,活跃用户,13,4,0.3978
LCS00006322,U0006322,2026-08-28,沉默用户,15,20,0.351
LCS00006323,U0006323,2026-08-28,流失用户,2,145,0.4113
LCS00006324,U0006324,2026-08-28,沉默用户,14,14,0.3391
LCS00006325,U0006325,2026-08-28,活跃用户,11,6,0.2557
LCS00006326,U0006326,2026-08-28,沉默用户,3,12,0.316
LCS00006327,U0006327,2026-08-28,沉默用户,13,13,0.3977
LCS00006328,U0006328,2026-08-28,沉默用户,3,18,0.2886
LCS00006329,U0006329,2026-08-28,流失用户,2,95,0.2529
LCS00006330,U0006330,2026-08-28,活跃用户,7,5,0.3249
LCS00006331,U0006331,2026-08-28,沉默用户,5,23,0.2309
LCS00006332,U0006332,2026-08-28,沉默用户,15,10,0.3376
LCS00006333,U0006333,2026-08-28,沉默用户,9,21,0.167
LCS00006334,U0006334,2026-08-28,沉默用户,12,30,0.4163
LCS00006335,U0006335,2026-08-28,活跃用户,6,2,0.3893
LCS00006336,U0006336,2026-08-28,流失用户,4,51,0.4142
LCS00006337,U0006337,2026-08-28,活跃用户,12,2,0.3262
LCS00006338,U0006338,2026-08-28,活跃用户,1,7,0.3721
LCS00006339,U0006339,2026-08-28,流失用户,2,189,0.4929
LCS00006340,U0006340,2026-08-28,流失用户,2,135,0.4672
LCS00006341,U0006341,2026-08-28,沉默用户,13,19,0.3134
LCS00006342,U0006342,2026-08-28,活跃用户,14,1,0.2994
LCS00006343,U0006343,2026-08-28,沉默用户,16,18,0.4848
LCS00006344,U0006344,2026-08-28,沉默用户,9,19,0.3933
LCS00006345,U0006345,2026-08-28,活跃用户,4,6,0.5187
LCS00006346,U0006346,2026-08-28,沉默用户,5,15,0.2402
LCS00006347,U0006347,2026-08-28,沉默用户,6,20,0.3976
LCS00006348,U0006348,2026-08-28,沉默用户,4,26,0.2448
LCS00006349,U0006349,2026-08-28,活跃用户,17,1,0.4062
LCS00006350,U0006350,2026-08-28,沉默用户,7,16,0.3249
LCS00006351,U0006351,2026-08-28,沉默用户,7,27,0.3655
LCS00006352,U0006352,2026-08-28,活跃用户,8,3,0.2578
LCS00006353,U0006353,2026-08-28,活跃用户,6,2,0.1607
LCS00006354,U0006354,2026-08-28,沉默用户,16,9,0.7247
LCS00006355,U0006355,2026-08-28,沉默用户,13,16,0.05
LCS00006356,U0006356,2026-08-28,沉默用户,14,23,0.439
LCS00006357,U0006357,2026-08-28,沉默用户,3,27,0.2903
LCS00006358,U0006358,2026-08-28,活跃用户,15,3,0.3041
LCS00006359,U0006359,2026-08-28,活跃用户,11,6,0.4344
LCS00006360,U0006360,2026-08-28,流失用户,0,88,0.05
LCS00006361,U0006361,2026-08-28,流失用户,1,86,0.2063
LCS00006362,U0006362,2026-08-28,沉默用户,11,9,0.0713
LCS00006363,U0006363,2026-08-28,活跃用户,16,4,0.2273
LCS00006364,U0006364,2026-08-28,活跃用户,13,7,0.2531
LCS00006365,U0006365,2026-08-28,活跃用户,11,0,0.2532
LCS00006366,U0006366,2026-08-28,流失用户,5,34,0.2114
LCS00006367,U0006367,2026-08-28,活跃用户,11,0,0.3234
LCS00006368,U0006368,2026-08-28,流失用户,2,55,0.2012
LCS00006369,U0006369,2026-08-28,沉默用户,5,14,0.491
LCS00006370,U0006370,2026-08-28,活跃用户,9,5,0.2641
LCS00006371,U0006371,2026-08-28,沉默用户,5,27,0.365
LCS00006372,U0006372,2026-08-28,流失用户,2,222,0.3915
LCS00006373,U0006373,2026-08-28,沉默用户,15,8,0.2436
LCS00006374,U0006374,2026-08-28,沉默用户,11,20,0.2973
LCS00006375,U0006375,2026-08-28,活跃用户,13,5,0.3623
LCS00006376,U0006376,2026-08-28,沉默用户,0,27,0.1025
LCS00006377,U0006377,2026-08-28,沉默用户,2,16,0.2138
LCS00006378,U0006378,2026-08-28,流失用户,4,51,0.1292
LCS00006379,U0006379,2026-08-28,活跃用户,8,5,0.4939
LCS00006380,U0006380,2026-08-28,活跃用户,2,4,0.361
LCS00006381,U0006381,2026-08-28,沉默用户,1,28,0.1918
LCS00006382,U0006382,2026-08-28,沉默用户,10,24,0.4007
LCS00006383,U0006383,2026-08-28,活跃用户,11,0,0.37
LCS00006384,U0006384,2026-08-28,流失用户,1,149,0.5344
LCS00006385,U0006385,2026-08-28,流失用户,10,58,0.5951
LCS00006386,U0006386,2026-08-28,流失用户,0,54,0.0806
LCS00006387,U0006387,2026-08-28,流失用户,1,90,0.1143
LCS00006388,U0006388,2026-08-28,沉默用户,2,26,0.1041
LCS00006389,U0006389,2026-08-28,沉默用户,4,21,0.4144
LCS00006390,U0006390,2026-08-28,沉默用户,16,17,0.2615
LCS00006391,U0006391,2026-08-28,流失用户,2,95,0.05
LCS00006392,U0006392,2026-08-28,活跃用户,4,2,0.399
LCS00006393,U0006393,2026-08-28,沉默用户,9,11,0.2676
LCS00006394,U0006394,2026-08-28,活跃用户,2,0,0.1263
LCS00006395,U0006395,2026-08-28,流失用户,2,95,0.2177
LCS00006396,U0006396,2026-08-28,新用户,4,3,0.242
LCS00006397,U0006397,2026-08-28,活跃用户,7,5,0.3205
LCS00006398,U0006398,2026-08-28,活跃用户,2,7,0.5404
LCS00006399,U0006399,2026-08-28,沉默用户,16,12,0.4212
LCS00006400,U0006400,2026-08-28,沉默用户,14,12,0.5382
LCS00006401,U0006401,2026-08-28,沉默用户,5,17,0.4224
LCS00006402,U0006402,2026-08-28,流失用户,1,132,0.243
LCS00006403,U0006403,2026-08-28,流失用户,2,102,0.2556
LCS00006404,U0006404,2026-08-28,沉默用户,12,18,0.2727
LCS00006405,U0006405,2026-08-28,活跃用户,6,1,0.3453
LCS00006406,U0006406,2026-08-28,活跃用户,4,2,0.191
LCS00006407,U0006407,2026-08-28,流失用户,5,53,0.2036
LCS00006408,U0006408,2026-08-28,活跃用户,6,7,0.2692
LCS00006409,U0006409,2026-08-28,沉默用户,8,20,0.3096
LCS00006410,U0006410,2026-08-28,流失用户,1,54,0.4301
LCS00006411,U0006411,2026-08-28,沉默用户,4,22,0.1659
LCS00006412,U0006412,2026-08-28,活跃用户,4,0,0.2577
LCS00006413,U0006413,2026-08-28,流失用户,1,39,0.3171
LCS00006414,U0006414,2026-08-28,流失用户,5,61,0.4285
LCS00006415,U0006415,2026-08-28,流失用户,2,223,0.2425
LCS00006416,U0006416,2026-08-28,活跃用户,10,2,0.2306
LCS00006417,U0006417,2026-08-28,沉默用户,14,28,0.3991
LCS00006418,U0006418,2026-08-28,沉默用户,3,21,0.3007
LCS00006419,U0006419,2026-08-28,活跃用户,3,0,0.2176
LCS00006420,U0006420,2026-08-28,活跃用户,11,4,0.3777
LCS00006421,U0006421,2026-08-28,流失用户,3,40,0.1155
LCS00006422,U0006422,2026-08-28,活跃用户,3,1,0.3989
LCS00006423,U0006423,2026-08-28,活跃用户,10,0,0.2491
LCS00006424,U0006424,2026-08-28,活跃用户,13,0,0.3051
LCS00006425,U0006425,2026-08-28,活跃用户,2,6,0.3003
LCS00006426,U0006426,2026-08-28,沉默用户,1,18,0.3427
LCS00006427,U0006427,2026-08-28,沉默用户,9,24,0.4981
LCS00006428,U0006428,2026-08-28,流失用户,4,38,0.1991
LCS00006429,U0006429,2026-08-28,沉默用户,9,29,0.3789
LCS00006430,U0006430,2026-08-28,活跃用户,6,0,0.3303
LCS00006431,U0006431,2026-08-28,活跃用户,15,2,0.2689
LCS00006432,U0006432,2026-08-28,流失用户,1,35,0.0502
LCS00006433,U0006433,2026-08-28,新用户,1,4,0.05
LCS00006434,U0006434,2026-08-28,活跃用户,13,4,0.307
LCS00006435,U0006435,2026-08-28,流失用户,6,50,0.4129
LCS00006436,U0006436,2026-08-28,活跃用户,12,0,0.275
LCS00006437,U0006437,2026-08-28,活跃用户,8,6,0.1961
LCS00006438,U0006438,2026-08-28,活跃用户,14,4,0.163
LCS00006439,U0006439,2026-08-28,流失用户,2,59,0.05
LCS00006440,U0006440,2026-08-28,沉默用户,14,12,0.2055
LCS00006441,U0006441,2026-08-28,沉默用户,1,23,0.3299
LCS00006442,U0006442,2026-08-28,活跃用户,10,5,0.3746
LCS00006443,U0006443,2026-08-28,沉默用户,8,10,0.4918
LCS00006444,U0006444,2026-08-28,活跃用户,1,1,0.1472
LCS00006445,U0006445,2026-08-28,流失用户,2,86,0.3944
LCS00006446,U0006446,2026-08-28,流失用户,6,60,0.5886
LCS00006447,U0006447,2026-08-28,活跃用户,6,0,0.1214
LCS00006448,U0006448,2026-08-28,流失用户,4,84,0.3483
LCS00006449,U0006449,2026-08-28,流失用户,2,204,0.1625
LCS00006450,U0006450,2026-08-28,活跃用户,9,0,0.2761
LCS00006451,U0006451,2026-08-28,流失用户,1,204,0.2915
LCS00006452,U0006452,2026-08-28,沉默用户,3,13,0.1831
LCS00006453,U0006453,2026-08-28,流失用户,6,63,0.2499
LCS00006454,U0006454,2026-08-28,活跃用户,2,3,0.553
LCS00006455,U0006455,2026-08-28,沉默用户,8,20,0.2129
LCS00006456,U0006456,2026-08-28,沉默用户,4,9,0.2854
LCS00006457,U0006457,2026-08-28,流失用户,15,38,0.5031
LCS00006458,U0006458,2026-08-28,活跃用户,11,0,0.1032
LCS00006459,U0006459,2026-08-28,活跃用户,10,2,0.3513
LCS00006460,U0006460,2026-08-28,沉默用户,4,12,0.2982
LCS00006461,U0006461,2026-08-28,活跃用户,4,7,0.2328
LCS00006462,U0006462,2026-08-28,沉默用户,16,23,0.3502
LCS00006463,U0006463,2026-08-28,沉默用户,5,10,0.2194
LCS00006464,U0006464,2026-08-28,流失用户,3,42,0.5369
LCS00006465,U0006465,2026-08-28,活跃用户,4,6,0.3373
LCS00006466,U0006466,2026-08-28,沉默用户,6,19,0.2612
LCS00006467,U0006467,2026-08-28,沉默用户,16,14,0.1672
LCS00006468,U0006468,2026-08-28,新用户,0,0,0.3189
LCS00006469,U0006469,2026-08-28,活跃用户,11,4,0.2991
LCS00006470,U0006470,2026-08-28,活跃用户,12,4,0.2234
LCS00006471,U0006471,2026-08-28,流失用户,4,35,0.4766
LCS00006472,U0006472,2026-08-28,活跃用户,4,1,0.5048
LCS00006473,U0006473,2026-08-28,沉默用户,7,24,0.3992
LCS00006474,U0006474,2026-08-28,沉默用户,5,19,0.3056
LCS00006475,U0006475,2026-08-28,沉默用户,8,17,0.3802
LCS00006476,U0006476,2026-08-28,活跃用户,7,2,0.2429
LCS00006477,U0006477,2026-08-28,流失用户,2,222,0.3539
LCS00006478,U0006478,2026-08-28,活跃用户,4,2,0.434
LCS00006479,U0006479,2026-08-28,活跃用户,12,2,0.5793
LCS00006480,U0006480,2026-08-28,沉默用户,14,21,0.576
LCS00006481,U0006481,2026-08-28,流失用户,3,80,0.3768
LCS00006482,U0006482,2026-08-28,流失用户,5,61,0.2495
LCS00006483,U0006483,2026-08-28,活跃用户,14,1,0.4026
LCS00006484,U0006484,2026-08-28,沉默用户,3,14,0.1278
LCS00006485,U0006485,2026-08-28,沉默用户,7,17,0.4799
LCS00006486,U0006486,2026-08-28,沉默用户,4,11,0.0535
LCS00006487,U0006487,2026-08-28,沉默用户,13,8,0.2397
LCS00006488,U0006488,2026-08-28,活跃用户,16,0,0.308
LCS00006489,U0006489,2026-08-28,流失用户,6,72,0.4855
LCS00006490,U0006490,2026-08-28,活跃用户,14,7,0.531
LCS00006491,U0006491,2026-08-28,流失用户,5,37,0.4179
LCS00006492,U0006492,2026-08-28,沉默用户,7,16,0.05
LCS00006493,U0006493,2026-08-28,沉默用户,3,20,0.4092
LCS00006494,U0006494,2026-08-28,流失用户,2,180,0.2878
LCS00006495,U0006495,2026-08-28,沉默用户,2,22,0.2015
LCS00006496,U0006496,2026-08-28,流失用户,1,204,0.2423
LCS00006497,U0006497,2026-08-28,活跃用户,7,3,0.3618
LCS00006498,U0006498,2026-08-28,流失用户,4,62,0.1649
LCS00006499,U0006499,2026-08-28,新用户,2,0,0.2578
LCS00006500,U0006500,2026-08-28,活跃用户,13,0,0.0841
LCS00006501,U0006501,2026-08-28,沉默用户,16,8,0.4127
LCS00006502,U0006502,2026-08-28,活跃用户,13,2,0.3778
LCS00006503,U0006503,2026-08-28,沉默用户,11,26,0.3582
LCS00006504,U0006504,2026-08-28,流失用户,5,89,0.1944
LCS00006505,U0006505,2026-08-28,流失用户,3,85,0.2861
LCS00006506,U0006506,2026-08-28,流失用户,0,110,0.2406
LCS00006507,U0006507,2026-08-28,沉默用户,7,9,0.1698
LCS00006508,U0006508,2026-08-28,流失用户,1,55,0.3065
LCS00006509,U0006509,2026-08-28,活跃用户,11,0,0.2742
LCS00006510,U0006510,2026-08-28,流失用户,1,122,0.2155
LCS00006511,U0006511,2026-08-28,沉默用户,9,29,0.6056
LCS00006512,U0006512,2026-08-28,沉默用户,2,19,0.1803
LCS00006513,U0006513,2026-08-28,沉默用户,13,16,0.1109
LCS00006514,U0006514,2026-08-28,新用户,2,0,0.3907
LCS00006515,U0006515,2026-08-28,流失用户,0,128,0.2126
LCS00006516,U0006516,2026-08-28,沉默用户,3,10,0.216
LCS00006517,U0006517,2026-08-28,沉默用户,10,18,0.5462
LCS00006518,U0006518,2026-08-28,沉默用户,6,10,0.3024
LCS00006519,U0006519,2026-08-28,活跃用户,9,4,0.6115
LCS00006520,U0006520,2026-08-28,流失用户,2,180,0.3509
LCS00006521,U0006521,2026-08-28,沉默用户,2,30,0.3664
LCS00006522,U0006522,2026-08-28,沉默用户,6,27,0.4126
LCS00006523,U0006523,2026-08-28,流失用户,16,42,0.4379
LCS00006524,U0006524,2026-08-28,流失用户,4,32,0.3311
LCS00006525,U0006525,2026-08-28,流失用户,2,42,0.267
LCS00006526,U0006526,2026-08-28,活跃用户,10,7,0.2315
LCS00006527,U0006527,2026-08-28,活跃用户,9,1,0.3588
LCS00006528,U0006528,2026-08-28,沉默用户,15,10,0.2405
LCS00006529,U0006529,2026-08-28,流失用户,3,38,0.0808
LCS00006530,U0006530,2026-08-28,沉默用户,7,14,0.4795
LCS00006531,U0006531,2026-08-28,活跃用户,11,2,0.2315
LCS00006532,U0006532,2026-08-28,活跃用户,3,1,0.4314
LCS00006533,U0006533,2026-08-28,沉默用户,13,19,0.321
LCS00006534,U0006534,2026-08-28,活跃用户,10,3,0.3965
LCS00006535,U0006535,2026-08-28,活跃用户,4,2,0.6229
LCS00006536,U0006536,2026-08-28,活跃用户,10,7,0.1373
LCS00006537,U0006537,2026-08-28,流失用户,4,103,0.3408
LCS00006538,U0006538,2026-08-28,沉默用户,1,27,0.2649
LCS00006539,U0006539,2026-08-28,沉默用户,3,15,0.0942
LCS00006540,U0006540,2026-08-28,活跃用户,16,2,0.2637
LCS00006541,U0006541,2026-08-28,活跃用户,5,7,0.7145
LCS00006542,U0006542,2026-08-28,流失用户,2,195,0.3153
LCS00006543,U0006543,2026-08-28,活跃用户,6,0,0.5551
LCS00006544,U0006544,2026-08-28,沉默用户,15,12,0.3021
LCS00006545,U0006545,2026-08-28,流失用户,11,79,0.2349
LCS00006546,U0006546,2026-08-28,活跃用户,6,0,0.3885
LCS00006547,U0006547,2026-08-28,新用户,3,0,0.3041
LCS00006548,U0006548,2026-08-28,活跃用户,10,2,0.3081
LCS00006549,U0006549,2026-08-28,流失用户,3,35,0.2038
LCS00006550,U0006550,2026-08-28,流失用户,1,43,0.23
LCS00006551,U0006551,2026-08-28,流失用户,3,61,0.1398
LCS00006552,U0006552,2026-08-28,沉默用户,14,28,0.2325
LCS00006553,U0006553,2026-08-28,沉默用户,5,11,0.3066
LCS00006554,U0006554,2026-08-28,流失用户,1,32,0.172
LCS00006555,U0006555,2026-08-28,流失用户,2,124,0.57
LCS00006556,U0006556,2026-08-28,流失用户,5,134,0.5689
LCS00006557,U0006557,2026-08-28,活跃用户,4,2,0.2861
LCS00006558,U0006558,2026-08-28,流失用户,3,50,0.3997
LCS00006559,U0006559,2026-08-28,流失用户,8,43,0.3789
LCS00006560,U0006560,2026-08-28,流失用户,1,184,0.2294
LCS00006561,U0006561,2026-08-28,流失用户,3,42,0.4502
LCS00006562,U0006562,2026-08-28,活跃用户,17,1,0.4239
LCS00006563,U0006563,2026-08-28,活跃用户,5,2,0.3507
LCS00006564,U0006564,2026-08-28,活跃用户,4,0,0.0761
LCS00006565,U0006565,2026-08-28,沉默用户,10,15,0.3531
LCS00006566,U0006566,2026-08-28,活跃用户,10,4,0.1835
LCS00006567,U0006567,2026-08-28,沉默用户,4,18,0.2485
LCS00006568,U0006568,2026-08-28,沉默用户,6,10,0.3529
LCS00006569,U0006569,2026-08-28,流失用户,9,35,0.2493
LCS00006570,U0006570,2026-08-28,活跃用户,15,7,0.348
LCS00006571,U0006571,2026-08-28,活跃用户,10,2,0.2774
LCS00006572,U0006572,2026-08-28,流失用户,2,31,0.2888
LCS00006573,U0006573,2026-08-28,活跃用户,15,5,0.05
LCS00006574,U0006574,2026-08-28,沉默用户,17,18,0.2963
LCS00006575,U0006575,2026-08-28,沉默用户,10,19,0.2625
LCS00006576,U0006576,2026-08-28,流失用户,1,173,0.1695
LCS00006577,U0006577,2026-08-28,沉默用户,13,12,0.4096
LCS00006578,U0006578,2026-08-28,活跃用户,10,0,0.5077
LCS00006579,U0006579,2026-08-28,沉默用户,5,29,0.4137
LCS00006580,U0006580,2026-08-28,流失用户,5,98,0.4231
LCS00006581,U0006581,2026-08-28,活跃用户,14,5,0.6114
LCS00006582,U0006582,2026-08-28,流失用户,1,41,0.2378
LCS00006583,U0006583,2026-08-28,流失用户,7,80,0.3158
LCS00006584,U0006584,2026-08-28,活跃用户,5,1,0.4396
LCS00006585,U0006585,2026-08-28,流失用户,2,93,0.3033
LCS00006586,U0006586,2026-08-28,活跃用户,13,0,0.3588
LCS00006587,U0006587,2026-08-28,活跃用户,3,0,0.3508
LCS00006588,U0006588,2026-08-28,活跃用户,4,3,0.6827
LCS00006589,U0006589,2026-08-28,流失用户,6,45,0.4502
LCS00006590,U0006590,2026-08-28,流失用户,6,41,0.3126
LCS00006591,U0006591,2026-08-28,流失用户,8,38,0.3131
LCS00006592,U0006592,2026-08-28,沉默用户,5,14,0.2942
LCS00006593,U0006593,2026-08-28,活跃用户,5,1,0.2119
LCS00006594,U0006594,2026-08-28,新用户,0,0,0.1736
LCS00006595,U0006595,2026-08-28,活跃用户,5,0,0.2298
LCS00006596,U0006596,2026-08-28,流失用户,5,43,0.3846
LCS00006597,U0006597,2026-08-28,沉默用户,5,22,0.4165
LCS00006598,U0006598,2026-08-28,流失用户,12,34,0.3526
LCS00006599,U0006599,2026-08-28,活跃用户,12,7,0.3696
LCS00006600,U0006600,2026-08-28,活跃用户,15,0,0.5296
LCS00006601,U0006601,2026-08-28,流失用户,3,36,0.2034
LCS00006602,U0006602,2026-08-28,沉默用户,3,12,0.3657
LCS00006603,U0006603,2026-08-28,沉默用户,6,9,0.2529
LCS00006604,U0006604,2026-08-28,活跃用户,11,0,0.3342
LCS00006605,U0006605,2026-08-28,沉默用户,8,19,0.394
LCS00006606,U0006606,2026-08-28,流失用户,2,80,0.3442
LCS00006607,U0006607,2026-08-28,流失用户,9,47,0.3696
LCS00006608,U0006608,2026-08-28,活跃用户,8,2,0.3901
LCS00006609,U0006609,2026-08-28,活跃用户,4,3,0.3165
LCS00006610,U0006610,2026-08-28,活跃用户,16,7,0.3226
LCS00006611,U0006611,2026-08-28,沉默用户,13,15,0.182
LCS00006612,U0006612,2026-08-28,沉默用户,6,12,0.103
LCS00006613,U0006613,2026-08-28,活跃用户,7,0,0.2981
LCS00006614,U0006614,2026-08-28,沉默用户,2,24,0.5377
LCS00006615,U0006615,2026-08-28,活跃用户,7,0,0.2819
LCS00006616,U0006616,2026-08-28,新用户,0,0,0.2425
LCS00006617,U0006617,2026-08-28,活跃用户,17,2,0.2239
LCS00006618,U0006618,2026-08-28,沉默用户,2,26,0.2824
LCS00006619,U0006619,2026-08-28,活跃用户,13,0,0.5565
LCS00006620,U0006620,2026-08-28,沉默用户,10,13,0.308
LCS00006621,U0006621,2026-08-28,沉默用户,10,13,0.1308
LCS00006622,U0006622,2026-08-28,活跃用户,11,2,0.5907
LCS00006623,U0006623,2026-08-28,活跃用户,13,6,0.1859
LCS00006624,U0006624,2026-08-28,活跃用户,7,3,0.1757
LCS00006625,U0006625,2026-08-28,活跃用户,9,0,0.363
LCS00006626,U0006626,2026-08-28,沉默用户,4,20,0.3677
LCS00006627,U0006627,2026-08-28,活跃用户,4,1,0.5762
LCS00006628,U0006628,2026-08-28,流失用户,2,40,0.3292
LCS00006629,U0006629,2026-08-28,沉默用户,1,17,0.05
LCS00006630,U0006630,2026-08-28,沉默用户,8,9,0.4002
LCS00006631,U0006631,2026-08-28,沉默用户,9,25,0.2549
LCS00006632,U0006632,2026-08-28,活跃用户,13,1,0.3078
LCS00006633,U0006633,2026-08-28,活跃用户,16,3,0.488
LCS00006634,U0006634,2026-08-28,沉默用户,10,18,0.0523
LCS00006635,U0006635,2026-08-28,沉默用户,6,12,0.4233
LCS00006636,U0006636,2026-08-28,流失用户,0,70,0.1531
LCS00006637,U0006637,2026-08-28,活跃用户,13,3,0.244
LCS00006638,U0006638,2026-08-28,流失用户,2,52,0.1262
LCS00006639,U0006639,2026-08-28,活跃用户,14,2,0.3925
LCS00006640,U0006640,2026-08-28,活跃用户,5,2,0.3072
LCS00006641,U0006641,2026-08-28,沉默用户,10,11,0.4312
LCS00006642,U0006642,2026-08-28,沉默用户,13,27,0.1846
LCS00006643,U0006643,2026-08-28,沉默用户,4,21,0.3119
LCS00006644,U0006644,2026-08-28,活跃用户,2,1,0.3127
LCS00006645,U0006645,2026-08-28,沉默用户,13,9,0.4819
LCS00006646,U0006646,2026-08-28,活跃用户,5,1,0.2778
LCS00006647,U0006647,2026-08-28,沉默用户,4,13,0.2826
LCS00006648,U0006648,2026-08-28,沉默用户,9,19,0.5098
LCS00006649,U0006649,2026-08-28,沉默用户,5,28,0.3735
LCS00006650,U0006650,2026-08-28,活跃用户,10,7,0.2064
LCS00006651,U0006651,2026-08-28,沉默用户,10,30,0.2259
LCS00006652,U0006652,2026-08-28,流失用户,2,73,0.2947
LCS00006653,U0006653,2026-08-28,流失用户,3,36,0.4714
LCS00006654,U0006654,2026-08-28,活跃用户,5,2,0.3911
LCS00006655,U0006655,2026-08-28,流失用户,1,40,0.3106
LCS00006656,U0006656,2026-08-28,沉默用户,12,11,0.5894
LCS00006657,U0006657,2026-08-28,流失用户,12,33,0.2174
LCS00006658,U0006658,2026-08-28,流失用户,4,82,0.1484
LCS00006659,U0006659,2026-08-28,活跃用户,15,3,0.5743
LCS00006660,U0006660,2026-08-28,流失用户,1,87,0.1863
LCS00006661,U0006661,2026-08-28,活跃用户,16,0,0.2976
LCS00006662,U0006662,2026-08-28,流失用户,4,60,0.3515
LCS00006663,U0006663,2026-08-28,沉默用户,3,25,0.2452
LCS00006664,U0006664,2026-08-28,沉默用户,11,24,0.2121
LCS00006665,U0006665,2026-08-28,流失用户,1,33,0.4426
LCS00006666,U0006666,2026-08-28,流失用户,2,49,0.3545
LCS00006667,U0006667,2026-08-28,流失用户,5,93,0.5138
LCS00006668,U0006668,2026-08-28,活跃用户,12,2,0.3074
LCS00006669,U0006669,2026-08-28,沉默用户,6,9,0.2905
LCS00006670,U0006670,2026-08-28,流失用户,2,184,0.2525
LCS00006671,U0006671,2026-08-28,沉默用户,4,13,0.3366
LCS00006672,U0006672,2026-08-28,流失用户,1,32,0.2271
LCS00006673,U0006673,2026-08-28,流失用户,1,218,0.2031
LCS00006674,U0006674,2026-08-28,沉默用户,7,22,0.6181
LCS00006675,U0006675,2026-08-28,活跃用户,6,4,0.6331
LCS00006676,U0006676,2026-08-28,流失用户,7,48,0.4915
LCS00006677,U0006677,2026-08-28,活跃用户,5,7,0.3529
LCS00006678,U0006678,2026-08-28,沉默用户,13,17,0.3409
LCS00006679,U0006679,2026-08-28,活跃用户,5,3,0.3493
LCS00006680,U0006680,2026-08-28,沉默用户,15,18,0.4187
LCS00006681,U0006681,2026-08-28,活跃用户,9,1,0.1649
LCS00006682,U0006682,2026-08-28,活跃用户,11,0,0.2573
LCS00006683,U0006683,2026-08-28,流失用户,2,116,0.3721
LCS00006684,U0006684,2026-08-28,活跃用户,14,0,0.2946
LCS00006685,U0006685,2026-08-28,活跃用户,4,0,0.4697
LCS00006686,U0006686,2026-08-28,沉默用户,10,13,0.262
LCS00006687,U0006687,2026-08-28,沉默用户,5,26,0.16
LCS00006688,U0006688,2026-08-28,沉默用户,3,28,0.1474
LCS00006689,U0006689,2026-08-28,沉默用户,13,10,0.4253
LCS00006690,U0006690,2026-08-28,活跃用户,14,4,0.6034
LCS00006691,U0006691,2026-08-28,新用户,2,4,0.4113
LCS00006692,U0006692,2026-08-28,活跃用户,9,0,0.1568
LCS00006693,U0006693,2026-08-28,流失用户,5,156,0.05
LCS00006694,U0006694,2026-08-28,沉默用户,14,26,0.1982
LCS00006695,U0006695,2026-08-28,活跃用户,4,4,0.4291
LCS00006696,U0006696,2026-08-28,沉默用户,8,18,0.05
LCS00006697,U0006697,2026-08-28,流失用户,4,93,0.4805
LCS00006698,U0006698,2026-08-28,流失用户,15,37,0.1881
LCS00006699,U0006699,2026-08-28,活跃用户,9,1,0.4636
LCS00006700,U0006700,2026-08-28,沉默用户,3,21,0.4105
LCS00006701,U0006701,2026-08-28,活跃用户,1,0,0.3293
LCS00006702,U0006702,2026-08-28,沉默用户,2,30,0.2919
LCS00006703,U0006703,2026-08-28,活跃用户,3,1,0.1267
LCS00006704,U0006704,2026-08-28,活跃用户,4,5,0.05
LCS00006705,U0006705,2026-08-28,活跃用户,11,2,0.321
LCS00006706,U0006706,2026-08-28,沉默用户,9,11,0.403
LCS00006707,U0006707,2026-08-28,流失用户,5,85,0.4774
LCS00006708,U0006708,2026-08-28,流失用户,2,35,0.1976
LCS00006709,U0006709,2026-08-28,沉默用户,12,15,0.1933
LCS00006710,U0006710,2026-08-28,活跃用户,5,0,0.1577
LCS00006711,U0006711,2026-08-28,流失用户,2,230,0.4167
LCS00006712,U0006712,2026-08-28,沉默用户,6,23,0.456
LCS00006713,U0006713,2026-08-28,流失用户,1,103,0.1804
LCS00006714,U0006714,2026-08-28,活跃用户,15,7,0.4827
LCS00006715,U0006715,2026-08-28,新用户,4,1,0.0605
LCS00006716,U0006716,2026-08-28,沉默用户,8,14,0.3219
LCS00006717,U0006717,2026-08-28,流失用户,2,142,0.4392
LCS00006718,U0006718,2026-08-28,活跃用户,13,4,0.1631
LCS00006719,U0006719,2026-08-28,活跃用户,13,1,0.05
LCS00006720,U0006720,2026-08-28,新用户,4,0,0.4545
LCS00006721,U0006721,2026-08-28,流失用户,2,89,0.2638
LCS00006722,U0006722,2026-08-28,流失用户,12,78,0.4363
LCS00006723,U0006723,2026-08-28,活跃用户,5,5,0.5201
LCS00006724,U0006724,2026-08-28,活跃用户,11,6,0.3124
LCS00006725,U0006725,2026-08-28,新用户,3,0,0.4093
LCS00006726,U0006726,2026-08-28,沉默用户,8,15,0.1992
LCS00006727,U0006727,2026-08-28,沉默用户,11,12,0.1506
LCS00006728,U0006728,2026-08-28,活跃用户,15,3,0.6284
LCS00006729,U0006729,2026-08-28,沉默用户,7,24,0.3768
LCS00006730,U0006730,2026-08-28,活跃用户,3,2,0.05
LCS00006731,U0006731,2026-08-28,沉默用户,4,24,0.1471
LCS00006732,U0006732,2026-08-28,沉默用户,9,17,0.2878
LCS00006733,U0006733,2026-08-28,沉默用户,3,17,0.0781
LCS00006734,U0006734,2026-08-28,活跃用户,3,3,0.05
LCS00006735,U0006735,2026-08-28,沉默用户,2,29,0.05
LCS00006736,U0006736,2026-08-28,流失用户,7,41,0.1608
LCS00006737,U0006737,2026-08-28,流失用户,4,57,0.3328
LCS00006738,U0006738,2026-08-28,活跃用户,10,2,0.5679
LCS00006739,U0006739,2026-08-28,沉默用户,5,24,0.5112
LCS00006740,U0006740,2026-08-28,沉默用户,5,16,0.5121
LCS00006741,U0006741,2026-08-28,沉默用户,1,24,0.2981
LCS00006742,U0006742,2026-08-28,沉默用户,11,28,0.5175
LCS00006743,U0006743,2026-08-28,沉默用户,13,12,0.4639
LCS00006744,U0006744,2026-08-28,流失用户,7,54,0.2674
LCS00006745,U0006745,2026-08-28,沉默用户,5,8,0.4079
LCS00006746,U0006746,2026-08-28,流失用户,2,34,0.4833
LCS00006747,U0006747,2026-08-28,流失用户,7,54,0.6914
LCS00006748,U0006748,2026-08-28,活跃用户,4,3,0.3131
LCS00006749,U0006749,2026-08-28,流失用户,4,31,0.1513
LCS00006750,U0006750,2026-08-28,流失用户,3,69,0.1411
LCS00006751,U0006751,2026-08-28,沉默用户,11,11,0.11
LCS00006752,U0006752,2026-08-28,活跃用户,12,7,0.5183
LCS00006753,U0006753,2026-08-28,流失用户,5,45,0.2927
LCS00006754,U0006754,2026-08-28,活跃用户,12,3,0.2699
LCS00006755,U0006755,2026-08-28,沉默用户,13,23,0.54
LCS00006756,U0006756,2026-08-28,沉默用户,3,18,0.2324
LCS00006757,U0006757,2026-08-28,流失用户,10,41,0.2624
LCS00006758,U0006758,2026-08-28,活跃用户,11,0,0.3976
LCS00006759,U0006759,2026-08-28,沉默用户,17,8,0.4876
LCS00006760,U0006760,2026-08-28,流失用户,3,41,0.2906
LCS00006761,U0006761,2026-08-28,沉默用户,2,17,0.3147
LCS00006762,U0006762,2026-08-28,活跃用户,7,2,0.1732
LCS00006763,U0006763,2026-08-28,流失用户,8,76,0.4539
LCS00006764,U0006764,2026-08-28,沉默用户,13,10,0.3833
LCS00006765,U0006765,2026-08-28,活跃用户,15,7,0.2177
LCS00006766,U0006766,2026-08-28,沉默用户,2,15,0.1651
LCS00006767,U0006767,2026-08-28,流失用户,3,69,0.1514
LCS00006768,U0006768,2026-08-28,流失用户,3,99,0.511
LCS00006769,U0006769,2026-08-28,流失用户,3,42,0.3178
LCS00006770,U0006770,2026-08-28,沉默用户,3,16,0.3548
LCS00006771,U0006771,2026-08-28,流失用户,3,60,0.1277
LCS00006772,U0006772,2026-08-28,沉默用户,14,8,0.4021
LCS00006773,U0006773,2026-08-28,沉默用户,13,15,0.2614
LCS00006774,U0006774,2026-08-28,流失用户,3,46,0.2001
LCS00006775,U0006775,2026-08-28,活跃用户,3,6,0.2838
LCS00006776,U0006776,2026-08-28,活跃用户,13,0,0.4333
LCS00006777,U0006777,2026-08-28,活跃用户,10,0,0.2641
LCS00006778,U0006778,2026-08-28,活跃用户,13,1,0.5411
LCS00006779,U0006779,2026-08-28,流失用户,1,197,0.3415
LCS00006780,U0006780,2026-08-28,沉默用户,1,8,0.0759
LCS00006781,U0006781,2026-08-28,流失用户,9,37,0.1048
LCS00006782,U0006782,2026-08-28,活跃用户,9,0,0.3365
LCS00006783,U0006783,2026-08-28,活跃用户,11,6,0.4304
LCS00006784,U0006784,2026-08-28,流失用户,4,166,0.4723
LCS00006785,U0006785,2026-08-28,流失用户,2,154,0.2323
LCS00006786,U0006786,2026-08-28,流失用户,7,32,0.2185
LCS00006787,U0006787,2026-08-28,新用户,4,0,0.1884
LCS00006788,U0006788,2026-08-28,流失用户,5,32,0.6488
LCS00006789,U0006789,2026-08-28,流失用户,7,35,0.1261
LCS00006790,U0006790,2026-08-28,活跃用户,13,4,0.4693
LCS00006791,U0006791,2026-08-28,沉默用户,16,11,0.3211
LCS00006792,U0006792,2026-08-28,沉默用户,11,10,0.2989
LCS00006793,U0006793,2026-08-28,新用户,0,0,0.562
LCS00006794,U0006794,2026-08-28,活跃用户,3,1,0.2429
LCS00006795,U0006795,2026-08-28,沉默用户,9,8,0.1577
LCS00006796,U0006796,2026-08-28,流失用户,8,41,0.2905
LCS00006797,U0006797,2026-08-28,流失用户,1,49,0.352
LCS00006798,U0006798,2026-08-28,沉默用户,16,9,0.3518
LCS00006799,U0006799,2026-08-28,活跃用户,14,3,0.3994
LCS00006800,U0006800,2026-08-28,活跃用户,16,0,0.2978
LCS00006801,U0006801,2026-08-28,活跃用户,14,0,0.3804
LCS00006802,U0006802,2026-08-28,活跃用户,7,5,0.3957
LCS00006803,U0006803,2026-08-28,沉默用户,7,23,0.3266
LCS00006804,U0006804,2026-08-28,沉默用户,10,12,0.3935
LCS00006805,U0006805,2026-08-28,沉默用户,9,25,0.2481
LCS00006806,U0006806,2026-08-28,沉默用户,12,17,0.2841
LCS00006807,U0006807,2026-08-28,流失用户,3,40,0.2985
LCS00006808,U0006808,2026-08-28,沉默用户,7,29,0.4852
LCS00006809,U0006809,2026-08-28,沉默用户,2,12,0.3185
LCS00006810,U0006810,2026-08-28,沉默用户,15,13,0.2069
LCS00006811,U0006811,2026-08-28,活跃用户,8,0,0.1533
LCS00006812,U0006812,2026-08-28,活跃用户,14,4,0.3195
LCS00006813,U0006813,2026-08-28,新用户,6,0,0.5265
LCS00006814,U0006814,2026-08-28,流失用户,2,187,0.3052
LCS00006815,U0006815,2026-08-28,沉默用户,8,12,0.3926
LCS00006816,U0006816,2026-08-28,活跃用户,14,7,0.3015
LCS00006817,U0006817,2026-08-28,流失用户,1,103,0.426
LCS00006818,U0006818,2026-08-28,流失用户,3,31,0.3546
LCS00006819,U0006819,2026-08-28,流失用户,4,110,0.3987
LCS00006820,U0006820,2026-08-28,活跃用户,14,6,0.1935
LCS00006821,U0006821,2026-08-28,流失用户,4,66,0.4944
LCS00006822,U0006822,2026-08-28,流失用户,1,116,0.4441
LCS00006823,U0006823,2026-08-28,活跃用户,16,2,0.5582
LCS00006824,U0006824,2026-08-28,流失用户,9,32,0.2112
LCS00006825,U0006825,2026-08-28,活跃用户,9,5,0.2056
LCS00006826,U0006826,2026-08-28,流失用户,10,33,0.3171
LCS00006827,U0006827,2026-08-28,活跃用户,8,0,0.2245
LCS00006828,U0006828,2026-08-28,活跃用户,9,1,0.368
LCS00006829,U0006829,2026-08-28,流失用户,6,49,0.0977
LCS00006830,U0006830,2026-08-28,活跃用户,7,3,0.428
LCS00006831,U0006831,2026-08-28,沉默用户,4,10,0.1433
LCS00006832,U0006832,2026-08-28,活跃用户,2,0,0.4587
LCS00006833,U0006833,2026-08-28,活跃用户,1,4,0.088
LCS00006834,U0006834,2026-08-28,流失用户,5,90,0.5813
LCS00006835,U0006835,2026-08-28,沉默用户,16,12,0.3878
LCS00006836,U0006836,2026-08-28,活跃用户,10,0,0.5232
LCS00006837,U0006837,2026-08-28,流失用户,1,43,0.2008
LCS00006838,U0006838,2026-08-28,新用户,0,0,0.4621
LCS00006839,U0006839,2026-08-28,沉默用户,13,8,0.2748
LCS00006840,U0006840,2026-08-28,流失用户,4,162,0.2902
LCS00006841,U0006841,2026-08-28,沉默用户,2,28,0.3878
LCS00006842,U0006842,2026-08-28,活跃用户,6,2,0.2875
LCS00006843,U0006843,2026-08-28,活跃用户,13,0,0.261
LCS00006844,U0006844,2026-08-28,流失用户,1,72,0.0921
LCS00006845,U0006845,2026-08-28,沉默用户,15,12,0.4502
LCS00006846,U0006846,2026-08-28,流失用户,11,79,0.737
LCS00006847,U0006847,2026-08-28,流失用户,3,93,0.2388
LCS00006848,U0006848,2026-08-28,流失用户,9,46,0.5138
LCS00006849,U0006849,2026-08-28,沉默用户,9,12,0.4778
LCS00006850,U0006850,2026-08-28,新用户,3,0,0.3681
LCS00006851,U0006851,2026-08-28,沉默用户,4,28,0.4034
LCS00006852,U0006852,2026-08-28,流失用户,4,48,0.3551
LCS00006853,U0006853,2026-08-28,活跃用户,4,7,0.2078
LCS00006854,U0006854,2026-08-28,活跃用户,9,3,0.2544
LCS00006855,U0006855,2026-08-28,活跃用户,11,0,0.2949
LCS00006856,U0006856,2026-08-28,沉默用户,13,24,0.2636
LCS00006857,U0006857,2026-08-28,新用户,4,0,0.2765
LCS00006858,U0006858,2026-08-28,沉默用户,7,10,0.2863
LCS00006859,U0006859,2026-08-28,流失用户,4,118,0.173
LCS00006860,U0006860,2026-08-28,活跃用户,5,3,0.4305
LCS00006861,U0006861,2026-08-28,活跃用户,13,1,0.3198
LCS00006862,U0006862,2026-08-28,活跃用户,10,0,0.277
LCS00006863,U0006863,2026-08-28,流失用户,2,127,0.0831
LCS00006864,U0006864,2026-08-28,沉默用户,11,21,0.4146
LCS00006865,U0006865,2026-08-28,活跃用户,14,2,0.4886
LCS00006866,U0006866,2026-08-28,流失用户,0,190,0.05
LCS00006867,U0006867,2026-08-28,新用户,0,0,0.4077
LCS00006868,U0006868,2026-08-28,沉默用户,3,8,0.2369
LCS00006869,U0006869,2026-08-28,流失用户,2,127,0.2502
LCS00006870,U0006870,2026-08-28,流失用户,2,92,0.205
LCS00006871,U0006871,2026-08-28,活跃用户,11,6,0.2942
LCS00006872,U0006872,2026-08-28,活跃用户,3,1,0.5225
LCS00006873,U0006873,2026-08-28,活跃用户,18,6,0.5028
LCS00006874,U0006874,2026-08-28,流失用户,16,38,0.3897
LCS00006875,U0006875,2026-08-28,沉默用户,4,10,0.3113
LCS00006876,U0006876,2026-08-28,新用户,5,0,0.2966
LCS00006877,U0006877,2026-08-28,流失用户,5,149,0.3288
LCS00006878,U0006878,2026-08-28,新用户,2,2,0.5171
LCS00006879,U0006879,2026-08-28,流失用户,6,54,0.2616
LCS00006880,U0006880,2026-08-28,沉默用户,5,23,0.5423
LCS00006881,U0006881,2026-08-28,活跃用户,15,0,0.5083
LCS00006882,U0006882,2026-08-28,活跃用户,1,1,0.2376
LCS00006883,U0006883,2026-08-28,流失用户,3,35,0.307
LCS00006884,U0006884,2026-08-28,沉默用户,3,16,0.5993
LCS00006885,U0006885,2026-08-28,流失用户,5,33,0.434
LCS00006886,U0006886,2026-08-28,活跃用户,1,0,0.3393
LCS00006887,U0006887,2026-08-28,流失用户,4,61,0.2299
LCS00006888,U0006888,2026-08-28,沉默用户,14,11,0.3625
LCS00006889,U0006889,2026-08-28,活跃用户,14,1,0.3356
LCS00006890,U0006890,2026-08-28,流失用户,4,77,0.3189
LCS00006891,U0006891,2026-08-28,新用户,3,1,0.4727
LCS00006892,U0006892,2026-08-28,活跃用户,6,0,0.1996
LCS00006893,U0006893,2026-08-28,流失用户,1,110,0.1633
LCS00006894,U0006894,2026-08-28,活跃用户,3,1,0.2736
LCS00006895,U0006895,2026-08-28,活跃用户,9,5,0.2656
LCS00006896,U0006896,2026-08-28,流失用户,2,55,0.437
LCS00006897,U0006897,2026-08-28,流失用户,3,41,0.3601
LCS00006898,U0006898,2026-08-28,活跃用户,16,3,0.3331
LCS00006899,U0006899,2026-08-28,活跃用户,16,4,0.3485
LCS00006900,U0006900,2026-08-28,新用户,3,2,0.2614
LCS00006901,U0006901,2026-08-28,流失用户,11,54,0.4377
LCS00006902,U0006902,2026-08-28,活跃用户,9,1,0.1828
LCS00006903,U0006903,2026-08-28,沉默用户,2,16,0.4519
LCS00006904,U0006904,2026-08-28,流失用户,4,159,0.5033
LCS00006905,U0006905,2026-08-28,新用户,5,0,0.3451
LCS00006906,U0006906,2026-08-28,流失用户,2,173,0.4687
LCS00006907,U0006907,2026-08-28,活跃用户,9,2,0.4432
LCS00006908,U0006908,2026-08-28,沉默用户,2,16,0.303
LCS00006909,U0006909,2026-08-28,沉默用户,14,16,0.4099
LCS00006910,U0006910,2026-08-28,沉默用户,8,8,0.2437
LCS00006911,U0006911,2026-08-28,活跃用户,9,4,0.1231
LCS00006912,U0006912,2026-08-28,活跃用户,8,3,0.3945
LCS00006913,U0006913,2026-08-28,流失用户,0,44,0.263
LCS00006914,U0006914,2026-08-28,活跃用户,3,1,0.367
LCS00006915,U0006915,2026-08-28,流失用户,2,50,0.3008
LCS00006916,U0006916,2026-08-28,沉默用户,5,8,0.2992
LCS00006917,U0006917,2026-08-28,沉默用户,12,12,0.2156
LCS00006918,U0006918,2026-08-28,沉默用户,12,15,0.3172
LCS00006919,U0006919,2026-08-28,沉默用户,14,11,0.1939
LCS00006920,U0006920,2026-08-28,活跃用户,3,1,0.3724
LCS00006921,U0006921,2026-08-28,沉默用户,3,18,0.3658
LCS00006922,U0006922,2026-08-28,活跃用户,3,6,0.4078
LCS00006923,U0006923,2026-08-28,活跃用户,8,2,0.5371
LCS00006924,U0006924,2026-08-28,活跃用户,7,1,0.2628
LCS00006925,U0006925,2026-08-28,活跃用户,7,5,0.2354
LCS00006926,U0006926,2026-08-28,流失用户,4,66,0.4758
LCS00006927,U0006927,2026-08-28,沉默用户,3,19,0.2403
LCS00006928,U0006928,2026-08-28,沉默用户,11,16,0.05
LCS00006929,U0006929,2026-08-28,沉默用户,13,14,0.2657
LCS00006930,U0006930,2026-08-28,流失用户,8,47,0.2096
LCS00006931,U0006931,2026-08-28,活跃用户,3,0,0.1463
LCS00006932,U0006932,2026-08-28,流失用户,7,72,0.5381
LCS00006933,U0006933,2026-08-28,流失用户,4,57,0.2759
LCS00006934,U0006934,2026-08-28,沉默用户,3,8,0.2987
LCS00006935,U0006935,2026-08-28,流失用户,4,49,0.5272
LCS00006936,U0006936,2026-08-28,流失用户,5,53,0.4846
LCS00006937,U0006937,2026-08-28,流失用户,3,102,0.2762
LCS00006938,U0006938,2026-08-28,活跃用户,14,3,0.3735
LCS00006939,U0006939,2026-08-28,沉默用户,11,14,0.2515
LCS00006940,U0006940,2026-08-28,活跃用户,12,4,0.5152
LCS00006941,U0006941,2026-08-28,流失用户,6,49,0.2906
LCS00006942,U0006942,2026-08-28,活跃用户,5,0,0.5546
LCS00006943,U0006943,2026-08-28,流失用户,7,32,0.1976
LCS00006944,U0006944,2026-08-28,活跃用户,3,2,0.3147
LCS00006945,U0006945,2026-08-28,流失用户,6,58,0.4269
LCS00006946,U0006946,2026-08-28,流失用户,5,44,0.4378
LCS00006947,U0006947,2026-08-28,活跃用户,6,6,0.1449
LCS00006948,U0006948,2026-08-28,活跃用户,13,1,0.4458
LCS00006949,U0006949,2026-08-28,活跃用户,12,2,0.4049
LCS00006950,U0006950,2026-08-28,流失用户,6,61,0.4211
LCS00006951,U0006951,2026-08-28,活跃用户,2,1,0.2184
LCS00006952,U0006952,2026-08-28,沉默用户,15,18,0.3483
LCS00006953,U0006953,2026-08-28,新用户,3,0,0.152
LCS00006954,U0006954,2026-08-28,流失用户,5,45,0.4036
LCS00006955,U0006955,2026-08-28,沉默用户,6,16,0.2426
LCS00006956,U0006956,2026-08-28,沉默用户,9,19,0.4176
LCS00006957,U0006957,2026-08-28,沉默用户,4,20,0.3586
LCS00006958,U0006958,2026-08-28,活跃用户,13,1,0.2629
LCS00006959,U0006959,2026-08-28,活跃用户,14,0,0.5379
LCS00006960,U0006960,2026-08-28,流失用户,4,45,0.2511
LCS00006961,U0006961,2026-08-28,活跃用户,2,3,0.235
LCS00006962,U0006962,2026-08-28,活跃用户,13,3,0.4834
LCS00006963,U0006963,2026-08-28,活跃用户,5,5,0.4361
LCS00006964,U0006964,2026-08-28,沉默用户,13,21,0.4562
LCS00006965,U0006965,2026-08-28,沉默用户,11,8,0.4627
LCS00006966,U0006966,2026-08-28,活跃用户,14,0,0.1925
LCS00006967,U0006967,2026-08-28,活跃用户,6,6,0.4431
LCS00006968,U0006968,2026-08-28,新用户,3,2,0.2748
LCS00006969,U0006969,2026-08-28,沉默用户,7,21,0.246
LCS00006970,U0006970,2026-08-28,活跃用户,3,1,0.0764
LCS00006971,U0006971,2026-08-28,活跃用户,3,2,0.2936
LCS00006972,U0006972,2026-08-28,沉默用户,9,10,0.1984
LCS00006973,U0006973,2026-08-28,沉默用户,3,18,0.1297
LCS00006974,U0006974,2026-08-28,沉默用户,12,11,0.3402
LCS00006975,U0006975,2026-08-28,流失用户,13,47,0.6149
LCS00006976,U0006976,2026-08-28,沉默用户,8,24,0.4104
LCS00006977,U0006977,2026-08-28,新用户,4,0,0.3514
LCS00006978,U0006978,2026-08-28,沉默用户,7,12,0.3672
LCS00006979,U0006979,2026-08-28,活跃用户,8,4,0.4184
LCS00006980,U0006980,2026-08-28,沉默用户,7,12,0.2532
LCS00006981,U0006981,2026-08-28,沉默用户,12,11,0.4262
LCS00006982,U0006982,2026-08-28,沉默用户,6,9,0.2395
LCS00006983,U0006983,2026-08-28,活跃用户,14,0,0.3456
LCS00006984,U0006984,2026-08-28,活跃用户,15,1,0.4694
LCS00006985,U0006985,2026-08-28,流失用户,1,121,0.4475
LCS00006986,U0006986,2026-08-28,沉默用户,7,11,0.186
LCS00006987,U0006987,2026-08-28,活跃用户,2,6,0.2083
LCS00006988,U0006988,2026-08-28,流失用户,3,179,0.3096
LCS00006989,U0006989,2026-08-28,流失用户,5,71,0.3942
LCS00006990,U0006990,2026-08-28,活跃用户,9,1,0.3073
LCS00006991,U0006991,2026-08-28,活跃用户,5,1,0.5138
LCS00006992,U0006992,2026-08-28,活跃用户,4,0,0.3609
LCS00006993,U0006993,2026-08-28,流失用户,9,36,0.2332
LCS00006994,U0006994,2026-08-28,活跃用户,5,5,0.2831
LCS00006995,U0006995,2026-08-28,沉默用户,11,28,0.4025
LCS00006996,U0006996,2026-08-28,沉默用户,4,13,0.3693
LCS00006997,U0006997,2026-08-28,沉默用户,10,19,0.2785
LCS00006998,U0006998,2026-08-28,流失用户,2,50,0.1449
LCS00006999,U0006999,2026-08-28,流失用户,5,40,0.3799
LCS00007000,U0007000,2026-08-28,流失用户,3,31,0.3325
LCS00007001,U0007001,2026-08-28,沉默用户,3,18,0.1817
LCS00007002,U0007002,2026-08-28,活跃用户,6,1,0.3925
LCS00007003,U0007003,2026-08-28,活跃用户,5,3,0.3265
LCS00007004,U0007004,2026-08-28,沉默用户,12,17,0.3992
LCS00007005,U0007005,2026-08-28,活跃用户,11,0,0.1879
LCS00007006,U0007006,2026-08-28,活跃用户,15,1,0.5235
LCS00007007,U0007007,2026-08-28,沉默用户,14,18,0.5035
LCS00007008,U0007008,2026-08-28,活跃用户,3,4,0.1166
LCS00007009,U0007009,2026-08-28,活跃用户,7,1,0.559
LCS00007010,U0007010,2026-08-28,活跃用户,9,4,0.2361
LCS00007011,U0007011,2026-08-28,流失用户,3,36,0.3806
LCS00007012,U0007012,2026-08-28,沉默用户,13,20,0.5002
LCS00007013,U0007013,2026-08-28,沉默用户,7,13,0.4782
LCS00007014,U0007014,2026-08-28,沉默用户,11,9,0.277
LCS00007015,U0007015,2026-08-28,流失用户,3,55,0.357
LCS00007016,U0007016,2026-08-28,流失用户,6,31,0.5141
LCS00007017,U0007017,2026-08-28,活跃用户,16,4,0.3344
LCS00007018,U0007018,2026-08-28,活跃用户,12,0,0.2383
LCS00007019,U0007019,2026-08-28,活跃用户,2,2,0.1044
LCS00007020,U0007020,2026-08-28,流失用户,3,109,0.1601
LCS00007021,U0007021,2026-08-28,沉默用户,6,16,0.2518
LCS00007022,U0007022,2026-08-28,流失用户,8,82,0.2053
LCS00007023,U0007023,2026-08-28,流失用户,4,43,0.4052
LCS00007024,U0007024,2026-08-28,流失用户,0,150,0.0698
LCS00007025,U0007025,2026-08-28,沉默用户,17,8,0.5438
LCS00007026,U0007026,2026-08-28,活跃用户,13,1,0.2779
LCS00007027,U0007027,2026-08-28,沉默用户,6,19,0.2846
LCS00007028,U0007028,2026-08-28,活跃用户,10,7,0.4553
LCS00007029,U0007029,2026-08-28,活跃用户,15,1,0.3434
LCS00007030,U0007030,2026-08-28,活跃用户,5,1,0.241
LCS00007031,U0007031,2026-08-28,沉默用户,9,25,0.4002
LCS00007032,U0007032,2026-08-28,新用户,2,0,0.09
LCS00007033,U0007033,2026-08-28,活跃用户,11,0,0.5114
LCS00007034,U0007034,2026-08-28,活跃用户,8,5,0.3447
LCS00007035,U0007035,2026-08-28,沉默用户,3,12,0.0863
LCS00007036,U0007036,2026-08-28,沉默用户,12,19,0.3282
LCS00007037,U0007037,2026-08-28,活跃用户,15,7,0.3074
LCS00007038,U0007038,2026-08-28,活跃用户,9,1,0.42
LCS00007039,U0007039,2026-08-28,沉默用户,8,13,0.3167
LCS00007040,U0007040,2026-08-28,活跃用户,14,3,0.3177
LCS00007041,U0007041,2026-08-28,流失用户,5,40,0.4634
LCS00007042,U0007042,2026-08-28,活跃用户,10,2,0.2025
LCS00007043,U0007043,2026-08-28,沉默用户,7,14,0.2209
LCS00007044,U0007044,2026-08-28,流失用户,2,112,0.3805
LCS00007045,U0007045,2026-08-28,活跃用户,11,1,0.1322
LCS00007046,U0007046,2026-08-28,活跃用户,13,4,0.0583
LCS00007047,U0007047,2026-08-28,沉默用户,7,24,0.3902
LCS00007048,U0007048,2026-08-28,流失用户,1,88,0.1443
LCS00007049,U0007049,2026-08-28,沉默用户,11,18,0.3395
LCS00007050,U0007050,2026-08-28,流失用户,5,51,0.6132
LCS00007051,U0007051,2026-08-28,流失用户,6,42,0.1594
LCS00007052,U0007052,2026-08-28,新用户,2,0,0.0532
LCS00007053,U0007053,2026-08-28,活跃用户,12,2,0.1538
LCS00007054,U0007054,2026-08-28,活跃用户,7,0,0.0785
LCS00007055,U0007055,2026-08-28,活跃用户,10,0,0.3613
LCS00007056,U0007056,2026-08-28,沉默用户,9,27,0.3191
LCS00007057,U0007057,2026-08-28,沉默用户,6,21,0.1612
LCS00007058,U0007058,2026-08-28,流失用户,3,69,0.4537
LCS00007059,U0007059,2026-08-28,沉默用户,4,17,0.4072
LCS00007060,U0007060,2026-08-28,活跃用户,5,3,0.1945
LCS00007061,U0007061,2026-08-28,流失用户,1,150,0.2365
LCS00007062,U0007062,2026-08-28,流失用户,0,93,0.13
LCS00007063,U0007063,2026-08-28,沉默用户,10,13,0.2128
LCS00007064,U0007064,2026-08-28,流失用户,6,47,0.244
LCS00007065,U0007065,2026-08-28,流失用户,1,64,0.148
LCS00007066,U0007066,2026-08-28,活跃用户,10,0,0.4625
LCS00007067,U0007067,2026-08-28,流失用户,1,78,0.4242
LCS00007068,U0007068,2026-08-28,流失用户,5,46,0.2675
LCS00007069,U0007069,2026-08-28,流失用户,2,82,0.1999
LCS00007070,U0007070,2026-08-28,活跃用户,12,0,0.3873
LCS00007071,U0007071,2026-08-28,流失用户,2,171,0.1805
LCS00007072,U0007072,2026-08-28,沉默用户,5,17,0.1896
LCS00007073,U0007073,2026-08-28,流失用户,8,44,0.05
LCS00007074,U0007074,2026-08-28,流失用户,9,55,0.3952
LCS00007075,U0007075,2026-08-28,沉默用户,11,28,0.5152
LCS00007076,U0007076,2026-08-28,活跃用户,14,6,0.4459
LCS00007077,U0007077,2026-08-28,沉默用户,4,30,0.2944
LCS00007078,U0007078,2026-08-28,沉默用户,5,10,0.5651
LCS00007079,U0007079,2026-08-28,新用户,0,0,0.4786
LCS00007080,U0007080,2026-08-28,活跃用户,13,0,0.7031
LCS00007081,U0007081,2026-08-28,沉默用户,12,8,0.0874
LCS00007082,U0007082,2026-08-28,沉默用户,3,21,0.3999
LCS00007083,U0007083,2026-08-28,流失用户,5,59,0.4683
LCS00007084,U0007084,2026-08-28,沉默用户,6,11,0.4522
LCS00007085,U0007085,2026-08-28,流失用户,3,34,0.3484
LCS00007086,U0007086,2026-08-28,流失用户,0,219,0.1775
LCS00007087,U0007087,2026-08-28,活跃用户,10,0,0.3292
LCS00007088,U0007088,2026-08-28,活跃用户,10,2,0.3798
LCS00007089,U0007089,2026-08-28,活跃用户,14,5,0.3653
LCS00007090,U0007090,2026-08-28,沉默用户,13,12,0.1636
LCS00007091,U0007091,2026-08-28,沉默用户,3,8,0.2335
LCS00007092,U0007092,2026-08-28,活跃用户,13,1,0.3165
LCS00007093,U0007093,2026-08-28,流失用户,3,96,0.3769
LCS00007094,U0007094,2026-08-28,活跃用户,9,3,0.4831
LCS00007095,U0007095,2026-08-28,沉默用户,5,9,0.4617
LCS00007096,U0007096,2026-08-28,流失用户,4,107,0.1767
LCS00007097,U0007097,2026-08-28,沉默用户,5,12,0.3532
LCS00007098,U0007098,2026-08-28,流失用户,5,67,0.437
LCS00007099,U0007099,2026-08-28,活跃用户,16,7,0.3792
LCS00007100,U0007100,2026-08-28,新用户,0,0,0.224
LCS00007101,U0007101,2026-08-28,活跃用户,3,6,0.3026
LCS00007102,U0007102,2026-08-28,流失用户,3,94,0.3387
LCS00007103,U0007103,2026-08-28,活跃用户,17,3,0.2316
LCS00007104,U0007104,2026-08-28,活跃用户,15,0,0.4565
LCS00007105,U0007105,2026-08-28,沉默用户,15,11,0.1655
LCS00007106,U0007106,2026-08-28,沉默用户,5,15,0.5672
LCS00007107,U0007107,2026-08-28,活跃用户,5,0,0.1492
LCS00007108,U0007108,2026-08-28,沉默用户,6,8,0.1575
LCS00007109,U0007109,2026-08-28,活跃用户,16,4,0.4877
LCS00007110,U0007110,2026-08-28,沉默用户,3,16,0.2565
LCS00007111,U0007111,2026-08-28,新用户,2,1,0.2516
LCS00007112,U0007112,2026-08-28,沉默用户,16,10,0.5815
LCS00007113,U0007113,2026-08-28,活跃用户,6,1,0.3433
LCS00007114,U0007114,2026-08-28,流失用户,7,65,0.4558
LCS00007115,U0007115,2026-08-28,新用户,6,0,0.404
LCS00007116,U0007116,2026-08-28,流失用户,2,63,0.1379
LCS00007117,U0007117,2026-08-28,活跃用户,8,7,0.4879
LCS00007118,U0007118,2026-08-28,沉默用户,7,17,0.2547
LCS00007119,U0007119,2026-08-28,沉默用户,6,29,0.3047
LCS00007120,U0007120,2026-08-28,活跃用户,5,7,0.299
LCS00007121,U0007121,2026-08-28,活跃用户,14,2,0.374
LCS00007122,U0007122,2026-08-28,活跃用户,10,7,0.2823
LCS00007123,U0007123,2026-08-28,活跃用户,14,0,0.2941
LCS00007124,U0007124,2026-08-28,沉默用户,3,25,0.3069
LCS00007125,U0007125,2026-08-28,沉默用户,10,13,0.2078
LCS00007126,U0007126,2026-08-28,沉默用户,5,13,0.2829
LCS00007127,U0007127,2026-08-28,沉默用户,1,30,0.4241
LCS00007128,U0007128,2026-08-28,活跃用户,5,0,0.4069
LCS00007129,U0007129,2026-08-28,沉默用户,5,15,0.2922
LCS00007130,U0007130,2026-08-28,沉默用户,8,25,0.2491
LCS00007131,U0007131,2026-08-28,流失用户,4,152,0.3861
LCS00007132,U0007132,2026-08-28,流失用户,2,41,0.4781
LCS00007133,U0007133,2026-08-28,流失用户,10,33,0.1157
LCS00007134,U0007134,2026-08-28,沉默用户,14,8,0.4081
LCS00007135,U0007135,2026-08-28,活跃用户,11,0,0.3177
LCS00007136,U0007136,2026-08-28,活跃用户,3,1,0.4177
LCS00007137,U0007137,2026-08-28,沉默用户,12,16,0.2379
LCS00007138,U0007138,2026-08-28,沉默用户,10,11,0.2961
LCS00007139,U0007139,2026-08-28,沉默用户,14,15,0.2283
LCS00007140,U0007140,2026-08-28,沉默用户,3,22,0.3004
LCS00007141,U0007141,2026-08-28,流失用户,3,103,0.1531
LCS00007142,U0007142,2026-08-28,流失用户,3,71,0.3755
LCS00007143,U0007143,2026-08-28,流失用户,4,41,0.4821
LCS00007144,U0007144,2026-08-28,沉默用户,14,21,0.2044
LCS00007145,U0007145,2026-08-28,活跃用户,14,0,0.2839
LCS00007146,U0007146,2026-08-28,活跃用户,6,2,0.4909
LCS00007147,U0007147,2026-08-28,沉默用户,3,29,0.0646
LCS00007148,U0007148,2026-08-28,活跃用户,14,0,0.2954
LCS00007149,U0007149,2026-08-28,沉默用户,13,29,0.3745
LCS00007150,U0007150,2026-08-28,活跃用户,10,4,0.05
LCS00007151,U0007151,2026-08-28,沉默用户,14,15,0.3345
LCS00007152,U0007152,2026-08-28,沉默用户,3,21,0.123
LCS00007153,U0007153,2026-08-28,活跃用户,9,2,0.2685
LCS00007154,U0007154,2026-08-28,活跃用户,4,5,0.5427
LCS00007155,U0007155,2026-08-28,流失用户,2,116,0.1751
LCS00007156,U0007156,2026-08-28,活跃用户,2,1,0.282
LCS00007157,U0007157,2026-08-28,沉默用户,3,27,0.4163
LCS00007158,U0007158,2026-08-28,活跃用户,10,3,0.3401
LCS00007159,U0007159,2026-08-28,沉默用户,9,14,0.2533
LCS00007160,U0007160,2026-08-28,活跃用户,9,2,0.4907
LCS00007161,U0007161,2026-08-28,流失用户,0,55,0.2186
LCS00007162,U0007162,2026-08-28,流失用户,5,111,0.3362
LCS00007163,U0007163,2026-08-28,活跃用户,14,4,0.3376
LCS00007164,U0007164,2026-08-28,沉默用户,18,9,0.4427
LCS00007165,U0007165,2026-08-28,流失用户,10,44,0.6406
LCS00007166,U0007166,2026-08-28,活跃用户,12,3,0.5647
LCS00007167,U0007167,2026-08-28,流失用户,1,114,0.2949
LCS00007168,U0007168,2026-08-28,沉默用户,4,27,0.4439
LCS00007169,U0007169,2026-08-28,流失用户,3,48,0.05
LCS00007170,U0007170,2026-08-28,流失用户,5,131,0.241
LCS00007171,U0007171,2026-08-28,活跃用户,14,6,0.3545
LCS00007172,U0007172,2026-08-28,新用户,4,1,0.5442
LCS00007173,U0007173,2026-08-28,活跃用户,12,7,0.4113
LCS00007174,U0007174,2026-08-28,活跃用户,6,6,0.3196
LCS00007175,U0007175,2026-08-28,活跃用户,12,4,0.2708
LCS00007176,U0007176,2026-08-28,新用户,2,0,0.1815
LCS00007177,U0007177,2026-08-28,沉默用户,14,13,0.1058
LCS00007178,U0007178,2026-08-28,活跃用户,2,2,0.0968
LCS00007179,U0007179,2026-08-28,流失用户,11,43,0.7768
LCS00007180,U0007180,2026-08-28,活跃用户,6,1,0.5348
LCS00007181,U0007181,2026-08-28,流失用户,2,158,0.2918
LCS00007182,U0007182,2026-08-28,流失用户,4,67,0.4034
LCS00007183,U0007183,2026-08-28,活跃用户,3,7,0.1262
LCS00007184,U0007184,2026-08-28,流失用户,4,61,0.4083
LCS00007185,U0007185,2026-08-28,沉默用户,2,18,0.1068
LCS00007186,U0007186,2026-08-28,沉默用户,5,27,0.3713
LCS00007187,U0007187,2026-08-28,活跃用户,4,6,0.05
LCS00007188,U0007188,2026-08-28,活跃用户,11,0,0.1998
LCS00007189,U0007189,2026-08-28,流失用户,11,36,0.4316
LCS00007190,U0007190,2026-08-28,流失用户,5,119,0.3317
LCS00007191,U0007191,2026-08-28,沉默用户,12,9,0.3373
LCS00007192,U0007192,2026-08-28,沉默用户,10,9,0.3656
LCS00007193,U0007193,2026-08-28,活跃用户,9,5,0.2882
LCS00007194,U0007194,2026-08-28,流失用户,4,96,0.3437
LCS00007195,U0007195,2026-08-28,活跃用户,14,3,0.1951
LCS00007196,U0007196,2026-08-28,沉默用户,10,18,0.05
LCS00007197,U0007197,2026-08-28,活跃用户,11,0,0.3024
LCS00007198,U0007198,2026-08-28,流失用户,3,118,0.1989
LCS00007199,U0007199,2026-08-28,流失用户,3,153,0.3108
LCS00007200,U0007200,2026-08-28,活跃用户,9,4,0.3561
LCS00007201,U0007201,2026-08-28,活跃用户,15,1,0.5471
LCS00007202,U0007202,2026-08-28,活跃用户,10,2,0.1014
LCS00007203,U0007203,2026-08-28,沉默用户,9,20,0.5158
LCS00007204,U0007204,2026-08-28,活跃用户,13,1,0.5372
LCS00007205,U0007205,2026-08-28,流失用户,1,103,0.2844
LCS00007206,U0007206,2026-08-28,流失用户,3,104,0.3643
LCS00007207,U0007207,2026-08-28,流失用户,3,58,0.4005
LCS00007208,U0007208,2026-08-28,活跃用户,5,6,0.1296
LCS00007209,U0007209,2026-08-28,活跃用户,14,1,0.3787
LCS00007210,U0007210,2026-08-28,沉默用户,5,14,0.2308
LCS00007211,U0007211,2026-08-28,沉默用户,1,17,0.1527
LCS00007212,U0007212,2026-08-28,活跃用户,17,0,0.5297
LCS00007213,U0007213,2026-08-28,新用户,2,0,0.3389
LCS00007214,U0007214,2026-08-28,流失用户,2,76,0.2659
LCS00007215,U0007215,2026-08-28,流失用户,1,64,0.4965
LCS00007216,U0007216,2026-08-28,流失用户,6,45,0.5305
LCS00007217,U0007217,2026-08-28,流失用户,10,44,0.4917
LCS00007218,U0007218,2026-08-28,沉默用户,18,8,0.6923
LCS00007219,U0007219,2026-08-28,流失用户,5,49,0.5568
LCS00007220,U0007220,2026-08-28,活跃用户,5,1,0.2988
LCS00007221,U0007221,2026-08-28,流失用户,0,205,0.2927
LCS00007222,U0007222,2026-08-28,流失用户,4,62,0.1767
LCS00007223,U0007223,2026-08-28,活跃用户,8,5,0.2732
LCS00007224,U0007224,2026-08-28,新用户,5,0,0.1446
LCS00007225,U0007225,2026-08-28,活跃用户,12,6,0.3469
LCS00007226,U0007226,2026-08-28,活跃用户,7,0,0.2446
LCS00007227,U0007227,2026-08-28,流失用户,3,191,0.2505
LCS00007228,U0007228,2026-08-28,流失用户,3,44,0.378
LCS00007229,U0007229,2026-08-28,活跃用户,9,4,0.2341
LCS00007230,U0007230,2026-08-28,沉默用户,10,10,0.2414
LCS00007231,U0007231,2026-08-28,沉默用户,5,16,0.5031
LCS00007232,U0007232,2026-08-28,活跃用户,11,0,0.5495
LCS00007233,U0007233,2026-08-28,沉默用户,2,27,0.14
LCS00007234,U0007234,2026-08-28,沉默用户,3,11,0.497
LCS00007235,U0007235,2026-08-28,活跃用户,2,6,0.488
LCS00007236,U0007236,2026-08-28,活跃用户,1,2,0.2373
LCS00007237,U0007237,2026-08-28,流失用户,1,231,0.1966
LCS00007238,U0007238,2026-08-28,流失用户,3,189,0.3378
LCS00007239,U0007239,2026-08-28,流失用户,3,231,0.6427
LCS00007240,U0007240,2026-08-28,流失用户,5,34,0.5708
LCS00007241,U0007241,2026-08-28,活跃用户,6,1,0.1122
LCS00007242,U0007242,2026-08-28,流失用户,0,94,0.05
LCS00007243,U0007243,2026-08-28,沉默用户,16,14,0.4123
LCS00007244,U0007244,2026-08-28,沉默用户,19,10,0.5995
LCS00007245,U0007245,2026-08-28,沉默用户,7,16,0.2576
LCS00007246,U0007246,2026-08-28,活跃用户,4,4,0.4288
LCS00007247,U0007247,2026-08-28,新用户,3,1,0.4608
LCS00007248,U0007248,2026-08-28,活跃用户,1,4,0.295
LCS00007249,U0007249,2026-08-28,活跃用户,8,0,0.4302
LCS00007250,U0007250,2026-08-28,活跃用户,13,1,0.337
LCS00007251,U0007251,2026-08-28,沉默用户,3,20,0.2378
LCS00007252,U0007252,2026-08-28,活跃用户,8,7,0.4635
LCS00007253,U0007253,2026-08-28,流失用户,5,65,0.4442
LCS00007254,U0007254,2026-08-28,流失用户,9,64,0.4135
LCS00007255,U0007255,2026-08-28,活跃用户,10,0,0.1187
LCS00007256,U0007256,2026-08-28,活跃用户,4,6,0.4323
LCS00007257,U0007257,2026-08-28,沉默用户,15,14,0.2675
LCS00007258,U0007258,2026-08-28,沉默用户,14,9,0.4796
LCS00007259,U0007259,2026-08-28,流失用户,9,61,0.4577
LCS00007260,U0007260,2026-08-28,活跃用户,8,5,0.1542
LCS00007261,U0007261,2026-08-28,活跃用户,10,3,0.0933
LCS00007262,U0007262,2026-08-28,活跃用户,11,5,0.2133
LCS00007263,U0007263,2026-08-28,活跃用户,4,3,0.4378
LCS00007264,U0007264,2026-08-28,流失用户,5,44,0.2224
LCS00007265,U0007265,2026-08-28,流失用户,5,148,0.329
LCS00007266,U0007266,2026-08-28,流失用户,4,163,0.6346
LCS00007267,U0007267,2026-08-28,沉默用户,2,9,0.31
LCS00007268,U0007268,2026-08-28,活跃用户,9,7,0.4251
LCS00007269,U0007269,2026-08-28,活跃用户,6,0,0.0981
LCS00007270,U0007270,2026-08-28,流失用户,5,66,0.4289
LCS00007271,U0007271,2026-08-28,活跃用户,10,0,0.4966
LCS00007272,U0007272,2026-08-28,沉默用户,7,23,0.1958
LCS00007273,U0007273,2026-08-28,活跃用户,11,2,0.121
LCS00007274,U0007274,2026-08-28,沉默用户,5,10,0.3774
LCS00007275,U0007275,2026-08-28,沉默用户,13,17,0.1739
LCS00007276,U0007276,2026-08-28,活跃用户,4,3,0.4028
LCS00007277,U0007277,2026-08-28,活跃用户,13,2,0.2997
LCS00007278,U0007278,2026-08-28,沉默用户,2,14,0.2709
LCS00007279,U0007279,2026-08-28,沉默用户,5,21,0.4113
LCS00007280,U0007280,2026-08-28,流失用户,4,102,0.2797
LCS00007281,U0007281,2026-08-28,流失用户,11,47,0.2257
LCS00007282,U0007282,2026-08-28,流失用户,3,76,0.242
LCS00007283,U0007283,2026-08-28,流失用户,3,32,0.2885
LCS00007284,U0007284,2026-08-28,流失用户,2,46,0.3915
LCS00007285,U0007285,2026-08-28,活跃用户,11,0,0.4744
LCS00007286,U0007286,2026-08-28,活跃用户,6,3,0.258
LCS00007287,U0007287,2026-08-28,流失用户,5,131,0.3675
LCS00007288,U0007288,2026-08-28,活跃用户,14,4,0.1517
LCS00007289,U0007289,2026-08-28,沉默用户,2,14,0.05
LCS00007290,U0007290,2026-08-28,沉默用户,5,23,0.2567
LCS00007291,U0007291,2026-08-28,沉默用户,12,8,0.3283
LCS00007292,U0007292,2026-08-28,流失用户,3,79,0.2648
LCS00007293,U0007293,2026-08-28,流失用户,2,74,0.05
LCS00007294,U0007294,2026-08-28,新用户,4,1,0.2065
LCS00007295,U0007295,2026-08-28,沉默用户,11,21,0.2214
LCS00007296,U0007296,2026-08-28,流失用户,3,31,0.5621
LCS00007297,U0007297,2026-08-28,活跃用户,11,4,0.3997
LCS00007298,U0007298,2026-08-28,流失用户,2,73,0.5109
LCS00007299,U0007299,2026-08-28,流失用户,9,34,0.3886
LCS00007300,U0007300,2026-08-28,流失用户,4,59,0.2546
LCS00007301,U0007301,2026-08-28,沉默用户,1,30,0.1566
LCS00007302,U0007302,2026-08-28,流失用户,2,39,0.2206
LCS00007303,U0007303,2026-08-28,流失用户,1,36,0.05
LCS00007304,U0007304,2026-08-28,流失用户,2,37,0.4406
LCS00007305,U0007305,2026-08-28,新用户,3,1,0.05
LCS00007306,U0007306,2026-08-28,活跃用户,10,5,0.263
LCS00007307,U0007307,2026-08-28,沉默用户,14,11,0.5738
LCS00007308,U0007308,2026-08-28,活跃用户,9,2,0.1627
LCS00007309,U0007309,2026-08-28,沉默用户,9,21,0.4976
LCS00007310,U0007310,2026-08-28,沉默用户,13,15,0.3235
LCS00007311,U0007311,2026-08-28,沉默用户,3,27,0.4868
LCS00007312,U0007312,2026-08-28,沉默用户,4,28,0.1866
LCS00007313,U0007313,2026-08-28,活跃用户,8,2,0.3054
LCS00007314,U0007314,2026-08-28,流失用户,4,99,0.4902
LCS00007315,U0007315,2026-08-28,沉默用户,17,30,0.3078
LCS00007316,U0007316,2026-08-28,沉默用户,3,12,0.4157
LCS00007317,U0007317,2026-08-28,沉默用户,5,21,0.2606
LCS00007318,U0007318,2026-08-28,活跃用户,4,3,0.2403
LCS00007319,U0007319,2026-08-28,活跃用户,7,1,0.4407
LCS00007320,U0007320,2026-08-28,流失用户,6,34,0.2303
LCS00007321,U0007321,2026-08-28,活跃用户,5,0,0.2574
LCS00007322,U0007322,2026-08-28,沉默用户,4,10,0.3379
LCS00007323,U0007323,2026-08-28,活跃用户,9,7,0.0623
LCS00007324,U0007324,2026-08-28,沉默用户,7,11,0.1471
LCS00007325,U0007325,2026-08-28,沉默用户,10,13,0.1456
LCS00007326,U0007326,2026-08-28,沉默用户,12,8,0.2921
LCS00007327,U0007327,2026-08-28,活跃用户,2,2,0.1772
LCS00007328,U0007328,2026-08-28,沉默用户,6,9,0.3609
LCS00007329,U0007329,2026-08-28,沉默用户,4,15,0.3634
LCS00007330,U0007330,2026-08-28,流失用户,5,120,0.6073
LCS00007331,U0007331,2026-08-28,流失用户,10,53,0.2138
LCS00007332,U0007332,2026-08-28,流失用户,3,141,0.1682
LCS00007333,U0007333,2026-08-28,活跃用户,10,0,0.4918
LCS00007334,U0007334,2026-08-28,沉默用户,9,11,0.3986
LCS00007335,U0007335,2026-08-28,流失用户,0,228,0.0673
LCS00007336,U0007336,2026-08-28,活跃用户,11,0,0.1493
LCS00007337,U0007337,2026-08-28,活跃用户,13,1,0.3538
LCS00007338,U0007338,2026-08-28,活跃用户,8,0,0.3354
LCS00007339,U0007339,2026-08-28,流失用户,3,45,0.2927
LCS00007340,U0007340,2026-08-28,流失用户,8,51,0.1891
LCS00007341,U0007341,2026-08-28,流失用户,2,64,0.1993
LCS00007342,U0007342,2026-08-28,活跃用户,9,0,0.2166
LCS00007343,U0007343,2026-08-28,沉默用户,4,15,0.4432
LCS00007344,U0007344,2026-08-28,活跃用户,5,7,0.5364
LCS00007345,U0007345,2026-08-28,沉默用户,2,25,0.2608
LCS00007346,U0007346,2026-08-28,流失用户,4,66,0.3586
LCS00007347,U0007347,2026-08-28,沉默用户,3,12,0.5086
LCS00007348,U0007348,2026-08-28,沉默用户,5,15,0.2851
LCS00007349,U0007349,2026-08-28,沉默用户,4,11,0.3216
LCS00007350,U0007350,2026-08-28,沉默用户,7,16,0.446
LCS00007351,U0007351,2026-08-28,沉默用户,6,10,0.3145
LCS00007352,U0007352,2026-08-28,活跃用户,1,1,0.2894
LCS00007353,U0007353,2026-08-28,沉默用户,10,12,0.403
LCS00007354,U0007354,2026-08-28,活跃用户,14,3,0.1442
LCS00007355,U0007355,2026-08-28,流失用户,2,75,0.3191
LCS00007356,U0007356,2026-08-28,活跃用户,8,0,0.1879
LCS00007357,U0007357,2026-08-28,新用户,8,0,0.2727
LCS00007358,U0007358,2026-08-28,流失用户,2,38,0.5128
LCS00007359,U0007359,2026-08-28,流失用户,1,102,0.2164
LCS00007360,U0007360,2026-08-28,流失用户,3,54,0.1596
LCS00007361,U0007361,2026-08-28,沉默用户,10,26,0.05
LCS00007362,U0007362,2026-08-28,活跃用户,14,0,0.4552
LCS00007363,U0007363,2026-08-28,活跃用户,5,4,0.3652
LCS00007364,U0007364,2026-08-28,流失用户,1,61,0.1702
LCS00007365,U0007365,2026-08-28,活跃用户,14,0,0.5502
LCS00007366,U0007366,2026-08-28,流失用户,1,208,0.1115
LCS00007367,U0007367,2026-08-28,沉默用户,15,10,0.1319
LCS00007368,U0007368,2026-08-28,沉默用户,4,30,0.2668
LCS00007369,U0007369,2026-08-28,活跃用户,14,1,0.3309
LCS00007370,U0007370,2026-08-28,沉默用户,8,20,0.0955
LCS00007371,U0007371,2026-08-28,活跃用户,9,0,0.47
LCS00007372,U0007372,2026-08-28,新用户,0,0,0.1287
LCS00007373,U0007373,2026-08-28,流失用户,1,146,0.1193
LCS00007374,U0007374,2026-08-28,沉默用户,2,19,0.1082
LCS00007375,U0007375,2026-08-28,沉默用户,8,9,0.2779
LCS00007376,U0007376,2026-08-28,沉默用户,4,23,0.1774
LCS00007377,U0007377,2026-08-28,沉默用户,8,15,0.2214
LCS00007378,U0007378,2026-08-28,活跃用户,7,0,0.1404
LCS00007379,U0007379,2026-08-28,沉默用户,8,11,0.2918
LCS00007380,U0007380,2026-08-28,沉默用户,11,28,0.2718
LCS00007381,U0007381,2026-08-28,流失用户,5,40,0.3533
LCS00007382,U0007382,2026-08-28,活跃用户,12,4,0.5073
LCS00007383,U0007383,2026-08-28,流失用户,4,67,0.3574
LCS00007384,U0007384,2026-08-28,流失用户,7,80,0.3005
LCS00007385,U0007385,2026-08-28,沉默用户,3,26,0.4077
LCS00007386,U0007386,2026-08-28,流失用户,3,53,0.3253
LCS00007387,U0007387,2026-08-28,沉默用户,1,28,0.2917
LCS00007388,U0007388,2026-08-28,沉默用户,3,8,0.0765
LCS00007389,U0007389,2026-08-28,沉默用户,15,22,0.4694
LCS00007390,U0007390,2026-08-28,活跃用户,7,1,0.1671
LCS00007391,U0007391,2026-08-28,活跃用户,1,6,0.2215
LCS00007392,U0007392,2026-08-28,活跃用户,4,2,0.1427
LCS00007393,U0007393,2026-08-28,流失用户,2,51,0.1088
LCS00007394,U0007394,2026-08-28,流失用户,6,98,0.3886
LCS00007395,U0007395,2026-08-28,流失用户,2,100,0.2519
LCS00007396,U0007396,2026-08-28,沉默用户,6,21,0.2561
LCS00007397,U0007397,2026-08-28,新用户,4,0,0.2522
LCS00007398,U0007398,2026-08-28,活跃用户,4,7,0.2386
LCS00007399,U0007399,2026-08-28,流失用户,5,52,0.3114
LCS00007400,U0007400,2026-08-28,流失用户,2,76,0.2345
LCS00007401,U0007401,2026-08-28,沉默用户,14,29,0.4589
LCS00007402,U0007402,2026-08-28,沉默用户,7,26,0.4124
LCS00007403,U0007403,2026-08-28,活跃用户,11,7,0.1712
LCS00007404,U0007404,2026-08-28,沉默用户,2,15,0.381
LCS00007405,U0007405,2026-08-28,活跃用户,5,0,0.4923
LCS00007406,U0007406,2026-08-28,流失用户,3,45,0.0972
LCS00007407,U0007407,2026-08-28,新用户,3,0,0.409
LCS00007408,U0007408,2026-08-28,活跃用户,2,7,0.4502
LCS00007409,U0007409,2026-08-28,沉默用户,6,27,0.2356
LCS00007410,U0007410,2026-08-28,流失用户,3,149,0.2977
LCS00007411,U0007411,2026-08-28,活跃用户,17,5,0.4213
LCS00007412,U0007412,2026-08-28,沉默用户,10,19,0.5277
LCS00007413,U0007413,2026-08-28,活跃用户,3,7,0.0672
LCS00007414,U0007414,2026-08-28,沉默用户,5,22,0.3273
LCS00007415,U0007415,2026-08-28,沉默用户,3,23,0.2449
LCS00007416,U0007416,2026-08-28,活跃用户,5,0,0.317
LCS00007417,U0007417,2026-08-28,沉默用户,12,11,0.1019
LCS00007418,U0007418,2026-08-28,沉默用户,10,15,0.3638
LCS00007419,U0007419,2026-08-28,沉默用户,2,14,0.05
LCS00007420,U0007420,2026-08-28,流失用户,4,41,0.1637
LCS00007421,U0007421,2026-08-28,流失用户,5,51,0.275
LCS00007422,U0007422,2026-08-28,沉默用户,3,27,0.0607
LCS00007423,U0007423,2026-08-28,沉默用户,5,11,0.3244
LCS00007424,U0007424,2026-08-28,沉默用户,9,23,0.5899
LCS00007425,U0007425,2026-08-28,活跃用户,15,1,0.5661
LCS00007426,U0007426,2026-08-28,沉默用户,1,10,0.1516
LCS00007427,U0007427,2026-08-28,沉默用户,10,19,0.2028
LCS00007428,U0007428,2026-08-28,活跃用户,9,3,0.4457
LCS00007429,U0007429,2026-08-28,沉默用户,4,16,0.0646
LCS00007430,U0007430,2026-08-28,沉默用户,14,8,0.5121
LCS00007431,U0007431,2026-08-28,活跃用户,7,1,0.5802
LCS00007432,U0007432,2026-08-28,活跃用户,17,1,0.2872
LCS00007433,U0007433,2026-08-28,活跃用户,7,2,0.3542
LCS00007434,U0007434,2026-08-28,流失用户,4,34,0.1428
LCS00007435,U0007435,2026-08-28,流失用户,2,117,0.1114
LCS00007436,U0007436,2026-08-28,流失用户,5,77,0.315
LCS00007437,U0007437,2026-08-28,活跃用户,8,0,0.4107
LCS00007438,U0007438,2026-08-28,活跃用户,16,2,0.4543
LCS00007439,U0007439,2026-08-28,活跃用户,8,0,0.3722
LCS00007440,U0007440,2026-08-28,沉默用户,9,28,0.5763
LCS00007441,U0007441,2026-08-28,沉默用户,3,27,0.182
LCS00007442,U0007442,2026-08-28,活跃用户,17,4,0.5515
LCS00007443,U0007443,2026-08-28,沉默用户,4,19,0.3853
LCS00007444,U0007444,2026-08-28,流失用户,1,147,0.1793
LCS00007445,U0007445,2026-08-28,活跃用户,9,0,0.5785
LCS00007446,U0007446,2026-08-28,流失用户,9,79,0.3846
LCS00007447,U0007447,2026-08-28,活跃用户,2,1,0.3741
LCS00007448,U0007448,2026-08-28,沉默用户,1,11,0.1946
LCS00007449,U0007449,2026-08-28,活跃用户,3,1,0.1577
LCS00007450,U0007450,2026-08-28,流失用户,5,140,0.5124
LCS00007451,U0007451,2026-08-28,沉默用户,6,12,0.225
LCS00007452,U0007452,2026-08-28,活跃用户,13,7,0.4852
LCS00007453,U0007453,2026-08-28,沉默用户,11,20,0.2463
LCS00007454,U0007454,2026-08-28,活跃用户,3,4,0.2776
LCS00007455,U0007455,2026-08-28,沉默用户,9,24,0.05
LCS00007456,U0007456,2026-08-28,活跃用户,11,0,0.4757
LCS00007457,U0007457,2026-08-28,流失用户,0,143,0.1711
LCS00007458,U0007458,2026-08-28,流失用户,2,103,0.2234
LCS00007459,U0007459,2026-08-28,流失用户,9,32,0.2702
LCS00007460,U0007460,2026-08-28,流失用户,3,41,0.3099
LCS00007461,U0007461,2026-08-28,流失用户,2,39,0.1816
LCS00007462,U0007462,2026-08-28,沉默用户,8,9,0.4197
LCS00007463,U0007463,2026-08-28,活跃用户,6,0,0.2058
LCS00007464,U0007464,2026-08-28,活跃用户,14,0,0.4108
LCS00007465,U0007465,2026-08-28,沉默用户,6,23,0.1144
LCS00007466,U0007466,2026-08-28,流失用户,5,98,0.2221
LCS00007467,U0007467,2026-08-28,沉默用户,3,18,0.261
LCS00007468,U0007468,2026-08-28,沉默用户,4,29,0.1757
LCS00007469,U0007469,2026-08-28,流失用户,4,128,0.4545
LCS00007470,U0007470,2026-08-28,沉默用户,7,18,0.3074
LCS00007471,U0007471,2026-08-28,活跃用户,3,5,0.2007
LCS00007472,U0007472,2026-08-28,活跃用户,10,0,0.2049
LCS00007473,U0007473,2026-08-28,沉默用户,6,30,0.3525
LCS00007474,U0007474,2026-08-28,流失用户,4,60,0.2711
LCS00007475,U0007475,2026-08-28,沉默用户,11,11,0.1599
LCS00007476,U0007476,2026-08-28,活跃用户,9,0,0.2695
LCS00007477,U0007477,2026-08-28,活跃用户,7,0,0.1669
LCS00007478,U0007478,2026-08-28,新用户,2,0,0.3831
LCS00007479,U0007479,2026-08-28,活跃用户,6,2,0.449
LCS00007480,U0007480,2026-08-28,活跃用户,11,3,0.4147
LCS00007481,U0007481,2026-08-28,沉默用户,1,15,0.05
LCS00007482,U0007482,2026-08-28,活跃用户,4,1,0.4874
LCS00007483,U0007483,2026-08-28,流失用户,8,37,0.4399
LCS00007484,U0007484,2026-08-28,沉默用户,5,17,0.4767
LCS00007485,U0007485,2026-08-28,流失用户,3,50,0.2957
LCS00007486,U0007486,2026-08-28,流失用户,3,51,0.3752
LCS00007487,U0007487,2026-08-28,沉默用户,1,15,0.2571
LCS00007488,U0007488,2026-08-28,沉默用户,11,10,0.174
LCS00007489,U0007489,2026-08-28,流失用户,2,134,0.3417
LCS00007490,U0007490,2026-08-28,沉默用户,1,25,0.1151
LCS00007491,U0007491,2026-08-28,活跃用户,9,1,0.3226
LCS00007492,U0007492,2026-08-28,流失用户,2,104,0.4641
LCS00007493,U0007493,2026-08-28,沉默用户,6,19,0.3643
LCS00007494,U0007494,2026-08-28,沉默用户,8,23,0.1768
LCS00007495,U0007495,2026-08-28,新用户,6,0,0.3378
LCS00007496,U0007496,2026-08-28,沉默用户,4,18,0.1331
LCS00007497,U0007497,2026-08-28,新用户,3,0,0.3452
LCS00007498,U0007498,2026-08-28,活跃用户,9,6,0.6573
LCS00007499,U0007499,2026-08-28,活跃用户,10,4,0.5011
LCS00007500,U0007500,2026-08-28,流失用户,0,161,0.05
LCS00007501,U0007501,2026-08-28,活跃用户,4,7,0.5222
LCS00007502,U0007502,2026-08-28,活跃用户,7,3,0.3338
LCS00007503,U0007503,2026-08-28,沉默用户,4,27,0.4635
LCS00007504,U0007504,2026-08-28,活跃用户,16,0,0.3918
LCS00007505,U0007505,2026-08-28,流失用户,2,168,0.2834
LCS00007506,U0007506,2026-08-28,流失用户,6,55,0.3908
LCS00007507,U0007507,2026-08-28,流失用户,6,59,0.249
LCS00007508,U0007508,2026-08-28,流失用户,2,136,0.5073
LCS00007509,U0007509,2026-08-28,沉默用户,4,15,0.4328
LCS00007510,U0007510,2026-08-28,沉默用户,13,22,0.4871
LCS00007511,U0007511,2026-08-28,沉默用户,4,13,0.4301
LCS00007512,U0007512,2026-08-28,流失用户,4,53,0.2824
LCS00007513,U0007513,2026-08-28,流失用户,2,139,0.2218
LCS00007514,U0007514,2026-08-28,沉默用户,7,8,0.3163
LCS00007515,U0007515,2026-08-28,沉默用户,15,8,0.4646
LCS00007516,U0007516,2026-08-28,流失用户,4,54,0.1719
LCS00007517,U0007517,2026-08-28,活跃用户,10,5,0.0512
LCS00007518,U0007518,2026-08-28,流失用户,3,118,0.5549
LCS00007519,U0007519,2026-08-28,流失用户,3,52,0.3887
LCS00007520,U0007520,2026-08-28,沉默用户,10,15,0.57
LCS00007521,U0007521,2026-08-28,活跃用户,14,7,0.2241
LCS00007522,U0007522,2026-08-28,流失用户,3,33,0.4351
LCS00007523,U0007523,2026-08-28,沉默用户,5,29,0.5528
LCS00007524,U0007524,2026-08-28,活跃用户,5,6,0.3445
LCS00007525,U0007525,2026-08-28,沉默用户,4,10,0.4517
LCS00007526,U0007526,2026-08-28,流失用户,2,45,0.0571
LCS00007527,U0007527,2026-08-28,流失用户,4,86,0.1629
LCS00007528,U0007528,2026-08-28,活跃用户,13,1,0.4464
LCS00007529,U0007529,2026-08-28,沉默用户,4,8,0.2882
LCS00007530,U0007530,2026-08-28,沉默用户,10,11,0.3088
LCS00007531,U0007531,2026-08-28,活跃用户,14,1,0.2903
LCS00007532,U0007532,2026-08-28,沉默用户,5,20,0.3393
LCS00007533,U0007533,2026-08-28,活跃用户,1,0,0.3951
LCS00007534,U0007534,2026-08-28,沉默用户,12,9,0.61
LCS00007535,U0007535,2026-08-28,新用户,7,0,0.3427
LCS00007536,U0007536,2026-08-28,活跃用户,9,5,0.3038
LCS00007537,U0007537,2026-08-28,流失用户,2,172,0.2893
LCS00007538,U0007538,2026-08-28,活跃用户,15,3,0.4681
LCS00007539,U0007539,2026-08-28,活跃用户,7,0,0.4605
LCS00007540,U0007540,2026-08-28,沉默用户,3,10,0.1727
LCS00007541,U0007541,2026-08-28,活跃用户,10,2,0.1769
LCS00007542,U0007542,2026-08-28,沉默用户,3,23,0.2584
LCS00007543,U0007543,2026-08-28,新用户,3,0,0.3891
LCS00007544,U0007544,2026-08-28,活跃用户,13,0,0.2526
LCS00007545,U0007545,2026-08-28,沉默用户,5,11,0.3593
LCS00007546,U0007546,2026-08-28,沉默用户,5,14,0.1808
LCS00007547,U0007547,2026-08-28,沉默用户,11,14,0.27
LCS00007548,U0007548,2026-08-28,流失用户,11,45,0.486
LCS00007549,U0007549,2026-08-28,活跃用户,14,2,0.4643
LCS00007550,U0007550,2026-08-28,活跃用户,8,3,0.4304
LCS00007551,U0007551,2026-08-28,沉默用户,3,17,0.1295
LCS00007552,U0007552,2026-08-28,活跃用户,11,0,0.237
LCS00007553,U0007553,2026-08-28,沉默用户,9,13,0.3177
LCS00007554,U0007554,2026-08-28,流失用户,5,68,0.4678
LCS00007555,U0007555,2026-08-28,活跃用户,12,5,0.4321
LCS00007556,U0007556,2026-08-28,活跃用户,14,0,0.3934
LCS00007557,U0007557,2026-08-28,沉默用户,4,21,0.5258
LCS00007558,U0007558,2026-08-28,活跃用户,9,6,0.1422
LCS00007559,U0007559,2026-08-28,活跃用户,11,0,0.3081
LCS00007560,U0007560,2026-08-28,流失用户,0,142,0.1617
LCS00007561,U0007561,2026-08-28,流失用户,1,142,0.3206
LCS00007562,U0007562,2026-08-28,流失用户,1,192,0.3816
LCS00007563,U0007563,2026-08-28,流失用户,14,34,0.5161
LCS00007564,U0007564,2026-08-28,活跃用户,13,7,0.3937
LCS00007565,U0007565,2026-08-28,活跃用户,9,0,0.4496
LCS00007566,U0007566,2026-08-28,流失用户,5,134,0.3273
LCS00007567,U0007567,2026-08-28,沉默用户,10,14,0.1919
LCS00007568,U0007568,2026-08-28,活跃用户,9,0,0.25
LCS00007569,U0007569,2026-08-28,沉默用户,8,26,0.1889
LCS00007570,U0007570,2026-08-28,活跃用户,15,2,0.371
LCS00007571,U0007571,2026-08-28,流失用户,7,48,0.1952
LCS00007572,U0007572,2026-08-28,活跃用户,14,7,0.3541
LCS00007573,U0007573,2026-08-28,流失用户,3,46,0.2612
LCS00007574,U0007574,2026-08-28,沉默用户,8,13,0.2692
LCS00007575,U0007575,2026-08-28,沉默用户,4,8,0.3732
LCS00007576,U0007576,2026-08-28,沉默用户,13,26,0.6107
LCS00007577,U0007577,2026-08-28,活跃用户,7,0,0.4332
LCS00007578,U0007578,2026-08-28,流失用户,4,107,0.3161
LCS00007579,U0007579,2026-08-28,沉默用户,10,18,0.4383
LCS00007580,U0007580,2026-08-28,活跃用户,9,5,0.3984
LCS00007581,U0007581,2026-08-28,活跃用户,12,0,0.1263
LCS00007582,U0007582,2026-08-28,活跃用户,17,1,0.3235
LCS00007583,U0007583,2026-08-28,沉默用户,6,20,0.05
LCS00007584,U0007584,2026-08-28,流失用户,4,43,0.4216
LCS00007585,U0007585,2026-08-28,活跃用户,9,1,0.5948
LCS00007586,U0007586,2026-08-28,活跃用户,9,1,0.4856
LCS00007587,U0007587,2026-08-28,沉默用户,10,19,0.1543
LCS00007588,U0007588,2026-08-28,流失用户,3,52,0.26
LCS00007589,U0007589,2026-08-28,沉默用户,10,10,0.4481
LCS00007590,U0007590,2026-08-28,活跃用户,14,1,0.3986
LCS00007591,U0007591,2026-08-28,流失用户,7,65,0.1901
LCS00007592,U0007592,2026-08-28,沉默用户,8,25,0.2797
LCS00007593,U0007593,2026-08-28,活跃用户,14,2,0.2816
LCS00007594,U0007594,2026-08-28,流失用户,6,83,0.2914
LCS00007595,U0007595,2026-08-28,活跃用户,2,7,0.1999
LCS00007596,U0007596,2026-08-28,活跃用户,10,0,0.3267
LCS00007597,U0007597,2026-08-28,活跃用户,10,3,0.5549
LCS00007598,U0007598,2026-08-28,流失用户,4,53,0.2174
LCS00007599,U0007599,2026-08-28,活跃用户,13,1,0.2759
LCS00007600,U0007600,2026-08-28,活跃用户,7,0,0.5872
LCS00007601,U0007601,2026-08-28,流失用户,2,112,0.4621
LCS00007602,U0007602,2026-08-28,活跃用户,1,7,0.3602
LCS00007603,U0007603,2026-08-28,活跃用户,5,4,0.3821
LCS00007604,U0007604,2026-08-28,沉默用户,15,8,0.1068
LCS00007605,U0007605,2026-08-28,流失用户,1,59,0.196
LCS00007606,U0007606,2026-08-28,流失用户,10,40,0.5157
LCS00007607,U0007607,2026-08-28,活跃用户,7,0,0.253
LCS00007608,U0007608,2026-08-28,沉默用户,15,27,0.5494
LCS00007609,U0007609,2026-08-28,沉默用户,3,8,0.05
LCS00007610,U0007610,2026-08-28,沉默用户,3,25,0.2398
LCS00007611,U0007611,2026-08-28,活跃用户,15,6,0.457
LCS00007612,U0007612,2026-08-28,流失用户,3,36,0.2055
LCS00007613,U0007613,2026-08-28,活跃用户,13,3,0.555
LCS00007614,U0007614,2026-08-28,流失用户,3,208,0.3944
LCS00007615,U0007615,2026-08-28,流失用户,0,95,0.1503
LCS00007616,U0007616,2026-08-28,沉默用户,12,18,0.3092
LCS00007617,U0007617,2026-08-28,沉默用户,14,20,0.1379
LCS00007618,U0007618,2026-08-28,活跃用户,5,3,0.2015
LCS00007619,U0007619,2026-08-28,活跃用户,6,1,0.4455
LCS00007620,U0007620,2026-08-28,活跃用户,12,2,0.2954
LCS00007621,U0007621,2026-08-28,新用户,5,0,0.391
LCS00007622,U0007622,2026-08-28,新用户,4,0,0.161
LCS00007623,U0007623,2026-08-28,流失用户,0,100,0.309
LCS00007624,U0007624,2026-08-28,流失用户,2,151,0.4443
LCS00007625,U0007625,2026-08-28,沉默用户,12,17,0.1912
LCS00007626,U0007626,2026-08-28,活跃用户,7,6,0.2982
LCS00007627,U0007627,2026-08-28,活跃用户,16,2,0.296
LCS00007628,U0007628,2026-08-28,活跃用户,10,4,0.2268
LCS00007629,U0007629,2026-08-28,流失用户,4,52,0.3547
LCS00007630,U0007630,2026-08-28,新用户,0,0,0.2363
LCS00007631,U0007631,2026-08-28,流失用户,1,52,0.4718
LCS00007632,U0007632,2026-08-28,流失用户,5,56,0.4133
LCS00007633,U0007633,2026-08-28,沉默用户,7,23,0.319
LCS00007634,U0007634,2026-08-28,沉默用户,3,11,0.3417
LCS00007635,U0007635,2026-08-28,沉默用户,15,16,0.2227
LCS00007636,U0007636,2026-08-28,沉默用户,8,8,0.3277
LCS00007637,U0007637,2026-08-28,流失用户,3,62,0.1913
LCS00007638,U0007638,2026-08-28,沉默用户,11,8,0.5446
LCS00007639,U0007639,2026-08-28,流失用户,2,44,0.2715
LCS00007640,U0007640,2026-08-28,活跃用户,6,1,0.3696
LCS00007641,U0007641,2026-08-28,活跃用户,8,5,0.2319
LCS00007642,U0007642,2026-08-28,活跃用户,14,2,0.2666
LCS00007643,U0007643,2026-08-28,沉默用户,13,25,0.1453
LCS00007644,U0007644,2026-08-28,活跃用户,14,0,0.4356
LCS00007645,U0007645,2026-08-28,活跃用户,15,0,0.5545
LCS00007646,U0007646,2026-08-28,活跃用户,8,1,0.306
LCS00007647,U0007647,2026-08-28,沉默用户,3,29,0.4346
LCS00007648,U0007648,2026-08-28,沉默用户,13,9,0.3533
LCS00007649,U0007649,2026-08-28,活跃用户,15,3,0.2258
LCS00007650,U0007650,2026-08-28,活跃用户,2,1,0.1417
LCS00007651,U0007651,2026-08-28,新用户,2,0,0.3141
LCS00007652,U0007652,2026-08-28,沉默用户,7,23,0.305
LCS00007653,U0007653,2026-08-28,流失用户,5,31,0.3913
LCS00007654,U0007654,2026-08-28,活跃用户,5,1,0.2238
LCS00007655,U0007655,2026-08-28,沉默用户,7,20,0.2951
LCS00007656,U0007656,2026-08-28,沉默用户,5,12,0.3555
LCS00007657,U0007657,2026-08-28,活跃用户,13,6,0.3684
LCS00007658,U0007658,2026-08-28,活跃用户,9,0,0.2296
LCS00007659,U0007659,2026-08-28,沉默用户,3,11,0.2686
LCS00007660,U0007660,2026-08-28,流失用户,1,183,0.2902
LCS00007661,U0007661,2026-08-28,沉默用户,11,19,0.1386
LCS00007662,U0007662,2026-08-28,流失用户,3,40,0.1883
LCS00007663,U0007663,2026-08-28,沉默用户,5,10,0.1518
LCS00007664,U0007664,2026-08-28,流失用户,2,191,0.4064
LCS00007665,U0007665,2026-08-28,活跃用户,3,7,0.1726
LCS00007666,U0007666,2026-08-28,活跃用户,12,3,0.2394
LCS00007667,U0007667,2026-08-28,流失用户,5,64,0.4217
LCS00007668,U0007668,2026-08-28,活跃用户,7,3,0.2642
LCS00007669,U0007669,2026-08-28,流失用户,0,182,0.4346
LCS00007670,U0007670,2026-08-28,沉默用户,12,9,0.2132
LCS00007671,U0007671,2026-08-28,活跃用户,10,6,0.2776
LCS00007672,U0007672,2026-08-28,沉默用户,1,27,0.1562
LCS00007673,U0007673,2026-08-28,沉默用户,16,14,0.5726
LCS00007674,U0007674,2026-08-28,沉默用户,11,25,0.2935
LCS00007675,U0007675,2026-08-28,流失用户,6,112,0.3696
LCS00007676,U0007676,2026-08-28,活跃用户,10,3,0.3768
LCS00007677,U0007677,2026-08-28,活跃用户,10,3,0.2035
LCS00007678,U0007678,2026-08-28,流失用户,11,42,0.3071
LCS00007679,U0007679,2026-08-28,沉默用户,4,14,0.2979
LCS00007680,U0007680,2026-08-28,活跃用户,14,5,0.3125
LCS00007681,U0007681,2026-08-28,流失用户,2,159,0.3041
LCS00007682,U0007682,2026-08-28,流失用户,1,70,0.1217
LCS00007683,U0007683,2026-08-28,沉默用户,7,12,0.3043
LCS00007684,U0007684,2026-08-28,沉默用户,7,19,0.2606
LCS00007685,U0007685,2026-08-28,活跃用户,8,7,0.2671
LCS00007686,U0007686,2026-08-28,活跃用户,11,3,0.4331
LCS00007687,U0007687,2026-08-28,活跃用户,4,1,0.3651
LCS00007688,U0007688,2026-08-28,沉默用户,8,22,0.3316
LCS00007689,U0007689,2026-08-28,流失用户,2,104,0.3614
LCS00007690,U0007690,2026-08-28,沉默用户,14,22,0.05
LCS00007691,U0007691,2026-08-28,活跃用户,10,0,0.2793
LCS00007692,U0007692,2026-08-28,活跃用户,12,2,0.3313
LCS00007693,U0007693,2026-08-28,沉默用户,8,18,0.4105
LCS00007694,U0007694,2026-08-28,沉默用户,15,22,0.2348
LCS00007695,U0007695,2026-08-28,沉默用户,14,23,0.4126
LCS00007696,U0007696,2026-08-28,沉默用户,4,26,0.3326
LCS00007697,U0007697,2026-08-28,活跃用户,4,4,0.6281
LCS00007698,U0007698,2026-08-28,流失用户,3,32,0.4825
LCS00007699,U0007699,2026-08-28,沉默用户,4,24,0.2289
LCS00007700,U0007700,2026-08-28,活跃用户,10,5,0.2569
LCS00007701,U0007701,2026-08-28,沉默用户,5,26,0.3421
LCS00007702,U0007702,2026-08-28,流失用户,4,33,0.2065
LCS00007703,U0007703,2026-08-28,新用户,3,0,0.3964
LCS00007704,U0007704,2026-08-28,活跃用户,15,2,0.1149
LCS00007705,U0007705,2026-08-28,流失用户,4,91,0.3231
LCS00007706,U0007706,2026-08-28,活跃用户,5,6,0.05
LCS00007707,U0007707,2026-08-28,活跃用户,9,0,0.3882
LCS00007708,U0007708,2026-08-28,流失用户,2,116,0.3761
LCS00007709,U0007709,2026-08-28,流失用户,1,194,0.3571
LCS00007710,U0007710,2026-08-28,活跃用户,5,7,0.285
LCS00007711,U0007711,2026-08-28,沉默用户,4,19,0.1671
LCS00007712,U0007712,2026-08-28,流失用户,1,67,0.2476
LCS00007713,U0007713,2026-08-28,沉默用户,11,8,0.0527
LCS00007714,U0007714,2026-08-28,沉默用户,1,17,0.1992
LCS00007715,U0007715,2026-08-28,活跃用户,14,0,0.3028
LCS00007716,U0007716,2026-08-28,活跃用户,11,7,0.05
LCS00007717,U0007717,2026-08-28,沉默用户,12,22,0.2225
LCS00007718,U0007718,2026-08-28,流失用户,9,34,0.1862
LCS00007719,U0007719,2026-08-28,流失用户,15,39,0.1131
LCS00007720,U0007720,2026-08-28,沉默用户,13,23,0.5223
LCS00007721,U0007721,2026-08-28,流失用户,7,32,0.1749
LCS00007722,U0007722,2026-08-28,流失用户,0,151,0.3088
LCS00007723,U0007723,2026-08-28,沉默用户,5,17,0.183
LCS00007724,U0007724,2026-08-28,活跃用户,15,2,0.3834
LCS00007725,U0007725,2026-08-28,活跃用户,3,2,0.2558
LCS00007726,U0007726,2026-08-28,沉默用户,11,12,0.3823
LCS00007727,U0007727,2026-08-28,流失用户,5,119,0.2079
LCS00007728,U0007728,2026-08-28,活跃用户,6,2,0.1324
LCS00007729,U0007729,2026-08-28,活跃用户,11,7,0.404
LCS00007730,U0007730,2026-08-28,活跃用户,7,1,0.231
LCS00007731,U0007731,2026-08-28,流失用户,4,60,0.3348
LCS00007732,U0007732,2026-08-28,流失用户,1,231,0.1275
LCS00007733,U0007733,2026-08-28,沉默用户,13,11,0.2451
LCS00007734,U0007734,2026-08-28,沉默用户,17,11,0.6533
LCS00007735,U0007735,2026-08-28,沉默用户,5,8,0.3889
LCS00007736,U0007736,2026-08-28,沉默用户,6,24,0.3259
LCS00007737,U0007737,2026-08-28,流失用户,3,50,0.1218
LCS00007738,U0007738,2026-08-28,沉默用户,11,8,0.05
LCS00007739,U0007739,2026-08-28,活跃用户,11,1,0.05
LCS00007740,U0007740,2026-08-28,沉默用户,10,13,0.1646
LCS00007741,U0007741,2026-08-28,沉默用户,10,20,0.4421
LCS00007742,U0007742,2026-08-28,活跃用户,7,0,0.4182
LCS00007743,U0007743,2026-08-28,活跃用户,14,0,0.5339
LCS00007744,U0007744,2026-08-28,沉默用户,3,19,0.2008
LCS00007745,U0007745,2026-08-28,活跃用户,13,1,0.4858
LCS00007746,U0007746,2026-08-28,流失用户,2,132,0.3935
LCS00007747,U0007747,2026-08-28,活跃用户,13,4,0.4253
LCS00007748,U0007748,2026-08-28,活跃用户,15,2,0.1476
LCS00007749,U0007749,2026-08-28,活跃用户,13,7,0.3948
LCS00007750,U0007750,2026-08-28,活跃用户,5,5,0.482
LCS00007751,U0007751,2026-08-28,流失用户,7,67,0.3605
LCS00007752,U0007752,2026-08-28,沉默用户,8,15,0.2939
LCS00007753,U0007753,2026-08-28,流失用户,3,224,0.6213
LCS00007754,U0007754,2026-08-28,流失用户,0,190,0.2731
LCS00007755,U0007755,2026-08-28,活跃用户,7,2,0.502
LCS00007756,U0007756,2026-08-28,流失用户,6,48,0.1704
LCS00007757,U0007757,2026-08-28,流失用户,10,46,0.4307
LCS00007758,U0007758,2026-08-28,流失用户,10,36,0.05
LCS00007759,U0007759,2026-08-28,活跃用户,7,6,0.1738
LCS00007760,U0007760,2026-08-28,沉默用户,9,15,0.5241
LCS00007761,U0007761,2026-08-28,活跃用户,14,5,0.3129
LCS00007762,U0007762,2026-08-28,活跃用户,1,3,0.05
LCS00007763,U0007763,2026-08-28,流失用户,3,127,0.1466
LCS00007764,U0007764,2026-08-28,沉默用户,10,12,0.5817
LCS00007765,U0007765,2026-08-28,活跃用户,10,0,0.3696
LCS00007766,U0007766,2026-08-28,活跃用户,7,4,0.3666
LCS00007767,U0007767,2026-08-28,流失用户,10,37,0.2922
LCS00007768,U0007768,2026-08-28,活跃用户,11,2,0.4352
LCS00007769,U0007769,2026-08-28,流失用户,4,98,0.5393
LCS00007770,U0007770,2026-08-28,活跃用户,13,6,0.1794
LCS00007771,U0007771,2026-08-28,活跃用户,5,4,0.321
LCS00007772,U0007772,2026-08-28,活跃用户,8,0,0.3168
LCS00007773,U0007773,2026-08-28,沉默用户,9,12,0.4398
LCS00007774,U0007774,2026-08-28,沉默用户,3,20,0.463
LCS00007775,U0007775,2026-08-28,流失用户,2,62,0.1752
LCS00007776,U0007776,2026-08-28,沉默用户,13,10,0.05
LCS00007777,U0007777,2026-08-28,沉默用户,3,12,0.4848
LCS00007778,U0007778,2026-08-28,沉默用户,7,29,0.124
LCS00007779,U0007779,2026-08-28,沉默用户,4,13,0.361
LCS00007780,U0007780,2026-08-28,活跃用户,15,3,0.3068
LCS00007781,U0007781,2026-08-28,活跃用户,3,7,0.2662
LCS00007782,U0007782,2026-08-28,活跃用户,8,2,0.17
LCS00007783,U0007783,2026-08-28,沉默用户,11,8,0.5222
LCS00007784,U0007784,2026-08-28,流失用户,2,185,0.1446
LCS00007785,U0007785,2026-08-28,活跃用户,9,7,0.304
LCS00007786,U0007786,2026-08-28,活跃用户,1,7,0.2382
LCS00007787,U0007787,2026-08-28,活跃用户,15,4,0.315
LCS00007788,U0007788,2026-08-28,沉默用户,10,8,0.3402
LCS00007789,U0007789,2026-08-28,流失用户,12,56,0.6344
LCS00007790,U0007790,2026-08-28,流失用户,0,35,0.2025
LCS00007791,U0007791,2026-08-28,流失用户,1,151,0.2064
LCS00007792,U0007792,2026-08-28,流失用户,1,164,0.2141
LCS00007793,U0007793,2026-08-28,流失用户,5,58,0.3385
LCS00007794,U0007794,2026-08-28,活跃用户,3,1,0.2198
LCS00007795,U0007795,2026-08-28,活跃用户,12,2,0.5376
LCS00007796,U0007796,2026-08-28,活跃用户,5,5,0.3044
LCS00007797,U0007797,2026-08-28,流失用户,1,34,0.05
LCS00007798,U0007798,2026-08-28,流失用户,4,105,0.4172
LCS00007799,U0007799,2026-08-28,流失用户,4,91,0.3479
LCS00007800,U0007800,2026-08-28,活跃用户,6,4,0.3339
LCS00007801,U0007801,2026-08-28,活跃用户,11,7,0.346
LCS00007802,U0007802,2026-08-28,流失用户,7,31,0.1587
LCS00007803,U0007803,2026-08-28,活跃用户,13,2,0.3258
LCS00007804,U0007804,2026-08-28,活跃用户,6,5,0.2344
LCS00007805,U0007805,2026-08-28,活跃用户,6,0,0.3902
LCS00007806,U0007806,2026-08-28,沉默用户,11,11,0.2726
LCS00007807,U0007807,2026-08-28,活跃用户,14,1,0.1093
LCS00007808,U0007808,2026-08-28,活跃用户,5,4,0.2997
LCS00007809,U0007809,2026-08-28,沉默用户,11,21,0.123
LCS00007810,U0007810,2026-08-28,新用户,3,0,0.4159
LCS00007811,U0007811,2026-08-28,沉默用户,7,24,0.2767
LCS00007812,U0007812,2026-08-28,流失用户,6,35,0.4045
LCS00007813,U0007813,2026-08-28,流失用户,7,66,0.2624
LCS00007814,U0007814,2026-08-28,活跃用户,7,2,0.2855
LCS00007815,U0007815,2026-08-28,活跃用户,8,1,0.4699
LCS00007816,U0007816,2026-08-28,沉默用户,5,12,0.2588
LCS00007817,U0007817,2026-08-28,活跃用户,2,4,0.1169
LCS00007818,U0007818,2026-08-28,沉默用户,12,11,0.2232
LCS00007819,U0007819,2026-08-28,流失用户,1,169,0.2783
LCS00007820,U0007820,2026-08-28,流失用户,5,32,0.2814
LCS00007821,U0007821,2026-08-28,沉默用户,6,22,0.3087
LCS00007822,U0007822,2026-08-28,沉默用户,17,9,0.4335
LCS00007823,U0007823,2026-08-28,沉默用户,14,10,0.4438
LCS00007824,U0007824,2026-08-28,活跃用户,6,3,0.3056
LCS00007825,U0007825,2026-08-28,活跃用户,13,4,0.7081
LCS00007826,U0007826,2026-08-28,流失用户,5,50,0.3165
LCS00007827,U0007827,2026-08-28,活跃用户,7,1,0.2416
LCS00007828,U0007828,2026-08-28,沉默用户,17,10,0.3762
LCS00007829,U0007829,2026-08-28,沉默用户,8,20,0.2737
LCS00007830,U0007830,2026-08-28,沉默用户,3,16,0.2213
LCS00007831,U0007831,2026-08-28,活跃用户,9,0,0.2586
LCS00007832,U0007832,2026-08-28,活跃用户,14,1,0.4485
LCS00007833,U0007833,2026-08-28,沉默用户,5,22,0.4246
LCS00007834,U0007834,2026-08-28,沉默用户,9,22,0.1074
LCS00007835,U0007835,2026-08-28,沉默用户,1,10,0.4135
LCS00007836,U0007836,2026-08-28,流失用户,2,40,0.1662
LCS00007837,U0007837,2026-08-28,活跃用户,5,6,0.5257
LCS00007838,U0007838,2026-08-28,活跃用户,17,4,0.5264
LCS00007839,U0007839,2026-08-28,沉默用户,11,24,0.3631
LCS00007840,U0007840,2026-08-28,沉默用户,17,14,0.3057
LCS00007841,U0007841,2026-08-28,流失用户,9,37,0.3719
LCS00007842,U0007842,2026-08-28,沉默用户,7,10,0.2326
LCS00007843,U0007843,2026-08-28,活跃用户,2,0,0.2522
LCS00007844,U0007844,2026-08-28,沉默用户,12,14,0.1446
LCS00007845,U0007845,2026-08-28,流失用户,5,58,0.4703
LCS00007846,U0007846,2026-08-28,新用户,7,0,0.5642
LCS00007847,U0007847,2026-08-28,流失用户,5,48,0.3392
LCS00007848,U0007848,2026-08-28,活跃用户,8,4,0.2303
LCS00007849,U0007849,2026-08-28,活跃用户,13,4,0.3569
LCS00007850,U0007850,2026-08-28,流失用户,2,140,0.3868
LCS00007851,U0007851,2026-08-28,活跃用户,3,1,0.1415
LCS00007852,U0007852,2026-08-28,活跃用户,1,5,0.2586
LCS00007853,U0007853,2026-08-28,沉默用户,3,21,0.0785
LCS00007854,U0007854,2026-08-28,沉默用户,9,14,0.3468
LCS00007855,U0007855,2026-08-28,活跃用户,14,2,0.3038
LCS00007856,U0007856,2026-08-28,沉默用户,3,18,0.2092
LCS00007857,U0007857,2026-08-28,沉默用户,13,8,0.3773
LCS00007858,U0007858,2026-08-28,流失用户,4,35,0.419
LCS00007859,U0007859,2026-08-28,流失用户,13,61,0.3232
LCS00007860,U0007860,2026-08-28,活跃用户,18,6,0.4765
LCS00007861,U0007861,2026-08-28,活跃用户,7,0,0.5418
LCS00007862,U0007862,2026-08-28,沉默用户,7,16,0.2937
LCS00007863,U0007863,2026-08-28,活跃用户,6,2,0.396
LCS00007864,U0007864,2026-08-28,活跃用户,3,3,0.05
LCS00007865,U0007865,2026-08-28,流失用户,0,116,0.1965
LCS00007866,U0007866,2026-08-28,沉默用户,13,12,0.4095
LCS00007867,U0007867,2026-08-28,流失用户,7,31,0.4327
LCS00007868,U0007868,2026-08-28,新用户,3,0,0.3321
LCS00007869,U0007869,2026-08-28,活跃用户,12,0,0.2734
LCS00007870,U0007870,2026-08-28,沉默用户,3,13,0.1137
LCS00007871,U0007871,2026-08-28,沉默用户,3,30,0.3311
LCS00007872,U0007872,2026-08-28,沉默用户,6,13,0.2885
LCS00007873,U0007873,2026-08-28,活跃用户,7,2,0.5507
LCS00007874,U0007874,2026-08-28,新用户,2,2,0.3476
LCS00007875,U0007875,2026-08-28,流失用户,3,135,0.1842
LCS00007876,U0007876,2026-08-28,流失用户,2,83,0.3257
LCS00007877,U0007877,2026-08-28,流失用户,1,31,0.1328
LCS00007878,U0007878,2026-08-28,活跃用户,13,4,0.5617
LCS00007879,U0007879,2026-08-28,流失用户,2,43,0.3298
LCS00007880,U0007880,2026-08-28,新用户,2,0,0.4052
LCS00007881,U0007881,2026-08-28,活跃用户,10,6,0.3466
LCS00007882,U0007882,2026-08-28,流失用户,6,63,0.5218
LCS00007883,U0007883,2026-08-28,活跃用户,9,0,0.3305
LCS00007884,U0007884,2026-08-28,活跃用户,11,4,0.4016
LCS00007885,U0007885,2026-08-28,流失用户,10,83,0.2363
LCS00007886,U0007886,2026-08-28,流失用户,10,39,0.2988
LCS00007887,U0007887,2026-08-28,活跃用户,14,2,0.385
LCS00007888,U0007888,2026-08-28,流失用户,2,35,0.0645
LCS00007889,U0007889,2026-08-28,活跃用户,5,2,0.3219
LCS00007890,U0007890,2026-08-28,活跃用户,2,5,0.7047
LCS00007891,U0007891,2026-08-28,沉默用户,10,19,0.3815
LCS00007892,U0007892,2026-08-28,沉默用户,2,27,0.05
LCS00007893,U0007893,2026-08-28,活跃用户,13,7,0.2273
LCS00007894,U0007894,2026-08-28,流失用户,4,43,0.5272
LCS00007895,U0007895,2026-08-28,活跃用户,17,6,0.4032
LCS00007896,U0007896,2026-08-28,活跃用户,9,3,0.3282
LCS00007897,U0007897,2026-08-28,流失用户,2,54,0.2312
LCS00007898,U0007898,2026-08-28,新用户,2,0,0.0973
LCS00007899,U0007899,2026-08-28,沉默用户,12,14,0.3524
LCS00007900,U0007900,2026-08-28,活跃用户,13,4,0.3181
LCS00007901,U0007901,2026-08-28,沉默用户,4,20,0.3332
LCS00007902,U0007902,2026-08-28,活跃用户,7,3,0.5701
LCS00007903,U0007903,2026-08-28,活跃用户,6,2,0.2747
LCS00007904,U0007904,2026-08-28,沉默用户,5,20,0.459
LCS00007905,U0007905,2026-08-28,沉默用户,8,19,0.1064
LCS00007906,U0007906,2026-08-28,活跃用户,13,2,0.5398
LCS00007907,U0007907,2026-08-28,沉默用户,2,12,0.3281
LCS00007908,U0007908,2026-08-28,活跃用户,4,4,0.485
LCS00007909,U0007909,2026-08-28,流失用户,1,177,0.1829
LCS00007910,U0007910,2026-08-28,流失用户,5,35,0.4085
LCS00007911,U0007911,2026-08-28,活跃用户,2,3,0.1015
LCS00007912,U0007912,2026-08-28,活跃用户,8,2,0.1744
LCS00007913,U0007913,2026-08-28,活跃用户,15,7,0.6142
LCS00007914,U0007914,2026-08-28,活跃用户,13,1,0.492
LCS00007915,U0007915,2026-08-28,流失用户,1,33,0.05
LCS00007916,U0007916,2026-08-28,流失用户,3,89,0.2289
LCS00007917,U0007917,2026-08-28,沉默用户,2,24,0.1894
LCS00007918,U0007918,2026-08-28,沉默用户,11,16,0.5678
LCS00007919,U0007919,2026-08-28,活跃用户,8,2,0.05
LCS00007920,U0007920,2026-08-28,流失用户,5,82,0.3895
LCS00007921,U0007921,2026-08-28,活跃用户,11,1,0.2593
LCS00007922,U0007922,2026-08-28,活跃用户,13,3,0.4621
LCS00007923,U0007923,2026-08-28,流失用户,7,70,0.2772
LCS00007924,U0007924,2026-08-28,流失用户,6,53,0.3719
LCS00007925,U0007925,2026-08-28,流失用户,2,34,0.11
LCS00007926,U0007926,2026-08-28,活跃用户,11,1,0.4901
LCS00007927,U0007927,2026-08-28,活跃用户,11,1,0.4301
LCS00007928,U0007928,2026-08-28,流失用户,7,37,0.2438
LCS00007929,U0007929,2026-08-28,活跃用户,13,5,0.2987
LCS00007930,U0007930,2026-08-28,沉默用户,6,10,0.3498
LCS00007931,U0007931,2026-08-28,沉默用户,13,8,0.05
LCS00007932,U0007932,2026-08-28,活跃用户,5,7,0.3896
LCS00007933,U0007933,2026-08-28,活跃用户,6,1,0.2678
LCS00007934,U0007934,2026-08-28,活跃用户,6,5,0.2753
LCS00007935,U0007935,2026-08-28,沉默用户,17,18,0.4836
LCS00007936,U0007936,2026-08-28,流失用户,6,105,0.4874
LCS00007937,U0007937,2026-08-28,沉默用户,17,26,0.5406
LCS00007938,U0007938,2026-08-28,活跃用户,7,1,0.1863
LCS00007939,U0007939,2026-08-28,活跃用户,11,2,0.0817
LCS00007940,U0007940,2026-08-28,活跃用户,3,1,0.5206
LCS00007941,U0007941,2026-08-28,沉默用户,5,21,0.4367
LCS00007942,U0007942,2026-08-28,沉默用户,5,9,0.1657
LCS00007943,U0007943,2026-08-28,流失用户,3,32,0.2982
LCS00007944,U0007944,2026-08-28,新用户,2,3,0.5634
LCS00007945,U0007945,2026-08-28,流失用户,5,32,0.1802
LCS00007946,U0007946,2026-08-28,沉默用户,4,29,0.3541
LCS00007947,U0007947,2026-08-28,沉默用户,3,29,0.372
LCS00007948,U0007948,2026-08-28,流失用户,5,123,0.3615
LCS00007949,U0007949,2026-08-28,流失用户,4,68,0.3802
LCS00007950,U0007950,2026-08-28,沉默用户,8,14,0.32
LCS00007951,U0007951,2026-08-28,流失用户,5,167,0.413
LCS00007952,U0007952,2026-08-28,新用户,3,0,0.4597
LCS00007953,U0007953,2026-08-28,流失用户,1,58,0.1458
LCS00007954,U0007954,2026-08-28,活跃用户,6,2,0.1698
LCS00007955,U0007955,2026-08-28,流失用户,5,53,0.2395
LCS00007956,U0007956,2026-08-28,新用户,1,4,0.2099
LCS00007957,U0007957,2026-08-28,活跃用户,18,0,0.3783
LCS00007958,U0007958,2026-08-28,流失用户,6,31,0.335
LCS00007959,U0007959,2026-08-28,流失用户,4,55,0.3505
LCS00007960,U0007960,2026-08-28,活跃用户,14,1,0.3084
LCS00007961,U0007961,2026-08-28,沉默用户,5,13,0.0865
LCS00007962,U0007962,2026-08-28,流失用户,3,36,0.3502
LCS00007963,U0007963,2026-08-28,流失用户,4,62,0.2197
LCS00007964,U0007964,2026-08-28,流失用户,4,31,0.2332
LCS00007965,U0007965,2026-08-28,活跃用户,10,5,0.3179
LCS00007966,U0007966,2026-08-28,活跃用户,2,3,0.3811
LCS00007967,U0007967,2026-08-28,沉默用户,13,10,0.4856
LCS00007968,U0007968,2026-08-28,沉默用户,14,22,0.5567
LCS00007969,U0007969,2026-08-28,流失用户,5,40,0.2003
LCS00007970,U0007970,2026-08-28,沉默用户,9,11,0.3815
LCS00007971,U0007971,2026-08-28,流失用户,4,51,0.1201
LCS00007972,U0007972,2026-08-28,活跃用户,10,2,0.4368
LCS00007973,U0007973,2026-08-28,活跃用户,14,1,0.331
LCS00007974,U0007974,2026-08-28,沉默用户,14,10,0.2943
LCS00007975,U0007975,2026-08-28,沉默用户,3,28,0.2443
LCS00007976,U0007976,2026-08-28,沉默用户,7,23,0.386
LCS00007977,U0007977,2026-08-28,沉默用户,16,12,0.447
LCS00007978,U0007978,2026-08-28,活跃用户,9,6,0.2256
LCS00007979,U0007979,2026-08-28,活跃用户,14,0,0.4109
LCS00007980,U0007980,2026-08-28,活跃用户,8,0,0.2995
LCS00007981,U0007981,2026-08-28,流失用户,1,32,0.3194
LCS00007982,U0007982,2026-08-28,沉默用户,14,14,0.1207
LCS00007983,U0007983,2026-08-28,流失用户,4,37,0.2814
LCS00007984,U0007984,2026-08-28,新用户,4,0,0.4156
LCS00007985,U0007985,2026-08-28,活跃用户,3,4,0.519
LCS00007986,U0007986,2026-08-28,沉默用户,4,22,0.4638
LCS00007987,U0007987,2026-08-28,活跃用户,9,5,0.2603
LCS00007988,U0007988,2026-08-28,沉默用户,5,12,0.1852
LCS00007989,U0007989,2026-08-28,活跃用户,14,2,0.2546
LCS00007990,U0007990,2026-08-28,沉默用户,5,24,0.1783
LCS00007991,U0007991,2026-08-28,活跃用户,13,5,0.3554
LCS00007992,U0007992,2026-08-28,活跃用户,5,4,0.1446
LCS00007993,U0007993,2026-08-28,活跃用户,9,4,0.36
LCS00007994,U0007994,2026-08-28,活跃用户,15,6,0.3627
LCS00007995,U0007995,2026-08-28,沉默用户,5,14,0.4795
LCS00007996,U0007996,2026-08-28,流失用户,6,35,0.3362
LCS00007997,U0007997,2026-08-28,流失用户,10,71,0.3456
LCS00007998,U0007998,2026-08-28,沉默用户,12,11,0.2805
LCS00007999,U0007999,2026-08-28,流失用户,7,32,0.3659
LCS00008000,U0008000,2026-08-28,沉默用户,3,14,0.3738
LCS00008001,U0008001,2026-08-28,活跃用户,5,0,0.2169
LCS00008002,U0008002,2026-08-28,流失用户,1,121,0.3575
LCS00008003,U0008003,2026-08-28,沉默用户,10,10,0.0978
LCS00008004,U0008004,2026-08-28,流失用户,3,52,0.2342
LCS00008005,U0008005,2026-08-28,流失用户,1,112,0.276
LCS00008006,U0008006,2026-08-28,流失用户,2,62,0.2772
LCS00008007,U0008007,2026-08-28,活跃用户,2,5,0.2595
LCS00008008,U0008008,2026-08-28,沉默用户,5,24,0.1906
LCS00008009,U0008009,2026-08-28,流失用户,3,65,0.1891
LCS00008010,U0008010,2026-08-28,沉默用户,3,8,0.0544
LCS00008011,U0008011,2026-08-28,沉默用户,6,9,0.0513
LCS00008012,U0008012,2026-08-28,流失用户,2,57,0.1634
LCS00008013,U0008013,2026-08-28,活跃用户,9,5,0.2234
LCS00008014,U0008014,2026-08-28,流失用户,2,161,0.4059
LCS00008015,U0008015,2026-08-28,流失用户,1,188,0.3386
LCS00008016,U0008016,2026-08-28,沉默用户,5,17,0.5074
LCS00008017,U0008017,2026-08-28,活跃用户,7,0,0.3307
LCS00008018,U0008018,2026-08-28,沉默用户,15,12,0.1986
LCS00008019,U0008019,2026-08-28,活跃用户,7,0,0.05
LCS00008020,U0008020,2026-08-28,沉默用户,16,9,0.57
LCS00008021,U0008021,2026-08-28,流失用户,5,45,0.6314
LCS00008022,U0008022,2026-08-28,沉默用户,10,17,0.4398
LCS00008023,U0008023,2026-08-28,活跃用户,11,2,0.389
LCS00008024,U0008024,2026-08-28,流失用户,4,63,0.453
LCS00008025,U0008025,2026-08-28,沉默用户,14,25,0.2745
LCS00008026,U0008026,2026-08-28,流失用户,1,76,0.0747
LCS00008027,U0008027,2026-08-28,流失用户,4,72,0.4772
LCS00008028,U0008028,2026-08-28,活跃用户,5,6,0.579
LCS00008029,U0008029,2026-08-28,流失用户,1,188,0.3284
LCS00008030,U0008030,2026-08-28,沉默用户,14,15,0.3499
LCS00008031,U0008031,2026-08-28,活跃用户,2,3,0.2303
LCS00008032,U0008032,2026-08-28,活跃用户,4,2,0.3359
LCS00008033,U0008033,2026-08-28,沉默用户,11,11,0.3271
LCS00008034,U0008034,2026-08-28,流失用户,3,129,0.2987
LCS00008035,U0008035,2026-08-28,沉默用户,12,9,0.4829
LCS00008036,U0008036,2026-08-28,沉默用户,4,12,0.4399
LCS00008037,U0008037,2026-08-28,活跃用户,16,0,0.4351
LCS00008038,U0008038,2026-08-28,活跃用户,3,1,0.4377
LCS00008039,U0008039,2026-08-28,活跃用户,9,0,0.483
LCS00008040,U0008040,2026-08-28,活跃用户,4,2,0.102
LCS00008041,U0008041,2026-08-28,活跃用户,3,2,0.2092
LCS00008042,U0008042,2026-08-28,活跃用户,9,5,0.2633
LCS00008043,U0008043,2026-08-28,流失用户,4,126,0.3786
LCS00008044,U0008044,2026-08-28,沉默用户,11,15,0.2578
LCS00008045,U0008045,2026-08-28,沉默用户,2,13,0.2531
LCS00008046,U0008046,2026-08-28,沉默用户,3,24,0.0904
LCS00008047,U0008047,2026-08-28,活跃用户,3,2,0.3328
LCS00008048,U0008048,2026-08-28,沉默用户,4,21,0.0693
LCS00008049,U0008049,2026-08-28,流失用户,3,105,0.4041
LCS00008050,U0008050,2026-08-28,活跃用户,9,1,0.4504
LCS00008051,U0008051,2026-08-28,活跃用户,9,1,0.3161
LCS00008052,U0008052,2026-08-28,活跃用户,7,2,0.1817
LCS00008053,U0008053,2026-08-28,活跃用户,11,2,0.3847
LCS00008054,U0008054,2026-08-28,沉默用户,12,23,0.2851
LCS00008055,U0008055,2026-08-28,活跃用户,3,0,0.3625
LCS00008056,U0008056,2026-08-28,沉默用户,2,21,0.2172
LCS00008057,U0008057,2026-08-28,流失用户,11,31,0.416
LCS00008058,U0008058,2026-08-28,活跃用户,8,0,0.2819
LCS00008059,U0008059,2026-08-28,流失用户,2,92,0.3538
LCS00008060,U0008060,2026-08-28,活跃用户,8,5,0.3471
LCS00008061,U0008061,2026-08-28,沉默用户,7,13,0.4205
LCS00008062,U0008062,2026-08-28,活跃用户,12,1,0.1806
LCS00008063,U0008063,2026-08-28,活跃用户,2,2,0.2455
LCS00008064,U0008064,2026-08-28,新用户,1,2,0.2646
LCS00008065,U0008065,2026-08-28,流失用户,3,58,0.1161
LCS00008066,U0008066,2026-08-28,沉默用户,10,12,0.3401
LCS00008067,U0008067,2026-08-28,活跃用户,3,3,0.4215
LCS00008068,U0008068,2026-08-28,流失用户,4,49,0.2334
LCS00008069,U0008069,2026-08-28,流失用户,1,199,0.3213
LCS00008070,U0008070,2026-08-28,活跃用户,14,0,0.4782
LCS00008071,U0008071,2026-08-28,沉默用户,5,16,0.3274
LCS00008072,U0008072,2026-08-28,沉默用户,7,22,0.3827
LCS00008073,U0008073,2026-08-28,流失用户,5,42,0.2577
LCS00008074,U0008074,2026-08-28,活跃用户,3,0,0.4643
LCS00008075,U0008075,2026-08-28,流失用户,1,213,0.1983
LCS00008076,U0008076,2026-08-28,流失用户,2,224,0.2578
LCS00008077,U0008077,2026-08-28,沉默用户,14,17,0.4526
LCS00008078,U0008078,2026-08-28,活跃用户,9,3,0.2141
LCS00008079,U0008079,2026-08-28,沉默用户,3,29,0.5657
LCS00008080,U0008080,2026-08-28,活跃用户,10,7,0.5759
LCS00008081,U0008081,2026-08-28,沉默用户,10,15,0.5216
LCS00008082,U0008082,2026-08-28,活跃用户,12,0,0.1878
LCS00008083,U0008083,2026-08-28,活跃用户,5,3,0.4439
LCS00008084,U0008084,2026-08-28,活跃用户,12,0,0.322
LCS00008085,U0008085,2026-08-28,新用户,2,0,0.4807
LCS00008086,U0008086,2026-08-28,流失用户,5,67,0.3957
LCS00008087,U0008087,2026-08-28,活跃用户,15,2,0.3593
LCS00008088,U0008088,2026-08-28,活跃用户,15,1,0.4296
LCS00008089,U0008089,2026-08-28,沉默用户,14,27,0.2369
LCS00008090,U0008090,2026-08-28,沉默用户,6,21,0.3438
LCS00008091,U0008091,2026-08-28,沉默用户,10,14,0.1785
LCS00008092,U0008092,2026-08-28,流失用户,12,44,0.223
LCS00008093,U0008093,2026-08-28,活跃用户,16,0,0.2108
LCS00008094,U0008094,2026-08-28,活跃用户,9,0,0.4671
LCS00008095,U0008095,2026-08-28,活跃用户,12,1,0.317
LCS00008096,U0008096,2026-08-28,沉默用户,16,8,0.2713
LCS00008097,U0008097,2026-08-28,沉默用户,5,19,0.4926
LCS00008098,U0008098,2026-08-28,活跃用户,14,5,0.472
LCS00008099,U0008099,2026-08-28,活跃用户,14,2,0.523
LCS00008100,U0008100,2026-08-28,流失用户,0,86,0.2153
LCS00008101,U0008101,2026-08-28,活跃用户,11,1,0.3142
LCS00008102,U0008102,2026-08-28,活跃用户,7,0,0.3795
LCS00008103,U0008103,2026-08-28,流失用户,5,77,0.4445
LCS00008104,U0008104,2026-08-28,流失用户,18,42,0.3701
LCS00008105,U0008105,2026-08-28,活跃用户,16,1,0.3302
LCS00008106,U0008106,2026-08-28,流失用户,6,89,0.4203
LCS00008107,U0008107,2026-08-28,活跃用户,4,2,0.446
LCS00008108,U0008108,2026-08-28,活跃用户,4,6,0.1362
LCS00008109,U0008109,2026-08-28,流失用户,4,102,0.5327
LCS00008110,U0008110,2026-08-28,沉默用户,11,30,0.1829
LCS00008111,U0008111,2026-08-28,活跃用户,7,3,0.3867
LCS00008112,U0008112,2026-08-28,活跃用户,9,3,0.2504
LCS00008113,U0008113,2026-08-28,沉默用户,0,15,0.2408
LCS00008114,U0008114,2026-08-28,活跃用户,8,1,0.5291
LCS00008115,U0008115,2026-08-28,沉默用户,5,24,0.516
LCS00008116,U0008116,2026-08-28,沉默用户,10,18,0.3887
LCS00008117,U0008117,2026-08-28,沉默用户,3,18,0.1947
LCS00008118,U0008118,2026-08-28,活跃用户,18,2,0.309
LCS00008119,U0008119,2026-08-28,活跃用户,13,3,0.4903
LCS00008120,U0008120,2026-08-28,沉默用户,1,28,0.126
LCS00008121,U0008121,2026-08-28,活跃用户,10,1,0.1303
LCS00008122,U0008122,2026-08-28,流失用户,7,32,0.3205
LCS00008123,U0008123,2026-08-28,流失用户,1,56,0.291
LCS00008124,U0008124,2026-08-28,流失用户,3,102,0.05
LCS00008125,U0008125,2026-08-28,沉默用户,5,30,0.6202
LCS00008126,U0008126,2026-08-28,流失用户,5,104,0.3997
LCS00008127,U0008127,2026-08-28,沉默用户,9,16,0.5222
LCS00008128,U0008128,2026-08-28,活跃用户,13,0,0.36
LCS00008129,U0008129,2026-08-28,活跃用户,3,2,0.1321
LCS00008130,U0008130,2026-08-28,活跃用户,15,0,0.3241
LCS00008131,U0008131,2026-08-28,活跃用户,2,3,0.1197
LCS00008132,U0008132,2026-08-28,流失用户,4,60,0.2951
LCS00008133,U0008133,2026-08-28,沉默用户,16,17,0.3091
LCS00008134,U0008134,2026-08-28,活跃用户,13,0,0.3276
LCS00008135,U0008135,2026-08-28,活跃用户,8,1,0.3769
LCS00008136,U0008136,2026-08-28,沉默用户,7,8,0.5352
LCS00008137,U0008137,2026-08-28,活跃用户,15,7,0.353
LCS00008138,U0008138,2026-08-28,活跃用户,4,0,0.413
LCS00008139,U0008139,2026-08-28,活跃用户,9,2,0.2161
LCS00008140,U0008140,2026-08-28,沉默用户,13,10,0.1754
LCS00008141,U0008141,2026-08-28,活跃用户,6,0,0.4611
LCS00008142,U0008142,2026-08-28,活跃用户,14,6,0.347
LCS00008143,U0008143,2026-08-28,流失用户,8,80,0.4352
LCS00008144,U0008144,2026-08-28,流失用户,0,127,0.1605
LCS00008145,U0008145,2026-08-28,活跃用户,11,0,0.3903
LCS00008146,U0008146,2026-08-28,新用户,2,0,0.2237
LCS00008147,U0008147,2026-08-28,沉默用户,2,28,0.3077
LCS00008148,U0008148,2026-08-28,沉默用户,8,19,0.7015
LCS00008149,U0008149,2026-08-28,沉默用户,7,25,0.2697
LCS00008150,U0008150,2026-08-28,沉默用户,3,14,0.1104
LCS00008151,U0008151,2026-08-28,沉默用户,10,9,0.2462
LCS00008152,U0008152,2026-08-28,流失用户,2,102,0.2393
LCS00008153,U0008153,2026-08-28,沉默用户,0,18,0.3042
LCS00008154,U0008154,2026-08-28,活跃用户,3,5,0.2405
LCS00008155,U0008155,2026-08-28,活跃用户,10,4,0.2559
LCS00008156,U0008156,2026-08-28,沉默用户,6,10,0.2189
LCS00008157,U0008157,2026-08-28,沉默用户,9,30,0.4523
LCS00008158,U0008158,2026-08-28,活跃用户,12,0,0.3263
LCS00008159,U0008159,2026-08-28,沉默用户,13,17,0.2217
LCS00008160,U0008160,2026-08-28,活跃用户,6,4,0.2863
LCS00008161,U0008161,2026-08-28,流失用户,1,56,0.2861
LCS00008162,U0008162,2026-08-28,沉默用户,4,25,0.4883
LCS00008163,U0008163,2026-08-28,流失用户,1,48,0.375
LCS00008164,U0008164,2026-08-28,沉默用户,9,8,0.3269
LCS00008165,U0008165,2026-08-28,沉默用户,12,17,0.616
LCS00008166,U0008166,2026-08-28,活跃用户,7,7,0.4265
LCS00008167,U0008167,2026-08-28,活跃用户,9,0,0.2029
LCS00008168,U0008168,2026-08-28,活跃用户,15,0,0.4166
LCS00008169,U0008169,2026-08-28,活跃用户,7,1,0.2502
LCS00008170,U0008170,2026-08-28,流失用户,3,76,0.4382
LCS00008171,U0008171,2026-08-28,流失用户,4,135,0.4701
LCS00008172,U0008172,2026-08-28,沉默用户,15,13,0.1773
LCS00008173,U0008173,2026-08-28,流失用户,3,36,0.3688
LCS00008174,U0008174,2026-08-28,流失用户,6,54,0.058
LCS00008175,U0008175,2026-08-28,流失用户,13,31,0.4942
LCS00008176,U0008176,2026-08-28,活跃用户,3,2,0.2397
LCS00008177,U0008177,2026-08-28,流失用户,3,157,0.5573
LCS00008178,U0008178,2026-08-28,活跃用户,13,4,0.2115
LCS00008179,U0008179,2026-08-28,活跃用户,1,2,0.05
LCS00008180,U0008180,2026-08-28,流失用户,1,69,0.2647
LCS00008181,U0008181,2026-08-28,流失用户,6,74,0.5797
LCS00008182,U0008182,2026-08-28,沉默用户,4,14,0.3692
LCS00008183,U0008183,2026-08-28,活跃用户,13,1,0.4819
LCS00008184,U0008184,2026-08-28,活跃用户,5,2,0.4904
LCS00008185,U0008185,2026-08-28,沉默用户,9,30,0.3867
LCS00008186,U0008186,2026-08-28,沉默用户,15,17,0.1729
LCS00008187,U0008187,2026-08-28,活跃用户,16,1,0.3063
LCS00008188,U0008188,2026-08-28,活跃用户,11,6,0.1941
LCS00008189,U0008189,2026-08-28,流失用户,6,42,0.4531
LCS00008190,U0008190,2026-08-28,流失用户,3,88,0.3505
LCS00008191,U0008191,2026-08-28,沉默用户,14,28,0.3495
LCS00008192,U0008192,2026-08-28,活跃用户,14,7,0.4724
LCS00008193,U0008193,2026-08-28,沉默用户,13,19,0.2827
LCS00008194,U0008194,2026-08-28,新用户,3,0,0.3678
LCS00008195,U0008195,2026-08-28,沉默用户,13,8,0.3519
LCS00008196,U0008196,2026-08-28,新用户,2,0,0.2569
LCS00008197,U0008197,2026-08-28,活跃用户,4,0,0.3176
LCS00008198,U0008198,2026-08-28,沉默用户,2,22,0.1872
LCS00008199,U0008199,2026-08-28,活跃用户,6,7,0.2958
LCS00008200,U0008200,2026-08-28,流失用户,5,138,0.586
LCS00008201,U0008201,2026-08-28,活跃用户,4,6,0.1656
LCS00008202,U0008202,2026-08-28,沉默用户,2,26,0.5151
LCS00008203,U0008203,2026-08-28,沉默用户,8,28,0.4176
LCS00008204,U0008204,2026-08-28,活跃用户,7,6,0.2403
LCS00008205,U0008205,2026-08-28,活跃用户,5,1,0.352
LCS00008206,U0008206,2026-08-28,活跃用户,6,6,0.05
LCS00008207,U0008207,2026-08-28,活跃用户,5,2,0.3531
LCS00008208,U0008208,2026-08-28,沉默用户,5,11,0.2914
LCS00008209,U0008209,2026-08-28,流失用户,1,123,0.3561
LCS00008210,U0008210,2026-08-28,沉默用户,8,29,0.3133
LCS00008211,U0008211,2026-08-28,沉默用户,3,27,0.3392
LCS00008212,U0008212,2026-08-28,活跃用户,5,5,0.05
LCS00008213,U0008213,2026-08-28,活跃用户,9,3,0.2657
LCS00008214,U0008214,2026-08-28,沉默用户,13,13,0.4743
LCS00008215,U0008215,2026-08-28,沉默用户,7,10,0.4765
LCS00008216,U0008216,2026-08-28,活跃用户,9,0,0.4629
LCS00008217,U0008217,2026-08-28,活跃用户,7,3,0.3374
LCS00008218,U0008218,2026-08-28,活跃用户,5,3,0.0814
LCS00008219,U0008219,2026-08-28,流失用户,6,49,0.192
LCS00008220,U0008220,2026-08-28,活跃用户,13,2,0.4087
LCS00008221,U0008221,2026-08-28,流失用户,1,55,0.2531
LCS00008222,U0008222,2026-08-28,沉默用户,4,15,0.4292
LCS00008223,U0008223,2026-08-28,沉默用户,4,13,0.3803
LCS00008224,U0008224,2026-08-28,沉默用户,10,12,0.3571
LCS00008225,U0008225,2026-08-28,活跃用户,14,7,0.3914
LCS00008226,U0008226,2026-08-28,流失用户,4,34,0.3021
LCS00008227,U0008227,2026-08-28,活跃用户,5,1,0.362
LCS00008228,U0008228,2026-08-28,流失用户,5,55,0.1705
LCS00008229,U0008229,2026-08-28,沉默用户,16,21,0.3878
LCS00008230,U0008230,2026-08-28,活跃用户,13,1,0.4591
LCS00008231,U0008231,2026-08-28,沉默用户,11,14,0.3681
LCS00008232,U0008232,2026-08-28,活跃用户,7,5,0.1891
LCS00008233,U0008233,2026-08-28,活跃用户,9,4,0.2514
LCS00008234,U0008234,2026-08-28,活跃用户,2,1,0.1153
LCS00008235,U0008235,2026-08-28,沉默用户,11,20,0.3598
LCS00008236,U0008236,2026-08-28,流失用户,1,137,0.3147
LCS00008237,U0008237,2026-08-28,活跃用户,3,7,0.3596
LCS00008238,U0008238,2026-08-28,流失用户,1,96,0.2387
LCS00008239,U0008239,2026-08-28,活跃用户,13,1,0.3466
LCS00008240,U0008240,2026-08-28,沉默用户,6,13,0.5432
LCS00008241,U0008241,2026-08-28,沉默用户,4,15,0.1388
LCS00008242,U0008242,2026-08-28,活跃用户,7,4,0.2276
LCS00008243,U0008243,2026-08-28,活跃用户,15,5,0.3333
LCS00008244,U0008244,2026-08-28,沉默用户,12,23,0.4242
LCS00008245,U0008245,2026-08-28,新用户,6,0,0.4471
LCS00008246,U0008246,2026-08-28,沉默用户,15,30,0.3275
LCS00008247,U0008247,2026-08-28,沉默用户,4,30,0.357
LCS00008248,U0008248,2026-08-28,沉默用户,6,18,0.1714
LCS00008249,U0008249,2026-08-28,活跃用户,16,0,0.4172
LCS00008250,U0008250,2026-08-28,流失用户,2,177,0.2916
LCS00008251,U0008251,2026-08-28,沉默用户,4,16,0.2958
LCS00008252,U0008252,2026-08-28,沉默用户,7,8,0.4571
LCS00008253,U0008253,2026-08-28,流失用户,5,90,0.3268
LCS00008254,U0008254,2026-08-28,流失用户,3,56,0.2149
LCS00008255,U0008255,2026-08-28,流失用户,7,66,0.2413
LCS00008256,U0008256,2026-08-28,活跃用户,10,1,0.2355
LCS00008257,U0008257,2026-08-28,活跃用户,7,6,0.2396
LCS00008258,U0008258,2026-08-28,沉默用户,4,9,0.3073
LCS00008259,U0008259,2026-08-28,活跃用户,14,5,0.4321
LCS00008260,U0008260,2026-08-28,沉默用户,13,12,0.05
LCS00008261,U0008261,2026-08-28,沉默用户,15,8,0.2387
LCS00008262,U0008262,2026-08-28,活跃用户,3,6,0.4411
LCS00008263,U0008263,2026-08-28,活跃用户,17,4,0.4573
LCS00008264,U0008264,2026-08-28,活跃用户,10,0,0.0813
LCS00008265,U0008265,2026-08-28,沉默用户,16,12,0.3824
LCS00008266,U0008266,2026-08-28,沉默用户,7,22,0.2792
LCS00008267,U0008267,2026-08-28,沉默用户,5,29,0.3345
LCS00008268,U0008268,2026-08-28,活跃用户,15,7,0.1571
LCS00008269,U0008269,2026-08-28,活跃用户,4,3,0.2652
LCS00008270,U0008270,2026-08-28,流失用户,5,97,0.4348
LCS00008271,U0008271,2026-08-28,活跃用户,16,2,0.1713
LCS00008272,U0008272,2026-08-28,活跃用户,9,7,0.4804
LCS00008273,U0008273,2026-08-28,活跃用户,13,0,0.4633
LCS00008274,U0008274,2026-08-28,活跃用户,3,4,0.1699
LCS00008275,U0008275,2026-08-28,流失用户,7,44,0.2691
LCS00008276,U0008276,2026-08-28,流失用户,3,31,0.05
LCS00008277,U0008277,2026-08-28,活跃用户,15,4,0.303
LCS00008278,U0008278,2026-08-28,活跃用户,9,0,0.3582
LCS00008279,U0008279,2026-08-28,活跃用户,14,1,0.5071
LCS00008280,U0008280,2026-08-28,沉默用户,11,12,0.05
LCS00008281,U0008281,2026-08-28,活跃用户,6,1,0.4203
LCS00008282,U0008282,2026-08-28,沉默用户,8,10,0.4601
LCS00008283,U0008283,2026-08-28,流失用户,3,80,0.2205
LCS00008284,U0008284,2026-08-28,沉默用户,14,18,0.4236
LCS00008285,U0008285,2026-08-28,新用户,3,0,0.4461
LCS00008286,U0008286,2026-08-28,活跃用户,3,2,0.3538
LCS00008287,U0008287,2026-08-28,流失用户,10,64,0.6198
LCS00008288,U0008288,2026-08-28,流失用户,5,78,0.2779
LCS00008289,U0008289,2026-08-28,活跃用户,13,2,0.242
LCS00008290,U0008290,2026-08-28,流失用户,1,115,0.1138
LCS00008291,U0008291,2026-08-28,流失用户,3,110,0.1511
LCS00008292,U0008292,2026-08-28,沉默用户,8,12,0.3986
LCS00008293,U0008293,2026-08-28,活跃用户,13,0,0.3509
LCS00008294,U0008294,2026-08-28,沉默用户,8,9,0.2763
LCS00008295,U0008295,2026-08-28,沉默用户,2,13,0.2926
LCS00008296,U0008296,2026-08-28,活跃用户,11,0,0.3613
LCS00008297,U0008297,2026-08-28,流失用户,1,56,0.1311
LCS00008298,U0008298,2026-08-28,沉默用户,16,17,0.5061
LCS00008299,U0008299,2026-08-28,活跃用户,5,3,0.2476
LCS00008300,U0008300,2026-08-28,流失用户,3,73,0.5596
LCS00008301,U0008301,2026-08-28,流失用户,11,35,0.416
LCS00008302,U0008302,2026-08-28,沉默用户,9,11,0.658
LCS00008303,U0008303,2026-08-28,沉默用户,12,23,0.4139
LCS00008304,U0008304,2026-08-28,活跃用户,7,5,0.5948
LCS00008305,U0008305,2026-08-28,沉默用户,15,22,0.5329
LCS00008306,U0008306,2026-08-28,流失用户,2,144,0.1792
LCS00008307,U0008307,2026-08-28,流失用户,13,45,0.2143
LCS00008308,U0008308,2026-08-28,沉默用户,3,26,0.3683
LCS00008309,U0008309,2026-08-28,活跃用户,9,4,0.2332
LCS00008310,U0008310,2026-08-28,流失用户,11,33,0.3909
LCS00008311,U0008311,2026-08-28,沉默用户,11,10,0.3793
LCS00008312,U0008312,2026-08-28,沉默用户,5,27,0.2339
LCS00008313,U0008313,2026-08-28,沉默用户,3,14,0.2563
LCS00008314,U0008314,2026-08-28,活跃用户,4,7,0.2399
LCS00008315,U0008315,2026-08-28,沉默用户,6,16,0.6518
LCS00008316,U0008316,2026-08-28,活跃用户,13,4,0.3546
LCS00008317,U0008317,2026-08-28,沉默用户,6,9,0.1693
LCS00008318,U0008318,2026-08-28,活跃用户,12,3,0.3938
LCS00008319,U0008319,2026-08-28,活跃用户,9,4,0.382
LCS00008320,U0008320,2026-08-28,活跃用户,5,3,0.4925
LCS00008321,U0008321,2026-08-28,活跃用户,8,0,0.3874
LCS00008322,U0008322,2026-08-28,沉默用户,6,21,0.3242
LCS00008323,U0008323,2026-08-28,活跃用户,11,1,0.3024
LCS00008324,U0008324,2026-08-28,活跃用户,8,2,0.3178
LCS00008325,U0008325,2026-08-28,活跃用户,10,4,0.2727
LCS00008326,U0008326,2026-08-28,流失用户,2,50,0.1609
LCS00008327,U0008327,2026-08-28,活跃用户,17,5,0.6166
LCS00008328,U0008328,2026-08-28,流失用户,1,199,0.2764
LCS00008329,U0008329,2026-08-28,流失用户,2,169,0.1126
LCS00008330,U0008330,2026-08-28,活跃用户,6,2,0.299
LCS00008331,U0008331,2026-08-28,流失用户,3,135,0.116
LCS00008332,U0008332,2026-08-28,流失用户,9,48,0.05
LCS00008333,U0008333,2026-08-28,流失用户,1,181,0.3975
LCS00008334,U0008334,2026-08-28,沉默用户,13,9,0.1258
LCS00008335,U0008335,2026-08-28,新用户,2,1,0.1398
LCS00008336,U0008336,2026-08-28,流失用户,2,75,0.1968
LCS00008337,U0008337,2026-08-28,活跃用户,10,3,0.0627
LCS00008338,U0008338,2026-08-28,沉默用户,11,16,0.2512
LCS00008339,U0008339,2026-08-28,沉默用户,2,21,0.2617
LCS00008340,U0008340,2026-08-28,沉默用户,17,12,0.4227
LCS00008341,U0008341,2026-08-28,沉默用户,11,11,0.3662
LCS00008342,U0008342,2026-08-28,沉默用户,3,11,0.2014
LCS00008343,U0008343,2026-08-28,活跃用户,9,4,0.3406
LCS00008344,U0008344,2026-08-28,活跃用户,9,1,0.2046
LCS00008345,U0008345,2026-08-28,活跃用户,5,6,0.134
LCS00008346,U0008346,2026-08-28,沉默用户,8,21,0.2612
LCS00008347,U0008347,2026-08-28,活跃用户,6,7,0.1731
LCS00008348,U0008348,2026-08-28,活跃用户,8,6,0.5133
LCS00008349,U0008349,2026-08-28,新用户,0,0,0.4472
LCS00008350,U0008350,2026-08-28,活跃用户,4,3,0.4893
LCS00008351,U0008351,2026-08-28,活跃用户,7,4,0.2318
LCS00008352,U0008352,2026-08-28,流失用户,4,42,0.1174
LCS00008353,U0008353,2026-08-28,流失用户,0,134,0.4475
LCS00008354,U0008354,2026-08-28,流失用户,5,110,0.2287
LCS00008355,U0008355,2026-08-28,流失用户,1,50,0.1487
LCS00008356,U0008356,2026-08-28,沉默用户,5,14,0.2908
LCS00008357,U0008357,2026-08-28,流失用户,2,36,0.2269
LCS00008358,U0008358,2026-08-28,活跃用户,8,0,0.1466
LCS00008359,U0008359,2026-08-28,流失用户,5,69,0.3426
LCS00008360,U0008360,2026-08-28,沉默用户,2,14,0.5754
LCS00008361,U0008361,2026-08-28,活跃用户,3,3,0.4779
LCS00008362,U0008362,2026-08-28,流失用户,2,58,0.3817
LCS00008363,U0008363,2026-08-28,活跃用户,12,4,0.2941
LCS00008364,U0008364,2026-08-28,沉默用户,5,11,0.4407
LCS00008365,U0008365,2026-08-28,活跃用户,7,0,0.2043
LCS00008366,U0008366,2026-08-28,流失用户,7,90,0.1962
LCS00008367,U0008367,2026-08-28,流失用户,4,157,0.4009
LCS00008368,U0008368,2026-08-28,沉默用户,4,10,0.3395
LCS00008369,U0008369,2026-08-28,沉默用户,5,25,0.238
LCS00008370,U0008370,2026-08-28,活跃用户,2,4,0.1776
LCS00008371,U0008371,2026-08-28,流失用户,16,46,0.5165
LCS00008372,U0008372,2026-08-28,流失用户,5,77,0.1617
LCS00008373,U0008373,2026-08-28,活跃用户,11,6,0.1101
LCS00008374,U0008374,2026-08-28,活跃用户,9,6,0.3616
LCS00008375,U0008375,2026-08-28,流失用户,4,147,0.0843
LCS00008376,U0008376,2026-08-28,沉默用户,15,11,0.2372
LCS00008377,U0008377,2026-08-28,流失用户,4,67,0.4587
LCS00008378,U0008378,2026-08-28,流失用户,2,55,0.2727
LCS00008379,U0008379,2026-08-28,流失用户,2,68,0.1897
LCS00008380,U0008380,2026-08-28,活跃用户,14,1,0.2411
LCS00008381,U0008381,2026-08-28,流失用户,1,187,0.2991
LCS00008382,U0008382,2026-08-28,沉默用户,4,20,0.1441
LCS00008383,U0008383,2026-08-28,沉默用户,5,26,0.4371
LCS00008384,U0008384,2026-08-28,活跃用户,10,0,0.506
LCS00008385,U0008385,2026-08-28,活跃用户,9,1,0.4675
LCS00008386,U0008386,2026-08-28,新用户,2,0,0.2491
LCS00008387,U0008387,2026-08-28,沉默用户,14,12,0.0814
LCS00008388,U0008388,2026-08-28,流失用户,7,74,0.3961
LCS00008389,U0008389,2026-08-28,流失用户,6,37,0.5462
LCS00008390,U0008390,2026-08-28,流失用户,9,36,0.1268
LCS00008391,U0008391,2026-08-28,流失用户,2,54,0.204
LCS00008392,U0008392,2026-08-28,流失用户,2,58,0.3791
LCS00008393,U0008393,2026-08-28,沉默用户,10,14,0.1476
LCS00008394,U0008394,2026-08-28,活跃用户,11,6,0.219
LCS00008395,U0008395,2026-08-28,流失用户,4,47,0.3152
LCS00008396,U0008396,2026-08-28,沉默用户,6,10,0.1869
LCS00008397,U0008397,2026-08-28,活跃用户,1,5,0.1657
LCS00008398,U0008398,2026-08-28,流失用户,2,77,0.1687
LCS00008399,U0008399,2026-08-28,活跃用户,9,2,0.3033
LCS00008400,U0008400,2026-08-28,新用户,4,0,0.311
LCS00008401,U0008401,2026-08-28,流失用户,2,120,0.2824
LCS00008402,U0008402,2026-08-28,沉默用户,18,17,0.3785
LCS00008403,U0008403,2026-08-28,沉默用户,3,12,0.2428
LCS00008404,U0008404,2026-08-28,流失用户,3,48,0.312
LCS00008405,U0008405,2026-08-28,流失用户,5,86,0.3629
LCS00008406,U0008406,2026-08-28,活跃用户,11,1,0.3584
LCS00008407,U0008407,2026-08-28,流失用户,0,159,0.05
LCS00008408,U0008408,2026-08-28,沉默用户,5,14,0.2599
LCS00008409,U0008409,2026-08-28,沉默用户,12,17,0.332
LCS00008410,U0008410,2026-08-28,流失用户,2,39,0.2865
LCS00008411,U0008411,2026-08-28,流失用户,3,67,0.1541
LCS00008412,U0008412,2026-08-28,沉默用户,16,9,0.6249
LCS00008413,U0008413,2026-08-28,流失用户,0,76,0.1341
LCS00008414,U0008414,2026-08-28,活跃用户,11,0,0.3356
LCS00008415,U0008415,2026-08-28,流失用户,5,53,0.3544
LCS00008416,U0008416,2026-08-28,流失用户,2,52,0.367
LCS00008417,U0008417,2026-08-28,流失用户,2,101,0.3351
LCS00008418,U0008418,2026-08-28,流失用户,9,34,0.3681
LCS00008419,U0008419,2026-08-28,流失用户,4,56,0.2185
LCS00008420,U0008420,2026-08-28,活跃用户,5,0,0.1274
LCS00008421,U0008421,2026-08-28,活跃用户,3,0,0.2667
LCS00008422,U0008422,2026-08-28,活跃用户,4,2,0.221
LCS00008423,U0008423,2026-08-28,新用户,2,0,0.5064
LCS00008424,U0008424,2026-08-28,沉默用户,14,23,0.3275
LCS00008425,U0008425,2026-08-28,流失用户,2,42,0.2506
LCS00008426,U0008426,2026-08-28,活跃用户,7,0,0.1089
LCS00008427,U0008427,2026-08-28,沉默用户,17,11,0.4588
LCS00008428,U0008428,2026-08-28,沉默用户,2,14,0.1743
LCS00008429,U0008429,2026-08-28,流失用户,3,145,0.2539
LCS00008430,U0008430,2026-08-28,活跃用户,12,3,0.1545
LCS00008431,U0008431,2026-08-28,活跃用户,12,0,0.6134
LCS00008432,U0008432,2026-08-28,活跃用户,6,1,0.05
LCS00008433,U0008433,2026-08-28,沉默用户,6,16,0.3766
LCS00008434,U0008434,2026-08-28,流失用户,3,194,0.2851
LCS00008435,U0008435,2026-08-28,流失用户,9,33,0.1417
LCS00008436,U0008436,2026-08-28,活跃用户,9,1,0.3289
LCS00008437,U0008437,2026-08-28,活跃用户,8,7,0.2867
LCS00008438,U0008438,2026-08-28,流失用户,2,102,0.4378
LCS00008439,U0008439,2026-08-28,沉默用户,12,27,0.3067
LCS00008440,U0008440,2026-08-28,流失用户,6,50,0.2737
LCS00008441,U0008441,2026-08-28,活跃用户,15,2,0.3032
LCS00008442,U0008442,2026-08-28,流失用户,3,189,0.517
LCS00008443,U0008443,2026-08-28,活跃用户,9,1,0.4364
LCS00008444,U0008444,2026-08-28,流失用户,4,72,0.3707
LCS00008445,U0008445,2026-08-28,沉默用户,2,16,0.5461
LCS00008446,U0008446,2026-08-28,活跃用户,11,1,0.3513
LCS00008447,U0008447,2026-08-28,流失用户,0,48,0.1186
LCS00008448,U0008448,2026-08-28,沉默用户,14,10,0.3975
LCS00008449,U0008449,2026-08-28,沉默用户,8,9,0.0752
LCS00008450,U0008450,2026-08-28,沉默用户,7,20,0.2624
LCS00008451,U0008451,2026-08-28,沉默用户,12,15,0.2664
LCS00008452,U0008452,2026-08-28,活跃用户,2,1,0.1659
LCS00008453,U0008453,2026-08-28,沉默用户,8,10,0.1848
LCS00008454,U0008454,2026-08-28,流失用户,4,61,0.3659
LCS00008455,U0008455,2026-08-28,沉默用户,12,16,0.5657
LCS00008456,U0008456,2026-08-28,沉默用户,12,15,0.3383
LCS00008457,U0008457,2026-08-28,沉默用户,3,8,0.307
LCS00008458,U0008458,2026-08-28,沉默用户,3,9,0.2159
LCS00008459,U0008459,2026-08-28,沉默用户,10,18,0.1723
LCS00008460,U0008460,2026-08-28,活跃用户,10,2,0.3234
LCS00008461,U0008461,2026-08-28,流失用户,5,36,0.406
LCS00008462,U0008462,2026-08-28,流失用户,13,35,0.3003
LCS00008463,U0008463,2026-08-28,活跃用户,15,4,0.3107
LCS00008464,U0008464,2026-08-28,流失用户,4,133,0.2004
LCS00008465,U0008465,2026-08-28,活跃用户,14,5,0.4758
LCS00008466,U0008466,2026-08-28,沉默用户,4,10,0.3926
LCS00008467,U0008467,2026-08-28,沉默用户,9,22,0.2289
LCS00008468,U0008468,2026-08-28,沉默用户,1,30,0.2249
LCS00008469,U0008469,2026-08-28,活跃用户,8,1,0.1475
LCS00008470,U0008470,2026-08-28,活跃用户,8,2,0.4076
LCS00008471,U0008471,2026-08-28,沉默用户,14,24,0.1862
LCS00008472,U0008472,2026-08-28,流失用户,1,210,0.2343
LCS00008473,U0008473,2026-08-28,流失用户,3,35,0.1698
LCS00008474,U0008474,2026-08-28,活跃用户,4,5,0.3531
LCS00008475,U0008475,2026-08-28,沉默用户,1,25,0.2531
LCS00008476,U0008476,2026-08-28,活跃用户,6,1,0.3141
LCS00008477,U0008477,2026-08-28,沉默用户,1,28,0.2618
LCS00008478,U0008478,2026-08-28,活跃用户,10,4,0.1076
LCS00008479,U0008479,2026-08-28,活跃用户,3,0,0.2286
LCS00008480,U0008480,2026-08-28,活跃用户,9,5,0.3652
LCS00008481,U0008481,2026-08-28,流失用户,9,39,0.2679
LCS00008482,U0008482,2026-08-28,沉默用户,12,11,0.4833
LCS00008483,U0008483,2026-08-28,活跃用户,16,0,0.2704
LCS00008484,U0008484,2026-08-28,活跃用户,6,2,0.3489
LCS00008485,U0008485,2026-08-28,沉默用户,3,24,0.3062
LCS00008486,U0008486,2026-08-28,活跃用户,7,2,0.1179
LCS00008487,U0008487,2026-08-28,活跃用户,3,6,0.4499
LCS00008488,U0008488,2026-08-28,活跃用户,4,2,0.4768
LCS00008489,U0008489,2026-08-28,流失用户,2,34,0.3347
LCS00008490,U0008490,2026-08-28,沉默用户,3,17,0.5699
LCS00008491,U0008491,2026-08-28,活跃用户,11,2,0.4145
LCS00008492,U0008492,2026-08-28,流失用户,1,123,0.062
LCS00008493,U0008493,2026-08-28,沉默用户,7,9,0.4697
LCS00008494,U0008494,2026-08-28,沉默用户,2,11,0.2815
LCS00008495,U0008495,2026-08-28,活跃用户,13,1,0.3946
LCS00008496,U0008496,2026-08-28,沉默用户,10,23,0.2971
LCS00008497,U0008497,2026-08-28,沉默用户,13,11,0.4981
LCS00008498,U0008498,2026-08-28,流失用户,3,74,0.2997
LCS00008499,U0008499,2026-08-28,流失用户,13,31,0.2405
LCS00008500,U0008500,2026-08-28,沉默用户,4,13,0.3613
LCS00008501,U0008501,2026-08-28,沉默用户,11,9,0.3362
LCS00008502,U0008502,2026-08-28,活跃用户,7,7,0.05
LCS00008503,U0008503,2026-08-28,活跃用户,13,7,0.2838
LCS00008504,U0008504,2026-08-28,活跃用户,3,1,0.3065
LCS00008505,U0008505,2026-08-28,沉默用户,4,20,0.407
LCS00008506,U0008506,2026-08-28,沉默用户,3,13,0.4049
LCS00008507,U0008507,2026-08-28,沉默用户,5,8,0.1865
LCS00008508,U0008508,2026-08-28,流失用户,4,37,0.2885
LCS00008509,U0008509,2026-08-28,活跃用户,7,0,0.6173
LCS00008510,U0008510,2026-08-28,新用户,5,0,0.1243
LCS00008511,U0008511,2026-08-28,活跃用户,10,0,0.1073
LCS00008512,U0008512,2026-08-28,沉默用户,12,11,0.3033
LCS00008513,U0008513,2026-08-28,活跃用户,10,2,0.1687
LCS00008514,U0008514,2026-08-28,新用户,5,0,0.4952
LCS00008515,U0008515,2026-08-28,活跃用户,4,1,0.1664
LCS00008516,U0008516,2026-08-28,活跃用户,6,7,0.3264
LCS00008517,U0008517,2026-08-28,流失用户,6,59,0.3375
LCS00008518,U0008518,2026-08-28,流失用户,3,61,0.2621
LCS00008519,U0008519,2026-08-28,流失用户,11,37,0.356
LCS00008520,U0008520,2026-08-28,流失用户,6,83,0.2328
LCS00008521,U0008521,2026-08-28,沉默用户,10,9,0.3104
LCS00008522,U0008522,2026-08-28,新用户,1,0,0.2475
LCS00008523,U0008523,2026-08-28,活跃用户,8,3,0.05
LCS00008524,U0008524,2026-08-28,沉默用户,3,29,0.237
LCS00008525,U0008525,2026-08-28,沉默用户,4,17,0.3637
LCS00008526,U0008526,2026-08-28,活跃用户,2,4,0.299
LCS00008527,U0008527,2026-08-28,沉默用户,1,21,0.2095
LCS00008528,U0008528,2026-08-28,活跃用户,13,2,0.2572
LCS00008529,U0008529,2026-08-28,流失用户,5,163,0.4893
LCS00008530,U0008530,2026-08-28,活跃用户,3,3,0.0783
LCS00008531,U0008531,2026-08-28,沉默用户,14,9,0.4165
LCS00008532,U0008532,2026-08-28,流失用户,8,75,0.4691
LCS00008533,U0008533,2026-08-28,流失用户,4,71,0.3395
LCS00008534,U0008534,2026-08-28,流失用户,6,55,0.4792
LCS00008535,U0008535,2026-08-28,活跃用户,4,5,0.2608
LCS00008536,U0008536,2026-08-28,沉默用户,10,12,0.4485
LCS00008537,U0008537,2026-08-28,活跃用户,6,0,0.3072
LCS00008538,U0008538,2026-08-28,活跃用户,4,6,0.5251
LCS00008539,U0008539,2026-08-28,流失用户,2,40,0.1913
LCS00008540,U0008540,2026-08-28,流失用户,15,34,0.4157
LCS00008541,U0008541,2026-08-28,活跃用户,10,7,0.2765
LCS00008542,U0008542,2026-08-28,沉默用户,15,27,0.4657
LCS00008543,U0008543,2026-08-28,沉默用户,3,19,0.189
LCS00008544,U0008544,2026-08-28,活跃用户,9,3,0.1957
LCS00008545,U0008545,2026-08-28,活跃用户,16,1,0.2178
LCS00008546,U0008546,2026-08-28,活跃用户,7,5,0.2848
LCS00008547,U0008547,2026-08-28,流失用户,12,37,0.1991
LCS00008548,U0008548,2026-08-28,沉默用户,3,16,0.4288
LCS00008549,U0008549,2026-08-28,流失用户,2,47,0.0575
LCS00008550,U0008550,2026-08-28,活跃用户,6,4,0.1984
LCS00008551,U0008551,2026-08-28,沉默用户,2,13,0.2225
LCS00008552,U0008552,2026-08-28,活跃用户,12,0,0.7109
LCS00008553,U0008553,2026-08-28,沉默用户,12,9,0.4787
LCS00008554,U0008554,2026-08-28,活跃用户,7,3,0.6125
LCS00008555,U0008555,2026-08-28,沉默用户,7,25,0.1563
LCS00008556,U0008556,2026-08-28,活跃用户,8,7,0.2424
LCS00008557,U0008557,2026-08-28,活跃用户,7,5,0.2982
LCS00008558,U0008558,2026-08-28,活跃用户,15,0,0.4949
LCS00008559,U0008559,2026-08-28,沉默用户,14,10,0.4028
LCS00008560,U0008560,2026-08-28,流失用户,7,37,0.6305
LCS00008561,U0008561,2026-08-28,沉默用户,15,11,0.3244
LCS00008562,U0008562,2026-08-28,活跃用户,14,3,0.294
LCS00008563,U0008563,2026-08-28,流失用户,4,35,0.3436
LCS00008564,U0008564,2026-08-28,活跃用户,8,5,0.3588
LCS00008565,U0008565,2026-08-28,流失用户,7,59,0.4604
LCS00008566,U0008566,2026-08-28,流失用户,5,52,0.1514
LCS00008567,U0008567,2026-08-28,流失用户,9,36,0.2804
LCS00008568,U0008568,2026-08-28,流失用户,4,61,0.2872
LCS00008569,U0008569,2026-08-28,新用户,3,1,0.5679
LCS00008570,U0008570,2026-08-28,沉默用户,14,24,0.2277
LCS00008571,U0008571,2026-08-28,沉默用户,14,20,0.2395
LCS00008572,U0008572,2026-08-28,沉默用户,16,9,0.2996
LCS00008573,U0008573,2026-08-28,活跃用户,14,5,0.2839
LCS00008574,U0008574,2026-08-28,活跃用户,7,1,0.1162
LCS00008575,U0008575,2026-08-28,活跃用户,11,0,0.4012
LCS00008576,U0008576,2026-08-28,活跃用户,16,1,0.2122
LCS00008577,U0008577,2026-08-28,流失用户,10,33,0.4008
LCS00008578,U0008578,2026-08-28,活跃用户,8,0,0.2712
LCS00008579,U0008579,2026-08-28,活跃用户,9,4,0.4538
LCS00008580,U0008580,2026-08-28,活跃用户,6,4,0.2106
LCS00008581,U0008581,2026-08-28,活跃用户,12,3,0.2436
LCS00008582,U0008582,2026-08-28,活跃用户,6,2,0.5476
LCS00008583,U0008583,2026-08-28,沉默用户,2,21,0.05
LCS00008584,U0008584,2026-08-28,流失用户,1,39,0.4416
LCS00008585,U0008585,2026-08-28,沉默用户,13,16,0.05
LCS00008586,U0008586,2026-08-28,沉默用户,12,10,0.6362
LCS00008587,U0008587,2026-08-28,活跃用户,17,1,0.3676
LCS00008588,U0008588,2026-08-28,活跃用户,4,0,0.4497
LCS00008589,U0008589,2026-08-28,活跃用户,12,0,0.286
LCS00008590,U0008590,2026-08-28,流失用户,14,37,0.3102
LCS00008591,U0008591,2026-08-28,新用户,0,0,0.2333
LCS00008592,U0008592,2026-08-28,流失用户,13,37,0.6856
LCS00008593,U0008593,2026-08-28,沉默用户,4,9,0.3353
LCS00008594,U0008594,2026-08-28,流失用户,6,63,0.2872
LCS00008595,U0008595,2026-08-28,沉默用户,3,12,0.31
LCS00008596,U0008596,2026-08-28,流失用户,0,184,0.1791
LCS00008597,U0008597,2026-08-28,流失用户,4,81,0.5551
LCS00008598,U0008598,2026-08-28,沉默用户,8,15,0.4616
LCS00008599,U0008599,2026-08-28,活跃用户,8,0,0.5067
LCS00008600,U0008600,2026-08-28,活跃用户,15,2,0.5357
LCS00008601,U0008601,2026-08-28,活跃用户,5,3,0.3496
LCS00008602,U0008602,2026-08-28,沉默用户,7,8,0.0795
LCS00008603,U0008603,2026-08-28,活跃用户,11,1,0.4322
LCS00008604,U0008604,2026-08-28,活跃用户,12,2,0.4984
LCS00008605,U0008605,2026-08-28,流失用户,2,72,0.1529
LCS00008606,U0008606,2026-08-28,活跃用户,3,1,0.3619
LCS00008607,U0008607,2026-08-28,流失用户,3,101,0.2585
LCS00008608,U0008608,2026-08-28,流失用户,1,147,0.282
LCS00008609,U0008609,2026-08-28,活跃用户,13,1,0.203
LCS00008610,U0008610,2026-08-28,流失用户,2,141,0.1253
LCS00008611,U0008611,2026-08-28,活跃用户,3,2,0.2657
LCS00008612,U0008612,2026-08-28,沉默用户,7,25,0.3903
LCS00008613,U0008613,2026-08-28,沉默用户,7,9,0.2818
LCS00008614,U0008614,2026-08-28,活跃用户,7,0,0.1484
LCS00008615,U0008615,2026-08-28,流失用户,2,95,0.23
LCS00008616,U0008616,2026-08-28,沉默用户,14,20,0.4029
LCS00008617,U0008617,2026-08-28,流失用户,1,126,0.2904
LCS00008618,U0008618,2026-08-28,流失用户,2,90,0.3075
LCS00008619,U0008619,2026-08-28,新用户,3,1,0.4046
LCS00008620,U0008620,2026-08-28,活跃用户,12,0,0.4721
LCS00008621,U0008621,2026-08-28,流失用户,5,70,0.5161
LCS00008622,U0008622,2026-08-28,活跃用户,7,0,0.4283
LCS00008623,U0008623,2026-08-28,流失用户,4,98,0.565
LCS00008624,U0008624,2026-08-28,活跃用户,8,1,0.6081
LCS00008625,U0008625,2026-08-28,流失用户,2,50,0.1494
LCS00008626,U0008626,2026-08-28,活跃用户,7,2,0.1031
LCS00008627,U0008627,2026-08-28,流失用户,2,164,0.5326
LCS00008628,U0008628,2026-08-28,活跃用户,13,4,0.1443
LCS00008629,U0008629,2026-08-28,沉默用户,5,18,0.5592
LCS00008630,U0008630,2026-08-28,流失用户,2,68,0.356
LCS00008631,U0008631,2026-08-28,沉默用户,6,8,0.1224
LCS00008632,U0008632,2026-08-28,流失用户,0,146,0.05
LCS00008633,U0008633,2026-08-28,新用户,4,0,0.368
LCS00008634,U0008634,2026-08-28,流失用户,5,95,0.2279
LCS00008635,U0008635,2026-08-28,流失用户,2,193,0.3333
LCS00008636,U0008636,2026-08-28,沉默用户,4,24,0.164
LCS00008637,U0008637,2026-08-28,沉默用户,1,30,0.1812
LCS00008638,U0008638,2026-08-28,沉默用户,6,18,0.425
LCS00008639,U0008639,2026-08-28,沉默用户,2,10,0.3
LCS00008640,U0008640,2026-08-28,活跃用户,3,4,0.2916
LCS00008641,U0008641,2026-08-28,沉默用户,9,20,0.1953
LCS00008642,U0008642,2026-08-28,活跃用户,10,5,0.3581
LCS00008643,U0008643,2026-08-28,沉默用户,5,12,0.05
LCS00008644,U0008644,2026-08-28,沉默用户,12,10,0.231
LCS00008645,U0008645,2026-08-28,流失用户,2,203,0.3458
LCS00008646,U0008646,2026-08-28,活跃用户,3,2,0.2429
LCS00008647,U0008647,2026-08-28,流失用户,9,32,0.2358
LCS00008648,U0008648,2026-08-28,沉默用户,7,15,0.4792
LCS00008649,U0008649,2026-08-28,流失用户,10,42,0.1483
LCS00008650,U0008650,2026-08-28,活跃用户,9,3,0.1699
LCS00008651,U0008651,2026-08-28,活跃用户,6,0,0.1283
LCS00008652,U0008652,2026-08-28,活跃用户,6,5,0.3046
LCS00008653,U0008653,2026-08-28,沉默用户,15,11,0.5097
LCS00008654,U0008654,2026-08-28,活跃用户,8,7,0.456
LCS00008655,U0008655,2026-08-28,流失用户,2,44,0.2489
LCS00008656,U0008656,2026-08-28,流失用户,0,236,0.3158
LCS00008657,U0008657,2026-08-28,活跃用户,12,0,0.2797
LCS00008658,U0008658,2026-08-28,沉默用户,5,18,0.42
LCS00008659,U0008659,2026-08-28,活跃用户,5,1,0.2343
LCS00008660,U0008660,2026-08-28,活跃用户,5,1,0.5473
LCS00008661,U0008661,2026-08-28,沉默用户,7,18,0.451
LCS00008662,U0008662,2026-08-28,沉默用户,1,29,0.1681
LCS00008663,U0008663,2026-08-28,活跃用户,11,0,0.2011
LCS00008664,U0008664,2026-08-28,流失用户,7,32,0.5304
LCS00008665,U0008665,2026-08-28,活跃用户,4,3,0.6058
LCS00008666,U0008666,2026-08-28,流失用户,11,41,0.2964
LCS00008667,U0008667,2026-08-28,流失用户,1,169,0.3888
LCS00008668,U0008668,2026-08-28,活跃用户,13,4,0.4197
LCS00008669,U0008669,2026-08-28,沉默用户,9,12,0.2675
LCS00008670,U0008670,2026-08-28,活跃用户,15,7,0.4658
LCS00008671,U0008671,2026-08-28,沉默用户,4,16,0.2526
LCS00008672,U0008672,2026-08-28,沉默用户,1,20,0.3038
LCS00008673,U0008673,2026-08-28,沉默用户,3,18,0.2915
LCS00008674,U0008674,2026-08-28,流失用户,1,38,0.1121
LCS00008675,U0008675,2026-08-28,活跃用户,10,5,0.396
LCS00008676,U0008676,2026-08-28,沉默用户,6,12,0.2592
LCS00008677,U0008677,2026-08-28,沉默用户,14,16,0.4424
LCS00008678,U0008678,2026-08-28,沉默用户,1,24,0.2707
LCS00008679,U0008679,2026-08-28,活跃用户,5,6,0.4616
LCS00008680,U0008680,2026-08-28,活跃用户,11,4,0.3224
LCS00008681,U0008681,2026-08-28,流失用户,10,72,0.4234
LCS00008682,U0008682,2026-08-28,活跃用户,11,0,0.4213
LCS00008683,U0008683,2026-08-28,沉默用户,13,28,0.169
LCS00008684,U0008684,2026-08-28,活跃用户,8,0,0.493
LCS00008685,U0008685,2026-08-28,流失用户,6,80,0.1807
LCS00008686,U0008686,2026-08-28,沉默用户,4,15,0.1505
LCS00008687,U0008687,2026-08-28,活跃用户,6,1,0.4531
LCS00008688,U0008688,2026-08-28,活跃用户,11,3,0.2199
LCS00008689,U0008689,2026-08-28,活跃用户,5,1,0.4442
LCS00008690,U0008690,2026-08-28,沉默用户,11,18,0.3978
LCS00008691,U0008691,2026-08-28,流失用户,16,62,0.3387
LCS00008692,U0008692,2026-08-28,活跃用户,10,4,0.2017
LCS00008693,U0008693,2026-08-28,活跃用户,15,1,0.1675
LCS00008694,U0008694,2026-08-28,流失用户,8,53,0.222
LCS00008695,U0008695,2026-08-28,流失用户,2,35,0.0791
LCS00008696,U0008696,2026-08-28,活跃用户,8,0,0.1892
LCS00008697,U0008697,2026-08-28,活跃用户,15,3,0.1668
LCS00008698,U0008698,2026-08-28,活跃用户,13,3,0.1337
LCS00008699,U0008699,2026-08-28,活跃用户,14,5,0.3291
LCS00008700,U0008700,2026-08-28,流失用户,2,36,0.2856
LCS00008701,U0008701,2026-08-28,流失用户,5,45,0.3965
LCS00008702,U0008702,2026-08-28,流失用户,8,33,0.1982
LCS00008703,U0008703,2026-08-28,活跃用户,6,3,0.5843
LCS00008704,U0008704,2026-08-28,活跃用户,13,1,0.3712
LCS00008705,U0008705,2026-08-28,沉默用户,3,19,0.218
LCS00008706,U0008706,2026-08-28,流失用户,6,48,0.366
LCS00008707,U0008707,2026-08-28,流失用户,0,189,0.0941
LCS00008708,U0008708,2026-08-28,沉默用户,4,8,0.3966
LCS00008709,U0008709,2026-08-28,新用户,1,0,0.453
LCS00008710,U0008710,2026-08-28,沉默用户,7,9,0.0993
LCS00008711,U0008711,2026-08-28,活跃用户,5,1,0.1651
LCS00008712,U0008712,2026-08-28,流失用户,0,65,0.05
LCS00008713,U0008713,2026-08-28,流失用户,4,147,0.3802
LCS00008714,U0008714,2026-08-28,活跃用户,12,3,0.4304
LCS00008715,U0008715,2026-08-28,沉默用户,7,16,0.2111
LCS00008716,U0008716,2026-08-28,流失用户,2,192,0.1345
LCS00008717,U0008717,2026-08-28,流失用户,14,55,0.2153
LCS00008718,U0008718,2026-08-28,活跃用户,14,6,0.1832
LCS00008719,U0008719,2026-08-28,活跃用户,4,2,0.3773
LCS00008720,U0008720,2026-08-28,沉默用户,11,18,0.3685
LCS00008721,U0008721,2026-08-28,沉默用户,10,9,0.2916
LCS00008722,U0008722,2026-08-28,流失用户,4,31,0.0836
LCS00008723,U0008723,2026-08-28,新用户,5,1,0.4253
LCS00008724,U0008724,2026-08-28,沉默用户,5,9,0.1175
LCS00008725,U0008725,2026-08-28,活跃用户,13,1,0.2244
LCS00008726,U0008726,2026-08-28,流失用户,3,166,0.2437
LCS00008727,U0008727,2026-08-28,流失用户,0,225,0.0543
LCS00008728,U0008728,2026-08-28,活跃用户,9,1,0.3857
LCS00008729,U0008729,2026-08-28,活跃用户,13,5,0.4345
LCS00008730,U0008730,2026-08-28,活跃用户,15,4,0.2467
LCS00008731,U0008731,2026-08-28,流失用户,11,48,0.4481
LCS00008732,U0008732,2026-08-28,沉默用户,8,8,0.3465
LCS00008733,U0008733,2026-08-28,活跃用户,5,2,0.1913
LCS00008734,U0008734,2026-08-28,活跃用户,11,1,0.5222
LCS00008735,U0008735,2026-08-28,活跃用户,14,1,0.5374
LCS00008736,U0008736,2026-08-28,活跃用户,6,6,0.4805
LCS00008737,U0008737,2026-08-28,活跃用户,6,0,0.4939
LCS00008738,U0008738,2026-08-28,活跃用户,9,1,0.3061
LCS00008739,U0008739,2026-08-28,活跃用户,3,1,0.5436
LCS00008740,U0008740,2026-08-28,流失用户,4,115,0.4723
LCS00008741,U0008741,2026-08-28,沉默用户,10,15,0.3439
LCS00008742,U0008742,2026-08-28,活跃用户,11,4,0.3031
LCS00008743,U0008743,2026-08-28,沉默用户,2,10,0.0825
LCS00008744,U0008744,2026-08-28,流失用户,2,38,0.5092
LCS00008745,U0008745,2026-08-28,流失用户,4,148,0.4762
LCS00008746,U0008746,2026-08-28,新用户,1,0,0.3195
LCS00008747,U0008747,2026-08-28,沉默用户,15,11,0.181
LCS00008748,U0008748,2026-08-28,流失用户,2,81,0.1957
LCS00008749,U0008749,2026-08-28,流失用户,3,155,0.316
LCS00008750,U0008750,2026-08-28,活跃用户,6,0,0.3662
LCS00008751,U0008751,2026-08-28,沉默用户,2,10,0.05
LCS00008752,U0008752,2026-08-28,沉默用户,6,24,0.3789
LCS00008753,U0008753,2026-08-28,流失用户,5,54,0.5756
LCS00008754,U0008754,2026-08-28,活跃用户,15,4,0.0911
LCS00008755,U0008755,2026-08-28,活跃用户,15,1,0.3542
LCS00008756,U0008756,2026-08-28,流失用户,5,54,0.4751
LCS00008757,U0008757,2026-08-28,沉默用户,1,21,0.27
LCS00008758,U0008758,2026-08-28,活跃用户,3,5,0.2733
LCS00008759,U0008759,2026-08-28,活跃用户,4,6,0.1816
LCS00008760,U0008760,2026-08-28,流失用户,1,174,0.354
LCS00008761,U0008761,2026-08-28,新用户,2,1,0.4572
LCS00008762,U0008762,2026-08-28,沉默用户,7,14,0.5333
LCS00008763,U0008763,2026-08-28,活跃用户,4,6,0.243
LCS00008764,U0008764,2026-08-28,沉默用户,9,17,0.1054
LCS00008765,U0008765,2026-08-28,活跃用户,6,0,0.3313
LCS00008766,U0008766,2026-08-28,活跃用户,7,3,0.2691
LCS00008767,U0008767,2026-08-28,活跃用户,4,0,0.2805
LCS00008768,U0008768,2026-08-28,沉默用户,14,8,0.3218
LCS00008769,U0008769,2026-08-28,沉默用户,4,21,0.3653
LCS00008770,U0008770,2026-08-28,沉默用户,16,8,0.4321
LCS00008771,U0008771,2026-08-28,流失用户,1,180,0.2009
LCS00008772,U0008772,2026-08-28,沉默用户,9,10,0.5578
LCS00008773,U0008773,2026-08-28,流失用户,2,65,0.216
LCS00008774,U0008774,2026-08-28,流失用户,4,36,0.4239
LCS00008775,U0008775,2026-08-28,活跃用户,15,2,0.0985
LCS00008776,U0008776,2026-08-28,流失用户,8,46,0.4499
LCS00008777,U0008777,2026-08-28,沉默用户,4,9,0.2457
LCS00008778,U0008778,2026-08-28,沉默用户,2,20,0.1184
LCS00008779,U0008779,2026-08-28,沉默用户,4,10,0.213
LCS00008780,U0008780,2026-08-28,沉默用户,11,20,0.4618
LCS00008781,U0008781,2026-08-28,沉默用户,10,12,0.3195
LCS00008782,U0008782,2026-08-28,流失用户,13,46,0.2177
LCS00008783,U0008783,2026-08-28,流失用户,2,33,0.1594
LCS00008784,U0008784,2026-08-28,流失用户,3,110,0.0614
LCS00008785,U0008785,2026-08-28,新用户,7,0,0.2662
LCS00008786,U0008786,2026-08-28,活跃用户,16,0,0.4493
LCS00008787,U0008787,2026-08-28,活跃用户,4,1,0.1045
LCS00008788,U0008788,2026-08-28,沉默用户,12,12,0.1758
LCS00008789,U0008789,2026-08-28,沉默用户,3,21,0.0695
LCS00008790,U0008790,2026-08-28,流失用户,2,32,0.2598
LCS00008791,U0008791,2026-08-28,活跃用户,2,6,0.3838
LCS00008792,U0008792,2026-08-28,流失用户,13,42,0.3123
LCS00008793,U0008793,2026-08-28,沉默用户,10,29,0.0728
LCS00008794,U0008794,2026-08-28,沉默用户,14,23,0.1652
LCS00008795,U0008795,2026-08-28,活跃用户,12,7,0.292
LCS00008796,U0008796,2026-08-28,活跃用户,4,3,0.4552
LCS00008797,U0008797,2026-08-28,沉默用户,6,12,0.3445
LCS00008798,U0008798,2026-08-28,流失用户,2,44,0.3512
LCS00008799,U0008799,2026-08-28,活跃用户,9,7,0.3466
LCS00008800,U0008800,2026-08-28,活跃用户,3,2,0.2783
LCS00008801,U0008801,2026-08-28,沉默用户,12,25,0.1356
LCS00008802,U0008802,2026-08-28,流失用户,1,166,0.527
LCS00008803,U0008803,2026-08-28,流失用户,4,32,0.303
LCS00008804,U0008804,2026-08-28,沉默用户,11,20,0.144
LCS00008805,U0008805,2026-08-28,沉默用户,2,23,0.2031
LCS00008806,U0008806,2026-08-28,沉默用户,8,16,0.4846
LCS00008807,U0008807,2026-08-28,沉默用户,4,12,0.3768
LCS00008808,U0008808,2026-08-28,活跃用户,17,7,0.4732
LCS00008809,U0008809,2026-08-28,流失用户,2,176,0.3123
LCS00008810,U0008810,2026-08-28,活跃用户,3,3,0.3635
LCS00008811,U0008811,2026-08-28,沉默用户,11,15,0.1419
LCS00008812,U0008812,2026-08-28,活跃用户,4,1,0.0966
LCS00008813,U0008813,2026-08-28,流失用户,6,106,0.4534
LCS00008814,U0008814,2026-08-28,沉默用户,10,10,0.3079
LCS00008815,U0008815,2026-08-28,活跃用户,7,4,0.3605
LCS00008816,U0008816,2026-08-28,流失用户,3,49,0.3764
LCS00008817,U0008817,2026-08-28,活跃用户,12,3,0.1119
LCS00008818,U0008818,2026-08-28,流失用户,3,41,0.572
LCS00008819,U0008819,2026-08-28,流失用户,5,32,0.1815
LCS00008820,U0008820,2026-08-28,活跃用户,8,1,0.2908
LCS00008821,U0008821,2026-08-28,沉默用户,18,13,0.3525
LCS00008822,U0008822,2026-08-28,流失用户,0,209,0.1809
LCS00008823,U0008823,2026-08-28,活跃用户,4,5,0.1925
LCS00008824,U0008824,2026-08-28,活跃用户,13,3,0.2508
LCS00008825,U0008825,2026-08-28,活跃用户,14,1,0.4487
LCS00008826,U0008826,2026-08-28,流失用户,1,188,0.1232
LCS00008827,U0008827,2026-08-28,流失用户,2,60,0.4588
LCS00008828,U0008828,2026-08-28,活跃用户,3,1,0.5186
LCS00008829,U0008829,2026-08-28,新用户,3,0,0.4091
LCS00008830,U0008830,2026-08-28,沉默用户,9,10,0.3199
LCS00008831,U0008831,2026-08-28,沉默用户,6,29,0.4766
LCS00008832,U0008832,2026-08-28,流失用户,3,50,0.3162
LCS00008833,U0008833,2026-08-28,沉默用户,10,23,0.4132
LCS00008834,U0008834,2026-08-28,沉默用户,12,15,0.1067
LCS00008835,U0008835,2026-08-28,流失用户,1,96,0.1169
LCS00008836,U0008836,2026-08-28,沉默用户,13,12,0.2338
LCS00008837,U0008837,2026-08-28,沉默用户,10,8,0.33
LCS00008838,U0008838,2026-08-28,流失用户,2,72,0.1696
LCS00008839,U0008839,2026-08-28,活跃用户,13,3,0.2796
LCS00008840,U0008840,2026-08-28,流失用户,5,33,0.3228
LCS00008841,U0008841,2026-08-28,流失用户,2,79,0.05
LCS00008842,U0008842,2026-08-28,活跃用户,8,6,0.1512
LCS00008843,U0008843,2026-08-28,沉默用户,17,14,0.4687
LCS00008844,U0008844,2026-08-28,活跃用户,13,6,0.308
LCS00008845,U0008845,2026-08-28,沉默用户,11,25,0.0871
LCS00008846,U0008846,2026-08-28,活跃用户,11,1,0.2133
LCS00008847,U0008847,2026-08-28,活跃用户,16,6,0.2812
LCS00008848,U0008848,2026-08-28,沉默用户,8,10,0.444
LCS00008849,U0008849,2026-08-28,流失用户,2,53,0.424
LCS00008850,U0008850,2026-08-28,沉默用户,3,9,0.5679
LCS00008851,U0008851,2026-08-28,沉默用户,10,19,0.2038
LCS00008852,U0008852,2026-08-28,流失用户,4,34,0.2406
LCS00008853,U0008853,2026-08-28,沉默用户,14,14,0.05
LCS00008854,U0008854,2026-08-28,活跃用户,3,0,0.3107
LCS00008855,U0008855,2026-08-28,沉默用户,6,9,0.3493
LCS00008856,U0008856,2026-08-28,流失用户,0,208,0.2531
LCS00008857,U0008857,2026-08-28,活跃用户,4,3,0.273
LCS00008858,U0008858,2026-08-28,流失用户,6,59,0.5268
LCS00008859,U0008859,2026-08-28,沉默用户,7,24,0.3122
LCS00008860,U0008860,2026-08-28,流失用户,3,37,0.3327
LCS00008861,U0008861,2026-08-28,沉默用户,13,30,0.4988
LCS00008862,U0008862,2026-08-28,活跃用户,12,1,0.1349
LCS00008863,U0008863,2026-08-28,流失用户,4,38,0.4321
LCS00008864,U0008864,2026-08-28,沉默用户,5,25,0.3143
LCS00008865,U0008865,2026-08-28,活跃用户,12,0,0.3727
LCS00008866,U0008866,2026-08-28,活跃用户,6,2,0.3767
LCS00008867,U0008867,2026-08-28,新用户,0,0,0.4233
LCS00008868,U0008868,2026-08-28,沉默用户,3,16,0.182
LCS00008869,U0008869,2026-08-28,流失用户,1,144,0.4527
LCS00008870,U0008870,2026-08-28,活跃用户,16,1,0.2592
LCS00008871,U0008871,2026-08-28,流失用户,3,52,0.3186
LCS00008872,U0008872,2026-08-28,活跃用户,8,2,0.3407
LCS00008873,U0008873,2026-08-28,流失用户,7,118,0.4846
LCS00008874,U0008874,2026-08-28,流失用户,11,34,0.4089
LCS00008875,U0008875,2026-08-28,活跃用户,5,7,0.0696
LCS00008876,U0008876,2026-08-28,活跃用户,17,3,0.3884
LCS00008877,U0008877,2026-08-28,沉默用户,17,16,0.2799
LCS00008878,U0008878,2026-08-28,沉默用户,1,23,0.05
LCS00008879,U0008879,2026-08-28,沉默用户,8,8,0.2393
LCS00008880,U0008880,2026-08-28,活跃用户,12,0,0.4243
LCS00008881,U0008881,2026-08-28,活跃用户,6,0,0.3518
LCS00008882,U0008882,2026-08-28,沉默用户,4,29,0.4479
LCS00008883,U0008883,2026-08-28,流失用户,8,31,0.2728
LCS00008884,U0008884,2026-08-28,流失用户,15,37,0.1529
LCS00008885,U0008885,2026-08-28,活跃用户,14,6,0.05
LCS00008886,U0008886,2026-08-28,活跃用户,12,6,0.1852
LCS00008887,U0008887,2026-08-28,流失用户,1,108,0.2817
LCS00008888,U0008888,2026-08-28,新用户,3,0,0.3018
LCS00008889,U0008889,2026-08-28,活跃用户,14,0,0.4731
LCS00008890,U0008890,2026-08-28,沉默用户,16,8,0.374
LCS00008891,U0008891,2026-08-28,活跃用户,4,2,0.1401
LCS00008892,U0008892,2026-08-28,沉默用户,9,19,0.1851
LCS00008893,U0008893,2026-08-28,活跃用户,14,2,0.2757
LCS00008894,U0008894,2026-08-28,活跃用户,8,0,0.4737
LCS00008895,U0008895,2026-08-28,新用户,1,6,0.4661
LCS00008896,U0008896,2026-08-28,活跃用户,4,0,0.5029
LCS00008897,U0008897,2026-08-28,活跃用户,8,7,0.3883
LCS00008898,U0008898,2026-08-28,活跃用户,12,6,0.1875
LCS00008899,U0008899,2026-08-28,活跃用户,7,0,0.3126
LCS00008900,U0008900,2026-08-28,流失用户,1,115,0.1175
LCS00008901,U0008901,2026-08-28,沉默用户,12,10,0.4828
LCS00008902,U0008902,2026-08-28,沉默用户,14,18,0.5121
LCS00008903,U0008903,2026-08-28,沉默用户,7,12,0.4149
LCS00008904,U0008904,2026-08-28,活跃用户,6,7,0.1829
LCS00008905,U0008905,2026-08-28,沉默用户,4,17,0.3295
LCS00008906,U0008906,2026-08-28,沉默用户,13,8,0.471
LCS00008907,U0008907,2026-08-28,流失用户,6,33,0.537
LCS00008908,U0008908,2026-08-28,新用户,2,0,0.1431
LCS00008909,U0008909,2026-08-28,流失用户,11,54,0.2915
LCS00008910,U0008910,2026-08-28,活跃用户,7,3,0.3747
LCS00008911,U0008911,2026-08-28,沉默用户,11,10,0.3548
LCS00008912,U0008912,2026-08-28,沉默用户,4,25,0.0887
LCS00008913,U0008913,2026-08-28,活跃用户,12,6,0.4078
LCS00008914,U0008914,2026-08-28,沉默用户,11,17,0.24
LCS00008915,U0008915,2026-08-28,流失用户,7,63,0.3736
LCS00008916,U0008916,2026-08-28,活跃用户,11,6,0.4761
LCS00008917,U0008917,2026-08-28,流失用户,1,172,0.3396
LCS00008918,U0008918,2026-08-28,沉默用户,14,12,0.2316
LCS00008919,U0008919,2026-08-28,流失用户,3,44,0.2071
LCS00008920,U0008920,2026-08-28,活跃用户,18,5,0.5763
LCS00008921,U0008921,2026-08-28,活跃用户,2,6,0.4994
LCS00008922,U0008922,2026-08-28,活跃用户,11,2,0.1128
LCS00008923,U0008923,2026-08-28,沉默用户,8,18,0.4519
LCS00008924,U0008924,2026-08-28,沉默用户,5,17,0.2784
LCS00008925,U0008925,2026-08-28,沉默用户,1,25,0.1412
LCS00008926,U0008926,2026-08-28,流失用户,0,76,0.0518
LCS00008927,U0008927,2026-08-28,沉默用户,8,16,0.3057
LCS00008928,U0008928,2026-08-28,流失用户,0,214,0.1158
LCS00008929,U0008929,2026-08-28,沉默用户,11,17,0.3804
LCS00008930,U0008930,2026-08-28,活跃用户,15,1,0.0605
LCS00008931,U0008931,2026-08-28,活跃用户,16,4,0.3769
LCS00008932,U0008932,2026-08-28,沉默用户,7,17,0.1762
LCS00008933,U0008933,2026-08-28,活跃用户,4,7,0.2168
LCS00008934,U0008934,2026-08-28,沉默用户,1,9,0.4335
LCS00008935,U0008935,2026-08-28,活跃用户,8,0,0.2855
LCS00008936,U0008936,2026-08-28,沉默用户,1,18,0.2774
LCS00008937,U0008937,2026-08-28,活跃用户,5,2,0.4154
LCS00008938,U0008938,2026-08-28,沉默用户,7,19,0.4874
LCS00008939,U0008939,2026-08-28,沉默用户,10,19,0.423
LCS00008940,U0008940,2026-08-28,流失用户,6,42,0.3378
LCS00008941,U0008941,2026-08-28,沉默用户,11,9,0.4557
LCS00008942,U0008942,2026-08-28,流失用户,4,51,0.1936
LCS00008943,U0008943,2026-08-28,活跃用户,7,1,0.5353
LCS00008944,U0008944,2026-08-28,活跃用户,7,0,0.3836
LCS00008945,U0008945,2026-08-28,沉默用户,13,16,0.3621
LCS00008946,U0008946,2026-08-28,沉默用户,12,21,0.4266
LCS00008947,U0008947,2026-08-28,流失用户,3,122,0.3541
LCS00008948,U0008948,2026-08-28,沉默用户,6,11,0.5063
LCS00008949,U0008949,2026-08-28,沉默用户,9,8,0.2762
LCS00008950,U0008950,2026-08-28,沉默用户,2,27,0.4189
LCS00008951,U0008951,2026-08-28,活跃用户,3,1,0.3104
LCS00008952,U0008952,2026-08-28,流失用户,3,125,0.3502
LCS00008953,U0008953,2026-08-28,流失用户,6,40,0.1561
LCS00008954,U0008954,2026-08-28,流失用户,3,133,0.2338
LCS00008955,U0008955,2026-08-28,活跃用户,4,1,0.2695
LCS00008956,U0008956,2026-08-28,沉默用户,7,24,0.4434
LCS00008957,U0008957,2026-08-28,流失用户,3,54,0.0705
LCS00008958,U0008958,2026-08-28,流失用户,3,47,0.1069
LCS00008959,U0008959,2026-08-28,流失用户,4,34,0.544
LCS00008960,U0008960,2026-08-28,活跃用户,7,1,0.0821
LCS00008961,U0008961,2026-08-28,流失用户,1,59,0.0504
LCS00008962,U0008962,2026-08-28,沉默用户,9,18,0.2436
LCS00008963,U0008963,2026-08-28,活跃用户,14,2,0.3002
LCS00008964,U0008964,2026-08-28,沉默用户,4,10,0.501
LCS00008965,U0008965,2026-08-28,活跃用户,9,3,0.1348
LCS00008966,U0008966,2026-08-28,沉默用户,11,8,0.24
LCS00008967,U0008967,2026-08-28,活跃用户,12,1,0.3051
LCS00008968,U0008968,2026-08-28,活跃用户,13,7,0.05
LCS00008969,U0008969,2026-08-28,活跃用户,9,0,0.3542
LCS00008970,U0008970,2026-08-28,流失用户,5,63,0.2671
LCS00008971,U0008971,2026-08-28,沉默用户,4,18,0.3681
LCS00008972,U0008972,2026-08-28,活跃用户,9,7,0.05
LCS00008973,U0008973,2026-08-28,沉默用户,3,22,0.4989
LCS00008974,U0008974,2026-08-28,沉默用户,14,9,0.3631
LCS00008975,U0008975,2026-08-28,活跃用户,7,1,0.5517
LCS00008976,U0008976,2026-08-28,活跃用户,5,0,0.0847
LCS00008977,U0008977,2026-08-28,沉默用户,9,8,0.261
LCS00008978,U0008978,2026-08-28,流失用户,2,105,0.4201
LCS00008979,U0008979,2026-08-28,流失用户,8,71,0.627
LCS00008980,U0008980,2026-08-28,活跃用户,7,0,0.258
LCS00008981,U0008981,2026-08-28,活跃用户,7,0,0.2516
LCS00008982,U0008982,2026-08-28,活跃用户,12,1,0.2721
LCS00008983,U0008983,2026-08-28,沉默用户,7,12,0.3216
LCS00008984,U0008984,2026-08-28,活跃用户,8,0,0.4459
LCS00008985,U0008985,2026-08-28,流失用户,2,42,0.3272
LCS00008986,U0008986,2026-08-28,流失用户,6,117,0.4122
LCS00008987,U0008987,2026-08-28,活跃用户,9,0,0.2944
LCS00008988,U0008988,2026-08-28,活跃用户,8,4,0.1793
LCS00008989,U0008989,2026-08-28,沉默用户,0,11,0.0621
LCS00008990,U0008990,2026-08-28,活跃用户,13,6,0.1181
LCS00008991,U0008991,2026-08-28,沉默用户,6,17,0.3709
LCS00008992,U0008992,2026-08-28,沉默用户,8,30,0.1091
LCS00008993,U0008993,2026-08-28,沉默用户,4,19,0.3146
LCS00008994,U0008994,2026-08-28,沉默用户,5,11,0.4092
LCS00008995,U0008995,2026-08-28,沉默用户,6,23,0.1743
LCS00008996,U0008996,2026-08-28,活跃用户,7,1,0.1047
LCS00008997,U0008997,2026-08-28,活跃用户,8,4,0.3628
LCS00008998,U0008998,2026-08-28,沉默用户,2,11,0.4712
LCS00008999,U0008999,2026-08-28,沉默用户,8,8,0.4174
LCS00009000,U0009000,2026-08-28,沉默用户,11,14,0.4266
LCS00009001,U0009001,2026-08-28,活跃用户,13,0,0.3545
LCS00009002,U0009002,2026-08-28,流失用户,4,33,0.4592
LCS00009003,U0009003,2026-08-28,活跃用户,5,3,0.2568
LCS00009004,U0009004,2026-08-28,活跃用户,11,1,0.161
LCS00009005,U0009005,2026-08-28,流失用户,3,32,0.0793
LCS00009006,U0009006,2026-08-28,活跃用户,2,0,0.1753
LCS00009007,U0009007,2026-08-28,活跃用户,4,1,0.2344
LCS00009008,U0009008,2026-08-28,活跃用户,9,0,0.3074
LCS00009009,U0009009,2026-08-28,沉默用户,13,8,0.425
LCS00009010,U0009010,2026-08-28,活跃用户,1,3,0.3331
LCS00009011,U0009011,2026-08-28,沉默用户,15,8,0.2691
LCS00009012,U0009012,2026-08-28,沉默用户,11,11,0.1601
LCS00009013,U0009013,2026-08-28,沉默用户,1,25,0.1616
LCS00009014,U0009014,2026-08-28,沉默用户,6,23,0.1191
LCS00009015,U0009015,2026-08-28,沉默用户,9,12,0.2277
LCS00009016,U0009016,2026-08-28,沉默用户,4,10,0.3752
LCS00009017,U0009017,2026-08-28,沉默用户,9,8,0.2399
LCS00009018,U0009018,2026-08-28,流失用户,2,153,0.4224
LCS00009019,U0009019,2026-08-28,流失用户,1,112,0.05
LCS00009020,U0009020,2026-08-28,沉默用户,5,13,0.5667
LCS00009021,U0009021,2026-08-28,活跃用户,9,0,0.2255
LCS00009022,U0009022,2026-08-28,活跃用户,6,0,0.2623
LCS00009023,U0009023,2026-08-28,流失用户,4,99,0.3516
LCS00009024,U0009024,2026-08-28,活跃用户,10,6,0.2851
LCS00009025,U0009025,2026-08-28,沉默用户,12,16,0.4036
LCS00009026,U0009026,2026-08-28,流失用户,11,33,0.4026
LCS00009027,U0009027,2026-08-28,沉默用户,4,17,0.2627
LCS00009028,U0009028,2026-08-28,沉默用户,14,24,0.2981
LCS00009029,U0009029,2026-08-28,流失用户,2,36,0.2778
LCS00009030,U0009030,2026-08-28,沉默用户,2,16,0.3777
LCS00009031,U0009031,2026-08-28,活跃用户,15,2,0.3849
LCS00009032,U0009032,2026-08-28,沉默用户,11,15,0.3216
LCS00009033,U0009033,2026-08-28,沉默用户,12,16,0.3089
LCS00009034,U0009034,2026-08-28,活跃用户,6,7,0.05
LCS00009035,U0009035,2026-08-28,沉默用户,8,13,0.2022
LCS00009036,U0009036,2026-08-28,活跃用户,4,1,0.3521
LCS00009037,U0009037,2026-08-28,沉默用户,17,13,0.3137
LCS00009038,U0009038,2026-08-28,流失用户,8,43,0.4529
LCS00009039,U0009039,2026-08-28,活跃用户,10,6,0.05
LCS00009040,U0009040,2026-08-28,流失用户,2,44,0.4165
LCS00009041,U0009041,2026-08-28,流失用户,2,79,0.2363
LCS00009042,U0009042,2026-08-28,活跃用户,5,3,0.3676
LCS00009043,U0009043,2026-08-28,流失用户,2,202,0.222
LCS00009044,U0009044,2026-08-28,沉默用户,10,9,0.05
LCS00009045,U0009045,2026-08-28,沉默用户,0,22,0.3399
LCS00009046,U0009046,2026-08-28,沉默用户,5,16,0.3066
LCS00009047,U0009047,2026-08-28,流失用户,1,160,0.1822
LCS00009048,U0009048,2026-08-28,活跃用户,9,4,0.2099
LCS00009049,U0009049,2026-08-28,流失用户,2,89,0.306
LCS00009050,U0009050,2026-08-28,流失用户,3,52,0.3559
LCS00009051,U0009051,2026-08-28,流失用户,4,85,0.4947
LCS00009052,U0009052,2026-08-28,活跃用户,16,0,0.4384
LCS00009053,U0009053,2026-08-28,活跃用户,13,5,0.1362
LCS00009054,U0009054,2026-08-28,沉默用户,14,12,0.1949
LCS00009055,U0009055,2026-08-28,新用户,3,1,0.321
LCS00009056,U0009056,2026-08-28,活跃用户,11,6,0.1216
LCS00009057,U0009057,2026-08-28,流失用户,0,134,0.3168
LCS00009058,U0009058,2026-08-28,活跃用户,6,0,0.4748
LCS00009059,U0009059,2026-08-28,流失用户,0,97,0.1978
LCS00009060,U0009060,2026-08-28,活跃用户,15,3,0.5187
LCS00009061,U0009061,2026-08-28,活跃用户,3,3,0.2277
LCS00009062,U0009062,2026-08-28,流失用户,7,43,0.1293
LCS00009063,U0009063,2026-08-28,沉默用户,7,11,0.1654
LCS00009064,U0009064,2026-08-28,活跃用户,7,1,0.3374
LCS00009065,U0009065,2026-08-28,沉默用户,3,10,0.05
LCS00009066,U0009066,2026-08-28,活跃用户,8,0,0.312
LCS00009067,U0009067,2026-08-28,流失用户,6,49,0.05
LCS00009068,U0009068,2026-08-28,沉默用户,5,14,0.2427
LCS00009069,U0009069,2026-08-28,活跃用户,12,1,0.05
LCS00009070,U0009070,2026-08-28,沉默用户,4,29,0.3394
LCS00009071,U0009071,2026-08-28,沉默用户,4,30,0.3889
LCS00009072,U0009072,2026-08-28,沉默用户,5,25,0.6646
LCS00009073,U0009073,2026-08-28,活跃用户,11,0,0.5381
LCS00009074,U0009074,2026-08-28,流失用户,3,130,0.2233
LCS00009075,U0009075,2026-08-28,活跃用户,12,0,0.3569
LCS00009076,U0009076,2026-08-28,沉默用户,13,8,0.4767
LCS00009077,U0009077,2026-08-28,活跃用户,6,0,0.2971
LCS00009078,U0009078,2026-08-28,活跃用户,10,1,0.1192
LCS00009079,U0009079,2026-08-28,活跃用户,6,0,0.2567
LCS00009080,U0009080,2026-08-28,活跃用户,2,5,0.2849
LCS00009081,U0009081,2026-08-28,流失用户,4,68,0.5395
LCS00009082,U0009082,2026-08-28,沉默用户,10,9,0.2915
LCS00009083,U0009083,2026-08-28,流失用户,3,166,0.251
LCS00009084,U0009084,2026-08-28,活跃用户,4,6,0.2521
LCS00009085,U0009085,2026-08-28,流失用户,0,67,0.2723
LCS00009086,U0009086,2026-08-28,活跃用户,14,0,0.4777
LCS00009087,U0009087,2026-08-28,流失用户,2,78,0.288
LCS00009088,U0009088,2026-08-28,活跃用户,10,2,0.0587
LCS00009089,U0009089,2026-08-28,沉默用户,13,9,0.5413
LCS00009090,U0009090,2026-08-28,沉默用户,9,8,0.3672
LCS00009091,U0009091,2026-08-28,活跃用户,7,5,0.4171
LCS00009092,U0009092,2026-08-28,活跃用户,6,6,0.3719
LCS00009093,U0009093,2026-08-28,流失用户,14,35,0.225
LCS00009094,U0009094,2026-08-28,沉默用户,9,11,0.5304
LCS00009095,U0009095,2026-08-28,流失用户,1,151,0.2703
LCS00009096,U0009096,2026-08-28,沉默用户,13,19,0.5284
LCS00009097,U0009097,2026-08-28,活跃用户,10,6,0.3687
LCS00009098,U0009098,2026-08-28,流失用户,7,44,0.3293
LCS00009099,U0009099,2026-08-28,活跃用户,11,3,0.401
LCS00009100,U0009100,2026-08-28,流失用户,6,46,0.1756
LCS00009101,U0009101,2026-08-28,沉默用户,11,19,0.2688
LCS00009102,U0009102,2026-08-28,沉默用户,15,8,0.3251
LCS00009103,U0009103,2026-08-28,沉默用户,3,15,0.3193
LCS00009104,U0009104,2026-08-28,活跃用户,5,4,0.1912
LCS00009105,U0009105,2026-08-28,流失用户,0,211,0.1442
LCS00009106,U0009106,2026-08-28,流失用户,6,57,0.3343
LCS00009107,U0009107,2026-08-28,沉默用户,4,9,0.1835
LCS00009108,U0009108,2026-08-28,流失用户,2,69,0.3031
LCS00009109,U0009109,2026-08-28,活跃用户,5,4,0.1051
LCS00009110,U0009110,2026-08-28,沉默用户,13,27,0.1178
LCS00009111,U0009111,2026-08-28,流失用户,6,32,0.3613
LCS00009112,U0009112,2026-08-28,活跃用户,15,2,0.4655
LCS00009113,U0009113,2026-08-28,活跃用户,13,0,0.3447
LCS00009114,U0009114,2026-08-28,流失用户,5,159,0.4739
LCS00009115,U0009115,2026-08-28,活跃用户,7,5,0.2379
LCS00009116,U0009116,2026-08-28,活跃用户,11,0,0.2754
LCS00009117,U0009117,2026-08-28,活跃用户,6,2,0.1954
LCS00009118,U0009118,2026-08-28,沉默用户,12,9,0.268
LCS00009119,U0009119,2026-08-28,活跃用户,12,4,0.5724
LCS00009120,U0009120,2026-08-28,活跃用户,14,0,0.5405
LCS00009121,U0009121,2026-08-28,活跃用户,4,2,0.5378
LCS00009122,U0009122,2026-08-28,活跃用户,9,2,0.2052
LCS00009123,U0009123,2026-08-28,活跃用户,1,6,0.05
LCS00009124,U0009124,2026-08-28,活跃用户,17,2,0.4259
LCS00009125,U0009125,2026-08-28,活跃用户,12,1,0.2953
LCS00009126,U0009126,2026-08-28,活跃用户,15,7,0.05
LCS00009127,U0009127,2026-08-28,沉默用户,9,29,0.1678
LCS00009128,U0009128,2026-08-28,流失用户,3,41,0.4786
LCS00009129,U0009129,2026-08-28,活跃用户,13,6,0.3427
LCS00009130,U0009130,2026-08-28,活跃用户,3,2,0.1276
LCS00009131,U0009131,2026-08-28,活跃用户,15,3,0.244
LCS00009132,U0009132,2026-08-28,沉默用户,4,8,0.2634
LCS00009133,U0009133,2026-08-28,流失用户,1,147,0.3648
LCS00009134,U0009134,2026-08-28,活跃用户,12,0,0.4075
LCS00009135,U0009135,2026-08-28,沉默用户,1,17,0.1991
LCS00009136,U0009136,2026-08-28,流失用户,8,35,0.4781
LCS00009137,U0009137,2026-08-28,活跃用户,8,0,0.1518
LCS00009138,U0009138,2026-08-28,活跃用户,10,0,0.2166
LCS00009139,U0009139,2026-08-28,流失用户,3,185,0.2843
LCS00009140,U0009140,2026-08-28,活跃用户,8,1,0.3538
LCS00009141,U0009141,2026-08-28,活跃用户,5,0,0.05
LCS00009142,U0009142,2026-08-28,活跃用户,16,0,0.4124
LCS00009143,U0009143,2026-08-28,沉默用户,10,18,0.1668
LCS00009144,U0009144,2026-08-28,流失用户,3,178,0.4484
LCS00009145,U0009145,2026-08-28,活跃用户,15,1,0.0601
LCS00009146,U0009146,2026-08-28,活跃用户,12,5,0.1337
LCS00009147,U0009147,2026-08-28,活跃用户,12,5,0.4015
LCS00009148,U0009148,2026-08-28,流失用户,3,33,0.2393
LCS00009149,U0009149,2026-08-28,流失用户,13,91,0.1893
LCS00009150,U0009150,2026-08-28,流失用户,4,39,0.2404
LCS00009151,U0009151,2026-08-28,活跃用户,10,5,0.0636
LCS00009152,U0009152,2026-08-28,流失用户,0,145,0.2474
LCS00009153,U0009153,2026-08-28,流失用户,6,57,0.2593
LCS00009154,U0009154,2026-08-28,活跃用户,10,6,0.103
LCS00009155,U0009155,2026-08-28,沉默用户,7,26,0.3412
LCS00009156,U0009156,2026-08-28,活跃用户,12,4,0.2557
LCS00009157,U0009157,2026-08-28,流失用户,2,59,0.05
LCS00009158,U0009158,2026-08-28,沉默用户,8,22,0.0764
LCS00009159,U0009159,2026-08-28,沉默用户,8,9,0.2162
LCS00009160,U0009160,2026-08-28,沉默用户,13,8,0.3167
LCS00009161,U0009161,2026-08-28,沉默用户,13,9,0.5062
LCS00009162,U0009162,2026-08-28,沉默用户,10,20,0.5973
LCS00009163,U0009163,2026-08-28,沉默用户,12,26,0.2087
LCS00009164,U0009164,2026-08-28,沉默用户,2,24,0.153
LCS00009165,U0009165,2026-08-28,沉默用户,11,25,0.2803
LCS00009166,U0009166,2026-08-28,活跃用户,12,6,0.2326
LCS00009167,U0009167,2026-08-28,活跃用户,3,4,0.2579
LCS00009168,U0009168,2026-08-28,沉默用户,8,26,0.2883
LCS00009169,U0009169,2026-08-28,沉默用户,3,12,0.05
LCS00009170,U0009170,2026-08-28,流失用户,4,161,0.4064
LCS00009171,U0009171,2026-08-28,沉默用户,3,14,0.05
LCS00009172,U0009172,2026-08-28,沉默用户,7,20,0.3096
LCS00009173,U0009173,2026-08-28,流失用户,10,33,0.287
LCS00009174,U0009174,2026-08-28,流失用户,1,38,0.1599
LCS00009175,U0009175,2026-08-28,活跃用户,7,2,0.1042
LCS00009176,U0009176,2026-08-28,沉默用户,4,21,0.6351
LCS00009177,U0009177,2026-08-28,沉默用户,2,11,0.0673
LCS00009178,U0009178,2026-08-28,流失用户,6,49,0.3436
LCS00009179,U0009179,2026-08-28,沉默用户,2,27,0.4405
LCS00009180,U0009180,2026-08-28,流失用户,3,137,0.2321
LCS00009181,U0009181,2026-08-28,沉默用户,15,13,0.217
LCS00009182,U0009182,2026-08-28,活跃用户,8,2,0.4748
LCS00009183,U0009183,2026-08-28,流失用户,3,37,0.2597
LCS00009184,U0009184,2026-08-28,流失用户,1,158,0.3614
LCS00009185,U0009185,2026-08-28,活跃用户,9,3,0.1493
LCS00009186,U0009186,2026-08-28,活跃用户,3,4,0.3965
LCS00009187,U0009187,2026-08-28,流失用户,1,219,0.2642
LCS00009188,U0009188,2026-08-28,活跃用户,12,2,0.5949
LCS00009189,U0009189,2026-08-28,流失用户,4,120,0.4167
LCS00009190,U0009190,2026-08-28,沉默用户,7,8,0.05
LCS00009191,U0009191,2026-08-28,活跃用户,12,2,0.544
LCS00009192,U0009192,2026-08-28,活跃用户,8,0,0.0765
LCS00009193,U0009193,2026-08-28,流失用户,2,43,0.2734
LCS00009194,U0009194,2026-08-28,沉默用户,6,17,0.5064
LCS00009195,U0009195,2026-08-28,活跃用户,10,6,0.5409
LCS00009196,U0009196,2026-08-28,沉默用户,6,18,0.5149
LCS00009197,U0009197,2026-08-28,流失用户,0,220,0.1889
LCS00009198,U0009198,2026-08-28,流失用户,11,64,0.3598
LCS00009199,U0009199,2026-08-28,流失用户,0,236,0.05
LCS00009200,U0009200,2026-08-28,流失用户,8,100,0.2548
LCS00009201,U0009201,2026-08-28,沉默用户,6,12,0.4136
LCS00009202,U0009202,2026-08-28,沉默用户,9,16,0.2815
LCS00009203,U0009203,2026-08-28,流失用户,3,93,0.1104
LCS00009204,U0009204,2026-08-28,沉默用户,3,9,0.3378
LCS00009205,U0009205,2026-08-28,活跃用户,10,2,0.2753
LCS00009206,U0009206,2026-08-28,沉默用户,3,14,0.3137
LCS00009207,U0009207,2026-08-28,活跃用户,16,2,0.3671
LCS00009208,U0009208,2026-08-28,沉默用户,7,16,0.1135
LCS00009209,U0009209,2026-08-28,流失用户,13,53,0.307
LCS00009210,U0009210,2026-08-28,沉默用户,17,29,0.6255
LCS00009211,U0009211,2026-08-28,沉默用户,1,30,0.3897
LCS00009212,U0009212,2026-08-28,活跃用户,6,7,0.568
LCS00009213,U0009213,2026-08-28,活跃用户,4,5,0.2475
LCS00009214,U0009214,2026-08-28,活跃用户,13,3,0.4466
LCS00009215,U0009215,2026-08-28,活跃用户,6,2,0.4401
LCS00009216,U0009216,2026-08-28,活跃用户,16,1,0.4485
LCS00009217,U0009217,2026-08-28,沉默用户,10,8,0.2986
LCS00009218,U0009218,2026-08-28,流失用户,3,34,0.2597
LCS00009219,U0009219,2026-08-28,流失用户,4,35,0.3994
LCS00009220,U0009220,2026-08-28,流失用户,3,139,0.5828
LCS00009221,U0009221,2026-08-28,活跃用户,5,4,0.29
LCS00009222,U0009222,2026-08-28,流失用户,6,45,0.2783
LCS00009223,U0009223,2026-08-28,流失用户,10,57,0.3028
LCS00009224,U0009224,2026-08-28,沉默用户,11,13,0.2152
LCS00009225,U0009225,2026-08-28,活跃用户,11,5,0.2554
LCS00009226,U0009226,2026-08-28,新用户,4,0,0.4381
LCS00009227,U0009227,2026-08-28,活跃用户,11,0,0.2366
LCS00009228,U0009228,2026-08-28,流失用户,8,41,0.0612
LCS00009229,U0009229,2026-08-28,沉默用户,5,12,0.2516
LCS00009230,U0009230,2026-08-28,流失用户,2,114,0.3688
LCS00009231,U0009231,2026-08-28,流失用户,8,32,0.3402
LCS00009232,U0009232,2026-08-28,沉默用户,7,8,0.3492
LCS00009233,U0009233,2026-08-28,沉默用户,4,13,0.2671
LCS00009234,U0009234,2026-08-28,沉默用户,5,17,0.363
LCS00009235,U0009235,2026-08-28,活跃用户,12,1,0.4515
LCS00009236,U0009236,2026-08-28,流失用户,1,61,0.3098
LCS00009237,U0009237,2026-08-28,流失用户,3,58,0.1881
LCS00009238,U0009238,2026-08-28,活跃用户,16,0,0.3732
LCS00009239,U0009239,2026-08-28,活跃用户,5,3,0.3228
LCS00009240,U0009240,2026-08-28,流失用户,5,42,0.3537
LCS00009241,U0009241,2026-08-28,活跃用户,8,3,0.3956
LCS00009242,U0009242,2026-08-28,沉默用户,6,9,0.1707
LCS00009243,U0009243,2026-08-28,活跃用户,13,3,0.1103
LCS00009244,U0009244,2026-08-28,活跃用户,9,3,0.1996
LCS00009245,U0009245,2026-08-28,流失用户,5,39,0.3603
LCS00009246,U0009246,2026-08-28,流失用户,4,69,0.05
LCS00009247,U0009247,2026-08-28,活跃用户,10,6,0.2979
LCS00009248,U0009248,2026-08-28,流失用户,3,50,0.3007
LCS00009249,U0009249,2026-08-28,流失用户,2,220,0.236
LCS00009250,U0009250,2026-08-28,活跃用户,13,3,0.5589
LCS00009251,U0009251,2026-08-28,活跃用户,10,0,0.4402
LCS00009252,U0009252,2026-08-28,活跃用户,12,0,0.0715
LCS00009253,U0009253,2026-08-28,活跃用户,13,3,0.3599
LCS00009254,U0009254,2026-08-28,活跃用户,5,4,0.3001
LCS00009255,U0009255,2026-08-28,活跃用户,15,3,0.5464
LCS00009256,U0009256,2026-08-28,流失用户,5,112,0.5838
LCS00009257,U0009257,2026-08-28,沉默用户,11,13,0.3447
LCS00009258,U0009258,2026-08-28,沉默用户,6,24,0.4639
LCS00009259,U0009259,2026-08-28,沉默用户,12,11,0.2942
LCS00009260,U0009260,2026-08-28,沉默用户,7,13,0.4923
LCS00009261,U0009261,2026-08-28,活跃用户,9,0,0.2879
LCS00009262,U0009262,2026-08-28,沉默用户,16,8,0.3223
LCS00009263,U0009263,2026-08-28,沉默用户,5,21,0.3646
LCS00009264,U0009264,2026-08-28,活跃用户,11,3,0.444
LCS00009265,U0009265,2026-08-28,流失用户,16,39,0.3833
LCS00009266,U0009266,2026-08-28,活跃用户,5,1,0.05
LCS00009267,U0009267,2026-08-28,沉默用户,6,9,0.2479
LCS00009268,U0009268,2026-08-28,活跃用户,14,5,0.187
LCS00009269,U0009269,2026-08-28,活跃用户,13,1,0.3862
LCS00009270,U0009270,2026-08-28,沉默用户,11,21,0.4152
LCS00009271,U0009271,2026-08-28,活跃用户,4,2,0.3126
LCS00009272,U0009272,2026-08-28,活跃用户,3,3,0.4653
LCS00009273,U0009273,2026-08-28,流失用户,1,193,0.0649
LCS00009274,U0009274,2026-08-28,流失用户,4,79,0.4126
LCS00009275,U0009275,2026-08-28,沉默用户,2,25,0.4096
LCS00009276,U0009276,2026-08-28,沉默用户,4,26,0.4511
LCS00009277,U0009277,2026-08-28,新用户,4,0,0.2602
LCS00009278,U0009278,2026-08-28,流失用户,10,36,0.3265
LCS00009279,U0009279,2026-08-28,沉默用户,9,25,0.287
LCS00009280,U0009280,2026-08-28,沉默用户,8,24,0.3169
LCS00009281,U0009281,2026-08-28,流失用户,2,160,0.2645
LCS00009282,U0009282,2026-08-28,流失用户,12,48,0.2261
LCS00009283,U0009283,2026-08-28,活跃用户,14,7,0.382
LCS00009284,U0009284,2026-08-28,活跃用户,4,5,0.1326
LCS00009285,U0009285,2026-08-28,沉默用户,14,8,0.4205
LCS00009286,U0009286,2026-08-28,流失用户,14,33,0.2499
LCS00009287,U0009287,2026-08-28,沉默用户,1,17,0.4153
LCS00009288,U0009288,2026-08-28,新用户,2,0,0.2668
LCS00009289,U0009289,2026-08-28,流失用户,1,118,0.229
LCS00009290,U0009290,2026-08-28,流失用户,12,40,0.3272
LCS00009291,U0009291,2026-08-28,活跃用户,16,2,0.3445
LCS00009292,U0009292,2026-08-28,沉默用户,4,26,0.3207
LCS00009293,U0009293,2026-08-28,新用户,2,1,0.1775
LCS00009294,U0009294,2026-08-28,活跃用户,6,3,0.3344
LCS00009295,U0009295,2026-08-28,活跃用户,4,5,0.2501
LCS00009296,U0009296,2026-08-28,活跃用户,13,0,0.3336
LCS00009297,U0009297,2026-08-28,沉默用户,2,25,0.2044
LCS00009298,U0009298,2026-08-28,沉默用户,12,17,0.5649
LCS00009299,U0009299,2026-08-28,流失用户,2,188,0.4851
LCS00009300,U0009300,2026-08-28,流失用户,3,73,0.1911
LCS00009301,U0009301,2026-08-28,活跃用户,11,1,0.5157
LCS00009302,U0009302,2026-08-28,流失用户,4,35,0.4913
LCS00009303,U0009303,2026-08-28,沉默用户,5,9,0.4661
LCS00009304,U0009304,2026-08-28,活跃用户,12,3,0.3546
LCS00009305,U0009305,2026-08-28,活跃用户,11,4,0.6307
LCS00009306,U0009306,2026-08-28,流失用户,3,85,0.3484
LCS00009307,U0009307,2026-08-28,沉默用户,13,9,0.2425
LCS00009308,U0009308,2026-08-28,流失用户,4,95,0.654
LCS00009309,U0009309,2026-08-28,活跃用户,9,1,0.2105
LCS00009310,U0009310,2026-08-28,流失用户,3,55,0.1215
LCS00009311,U0009311,2026-08-28,沉默用户,9,10,0.4259
LCS00009312,U0009312,2026-08-28,流失用户,2,151,0.3594
LCS00009313,U0009313,2026-08-28,流失用户,5,32,0.2155
LCS00009314,U0009314,2026-08-28,沉默用户,11,21,0.3923
LCS00009315,U0009315,2026-08-28,沉默用户,2,25,0.4717
LCS00009316,U0009316,2026-08-28,活跃用户,14,0,0.6258
LCS00009317,U0009317,2026-08-28,流失用户,3,72,0.1426
LCS00009318,U0009318,2026-08-28,流失用户,3,101,0.2659
LCS00009319,U0009319,2026-08-28,活跃用户,12,0,0.3086
LCS00009320,U0009320,2026-08-28,新用户,3,0,0.2335
LCS00009321,U0009321,2026-08-28,活跃用户,5,5,0.2975
LCS00009322,U0009322,2026-08-28,新用户,4,0,0.3847
LCS00009323,U0009323,2026-08-28,流失用户,10,33,0.5891
LCS00009324,U0009324,2026-08-28,活跃用户,16,7,0.4946
LCS00009325,U0009325,2026-08-28,流失用户,4,89,0.4113
LCS00009326,U0009326,2026-08-28,活跃用户,10,5,0.2698
LCS00009327,U0009327,2026-08-28,活跃用户,14,3,0.0728
LCS00009328,U0009328,2026-08-28,流失用户,5,56,0.3446
LCS00009329,U0009329,2026-08-28,流失用户,9,40,0.3348
LCS00009330,U0009330,2026-08-28,流失用户,5,73,0.3018
LCS00009331,U0009331,2026-08-28,活跃用户,16,1,0.4078
LCS00009332,U0009332,2026-08-28,流失用户,2,63,0.3852
LCS00009333,U0009333,2026-08-28,活跃用户,10,3,0.4002
LCS00009334,U0009334,2026-08-28,活跃用户,11,0,0.3492
LCS00009335,U0009335,2026-08-28,沉默用户,4,12,0.2151
LCS00009336,U0009336,2026-08-28,沉默用户,4,13,0.0882
LCS00009337,U0009337,2026-08-28,沉默用户,6,11,0.3801
LCS00009338,U0009338,2026-08-28,沉默用户,8,18,0.0696
LCS00009339,U0009339,2026-08-28,活跃用户,5,2,0.3019
LCS00009340,U0009340,2026-08-28,活跃用户,13,3,0.2455
LCS00009341,U0009341,2026-08-28,流失用户,3,37,0.05
LCS00009342,U0009342,2026-08-28,活跃用户,3,7,0.5069
LCS00009343,U0009343,2026-08-28,流失用户,6,36,0.2026
LCS00009344,U0009344,2026-08-28,沉默用户,9,10,0.4256
LCS00009345,U0009345,2026-08-28,活跃用户,6,5,0.3423
LCS00009346,U0009346,2026-08-28,活跃用户,7,6,0.351
LCS00009347,U0009347,2026-08-28,活跃用户,11,2,0.1498
LCS00009348,U0009348,2026-08-28,沉默用户,8,10,0.2802
LCS00009349,U0009349,2026-08-28,活跃用户,13,0,0.4537
LCS00009350,U0009350,2026-08-28,活跃用户,6,7,0.3986
LCS00009351,U0009351,2026-08-28,沉默用户,15,8,0.4192
LCS00009352,U0009352,2026-08-28,沉默用户,7,28,0.2615
LCS00009353,U0009353,2026-08-28,活跃用户,12,6,0.2909
LCS00009354,U0009354,2026-08-28,活跃用户,16,0,0.3444
LCS00009355,U0009355,2026-08-28,活跃用户,10,0,0.3161
LCS00009356,U0009356,2026-08-28,活跃用户,11,1,0.3904
LCS00009357,U0009357,2026-08-28,活跃用户,9,2,0.1827
LCS00009358,U0009358,2026-08-28,沉默用户,8,9,0.3546
LCS00009359,U0009359,2026-08-28,活跃用户,13,0,0.412
LCS00009360,U0009360,2026-08-28,流失用户,3,120,0.3857
LCS00009361,U0009361,2026-08-28,活跃用户,10,0,0.3696
LCS00009362,U0009362,2026-08-28,沉默用户,2,8,0.1013
LCS00009363,U0009363,2026-08-28,流失用户,4,33,0.3236
LCS00009364,U0009364,2026-08-28,活跃用户,14,0,0.5205
LCS00009365,U0009365,2026-08-28,沉默用户,7,17,0.2248
LCS00009366,U0009366,2026-08-28,沉默用户,1,10,0.1123
LCS00009367,U0009367,2026-08-28,活跃用户,13,6,0.627
LCS00009368,U0009368,2026-08-28,沉默用户,2,23,0.367
LCS00009369,U0009369,2026-08-28,流失用户,3,32,0.3512
LCS00009370,U0009370,2026-08-28,沉默用户,12,8,0.5035
LCS00009371,U0009371,2026-08-28,流失用户,1,35,0.345
LCS00009372,U0009372,2026-08-28,流失用户,2,48,0.4202
LCS00009373,U0009373,2026-08-28,活跃用户,3,0,0.2208
LCS00009374,U0009374,2026-08-28,活跃用户,11,0,0.4425
LCS00009375,U0009375,2026-08-28,沉默用户,9,21,0.3624
LCS00009376,U0009376,2026-08-28,流失用户,1,156,0.0912
LCS00009377,U0009377,2026-08-28,流失用户,8,36,0.3224
LCS00009378,U0009378,2026-08-28,沉默用户,2,16,0.3688
LCS00009379,U0009379,2026-08-28,活跃用户,4,3,0.3291
LCS00009380,U0009380,2026-08-28,活跃用户,3,3,0.1872
LCS00009381,U0009381,2026-08-28,活跃用户,6,0,0.3628
LCS00009382,U0009382,2026-08-28,流失用户,3,65,0.0994
LCS00009383,U0009383,2026-08-28,沉默用户,2,28,0.2772
LCS00009384,U0009384,2026-08-28,活跃用户,12,1,0.4004
LCS00009385,U0009385,2026-08-28,活跃用户,18,6,0.4225
LCS00009386,U0009386,2026-08-28,活跃用户,4,4,0.4049
LCS00009387,U0009387,2026-08-28,活跃用户,11,2,0.2967
LCS00009388,U0009388,2026-08-28,流失用户,3,99,0.3356
LCS00009389,U0009389,2026-08-28,沉默用户,14,24,0.3826
LCS00009390,U0009390,2026-08-28,活跃用户,14,1,0.3292
LCS00009391,U0009391,2026-08-28,沉默用户,11,12,0.5848
LCS00009392,U0009392,2026-08-28,沉默用户,4,22,0.1501
LCS00009393,U0009393,2026-08-28,活跃用户,13,4,0.2851
LCS00009394,U0009394,2026-08-28,活跃用户,15,3,0.5363
LCS00009395,U0009395,2026-08-28,流失用户,12,54,0.4312
LCS00009396,U0009396,2026-08-28,活跃用户,7,7,0.1775
LCS00009397,U0009397,2026-08-28,沉默用户,3,16,0.1537
LCS00009398,U0009398,2026-08-28,沉默用户,17,13,0.2786
LCS00009399,U0009399,2026-08-28,沉默用户,8,17,0.5387
LCS00009400,U0009400,2026-08-28,沉默用户,14,20,0.3623
LCS00009401,U0009401,2026-08-28,沉默用户,4,8,0.3922
LCS00009402,U0009402,2026-08-28,沉默用户,11,13,0.6208
LCS00009403,U0009403,2026-08-28,活跃用户,9,0,0.2836
LCS00009404,U0009404,2026-08-28,活跃用户,12,3,0.05
LCS00009405,U0009405,2026-08-28,沉默用户,12,10,0.5265
LCS00009406,U0009406,2026-08-28,活跃用户,2,1,0.1877
LCS00009407,U0009407,2026-08-28,沉默用户,9,21,0.0941
LCS00009408,U0009408,2026-08-28,流失用户,3,56,0.3259
LCS00009409,U0009409,2026-08-28,沉默用户,7,13,0.3917
LCS00009410,U0009410,2026-08-28,活跃用户,16,1,0.458
LCS00009411,U0009411,2026-08-28,活跃用户,8,3,0.3223
LCS00009412,U0009412,2026-08-28,沉默用户,4,21,0.2283
LCS00009413,U0009413,2026-08-28,活跃用户,7,2,0.2058
LCS00009414,U0009414,2026-08-28,沉默用户,8,27,0.4049
LCS00009415,U0009415,2026-08-28,流失用户,4,69,0.456
LCS00009416,U0009416,2026-08-28,活跃用户,6,2,0.4163
LCS00009417,U0009417,2026-08-28,活跃用户,2,3,0.3958
LCS00009418,U0009418,2026-08-28,新用户,3,1,0.2306
LCS00009419,U0009419,2026-08-28,活跃用户,11,4,0.4285
LCS00009420,U0009420,2026-08-28,沉默用户,7,30,0.4219
LCS00009421,U0009421,2026-08-28,流失用户,1,114,0.2599
LCS00009422,U0009422,2026-08-28,流失用户,1,196,0.3598
LCS00009423,U0009423,2026-08-28,流失用户,4,151,0.3142
LCS00009424,U0009424,2026-08-28,沉默用户,1,18,0.05
LCS00009425,U0009425,2026-08-28,流失用户,4,38,0.3213
LCS00009426,U0009426,2026-08-28,沉默用户,3,15,0.402
LCS00009427,U0009427,2026-08-28,活跃用户,2,4,0.1407
LCS00009428,U0009428,2026-08-28,流失用户,8,46,0.4182
LCS00009429,U0009429,2026-08-28,流失用户,7,40,0.4377
LCS00009430,U0009430,2026-08-28,流失用户,7,103,0.3017
LCS00009431,U0009431,2026-08-28,沉默用户,5,19,0.1521
LCS00009432,U0009432,2026-08-28,沉默用户,7,15,0.2289
LCS00009433,U0009433,2026-08-28,沉默用户,5,18,0.105
LCS00009434,U0009434,2026-08-28,流失用户,0,91,0.1015
LCS00009435,U0009435,2026-08-28,流失用户,7,45,0.3735
LCS00009436,U0009436,2026-08-28,沉默用户,3,19,0.2703
LCS00009437,U0009437,2026-08-28,流失用户,2,76,0.2545
LCS00009438,U0009438,2026-08-28,流失用户,3,63,0.2144
LCS00009439,U0009439,2026-08-28,沉默用户,10,23,0.3934
LCS00009440,U0009440,2026-08-28,沉默用户,11,9,0.4107
LCS00009441,U0009441,2026-08-28,流失用户,8,59,0.3611
LCS00009442,U0009442,2026-08-28,活跃用户,13,5,0.2379
LCS00009443,U0009443,2026-08-28,活跃用户,12,4,0.2213
LCS00009444,U0009444,2026-08-28,沉默用户,7,15,0.5585
LCS00009445,U0009445,2026-08-28,沉默用户,7,20,0.4874
LCS00009446,U0009446,2026-08-28,活跃用户,16,1,0.2173
LCS00009447,U0009447,2026-08-28,流失用户,3,50,0.05
LCS00009448,U0009448,2026-08-28,流失用户,1,184,0.3459
LCS00009449,U0009449,2026-08-28,流失用户,5,37,0.2805
LCS00009450,U0009450,2026-08-28,流失用户,1,71,0.3778
LCS00009451,U0009451,2026-08-28,沉默用户,2,22,0.2545
LCS00009452,U0009452,2026-08-28,沉默用户,4,22,0.2735
LCS00009453,U0009453,2026-08-28,沉默用户,4,10,0.1726
LCS00009454,U0009454,2026-08-28,流失用户,4,82,0.2673
LCS00009455,U0009455,2026-08-28,沉默用户,10,15,0.2076
LCS00009456,U0009456,2026-08-28,流失用户,9,35,0.5234
LCS00009457,U0009457,2026-08-28,流失用户,4,107,0.3544
LCS00009458,U0009458,2026-08-28,沉默用户,9,19,0.0752
LCS00009459,U0009459,2026-08-28,流失用户,3,32,0.4312
LCS00009460,U0009460,2026-08-28,沉默用户,4,8,0.4635
LCS00009461,U0009461,2026-08-28,活跃用户,6,4,0.261
LCS00009462,U0009462,2026-08-28,流失用户,14,39,0.1277
LCS00009463,U0009463,2026-08-28,流失用户,0,92,0.1362
LCS00009464,U0009464,2026-08-28,流失用户,10,44,0.1256
LCS00009465,U0009465,2026-08-28,沉默用户,11,20,0.5555
LCS00009466,U0009466,2026-08-28,沉默用户,14,12,0.3479
LCS00009467,U0009467,2026-08-28,活跃用户,7,1,0.5144
LCS00009468,U0009468,2026-08-28,流失用户,0,171,0.05
LCS00009469,U0009469,2026-08-28,活跃用户,8,2,0.4428
LCS00009470,U0009470,2026-08-28,流失用户,3,87,0.3143
LCS00009471,U0009471,2026-08-28,活跃用户,7,5,0.1361
LCS00009472,U0009472,2026-08-28,活跃用户,11,0,0.2054
LCS00009473,U0009473,2026-08-28,沉默用户,4,24,0.312
LCS00009474,U0009474,2026-08-28,活跃用户,7,1,0.0988
LCS00009475,U0009475,2026-08-28,活跃用户,3,6,0.2943
LCS00009476,U0009476,2026-08-28,流失用户,1,214,0.2456
LCS00009477,U0009477,2026-08-28,流失用户,6,31,0.4397
LCS00009478,U0009478,2026-08-28,活跃用户,10,0,0.4381
LCS00009479,U0009479,2026-08-28,沉默用户,9,21,0.3741
LCS00009480,U0009480,2026-08-28,活跃用户,6,2,0.3729
LCS00009481,U0009481,2026-08-28,流失用户,3,83,0.4284
LCS00009482,U0009482,2026-08-28,流失用户,3,31,0.1172
LCS00009483,U0009483,2026-08-28,沉默用户,3,20,0.3786
LCS00009484,U0009484,2026-08-28,活跃用户,11,2,0.4874
LCS00009485,U0009485,2026-08-28,流失用户,2,74,0.3436
LCS00009486,U0009486,2026-08-28,流失用户,7,56,0.7048
LCS00009487,U0009487,2026-08-28,活跃用户,11,1,0.3157
LCS00009488,U0009488,2026-08-28,沉默用户,8,11,0.212
LCS00009489,U0009489,2026-08-28,沉默用户,16,14,0.2165
LCS00009490,U0009490,2026-08-28,沉默用户,9,21,0.2865
LCS00009491,U0009491,2026-08-28,沉默用户,13,9,0.4711
LCS00009492,U0009492,2026-08-28,流失用户,3,37,0.4708
LCS00009493,U0009493,2026-08-28,沉默用户,13,10,0.2855
LCS00009494,U0009494,2026-08-28,沉默用户,14,17,0.0844
LCS00009495,U0009495,2026-08-28,流失用户,5,147,0.2984
LCS00009496,U0009496,2026-08-28,活跃用户,15,1,0.4643
LCS00009497,U0009497,2026-08-28,流失用户,3,54,0.2986
LCS00009498,U0009498,2026-08-28,沉默用户,10,12,0.4369
LCS00009499,U0009499,2026-08-28,活跃用户,12,6,0.05
LCS00009500,U0009500,2026-08-28,沉默用户,8,17,0.2962
LCS00009501,U0009501,2026-08-28,沉默用户,10,8,0.262
LCS00009502,U0009502,2026-08-28,流失用户,1,60,0.1133
LCS00009503,U0009503,2026-08-28,流失用户,8,34,0.4396
LCS00009504,U0009504,2026-08-28,沉默用户,4,29,0.2763
LCS00009505,U0009505,2026-08-28,活跃用户,6,0,0.284
LCS00009506,U0009506,2026-08-28,沉默用户,3,22,0.2817
LCS00009507,U0009507,2026-08-28,活跃用户,11,0,0.404
LCS00009508,U0009508,2026-08-28,流失用户,3,54,0.106
LCS00009509,U0009509,2026-08-28,沉默用户,4,13,0.1254
LCS00009510,U0009510,2026-08-28,活跃用户,8,0,0.5002
LCS00009511,U0009511,2026-08-28,活跃用户,2,3,0.3195
LCS00009512,U0009512,2026-08-28,活跃用户,4,6,0.4307
LCS00009513,U0009513,2026-08-28,流失用户,3,104,0.4278
LCS00009514,U0009514,2026-08-28,新用户,6,0,0.4605
LCS00009515,U0009515,2026-08-28,流失用户,5,83,0.2765
LCS00009516,U0009516,2026-08-28,活跃用户,7,7,0.3624
LCS00009517,U0009517,2026-08-28,流失用户,2,96,0.3723
LCS00009518,U0009518,2026-08-28,流失用户,6,57,0.05
LCS00009519,U0009519,2026-08-28,流失用户,2,124,0.3591
LCS00009520,U0009520,2026-08-28,活跃用户,5,6,0.2415
LCS00009521,U0009521,2026-08-28,流失用户,2,81,0.195
LCS00009522,U0009522,2026-08-28,活跃用户,14,1,0.5587
LCS00009523,U0009523,2026-08-28,沉默用户,9,17,0.1947
LCS00009524,U0009524,2026-08-28,活跃用户,4,4,0.3242
LCS00009525,U0009525,2026-08-28,活跃用户,2,1,0.416
LCS00009526,U0009526,2026-08-28,活跃用户,10,1,0.4597
LCS00009527,U0009527,2026-08-28,新用户,5,0,0.2795
LCS00009528,U0009528,2026-08-28,活跃用户,5,1,0.2727
LCS00009529,U0009529,2026-08-28,活跃用户,5,1,0.05
LCS00009530,U0009530,2026-08-28,沉默用户,5,9,0.236
LCS00009531,U0009531,2026-08-28,沉默用户,8,12,0.4149
LCS00009532,U0009532,2026-08-28,活跃用户,8,0,0.3015
LCS00009533,U0009533,2026-08-28,流失用户,3,60,0.3083
LCS00009534,U0009534,2026-08-28,沉默用户,5,21,0.2204
LCS00009535,U0009535,2026-08-28,活跃用户,18,2,0.4193
LCS00009536,U0009536,2026-08-28,活跃用户,14,1,0.5352
LCS00009537,U0009537,2026-08-28,活跃用户,13,4,0.3588
LCS00009538,U0009538,2026-08-28,活跃用户,6,0,0.1022
LCS00009539,U0009539,2026-08-28,活跃用户,6,2,0.3151
LCS00009540,U0009540,2026-08-28,活跃用户,10,7,0.2189
LCS00009541,U0009541,2026-08-28,活跃用户,7,2,0.2284
LCS00009542,U0009542,2026-08-28,沉默用户,2,9,0.3578
LCS00009543,U0009543,2026-08-28,活跃用户,13,1,0.5768
LCS00009544,U0009544,2026-08-28,流失用户,0,167,0.3543
LCS00009545,U0009545,2026-08-28,流失用户,2,97,0.3069
LCS00009546,U0009546,2026-08-28,沉默用户,9,16,0.3573
LCS00009547,U0009547,2026-08-28,活跃用户,12,2,0.4632
LCS00009548,U0009548,2026-08-28,沉默用户,7,11,0.3966
LCS00009549,U0009549,2026-08-28,活跃用户,12,3,0.05
LCS00009550,U0009550,2026-08-28,活跃用户,13,0,0.1396
LCS00009551,U0009551,2026-08-28,活跃用户,8,0,0.1761
LCS00009552,U0009552,2026-08-28,活跃用户,13,0,0.4882
LCS00009553,U0009553,2026-08-28,活跃用户,9,1,0.5657
LCS00009554,U0009554,2026-08-28,活跃用户,16,3,0.3863
LCS00009555,U0009555,2026-08-28,活跃用户,5,0,0.05
LCS00009556,U0009556,2026-08-28,活跃用户,8,6,0.2614
LCS00009557,U0009557,2026-08-28,流失用户,2,74,0.143
LCS00009558,U0009558,2026-08-28,沉默用户,3,8,0.3418
LCS00009559,U0009559,2026-08-28,沉默用户,5,13,0.4213
LCS00009560,U0009560,2026-08-28,流失用户,2,84,0.4178
LCS00009561,U0009561,2026-08-28,活跃用户,8,0,0.2635
LCS00009562,U0009562,2026-08-28,活跃用户,11,6,0.1054
LCS00009563,U0009563,2026-08-28,流失用户,5,114,0.2382
LCS00009564,U0009564,2026-08-28,活跃用户,10,2,0.2339
LCS00009565,U0009565,2026-08-28,沉默用户,4,8,0.2335
LCS00009566,U0009566,2026-08-28,活跃用户,15,4,0.3917
LCS00009567,U0009567,2026-08-28,流失用户,2,53,0.05
LCS00009568,U0009568,2026-08-28,沉默用户,13,14,0.2574
LCS00009569,U0009569,2026-08-28,流失用户,2,63,0.2013
LCS00009570,U0009570,2026-08-28,活跃用户,10,0,0.2494
LCS00009571,U0009571,2026-08-28,新用户,2,0,0.3895
LCS00009572,U0009572,2026-08-28,流失用户,2,143,0.399
LCS00009573,U0009573,2026-08-28,活跃用户,8,0,0.5504
LCS00009574,U0009574,2026-08-28,流失用户,1,206,0.3643
LCS00009575,U0009575,2026-08-28,流失用户,6,105,0.5227
LCS00009576,U0009576,2026-08-28,活跃用户,12,0,0.3968
LCS00009577,U0009577,2026-08-28,活跃用户,7,0,0.2355
LCS00009578,U0009578,2026-08-28,新用户,3,0,0.4363
LCS00009579,U0009579,2026-08-28,活跃用户,6,2,0.3083
LCS00009580,U0009580,2026-08-28,沉默用户,2,8,0.2403
LCS00009581,U0009581,2026-08-28,沉默用户,8,9,0.1712
LCS00009582,U0009582,2026-08-28,流失用户,4,33,0.3024
LCS00009583,U0009583,2026-08-28,流失用户,1,52,0.2815
LCS00009584,U0009584,2026-08-28,沉默用户,12,11,0.3022
LCS00009585,U0009585,2026-08-28,流失用户,3,126,0.2137
LCS00009586,U0009586,2026-08-28,流失用户,1,51,0.1412
LCS00009587,U0009587,2026-08-28,流失用户,6,104,0.3587
LCS00009588,U0009588,2026-08-28,流失用户,7,39,0.5659
LCS00009589,U0009589,2026-08-28,流失用户,1,151,0.085
LCS00009590,U0009590,2026-08-28,沉默用户,4,25,0.1336
LCS00009591,U0009591,2026-08-28,沉默用户,4,22,0.4356
LCS00009592,U0009592,2026-08-28,沉默用户,11,11,0.5783
LCS00009593,U0009593,2026-08-28,沉默用户,16,10,0.3691
LCS00009594,U0009594,2026-08-28,流失用户,3,98,0.1627
LCS00009595,U0009595,2026-08-28,沉默用户,6,12,0.2192
LCS00009596,U0009596,2026-08-28,新用户,2,3,0.05
LCS00009597,U0009597,2026-08-28,活跃用户,4,1,0.1537
LCS00009598,U0009598,2026-08-28,流失用户,7,116,0.4392
LCS00009599,U0009599,2026-08-28,新用户,1,0,0.3906
LCS00009600,U0009600,2026-08-28,活跃用户,6,3,0.4668
LCS00009601,U0009601,2026-08-28,流失用户,4,38,0.2807
LCS00009602,U0009602,2026-08-28,流失用户,1,230,0.3971
LCS00009603,U0009603,2026-08-28,沉默用户,1,24,0.05
LCS00009604,U0009604,2026-08-28,活跃用户,11,2,0.2955
LCS00009605,U0009605,2026-08-28,活跃用户,4,4,0.2355
LCS00009606,U0009606,2026-08-28,活跃用户,2,4,0.2557
LCS00009607,U0009607,2026-08-28,活跃用户,3,0,0.05
LCS00009608,U0009608,2026-08-28,流失用户,4,32,0.2835
LCS00009609,U0009609,2026-08-28,沉默用户,9,8,0.4625
LCS00009610,U0009610,2026-08-28,沉默用户,5,19,0.2911
LCS00009611,U0009611,2026-08-28,活跃用户,12,4,0.1724
LCS00009612,U0009612,2026-08-28,活跃用户,5,2,0.3887
LCS00009613,U0009613,2026-08-28,活跃用户,14,0,0.3742
LCS00009614,U0009614,2026-08-28,沉默用户,8,26,0.1783
LCS00009615,U0009615,2026-08-28,活跃用户,13,2,0.2904
LCS00009616,U0009616,2026-08-28,活跃用户,10,3,0.5326
LCS00009617,U0009617,2026-08-28,流失用户,2,89,0.05
LCS00009618,U0009618,2026-08-28,流失用户,4,46,0.268
LCS00009619,U0009619,2026-08-28,活跃用户,13,6,0.3355
LCS00009620,U0009620,2026-08-28,活跃用户,15,2,0.1766
LCS00009621,U0009621,2026-08-28,沉默用户,4,9,0.2549
LCS00009622,U0009622,2026-08-28,活跃用户,11,4,0.2473
LCS00009623,U0009623,2026-08-28,活跃用户,13,0,0.2138
LCS00009624,U0009624,2026-08-28,活跃用户,3,1,0.2546
LCS00009625,U0009625,2026-08-28,活跃用户,17,2,0.4906
LCS00009626,U0009626,2026-08-28,活跃用户,13,2,0.1456
LCS00009627,U0009627,2026-08-28,沉默用户,6,23,0.3848
LCS00009628,U0009628,2026-08-28,活跃用户,12,6,0.2446
LCS00009629,U0009629,2026-08-28,流失用户,2,31,0.22
LCS00009630,U0009630,2026-08-28,活跃用户,10,0,0.1828
LCS00009631,U0009631,2026-08-28,流失用户,2,157,0.3548
LCS00009632,U0009632,2026-08-28,活跃用户,6,3,0.2461
LCS00009633,U0009633,2026-08-28,沉默用户,3,8,0.0718
LCS00009634,U0009634,2026-08-28,沉默用户,14,13,0.3332
LCS00009635,U0009635,2026-08-28,沉默用户,11,25,0.2517
LCS00009636,U0009636,2026-08-28,流失用户,1,82,0.13
LCS00009637,U0009637,2026-08-28,活跃用户,4,0,0.1051
LCS00009638,U0009638,2026-08-28,沉默用户,8,9,0.1279
LCS00009639,U0009639,2026-08-28,流失用户,7,51,0.3104
LCS00009640,U0009640,2026-08-28,活跃用户,8,6,0.3095
LCS00009641,U0009641,2026-08-28,沉默用户,13,9,0.05
LCS00009642,U0009642,2026-08-28,沉默用户,5,14,0.4851
LCS00009643,U0009643,2026-08-28,沉默用户,10,13,0.2693
LCS00009644,U0009644,2026-08-28,流失用户,4,127,0.0763
LCS00009645,U0009645,2026-08-28,沉默用户,9,28,0.3741
LCS00009646,U0009646,2026-08-28,沉默用户,11,17,0.2565
LCS00009647,U0009647,2026-08-28,沉默用户,10,8,0.1551
LCS00009648,U0009648,2026-08-28,沉默用户,6,29,0.5713
LCS00009649,U0009649,2026-08-28,沉默用户,4,19,0.4438
LCS00009650,U0009650,2026-08-28,活跃用户,13,0,0.3924
LCS00009651,U0009651,2026-08-28,流失用户,2,143,0.3879
LCS00009652,U0009652,2026-08-28,流失用户,0,201,0.236
LCS00009653,U0009653,2026-08-28,沉默用户,7,12,0.3143
LCS00009654,U0009654,2026-08-28,沉默用户,9,17,0.4139
LCS00009655,U0009655,2026-08-28,沉默用户,6,18,0.3883
LCS00009656,U0009656,2026-08-28,流失用户,4,40,0.3711
LCS00009657,U0009657,2026-08-28,流失用户,3,79,0.3479
LCS00009658,U0009658,2026-08-28,沉默用户,16,13,0.274
LCS00009659,U0009659,2026-08-28,沉默用户,10,17,0.3726
LCS00009660,U0009660,2026-08-28,流失用户,5,135,0.4089
LCS00009661,U0009661,2026-08-28,流失用户,8,53,0.318
LCS00009662,U0009662,2026-08-28,活跃用户,14,4,0.1215
LCS00009663,U0009663,2026-08-28,活跃用户,18,2,0.4582
LCS00009664,U0009664,2026-08-28,流失用户,5,64,0.1852
LCS00009665,U0009665,2026-08-28,活跃用户,14,5,0.5005
LCS00009666,U0009666,2026-08-28,活跃用户,12,6,0.3072
LCS00009667,U0009667,2026-08-28,活跃用户,6,6,0.0873
LCS00009668,U0009668,2026-08-28,沉默用户,6,17,0.2198
LCS00009669,U0009669,2026-08-28,沉默用户,16,9,0.4144
LCS00009670,U0009670,2026-08-28,活跃用户,7,0,0.2898
LCS00009671,U0009671,2026-08-28,沉默用户,0,22,0.05
LCS00009672,U0009672,2026-08-28,沉默用户,11,11,0.0714
LCS00009673,U0009673,2026-08-28,活跃用户,5,2,0.6013
LCS00009674,U0009674,2026-08-28,活跃用户,13,0,0.05
LCS00009675,U0009675,2026-08-28,活跃用户,11,6,0.4402
LCS00009676,U0009676,2026-08-28,流失用户,2,36,0.452
LCS00009677,U0009677,2026-08-28,流失用户,11,46,0.36
LCS00009678,U0009678,2026-08-28,流失用户,4,63,0.4344
LCS00009679,U0009679,2026-08-28,沉默用户,14,16,0.2335
LCS00009680,U0009680,2026-08-28,沉默用户,4,13,0.4293
LCS00009681,U0009681,2026-08-28,流失用户,2,170,0.252
LCS00009682,U0009682,2026-08-28,活跃用户,8,7,0.2624
LCS00009683,U0009683,2026-08-28,活跃用户,6,4,0.3806
LCS00009684,U0009684,2026-08-28,流失用户,5,45,0.4309
LCS00009685,U0009685,2026-08-28,沉默用户,10,12,0.5536
LCS00009686,U0009686,2026-08-28,流失用户,4,94,0.4809
LCS00009687,U0009687,2026-08-28,流失用户,5,32,0.4156
LCS00009688,U0009688,2026-08-28,沉默用户,18,15,0.3003
LCS00009689,U0009689,2026-08-28,活跃用户,14,4,0.3535
LCS00009690,U0009690,2026-08-28,沉默用户,1,23,0.0934
LCS00009691,U0009691,2026-08-28,活跃用户,15,2,0.283
LCS00009692,U0009692,2026-08-28,沉默用户,3,9,0.2785
LCS00009693,U0009693,2026-08-28,活跃用户,14,5,0.207
LCS00009694,U0009694,2026-08-28,活跃用户,6,5,0.4886
LCS00009695,U0009695,2026-08-28,活跃用户,10,0,0.2856
LCS00009696,U0009696,2026-08-28,新用户,1,0,0.2626
LCS00009697,U0009697,2026-08-28,流失用户,4,32,0.2545
LCS00009698,U0009698,2026-08-28,沉默用户,3,26,0.2303
LCS00009699,U0009699,2026-08-28,流失用户,5,43,0.3591
LCS00009700,U0009700,2026-08-28,流失用户,2,34,0.4612
LCS00009701,U0009701,2026-08-28,沉默用户,14,15,0.3978
LCS00009702,U0009702,2026-08-28,活跃用户,7,1,0.3122
LCS00009703,U0009703,2026-08-28,沉默用户,9,23,0.3623
LCS00009704,U0009704,2026-08-28,活跃用户,14,5,0.1969
LCS00009705,U0009705,2026-08-28,活跃用户,2,4,0.2028
LCS00009706,U0009706,2026-08-28,活跃用户,10,6,0.2049
LCS00009707,U0009707,2026-08-28,沉默用户,4,16,0.1704
LCS00009708,U0009708,2026-08-28,活跃用户,12,0,0.4692
LCS00009709,U0009709,2026-08-28,活跃用户,5,5,0.2954
LCS00009710,U0009710,2026-08-28,活跃用户,9,0,0.2976
LCS00009711,U0009711,2026-08-28,活跃用户,9,5,0.3718
LCS00009712,U0009712,2026-08-28,活跃用户,7,2,0.4842
LCS00009713,U0009713,2026-08-28,活跃用户,11,5,0.2158
LCS00009714,U0009714,2026-08-28,活跃用户,11,1,0.05
LCS00009715,U0009715,2026-08-28,流失用户,1,180,0.3425
LCS00009716,U0009716,2026-08-28,流失用户,9,35,0.4997
LCS00009717,U0009717,2026-08-28,活跃用户,8,4,0.2176
LCS00009718,U0009718,2026-08-28,活跃用户,14,4,0.5301
LCS00009719,U0009719,2026-08-28,活跃用户,12,2,0.486
LCS00009720,U0009720,2026-08-28,活跃用户,14,5,0.369
LCS00009721,U0009721,2026-08-28,沉默用户,13,11,0.3672
LCS00009722,U0009722,2026-08-28,沉默用户,9,10,0.2678
LCS00009723,U0009723,2026-08-28,流失用户,1,60,0.05
LCS00009724,U0009724,2026-08-28,活跃用户,11,3,0.3112
LCS00009725,U0009725,2026-08-28,活跃用户,7,1,0.6516
LCS00009726,U0009726,2026-08-28,沉默用户,14,14,0.4446
LCS00009727,U0009727,2026-08-28,沉默用户,12,19,0.298
LCS00009728,U0009728,2026-08-28,活跃用户,7,5,0.05
LCS00009729,U0009729,2026-08-28,沉默用户,4,26,0.2237
LCS00009730,U0009730,2026-08-28,沉默用户,15,13,0.1123
LCS00009731,U0009731,2026-08-28,沉默用户,13,9,0.4329
LCS00009732,U0009732,2026-08-28,流失用户,1,77,0.3322
LCS00009733,U0009733,2026-08-28,流失用户,5,58,0.4256
LCS00009734,U0009734,2026-08-28,沉默用户,4,27,0.4302
LCS00009735,U0009735,2026-08-28,沉默用户,17,14,0.2607
LCS00009736,U0009736,2026-08-28,活跃用户,10,0,0.2718
LCS00009737,U0009737,2026-08-28,沉默用户,11,16,0.3261
LCS00009738,U0009738,2026-08-28,活跃用户,14,1,0.4208
LCS00009739,U0009739,2026-08-28,新用户,2,0,0.4445
LCS00009740,U0009740,2026-08-28,沉默用户,14,8,0.1657
LCS00009741,U0009741,2026-08-28,沉默用户,9,12,0.1216
LCS00009742,U0009742,2026-08-28,活跃用户,4,0,0.1611
LCS00009743,U0009743,2026-08-28,流失用户,3,99,0.2278
LCS00009744,U0009744,2026-08-28,流失用户,11,50,0.2468
LCS00009745,U0009745,2026-08-28,流失用户,5,46,0.2565
LCS00009746,U0009746,2026-08-28,沉默用户,11,15,0.3464
LCS00009747,U0009747,2026-08-28,流失用户,8,33,0.2986
LCS00009748,U0009748,2026-08-28,沉默用户,13,23,0.219
LCS00009749,U0009749,2026-08-28,新用户,2,0,0.3091
LCS00009750,U0009750,2026-08-28,沉默用户,11,8,0.2264
LCS00009751,U0009751,2026-08-28,活跃用户,7,5,0.2358
LCS00009752,U0009752,2026-08-28,活跃用户,10,7,0.3552
LCS00009753,U0009753,2026-08-28,沉默用户,14,9,0.2273
LCS00009754,U0009754,2026-08-28,沉默用户,16,12,0.3485
LCS00009755,U0009755,2026-08-28,沉默用户,10,9,0.2821
LCS00009756,U0009756,2026-08-28,流失用户,5,60,0.2036
LCS00009757,U0009757,2026-08-28,流失用户,7,55,0.1562
LCS00009758,U0009758,2026-08-28,活跃用户,14,0,0.5165
LCS00009759,U0009759,2026-08-28,流失用户,4,107,0.3206
LCS00009760,U0009760,2026-08-28,流失用户,5,79,0.5315
LCS00009761,U0009761,2026-08-28,沉默用户,13,19,0.1335
LCS00009762,U0009762,2026-08-28,活跃用户,7,1,0.5806
LCS00009763,U0009763,2026-08-28,沉默用户,4,9,0.1947
LCS00009764,U0009764,2026-08-28,沉默用户,9,11,0.2067
LCS00009765,U0009765,2026-08-28,沉默用户,1,25,0.4482
LCS00009766,U0009766,2026-08-28,沉默用户,4,23,0.3153
LCS00009767,U0009767,2026-08-28,沉默用户,6,24,0.353
LCS00009768,U0009768,2026-08-28,活跃用户,14,5,0.4078
LCS00009769,U0009769,2026-08-28,沉默用户,16,19,0.3274
LCS00009770,U0009770,2026-08-28,活跃用户,14,2,0.2495
LCS00009771,U0009771,2026-08-28,活跃用户,13,0,0.2816
LCS00009772,U0009772,2026-08-28,沉默用户,10,21,0.1238
LCS00009773,U0009773,2026-08-28,活跃用户,6,4,0.4563
LCS00009774,U0009774,2026-08-28,流失用户,3,172,0.4691
LCS00009775,U0009775,2026-08-28,活跃用户,4,1,0.2449
LCS00009776,U0009776,2026-08-28,活跃用户,16,2,0.0872
LCS00009777,U0009777,2026-08-28,活跃用户,12,5,0.2879
LCS00009778,U0009778,2026-08-28,沉默用户,10,15,0.2332
LCS00009779,U0009779,2026-08-28,沉默用户,4,23,0.5138
LCS00009780,U0009780,2026-08-28,流失用户,4,38,0.4058
LCS00009781,U0009781,2026-08-28,沉默用户,4,21,0.2379
LCS00009782,U0009782,2026-08-28,流失用户,2,123,0.16
LCS00009783,U0009783,2026-08-28,沉默用户,4,18,0.1832
LCS00009784,U0009784,2026-08-28,活跃用户,6,3,0.2709
LCS00009785,U0009785,2026-08-28,沉默用户,11,19,0.171
LCS00009786,U0009786,2026-08-28,沉默用户,6,20,0.4056
LCS00009787,U0009787,2026-08-28,沉默用户,11,21,0.2672
LCS00009788,U0009788,2026-08-28,沉默用户,16,9,0.303
LCS00009789,U0009789,2026-08-28,活跃用户,13,1,0.3161
LCS00009790,U0009790,2026-08-28,流失用户,1,141,0.3137
LCS00009791,U0009791,2026-08-28,流失用户,5,68,0.2916
LCS00009792,U0009792,2026-08-28,流失用户,1,113,0.2543
LCS00009793,U0009793,2026-08-28,流失用户,2,65,0.346
LCS00009794,U0009794,2026-08-28,活跃用户,16,0,0.4291
LCS00009795,U0009795,2026-08-28,流失用户,3,199,0.3997
LCS00009796,U0009796,2026-08-28,活跃用户,14,6,0.2446
LCS00009797,U0009797,2026-08-28,沉默用户,3,9,0.5074
LCS00009798,U0009798,2026-08-28,沉默用户,4,27,0.1751
LCS00009799,U0009799,2026-08-28,流失用户,3,213,0.5787
LCS00009800,U0009800,2026-08-28,流失用户,0,112,0.3276
LCS00009801,U0009801,2026-08-28,活跃用户,8,2,0.5487
LCS00009802,U0009802,2026-08-28,沉默用户,10,12,0.4481
LCS00009803,U0009803,2026-08-28,流失用户,8,45,0.2954
LCS00009804,U0009804,2026-08-28,沉默用户,14,8,0.1354
LCS00009805,U0009805,2026-08-28,流失用户,1,41,0.0993
LCS00009806,U0009806,2026-08-28,沉默用户,3,19,0.1601
LCS00009807,U0009807,2026-08-28,活跃用户,3,3,0.4932
LCS00009808,U0009808,2026-08-28,流失用户,3,111,0.3392
LCS00009809,U0009809,2026-08-28,沉默用户,9,12,0.5119
LCS00009810,U0009810,2026-08-28,活跃用户,10,4,0.2637
LCS00009811,U0009811,2026-08-28,活跃用户,14,0,0.2053
LCS00009812,U0009812,2026-08-28,沉默用户,7,11,0.6272
LCS00009813,U0009813,2026-08-28,沉默用户,15,9,0.2687
LCS00009814,U0009814,2026-08-28,沉默用户,6,10,0.4029
LCS00009815,U0009815,2026-08-28,活跃用户,14,7,0.2132
LCS00009816,U0009816,2026-08-28,活跃用户,15,1,0.2377
LCS00009817,U0009817,2026-08-28,活跃用户,14,3,0.1341
LCS00009818,U0009818,2026-08-28,活跃用户,10,5,0.1957
LCS00009819,U0009819,2026-08-28,活跃用户,12,0,0.3929
LCS00009820,U0009820,2026-08-28,沉默用户,8,14,0.4233
LCS00009821,U0009821,2026-08-28,活跃用户,14,0,0.1956
LCS00009822,U0009822,2026-08-28,沉默用户,6,23,0.1865
LCS00009823,U0009823,2026-08-28,沉默用户,2,11,0.05
LCS00009824,U0009824,2026-08-28,沉默用户,6,18,0.05
LCS00009825,U0009825,2026-08-28,活跃用户,18,0,0.3897
LCS00009826,U0009826,2026-08-28,沉默用户,13,24,0.3493
LCS00009827,U0009827,2026-08-28,活跃用户,4,0,0.4751
LCS00009828,U0009828,2026-08-28,活跃用户,4,5,0.1694
LCS00009829,U0009829,2026-08-28,流失用户,7,57,0.514
LCS00009830,U0009830,2026-08-28,沉默用户,14,22,0.082
LCS00009831,U0009831,2026-08-28,新用户,5,2,0.1521
LCS00009832,U0009832,2026-08-28,沉默用户,10,18,0.4777
LCS00009833,U0009833,2026-08-28,流失用户,2,104,0.05
LCS00009834,U0009834,2026-08-28,流失用户,3,196,0.5111
LCS00009835,U0009835,2026-08-28,流失用户,16,42,0.3119
LCS00009836,U0009836,2026-08-28,沉默用户,14,12,0.6698
LCS00009837,U0009837,2026-08-28,沉默用户,14,8,0.5507
LCS00009838,U0009838,2026-08-28,流失用户,4,136,0.5415
LCS00009839,U0009839,2026-08-28,沉默用户,11,12,0.3447
LCS00009840,U0009840,2026-08-28,流失用户,0,73,0.1537
LCS00009841,U0009841,2026-08-28,沉默用户,8,19,0.3723
LCS00009842,U0009842,2026-08-28,流失用户,3,57,0.099
LCS00009843,U0009843,2026-08-28,活跃用户,3,0,0.2876
LCS00009844,U0009844,2026-08-28,活跃用户,13,4,0.4493
LCS00009845,U0009845,2026-08-28,活跃用户,13,1,0.2466
LCS00009846,U0009846,2026-08-28,流失用户,3,54,0.4231
LCS00009847,U0009847,2026-08-28,沉默用户,9,9,0.2123
LCS00009848,U0009848,2026-08-28,活跃用户,4,5,0.2356
LCS00009849,U0009849,2026-08-28,活跃用户,13,0,0.1182
LCS00009850,U0009850,2026-08-28,活跃用户,12,6,0.4321
LCS00009851,U0009851,2026-08-28,沉默用户,8,18,0.2121
LCS00009852,U0009852,2026-08-28,新用户,3,0,0.2988
LCS00009853,U0009853,2026-08-28,沉默用户,16,16,0.3409
LCS00009854,U0009854,2026-08-28,流失用户,4,45,0.6237
LCS00009855,U0009855,2026-08-28,沉默用户,9,8,0.1026
LCS00009856,U0009856,2026-08-28,活跃用户,3,6,0.3682
LCS00009857,U0009857,2026-08-28,活跃用户,9,0,0.2613
LCS00009858,U0009858,2026-08-28,活跃用户,12,3,0.269
LCS00009859,U0009859,2026-08-28,沉默用户,7,23,0.1196
LCS00009860,U0009860,2026-08-28,沉默用户,8,27,0.4554
LCS00009861,U0009861,2026-08-28,活跃用户,10,4,0.4246
LCS00009862,U0009862,2026-08-28,活跃用户,10,6,0.2555
LCS00009863,U0009863,2026-08-28,沉默用户,10,11,0.05
LCS00009864,U0009864,2026-08-28,沉默用户,3,14,0.3728
LCS00009865,U0009865,2026-08-28,活跃用户,6,1,0.1194
LCS00009866,U0009866,2026-08-28,沉默用户,9,11,0.6202
LCS00009867,U0009867,2026-08-28,沉默用户,6,17,0.2603
LCS00009868,U0009868,2026-08-28,活跃用户,6,5,0.3551
LCS00009869,U0009869,2026-08-28,活跃用户,3,7,0.3774
LCS00009870,U0009870,2026-08-28,流失用户,3,75,0.1487
LCS00009871,U0009871,2026-08-28,活跃用户,11,1,0.2439
LCS00009872,U0009872,2026-08-28,活跃用户,12,7,0.1313
LCS00009873,U0009873,2026-08-28,沉默用户,11,23,0.2121
LCS00009874,U0009874,2026-08-28,沉默用户,5,10,0.3501
LCS00009875,U0009875,2026-08-28,沉默用户,11,11,0.5575
LCS00009876,U0009876,2026-08-28,沉默用户,15,22,0.5358
LCS00009877,U0009877,2026-08-28,流失用户,3,45,0.4102
LCS00009878,U0009878,2026-08-28,沉默用户,6,11,0.3947
LCS00009879,U0009879,2026-08-28,新用户,1,0,0.257
LCS00009880,U0009880,2026-08-28,新用户,3,0,0.4548
LCS00009881,U0009881,2026-08-28,流失用户,2,210,0.4919
LCS00009882,U0009882,2026-08-28,流失用户,2,156,0.4644
LCS00009883,U0009883,2026-08-28,活跃用户,12,3,0.397
LCS00009884,U0009884,2026-08-28,活跃用户,6,2,0.0969
LCS00009885,U0009885,2026-08-28,沉默用户,7,17,0.4531
LCS00009886,U0009886,2026-08-28,流失用户,4,33,0.2536
LCS00009887,U0009887,2026-08-28,流失用户,5,111,0.5228
LCS00009888,U0009888,2026-08-28,新用户,2,2,0.3742
LCS00009889,U0009889,2026-08-28,活跃用户,8,2,0.2596
LCS00009890,U0009890,2026-08-28,活跃用户,9,5,0.1992
LCS00009891,U0009891,2026-08-28,活跃用户,9,2,0.4518
LCS00009892,U0009892,2026-08-28,沉默用户,4,9,0.2748
LCS00009893,U0009893,2026-08-28,沉默用户,4,9,0.1719
LCS00009894,U0009894,2026-08-28,活跃用户,15,4,0.5382
LCS00009895,U0009895,2026-08-28,流失用户,3,112,0.3006
LCS00009896,U0009896,2026-08-28,沉默用户,14,10,0.6479
LCS00009897,U0009897,2026-08-28,流失用户,4,34,0.1574
LCS00009898,U0009898,2026-08-28,沉默用户,11,12,0.3094
LCS00009899,U0009899,2026-08-28,沉默用户,3,25,0.1645
LCS00009900,U0009900,2026-08-28,活跃用户,11,2,0.4876
LCS00009901,U0009901,2026-08-28,活跃用户,9,3,0.3782
LCS00009902,U0009902,2026-08-28,沉默用户,3,24,0.05
LCS00009903,U0009903,2026-08-28,活跃用户,7,2,0.195
LCS00009904,U0009904,2026-08-28,沉默用户,4,20,0.2571
LCS00009905,U0009905,2026-08-28,新用户,4,0,0.3471
LCS00009906,U0009906,2026-08-28,活跃用户,12,6,0.0965
LCS00009907,U0009907,2026-08-28,流失用户,10,32,0.3301
LCS00009908,U0009908,2026-08-28,流失用户,3,83,0.2572
LCS00009909,U0009909,2026-08-28,流失用户,1,73,0.2372
LCS00009910,U0009910,2026-08-28,沉默用户,6,13,0.269
LCS00009911,U0009911,2026-08-28,流失用户,4,102,0.4448
LCS00009912,U0009912,2026-08-28,流失用户,5,31,0.3791
LCS00009913,U0009913,2026-08-28,活跃用户,4,2,0.1155
LCS00009914,U0009914,2026-08-28,活跃用户,6,3,0.2227
LCS00009915,U0009915,2026-08-28,流失用户,3,99,0.5475
LCS00009916,U0009916,2026-08-28,活跃用户,15,4,0.3463
LCS00009917,U0009917,2026-08-28,沉默用户,2,28,0.2943
LCS00009918,U0009918,2026-08-28,活跃用户,7,0,0.3676
LCS00009919,U0009919,2026-08-28,活跃用户,13,7,0.3112
LCS00009920,U0009920,2026-08-28,沉默用户,12,11,0.4124
LCS00009921,U0009921,2026-08-28,流失用户,4,48,0.3955
LCS00009922,U0009922,2026-08-28,沉默用户,2,20,0.5288
LCS00009923,U0009923,2026-08-28,活跃用户,9,2,0.3908
LCS00009924,U0009924,2026-08-28,流失用户,2,76,0.3362
LCS00009925,U0009925,2026-08-28,活跃用户,13,5,0.3935
LCS00009926,U0009926,2026-08-28,沉默用户,16,12,0.3274
LCS00009927,U0009927,2026-08-28,沉默用户,11,8,0.4776
LCS00009928,U0009928,2026-08-28,流失用户,11,32,0.364
LCS00009929,U0009929,2026-08-28,活跃用户,14,4,0.6038
LCS00009930,U0009930,2026-08-28,活跃用户,10,5,0.4437
LCS00009931,U0009931,2026-08-28,沉默用户,8,28,0.1488
LCS00009932,U0009932,2026-08-28,活跃用户,13,5,0.6609
LCS00009933,U0009933,2026-08-28,流失用户,8,83,0.4361
LCS00009934,U0009934,2026-08-28,沉默用户,2,25,0.1127
LCS00009935,U0009935,2026-08-28,沉默用户,3,24,0.2306
LCS00009936,U0009936,2026-08-28,活跃用户,13,1,0.6747
LCS00009937,U0009937,2026-08-28,活跃用户,9,5,0.3338
LCS00009938,U0009938,2026-08-28,沉默用户,5,23,0.4904
LCS00009939,U0009939,2026-08-28,活跃用户,7,6,0.05
LCS00009940,U0009940,2026-08-28,活跃用户,7,0,0.3067
LCS00009941,U0009941,2026-08-28,活跃用户,8,5,0.5494
LCS00009942,U0009942,2026-08-28,活跃用户,12,5,0.3709
LCS00009943,U0009943,2026-08-28,沉默用户,5,11,0.345
LCS00009944,U0009944,2026-08-28,沉默用户,11,13,0.4243
LCS00009945,U0009945,2026-08-28,活跃用户,12,4,0.38
LCS00009946,U0009946,2026-08-28,流失用户,7,43,0.6188
LCS00009947,U0009947,2026-08-28,流失用户,15,35,0.2485
LCS00009948,U0009948,2026-08-28,活跃用户,2,1,0.2745
LCS00009949,U0009949,2026-08-28,流失用户,8,70,0.3179
LCS00009950,U0009950,2026-08-28,活跃用户,9,4,0.4179
LCS00009951,U0009951,2026-08-28,流失用户,1,105,0.1251
LCS00009952,U0009952,2026-08-28,沉默用户,10,12,0.7384
LCS00009953,U0009953,2026-08-28,流失用户,3,143,0.3221
LCS00009954,U0009954,2026-08-28,活跃用户,6,2,0.5132
LCS00009955,U0009955,2026-08-28,活跃用户,13,3,0.05
LCS00009956,U0009956,2026-08-28,活跃用户,11,1,0.4489
LCS00009957,U0009957,2026-08-28,活跃用户,14,1,0.499
LCS00009958,U0009958,2026-08-28,沉默用户,9,12,0.3428
LCS00009959,U0009959,2026-08-28,活跃用户,5,7,0.2822
LCS00009960,U0009960,2026-08-28,流失用户,5,80,0.1808
LCS00009961,U0009961,2026-08-28,沉默用户,6,15,0.3051
LCS00009962,U0009962,2026-08-28,流失用户,10,48,0.39
LCS00009963,U0009963,2026-08-28,沉默用户,12,25,0.2723
LCS00009964,U0009964,2026-08-28,活跃用户,5,1,0.222
LCS00009965,U0009965,2026-08-28,活跃用户,14,0,0.4443
LCS00009966,U0009966,2026-08-28,沉默用户,8,18,0.3687
LCS00009967,U0009967,2026-08-28,流失用户,1,110,0.207
LCS00009968,U0009968,2026-08-28,沉默用户,3,12,0.1917
LCS00009969,U0009969,2026-08-28,活跃用户,9,1,0.3131
LCS00009970,U0009970,2026-08-28,流失用户,4,73,0.5272
LCS00009971,U0009971,2026-08-28,活跃用户,3,6,0.4487
LCS00009972,U0009972,2026-08-28,活跃用户,7,5,0.4278
LCS00009973,U0009973,2026-08-28,活跃用户,12,0,0.3567
LCS00009974,U0009974,2026-08-28,活跃用户,2,0,0.2246
LCS00009975,U0009975,2026-08-28,沉默用户,2,17,0.249
LCS00009976,U0009976,2026-08-28,活跃用户,13,3,0.262
LCS00009977,U0009977,2026-08-28,活跃用户,10,7,0.5345
LCS00009978,U0009978,2026-08-28,沉默用户,1,27,0.34
LCS00009979,U0009979,2026-08-28,流失用户,7,32,0.579
LCS00009980,U0009980,2026-08-28,新用户,0,4,0.2627
LCS00009981,U0009981,2026-08-28,活跃用户,7,5,0.4153
LCS00009982,U0009982,2026-08-28,流失用户,2,124,0.3771
LCS00009983,U0009983,2026-08-28,活跃用户,14,6,0.2561
LCS00009984,U0009984,2026-08-28,活跃用户,6,0,0.05
LCS00009985,U0009985,2026-08-28,沉默用户,9,9,0.5205
LCS00009986,U0009986,2026-08-28,沉默用户,13,25,0.3444
LCS00009987,U0009987,2026-08-28,新用户,6,0,0.4312
LCS00009988,U0009988,2026-08-28,沉默用户,6,29,0.2143
LCS00009989,U0009989,2026-08-28,活跃用户,11,2,0.425
LCS00009990,U0009990,2026-08-28,活跃用户,10,1,0.4257
LCS00009991,U0009991,2026-08-28,活跃用户,8,0,0.05
LCS00009992,U0009992,2026-08-28,流失用户,14,34,0.3879
LCS00009993,U0009993,2026-08-28,沉默用户,1,17,0.2942
LCS00009994,U0009994,2026-08-28,流失用户,3,72,0.2903
LCS00009995,U0009995,2026-08-28,活跃用户,4,3,0.3508
LCS00009996,U0009996,2026-08-28,沉默用户,13,9,0.3848
LCS00009997,U0009997,2026-08-28,活跃用户,10,0,0.2017
LCS00009998,U0009998,2026-08-28,活跃用户,2,6,0.169
LCS00009999,U0009999,2026-08-28,活跃用户,14,2,0.0959
LCS00010000,U0010000,2026-08-28,流失用户,12,45,0.6059
LCS00010001,U0010001,2026-08-28,沉默用户,5,13,0.2314
LCS00010002,U0010002,2026-08-28,流失用户,2,123,0.4131
LCS00010003,U0010003,2026-08-28,流失用户,3,62,0.381
LCS00010004,U0010004,2026-08-28,沉默用户,12,8,0.2431
LCS00010005,U0010005,2026-08-28,沉默用户,5,9,0.3241
LCS00010006,U0010006,2026-08-28,活跃用户,4,6,0.2313
LCS00010007,U0010007,2026-08-28,沉默用户,3,14,0.2583
LCS00010008,U0010008,2026-08-28,流失用户,2,221,0.2807
LCS00010009,U0010009,2026-08-28,活跃用户,10,4,0.3682
LCS00010010,U0010010,2026-08-28,流失用户,9,37,0.4164
LCS00010011,U0010011,2026-08-28,活跃用户,8,7,0.2632
LCS00010012,U0010012,2026-08-28,沉默用户,11,24,0.293
LCS00010013,U0010013,2026-08-28,流失用户,7,68,0.4246
LCS00010014,U0010014,2026-08-28,沉默用户,5,11,0.1988
LCS00010015,U0010015,2026-08-28,沉默用户,5,9,0.3482
LCS00010016,U0010016,2026-08-28,活跃用户,5,5,0.1462
LCS00010017,U0010017,2026-08-28,活跃用户,5,5,0.3655
LCS00010018,U0010018,2026-08-28,沉默用户,13,13,0.4554
LCS00010019,U0010019,2026-08-28,沉默用户,9,8,0.4468
LCS00010020,U0010020,2026-08-28,流失用户,0,31,0.2598
LCS00010021,U0010021,2026-08-28,活跃用户,12,0,0.2621
LCS00010022,U0010022,2026-08-28,活跃用户,6,5,0.2383
LCS00010023,U0010023,2026-08-28,流失用户,2,171,0.3901
LCS00010024,U0010024,2026-08-28,沉默用户,15,24,0.3946
LCS00010025,U0010025,2026-08-28,活跃用户,3,6,0.1827
LCS00010026,U0010026,2026-08-28,流失用户,1,153,0.3055
LCS00010027,U0010027,2026-08-28,沉默用户,9,22,0.104
LCS00010028,U0010028,2026-08-28,沉默用户,10,11,0.3172
LCS00010029,U0010029,2026-08-28,活跃用户,9,0,0.3423
LCS00010030,U0010030,2026-08-28,沉默用户,12,16,0.3446
LCS00010031,U0010031,2026-08-28,活跃用户,9,2,0.5124
LCS00010032,U0010032,2026-08-28,流失用户,5,34,0.326
LCS00010033,U0010033,2026-08-28,流失用户,0,136,0.3
LCS00010034,U0010034,2026-08-28,流失用户,7,33,0.3613
LCS00010035,U0010035,2026-08-28,流失用户,5,69,0.3003
LCS00010036,U0010036,2026-08-28,活跃用户,11,1,0.0618
LCS00010037,U0010037,2026-08-28,流失用户,0,136,0.1013
LCS00010038,U0010038,2026-08-28,沉默用户,13,17,0.278
LCS00010039,U0010039,2026-08-28,沉默用户,17,9,0.5223
LCS00010040,U0010040,2026-08-28,流失用户,1,111,0.1764
LCS00010041,U0010041,2026-08-28,沉默用户,3,12,0.4243
LCS00010042,U0010042,2026-08-28,活跃用户,7,6,0.4316
LCS00010043,U0010043,2026-08-28,活跃用户,9,2,0.2816
LCS00010044,U0010044,2026-08-28,活跃用户,8,1,0.251
LCS00010045,U0010045,2026-08-28,活跃用户,12,0,0.2114
LCS00010046,U0010046,2026-08-28,沉默用户,16,14,0.6467
LCS00010047,U0010047,2026-08-28,沉默用户,7,19,0.1079
LCS00010048,U0010048,2026-08-28,流失用户,2,39,0.1615
LCS00010049,U0010049,2026-08-28,活跃用户,3,1,0.4446
LCS00010050,U0010050,2026-08-28,流失用户,1,166,0.2125
LCS00010051,U0010051,2026-08-28,沉默用户,11,14,0.2457
LCS00010052,U0010052,2026-08-28,沉默用户,11,8,0.3998
LCS00010053,U0010053,2026-08-28,沉默用户,5,24,0.3416
LCS00010054,U0010054,2026-08-28,活跃用户,19,4,0.4806
LCS00010055,U0010055,2026-08-28,活跃用户,6,2,0.5104
LCS00010056,U0010056,2026-08-28,流失用户,4,173,0.309
LCS00010057,U0010057,2026-08-28,流失用户,6,50,0.1723
LCS00010058,U0010058,2026-08-28,沉默用户,2,17,0.3845
LCS00010059,U0010059,2026-08-28,沉默用户,11,16,0.3214
LCS00010060,U0010060,2026-08-28,流失用户,5,54,0.5598
LCS00010061,U0010061,2026-08-28,活跃用户,1,4,0.2226
LCS00010062,U0010062,2026-08-28,流失用户,1,88,0.3292
LCS00010063,U0010063,2026-08-28,沉默用户,14,28,0.1945
LCS00010064,U0010064,2026-08-28,沉默用户,9,22,0.4511
LCS00010065,U0010065,2026-08-28,流失用户,2,56,0.3477
LCS00010066,U0010066,2026-08-28,沉默用户,4,30,0.363
LCS00010067,U0010067,2026-08-28,新用户,2,0,0.1676
LCS00010068,U0010068,2026-08-28,沉默用户,6,12,0.0633
LCS00010069,U0010069,2026-08-28,活跃用户,11,1,0.2166
LCS00010070,U0010070,2026-08-28,沉默用户,8,20,0.3573
LCS00010071,U0010071,2026-08-28,流失用户,1,165,0.1873
LCS00010072,U0010072,2026-08-28,流失用户,6,34,0.209
LCS00010073,U0010073,2026-08-28,活跃用户,5,3,0.3581
LCS00010074,U0010074,2026-08-28,流失用户,4,50,0.2478
LCS00010075,U0010075,2026-08-28,沉默用户,1,10,0.4053
LCS00010076,U0010076,2026-08-28,活跃用户,14,4,0.3557
LCS00010077,U0010077,2026-08-28,流失用户,10,35,0.4168
LCS00010078,U0010078,2026-08-28,流失用户,2,127,0.3907
LCS00010079,U0010079,2026-08-28,活跃用户,10,5,0.3125
LCS00010080,U0010080,2026-08-28,流失用户,2,145,0.2407
LCS00010081,U0010081,2026-08-28,流失用户,2,106,0.3916
LCS00010082,U0010082,2026-08-28,活跃用户,12,2,0.4674
LCS00010083,U0010083,2026-08-28,活跃用户,7,3,0.2314
LCS00010084,U0010084,2026-08-28,沉默用户,4,26,0.3726
LCS00010085,U0010085,2026-08-28,流失用户,1,83,0.1487
LCS00010086,U0010086,2026-08-28,流失用户,4,161,0.6632
LCS00010087,U0010087,2026-08-28,沉默用户,15,10,0.3905
LCS00010088,U0010088,2026-08-28,沉默用户,5,12,0.2053
LCS00010089,U0010089,2026-08-28,流失用户,3,89,0.3948
LCS00010090,U0010090,2026-08-28,活跃用户,10,2,0.2814
LCS00010091,U0010091,2026-08-28,沉默用户,5,17,0.3534
LCS00010092,U0010092,2026-08-28,活跃用户,14,3,0.4514
LCS00010093,U0010093,2026-08-28,流失用户,9,32,0.5305
LCS00010094,U0010094,2026-08-28,流失用户,3,73,0.2463
LCS00010095,U0010095,2026-08-28,沉默用户,6,12,0.2972
LCS00010096,U0010096,2026-08-28,活跃用户,12,4,0.3387
LCS00010097,U0010097,2026-08-28,活跃用户,4,3,0.3228
LCS00010098,U0010098,2026-08-28,活跃用户,14,1,0.2527
LCS00010099,U0010099,2026-08-28,活跃用户,10,0,0.39
LCS00010100,U0010100,2026-08-28,沉默用户,4,19,0.2102
LCS00010101,U0010101,2026-08-28,流失用户,4,170,0.1557
LCS00010102,U0010102,2026-08-28,沉默用户,12,15,0.1359
LCS00010103,U0010103,2026-08-28,流失用户,3,38,0.3045
LCS00010104,U0010104,2026-08-28,沉默用户,7,15,0.3359
LCS00010105,U0010105,2026-08-28,流失用户,2,118,0.1277
LCS00010106,U0010106,2026-08-28,流失用户,3,92,0.1387
LCS00010107,U0010107,2026-08-28,流失用户,2,110,0.2043
LCS00010108,U0010108,2026-08-28,活跃用户,15,3,0.1944
LCS00010109,U0010109,2026-08-28,活跃用户,14,1,0.2777
LCS00010110,U0010110,2026-08-28,活跃用户,7,1,0.6446
LCS00010111,U0010111,2026-08-28,沉默用户,18,23,0.5023
LCS00010112,U0010112,2026-08-28,活跃用户,12,6,0.5266
LCS00010113,U0010113,2026-08-28,活跃用户,4,1,0.3705
LCS00010114,U0010114,2026-08-28,流失用户,0,121,0.3852
LCS00010115,U0010115,2026-08-28,流失用户,2,94,0.4218
LCS00010116,U0010116,2026-08-28,活跃用户,15,3,0.4416
LCS00010117,U0010117,2026-08-28,活跃用户,8,5,0.407
LCS00010118,U0010118,2026-08-28,沉默用户,13,11,0.1358
LCS00010119,U0010119,2026-08-28,流失用户,1,132,0.3022
LCS00010120,U0010120,2026-08-28,流失用户,3,90,0.3662
LCS00010121,U0010121,2026-08-28,活跃用户,6,4,0.3036
LCS00010122,U0010122,2026-08-28,活跃用户,11,0,0.2228
LCS00010123,U0010123,2026-08-28,流失用户,6,55,0.5668
LCS00010124,U0010124,2026-08-28,活跃用户,9,1,0.3461
LCS00010125,U0010125,2026-08-28,活跃用户,14,0,0.4125
LCS00010126,U0010126,2026-08-28,沉默用户,4,26,0.2573
LCS00010127,U0010127,2026-08-28,沉默用户,3,13,0.4516
LCS00010128,U0010128,2026-08-28,活跃用户,10,4,0.0698
LCS00010129,U0010129,2026-08-28,沉默用户,16,26,0.3596
LCS00010130,U0010130,2026-08-28,活跃用户,8,6,0.463
LCS00010131,U0010131,2026-08-28,沉默用户,6,8,0.1607
LCS00010132,U0010132,2026-08-28,沉默用户,12,21,0.1986
LCS00010133,U0010133,2026-08-28,沉默用户,11,14,0.278
LCS00010134,U0010134,2026-08-28,活跃用户,11,2,0.1498
LCS00010135,U0010135,2026-08-28,流失用户,2,45,0.2885
LCS00010136,U0010136,2026-08-28,流失用户,7,53,0.3629
LCS00010137,U0010137,2026-08-28,沉默用户,10,8,0.3952
LCS00010138,U0010138,2026-08-28,活跃用户,8,3,0.3823
LCS00010139,U0010139,2026-08-28,流失用户,9,65,0.5334
LCS00010140,U0010140,2026-08-28,沉默用户,4,12,0.2152
LCS00010141,U0010141,2026-08-28,活跃用户,13,0,0.4614
LCS00010142,U0010142,2026-08-28,活跃用户,2,6,0.069
LCS00010143,U0010143,2026-08-28,沉默用户,13,15,0.2496
LCS00010144,U0010144,2026-08-28,活跃用户,6,5,0.2867
LCS00010145,U0010145,2026-08-28,沉默用户,7,25,0.2698
LCS00010146,U0010146,2026-08-28,活跃用户,10,2,0.168
LCS00010147,U0010147,2026-08-28,沉默用户,14,8,0.05
LCS00010148,U0010148,2026-08-28,活跃用户,3,1,0.05
LCS00010149,U0010149,2026-08-28,流失用户,1,170,0.2719
LCS00010150,U0010150,2026-08-28,流失用户,0,224,0.0901
LCS00010151,U0010151,2026-08-28,活跃用户,13,7,0.256
LCS00010152,U0010152,2026-08-28,活跃用户,11,1,0.1033
LCS00010153,U0010153,2026-08-28,活跃用户,17,5,0.5732
LCS00010154,U0010154,2026-08-28,活跃用户,6,0,0.3225
LCS00010155,U0010155,2026-08-28,沉默用户,4,15,0.4211
LCS00010156,U0010156,2026-08-28,活跃用户,15,7,0.3232
LCS00010157,U0010157,2026-08-28,沉默用户,1,18,0.2534
LCS00010158,U0010158,2026-08-28,活跃用户,16,1,0.5802
LCS00010159,U0010159,2026-08-28,沉默用户,9,25,0.3872
LCS00010160,U0010160,2026-08-28,沉默用户,2,21,0.0919
LCS00010161,U0010161,2026-08-28,流失用户,10,37,0.1823
LCS00010162,U0010162,2026-08-28,活跃用户,11,1,0.3133
LCS00010163,U0010163,2026-08-28,新用户,1,0,0.2593
LCS00010164,U0010164,2026-08-28,流失用户,1,201,0.1402
LCS00010165,U0010165,2026-08-28,活跃用户,10,0,0.3763
LCS00010166,U0010166,2026-08-28,活跃用户,17,0,0.3528
LCS00010167,U0010167,2026-08-28,活跃用户,12,1,0.2264
LCS00010168,U0010168,2026-08-28,活跃用户,3,4,0.4237
LCS00010169,U0010169,2026-08-28,流失用户,1,96,0.2555
LCS00010170,U0010170,2026-08-28,活跃用户,8,0,0.6212
LCS00010171,U0010171,2026-08-28,沉默用户,11,22,0.2313
LCS00010172,U0010172,2026-08-28,活跃用户,2,6,0.4458
LCS00010173,U0010173,2026-08-28,活跃用户,12,0,0.4481
LCS00010174,U0010174,2026-08-28,沉默用户,3,30,0.448
LCS00010175,U0010175,2026-08-28,沉默用户,10,17,0.0891
LCS00010176,U0010176,2026-08-28,活跃用户,4,6,0.3167
LCS00010177,U0010177,2026-08-28,活跃用户,5,0,0.2098
LCS00010178,U0010178,2026-08-28,活跃用户,9,0,0.4837
LCS00010179,U0010179,2026-08-28,流失用户,7,153,0.4449
LCS00010180,U0010180,2026-08-28,活跃用户,10,1,0.3253
LCS00010181,U0010181,2026-08-28,活跃用户,9,1,0.2063
LCS00010182,U0010182,2026-08-28,活跃用户,16,2,0.4796
LCS00010183,U0010183,2026-08-28,流失用户,1,89,0.05
LCS00010184,U0010184,2026-08-28,沉默用户,4,9,0.3413
LCS00010185,U0010185,2026-08-28,活跃用户,13,2,0.266
LCS00010186,U0010186,2026-08-28,新用户,6,0,0.0954
LCS00010187,U0010187,2026-08-28,流失用户,1,112,0.2404
LCS00010188,U0010188,2026-08-28,活跃用户,6,2,0.4122
LCS00010189,U0010189,2026-08-28,流失用户,6,81,0.4944
LCS00010190,U0010190,2026-08-28,沉默用户,14,13,0.3314
LCS00010191,U0010191,2026-08-28,流失用户,4,41,0.4922
LCS00010192,U0010192,2026-08-28,流失用户,3,182,0.4417
LCS00010193,U0010193,2026-08-28,流失用户,3,62,0.1627
LCS00010194,U0010194,2026-08-28,活跃用户,12,2,0.2098
LCS00010195,U0010195,2026-08-28,流失用户,2,81,0.231
LCS00010196,U0010196,2026-08-28,活跃用户,9,0,0.1802
LCS00010197,U0010197,2026-08-28,沉默用户,15,15,0.2155
LCS00010198,U0010198,2026-08-28,沉默用户,12,19,0.4764
LCS00010199,U0010199,2026-08-28,流失用户,1,151,0.4373
LCS00010200,U0010200,2026-08-28,活跃用户,10,2,0.351
LCS00010201,U0010201,2026-08-28,沉默用户,6,25,0.05
LCS00010202,U0010202,2026-08-28,沉默用户,8,12,0.5201
LCS00010203,U0010203,2026-08-28,活跃用户,9,1,0.353
LCS00010204,U0010204,2026-08-28,活跃用户,16,1,0.2468
LCS00010205,U0010205,2026-08-28,活跃用户,12,1,0.352
LCS00010206,U0010206,2026-08-28,活跃用户,11,0,0.3516
LCS00010207,U0010207,2026-08-28,活跃用户,12,5,0.5405
LCS00010208,U0010208,2026-08-28,活跃用户,4,1,0.4107
LCS00010209,U0010209,2026-08-28,活跃用户,14,7,0.13
LCS00010210,U0010210,2026-08-28,沉默用户,5,12,0.0546
LCS00010211,U0010211,2026-08-28,活跃用户,4,0,0.2008
LCS00010212,U0010212,2026-08-28,活跃用户,7,1,0.1877
LCS00010213,U0010213,2026-08-28,活跃用户,9,1,0.5806
LCS00010214,U0010214,2026-08-28,沉默用户,5,8,0.395
LCS00010215,U0010215,2026-08-28,活跃用户,7,6,0.5736
LCS00010216,U0010216,2026-08-28,流失用户,3,66,0.4357
LCS00010217,U0010217,2026-08-28,活跃用户,9,4,0.3526
LCS00010218,U0010218,2026-08-28,活跃用户,9,1,0.2885
LCS00010219,U0010219,2026-08-28,流失用户,1,81,0.3539
LCS00010220,U0010220,2026-08-28,沉默用户,11,15,0.3016
LCS00010221,U0010221,2026-08-28,流失用户,3,40,0.5092
LCS00010222,U0010222,2026-08-28,活跃用户,14,3,0.1953
LCS00010223,U0010223,2026-08-28,沉默用户,4,30,0.1898
LCS00010224,U0010224,2026-08-28,沉默用户,6,15,0.2986
LCS00010225,U0010225,2026-08-28,沉默用户,14,8,0.4902
LCS00010226,U0010226,2026-08-28,流失用户,3,46,0.2731
LCS00010227,U0010227,2026-08-28,沉默用户,15,17,0.4677
LCS00010228,U0010228,2026-08-28,流失用户,4,40,0.2521
LCS00010229,U0010229,2026-08-28,流失用户,3,89,0.3853
LCS00010230,U0010230,2026-08-28,沉默用户,5,25,0.3433
LCS00010231,U0010231,2026-08-28,活跃用户,5,0,0.4321
LCS00010232,U0010232,2026-08-28,沉默用户,13,8,0.3785
LCS00010233,U0010233,2026-08-28,新用户,1,4,0.3399
LCS00010234,U0010234,2026-08-28,沉默用户,2,28,0.3622
LCS00010235,U0010235,2026-08-28,活跃用户,11,1,0.329
LCS00010236,U0010236,2026-08-28,活跃用户,6,0,0.3505
LCS00010237,U0010237,2026-08-28,沉默用户,16,14,0.3084
LCS00010238,U0010238,2026-08-28,活跃用户,13,1,0.2437
LCS00010239,U0010239,2026-08-28,流失用户,5,44,0.458
LCS00010240,U0010240,2026-08-28,活跃用户,10,0,0.5636
LCS00010241,U0010241,2026-08-28,沉默用户,3,28,0.1452
LCS00010242,U0010242,2026-08-28,活跃用户,8,7,0.3383
LCS00010243,U0010243,2026-08-28,新用户,5,1,0.2969
LCS00010244,U0010244,2026-08-28,活跃用户,17,4,0.3359
LCS00010245,U0010245,2026-08-28,流失用户,2,77,0.1223
LCS00010246,U0010246,2026-08-28,沉默用户,4,20,0.5556
LCS00010247,U0010247,2026-08-28,活跃用户,4,2,0.2037
LCS00010248,U0010248,2026-08-28,活跃用户,8,2,0.3586
LCS00010249,U0010249,2026-08-28,沉默用户,1,10,0.3505
LCS00010250,U0010250,2026-08-28,流失用户,8,32,0.6989
LCS00010251,U0010251,2026-08-28,沉默用户,7,12,0.1619
LCS00010252,U0010252,2026-08-28,活跃用户,4,4,0.301
LCS00010253,U0010253,2026-08-28,流失用户,4,68,0.369
LCS00010254,U0010254,2026-08-28,沉默用户,13,8,0.4699
LCS00010255,U0010255,2026-08-28,沉默用户,9,17,0.05
LCS00010256,U0010256,2026-08-28,流失用户,3,113,0.3599
LCS00010257,U0010257,2026-08-28,活跃用户,3,0,0.3752
LCS00010258,U0010258,2026-08-28,活跃用户,12,0,0.5329
LCS00010259,U0010259,2026-08-28,流失用户,3,76,0.2475
LCS00010260,U0010260,2026-08-28,活跃用户,13,7,0.4866
LCS00010261,U0010261,2026-08-28,活跃用户,9,0,0.3278
LCS00010262,U0010262,2026-08-28,沉默用户,13,11,0.4958
LCS00010263,U0010263,2026-08-28,流失用户,3,32,0.3399
LCS00010264,U0010264,2026-08-28,活跃用户,15,2,0.2952
LCS00010265,U0010265,2026-08-28,流失用户,3,158,0.2965
LCS00010266,U0010266,2026-08-28,流失用户,3,56,0.2682
LCS00010267,U0010267,2026-08-28,活跃用户,7,0,0.2025
LCS00010268,U0010268,2026-08-28,流失用户,4,115,0.2346
LCS00010269,U0010269,2026-08-28,沉默用户,8,14,0.068
LCS00010270,U0010270,2026-08-28,活跃用户,14,4,0.3698
LCS00010271,U0010271,2026-08-28,活跃用户,12,2,0.2184
LCS00010272,U0010272,2026-08-28,沉默用户,5,11,0.4478
LCS00010273,U0010273,2026-08-28,流失用户,14,42,0.1106
LCS00010274,U0010274,2026-08-28,沉默用户,6,10,0.3178
LCS00010275,U0010275,2026-08-28,沉默用户,13,11,0.3557
LCS00010276,U0010276,2026-08-28,沉默用户,4,28,0.307
LCS00010277,U0010277,2026-08-28,沉默用户,14,14,0.1391
LCS00010278,U0010278,2026-08-28,沉默用户,5,9,0.4037
LCS00010279,U0010279,2026-08-28,活跃用户,11,1,0.2203
LCS00010280,U0010280,2026-08-28,沉默用户,0,11,0.05
LCS00010281,U0010281,2026-08-28,活跃用户,12,1,0.2292
LCS00010282,U0010282,2026-08-28,活跃用户,14,1,0.6675
LCS00010283,U0010283,2026-08-28,活跃用户,17,0,0.2334
LCS00010284,U0010284,2026-08-28,沉默用户,7,20,0.2823
LCS00010285,U0010285,2026-08-28,活跃用户,11,1,0.3206
LCS00010286,U0010286,2026-08-28,流失用户,6,35,0.5863
LCS00010287,U0010287,2026-08-28,活跃用户,14,7,0.2121
LCS00010288,U0010288,2026-08-28,流失用户,9,42,0.299
LCS00010289,U0010289,2026-08-28,流失用户,0,52,0.1234
LCS00010290,U0010290,2026-08-28,沉默用户,6,15,0.4139
LCS00010291,U0010291,2026-08-28,流失用户,2,100,0.1507
LCS00010292,U0010292,2026-08-28,流失用户,7,36,0.318
LCS00010293,U0010293,2026-08-28,沉默用户,11,11,0.3258
LCS00010294,U0010294,2026-08-28,沉默用户,3,18,0.1
LCS00010295,U0010295,2026-08-28,沉默用户,2,30,0.4568
LCS00010296,U0010296,2026-08-28,沉默用户,11,9,0.3657
LCS00010297,U0010297,2026-08-28,流失用户,4,61,0.5406
LCS00010298,U0010298,2026-08-28,活跃用户,11,5,0.2699
LCS00010299,U0010299,2026-08-28,活跃用户,7,5,0.2954
LCS00010300,U0010300,2026-08-28,活跃用户,10,6,0.3073
LCS00010301,U0010301,2026-08-28,流失用户,3,66,0.6123
LCS00010302,U0010302,2026-08-28,沉默用户,6,18,0.478
LCS00010303,U0010303,2026-08-28,流失用户,3,87,0.2547
LCS00010304,U0010304,2026-08-28,活跃用户,3,0,0.2223
LCS00010305,U0010305,2026-08-28,活跃用户,16,4,0.3418
LCS00010306,U0010306,2026-08-28,活跃用户,7,3,0.281
LCS00010307,U0010307,2026-08-28,沉默用户,5,8,0.0546
LCS00010308,U0010308,2026-08-28,活跃用户,3,3,0.5169
LCS00010309,U0010309,2026-08-28,活跃用户,15,1,0.493
LCS00010310,U0010310,2026-08-28,活跃用户,7,4,0.3329
LCS00010311,U0010311,2026-08-28,沉默用户,2,26,0.3444
LCS00010312,U0010312,2026-08-28,流失用户,1,144,0.3845
LCS00010313,U0010313,2026-08-28,沉默用户,5,18,0.4916
LCS00010314,U0010314,2026-08-28,沉默用户,3,28,0.2211
LCS00010315,U0010315,2026-08-28,沉默用户,14,13,0.3031
LCS00010316,U0010316,2026-08-28,活跃用户,3,4,0.1602
LCS00010317,U0010317,2026-08-28,活跃用户,14,2,0.2074
LCS00010318,U0010318,2026-08-28,活跃用户,10,1,0.2515
LCS00010319,U0010319,2026-08-28,流失用户,3,70,0.4072
LCS00010320,U0010320,2026-08-28,沉默用户,6,15,0.2646
LCS00010321,U0010321,2026-08-28,活跃用户,3,1,0.2061
LCS00010322,U0010322,2026-08-28,沉默用户,13,13,0.2358
LCS00010323,U0010323,2026-08-28,活跃用户,4,7,0.1698
LCS00010324,U0010324,2026-08-28,沉默用户,12,19,0.3135
LCS00010325,U0010325,2026-08-28,活跃用户,11,1,0.2228
LCS00010326,U0010326,2026-08-28,活跃用户,2,4,0.303
LCS00010327,U0010327,2026-08-28,沉默用户,6,26,0.207
LCS00010328,U0010328,2026-08-28,流失用户,4,43,0.2851
LCS00010329,U0010329,2026-08-28,活跃用户,3,7,0.4319
LCS00010330,U0010330,2026-08-28,流失用户,13,67,0.155
LCS00010331,U0010331,2026-08-28,活跃用户,7,0,0.5818
LCS00010332,U0010332,2026-08-28,流失用户,1,83,0.2998
LCS00010333,U0010333,2026-08-28,沉默用户,3,14,0.3856
LCS00010334,U0010334,2026-08-28,流失用户,2,49,0.3358
LCS00010335,U0010335,2026-08-28,活跃用户,10,3,0.4586
LCS00010336,U0010336,2026-08-28,沉默用户,4,11,0.2888
LCS00010337,U0010337,2026-08-28,沉默用户,6,8,0.3427
LCS00010338,U0010338,2026-08-28,沉默用户,12,11,0.3761
LCS00010339,U0010339,2026-08-28,流失用户,3,148,0.1933
LCS00010340,U0010340,2026-08-28,活跃用户,9,7,0.4383
LCS00010341,U0010341,2026-08-28,流失用户,3,56,0.195
LCS00010342,U0010342,2026-08-28,活跃用户,3,0,0.5502
LCS00010343,U0010343,2026-08-28,新用户,0,0,0.2599
LCS00010344,U0010344,2026-08-28,沉默用户,4,9,0.3671
LCS00010345,U0010345,2026-08-28,活跃用户,10,0,0.3127
LCS00010346,U0010346,2026-08-28,沉默用户,9,12,0.1076
LCS00010347,U0010347,2026-08-28,活跃用户,9,1,0.2354
LCS00010348,U0010348,2026-08-28,活跃用户,9,0,0.5814
LCS00010349,U0010349,2026-08-28,沉默用户,4,17,0.2286
LCS00010350,U0010350,2026-08-28,沉默用户,3,26,0.3391
LCS00010351,U0010351,2026-08-28,流失用户,4,70,0.2535
LCS00010352,U0010352,2026-08-28,活跃用户,11,4,0.1973
LCS00010353,U0010353,2026-08-28,流失用户,4,84,0.4284
LCS00010354,U0010354,2026-08-28,活跃用户,13,3,0.2407
LCS00010355,U0010355,2026-08-28,流失用户,6,144,0.5852
LCS00010356,U0010356,2026-08-28,新用户,0,1,0.1542
LCS00010357,U0010357,2026-08-28,活跃用户,15,4,0.4741
LCS00010358,U0010358,2026-08-28,活跃用户,12,6,0.2539
LCS00010359,U0010359,2026-08-28,活跃用户,15,1,0.5213
LCS00010360,U0010360,2026-08-28,活跃用户,5,4,0.125
LCS00010361,U0010361,2026-08-28,流失用户,3,62,0.3908
LCS00010362,U0010362,2026-08-28,沉默用户,5,9,0.2957
LCS00010363,U0010363,2026-08-28,活跃用户,11,1,0.336
LCS00010364,U0010364,2026-08-28,活跃用户,2,6,0.207
LCS00010365,U0010365,2026-08-28,流失用户,3,69,0.306
LCS00010366,U0010366,2026-08-28,沉默用户,7,10,0.4302
LCS00010367,U0010367,2026-08-28,流失用户,7,31,0.4463
LCS00010368,U0010368,2026-08-28,沉默用户,4,30,0.3244
LCS00010369,U0010369,2026-08-28,流失用户,4,50,0.3931
LCS00010370,U0010370,2026-08-28,沉默用户,4,30,0.1978
LCS00010371,U0010371,2026-08-28,活跃用户,5,5,0.05
LCS00010372,U0010372,2026-08-28,活跃用户,12,6,0.4257
LCS00010373,U0010373,2026-08-28,流失用户,3,87,0.5739
LCS00010374,U0010374,2026-08-28,沉默用户,7,13,0.419
LCS00010375,U0010375,2026-08-28,沉默用户,11,13,0.05
LCS00010376,U0010376,2026-08-28,流失用户,1,65,0.05
LCS00010377,U0010377,2026-08-28,沉默用户,12,22,0.2589
LCS00010378,U0010378,2026-08-28,沉默用户,3,9,0.2428
LCS00010379,U0010379,2026-08-28,沉默用户,3,21,0.2623
LCS00010380,U0010380,2026-08-28,沉默用户,6,8,0.2227
LCS00010381,U0010381,2026-08-28,沉默用户,14,15,0.05
LCS00010382,U0010382,2026-08-28,沉默用户,8,10,0.2855
LCS00010383,U0010383,2026-08-28,沉默用户,4,20,0.2714
LCS00010384,U0010384,2026-08-28,活跃用户,2,1,0.5148
LCS00010385,U0010385,2026-08-28,活跃用户,6,3,0.3406
LCS00010386,U0010386,2026-08-28,活跃用户,3,4,0.5129
LCS00010387,U0010387,2026-08-28,活跃用户,9,0,0.2241
LCS00010388,U0010388,2026-08-28,流失用户,4,39,0.4223
LCS00010389,U0010389,2026-08-28,活跃用户,13,1,0.4947
LCS00010390,U0010390,2026-08-28,流失用户,8,36,0.2207
LCS00010391,U0010391,2026-08-28,活跃用户,13,6,0.313
LCS00010392,U0010392,2026-08-28,沉默用户,4,8,0.3669
LCS00010393,U0010393,2026-08-28,沉默用户,10,8,0.456
LCS00010394,U0010394,2026-08-28,新用户,0,0,0.338
LCS00010395,U0010395,2026-08-28,流失用户,2,42,0.3678
LCS00010396,U0010396,2026-08-28,流失用户,4,85,0.3297
LCS00010397,U0010397,2026-08-28,活跃用户,10,3,0.3642
LCS00010398,U0010398,2026-08-28,流失用户,3,128,0.4385
LCS00010399,U0010399,2026-08-28,活跃用户,4,2,0.5068
LCS00010400,U0010400,2026-08-28,流失用户,4,32,0.1728
LCS00010401,U0010401,2026-08-28,流失用户,1,180,0.1877
LCS00010402,U0010402,2026-08-28,活跃用户,6,3,0.2758
LCS00010403,U0010403,2026-08-28,活跃用户,2,6,0.1601
LCS00010404,U0010404,2026-08-28,活跃用户,5,1,0.1183
LCS00010405,U0010405,2026-08-28,活跃用户,8,7,0.4805
LCS00010406,U0010406,2026-08-28,沉默用户,5,24,0.2485
LCS00010407,U0010407,2026-08-28,活跃用户,5,3,0.2205
LCS00010408,U0010408,2026-08-28,沉默用户,4,21,0.294
LCS00010409,U0010409,2026-08-28,活跃用户,11,0,0.0726
LCS00010410,U0010410,2026-08-28,活跃用户,3,2,0.2118
LCS00010411,U0010411,2026-08-28,活跃用户,12,6,0.3538
LCS00010412,U0010412,2026-08-28,流失用户,5,36,0.3642
LCS00010413,U0010413,2026-08-28,活跃用户,10,4,0.3916
LCS00010414,U0010414,2026-08-28,流失用户,5,35,0.5996
LCS00010415,U0010415,2026-08-28,沉默用户,11,23,0.359
LCS00010416,U0010416,2026-08-28,沉默用户,3,28,0.2866
LCS00010417,U0010417,2026-08-28,活跃用户,12,1,0.5289
LCS00010418,U0010418,2026-08-28,活跃用户,4,1,0.073
LCS00010419,U0010419,2026-08-28,沉默用户,7,17,0.3174
LCS00010420,U0010420,2026-08-28,沉默用户,1,9,0.3604
LCS00010421,U0010421,2026-08-28,活跃用户,14,4,0.3503
LCS00010422,U0010422,2026-08-28,沉默用户,5,9,0.4418
LCS00010423,U0010423,2026-08-28,沉默用户,13,15,0.4364
LCS00010424,U0010424,2026-08-28,活跃用户,9,0,0.4544
LCS00010425,U0010425,2026-08-28,流失用户,3,35,0.2473
LCS00010426,U0010426,2026-08-28,沉默用户,2,10,0.3456
LCS00010427,U0010427,2026-08-28,流失用户,6,128,0.4422
LCS00010428,U0010428,2026-08-28,活跃用户,8,1,0.1941
LCS00010429,U0010429,2026-08-28,流失用户,3,31,0.2111
LCS00010430,U0010430,2026-08-28,沉默用户,5,22,0.4017
LCS00010431,U0010431,2026-08-28,活跃用户,4,0,0.1239
LCS00010432,U0010432,2026-08-28,流失用户,2,131,0.4422
LCS00010433,U0010433,2026-08-28,流失用户,0,100,0.2164
LCS00010434,U0010434,2026-08-28,流失用户,4,104,0.3853
LCS00010435,U0010435,2026-08-28,沉默用户,2,23,0.2747
LCS00010436,U0010436,2026-08-28,活跃用户,9,4,0.1446
LCS00010437,U0010437,2026-08-28,流失用户,2,46,0.2139
LCS00010438,U0010438,2026-08-28,流失用户,2,186,0.2938
LCS00010439,U0010439,2026-08-28,活跃用户,11,3,0.0852
LCS00010440,U0010440,2026-08-28,活跃用户,11,0,0.2898
LCS00010441,U0010441,2026-08-28,沉默用户,2,14,0.058
LCS00010442,U0010442,2026-08-28,活跃用户,9,1,0.1384
LCS00010443,U0010443,2026-08-28,流失用户,1,182,0.1977
LCS00010444,U0010444,2026-08-28,活跃用户,7,1,0.2019
LCS00010445,U0010445,2026-08-28,沉默用户,6,8,0.1788
LCS00010446,U0010446,2026-08-28,沉默用户,9,14,0.1819
LCS00010447,U0010447,2026-08-28,活跃用户,13,2,0.4848
LCS00010448,U0010448,2026-08-28,活跃用户,11,1,0.076
LCS00010449,U0010449,2026-08-28,活跃用户,14,7,0.2615
LCS00010450,U0010450,2026-08-28,流失用户,0,183,0.1638
LCS00010451,U0010451,2026-08-28,活跃用户,7,0,0.2586
LCS00010452,U0010452,2026-08-28,活跃用户,2,0,0.05
LCS00010453,U0010453,2026-08-28,沉默用户,1,17,0.2524
LCS00010454,U0010454,2026-08-28,活跃用户,8,1,0.3767
LCS00010455,U0010455,2026-08-28,流失用户,2,104,0.2097
LCS00010456,U0010456,2026-08-28,流失用户,3,217,0.558
LCS00010457,U0010457,2026-08-28,沉默用户,3,17,0.0843
LCS00010458,U0010458,2026-08-28,活跃用户,15,3,0.1352
LCS00010459,U0010459,2026-08-28,沉默用户,5,18,0.2151
LCS00010460,U0010460,2026-08-28,沉默用户,17,8,0.6385
LCS00010461,U0010461,2026-08-28,流失用户,4,103,0.5051
LCS00010462,U0010462,2026-08-28,沉默用户,14,19,0.1785
LCS00010463,U0010463,2026-08-28,活跃用户,2,4,0.1942
LCS00010464,U0010464,2026-08-28,活跃用户,9,5,0.1591
LCS00010465,U0010465,2026-08-28,活跃用户,13,1,0.4228
LCS00010466,U0010466,2026-08-28,活跃用户,9,2,0.0667
LCS00010467,U0010467,2026-08-28,沉默用户,14,11,0.3359
LCS00010468,U0010468,2026-08-28,活跃用户,14,0,0.2364
LCS00010469,U0010469,2026-08-28,沉默用户,3,14,0.0884
LCS00010470,U0010470,2026-08-28,活跃用户,11,3,0.4029
LCS00010471,U0010471,2026-08-28,活跃用户,14,2,0.3137
LCS00010472,U0010472,2026-08-28,沉默用户,9,16,0.2377
LCS00010473,U0010473,2026-08-28,活跃用户,9,3,0.1364
LCS00010474,U0010474,2026-08-28,流失用户,1,122,0.2736
LCS00010475,U0010475,2026-08-28,活跃用户,7,2,0.436
LCS00010476,U0010476,2026-08-28,活跃用户,1,7,0.1455
LCS00010477,U0010477,2026-08-28,流失用户,4,32,0.3309
LCS00010478,U0010478,2026-08-28,沉默用户,13,21,0.4822
LCS00010479,U0010479,2026-08-28,沉默用户,4,23,0.3226
LCS00010480,U0010480,2026-08-28,沉默用户,4,20,0.3733
LCS00010481,U0010481,2026-08-28,沉默用户,7,23,0.408
LCS00010482,U0010482,2026-08-28,活跃用户,8,3,0.1123
LCS00010483,U0010483,2026-08-28,活跃用户,12,0,0.3571
LCS00010484,U0010484,2026-08-28,流失用户,4,44,0.1463
LCS00010485,U0010485,2026-08-28,流失用户,2,36,0.2022
LCS00010486,U0010486,2026-08-28,流失用户,5,56,0.1979
LCS00010487,U0010487,2026-08-28,活跃用户,11,4,0.2088
LCS00010488,U0010488,2026-08-28,活跃用户,10,0,0.4596
LCS00010489,U0010489,2026-08-28,流失用户,2,59,0.1687
LCS00010490,U0010490,2026-08-28,活跃用户,4,6,0.1958
LCS00010491,U0010491,2026-08-28,新用户,7,0,0.2432
LCS00010492,U0010492,2026-08-28,活跃用户,14,3,0.4304
LCS00010493,U0010493,2026-08-28,活跃用户,15,5,0.2829
LCS00010494,U0010494,2026-08-28,沉默用户,10,8,0.3068
LCS00010495,U0010495,2026-08-28,沉默用户,14,12,0.1023
LCS00010496,U0010496,2026-08-28,活跃用户,8,4,0.3684
LCS00010497,U0010497,2026-08-28,活跃用户,7,1,0.0876
LCS00010498,U0010498,2026-08-28,流失用户,1,69,0.1349
LCS00010499,U0010499,2026-08-28,活跃用户,11,3,0.5606
LCS00010500,U0010500,2026-08-28,活跃用户,2,7,0.1704
LCS00010501,U0010501,2026-08-28,沉默用户,7,11,0.3912
LCS00010502,U0010502,2026-08-28,沉默用户,9,19,0.2202
LCS00010503,U0010503,2026-08-28,沉默用户,1,21,0.05
LCS00010504,U0010504,2026-08-28,流失用户,0,231,0.2493
LCS00010505,U0010505,2026-08-28,活跃用户,14,2,0.1623
LCS00010506,U0010506,2026-08-28,流失用户,2,149,0.3503
LCS00010507,U0010507,2026-08-28,流失用户,6,53,0.3445
LCS00010508,U0010508,2026-08-28,流失用户,7,56,0.2483
LCS00010509,U0010509,2026-08-28,流失用户,3,83,0.337
LCS00010510,U0010510,2026-08-28,活跃用户,6,3,0.2346
LCS00010511,U0010511,2026-08-28,沉默用户,12,19,0.2691
LCS00010512,U0010512,2026-08-28,流失用户,5,71,0.5188
LCS00010513,U0010513,2026-08-28,沉默用户,13,11,0.3687
LCS00010514,U0010514,2026-08-28,流失用户,1,175,0.1479
LCS00010515,U0010515,2026-08-28,活跃用户,15,0,0.454
LCS00010516,U0010516,2026-08-28,沉默用户,3,11,0.1053
LCS00010517,U0010517,2026-08-28,沉默用户,2,17,0.5003
LCS00010518,U0010518,2026-08-28,活跃用户,14,6,0.4041
LCS00010519,U0010519,2026-08-28,沉默用户,4,19,0.2509
LCS00010520,U0010520,2026-08-28,沉默用户,14,22,0.3412
LCS00010521,U0010521,2026-08-28,活跃用户,6,2,0.3037
LCS00010522,U0010522,2026-08-28,沉默用户,15,15,0.5319
LCS00010523,U0010523,2026-08-28,沉默用户,4,24,0.2681
LCS00010524,U0010524,2026-08-28,活跃用户,10,0,0.3062
LCS00010525,U0010525,2026-08-28,沉默用户,9,19,0.3394
LCS00010526,U0010526,2026-08-28,沉默用户,4,24,0.1235
LCS00010527,U0010527,2026-08-28,沉默用户,14,25,0.46
LCS00010528,U0010528,2026-08-28,流失用户,3,41,0.2585
LCS00010529,U0010529,2026-08-28,活跃用户,7,1,0.2118
LCS00010530,U0010530,2026-08-28,活跃用户,4,3,0.2364
LCS00010531,U0010531,2026-08-28,流失用户,3,143,0.2812
LCS00010532,U0010532,2026-08-28,沉默用户,11,15,0.3364
LCS00010533,U0010533,2026-08-28,流失用户,8,42,0.6642
LCS00010534,U0010534,2026-08-28,沉默用户,6,18,0.2192
LCS00010535,U0010535,2026-08-28,活跃用户,9,1,0.5668
LCS00010536,U0010536,2026-08-28,活跃用户,12,2,0.5678
LCS00010537,U0010537,2026-08-28,活跃用户,12,7,0.1821
LCS00010538,U0010538,2026-08-28,活跃用户,13,1,0.2511
LCS00010539,U0010539,2026-08-28,活跃用户,13,0,0.4294
LCS00010540,U0010540,2026-08-28,流失用户,1,162,0.306
LCS00010541,U0010541,2026-08-28,流失用户,1,147,0.3293
LCS00010542,U0010542,2026-08-28,活跃用户,14,0,0.1878
LCS00010543,U0010543,2026-08-28,沉默用户,13,21,0.2315
LCS00010544,U0010544,2026-08-28,沉默用户,14,9,0.3484
LCS00010545,U0010545,2026-08-28,沉默用户,12,14,0.5061
LCS00010546,U0010546,2026-08-28,沉默用户,17,12,0.2589
LCS00010547,U0010547,2026-08-28,流失用户,0,206,0.1072
LCS00010548,U0010548,2026-08-28,沉默用户,12,21,0.3532
LCS00010549,U0010549,2026-08-28,活跃用户,12,1,0.3433
LCS00010550,U0010550,2026-08-28,沉默用户,6,10,0.3649
LCS00010551,U0010551,2026-08-28,沉默用户,15,15,0.6074
LCS00010552,U0010552,2026-08-28,活跃用户,3,5,0.4585
LCS00010553,U0010553,2026-08-28,新用户,4,2,0.2366
LCS00010554,U0010554,2026-08-28,流失用户,4,95,0.1926
LCS00010555,U0010555,2026-08-28,沉默用户,11,14,0.4949
LCS00010556,U0010556,2026-08-28,活跃用户,11,0,0.1277
LCS00010557,U0010557,2026-08-28,沉默用户,5,8,0.4392
LCS00010558,U0010558,2026-08-28,沉默用户,6,23,0.3986
LCS00010559,U0010559,2026-08-28,沉默用户,8,16,0.1812
LCS00010560,U0010560,2026-08-28,沉默用户,6,20,0.4923
LCS00010561,U0010561,2026-08-28,活跃用户,13,4,0.4187
LCS00010562,U0010562,2026-08-28,活跃用户,16,7,0.3885
LCS00010563,U0010563,2026-08-28,活跃用户,16,7,0.5062
LCS00010564,U0010564,2026-08-28,沉默用户,9,13,0.2797
LCS00010565,U0010565,2026-08-28,流失用户,1,162,0.2305
LCS00010566,U0010566,2026-08-28,新用户,1,2,0.4335
LCS00010567,U0010567,2026-08-28,流失用户,1,101,0.1222
LCS00010568,U0010568,2026-08-28,活跃用户,8,1,0.2025
LCS00010569,U0010569,2026-08-28,活跃用户,7,3,0.144
LCS00010570,U0010570,2026-08-28,新用户,0,0,0.1342
LCS00010571,U0010571,2026-08-28,流失用户,3,77,0.3071
LCS00010572,U0010572,2026-08-28,沉默用户,14,13,0.1461
LCS00010573,U0010573,2026-08-28,沉默用户,4,13,0.4025
LCS00010574,U0010574,2026-08-28,沉默用户,9,13,0.4811
LCS00010575,U0010575,2026-08-28,沉默用户,10,9,0.2639
LCS00010576,U0010576,2026-08-28,流失用户,4,70,0.0805
LCS00010577,U0010577,2026-08-28,流失用户,2,48,0.3998
LCS00010578,U0010578,2026-08-28,流失用户,3,126,0.4294
LCS00010579,U0010579,2026-08-28,活跃用户,15,4,0.4956
LCS00010580,U0010580,2026-08-28,活跃用户,13,3,0.3177
LCS00010581,U0010581,2026-08-28,流失用户,3,36,0.05
LCS00010582,U0010582,2026-08-28,沉默用户,13,16,0.3951
LCS00010583,U0010583,2026-08-28,沉默用户,0,16,0.1103
LCS00010584,U0010584,2026-08-28,沉默用户,4,8,0.3653
LCS00010585,U0010585,2026-08-28,流失用户,0,98,0.3218
LCS00010586,U0010586,2026-08-28,沉默用户,6,11,0.4215
LCS00010587,U0010587,2026-08-28,流失用户,11,32,0.1634
LCS00010588,U0010588,2026-08-28,沉默用户,5,22,0.2363
LCS00010589,U0010589,2026-08-28,沉默用户,2,12,0.4184
LCS00010590,U0010590,2026-08-28,流失用户,6,46,0.2995
LCS00010591,U0010591,2026-08-28,活跃用户,3,7,0.4807
LCS00010592,U0010592,2026-08-28,沉默用户,4,20,0.2852
LCS00010593,U0010593,2026-08-28,流失用户,3,36,0.2152
LCS00010594,U0010594,2026-08-28,沉默用户,10,9,0.0583
LCS00010595,U0010595,2026-08-28,流失用户,2,131,0.2225
LCS00010596,U0010596,2026-08-28,沉默用户,2,8,0.0827
LCS00010597,U0010597,2026-08-28,沉默用户,16,20,0.5101
LCS00010598,U0010598,2026-08-28,流失用户,4,85,0.4097
LCS00010599,U0010599,2026-08-28,流失用户,10,47,0.3956
LCS00010600,U0010600,2026-08-28,活跃用户,19,2,0.5313
LCS00010601,U0010601,2026-08-28,活跃用户,10,1,0.3697
LCS00010602,U0010602,2026-08-28,流失用户,3,31,0.1798
LCS00010603,U0010603,2026-08-28,沉默用户,3,8,0.4892
LCS00010604,U0010604,2026-08-28,活跃用户,15,4,0.2001
LCS00010605,U0010605,2026-08-28,流失用户,2,144,0.2231
LCS00010606,U0010606,2026-08-28,活跃用户,6,3,0.1568
LCS00010607,U0010607,2026-08-28,活跃用户,10,0,0.3915
LCS00010608,U0010608,2026-08-28,活跃用户,17,4,0.3944
LCS00010609,U0010609,2026-08-28,流失用户,4,168,0.3052
LCS00010610,U0010610,2026-08-28,沉默用户,11,25,0.1973
LCS00010611,U0010611,2026-08-28,沉默用户,8,9,0.1725
LCS00010612,U0010612,2026-08-28,沉默用户,2,16,0.0617
LCS00010613,U0010613,2026-08-28,活跃用户,11,0,0.05
LCS00010614,U0010614,2026-08-28,流失用户,2,128,0.4512
LCS00010615,U0010615,2026-08-28,流失用户,5,97,0.383
LCS00010616,U0010616,2026-08-28,流失用户,5,47,0.3202
LCS00010617,U0010617,2026-08-28,流失用户,9,49,0.474
LCS00010618,U0010618,2026-08-28,沉默用户,13,8,0.3286
LCS00010619,U0010619,2026-08-28,活跃用户,11,1,0.1435
LCS00010620,U0010620,2026-08-28,活跃用户,8,2,0.226
LCS00010621,U0010621,2026-08-28,流失用户,3,110,0.2012
LCS00010622,U0010622,2026-08-28,流失用户,7,49,0.4587
LCS00010623,U0010623,2026-08-28,活跃用户,7,7,0.2099
LCS00010624,U0010624,2026-08-28,流失用户,2,158,0.4003
LCS00010625,U0010625,2026-08-28,流失用户,0,55,0.0661
LCS00010626,U0010626,2026-08-28,活跃用户,12,3,0.235
LCS00010627,U0010627,2026-08-28,流失用户,2,80,0.1429
LCS00010628,U0010628,2026-08-28,沉默用户,10,25,0.6669
LCS00010629,U0010629,2026-08-28,活跃用户,16,3,0.4282
LCS00010630,U0010630,2026-08-28,活跃用户,9,2,0.2554
LCS00010631,U0010631,2026-08-28,沉默用户,6,12,0.2659
LCS00010632,U0010632,2026-08-28,流失用户,2,61,0.1312
LCS00010633,U0010633,2026-08-28,沉默用户,4,24,0.3363
LCS00010634,U0010634,2026-08-28,沉默用户,5,18,0.2924
LCS00010635,U0010635,2026-08-28,活跃用户,11,0,0.4397
LCS00010636,U0010636,2026-08-28,沉默用户,4,16,0.1403
LCS00010637,U0010637,2026-08-28,沉默用户,4,25,0.4674
LCS00010638,U0010638,2026-08-28,流失用户,3,63,0.3263
LCS00010639,U0010639,2026-08-28,流失用户,3,31,0.2383
LCS00010640,U0010640,2026-08-28,活跃用户,12,0,0.1013
LCS00010641,U0010641,2026-08-28,活跃用户,9,1,0.4069
LCS00010642,U0010642,2026-08-28,流失用户,2,63,0.3301
LCS00010643,U0010643,2026-08-28,流失用户,0,181,0.1918
LCS00010644,U0010644,2026-08-28,沉默用户,15,21,0.5085
LCS00010645,U0010645,2026-08-28,活跃用户,6,0,0.3913
LCS00010646,U0010646,2026-08-28,沉默用户,15,16,0.4768
LCS00010647,U0010647,2026-08-28,流失用户,2,38,0.2912
LCS00010648,U0010648,2026-08-28,活跃用户,3,1,0.2196
LCS00010649,U0010649,2026-08-28,沉默用户,10,29,0.2837
LCS00010650,U0010650,2026-08-28,活跃用户,15,3,0.2876
LCS00010651,U0010651,2026-08-28,流失用户,1,53,0.2548
LCS00010652,U0010652,2026-08-28,活跃用户,2,4,0.3243
LCS00010653,U0010653,2026-08-28,流失用户,15,32,0.3969
LCS00010654,U0010654,2026-08-28,流失用户,4,77,0.2656
LCS00010655,U0010655,2026-08-28,流失用户,1,182,0.4537
LCS00010656,U0010656,2026-08-28,流失用户,3,104,0.222
LCS00010657,U0010657,2026-08-28,沉默用户,11,15,0.4786
LCS00010658,U0010658,2026-08-28,流失用户,7,74,0.3973
LCS00010659,U0010659,2026-08-28,活跃用户,10,7,0.0827
LCS00010660,U0010660,2026-08-28,流失用户,7,36,0.3971
LCS00010661,U0010661,2026-08-28,活跃用户,5,1,0.05
LCS00010662,U0010662,2026-08-28,沉默用户,6,14,0.1597
LCS00010663,U0010663,2026-08-28,活跃用户,12,5,0.2381
LCS00010664,U0010664,2026-08-28,活跃用户,17,0,0.4462
LCS00010665,U0010665,2026-08-28,沉默用户,2,21,0.3278
LCS00010666,U0010666,2026-08-28,活跃用户,9,3,0.0834
LCS00010667,U0010667,2026-08-28,流失用户,4,167,0.3396
LCS00010668,U0010668,2026-08-28,流失用户,5,45,0.2588
LCS00010669,U0010669,2026-08-28,流失用户,2,37,0.3101
LCS00010670,U0010670,2026-08-28,沉默用户,2,29,0.6069
LCS00010671,U0010671,2026-08-28,流失用户,0,165,0.05
LCS00010672,U0010672,2026-08-28,流失用户,4,43,0.3823
LCS00010673,U0010673,2026-08-28,沉默用户,5,9,0.4389
LCS00010674,U0010674,2026-08-28,活跃用户,17,1,0.3279
LCS00010675,U0010675,2026-08-28,沉默用户,2,10,0.05
LCS00010676,U0010676,2026-08-28,活跃用户,3,1,0.05
LCS00010677,U0010677,2026-08-28,活跃用户,10,5,0.4267
LCS00010678,U0010678,2026-08-28,流失用户,7,42,0.5092
LCS00010679,U0010679,2026-08-28,活跃用户,14,7,0.5787
LCS00010680,U0010680,2026-08-28,活跃用户,4,4,0.3346
LCS00010681,U0010681,2026-08-28,活跃用户,5,2,0.4065
LCS00010682,U0010682,2026-08-28,沉默用户,5,8,0.1636
LCS00010683,U0010683,2026-08-28,沉默用户,7,14,0.3717
LCS00010684,U0010684,2026-08-28,活跃用户,12,2,0.2451
LCS00010685,U0010685,2026-08-28,沉默用户,6,27,0.2353
LCS00010686,U0010686,2026-08-28,活跃用户,6,4,0.2728
LCS00010687,U0010687,2026-08-28,沉默用户,9,13,0.2609
LCS00010688,U0010688,2026-08-28,流失用户,5,141,0.564
LCS00010689,U0010689,2026-08-28,沉默用户,2,18,0.0732
LCS00010690,U0010690,2026-08-28,活跃用户,11,5,0.0603
LCS00010691,U0010691,2026-08-28,沉默用户,18,12,0.5266
LCS00010692,U0010692,2026-08-28,活跃用户,4,1,0.3592
LCS00010693,U0010693,2026-08-28,流失用户,2,52,0.0577
LCS00010694,U0010694,2026-08-28,沉默用户,2,19,0.1287
LCS00010695,U0010695,2026-08-28,沉默用户,10,10,0.4973
LCS00010696,U0010696,2026-08-28,活跃用户,7,2,0.2261
LCS00010697,U0010697,2026-08-28,流失用户,1,98,0.1251
LCS00010698,U0010698,2026-08-28,沉默用户,12,27,0.2599
LCS00010699,U0010699,2026-08-28,活跃用户,13,1,0.4408
LCS00010700,U0010700,2026-08-28,沉默用户,11,23,0.5408
LCS00010701,U0010701,2026-08-28,流失用户,2,230,0.2663
LCS00010702,U0010702,2026-08-28,流失用户,3,51,0.3272
LCS00010703,U0010703,2026-08-28,沉默用户,2,16,0.5694
LCS00010704,U0010704,2026-08-28,流失用户,5,71,0.1348
LCS00010705,U0010705,2026-08-28,活跃用户,2,0,0.0683
LCS00010706,U0010706,2026-08-28,活跃用户,16,4,0.4041
LCS00010707,U0010707,2026-08-28,活跃用户,13,4,0.3295
LCS00010708,U0010708,2026-08-28,沉默用户,7,23,0.0916
LCS00010709,U0010709,2026-08-28,沉默用户,3,30,0.3869
LCS00010710,U0010710,2026-08-28,沉默用户,4,10,0.3333
LCS00010711,U0010711,2026-08-28,沉默用户,12,23,0.3371
LCS00010712,U0010712,2026-08-28,活跃用户,3,1,0.2464
LCS00010713,U0010713,2026-08-28,沉默用户,6,20,0.2089
LCS00010714,U0010714,2026-08-28,活跃用户,2,5,0.2491
LCS00010715,U0010715,2026-08-28,活跃用户,4,7,0.2847
LCS00010716,U0010716,2026-08-28,活跃用户,9,3,0.05
LCS00010717,U0010717,2026-08-28,沉默用户,10,8,0.3416
LCS00010718,U0010718,2026-08-28,活跃用户,5,1,0.061
LCS00010719,U0010719,2026-08-28,流失用户,6,71,0.1678
LCS00010720,U0010720,2026-08-28,流失用户,0,132,0.1189
LCS00010721,U0010721,2026-08-28,流失用户,12,31,0.5118
LCS00010722,U0010722,2026-08-28,流失用户,4,62,0.3464
LCS00010723,U0010723,2026-08-28,流失用户,1,225,0.2477
LCS00010724,U0010724,2026-08-28,活跃用户,4,7,0.4206
LCS00010725,U0010725,2026-08-28,流失用户,3,84,0.3288
LCS00010726,U0010726,2026-08-28,沉默用户,4,12,0.4911
LCS00010727,U0010727,2026-08-28,活跃用户,9,2,0.2989
LCS00010728,U0010728,2026-08-28,流失用户,3,77,0.4173
LCS00010729,U0010729,2026-08-28,活跃用户,5,7,0.3977
LCS00010730,U0010730,2026-08-28,流失用户,1,75,0.2468
LCS00010731,U0010731,2026-08-28,流失用户,4,76,0.2815
LCS00010732,U0010732,2026-08-28,流失用户,6,54,0.2459
LCS00010733,U0010733,2026-08-28,流失用户,6,33,0.3896
LCS00010734,U0010734,2026-08-28,沉默用户,14,24,0.3313
LCS00010735,U0010735,2026-08-28,活跃用户,13,6,0.344
LCS00010736,U0010736,2026-08-28,活跃用户,6,5,0.467
LCS00010737,U0010737,2026-08-28,活跃用户,6,1,0.0873
LCS00010738,U0010738,2026-08-28,活跃用户,11,1,0.3446
LCS00010739,U0010739,2026-08-28,活跃用户,1,7,0.2445
LCS00010740,U0010740,2026-08-28,活跃用户,8,2,0.2769
LCS00010741,U0010741,2026-08-28,流失用户,7,62,0.2358
LCS00010742,U0010742,2026-08-28,流失用户,4,35,0.124
LCS00010743,U0010743,2026-08-28,活跃用户,14,1,0.3407
LCS00010744,U0010744,2026-08-28,沉默用户,10,29,0.5448
LCS00010745,U0010745,2026-08-28,活跃用户,2,5,0.1853
LCS00010746,U0010746,2026-08-28,流失用户,6,42,0.2509
LCS00010747,U0010747,2026-08-28,流失用户,2,56,0.1576
LCS00010748,U0010748,2026-08-28,沉默用户,5,19,0.6143
LCS00010749,U0010749,2026-08-28,流失用户,4,185,0.5526
LCS00010750,U0010750,2026-08-28,活跃用户,8,1,0.3907
LCS00010751,U0010751,2026-08-28,沉默用户,9,13,0.6016
LCS00010752,U0010752,2026-08-28,流失用户,5,61,0.2809
LCS00010753,U0010753,2026-08-28,活跃用户,10,7,0.058
LCS00010754,U0010754,2026-08-28,活跃用户,9,3,0.5363
LCS00010755,U0010755,2026-08-28,流失用户,8,97,0.2663
LCS00010756,U0010756,2026-08-28,流失用户,12,43,0.2619
LCS00010757,U0010757,2026-08-28,沉默用户,14,9,0.05
LCS00010758,U0010758,2026-08-28,活跃用户,10,1,0.2829
LCS00010759,U0010759,2026-08-28,活跃用户,10,0,0.5222
LCS00010760,U0010760,2026-08-28,沉默用户,12,8,0.4084
LCS00010761,U0010761,2026-08-28,沉默用户,12,12,0.2846
LCS00010762,U0010762,2026-08-28,沉默用户,8,24,0.4114
LCS00010763,U0010763,2026-08-28,活跃用户,11,2,0.2672
LCS00010764,U0010764,2026-08-28,沉默用户,14,10,0.3352
LCS00010765,U0010765,2026-08-28,沉默用户,14,16,0.4311
LCS00010766,U0010766,2026-08-28,沉默用户,4,30,0.1854
LCS00010767,U0010767,2026-08-28,活跃用户,17,3,0.6512
LCS00010768,U0010768,2026-08-28,活跃用户,4,0,0.2593
LCS00010769,U0010769,2026-08-28,沉默用户,7,12,0.2484
LCS00010770,U0010770,2026-08-28,活跃用户,12,6,0.4211
LCS00010771,U0010771,2026-08-28,沉默用户,4,8,0.52
LCS00010772,U0010772,2026-08-28,活跃用户,14,5,0.2798
LCS00010773,U0010773,2026-08-28,沉默用户,17,21,0.2762
LCS00010774,U0010774,2026-08-28,活跃用户,15,2,0.295
LCS00010775,U0010775,2026-08-28,活跃用户,2,0,0.3212
LCS00010776,U0010776,2026-08-28,流失用户,6,45,0.299
LCS00010777,U0010777,2026-08-28,流失用户,0,149,0.1242
LCS00010778,U0010778,2026-08-28,沉默用户,17,12,0.5217
LCS00010779,U0010779,2026-08-28,新用户,2,1,0.2221
LCS00010780,U0010780,2026-08-28,活跃用户,13,2,0.3658
LCS00010781,U0010781,2026-08-28,流失用户,2,63,0.2232
LCS00010782,U0010782,2026-08-28,沉默用户,2,19,0.3883
LCS00010783,U0010783,2026-08-28,沉默用户,9,28,0.1739
LCS00010784,U0010784,2026-08-28,活跃用户,15,1,0.5424
LCS00010785,U0010785,2026-08-28,沉默用户,15,29,0.5455
LCS00010786,U0010786,2026-08-28,新用户,3,0,0.2371
LCS00010787,U0010787,2026-08-28,活跃用户,10,6,0.2349
LCS00010788,U0010788,2026-08-28,流失用户,12,43,0.406
LCS00010789,U0010789,2026-08-28,活跃用户,11,3,0.4819
LCS00010790,U0010790,2026-08-28,活跃用户,16,0,0.4595
LCS00010791,U0010791,2026-08-28,沉默用户,6,21,0.1669
LCS00010792,U0010792,2026-08-28,流失用户,2,122,0.3322
LCS00010793,U0010793,2026-08-28,活跃用户,3,6,0.3171
LCS00010794,U0010794,2026-08-28,沉默用户,5,15,0.3794
LCS00010795,U0010795,2026-08-28,流失用户,7,72,0.4787
LCS00010796,U0010796,2026-08-28,沉默用户,9,8,0.2647
LCS00010797,U0010797,2026-08-28,沉默用户,5,15,0.4239
LCS00010798,U0010798,2026-08-28,流失用户,8,34,0.1156
LCS00010799,U0010799,2026-08-28,沉默用户,4,10,0.05
LCS00010800,U0010800,2026-08-28,流失用户,3,77,0.2611
LCS00010801,U0010801,2026-08-28,流失用户,2,164,0.2447
LCS00010802,U0010802,2026-08-28,活跃用户,3,5,0.1244
LCS00010803,U0010803,2026-08-28,新用户,2,0,0.4246
LCS00010804,U0010804,2026-08-28,活跃用户,11,7,0.1535
LCS00010805,U0010805,2026-08-28,流失用户,0,53,0.2839
LCS00010806,U0010806,2026-08-28,沉默用户,3,21,0.4329
LCS00010807,U0010807,2026-08-28,流失用户,12,40,0.2707
LCS00010808,U0010808,2026-08-28,活跃用户,5,1,0.1951
LCS00010809,U0010809,2026-08-28,沉默用户,9,10,0.3399
LCS00010810,U0010810,2026-08-28,活跃用户,10,5,0.3261
LCS00010811,U0010811,2026-08-28,流失用户,5,54,0.4796
LCS00010812,U0010812,2026-08-28,流失用户,5,34,0.4492
LCS00010813,U0010813,2026-08-28,流失用户,11,61,0.3898
LCS00010814,U0010814,2026-08-28,沉默用户,14,9,0.3842
LCS00010815,U0010815,2026-08-28,活跃用户,9,6,0.1337
LCS00010816,U0010816,2026-08-28,活跃用户,10,1,0.1349
LCS00010817,U0010817,2026-08-28,活跃用户,13,4,0.2691
LCS00010818,U0010818,2026-08-28,活跃用户,6,4,0.2062
LCS00010819,U0010819,2026-08-28,流失用户,7,37,0.3266
LCS00010820,U0010820,2026-08-28,活跃用户,15,6,0.2725
LCS00010821,U0010821,2026-08-28,流失用户,3,69,0.2622
LCS00010822,U0010822,2026-08-28,沉默用户,13,8,0.4541
LCS00010823,U0010823,2026-08-28,活跃用户,6,0,0.05
LCS00010824,U0010824,2026-08-28,活跃用户,18,7,0.53
LCS00010825,U0010825,2026-08-28,流失用户,1,62,0.2423
LCS00010826,U0010826,2026-08-28,流失用户,0,155,0.05
LCS00010827,U0010827,2026-08-28,活跃用户,7,5,0.3995
LCS00010828,U0010828,2026-08-28,流失用户,2,59,0.2393
LCS00010829,U0010829,2026-08-28,沉默用户,5,16,0.6133
LCS00010830,U0010830,2026-08-28,流失用户,9,57,0.2844
LCS00010831,U0010831,2026-08-28,流失用户,6,35,0.5595
LCS00010832,U0010832,2026-08-28,沉默用户,0,18,0.2572
LCS00010833,U0010833,2026-08-28,流失用户,3,40,0.4909
LCS00010834,U0010834,2026-08-28,活跃用户,11,1,0.2681
LCS00010835,U0010835,2026-08-28,流失用户,4,43,0.233
LCS00010836,U0010836,2026-08-28,流失用户,2,137,0.1734
LCS00010837,U0010837,2026-08-28,沉默用户,2,30,0.2415
LCS00010838,U0010838,2026-08-28,流失用户,3,89,0.0551
LCS00010839,U0010839,2026-08-28,活跃用户,8,2,0.6054
LCS00010840,U0010840,2026-08-28,沉默用户,6,11,0.3115
LCS00010841,U0010841,2026-08-28,沉默用户,12,9,0.2169
LCS00010842,U0010842,2026-08-28,流失用户,13,76,0.5573
LCS00010843,U0010843,2026-08-28,流失用户,3,89,0.3452
LCS00010844,U0010844,2026-08-28,沉默用户,5,16,0.26
LCS00010845,U0010845,2026-08-28,活跃用户,13,4,0.232
LCS00010846,U0010846,2026-08-28,活跃用户,13,0,0.5835
LCS00010847,U0010847,2026-08-28,活跃用户,9,4,0.3768
LCS00010848,U0010848,2026-08-28,沉默用户,9,9,0.1374
LCS00010849,U0010849,2026-08-28,活跃用户,2,6,0.3534
LCS00010850,U0010850,2026-08-28,流失用户,3,45,0.4565
LCS00010851,U0010851,2026-08-28,活跃用户,7,1,0.3049
LCS00010852,U0010852,2026-08-28,流失用户,10,51,0.2863
LCS00010853,U0010853,2026-08-28,沉默用户,4,11,0.2366
LCS00010854,U0010854,2026-08-28,流失用户,3,80,0.3223
LCS00010855,U0010855,2026-08-28,沉默用户,2,27,0.3734
LCS00010856,U0010856,2026-08-28,活跃用户,11,1,0.0636
LCS00010857,U0010857,2026-08-28,沉默用户,14,11,0.3998
LCS00010858,U0010858,2026-08-28,活跃用户,1,4,0.2782
LCS00010859,U0010859,2026-08-28,流失用户,3,158,0.2661
LCS00010860,U0010860,2026-08-28,活跃用户,9,0,0.2771
LCS00010861,U0010861,2026-08-28,活跃用户,7,0,0.3467
LCS00010862,U0010862,2026-08-28,沉默用户,7,28,0.4972
LCS00010863,U0010863,2026-08-28,流失用户,14,50,0.1005
LCS00010864,U0010864,2026-08-28,沉默用户,14,11,0.1093
LCS00010865,U0010865,2026-08-28,沉默用户,6,9,0.3028
LCS00010866,U0010866,2026-08-28,流失用户,5,41,0.3005
LCS00010867,U0010867,2026-08-28,活跃用户,14,2,0.0591
LCS00010868,U0010868,2026-08-28,活跃用户,15,4,0.2059
LCS00010869,U0010869,2026-08-28,沉默用户,3,23,0.3243
LCS00010870,U0010870,2026-08-28,活跃用户,3,5,0.171
LCS00010871,U0010871,2026-08-28,活跃用户,17,2,0.6254
LCS00010872,U0010872,2026-08-28,活跃用户,12,7,0.3176
LCS00010873,U0010873,2026-08-28,流失用户,1,31,0.4253
LCS00010874,U0010874,2026-08-28,沉默用户,7,8,0.3172
LCS00010875,U0010875,2026-08-28,活跃用户,10,0,0.1341
LCS00010876,U0010876,2026-08-28,流失用户,2,75,0.3405
LCS00010877,U0010877,2026-08-28,流失用户,7,43,0.2439
LCS00010878,U0010878,2026-08-28,沉默用户,3,18,0.2257
LCS00010879,U0010879,2026-08-28,活跃用户,3,7,0.2895
LCS00010880,U0010880,2026-08-28,流失用户,1,53,0.176
LCS00010881,U0010881,2026-08-28,沉默用户,10,17,0.1675
LCS00010882,U0010882,2026-08-28,流失用户,5,84,0.3056
LCS00010883,U0010883,2026-08-28,活跃用户,12,0,0.6577
LCS00010884,U0010884,2026-08-28,流失用户,1,45,0.3976
LCS00010885,U0010885,2026-08-28,活跃用户,3,3,0.6532
LCS00010886,U0010886,2026-08-28,活跃用户,8,2,0.1963
LCS00010887,U0010887,2026-08-28,流失用户,5,64,0.0729
LCS00010888,U0010888,2026-08-28,流失用户,4,64,0.3433
LCS00010889,U0010889,2026-08-28,活跃用户,7,4,0.0665
LCS00010890,U0010890,2026-08-28,沉默用户,2,8,0.3344
LCS00010891,U0010891,2026-08-28,沉默用户,15,16,0.4421
LCS00010892,U0010892,2026-08-28,流失用户,4,68,0.5639
LCS00010893,U0010893,2026-08-28,活跃用户,7,1,0.4788
LCS00010894,U0010894,2026-08-28,活跃用户,14,3,0.3089
LCS00010895,U0010895,2026-08-28,流失用户,8,33,0.3939
LCS00010896,U0010896,2026-08-28,流失用户,0,86,0.1655
LCS00010897,U0010897,2026-08-28,活跃用户,18,2,0.5086
LCS00010898,U0010898,2026-08-28,沉默用户,6,27,0.148
LCS00010899,U0010899,2026-08-28,流失用户,3,92,0.5314
LCS00010900,U0010900,2026-08-28,活跃用户,6,0,0.4039
LCS00010901,U0010901,2026-08-28,活跃用户,6,3,0.35
LCS00010902,U0010902,2026-08-28,活跃用户,12,1,0.0556
LCS00010903,U0010903,2026-08-28,活跃用户,10,0,0.2934
LCS00010904,U0010904,2026-08-28,沉默用户,14,18,0.2939
LCS00010905,U0010905,2026-08-28,活跃用户,13,3,0.4053
LCS00010906,U0010906,2026-08-28,流失用户,1,183,0.4165
LCS00010907,U0010907,2026-08-28,活跃用户,12,3,0.3645
LCS00010908,U0010908,2026-08-28,新用户,3,0,0.2506
LCS00010909,U0010909,2026-08-28,流失用户,2,31,0.3537
LCS00010910,U0010910,2026-08-28,沉默用户,14,8,0.4928
LCS00010911,U0010911,2026-08-28,沉默用户,4,23,0.1045
LCS00010912,U0010912,2026-08-28,沉默用户,7,16,0.2445
LCS00010913,U0010913,2026-08-28,流失用户,14,41,0.2327
LCS00010914,U0010914,2026-08-28,活跃用户,7,0,0.1964
LCS00010915,U0010915,2026-08-28,流失用户,2,36,0.2191
LCS00010916,U0010916,2026-08-28,沉默用户,6,17,0.2599
LCS00010917,U0010917,2026-08-28,流失用户,5,65,0.3994
LCS00010918,U0010918,2026-08-28,活跃用户,4,0,0.4897
LCS00010919,U0010919,2026-08-28,流失用户,7,52,0.2342
LCS00010920,U0010920,2026-08-28,活跃用户,4,1,0.3746
LCS00010921,U0010921,2026-08-28,沉默用户,4,28,0.3399
LCS00010922,U0010922,2026-08-28,活跃用户,3,1,0.3268
LCS00010923,U0010923,2026-08-28,活跃用户,12,1,0.2719
LCS00010924,U0010924,2026-08-28,活跃用户,14,0,0.5196
LCS00010925,U0010925,2026-08-28,活跃用户,12,0,0.2437
LCS00010926,U0010926,2026-08-28,沉默用户,13,8,0.456
LCS00010927,U0010927,2026-08-28,新用户,2,0,0.1309
LCS00010928,U0010928,2026-08-28,流失用户,4,48,0.3611
LCS00010929,U0010929,2026-08-28,新用户,4,0,0.3565
LCS00010930,U0010930,2026-08-28,活跃用户,4,1,0.379
LCS00010931,U0010931,2026-08-28,流失用户,8,46,0.4433
LCS00010932,U0010932,2026-08-28,沉默用户,2,10,0.3414
LCS00010933,U0010933,2026-08-28,流失用户,2,85,0.2613
LCS00010934,U0010934,2026-08-28,流失用户,4,64,0.2169
LCS00010935,U0010935,2026-08-28,活跃用户,17,7,0.4374
LCS00010936,U0010936,2026-08-28,活跃用户,12,4,0.3962
LCS00010937,U0010937,2026-08-28,流失用户,3,152,0.4289
LCS00010938,U0010938,2026-08-28,活跃用户,10,1,0.3514
LCS00010939,U0010939,2026-08-28,活跃用户,16,6,0.1005
LCS00010940,U0010940,2026-08-28,流失用户,4,57,0.3883
LCS00010941,U0010941,2026-08-28,流失用户,4,87,0.5491
LCS00010942,U0010942,2026-08-28,沉默用户,11,8,0.4101
LCS00010943,U0010943,2026-08-28,沉默用户,1,9,0.1895
LCS00010944,U0010944,2026-08-28,活跃用户,5,3,0.05
LCS00010945,U0010945,2026-08-28,活跃用户,3,2,0.2258
LCS00010946,U0010946,2026-08-28,流失用户,3,198,0.382
LCS00010947,U0010947,2026-08-28,流失用户,2,158,0.3485
LCS00010948,U0010948,2026-08-28,活跃用户,14,0,0.529
LCS00010949,U0010949,2026-08-28,流失用户,2,229,0.1267
LCS00010950,U0010950,2026-08-28,活跃用户,14,3,0.3191
LCS00010951,U0010951,2026-08-28,沉默用户,2,28,0.1529
LCS00010952,U0010952,2026-08-28,沉默用户,3,30,0.3925
LCS00010953,U0010953,2026-08-28,活跃用户,13,7,0.3717
LCS00010954,U0010954,2026-08-28,活跃用户,5,2,0.2589
LCS00010955,U0010955,2026-08-28,沉默用户,4,16,0.5742
LCS00010956,U0010956,2026-08-28,活跃用户,16,7,0.5707
LCS00010957,U0010957,2026-08-28,流失用户,6,59,0.3943
LCS00010958,U0010958,2026-08-28,流失用户,10,35,0.2655
LCS00010959,U0010959,2026-08-28,活跃用户,11,4,0.1538
LCS00010960,U0010960,2026-08-28,沉默用户,4,19,0.2904
LCS00010961,U0010961,2026-08-28,沉默用户,4,27,0.145
LCS00010962,U0010962,2026-08-28,流失用户,2,52,0.4005
LCS00010963,U0010963,2026-08-28,沉默用户,13,11,0.373
LCS00010964,U0010964,2026-08-28,沉默用户,4,9,0.2068
LCS00010965,U0010965,2026-08-28,新用户,6,0,0.3298
LCS00010966,U0010966,2026-08-28,流失用户,3,81,0.3626
LCS00010967,U0010967,2026-08-28,活跃用户,14,0,0.3319
LCS00010968,U0010968,2026-08-28,活跃用户,8,2,0.3135
LCS00010969,U0010969,2026-08-28,沉默用户,1,11,0.05
LCS00010970,U0010970,2026-08-28,流失用户,5,151,0.5022
LCS00010971,U0010971,2026-08-28,活跃用户,11,0,0.2895
LCS00010972,U0010972,2026-08-28,流失用户,7,37,0.3897
LCS00010973,U0010973,2026-08-28,流失用户,5,57,0.4396
LCS00010974,U0010974,2026-08-28,流失用户,4,67,0.2654
LCS00010975,U0010975,2026-08-28,沉默用户,16,18,0.2689
LCS00010976,U0010976,2026-08-28,沉默用户,13,21,0.396
LCS00010977,U0010977,2026-08-28,活跃用户,6,2,0.108
LCS00010978,U0010978,2026-08-28,活跃用户,13,5,0.3583
LCS00010979,U0010979,2026-08-28,活跃用户,8,3,0.1553
LCS00010980,U0010980,2026-08-28,流失用户,0,143,0.3138
LCS00010981,U0010981,2026-08-28,活跃用户,15,3,0.588
LCS00010982,U0010982,2026-08-28,沉默用户,3,26,0.179
LCS00010983,U0010983,2026-08-28,流失用户,5,80,0.4405
LCS00010984,U0010984,2026-08-28,流失用户,11,45,0.1373
LCS00010985,U0010985,2026-08-28,沉默用户,11,17,0.2726
LCS00010986,U0010986,2026-08-28,流失用户,2,80,0.1712
LCS00010987,U0010987,2026-08-28,流失用户,1,55,0.2572
LCS00010988,U0010988,2026-08-28,活跃用户,11,7,0.1565
LCS00010989,U0010989,2026-08-28,沉默用户,11,8,0.2063
LCS00010990,U0010990,2026-08-28,沉默用户,12,22,0.439
LCS00010991,U0010991,2026-08-28,沉默用户,2,11,0.1811
LCS00010992,U0010992,2026-08-28,沉默用户,9,21,0.3158
LCS00010993,U0010993,2026-08-28,活跃用户,8,6,0.3041
LCS00010994,U0010994,2026-08-28,流失用户,5,50,0.2226
LCS00010995,U0010995,2026-08-28,沉默用户,7,28,0.3568
LCS00010996,U0010996,2026-08-28,沉默用户,11,22,0.3787
LCS00010997,U0010997,2026-08-28,沉默用户,7,21,0.2666
LCS00010998,U0010998,2026-08-28,活跃用户,5,6,0.167
LCS00010999,U0010999,2026-08-28,流失用户,5,68,0.3441
LCS00011000,U0011000,2026-08-28,流失用户,6,44,0.2324
LCS00011001,U0011001,2026-08-28,活跃用户,9,2,0.2981
LCS00011002,U0011002,2026-08-28,沉默用户,1,25,0.2618
LCS00011003,U0011003,2026-08-28,沉默用户,4,8,0.2411
LCS00011004,U0011004,2026-08-28,活跃用户,4,3,0.1761
LCS00011005,U0011005,2026-08-28,新用户,4,0,0.3846
LCS00011006,U0011006,2026-08-28,活跃用户,7,6,0.4193
LCS00011007,U0011007,2026-08-28,沉默用户,4,19,0.3738
LCS00011008,U0011008,2026-08-28,沉默用户,14,8,0.1332
LCS00011009,U0011009,2026-08-28,流失用户,3,67,0.3014
LCS00011010,U0011010,2026-08-28,沉默用户,10,11,0.3806
LCS00011011,U0011011,2026-08-28,流失用户,3,44,0.2319
LCS00011012,U0011012,2026-08-28,沉默用户,10,8,0.4904
LCS00011013,U0011013,2026-08-28,流失用户,4,150,0.3791
LCS00011014,U0011014,2026-08-28,流失用户,5,59,0.2551
LCS00011015,U0011015,2026-08-28,沉默用户,7,10,0.2479
LCS00011016,U0011016,2026-08-28,流失用户,4,75,0.05
LCS00011017,U0011017,2026-08-28,沉默用户,10,16,0.3206
LCS00011018,U0011018,2026-08-28,流失用户,1,72,0.4734
LCS00011019,U0011019,2026-08-28,活跃用户,11,1,0.1491
LCS00011020,U0011020,2026-08-28,活跃用户,7,1,0.2681
LCS00011021,U0011021,2026-08-28,流失用户,2,50,0.2342
LCS00011022,U0011022,2026-08-28,流失用户,2,40,0.4086
LCS00011023,U0011023,2026-08-28,新用户,2,0,0.1218
LCS00011024,U0011024,2026-08-28,活跃用户,11,1,0.3632
LCS00011025,U0011025,2026-08-28,流失用户,5,58,0.439
LCS00011026,U0011026,2026-08-28,沉默用户,12,22,0.5382
LCS00011027,U0011027,2026-08-28,活跃用户,7,6,0.5615
LCS00011028,U0011028,2026-08-28,流失用户,5,36,0.3078
LCS00011029,U0011029,2026-08-28,沉默用户,9,8,0.365
LCS00011030,U0011030,2026-08-28,流失用户,4,36,0.3534
LCS00011031,U0011031,2026-08-28,沉默用户,6,20,0.3334
LCS00011032,U0011032,2026-08-28,活跃用户,5,5,0.1691
LCS00011033,U0011033,2026-08-28,流失用户,3,190,0.5158
LCS00011034,U0011034,2026-08-28,流失用户,5,34,0.05
LCS00011035,U0011035,2026-08-28,活跃用户,13,1,0.3598
LCS00011036,U0011036,2026-08-28,沉默用户,8,22,0.519
LCS00011037,U0011037,2026-08-28,活跃用户,11,5,0.2807
LCS00011038,U0011038,2026-08-28,沉默用户,6,21,0.3433
LCS00011039,U0011039,2026-08-28,沉默用户,6,10,0.3556
LCS00011040,U0011040,2026-08-28,活跃用户,9,2,0.471
LCS00011041,U0011041,2026-08-28,活跃用户,10,4,0.241
LCS00011042,U0011042,2026-08-28,流失用户,0,180,0.05
LCS00011043,U0011043,2026-08-28,活跃用户,15,0,0.4536
LCS00011044,U0011044,2026-08-28,流失用户,6,61,0.3169
LCS00011045,U0011045,2026-08-28,沉默用户,8,8,0.4351
LCS00011046,U0011046,2026-08-28,沉默用户,5,27,0.3913
LCS00011047,U0011047,2026-08-28,新用户,2,2,0.2663
LCS00011048,U0011048,2026-08-28,沉默用户,4,10,0.498
LCS00011049,U0011049,2026-08-28,沉默用户,2,23,0.3462
LCS00011050,U0011050,2026-08-28,沉默用户,7,12,0.139
LCS00011051,U0011051,2026-08-28,沉默用户,4,12,0.4593
LCS00011052,U0011052,2026-08-28,流失用户,1,41,0.2328
LCS00011053,U0011053,2026-08-28,沉默用户,2,27,0.2885
LCS00011054,U0011054,2026-08-28,活跃用户,8,0,0.0809
LCS00011055,U0011055,2026-08-28,沉默用户,6,24,0.1162
LCS00011056,U0011056,2026-08-28,活跃用户,13,6,0.2151
LCS00011057,U0011057,2026-08-28,沉默用户,10,9,0.3687
LCS00011058,U0011058,2026-08-28,沉默用户,10,9,0.18
LCS00011059,U0011059,2026-08-28,沉默用户,10,17,0.5488
LCS00011060,U0011060,2026-08-28,活跃用户,10,0,0.2446
LCS00011061,U0011061,2026-08-28,流失用户,9,82,0.2362
LCS00011062,U0011062,2026-08-28,流失用户,2,130,0.2076
LCS00011063,U0011063,2026-08-28,活跃用户,6,1,0.1097
LCS00011064,U0011064,2026-08-28,活跃用户,14,5,0.2697
LCS00011065,U0011065,2026-08-28,活跃用户,14,7,0.3608
LCS00011066,U0011066,2026-08-28,沉默用户,8,17,0.05
LCS00011067,U0011067,2026-08-28,活跃用户,4,0,0.616
LCS00011068,U0011068,2026-08-28,沉默用户,5,10,0.3728
LCS00011069,U0011069,2026-08-28,沉默用户,6,15,0.4173
LCS00011070,U0011070,2026-08-28,活跃用户,16,0,0.3495
LCS00011071,U0011071,2026-08-28,活跃用户,15,3,0.3801
LCS00011072,U0011072,2026-08-28,流失用户,6,81,0.5067
LCS00011073,U0011073,2026-08-28,流失用户,4,49,0.4385
LCS00011074,U0011074,2026-08-28,沉默用户,2,15,0.3684
LCS00011075,U0011075,2026-08-28,流失用户,2,105,0.2479
LCS00011076,U0011076,2026-08-28,沉默用户,14,22,0.432
LCS00011077,U0011077,2026-08-28,沉默用户,8,14,0.2669
LCS00011078,U0011078,2026-08-28,新用户,8,0,0.1206
LCS00011079,U0011079,2026-08-28,活跃用户,9,0,0.4839
LCS00011080,U0011080,2026-08-28,活跃用户,2,0,0.1433
LCS00011081,U0011081,2026-08-28,流失用户,4,60,0.4096
LCS00011082,U0011082,2026-08-28,流失用户,4,174,0.3104
LCS00011083,U0011083,2026-08-28,沉默用户,3,10,0.3536
LCS00011084,U0011084,2026-08-28,活跃用户,7,4,0.05
LCS00011085,U0011085,2026-08-28,沉默用户,5,8,0.05
LCS00011086,U0011086,2026-08-28,流失用户,3,38,0.1747
LCS00011087,U0011087,2026-08-28,沉默用户,6,28,0.0932
LCS00011088,U0011088,2026-08-28,沉默用户,12,22,0.1331
LCS00011089,U0011089,2026-08-28,活跃用户,14,6,0.1871
LCS00011090,U0011090,2026-08-28,活跃用户,13,3,0.4908
LCS00011091,U0011091,2026-08-28,沉默用户,5,24,0.5712
LCS00011092,U0011092,2026-08-28,沉默用户,10,14,0.4206
LCS00011093,U0011093,2026-08-28,流失用户,3,156,0.6099
LCS00011094,U0011094,2026-08-28,活跃用户,10,0,0.1629
LCS00011095,U0011095,2026-08-28,流失用户,3,66,0.3078
LCS00011096,U0011096,2026-08-28,沉默用户,8,8,0.6168
LCS00011097,U0011097,2026-08-28,活跃用户,7,3,0.551
LCS00011098,U0011098,2026-08-28,活跃用户,13,3,0.1032
LCS00011099,U0011099,2026-08-28,沉默用户,5,29,0.1995
LCS00011100,U0011100,2026-08-28,流失用户,3,40,0.3331
LCS00011101,U0011101,2026-08-28,流失用户,6,31,0.2224
LCS00011102,U0011102,2026-08-28,活跃用户,3,5,0.3151
LCS00011103,U0011103,2026-08-28,活跃用户,2,1,0.2175
LCS00011104,U0011104,2026-08-28,活跃用户,4,1,0.3381
LCS00011105,U0011105,2026-08-28,流失用户,1,140,0.1457
LCS00011106,U0011106,2026-08-28,流失用户,13,57,0.3161
LCS00011107,U0011107,2026-08-28,流失用户,1,99,0.2525
LCS00011108,U0011108,2026-08-28,活跃用户,15,1,0.5551
LCS00011109,U0011109,2026-08-28,新用户,0,0,0.1723
LCS00011110,U0011110,2026-08-28,流失用户,2,129,0.2345
LCS00011111,U0011111,2026-08-28,活跃用户,3,4,0.3672
LCS00011112,U0011112,2026-08-28,流失用户,3,69,0.3626
LCS00011113,U0011113,2026-08-28,活跃用户,10,6,0.2693
LCS00011114,U0011114,2026-08-28,活跃用户,11,0,0.5393
LCS00011115,U0011115,2026-08-28,沉默用户,5,15,0.4344
LCS00011116,U0011116,2026-08-28,活跃用户,2,7,0.2175
LCS00011117,U0011117,2026-08-28,沉默用户,16,16,0.4642
LCS00011118,U0011118,2026-08-28,流失用户,3,183,0.3688
LCS00011119,U0011119,2026-08-28,活跃用户,6,4,0.374
LCS00011120,U0011120,2026-08-28,沉默用户,3,11,0.3312
LCS00011121,U0011121,2026-08-28,活跃用户,12,2,0.2673
LCS00011122,U0011122,2026-08-28,沉默用户,9,15,0.3525
LCS00011123,U0011123,2026-08-28,沉默用户,5,26,0.1844
LCS00011124,U0011124,2026-08-28,沉默用户,7,12,0.515
LCS00011125,U0011125,2026-08-28,活跃用户,12,2,0.6172
LCS00011126,U0011126,2026-08-28,流失用户,3,33,0.121
LCS00011127,U0011127,2026-08-28,流失用户,8,68,0.282
LCS00011128,U0011128,2026-08-28,流失用户,8,38,0.2599
LCS00011129,U0011129,2026-08-28,沉默用户,7,10,0.05
LCS00011130,U0011130,2026-08-28,活跃用户,11,0,0.4571
LCS00011131,U0011131,2026-08-28,沉默用户,8,9,0.4055
LCS00011132,U0011132,2026-08-28,沉默用户,5,19,0.2758
LCS00011133,U0011133,2026-08-28,新用户,7,0,0.4512
LCS00011134,U0011134,2026-08-28,沉默用户,14,23,0.5297
LCS00011135,U0011135,2026-08-28,活跃用户,18,5,0.4469
LCS00011136,U0011136,2026-08-28,活跃用户,12,2,0.6068
LCS00011137,U0011137,2026-08-28,活跃用户,2,5,0.05
LCS00011138,U0011138,2026-08-28,流失用户,5,104,0.3865
LCS00011139,U0011139,2026-08-28,流失用户,2,64,0.05
LCS00011140,U0011140,2026-08-28,沉默用户,5,20,0.2244
LCS00011141,U0011141,2026-08-28,沉默用户,8,15,0.3622
LCS00011142,U0011142,2026-08-28,流失用户,3,43,0.1944
LCS00011143,U0011143,2026-08-28,沉默用户,7,8,0.4204
LCS00011144,U0011144,2026-08-28,沉默用户,5,16,0.4197
LCS00011145,U0011145,2026-08-28,流失用户,3,111,0.2926
LCS00011146,U0011146,2026-08-28,沉默用户,2,16,0.3553
LCS00011147,U0011147,2026-08-28,沉默用户,9,30,0.4054
LCS00011148,U0011148,2026-08-28,流失用户,1,95,0.2242
LCS00011149,U0011149,2026-08-28,活跃用户,10,0,0.34
LCS00011150,U0011150,2026-08-28,流失用户,6,44,0.4774
LCS00011151,U0011151,2026-08-28,活跃用户,6,3,0.1246
LCS00011152,U0011152,2026-08-28,沉默用户,12,15,0.05
LCS00011153,U0011153,2026-08-28,沉默用户,13,8,0.4343
LCS00011154,U0011154,2026-08-28,流失用户,2,151,0.3179
LCS00011155,U0011155,2026-08-28,沉默用户,0,10,0.2554
LCS00011156,U0011156,2026-08-28,流失用户,1,31,0.1916
LCS00011157,U0011157,2026-08-28,沉默用户,15,20,0.2364
LCS00011158,U0011158,2026-08-28,沉默用户,12,16,0.3373
LCS00011159,U0011159,2026-08-28,沉默用户,1,9,0.1646
LCS00011160,U0011160,2026-08-28,沉默用户,15,17,0.5163
LCS00011161,U0011161,2026-08-28,沉默用户,11,9,0.3904
LCS00011162,U0011162,2026-08-28,流失用户,3,108,0.181
LCS00011163,U0011163,2026-08-28,流失用户,2,77,0.3074
LCS00011164,U0011164,2026-08-28,活跃用户,15,4,0.3343
LCS00011165,U0011165,2026-08-28,活跃用户,2,6,0.2016
LCS00011166,U0011166,2026-08-28,活跃用户,6,2,0.1892
LCS00011167,U0011167,2026-08-28,流失用户,3,32,0.3617
LCS00011168,U0011168,2026-08-28,活跃用户,6,3,0.1892
LCS00011169,U0011169,2026-08-28,沉默用户,9,20,0.4522
LCS00011170,U0011170,2026-08-28,流失用户,4,116,0.1199
LCS00011171,U0011171,2026-08-28,沉默用户,4,13,0.2554
LCS00011172,U0011172,2026-08-28,流失用户,1,181,0.1387
LCS00011173,U0011173,2026-08-28,活跃用户,14,2,0.4849
LCS00011174,U0011174,2026-08-28,活跃用户,7,2,0.05
LCS00011175,U0011175,2026-08-28,流失用户,1,219,0.4515
LCS00011176,U0011176,2026-08-28,活跃用户,12,0,0.6846
LCS00011177,U0011177,2026-08-28,沉默用户,12,23,0.5121
LCS00011178,U0011178,2026-08-28,沉默用户,9,15,0.3723
LCS00011179,U0011179,2026-08-28,活跃用户,5,4,0.3053
LCS00011180,U0011180,2026-08-28,沉默用户,14,13,0.1209
LCS00011181,U0011181,2026-08-28,活跃用户,17,1,0.4106
LCS00011182,U0011182,2026-08-28,活跃用户,12,4,0.4549
LCS00011183,U0011183,2026-08-28,活跃用户,11,2,0.2358
LCS00011184,U0011184,2026-08-28,流失用户,3,123,0.2888
LCS00011185,U0011185,2026-08-28,活跃用户,15,4,0.0825
LCS00011186,U0011186,2026-08-28,活跃用户,4,3,0.3096
LCS00011187,U0011187,2026-08-28,活跃用户,4,0,0.1922
LCS00011188,U0011188,2026-08-28,活跃用户,9,2,0.2439
LCS00011189,U0011189,2026-08-28,活跃用户,7,3,0.4026
LCS00011190,U0011190,2026-08-28,沉默用户,12,17,0.1845
LCS00011191,U0011191,2026-08-28,活跃用户,14,6,0.4564
LCS00011192,U0011192,2026-08-28,活跃用户,11,7,0.2677
LCS00011193,U0011193,2026-08-28,流失用户,5,44,0.4714
LCS00011194,U0011194,2026-08-28,沉默用户,15,8,0.2646
LCS00011195,U0011195,2026-08-28,新用户,1,1,0.05
LCS00011196,U0011196,2026-08-28,流失用户,1,221,0.4569
LCS00011197,U0011197,2026-08-28,沉默用户,8,24,0.2676
LCS00011198,U0011198,2026-08-28,流失用户,3,54,0.3333
LCS00011199,U0011199,2026-08-28,沉默用户,6,20,0.4536
LCS00011200,U0011200,2026-08-28,活跃用户,9,1,0.4499
LCS00011201,U0011201,2026-08-28,沉默用户,10,17,0.4058
LCS00011202,U0011202,2026-08-28,活跃用户,12,3,0.3807
LCS00011203,U0011203,2026-08-28,沉默用户,15,28,0.2487
LCS00011204,U0011204,2026-08-28,活跃用户,13,7,0.2115
LCS00011205,U0011205,2026-08-28,活跃用户,6,2,0.5183
LCS00011206,U0011206,2026-08-28,沉默用户,14,12,0.1955
LCS00011207,U0011207,2026-08-28,活跃用户,11,1,0.05
LCS00011208,U0011208,2026-08-28,流失用户,1,52,0.05
LCS00011209,U0011209,2026-08-28,沉默用户,4,18,0.1091
LCS00011210,U0011210,2026-08-28,活跃用户,8,1,0.3955
LCS00011211,U0011211,2026-08-28,沉默用户,5,22,0.243
LCS00011212,U0011212,2026-08-28,流失用户,5,51,0.361
LCS00011213,U0011213,2026-08-28,沉默用户,3,21,0.2014
LCS00011214,U0011214,2026-08-28,活跃用户,14,1,0.1861
LCS00011215,U0011215,2026-08-28,沉默用户,4,14,0.2278
LCS00011216,U0011216,2026-08-28,沉默用户,8,10,0.3531
LCS00011217,U0011217,2026-08-28,沉默用户,0,10,0.05
LCS00011218,U0011218,2026-08-28,活跃用户,5,0,0.2029
LCS00011219,U0011219,2026-08-28,沉默用户,10,14,0.0797
LCS00011220,U0011220,2026-08-28,沉默用户,10,15,0.575
LCS00011221,U0011221,2026-08-28,活跃用户,10,2,0.2373
LCS00011222,U0011222,2026-08-28,沉默用户,11,8,0.247
LCS00011223,U0011223,2026-08-28,流失用户,3,147,0.05
LCS00011224,U0011224,2026-08-28,沉默用户,13,18,0.3265
LCS00011225,U0011225,2026-08-28,活跃用户,6,0,0.5384
LCS00011226,U0011226,2026-08-28,流失用户,3,45,0.3581
LCS00011227,U0011227,2026-08-28,活跃用户,13,0,0.4332
LCS00011228,U0011228,2026-08-28,沉默用户,10,9,0.2801
LCS00011229,U0011229,2026-08-28,流失用户,3,41,0.05
LCS00011230,U0011230,2026-08-28,沉默用户,6,9,0.475
LCS00011231,U0011231,2026-08-28,活跃用户,3,5,0.157
LCS00011232,U0011232,2026-08-28,新用户,3,0,0.3344
LCS00011233,U0011233,2026-08-28,流失用户,2,51,0.2271
LCS00011234,U0011234,2026-08-28,活跃用户,5,1,0.05
LCS00011235,U0011235,2026-08-28,活跃用户,10,2,0.3863
LCS00011236,U0011236,2026-08-28,沉默用户,8,17,0.1671
LCS00011237,U0011237,2026-08-28,活跃用户,6,6,0.3204
LCS00011238,U0011238,2026-08-28,沉默用户,10,23,0.6657
LCS00011239,U0011239,2026-08-28,新用户,2,1,0.2525
LCS00011240,U0011240,2026-08-28,流失用户,6,78,0.3084
LCS00011241,U0011241,2026-08-28,流失用户,1,66,0.05
LCS00011242,U0011242,2026-08-28,流失用户,6,34,0.0886
LCS00011243,U0011243,2026-08-28,沉默用户,3,12,0.05
LCS00011244,U0011244,2026-08-28,流失用户,4,33,0.4164
LCS00011245,U0011245,2026-08-28,沉默用户,6,13,0.4649
LCS00011246,U0011246,2026-08-28,流失用户,3,70,0.2906
LCS00011247,U0011247,2026-08-28,活跃用户,7,4,0.3594
LCS00011248,U0011248,2026-08-28,活跃用户,7,4,0.2273
LCS00011249,U0011249,2026-08-28,活跃用户,15,0,0.3913
LCS00011250,U0011250,2026-08-28,沉默用户,3,24,0.3033
LCS00011251,U0011251,2026-08-28,沉默用户,5,15,0.3832
LCS00011252,U0011252,2026-08-28,沉默用户,16,16,0.1654
LCS00011253,U0011253,2026-08-28,活跃用户,12,6,0.2382
LCS00011254,U0011254,2026-08-28,沉默用户,10,15,0.2003
LCS00011255,U0011255,2026-08-28,活跃用户,5,4,0.05
LCS00011256,U0011256,2026-08-28,流失用户,5,140,0.538
LCS00011257,U0011257,2026-08-28,活跃用户,10,1,0.3597
LCS00011258,U0011258,2026-08-28,流失用户,5,52,0.2509
LCS00011259,U0011259,2026-08-28,沉默用户,1,30,0.1491
LCS00011260,U0011260,2026-08-28,流失用户,7,34,0.4806
LCS00011261,U0011261,2026-08-28,流失用户,5,72,0.306
LCS00011262,U0011262,2026-08-28,沉默用户,11,22,0.1929
LCS00011263,U0011263,2026-08-28,活跃用户,13,1,0.419
LCS00011264,U0011264,2026-08-28,活跃用户,3,5,0.2314
LCS00011265,U0011265,2026-08-28,活跃用户,3,3,0.2546
LCS00011266,U0011266,2026-08-28,流失用户,1,31,0.3307
LCS00011267,U0011267,2026-08-28,沉默用户,4,25,0.2226
LCS00011268,U0011268,2026-08-28,流失用户,5,37,0.335
LCS00011269,U0011269,2026-08-28,沉默用户,9,14,0.452
LCS00011270,U0011270,2026-08-28,流失用户,7,72,0.1401
LCS00011271,U0011271,2026-08-28,沉默用户,11,8,0.0763
LCS00011272,U0011272,2026-08-28,沉默用户,11,10,0.2687
LCS00011273,U0011273,2026-08-28,流失用户,9,59,0.2261
LCS00011274,U0011274,2026-08-28,新用户,8,0,0.3549
LCS00011275,U0011275,2026-08-28,活跃用户,5,3,0.05
LCS00011276,U0011276,2026-08-28,沉默用户,12,8,0.5538
LCS00011277,U0011277,2026-08-28,沉默用户,12,29,0.2965
LCS00011278,U0011278,2026-08-28,沉默用户,4,24,0.4338
LCS00011279,U0011279,2026-08-28,活跃用户,4,4,0.4426
LCS00011280,U0011280,2026-08-28,沉默用户,9,25,0.249
LCS00011281,U0011281,2026-08-28,活跃用户,10,1,0.3629
LCS00011282,U0011282,2026-08-28,活跃用户,11,1,0.2151
LCS00011283,U0011283,2026-08-28,沉默用户,11,10,0.1011
LCS00011284,U0011284,2026-08-28,活跃用户,4,6,0.4687
LCS00011285,U0011285,2026-08-28,活跃用户,7,6,0.2859
LCS00011286,U0011286,2026-08-28,沉默用户,4,21,0.2889
LCS00011287,U0011287,2026-08-28,流失用户,8,36,0.3324
LCS00011288,U0011288,2026-08-28,活跃用户,9,0,0.2314
LCS00011289,U0011289,2026-08-28,沉默用户,3,27,0.2582
LCS00011290,U0011290,2026-08-28,流失用户,4,63,0.3743
LCS00011291,U0011291,2026-08-28,流失用户,12,42,0.3949
LCS00011292,U0011292,2026-08-28,沉默用户,7,8,0.4426
LCS00011293,U0011293,2026-08-28,沉默用户,6,23,0.3543
LCS00011294,U0011294,2026-08-28,沉默用户,12,17,0.224
LCS00011295,U0011295,2026-08-28,沉默用户,8,23,0.4453
LCS00011296,U0011296,2026-08-28,沉默用户,4,28,0.3519
LCS00011297,U0011297,2026-08-28,活跃用户,12,7,0.4276
LCS00011298,U0011298,2026-08-28,活跃用户,6,3,0.3488
LCS00011299,U0011299,2026-08-28,沉默用户,13,8,0.2333
LCS00011300,U0011300,2026-08-28,流失用户,6,146,0.5122
LCS00011301,U0011301,2026-08-28,流失用户,9,55,0.3379
LCS00011302,U0011302,2026-08-28,沉默用户,3,28,0.0991
LCS00011303,U0011303,2026-08-28,流失用户,4,41,0.494
LCS00011304,U0011304,2026-08-28,沉默用户,13,30,0.5053
LCS00011305,U0011305,2026-08-28,活跃用户,6,5,0.2856
LCS00011306,U0011306,2026-08-28,活跃用户,11,0,0.4017
LCS00011307,U0011307,2026-08-28,沉默用户,1,26,0.05
LCS00011308,U0011308,2026-08-28,沉默用户,2,24,0.56
LCS00011309,U0011309,2026-08-28,活跃用户,16,3,0.44
LCS00011310,U0011310,2026-08-28,流失用户,2,43,0.1596
LCS00011311,U0011311,2026-08-28,沉默用户,5,11,0.3365
LCS00011312,U0011312,2026-08-28,活跃用户,10,0,0.7244
LCS00011313,U0011313,2026-08-28,沉默用户,12,22,0.3547
LCS00011314,U0011314,2026-08-28,流失用户,5,52,0.3674
LCS00011315,U0011315,2026-08-28,沉默用户,14,17,0.05
LCS00011316,U0011316,2026-08-28,流失用户,4,31,0.1995
LCS00011317,U0011317,2026-08-28,沉默用户,2,11,0.3136
LCS00011318,U0011318,2026-08-28,沉默用户,9,13,0.1946
LCS00011319,U0011319,2026-08-28,流失用户,11,36,0.415
LCS00011320,U0011320,2026-08-28,活跃用户,12,7,0.3677
LCS00011321,U0011321,2026-08-28,活跃用户,10,1,0.3045
LCS00011322,U0011322,2026-08-28,活跃用户,9,5,0.05
LCS00011323,U0011323,2026-08-28,活跃用户,14,1,0.279
LCS00011324,U0011324,2026-08-28,流失用户,9,56,0.476
LCS00011325,U0011325,2026-08-28,流失用户,1,32,0.3461
LCS00011326,U0011326,2026-08-28,活跃用户,8,4,0.452
LCS00011327,U0011327,2026-08-28,活跃用户,7,1,0.3273
LCS00011328,U0011328,2026-08-28,活跃用户,6,5,0.0756
LCS00011329,U0011329,2026-08-28,流失用户,1,131,0.1208
LCS00011330,U0011330,2026-08-28,活跃用户,8,5,0.2246
LCS00011331,U0011331,2026-08-28,沉默用户,4,17,0.2249
LCS00011332,U0011332,2026-08-28,活跃用户,4,7,0.3971
LCS00011333,U0011333,2026-08-28,沉默用户,8,24,0.1487
LCS00011334,U0011334,2026-08-28,沉默用户,8,23,0.3722
LCS00011335,U0011335,2026-08-28,活跃用户,15,2,0.1946
LCS00011336,U0011336,2026-08-28,新用户,1,5,0.3454
LCS00011337,U0011337,2026-08-28,流失用户,3,103,0.3348
LCS00011338,U0011338,2026-08-28,活跃用户,3,5,0.2664
LCS00011339,U0011339,2026-08-28,流失用户,1,95,0.5187
LCS00011340,U0011340,2026-08-28,沉默用户,8,20,0.4216
LCS00011341,U0011341,2026-08-28,沉默用户,10,12,0.2637
LCS00011342,U0011342,2026-08-28,沉默用户,10,10,0.2181
LCS00011343,U0011343,2026-08-28,流失用户,3,125,0.1622
LCS00011344,U0011344,2026-08-28,流失用户,1,131,0.1768
LCS00011345,U0011345,2026-08-28,流失用户,4,86,0.5572
LCS00011346,U0011346,2026-08-28,活跃用户,10,6,0.05
LCS00011347,U0011347,2026-08-28,活跃用户,10,2,0.05
LCS00011348,U0011348,2026-08-28,流失用户,3,121,0.2972
LCS00011349,U0011349,2026-08-28,活跃用户,11,3,0.2228
LCS00011350,U0011350,2026-08-28,流失用户,5,95,0.2916
LCS00011351,U0011351,2026-08-28,沉默用户,13,26,0.1899
LCS00011352,U0011352,2026-08-28,活跃用户,11,4,0.2989
LCS00011353,U0011353,2026-08-28,沉默用户,1,19,0.152
LCS00011354,U0011354,2026-08-28,活跃用户,4,4,0.2712
LCS00011355,U0011355,2026-08-28,活跃用户,8,4,0.6123
LCS00011356,U0011356,2026-08-28,活跃用户,4,4,0.2708
LCS00011357,U0011357,2026-08-28,沉默用户,5,15,0.4776
LCS00011358,U0011358,2026-08-28,活跃用户,13,5,0.3539
LCS00011359,U0011359,2026-08-28,流失用户,2,35,0.1057
LCS00011360,U0011360,2026-08-28,流失用户,5,42,0.4169
LCS00011361,U0011361,2026-08-28,活跃用户,7,0,0.2618
LCS00011362,U0011362,2026-08-28,活跃用户,4,6,0.1858
LCS00011363,U0011363,2026-08-28,沉默用户,3,29,0.1122
LCS00011364,U0011364,2026-08-28,活跃用户,14,0,0.4514
LCS00011365,U0011365,2026-08-28,沉默用户,2,26,0.1585
LCS00011366,U0011366,2026-08-28,活跃用户,13,5,0.1266
LCS00011367,U0011367,2026-08-28,流失用户,0,114,0.2581
LCS00011368,U0011368,2026-08-28,流失用户,3,73,0.421
LCS00011369,U0011369,2026-08-28,流失用户,3,78,0.5331
LCS00011370,U0011370,2026-08-28,活跃用户,17,2,0.3897
LCS00011371,U0011371,2026-08-28,沉默用户,9,15,0.7254
LCS00011372,U0011372,2026-08-28,流失用户,2,59,0.3517
LCS00011373,U0011373,2026-08-28,沉默用户,8,14,0.678
LCS00011374,U0011374,2026-08-28,沉默用户,4,20,0.05
LCS00011375,U0011375,2026-08-28,活跃用户,5,6,0.3991
LCS00011376,U0011376,2026-08-28,活跃用户,14,2,0.4273
LCS00011377,U0011377,2026-08-28,活跃用户,7,2,0.2421
LCS00011378,U0011378,2026-08-28,流失用户,0,176,0.276
LCS00011379,U0011379,2026-08-28,活跃用户,12,6,0.3127
LCS00011380,U0011380,2026-08-28,沉默用户,14,8,0.3436
LCS00011381,U0011381,2026-08-28,流失用户,9,40,0.5207
LCS00011382,U0011382,2026-08-28,活跃用户,7,0,0.1064
LCS00011383,U0011383,2026-08-28,流失用户,3,151,0.4826
LCS00011384,U0011384,2026-08-28,沉默用户,1,20,0.4094
LCS00011385,U0011385,2026-08-28,活跃用户,8,0,0.05
LCS00011386,U0011386,2026-08-28,活跃用户,5,5,0.4688
LCS00011387,U0011387,2026-08-28,流失用户,6,56,0.103
LCS00011388,U0011388,2026-08-28,沉默用户,10,10,0.2677
LCS00011389,U0011389,2026-08-28,流失用户,2,121,0.3454
LCS00011390,U0011390,2026-08-28,活跃用户,15,2,0.3735
LCS00011391,U0011391,2026-08-28,流失用户,1,50,0.3532
LCS00011392,U0011392,2026-08-28,沉默用户,0,27,0.05
LCS00011393,U0011393,2026-08-28,沉默用户,7,17,0.3765
LCS00011394,U0011394,2026-08-28,沉默用户,4,9,0.3968
LCS00011395,U0011395,2026-08-28,流失用户,13,36,0.3913
LCS00011396,U0011396,2026-08-28,流失用户,4,54,0.4757
LCS00011397,U0011397,2026-08-28,沉默用户,11,9,0.3186
LCS00011398,U0011398,2026-08-28,活跃用户,14,4,0.3022
LCS00011399,U0011399,2026-08-28,活跃用户,3,4,0.4859
LCS00011400,U0011400,2026-08-28,活跃用户,12,1,0.4194
LCS00011401,U0011401,2026-08-28,活跃用户,12,3,0.2164
LCS00011402,U0011402,2026-08-28,流失用户,7,60,0.4243
LCS00011403,U0011403,2026-08-28,新用户,2,0,0.5328
LCS00011404,U0011404,2026-08-28,沉默用户,6,30,0.4067
LCS00011405,U0011405,2026-08-28,沉默用户,6,23,0.3793
LCS00011406,U0011406,2026-08-28,流失用户,1,70,0.1332
LCS00011407,U0011407,2026-08-28,流失用户,1,48,0.2563
LCS00011408,U0011408,2026-08-28,活跃用户,14,1,0.5494
LCS00011409,U0011409,2026-08-28,沉默用户,3,23,0.0936
LCS00011410,U0011410,2026-08-28,活跃用户,10,3,0.4232
LCS00011411,U0011411,2026-08-28,沉默用户,12,21,0.4065
LCS00011412,U0011412,2026-08-28,沉默用户,10,22,0.216
LCS00011413,U0011413,2026-08-28,活跃用户,6,2,0.2516
LCS00011414,U0011414,2026-08-28,沉默用户,15,14,0.4002
LCS00011415,U0011415,2026-08-28,流失用户,4,35,0.2692
LCS00011416,U0011416,2026-08-28,流失用户,2,166,0.4868
LCS00011417,U0011417,2026-08-28,沉默用户,8,17,0.4624
LCS00011418,U0011418,2026-08-28,活跃用户,1,0,0.1854
LCS00011419,U0011419,2026-08-28,沉默用户,0,10,0.05
LCS00011420,U0011420,2026-08-28,沉默用户,11,16,0.3935
LCS00011421,U0011421,2026-08-28,流失用户,4,113,0.2812
LCS00011422,U0011422,2026-08-28,活跃用户,14,0,0.1778
LCS00011423,U0011423,2026-08-28,活跃用户,6,0,0.1083
LCS00011424,U0011424,2026-08-28,流失用户,2,101,0.1477
LCS00011425,U0011425,2026-08-28,活跃用户,13,0,0.3215
LCS00011426,U0011426,2026-08-28,活跃用户,6,2,0.358
LCS00011427,U0011427,2026-08-28,沉默用户,15,9,0.05
LCS00011428,U0011428,2026-08-28,活跃用户,2,0,0.3415
LCS00011429,U0011429,2026-08-28,沉默用户,3,8,0.2853
LCS00011430,U0011430,2026-08-28,流失用户,0,156,0.1492
LCS00011431,U0011431,2026-08-28,活跃用户,15,0,0.4268
LCS00011432,U0011432,2026-08-28,活跃用户,9,7,0.3175
LCS00011433,U0011433,2026-08-28,沉默用户,7,25,0.423
LCS00011434,U0011434,2026-08-28,流失用户,1,45,0.146
LCS00011435,U0011435,2026-08-28,流失用户,0,167,0.0918
LCS00011436,U0011436,2026-08-28,流失用户,8,48,0.5374
LCS00011437,U0011437,2026-08-28,沉默用户,8,14,0.139
LCS00011438,U0011438,2026-08-28,流失用户,7,31,0.4994
LCS00011439,U0011439,2026-08-28,沉默用户,16,20,0.2978
LCS00011440,U0011440,2026-08-28,活跃用户,3,5,0.2347
LCS00011441,U0011441,2026-08-28,活跃用户,17,2,0.3602
LCS00011442,U0011442,2026-08-28,沉默用户,3,21,0.364
LCS00011443,U0011443,2026-08-28,活跃用户,4,6,0.3788
LCS00011444,U0011444,2026-08-28,沉默用户,10,16,0.1288
LCS00011445,U0011445,2026-08-28,活跃用户,11,1,0.3964
LCS00011446,U0011446,2026-08-28,新用户,5,1,0.3711
LCS00011447,U0011447,2026-08-28,活跃用户,13,0,0.2317
LCS00011448,U0011448,2026-08-28,活跃用户,7,6,0.4331
LCS00011449,U0011449,2026-08-28,活跃用户,4,3,0.242
LCS00011450,U0011450,2026-08-28,流失用户,2,88,0.172
LCS00011451,U0011451,2026-08-28,流失用户,1,50,0.2358
LCS00011452,U0011452,2026-08-28,活跃用户,4,3,0.4722
LCS00011453,U0011453,2026-08-28,活跃用户,8,5,0.3507
LCS00011454,U0011454,2026-08-28,活跃用户,16,1,0.2517
LCS00011455,U0011455,2026-08-28,流失用户,3,114,0.4309
LCS00011456,U0011456,2026-08-28,沉默用户,4,20,0.4311
LCS00011457,U0011457,2026-08-28,流失用户,1,68,0.0501
LCS00011458,U0011458,2026-08-28,流失用户,16,31,0.3973
LCS00011459,U0011459,2026-08-28,沉默用户,6,25,0.2412
LCS00011460,U0011460,2026-08-28,流失用户,7,91,0.5571
LCS00011461,U0011461,2026-08-28,活跃用户,4,4,0.2864
LCS00011462,U0011462,2026-08-28,流失用户,2,87,0.05
LCS00011463,U0011463,2026-08-28,流失用户,3,64,0.2036
LCS00011464,U0011464,2026-08-28,沉默用户,2,21,0.2055
LCS00011465,U0011465,2026-08-28,流失用户,1,147,0.1171
LCS00011466,U0011466,2026-08-28,活跃用户,15,5,0.509
LCS00011467,U0011467,2026-08-28,新用户,3,0,0.2385
LCS00011468,U0011468,2026-08-28,活跃用户,10,0,0.1526
LCS00011469,U0011469,2026-08-28,活跃用户,13,0,0.4602
LCS00011470,U0011470,2026-08-28,流失用户,7,41,0.2905
LCS00011471,U0011471,2026-08-28,流失用户,3,35,0.4547
LCS00011472,U0011472,2026-08-28,流失用户,3,118,0.4321
LCS00011473,U0011473,2026-08-28,活跃用户,15,1,0.5141
LCS00011474,U0011474,2026-08-28,流失用户,4,72,0.168
LCS00011475,U0011475,2026-08-28,流失用户,1,150,0.3613
LCS00011476,U0011476,2026-08-28,流失用户,2,167,0.3368
LCS00011477,U0011477,2026-08-28,沉默用户,13,17,0.3157
LCS00011478,U0011478,2026-08-28,沉默用户,13,12,0.2432
LCS00011479,U0011479,2026-08-28,流失用户,0,112,0.3032
LCS00011480,U0011480,2026-08-28,活跃用户,6,3,0.2355
LCS00011481,U0011481,2026-08-28,流失用户,2,119,0.3329
LCS00011482,U0011482,2026-08-28,流失用户,5,98,0.2755
LCS00011483,U0011483,2026-08-28,流失用户,3,44,0.3659
LCS00011484,U0011484,2026-08-28,沉默用户,5,9,0.3863
LCS00011485,U0011485,2026-08-28,沉默用户,6,15,0.1159
LCS00011486,U0011486,2026-08-28,沉默用户,3,20,0.2673
LCS00011487,U0011487,2026-08-28,活跃用户,15,6,0.4811
LCS00011488,U0011488,2026-08-28,沉默用户,4,26,0.294
LCS00011489,U0011489,2026-08-28,活跃用户,6,2,0.4956
LCS00011490,U0011490,2026-08-28,活跃用户,9,1,0.2997
LCS00011491,U0011491,2026-08-28,沉默用户,7,21,0.2426
LCS00011492,U0011492,2026-08-28,流失用户,3,122,0.5384
LCS00011493,U0011493,2026-08-28,沉默用户,3,25,0.4192
LCS00011494,U0011494,2026-08-28,沉默用户,9,27,0.3098
LCS00011495,U0011495,2026-08-28,沉默用户,13,30,0.5179
LCS00011496,U0011496,2026-08-28,沉默用户,12,11,0.5154
LCS00011497,U0011497,2026-08-28,活跃用户,4,2,0.4908
LCS00011498,U0011498,2026-08-28,沉默用户,12,9,0.3676
LCS00011499,U0011499,2026-08-28,活跃用户,10,0,0.3699
LCS00011500,U0011500,2026-08-28,活跃用户,15,6,0.5813
LCS00011501,U0011501,2026-08-28,活跃用户,6,4,0.3789
LCS00011502,U0011502,2026-08-28,沉默用户,5,22,0.1412
LCS00011503,U0011503,2026-08-28,沉默用户,10,12,0.3412
LCS00011504,U0011504,2026-08-28,活跃用户,8,1,0.4783
LCS00011505,U0011505,2026-08-28,活跃用户,5,5,0.1862
LCS00011506,U0011506,2026-08-28,流失用户,10,47,0.5758
LCS00011507,U0011507,2026-08-28,活跃用户,15,5,0.184
LCS00011508,U0011508,2026-08-28,活跃用户,7,1,0.3838
LCS00011509,U0011509,2026-08-28,沉默用户,5,21,0.3101
LCS00011510,U0011510,2026-08-28,沉默用户,4,18,0.3468
LCS00011511,U0011511,2026-08-28,沉默用户,17,13,0.3051
LCS00011512,U0011512,2026-08-28,沉默用户,5,14,0.3431
LCS00011513,U0011513,2026-08-28,活跃用户,4,6,0.1253
LCS00011514,U0011514,2026-08-28,沉默用户,8,15,0.3761
LCS00011515,U0011515,2026-08-28,活跃用户,14,7,0.3493
LCS00011516,U0011516,2026-08-28,新用户,2,0,0.3089
LCS00011517,U0011517,2026-08-28,沉默用户,9,29,0.276
LCS00011518,U0011518,2026-08-28,活跃用户,15,7,0.2561
LCS00011519,U0011519,2026-08-28,流失用户,9,51,0.4055
LCS00011520,U0011520,2026-08-28,沉默用户,16,17,0.5344
LCS00011521,U0011521,2026-08-28,活跃用户,6,2,0.4222
LCS00011522,U0011522,2026-08-28,活跃用户,5,7,0.1248
LCS00011523,U0011523,2026-08-28,沉默用户,12,9,0.4364
LCS00011524,U0011524,2026-08-28,沉默用户,14,8,0.1943
LCS00011525,U0011525,2026-08-28,活跃用户,15,3,0.1373
LCS00011526,U0011526,2026-08-28,沉默用户,10,15,0.4261
LCS00011527,U0011527,2026-08-28,活跃用户,14,5,0.2243
LCS00011528,U0011528,2026-08-28,活跃用户,11,2,0.05
LCS00011529,U0011529,2026-08-28,沉默用户,11,25,0.3406
LCS00011530,U0011530,2026-08-28,活跃用户,2,7,0.185
LCS00011531,U0011531,2026-08-28,沉默用户,12,25,0.5501
LCS00011532,U0011532,2026-08-28,活跃用户,15,0,0.5348
LCS00011533,U0011533,2026-08-28,活跃用户,9,1,0.2993
LCS00011534,U0011534,2026-08-28,新用户,3,4,0.3432
LCS00011535,U0011535,2026-08-28,流失用户,1,143,0.4464
LCS00011536,U0011536,2026-08-28,沉默用户,17,9,0.533
LCS00011537,U0011537,2026-08-28,流失用户,3,55,0.3587
LCS00011538,U0011538,2026-08-28,沉默用户,4,15,0.1853
LCS00011539,U0011539,2026-08-28,流失用户,11,31,0.3023
LCS00011540,U0011540,2026-08-28,流失用户,11,31,0.2765
LCS00011541,U0011541,2026-08-28,活跃用户,9,1,0.3722
LCS00011542,U0011542,2026-08-28,活跃用户,13,1,0.387
LCS00011543,U0011543,2026-08-28,流失用户,9,106,0.3178
LCS00011544,U0011544,2026-08-28,活跃用户,7,0,0.1871
LCS00011545,U0011545,2026-08-28,活跃用户,10,2,0.1214
LCS00011546,U0011546,2026-08-28,流失用户,5,111,0.3249
LCS00011547,U0011547,2026-08-28,沉默用户,4,17,0.471
LCS00011548,U0011548,2026-08-28,流失用户,1,32,0.0973
LCS00011549,U0011549,2026-08-28,流失用户,2,51,0.2866
LCS00011550,U0011550,2026-08-28,流失用户,1,80,0.2658
LCS00011551,U0011551,2026-08-28,沉默用户,4,8,0.5144
LCS00011552,U0011552,2026-08-28,活跃用户,10,1,0.1973
LCS00011553,U0011553,2026-08-28,活跃用户,7,2,0.1526
LCS00011554,U0011554,2026-08-28,新用户,4,0,0.4982
LCS00011555,U0011555,2026-08-28,活跃用户,5,0,0.3581
LCS00011556,U0011556,2026-08-28,沉默用户,6,10,0.2627
LCS00011557,U0011557,2026-08-28,流失用户,8,47,0.5436
LCS00011558,U0011558,2026-08-28,沉默用户,3,25,0.4304
LCS00011559,U0011559,2026-08-28,活跃用户,4,4,0.3275
LCS00011560,U0011560,2026-08-28,沉默用户,6,16,0.1073
LCS00011561,U0011561,2026-08-28,活跃用户,9,2,0.3965
LCS00011562,U0011562,2026-08-28,流失用户,1,186,0.1522
LCS00011563,U0011563,2026-08-28,新用户,4,0,0.3926
LCS00011564,U0011564,2026-08-28,流失用户,2,61,0.1667
LCS00011565,U0011565,2026-08-28,沉默用户,6,8,0.3065
LCS00011566,U0011566,2026-08-28,沉默用户,6,16,0.4698
LCS00011567,U0011567,2026-08-28,流失用户,2,153,0.346
LCS00011568,U0011568,2026-08-28,活跃用户,15,3,0.2297
LCS00011569,U0011569,2026-08-28,沉默用户,12,15,0.4781
LCS00011570,U0011570,2026-08-28,沉默用户,14,21,0.3137
LCS00011571,U0011571,2026-08-28,流失用户,5,52,0.3391
LCS00011572,U0011572,2026-08-28,流失用户,5,40,0.5275
LCS00011573,U0011573,2026-08-28,活跃用户,11,2,0.2313
LCS00011574,U0011574,2026-08-28,活跃用户,4,6,0.2237
LCS00011575,U0011575,2026-08-28,流失用户,2,63,0.4516
LCS00011576,U0011576,2026-08-28,活跃用户,8,1,0.4306
LCS00011577,U0011577,2026-08-28,沉默用户,7,21,0.3833
LCS00011578,U0011578,2026-08-28,沉默用户,9,21,0.1046
LCS00011579,U0011579,2026-08-28,流失用户,4,126,0.4379
LCS00011580,U0011580,2026-08-28,活跃用户,10,2,0.1187
LCS00011581,U0011581,2026-08-28,流失用户,3,88,0.3985
LCS00011582,U0011582,2026-08-28,流失用户,2,49,0.2749
LCS00011583,U0011583,2026-08-28,活跃用户,12,2,0.4161
LCS00011584,U0011584,2026-08-28,沉默用户,5,13,0.5411
LCS00011585,U0011585,2026-08-28,活跃用户,11,0,0.4351
LCS00011586,U0011586,2026-08-28,流失用户,0,239,0.2622
LCS00011587,U0011587,2026-08-28,活跃用户,13,1,0.4604
LCS00011588,U0011588,2026-08-28,沉默用户,4,14,0.2827
LCS00011589,U0011589,2026-08-28,流失用户,10,34,0.444
LCS00011590,U0011590,2026-08-28,流失用户,1,198,0.05
LCS00011591,U0011591,2026-08-28,沉默用户,7,19,0.6374
LCS00011592,U0011592,2026-08-28,活跃用户,5,7,0.274
LCS00011593,U0011593,2026-08-28,沉默用户,3,22,0.1742
LCS00011594,U0011594,2026-08-28,流失用户,13,41,0.4256
LCS00011595,U0011595,2026-08-28,沉默用户,4,22,0.3229
LCS00011596,U0011596,2026-08-28,流失用户,3,32,0.419
LCS00011597,U0011597,2026-08-28,流失用户,3,57,0.533
LCS00011598,U0011598,2026-08-28,新用户,3,0,0.3072
LCS00011599,U0011599,2026-08-28,活跃用户,9,0,0.4228
LCS00011600,U0011600,2026-08-28,活跃用户,14,4,0.588
LCS00011601,U0011601,2026-08-28,活跃用户,16,3,0.3417
LCS00011602,U0011602,2026-08-28,流失用户,5,35,0.4057
LCS00011603,U0011603,2026-08-28,流失用户,1,33,0.2762
LCS00011604,U0011604,2026-08-28,流失用户,2,71,0.4786
LCS00011605,U0011605,2026-08-28,流失用户,4,48,0.2227
LCS00011606,U0011606,2026-08-28,沉默用户,3,11,0.2586
LCS00011607,U0011607,2026-08-28,活跃用户,9,1,0.05
LCS00011608,U0011608,2026-08-28,沉默用户,6,10,0.43
LCS00011609,U0011609,2026-08-28,活跃用户,15,5,0.1215
LCS00011610,U0011610,2026-08-28,沉默用户,5,22,0.2549
LCS00011611,U0011611,2026-08-28,活跃用户,5,0,0.3989
LCS00011612,U0011612,2026-08-28,活跃用户,12,4,0.2955
LCS00011613,U0011613,2026-08-28,沉默用户,8,12,0.4103
LCS00011614,U0011614,2026-08-28,活跃用户,16,6,0.4592
LCS00011615,U0011615,2026-08-28,活跃用户,15,7,0.3699
LCS00011616,U0011616,2026-08-28,沉默用户,1,14,0.351
LCS00011617,U0011617,2026-08-28,活跃用户,10,4,0.2948
LCS00011618,U0011618,2026-08-28,流失用户,6,46,0.3712
LCS00011619,U0011619,2026-08-28,流失用户,9,42,0.4981
LCS00011620,U0011620,2026-08-28,新用户,1,5,0.1864
LCS00011621,U0011621,2026-08-28,流失用户,3,35,0.185
LCS00011622,U0011622,2026-08-28,活跃用户,8,1,0.3704
LCS00011623,U0011623,2026-08-28,活跃用户,6,1,0.3821
LCS00011624,U0011624,2026-08-28,活跃用户,9,3,0.3178
LCS00011625,U0011625,2026-08-28,沉默用户,14,8,0.2745
LCS00011626,U0011626,2026-08-28,活跃用户,8,0,0.5358
LCS00011627,U0011627,2026-08-28,活跃用户,11,2,0.3563
LCS00011628,U0011628,2026-08-28,活跃用户,8,0,0.2561
LCS00011629,U0011629,2026-08-28,流失用户,14,39,0.2337
LCS00011630,U0011630,2026-08-28,沉默用户,13,14,0.3206
LCS00011631,U0011631,2026-08-28,活跃用户,12,1,0.3178
LCS00011632,U0011632,2026-08-28,沉默用户,4,15,0.3584
LCS00011633,U0011633,2026-08-28,沉默用户,9,13,0.3462
LCS00011634,U0011634,2026-08-28,流失用户,2,128,0.3864
LCS00011635,U0011635,2026-08-28,流失用户,3,35,0.2646
LCS00011636,U0011636,2026-08-28,流失用户,1,126,0.1124
LCS00011637,U0011637,2026-08-28,流失用户,3,92,0.6102
LCS00011638,U0011638,2026-08-28,沉默用户,4,23,0.2596
LCS00011639,U0011639,2026-08-28,沉默用户,10,17,0.1454
LCS00011640,U0011640,2026-08-28,流失用户,0,150,0.1179
LCS00011641,U0011641,2026-08-28,活跃用户,4,7,0.3331
LCS00011642,U0011642,2026-08-28,活跃用户,12,0,0.4432
LCS00011643,U0011643,2026-08-28,活跃用户,14,2,0.3932
LCS00011644,U0011644,2026-08-28,活跃用户,9,0,0.3498
LCS00011645,U0011645,2026-08-28,流失用户,2,46,0.2599
LCS00011646,U0011646,2026-08-28,流失用户,3,159,0.05
LCS00011647,U0011647,2026-08-28,沉默用户,7,16,0.5732
LCS00011648,U0011648,2026-08-28,沉默用户,10,21,0.2664
LCS00011649,U0011649,2026-08-28,流失用户,1,43,0.1912
LCS00011650,U0011650,2026-08-28,流失用户,2,35,0.4075
LCS00011651,U0011651,2026-08-28,沉默用户,15,13,0.212
LCS00011652,U0011652,2026-08-28,活跃用户,10,1,0.4519
LCS00011653,U0011653,2026-08-28,活跃用户,14,5,0.2955
LCS00011654,U0011654,2026-08-28,活跃用户,12,5,0.279
LCS00011655,U0011655,2026-08-28,流失用户,17,41,0.2789
LCS00011656,U0011656,2026-08-28,沉默用户,3,13,0.1052
LCS00011657,U0011657,2026-08-28,活跃用户,9,0,0.05
LCS00011658,U0011658,2026-08-28,活跃用户,3,6,0.1404
LCS00011659,U0011659,2026-08-28,活跃用户,11,3,0.5157
LCS00011660,U0011660,2026-08-28,沉默用户,3,12,0.248
LCS00011661,U0011661,2026-08-28,沉默用户,3,9,0.4201
LCS00011662,U0011662,2026-08-28,活跃用户,14,6,0.3704
LCS00011663,U0011663,2026-08-28,活跃用户,11,7,0.2277
LCS00011664,U0011664,2026-08-28,流失用户,5,54,0.4307
LCS00011665,U0011665,2026-08-28,活跃用户,8,0,0.3494
LCS00011666,U0011666,2026-08-28,流失用户,6,73,0.3854
LCS00011667,U0011667,2026-08-28,沉默用户,3,10,0.2377
LCS00011668,U0011668,2026-08-28,流失用户,8,36,0.5133
LCS00011669,U0011669,2026-08-28,活跃用户,6,7,0.312
LCS00011670,U0011670,2026-08-28,活跃用户,8,3,0.3121
LCS00011671,U0011671,2026-08-28,新用户,0,0,0.066
LCS00011672,U0011672,2026-08-28,新用户,3,2,0.3952
LCS00011673,U0011673,2026-08-28,活跃用户,12,2,0.2706
LCS00011674,U0011674,2026-08-28,活跃用户,11,0,0.4576
LCS00011675,U0011675,2026-08-28,流失用户,4,43,0.2943
LCS00011676,U0011676,2026-08-28,沉默用户,4,12,0.3153
LCS00011677,U0011677,2026-08-28,沉默用户,9,13,0.2194
LCS00011678,U0011678,2026-08-28,沉默用户,14,19,0.7588
LCS00011679,U0011679,2026-08-28,活跃用户,8,2,0.5051
LCS00011680,U0011680,2026-08-28,沉默用户,15,22,0.2979
LCS00011681,U0011681,2026-08-28,流失用户,12,35,0.1094
LCS00011682,U0011682,2026-08-28,流失用户,0,99,0.1113
LCS00011683,U0011683,2026-08-28,活跃用户,13,3,0.5504
LCS00011684,U0011684,2026-08-28,沉默用户,11,9,0.5568
LCS00011685,U0011685,2026-08-28,流失用户,14,58,0.2657
LCS00011686,U0011686,2026-08-28,活跃用户,8,2,0.239
LCS00011687,U0011687,2026-08-28,流失用户,6,116,0.3052
LCS00011688,U0011688,2026-08-28,新用户,3,0,0.1807
LCS00011689,U0011689,2026-08-28,活跃用户,12,1,0.6183
LCS00011690,U0011690,2026-08-28,活跃用户,13,2,0.237
LCS00011691,U0011691,2026-08-28,活跃用户,5,4,0.3441
LCS00011692,U0011692,2026-08-28,活跃用户,16,5,0.395
LCS00011693,U0011693,2026-08-28,活跃用户,10,2,0.1334
LCS00011694,U0011694,2026-08-28,流失用户,14,32,0.5757
LCS00011695,U0011695,2026-08-28,活跃用户,7,4,0.336
LCS00011696,U0011696,2026-08-28,沉默用户,3,13,0.4174
LCS00011697,U0011697,2026-08-28,活跃用户,15,5,0.3032
LCS00011698,U0011698,2026-08-28,沉默用户,13,27,0.0887
LCS00011699,U0011699,2026-08-28,沉默用户,12,23,0.2524
LCS00011700,U0011700,2026-08-28,沉默用户,6,14,0.3146
LCS00011701,U0011701,2026-08-28,活跃用户,13,3,0.3927
LCS00011702,U0011702,2026-08-28,活跃用户,13,6,0.4608
LCS00011703,U0011703,2026-08-28,活跃用户,8,3,0.3588
LCS00011704,U0011704,2026-08-28,沉默用户,4,28,0.2014
LCS00011705,U0011705,2026-08-28,新用户,5,0,0.325
LCS00011706,U0011706,2026-08-28,活跃用户,10,0,0.2026
LCS00011707,U0011707,2026-08-28,流失用户,8,58,0.1867
LCS00011708,U0011708,2026-08-28,流失用户,2,165,0.3733
LCS00011709,U0011709,2026-08-28,活跃用户,12,6,0.2286
LCS00011710,U0011710,2026-08-28,活跃用户,3,4,0.1852
LCS00011711,U0011711,2026-08-28,活跃用户,12,6,0.3673
LCS00011712,U0011712,2026-08-28,沉默用户,11,20,0.2126
LCS00011713,U0011713,2026-08-28,活跃用户,12,7,0.4582
LCS00011714,U0011714,2026-08-28,活跃用户,15,7,0.3322
LCS00011715,U0011715,2026-08-28,沉默用户,5,27,0.3747
LCS00011716,U0011716,2026-08-28,沉默用户,5,11,0.2241
LCS00011717,U0011717,2026-08-28,活跃用户,7,4,0.5872
LCS00011718,U0011718,2026-08-28,流失用户,2,87,0.581
LCS00011719,U0011719,2026-08-28,活跃用户,2,0,0.1932
LCS00011720,U0011720,2026-08-28,流失用户,2,122,0.3576
LCS00011721,U0011721,2026-08-28,活跃用户,14,6,0.2784
LCS00011722,U0011722,2026-08-28,流失用户,2,77,0.1345
LCS00011723,U0011723,2026-08-28,沉默用户,14,11,0.5256
LCS00011724,U0011724,2026-08-28,沉默用户,3,30,0.4652
LCS00011725,U0011725,2026-08-28,沉默用户,6,13,0.4389
LCS00011726,U0011726,2026-08-28,沉默用户,0,13,0.0641
LCS00011727,U0011727,2026-08-28,活跃用户,4,6,0.3944
LCS00011728,U0011728,2026-08-28,活跃用户,4,1,0.152
LCS00011729,U0011729,2026-08-28,沉默用户,16,8,0.7103
LCS00011730,U0011730,2026-08-28,流失用户,5,42,0.2854
LCS00011731,U0011731,2026-08-28,流失用户,7,63,0.2499
LCS00011732,U0011732,2026-08-28,流失用户,4,78,0.1919
LCS00011733,U0011733,2026-08-28,沉默用户,17,8,0.456
LCS00011734,U0011734,2026-08-28,沉默用户,8,15,0.28
LCS00011735,U0011735,2026-08-28,沉默用户,2,18,0.2289
LCS00011736,U0011736,2026-08-28,沉默用户,2,8,0.3492
LCS00011737,U0011737,2026-08-28,活跃用户,3,7,0.4178
LCS00011738,U0011738,2026-08-28,活跃用户,14,2,0.0854
LCS00011739,U0011739,2026-08-28,流失用户,0,52,0.1011
LCS00011740,U0011740,2026-08-28,活跃用户,9,0,0.1427
LCS00011741,U0011741,2026-08-28,沉默用户,10,8,0.1508
LCS00011742,U0011742,2026-08-28,活跃用户,7,0,0.585
LCS00011743,U0011743,2026-08-28,活跃用户,6,0,0.4942
LCS00011744,U0011744,2026-08-28,沉默用户,5,15,0.2532
LCS00011745,U0011745,2026-08-28,活跃用户,6,1,0.3471
LCS00011746,U0011746,2026-08-28,活跃用户,15,1,0.298
LCS00011747,U0011747,2026-08-28,活跃用户,12,0,0.2465
LCS00011748,U0011748,2026-08-28,流失用户,5,40,0.4979
LCS00011749,U0011749,2026-08-28,活跃用户,12,6,0.6416
LCS00011750,U0011750,2026-08-28,活跃用户,16,4,0.3043
LCS00011751,U0011751,2026-08-28,流失用户,2,49,0.275
LCS00011752,U0011752,2026-08-28,沉默用户,6,11,0.2537
LCS00011753,U0011753,2026-08-28,活跃用户,6,7,0.1739
LCS00011754,U0011754,2026-08-28,沉默用户,16,8,0.5537
LCS00011755,U0011755,2026-08-28,流失用户,1,86,0.2648
LCS00011756,U0011756,2026-08-28,沉默用户,14,11,0.3888
LCS00011757,U0011757,2026-08-28,活跃用户,14,4,0.0692
LCS00011758,U0011758,2026-08-28,沉默用户,15,16,0.3065
LCS00011759,U0011759,2026-08-28,沉默用户,2,9,0.3686
LCS00011760,U0011760,2026-08-28,活跃用户,6,4,0.3779
LCS00011761,U0011761,2026-08-28,活跃用户,4,0,0.3326
LCS00011762,U0011762,2026-08-28,沉默用户,6,17,0.3714
LCS00011763,U0011763,2026-08-28,流失用户,1,185,0.2667
LCS00011764,U0011764,2026-08-28,活跃用户,10,0,0.2235
LCS00011765,U0011765,2026-08-28,新用户,2,0,0.4938
LCS00011766,U0011766,2026-08-28,活跃用户,10,1,0.2782
LCS00011767,U0011767,2026-08-28,沉默用户,3,17,0.3883
LCS00011768,U0011768,2026-08-28,活跃用户,11,0,0.1935
LCS00011769,U0011769,2026-08-28,活跃用户,6,6,0.4011
LCS00011770,U0011770,2026-08-28,沉默用户,11,11,0.4303
LCS00011771,U0011771,2026-08-28,沉默用户,3,18,0.5097
LCS00011772,U0011772,2026-08-28,活跃用户,10,0,0.1897
LCS00011773,U0011773,2026-08-28,活跃用户,8,0,0.2436
LCS00011774,U0011774,2026-08-28,活跃用户,11,1,0.2558
LCS00011775,U0011775,2026-08-28,沉默用户,9,27,0.3806
LCS00011776,U0011776,2026-08-28,沉默用户,9,15,0.3789
LCS00011777,U0011777,2026-08-28,流失用户,1,236,0.1607
LCS00011778,U0011778,2026-08-28,活跃用户,13,0,0.534
LCS00011779,U0011779,2026-08-28,活跃用户,11,3,0.3872
LCS00011780,U0011780,2026-08-28,沉默用户,5,8,0.1777
LCS00011781,U0011781,2026-08-28,沉默用户,5,12,0.3956
LCS00011782,U0011782,2026-08-28,流失用户,3,131,0.3429
LCS00011783,U0011783,2026-08-28,活跃用户,15,0,0.4746
LCS00011784,U0011784,2026-08-28,流失用户,3,53,0.2288
LCS00011785,U0011785,2026-08-28,活跃用户,5,0,0.2708
LCS00011786,U0011786,2026-08-28,沉默用户,2,21,0.352
LCS00011787,U0011787,2026-08-28,新用户,2,0,0.5049
LCS00011788,U0011788,2026-08-28,沉默用户,1,29,0.2704
LCS00011789,U0011789,2026-08-28,活跃用户,11,0,0.2265
LCS00011790,U0011790,2026-08-28,活跃用户,14,2,0.3516
LCS00011791,U0011791,2026-08-28,沉默用户,5,8,0.3859
LCS00011792,U0011792,2026-08-28,活跃用户,17,0,0.3761
LCS00011793,U0011793,2026-08-28,流失用户,4,59,0.4635
LCS00011794,U0011794,2026-08-28,沉默用户,12,8,0.3748
LCS00011795,U0011795,2026-08-28,沉默用户,5,19,0.2484
LCS00011796,U0011796,2026-08-28,沉默用户,8,12,0.3732
LCS00011797,U0011797,2026-08-28,活跃用户,11,4,0.0513
LCS00011798,U0011798,2026-08-28,沉默用户,7,18,0.2034
LCS00011799,U0011799,2026-08-28,沉默用户,9,13,0.4154
LCS00011800,U0011800,2026-08-28,活跃用户,5,0,0.3482
LCS00011801,U0011801,2026-08-28,沉默用户,13,10,0.3094
LCS00011802,U0011802,2026-08-28,活跃用户,4,1,0.0872
LCS00011803,U0011803,2026-08-28,流失用户,2,64,0.3606
LCS00011804,U0011804,2026-08-28,流失用户,2,45,0.432
LCS00011805,U0011805,2026-08-28,沉默用户,3,27,0.2955
LCS00011806,U0011806,2026-08-28,活跃用户,3,0,0.1599
LCS00011807,U0011807,2026-08-28,沉默用户,3,27,0.4387
LCS00011808,U0011808,2026-08-28,活跃用户,8,2,0.4174
LCS00011809,U0011809,2026-08-28,沉默用户,2,12,0.275
LCS00011810,U0011810,2026-08-28,流失用户,3,35,0.1432
LCS00011811,U0011811,2026-08-28,沉默用户,5,25,0.5009
LCS00011812,U0011812,2026-08-28,活跃用户,15,1,0.4902
LCS00011813,U0011813,2026-08-28,流失用户,3,83,0.212
LCS00011814,U0011814,2026-08-28,流失用户,2,86,0.4519
LCS00011815,U0011815,2026-08-28,流失用户,1,122,0.4416
LCS00011816,U0011816,2026-08-28,活跃用户,15,3,0.3888
LCS00011817,U0011817,2026-08-28,活跃用户,4,1,0.3669
LCS00011818,U0011818,2026-08-28,沉默用户,10,21,0.3588
LCS00011819,U0011819,2026-08-28,活跃用户,11,5,0.2908
LCS00011820,U0011820,2026-08-28,流失用户,2,138,0.4352
LCS00011821,U0011821,2026-08-28,活跃用户,11,1,0.333
LCS00011822,U0011822,2026-08-28,活跃用户,3,6,0.3196
LCS00011823,U0011823,2026-08-28,活跃用户,14,2,0.5003
LCS00011824,U0011824,2026-08-28,沉默用户,5,8,0.3114
LCS00011825,U0011825,2026-08-28,沉默用户,5,30,0.3873
LCS00011826,U0011826,2026-08-28,活跃用户,7,2,0.1927
LCS00011827,U0011827,2026-08-28,活跃用户,13,1,0.4639
LCS00011828,U0011828,2026-08-28,活跃用户,6,0,0.3868
LCS00011829,U0011829,2026-08-28,沉默用户,5,14,0.2678
LCS00011830,U0011830,2026-08-28,流失用户,10,93,0.1191
LCS00011831,U0011831,2026-08-28,流失用户,3,96,0.2408
LCS00011832,U0011832,2026-08-28,活跃用户,10,7,0.305
LCS00011833,U0011833,2026-08-28,沉默用户,14,14,0.4821
LCS00011834,U0011834,2026-08-28,沉默用户,6,26,0.4993
LCS00011835,U0011835,2026-08-28,沉默用户,2,8,0.3904
LCS00011836,U0011836,2026-08-28,沉默用户,16,8,0.4877
LCS00011837,U0011837,2026-08-28,活跃用户,13,6,0.4028
LCS00011838,U0011838,2026-08-28,流失用户,11,56,0.5673
LCS00011839,U0011839,2026-08-28,流失用户,3,100,0.3532
LCS00011840,U0011840,2026-08-28,活跃用户,8,0,0.3172
LCS00011841,U0011841,2026-08-28,新用户,4,0,0.7189
LCS00011842,U0011842,2026-08-28,活跃用户,12,1,0.2952
LCS00011843,U0011843,2026-08-28,沉默用户,2,19,0.3427
LCS00011844,U0011844,2026-08-28,沉默用户,12,15,0.3059
LCS00011845,U0011845,2026-08-28,流失用户,9,51,0.1224
LCS00011846,U0011846,2026-08-28,活跃用户,15,2,0.1311
LCS00011847,U0011847,2026-08-28,活跃用户,14,2,0.3105
LCS00011848,U0011848,2026-08-28,沉默用户,13,20,0.3015
LCS00011849,U0011849,2026-08-28,活跃用户,10,6,0.4278
LCS00011850,U0011850,2026-08-28,沉默用户,5,20,0.282
LCS00011851,U0011851,2026-08-28,活跃用户,15,5,0.4442
LCS00011852,U0011852,2026-08-28,沉默用户,5,15,0.3976
LCS00011853,U0011853,2026-08-28,活跃用户,16,4,0.3714
LCS00011854,U0011854,2026-08-28,沉默用户,9,8,0.2506
LCS00011855,U0011855,2026-08-28,沉默用户,9,8,0.5279
LCS00011856,U0011856,2026-08-28,活跃用户,9,2,0.1238
LCS00011857,U0011857,2026-08-28,流失用户,1,44,0.1303
LCS00011858,U0011858,2026-08-28,沉默用户,5,12,0.3984
LCS00011859,U0011859,2026-08-28,流失用户,1,182,0.4217
LCS00011860,U0011860,2026-08-28,活跃用户,11,3,0.2776
LCS00011861,U0011861,2026-08-28,活跃用户,3,3,0.4068
LCS00011862,U0011862,2026-08-28,流失用户,1,126,0.05
LCS00011863,U0011863,2026-08-28,沉默用户,2,11,0.1481
LCS00011864,U0011864,2026-08-28,沉默用户,2,19,0.1715
LCS00011865,U0011865,2026-08-28,沉默用户,15,12,0.3743
LCS00011866,U0011866,2026-08-28,流失用户,1,50,0.3248
LCS00011867,U0011867,2026-08-28,活跃用户,9,2,0.3645
LCS00011868,U0011868,2026-08-28,活跃用户,8,1,0.3536
LCS00011869,U0011869,2026-08-28,沉默用户,5,13,0.3994
LCS00011870,U0011870,2026-08-28,活跃用户,14,2,0.2286
LCS00011871,U0011871,2026-08-28,沉默用户,7,14,0.3527
LCS00011872,U0011872,2026-08-28,沉默用户,6,10,0.4285
LCS00011873,U0011873,2026-08-28,活跃用户,7,4,0.403
LCS00011874,U0011874,2026-08-28,活跃用户,16,5,0.5567
LCS00011875,U0011875,2026-08-28,沉默用户,13,12,0.5093
LCS00011876,U0011876,2026-08-28,沉默用户,12,20,0.3081
LCS00011877,U0011877,2026-08-28,沉默用户,0,27,0.4101
LCS00011878,U0011878,2026-08-28,流失用户,5,33,0.405
LCS00011879,U0011879,2026-08-28,沉默用户,8,21,0.3273
LCS00011880,U0011880,2026-08-28,活跃用户,6,7,0.257
LCS00011881,U0011881,2026-08-28,沉默用户,5,27,0.4964
LCS00011882,U0011882,2026-08-28,沉默用户,8,8,0.3862
LCS00011883,U0011883,2026-08-28,沉默用户,15,12,0.2487
LCS00011884,U0011884,2026-08-28,活跃用户,9,0,0.3288
LCS00011885,U0011885,2026-08-28,沉默用户,8,12,0.5831
LCS00011886,U0011886,2026-08-28,流失用户,8,53,0.5487
LCS00011887,U0011887,2026-08-28,活跃用户,15,0,0.2304
LCS00011888,U0011888,2026-08-28,沉默用户,8,9,0.2045
LCS00011889,U0011889,2026-08-28,活跃用户,10,0,0.1768
LCS00011890,U0011890,2026-08-28,活跃用户,13,0,0.05
LCS00011891,U0011891,2026-08-28,活跃用户,15,3,0.4612
LCS00011892,U0011892,2026-08-28,流失用户,4,39,0.2654
LCS00011893,U0011893,2026-08-28,活跃用户,9,1,0.226
LCS00011894,U0011894,2026-08-28,活跃用户,10,2,0.3326
LCS00011895,U0011895,2026-08-28,活跃用户,12,5,0.2683
LCS00011896,U0011896,2026-08-28,流失用户,7,33,0.1327
LCS00011897,U0011897,2026-08-28,沉默用户,4,22,0.4867
LCS00011898,U0011898,2026-08-28,活跃用户,11,5,0.2039
LCS00011899,U0011899,2026-08-28,沉默用户,15,26,0.2279
LCS00011900,U0011900,2026-08-28,活跃用户,3,4,0.489
LCS00011901,U0011901,2026-08-28,流失用户,3,62,0.1909
LCS00011902,U0011902,2026-08-28,流失用户,1,123,0.2695
LCS00011903,U0011903,2026-08-28,活跃用户,13,2,0.2773
LCS00011904,U0011904,2026-08-28,沉默用户,1,14,0.1666
LCS00011905,U0011905,2026-08-28,沉默用户,8,14,0.3443
LCS00011906,U0011906,2026-08-28,流失用户,4,67,0.3069
LCS00011907,U0011907,2026-08-28,活跃用户,3,2,0.05
LCS00011908,U0011908,2026-08-28,活跃用户,10,0,0.3418
LCS00011909,U0011909,2026-08-28,沉默用户,14,15,0.35
LCS00011910,U0011910,2026-08-28,活跃用户,5,2,0.1092
LCS00011911,U0011911,2026-08-28,活跃用户,8,3,0.4497
LCS00011912,U0011912,2026-08-28,流失用户,10,47,0.3488
LCS00011913,U0011913,2026-08-28,沉默用户,7,12,0.4151
LCS00011914,U0011914,2026-08-28,沉默用户,11,17,0.4108
LCS00011915,U0011915,2026-08-28,沉默用户,9,13,0.2445
LCS00011916,U0011916,2026-08-28,新用户,3,2,0.2858
LCS00011917,U0011917,2026-08-28,沉默用户,10,8,0.4005
LCS00011918,U0011918,2026-08-28,活跃用户,3,4,0.4629
LCS00011919,U0011919,2026-08-28,沉默用户,3,29,0.3335
LCS00011920,U0011920,2026-08-28,流失用户,3,38,0.373
LCS00011921,U0011921,2026-08-28,流失用户,3,174,0.3842
LCS00011922,U0011922,2026-08-28,流失用户,2,159,0.3037
LCS00011923,U0011923,2026-08-28,活跃用户,5,0,0.3174
LCS00011924,U0011924,2026-08-28,流失用户,1,135,0.4111
LCS00011925,U0011925,2026-08-28,流失用户,12,31,0.531
LCS00011926,U0011926,2026-08-28,沉默用户,6,13,0.3446
LCS00011927,U0011927,2026-08-28,活跃用户,11,0,0.365
LCS00011928,U0011928,2026-08-28,活跃用户,9,0,0.1993
LCS00011929,U0011929,2026-08-28,流失用户,5,82,0.1319
LCS00011930,U0011930,2026-08-28,沉默用户,5,19,0.5539
LCS00011931,U0011931,2026-08-28,沉默用户,15,29,0.3614
LCS00011932,U0011932,2026-08-28,活跃用户,8,7,0.2681
LCS00011933,U0011933,2026-08-28,流失用户,9,31,0.1377
LCS00011934,U0011934,2026-08-28,沉默用户,9,26,0.1891
LCS00011935,U0011935,2026-08-28,流失用户,8,40,0.3391
LCS00011936,U0011936,2026-08-28,活跃用户,13,4,0.1652
LCS00011937,U0011937,2026-08-28,活跃用户,9,2,0.1422
LCS00011938,U0011938,2026-08-28,沉默用户,3,24,0.2531
LCS00011939,U0011939,2026-08-28,活跃用户,10,1,0.2535
LCS00011940,U0011940,2026-08-28,流失用户,2,39,0.299
LCS00011941,U0011941,2026-08-28,活跃用户,3,2,0.0666
LCS00011942,U0011942,2026-08-28,流失用户,5,112,0.4802
LCS00011943,U0011943,2026-08-28,流失用户,8,40,0.2755
LCS00011944,U0011944,2026-08-28,活跃用户,5,5,0.2646
LCS00011945,U0011945,2026-08-28,活跃用户,4,5,0.2574
LCS00011946,U0011946,2026-08-28,活跃用户,8,0,0.2848
LCS00011947,U0011947,2026-08-28,沉默用户,3,22,0.316
LCS00011948,U0011948,2026-08-28,流失用户,6,58,0.5969
LCS00011949,U0011949,2026-08-28,活跃用户,12,2,0.1915
LCS00011950,U0011950,2026-08-28,沉默用户,11,13,0.3022
LCS00011951,U0011951,2026-08-28,沉默用户,7,25,0.3615
LCS00011952,U0011952,2026-08-28,活跃用户,19,1,0.7078
LCS00011953,U0011953,2026-08-28,活跃用户,13,0,0.4526
LCS00011954,U0011954,2026-08-28,流失用户,3,36,0.4944
LCS00011955,U0011955,2026-08-28,流失用户,3,98,0.4451
LCS00011956,U0011956,2026-08-28,沉默用户,8,12,0.2362
LCS00011957,U0011957,2026-08-28,活跃用户,9,0,0.3255
LCS00011958,U0011958,2026-08-28,活跃用户,3,7,0.1559
LCS00011959,U0011959,2026-08-28,活跃用户,3,0,0.2343
LCS00011960,U0011960,2026-08-28,活跃用户,11,0,0.5118
LCS00011961,U0011961,2026-08-28,活跃用户,7,3,0.3176
LCS00011962,U0011962,2026-08-28,活跃用户,2,3,0.1683
LCS00011963,U0011963,2026-08-28,沉默用户,13,30,0.625
LCS00011964,U0011964,2026-08-28,活跃用户,7,3,0.4829
LCS00011965,U0011965,2026-08-28,沉默用户,9,11,0.3464
LCS00011966,U0011966,2026-08-28,活跃用户,5,0,0.498
LCS00011967,U0011967,2026-08-28,活跃用户,14,5,0.5392
LCS00011968,U0011968,2026-08-28,沉默用户,14,30,0.2813
LCS00011969,U0011969,2026-08-28,沉默用户,4,19,0.4463
LCS00011970,U0011970,2026-08-28,沉默用户,3,13,0.3269
LCS00011971,U0011971,2026-08-28,活跃用户,2,5,0.3525
LCS00011972,U0011972,2026-08-28,流失用户,4,51,0.2744
LCS00011973,U0011973,2026-08-28,活跃用户,13,2,0.0923
LCS00011974,U0011974,2026-08-28,沉默用户,9,20,0.3987
LCS00011975,U0011975,2026-08-28,活跃用户,16,0,0.4176
LCS00011976,U0011976,2026-08-28,活跃用户,9,1,0.1552
LCS00011977,U0011977,2026-08-28,流失用户,1,86,0.4216
LCS00011978,U0011978,2026-08-28,流失用户,3,89,0.3761
LCS00011979,U0011979,2026-08-28,沉默用户,5,11,0.4189
LCS00011980,U0011980,2026-08-28,流失用户,4,73,0.3149
LCS00011981,U0011981,2026-08-28,活跃用户,3,5,0.445
LCS00011982,U0011982,2026-08-28,活跃用户,9,2,0.2807
LCS00011983,U0011983,2026-08-28,活跃用户,9,0,0.2802
LCS00011984,U0011984,2026-08-28,活跃用户,14,5,0.3983
LCS00011985,U0011985,2026-08-28,沉默用户,2,18,0.3802
LCS00011986,U0011986,2026-08-28,活跃用户,9,1,0.8307
LCS00011987,U0011987,2026-08-28,流失用户,3,36,0.1612
LCS00011988,U0011988,2026-08-28,活跃用户,13,2,0.3159
LCS00011989,U0011989,2026-08-28,沉默用户,1,15,0.3428
LCS00011990,U0011990,2026-08-28,流失用户,3,38,0.2139
LCS00011991,U0011991,2026-08-28,流失用户,2,56,0.2192
LCS00011992,U0011992,2026-08-28,沉默用户,10,19,0.3684
LCS00011993,U0011993,2026-08-28,活跃用户,11,6,0.3633
LCS00011994,U0011994,2026-08-28,沉默用户,5,15,0.1843
LCS00011995,U0011995,2026-08-28,活跃用户,3,3,0.1861
LCS00011996,U0011996,2026-08-28,活跃用户,18,5,0.4604
LCS00011997,U0011997,2026-08-28,流失用户,3,33,0.4419
LCS00011998,U0011998,2026-08-28,活跃用户,8,0,0.2203
LCS00011999,U0011999,2026-08-28,活跃用户,5,7,0.2687
LCS00012000,U0012000,2026-08-28,沉默用户,7,16,0.0961
