churn_event_id,user_id,identified_date,churn_level,inactive_days,churn_reason
CHURN00000001,U0000002,2026-08-28,medium,18,连续未登录
CHURN00000002,U0000004,2026-08-28,high,51,连续未登录
CHURN00000003,U0000005,2026-08-28,medium,8,活跃频次下降
CHURN00000004,U0000007,2026-08-28,high,119,连续未登录
CHURN00000005,U0000011,2026-08-28,medium,10,观看时长下降
CHURN00000006,U0000012,2026-08-28,medium,12,连续未登录
CHURN00000007,U0000013,2026-08-28,medium,11,观看时长下降
CHURN00000008,U0000015,2026-08-28,high,59,活跃频次下降
CHURN00000009,U0000018,2026-08-28,high,37,连续未登录
CHURN00000010,U0000019,2026-08-28,medium,26,连续未登录
CHURN00000011,U0000020,2026-08-28,high,59,连续未登录
CHURN00000012,U0000021,2026-08-28,high,106,观看时长下降
CHURN00000013,U0000023,2026-08-28,medium,30,连续未登录
CHURN00000014,U0000024,2026-08-28,high,76,观看时长下降
CHURN00000015,U0000027,2026-08-28,medium,9,观看时长下降
CHURN00000016,U0000028,2026-08-28,high,98,连续未登录
CHURN00000017,U0000030,2026-08-28,medium,14,连续未登录
CHURN00000018,U0000031,2026-08-28,high,82,活跃频次下降
CHURN00000019,U0000033,2026-08-28,high,124,活跃频次下降
CHURN00000020,U0000036,2026-08-28,medium,10,观看时长下降
CHURN00000021,U0000037,2026-08-28,medium,10,活跃频次下降
CHURN00000022,U0000038,2026-08-28,medium,17,连续未登录
CHURN00000023,U0000039,2026-08-28,high,63,连续未登录
CHURN00000024,U0000040,2026-08-28,medium,26,活跃频次下降
CHURN00000025,U0000042,2026-08-28,high,39,活跃频次下降
CHURN00000026,U0000043,2026-08-28,high,155,活跃频次下降
CHURN00000027,U0000044,2026-08-28,high,148,活跃频次下降
CHURN00000028,U0000045,2026-08-28,medium,9,活跃频次下降
CHURN00000029,U0000048,2026-08-28,high,55,活跃频次下降
CHURN00000030,U0000050,2026-08-28,medium,10,活跃频次下降
CHURN00000031,U0000051,2026-08-28,medium,14,活跃频次下降
CHURN00000032,U0000054,2026-08-28,high,65,活跃频次下降
CHURN00000033,U0000056,2026-08-28,medium,14,活跃频次下降
CHURN00000034,U0000057,2026-08-28,high,71,连续未登录
CHURN00000035,U0000058,2026-08-28,high,88,连续未登录
CHURN00000036,U0000060,2026-08-28,medium,12,连续未登录
CHURN00000037,U0000062,2026-08-28,medium,23,观看时长下降
CHURN00000038,U0000064,2026-08-28,high,47,连续未登录
CHURN00000039,U0000065,2026-08-28,medium,19,连续未登录
CHURN00000040,U0000067,2026-08-28,high,42,观看时长下降
CHURN00000041,U0000068,2026-08-28,medium,11,活跃频次下降
CHURN00000042,U0000069,2026-08-28,high,70,观看时长下降
CHURN00000043,U0000071,2026-08-28,medium,14,连续未登录
CHURN00000044,U0000073,2026-08-28,high,32,连续未登录
CHURN00000045,U0000074,2026-08-28,medium,11,活跃频次下降
CHURN00000046,U0000078,2026-08-28,high,77,连续未登录
CHURN00000047,U0000079,2026-08-28,high,58,连续未登录
CHURN00000048,U0000083,2026-08-28,medium,19,活跃频次下降
CHURN00000049,U0000085,2026-08-28,medium,29,连续未登录
CHURN00000050,U0000087,2026-08-28,medium,14,连续未登录
CHURN00000051,U0000088,2026-08-28,medium,19,活跃频次下降
CHURN00000052,U0000089,2026-08-28,high,34,观看时长下降
CHURN00000053,U0000090,2026-08-28,medium,16,观看时长下降
CHURN00000054,U0000095,2026-08-28,high,48,连续未登录
CHURN00000055,U0000096,2026-08-28,medium,17,活跃频次下降
CHURN00000056,U0000097,2026-08-28,high,34,连续未登录
CHURN00000057,U0000098,2026-08-28,medium,15,活跃频次下降
CHURN00000058,U0000099,2026-08-28,high,39,连续未登录
CHURN00000059,U0000100,2026-08-28,high,38,活跃频次下降
CHURN00000060,U0000101,2026-08-28,high,75,活跃频次下降
CHURN00000061,U0000102,2026-08-28,medium,12,观看时长下降
CHURN00000062,U0000103,2026-08-28,high,174,观看时长下降
CHURN00000063,U0000104,2026-08-28,high,31,连续未登录
CHURN00000064,U0000105,2026-08-28,high,78,连续未登录
CHURN00000065,U0000106,2026-08-28,high,71,连续未登录
CHURN00000066,U0000111,2026-08-28,high,147,观看时长下降
CHURN00000067,U0000113,2026-08-28,high,42,连续未登录
CHURN00000068,U0000115,2026-08-28,medium,19,活跃频次下降
CHURN00000069,U0000116,2026-08-28,high,45,观看时长下降
CHURN00000070,U0000117,2026-08-28,medium,12,观看时长下降
CHURN00000071,U0000121,2026-08-28,high,32,连续未登录
CHURN00000072,U0000124,2026-08-28,medium,16,连续未登录
CHURN00000073,U0000126,2026-08-28,high,44,观看时长下降
CHURN00000074,U0000128,2026-08-28,medium,23,连续未登录
CHURN00000075,U0000129,2026-08-28,high,228,连续未登录
CHURN00000076,U0000130,2026-08-28,medium,24,活跃频次下降
CHURN00000077,U0000131,2026-08-28,high,64,观看时长下降
CHURN00000078,U0000132,2026-08-28,medium,11,连续未登录
CHURN00000079,U0000134,2026-08-28,medium,12,连续未登录
CHURN00000080,U0000137,2026-08-28,medium,22,活跃频次下降
CHURN00000081,U0000138,2026-08-28,medium,23,观看时长下降
CHURN00000082,U0000139,2026-08-28,medium,12,观看时长下降
CHURN00000083,U0000141,2026-08-28,medium,17,连续未登录
CHURN00000084,U0000142,2026-08-28,high,66,活跃频次下降
CHURN00000085,U0000145,2026-08-28,medium,23,连续未登录
CHURN00000086,U0000149,2026-08-28,medium,8,活跃频次下降
CHURN00000087,U0000150,2026-08-28,high,76,连续未登录
CHURN00000088,U0000154,2026-08-28,medium,15,连续未登录
CHURN00000089,U0000156,2026-08-28,medium,26,连续未登录
CHURN00000090,U0000157,2026-08-28,high,33,观看时长下降
CHURN00000091,U0000158,2026-08-28,medium,13,连续未登录
CHURN00000092,U0000159,2026-08-28,medium,20,连续未登录
CHURN00000093,U0000160,2026-08-28,high,118,活跃频次下降
CHURN00000094,U0000161,2026-08-28,high,51,连续未登录
CHURN00000095,U0000163,2026-08-28,medium,20,观看时长下降
CHURN00000096,U0000165,2026-08-28,medium,17,观看时长下降
CHURN00000097,U0000166,2026-08-28,high,81,活跃频次下降
CHURN00000098,U0000167,2026-08-28,high,37,观看时长下降
CHURN00000099,U0000168,2026-08-28,high,58,活跃频次下降
CHURN00000100,U0000169,2026-08-28,high,32,活跃频次下降
CHURN00000101,U0000172,2026-08-28,high,44,活跃频次下降
CHURN00000102,U0000175,2026-08-28,high,86,连续未登录
CHURN00000103,U0000176,2026-08-28,high,82,观看时长下降
CHURN00000104,U0000177,2026-08-28,high,76,活跃频次下降
CHURN00000105,U0000178,2026-08-28,high,105,连续未登录
CHURN00000106,U0000182,2026-08-28,high,37,连续未登录
CHURN00000107,U0000184,2026-08-28,high,146,连续未登录
CHURN00000108,U0000187,2026-08-28,medium,8,连续未登录
CHURN00000109,U0000188,2026-08-28,medium,16,连续未登录
CHURN00000110,U0000189,2026-08-28,high,82,活跃频次下降
CHURN00000111,U0000194,2026-08-28,medium,20,连续未登录
CHURN00000112,U0000195,2026-08-28,high,86,活跃频次下降
CHURN00000113,U0000198,2026-08-28,medium,12,连续未登录
CHURN00000114,U0000200,2026-08-28,medium,23,连续未登录
CHURN00000115,U0000201,2026-08-28,medium,18,活跃频次下降
CHURN00000116,U0000202,2026-08-28,medium,8,连续未登录
CHURN00000117,U0000203,2026-08-28,high,42,观看时长下降
CHURN00000118,U0000204,2026-08-28,high,78,连续未登录
CHURN00000119,U0000206,2026-08-28,high,37,观看时长下降
CHURN00000120,U0000207,2026-08-28,medium,17,活跃频次下降
CHURN00000121,U0000211,2026-08-28,high,42,观看时长下降
CHURN00000122,U0000213,2026-08-28,medium,22,观看时长下降
CHURN00000123,U0000214,2026-08-28,high,34,连续未登录
CHURN00000124,U0000218,2026-08-28,medium,25,连续未登录
CHURN00000125,U0000219,2026-08-28,high,33,连续未登录
CHURN00000126,U0000220,2026-08-28,medium,22,活跃频次下降
CHURN00000127,U0000222,2026-08-28,medium,23,活跃频次下降
CHURN00000128,U0000223,2026-08-28,medium,8,连续未登录
CHURN00000129,U0000229,2026-08-28,high,88,活跃频次下降
CHURN00000130,U0000231,2026-08-28,high,73,活跃频次下降
CHURN00000131,U0000232,2026-08-28,medium,10,观看时长下降
CHURN00000132,U0000234,2026-08-28,medium,13,连续未登录
CHURN00000133,U0000236,2026-08-28,high,116,观看时长下降
CHURN00000134,U0000237,2026-08-28,medium,13,连续未登录
CHURN00000135,U0000238,2026-08-28,high,56,活跃频次下降
CHURN00000136,U0000239,2026-08-28,medium,13,连续未登录
CHURN00000137,U0000244,2026-08-28,medium,17,观看时长下降
CHURN00000138,U0000246,2026-08-28,medium,8,观看时长下降
CHURN00000139,U0000247,2026-08-28,high,102,活跃频次下降
CHURN00000140,U0000248,2026-08-28,high,42,活跃频次下降
CHURN00000141,U0000250,2026-08-28,medium,12,观看时长下降
CHURN00000142,U0000252,2026-08-28,high,40,活跃频次下降
CHURN00000143,U0000253,2026-08-28,medium,29,连续未登录
CHURN00000144,U0000255,2026-08-28,medium,16,连续未登录
CHURN00000145,U0000256,2026-08-28,high,81,活跃频次下降
CHURN00000146,U0000258,2026-08-28,high,66,连续未登录
CHURN00000147,U0000261,2026-08-28,medium,10,连续未登录
CHURN00000148,U0000262,2026-08-28,high,38,连续未登录
CHURN00000149,U0000263,2026-08-28,medium,20,连续未登录
CHURN00000150,U0000264,2026-08-28,medium,29,连续未登录
CHURN00000151,U0000271,2026-08-28,high,123,活跃频次下降
CHURN00000152,U0000272,2026-08-28,high,94,观看时长下降
CHURN00000153,U0000274,2026-08-28,high,203,活跃频次下降
CHURN00000154,U0000275,2026-08-28,high,71,观看时长下降
CHURN00000155,U0000278,2026-08-28,medium,19,观看时长下降
CHURN00000156,U0000279,2026-08-28,medium,12,活跃频次下降
CHURN00000157,U0000281,2026-08-28,high,147,活跃频次下降
CHURN00000158,U0000289,2026-08-28,high,32,观看时长下降
CHURN00000159,U0000291,2026-08-28,high,53,活跃频次下降
CHURN00000160,U0000293,2026-08-28,high,184,连续未登录
CHURN00000161,U0000295,2026-08-28,medium,14,连续未登录
CHURN00000162,U0000296,2026-08-28,high,85,连续未登录
CHURN00000163,U0000297,2026-08-28,medium,18,连续未登录
CHURN00000164,U0000298,2026-08-28,medium,11,观看时长下降
CHURN00000165,U0000299,2026-08-28,high,60,连续未登录
CHURN00000166,U0000300,2026-08-28,high,47,观看时长下降
CHURN00000167,U0000301,2026-08-28,high,41,活跃频次下降
CHURN00000168,U0000305,2026-08-28,high,32,观看时长下降
CHURN00000169,U0000306,2026-08-28,medium,30,活跃频次下降
CHURN00000170,U0000307,2026-08-28,high,31,连续未登录
CHURN00000171,U0000311,2026-08-28,medium,30,活跃频次下降
CHURN00000172,U0000312,2026-08-28,high,107,连续未登录
CHURN00000173,U0000313,2026-08-28,medium,23,连续未登录
CHURN00000174,U0000314,2026-08-28,high,99,活跃频次下降
CHURN00000175,U0000315,2026-08-28,medium,22,连续未登录
CHURN00000176,U0000316,2026-08-28,medium,15,连续未登录
CHURN00000177,U0000318,2026-08-28,medium,15,活跃频次下降
CHURN00000178,U0000322,2026-08-28,medium,10,连续未登录
CHURN00000179,U0000324,2026-08-28,high,75,连续未登录
CHURN00000180,U0000325,2026-08-28,medium,18,观看时长下降
CHURN00000181,U0000326,2026-08-28,high,93,活跃频次下降
CHURN00000182,U0000329,2026-08-28,medium,13,连续未登录
CHURN00000183,U0000333,2026-08-28,medium,8,连续未登录
CHURN00000184,U0000336,2026-08-28,medium,21,观看时长下降
CHURN00000185,U0000337,2026-08-28,high,39,活跃频次下降
CHURN00000186,U0000340,2026-08-28,medium,8,观看时长下降
CHURN00000187,U0000341,2026-08-28,high,111,连续未登录
CHURN00000188,U0000345,2026-08-28,high,138,连续未登录
CHURN00000189,U0000347,2026-08-28,medium,9,活跃频次下降
CHURN00000190,U0000348,2026-08-28,high,76,连续未登录
CHURN00000191,U0000350,2026-08-28,medium,13,连续未登录
CHURN00000192,U0000351,2026-08-28,high,131,观看时长下降
CHURN00000193,U0000352,2026-08-28,high,70,活跃频次下降
CHURN00000194,U0000353,2026-08-28,high,35,连续未登录
CHURN00000195,U0000354,2026-08-28,medium,9,活跃频次下降
CHURN00000196,U0000356,2026-08-28,high,104,观看时长下降
CHURN00000197,U0000358,2026-08-28,high,31,活跃频次下降
CHURN00000198,U0000360,2026-08-28,high,63,活跃频次下降
CHURN00000199,U0000364,2026-08-28,medium,27,活跃频次下降
CHURN00000200,U0000365,2026-08-28,medium,16,活跃频次下降
CHURN00000201,U0000366,2026-08-28,medium,11,活跃频次下降
CHURN00000202,U0000369,2026-08-28,medium,15,连续未登录
CHURN00000203,U0000373,2026-08-28,high,32,连续未登录
CHURN00000204,U0000376,2026-08-28,medium,22,观看时长下降
CHURN00000205,U0000377,2026-08-28,high,38,连续未登录
CHURN00000206,U0000378,2026-08-28,medium,9,观看时长下降
CHURN00000207,U0000379,2026-08-28,high,46,活跃频次下降
CHURN00000208,U0000380,2026-08-28,medium,9,连续未登录
CHURN00000209,U0000381,2026-08-28,high,146,活跃频次下降
CHURN00000210,U0000383,2026-08-28,high,43,连续未登录
CHURN00000211,U0000385,2026-08-28,medium,11,活跃频次下降
CHURN00000212,U0000386,2026-08-28,medium,30,连续未登录
CHURN00000213,U0000388,2026-08-28,medium,12,活跃频次下降
CHURN00000214,U0000389,2026-08-28,medium,17,连续未登录
CHURN00000215,U0000392,2026-08-28,high,56,连续未登录
CHURN00000216,U0000393,2026-08-28,medium,15,观看时长下降
CHURN00000217,U0000394,2026-08-28,medium,16,观看时长下降
CHURN00000218,U0000396,2026-08-28,medium,9,活跃频次下降
CHURN00000219,U0000397,2026-08-28,high,76,活跃频次下降
CHURN00000220,U0000398,2026-08-28,medium,19,观看时长下降
CHURN00000221,U0000400,2026-08-28,high,79,连续未登录
CHURN00000222,U0000402,2026-08-28,medium,24,连续未登录
CHURN00000223,U0000407,2026-08-28,high,61,活跃频次下降
CHURN00000224,U0000408,2026-08-28,medium,13,活跃频次下降
CHURN00000225,U0000409,2026-08-28,medium,9,观看时长下降
CHURN00000226,U0000410,2026-08-28,medium,14,连续未登录
CHURN00000227,U0000411,2026-08-28,medium,24,活跃频次下降
CHURN00000228,U0000413,2026-08-28,high,68,连续未登录
CHURN00000229,U0000414,2026-08-28,medium,13,连续未登录
CHURN00000230,U0000416,2026-08-28,high,66,连续未登录
CHURN00000231,U0000418,2026-08-28,medium,19,连续未登录
CHURN00000232,U0000419,2026-08-28,medium,20,活跃频次下降
CHURN00000233,U0000420,2026-08-28,medium,8,连续未登录
CHURN00000234,U0000422,2026-08-28,high,73,连续未登录
CHURN00000235,U0000423,2026-08-28,high,65,观看时长下降
CHURN00000236,U0000424,2026-08-28,high,37,观看时长下降
CHURN00000237,U0000426,2026-08-28,high,82,活跃频次下降
CHURN00000238,U0000427,2026-08-28,medium,30,连续未登录
CHURN00000239,U0000428,2026-08-28,medium,14,连续未登录
CHURN00000240,U0000430,2026-08-28,medium,28,活跃频次下降
CHURN00000241,U0000434,2026-08-28,medium,22,观看时长下降
CHURN00000242,U0000437,2026-08-28,medium,10,活跃频次下降
CHURN00000243,U0000438,2026-08-28,high,213,连续未登录
CHURN00000244,U0000440,2026-08-28,medium,8,活跃频次下降
CHURN00000245,U0000442,2026-08-28,medium,9,连续未登录
CHURN00000246,U0000445,2026-08-28,medium,15,活跃频次下降
CHURN00000247,U0000446,2026-08-28,high,64,活跃频次下降
CHURN00000248,U0000447,2026-08-28,medium,12,观看时长下降
CHURN00000249,U0000448,2026-08-28,high,179,连续未登录
CHURN00000250,U0000449,2026-08-28,high,33,观看时长下降
CHURN00000251,U0000450,2026-08-28,high,50,活跃频次下降
CHURN00000252,U0000452,2026-08-28,medium,19,连续未登录
CHURN00000253,U0000454,2026-08-28,medium,15,活跃频次下降
CHURN00000254,U0000455,2026-08-28,high,187,活跃频次下降
CHURN00000255,U0000457,2026-08-28,medium,17,连续未登录
CHURN00000256,U0000458,2026-08-28,high,50,连续未登录
CHURN00000257,U0000459,2026-08-28,medium,23,观看时长下降
CHURN00000258,U0000462,2026-08-28,high,91,连续未登录
CHURN00000259,U0000464,2026-08-28,medium,8,连续未登录
CHURN00000260,U0000466,2026-08-28,high,101,连续未登录
CHURN00000261,U0000469,2026-08-28,high,66,连续未登录
CHURN00000262,U0000470,2026-08-28,high,47,连续未登录
CHURN00000263,U0000471,2026-08-28,medium,9,连续未登录
CHURN00000264,U0000472,2026-08-28,high,44,观看时长下降
CHURN00000265,U0000473,2026-08-28,high,63,活跃频次下降
CHURN00000266,U0000474,2026-08-28,medium,21,观看时长下降
CHURN00000267,U0000477,2026-08-28,medium,9,连续未登录
CHURN00000268,U0000481,2026-08-28,high,172,连续未登录
CHURN00000269,U0000483,2026-08-28,medium,8,观看时长下降
CHURN00000270,U0000486,2026-08-28,high,94,观看时长下降
CHURN00000271,U0000490,2026-08-28,high,32,观看时长下降
CHURN00000272,U0000491,2026-08-28,high,40,观看时长下降
CHURN00000273,U0000493,2026-08-28,high,53,连续未登录
CHURN00000274,U0000496,2026-08-28,medium,9,活跃频次下降
CHURN00000275,U0000498,2026-08-28,medium,24,活跃频次下降
CHURN00000276,U0000499,2026-08-28,medium,10,观看时长下降
CHURN00000277,U0000500,2026-08-28,medium,19,活跃频次下降
CHURN00000278,U0000502,2026-08-28,medium,8,观看时长下降
CHURN00000279,U0000505,2026-08-28,high,59,观看时长下降
CHURN00000280,U0000506,2026-08-28,medium,22,连续未登录
CHURN00000281,U0000507,2026-08-28,medium,17,连续未登录
CHURN00000282,U0000511,2026-08-28,high,35,连续未登录
CHURN00000283,U0000514,2026-08-28,medium,26,活跃频次下降
CHURN00000284,U0000515,2026-08-28,medium,25,连续未登录
CHURN00000285,U0000517,2026-08-28,high,87,活跃频次下降
CHURN00000286,U0000519,2026-08-28,medium,27,连续未登录
CHURN00000287,U0000523,2026-08-28,medium,10,连续未登录
CHURN00000288,U0000527,2026-08-28,medium,16,观看时长下降
CHURN00000289,U0000530,2026-08-28,high,135,连续未登录
CHURN00000290,U0000534,2026-08-28,high,77,活跃频次下降
CHURN00000291,U0000536,2026-08-28,medium,26,观看时长下降
CHURN00000292,U0000538,2026-08-28,high,113,连续未登录
CHURN00000293,U0000539,2026-08-28,high,104,观看时长下降
CHURN00000294,U0000540,2026-08-28,medium,19,连续未登录
CHURN00000295,U0000542,2026-08-28,high,73,连续未登录
CHURN00000296,U0000545,2026-08-28,medium,27,连续未登录
CHURN00000297,U0000546,2026-08-28,high,34,观看时长下降
CHURN00000298,U0000549,2026-08-28,high,66,连续未登录
CHURN00000299,U0000550,2026-08-28,medium,11,连续未登录
CHURN00000300,U0000552,2026-08-28,high,37,观看时长下降
CHURN00000301,U0000555,2026-08-28,medium,22,活跃频次下降
CHURN00000302,U0000556,2026-08-28,high,96,活跃频次下降
CHURN00000303,U0000557,2026-08-28,medium,29,活跃频次下降
CHURN00000304,U0000558,2026-08-28,medium,10,连续未登录
CHURN00000305,U0000559,2026-08-28,high,43,连续未登录
CHURN00000306,U0000560,2026-08-28,medium,9,连续未登录
CHURN00000307,U0000561,2026-08-28,high,89,观看时长下降
CHURN00000308,U0000563,2026-08-28,high,38,连续未登录
CHURN00000309,U0000564,2026-08-28,high,96,活跃频次下降
CHURN00000310,U0000567,2026-08-28,medium,24,观看时长下降
CHURN00000311,U0000568,2026-08-28,medium,11,观看时长下降
CHURN00000312,U0000569,2026-08-28,high,78,活跃频次下降
CHURN00000313,U0000571,2026-08-28,medium,8,活跃频次下降
CHURN00000314,U0000572,2026-08-28,high,63,活跃频次下降
CHURN00000315,U0000575,2026-08-28,high,87,活跃频次下降
CHURN00000316,U0000576,2026-08-28,high,35,连续未登录
CHURN00000317,U0000581,2026-08-28,medium,8,活跃频次下降
CHURN00000318,U0000582,2026-08-28,medium,19,连续未登录
CHURN00000319,U0000583,2026-08-28,high,207,观看时长下降
CHURN00000320,U0000584,2026-08-28,high,171,连续未登录
CHURN00000321,U0000587,2026-08-28,high,196,活跃频次下降
CHURN00000322,U0000588,2026-08-28,medium,24,连续未登录
CHURN00000323,U0000589,2026-08-28,medium,10,活跃频次下降
CHURN00000324,U0000591,2026-08-28,medium,19,连续未登录
CHURN00000325,U0000595,2026-08-28,medium,13,连续未登录
CHURN00000326,U0000596,2026-08-28,medium,17,活跃频次下降
CHURN00000327,U0000597,2026-08-28,high,190,观看时长下降
CHURN00000328,U0000598,2026-08-28,high,38,活跃频次下降
CHURN00000329,U0000601,2026-08-28,medium,8,活跃频次下降
CHURN00000330,U0000602,2026-08-28,high,57,连续未登录
CHURN00000331,U0000604,2026-08-28,medium,16,观看时长下降
CHURN00000332,U0000606,2026-08-28,medium,17,观看时长下降
CHURN00000333,U0000608,2026-08-28,medium,8,连续未登录
CHURN00000334,U0000609,2026-08-28,high,114,活跃频次下降
CHURN00000335,U0000613,2026-08-28,high,76,活跃频次下降
CHURN00000336,U0000615,2026-08-28,high,86,活跃频次下降
CHURN00000337,U0000616,2026-08-28,medium,24,活跃频次下降
CHURN00000338,U0000617,2026-08-28,high,79,活跃频次下降
CHURN00000339,U0000618,2026-08-28,medium,16,观看时长下降
CHURN00000340,U0000622,2026-08-28,medium,18,观看时长下降
CHURN00000341,U0000623,2026-08-28,medium,9,连续未登录
CHURN00000342,U0000624,2026-08-28,medium,21,连续未登录
CHURN00000343,U0000626,2026-08-28,high,174,连续未登录
CHURN00000344,U0000628,2026-08-28,medium,8,观看时长下降
CHURN00000345,U0000629,2026-08-28,high,45,观看时长下降
CHURN00000346,U0000630,2026-08-28,medium,10,活跃频次下降
CHURN00000347,U0000631,2026-08-28,medium,13,活跃频次下降
CHURN00000348,U0000632,2026-08-28,medium,10,活跃频次下降
CHURN00000349,U0000633,2026-08-28,medium,27,活跃频次下降
CHURN00000350,U0000634,2026-08-28,high,84,连续未登录
CHURN00000351,U0000637,2026-08-28,medium,21,观看时长下降
CHURN00000352,U0000641,2026-08-28,medium,15,活跃频次下降
CHURN00000353,U0000644,2026-08-28,high,39,观看时长下降
CHURN00000354,U0000645,2026-08-28,high,35,活跃频次下降
CHURN00000355,U0000646,2026-08-28,high,130,观看时长下降
CHURN00000356,U0000648,2026-08-28,medium,26,连续未登录
CHURN00000357,U0000650,2026-08-28,high,36,连续未登录
CHURN00000358,U0000651,2026-08-28,high,101,活跃频次下降
CHURN00000359,U0000653,2026-08-28,high,196,观看时长下降
CHURN00000360,U0000654,2026-08-28,medium,9,活跃频次下降
CHURN00000361,U0000655,2026-08-28,high,211,连续未登录
CHURN00000362,U0000656,2026-08-28,medium,8,活跃频次下降
CHURN00000363,U0000659,2026-08-28,medium,13,连续未登录
CHURN00000364,U0000661,2026-08-28,medium,23,连续未登录
CHURN00000365,U0000662,2026-08-28,high,185,连续未登录
CHURN00000366,U0000664,2026-08-28,high,75,连续未登录
CHURN00000367,U0000665,2026-08-28,medium,18,连续未登录
CHURN00000368,U0000668,2026-08-28,medium,8,连续未登录
CHURN00000369,U0000669,2026-08-28,high,122,连续未登录
CHURN00000370,U0000671,2026-08-28,high,39,连续未登录
CHURN00000371,U0000672,2026-08-28,high,87,观看时长下降
CHURN00000372,U0000676,2026-08-28,medium,24,活跃频次下降
CHURN00000373,U0000677,2026-08-28,medium,22,连续未登录
CHURN00000374,U0000678,2026-08-28,high,211,连续未登录
CHURN00000375,U0000679,2026-08-28,high,36,观看时长下降
CHURN00000376,U0000681,2026-08-28,high,113,观看时长下降
CHURN00000377,U0000683,2026-08-28,high,132,连续未登录
CHURN00000378,U0000684,2026-08-28,medium,16,连续未登录
CHURN00000379,U0000685,2026-08-28,high,89,观看时长下降
CHURN00000380,U0000686,2026-08-28,high,64,连续未登录
CHURN00000381,U0000687,2026-08-28,medium,21,连续未登录
CHURN00000382,U0000688,2026-08-28,medium,28,活跃频次下降
CHURN00000383,U0000689,2026-08-28,medium,22,连续未登录
CHURN00000384,U0000690,2026-08-28,medium,16,观看时长下降
CHURN00000385,U0000691,2026-08-28,medium,12,观看时长下降
CHURN00000386,U0000692,2026-08-28,high,38,观看时长下降
CHURN00000387,U0000693,2026-08-28,high,38,活跃频次下降
CHURN00000388,U0000694,2026-08-28,medium,16,活跃频次下降
CHURN00000389,U0000695,2026-08-28,medium,11,观看时长下降
CHURN00000390,U0000696,2026-08-28,medium,9,活跃频次下降
CHURN00000391,U0000697,2026-08-28,medium,19,活跃频次下降
CHURN00000392,U0000701,2026-08-28,high,32,观看时长下降
CHURN00000393,U0000703,2026-08-28,medium,8,连续未登录
CHURN00000394,U0000705,2026-08-28,high,114,连续未登录
CHURN00000395,U0000706,2026-08-28,medium,15,活跃频次下降
CHURN00000396,U0000709,2026-08-28,high,54,连续未登录
CHURN00000397,U0000710,2026-08-28,medium,21,活跃频次下降
CHURN00000398,U0000712,2026-08-28,high,42,活跃频次下降
CHURN00000399,U0000713,2026-08-28,medium,16,连续未登录
CHURN00000400,U0000714,2026-08-28,high,184,观看时长下降
CHURN00000401,U0000716,2026-08-28,medium,8,连续未登录
CHURN00000402,U0000718,2026-08-28,medium,9,连续未登录
CHURN00000403,U0000719,2026-08-28,high,38,观看时长下降
CHURN00000404,U0000720,2026-08-28,medium,27,活跃频次下降
CHURN00000405,U0000721,2026-08-28,medium,30,连续未登录
CHURN00000406,U0000724,2026-08-28,medium,9,观看时长下降
CHURN00000407,U0000726,2026-08-28,medium,16,活跃频次下降
CHURN00000408,U0000728,2026-08-28,high,153,连续未登录
CHURN00000409,U0000729,2026-08-28,high,59,连续未登录
CHURN00000410,U0000730,2026-08-28,medium,16,观看时长下降
CHURN00000411,U0000733,2026-08-28,medium,16,观看时长下降
CHURN00000412,U0000734,2026-08-28,high,97,活跃频次下降
CHURN00000413,U0000735,2026-08-28,medium,10,活跃频次下降
CHURN00000414,U0000736,2026-08-28,high,71,活跃频次下降
CHURN00000415,U0000737,2026-08-28,medium,13,连续未登录
CHURN00000416,U0000738,2026-08-28,medium,20,连续未登录
CHURN00000417,U0000739,2026-08-28,high,55,连续未登录
CHURN00000418,U0000740,2026-08-28,high,47,观看时长下降
CHURN00000419,U0000741,2026-08-28,medium,19,连续未登录
CHURN00000420,U0000743,2026-08-28,medium,8,连续未登录
CHURN00000421,U0000744,2026-08-28,high,31,活跃频次下降
CHURN00000422,U0000745,2026-08-28,high,118,活跃频次下降
CHURN00000423,U0000746,2026-08-28,high,50,连续未登录
CHURN00000424,U0000747,2026-08-28,medium,9,观看时长下降
CHURN00000425,U0000748,2026-08-28,high,102,连续未登录
CHURN00000426,U0000750,2026-08-28,medium,26,连续未登录
CHURN00000427,U0000751,2026-08-28,medium,10,观看时长下降
CHURN00000428,U0000754,2026-08-28,high,104,活跃频次下降
CHURN00000429,U0000755,2026-08-28,medium,23,活跃频次下降
CHURN00000430,U0000757,2026-08-28,high,90,连续未登录
CHURN00000431,U0000758,2026-08-28,high,32,活跃频次下降
CHURN00000432,U0000759,2026-08-28,high,33,连续未登录
CHURN00000433,U0000760,2026-08-28,high,66,连续未登录
CHURN00000434,U0000761,2026-08-28,medium,21,观看时长下降
CHURN00000435,U0000762,2026-08-28,high,91,活跃频次下降
CHURN00000436,U0000763,2026-08-28,high,100,连续未登录
CHURN00000437,U0000766,2026-08-28,medium,8,观看时长下降
CHURN00000438,U0000768,2026-08-28,medium,9,观看时长下降
CHURN00000439,U0000769,2026-08-28,medium,13,活跃频次下降
CHURN00000440,U0000770,2026-08-28,high,39,活跃频次下降
CHURN00000441,U0000772,2026-08-28,high,37,连续未登录
CHURN00000442,U0000775,2026-08-28,high,64,活跃频次下降
CHURN00000443,U0000776,2026-08-28,high,38,连续未登录
CHURN00000444,U0000777,2026-08-28,medium,13,连续未登录
CHURN00000445,U0000778,2026-08-28,medium,20,活跃频次下降
CHURN00000446,U0000780,2026-08-28,high,68,连续未登录
CHURN00000447,U0000781,2026-08-28,high,54,连续未登录
CHURN00000448,U0000782,2026-08-28,high,70,观看时长下降
CHURN00000449,U0000784,2026-08-28,medium,8,活跃频次下降
CHURN00000450,U0000785,2026-08-28,medium,22,连续未登录
CHURN00000451,U0000787,2026-08-28,medium,26,活跃频次下降
CHURN00000452,U0000788,2026-08-28,medium,18,连续未登录
CHURN00000453,U0000789,2026-08-28,medium,20,观看时长下降
CHURN00000454,U0000790,2026-08-28,medium,9,连续未登录
CHURN00000455,U0000795,2026-08-28,high,98,活跃频次下降
CHURN00000456,U0000797,2026-08-28,high,39,连续未登录
CHURN00000457,U0000798,2026-08-28,medium,18,活跃频次下降
CHURN00000458,U0000799,2026-08-28,medium,21,连续未登录
CHURN00000459,U0000800,2026-08-28,medium,12,连续未登录
CHURN00000460,U0000802,2026-08-28,medium,26,活跃频次下降
CHURN00000461,U0000804,2026-08-28,medium,28,观看时长下降
CHURN00000462,U0000806,2026-08-28,medium,12,活跃频次下降
CHURN00000463,U0000807,2026-08-28,medium,30,连续未登录
CHURN00000464,U0000811,2026-08-28,medium,13,观看时长下降
CHURN00000465,U0000812,2026-08-28,high,35,连续未登录
CHURN00000466,U0000813,2026-08-28,medium,10,连续未登录
CHURN00000467,U0000816,2026-08-28,medium,29,活跃频次下降
CHURN00000468,U0000817,2026-08-28,high,43,连续未登录
CHURN00000469,U0000818,2026-08-28,high,133,连续未登录
CHURN00000470,U0000820,2026-08-28,medium,15,连续未登录
CHURN00000471,U0000821,2026-08-28,high,101,连续未登录
CHURN00000472,U0000822,2026-08-28,high,45,观看时长下降
CHURN00000473,U0000824,2026-08-28,medium,22,连续未登录
CHURN00000474,U0000826,2026-08-28,medium,19,连续未登录
CHURN00000475,U0000827,2026-08-28,medium,22,活跃频次下降
CHURN00000476,U0000828,2026-08-28,high,46,连续未登录
CHURN00000477,U0000829,2026-08-28,high,46,连续未登录
CHURN00000478,U0000832,2026-08-28,medium,29,连续未登录
CHURN00000479,U0000833,2026-08-28,medium,8,活跃频次下降
CHURN00000480,U0000835,2026-08-28,medium,27,观看时长下降
CHURN00000481,U0000836,2026-08-28,medium,9,连续未登录
CHURN00000482,U0000838,2026-08-28,high,155,连续未登录
CHURN00000483,U0000840,2026-08-28,medium,10,活跃频次下降
CHURN00000484,U0000842,2026-08-28,high,116,活跃频次下降
CHURN00000485,U0000843,2026-08-28,high,35,连续未登录
CHURN00000486,U0000844,2026-08-28,high,88,连续未登录
CHURN00000487,U0000845,2026-08-28,medium,19,活跃频次下降
CHURN00000488,U0000846,2026-08-28,medium,19,活跃频次下降
CHURN00000489,U0000847,2026-08-28,medium,15,连续未登录
CHURN00000490,U0000849,2026-08-28,high,51,连续未登录
CHURN00000491,U0000850,2026-08-28,high,64,连续未登录
CHURN00000492,U0000851,2026-08-28,high,195,连续未登录
CHURN00000493,U0000855,2026-08-28,high,143,活跃频次下降
CHURN00000494,U0000856,2026-08-28,high,139,连续未登录
CHURN00000495,U0000857,2026-08-28,medium,16,连续未登录
CHURN00000496,U0000859,2026-08-28,medium,11,连续未登录
CHURN00000497,U0000862,2026-08-28,high,172,观看时长下降
CHURN00000498,U0000864,2026-08-28,medium,27,观看时长下降
CHURN00000499,U0000867,2026-08-28,high,78,活跃频次下降
CHURN00000500,U0000868,2026-08-28,medium,26,连续未登录
CHURN00000501,U0000869,2026-08-28,high,49,活跃频次下降
CHURN00000502,U0000870,2026-08-28,high,31,活跃频次下降
CHURN00000503,U0000871,2026-08-28,medium,16,活跃频次下降
CHURN00000504,U0000872,2026-08-28,high,31,观看时长下降
CHURN00000505,U0000873,2026-08-28,medium,26,连续未登录
CHURN00000506,U0000875,2026-08-28,medium,8,观看时长下降
CHURN00000507,U0000878,2026-08-28,high,180,活跃频次下降
CHURN00000508,U0000881,2026-08-28,medium,24,连续未登录
CHURN00000509,U0000887,2026-08-28,high,48,连续未登录
CHURN00000510,U0000888,2026-08-28,medium,24,连续未登录
CHURN00000511,U0000889,2026-08-28,high,52,连续未登录
CHURN00000512,U0000891,2026-08-28,medium,13,活跃频次下降
CHURN00000513,U0000892,2026-08-28,high,47,连续未登录
CHURN00000514,U0000893,2026-08-28,medium,16,观看时长下降
CHURN00000515,U0000895,2026-08-28,medium,24,连续未登录
CHURN00000516,U0000896,2026-08-28,medium,11,活跃频次下降
CHURN00000517,U0000897,2026-08-28,high,75,连续未登录
CHURN00000518,U0000899,2026-08-28,high,31,活跃频次下降
CHURN00000519,U0000902,2026-08-28,high,44,连续未登录
CHURN00000520,U0000904,2026-08-28,medium,21,观看时长下降
CHURN00000521,U0000907,2026-08-28,medium,16,活跃频次下降
CHURN00000522,U0000908,2026-08-28,high,33,连续未登录
CHURN00000523,U0000910,2026-08-28,high,86,观看时长下降
CHURN00000524,U0000913,2026-08-28,medium,27,连续未登录
CHURN00000525,U0000914,2026-08-28,medium,12,活跃频次下降
CHURN00000526,U0000915,2026-08-28,medium,11,观看时长下降
CHURN00000527,U0000916,2026-08-28,medium,28,活跃频次下降
CHURN00000528,U0000917,2026-08-28,high,44,活跃频次下降
CHURN00000529,U0000918,2026-08-28,high,198,活跃频次下降
CHURN00000530,U0000920,2026-08-28,medium,17,观看时长下降
CHURN00000531,U0000921,2026-08-28,high,78,连续未登录
CHURN00000532,U0000923,2026-08-28,medium,8,连续未登录
CHURN00000533,U0000924,2026-08-28,medium,11,观看时长下降
CHURN00000534,U0000925,2026-08-28,high,173,活跃频次下降
CHURN00000535,U0000926,2026-08-28,medium,11,连续未登录
CHURN00000536,U0000927,2026-08-28,medium,18,观看时长下降
CHURN00000537,U0000928,2026-08-28,medium,14,连续未登录
CHURN00000538,U0000929,2026-08-28,medium,29,观看时长下降
CHURN00000539,U0000932,2026-08-28,high,129,观看时长下降
CHURN00000540,U0000933,2026-08-28,medium,16,连续未登录
CHURN00000541,U0000935,2026-08-28,medium,13,连续未登录
CHURN00000542,U0000936,2026-08-28,high,202,观看时长下降
CHURN00000543,U0000939,2026-08-28,high,80,连续未登录
CHURN00000544,U0000941,2026-08-28,high,44,活跃频次下降
CHURN00000545,U0000942,2026-08-28,high,89,活跃频次下降
CHURN00000546,U0000943,2026-08-28,high,199,活跃频次下降
CHURN00000547,U0000946,2026-08-28,medium,19,连续未登录
CHURN00000548,U0000947,2026-08-28,medium,24,连续未登录
CHURN00000549,U0000948,2026-08-28,medium,10,连续未登录
CHURN00000550,U0000949,2026-08-28,medium,24,观看时长下降
CHURN00000551,U0000950,2026-08-28,medium,11,活跃频次下降
CHURN00000552,U0000951,2026-08-28,high,47,连续未登录
CHURN00000553,U0000954,2026-08-28,medium,16,观看时长下降
CHURN00000554,U0000956,2026-08-28,high,32,活跃频次下降
CHURN00000555,U0000957,2026-08-28,medium,8,活跃频次下降
CHURN00000556,U0000958,2026-08-28,high,103,观看时长下降
CHURN00000557,U0000960,2026-08-28,medium,9,观看时长下降
CHURN00000558,U0000962,2026-08-28,medium,8,观看时长下降
CHURN00000559,U0000963,2026-08-28,high,103,连续未登录
CHURN00000560,U0000965,2026-08-28,medium,12,连续未登录
CHURN00000561,U0000966,2026-08-28,high,187,连续未登录
CHURN00000562,U0000967,2026-08-28,medium,20,连续未登录
CHURN00000563,U0000969,2026-08-28,medium,11,活跃频次下降
CHURN00000564,U0000971,2026-08-28,medium,12,观看时长下降
CHURN00000565,U0000972,2026-08-28,medium,8,连续未登录
CHURN00000566,U0000973,2026-08-28,high,74,连续未登录
CHURN00000567,U0000974,2026-08-28,medium,24,连续未登录
CHURN00000568,U0000976,2026-08-28,medium,12,活跃频次下降
CHURN00000569,U0000977,2026-08-28,medium,18,活跃频次下降
CHURN00000570,U0000980,2026-08-28,medium,8,连续未登录
CHURN00000571,U0000981,2026-08-28,medium,22,观看时长下降
CHURN00000572,U0000987,2026-08-28,medium,28,活跃频次下降
CHURN00000573,U0000988,2026-08-28,high,96,观看时长下降
CHURN00000574,U0000991,2026-08-28,medium,12,连续未登录
CHURN00000575,U0000993,2026-08-28,medium,17,观看时长下降
CHURN00000576,U0000994,2026-08-28,medium,13,连续未登录
CHURN00000577,U0000995,2026-08-28,medium,10,活跃频次下降
CHURN00000578,U0000996,2026-08-28,medium,11,观看时长下降
CHURN00000579,U0000997,2026-08-28,high,36,活跃频次下降
CHURN00000580,U0000998,2026-08-28,high,37,连续未登录
CHURN00000581,U0001000,2026-08-28,medium,13,连续未登录
CHURN00000582,U0001001,2026-08-28,high,143,活跃频次下降
CHURN00000583,U0001004,2026-08-28,medium,11,观看时长下降
CHURN00000584,U0001005,2026-08-28,high,32,活跃频次下降
CHURN00000585,U0001006,2026-08-28,high,141,观看时长下降
CHURN00000586,U0001007,2026-08-28,high,38,连续未登录
CHURN00000587,U0001009,2026-08-28,high,123,连续未登录
CHURN00000588,U0001010,2026-08-28,medium,16,连续未登录
CHURN00000589,U0001012,2026-08-28,high,62,连续未登录
CHURN00000590,U0001015,2026-08-28,high,56,连续未登录
CHURN00000591,U0001016,2026-08-28,medium,8,观看时长下降
CHURN00000592,U0001020,2026-08-28,medium,11,连续未登录
CHURN00000593,U0001023,2026-08-28,high,114,连续未登录
CHURN00000594,U0001025,2026-08-28,high,35,活跃频次下降
CHURN00000595,U0001027,2026-08-28,high,84,连续未登录
CHURN00000596,U0001028,2026-08-28,medium,18,活跃频次下降
CHURN00000597,U0001029,2026-08-28,high,110,活跃频次下降
CHURN00000598,U0001031,2026-08-28,medium,9,活跃频次下降
CHURN00000599,U0001035,2026-08-28,medium,23,连续未登录
CHURN00000600,U0001038,2026-08-28,medium,26,连续未登录
CHURN00000601,U0001039,2026-08-28,medium,23,观看时长下降
CHURN00000602,U0001043,2026-08-28,high,71,活跃频次下降
CHURN00000603,U0001044,2026-08-28,medium,19,观看时长下降
CHURN00000604,U0001045,2026-08-28,high,107,连续未登录
CHURN00000605,U0001047,2026-08-28,medium,8,连续未登录
CHURN00000606,U0001048,2026-08-28,high,44,连续未登录
CHURN00000607,U0001050,2026-08-28,medium,12,活跃频次下降
CHURN00000608,U0001052,2026-08-28,high,37,连续未登录
CHURN00000609,U0001054,2026-08-28,high,180,连续未登录
CHURN00000610,U0001055,2026-08-28,medium,9,连续未登录
CHURN00000611,U0001056,2026-08-28,medium,13,观看时长下降
CHURN00000612,U0001057,2026-08-28,medium,19,观看时长下降
CHURN00000613,U0001060,2026-08-28,high,48,观看时长下降
CHURN00000614,U0001061,2026-08-28,medium,22,活跃频次下降
CHURN00000615,U0001063,2026-08-28,high,81,观看时长下降
CHURN00000616,U0001064,2026-08-28,medium,9,连续未登录
CHURN00000617,U0001066,2026-08-28,high,217,连续未登录
CHURN00000618,U0001068,2026-08-28,medium,8,活跃频次下降
CHURN00000619,U0001069,2026-08-28,medium,28,连续未登录
CHURN00000620,U0001070,2026-08-28,medium,21,连续未登录
CHURN00000621,U0001071,2026-08-28,high,32,活跃频次下降
CHURN00000622,U0001074,2026-08-28,medium,14,连续未登录
CHURN00000623,U0001075,2026-08-28,high,201,观看时长下降
CHURN00000624,U0001076,2026-08-28,high,88,观看时长下降
CHURN00000625,U0001078,2026-08-28,high,93,连续未登录
CHURN00000626,U0001079,2026-08-28,medium,8,观看时长下降
CHURN00000627,U0001081,2026-08-28,high,61,连续未登录
CHURN00000628,U0001083,2026-08-28,medium,11,活跃频次下降
CHURN00000629,U0001084,2026-08-28,high,116,观看时长下降
CHURN00000630,U0001085,2026-08-28,high,63,连续未登录
CHURN00000631,U0001086,2026-08-28,medium,9,观看时长下降
CHURN00000632,U0001088,2026-08-28,high,48,连续未登录
CHURN00000633,U0001089,2026-08-28,high,127,连续未登录
CHURN00000634,U0001091,2026-08-28,high,60,连续未登录
CHURN00000635,U0001096,2026-08-28,high,41,连续未登录
CHURN00000636,U0001097,2026-08-28,medium,11,连续未登录
CHURN00000637,U0001098,2026-08-28,high,78,连续未登录
CHURN00000638,U0001099,2026-08-28,high,73,活跃频次下降
CHURN00000639,U0001100,2026-08-28,medium,11,观看时长下降
CHURN00000640,U0001101,2026-08-28,high,68,观看时长下降
CHURN00000641,U0001102,2026-08-28,high,52,连续未登录
CHURN00000642,U0001104,2026-08-28,high,36,活跃频次下降
CHURN00000643,U0001105,2026-08-28,medium,17,连续未登录
CHURN00000644,U0001106,2026-08-28,high,55,活跃频次下降
CHURN00000645,U0001107,2026-08-28,high,90,连续未登录
CHURN00000646,U0001108,2026-08-28,high,49,活跃频次下降
CHURN00000647,U0001110,2026-08-28,high,112,活跃频次下降
CHURN00000648,U0001112,2026-08-28,medium,8,连续未登录
CHURN00000649,U0001114,2026-08-28,high,72,连续未登录
CHURN00000650,U0001119,2026-08-28,high,36,观看时长下降
CHURN00000651,U0001121,2026-08-28,high,65,活跃频次下降
CHURN00000652,U0001122,2026-08-28,high,54,活跃频次下降
CHURN00000653,U0001123,2026-08-28,medium,23,连续未登录
CHURN00000654,U0001124,2026-08-28,high,53,活跃频次下降
CHURN00000655,U0001125,2026-08-28,medium,11,观看时长下降
CHURN00000656,U0001127,2026-08-28,medium,8,观看时长下降
CHURN00000657,U0001129,2026-08-28,medium,12,连续未登录
CHURN00000658,U0001130,2026-08-28,high,62,连续未登录
CHURN00000659,U0001135,2026-08-28,medium,14,活跃频次下降
CHURN00000660,U0001137,2026-08-28,medium,14,连续未登录
CHURN00000661,U0001138,2026-08-28,medium,10,活跃频次下降
CHURN00000662,U0001139,2026-08-28,medium,27,观看时长下降
CHURN00000663,U0001140,2026-08-28,medium,14,连续未登录
CHURN00000664,U0001141,2026-08-28,medium,14,连续未登录
CHURN00000665,U0001142,2026-08-28,medium,15,连续未登录
CHURN00000666,U0001147,2026-08-28,high,56,活跃频次下降
CHURN00000667,U0001148,2026-08-28,medium,8,连续未登录
CHURN00000668,U0001149,2026-08-28,high,98,活跃频次下降
CHURN00000669,U0001150,2026-08-28,high,44,观看时长下降
CHURN00000670,U0001151,2026-08-28,medium,8,连续未登录
CHURN00000671,U0001152,2026-08-28,high,44,连续未登录
CHURN00000672,U0001155,2026-08-28,high,37,活跃频次下降
CHURN00000673,U0001160,2026-08-28,high,185,活跃频次下降
CHURN00000674,U0001162,2026-08-28,medium,8,活跃频次下降
CHURN00000675,U0001163,2026-08-28,medium,18,活跃频次下降
CHURN00000676,U0001165,2026-08-28,high,79,活跃频次下降
CHURN00000677,U0001167,2026-08-28,medium,16,活跃频次下降
CHURN00000678,U0001169,2026-08-28,high,37,活跃频次下降
CHURN00000679,U0001171,2026-08-28,medium,12,连续未登录
CHURN00000680,U0001172,2026-08-28,high,121,观看时长下降
CHURN00000681,U0001175,2026-08-28,medium,27,活跃频次下降
CHURN00000682,U0001176,2026-08-28,medium,17,观看时长下降
CHURN00000683,U0001177,2026-08-28,high,44,观看时长下降
CHURN00000684,U0001180,2026-08-28,medium,11,连续未登录
CHURN00000685,U0001181,2026-08-28,medium,8,观看时长下降
CHURN00000686,U0001185,2026-08-28,high,38,连续未登录
CHURN00000687,U0001186,2026-08-28,high,52,连续未登录
CHURN00000688,U0001187,2026-08-28,high,171,活跃频次下降
CHURN00000689,U0001188,2026-08-28,high,182,连续未登录
CHURN00000690,U0001189,2026-08-28,medium,10,活跃频次下降
CHURN00000691,U0001190,2026-08-28,medium,21,活跃频次下降
CHURN00000692,U0001191,2026-08-28,medium,23,活跃频次下降
CHURN00000693,U0001192,2026-08-28,high,60,活跃频次下降
CHURN00000694,U0001194,2026-08-28,high,64,活跃频次下降
CHURN00000695,U0001195,2026-08-28,high,110,连续未登录
CHURN00000696,U0001196,2026-08-28,medium,22,活跃频次下降
CHURN00000697,U0001198,2026-08-28,medium,9,连续未登录
CHURN00000698,U0001199,2026-08-28,high,42,活跃频次下降
CHURN00000699,U0001202,2026-08-28,high,31,连续未登录
CHURN00000700,U0001204,2026-08-28,medium,30,连续未登录
CHURN00000701,U0001205,2026-08-28,high,31,连续未登录
CHURN00000702,U0001206,2026-08-28,high,142,连续未登录
CHURN00000703,U0001208,2026-08-28,high,35,连续未登录
CHURN00000704,U0001210,2026-08-28,high,108,活跃频次下降
CHURN00000705,U0001211,2026-08-28,medium,13,活跃频次下降
CHURN00000706,U0001213,2026-08-28,high,42,活跃频次下降
CHURN00000707,U0001216,2026-08-28,medium,16,活跃频次下降
CHURN00000708,U0001218,2026-08-28,high,46,连续未登录
CHURN00000709,U0001221,2026-08-28,high,42,连续未登录
CHURN00000710,U0001223,2026-08-28,medium,10,连续未登录
CHURN00000711,U0001224,2026-08-28,medium,11,观看时长下降
CHURN00000712,U0001225,2026-08-28,medium,11,连续未登录
CHURN00000713,U0001226,2026-08-28,medium,16,连续未登录
CHURN00000714,U0001227,2026-08-28,high,67,连续未登录
CHURN00000715,U0001229,2026-08-28,high,31,连续未登录
CHURN00000716,U0001230,2026-08-28,medium,15,连续未登录
CHURN00000717,U0001231,2026-08-28,medium,8,观看时长下降
CHURN00000718,U0001232,2026-08-28,medium,16,连续未登录
CHURN00000719,U0001233,2026-08-28,medium,17,连续未登录
CHURN00000720,U0001235,2026-08-28,high,53,观看时长下降
CHURN00000721,U0001236,2026-08-28,high,39,连续未登录
CHURN00000722,U0001237,2026-08-28,medium,17,活跃频次下降
CHURN00000723,U0001238,2026-08-28,high,111,连续未登录
CHURN00000724,U0001243,2026-08-28,medium,11,活跃频次下降
CHURN00000725,U0001244,2026-08-28,medium,19,活跃频次下降
CHURN00000726,U0001246,2026-08-28,medium,12,连续未登录
CHURN00000727,U0001248,2026-08-28,medium,11,连续未登录
CHURN00000728,U0001253,2026-08-28,medium,15,连续未登录
CHURN00000729,U0001254,2026-08-28,medium,8,活跃频次下降
CHURN00000730,U0001255,2026-08-28,medium,24,连续未登录
CHURN00000731,U0001256,2026-08-28,medium,9,活跃频次下降
CHURN00000732,U0001257,2026-08-28,high,35,活跃频次下降
CHURN00000733,U0001258,2026-08-28,high,105,活跃频次下降
CHURN00000734,U0001261,2026-08-28,high,50,观看时长下降
CHURN00000735,U0001262,2026-08-28,high,64,连续未登录
CHURN00000736,U0001264,2026-08-28,high,108,连续未登录
CHURN00000737,U0001266,2026-08-28,medium,26,连续未登录
CHURN00000738,U0001267,2026-08-28,high,52,活跃频次下降
CHURN00000739,U0001268,2026-08-28,medium,11,活跃频次下降
CHURN00000740,U0001270,2026-08-28,high,75,活跃频次下降
CHURN00000741,U0001273,2026-08-28,medium,15,连续未登录
CHURN00000742,U0001274,2026-08-28,medium,22,观看时长下降
CHURN00000743,U0001275,2026-08-28,high,233,观看时长下降
CHURN00000744,U0001278,2026-08-28,medium,8,活跃频次下降
CHURN00000745,U0001279,2026-08-28,medium,8,活跃频次下降
CHURN00000746,U0001283,2026-08-28,high,95,活跃频次下降
CHURN00000747,U0001284,2026-08-28,high,154,活跃频次下降
CHURN00000748,U0001285,2026-08-28,high,66,连续未登录
CHURN00000749,U0001286,2026-08-28,medium,9,活跃频次下降
CHURN00000750,U0001290,2026-08-28,high,61,连续未登录
CHURN00000751,U0001291,2026-08-28,medium,27,观看时长下降
CHURN00000752,U0001292,2026-08-28,high,60,活跃频次下降
CHURN00000753,U0001293,2026-08-28,high,116,连续未登录
CHURN00000754,U0001294,2026-08-28,medium,8,活跃频次下降
CHURN00000755,U0001295,2026-08-28,medium,24,活跃频次下降
CHURN00000756,U0001296,2026-08-28,high,67,活跃频次下降
CHURN00000757,U0001304,2026-08-28,medium,9,连续未登录
CHURN00000758,U0001306,2026-08-28,high,35,活跃频次下降
CHURN00000759,U0001307,2026-08-28,medium,14,连续未登录
CHURN00000760,U0001308,2026-08-28,high,112,活跃频次下降
CHURN00000761,U0001309,2026-08-28,medium,11,连续未登录
CHURN00000762,U0001310,2026-08-28,medium,11,连续未登录
CHURN00000763,U0001311,2026-08-28,medium,8,观看时长下降
CHURN00000764,U0001312,2026-08-28,high,134,连续未登录
CHURN00000765,U0001315,2026-08-28,high,58,活跃频次下降
CHURN00000766,U0001319,2026-08-28,high,145,连续未登录
CHURN00000767,U0001320,2026-08-28,medium,26,观看时长下降
CHURN00000768,U0001322,2026-08-28,medium,30,活跃频次下降
CHURN00000769,U0001323,2026-08-28,medium,20,连续未登录
CHURN00000770,U0001324,2026-08-28,medium,10,活跃频次下降
CHURN00000771,U0001325,2026-08-28,high,34,活跃频次下降
CHURN00000772,U0001332,2026-08-28,medium,12,活跃频次下降
CHURN00000773,U0001333,2026-08-28,medium,27,连续未登录
CHURN00000774,U0001337,2026-08-28,high,113,观看时长下降
CHURN00000775,U0001340,2026-08-28,high,119,连续未登录
CHURN00000776,U0001343,2026-08-28,medium,14,连续未登录
CHURN00000777,U0001345,2026-08-28,high,44,连续未登录
CHURN00000778,U0001346,2026-08-28,high,34,连续未登录
CHURN00000779,U0001351,2026-08-28,medium,16,观看时长下降
CHURN00000780,U0001353,2026-08-28,medium,27,活跃频次下降
CHURN00000781,U0001354,2026-08-28,high,36,活跃频次下降
CHURN00000782,U0001357,2026-08-28,high,69,观看时长下降
CHURN00000783,U0001358,2026-08-28,medium,8,活跃频次下降
CHURN00000784,U0001361,2026-08-28,high,51,连续未登录
CHURN00000785,U0001362,2026-08-28,medium,10,连续未登录
CHURN00000786,U0001366,2026-08-28,high,40,活跃频次下降
CHURN00000787,U0001368,2026-08-28,medium,13,活跃频次下降
CHURN00000788,U0001370,2026-08-28,medium,10,连续未登录
CHURN00000789,U0001371,2026-08-28,medium,10,连续未登录
CHURN00000790,U0001372,2026-08-28,medium,16,观看时长下降
CHURN00000791,U0001376,2026-08-28,high,48,连续未登录
CHURN00000792,U0001378,2026-08-28,medium,10,观看时长下降
CHURN00000793,U0001379,2026-08-28,medium,22,活跃频次下降
CHURN00000794,U0001380,2026-08-28,medium,10,连续未登录
CHURN00000795,U0001381,2026-08-28,medium,8,连续未登录
CHURN00000796,U0001382,2026-08-28,medium,18,连续未登录
CHURN00000797,U0001383,2026-08-28,medium,13,连续未登录
CHURN00000798,U0001385,2026-08-28,medium,19,连续未登录
CHURN00000799,U0001386,2026-08-28,medium,26,连续未登录
CHURN00000800,U0001387,2026-08-28,medium,14,活跃频次下降
CHURN00000801,U0001388,2026-08-28,medium,14,活跃频次下降
CHURN00000802,U0001389,2026-08-28,medium,25,连续未登录
CHURN00000803,U0001390,2026-08-28,medium,20,连续未登录
CHURN00000804,U0001394,2026-08-28,high,39,连续未登录
CHURN00000805,U0001395,2026-08-28,high,37,连续未登录
CHURN00000806,U0001396,2026-08-28,medium,8,连续未登录
CHURN00000807,U0001397,2026-08-28,high,161,活跃频次下降
CHURN00000808,U0001400,2026-08-28,medium,22,活跃频次下降
CHURN00000809,U0001403,2026-08-28,high,131,活跃频次下降
CHURN00000810,U0001404,2026-08-28,medium,8,观看时长下降
CHURN00000811,U0001406,2026-08-28,high,76,观看时长下降
CHURN00000812,U0001407,2026-08-28,high,64,活跃频次下降
CHURN00000813,U0001409,2026-08-28,medium,12,连续未登录
CHURN00000814,U0001411,2026-08-28,high,51,连续未登录
CHURN00000815,U0001412,2026-08-28,high,35,连续未登录
CHURN00000816,U0001415,2026-08-28,medium,26,活跃频次下降
CHURN00000817,U0001416,2026-08-28,high,72,活跃频次下降
CHURN00000818,U0001419,2026-08-28,high,57,观看时长下降
CHURN00000819,U0001422,2026-08-28,medium,20,活跃频次下降
CHURN00000820,U0001423,2026-08-28,high,36,连续未登录
CHURN00000821,U0001424,2026-08-28,high,124,连续未登录
CHURN00000822,U0001428,2026-08-28,high,101,活跃频次下降
CHURN00000823,U0001429,2026-08-28,high,171,活跃频次下降
CHURN00000824,U0001432,2026-08-28,medium,25,活跃频次下降
CHURN00000825,U0001433,2026-08-28,high,146,观看时长下降
CHURN00000826,U0001435,2026-08-28,medium,8,观看时长下降
CHURN00000827,U0001437,2026-08-28,high,38,连续未登录
CHURN00000828,U0001438,2026-08-28,high,106,活跃频次下降
CHURN00000829,U0001439,2026-08-28,high,35,活跃频次下降
CHURN00000830,U0001440,2026-08-28,medium,10,活跃频次下降
CHURN00000831,U0001444,2026-08-28,high,116,连续未登录
CHURN00000832,U0001447,2026-08-28,high,56,连续未登录
CHURN00000833,U0001448,2026-08-28,medium,14,观看时长下降
CHURN00000834,U0001450,2026-08-28,medium,8,连续未登录
CHURN00000835,U0001452,2026-08-28,medium,14,活跃频次下降
CHURN00000836,U0001453,2026-08-28,high,76,观看时长下降
CHURN00000837,U0001454,2026-08-28,high,50,活跃频次下降
CHURN00000838,U0001456,2026-08-28,high,56,观看时长下降
CHURN00000839,U0001457,2026-08-28,medium,11,连续未登录
CHURN00000840,U0001458,2026-08-28,medium,9,连续未登录
CHURN00000841,U0001459,2026-08-28,high,36,活跃频次下降
CHURN00000842,U0001460,2026-08-28,high,48,活跃频次下降
CHURN00000843,U0001461,2026-08-28,high,102,连续未登录
CHURN00000844,U0001465,2026-08-28,medium,8,观看时长下降
CHURN00000845,U0001467,2026-08-28,high,36,连续未登录
CHURN00000846,U0001469,2026-08-28,high,57,连续未登录
CHURN00000847,U0001471,2026-08-28,high,38,观看时长下降
CHURN00000848,U0001472,2026-08-28,medium,13,活跃频次下降
CHURN00000849,U0001473,2026-08-28,medium,11,连续未登录
CHURN00000850,U0001475,2026-08-28,medium,15,活跃频次下降
CHURN00000851,U0001476,2026-08-28,medium,8,连续未登录
CHURN00000852,U0001477,2026-08-28,high,52,连续未登录
CHURN00000853,U0001480,2026-08-28,medium,20,连续未登录
CHURN00000854,U0001482,2026-08-28,medium,12,活跃频次下降
CHURN00000855,U0001483,2026-08-28,high,120,连续未登录
CHURN00000856,U0001484,2026-08-28,high,120,活跃频次下降
CHURN00000857,U0001485,2026-08-28,medium,16,活跃频次下降
CHURN00000858,U0001487,2026-08-28,medium,26,连续未登录
CHURN00000859,U0001488,2026-08-28,high,33,活跃频次下降
CHURN00000860,U0001489,2026-08-28,high,154,观看时长下降
CHURN00000861,U0001490,2026-08-28,high,34,连续未登录
CHURN00000862,U0001491,2026-08-28,high,83,连续未登录
CHURN00000863,U0001493,2026-08-28,medium,25,观看时长下降
CHURN00000864,U0001494,2026-08-28,high,99,活跃频次下降
CHURN00000865,U0001495,2026-08-28,high,109,连续未登录
CHURN00000866,U0001496,2026-08-28,medium,8,连续未登录
CHURN00000867,U0001497,2026-08-28,high,92,观看时长下降
CHURN00000868,U0001500,2026-08-28,high,34,连续未登录
CHURN00000869,U0001501,2026-08-28,high,66,活跃频次下降
CHURN00000870,U0001502,2026-08-28,high,41,连续未登录
CHURN00000871,U0001507,2026-08-28,medium,25,连续未登录
CHURN00000872,U0001508,2026-08-28,high,83,连续未登录
CHURN00000873,U0001509,2026-08-28,high,37,连续未登录
CHURN00000874,U0001510,2026-08-28,high,152,活跃频次下降
CHURN00000875,U0001512,2026-08-28,high,31,活跃频次下降
CHURN00000876,U0001514,2026-08-28,high,31,活跃频次下降
CHURN00000877,U0001515,2026-08-28,medium,28,活跃频次下降
CHURN00000878,U0001516,2026-08-28,high,45,活跃频次下降
CHURN00000879,U0001517,2026-08-28,high,35,观看时长下降
CHURN00000880,U0001518,2026-08-28,high,180,活跃频次下降
CHURN00000881,U0001519,2026-08-28,medium,12,连续未登录
CHURN00000882,U0001520,2026-08-28,high,42,连续未登录
CHURN00000883,U0001522,2026-08-28,medium,9,连续未登录
CHURN00000884,U0001523,2026-08-28,high,50,观看时长下降
CHURN00000885,U0001524,2026-08-28,medium,29,连续未登录
CHURN00000886,U0001525,2026-08-28,high,131,连续未登录
CHURN00000887,U0001527,2026-08-28,high,56,观看时长下降
CHURN00000888,U0001530,2026-08-28,medium,9,连续未登录
CHURN00000889,U0001532,2026-08-28,medium,26,连续未登录
CHURN00000890,U0001534,2026-08-28,high,66,活跃频次下降
CHURN00000891,U0001535,2026-08-28,medium,9,活跃频次下降
CHURN00000892,U0001537,2026-08-28,medium,28,活跃频次下降
CHURN00000893,U0001538,2026-08-28,high,38,观看时长下降
CHURN00000894,U0001539,2026-08-28,medium,13,活跃频次下降
CHURN00000895,U0001540,2026-08-28,high,40,连续未登录
CHURN00000896,U0001541,2026-08-28,medium,27,连续未登录
CHURN00000897,U0001544,2026-08-28,medium,10,连续未登录
CHURN00000898,U0001546,2026-08-28,high,31,观看时长下降
CHURN00000899,U0001549,2026-08-28,high,104,观看时长下降
CHURN00000900,U0001551,2026-08-28,high,141,观看时长下降
CHURN00000901,U0001552,2026-08-28,medium,11,连续未登录
CHURN00000902,U0001553,2026-08-28,medium,26,活跃频次下降
CHURN00000903,U0001554,2026-08-28,medium,8,活跃频次下降
CHURN00000904,U0001556,2026-08-28,high,85,活跃频次下降
CHURN00000905,U0001557,2026-08-28,medium,24,连续未登录
CHURN00000906,U0001558,2026-08-28,medium,13,连续未登录
CHURN00000907,U0001559,2026-08-28,high,90,观看时长下降
CHURN00000908,U0001561,2026-08-28,high,74,观看时长下降
CHURN00000909,U0001564,2026-08-28,medium,20,活跃频次下降
CHURN00000910,U0001569,2026-08-28,high,45,连续未登录
CHURN00000911,U0001570,2026-08-28,medium,15,活跃频次下降
CHURN00000912,U0001571,2026-08-28,high,39,观看时长下降
CHURN00000913,U0001573,2026-08-28,high,47,观看时长下降
CHURN00000914,U0001577,2026-08-28,medium,8,活跃频次下降
CHURN00000915,U0001578,2026-08-28,medium,21,连续未登录
CHURN00000916,U0001579,2026-08-28,medium,10,观看时长下降
CHURN00000917,U0001580,2026-08-28,medium,20,连续未登录
CHURN00000918,U0001581,2026-08-28,high,83,连续未登录
CHURN00000919,U0001582,2026-08-28,medium,9,连续未登录
CHURN00000920,U0001586,2026-08-28,medium,22,连续未登录
CHURN00000921,U0001587,2026-08-28,medium,9,连续未登录
CHURN00000922,U0001588,2026-08-28,medium,8,连续未登录
CHURN00000923,U0001593,2026-08-28,high,55,活跃频次下降
CHURN00000924,U0001594,2026-08-28,high,32,观看时长下降
CHURN00000925,U0001595,2026-08-28,high,137,连续未登录
CHURN00000926,U0001596,2026-08-28,medium,11,连续未登录
CHURN00000927,U0001597,2026-08-28,medium,25,观看时长下降
CHURN00000928,U0001600,2026-08-28,high,92,活跃频次下降
CHURN00000929,U0001601,2026-08-28,medium,9,活跃频次下降
CHURN00000930,U0001604,2026-08-28,medium,12,活跃频次下降
CHURN00000931,U0001605,2026-08-28,medium,19,观看时长下降
CHURN00000932,U0001606,2026-08-28,medium,8,观看时长下降
CHURN00000933,U0001608,2026-08-28,medium,8,连续未登录
CHURN00000934,U0001609,2026-08-28,high,192,观看时长下降
CHURN00000935,U0001610,2026-08-28,medium,30,活跃频次下降
CHURN00000936,U0001611,2026-08-28,medium,14,活跃频次下降
CHURN00000937,U0001612,2026-08-28,medium,27,活跃频次下降
CHURN00000938,U0001613,2026-08-28,medium,8,连续未登录
CHURN00000939,U0001614,2026-08-28,medium,19,观看时长下降
CHURN00000940,U0001615,2026-08-28,medium,10,活跃频次下降
CHURN00000941,U0001616,2026-08-28,medium,10,连续未登录
CHURN00000942,U0001621,2026-08-28,medium,16,连续未登录
CHURN00000943,U0001622,2026-08-28,medium,10,连续未登录
CHURN00000944,U0001624,2026-08-28,medium,8,连续未登录
CHURN00000945,U0001627,2026-08-28,medium,9,观看时长下降
CHURN00000946,U0001628,2026-08-28,high,47,活跃频次下降
CHURN00000947,U0001630,2026-08-28,medium,12,连续未登录
CHURN00000948,U0001631,2026-08-28,high,31,连续未登录
CHURN00000949,U0001633,2026-08-28,medium,8,观看时长下降
CHURN00000950,U0001634,2026-08-28,medium,25,观看时长下降
CHURN00000951,U0001636,2026-08-28,high,122,连续未登录
CHURN00000952,U0001637,2026-08-28,medium,23,活跃频次下降
CHURN00000953,U0001638,2026-08-28,medium,8,活跃频次下降
CHURN00000954,U0001645,2026-08-28,medium,29,连续未登录
CHURN00000955,U0001647,2026-08-28,high,33,活跃频次下降
CHURN00000956,U0001648,2026-08-28,medium,18,连续未登录
CHURN00000957,U0001649,2026-08-28,medium,26,活跃频次下降
CHURN00000958,U0001650,2026-08-28,high,32,活跃频次下降
CHURN00000959,U0001652,2026-08-28,medium,10,活跃频次下降
CHURN00000960,U0001653,2026-08-28,medium,17,连续未登录
CHURN00000961,U0001655,2026-08-28,medium,8,观看时长下降
CHURN00000962,U0001656,2026-08-28,high,70,观看时长下降
CHURN00000963,U0001657,2026-08-28,medium,9,观看时长下降
CHURN00000964,U0001660,2026-08-28,high,38,活跃频次下降
CHURN00000965,U0001661,2026-08-28,medium,18,活跃频次下降
CHURN00000966,U0001663,2026-08-28,high,70,活跃频次下降
CHURN00000967,U0001666,2026-08-28,medium,9,观看时长下降
CHURN00000968,U0001667,2026-08-28,medium,22,连续未登录
CHURN00000969,U0001669,2026-08-28,medium,13,连续未登录
CHURN00000970,U0001670,2026-08-28,medium,23,观看时长下降
CHURN00000971,U0001671,2026-08-28,high,83,活跃频次下降
CHURN00000972,U0001672,2026-08-28,medium,27,观看时长下降
CHURN00000973,U0001673,2026-08-28,high,83,连续未登录
CHURN00000974,U0001674,2026-08-28,high,92,活跃频次下降
CHURN00000975,U0001675,2026-08-28,medium,9,活跃频次下降
CHURN00000976,U0001676,2026-08-28,high,64,活跃频次下降
CHURN00000977,U0001677,2026-08-28,high,34,观看时长下降
CHURN00000978,U0001678,2026-08-28,medium,12,活跃频次下降
CHURN00000979,U0001679,2026-08-28,medium,8,观看时长下降
CHURN00000980,U0001680,2026-08-28,medium,8,观看时长下降
CHURN00000981,U0001681,2026-08-28,high,73,活跃频次下降
CHURN00000982,U0001682,2026-08-28,medium,24,活跃频次下降
CHURN00000983,U0001684,2026-08-28,medium,16,活跃频次下降
CHURN00000984,U0001687,2026-08-28,high,111,活跃频次下降
CHURN00000985,U0001689,2026-08-28,medium,9,连续未登录
CHURN00000986,U0001690,2026-08-28,medium,20,活跃频次下降
CHURN00000987,U0001697,2026-08-28,medium,8,活跃频次下降
CHURN00000988,U0001698,2026-08-28,medium,17,连续未登录
CHURN00000989,U0001699,2026-08-28,high,46,观看时长下降
CHURN00000990,U0001700,2026-08-28,high,51,连续未登录
CHURN00000991,U0001702,2026-08-28,high,49,观看时长下降
CHURN00000992,U0001703,2026-08-28,high,105,连续未登录
CHURN00000993,U0001705,2026-08-28,high,39,观看时长下降
CHURN00000994,U0001706,2026-08-28,high,33,连续未登录
CHURN00000995,U0001707,2026-08-28,high,89,连续未登录
CHURN00000996,U0001708,2026-08-28,medium,17,活跃频次下降
CHURN00000997,U0001710,2026-08-28,high,49,连续未登录
CHURN00000998,U0001712,2026-08-28,high,72,连续未登录
CHURN00000999,U0001713,2026-08-28,medium,9,连续未登录
CHURN00001000,U0001714,2026-08-28,medium,11,活跃频次下降
CHURN00001001,U0001715,2026-08-28,medium,10,连续未登录
CHURN00001002,U0001716,2026-08-28,high,31,活跃频次下降
CHURN00001003,U0001718,2026-08-28,high,76,观看时长下降
CHURN00001004,U0001719,2026-08-28,medium,16,连续未登录
CHURN00001005,U0001720,2026-08-28,medium,25,活跃频次下降
CHURN00001006,U0001721,2026-08-28,high,38,活跃频次下降
CHURN00001007,U0001722,2026-08-28,high,46,连续未登录
CHURN00001008,U0001723,2026-08-28,medium,13,观看时长下降
CHURN00001009,U0001724,2026-08-28,high,31,连续未登录
CHURN00001010,U0001725,2026-08-28,high,59,观看时长下降
CHURN00001011,U0001726,2026-08-28,medium,30,连续未登录
CHURN00001012,U0001728,2026-08-28,medium,8,连续未登录
CHURN00001013,U0001730,2026-08-28,high,50,连续未登录
CHURN00001014,U0001731,2026-08-28,high,37,连续未登录
CHURN00001015,U0001732,2026-08-28,medium,8,观看时长下降
CHURN00001016,U0001737,2026-08-28,medium,8,活跃频次下降
CHURN00001017,U0001738,2026-08-28,high,120,连续未登录
CHURN00001018,U0001740,2026-08-28,high,80,连续未登录
CHURN00001019,U0001741,2026-08-28,high,32,活跃频次下降
CHURN00001020,U0001742,2026-08-28,high,61,活跃频次下降
CHURN00001021,U0001744,2026-08-28,high,76,连续未登录
CHURN00001022,U0001745,2026-08-28,medium,23,活跃频次下降
CHURN00001023,U0001746,2026-08-28,high,81,观看时长下降
CHURN00001024,U0001748,2026-08-28,medium,10,活跃频次下降
CHURN00001025,U0001751,2026-08-28,high,207,连续未登录
CHURN00001026,U0001754,2026-08-28,high,110,连续未登录
CHURN00001027,U0001755,2026-08-28,medium,21,观看时长下降
CHURN00001028,U0001756,2026-08-28,high,39,观看时长下降
CHURN00001029,U0001757,2026-08-28,medium,27,连续未登录
CHURN00001030,U0001758,2026-08-28,medium,19,连续未登录
CHURN00001031,U0001760,2026-08-28,medium,20,活跃频次下降
CHURN00001032,U0001761,2026-08-28,medium,17,观看时长下降
CHURN00001033,U0001763,2026-08-28,high,100,观看时长下降
CHURN00001034,U0001764,2026-08-28,medium,26,连续未登录
CHURN00001035,U0001765,2026-08-28,medium,8,连续未登录
CHURN00001036,U0001766,2026-08-28,medium,12,连续未登录
CHURN00001037,U0001767,2026-08-28,medium,22,观看时长下降
CHURN00001038,U0001768,2026-08-28,medium,19,观看时长下降
CHURN00001039,U0001769,2026-08-28,high,77,连续未登录
CHURN00001040,U0001771,2026-08-28,high,34,连续未登录
CHURN00001041,U0001772,2026-08-28,medium,15,连续未登录
CHURN00001042,U0001773,2026-08-28,high,144,活跃频次下降
CHURN00001043,U0001774,2026-08-28,high,91,观看时长下降
CHURN00001044,U0001775,2026-08-28,medium,8,活跃频次下降
CHURN00001045,U0001777,2026-08-28,medium,10,观看时长下降
CHURN00001046,U0001778,2026-08-28,high,46,连续未登录
CHURN00001047,U0001779,2026-08-28,medium,13,观看时长下降
CHURN00001048,U0001780,2026-08-28,high,39,活跃频次下降
CHURN00001049,U0001781,2026-08-28,medium,20,活跃频次下降
CHURN00001050,U0001782,2026-08-28,high,38,活跃频次下降
CHURN00001051,U0001783,2026-08-28,high,47,观看时长下降
CHURN00001052,U0001785,2026-08-28,medium,29,连续未登录
CHURN00001053,U0001787,2026-08-28,medium,21,连续未登录
CHURN00001054,U0001788,2026-08-28,medium,14,连续未登录
CHURN00001055,U0001789,2026-08-28,high,67,连续未登录
CHURN00001056,U0001790,2026-08-28,high,112,活跃频次下降
CHURN00001057,U0001791,2026-08-28,medium,28,观看时长下降
CHURN00001058,U0001793,2026-08-28,medium,8,活跃频次下降
CHURN00001059,U0001795,2026-08-28,high,38,活跃频次下降
CHURN00001060,U0001796,2026-08-28,medium,9,连续未登录
CHURN00001061,U0001798,2026-08-28,high,161,活跃频次下降
CHURN00001062,U0001800,2026-08-28,medium,9,观看时长下降
CHURN00001063,U0001802,2026-08-28,high,119,活跃频次下降
CHURN00001064,U0001804,2026-08-28,medium,19,活跃频次下降
CHURN00001065,U0001805,2026-08-28,high,55,观看时长下降
CHURN00001066,U0001810,2026-08-28,medium,14,活跃频次下降
CHURN00001067,U0001812,2026-08-28,medium,15,观看时长下降
CHURN00001068,U0001813,2026-08-28,high,101,活跃频次下降
CHURN00001069,U0001816,2026-08-28,high,37,连续未登录
CHURN00001070,U0001819,2026-08-28,medium,12,观看时长下降
CHURN00001071,U0001820,2026-08-28,medium,19,连续未登录
CHURN00001072,U0001821,2026-08-28,medium,11,连续未登录
CHURN00001073,U0001827,2026-08-28,medium,10,连续未登录
CHURN00001074,U0001828,2026-08-28,medium,21,连续未登录
CHURN00001075,U0001830,2026-08-28,medium,11,连续未登录
CHURN00001076,U0001831,2026-08-28,medium,18,连续未登录
CHURN00001077,U0001832,2026-08-28,high,57,观看时长下降
CHURN00001078,U0001833,2026-08-28,medium,24,活跃频次下降
CHURN00001079,U0001836,2026-08-28,high,92,活跃频次下降
CHURN00001080,U0001838,2026-08-28,medium,8,观看时长下降
CHURN00001081,U0001839,2026-08-28,high,45,活跃频次下降
CHURN00001082,U0001840,2026-08-28,high,38,观看时长下降
CHURN00001083,U0001841,2026-08-28,medium,16,观看时长下降
CHURN00001084,U0001842,2026-08-28,medium,19,连续未登录
CHURN00001085,U0001845,2026-08-28,high,34,连续未登录
CHURN00001086,U0001846,2026-08-28,high,56,活跃频次下降
CHURN00001087,U0001850,2026-08-28,medium,10,连续未登录
CHURN00001088,U0001852,2026-08-28,medium,23,观看时长下降
CHURN00001089,U0001853,2026-08-28,medium,24,观看时长下降
CHURN00001090,U0001854,2026-08-28,high,72,观看时长下降
CHURN00001091,U0001856,2026-08-28,medium,23,活跃频次下降
CHURN00001092,U0001857,2026-08-28,medium,15,活跃频次下降
CHURN00001093,U0001859,2026-08-28,high,42,连续未登录
CHURN00001094,U0001860,2026-08-28,medium,28,连续未登录
CHURN00001095,U0001861,2026-08-28,medium,21,连续未登录
CHURN00001096,U0001862,2026-08-28,medium,10,活跃频次下降
CHURN00001097,U0001864,2026-08-28,medium,16,活跃频次下降
CHURN00001098,U0001865,2026-08-28,medium,14,连续未登录
CHURN00001099,U0001866,2026-08-28,medium,12,观看时长下降
CHURN00001100,U0001867,2026-08-28,medium,8,观看时长下降
CHURN00001101,U0001868,2026-08-28,medium,9,观看时长下降
CHURN00001102,U0001869,2026-08-28,high,56,连续未登录
CHURN00001103,U0001870,2026-08-28,high,43,连续未登录
CHURN00001104,U0001872,2026-08-28,high,162,活跃频次下降
CHURN00001105,U0001873,2026-08-28,high,63,连续未登录
CHURN00001106,U0001874,2026-08-28,high,38,观看时长下降
CHURN00001107,U0001879,2026-08-28,medium,10,活跃频次下降
CHURN00001108,U0001881,2026-08-28,medium,14,连续未登录
CHURN00001109,U0001882,2026-08-28,high,81,活跃频次下降
CHURN00001110,U0001883,2026-08-28,medium,19,连续未登录
CHURN00001111,U0001884,2026-08-28,high,48,观看时长下降
CHURN00001112,U0001885,2026-08-28,medium,24,观看时长下降
CHURN00001113,U0001886,2026-08-28,medium,19,活跃频次下降
CHURN00001114,U0001888,2026-08-28,medium,17,连续未登录
CHURN00001115,U0001892,2026-08-28,high,55,连续未登录
CHURN00001116,U0001894,2026-08-28,medium,12,活跃频次下降
CHURN00001117,U0001895,2026-08-28,high,51,活跃频次下降
CHURN00001118,U0001899,2026-08-28,medium,14,连续未登录
CHURN00001119,U0001900,2026-08-28,medium,15,活跃频次下降
CHURN00001120,U0001901,2026-08-28,high,40,观看时长下降
CHURN00001121,U0001903,2026-08-28,high,94,活跃频次下降
CHURN00001122,U0001906,2026-08-28,medium,8,活跃频次下降
CHURN00001123,U0001908,2026-08-28,medium,8,连续未登录
CHURN00001124,U0001909,2026-08-28,high,66,观看时长下降
CHURN00001125,U0001910,2026-08-28,medium,9,观看时长下降
CHURN00001126,U0001911,2026-08-28,medium,12,活跃频次下降
CHURN00001127,U0001912,2026-08-28,medium,14,观看时长下降
CHURN00001128,U0001914,2026-08-28,high,85,观看时长下降
CHURN00001129,U0001916,2026-08-28,high,49,活跃频次下降
CHURN00001130,U0001917,2026-08-28,high,42,活跃频次下降
CHURN00001131,U0001918,2026-08-28,high,47,活跃频次下降
CHURN00001132,U0001919,2026-08-28,high,129,活跃频次下降
CHURN00001133,U0001921,2026-08-28,high,48,活跃频次下降
CHURN00001134,U0001922,2026-08-28,high,220,连续未登录
CHURN00001135,U0001923,2026-08-28,high,64,活跃频次下降
CHURN00001136,U0001925,2026-08-28,medium,27,观看时长下降
CHURN00001137,U0001926,2026-08-28,high,71,活跃频次下降
CHURN00001138,U0001929,2026-08-28,high,88,活跃频次下降
CHURN00001139,U0001930,2026-08-28,high,43,观看时长下降
CHURN00001140,U0001933,2026-08-28,medium,12,活跃频次下降
CHURN00001141,U0001935,2026-08-28,high,152,活跃频次下降
CHURN00001142,U0001937,2026-08-28,high,98,连续未登录
CHURN00001143,U0001938,2026-08-28,medium,12,连续未登录
CHURN00001144,U0001940,2026-08-28,medium,20,活跃频次下降
CHURN00001145,U0001942,2026-08-28,high,167,活跃频次下降
CHURN00001146,U0001945,2026-08-28,high,32,活跃频次下降
CHURN00001147,U0001946,2026-08-28,medium,18,活跃频次下降
CHURN00001148,U0001948,2026-08-28,medium,16,连续未登录
CHURN00001149,U0001949,2026-08-28,high,89,活跃频次下降
CHURN00001150,U0001950,2026-08-28,high,139,连续未登录
CHURN00001151,U0001952,2026-08-28,high,65,活跃频次下降
CHURN00001152,U0001953,2026-08-28,medium,13,活跃频次下降
CHURN00001153,U0001955,2026-08-28,medium,29,连续未登录
CHURN00001154,U0001960,2026-08-28,high,49,观看时长下降
CHURN00001155,U0001961,2026-08-28,high,76,观看时长下降
CHURN00001156,U0001962,2026-08-28,medium,9,活跃频次下降
CHURN00001157,U0001964,2026-08-28,medium,10,活跃频次下降
CHURN00001158,U0001966,2026-08-28,high,95,连续未登录
CHURN00001159,U0001967,2026-08-28,medium,12,连续未登录
CHURN00001160,U0001971,2026-08-28,high,116,活跃频次下降
CHURN00001161,U0001973,2026-08-28,medium,12,观看时长下降
CHURN00001162,U0001976,2026-08-28,medium,13,连续未登录
CHURN00001163,U0001977,2026-08-28,high,129,连续未登录
CHURN00001164,U0001978,2026-08-28,medium,10,连续未登录
CHURN00001165,U0001980,2026-08-28,high,32,观看时长下降
CHURN00001166,U0001981,2026-08-28,medium,22,观看时长下降
CHURN00001167,U0001982,2026-08-28,high,150,活跃频次下降
CHURN00001168,U0001983,2026-08-28,medium,14,连续未登录
CHURN00001169,U0001984,2026-08-28,medium,26,连续未登录
CHURN00001170,U0001987,2026-08-28,medium,9,连续未登录
CHURN00001171,U0001988,2026-08-28,medium,15,活跃频次下降
CHURN00001172,U0001991,2026-08-28,medium,22,活跃频次下降
CHURN00001173,U0001992,2026-08-28,high,71,活跃频次下降
CHURN00001174,U0001993,2026-08-28,medium,8,观看时长下降
CHURN00001175,U0001995,2026-08-28,medium,13,活跃频次下降
CHURN00001176,U0001996,2026-08-28,medium,10,活跃频次下降
CHURN00001177,U0001997,2026-08-28,medium,25,连续未登录
CHURN00001178,U0001998,2026-08-28,high,147,连续未登录
CHURN00001179,U0001999,2026-08-28,medium,12,连续未登录
CHURN00001180,U0002001,2026-08-28,high,207,连续未登录
CHURN00001181,U0002003,2026-08-28,medium,23,活跃频次下降
CHURN00001182,U0002004,2026-08-28,medium,8,观看时长下降
CHURN00001183,U0002008,2026-08-28,medium,29,活跃频次下降
CHURN00001184,U0002012,2026-08-28,high,52,活跃频次下降
CHURN00001185,U0002013,2026-08-28,medium,11,观看时长下降
CHURN00001186,U0002014,2026-08-28,medium,28,连续未登录
CHURN00001187,U0002015,2026-08-28,medium,10,活跃频次下降
CHURN00001188,U0002016,2026-08-28,high,66,活跃频次下降
CHURN00001189,U0002017,2026-08-28,medium,15,连续未登录
CHURN00001190,U0002022,2026-08-28,medium,24,观看时长下降
CHURN00001191,U0002026,2026-08-28,medium,16,观看时长下降
CHURN00001192,U0002027,2026-08-28,high,189,连续未登录
CHURN00001193,U0002028,2026-08-28,high,91,活跃频次下降
CHURN00001194,U0002029,2026-08-28,medium,27,活跃频次下降
CHURN00001195,U0002030,2026-08-28,high,128,活跃频次下降
CHURN00001196,U0002031,2026-08-28,high,120,观看时长下降
CHURN00001197,U0002032,2026-08-28,medium,16,活跃频次下降
CHURN00001198,U0002033,2026-08-28,medium,9,连续未登录
CHURN00001199,U0002034,2026-08-28,high,74,连续未登录
CHURN00001200,U0002035,2026-08-28,high,77,连续未登录
CHURN00001201,U0002036,2026-08-28,medium,8,观看时长下降
CHURN00001202,U0002037,2026-08-28,high,31,连续未登录
CHURN00001203,U0002038,2026-08-28,high,66,观看时长下降
CHURN00001204,U0002039,2026-08-28,high,70,连续未登录
CHURN00001205,U0002040,2026-08-28,high,31,活跃频次下降
CHURN00001206,U0002041,2026-08-28,medium,19,活跃频次下降
CHURN00001207,U0002042,2026-08-28,medium,23,连续未登录
CHURN00001208,U0002043,2026-08-28,medium,9,连续未登录
CHURN00001209,U0002044,2026-08-28,medium,24,连续未登录
CHURN00001210,U0002045,2026-08-28,high,31,活跃频次下降
CHURN00001211,U0002047,2026-08-28,medium,29,活跃频次下降
CHURN00001212,U0002049,2026-08-28,high,116,连续未登录
CHURN00001213,U0002051,2026-08-28,medium,27,连续未登录
CHURN00001214,U0002053,2026-08-28,high,90,观看时长下降
CHURN00001215,U0002055,2026-08-28,medium,11,连续未登录
CHURN00001216,U0002059,2026-08-28,medium,30,连续未登录
CHURN00001217,U0002061,2026-08-28,high,68,活跃频次下降
CHURN00001218,U0002062,2026-08-28,medium,10,观看时长下降
CHURN00001219,U0002063,2026-08-28,medium,17,连续未登录
CHURN00001220,U0002064,2026-08-28,medium,13,连续未登录
CHURN00001221,U0002066,2026-08-28,medium,11,连续未登录
CHURN00001222,U0002067,2026-08-28,medium,18,观看时长下降
CHURN00001223,U0002068,2026-08-28,high,179,观看时长下降
CHURN00001224,U0002069,2026-08-28,high,76,活跃频次下降
CHURN00001225,U0002070,2026-08-28,high,52,活跃频次下降
CHURN00001226,U0002071,2026-08-28,high,231,观看时长下降
CHURN00001227,U0002073,2026-08-28,high,64,连续未登录
CHURN00001228,U0002074,2026-08-28,medium,11,观看时长下降
CHURN00001229,U0002075,2026-08-28,medium,14,活跃频次下降
CHURN00001230,U0002076,2026-08-28,medium,8,连续未登录
CHURN00001231,U0002077,2026-08-28,medium,12,活跃频次下降
CHURN00001232,U0002079,2026-08-28,high,97,观看时长下降
CHURN00001233,U0002080,2026-08-28,high,53,连续未登录
CHURN00001234,U0002081,2026-08-28,medium,28,连续未登录
CHURN00001235,U0002083,2026-08-28,medium,8,观看时长下降
CHURN00001236,U0002084,2026-08-28,high,53,连续未登录
CHURN00001237,U0002089,2026-08-28,high,143,连续未登录
CHURN00001238,U0002090,2026-08-28,medium,18,活跃频次下降
CHURN00001239,U0002093,2026-08-28,high,42,连续未登录
CHURN00001240,U0002094,2026-08-28,high,159,连续未登录
CHURN00001241,U0002095,2026-08-28,medium,20,连续未登录
CHURN00001242,U0002096,2026-08-28,high,91,连续未登录
CHURN00001243,U0002097,2026-08-28,high,40,连续未登录
CHURN00001244,U0002098,2026-08-28,high,38,连续未登录
CHURN00001245,U0002099,2026-08-28,medium,20,观看时长下降
CHURN00001246,U0002100,2026-08-28,high,189,活跃频次下降
CHURN00001247,U0002101,2026-08-28,medium,10,活跃频次下降
CHURN00001248,U0002102,2026-08-28,high,34,活跃频次下降
CHURN00001249,U0002104,2026-08-28,high,164,连续未登录
CHURN00001250,U0002106,2026-08-28,medium,26,连续未登录
CHURN00001251,U0002107,2026-08-28,medium,8,连续未登录
CHURN00001252,U0002108,2026-08-28,high,59,观看时长下降
CHURN00001253,U0002113,2026-08-28,high,146,连续未登录
CHURN00001254,U0002116,2026-08-28,medium,26,连续未登录
CHURN00001255,U0002118,2026-08-28,medium,13,活跃频次下降
CHURN00001256,U0002123,2026-08-28,medium,14,连续未登录
CHURN00001257,U0002124,2026-08-28,medium,27,连续未登录
CHURN00001258,U0002127,2026-08-28,high,34,观看时长下降
CHURN00001259,U0002129,2026-08-28,high,111,连续未登录
CHURN00001260,U0002130,2026-08-28,medium,9,观看时长下降
CHURN00001261,U0002131,2026-08-28,medium,8,活跃频次下降
CHURN00001262,U0002132,2026-08-28,medium,24,观看时长下降
CHURN00001263,U0002133,2026-08-28,high,59,观看时长下降
CHURN00001264,U0002134,2026-08-28,high,139,连续未登录
CHURN00001265,U0002135,2026-08-28,medium,17,连续未登录
CHURN00001266,U0002136,2026-08-28,medium,12,观看时长下降
CHURN00001267,U0002138,2026-08-28,medium,11,活跃频次下降
CHURN00001268,U0002139,2026-08-28,high,75,连续未登录
CHURN00001269,U0002142,2026-08-28,high,109,活跃频次下降
CHURN00001270,U0002145,2026-08-28,medium,22,连续未登录
CHURN00001271,U0002146,2026-08-28,medium,11,活跃频次下降
CHURN00001272,U0002147,2026-08-28,medium,30,活跃频次下降
CHURN00001273,U0002151,2026-08-28,high,59,活跃频次下降
CHURN00001274,U0002154,2026-08-28,high,144,连续未登录
CHURN00001275,U0002155,2026-08-28,high,73,连续未登录
CHURN00001276,U0002158,2026-08-28,medium,23,活跃频次下降
CHURN00001277,U0002159,2026-08-28,high,51,连续未登录
CHURN00001278,U0002162,2026-08-28,medium,20,活跃频次下降
CHURN00001279,U0002163,2026-08-28,medium,24,活跃频次下降
CHURN00001280,U0002164,2026-08-28,medium,16,活跃频次下降
CHURN00001281,U0002165,2026-08-28,high,33,活跃频次下降
CHURN00001282,U0002166,2026-08-28,high,191,观看时长下降
CHURN00001283,U0002169,2026-08-28,medium,14,观看时长下降
CHURN00001284,U0002175,2026-08-28,medium,18,活跃频次下降
CHURN00001285,U0002179,2026-08-28,high,79,活跃频次下降
CHURN00001286,U0002181,2026-08-28,medium,10,连续未登录
CHURN00001287,U0002182,2026-08-28,high,52,连续未登录
CHURN00001288,U0002184,2026-08-28,high,46,观看时长下降
CHURN00001289,U0002185,2026-08-28,medium,8,活跃频次下降
CHURN00001290,U0002188,2026-08-28,medium,26,观看时长下降
CHURN00001291,U0002189,2026-08-28,high,64,连续未登录
CHURN00001292,U0002190,2026-08-28,medium,20,活跃频次下降
CHURN00001293,U0002193,2026-08-28,medium,14,连续未登录
CHURN00001294,U0002194,2026-08-28,high,101,连续未登录
CHURN00001295,U0002195,2026-08-28,high,63,连续未登录
CHURN00001296,U0002198,2026-08-28,high,160,活跃频次下降
CHURN00001297,U0002199,2026-08-28,medium,16,连续未登录
CHURN00001298,U0002200,2026-08-28,high,61,连续未登录
CHURN00001299,U0002201,2026-08-28,medium,21,活跃频次下降
CHURN00001300,U0002202,2026-08-28,high,37,观看时长下降
CHURN00001301,U0002203,2026-08-28,high,57,连续未登录
CHURN00001302,U0002204,2026-08-28,medium,26,观看时长下降
CHURN00001303,U0002205,2026-08-28,high,227,活跃频次下降
CHURN00001304,U0002208,2026-08-28,medium,17,连续未登录
CHURN00001305,U0002210,2026-08-28,medium,10,活跃频次下降
CHURN00001306,U0002211,2026-08-28,medium,16,活跃频次下降
CHURN00001307,U0002212,2026-08-28,high,40,连续未登录
CHURN00001308,U0002213,2026-08-28,medium,28,观看时长下降
CHURN00001309,U0002218,2026-08-28,high,131,连续未登录
CHURN00001310,U0002219,2026-08-28,medium,10,连续未登录
CHURN00001311,U0002221,2026-08-28,high,31,活跃频次下降
CHURN00001312,U0002223,2026-08-28,high,188,活跃频次下降
CHURN00001313,U0002224,2026-08-28,high,32,连续未登录
CHURN00001314,U0002226,2026-08-28,high,91,连续未登录
CHURN00001315,U0002227,2026-08-28,high,35,活跃频次下降
CHURN00001316,U0002229,2026-08-28,high,85,连续未登录
CHURN00001317,U0002232,2026-08-28,high,99,连续未登录
CHURN00001318,U0002233,2026-08-28,high,136,观看时长下降
CHURN00001319,U0002235,2026-08-28,high,43,观看时长下降
CHURN00001320,U0002236,2026-08-28,high,34,活跃频次下降
CHURN00001321,U0002237,2026-08-28,high,60,观看时长下降
CHURN00001322,U0002239,2026-08-28,high,92,连续未登录
CHURN00001323,U0002240,2026-08-28,medium,22,连续未登录
CHURN00001324,U0002241,2026-08-28,medium,8,观看时长下降
CHURN00001325,U0002242,2026-08-28,medium,19,活跃频次下降
CHURN00001326,U0002247,2026-08-28,high,100,连续未登录
CHURN00001327,U0002248,2026-08-28,medium,15,活跃频次下降
CHURN00001328,U0002249,2026-08-28,medium,9,观看时长下降
CHURN00001329,U0002250,2026-08-28,high,84,观看时长下降
CHURN00001330,U0002255,2026-08-28,medium,11,连续未登录
CHURN00001331,U0002259,2026-08-28,high,46,连续未登录
CHURN00001332,U0002260,2026-08-28,medium,17,连续未登录
CHURN00001333,U0002262,2026-08-28,medium,20,活跃频次下降
CHURN00001334,U0002263,2026-08-28,high,34,连续未登录
CHURN00001335,U0002265,2026-08-28,high,91,连续未登录
CHURN00001336,U0002266,2026-08-28,medium,18,观看时长下降
CHURN00001337,U0002269,2026-08-28,high,47,活跃频次下降
CHURN00001338,U0002270,2026-08-28,high,159,活跃频次下降
CHURN00001339,U0002272,2026-08-28,high,34,活跃频次下降
CHURN00001340,U0002273,2026-08-28,high,35,活跃频次下降
CHURN00001341,U0002274,2026-08-28,high,180,活跃频次下降
CHURN00001342,U0002276,2026-08-28,medium,18,连续未登录
CHURN00001343,U0002278,2026-08-28,high,82,活跃频次下降
CHURN00001344,U0002280,2026-08-28,high,138,活跃频次下降
CHURN00001345,U0002282,2026-08-28,high,46,连续未登录
CHURN00001346,U0002283,2026-08-28,high,121,连续未登录
CHURN00001347,U0002285,2026-08-28,high,49,连续未登录
CHURN00001348,U0002286,2026-08-28,high,34,活跃频次下降
CHURN00001349,U0002287,2026-08-28,medium,29,连续未登录
CHURN00001350,U0002288,2026-08-28,high,69,观看时长下降
CHURN00001351,U0002289,2026-08-28,high,104,活跃频次下降
CHURN00001352,U0002291,2026-08-28,medium,15,观看时长下降
CHURN00001353,U0002292,2026-08-28,high,64,活跃频次下降
CHURN00001354,U0002293,2026-08-28,high,150,连续未登录
CHURN00001355,U0002294,2026-08-28,high,31,活跃频次下降
CHURN00001356,U0002296,2026-08-28,high,54,观看时长下降
CHURN00001357,U0002297,2026-08-28,medium,19,连续未登录
CHURN00001358,U0002298,2026-08-28,medium,24,活跃频次下降
CHURN00001359,U0002299,2026-08-28,medium,11,连续未登录
CHURN00001360,U0002300,2026-08-28,high,49,观看时长下降
CHURN00001361,U0002301,2026-08-28,high,145,观看时长下降
CHURN00001362,U0002303,2026-08-28,medium,19,连续未登录
CHURN00001363,U0002304,2026-08-28,medium,19,活跃频次下降
CHURN00001364,U0002305,2026-08-28,medium,17,连续未登录
CHURN00001365,U0002306,2026-08-28,high,34,连续未登录
CHURN00001366,U0002307,2026-08-28,high,34,活跃频次下降
CHURN00001367,U0002309,2026-08-28,high,167,连续未登录
CHURN00001368,U0002314,2026-08-28,high,90,活跃频次下降
CHURN00001369,U0002316,2026-08-28,high,55,活跃频次下降
CHURN00001370,U0002318,2026-08-28,medium,20,活跃频次下降
CHURN00001371,U0002321,2026-08-28,high,186,连续未登录
CHURN00001372,U0002323,2026-08-28,high,77,连续未登录
CHURN00001373,U0002325,2026-08-28,high,61,观看时长下降
CHURN00001374,U0002326,2026-08-28,medium,13,连续未登录
CHURN00001375,U0002328,2026-08-28,high,100,连续未登录
CHURN00001376,U0002330,2026-08-28,high,91,活跃频次下降
CHURN00001377,U0002331,2026-08-28,high,32,活跃频次下降
CHURN00001378,U0002332,2026-08-28,high,34,活跃频次下降
CHURN00001379,U0002334,2026-08-28,high,99,观看时长下降
CHURN00001380,U0002336,2026-08-28,medium,8,观看时长下降
CHURN00001381,U0002337,2026-08-28,medium,25,连续未登录
CHURN00001382,U0002338,2026-08-28,medium,11,活跃频次下降
CHURN00001383,U0002339,2026-08-28,medium,30,观看时长下降
CHURN00001384,U0002341,2026-08-28,high,115,连续未登录
CHURN00001385,U0002342,2026-08-28,medium,14,连续未登录
CHURN00001386,U0002343,2026-08-28,high,101,连续未登录
CHURN00001387,U0002344,2026-08-28,high,117,观看时长下降
CHURN00001388,U0002345,2026-08-28,medium,11,活跃频次下降
CHURN00001389,U0002348,2026-08-28,medium,20,连续未登录
CHURN00001390,U0002349,2026-08-28,medium,27,连续未登录
CHURN00001391,U0002350,2026-08-28,medium,16,连续未登录
CHURN00001392,U0002351,2026-08-28,medium,19,活跃频次下降
CHURN00001393,U0002352,2026-08-28,high,48,活跃频次下降
CHURN00001394,U0002353,2026-08-28,high,45,连续未登录
CHURN00001395,U0002354,2026-08-28,high,76,观看时长下降
CHURN00001396,U0002356,2026-08-28,medium,13,连续未登录
CHURN00001397,U0002358,2026-08-28,high,38,连续未登录
CHURN00001398,U0002359,2026-08-28,high,170,观看时长下降
CHURN00001399,U0002361,2026-08-28,high,73,观看时长下降
CHURN00001400,U0002362,2026-08-28,medium,13,连续未登录
CHURN00001401,U0002363,2026-08-28,medium,19,活跃频次下降
CHURN00001402,U0002364,2026-08-28,medium,9,连续未登录
CHURN00001403,U0002367,2026-08-28,medium,25,连续未登录
CHURN00001404,U0002369,2026-08-28,medium,10,连续未登录
CHURN00001405,U0002372,2026-08-28,medium,11,连续未登录
CHURN00001406,U0002373,2026-08-28,high,35,活跃频次下降
CHURN00001407,U0002374,2026-08-28,medium,16,连续未登录
CHURN00001408,U0002377,2026-08-28,high,181,活跃频次下降
CHURN00001409,U0002378,2026-08-28,medium,12,连续未登录
CHURN00001410,U0002379,2026-08-28,medium,13,观看时长下降
CHURN00001411,U0002382,2026-08-28,medium,10,连续未登录
CHURN00001412,U0002383,2026-08-28,medium,24,观看时长下降
CHURN00001413,U0002385,2026-08-28,high,52,连续未登录
CHURN00001414,U0002387,2026-08-28,high,57,连续未登录
CHURN00001415,U0002391,2026-08-28,high,46,连续未登录
CHURN00001416,U0002392,2026-08-28,medium,11,连续未登录
CHURN00001417,U0002394,2026-08-28,high,42,观看时长下降
CHURN00001418,U0002395,2026-08-28,high,106,活跃频次下降
CHURN00001419,U0002398,2026-08-28,high,45,活跃频次下降
CHURN00001420,U0002406,2026-08-28,high,47,活跃频次下降
CHURN00001421,U0002409,2026-08-28,high,42,活跃频次下降
CHURN00001422,U0002410,2026-08-28,medium,8,连续未登录
CHURN00001423,U0002412,2026-08-28,medium,15,活跃频次下降
CHURN00001424,U0002415,2026-08-28,high,41,观看时长下降
CHURN00001425,U0002416,2026-08-28,medium,9,活跃频次下降
CHURN00001426,U0002417,2026-08-28,medium,12,观看时长下降
CHURN00001427,U0002418,2026-08-28,medium,26,连续未登录
CHURN00001428,U0002423,2026-08-28,medium,9,连续未登录
CHURN00001429,U0002424,2026-08-28,high,155,活跃频次下降
CHURN00001430,U0002425,2026-08-28,medium,10,活跃频次下降
CHURN00001431,U0002426,2026-08-28,high,48,连续未登录
CHURN00001432,U0002427,2026-08-28,medium,25,活跃频次下降
CHURN00001433,U0002428,2026-08-28,high,42,观看时长下降
CHURN00001434,U0002429,2026-08-28,medium,10,连续未登录
CHURN00001435,U0002433,2026-08-28,medium,17,活跃频次下降
CHURN00001436,U0002434,2026-08-28,medium,9,观看时长下降
CHURN00001437,U0002436,2026-08-28,medium,28,连续未登录
CHURN00001438,U0002437,2026-08-28,medium,30,连续未登录
CHURN00001439,U0002441,2026-08-28,medium,14,观看时长下降
CHURN00001440,U0002443,2026-08-28,high,47,活跃频次下降
CHURN00001441,U0002444,2026-08-28,high,32,连续未登录
CHURN00001442,U0002445,2026-08-28,high,88,连续未登录
CHURN00001443,U0002447,2026-08-28,high,206,活跃频次下降
CHURN00001444,U0002449,2026-08-28,high,129,观看时长下降
CHURN00001445,U0002450,2026-08-28,high,93,观看时长下降
CHURN00001446,U0002453,2026-08-28,medium,18,连续未登录
CHURN00001447,U0002454,2026-08-28,medium,13,活跃频次下降
CHURN00001448,U0002455,2026-08-28,medium,13,连续未登录
CHURN00001449,U0002456,2026-08-28,medium,17,连续未登录
CHURN00001450,U0002457,2026-08-28,medium,13,连续未登录
CHURN00001451,U0002458,2026-08-28,medium,17,观看时长下降
CHURN00001452,U0002462,2026-08-28,medium,20,观看时长下降
CHURN00001453,U0002463,2026-08-28,medium,17,连续未登录
CHURN00001454,U0002465,2026-08-28,medium,9,观看时长下降
CHURN00001455,U0002466,2026-08-28,high,135,观看时长下降
CHURN00001456,U0002467,2026-08-28,high,43,连续未登录
CHURN00001457,U0002469,2026-08-28,medium,20,连续未登录
CHURN00001458,U0002471,2026-08-28,medium,21,连续未登录
CHURN00001459,U0002473,2026-08-28,high,43,连续未登录
CHURN00001460,U0002476,2026-08-28,medium,14,连续未登录
CHURN00001461,U0002479,2026-08-28,high,44,连续未登录
CHURN00001462,U0002480,2026-08-28,medium,9,活跃频次下降
CHURN00001463,U0002482,2026-08-28,high,104,观看时长下降
CHURN00001464,U0002483,2026-08-28,medium,14,连续未登录
CHURN00001465,U0002486,2026-08-28,high,39,连续未登录
CHURN00001466,U0002487,2026-08-28,medium,24,活跃频次下降
CHURN00001467,U0002491,2026-08-28,medium,17,观看时长下降
CHURN00001468,U0002492,2026-08-28,high,40,活跃频次下降
CHURN00001469,U0002494,2026-08-28,high,61,连续未登录
CHURN00001470,U0002495,2026-08-28,medium,11,活跃频次下降
CHURN00001471,U0002496,2026-08-28,high,40,连续未登录
CHURN00001472,U0002501,2026-08-28,medium,29,观看时长下降
CHURN00001473,U0002502,2026-08-28,high,36,连续未登录
CHURN00001474,U0002503,2026-08-28,high,39,活跃频次下降
CHURN00001475,U0002504,2026-08-28,medium,13,连续未登录
CHURN00001476,U0002505,2026-08-28,high,62,连续未登录
CHURN00001477,U0002506,2026-08-28,high,143,活跃频次下降
CHURN00001478,U0002508,2026-08-28,medium,13,观看时长下降
CHURN00001479,U0002510,2026-08-28,medium,14,连续未登录
CHURN00001480,U0002511,2026-08-28,medium,13,连续未登录
CHURN00001481,U0002512,2026-08-28,high,84,连续未登录
CHURN00001482,U0002513,2026-08-28,medium,24,连续未登录
CHURN00001483,U0002516,2026-08-28,medium,9,连续未登录
CHURN00001484,U0002517,2026-08-28,medium,18,连续未登录
CHURN00001485,U0002519,2026-08-28,medium,25,连续未登录
CHURN00001486,U0002520,2026-08-28,medium,13,活跃频次下降
CHURN00001487,U0002523,2026-08-28,high,87,连续未登录
CHURN00001488,U0002524,2026-08-28,high,75,连续未登录
CHURN00001489,U0002525,2026-08-28,high,79,连续未登录
CHURN00001490,U0002527,2026-08-28,medium,19,活跃频次下降
CHURN00001491,U0002530,2026-08-28,medium,16,观看时长下降
CHURN00001492,U0002531,2026-08-28,medium,26,活跃频次下降
CHURN00001493,U0002533,2026-08-28,medium,8,连续未登录
CHURN00001494,U0002535,2026-08-28,medium,11,连续未登录
CHURN00001495,U0002536,2026-08-28,high,38,连续未登录
CHURN00001496,U0002537,2026-08-28,high,73,连续未登录
CHURN00001497,U0002538,2026-08-28,medium,13,连续未登录
CHURN00001498,U0002543,2026-08-28,high,64,连续未登录
CHURN00001499,U0002544,2026-08-28,high,124,活跃频次下降
CHURN00001500,U0002545,2026-08-28,high,90,活跃频次下降
CHURN00001501,U0002548,2026-08-28,medium,9,连续未登录
CHURN00001502,U0002549,2026-08-28,high,67,连续未登录
CHURN00001503,U0002550,2026-08-28,medium,8,观看时长下降
CHURN00001504,U0002553,2026-08-28,high,106,观看时长下降
CHURN00001505,U0002554,2026-08-28,medium,10,连续未登录
CHURN00001506,U0002557,2026-08-28,high,60,连续未登录
CHURN00001507,U0002558,2026-08-28,high,46,连续未登录
CHURN00001508,U0002562,2026-08-28,medium,20,活跃频次下降
CHURN00001509,U0002564,2026-08-28,high,51,连续未登录
CHURN00001510,U0002565,2026-08-28,high,107,活跃频次下降
CHURN00001511,U0002568,2026-08-28,medium,8,连续未登录
CHURN00001512,U0002570,2026-08-28,high,34,连续未登录
CHURN00001513,U0002574,2026-08-28,high,65,连续未登录
CHURN00001514,U0002575,2026-08-28,high,46,活跃频次下降
CHURN00001515,U0002576,2026-08-28,high,225,连续未登录
CHURN00001516,U0002577,2026-08-28,medium,14,活跃频次下降
CHURN00001517,U0002578,2026-08-28,medium,15,活跃频次下降
CHURN00001518,U0002579,2026-08-28,medium,24,观看时长下降
CHURN00001519,U0002580,2026-08-28,medium,16,观看时长下降
CHURN00001520,U0002581,2026-08-28,medium,12,观看时长下降
CHURN00001521,U0002582,2026-08-28,high,60,连续未登录
CHURN00001522,U0002583,2026-08-28,medium,21,观看时长下降
CHURN00001523,U0002585,2026-08-28,medium,10,连续未登录
CHURN00001524,U0002586,2026-08-28,medium,14,活跃频次下降
CHURN00001525,U0002587,2026-08-28,medium,18,观看时长下降
CHURN00001526,U0002588,2026-08-28,medium,17,观看时长下降
CHURN00001527,U0002589,2026-08-28,medium,15,连续未登录
CHURN00001528,U0002590,2026-08-28,high,34,连续未登录
CHURN00001529,U0002592,2026-08-28,high,44,活跃频次下降
CHURN00001530,U0002593,2026-08-28,high,74,活跃频次下降
CHURN00001531,U0002594,2026-08-28,medium,25,连续未登录
CHURN00001532,U0002595,2026-08-28,medium,24,连续未登录
CHURN00001533,U0002597,2026-08-28,medium,18,连续未登录
CHURN00001534,U0002599,2026-08-28,high,55,连续未登录
CHURN00001535,U0002600,2026-08-28,high,31,连续未登录
CHURN00001536,U0002602,2026-08-28,medium,24,观看时长下降
CHURN00001537,U0002603,2026-08-28,medium,10,活跃频次下降
CHURN00001538,U0002604,2026-08-28,medium,9,观看时长下降
CHURN00001539,U0002605,2026-08-28,medium,14,观看时长下降
CHURN00001540,U0002606,2026-08-28,medium,25,观看时长下降
CHURN00001541,U0002607,2026-08-28,medium,19,活跃频次下降
CHURN00001542,U0002609,2026-08-28,high,52,连续未登录
CHURN00001543,U0002612,2026-08-28,high,124,活跃频次下降
CHURN00001544,U0002613,2026-08-28,high,98,活跃频次下降
CHURN00001545,U0002614,2026-08-28,medium,16,连续未登录
CHURN00001546,U0002618,2026-08-28,medium,26,活跃频次下降
CHURN00001547,U0002619,2026-08-28,medium,17,连续未登录
CHURN00001548,U0002621,2026-08-28,high,41,连续未登录
CHURN00001549,U0002624,2026-08-28,medium,11,活跃频次下降
CHURN00001550,U0002627,2026-08-28,medium,8,观看时长下降
CHURN00001551,U0002629,2026-08-28,medium,13,观看时长下降
CHURN00001552,U0002632,2026-08-28,high,54,连续未登录
CHURN00001553,U0002636,2026-08-28,high,169,连续未登录
CHURN00001554,U0002637,2026-08-28,medium,16,连续未登录
CHURN00001555,U0002638,2026-08-28,high,31,观看时长下降
CHURN00001556,U0002641,2026-08-28,high,32,活跃频次下降
CHURN00001557,U0002643,2026-08-28,medium,11,连续未登录
CHURN00001558,U0002650,2026-08-28,high,176,连续未登录
CHURN00001559,U0002651,2026-08-28,medium,16,连续未登录
CHURN00001560,U0002653,2026-08-28,medium,24,连续未登录
CHURN00001561,U0002656,2026-08-28,high,124,连续未登录
CHURN00001562,U0002657,2026-08-28,medium,23,活跃频次下降
CHURN00001563,U0002659,2026-08-28,medium,8,连续未登录
CHURN00001564,U0002660,2026-08-28,medium,13,观看时长下降
CHURN00001565,U0002663,2026-08-28,medium,18,连续未登录
CHURN00001566,U0002664,2026-08-28,medium,15,活跃频次下降
CHURN00001567,U0002667,2026-08-28,high,35,观看时长下降
CHURN00001568,U0002670,2026-08-28,medium,16,观看时长下降
CHURN00001569,U0002671,2026-08-28,medium,8,连续未登录
CHURN00001570,U0002673,2026-08-28,medium,21,连续未登录
CHURN00001571,U0002675,2026-08-28,medium,9,连续未登录
CHURN00001572,U0002676,2026-08-28,high,209,连续未登录
CHURN00001573,U0002677,2026-08-28,medium,14,活跃频次下降
CHURN00001574,U0002679,2026-08-28,high,91,活跃频次下降
CHURN00001575,U0002680,2026-08-28,high,123,观看时长下降
CHURN00001576,U0002682,2026-08-28,medium,15,连续未登录
CHURN00001577,U0002683,2026-08-28,high,101,连续未登录
CHURN00001578,U0002684,2026-08-28,high,54,活跃频次下降
CHURN00001579,U0002687,2026-08-28,medium,10,连续未登录
CHURN00001580,U0002689,2026-08-28,medium,9,连续未登录
CHURN00001581,U0002690,2026-08-28,high,32,活跃频次下降
CHURN00001582,U0002691,2026-08-28,high,104,活跃频次下降
CHURN00001583,U0002693,2026-08-28,medium,8,连续未登录
CHURN00001584,U0002695,2026-08-28,high,62,活跃频次下降
CHURN00001585,U0002699,2026-08-28,medium,17,活跃频次下降
CHURN00001586,U0002701,2026-08-28,medium,8,活跃频次下降
CHURN00001587,U0002703,2026-08-28,medium,28,观看时长下降
CHURN00001588,U0002706,2026-08-28,high,41,活跃频次下降
CHURN00001589,U0002707,2026-08-28,medium,12,连续未登录
CHURN00001590,U0002708,2026-08-28,medium,17,连续未登录
CHURN00001591,U0002709,2026-08-28,medium,9,观看时长下降
CHURN00001592,U0002710,2026-08-28,medium,14,连续未登录
CHURN00001593,U0002711,2026-08-28,medium,24,连续未登录
CHURN00001594,U0002715,2026-08-28,medium,22,连续未登录
CHURN00001595,U0002716,2026-08-28,high,61,活跃频次下降
CHURN00001596,U0002719,2026-08-28,high,61,观看时长下降
CHURN00001597,U0002721,2026-08-28,medium,15,活跃频次下降
CHURN00001598,U0002724,2026-08-28,medium,23,连续未登录
CHURN00001599,U0002727,2026-08-28,high,41,连续未登录
CHURN00001600,U0002728,2026-08-28,medium,27,连续未登录
CHURN00001601,U0002729,2026-08-28,medium,9,活跃频次下降
CHURN00001602,U0002731,2026-08-28,medium,18,连续未登录
CHURN00001603,U0002732,2026-08-28,medium,9,连续未登录
CHURN00001604,U0002733,2026-08-28,medium,17,连续未登录
CHURN00001605,U0002736,2026-08-28,high,83,连续未登录
CHURN00001606,U0002737,2026-08-28,medium,11,连续未登录
CHURN00001607,U0002739,2026-08-28,high,149,活跃频次下降
CHURN00001608,U0002740,2026-08-28,medium,9,活跃频次下降
CHURN00001609,U0002741,2026-08-28,high,110,活跃频次下降
CHURN00001610,U0002742,2026-08-28,medium,8,活跃频次下降
CHURN00001611,U0002743,2026-08-28,high,33,活跃频次下降
CHURN00001612,U0002744,2026-08-28,high,70,活跃频次下降
CHURN00001613,U0002745,2026-08-28,high,160,活跃频次下降
CHURN00001614,U0002749,2026-08-28,medium,8,观看时长下降
CHURN00001615,U0002751,2026-08-28,medium,17,观看时长下降
CHURN00001616,U0002752,2026-08-28,medium,16,活跃频次下降
CHURN00001617,U0002754,2026-08-28,medium,27,连续未登录
CHURN00001618,U0002755,2026-08-28,high,48,活跃频次下降
CHURN00001619,U0002756,2026-08-28,medium,22,连续未登录
CHURN00001620,U0002759,2026-08-28,medium,9,观看时长下降
CHURN00001621,U0002761,2026-08-28,high,64,连续未登录
CHURN00001622,U0002762,2026-08-28,medium,15,观看时长下降
CHURN00001623,U0002763,2026-08-28,medium,16,连续未登录
CHURN00001624,U0002764,2026-08-28,high,35,连续未登录
CHURN00001625,U0002766,2026-08-28,high,48,连续未登录
CHURN00001626,U0002767,2026-08-28,medium,21,活跃频次下降
CHURN00001627,U0002768,2026-08-28,high,180,观看时长下降
CHURN00001628,U0002769,2026-08-28,medium,11,连续未登录
CHURN00001629,U0002772,2026-08-28,high,33,连续未登录
CHURN00001630,U0002773,2026-08-28,medium,12,活跃频次下降
CHURN00001631,U0002774,2026-08-28,medium,11,活跃频次下降
CHURN00001632,U0002778,2026-08-28,medium,22,连续未登录
CHURN00001633,U0002779,2026-08-28,high,58,活跃频次下降
CHURN00001634,U0002780,2026-08-28,high,47,连续未登录
CHURN00001635,U0002782,2026-08-28,medium,14,连续未登录
CHURN00001636,U0002784,2026-08-28,high,102,活跃频次下降
CHURN00001637,U0002786,2026-08-28,medium,18,观看时长下降
CHURN00001638,U0002788,2026-08-28,high,73,连续未登录
CHURN00001639,U0002789,2026-08-28,medium,26,连续未登录
CHURN00001640,U0002791,2026-08-28,medium,13,观看时长下降
CHURN00001641,U0002794,2026-08-28,high,107,连续未登录
CHURN00001642,U0002796,2026-08-28,high,53,连续未登录
CHURN00001643,U0002800,2026-08-28,high,95,活跃频次下降
CHURN00001644,U0002801,2026-08-28,medium,18,连续未登录
CHURN00001645,U0002802,2026-08-28,high,48,连续未登录
CHURN00001646,U0002803,2026-08-28,medium,21,活跃频次下降
CHURN00001647,U0002804,2026-08-28,medium,27,观看时长下降
CHURN00001648,U0002805,2026-08-28,medium,9,连续未登录
CHURN00001649,U0002807,2026-08-28,high,75,观看时长下降
CHURN00001650,U0002811,2026-08-28,high,137,观看时长下降
CHURN00001651,U0002812,2026-08-28,medium,16,观看时长下降
CHURN00001652,U0002813,2026-08-28,high,52,活跃频次下降
CHURN00001653,U0002816,2026-08-28,high,39,活跃频次下降
CHURN00001654,U0002818,2026-08-28,high,234,活跃频次下降
CHURN00001655,U0002819,2026-08-28,medium,23,观看时长下降
CHURN00001656,U0002820,2026-08-28,high,56,连续未登录
CHURN00001657,U0002823,2026-08-28,medium,23,观看时长下降
CHURN00001658,U0002827,2026-08-28,medium,20,观看时长下降
CHURN00001659,U0002828,2026-08-28,high,47,观看时长下降
CHURN00001660,U0002829,2026-08-28,high,201,活跃频次下降
CHURN00001661,U0002831,2026-08-28,high,119,连续未登录
CHURN00001662,U0002832,2026-08-28,medium,27,观看时长下降
CHURN00001663,U0002833,2026-08-28,medium,28,活跃频次下降
CHURN00001664,U0002835,2026-08-28,high,75,活跃频次下降
CHURN00001665,U0002836,2026-08-28,medium,16,观看时长下降
CHURN00001666,U0002837,2026-08-28,medium,13,连续未登录
CHURN00001667,U0002838,2026-08-28,medium,21,连续未登录
CHURN00001668,U0002839,2026-08-28,high,62,连续未登录
CHURN00001669,U0002841,2026-08-28,medium,22,活跃频次下降
CHURN00001670,U0002843,2026-08-28,medium,9,观看时长下降
CHURN00001671,U0002844,2026-08-28,high,132,观看时长下降
CHURN00001672,U0002846,2026-08-28,medium,11,连续未登录
CHURN00001673,U0002847,2026-08-28,high,76,活跃频次下降
CHURN00001674,U0002851,2026-08-28,high,149,观看时长下降
CHURN00001675,U0002852,2026-08-28,medium,8,连续未登录
CHURN00001676,U0002853,2026-08-28,medium,30,连续未登录
CHURN00001677,U0002855,2026-08-28,medium,26,活跃频次下降
CHURN00001678,U0002856,2026-08-28,high,68,连续未登录
CHURN00001679,U0002859,2026-08-28,medium,14,连续未登录
CHURN00001680,U0002860,2026-08-28,medium,12,观看时长下降
CHURN00001681,U0002863,2026-08-28,medium,13,活跃频次下降
CHURN00001682,U0002866,2026-08-28,medium,9,连续未登录
CHURN00001683,U0002868,2026-08-28,medium,13,连续未登录
CHURN00001684,U0002869,2026-08-28,medium,8,活跃频次下降
CHURN00001685,U0002873,2026-08-28,medium,13,连续未登录
CHURN00001686,U0002875,2026-08-28,medium,23,活跃频次下降
CHURN00001687,U0002876,2026-08-28,medium,20,活跃频次下降
CHURN00001688,U0002877,2026-08-28,high,180,活跃频次下降
CHURN00001689,U0002878,2026-08-28,medium,26,活跃频次下降
CHURN00001690,U0002879,2026-08-28,medium,26,连续未登录
CHURN00001691,U0002882,2026-08-28,medium,25,观看时长下降
CHURN00001692,U0002885,2026-08-28,medium,8,活跃频次下降
CHURN00001693,U0002887,2026-08-28,medium,22,连续未登录
CHURN00001694,U0002888,2026-08-28,medium,24,活跃频次下降
CHURN00001695,U0002890,2026-08-28,high,154,连续未登录
CHURN00001696,U0002892,2026-08-28,high,53,连续未登录
CHURN00001697,U0002893,2026-08-28,high,93,连续未登录
CHURN00001698,U0002894,2026-08-28,medium,16,活跃频次下降
CHURN00001699,U0002895,2026-08-28,high,42,连续未登录
CHURN00001700,U0002896,2026-08-28,high,63,观看时长下降
CHURN00001701,U0002898,2026-08-28,medium,10,连续未登录
CHURN00001702,U0002899,2026-08-28,high,43,连续未登录
CHURN00001703,U0002901,2026-08-28,medium,20,连续未登录
CHURN00001704,U0002903,2026-08-28,medium,12,连续未登录
CHURN00001705,U0002904,2026-08-28,medium,14,活跃频次下降
CHURN00001706,U0002906,2026-08-28,medium,22,连续未登录
CHURN00001707,U0002910,2026-08-28,high,134,观看时长下降
CHURN00001708,U0002916,2026-08-28,high,75,活跃频次下降
CHURN00001709,U0002918,2026-08-28,medium,24,连续未登录
CHURN00001710,U0002919,2026-08-28,high,60,观看时长下降
CHURN00001711,U0002920,2026-08-28,medium,26,连续未登录
CHURN00001712,U0002921,2026-08-28,high,85,连续未登录
CHURN00001713,U0002922,2026-08-28,high,47,连续未登录
CHURN00001714,U0002923,2026-08-28,high,58,观看时长下降
CHURN00001715,U0002925,2026-08-28,medium,10,活跃频次下降
CHURN00001716,U0002926,2026-08-28,medium,10,连续未登录
CHURN00001717,U0002928,2026-08-28,medium,11,活跃频次下降
CHURN00001718,U0002929,2026-08-28,high,80,活跃频次下降
CHURN00001719,U0002930,2026-08-28,high,205,连续未登录
CHURN00001720,U0002931,2026-08-28,medium,8,活跃频次下降
CHURN00001721,U0002932,2026-08-28,medium,12,连续未登录
CHURN00001722,U0002937,2026-08-28,medium,12,连续未登录
CHURN00001723,U0002938,2026-08-28,medium,22,连续未登录
CHURN00001724,U0002939,2026-08-28,medium,21,观看时长下降
CHURN00001725,U0002940,2026-08-28,medium,23,活跃频次下降
CHURN00001726,U0002942,2026-08-28,medium,13,活跃频次下降
CHURN00001727,U0002943,2026-08-28,high,46,活跃频次下降
CHURN00001728,U0002944,2026-08-28,medium,11,观看时长下降
CHURN00001729,U0002945,2026-08-28,medium,21,连续未登录
CHURN00001730,U0002946,2026-08-28,high,58,活跃频次下降
CHURN00001731,U0002947,2026-08-28,high,34,活跃频次下降
CHURN00001732,U0002948,2026-08-28,high,47,观看时长下降
CHURN00001733,U0002949,2026-08-28,high,43,连续未登录
CHURN00001734,U0002951,2026-08-28,high,50,活跃频次下降
CHURN00001735,U0002952,2026-08-28,high,79,观看时长下降
CHURN00001736,U0002955,2026-08-28,medium,14,活跃频次下降
CHURN00001737,U0002956,2026-08-28,high,38,活跃频次下降
CHURN00001738,U0002958,2026-08-28,high,55,活跃频次下降
CHURN00001739,U0002960,2026-08-28,high,73,连续未登录
CHURN00001740,U0002961,2026-08-28,medium,30,活跃频次下降
CHURN00001741,U0002963,2026-08-28,high,112,连续未登录
CHURN00001742,U0002965,2026-08-28,medium,24,连续未登录
CHURN00001743,U0002966,2026-08-28,high,45,活跃频次下降
CHURN00001744,U0002967,2026-08-28,high,70,活跃频次下降
CHURN00001745,U0002968,2026-08-28,medium,14,连续未登录
CHURN00001746,U0002970,2026-08-28,high,73,观看时长下降
CHURN00001747,U0002971,2026-08-28,high,38,观看时长下降
CHURN00001748,U0002976,2026-08-28,high,73,活跃频次下降
CHURN00001749,U0002979,2026-08-28,high,32,连续未登录
CHURN00001750,U0002980,2026-08-28,high,99,连续未登录
CHURN00001751,U0002981,2026-08-28,medium,18,活跃频次下降
CHURN00001752,U0002982,2026-08-28,medium,17,活跃频次下降
CHURN00001753,U0002984,2026-08-28,medium,15,活跃频次下降
CHURN00001754,U0002986,2026-08-28,high,144,活跃频次下降
CHURN00001755,U0002987,2026-08-28,high,51,连续未登录
CHURN00001756,U0002990,2026-08-28,high,58,观看时长下降
CHURN00001757,U0002993,2026-08-28,high,48,连续未登录
CHURN00001758,U0002995,2026-08-28,high,58,连续未登录
CHURN00001759,U0002998,2026-08-28,medium,14,连续未登录
CHURN00001760,U0002999,2026-08-28,medium,8,活跃频次下降
CHURN00001761,U0003003,2026-08-28,medium,11,连续未登录
CHURN00001762,U0003004,2026-08-28,high,83,连续未登录
CHURN00001763,U0003006,2026-08-28,medium,27,连续未登录
CHURN00001764,U0003007,2026-08-28,medium,13,观看时长下降
CHURN00001765,U0003008,2026-08-28,high,163,连续未登录
CHURN00001766,U0003009,2026-08-28,medium,30,连续未登录
CHURN00001767,U0003010,2026-08-28,medium,9,连续未登录
CHURN00001768,U0003011,2026-08-28,high,114,连续未登录
CHURN00001769,U0003012,2026-08-28,high,55,观看时长下降
CHURN00001770,U0003013,2026-08-28,medium,21,活跃频次下降
CHURN00001771,U0003016,2026-08-28,medium,17,连续未登录
CHURN00001772,U0003017,2026-08-28,medium,13,连续未登录
CHURN00001773,U0003019,2026-08-28,medium,17,观看时长下降
CHURN00001774,U0003020,2026-08-28,medium,13,观看时长下降
CHURN00001775,U0003021,2026-08-28,high,129,活跃频次下降
CHURN00001776,U0003022,2026-08-28,high,52,活跃频次下降
CHURN00001777,U0003024,2026-08-28,medium,14,观看时长下降
CHURN00001778,U0003025,2026-08-28,high,34,活跃频次下降
CHURN00001779,U0003027,2026-08-28,medium,10,连续未登录
CHURN00001780,U0003030,2026-08-28,high,51,活跃频次下降
CHURN00001781,U0003031,2026-08-28,medium,24,连续未登录
CHURN00001782,U0003032,2026-08-28,medium,13,连续未登录
CHURN00001783,U0003034,2026-08-28,high,45,活跃频次下降
CHURN00001784,U0003039,2026-08-28,high,57,连续未登录
CHURN00001785,U0003040,2026-08-28,medium,16,活跃频次下降
CHURN00001786,U0003042,2026-08-28,medium,29,活跃频次下降
CHURN00001787,U0003043,2026-08-28,medium,9,观看时长下降
CHURN00001788,U0003045,2026-08-28,high,146,连续未登录
CHURN00001789,U0003048,2026-08-28,medium,16,连续未登录
CHURN00001790,U0003049,2026-08-28,medium,18,观看时长下降
CHURN00001791,U0003050,2026-08-28,high,156,活跃频次下降
CHURN00001792,U0003052,2026-08-28,medium,23,连续未登录
CHURN00001793,U0003053,2026-08-28,medium,25,连续未登录
CHURN00001794,U0003055,2026-08-28,medium,8,观看时长下降
CHURN00001795,U0003057,2026-08-28,high,164,活跃频次下降
CHURN00001796,U0003058,2026-08-28,high,186,活跃频次下降
CHURN00001797,U0003062,2026-08-28,high,31,连续未登录
CHURN00001798,U0003063,2026-08-28,high,114,观看时长下降
CHURN00001799,U0003064,2026-08-28,medium,10,连续未登录
CHURN00001800,U0003065,2026-08-28,high,155,连续未登录
CHURN00001801,U0003066,2026-08-28,medium,12,活跃频次下降
CHURN00001802,U0003067,2026-08-28,high,94,连续未登录
CHURN00001803,U0003070,2026-08-28,medium,9,连续未登录
CHURN00001804,U0003071,2026-08-28,medium,23,连续未登录
CHURN00001805,U0003072,2026-08-28,medium,16,观看时长下降
CHURN00001806,U0003073,2026-08-28,high,76,活跃频次下降
CHURN00001807,U0003074,2026-08-28,high,116,连续未登录
CHURN00001808,U0003077,2026-08-28,high,95,活跃频次下降
CHURN00001809,U0003079,2026-08-28,medium,24,连续未登录
CHURN00001810,U0003080,2026-08-28,medium,18,连续未登录
CHURN00001811,U0003081,2026-08-28,high,69,观看时长下降
CHURN00001812,U0003082,2026-08-28,medium,9,连续未登录
CHURN00001813,U0003083,2026-08-28,medium,11,活跃频次下降
CHURN00001814,U0003085,2026-08-28,medium,18,连续未登录
CHURN00001815,U0003086,2026-08-28,medium,20,观看时长下降
CHURN00001816,U0003088,2026-08-28,medium,26,观看时长下降
CHURN00001817,U0003089,2026-08-28,high,48,活跃频次下降
CHURN00001818,U0003090,2026-08-28,high,55,活跃频次下降
CHURN00001819,U0003091,2026-08-28,high,76,活跃频次下降
CHURN00001820,U0003093,2026-08-28,medium,14,连续未登录
CHURN00001821,U0003094,2026-08-28,medium,19,连续未登录
CHURN00001822,U0003097,2026-08-28,high,46,观看时长下降
CHURN00001823,U0003098,2026-08-28,high,32,活跃频次下降
CHURN00001824,U0003100,2026-08-28,medium,8,活跃频次下降
CHURN00001825,U0003101,2026-08-28,medium,12,活跃频次下降
CHURN00001826,U0003105,2026-08-28,medium,23,连续未登录
CHURN00001827,U0003106,2026-08-28,medium,28,活跃频次下降
CHURN00001828,U0003107,2026-08-28,medium,18,观看时长下降
CHURN00001829,U0003108,2026-08-28,medium,10,连续未登录
CHURN00001830,U0003109,2026-08-28,high,56,观看时长下降
CHURN00001831,U0003112,2026-08-28,medium,19,活跃频次下降
CHURN00001832,U0003114,2026-08-28,medium,10,活跃频次下降
CHURN00001833,U0003115,2026-08-28,high,183,观看时长下降
CHURN00001834,U0003116,2026-08-28,high,115,连续未登录
CHURN00001835,U0003117,2026-08-28,high,85,活跃频次下降
CHURN00001836,U0003118,2026-08-28,high,45,连续未登录
CHURN00001837,U0003120,2026-08-28,medium,9,连续未登录
CHURN00001838,U0003121,2026-08-28,medium,30,连续未登录
CHURN00001839,U0003122,2026-08-28,medium,23,活跃频次下降
CHURN00001840,U0003123,2026-08-28,high,42,活跃频次下降
CHURN00001841,U0003124,2026-08-28,medium,25,活跃频次下降
CHURN00001842,U0003125,2026-08-28,high,53,连续未登录
CHURN00001843,U0003127,2026-08-28,high,113,活跃频次下降
CHURN00001844,U0003128,2026-08-28,medium,26,连续未登录
CHURN00001845,U0003132,2026-08-28,medium,15,连续未登录
CHURN00001846,U0003134,2026-08-28,high,78,活跃频次下降
CHURN00001847,U0003135,2026-08-28,medium,23,活跃频次下降
CHURN00001848,U0003139,2026-08-28,medium,30,连续未登录
CHURN00001849,U0003142,2026-08-28,medium,15,活跃频次下降
CHURN00001850,U0003143,2026-08-28,medium,20,连续未登录
CHURN00001851,U0003144,2026-08-28,medium,9,活跃频次下降
CHURN00001852,U0003145,2026-08-28,medium,9,连续未登录
CHURN00001853,U0003148,2026-08-28,high,60,观看时长下降
CHURN00001854,U0003149,2026-08-28,medium,11,连续未登录
CHURN00001855,U0003151,2026-08-28,high,207,连续未登录
CHURN00001856,U0003152,2026-08-28,high,76,观看时长下降
CHURN00001857,U0003153,2026-08-28,medium,21,活跃频次下降
CHURN00001858,U0003154,2026-08-28,high,32,活跃频次下降
CHURN00001859,U0003158,2026-08-28,medium,11,观看时长下降
CHURN00001860,U0003159,2026-08-28,medium,26,活跃频次下降
CHURN00001861,U0003160,2026-08-28,high,77,观看时长下降
CHURN00001862,U0003161,2026-08-28,high,101,活跃频次下降
CHURN00001863,U0003162,2026-08-28,high,44,观看时长下降
CHURN00001864,U0003163,2026-08-28,medium,8,活跃频次下降
CHURN00001865,U0003164,2026-08-28,medium,8,活跃频次下降
CHURN00001866,U0003165,2026-08-28,high,38,连续未登录
CHURN00001867,U0003166,2026-08-28,high,201,观看时长下降
CHURN00001868,U0003167,2026-08-28,medium,10,连续未登录
CHURN00001869,U0003169,2026-08-28,medium,11,连续未登录
CHURN00001870,U0003170,2026-08-28,high,34,观看时长下降
CHURN00001871,U0003173,2026-08-28,high,119,观看时长下降
CHURN00001872,U0003174,2026-08-28,medium,8,连续未登录
CHURN00001873,U0003175,2026-08-28,medium,14,连续未登录
CHURN00001874,U0003176,2026-08-28,high,101,观看时长下降
CHURN00001875,U0003177,2026-08-28,high,50,连续未登录
CHURN00001876,U0003178,2026-08-28,medium,9,连续未登录
CHURN00001877,U0003179,2026-08-28,medium,28,连续未登录
CHURN00001878,U0003181,2026-08-28,medium,8,连续未登录
CHURN00001879,U0003183,2026-08-28,high,40,活跃频次下降
CHURN00001880,U0003184,2026-08-28,medium,24,活跃频次下降
CHURN00001881,U0003185,2026-08-28,medium,16,连续未登录
CHURN00001882,U0003186,2026-08-28,high,37,活跃频次下降
CHURN00001883,U0003187,2026-08-28,medium,13,连续未登录
CHURN00001884,U0003189,2026-08-28,medium,18,连续未登录
CHURN00001885,U0003190,2026-08-28,medium,16,连续未登录
CHURN00001886,U0003192,2026-08-28,medium,29,活跃频次下降
CHURN00001887,U0003195,2026-08-28,medium,12,连续未登录
CHURN00001888,U0003196,2026-08-28,medium,14,连续未登录
CHURN00001889,U0003197,2026-08-28,medium,8,观看时长下降
CHURN00001890,U0003199,2026-08-28,medium,15,活跃频次下降
CHURN00001891,U0003200,2026-08-28,high,114,活跃频次下降
CHURN00001892,U0003201,2026-08-28,high,104,观看时长下降
CHURN00001893,U0003202,2026-08-28,medium,29,连续未登录
CHURN00001894,U0003203,2026-08-28,medium,12,观看时长下降
CHURN00001895,U0003204,2026-08-28,high,67,连续未登录
CHURN00001896,U0003205,2026-08-28,medium,14,连续未登录
CHURN00001897,U0003207,2026-08-28,medium,11,观看时长下降
CHURN00001898,U0003209,2026-08-28,high,149,活跃频次下降
CHURN00001899,U0003211,2026-08-28,high,53,活跃频次下降
CHURN00001900,U0003212,2026-08-28,high,57,连续未登录
CHURN00001901,U0003213,2026-08-28,high,148,活跃频次下降
CHURN00001902,U0003214,2026-08-28,high,51,观看时长下降
CHURN00001903,U0003215,2026-08-28,high,94,活跃频次下降
CHURN00001904,U0003219,2026-08-28,high,36,观看时长下降
CHURN00001905,U0003220,2026-08-28,high,34,活跃频次下降
CHURN00001906,U0003221,2026-08-28,medium,24,连续未登录
CHURN00001907,U0003222,2026-08-28,high,176,连续未登录
CHURN00001908,U0003225,2026-08-28,medium,20,连续未登录
CHURN00001909,U0003226,2026-08-28,medium,17,连续未登录
CHURN00001910,U0003231,2026-08-28,high,80,连续未登录
CHURN00001911,U0003232,2026-08-28,medium,26,观看时长下降
CHURN00001912,U0003233,2026-08-28,high,60,连续未登录
CHURN00001913,U0003234,2026-08-28,high,135,活跃频次下降
CHURN00001914,U0003235,2026-08-28,medium,14,连续未登录
CHURN00001915,U0003237,2026-08-28,high,44,连续未登录
CHURN00001916,U0003239,2026-08-28,high,202,观看时长下降
CHURN00001917,U0003241,2026-08-28,high,46,连续未登录
CHURN00001918,U0003242,2026-08-28,medium,8,观看时长下降
CHURN00001919,U0003243,2026-08-28,high,116,连续未登录
CHURN00001920,U0003244,2026-08-28,medium,11,活跃频次下降
CHURN00001921,U0003246,2026-08-28,high,64,活跃频次下降
CHURN00001922,U0003247,2026-08-28,medium,11,连续未登录
CHURN00001923,U0003248,2026-08-28,medium,27,活跃频次下降
CHURN00001924,U0003252,2026-08-28,high,34,观看时长下降
CHURN00001925,U0003253,2026-08-28,medium,21,连续未登录
CHURN00001926,U0003254,2026-08-28,medium,11,连续未登录
CHURN00001927,U0003256,2026-08-28,medium,8,观看时长下降
CHURN00001928,U0003259,2026-08-28,medium,12,活跃频次下降
CHURN00001929,U0003260,2026-08-28,medium,26,活跃频次下降
CHURN00001930,U0003262,2026-08-28,high,33,活跃频次下降
CHURN00001931,U0003263,2026-08-28,medium,12,活跃频次下降
CHURN00001932,U0003264,2026-08-28,medium,10,连续未登录
CHURN00001933,U0003265,2026-08-28,high,34,活跃频次下降
CHURN00001934,U0003266,2026-08-28,medium,13,连续未登录
CHURN00001935,U0003267,2026-08-28,high,43,活跃频次下降
CHURN00001936,U0003269,2026-08-28,high,94,活跃频次下降
CHURN00001937,U0003270,2026-08-28,medium,19,活跃频次下降
CHURN00001938,U0003272,2026-08-28,high,51,连续未登录
CHURN00001939,U0003274,2026-08-28,medium,9,活跃频次下降
CHURN00001940,U0003276,2026-08-28,high,100,连续未登录
CHURN00001941,U0003278,2026-08-28,medium,21,连续未登录
CHURN00001942,U0003280,2026-08-28,high,130,连续未登录
CHURN00001943,U0003282,2026-08-28,medium,19,连续未登录
CHURN00001944,U0003286,2026-08-28,medium,29,连续未登录
CHURN00001945,U0003288,2026-08-28,medium,24,活跃频次下降
CHURN00001946,U0003289,2026-08-28,high,196,连续未登录
CHURN00001947,U0003290,2026-08-28,medium,28,活跃频次下降
CHURN00001948,U0003292,2026-08-28,high,35,连续未登录
CHURN00001949,U0003293,2026-08-28,high,153,活跃频次下降
CHURN00001950,U0003299,2026-08-28,high,132,连续未登录
CHURN00001951,U0003300,2026-08-28,medium,12,观看时长下降
CHURN00001952,U0003301,2026-08-28,high,85,观看时长下降
CHURN00001953,U0003302,2026-08-28,high,36,活跃频次下降
CHURN00001954,U0003304,2026-08-28,high,152,观看时长下降
CHURN00001955,U0003305,2026-08-28,medium,9,连续未登录
CHURN00001956,U0003306,2026-08-28,medium,22,连续未登录
CHURN00001957,U0003307,2026-08-28,high,32,观看时长下降
CHURN00001958,U0003309,2026-08-28,medium,8,连续未登录
CHURN00001959,U0003310,2026-08-28,high,65,连续未登录
CHURN00001960,U0003311,2026-08-28,medium,28,活跃频次下降
CHURN00001961,U0003313,2026-08-28,medium,17,活跃频次下降
CHURN00001962,U0003314,2026-08-28,high,36,观看时长下降
CHURN00001963,U0003316,2026-08-28,medium,8,观看时长下降
CHURN00001964,U0003317,2026-08-28,medium,30,活跃频次下降
CHURN00001965,U0003318,2026-08-28,medium,25,活跃频次下降
CHURN00001966,U0003320,2026-08-28,high,111,活跃频次下降
CHURN00001967,U0003322,2026-08-28,medium,15,观看时长下降
CHURN00001968,U0003323,2026-08-28,medium,15,活跃频次下降
CHURN00001969,U0003325,2026-08-28,high,55,观看时长下降
CHURN00001970,U0003326,2026-08-28,high,115,活跃频次下降
CHURN00001971,U0003330,2026-08-28,medium,22,活跃频次下降
CHURN00001972,U0003331,2026-08-28,medium,24,连续未登录
CHURN00001973,U0003332,2026-08-28,high,161,连续未登录
CHURN00001974,U0003337,2026-08-28,high,44,活跃频次下降
CHURN00001975,U0003338,2026-08-28,medium,13,连续未登录
CHURN00001976,U0003340,2026-08-28,high,48,连续未登录
CHURN00001977,U0003341,2026-08-28,medium,10,连续未登录
CHURN00001978,U0003343,2026-08-28,medium,8,连续未登录
CHURN00001979,U0003346,2026-08-28,medium,18,观看时长下降
CHURN00001980,U0003347,2026-08-28,medium,29,连续未登录
CHURN00001981,U0003348,2026-08-28,medium,18,连续未登录
CHURN00001982,U0003351,2026-08-28,medium,11,活跃频次下降
CHURN00001983,U0003353,2026-08-28,medium,10,活跃频次下降
CHURN00001984,U0003354,2026-08-28,high,70,观看时长下降
CHURN00001985,U0003355,2026-08-28,medium,17,活跃频次下降
CHURN00001986,U0003356,2026-08-28,medium,20,连续未登录
CHURN00001987,U0003358,2026-08-28,medium,24,活跃频次下降
CHURN00001988,U0003359,2026-08-28,medium,19,观看时长下降
CHURN00001989,U0003360,2026-08-28,high,108,观看时长下降
CHURN00001990,U0003361,2026-08-28,high,49,连续未登录
CHURN00001991,U0003364,2026-08-28,medium,19,连续未登录
CHURN00001992,U0003365,2026-08-28,high,121,观看时长下降
CHURN00001993,U0003367,2026-08-28,medium,20,观看时长下降
CHURN00001994,U0003369,2026-08-28,high,40,连续未登录
CHURN00001995,U0003370,2026-08-28,high,136,观看时长下降
CHURN00001996,U0003371,2026-08-28,high,62,连续未登录
CHURN00001997,U0003372,2026-08-28,medium,8,观看时长下降
CHURN00001998,U0003374,2026-08-28,high,66,观看时长下降
CHURN00001999,U0003376,2026-08-28,high,41,观看时长下降
CHURN00002000,U0003377,2026-08-28,high,47,活跃频次下降
CHURN00002001,U0003379,2026-08-28,medium,12,观看时长下降
CHURN00002002,U0003380,2026-08-28,medium,10,连续未登录
CHURN00002003,U0003381,2026-08-28,medium,20,活跃频次下降
CHURN00002004,U0003382,2026-08-28,medium,13,活跃频次下降
CHURN00002005,U0003383,2026-08-28,high,63,连续未登录
CHURN00002006,U0003384,2026-08-28,high,165,连续未登录
CHURN00002007,U0003386,2026-08-28,medium,9,连续未登录
CHURN00002008,U0003387,2026-08-28,medium,10,连续未登录
CHURN00002009,U0003388,2026-08-28,high,57,活跃频次下降
CHURN00002010,U0003390,2026-08-28,medium,12,活跃频次下降
CHURN00002011,U0003391,2026-08-28,medium,12,观看时长下降
CHURN00002012,U0003392,2026-08-28,high,211,活跃频次下降
CHURN00002013,U0003395,2026-08-28,medium,28,活跃频次下降
CHURN00002014,U0003396,2026-08-28,medium,14,观看时长下降
CHURN00002015,U0003400,2026-08-28,high,66,连续未登录
CHURN00002016,U0003405,2026-08-28,medium,10,连续未登录
CHURN00002017,U0003407,2026-08-28,medium,29,活跃频次下降
CHURN00002018,U0003408,2026-08-28,medium,28,活跃频次下降
CHURN00002019,U0003409,2026-08-28,high,96,连续未登录
CHURN00002020,U0003410,2026-08-28,medium,10,连续未登录
CHURN00002021,U0003411,2026-08-28,medium,9,连续未登录
CHURN00002022,U0003412,2026-08-28,high,50,连续未登录
CHURN00002023,U0003413,2026-08-28,medium,10,观看时长下降
CHURN00002024,U0003414,2026-08-28,medium,20,活跃频次下降
CHURN00002025,U0003415,2026-08-28,high,73,活跃频次下降
CHURN00002026,U0003417,2026-08-28,high,89,连续未登录
CHURN00002027,U0003419,2026-08-28,high,126,活跃频次下降
CHURN00002028,U0003420,2026-08-28,high,65,连续未登录
CHURN00002029,U0003422,2026-08-28,medium,10,观看时长下降
CHURN00002030,U0003423,2026-08-28,high,83,活跃频次下降
CHURN00002031,U0003424,2026-08-28,high,86,连续未登录
CHURN00002032,U0003425,2026-08-28,medium,16,观看时长下降
CHURN00002033,U0003427,2026-08-28,high,155,连续未登录
CHURN00002034,U0003428,2026-08-28,medium,17,观看时长下降
CHURN00002035,U0003429,2026-08-28,medium,20,观看时长下降
CHURN00002036,U0003432,2026-08-28,medium,8,连续未登录
CHURN00002037,U0003433,2026-08-28,medium,10,连续未登录
CHURN00002038,U0003434,2026-08-28,medium,12,活跃频次下降
CHURN00002039,U0003435,2026-08-28,medium,14,观看时长下降
CHURN00002040,U0003436,2026-08-28,medium,12,连续未登录
CHURN00002041,U0003437,2026-08-28,high,47,连续未登录
CHURN00002042,U0003439,2026-08-28,high,65,活跃频次下降
CHURN00002043,U0003440,2026-08-28,high,31,观看时长下降
CHURN00002044,U0003442,2026-08-28,medium,23,连续未登录
CHURN00002045,U0003444,2026-08-28,high,129,连续未登录
CHURN00002046,U0003445,2026-08-28,high,130,活跃频次下降
CHURN00002047,U0003446,2026-08-28,medium,16,活跃频次下降
CHURN00002048,U0003448,2026-08-28,high,89,观看时长下降
CHURN00002049,U0003450,2026-08-28,medium,8,活跃频次下降
CHURN00002050,U0003452,2026-08-28,high,31,连续未登录
CHURN00002051,U0003453,2026-08-28,high,95,连续未登录
CHURN00002052,U0003454,2026-08-28,high,36,连续未登录
CHURN00002053,U0003455,2026-08-28,high,38,连续未登录
CHURN00002054,U0003458,2026-08-28,high,42,观看时长下降
CHURN00002055,U0003459,2026-08-28,medium,8,连续未登录
CHURN00002056,U0003460,2026-08-28,high,74,观看时长下降
CHURN00002057,U0003463,2026-08-28,medium,15,观看时长下降
CHURN00002058,U0003468,2026-08-28,high,36,活跃频次下降
CHURN00002059,U0003470,2026-08-28,high,43,活跃频次下降
CHURN00002060,U0003471,2026-08-28,high,35,连续未登录
CHURN00002061,U0003472,2026-08-28,high,34,活跃频次下降
CHURN00002062,U0003473,2026-08-28,medium,30,活跃频次下降
CHURN00002063,U0003474,2026-08-28,medium,13,连续未登录
CHURN00002064,U0003475,2026-08-28,high,50,活跃频次下降
CHURN00002065,U0003476,2026-08-28,high,38,观看时长下降
CHURN00002066,U0003477,2026-08-28,high,61,观看时长下降
CHURN00002067,U0003479,2026-08-28,high,98,观看时长下降
CHURN00002068,U0003480,2026-08-28,high,82,连续未登录
CHURN00002069,U0003481,2026-08-28,medium,16,观看时长下降
CHURN00002070,U0003482,2026-08-28,medium,29,连续未登录
CHURN00002071,U0003484,2026-08-28,medium,23,观看时长下降
CHURN00002072,U0003485,2026-08-28,medium,28,活跃频次下降
CHURN00002073,U0003486,2026-08-28,medium,11,连续未登录
CHURN00002074,U0003488,2026-08-28,medium,27,连续未登录
CHURN00002075,U0003489,2026-08-28,medium,12,活跃频次下降
CHURN00002076,U0003491,2026-08-28,medium,29,连续未登录
CHURN00002077,U0003492,2026-08-28,high,107,活跃频次下降
CHURN00002078,U0003493,2026-08-28,medium,9,活跃频次下降
CHURN00002079,U0003494,2026-08-28,medium,15,活跃频次下降
CHURN00002080,U0003495,2026-08-28,medium,10,连续未登录
CHURN00002081,U0003498,2026-08-28,medium,20,连续未登录
CHURN00002082,U0003499,2026-08-28,medium,25,活跃频次下降
CHURN00002083,U0003501,2026-08-28,high,54,连续未登录
CHURN00002084,U0003503,2026-08-28,medium,28,连续未登录
CHURN00002085,U0003508,2026-08-28,medium,29,观看时长下降
CHURN00002086,U0003509,2026-08-28,high,38,连续未登录
CHURN00002087,U0003515,2026-08-28,high,99,连续未登录
CHURN00002088,U0003516,2026-08-28,medium,11,连续未登录
CHURN00002089,U0003517,2026-08-28,high,45,连续未登录
CHURN00002090,U0003519,2026-08-28,high,37,活跃频次下降
CHURN00002091,U0003520,2026-08-28,high,63,观看时长下降
CHURN00002092,U0003521,2026-08-28,medium,20,连续未登录
CHURN00002093,U0003525,2026-08-28,high,52,观看时长下降
CHURN00002094,U0003526,2026-08-28,medium,22,观看时长下降
CHURN00002095,U0003527,2026-08-28,medium,25,连续未登录
CHURN00002096,U0003528,2026-08-28,medium,8,连续未登录
CHURN00002097,U0003532,2026-08-28,high,89,活跃频次下降
CHURN00002098,U0003534,2026-08-28,high,40,连续未登录
CHURN00002099,U0003535,2026-08-28,medium,19,活跃频次下降
CHURN00002100,U0003537,2026-08-28,medium,18,观看时长下降
CHURN00002101,U0003538,2026-08-28,medium,15,观看时长下降
CHURN00002102,U0003542,2026-08-28,medium,15,连续未登录
CHURN00002103,U0003544,2026-08-28,high,88,观看时长下降
CHURN00002104,U0003545,2026-08-28,high,152,观看时长下降
CHURN00002105,U0003546,2026-08-28,medium,21,连续未登录
CHURN00002106,U0003549,2026-08-28,medium,16,活跃频次下降
CHURN00002107,U0003552,2026-08-28,high,92,观看时长下降
CHURN00002108,U0003553,2026-08-28,high,39,连续未登录
CHURN00002109,U0003554,2026-08-28,medium,8,活跃频次下降
CHURN00002110,U0003555,2026-08-28,high,158,观看时长下降
CHURN00002111,U0003556,2026-08-28,high,38,活跃频次下降
CHURN00002112,U0003557,2026-08-28,medium,17,观看时长下降
CHURN00002113,U0003560,2026-08-28,medium,16,观看时长下降
CHURN00002114,U0003561,2026-08-28,medium,26,活跃频次下降
CHURN00002115,U0003564,2026-08-28,medium,19,观看时长下降
CHURN00002116,U0003566,2026-08-28,high,39,活跃频次下降
CHURN00002117,U0003570,2026-08-28,medium,12,连续未登录
CHURN00002118,U0003571,2026-08-28,high,36,活跃频次下降
CHURN00002119,U0003572,2026-08-28,high,54,观看时长下降
CHURN00002120,U0003573,2026-08-28,high,159,观看时长下降
CHURN00002121,U0003577,2026-08-28,medium,20,活跃频次下降
CHURN00002122,U0003578,2026-08-28,medium,8,连续未登录
CHURN00002123,U0003581,2026-08-28,medium,8,连续未登录
CHURN00002124,U0003584,2026-08-28,medium,11,活跃频次下降
CHURN00002125,U0003588,2026-08-28,high,104,活跃频次下降
CHURN00002126,U0003589,2026-08-28,medium,12,连续未登录
CHURN00002127,U0003590,2026-08-28,medium,15,活跃频次下降
CHURN00002128,U0003592,2026-08-28,high,49,观看时长下降
CHURN00002129,U0003593,2026-08-28,medium,13,活跃频次下降
CHURN00002130,U0003594,2026-08-28,medium,12,活跃频次下降
CHURN00002131,U0003596,2026-08-28,high,96,观看时长下降
CHURN00002132,U0003597,2026-08-28,medium,17,活跃频次下降
CHURN00002133,U0003599,2026-08-28,high,130,活跃频次下降
CHURN00002134,U0003600,2026-08-28,medium,9,观看时长下降
CHURN00002135,U0003602,2026-08-28,high,36,观看时长下降
CHURN00002136,U0003603,2026-08-28,medium,8,连续未登录
CHURN00002137,U0003604,2026-08-28,high,51,观看时长下降
CHURN00002138,U0003606,2026-08-28,medium,18,连续未登录
CHURN00002139,U0003608,2026-08-28,medium,12,连续未登录
CHURN00002140,U0003609,2026-08-28,high,31,观看时长下降
CHURN00002141,U0003613,2026-08-28,high,86,活跃频次下降
CHURN00002142,U0003615,2026-08-28,medium,12,连续未登录
CHURN00002143,U0003618,2026-08-28,high,179,观看时长下降
CHURN00002144,U0003619,2026-08-28,high,91,连续未登录
CHURN00002145,U0003620,2026-08-28,high,133,连续未登录
CHURN00002146,U0003621,2026-08-28,medium,28,连续未登录
CHURN00002147,U0003622,2026-08-28,high,73,活跃频次下降
CHURN00002148,U0003623,2026-08-28,medium,8,活跃频次下降
CHURN00002149,U0003624,2026-08-28,high,54,观看时长下降
CHURN00002150,U0003625,2026-08-28,high,102,连续未登录
CHURN00002151,U0003627,2026-08-28,medium,15,观看时长下降
CHURN00002152,U0003628,2026-08-28,high,32,活跃频次下降
CHURN00002153,U0003629,2026-08-28,high,59,连续未登录
CHURN00002154,U0003630,2026-08-28,medium,9,连续未登录
CHURN00002155,U0003636,2026-08-28,medium,28,活跃频次下降
CHURN00002156,U0003637,2026-08-28,high,54,连续未登录
CHURN00002157,U0003639,2026-08-28,medium,20,观看时长下降
CHURN00002158,U0003640,2026-08-28,medium,20,连续未登录
CHURN00002159,U0003641,2026-08-28,medium,26,观看时长下降
CHURN00002160,U0003642,2026-08-28,high,71,连续未登录
CHURN00002161,U0003643,2026-08-28,high,54,观看时长下降
CHURN00002162,U0003647,2026-08-28,medium,16,活跃频次下降
CHURN00002163,U0003649,2026-08-28,medium,12,连续未登录
CHURN00002164,U0003651,2026-08-28,medium,25,观看时长下降
CHURN00002165,U0003652,2026-08-28,medium,13,连续未登录
CHURN00002166,U0003653,2026-08-28,medium,16,连续未登录
CHURN00002167,U0003655,2026-08-28,medium,16,连续未登录
CHURN00002168,U0003656,2026-08-28,high,33,观看时长下降
CHURN00002169,U0003661,2026-08-28,high,85,活跃频次下降
CHURN00002170,U0003662,2026-08-28,high,96,观看时长下降
CHURN00002171,U0003664,2026-08-28,medium,22,连续未登录
CHURN00002172,U0003666,2026-08-28,high,64,连续未登录
CHURN00002173,U0003668,2026-08-28,high,38,连续未登录
CHURN00002174,U0003669,2026-08-28,medium,10,活跃频次下降
CHURN00002175,U0003671,2026-08-28,high,36,连续未登录
CHURN00002176,U0003672,2026-08-28,high,80,活跃频次下降
CHURN00002177,U0003674,2026-08-28,medium,20,连续未登录
CHURN00002178,U0003680,2026-08-28,high,38,连续未登录
CHURN00002179,U0003681,2026-08-28,high,163,活跃频次下降
CHURN00002180,U0003682,2026-08-28,high,132,连续未登录
CHURN00002181,U0003686,2026-08-28,medium,26,观看时长下降
CHURN00002182,U0003688,2026-08-28,high,138,观看时长下降
CHURN00002183,U0003689,2026-08-28,medium,22,观看时长下降
CHURN00002184,U0003691,2026-08-28,high,81,活跃频次下降
CHURN00002185,U0003693,2026-08-28,high,34,观看时长下降
CHURN00002186,U0003694,2026-08-28,medium,11,活跃频次下降
CHURN00002187,U0003695,2026-08-28,medium,19,活跃频次下降
CHURN00002188,U0003696,2026-08-28,medium,9,活跃频次下降
CHURN00002189,U0003697,2026-08-28,medium,24,活跃频次下降
CHURN00002190,U0003698,2026-08-28,medium,8,连续未登录
CHURN00002191,U0003699,2026-08-28,medium,9,连续未登录
CHURN00002192,U0003700,2026-08-28,high,74,活跃频次下降
CHURN00002193,U0003702,2026-08-28,medium,23,连续未登录
CHURN00002194,U0003706,2026-08-28,high,95,连续未登录
CHURN00002195,U0003707,2026-08-28,medium,24,观看时长下降
CHURN00002196,U0003708,2026-08-28,medium,8,活跃频次下降
CHURN00002197,U0003710,2026-08-28,high,156,观看时长下降
CHURN00002198,U0003712,2026-08-28,high,70,活跃频次下降
CHURN00002199,U0003713,2026-08-28,high,31,连续未登录
CHURN00002200,U0003716,2026-08-28,high,185,连续未登录
CHURN00002201,U0003719,2026-08-28,medium,15,连续未登录
CHURN00002202,U0003721,2026-08-28,medium,29,观看时长下降
CHURN00002203,U0003722,2026-08-28,medium,16,观看时长下降
CHURN00002204,U0003723,2026-08-28,high,52,连续未登录
CHURN00002205,U0003724,2026-08-28,medium,10,观看时长下降
CHURN00002206,U0003726,2026-08-28,medium,9,观看时长下降
CHURN00002207,U0003729,2026-08-28,medium,20,连续未登录
CHURN00002208,U0003732,2026-08-28,high,109,活跃频次下降
CHURN00002209,U0003734,2026-08-28,high,81,连续未登录
CHURN00002210,U0003735,2026-08-28,high,43,连续未登录
CHURN00002211,U0003736,2026-08-28,high,143,观看时长下降
CHURN00002212,U0003737,2026-08-28,medium,14,活跃频次下降
CHURN00002213,U0003739,2026-08-28,medium,20,连续未登录
CHURN00002214,U0003740,2026-08-28,medium,18,连续未登录
CHURN00002215,U0003743,2026-08-28,medium,22,连续未登录
CHURN00002216,U0003746,2026-08-28,high,63,活跃频次下降
CHURN00002217,U0003748,2026-08-28,medium,16,连续未登录
CHURN00002218,U0003750,2026-08-28,high,51,活跃频次下降
CHURN00002219,U0003751,2026-08-28,medium,9,连续未登录
CHURN00002220,U0003752,2026-08-28,high,42,观看时长下降
CHURN00002221,U0003758,2026-08-28,high,225,连续未登录
CHURN00002222,U0003761,2026-08-28,high,52,观看时长下降
CHURN00002223,U0003762,2026-08-28,medium,19,连续未登录
CHURN00002224,U0003763,2026-08-28,medium,17,活跃频次下降
CHURN00002225,U0003765,2026-08-28,medium,23,活跃频次下降
CHURN00002226,U0003767,2026-08-28,high,150,连续未登录
CHURN00002227,U0003768,2026-08-28,medium,8,活跃频次下降
CHURN00002228,U0003770,2026-08-28,medium,13,活跃频次下降
CHURN00002229,U0003772,2026-08-28,medium,16,连续未登录
CHURN00002230,U0003774,2026-08-28,high,63,活跃频次下降
CHURN00002231,U0003777,2026-08-28,medium,30,连续未登录
CHURN00002232,U0003779,2026-08-28,medium,18,活跃频次下降
CHURN00002233,U0003780,2026-08-28,medium,19,活跃频次下降
CHURN00002234,U0003784,2026-08-28,high,79,连续未登录
CHURN00002235,U0003786,2026-08-28,high,145,连续未登录
CHURN00002236,U0003787,2026-08-28,high,32,活跃频次下降
CHURN00002237,U0003789,2026-08-28,high,77,观看时长下降
CHURN00002238,U0003791,2026-08-28,high,46,连续未登录
CHURN00002239,U0003792,2026-08-28,high,85,连续未登录
CHURN00002240,U0003794,2026-08-28,medium,20,连续未登录
CHURN00002241,U0003796,2026-08-28,high,88,观看时长下降
CHURN00002242,U0003797,2026-08-28,high,142,观看时长下降
CHURN00002243,U0003798,2026-08-28,medium,9,连续未登录
CHURN00002244,U0003801,2026-08-28,medium,21,连续未登录
CHURN00002245,U0003802,2026-08-28,high,50,活跃频次下降
CHURN00002246,U0003803,2026-08-28,medium,24,活跃频次下降
CHURN00002247,U0003805,2026-08-28,high,62,连续未登录
CHURN00002248,U0003806,2026-08-28,high,111,观看时长下降
CHURN00002249,U0003807,2026-08-28,medium,12,活跃频次下降
CHURN00002250,U0003808,2026-08-28,high,102,连续未登录
CHURN00002251,U0003809,2026-08-28,medium,12,连续未登录
CHURN00002252,U0003810,2026-08-28,high,34,活跃频次下降
CHURN00002253,U0003811,2026-08-28,high,89,观看时长下降
CHURN00002254,U0003812,2026-08-28,high,135,活跃频次下降
CHURN00002255,U0003814,2026-08-28,medium,15,连续未登录
CHURN00002256,U0003815,2026-08-28,medium,13,连续未登录
CHURN00002257,U0003817,2026-08-28,high,40,连续未登录
CHURN00002258,U0003818,2026-08-28,medium,22,活跃频次下降
CHURN00002259,U0003819,2026-08-28,medium,12,连续未登录
CHURN00002260,U0003822,2026-08-28,high,61,连续未登录
CHURN00002261,U0003824,2026-08-28,medium,8,连续未登录
CHURN00002262,U0003826,2026-08-28,medium,15,连续未登录
CHURN00002263,U0003827,2026-08-28,medium,27,连续未登录
CHURN00002264,U0003831,2026-08-28,medium,9,连续未登录
CHURN00002265,U0003833,2026-08-28,medium,19,观看时长下降
CHURN00002266,U0003835,2026-08-28,high,34,活跃频次下降
CHURN00002267,U0003836,2026-08-28,high,71,活跃频次下降
CHURN00002268,U0003837,2026-08-28,medium,12,连续未登录
CHURN00002269,U0003842,2026-08-28,medium,20,观看时长下降
CHURN00002270,U0003843,2026-08-28,high,79,活跃频次下降
CHURN00002271,U0003844,2026-08-28,high,108,观看时长下降
CHURN00002272,U0003845,2026-08-28,high,134,连续未登录
CHURN00002273,U0003847,2026-08-28,medium,15,活跃频次下降
CHURN00002274,U0003849,2026-08-28,high,99,活跃频次下降
CHURN00002275,U0003850,2026-08-28,high,40,活跃频次下降
CHURN00002276,U0003851,2026-08-28,medium,17,连续未登录
CHURN00002277,U0003852,2026-08-28,medium,23,连续未登录
CHURN00002278,U0003853,2026-08-28,high,147,观看时长下降
CHURN00002279,U0003855,2026-08-28,medium,14,观看时长下降
CHURN00002280,U0003857,2026-08-28,medium,29,观看时长下降
CHURN00002281,U0003859,2026-08-28,high,57,观看时长下降
CHURN00002282,U0003866,2026-08-28,high,33,连续未登录
CHURN00002283,U0003867,2026-08-28,high,37,活跃频次下降
CHURN00002284,U0003868,2026-08-28,medium,9,连续未登录
CHURN00002285,U0003872,2026-08-28,medium,28,连续未登录
CHURN00002286,U0003874,2026-08-28,high,101,活跃频次下降
CHURN00002287,U0003875,2026-08-28,medium,29,观看时长下降
CHURN00002288,U0003877,2026-08-28,medium,17,连续未登录
CHURN00002289,U0003878,2026-08-28,medium,8,连续未登录
CHURN00002290,U0003879,2026-08-28,high,42,连续未登录
CHURN00002291,U0003880,2026-08-28,medium,25,活跃频次下降
CHURN00002292,U0003881,2026-08-28,high,74,活跃频次下降
CHURN00002293,U0003883,2026-08-28,high,38,活跃频次下降
CHURN00002294,U0003884,2026-08-28,medium,22,连续未登录
CHURN00002295,U0003885,2026-08-28,medium,20,观看时长下降
CHURN00002296,U0003888,2026-08-28,medium,14,观看时长下降
CHURN00002297,U0003890,2026-08-28,medium,25,连续未登录
CHURN00002298,U0003891,2026-08-28,medium,11,观看时长下降
CHURN00002299,U0003892,2026-08-28,high,183,活跃频次下降
CHURN00002300,U0003896,2026-08-28,high,38,活跃频次下降
CHURN00002301,U0003900,2026-08-28,high,31,连续未登录
CHURN00002302,U0003901,2026-08-28,high,46,连续未登录
CHURN00002303,U0003902,2026-08-28,high,193,连续未登录
CHURN00002304,U0003903,2026-08-28,high,110,连续未登录
CHURN00002305,U0003905,2026-08-28,high,33,活跃频次下降
CHURN00002306,U0003907,2026-08-28,medium,13,连续未登录
CHURN00002307,U0003908,2026-08-28,high,63,连续未登录
CHURN00002308,U0003910,2026-08-28,high,102,连续未登录
CHURN00002309,U0003911,2026-08-28,medium,24,连续未登录
CHURN00002310,U0003913,2026-08-28,medium,9,连续未登录
CHURN00002311,U0003914,2026-08-28,high,70,活跃频次下降
CHURN00002312,U0003916,2026-08-28,medium,18,活跃频次下降
CHURN00002313,U0003920,2026-08-28,high,90,连续未登录
CHURN00002314,U0003921,2026-08-28,medium,21,连续未登录
CHURN00002315,U0003923,2026-08-28,medium,11,活跃频次下降
CHURN00002316,U0003924,2026-08-28,medium,21,活跃频次下降
CHURN00002317,U0003925,2026-08-28,medium,23,观看时长下降
CHURN00002318,U0003926,2026-08-28,medium,20,活跃频次下降
CHURN00002319,U0003928,2026-08-28,medium,27,连续未登录
CHURN00002320,U0003935,2026-08-28,medium,10,活跃频次下降
CHURN00002321,U0003936,2026-08-28,high,134,连续未登录
CHURN00002322,U0003937,2026-08-28,high,104,观看时长下降
CHURN00002323,U0003940,2026-08-28,high,120,活跃频次下降
CHURN00002324,U0003941,2026-08-28,high,86,连续未登录
CHURN00002325,U0003942,2026-08-28,medium,17,观看时长下降
CHURN00002326,U0003944,2026-08-28,medium,10,连续未登录
CHURN00002327,U0003949,2026-08-28,medium,14,活跃频次下降
CHURN00002328,U0003951,2026-08-28,medium,29,活跃频次下降
CHURN00002329,U0003952,2026-08-28,high,32,连续未登录
CHURN00002330,U0003953,2026-08-28,medium,23,观看时长下降
CHURN00002331,U0003954,2026-08-28,high,71,活跃频次下降
CHURN00002332,U0003956,2026-08-28,medium,23,观看时长下降
CHURN00002333,U0003958,2026-08-28,medium,22,观看时长下降
CHURN00002334,U0003959,2026-08-28,medium,18,活跃频次下降
CHURN00002335,U0003961,2026-08-28,high,52,连续未登录
CHURN00002336,U0003962,2026-08-28,high,47,活跃频次下降
CHURN00002337,U0003963,2026-08-28,high,57,观看时长下降
CHURN00002338,U0003964,2026-08-28,high,68,连续未登录
CHURN00002339,U0003968,2026-08-28,high,52,连续未登录
CHURN00002340,U0003970,2026-08-28,high,44,连续未登录
CHURN00002341,U0003975,2026-08-28,medium,19,观看时长下降
CHURN00002342,U0003976,2026-08-28,high,42,连续未登录
CHURN00002343,U0003977,2026-08-28,high,62,连续未登录
CHURN00002344,U0003978,2026-08-28,high,225,连续未登录
CHURN00002345,U0003979,2026-08-28,medium,13,活跃频次下降
CHURN00002346,U0003981,2026-08-28,medium,15,连续未登录
CHURN00002347,U0003986,2026-08-28,high,49,活跃频次下降
CHURN00002348,U0003987,2026-08-28,medium,17,连续未登录
CHURN00002349,U0003989,2026-08-28,medium,9,连续未登录
CHURN00002350,U0003991,2026-08-28,high,48,连续未登录
CHURN00002351,U0003992,2026-08-28,medium,11,连续未登录
CHURN00002352,U0003994,2026-08-28,medium,13,观看时长下降
CHURN00002353,U0003995,2026-08-28,high,130,活跃频次下降
CHURN00002354,U0003996,2026-08-28,high,58,活跃频次下降
CHURN00002355,U0003998,2026-08-28,high,174,观看时长下降
CHURN00002356,U0003999,2026-08-28,medium,12,连续未登录
CHURN00002357,U0004001,2026-08-28,high,46,连续未登录
CHURN00002358,U0004003,2026-08-28,medium,15,连续未登录
CHURN00002359,U0004004,2026-08-28,medium,10,观看时长下降
CHURN00002360,U0004005,2026-08-28,medium,22,连续未登录
CHURN00002361,U0004008,2026-08-28,high,115,连续未登录
CHURN00002362,U0004010,2026-08-28,high,61,观看时长下降
CHURN00002363,U0004013,2026-08-28,medium,18,观看时长下降
CHURN00002364,U0004014,2026-08-28,medium,27,活跃频次下降
CHURN00002365,U0004015,2026-08-28,medium,19,活跃频次下降
CHURN00002366,U0004017,2026-08-28,high,65,连续未登录
CHURN00002367,U0004018,2026-08-28,medium,11,活跃频次下降
CHURN00002368,U0004019,2026-08-28,high,41,活跃频次下降
CHURN00002369,U0004020,2026-08-28,medium,9,活跃频次下降
CHURN00002370,U0004021,2026-08-28,high,46,观看时长下降
CHURN00002371,U0004023,2026-08-28,medium,9,活跃频次下降
CHURN00002372,U0004024,2026-08-28,high,42,观看时长下降
CHURN00002373,U0004025,2026-08-28,high,108,连续未登录
CHURN00002374,U0004026,2026-08-28,medium,30,连续未登录
CHURN00002375,U0004029,2026-08-28,medium,9,活跃频次下降
CHURN00002376,U0004030,2026-08-28,high,37,连续未登录
CHURN00002377,U0004031,2026-08-28,medium,8,观看时长下降
CHURN00002378,U0004035,2026-08-28,medium,10,活跃频次下降
CHURN00002379,U0004038,2026-08-28,medium,30,活跃频次下降
CHURN00002380,U0004040,2026-08-28,medium,17,观看时长下降
CHURN00002381,U0004042,2026-08-28,high,145,连续未登录
CHURN00002382,U0004043,2026-08-28,medium,18,连续未登录
CHURN00002383,U0004047,2026-08-28,medium,15,活跃频次下降
CHURN00002384,U0004048,2026-08-28,high,35,观看时长下降
CHURN00002385,U0004049,2026-08-28,high,75,观看时长下降
CHURN00002386,U0004052,2026-08-28,high,42,连续未登录
CHURN00002387,U0004053,2026-08-28,medium,21,活跃频次下降
CHURN00002388,U0004054,2026-08-28,high,115,活跃频次下降
CHURN00002389,U0004056,2026-08-28,medium,13,观看时长下降
CHURN00002390,U0004059,2026-08-28,medium,11,活跃频次下降
CHURN00002391,U0004061,2026-08-28,medium,22,连续未登录
CHURN00002392,U0004062,2026-08-28,high,106,活跃频次下降
CHURN00002393,U0004063,2026-08-28,high,85,观看时长下降
CHURN00002394,U0004064,2026-08-28,medium,24,观看时长下降
CHURN00002395,U0004067,2026-08-28,high,35,连续未登录
CHURN00002396,U0004068,2026-08-28,high,50,连续未登录
CHURN00002397,U0004069,2026-08-28,medium,26,连续未登录
CHURN00002398,U0004070,2026-08-28,high,65,连续未登录
CHURN00002399,U0004073,2026-08-28,high,198,连续未登录
CHURN00002400,U0004074,2026-08-28,medium,26,活跃频次下降
CHURN00002401,U0004076,2026-08-28,medium,17,观看时长下降
CHURN00002402,U0004077,2026-08-28,medium,18,连续未登录
CHURN00002403,U0004078,2026-08-28,high,46,活跃频次下降
CHURN00002404,U0004079,2026-08-28,high,63,连续未登录
CHURN00002405,U0004084,2026-08-28,medium,9,连续未登录
CHURN00002406,U0004085,2026-08-28,medium,21,连续未登录
CHURN00002407,U0004087,2026-08-28,high,43,活跃频次下降
CHURN00002408,U0004089,2026-08-28,high,51,观看时长下降
CHURN00002409,U0004091,2026-08-28,medium,8,连续未登录
CHURN00002410,U0004092,2026-08-28,high,63,连续未登录
CHURN00002411,U0004093,2026-08-28,medium,15,活跃频次下降
CHURN00002412,U0004094,2026-08-28,high,114,连续未登录
CHURN00002413,U0004096,2026-08-28,medium,9,连续未登录
CHURN00002414,U0004098,2026-08-28,medium,21,连续未登录
CHURN00002415,U0004099,2026-08-28,medium,9,连续未登录
CHURN00002416,U0004100,2026-08-28,medium,14,活跃频次下降
CHURN00002417,U0004101,2026-08-28,high,69,观看时长下降
CHURN00002418,U0004103,2026-08-28,medium,11,连续未登录
CHURN00002419,U0004104,2026-08-28,medium,11,连续未登录
CHURN00002420,U0004105,2026-08-28,medium,30,活跃频次下降
CHURN00002421,U0004106,2026-08-28,medium,12,连续未登录
CHURN00002422,U0004108,2026-08-28,medium,13,活跃频次下降
CHURN00002423,U0004110,2026-08-28,medium,11,活跃频次下降
CHURN00002424,U0004112,2026-08-28,high,32,活跃频次下降
CHURN00002425,U0004113,2026-08-28,high,75,连续未登录
CHURN00002426,U0004114,2026-08-28,high,56,连续未登录
CHURN00002427,U0004115,2026-08-28,medium,23,连续未登录
CHURN00002428,U0004116,2026-08-28,medium,12,连续未登录
CHURN00002429,U0004117,2026-08-28,medium,23,活跃频次下降
CHURN00002430,U0004119,2026-08-28,medium,13,观看时长下降
CHURN00002431,U0004122,2026-08-28,medium,21,连续未登录
CHURN00002432,U0004125,2026-08-28,high,114,活跃频次下降
CHURN00002433,U0004126,2026-08-28,high,36,连续未登录
CHURN00002434,U0004128,2026-08-28,medium,17,活跃频次下降
CHURN00002435,U0004129,2026-08-28,medium,17,活跃频次下降
CHURN00002436,U0004130,2026-08-28,high,52,活跃频次下降
CHURN00002437,U0004132,2026-08-28,medium,8,连续未登录
CHURN00002438,U0004133,2026-08-28,high,57,连续未登录
CHURN00002439,U0004134,2026-08-28,high,71,连续未登录
CHURN00002440,U0004135,2026-08-28,high,57,活跃频次下降
CHURN00002441,U0004137,2026-08-28,medium,11,观看时长下降
CHURN00002442,U0004142,2026-08-28,medium,11,活跃频次下降
CHURN00002443,U0004144,2026-08-28,high,41,连续未登录
CHURN00002444,U0004145,2026-08-28,high,100,活跃频次下降
CHURN00002445,U0004146,2026-08-28,high,84,活跃频次下降
CHURN00002446,U0004150,2026-08-28,high,46,连续未登录
CHURN00002447,U0004151,2026-08-28,high,130,连续未登录
CHURN00002448,U0004152,2026-08-28,high,80,连续未登录
CHURN00002449,U0004155,2026-08-28,high,235,连续未登录
CHURN00002450,U0004156,2026-08-28,high,60,连续未登录
CHURN00002451,U0004157,2026-08-28,high,60,观看时长下降
CHURN00002452,U0004159,2026-08-28,high,58,连续未登录
CHURN00002453,U0004160,2026-08-28,high,64,连续未登录
CHURN00002454,U0004161,2026-08-28,medium,22,连续未登录
CHURN00002455,U0004162,2026-08-28,medium,17,连续未登录
CHURN00002456,U0004164,2026-08-28,high,62,连续未登录
CHURN00002457,U0004165,2026-08-28,medium,9,观看时长下降
CHURN00002458,U0004166,2026-08-28,medium,9,连续未登录
CHURN00002459,U0004167,2026-08-28,medium,12,活跃频次下降
CHURN00002460,U0004168,2026-08-28,high,61,连续未登录
CHURN00002461,U0004171,2026-08-28,high,62,活跃频次下降
CHURN00002462,U0004173,2026-08-28,medium,8,连续未登录
CHURN00002463,U0004174,2026-08-28,high,79,活跃频次下降
CHURN00002464,U0004175,2026-08-28,high,79,观看时长下降
CHURN00002465,U0004178,2026-08-28,medium,21,观看时长下降
CHURN00002466,U0004180,2026-08-28,high,50,连续未登录
CHURN00002467,U0004182,2026-08-28,high,108,活跃频次下降
CHURN00002468,U0004183,2026-08-28,high,97,观看时长下降
CHURN00002469,U0004187,2026-08-28,medium,15,观看时长下降
CHURN00002470,U0004191,2026-08-28,high,49,观看时长下降
CHURN00002471,U0004192,2026-08-28,high,67,活跃频次下降
CHURN00002472,U0004193,2026-08-28,high,56,活跃频次下降
CHURN00002473,U0004194,2026-08-28,high,56,连续未登录
CHURN00002474,U0004196,2026-08-28,medium,10,活跃频次下降
CHURN00002475,U0004199,2026-08-28,high,37,连续未登录
CHURN00002476,U0004201,2026-08-28,medium,9,连续未登录
CHURN00002477,U0004203,2026-08-28,high,214,活跃频次下降
CHURN00002478,U0004205,2026-08-28,medium,24,连续未登录
CHURN00002479,U0004207,2026-08-28,medium,11,观看时长下降
CHURN00002480,U0004208,2026-08-28,high,55,观看时长下降
CHURN00002481,U0004211,2026-08-28,medium,21,活跃频次下降
CHURN00002482,U0004212,2026-08-28,medium,25,活跃频次下降
CHURN00002483,U0004215,2026-08-28,medium,14,活跃频次下降
CHURN00002484,U0004216,2026-08-28,high,43,活跃频次下降
CHURN00002485,U0004219,2026-08-28,high,31,观看时长下降
CHURN00002486,U0004222,2026-08-28,medium,20,活跃频次下降
CHURN00002487,U0004223,2026-08-28,medium,8,观看时长下降
CHURN00002488,U0004225,2026-08-28,high,79,活跃频次下降
CHURN00002489,U0004227,2026-08-28,medium,8,观看时长下降
CHURN00002490,U0004228,2026-08-28,medium,16,观看时长下降
CHURN00002491,U0004229,2026-08-28,high,68,连续未登录
CHURN00002492,U0004230,2026-08-28,medium,12,连续未登录
CHURN00002493,U0004231,2026-08-28,medium,8,活跃频次下降
CHURN00002494,U0004232,2026-08-28,medium,20,连续未登录
CHURN00002495,U0004234,2026-08-28,high,37,观看时长下降
CHURN00002496,U0004239,2026-08-28,medium,18,连续未登录
CHURN00002497,U0004240,2026-08-28,medium,12,活跃频次下降
CHURN00002498,U0004242,2026-08-28,medium,14,活跃频次下降
CHURN00002499,U0004244,2026-08-28,medium,25,连续未登录
CHURN00002500,U0004245,2026-08-28,high,67,活跃频次下降
CHURN00002501,U0004246,2026-08-28,high,188,活跃频次下降
CHURN00002502,U0004247,2026-08-28,high,141,连续未登录
CHURN00002503,U0004252,2026-08-28,high,31,活跃频次下降
CHURN00002504,U0004253,2026-08-28,high,224,活跃频次下降
CHURN00002505,U0004254,2026-08-28,high,54,活跃频次下降
CHURN00002506,U0004255,2026-08-28,medium,20,连续未登录
CHURN00002507,U0004256,2026-08-28,medium,29,观看时长下降
CHURN00002508,U0004258,2026-08-28,medium,15,连续未登录
CHURN00002509,U0004260,2026-08-28,medium,22,活跃频次下降
CHURN00002510,U0004262,2026-08-28,high,41,活跃频次下降
CHURN00002511,U0004264,2026-08-28,high,36,活跃频次下降
CHURN00002512,U0004268,2026-08-28,medium,22,连续未登录
CHURN00002513,U0004270,2026-08-28,medium,21,连续未登录
CHURN00002514,U0004272,2026-08-28,high,99,活跃频次下降
CHURN00002515,U0004273,2026-08-28,medium,8,观看时长下降
CHURN00002516,U0004275,2026-08-28,high,45,活跃频次下降
CHURN00002517,U0004276,2026-08-28,medium,27,活跃频次下降
CHURN00002518,U0004277,2026-08-28,high,80,连续未登录
CHURN00002519,U0004278,2026-08-28,medium,8,连续未登录
CHURN00002520,U0004280,2026-08-28,medium,10,观看时长下降
CHURN00002521,U0004282,2026-08-28,high,31,连续未登录
CHURN00002522,U0004283,2026-08-28,medium,13,观看时长下降
CHURN00002523,U0004284,2026-08-28,high,42,连续未登录
CHURN00002524,U0004286,2026-08-28,medium,27,连续未登录
CHURN00002525,U0004288,2026-08-28,medium,25,观看时长下降
CHURN00002526,U0004289,2026-08-28,high,36,观看时长下降
CHURN00002527,U0004290,2026-08-28,medium,30,连续未登录
CHURN00002528,U0004293,2026-08-28,medium,25,观看时长下降
CHURN00002529,U0004295,2026-08-28,high,195,活跃频次下降
CHURN00002530,U0004296,2026-08-28,high,60,连续未登录
CHURN00002531,U0004298,2026-08-28,high,50,连续未登录
CHURN00002532,U0004299,2026-08-28,medium,20,活跃频次下降
CHURN00002533,U0004301,2026-08-28,medium,13,活跃频次下降
CHURN00002534,U0004302,2026-08-28,high,43,连续未登录
CHURN00002535,U0004303,2026-08-28,medium,20,观看时长下降
CHURN00002536,U0004304,2026-08-28,high,51,活跃频次下降
CHURN00002537,U0004305,2026-08-28,high,40,连续未登录
CHURN00002538,U0004306,2026-08-28,medium,10,活跃频次下降
CHURN00002539,U0004307,2026-08-28,high,146,连续未登录
CHURN00002540,U0004308,2026-08-28,high,39,活跃频次下降
CHURN00002541,U0004309,2026-08-28,medium,14,观看时长下降
CHURN00002542,U0004310,2026-08-28,high,53,观看时长下降
CHURN00002543,U0004312,2026-08-28,medium,14,活跃频次下降
CHURN00002544,U0004313,2026-08-28,high,32,连续未登录
CHURN00002545,U0004314,2026-08-28,high,92,活跃频次下降
CHURN00002546,U0004317,2026-08-28,medium,11,活跃频次下降
CHURN00002547,U0004318,2026-08-28,medium,28,观看时长下降
CHURN00002548,U0004319,2026-08-28,high,69,观看时长下降
CHURN00002549,U0004320,2026-08-28,medium,29,活跃频次下降
CHURN00002550,U0004322,2026-08-28,high,76,连续未登录
CHURN00002551,U0004324,2026-08-28,high,169,连续未登录
CHURN00002552,U0004325,2026-08-28,medium,12,活跃频次下降
CHURN00002553,U0004326,2026-08-28,high,134,活跃频次下降
CHURN00002554,U0004327,2026-08-28,high,67,连续未登录
CHURN00002555,U0004333,2026-08-28,medium,8,连续未登录
CHURN00002556,U0004335,2026-08-28,medium,24,连续未登录
CHURN00002557,U0004337,2026-08-28,high,89,观看时长下降
CHURN00002558,U0004338,2026-08-28,medium,8,连续未登录
CHURN00002559,U0004346,2026-08-28,high,36,连续未登录
CHURN00002560,U0004347,2026-08-28,high,119,连续未登录
CHURN00002561,U0004352,2026-08-28,medium,10,观看时长下降
CHURN00002562,U0004356,2026-08-28,high,55,连续未登录
CHURN00002563,U0004357,2026-08-28,medium,29,活跃频次下降
CHURN00002564,U0004358,2026-08-28,high,40,观看时长下降
CHURN00002565,U0004360,2026-08-28,high,35,观看时长下降
CHURN00002566,U0004361,2026-08-28,medium,9,连续未登录
CHURN00002567,U0004363,2026-08-28,high,82,连续未登录
CHURN00002568,U0004364,2026-08-28,medium,8,连续未登录
CHURN00002569,U0004365,2026-08-28,high,70,连续未登录
CHURN00002570,U0004370,2026-08-28,medium,11,观看时长下降
CHURN00002571,U0004374,2026-08-28,medium,12,活跃频次下降
CHURN00002572,U0004376,2026-08-28,medium,14,观看时长下降
CHURN00002573,U0004377,2026-08-28,medium,16,活跃频次下降
CHURN00002574,U0004380,2026-08-28,medium,14,连续未登录
CHURN00002575,U0004381,2026-08-28,high,116,活跃频次下降
CHURN00002576,U0004382,2026-08-28,high,45,连续未登录
CHURN00002577,U0004389,2026-08-28,high,178,观看时长下降
CHURN00002578,U0004390,2026-08-28,high,93,观看时长下降
CHURN00002579,U0004392,2026-08-28,medium,10,连续未登录
CHURN00002580,U0004394,2026-08-28,medium,8,活跃频次下降
CHURN00002581,U0004395,2026-08-28,medium,27,活跃频次下降
CHURN00002582,U0004398,2026-08-28,high,47,观看时长下降
CHURN00002583,U0004399,2026-08-28,medium,21,观看时长下降
CHURN00002584,U0004400,2026-08-28,high,180,观看时长下降
CHURN00002585,U0004403,2026-08-28,high,53,观看时长下降
CHURN00002586,U0004404,2026-08-28,high,77,连续未登录
CHURN00002587,U0004405,2026-08-28,high,74,活跃频次下降
CHURN00002588,U0004406,2026-08-28,medium,20,观看时长下降
CHURN00002589,U0004408,2026-08-28,high,32,活跃频次下降
CHURN00002590,U0004410,2026-08-28,high,83,连续未登录
CHURN00002591,U0004411,2026-08-28,medium,27,活跃频次下降
CHURN00002592,U0004413,2026-08-28,high,113,连续未登录
CHURN00002593,U0004414,2026-08-28,high,45,连续未登录
CHURN00002594,U0004416,2026-08-28,high,31,连续未登录
CHURN00002595,U0004417,2026-08-28,high,172,连续未登录
CHURN00002596,U0004419,2026-08-28,medium,25,活跃频次下降
CHURN00002597,U0004420,2026-08-28,medium,10,观看时长下降
CHURN00002598,U0004422,2026-08-28,medium,22,连续未登录
CHURN00002599,U0004424,2026-08-28,medium,11,观看时长下降
CHURN00002600,U0004427,2026-08-28,high,174,活跃频次下降
CHURN00002601,U0004428,2026-08-28,high,175,连续未登录
CHURN00002602,U0004429,2026-08-28,high,45,连续未登录
CHURN00002603,U0004431,2026-08-28,high,156,活跃频次下降
CHURN00002604,U0004432,2026-08-28,high,119,连续未登录
CHURN00002605,U0004434,2026-08-28,medium,14,连续未登录
CHURN00002606,U0004435,2026-08-28,high,206,活跃频次下降
CHURN00002607,U0004438,2026-08-28,medium,8,连续未登录
CHURN00002608,U0004439,2026-08-28,high,109,活跃频次下降
CHURN00002609,U0004440,2026-08-28,medium,18,连续未登录
CHURN00002610,U0004441,2026-08-28,high,57,活跃频次下降
CHURN00002611,U0004442,2026-08-28,high,38,连续未登录
CHURN00002612,U0004443,2026-08-28,high,82,连续未登录
CHURN00002613,U0004445,2026-08-28,medium,20,连续未登录
CHURN00002614,U0004447,2026-08-28,medium,21,连续未登录
CHURN00002615,U0004449,2026-08-28,high,35,观看时长下降
CHURN00002616,U0004450,2026-08-28,medium,8,连续未登录
CHURN00002617,U0004453,2026-08-28,medium,9,连续未登录
CHURN00002618,U0004454,2026-08-28,high,34,连续未登录
CHURN00002619,U0004455,2026-08-28,medium,20,连续未登录
CHURN00002620,U0004460,2026-08-28,high,43,活跃频次下降
CHURN00002621,U0004462,2026-08-28,high,130,观看时长下降
CHURN00002622,U0004464,2026-08-28,medium,27,观看时长下降
CHURN00002623,U0004465,2026-08-28,medium,10,连续未登录
CHURN00002624,U0004466,2026-08-28,high,84,连续未登录
CHURN00002625,U0004467,2026-08-28,medium,8,观看时长下降
CHURN00002626,U0004468,2026-08-28,high,38,连续未登录
CHURN00002627,U0004469,2026-08-28,medium,17,观看时长下降
CHURN00002628,U0004470,2026-08-28,medium,23,活跃频次下降
CHURN00002629,U0004471,2026-08-28,high,157,连续未登录
CHURN00002630,U0004473,2026-08-28,medium,11,连续未登录
CHURN00002631,U0004474,2026-08-28,high,31,连续未登录
CHURN00002632,U0004475,2026-08-28,medium,21,连续未登录
CHURN00002633,U0004478,2026-08-28,high,32,活跃频次下降
CHURN00002634,U0004479,2026-08-28,medium,24,连续未登录
CHURN00002635,U0004481,2026-08-28,medium,22,连续未登录
CHURN00002636,U0004482,2026-08-28,high,49,连续未登录
CHURN00002637,U0004484,2026-08-28,medium,25,连续未登录
CHURN00002638,U0004485,2026-08-28,high,189,观看时长下降
CHURN00002639,U0004486,2026-08-28,medium,14,连续未登录
CHURN00002640,U0004489,2026-08-28,high,40,活跃频次下降
CHURN00002641,U0004490,2026-08-28,high,120,观看时长下降
CHURN00002642,U0004493,2026-08-28,high,68,活跃频次下降
CHURN00002643,U0004494,2026-08-28,high,38,连续未登录
CHURN00002644,U0004495,2026-08-28,high,60,活跃频次下降
CHURN00002645,U0004500,2026-08-28,medium,9,观看时长下降
CHURN00002646,U0004501,2026-08-28,medium,28,连续未登录
CHURN00002647,U0004503,2026-08-28,high,56,活跃频次下降
CHURN00002648,U0004505,2026-08-28,high,180,连续未登录
CHURN00002649,U0004509,2026-08-28,medium,15,观看时长下降
CHURN00002650,U0004512,2026-08-28,medium,12,观看时长下降
CHURN00002651,U0004513,2026-08-28,high,40,连续未登录
CHURN00002652,U0004515,2026-08-28,medium,23,观看时长下降
CHURN00002653,U0004516,2026-08-28,high,39,活跃频次下降
CHURN00002654,U0004517,2026-08-28,high,45,活跃频次下降
CHURN00002655,U0004519,2026-08-28,high,41,活跃频次下降
CHURN00002656,U0004520,2026-08-28,medium,14,观看时长下降
CHURN00002657,U0004521,2026-08-28,medium,21,连续未登录
CHURN00002658,U0004522,2026-08-28,high,68,观看时长下降
CHURN00002659,U0004525,2026-08-28,high,52,连续未登录
CHURN00002660,U0004528,2026-08-28,high,114,活跃频次下降
CHURN00002661,U0004531,2026-08-28,high,43,观看时长下降
CHURN00002662,U0004532,2026-08-28,high,41,观看时长下降
CHURN00002663,U0004534,2026-08-28,medium,15,连续未登录
CHURN00002664,U0004535,2026-08-28,high,52,连续未登录
CHURN00002665,U0004537,2026-08-28,medium,20,连续未登录
CHURN00002666,U0004538,2026-08-28,high,145,连续未登录
CHURN00002667,U0004540,2026-08-28,high,131,活跃频次下降
CHURN00002668,U0004541,2026-08-28,medium,14,连续未登录
CHURN00002669,U0004542,2026-08-28,medium,19,连续未登录
CHURN00002670,U0004543,2026-08-28,high,36,观看时长下降
CHURN00002671,U0004545,2026-08-28,high,53,观看时长下降
CHURN00002672,U0004548,2026-08-28,medium,8,观看时长下降
CHURN00002673,U0004550,2026-08-28,medium,8,连续未登录
CHURN00002674,U0004554,2026-08-28,medium,28,连续未登录
CHURN00002675,U0004557,2026-08-28,medium,8,连续未登录
CHURN00002676,U0004558,2026-08-28,medium,21,连续未登录
CHURN00002677,U0004559,2026-08-28,medium,12,连续未登录
CHURN00002678,U0004561,2026-08-28,medium,27,观看时长下降
CHURN00002679,U0004563,2026-08-28,medium,8,连续未登录
CHURN00002680,U0004565,2026-08-28,medium,12,连续未登录
CHURN00002681,U0004567,2026-08-28,high,71,观看时长下降
CHURN00002682,U0004570,2026-08-28,medium,16,连续未登录
CHURN00002683,U0004571,2026-08-28,high,33,观看时长下降
CHURN00002684,U0004572,2026-08-28,high,51,活跃频次下降
CHURN00002685,U0004573,2026-08-28,medium,10,活跃频次下降
CHURN00002686,U0004578,2026-08-28,medium,28,连续未登录
CHURN00002687,U0004579,2026-08-28,high,35,连续未登录
CHURN00002688,U0004580,2026-08-28,medium,17,活跃频次下降
CHURN00002689,U0004581,2026-08-28,medium,14,连续未登录
CHURN00002690,U0004585,2026-08-28,medium,23,连续未登录
CHURN00002691,U0004586,2026-08-28,medium,8,连续未登录
CHURN00002692,U0004587,2026-08-28,medium,12,连续未登录
CHURN00002693,U0004589,2026-08-28,high,96,活跃频次下降
CHURN00002694,U0004590,2026-08-28,high,138,活跃频次下降
CHURN00002695,U0004591,2026-08-28,medium,11,连续未登录
CHURN00002696,U0004593,2026-08-28,high,40,连续未登录
CHURN00002697,U0004595,2026-08-28,high,110,活跃频次下降
CHURN00002698,U0004596,2026-08-28,medium,18,连续未登录
CHURN00002699,U0004597,2026-08-28,high,45,连续未登录
CHURN00002700,U0004598,2026-08-28,high,152,活跃频次下降
CHURN00002701,U0004603,2026-08-28,high,122,连续未登录
CHURN00002702,U0004604,2026-08-28,high,88,观看时长下降
CHURN00002703,U0004607,2026-08-28,medium,8,连续未登录
CHURN00002704,U0004612,2026-08-28,high,61,连续未登录
CHURN00002705,U0004615,2026-08-28,medium,22,连续未登录
CHURN00002706,U0004618,2026-08-28,medium,21,活跃频次下降
CHURN00002707,U0004619,2026-08-28,medium,12,连续未登录
CHURN00002708,U0004620,2026-08-28,medium,25,连续未登录
CHURN00002709,U0004621,2026-08-28,medium,22,连续未登录
CHURN00002710,U0004622,2026-08-28,medium,25,观看时长下降
CHURN00002711,U0004623,2026-08-28,high,155,连续未登录
CHURN00002712,U0004624,2026-08-28,high,196,观看时长下降
CHURN00002713,U0004625,2026-08-28,high,214,观看时长下降
CHURN00002714,U0004628,2026-08-28,medium,11,活跃频次下降
CHURN00002715,U0004629,2026-08-28,high,39,连续未登录
CHURN00002716,U0004633,2026-08-28,medium,10,观看时长下降
CHURN00002717,U0004634,2026-08-28,medium,21,连续未登录
CHURN00002718,U0004635,2026-08-28,medium,15,活跃频次下降
CHURN00002719,U0004638,2026-08-28,high,156,连续未登录
CHURN00002720,U0004639,2026-08-28,medium,8,活跃频次下降
CHURN00002721,U0004645,2026-08-28,high,74,活跃频次下降
CHURN00002722,U0004646,2026-08-28,high,34,连续未登录
CHURN00002723,U0004647,2026-08-28,high,161,连续未登录
CHURN00002724,U0004648,2026-08-28,high,54,连续未登录
CHURN00002725,U0004649,2026-08-28,high,124,观看时长下降
CHURN00002726,U0004650,2026-08-28,medium,28,活跃频次下降
CHURN00002727,U0004651,2026-08-28,high,130,观看时长下降
CHURN00002728,U0004652,2026-08-28,high,206,连续未登录
CHURN00002729,U0004653,2026-08-28,high,56,连续未登录
CHURN00002730,U0004654,2026-08-28,high,86,连续未登录
CHURN00002731,U0004655,2026-08-28,high,55,活跃频次下降
CHURN00002732,U0004658,2026-08-28,medium,10,连续未登录
CHURN00002733,U0004659,2026-08-28,high,214,连续未登录
CHURN00002734,U0004664,2026-08-28,medium,13,连续未登录
CHURN00002735,U0004666,2026-08-28,high,103,连续未登录
CHURN00002736,U0004667,2026-08-28,medium,26,连续未登录
CHURN00002737,U0004668,2026-08-28,high,146,活跃频次下降
CHURN00002738,U0004669,2026-08-28,high,38,观看时长下降
CHURN00002739,U0004670,2026-08-28,medium,11,连续未登录
CHURN00002740,U0004672,2026-08-28,high,67,连续未登录
CHURN00002741,U0004674,2026-08-28,medium,27,连续未登录
CHURN00002742,U0004675,2026-08-28,medium,14,连续未登录
CHURN00002743,U0004679,2026-08-28,high,33,活跃频次下降
CHURN00002744,U0004680,2026-08-28,high,68,观看时长下降
CHURN00002745,U0004681,2026-08-28,medium,11,连续未登录
CHURN00002746,U0004683,2026-08-28,medium,9,活跃频次下降
CHURN00002747,U0004684,2026-08-28,medium,22,活跃频次下降
CHURN00002748,U0004685,2026-08-28,high,33,连续未登录
CHURN00002749,U0004687,2026-08-28,high,40,活跃频次下降
CHURN00002750,U0004689,2026-08-28,medium,27,活跃频次下降
CHURN00002751,U0004691,2026-08-28,high,50,连续未登录
CHURN00002752,U0004692,2026-08-28,high,87,观看时长下降
CHURN00002753,U0004697,2026-08-28,medium,12,观看时长下降
CHURN00002754,U0004699,2026-08-28,high,77,连续未登录
CHURN00002755,U0004700,2026-08-28,high,50,连续未登录
CHURN00002756,U0004701,2026-08-28,high,43,连续未登录
CHURN00002757,U0004702,2026-08-28,high,73,观看时长下降
CHURN00002758,U0004705,2026-08-28,medium,9,连续未登录
CHURN00002759,U0004706,2026-08-28,medium,18,连续未登录
CHURN00002760,U0004709,2026-08-28,medium,9,连续未登录
CHURN00002761,U0004712,2026-08-28,medium,17,连续未登录
CHURN00002762,U0004713,2026-08-28,medium,27,活跃频次下降
CHURN00002763,U0004715,2026-08-28,medium,8,连续未登录
CHURN00002764,U0004716,2026-08-28,medium,20,活跃频次下降
CHURN00002765,U0004717,2026-08-28,medium,16,活跃频次下降
CHURN00002766,U0004718,2026-08-28,high,38,连续未登录
CHURN00002767,U0004719,2026-08-28,medium,20,观看时长下降
CHURN00002768,U0004720,2026-08-28,high,106,观看时长下降
CHURN00002769,U0004721,2026-08-28,medium,11,连续未登录
CHURN00002770,U0004722,2026-08-28,high,54,连续未登录
CHURN00002771,U0004724,2026-08-28,medium,25,连续未登录
CHURN00002772,U0004725,2026-08-28,high,47,连续未登录
CHURN00002773,U0004726,2026-08-28,medium,27,连续未登录
CHURN00002774,U0004727,2026-08-28,medium,13,观看时长下降
CHURN00002775,U0004728,2026-08-28,high,31,活跃频次下降
CHURN00002776,U0004729,2026-08-28,high,60,观看时长下降
CHURN00002777,U0004730,2026-08-28,high,178,观看时长下降
CHURN00002778,U0004731,2026-08-28,high,75,活跃频次下降
CHURN00002779,U0004734,2026-08-28,high,50,连续未登录
CHURN00002780,U0004735,2026-08-28,high,65,连续未登录
CHURN00002781,U0004737,2026-08-28,high,64,连续未登录
CHURN00002782,U0004738,2026-08-28,medium,15,连续未登录
CHURN00002783,U0004739,2026-08-28,medium,20,连续未登录
CHURN00002784,U0004740,2026-08-28,medium,22,连续未登录
CHURN00002785,U0004741,2026-08-28,high,37,活跃频次下降
CHURN00002786,U0004742,2026-08-28,high,51,活跃频次下降
CHURN00002787,U0004744,2026-08-28,high,47,连续未登录
CHURN00002788,U0004746,2026-08-28,high,43,连续未登录
CHURN00002789,U0004747,2026-08-28,high,63,连续未登录
CHURN00002790,U0004748,2026-08-28,medium,27,活跃频次下降
CHURN00002791,U0004749,2026-08-28,medium,17,观看时长下降
CHURN00002792,U0004750,2026-08-28,medium,9,活跃频次下降
CHURN00002793,U0004752,2026-08-28,medium,22,观看时长下降
CHURN00002794,U0004753,2026-08-28,high,72,观看时长下降
CHURN00002795,U0004754,2026-08-28,high,48,连续未登录
CHURN00002796,U0004755,2026-08-28,high,185,观看时长下降
CHURN00002797,U0004756,2026-08-28,high,113,活跃频次下降
CHURN00002798,U0004758,2026-08-28,medium,20,连续未登录
CHURN00002799,U0004759,2026-08-28,high,109,连续未登录
CHURN00002800,U0004760,2026-08-28,medium,12,活跃频次下降
CHURN00002801,U0004761,2026-08-28,medium,12,活跃频次下降
CHURN00002802,U0004762,2026-08-28,high,33,观看时长下降
CHURN00002803,U0004763,2026-08-28,high,54,连续未登录
CHURN00002804,U0004766,2026-08-28,high,113,连续未登录
CHURN00002805,U0004769,2026-08-28,high,63,连续未登录
CHURN00002806,U0004770,2026-08-28,high,39,连续未登录
CHURN00002807,U0004771,2026-08-28,high,103,连续未登录
CHURN00002808,U0004772,2026-08-28,medium,16,观看时长下降
CHURN00002809,U0004773,2026-08-28,medium,10,连续未登录
CHURN00002810,U0004774,2026-08-28,high,64,活跃频次下降
CHURN00002811,U0004777,2026-08-28,high,79,连续未登录
CHURN00002812,U0004778,2026-08-28,high,150,活跃频次下降
CHURN00002813,U0004779,2026-08-28,medium,22,活跃频次下降
CHURN00002814,U0004781,2026-08-28,high,70,活跃频次下降
CHURN00002815,U0004783,2026-08-28,high,130,活跃频次下降
CHURN00002816,U0004785,2026-08-28,medium,13,活跃频次下降
CHURN00002817,U0004786,2026-08-28,high,166,观看时长下降
CHURN00002818,U0004789,2026-08-28,medium,8,观看时长下降
CHURN00002819,U0004790,2026-08-28,medium,30,活跃频次下降
CHURN00002820,U0004792,2026-08-28,high,87,观看时长下降
CHURN00002821,U0004794,2026-08-28,medium,29,观看时长下降
CHURN00002822,U0004795,2026-08-28,high,32,活跃频次下降
CHURN00002823,U0004796,2026-08-28,high,31,连续未登录
CHURN00002824,U0004797,2026-08-28,high,190,观看时长下降
CHURN00002825,U0004799,2026-08-28,medium,14,连续未登录
CHURN00002826,U0004800,2026-08-28,high,66,连续未登录
CHURN00002827,U0004801,2026-08-28,high,49,活跃频次下降
CHURN00002828,U0004803,2026-08-28,high,197,连续未登录
CHURN00002829,U0004804,2026-08-28,high,91,连续未登录
CHURN00002830,U0004805,2026-08-28,medium,24,活跃频次下降
CHURN00002831,U0004807,2026-08-28,high,31,连续未登录
CHURN00002832,U0004809,2026-08-28,medium,17,连续未登录
CHURN00002833,U0004810,2026-08-28,medium,28,活跃频次下降
CHURN00002834,U0004811,2026-08-28,high,42,连续未登录
CHURN00002835,U0004812,2026-08-28,medium,21,活跃频次下降
CHURN00002836,U0004813,2026-08-28,high,34,连续未登录
CHURN00002837,U0004815,2026-08-28,medium,17,活跃频次下降
CHURN00002838,U0004816,2026-08-28,medium,10,观看时长下降
CHURN00002839,U0004817,2026-08-28,medium,12,活跃频次下降
CHURN00002840,U0004818,2026-08-28,medium,27,观看时长下降
CHURN00002841,U0004819,2026-08-28,high,79,活跃频次下降
CHURN00002842,U0004820,2026-08-28,high,79,观看时长下降
CHURN00002843,U0004821,2026-08-28,medium,19,活跃频次下降
CHURN00002844,U0004822,2026-08-28,medium,12,活跃频次下降
CHURN00002845,U0004823,2026-08-28,medium,25,观看时长下降
CHURN00002846,U0004826,2026-08-28,medium,23,活跃频次下降
CHURN00002847,U0004827,2026-08-28,medium,22,活跃频次下降
CHURN00002848,U0004828,2026-08-28,high,76,连续未登录
CHURN00002849,U0004829,2026-08-28,high,51,活跃频次下降
CHURN00002850,U0004830,2026-08-28,high,81,活跃频次下降
CHURN00002851,U0004834,2026-08-28,high,36,活跃频次下降
CHURN00002852,U0004835,2026-08-28,medium,17,连续未登录
CHURN00002853,U0004837,2026-08-28,medium,12,连续未登录
CHURN00002854,U0004838,2026-08-28,medium,9,活跃频次下降
CHURN00002855,U0004839,2026-08-28,medium,11,连续未登录
CHURN00002856,U0004841,2026-08-28,medium,9,连续未登录
CHURN00002857,U0004842,2026-08-28,medium,17,连续未登录
CHURN00002858,U0004844,2026-08-28,medium,26,连续未登录
CHURN00002859,U0004845,2026-08-28,medium,30,观看时长下降
CHURN00002860,U0004846,2026-08-28,medium,9,活跃频次下降
CHURN00002861,U0004847,2026-08-28,medium,10,观看时长下降
CHURN00002862,U0004848,2026-08-28,high,50,连续未登录
CHURN00002863,U0004849,2026-08-28,high,40,连续未登录
CHURN00002864,U0004852,2026-08-28,medium,14,连续未登录
CHURN00002865,U0004853,2026-08-28,medium,16,观看时长下降
CHURN00002866,U0004854,2026-08-28,high,97,活跃频次下降
CHURN00002867,U0004855,2026-08-28,high,165,连续未登录
CHURN00002868,U0004861,2026-08-28,high,71,活跃频次下降
CHURN00002869,U0004863,2026-08-28,high,37,活跃频次下降
CHURN00002870,U0004865,2026-08-28,medium,13,观看时长下降
CHURN00002871,U0004866,2026-08-28,medium,10,观看时长下降
CHURN00002872,U0004867,2026-08-28,medium,8,连续未登录
CHURN00002873,U0004870,2026-08-28,medium,11,连续未登录
CHURN00002874,U0004871,2026-08-28,medium,10,连续未登录
CHURN00002875,U0004872,2026-08-28,high,32,活跃频次下降
CHURN00002876,U0004875,2026-08-28,medium,10,连续未登录
CHURN00002877,U0004876,2026-08-28,medium,14,连续未登录
CHURN00002878,U0004878,2026-08-28,high,97,连续未登录
CHURN00002879,U0004879,2026-08-28,medium,20,活跃频次下降
CHURN00002880,U0004883,2026-08-28,high,45,观看时长下降
CHURN00002881,U0004885,2026-08-28,medium,9,观看时长下降
CHURN00002882,U0004886,2026-08-28,medium,19,连续未登录
CHURN00002883,U0004887,2026-08-28,medium,30,连续未登录
CHURN00002884,U0004888,2026-08-28,high,64,活跃频次下降
CHURN00002885,U0004891,2026-08-28,high,35,活跃频次下降
CHURN00002886,U0004892,2026-08-28,high,101,连续未登录
CHURN00002887,U0004895,2026-08-28,high,35,活跃频次下降
CHURN00002888,U0004896,2026-08-28,medium,13,连续未登录
CHURN00002889,U0004898,2026-08-28,medium,28,连续未登录
CHURN00002890,U0004899,2026-08-28,medium,18,观看时长下降
CHURN00002891,U0004900,2026-08-28,medium,11,连续未登录
CHURN00002892,U0004901,2026-08-28,medium,16,活跃频次下降
CHURN00002893,U0004902,2026-08-28,medium,17,连续未登录
CHURN00002894,U0004903,2026-08-28,high,106,观看时长下降
CHURN00002895,U0004905,2026-08-28,medium,18,活跃频次下降
CHURN00002896,U0004906,2026-08-28,medium,29,活跃频次下降
CHURN00002897,U0004908,2026-08-28,high,32,观看时长下降
CHURN00002898,U0004909,2026-08-28,medium,12,活跃频次下降
CHURN00002899,U0004910,2026-08-28,high,95,连续未登录
CHURN00002900,U0004915,2026-08-28,medium,8,连续未登录
CHURN00002901,U0004917,2026-08-28,high,51,活跃频次下降
CHURN00002902,U0004918,2026-08-28,medium,25,观看时长下降
CHURN00002903,U0004920,2026-08-28,medium,20,连续未登录
CHURN00002904,U0004922,2026-08-28,high,91,观看时长下降
CHURN00002905,U0004923,2026-08-28,medium,8,连续未登录
CHURN00002906,U0004924,2026-08-28,medium,13,连续未登录
CHURN00002907,U0004926,2026-08-28,high,39,连续未登录
CHURN00002908,U0004927,2026-08-28,medium,26,活跃频次下降
CHURN00002909,U0004929,2026-08-28,high,64,活跃频次下降
CHURN00002910,U0004930,2026-08-28,high,38,活跃频次下降
CHURN00002911,U0004931,2026-08-28,medium,10,连续未登录
CHURN00002912,U0004933,2026-08-28,medium,14,连续未登录
CHURN00002913,U0004934,2026-08-28,medium,16,观看时长下降
CHURN00002914,U0004938,2026-08-28,high,66,活跃频次下降
CHURN00002915,U0004939,2026-08-28,high,43,连续未登录
CHURN00002916,U0004940,2026-08-28,medium,19,观看时长下降
CHURN00002917,U0004942,2026-08-28,medium,9,连续未登录
CHURN00002918,U0004943,2026-08-28,high,40,连续未登录
CHURN00002919,U0004946,2026-08-28,high,42,观看时长下降
CHURN00002920,U0004947,2026-08-28,high,69,观看时长下降
CHURN00002921,U0004948,2026-08-28,medium,21,活跃频次下降
CHURN00002922,U0004949,2026-08-28,high,35,观看时长下降
CHURN00002923,U0004950,2026-08-28,medium,12,连续未登录
CHURN00002924,U0004952,2026-08-28,medium,11,观看时长下降
CHURN00002925,U0004953,2026-08-28,medium,10,观看时长下降
CHURN00002926,U0004954,2026-08-28,medium,12,活跃频次下降
CHURN00002927,U0004955,2026-08-28,medium,17,活跃频次下降
CHURN00002928,U0004956,2026-08-28,medium,16,连续未登录
CHURN00002929,U0004961,2026-08-28,medium,16,连续未登录
CHURN00002930,U0004962,2026-08-28,medium,9,连续未登录
CHURN00002931,U0004963,2026-08-28,high,60,活跃频次下降
CHURN00002932,U0004964,2026-08-28,medium,10,活跃频次下降
CHURN00002933,U0004965,2026-08-28,high,43,活跃频次下降
CHURN00002934,U0004972,2026-08-28,high,78,连续未登录
CHURN00002935,U0004977,2026-08-28,high,138,观看时长下降
CHURN00002936,U0004978,2026-08-28,medium,13,连续未登录
CHURN00002937,U0004980,2026-08-28,high,34,观看时长下降
CHURN00002938,U0004985,2026-08-28,medium,29,观看时长下降
CHURN00002939,U0004986,2026-08-28,medium,18,连续未登录
CHURN00002940,U0004988,2026-08-28,medium,10,连续未登录
CHURN00002941,U0004990,2026-08-28,medium,10,连续未登录
CHURN00002942,U0004991,2026-08-28,medium,9,连续未登录
CHURN00002943,U0004994,2026-08-28,medium,20,活跃频次下降
CHURN00002944,U0004996,2026-08-28,medium,16,连续未登录
CHURN00002945,U0004997,2026-08-28,high,84,连续未登录
CHURN00002946,U0004999,2026-08-28,medium,20,连续未登录
CHURN00002947,U0005000,2026-08-28,medium,17,观看时长下降
CHURN00002948,U0005001,2026-08-28,high,113,观看时长下降
CHURN00002949,U0005003,2026-08-28,high,41,活跃频次下降
CHURN00002950,U0005005,2026-08-28,high,143,活跃频次下降
CHURN00002951,U0005006,2026-08-28,medium,17,连续未登录
CHURN00002952,U0005007,2026-08-28,high,142,连续未登录
CHURN00002953,U0005008,2026-08-28,high,36,观看时长下降
CHURN00002954,U0005009,2026-08-28,high,31,连续未登录
CHURN00002955,U0005012,2026-08-28,medium,23,连续未登录
CHURN00002956,U0005013,2026-08-28,high,49,连续未登录
CHURN00002957,U0005014,2026-08-28,medium,27,连续未登录
CHURN00002958,U0005016,2026-08-28,medium,24,连续未登录
CHURN00002959,U0005017,2026-08-28,high,50,连续未登录
CHURN00002960,U0005018,2026-08-28,medium,17,连续未登录
CHURN00002961,U0005019,2026-08-28,medium,22,活跃频次下降
CHURN00002962,U0005020,2026-08-28,medium,10,连续未登录
CHURN00002963,U0005021,2026-08-28,high,157,观看时长下降
CHURN00002964,U0005023,2026-08-28,medium,12,连续未登录
CHURN00002965,U0005024,2026-08-28,medium,10,连续未登录
CHURN00002966,U0005025,2026-08-28,medium,22,活跃频次下降
CHURN00002967,U0005026,2026-08-28,high,75,连续未登录
CHURN00002968,U0005027,2026-08-28,medium,26,活跃频次下降
CHURN00002969,U0005028,2026-08-28,high,50,活跃频次下降
CHURN00002970,U0005031,2026-08-28,high,44,观看时长下降
CHURN00002971,U0005032,2026-08-28,medium,30,连续未登录
CHURN00002972,U0005033,2026-08-28,medium,16,连续未登录
CHURN00002973,U0005035,2026-08-28,medium,16,活跃频次下降
CHURN00002974,U0005036,2026-08-28,high,93,连续未登录
CHURN00002975,U0005037,2026-08-28,high,71,观看时长下降
CHURN00002976,U0005040,2026-08-28,medium,10,连续未登录
CHURN00002977,U0005043,2026-08-28,high,201,连续未登录
CHURN00002978,U0005044,2026-08-28,medium,10,活跃频次下降
CHURN00002979,U0005046,2026-08-28,high,118,观看时长下降
CHURN00002980,U0005048,2026-08-28,high,123,连续未登录
CHURN00002981,U0005049,2026-08-28,high,212,连续未登录
CHURN00002982,U0005055,2026-08-28,high,116,观看时长下降
CHURN00002983,U0005057,2026-08-28,medium,17,活跃频次下降
CHURN00002984,U0005058,2026-08-28,high,68,活跃频次下降
CHURN00002985,U0005059,2026-08-28,high,74,活跃频次下降
CHURN00002986,U0005063,2026-08-28,high,67,观看时长下降
CHURN00002987,U0005067,2026-08-28,high,84,观看时长下降
CHURN00002988,U0005068,2026-08-28,high,65,连续未登录
CHURN00002989,U0005069,2026-08-28,medium,13,连续未登录
CHURN00002990,U0005070,2026-08-28,medium,10,活跃频次下降
CHURN00002991,U0005071,2026-08-28,medium,17,连续未登录
CHURN00002992,U0005072,2026-08-28,medium,24,观看时长下降
CHURN00002993,U0005078,2026-08-28,medium,26,连续未登录
CHURN00002994,U0005081,2026-08-28,high,48,连续未登录
CHURN00002995,U0005084,2026-08-28,medium,19,活跃频次下降
CHURN00002996,U0005086,2026-08-28,medium,13,连续未登录
CHURN00002997,U0005088,2026-08-28,high,186,连续未登录
CHURN00002998,U0005089,2026-08-28,medium,30,活跃频次下降
CHURN00002999,U0005092,2026-08-28,medium,8,观看时长下降
CHURN00003000,U0005093,2026-08-28,medium,11,连续未登录
CHURN00003001,U0005094,2026-08-28,medium,20,观看时长下降
CHURN00003002,U0005095,2026-08-28,medium,8,连续未登录
CHURN00003003,U0005096,2026-08-28,high,129,连续未登录
CHURN00003004,U0005097,2026-08-28,medium,10,连续未登录
CHURN00003005,U0005098,2026-08-28,high,47,观看时长下降
CHURN00003006,U0005100,2026-08-28,medium,13,连续未登录
CHURN00003007,U0005101,2026-08-28,high,40,活跃频次下降
CHURN00003008,U0005102,2026-08-28,medium,29,观看时长下降
CHURN00003009,U0005103,2026-08-28,medium,14,连续未登录
CHURN00003010,U0005104,2026-08-28,high,64,连续未登录
CHURN00003011,U0005105,2026-08-28,medium,27,活跃频次下降
CHURN00003012,U0005107,2026-08-28,medium,13,活跃频次下降
CHURN00003013,U0005108,2026-08-28,high,55,观看时长下降
CHURN00003014,U0005109,2026-08-28,high,62,活跃频次下降
CHURN00003015,U0005110,2026-08-28,medium,8,连续未登录
CHURN00003016,U0005111,2026-08-28,high,137,连续未登录
CHURN00003017,U0005112,2026-08-28,high,38,连续未登录
CHURN00003018,U0005117,2026-08-28,high,205,活跃频次下降
CHURN00003019,U0005118,2026-08-28,medium,22,连续未登录
CHURN00003020,U0005120,2026-08-28,high,124,观看时长下降
CHURN00003021,U0005121,2026-08-28,high,83,连续未登录
CHURN00003022,U0005122,2026-08-28,medium,22,观看时长下降
CHURN00003023,U0005123,2026-08-28,high,156,活跃频次下降
CHURN00003024,U0005126,2026-08-28,high,71,活跃频次下降
CHURN00003025,U0005127,2026-08-28,high,178,连续未登录
CHURN00003026,U0005128,2026-08-28,medium,15,连续未登录
CHURN00003027,U0005129,2026-08-28,high,64,活跃频次下降
CHURN00003028,U0005132,2026-08-28,medium,20,连续未登录
CHURN00003029,U0005133,2026-08-28,medium,15,观看时长下降
CHURN00003030,U0005135,2026-08-28,medium,17,活跃频次下降
CHURN00003031,U0005136,2026-08-28,medium,18,观看时长下降
CHURN00003032,U0005137,2026-08-28,high,149,活跃频次下降
CHURN00003033,U0005138,2026-08-28,high,84,连续未登录
CHURN00003034,U0005139,2026-08-28,high,63,连续未登录
CHURN00003035,U0005140,2026-08-28,high,62,活跃频次下降
CHURN00003036,U0005141,2026-08-28,medium,16,观看时长下降
CHURN00003037,U0005145,2026-08-28,high,67,活跃频次下降
CHURN00003038,U0005147,2026-08-28,medium,29,连续未登录
CHURN00003039,U0005148,2026-08-28,medium,14,连续未登录
CHURN00003040,U0005149,2026-08-28,medium,11,连续未登录
CHURN00003041,U0005151,2026-08-28,high,49,活跃频次下降
CHURN00003042,U0005152,2026-08-28,medium,24,活跃频次下降
CHURN00003043,U0005153,2026-08-28,high,41,连续未登录
CHURN00003044,U0005154,2026-08-28,high,34,活跃频次下降
CHURN00003045,U0005155,2026-08-28,medium,15,活跃频次下降
CHURN00003046,U0005156,2026-08-28,high,50,连续未登录
CHURN00003047,U0005157,2026-08-28,high,35,连续未登录
CHURN00003048,U0005158,2026-08-28,medium,8,连续未登录
CHURN00003049,U0005161,2026-08-28,high,162,连续未登录
CHURN00003050,U0005162,2026-08-28,high,72,活跃频次下降
CHURN00003051,U0005164,2026-08-28,high,41,活跃频次下降
CHURN00003052,U0005165,2026-08-28,high,44,活跃频次下降
CHURN00003053,U0005167,2026-08-28,medium,17,连续未登录
CHURN00003054,U0005168,2026-08-28,high,206,连续未登录
CHURN00003055,U0005169,2026-08-28,high,99,连续未登录
CHURN00003056,U0005170,2026-08-28,high,41,观看时长下降
CHURN00003057,U0005171,2026-08-28,medium,11,连续未登录
CHURN00003058,U0005173,2026-08-28,medium,9,连续未登录
CHURN00003059,U0005176,2026-08-28,medium,25,连续未登录
CHURN00003060,U0005177,2026-08-28,medium,10,连续未登录
CHURN00003061,U0005180,2026-08-28,high,112,观看时长下降
CHURN00003062,U0005181,2026-08-28,medium,21,连续未登录
CHURN00003063,U0005183,2026-08-28,medium,27,观看时长下降
CHURN00003064,U0005184,2026-08-28,medium,16,活跃频次下降
CHURN00003065,U0005185,2026-08-28,medium,25,活跃频次下降
CHURN00003066,U0005186,2026-08-28,high,39,活跃频次下降
CHURN00003067,U0005187,2026-08-28,medium,8,观看时长下降
CHURN00003068,U0005191,2026-08-28,medium,13,观看时长下降
CHURN00003069,U0005193,2026-08-28,high,32,连续未登录
CHURN00003070,U0005194,2026-08-28,high,55,观看时长下降
CHURN00003071,U0005195,2026-08-28,medium,12,观看时长下降
CHURN00003072,U0005196,2026-08-28,medium,15,观看时长下降
CHURN00003073,U0005197,2026-08-28,high,47,观看时长下降
CHURN00003074,U0005198,2026-08-28,medium,23,连续未登录
CHURN00003075,U0005199,2026-08-28,medium,12,观看时长下降
CHURN00003076,U0005201,2026-08-28,medium,10,连续未登录
CHURN00003077,U0005202,2026-08-28,medium,30,连续未登录
CHURN00003078,U0005203,2026-08-28,medium,20,连续未登录
CHURN00003079,U0005204,2026-08-28,high,91,连续未登录
CHURN00003080,U0005205,2026-08-28,medium,15,连续未登录
CHURN00003081,U0005207,2026-08-28,medium,29,连续未登录
CHURN00003082,U0005210,2026-08-28,medium,12,连续未登录
CHURN00003083,U0005211,2026-08-28,medium,15,观看时长下降
CHURN00003084,U0005214,2026-08-28,medium,16,观看时长下降
CHURN00003085,U0005216,2026-08-28,high,183,连续未登录
CHURN00003086,U0005217,2026-08-28,medium,25,观看时长下降
CHURN00003087,U0005218,2026-08-28,medium,12,活跃频次下降
CHURN00003088,U0005220,2026-08-28,high,78,连续未登录
CHURN00003089,U0005221,2026-08-28,high,37,连续未登录
CHURN00003090,U0005223,2026-08-28,medium,12,观看时长下降
CHURN00003091,U0005226,2026-08-28,high,207,活跃频次下降
CHURN00003092,U0005227,2026-08-28,medium,9,活跃频次下降
CHURN00003093,U0005230,2026-08-28,high,97,观看时长下降
CHURN00003094,U0005232,2026-08-28,medium,8,活跃频次下降
CHURN00003095,U0005234,2026-08-28,high,37,连续未登录
CHURN00003096,U0005236,2026-08-28,high,80,连续未登录
CHURN00003097,U0005237,2026-08-28,medium,19,连续未登录
CHURN00003098,U0005238,2026-08-28,medium,10,连续未登录
CHURN00003099,U0005240,2026-08-28,medium,11,连续未登录
CHURN00003100,U0005242,2026-08-28,high,62,活跃频次下降
CHURN00003101,U0005243,2026-08-28,high,71,连续未登录
CHURN00003102,U0005244,2026-08-28,medium,18,活跃频次下降
CHURN00003103,U0005246,2026-08-28,high,56,活跃频次下降
CHURN00003104,U0005247,2026-08-28,medium,18,活跃频次下降
CHURN00003105,U0005248,2026-08-28,medium,11,连续未登录
CHURN00003106,U0005249,2026-08-28,medium,13,连续未登录
CHURN00003107,U0005250,2026-08-28,medium,15,连续未登录
CHURN00003108,U0005256,2026-08-28,high,58,连续未登录
CHURN00003109,U0005257,2026-08-28,high,66,活跃频次下降
CHURN00003110,U0005261,2026-08-28,medium,27,观看时长下降
CHURN00003111,U0005262,2026-08-28,medium,10,活跃频次下降
CHURN00003112,U0005263,2026-08-28,high,52,活跃频次下降
CHURN00003113,U0005264,2026-08-28,medium,9,连续未登录
CHURN00003114,U0005267,2026-08-28,high,110,连续未登录
CHURN00003115,U0005268,2026-08-28,medium,14,连续未登录
CHURN00003116,U0005273,2026-08-28,high,31,连续未登录
CHURN00003117,U0005275,2026-08-28,high,36,连续未登录
CHURN00003118,U0005277,2026-08-28,high,35,连续未登录
CHURN00003119,U0005278,2026-08-28,high,94,观看时长下降
CHURN00003120,U0005279,2026-08-28,medium,12,连续未登录
CHURN00003121,U0005280,2026-08-28,high,58,观看时长下降
CHURN00003122,U0005281,2026-08-28,high,77,活跃频次下降
CHURN00003123,U0005282,2026-08-28,high,189,活跃频次下降
CHURN00003124,U0005283,2026-08-28,medium,19,连续未登录
CHURN00003125,U0005284,2026-08-28,medium,8,连续未登录
CHURN00003126,U0005286,2026-08-28,high,36,活跃频次下降
CHURN00003127,U0005287,2026-08-28,medium,9,连续未登录
CHURN00003128,U0005290,2026-08-28,high,138,活跃频次下降
CHURN00003129,U0005291,2026-08-28,medium,13,连续未登录
CHURN00003130,U0005292,2026-08-28,medium,8,活跃频次下降
CHURN00003131,U0005295,2026-08-28,high,113,观看时长下降
CHURN00003132,U0005296,2026-08-28,high,72,连续未登录
CHURN00003133,U0005297,2026-08-28,medium,15,连续未登录
CHURN00003134,U0005298,2026-08-28,high,35,活跃频次下降
CHURN00003135,U0005301,2026-08-28,medium,30,连续未登录
CHURN00003136,U0005304,2026-08-28,high,98,活跃频次下降
CHURN00003137,U0005307,2026-08-28,high,40,活跃频次下降
CHURN00003138,U0005310,2026-08-28,medium,11,观看时长下降
CHURN00003139,U0005311,2026-08-28,high,108,活跃频次下降
CHURN00003140,U0005312,2026-08-28,medium,16,活跃频次下降
CHURN00003141,U0005313,2026-08-28,high,232,连续未登录
CHURN00003142,U0005314,2026-08-28,high,206,观看时长下降
CHURN00003143,U0005315,2026-08-28,high,32,连续未登录
CHURN00003144,U0005318,2026-08-28,medium,25,观看时长下降
CHURN00003145,U0005319,2026-08-28,high,75,连续未登录
CHURN00003146,U0005323,2026-08-28,medium,9,观看时长下降
CHURN00003147,U0005324,2026-08-28,medium,12,连续未登录
CHURN00003148,U0005326,2026-08-28,medium,20,观看时长下降
CHURN00003149,U0005327,2026-08-28,medium,10,观看时长下降
CHURN00003150,U0005329,2026-08-28,high,34,连续未登录
CHURN00003151,U0005331,2026-08-28,high,84,连续未登录
CHURN00003152,U0005332,2026-08-28,high,32,活跃频次下降
CHURN00003153,U0005334,2026-08-28,high,43,观看时长下降
CHURN00003154,U0005335,2026-08-28,high,136,观看时长下降
CHURN00003155,U0005336,2026-08-28,high,49,活跃频次下降
CHURN00003156,U0005338,2026-08-28,high,133,连续未登录
CHURN00003157,U0005339,2026-08-28,medium,11,观看时长下降
CHURN00003158,U0005342,2026-08-28,medium,29,观看时长下降
CHURN00003159,U0005343,2026-08-28,medium,9,活跃频次下降
CHURN00003160,U0005344,2026-08-28,medium,29,活跃频次下降
CHURN00003161,U0005345,2026-08-28,high,40,活跃频次下降
CHURN00003162,U0005346,2026-08-28,medium,13,活跃频次下降
CHURN00003163,U0005350,2026-08-28,high,179,连续未登录
CHURN00003164,U0005354,2026-08-28,high,49,连续未登录
CHURN00003165,U0005355,2026-08-28,medium,17,连续未登录
CHURN00003166,U0005356,2026-08-28,medium,10,活跃频次下降
CHURN00003167,U0005357,2026-08-28,medium,12,活跃频次下降
CHURN00003168,U0005360,2026-08-28,high,52,活跃频次下降
CHURN00003169,U0005361,2026-08-28,medium,9,连续未登录
CHURN00003170,U0005364,2026-08-28,high,90,活跃频次下降
CHURN00003171,U0005365,2026-08-28,medium,11,活跃频次下降
CHURN00003172,U0005366,2026-08-28,high,34,观看时长下降
CHURN00003173,U0005367,2026-08-28,high,94,连续未登录
CHURN00003174,U0005368,2026-08-28,medium,8,连续未登录
CHURN00003175,U0005369,2026-08-28,medium,16,观看时长下降
CHURN00003176,U0005371,2026-08-28,medium,24,连续未登录
CHURN00003177,U0005372,2026-08-28,high,32,活跃频次下降
CHURN00003178,U0005373,2026-08-28,medium,10,连续未登录
CHURN00003179,U0005376,2026-08-28,high,57,连续未登录
CHURN00003180,U0005377,2026-08-28,medium,21,活跃频次下降
CHURN00003181,U0005378,2026-08-28,high,62,连续未登录
CHURN00003182,U0005380,2026-08-28,medium,19,连续未登录
CHURN00003183,U0005385,2026-08-28,high,33,活跃频次下降
CHURN00003184,U0005387,2026-08-28,high,105,观看时长下降
CHURN00003185,U0005388,2026-08-28,medium,25,连续未登录
CHURN00003186,U0005394,2026-08-28,medium,29,活跃频次下降
CHURN00003187,U0005395,2026-08-28,high,152,连续未登录
CHURN00003188,U0005397,2026-08-28,medium,9,活跃频次下降
CHURN00003189,U0005398,2026-08-28,high,60,活跃频次下降
CHURN00003190,U0005399,2026-08-28,medium,8,观看时长下降
CHURN00003191,U0005401,2026-08-28,high,34,连续未登录
CHURN00003192,U0005405,2026-08-28,medium,15,活跃频次下降
CHURN00003193,U0005406,2026-08-28,high,72,连续未登录
CHURN00003194,U0005408,2026-08-28,medium,8,连续未登录
CHURN00003195,U0005415,2026-08-28,medium,19,连续未登录
CHURN00003196,U0005416,2026-08-28,medium,10,观看时长下降
CHURN00003197,U0005419,2026-08-28,high,42,连续未登录
CHURN00003198,U0005424,2026-08-28,high,97,活跃频次下降
CHURN00003199,U0005425,2026-08-28,medium,21,活跃频次下降
CHURN00003200,U0005426,2026-08-28,medium,29,观看时长下降
CHURN00003201,U0005427,2026-08-28,high,98,活跃频次下降
CHURN00003202,U0005428,2026-08-28,medium,11,连续未登录
CHURN00003203,U0005429,2026-08-28,high,143,连续未登录
CHURN00003204,U0005430,2026-08-28,medium,9,观看时长下降
CHURN00003205,U0005432,2026-08-28,high,81,连续未登录
CHURN00003206,U0005435,2026-08-28,high,32,活跃频次下降
CHURN00003207,U0005436,2026-08-28,high,89,连续未登录
CHURN00003208,U0005437,2026-08-28,medium,23,观看时长下降
CHURN00003209,U0005438,2026-08-28,high,44,连续未登录
CHURN00003210,U0005439,2026-08-28,medium,12,连续未登录
CHURN00003211,U0005440,2026-08-28,medium,22,观看时长下降
CHURN00003212,U0005441,2026-08-28,high,38,连续未登录
CHURN00003213,U0005443,2026-08-28,high,49,观看时长下降
CHURN00003214,U0005444,2026-08-28,high,83,连续未登录
CHURN00003215,U0005446,2026-08-28,medium,25,连续未登录
CHURN00003216,U0005447,2026-08-28,medium,21,连续未登录
CHURN00003217,U0005448,2026-08-28,medium,25,观看时长下降
CHURN00003218,U0005451,2026-08-28,medium,12,连续未登录
CHURN00003219,U0005453,2026-08-28,medium,10,连续未登录
CHURN00003220,U0005454,2026-08-28,high,51,连续未登录
CHURN00003221,U0005455,2026-08-28,medium,21,连续未登录
CHURN00003222,U0005457,2026-08-28,high,98,活跃频次下降
CHURN00003223,U0005458,2026-08-28,medium,11,连续未登录
CHURN00003224,U0005460,2026-08-28,medium,11,活跃频次下降
CHURN00003225,U0005463,2026-08-28,medium,10,连续未登录
CHURN00003226,U0005464,2026-08-28,medium,24,观看时长下降
CHURN00003227,U0005465,2026-08-28,medium,17,连续未登录
CHURN00003228,U0005466,2026-08-28,medium,10,连续未登录
CHURN00003229,U0005467,2026-08-28,medium,10,活跃频次下降
CHURN00003230,U0005468,2026-08-28,medium,27,活跃频次下降
CHURN00003231,U0005469,2026-08-28,high,66,活跃频次下降
CHURN00003232,U0005470,2026-08-28,medium,10,连续未登录
CHURN00003233,U0005475,2026-08-28,medium,27,连续未登录
CHURN00003234,U0005477,2026-08-28,medium,9,活跃频次下降
CHURN00003235,U0005478,2026-08-28,high,58,活跃频次下降
CHURN00003236,U0005480,2026-08-28,medium,30,观看时长下降
CHURN00003237,U0005481,2026-08-28,medium,14,连续未登录
CHURN00003238,U0005483,2026-08-28,medium,23,活跃频次下降
CHURN00003239,U0005486,2026-08-28,high,102,活跃频次下降
CHURN00003240,U0005487,2026-08-28,high,76,活跃频次下降
CHURN00003241,U0005489,2026-08-28,medium,13,连续未登录
CHURN00003242,U0005491,2026-08-28,medium,10,活跃频次下降
CHURN00003243,U0005493,2026-08-28,medium,8,连续未登录
CHURN00003244,U0005496,2026-08-28,high,89,观看时长下降
CHURN00003245,U0005497,2026-08-28,high,49,活跃频次下降
CHURN00003246,U0005498,2026-08-28,high,51,活跃频次下降
CHURN00003247,U0005503,2026-08-28,medium,10,连续未登录
CHURN00003248,U0005504,2026-08-28,high,41,连续未登录
CHURN00003249,U0005505,2026-08-28,high,154,连续未登录
CHURN00003250,U0005511,2026-08-28,medium,11,连续未登录
CHURN00003251,U0005513,2026-08-28,medium,24,连续未登录
CHURN00003252,U0005516,2026-08-28,high,31,活跃频次下降
CHURN00003253,U0005517,2026-08-28,medium,30,活跃频次下降
CHURN00003254,U0005518,2026-08-28,medium,27,活跃频次下降
CHURN00003255,U0005520,2026-08-28,medium,26,连续未登录
CHURN00003256,U0005521,2026-08-28,medium,12,观看时长下降
CHURN00003257,U0005523,2026-08-28,medium,20,观看时长下降
CHURN00003258,U0005524,2026-08-28,medium,10,连续未登录
CHURN00003259,U0005525,2026-08-28,medium,8,活跃频次下降
CHURN00003260,U0005526,2026-08-28,medium,8,观看时长下降
CHURN00003261,U0005528,2026-08-28,medium,10,连续未登录
CHURN00003262,U0005529,2026-08-28,medium,12,活跃频次下降
CHURN00003263,U0005530,2026-08-28,medium,13,活跃频次下降
CHURN00003264,U0005531,2026-08-28,high,46,连续未登录
CHURN00003265,U0005532,2026-08-28,medium,24,观看时长下降
CHURN00003266,U0005533,2026-08-28,medium,15,活跃频次下降
CHURN00003267,U0005535,2026-08-28,high,39,活跃频次下降
CHURN00003268,U0005536,2026-08-28,medium,9,连续未登录
CHURN00003269,U0005537,2026-08-28,medium,18,连续未登录
CHURN00003270,U0005539,2026-08-28,medium,11,连续未登录
CHURN00003271,U0005541,2026-08-28,high,34,活跃频次下降
CHURN00003272,U0005545,2026-08-28,medium,8,连续未登录
CHURN00003273,U0005546,2026-08-28,high,41,观看时长下降
CHURN00003274,U0005547,2026-08-28,high,54,观看时长下降
CHURN00003275,U0005550,2026-08-28,medium,30,连续未登录
CHURN00003276,U0005551,2026-08-28,high,131,观看时长下降
CHURN00003277,U0005556,2026-08-28,high,34,观看时长下降
CHURN00003278,U0005557,2026-08-28,high,61,活跃频次下降
CHURN00003279,U0005558,2026-08-28,medium,21,观看时长下降
CHURN00003280,U0005560,2026-08-28,medium,15,连续未登录
CHURN00003281,U0005561,2026-08-28,high,170,活跃频次下降
CHURN00003282,U0005562,2026-08-28,medium,8,观看时长下降
CHURN00003283,U0005564,2026-08-28,medium,18,活跃频次下降
CHURN00003284,U0005565,2026-08-28,medium,19,观看时长下降
CHURN00003285,U0005566,2026-08-28,medium,8,连续未登录
CHURN00003286,U0005568,2026-08-28,medium,14,连续未登录
CHURN00003287,U0005569,2026-08-28,medium,30,连续未登录
CHURN00003288,U0005570,2026-08-28,medium,11,连续未登录
CHURN00003289,U0005571,2026-08-28,medium,27,连续未登录
CHURN00003290,U0005572,2026-08-28,high,33,活跃频次下降
CHURN00003291,U0005573,2026-08-28,medium,14,连续未登录
CHURN00003292,U0005575,2026-08-28,medium,18,观看时长下降
CHURN00003293,U0005577,2026-08-28,high,132,连续未登录
CHURN00003294,U0005578,2026-08-28,medium,12,连续未登录
CHURN00003295,U0005579,2026-08-28,high,36,连续未登录
CHURN00003296,U0005581,2026-08-28,high,77,连续未登录
CHURN00003297,U0005585,2026-08-28,high,31,活跃频次下降
CHURN00003298,U0005586,2026-08-28,medium,9,观看时长下降
CHURN00003299,U0005589,2026-08-28,medium,18,活跃频次下降
CHURN00003300,U0005593,2026-08-28,high,43,活跃频次下降
CHURN00003301,U0005595,2026-08-28,medium,22,连续未登录
CHURN00003302,U0005596,2026-08-28,high,66,连续未登录
CHURN00003303,U0005599,2026-08-28,medium,19,观看时长下降
CHURN00003304,U0005600,2026-08-28,medium,9,连续未登录
CHURN00003305,U0005601,2026-08-28,high,76,观看时长下降
CHURN00003306,U0005602,2026-08-28,high,56,连续未登录
CHURN00003307,U0005603,2026-08-28,medium,30,连续未登录
CHURN00003308,U0005604,2026-08-28,medium,16,活跃频次下降
CHURN00003309,U0005605,2026-08-28,high,217,观看时长下降
CHURN00003310,U0005606,2026-08-28,high,35,活跃频次下降
CHURN00003311,U0005609,2026-08-28,medium,23,连续未登录
CHURN00003312,U0005610,2026-08-28,high,39,活跃频次下降
CHURN00003313,U0005611,2026-08-28,medium,22,观看时长下降
CHURN00003314,U0005612,2026-08-28,medium,8,观看时长下降
CHURN00003315,U0005613,2026-08-28,medium,24,连续未登录
CHURN00003316,U0005614,2026-08-28,medium,14,连续未登录
CHURN00003317,U0005615,2026-08-28,medium,10,连续未登录
CHURN00003318,U0005616,2026-08-28,high,64,连续未登录
CHURN00003319,U0005617,2026-08-28,high,88,连续未登录
CHURN00003320,U0005618,2026-08-28,high,40,活跃频次下降
CHURN00003321,U0005619,2026-08-28,medium,14,连续未登录
CHURN00003322,U0005621,2026-08-28,medium,14,活跃频次下降
CHURN00003323,U0005622,2026-08-28,high,223,活跃频次下降
CHURN00003324,U0005624,2026-08-28,medium,21,活跃频次下降
CHURN00003325,U0005626,2026-08-28,medium,9,连续未登录
CHURN00003326,U0005627,2026-08-28,high,61,连续未登录
CHURN00003327,U0005628,2026-08-28,medium,22,观看时长下降
CHURN00003328,U0005629,2026-08-28,medium,27,观看时长下降
CHURN00003329,U0005631,2026-08-28,medium,19,连续未登录
CHURN00003330,U0005633,2026-08-28,high,59,连续未登录
CHURN00003331,U0005637,2026-08-28,medium,26,连续未登录
CHURN00003332,U0005640,2026-08-28,high,76,观看时长下降
CHURN00003333,U0005641,2026-08-28,medium,10,连续未登录
CHURN00003334,U0005643,2026-08-28,high,49,观看时长下降
CHURN00003335,U0005646,2026-08-28,high,55,连续未登录
CHURN00003336,U0005650,2026-08-28,medium,9,连续未登录
CHURN00003337,U0005651,2026-08-28,medium,17,连续未登录
CHURN00003338,U0005653,2026-08-28,high,70,活跃频次下降
CHURN00003339,U0005654,2026-08-28,medium,10,活跃频次下降
CHURN00003340,U0005655,2026-08-28,high,39,连续未登录
CHURN00003341,U0005656,2026-08-28,high,57,观看时长下降
CHURN00003342,U0005658,2026-08-28,high,104,活跃频次下降
CHURN00003343,U0005659,2026-08-28,medium,24,观看时长下降
CHURN00003344,U0005669,2026-08-28,medium,30,连续未登录
CHURN00003345,U0005671,2026-08-28,high,177,连续未登录
CHURN00003346,U0005676,2026-08-28,high,162,活跃频次下降
CHURN00003347,U0005677,2026-08-28,medium,8,连续未登录
CHURN00003348,U0005678,2026-08-28,medium,28,观看时长下降
CHURN00003349,U0005679,2026-08-28,medium,10,观看时长下降
CHURN00003350,U0005680,2026-08-28,medium,27,连续未登录
CHURN00003351,U0005681,2026-08-28,high,139,连续未登录
CHURN00003352,U0005682,2026-08-28,high,54,连续未登录
CHURN00003353,U0005683,2026-08-28,medium,29,观看时长下降
CHURN00003354,U0005684,2026-08-28,medium,17,观看时长下降
CHURN00003355,U0005685,2026-08-28,high,84,连续未登录
CHURN00003356,U0005686,2026-08-28,high,68,活跃频次下降
CHURN00003357,U0005690,2026-08-28,medium,22,连续未登录
CHURN00003358,U0005691,2026-08-28,high,134,连续未登录
CHURN00003359,U0005693,2026-08-28,high,148,连续未登录
CHURN00003360,U0005695,2026-08-28,high,71,活跃频次下降
CHURN00003361,U0005696,2026-08-28,medium,27,活跃频次下降
CHURN00003362,U0005698,2026-08-28,high,222,活跃频次下降
CHURN00003363,U0005699,2026-08-28,high,70,连续未登录
CHURN00003364,U0005700,2026-08-28,high,92,观看时长下降
CHURN00003365,U0005702,2026-08-28,medium,18,连续未登录
CHURN00003366,U0005703,2026-08-28,high,41,观看时长下降
CHURN00003367,U0005705,2026-08-28,medium,27,连续未登录
CHURN00003368,U0005706,2026-08-28,high,141,观看时长下降
CHURN00003369,U0005709,2026-08-28,high,87,活跃频次下降
CHURN00003370,U0005711,2026-08-28,medium,9,连续未登录
CHURN00003371,U0005716,2026-08-28,medium,15,活跃频次下降
CHURN00003372,U0005717,2026-08-28,medium,13,连续未登录
CHURN00003373,U0005723,2026-08-28,high,61,连续未登录
CHURN00003374,U0005724,2026-08-28,high,141,观看时长下降
CHURN00003375,U0005725,2026-08-28,high,135,连续未登录
CHURN00003376,U0005731,2026-08-28,medium,15,活跃频次下降
CHURN00003377,U0005736,2026-08-28,medium,12,连续未登录
CHURN00003378,U0005737,2026-08-28,medium,23,观看时长下降
CHURN00003379,U0005738,2026-08-28,medium,14,活跃频次下降
CHURN00003380,U0005740,2026-08-28,medium,11,观看时长下降
CHURN00003381,U0005741,2026-08-28,high,152,连续未登录
CHURN00003382,U0005742,2026-08-28,high,31,连续未登录
CHURN00003383,U0005744,2026-08-28,medium,27,活跃频次下降
CHURN00003384,U0005746,2026-08-28,high,47,连续未登录
CHURN00003385,U0005747,2026-08-28,medium,12,连续未登录
CHURN00003386,U0005749,2026-08-28,medium,10,连续未登录
CHURN00003387,U0005750,2026-08-28,medium,8,活跃频次下降
CHURN00003388,U0005752,2026-08-28,medium,13,连续未登录
CHURN00003389,U0005753,2026-08-28,medium,28,连续未登录
CHURN00003390,U0005755,2026-08-28,medium,10,连续未登录
CHURN00003391,U0005756,2026-08-28,medium,10,观看时长下降
CHURN00003392,U0005757,2026-08-28,medium,15,连续未登录
CHURN00003393,U0005759,2026-08-28,high,60,连续未登录
CHURN00003394,U0005761,2026-08-28,medium,25,连续未登录
CHURN00003395,U0005762,2026-08-28,medium,11,活跃频次下降
CHURN00003396,U0005764,2026-08-28,medium,18,观看时长下降
CHURN00003397,U0005765,2026-08-28,medium,19,连续未登录
CHURN00003398,U0005766,2026-08-28,medium,8,活跃频次下降
CHURN00003399,U0005772,2026-08-28,medium,13,连续未登录
CHURN00003400,U0005773,2026-08-28,high,51,活跃频次下降
CHURN00003401,U0005774,2026-08-28,high,51,连续未登录
CHURN00003402,U0005775,2026-08-28,high,185,观看时长下降
CHURN00003403,U0005777,2026-08-28,high,33,连续未登录
CHURN00003404,U0005778,2026-08-28,high,61,连续未登录
CHURN00003405,U0005779,2026-08-28,high,153,连续未登录
CHURN00003406,U0005780,2026-08-28,medium,19,连续未登录
CHURN00003407,U0005781,2026-08-28,medium,29,观看时长下降
CHURN00003408,U0005782,2026-08-28,medium,16,连续未登录
CHURN00003409,U0005783,2026-08-28,medium,18,连续未登录
CHURN00003410,U0005785,2026-08-28,high,38,观看时长下降
CHURN00003411,U0005786,2026-08-28,medium,14,观看时长下降
CHURN00003412,U0005790,2026-08-28,medium,21,活跃频次下降
CHURN00003413,U0005791,2026-08-28,medium,9,连续未登录
CHURN00003414,U0005793,2026-08-28,medium,12,活跃频次下降
CHURN00003415,U0005795,2026-08-28,medium,8,活跃频次下降
CHURN00003416,U0005796,2026-08-28,medium,23,连续未登录
CHURN00003417,U0005797,2026-08-28,high,64,活跃频次下降
CHURN00003418,U0005799,2026-08-28,medium,11,活跃频次下降
CHURN00003419,U0005800,2026-08-28,high,88,连续未登录
CHURN00003420,U0005801,2026-08-28,medium,21,活跃频次下降
CHURN00003421,U0005803,2026-08-28,high,33,连续未登录
CHURN00003422,U0005804,2026-08-28,medium,10,活跃频次下降
CHURN00003423,U0005805,2026-08-28,high,135,观看时长下降
CHURN00003424,U0005808,2026-08-28,high,54,连续未登录
CHURN00003425,U0005809,2026-08-28,high,47,观看时长下降
CHURN00003426,U0005813,2026-08-28,medium,25,观看时长下降
CHURN00003427,U0005814,2026-08-28,medium,19,观看时长下降
CHURN00003428,U0005818,2026-08-28,medium,9,观看时长下降
CHURN00003429,U0005819,2026-08-28,high,33,观看时长下降
CHURN00003430,U0005820,2026-08-28,medium,19,观看时长下降
CHURN00003431,U0005822,2026-08-28,medium,8,观看时长下降
CHURN00003432,U0005825,2026-08-28,high,55,观看时长下降
CHURN00003433,U0005826,2026-08-28,medium,24,连续未登录
CHURN00003434,U0005828,2026-08-28,high,36,连续未登录
CHURN00003435,U0005832,2026-08-28,high,191,连续未登录
CHURN00003436,U0005833,2026-08-28,medium,10,观看时长下降
CHURN00003437,U0005834,2026-08-28,medium,12,活跃频次下降
CHURN00003438,U0005835,2026-08-28,medium,12,活跃频次下降
CHURN00003439,U0005836,2026-08-28,high,33,连续未登录
CHURN00003440,U0005840,2026-08-28,high,68,连续未登录
CHURN00003441,U0005841,2026-08-28,high,37,观看时长下降
CHURN00003442,U0005842,2026-08-28,high,50,连续未登录
CHURN00003443,U0005844,2026-08-28,medium,8,活跃频次下降
CHURN00003444,U0005845,2026-08-28,high,35,连续未登录
CHURN00003445,U0005846,2026-08-28,medium,20,观看时长下降
CHURN00003446,U0005847,2026-08-28,medium,16,连续未登录
CHURN00003447,U0005848,2026-08-28,medium,16,观看时长下降
CHURN00003448,U0005849,2026-08-28,high,60,观看时长下降
CHURN00003449,U0005850,2026-08-28,medium,24,连续未登录
CHURN00003450,U0005853,2026-08-28,medium,29,活跃频次下降
CHURN00003451,U0005855,2026-08-28,high,31,连续未登录
CHURN00003452,U0005856,2026-08-28,medium,25,连续未登录
CHURN00003453,U0005857,2026-08-28,high,44,观看时长下降
CHURN00003454,U0005858,2026-08-28,high,50,观看时长下降
CHURN00003455,U0005859,2026-08-28,medium,11,连续未登录
CHURN00003456,U0005860,2026-08-28,high,33,活跃频次下降
CHURN00003457,U0005863,2026-08-28,medium,28,活跃频次下降
CHURN00003458,U0005865,2026-08-28,high,51,连续未登录
CHURN00003459,U0005867,2026-08-28,high,31,连续未登录
CHURN00003460,U0005869,2026-08-28,medium,24,活跃频次下降
CHURN00003461,U0005870,2026-08-28,medium,13,活跃频次下降
CHURN00003462,U0005871,2026-08-28,high,156,连续未登录
CHURN00003463,U0005872,2026-08-28,medium,9,连续未登录
CHURN00003464,U0005873,2026-08-28,medium,27,活跃频次下降
CHURN00003465,U0005875,2026-08-28,high,71,连续未登录
CHURN00003466,U0005877,2026-08-28,medium,11,连续未登录
CHURN00003467,U0005880,2026-08-28,medium,17,连续未登录
CHURN00003468,U0005881,2026-08-28,high,135,活跃频次下降
CHURN00003469,U0005883,2026-08-28,medium,11,连续未登录
CHURN00003470,U0005884,2026-08-28,high,126,活跃频次下降
CHURN00003471,U0005885,2026-08-28,high,57,活跃频次下降
CHURN00003472,U0005886,2026-08-28,medium,24,连续未登录
CHURN00003473,U0005889,2026-08-28,medium,17,活跃频次下降
CHURN00003474,U0005890,2026-08-28,medium,24,连续未登录
CHURN00003475,U0005891,2026-08-28,high,45,观看时长下降
CHURN00003476,U0005896,2026-08-28,high,35,活跃频次下降
CHURN00003477,U0005897,2026-08-28,medium,8,连续未登录
CHURN00003478,U0005899,2026-08-28,high,38,连续未登录
CHURN00003479,U0005900,2026-08-28,high,69,活跃频次下降
CHURN00003480,U0005901,2026-08-28,medium,8,活跃频次下降
CHURN00003481,U0005904,2026-08-28,medium,13,连续未登录
CHURN00003482,U0005906,2026-08-28,medium,12,连续未登录
CHURN00003483,U0005907,2026-08-28,high,63,连续未登录
CHURN00003484,U0005908,2026-08-28,medium,9,连续未登录
CHURN00003485,U0005909,2026-08-28,high,72,连续未登录
CHURN00003486,U0005912,2026-08-28,medium,18,活跃频次下降
CHURN00003487,U0005913,2026-08-28,medium,18,连续未登录
CHURN00003488,U0005917,2026-08-28,medium,23,连续未登录
CHURN00003489,U0005918,2026-08-28,high,41,活跃频次下降
CHURN00003490,U0005921,2026-08-28,high,105,连续未登录
CHURN00003491,U0005922,2026-08-28,medium,11,连续未登录
CHURN00003492,U0005923,2026-08-28,high,201,观看时长下降
CHURN00003493,U0005924,2026-08-28,medium,17,连续未登录
CHURN00003494,U0005925,2026-08-28,high,32,活跃频次下降
CHURN00003495,U0005927,2026-08-28,medium,10,连续未登录
CHURN00003496,U0005929,2026-08-28,high,42,观看时长下降
CHURN00003497,U0005931,2026-08-28,medium,16,观看时长下降
CHURN00003498,U0005932,2026-08-28,high,103,连续未登录
CHURN00003499,U0005934,2026-08-28,high,33,连续未登录
CHURN00003500,U0005937,2026-08-28,high,113,观看时长下降
CHURN00003501,U0005938,2026-08-28,medium,14,观看时长下降
CHURN00003502,U0005939,2026-08-28,medium,8,活跃频次下降
CHURN00003503,U0005942,2026-08-28,medium,12,连续未登录
CHURN00003504,U0005945,2026-08-28,medium,8,观看时长下降
CHURN00003505,U0005946,2026-08-28,medium,11,连续未登录
CHURN00003506,U0005947,2026-08-28,high,79,活跃频次下降
CHURN00003507,U0005948,2026-08-28,high,32,活跃频次下降
CHURN00003508,U0005949,2026-08-28,high,43,活跃频次下降
CHURN00003509,U0005950,2026-08-28,high,50,连续未登录
CHURN00003510,U0005951,2026-08-28,medium,9,活跃频次下降
CHURN00003511,U0005952,2026-08-28,medium,17,活跃频次下降
CHURN00003512,U0005953,2026-08-28,medium,11,观看时长下降
CHURN00003513,U0005955,2026-08-28,high,89,活跃频次下降
CHURN00003514,U0005956,2026-08-28,medium,21,连续未登录
CHURN00003515,U0005959,2026-08-28,high,99,活跃频次下降
CHURN00003516,U0005962,2026-08-28,high,33,连续未登录
CHURN00003517,U0005963,2026-08-28,high,135,连续未登录
CHURN00003518,U0005964,2026-08-28,high,87,活跃频次下降
CHURN00003519,U0005965,2026-08-28,medium,17,连续未登录
CHURN00003520,U0005967,2026-08-28,medium,15,观看时长下降
CHURN00003521,U0005969,2026-08-28,high,41,观看时长下降
CHURN00003522,U0005970,2026-08-28,medium,18,连续未登录
CHURN00003523,U0005971,2026-08-28,high,122,活跃频次下降
CHURN00003524,U0005976,2026-08-28,high,50,连续未登录
CHURN00003525,U0005977,2026-08-28,medium,11,连续未登录
CHURN00003526,U0005978,2026-08-28,high,128,活跃频次下降
CHURN00003527,U0005979,2026-08-28,medium,10,活跃频次下降
CHURN00003528,U0005980,2026-08-28,high,225,连续未登录
CHURN00003529,U0005981,2026-08-28,high,113,活跃频次下降
CHURN00003530,U0005982,2026-08-28,medium,25,活跃频次下降
CHURN00003531,U0005984,2026-08-28,high,41,观看时长下降
CHURN00003532,U0005985,2026-08-28,medium,10,活跃频次下降
CHURN00003533,U0005986,2026-08-28,medium,11,活跃频次下降
CHURN00003534,U0005987,2026-08-28,high,61,活跃频次下降
CHURN00003535,U0005991,2026-08-28,medium,21,观看时长下降
CHURN00003536,U0005992,2026-08-28,high,170,连续未登录
CHURN00003537,U0005993,2026-08-28,medium,18,观看时长下降
CHURN00003538,U0005994,2026-08-28,high,113,连续未登录
CHURN00003539,U0005995,2026-08-28,medium,10,活跃频次下降
CHURN00003540,U0005996,2026-08-28,high,105,活跃频次下降
CHURN00003541,U0005997,2026-08-28,high,91,连续未登录
CHURN00003542,U0005998,2026-08-28,medium,23,观看时长下降
CHURN00003543,U0006000,2026-08-28,medium,11,连续未登录
CHURN00003544,U0006001,2026-08-28,medium,12,连续未登录
CHURN00003545,U0006002,2026-08-28,medium,17,连续未登录
CHURN00003546,U0006004,2026-08-28,high,46,观看时长下降
CHURN00003547,U0006006,2026-08-28,high,77,连续未登录
CHURN00003548,U0006007,2026-08-28,high,32,活跃频次下降
CHURN00003549,U0006008,2026-08-28,high,102,观看时长下降
CHURN00003550,U0006009,2026-08-28,high,94,连续未登录
CHURN00003551,U0006011,2026-08-28,medium,10,连续未登录
CHURN00003552,U0006012,2026-08-28,high,103,观看时长下降
CHURN00003553,U0006013,2026-08-28,medium,12,活跃频次下降
CHURN00003554,U0006014,2026-08-28,medium,16,连续未登录
CHURN00003555,U0006015,2026-08-28,high,37,活跃频次下降
CHURN00003556,U0006016,2026-08-28,medium,24,连续未登录
CHURN00003557,U0006019,2026-08-28,high,36,活跃频次下降
CHURN00003558,U0006020,2026-08-28,high,181,活跃频次下降
CHURN00003559,U0006021,2026-08-28,high,43,连续未登录
CHURN00003560,U0006024,2026-08-28,medium,8,观看时长下降
CHURN00003561,U0006025,2026-08-28,medium,30,连续未登录
CHURN00003562,U0006027,2026-08-28,high,110,活跃频次下降
CHURN00003563,U0006028,2026-08-28,high,45,连续未登录
CHURN00003564,U0006031,2026-08-28,high,118,活跃频次下降
CHURN00003565,U0006032,2026-08-28,high,174,连续未登录
CHURN00003566,U0006033,2026-08-28,high,45,观看时长下降
CHURN00003567,U0006035,2026-08-28,high,41,连续未登录
CHURN00003568,U0006037,2026-08-28,high,74,活跃频次下降
CHURN00003569,U0006039,2026-08-28,high,228,活跃频次下降
CHURN00003570,U0006040,2026-08-28,high,118,连续未登录
CHURN00003571,U0006042,2026-08-28,medium,17,连续未登录
CHURN00003572,U0006043,2026-08-28,medium,12,活跃频次下降
CHURN00003573,U0006044,2026-08-28,high,92,连续未登录
CHURN00003574,U0006046,2026-08-28,high,45,活跃频次下降
CHURN00003575,U0006048,2026-08-28,high,34,活跃频次下降
CHURN00003576,U0006050,2026-08-28,medium,12,活跃频次下降
CHURN00003577,U0006051,2026-08-28,medium,14,连续未登录
CHURN00003578,U0006055,2026-08-28,medium,8,连续未登录
CHURN00003579,U0006056,2026-08-28,medium,16,连续未登录
CHURN00003580,U0006060,2026-08-28,medium,18,连续未登录
CHURN00003581,U0006062,2026-08-28,high,34,观看时长下降
CHURN00003582,U0006063,2026-08-28,high,42,连续未登录
CHURN00003583,U0006064,2026-08-28,high,102,观看时长下降
CHURN00003584,U0006065,2026-08-28,medium,19,观看时长下降
CHURN00003585,U0006066,2026-08-28,medium,18,活跃频次下降
CHURN00003586,U0006067,2026-08-28,high,94,观看时长下降
CHURN00003587,U0006068,2026-08-28,high,190,活跃频次下降
CHURN00003588,U0006069,2026-08-28,high,164,活跃频次下降
CHURN00003589,U0006070,2026-08-28,medium,12,观看时长下降
CHURN00003590,U0006072,2026-08-28,medium,14,连续未登录
CHURN00003591,U0006073,2026-08-28,medium,23,连续未登录
CHURN00003592,U0006074,2026-08-28,high,62,连续未登录
CHURN00003593,U0006076,2026-08-28,medium,15,连续未登录
CHURN00003594,U0006077,2026-08-28,high,73,观看时长下降
CHURN00003595,U0006078,2026-08-28,high,31,连续未登录
CHURN00003596,U0006079,2026-08-28,medium,8,观看时长下降
CHURN00003597,U0006080,2026-08-28,high,60,活跃频次下降
CHURN00003598,U0006083,2026-08-28,high,31,活跃频次下降
CHURN00003599,U0006084,2026-08-28,high,51,观看时长下降
CHURN00003600,U0006085,2026-08-28,high,34,观看时长下降
CHURN00003601,U0006087,2026-08-28,high,91,观看时长下降
CHURN00003602,U0006088,2026-08-28,medium,14,活跃频次下降
CHURN00003603,U0006089,2026-08-28,high,99,连续未登录
CHURN00003604,U0006090,2026-08-28,high,43,活跃频次下降
CHURN00003605,U0006092,2026-08-28,medium,25,观看时长下降
CHURN00003606,U0006093,2026-08-28,medium,29,连续未登录
CHURN00003607,U0006095,2026-08-28,medium,22,连续未登录
CHURN00003608,U0006096,2026-08-28,medium,13,观看时长下降
CHURN00003609,U0006098,2026-08-28,high,36,活跃频次下降
CHURN00003610,U0006100,2026-08-28,high,42,连续未登录
CHURN00003611,U0006103,2026-08-28,medium,10,活跃频次下降
CHURN00003612,U0006104,2026-08-28,high,81,连续未登录
CHURN00003613,U0006105,2026-08-28,medium,11,连续未登录
CHURN00003614,U0006106,2026-08-28,high,53,连续未登录
CHURN00003615,U0006108,2026-08-28,high,41,活跃频次下降
CHURN00003616,U0006109,2026-08-28,high,84,活跃频次下降
CHURN00003617,U0006110,2026-08-28,high,77,观看时长下降
CHURN00003618,U0006111,2026-08-28,medium,23,观看时长下降
CHURN00003619,U0006117,2026-08-28,medium,20,连续未登录
CHURN00003620,U0006118,2026-08-28,high,53,活跃频次下降
CHURN00003621,U0006119,2026-08-28,medium,8,连续未登录
CHURN00003622,U0006120,2026-08-28,high,65,活跃频次下降
CHURN00003623,U0006125,2026-08-28,high,47,连续未登录
CHURN00003624,U0006126,2026-08-28,medium,21,活跃频次下降
CHURN00003625,U0006127,2026-08-28,medium,16,连续未登录
CHURN00003626,U0006128,2026-08-28,high,80,活跃频次下降
CHURN00003627,U0006129,2026-08-28,high,33,连续未登录
CHURN00003628,U0006131,2026-08-28,medium,26,连续未登录
CHURN00003629,U0006132,2026-08-28,high,51,连续未登录
CHURN00003630,U0006133,2026-08-28,medium,10,连续未登录
CHURN00003631,U0006134,2026-08-28,high,35,连续未登录
CHURN00003632,U0006135,2026-08-28,high,50,活跃频次下降
CHURN00003633,U0006138,2026-08-28,high,81,观看时长下降
CHURN00003634,U0006139,2026-08-28,high,58,连续未登录
CHURN00003635,U0006140,2026-08-28,high,38,活跃频次下降
CHURN00003636,U0006141,2026-08-28,medium,17,连续未登录
CHURN00003637,U0006143,2026-08-28,medium,23,连续未登录
CHURN00003638,U0006145,2026-08-28,high,51,活跃频次下降
CHURN00003639,U0006146,2026-08-28,high,64,活跃频次下降
CHURN00003640,U0006149,2026-08-28,high,79,观看时长下降
CHURN00003641,U0006151,2026-08-28,medium,9,连续未登录
CHURN00003642,U0006152,2026-08-28,high,44,连续未登录
CHURN00003643,U0006153,2026-08-28,high,47,连续未登录
CHURN00003644,U0006154,2026-08-28,medium,15,观看时长下降
CHURN00003645,U0006156,2026-08-28,medium,13,观看时长下降
CHURN00003646,U0006159,2026-08-28,high,155,连续未登录
CHURN00003647,U0006160,2026-08-28,medium,18,活跃频次下降
CHURN00003648,U0006162,2026-08-28,medium,15,连续未登录
CHURN00003649,U0006163,2026-08-28,medium,13,连续未登录
CHURN00003650,U0006164,2026-08-28,medium,9,连续未登录
CHURN00003651,U0006170,2026-08-28,medium,10,连续未登录
CHURN00003652,U0006171,2026-08-28,medium,23,连续未登录
CHURN00003653,U0006173,2026-08-28,medium,15,观看时长下降
CHURN00003654,U0006174,2026-08-28,medium,13,连续未登录
CHURN00003655,U0006175,2026-08-28,high,132,连续未登录
CHURN00003656,U0006176,2026-08-28,high,40,观看时长下降
CHURN00003657,U0006178,2026-08-28,medium,10,活跃频次下降
CHURN00003658,U0006179,2026-08-28,medium,30,活跃频次下降
CHURN00003659,U0006180,2026-08-28,medium,14,连续未登录
CHURN00003660,U0006183,2026-08-28,medium,15,活跃频次下降
CHURN00003661,U0006186,2026-08-28,medium,9,连续未登录
CHURN00003662,U0006187,2026-08-28,medium,19,连续未登录
CHURN00003663,U0006188,2026-08-28,medium,17,连续未登录
CHURN00003664,U0006189,2026-08-28,high,107,连续未登录
CHURN00003665,U0006190,2026-08-28,high,58,连续未登录
CHURN00003666,U0006193,2026-08-28,high,83,连续未登录
CHURN00003667,U0006194,2026-08-28,high,100,活跃频次下降
CHURN00003668,U0006195,2026-08-28,medium,17,活跃频次下降
CHURN00003669,U0006197,2026-08-28,medium,20,活跃频次下降
CHURN00003670,U0006200,2026-08-28,medium,21,连续未登录
CHURN00003671,U0006201,2026-08-28,medium,15,连续未登录
CHURN00003672,U0006202,2026-08-28,medium,27,活跃频次下降
CHURN00003673,U0006203,2026-08-28,medium,9,活跃频次下降
CHURN00003674,U0006204,2026-08-28,medium,26,活跃频次下降
CHURN00003675,U0006205,2026-08-28,medium,23,活跃频次下降
CHURN00003676,U0006206,2026-08-28,medium,12,活跃频次下降
CHURN00003677,U0006208,2026-08-28,medium,13,连续未登录
CHURN00003678,U0006212,2026-08-28,medium,10,活跃频次下降
CHURN00003679,U0006213,2026-08-28,medium,18,连续未登录
CHURN00003680,U0006218,2026-08-28,high,33,连续未登录
CHURN00003681,U0006219,2026-08-28,high,38,观看时长下降
CHURN00003682,U0006220,2026-08-28,medium,13,活跃频次下降
CHURN00003683,U0006221,2026-08-28,high,31,活跃频次下降
CHURN00003684,U0006222,2026-08-28,high,35,观看时长下降
CHURN00003685,U0006224,2026-08-28,medium,16,活跃频次下降
CHURN00003686,U0006227,2026-08-28,medium,17,连续未登录
CHURN00003687,U0006228,2026-08-28,medium,24,连续未登录
CHURN00003688,U0006229,2026-08-28,medium,8,活跃频次下降
CHURN00003689,U0006230,2026-08-28,medium,29,连续未登录
CHURN00003690,U0006231,2026-08-28,medium,25,观看时长下降
CHURN00003691,U0006232,2026-08-28,medium,11,活跃频次下降
CHURN00003692,U0006233,2026-08-28,high,86,观看时长下降
CHURN00003693,U0006235,2026-08-28,high,54,活跃频次下降
CHURN00003694,U0006237,2026-08-28,high,70,连续未登录
CHURN00003695,U0006241,2026-08-28,high,31,连续未登录
CHURN00003696,U0006242,2026-08-28,medium,8,活跃频次下降
CHURN00003697,U0006243,2026-08-28,high,77,连续未登录
CHURN00003698,U0006244,2026-08-28,high,119,连续未登录
CHURN00003699,U0006245,2026-08-28,medium,18,连续未登录
CHURN00003700,U0006246,2026-08-28,medium,29,连续未登录
CHURN00003701,U0006247,2026-08-28,high,42,观看时长下降
CHURN00003702,U0006250,2026-08-28,medium,11,连续未登录
CHURN00003703,U0006251,2026-08-28,medium,29,连续未登录
CHURN00003704,U0006254,2026-08-28,medium,14,观看时长下降
CHURN00003705,U0006257,2026-08-28,high,47,活跃频次下降
CHURN00003706,U0006258,2026-08-28,medium,30,活跃频次下降
CHURN00003707,U0006260,2026-08-28,high,219,活跃频次下降
CHURN00003708,U0006261,2026-08-28,high,57,活跃频次下降
CHURN00003709,U0006265,2026-08-28,medium,14,活跃频次下降
CHURN00003710,U0006266,2026-08-28,medium,15,活跃频次下降
CHURN00003711,U0006267,2026-08-28,high,77,连续未登录
CHURN00003712,U0006269,2026-08-28,high,34,观看时长下降
CHURN00003713,U0006270,2026-08-28,high,105,观看时长下降
CHURN00003714,U0006271,2026-08-28,high,36,连续未登录
CHURN00003715,U0006273,2026-08-28,medium,21,观看时长下降
CHURN00003716,U0006278,2026-08-28,high,32,连续未登录
CHURN00003717,U0006279,2026-08-28,high,46,连续未登录
CHURN00003718,U0006281,2026-08-28,high,77,连续未登录
CHURN00003719,U0006282,2026-08-28,high,36,观看时长下降
CHURN00003720,U0006283,2026-08-28,high,64,连续未登录
CHURN00003721,U0006287,2026-08-28,medium,11,连续未登录
CHURN00003722,U0006288,2026-08-28,high,119,活跃频次下降
CHURN00003723,U0006291,2026-08-28,high,88,连续未登录
CHURN00003724,U0006292,2026-08-28,high,105,连续未登录
CHURN00003725,U0006293,2026-08-28,medium,16,连续未登录
CHURN00003726,U0006295,2026-08-28,medium,28,连续未登录
CHURN00003727,U0006297,2026-08-28,medium,27,连续未登录
CHURN00003728,U0006298,2026-08-28,high,76,连续未登录
CHURN00003729,U0006299,2026-08-28,high,34,连续未登录
CHURN00003730,U0006303,2026-08-28,high,156,观看时长下降
CHURN00003731,U0006304,2026-08-28,high,40,活跃频次下降
CHURN00003732,U0006307,2026-08-28,high,66,活跃频次下降
CHURN00003733,U0006310,2026-08-28,high,42,观看时长下降
CHURN00003734,U0006311,2026-08-28,medium,11,连续未登录
CHURN00003735,U0006313,2026-08-28,high,42,活跃频次下降
CHURN00003736,U0006314,2026-08-28,high,185,活跃频次下降
CHURN00003737,U0006317,2026-08-28,high,194,观看时长下降
CHURN00003738,U0006319,2026-08-28,high,55,连续未登录
CHURN00003739,U0006320,2026-08-28,medium,22,活跃频次下降
CHURN00003740,U0006322,2026-08-28,medium,20,活跃频次下降
CHURN00003741,U0006323,2026-08-28,high,145,连续未登录
CHURN00003742,U0006324,2026-08-28,medium,14,活跃频次下降
CHURN00003743,U0006326,2026-08-28,medium,12,连续未登录
CHURN00003744,U0006327,2026-08-28,medium,13,活跃频次下降
CHURN00003745,U0006328,2026-08-28,medium,18,连续未登录
CHURN00003746,U0006329,2026-08-28,high,95,连续未登录
CHURN00003747,U0006331,2026-08-28,medium,23,观看时长下降
CHURN00003748,U0006332,2026-08-28,medium,10,连续未登录
CHURN00003749,U0006333,2026-08-28,medium,21,连续未登录
CHURN00003750,U0006334,2026-08-28,medium,30,连续未登录
CHURN00003751,U0006336,2026-08-28,high,51,连续未登录
CHURN00003752,U0006339,2026-08-28,high,189,活跃频次下降
CHURN00003753,U0006340,2026-08-28,high,135,连续未登录
CHURN00003754,U0006341,2026-08-28,medium,19,连续未登录
CHURN00003755,U0006343,2026-08-28,medium,18,连续未登录
CHURN00003756,U0006344,2026-08-28,medium,19,连续未登录
CHURN00003757,U0006346,2026-08-28,medium,15,观看时长下降
CHURN00003758,U0006347,2026-08-28,medium,20,连续未登录
CHURN00003759,U0006348,2026-08-28,medium,26,活跃频次下降
CHURN00003760,U0006350,2026-08-28,medium,16,观看时长下降
CHURN00003761,U0006351,2026-08-28,medium,27,观看时长下降
CHURN00003762,U0006354,2026-08-28,medium,9,观看时长下降
CHURN00003763,U0006355,2026-08-28,medium,16,活跃频次下降
CHURN00003764,U0006356,2026-08-28,medium,23,连续未登录
CHURN00003765,U0006357,2026-08-28,medium,27,活跃频次下降
CHURN00003766,U0006360,2026-08-28,high,88,连续未登录
CHURN00003767,U0006361,2026-08-28,high,86,连续未登录
CHURN00003768,U0006362,2026-08-28,medium,9,连续未登录
CHURN00003769,U0006366,2026-08-28,high,34,连续未登录
CHURN00003770,U0006368,2026-08-28,high,55,连续未登录
CHURN00003771,U0006369,2026-08-28,medium,14,活跃频次下降
CHURN00003772,U0006371,2026-08-28,medium,27,观看时长下降
CHURN00003773,U0006372,2026-08-28,high,222,连续未登录
CHURN00003774,U0006373,2026-08-28,medium,8,活跃频次下降
CHURN00003775,U0006374,2026-08-28,medium,20,观看时长下降
CHURN00003776,U0006376,2026-08-28,medium,27,活跃频次下降
CHURN00003777,U0006377,2026-08-28,medium,16,观看时长下降
CHURN00003778,U0006378,2026-08-28,high,51,连续未登录
CHURN00003779,U0006381,2026-08-28,medium,28,活跃频次下降
CHURN00003780,U0006382,2026-08-28,medium,24,观看时长下降
CHURN00003781,U0006384,2026-08-28,high,149,活跃频次下降
CHURN00003782,U0006385,2026-08-28,high,58,活跃频次下降
CHURN00003783,U0006386,2026-08-28,high,54,观看时长下降
CHURN00003784,U0006387,2026-08-28,high,90,观看时长下降
CHURN00003785,U0006388,2026-08-28,medium,26,活跃频次下降
CHURN00003786,U0006389,2026-08-28,medium,21,观看时长下降
CHURN00003787,U0006390,2026-08-28,medium,17,连续未登录
CHURN00003788,U0006391,2026-08-28,high,95,活跃频次下降
CHURN00003789,U0006393,2026-08-28,medium,11,连续未登录
CHURN00003790,U0006395,2026-08-28,high,95,活跃频次下降
CHURN00003791,U0006399,2026-08-28,medium,12,活跃频次下降
CHURN00003792,U0006400,2026-08-28,medium,12,观看时长下降
CHURN00003793,U0006401,2026-08-28,medium,17,活跃频次下降
CHURN00003794,U0006402,2026-08-28,high,132,观看时长下降
CHURN00003795,U0006403,2026-08-28,high,102,活跃频次下降
CHURN00003796,U0006404,2026-08-28,medium,18,活跃频次下降
CHURN00003797,U0006407,2026-08-28,high,53,观看时长下降
CHURN00003798,U0006409,2026-08-28,medium,20,连续未登录
CHURN00003799,U0006410,2026-08-28,high,54,连续未登录
CHURN00003800,U0006411,2026-08-28,medium,22,观看时长下降
CHURN00003801,U0006413,2026-08-28,high,39,连续未登录
CHURN00003802,U0006414,2026-08-28,high,61,活跃频次下降
CHURN00003803,U0006415,2026-08-28,high,223,观看时长下降
CHURN00003804,U0006417,2026-08-28,medium,28,活跃频次下降
CHURN00003805,U0006418,2026-08-28,medium,21,活跃频次下降
CHURN00003806,U0006421,2026-08-28,high,40,活跃频次下降
CHURN00003807,U0006426,2026-08-28,medium,18,连续未登录
CHURN00003808,U0006427,2026-08-28,medium,24,连续未登录
CHURN00003809,U0006428,2026-08-28,high,38,连续未登录
CHURN00003810,U0006429,2026-08-28,medium,29,活跃频次下降
CHURN00003811,U0006432,2026-08-28,high,35,活跃频次下降
CHURN00003812,U0006435,2026-08-28,high,50,连续未登录
CHURN00003813,U0006439,2026-08-28,high,59,活跃频次下降
CHURN00003814,U0006440,2026-08-28,medium,12,活跃频次下降
CHURN00003815,U0006441,2026-08-28,medium,23,活跃频次下降
CHURN00003816,U0006443,2026-08-28,medium,10,连续未登录
CHURN00003817,U0006445,2026-08-28,high,86,连续未登录
CHURN00003818,U0006446,2026-08-28,high,60,观看时长下降
CHURN00003819,U0006448,2026-08-28,high,84,观看时长下降
CHURN00003820,U0006449,2026-08-28,high,204,连续未登录
CHURN00003821,U0006451,2026-08-28,high,204,连续未登录
CHURN00003822,U0006452,2026-08-28,medium,13,连续未登录
CHURN00003823,U0006453,2026-08-28,high,63,活跃频次下降
CHURN00003824,U0006455,2026-08-28,medium,20,连续未登录
CHURN00003825,U0006456,2026-08-28,medium,9,活跃频次下降
CHURN00003826,U0006457,2026-08-28,high,38,观看时长下降
CHURN00003827,U0006460,2026-08-28,medium,12,连续未登录
CHURN00003828,U0006462,2026-08-28,medium,23,观看时长下降
CHURN00003829,U0006463,2026-08-28,medium,10,活跃频次下降
CHURN00003830,U0006464,2026-08-28,high,42,连续未登录
CHURN00003831,U0006466,2026-08-28,medium,19,连续未登录
CHURN00003832,U0006467,2026-08-28,medium,14,连续未登录
CHURN00003833,U0006471,2026-08-28,high,35,观看时长下降
CHURN00003834,U0006473,2026-08-28,medium,24,观看时长下降
CHURN00003835,U0006474,2026-08-28,medium,19,活跃频次下降
CHURN00003836,U0006475,2026-08-28,medium,17,活跃频次下降
CHURN00003837,U0006477,2026-08-28,high,222,活跃频次下降
CHURN00003838,U0006480,2026-08-28,medium,21,连续未登录
CHURN00003839,U0006481,2026-08-28,high,80,连续未登录
CHURN00003840,U0006482,2026-08-28,high,61,连续未登录
CHURN00003841,U0006484,2026-08-28,medium,14,活跃频次下降
CHURN00003842,U0006485,2026-08-28,medium,17,活跃频次下降
CHURN00003843,U0006486,2026-08-28,medium,11,观看时长下降
CHURN00003844,U0006487,2026-08-28,medium,8,连续未登录
CHURN00003845,U0006489,2026-08-28,high,72,观看时长下降
CHURN00003846,U0006491,2026-08-28,high,37,活跃频次下降
CHURN00003847,U0006492,2026-08-28,medium,16,活跃频次下降
CHURN00003848,U0006493,2026-08-28,medium,20,观看时长下降
CHURN00003849,U0006494,2026-08-28,high,180,活跃频次下降
CHURN00003850,U0006495,2026-08-28,medium,22,连续未登录
CHURN00003851,U0006496,2026-08-28,high,204,连续未登录
CHURN00003852,U0006498,2026-08-28,high,62,活跃频次下降
CHURN00003853,U0006501,2026-08-28,medium,8,活跃频次下降
CHURN00003854,U0006503,2026-08-28,medium,26,连续未登录
CHURN00003855,U0006504,2026-08-28,high,89,活跃频次下降
CHURN00003856,U0006505,2026-08-28,high,85,观看时长下降
CHURN00003857,U0006506,2026-08-28,high,110,观看时长下降
CHURN00003858,U0006507,2026-08-28,medium,9,连续未登录
CHURN00003859,U0006508,2026-08-28,high,55,连续未登录
CHURN00003860,U0006510,2026-08-28,high,122,连续未登录
CHURN00003861,U0006511,2026-08-28,medium,29,活跃频次下降
CHURN00003862,U0006512,2026-08-28,medium,19,观看时长下降
CHURN00003863,U0006513,2026-08-28,medium,16,连续未登录
CHURN00003864,U0006515,2026-08-28,high,128,连续未登录
CHURN00003865,U0006516,2026-08-28,medium,10,连续未登录
CHURN00003866,U0006517,2026-08-28,medium,18,活跃频次下降
CHURN00003867,U0006518,2026-08-28,medium,10,连续未登录
CHURN00003868,U0006520,2026-08-28,high,180,连续未登录
CHURN00003869,U0006521,2026-08-28,medium,30,活跃频次下降
CHURN00003870,U0006522,2026-08-28,medium,27,连续未登录
CHURN00003871,U0006523,2026-08-28,high,42,活跃频次下降
CHURN00003872,U0006524,2026-08-28,high,32,连续未登录
CHURN00003873,U0006525,2026-08-28,high,42,活跃频次下降
CHURN00003874,U0006528,2026-08-28,medium,10,活跃频次下降
CHURN00003875,U0006529,2026-08-28,high,38,连续未登录
CHURN00003876,U0006530,2026-08-28,medium,14,连续未登录
CHURN00003877,U0006533,2026-08-28,medium,19,活跃频次下降
CHURN00003878,U0006537,2026-08-28,high,103,连续未登录
CHURN00003879,U0006538,2026-08-28,medium,27,连续未登录
CHURN00003880,U0006539,2026-08-28,medium,15,连续未登录
CHURN00003881,U0006542,2026-08-28,high,195,观看时长下降
CHURN00003882,U0006544,2026-08-28,medium,12,观看时长下降
CHURN00003883,U0006545,2026-08-28,high,79,连续未登录
CHURN00003884,U0006549,2026-08-28,high,35,连续未登录
CHURN00003885,U0006550,2026-08-28,high,43,连续未登录
CHURN00003886,U0006551,2026-08-28,high,61,活跃频次下降
CHURN00003887,U0006552,2026-08-28,medium,28,观看时长下降
CHURN00003888,U0006553,2026-08-28,medium,11,连续未登录
CHURN00003889,U0006554,2026-08-28,high,32,连续未登录
CHURN00003890,U0006555,2026-08-28,high,124,连续未登录
CHURN00003891,U0006556,2026-08-28,high,134,连续未登录
CHURN00003892,U0006558,2026-08-28,high,50,活跃频次下降
CHURN00003893,U0006559,2026-08-28,high,43,观看时长下降
CHURN00003894,U0006560,2026-08-28,high,184,活跃频次下降
CHURN00003895,U0006561,2026-08-28,high,42,活跃频次下降
CHURN00003896,U0006565,2026-08-28,medium,15,连续未登录
CHURN00003897,U0006567,2026-08-28,medium,18,观看时长下降
CHURN00003898,U0006568,2026-08-28,medium,10,连续未登录
CHURN00003899,U0006569,2026-08-28,high,35,观看时长下降
CHURN00003900,U0006572,2026-08-28,high,31,观看时长下降
CHURN00003901,U0006574,2026-08-28,medium,18,观看时长下降
CHURN00003902,U0006575,2026-08-28,medium,19,活跃频次下降
CHURN00003903,U0006576,2026-08-28,high,173,活跃频次下降
CHURN00003904,U0006577,2026-08-28,medium,12,连续未登录
CHURN00003905,U0006579,2026-08-28,medium,29,活跃频次下降
CHURN00003906,U0006580,2026-08-28,high,98,连续未登录
CHURN00003907,U0006582,2026-08-28,high,41,观看时长下降
CHURN00003908,U0006583,2026-08-28,high,80,连续未登录
CHURN00003909,U0006585,2026-08-28,high,93,观看时长下降
CHURN00003910,U0006589,2026-08-28,high,45,观看时长下降
CHURN00003911,U0006590,2026-08-28,high,41,连续未登录
CHURN00003912,U0006591,2026-08-28,high,38,观看时长下降
CHURN00003913,U0006592,2026-08-28,medium,14,连续未登录
CHURN00003914,U0006596,2026-08-28,high,43,活跃频次下降
CHURN00003915,U0006597,2026-08-28,medium,22,活跃频次下降
CHURN00003916,U0006598,2026-08-28,high,34,连续未登录
CHURN00003917,U0006601,2026-08-28,high,36,活跃频次下降
CHURN00003918,U0006602,2026-08-28,medium,12,连续未登录
CHURN00003919,U0006603,2026-08-28,medium,9,活跃频次下降
CHURN00003920,U0006605,2026-08-28,medium,19,连续未登录
CHURN00003921,U0006606,2026-08-28,high,80,观看时长下降
CHURN00003922,U0006607,2026-08-28,high,47,观看时长下降
CHURN00003923,U0006611,2026-08-28,medium,15,连续未登录
CHURN00003924,U0006612,2026-08-28,medium,12,连续未登录
CHURN00003925,U0006614,2026-08-28,medium,24,连续未登录
CHURN00003926,U0006618,2026-08-28,medium,26,连续未登录
CHURN00003927,U0006620,2026-08-28,medium,13,连续未登录
CHURN00003928,U0006621,2026-08-28,medium,13,连续未登录
CHURN00003929,U0006626,2026-08-28,medium,20,连续未登录
CHURN00003930,U0006628,2026-08-28,high,40,连续未登录
CHURN00003931,U0006629,2026-08-28,medium,17,连续未登录
CHURN00003932,U0006630,2026-08-28,medium,9,观看时长下降
CHURN00003933,U0006631,2026-08-28,medium,25,连续未登录
CHURN00003934,U0006634,2026-08-28,medium,18,连续未登录
CHURN00003935,U0006635,2026-08-28,medium,12,观看时长下降
CHURN00003936,U0006636,2026-08-28,high,70,活跃频次下降
CHURN00003937,U0006638,2026-08-28,high,52,连续未登录
CHURN00003938,U0006641,2026-08-28,medium,11,观看时长下降
CHURN00003939,U0006642,2026-08-28,medium,27,活跃频次下降
CHURN00003940,U0006643,2026-08-28,medium,21,观看时长下降
CHURN00003941,U0006645,2026-08-28,medium,9,连续未登录
CHURN00003942,U0006647,2026-08-28,medium,13,观看时长下降
CHURN00003943,U0006648,2026-08-28,medium,19,观看时长下降
CHURN00003944,U0006649,2026-08-28,medium,28,连续未登录
CHURN00003945,U0006651,2026-08-28,medium,30,活跃频次下降
CHURN00003946,U0006652,2026-08-28,high,73,连续未登录
CHURN00003947,U0006653,2026-08-28,high,36,连续未登录
CHURN00003948,U0006655,2026-08-28,high,40,观看时长下降
CHURN00003949,U0006656,2026-08-28,medium,11,活跃频次下降
CHURN00003950,U0006657,2026-08-28,high,33,连续未登录
CHURN00003951,U0006658,2026-08-28,high,82,连续未登录
CHURN00003952,U0006660,2026-08-28,high,87,观看时长下降
CHURN00003953,U0006662,2026-08-28,high,60,连续未登录
CHURN00003954,U0006663,2026-08-28,medium,25,连续未登录
CHURN00003955,U0006664,2026-08-28,medium,24,活跃频次下降
CHURN00003956,U0006665,2026-08-28,high,33,活跃频次下降
CHURN00003957,U0006666,2026-08-28,high,49,连续未登录
CHURN00003958,U0006667,2026-08-28,high,93,连续未登录
CHURN00003959,U0006669,2026-08-28,medium,9,连续未登录
CHURN00003960,U0006670,2026-08-28,high,184,活跃频次下降
CHURN00003961,U0006671,2026-08-28,medium,13,活跃频次下降
CHURN00003962,U0006672,2026-08-28,high,32,活跃频次下降
CHURN00003963,U0006673,2026-08-28,high,218,连续未登录
CHURN00003964,U0006674,2026-08-28,medium,22,活跃频次下降
CHURN00003965,U0006676,2026-08-28,high,48,连续未登录
CHURN00003966,U0006678,2026-08-28,medium,17,连续未登录
CHURN00003967,U0006680,2026-08-28,medium,18,连续未登录
CHURN00003968,U0006683,2026-08-28,high,116,观看时长下降
CHURN00003969,U0006686,2026-08-28,medium,13,活跃频次下降
CHURN00003970,U0006687,2026-08-28,medium,26,活跃频次下降
CHURN00003971,U0006688,2026-08-28,medium,28,活跃频次下降
CHURN00003972,U0006689,2026-08-28,medium,10,连续未登录
CHURN00003973,U0006693,2026-08-28,high,156,连续未登录
CHURN00003974,U0006694,2026-08-28,medium,26,观看时长下降
CHURN00003975,U0006696,2026-08-28,medium,18,连续未登录
CHURN00003976,U0006697,2026-08-28,high,93,连续未登录
CHURN00003977,U0006698,2026-08-28,high,37,活跃频次下降
CHURN00003978,U0006700,2026-08-28,medium,21,连续未登录
CHURN00003979,U0006702,2026-08-28,medium,30,连续未登录
CHURN00003980,U0006706,2026-08-28,medium,11,活跃频次下降
CHURN00003981,U0006707,2026-08-28,high,85,活跃频次下降
CHURN00003982,U0006708,2026-08-28,high,35,活跃频次下降
CHURN00003983,U0006709,2026-08-28,medium,15,观看时长下降
CHURN00003984,U0006711,2026-08-28,high,230,活跃频次下降
CHURN00003985,U0006712,2026-08-28,medium,23,活跃频次下降
CHURN00003986,U0006713,2026-08-28,high,103,活跃频次下降
CHURN00003987,U0006716,2026-08-28,medium,14,观看时长下降
CHURN00003988,U0006717,2026-08-28,high,142,活跃频次下降
CHURN00003989,U0006721,2026-08-28,high,89,连续未登录
CHURN00003990,U0006722,2026-08-28,high,78,观看时长下降
CHURN00003991,U0006726,2026-08-28,medium,15,连续未登录
CHURN00003992,U0006727,2026-08-28,medium,12,连续未登录
CHURN00003993,U0006729,2026-08-28,medium,24,观看时长下降
CHURN00003994,U0006731,2026-08-28,medium,24,观看时长下降
CHURN00003995,U0006732,2026-08-28,medium,17,连续未登录
CHURN00003996,U0006733,2026-08-28,medium,17,连续未登录
CHURN00003997,U0006735,2026-08-28,medium,29,活跃频次下降
CHURN00003998,U0006736,2026-08-28,high,41,活跃频次下降
CHURN00003999,U0006737,2026-08-28,high,57,连续未登录
CHURN00004000,U0006739,2026-08-28,medium,24,连续未登录
CHURN00004001,U0006740,2026-08-28,medium,16,连续未登录
CHURN00004002,U0006741,2026-08-28,medium,24,连续未登录
CHURN00004003,U0006742,2026-08-28,medium,28,观看时长下降
CHURN00004004,U0006743,2026-08-28,medium,12,观看时长下降
CHURN00004005,U0006744,2026-08-28,high,54,观看时长下降
CHURN00004006,U0006745,2026-08-28,medium,8,连续未登录
CHURN00004007,U0006746,2026-08-28,high,34,连续未登录
CHURN00004008,U0006747,2026-08-28,high,54,连续未登录
CHURN00004009,U0006749,2026-08-28,high,31,连续未登录
CHURN00004010,U0006750,2026-08-28,high,69,活跃频次下降
CHURN00004011,U0006751,2026-08-28,medium,11,连续未登录
CHURN00004012,U0006753,2026-08-28,high,45,连续未登录
CHURN00004013,U0006755,2026-08-28,medium,23,活跃频次下降
CHURN00004014,U0006756,2026-08-28,medium,18,活跃频次下降
CHURN00004015,U0006757,2026-08-28,high,41,活跃频次下降
CHURN00004016,U0006759,2026-08-28,medium,8,连续未登录
CHURN00004017,U0006760,2026-08-28,high,41,活跃频次下降
CHURN00004018,U0006761,2026-08-28,medium,17,观看时长下降
CHURN00004019,U0006763,2026-08-28,high,76,活跃频次下降
CHURN00004020,U0006764,2026-08-28,medium,10,活跃频次下降
CHURN00004021,U0006766,2026-08-28,medium,15,活跃频次下降
CHURN00004022,U0006767,2026-08-28,high,69,连续未登录
CHURN00004023,U0006768,2026-08-28,high,99,连续未登录
CHURN00004024,U0006769,2026-08-28,high,42,连续未登录
CHURN00004025,U0006770,2026-08-28,medium,16,连续未登录
CHURN00004026,U0006771,2026-08-28,high,60,连续未登录
CHURN00004027,U0006772,2026-08-28,medium,8,活跃频次下降
CHURN00004028,U0006773,2026-08-28,medium,15,观看时长下降
CHURN00004029,U0006774,2026-08-28,high,46,连续未登录
CHURN00004030,U0006779,2026-08-28,high,197,活跃频次下降
CHURN00004031,U0006780,2026-08-28,medium,8,连续未登录
CHURN00004032,U0006781,2026-08-28,high,37,活跃频次下降
CHURN00004033,U0006784,2026-08-28,high,166,活跃频次下降
CHURN00004034,U0006785,2026-08-28,high,154,活跃频次下降
CHURN00004035,U0006786,2026-08-28,high,32,活跃频次下降
CHURN00004036,U0006788,2026-08-28,high,32,活跃频次下降
CHURN00004037,U0006789,2026-08-28,high,35,观看时长下降
CHURN00004038,U0006791,2026-08-28,medium,11,连续未登录
CHURN00004039,U0006792,2026-08-28,medium,10,连续未登录
CHURN00004040,U0006795,2026-08-28,medium,8,活跃频次下降
CHURN00004041,U0006796,2026-08-28,high,41,连续未登录
CHURN00004042,U0006797,2026-08-28,high,49,连续未登录
CHURN00004043,U0006798,2026-08-28,medium,9,活跃频次下降
CHURN00004044,U0006803,2026-08-28,medium,23,活跃频次下降
CHURN00004045,U0006804,2026-08-28,medium,12,连续未登录
CHURN00004046,U0006805,2026-08-28,medium,25,连续未登录
CHURN00004047,U0006806,2026-08-28,medium,17,活跃频次下降
CHURN00004048,U0006807,2026-08-28,high,40,活跃频次下降
CHURN00004049,U0006808,2026-08-28,medium,29,活跃频次下降
CHURN00004050,U0006809,2026-08-28,medium,12,观看时长下降
CHURN00004051,U0006810,2026-08-28,medium,13,连续未登录
CHURN00004052,U0006814,2026-08-28,high,187,连续未登录
CHURN00004053,U0006815,2026-08-28,medium,12,活跃频次下降
CHURN00004054,U0006817,2026-08-28,high,103,活跃频次下降
CHURN00004055,U0006818,2026-08-28,high,31,连续未登录
CHURN00004056,U0006819,2026-08-28,high,110,连续未登录
CHURN00004057,U0006821,2026-08-28,high,66,活跃频次下降
CHURN00004058,U0006822,2026-08-28,high,116,活跃频次下降
CHURN00004059,U0006824,2026-08-28,high,32,活跃频次下降
CHURN00004060,U0006826,2026-08-28,high,33,观看时长下降
CHURN00004061,U0006829,2026-08-28,high,49,活跃频次下降
CHURN00004062,U0006831,2026-08-28,medium,10,连续未登录
CHURN00004063,U0006834,2026-08-28,high,90,观看时长下降
CHURN00004064,U0006835,2026-08-28,medium,12,连续未登录
CHURN00004065,U0006837,2026-08-28,high,43,连续未登录
CHURN00004066,U0006839,2026-08-28,medium,8,活跃频次下降
CHURN00004067,U0006840,2026-08-28,high,162,连续未登录
CHURN00004068,U0006841,2026-08-28,medium,28,观看时长下降
CHURN00004069,U0006844,2026-08-28,high,72,连续未登录
CHURN00004070,U0006845,2026-08-28,medium,12,活跃频次下降
CHURN00004071,U0006846,2026-08-28,high,79,活跃频次下降
CHURN00004072,U0006847,2026-08-28,high,93,活跃频次下降
CHURN00004073,U0006848,2026-08-28,high,46,活跃频次下降
CHURN00004074,U0006849,2026-08-28,medium,12,活跃频次下降
CHURN00004075,U0006851,2026-08-28,medium,28,活跃频次下降
CHURN00004076,U0006852,2026-08-28,high,48,观看时长下降
CHURN00004077,U0006856,2026-08-28,medium,24,活跃频次下降
CHURN00004078,U0006858,2026-08-28,medium,10,活跃频次下降
CHURN00004079,U0006859,2026-08-28,high,118,观看时长下降
CHURN00004080,U0006863,2026-08-28,high,127,活跃频次下降
CHURN00004081,U0006864,2026-08-28,medium,21,连续未登录
CHURN00004082,U0006866,2026-08-28,high,190,活跃频次下降
CHURN00004083,U0006868,2026-08-28,medium,8,观看时长下降
CHURN00004084,U0006869,2026-08-28,high,127,活跃频次下降
CHURN00004085,U0006870,2026-08-28,high,92,连续未登录
CHURN00004086,U0006874,2026-08-28,high,38,连续未登录
CHURN00004087,U0006875,2026-08-28,medium,10,观看时长下降
CHURN00004088,U0006877,2026-08-28,high,149,连续未登录
CHURN00004089,U0006879,2026-08-28,high,54,连续未登录
CHURN00004090,U0006880,2026-08-28,medium,23,活跃频次下降
CHURN00004091,U0006883,2026-08-28,high,35,观看时长下降
CHURN00004092,U0006884,2026-08-28,medium,16,活跃频次下降
CHURN00004093,U0006885,2026-08-28,high,33,观看时长下降
CHURN00004094,U0006887,2026-08-28,high,61,连续未登录
CHURN00004095,U0006888,2026-08-28,medium,11,连续未登录
CHURN00004096,U0006890,2026-08-28,high,77,活跃频次下降
CHURN00004097,U0006893,2026-08-28,high,110,活跃频次下降
CHURN00004098,U0006896,2026-08-28,high,55,活跃频次下降
CHURN00004099,U0006897,2026-08-28,high,41,观看时长下降
CHURN00004100,U0006901,2026-08-28,high,54,连续未登录
CHURN00004101,U0006903,2026-08-28,medium,16,活跃频次下降
CHURN00004102,U0006904,2026-08-28,high,159,连续未登录
CHURN00004103,U0006906,2026-08-28,high,173,连续未登录
CHURN00004104,U0006908,2026-08-28,medium,16,活跃频次下降
CHURN00004105,U0006909,2026-08-28,medium,16,连续未登录
CHURN00004106,U0006910,2026-08-28,medium,8,观看时长下降
CHURN00004107,U0006913,2026-08-28,high,44,活跃频次下降
CHURN00004108,U0006915,2026-08-28,high,50,活跃频次下降
CHURN00004109,U0006916,2026-08-28,medium,8,观看时长下降
CHURN00004110,U0006917,2026-08-28,medium,12,连续未登录
CHURN00004111,U0006918,2026-08-28,medium,15,活跃频次下降
CHURN00004112,U0006919,2026-08-28,medium,11,连续未登录
CHURN00004113,U0006921,2026-08-28,medium,18,连续未登录
CHURN00004114,U0006926,2026-08-28,high,66,连续未登录
CHURN00004115,U0006927,2026-08-28,medium,19,观看时长下降
CHURN00004116,U0006928,2026-08-28,medium,16,观看时长下降
CHURN00004117,U0006929,2026-08-28,medium,14,观看时长下降
CHURN00004118,U0006930,2026-08-28,high,47,活跃频次下降
CHURN00004119,U0006932,2026-08-28,high,72,观看时长下降
CHURN00004120,U0006933,2026-08-28,high,57,连续未登录
CHURN00004121,U0006934,2026-08-28,medium,8,活跃频次下降
CHURN00004122,U0006935,2026-08-28,high,49,活跃频次下降
CHURN00004123,U0006936,2026-08-28,high,53,连续未登录
CHURN00004124,U0006937,2026-08-28,high,102,活跃频次下降
CHURN00004125,U0006939,2026-08-28,medium,14,连续未登录
CHURN00004126,U0006941,2026-08-28,high,49,观看时长下降
CHURN00004127,U0006943,2026-08-28,high,32,连续未登录
CHURN00004128,U0006945,2026-08-28,high,58,连续未登录
CHURN00004129,U0006946,2026-08-28,high,44,活跃频次下降
CHURN00004130,U0006950,2026-08-28,high,61,连续未登录
CHURN00004131,U0006952,2026-08-28,medium,18,连续未登录
CHURN00004132,U0006954,2026-08-28,high,45,观看时长下降
CHURN00004133,U0006955,2026-08-28,medium,16,活跃频次下降
CHURN00004134,U0006956,2026-08-28,medium,19,观看时长下降
CHURN00004135,U0006957,2026-08-28,medium,20,连续未登录
CHURN00004136,U0006960,2026-08-28,high,45,观看时长下降
CHURN00004137,U0006964,2026-08-28,medium,21,观看时长下降
CHURN00004138,U0006965,2026-08-28,medium,8,连续未登录
CHURN00004139,U0006969,2026-08-28,medium,21,连续未登录
CHURN00004140,U0006972,2026-08-28,medium,10,活跃频次下降
CHURN00004141,U0006973,2026-08-28,medium,18,观看时长下降
CHURN00004142,U0006974,2026-08-28,medium,11,连续未登录
CHURN00004143,U0006975,2026-08-28,high,47,观看时长下降
CHURN00004144,U0006976,2026-08-28,medium,24,活跃频次下降
CHURN00004145,U0006978,2026-08-28,medium,12,活跃频次下降
CHURN00004146,U0006980,2026-08-28,medium,12,活跃频次下降
CHURN00004147,U0006981,2026-08-28,medium,11,连续未登录
CHURN00004148,U0006982,2026-08-28,medium,9,连续未登录
CHURN00004149,U0006985,2026-08-28,high,121,观看时长下降
CHURN00004150,U0006986,2026-08-28,medium,11,活跃频次下降
CHURN00004151,U0006988,2026-08-28,high,179,连续未登录
CHURN00004152,U0006989,2026-08-28,high,71,活跃频次下降
CHURN00004153,U0006993,2026-08-28,high,36,活跃频次下降
CHURN00004154,U0006995,2026-08-28,medium,28,观看时长下降
CHURN00004155,U0006996,2026-08-28,medium,13,活跃频次下降
CHURN00004156,U0006997,2026-08-28,medium,19,观看时长下降
CHURN00004157,U0006998,2026-08-28,high,50,活跃频次下降
CHURN00004158,U0006999,2026-08-28,high,40,连续未登录
CHURN00004159,U0007000,2026-08-28,high,31,连续未登录
CHURN00004160,U0007001,2026-08-28,medium,18,活跃频次下降
CHURN00004161,U0007004,2026-08-28,medium,17,连续未登录
CHURN00004162,U0007007,2026-08-28,medium,18,观看时长下降
CHURN00004163,U0007011,2026-08-28,high,36,活跃频次下降
CHURN00004164,U0007012,2026-08-28,medium,20,连续未登录
CHURN00004165,U0007013,2026-08-28,medium,13,连续未登录
CHURN00004166,U0007014,2026-08-28,medium,9,观看时长下降
CHURN00004167,U0007015,2026-08-28,high,55,观看时长下降
CHURN00004168,U0007016,2026-08-28,high,31,连续未登录
CHURN00004169,U0007020,2026-08-28,high,109,连续未登录
CHURN00004170,U0007021,2026-08-28,medium,16,观看时长下降
CHURN00004171,U0007022,2026-08-28,high,82,观看时长下降
CHURN00004172,U0007023,2026-08-28,high,43,连续未登录
CHURN00004173,U0007024,2026-08-28,high,150,连续未登录
CHURN00004174,U0007025,2026-08-28,medium,8,连续未登录
CHURN00004175,U0007027,2026-08-28,medium,19,连续未登录
CHURN00004176,U0007031,2026-08-28,medium,25,活跃频次下降
CHURN00004177,U0007035,2026-08-28,medium,12,连续未登录
CHURN00004178,U0007036,2026-08-28,medium,19,活跃频次下降
CHURN00004179,U0007039,2026-08-28,medium,13,连续未登录
CHURN00004180,U0007041,2026-08-28,high,40,观看时长下降
CHURN00004181,U0007043,2026-08-28,medium,14,连续未登录
CHURN00004182,U0007044,2026-08-28,high,112,活跃频次下降
CHURN00004183,U0007047,2026-08-28,medium,24,连续未登录
CHURN00004184,U0007048,2026-08-28,high,88,连续未登录
CHURN00004185,U0007049,2026-08-28,medium,18,观看时长下降
CHURN00004186,U0007050,2026-08-28,high,51,连续未登录
CHURN00004187,U0007051,2026-08-28,high,42,连续未登录
CHURN00004188,U0007056,2026-08-28,medium,27,活跃频次下降
CHURN00004189,U0007057,2026-08-28,medium,21,观看时长下降
CHURN00004190,U0007058,2026-08-28,high,69,观看时长下降
CHURN00004191,U0007059,2026-08-28,medium,17,观看时长下降
CHURN00004192,U0007061,2026-08-28,high,150,活跃频次下降
CHURN00004193,U0007062,2026-08-28,high,93,连续未登录
CHURN00004194,U0007063,2026-08-28,medium,13,活跃频次下降
CHURN00004195,U0007064,2026-08-28,high,47,连续未登录
CHURN00004196,U0007065,2026-08-28,high,64,观看时长下降
CHURN00004197,U0007067,2026-08-28,high,78,活跃频次下降
CHURN00004198,U0007068,2026-08-28,high,46,观看时长下降
CHURN00004199,U0007069,2026-08-28,high,82,活跃频次下降
CHURN00004200,U0007071,2026-08-28,high,171,活跃频次下降
CHURN00004201,U0007072,2026-08-28,medium,17,观看时长下降
CHURN00004202,U0007073,2026-08-28,high,44,连续未登录
CHURN00004203,U0007074,2026-08-28,high,55,观看时长下降
CHURN00004204,U0007075,2026-08-28,medium,28,活跃频次下降
CHURN00004205,U0007077,2026-08-28,medium,30,观看时长下降
CHURN00004206,U0007078,2026-08-28,medium,10,活跃频次下降
CHURN00004207,U0007081,2026-08-28,medium,8,连续未登录
CHURN00004208,U0007082,2026-08-28,medium,21,观看时长下降
CHURN00004209,U0007083,2026-08-28,high,59,连续未登录
CHURN00004210,U0007084,2026-08-28,medium,11,连续未登录
CHURN00004211,U0007085,2026-08-28,high,34,连续未登录
CHURN00004212,U0007086,2026-08-28,high,219,连续未登录
CHURN00004213,U0007090,2026-08-28,medium,12,连续未登录
CHURN00004214,U0007091,2026-08-28,medium,8,活跃频次下降
CHURN00004215,U0007093,2026-08-28,high,96,连续未登录
CHURN00004216,U0007095,2026-08-28,medium,9,活跃频次下降
CHURN00004217,U0007096,2026-08-28,high,107,连续未登录
CHURN00004218,U0007097,2026-08-28,medium,12,连续未登录
CHURN00004219,U0007098,2026-08-28,high,67,活跃频次下降
CHURN00004220,U0007102,2026-08-28,high,94,观看时长下降
CHURN00004221,U0007105,2026-08-28,medium,11,连续未登录
CHURN00004222,U0007106,2026-08-28,medium,15,观看时长下降
CHURN00004223,U0007108,2026-08-28,medium,8,观看时长下降
CHURN00004224,U0007110,2026-08-28,medium,16,连续未登录
CHURN00004225,U0007112,2026-08-28,medium,10,活跃频次下降
CHURN00004226,U0007114,2026-08-28,high,65,活跃频次下降
CHURN00004227,U0007116,2026-08-28,high,63,观看时长下降
CHURN00004228,U0007118,2026-08-28,medium,17,连续未登录
CHURN00004229,U0007119,2026-08-28,medium,29,活跃频次下降
CHURN00004230,U0007124,2026-08-28,medium,25,连续未登录
CHURN00004231,U0007125,2026-08-28,medium,13,观看时长下降
CHURN00004232,U0007126,2026-08-28,medium,13,活跃频次下降
CHURN00004233,U0007127,2026-08-28,medium,30,观看时长下降
CHURN00004234,U0007129,2026-08-28,medium,15,连续未登录
CHURN00004235,U0007130,2026-08-28,medium,25,连续未登录
CHURN00004236,U0007131,2026-08-28,high,152,观看时长下降
CHURN00004237,U0007132,2026-08-28,high,41,活跃频次下降
CHURN00004238,U0007133,2026-08-28,high,33,活跃频次下降
CHURN00004239,U0007134,2026-08-28,medium,8,连续未登录
CHURN00004240,U0007137,2026-08-28,medium,16,活跃频次下降
CHURN00004241,U0007138,2026-08-28,medium,11,活跃频次下降
CHURN00004242,U0007139,2026-08-28,medium,15,连续未登录
CHURN00004243,U0007140,2026-08-28,medium,22,观看时长下降
CHURN00004244,U0007141,2026-08-28,high,103,活跃频次下降
CHURN00004245,U0007142,2026-08-28,high,71,活跃频次下降
CHURN00004246,U0007143,2026-08-28,high,41,连续未登录
CHURN00004247,U0007144,2026-08-28,medium,21,连续未登录
CHURN00004248,U0007147,2026-08-28,medium,29,活跃频次下降
CHURN00004249,U0007149,2026-08-28,medium,29,连续未登录
CHURN00004250,U0007151,2026-08-28,medium,15,连续未登录
CHURN00004251,U0007152,2026-08-28,medium,21,连续未登录
CHURN00004252,U0007155,2026-08-28,high,116,活跃频次下降
CHURN00004253,U0007157,2026-08-28,medium,27,活跃频次下降
CHURN00004254,U0007159,2026-08-28,medium,14,活跃频次下降
CHURN00004255,U0007161,2026-08-28,high,55,连续未登录
CHURN00004256,U0007162,2026-08-28,high,111,连续未登录
CHURN00004257,U0007164,2026-08-28,medium,9,活跃频次下降
CHURN00004258,U0007165,2026-08-28,high,44,连续未登录
CHURN00004259,U0007167,2026-08-28,high,114,活跃频次下降
CHURN00004260,U0007168,2026-08-28,medium,27,活跃频次下降
CHURN00004261,U0007169,2026-08-28,high,48,观看时长下降
CHURN00004262,U0007170,2026-08-28,high,131,连续未登录
CHURN00004263,U0007177,2026-08-28,medium,13,观看时长下降
CHURN00004264,U0007179,2026-08-28,high,43,连续未登录
CHURN00004265,U0007181,2026-08-28,high,158,活跃频次下降
CHURN00004266,U0007182,2026-08-28,high,67,连续未登录
CHURN00004267,U0007184,2026-08-28,high,61,观看时长下降
CHURN00004268,U0007185,2026-08-28,medium,18,观看时长下降
CHURN00004269,U0007186,2026-08-28,medium,27,观看时长下降
CHURN00004270,U0007189,2026-08-28,high,36,连续未登录
CHURN00004271,U0007190,2026-08-28,high,119,连续未登录
CHURN00004272,U0007191,2026-08-28,medium,9,连续未登录
CHURN00004273,U0007192,2026-08-28,medium,9,连续未登录
CHURN00004274,U0007194,2026-08-28,high,96,连续未登录
CHURN00004275,U0007196,2026-08-28,medium,18,连续未登录
CHURN00004276,U0007198,2026-08-28,high,118,观看时长下降
CHURN00004277,U0007199,2026-08-28,high,153,观看时长下降
CHURN00004278,U0007203,2026-08-28,medium,20,活跃频次下降
CHURN00004279,U0007205,2026-08-28,high,103,活跃频次下降
CHURN00004280,U0007206,2026-08-28,high,104,连续未登录
CHURN00004281,U0007207,2026-08-28,high,58,连续未登录
CHURN00004282,U0007210,2026-08-28,medium,14,观看时长下降
CHURN00004283,U0007211,2026-08-28,medium,17,观看时长下降
CHURN00004284,U0007214,2026-08-28,high,76,观看时长下降
CHURN00004285,U0007215,2026-08-28,high,64,连续未登录
CHURN00004286,U0007216,2026-08-28,high,45,活跃频次下降
CHURN00004287,U0007217,2026-08-28,high,44,连续未登录
CHURN00004288,U0007218,2026-08-28,medium,8,连续未登录
CHURN00004289,U0007219,2026-08-28,high,49,连续未登录
CHURN00004290,U0007221,2026-08-28,high,205,连续未登录
CHURN00004291,U0007222,2026-08-28,high,62,连续未登录
CHURN00004292,U0007227,2026-08-28,high,191,连续未登录
CHURN00004293,U0007228,2026-08-28,high,44,连续未登录
CHURN00004294,U0007230,2026-08-28,medium,10,连续未登录
CHURN00004295,U0007231,2026-08-28,medium,16,连续未登录
CHURN00004296,U0007233,2026-08-28,medium,27,连续未登录
CHURN00004297,U0007234,2026-08-28,medium,11,连续未登录
CHURN00004298,U0007237,2026-08-28,high,231,连续未登录
CHURN00004299,U0007238,2026-08-28,high,189,连续未登录
CHURN00004300,U0007239,2026-08-28,high,231,连续未登录
CHURN00004301,U0007240,2026-08-28,high,34,观看时长下降
CHURN00004302,U0007242,2026-08-28,high,94,活跃频次下降
CHURN00004303,U0007243,2026-08-28,medium,14,连续未登录
CHURN00004304,U0007244,2026-08-28,medium,10,连续未登录
CHURN00004305,U0007245,2026-08-28,medium,16,观看时长下降
CHURN00004306,U0007251,2026-08-28,medium,20,观看时长下降
CHURN00004307,U0007253,2026-08-28,high,65,连续未登录
CHURN00004308,U0007254,2026-08-28,high,64,观看时长下降
CHURN00004309,U0007257,2026-08-28,medium,14,活跃频次下降
CHURN00004310,U0007258,2026-08-28,medium,9,观看时长下降
CHURN00004311,U0007259,2026-08-28,high,61,连续未登录
CHURN00004312,U0007264,2026-08-28,high,44,连续未登录
CHURN00004313,U0007265,2026-08-28,high,148,连续未登录
CHURN00004314,U0007266,2026-08-28,high,163,活跃频次下降
CHURN00004315,U0007267,2026-08-28,medium,9,活跃频次下降
CHURN00004316,U0007270,2026-08-28,high,66,观看时长下降
CHURN00004317,U0007272,2026-08-28,medium,23,连续未登录
CHURN00004318,U0007274,2026-08-28,medium,10,活跃频次下降
CHURN00004319,U0007275,2026-08-28,medium,17,观看时长下降
CHURN00004320,U0007278,2026-08-28,medium,14,活跃频次下降
CHURN00004321,U0007279,2026-08-28,medium,21,连续未登录
CHURN00004322,U0007280,2026-08-28,high,102,连续未登录
CHURN00004323,U0007281,2026-08-28,high,47,连续未登录
CHURN00004324,U0007282,2026-08-28,high,76,连续未登录
CHURN00004325,U0007283,2026-08-28,high,32,观看时长下降
CHURN00004326,U0007284,2026-08-28,high,46,观看时长下降
CHURN00004327,U0007287,2026-08-28,high,131,活跃频次下降
CHURN00004328,U0007289,2026-08-28,medium,14,活跃频次下降
CHURN00004329,U0007290,2026-08-28,medium,23,观看时长下降
CHURN00004330,U0007291,2026-08-28,medium,8,连续未登录
CHURN00004331,U0007292,2026-08-28,high,79,观看时长下降
CHURN00004332,U0007293,2026-08-28,high,74,活跃频次下降
CHURN00004333,U0007295,2026-08-28,medium,21,观看时长下降
CHURN00004334,U0007296,2026-08-28,high,31,连续未登录
CHURN00004335,U0007298,2026-08-28,high,73,观看时长下降
CHURN00004336,U0007299,2026-08-28,high,34,活跃频次下降
CHURN00004337,U0007300,2026-08-28,high,59,连续未登录
CHURN00004338,U0007301,2026-08-28,medium,30,连续未登录
CHURN00004339,U0007302,2026-08-28,high,39,连续未登录
CHURN00004340,U0007303,2026-08-28,high,36,连续未登录
CHURN00004341,U0007304,2026-08-28,high,37,连续未登录
CHURN00004342,U0007307,2026-08-28,medium,11,连续未登录
CHURN00004343,U0007309,2026-08-28,medium,21,活跃频次下降
CHURN00004344,U0007310,2026-08-28,medium,15,连续未登录
CHURN00004345,U0007311,2026-08-28,medium,27,连续未登录
CHURN00004346,U0007312,2026-08-28,medium,28,连续未登录
CHURN00004347,U0007314,2026-08-28,high,99,连续未登录
CHURN00004348,U0007315,2026-08-28,medium,30,连续未登录
CHURN00004349,U0007316,2026-08-28,medium,12,活跃频次下降
CHURN00004350,U0007317,2026-08-28,medium,21,观看时长下降
CHURN00004351,U0007320,2026-08-28,high,34,活跃频次下降
CHURN00004352,U0007322,2026-08-28,medium,10,观看时长下降
CHURN00004353,U0007324,2026-08-28,medium,11,连续未登录
CHURN00004354,U0007325,2026-08-28,medium,13,连续未登录
CHURN00004355,U0007326,2026-08-28,medium,8,连续未登录
CHURN00004356,U0007328,2026-08-28,medium,9,连续未登录
CHURN00004357,U0007329,2026-08-28,medium,15,连续未登录
CHURN00004358,U0007330,2026-08-28,high,120,观看时长下降
CHURN00004359,U0007331,2026-08-28,high,53,观看时长下降
CHURN00004360,U0007332,2026-08-28,high,141,活跃频次下降
CHURN00004361,U0007334,2026-08-28,medium,11,观看时长下降
CHURN00004362,U0007335,2026-08-28,high,228,活跃频次下降
CHURN00004363,U0007339,2026-08-28,high,45,连续未登录
CHURN00004364,U0007340,2026-08-28,high,51,活跃频次下降
CHURN00004365,U0007341,2026-08-28,high,64,活跃频次下降
CHURN00004366,U0007343,2026-08-28,medium,15,观看时长下降
CHURN00004367,U0007345,2026-08-28,medium,25,连续未登录
CHURN00004368,U0007346,2026-08-28,high,66,活跃频次下降
CHURN00004369,U0007347,2026-08-28,medium,12,连续未登录
CHURN00004370,U0007348,2026-08-28,medium,15,活跃频次下降
CHURN00004371,U0007349,2026-08-28,medium,11,观看时长下降
CHURN00004372,U0007350,2026-08-28,medium,16,活跃频次下降
CHURN00004373,U0007351,2026-08-28,medium,10,连续未登录
CHURN00004374,U0007353,2026-08-28,medium,12,活跃频次下降
CHURN00004375,U0007355,2026-08-28,high,75,连续未登录
CHURN00004376,U0007358,2026-08-28,high,38,连续未登录
CHURN00004377,U0007359,2026-08-28,high,102,活跃频次下降
CHURN00004378,U0007360,2026-08-28,high,54,连续未登录
CHURN00004379,U0007361,2026-08-28,medium,26,连续未登录
CHURN00004380,U0007364,2026-08-28,high,61,连续未登录
CHURN00004381,U0007366,2026-08-28,high,208,观看时长下降
CHURN00004382,U0007367,2026-08-28,medium,10,观看时长下降
CHURN00004383,U0007368,2026-08-28,medium,30,连续未登录
CHURN00004384,U0007370,2026-08-28,medium,20,连续未登录
CHURN00004385,U0007373,2026-08-28,high,146,连续未登录
CHURN00004386,U0007374,2026-08-28,medium,19,连续未登录
CHURN00004387,U0007375,2026-08-28,medium,9,连续未登录
CHURN00004388,U0007376,2026-08-28,medium,23,连续未登录
CHURN00004389,U0007377,2026-08-28,medium,15,连续未登录
CHURN00004390,U0007379,2026-08-28,medium,11,连续未登录
CHURN00004391,U0007380,2026-08-28,medium,28,观看时长下降
CHURN00004392,U0007381,2026-08-28,high,40,观看时长下降
CHURN00004393,U0007383,2026-08-28,high,67,连续未登录
CHURN00004394,U0007384,2026-08-28,high,80,活跃频次下降
CHURN00004395,U0007385,2026-08-28,medium,26,连续未登录
CHURN00004396,U0007386,2026-08-28,high,53,观看时长下降
CHURN00004397,U0007387,2026-08-28,medium,28,连续未登录
CHURN00004398,U0007388,2026-08-28,medium,8,连续未登录
CHURN00004399,U0007389,2026-08-28,medium,22,连续未登录
CHURN00004400,U0007393,2026-08-28,high,51,连续未登录
CHURN00004401,U0007394,2026-08-28,high,98,连续未登录
CHURN00004402,U0007395,2026-08-28,high,100,活跃频次下降
CHURN00004403,U0007396,2026-08-28,medium,21,观看时长下降
CHURN00004404,U0007399,2026-08-28,high,52,连续未登录
CHURN00004405,U0007400,2026-08-28,high,76,连续未登录
CHURN00004406,U0007401,2026-08-28,medium,29,连续未登录
CHURN00004407,U0007402,2026-08-28,medium,26,活跃频次下降
CHURN00004408,U0007404,2026-08-28,medium,15,观看时长下降
CHURN00004409,U0007406,2026-08-28,high,45,活跃频次下降
CHURN00004410,U0007409,2026-08-28,medium,27,观看时长下降
CHURN00004411,U0007410,2026-08-28,high,149,连续未登录
CHURN00004412,U0007412,2026-08-28,medium,19,连续未登录
CHURN00004413,U0007414,2026-08-28,medium,22,连续未登录
CHURN00004414,U0007415,2026-08-28,medium,23,活跃频次下降
CHURN00004415,U0007417,2026-08-28,medium,11,连续未登录
CHURN00004416,U0007418,2026-08-28,medium,15,连续未登录
CHURN00004417,U0007419,2026-08-28,medium,14,活跃频次下降
CHURN00004418,U0007420,2026-08-28,high,41,连续未登录
CHURN00004419,U0007421,2026-08-28,high,51,连续未登录
CHURN00004420,U0007422,2026-08-28,medium,27,活跃频次下降
CHURN00004421,U0007423,2026-08-28,medium,11,活跃频次下降
CHURN00004422,U0007424,2026-08-28,medium,23,连续未登录
CHURN00004423,U0007426,2026-08-28,medium,10,活跃频次下降
CHURN00004424,U0007427,2026-08-28,medium,19,连续未登录
CHURN00004425,U0007429,2026-08-28,medium,16,活跃频次下降
CHURN00004426,U0007430,2026-08-28,medium,8,观看时长下降
CHURN00004427,U0007434,2026-08-28,high,34,观看时长下降
CHURN00004428,U0007435,2026-08-28,high,117,连续未登录
CHURN00004429,U0007436,2026-08-28,high,77,连续未登录
CHURN00004430,U0007440,2026-08-28,medium,28,连续未登录
CHURN00004431,U0007441,2026-08-28,medium,27,观看时长下降
CHURN00004432,U0007443,2026-08-28,medium,19,连续未登录
CHURN00004433,U0007444,2026-08-28,high,147,连续未登录
CHURN00004434,U0007446,2026-08-28,high,79,观看时长下降
CHURN00004435,U0007448,2026-08-28,medium,11,连续未登录
CHURN00004436,U0007450,2026-08-28,high,140,连续未登录
CHURN00004437,U0007451,2026-08-28,medium,12,观看时长下降
CHURN00004438,U0007453,2026-08-28,medium,20,活跃频次下降
CHURN00004439,U0007455,2026-08-28,medium,24,连续未登录
CHURN00004440,U0007457,2026-08-28,high,143,活跃频次下降
CHURN00004441,U0007458,2026-08-28,high,103,连续未登录
CHURN00004442,U0007459,2026-08-28,high,32,连续未登录
CHURN00004443,U0007460,2026-08-28,high,41,连续未登录
CHURN00004444,U0007461,2026-08-28,high,39,活跃频次下降
CHURN00004445,U0007462,2026-08-28,medium,9,观看时长下降
CHURN00004446,U0007465,2026-08-28,medium,23,连续未登录
CHURN00004447,U0007466,2026-08-28,high,98,连续未登录
CHURN00004448,U0007467,2026-08-28,medium,18,活跃频次下降
CHURN00004449,U0007468,2026-08-28,medium,29,活跃频次下降
CHURN00004450,U0007469,2026-08-28,high,128,观看时长下降
CHURN00004451,U0007470,2026-08-28,medium,18,连续未登录
CHURN00004452,U0007473,2026-08-28,medium,30,观看时长下降
CHURN00004453,U0007474,2026-08-28,high,60,连续未登录
CHURN00004454,U0007475,2026-08-28,medium,11,观看时长下降
CHURN00004455,U0007481,2026-08-28,medium,15,活跃频次下降
CHURN00004456,U0007483,2026-08-28,high,37,观看时长下降
CHURN00004457,U0007484,2026-08-28,medium,17,观看时长下降
CHURN00004458,U0007485,2026-08-28,high,50,连续未登录
CHURN00004459,U0007486,2026-08-28,high,51,观看时长下降
CHURN00004460,U0007487,2026-08-28,medium,15,连续未登录
CHURN00004461,U0007488,2026-08-28,medium,10,连续未登录
CHURN00004462,U0007489,2026-08-28,high,134,连续未登录
CHURN00004463,U0007490,2026-08-28,medium,25,连续未登录
CHURN00004464,U0007492,2026-08-28,high,104,观看时长下降
CHURN00004465,U0007493,2026-08-28,medium,19,活跃频次下降
CHURN00004466,U0007494,2026-08-28,medium,23,连续未登录
CHURN00004467,U0007496,2026-08-28,medium,18,活跃频次下降
CHURN00004468,U0007500,2026-08-28,high,161,活跃频次下降
CHURN00004469,U0007503,2026-08-28,medium,27,连续未登录
CHURN00004470,U0007505,2026-08-28,high,168,连续未登录
CHURN00004471,U0007506,2026-08-28,high,55,活跃频次下降
CHURN00004472,U0007507,2026-08-28,high,59,活跃频次下降
CHURN00004473,U0007508,2026-08-28,high,136,观看时长下降
CHURN00004474,U0007509,2026-08-28,medium,15,连续未登录
CHURN00004475,U0007510,2026-08-28,medium,22,连续未登录
CHURN00004476,U0007511,2026-08-28,medium,13,观看时长下降
CHURN00004477,U0007512,2026-08-28,high,53,连续未登录
CHURN00004478,U0007513,2026-08-28,high,139,连续未登录
CHURN00004479,U0007514,2026-08-28,medium,8,活跃频次下降
CHURN00004480,U0007515,2026-08-28,medium,8,连续未登录
CHURN00004481,U0007516,2026-08-28,high,54,活跃频次下降
CHURN00004482,U0007518,2026-08-28,high,118,连续未登录
CHURN00004483,U0007519,2026-08-28,high,52,活跃频次下降
CHURN00004484,U0007520,2026-08-28,medium,15,连续未登录
CHURN00004485,U0007522,2026-08-28,high,33,连续未登录
CHURN00004486,U0007523,2026-08-28,medium,29,活跃频次下降
CHURN00004487,U0007525,2026-08-28,medium,10,连续未登录
CHURN00004488,U0007526,2026-08-28,high,45,活跃频次下降
CHURN00004489,U0007527,2026-08-28,high,86,连续未登录
CHURN00004490,U0007529,2026-08-28,medium,8,连续未登录
CHURN00004491,U0007530,2026-08-28,medium,11,连续未登录
CHURN00004492,U0007532,2026-08-28,medium,20,观看时长下降
CHURN00004493,U0007534,2026-08-28,medium,9,活跃频次下降
CHURN00004494,U0007537,2026-08-28,high,172,活跃频次下降
CHURN00004495,U0007540,2026-08-28,medium,10,活跃频次下降
CHURN00004496,U0007542,2026-08-28,medium,23,连续未登录
CHURN00004497,U0007545,2026-08-28,medium,11,活跃频次下降
CHURN00004498,U0007546,2026-08-28,medium,14,观看时长下降
CHURN00004499,U0007547,2026-08-28,medium,14,连续未登录
CHURN00004500,U0007548,2026-08-28,high,45,活跃频次下降
CHURN00004501,U0007551,2026-08-28,medium,17,活跃频次下降
CHURN00004502,U0007553,2026-08-28,medium,13,连续未登录
CHURN00004503,U0007554,2026-08-28,high,68,观看时长下降
CHURN00004504,U0007557,2026-08-28,medium,21,观看时长下降
CHURN00004505,U0007560,2026-08-28,high,142,观看时长下降
CHURN00004506,U0007561,2026-08-28,high,142,观看时长下降
CHURN00004507,U0007562,2026-08-28,high,192,连续未登录
CHURN00004508,U0007563,2026-08-28,high,34,连续未登录
CHURN00004509,U0007566,2026-08-28,high,134,活跃频次下降
CHURN00004510,U0007567,2026-08-28,medium,14,连续未登录
CHURN00004511,U0007569,2026-08-28,medium,26,连续未登录
CHURN00004512,U0007571,2026-08-28,high,48,连续未登录
CHURN00004513,U0007573,2026-08-28,high,46,观看时长下降
CHURN00004514,U0007574,2026-08-28,medium,13,连续未登录
CHURN00004515,U0007575,2026-08-28,medium,8,连续未登录
CHURN00004516,U0007576,2026-08-28,medium,26,连续未登录
CHURN00004517,U0007578,2026-08-28,high,107,活跃频次下降
CHURN00004518,U0007579,2026-08-28,medium,18,连续未登录
CHURN00004519,U0007583,2026-08-28,medium,20,连续未登录
CHURN00004520,U0007584,2026-08-28,high,43,连续未登录
CHURN00004521,U0007587,2026-08-28,medium,19,连续未登录
CHURN00004522,U0007588,2026-08-28,high,52,观看时长下降
CHURN00004523,U0007589,2026-08-28,medium,10,活跃频次下降
CHURN00004524,U0007591,2026-08-28,high,65,观看时长下降
CHURN00004525,U0007592,2026-08-28,medium,25,活跃频次下降
CHURN00004526,U0007594,2026-08-28,high,83,连续未登录
CHURN00004527,U0007598,2026-08-28,high,53,活跃频次下降
CHURN00004528,U0007601,2026-08-28,high,112,连续未登录
CHURN00004529,U0007604,2026-08-28,medium,8,观看时长下降
CHURN00004530,U0007605,2026-08-28,high,59,观看时长下降
CHURN00004531,U0007606,2026-08-28,high,40,连续未登录
CHURN00004532,U0007608,2026-08-28,medium,27,连续未登录
CHURN00004533,U0007609,2026-08-28,medium,8,观看时长下降
CHURN00004534,U0007610,2026-08-28,medium,25,观看时长下降
CHURN00004535,U0007612,2026-08-28,high,36,活跃频次下降
CHURN00004536,U0007614,2026-08-28,high,208,活跃频次下降
CHURN00004537,U0007615,2026-08-28,high,95,观看时长下降
CHURN00004538,U0007616,2026-08-28,medium,18,活跃频次下降
CHURN00004539,U0007617,2026-08-28,medium,20,连续未登录
CHURN00004540,U0007623,2026-08-28,high,100,活跃频次下降
CHURN00004541,U0007624,2026-08-28,high,151,连续未登录
CHURN00004542,U0007625,2026-08-28,medium,17,活跃频次下降
CHURN00004543,U0007629,2026-08-28,high,52,活跃频次下降
CHURN00004544,U0007631,2026-08-28,high,52,连续未登录
CHURN00004545,U0007632,2026-08-28,high,56,连续未登录
CHURN00004546,U0007633,2026-08-28,medium,23,活跃频次下降
CHURN00004547,U0007634,2026-08-28,medium,11,观看时长下降
CHURN00004548,U0007635,2026-08-28,medium,16,连续未登录
CHURN00004549,U0007636,2026-08-28,medium,8,连续未登录
CHURN00004550,U0007637,2026-08-28,high,62,活跃频次下降
CHURN00004551,U0007638,2026-08-28,medium,8,观看时长下降
CHURN00004552,U0007639,2026-08-28,high,44,活跃频次下降
CHURN00004553,U0007643,2026-08-28,medium,25,连续未登录
CHURN00004554,U0007647,2026-08-28,medium,29,连续未登录
CHURN00004555,U0007648,2026-08-28,medium,9,活跃频次下降
CHURN00004556,U0007652,2026-08-28,medium,23,活跃频次下降
CHURN00004557,U0007653,2026-08-28,high,31,活跃频次下降
CHURN00004558,U0007655,2026-08-28,medium,20,连续未登录
CHURN00004559,U0007656,2026-08-28,medium,12,活跃频次下降
CHURN00004560,U0007659,2026-08-28,medium,11,连续未登录
CHURN00004561,U0007660,2026-08-28,high,183,连续未登录
CHURN00004562,U0007661,2026-08-28,medium,19,连续未登录
CHURN00004563,U0007662,2026-08-28,high,40,活跃频次下降
CHURN00004564,U0007663,2026-08-28,medium,10,活跃频次下降
CHURN00004565,U0007664,2026-08-28,high,191,观看时长下降
CHURN00004566,U0007667,2026-08-28,high,64,活跃频次下降
CHURN00004567,U0007669,2026-08-28,high,182,连续未登录
CHURN00004568,U0007670,2026-08-28,medium,9,观看时长下降
CHURN00004569,U0007672,2026-08-28,medium,27,连续未登录
CHURN00004570,U0007673,2026-08-28,medium,14,观看时长下降
CHURN00004571,U0007674,2026-08-28,medium,25,连续未登录
CHURN00004572,U0007675,2026-08-28,high,112,活跃频次下降
CHURN00004573,U0007678,2026-08-28,high,42,观看时长下降
CHURN00004574,U0007679,2026-08-28,medium,14,连续未登录
CHURN00004575,U0007681,2026-08-28,high,159,观看时长下降
CHURN00004576,U0007682,2026-08-28,high,70,观看时长下降
CHURN00004577,U0007683,2026-08-28,medium,12,活跃频次下降
CHURN00004578,U0007684,2026-08-28,medium,19,活跃频次下降
CHURN00004579,U0007688,2026-08-28,medium,22,观看时长下降
CHURN00004580,U0007689,2026-08-28,high,104,观看时长下降
CHURN00004581,U0007690,2026-08-28,medium,22,活跃频次下降
CHURN00004582,U0007693,2026-08-28,medium,18,观看时长下降
CHURN00004583,U0007694,2026-08-28,medium,22,观看时长下降
CHURN00004584,U0007695,2026-08-28,medium,23,连续未登录
CHURN00004585,U0007696,2026-08-28,medium,26,连续未登录
CHURN00004586,U0007698,2026-08-28,high,32,连续未登录
CHURN00004587,U0007699,2026-08-28,medium,24,活跃频次下降
CHURN00004588,U0007701,2026-08-28,medium,26,连续未登录
CHURN00004589,U0007702,2026-08-28,high,33,观看时长下降
CHURN00004590,U0007705,2026-08-28,high,91,活跃频次下降
CHURN00004591,U0007708,2026-08-28,high,116,活跃频次下降
CHURN00004592,U0007709,2026-08-28,high,194,活跃频次下降
CHURN00004593,U0007711,2026-08-28,medium,19,观看时长下降
CHURN00004594,U0007712,2026-08-28,high,67,观看时长下降
CHURN00004595,U0007713,2026-08-28,medium,8,观看时长下降
CHURN00004596,U0007714,2026-08-28,medium,17,活跃频次下降
CHURN00004597,U0007717,2026-08-28,medium,22,活跃频次下降
CHURN00004598,U0007718,2026-08-28,high,34,连续未登录
CHURN00004599,U0007719,2026-08-28,high,39,连续未登录
CHURN00004600,U0007720,2026-08-28,medium,23,观看时长下降
CHURN00004601,U0007721,2026-08-28,high,32,观看时长下降
CHURN00004602,U0007722,2026-08-28,high,151,活跃频次下降
CHURN00004603,U0007723,2026-08-28,medium,17,观看时长下降
CHURN00004604,U0007726,2026-08-28,medium,12,连续未登录
CHURN00004605,U0007727,2026-08-28,high,119,活跃频次下降
CHURN00004606,U0007731,2026-08-28,high,60,观看时长下降
CHURN00004607,U0007732,2026-08-28,high,231,活跃频次下降
CHURN00004608,U0007733,2026-08-28,medium,11,连续未登录
CHURN00004609,U0007734,2026-08-28,medium,11,连续未登录
CHURN00004610,U0007735,2026-08-28,medium,8,观看时长下降
CHURN00004611,U0007736,2026-08-28,medium,24,连续未登录
CHURN00004612,U0007737,2026-08-28,high,50,连续未登录
CHURN00004613,U0007738,2026-08-28,medium,8,连续未登录
CHURN00004614,U0007740,2026-08-28,medium,13,观看时长下降
CHURN00004615,U0007741,2026-08-28,medium,20,观看时长下降
CHURN00004616,U0007744,2026-08-28,medium,19,活跃频次下降
CHURN00004617,U0007746,2026-08-28,high,132,观看时长下降
CHURN00004618,U0007751,2026-08-28,high,67,连续未登录
CHURN00004619,U0007752,2026-08-28,medium,15,活跃频次下降
CHURN00004620,U0007753,2026-08-28,high,224,活跃频次下降
CHURN00004621,U0007754,2026-08-28,high,190,连续未登录
CHURN00004622,U0007756,2026-08-28,high,48,观看时长下降
CHURN00004623,U0007757,2026-08-28,high,46,连续未登录
CHURN00004624,U0007758,2026-08-28,high,36,连续未登录
CHURN00004625,U0007760,2026-08-28,medium,15,活跃频次下降
CHURN00004626,U0007763,2026-08-28,high,127,活跃频次下降
CHURN00004627,U0007764,2026-08-28,medium,12,连续未登录
CHURN00004628,U0007767,2026-08-28,high,37,连续未登录
CHURN00004629,U0007769,2026-08-28,high,98,连续未登录
CHURN00004630,U0007773,2026-08-28,medium,12,连续未登录
CHURN00004631,U0007774,2026-08-28,medium,20,活跃频次下降
CHURN00004632,U0007775,2026-08-28,high,62,观看时长下降
CHURN00004633,U0007776,2026-08-28,medium,10,活跃频次下降
CHURN00004634,U0007777,2026-08-28,medium,12,活跃频次下降
CHURN00004635,U0007778,2026-08-28,medium,29,观看时长下降
CHURN00004636,U0007779,2026-08-28,medium,13,连续未登录
CHURN00004637,U0007783,2026-08-28,medium,8,连续未登录
CHURN00004638,U0007784,2026-08-28,high,185,连续未登录
CHURN00004639,U0007788,2026-08-28,medium,8,连续未登录
CHURN00004640,U0007789,2026-08-28,high,56,连续未登录
CHURN00004641,U0007790,2026-08-28,high,35,连续未登录
CHURN00004642,U0007791,2026-08-28,high,151,连续未登录
CHURN00004643,U0007792,2026-08-28,high,164,连续未登录
CHURN00004644,U0007793,2026-08-28,high,58,连续未登录
CHURN00004645,U0007797,2026-08-28,high,34,观看时长下降
CHURN00004646,U0007798,2026-08-28,high,105,活跃频次下降
CHURN00004647,U0007799,2026-08-28,high,91,连续未登录
CHURN00004648,U0007802,2026-08-28,high,31,活跃频次下降
CHURN00004649,U0007806,2026-08-28,medium,11,连续未登录
CHURN00004650,U0007809,2026-08-28,medium,21,观看时长下降
CHURN00004651,U0007811,2026-08-28,medium,24,观看时长下降
CHURN00004652,U0007812,2026-08-28,high,35,活跃频次下降
CHURN00004653,U0007813,2026-08-28,high,66,观看时长下降
CHURN00004654,U0007816,2026-08-28,medium,12,连续未登录
CHURN00004655,U0007818,2026-08-28,medium,11,连续未登录
CHURN00004656,U0007819,2026-08-28,high,169,活跃频次下降
CHURN00004657,U0007820,2026-08-28,high,32,观看时长下降
CHURN00004658,U0007821,2026-08-28,medium,22,连续未登录
CHURN00004659,U0007822,2026-08-28,medium,9,活跃频次下降
CHURN00004660,U0007823,2026-08-28,medium,10,连续未登录
CHURN00004661,U0007826,2026-08-28,high,50,观看时长下降
CHURN00004662,U0007828,2026-08-28,medium,10,观看时长下降
CHURN00004663,U0007829,2026-08-28,medium,20,连续未登录
CHURN00004664,U0007830,2026-08-28,medium,16,连续未登录
CHURN00004665,U0007833,2026-08-28,medium,22,活跃频次下降
CHURN00004666,U0007834,2026-08-28,medium,22,连续未登录
CHURN00004667,U0007835,2026-08-28,medium,10,活跃频次下降
CHURN00004668,U0007836,2026-08-28,high,40,连续未登录
CHURN00004669,U0007839,2026-08-28,medium,24,活跃频次下降
CHURN00004670,U0007840,2026-08-28,medium,14,连续未登录
CHURN00004671,U0007841,2026-08-28,high,37,连续未登录
CHURN00004672,U0007842,2026-08-28,medium,10,活跃频次下降
CHURN00004673,U0007844,2026-08-28,medium,14,观看时长下降
CHURN00004674,U0007845,2026-08-28,high,58,观看时长下降
CHURN00004675,U0007847,2026-08-28,high,48,连续未登录
CHURN00004676,U0007850,2026-08-28,high,140,连续未登录
CHURN00004677,U0007853,2026-08-28,medium,21,活跃频次下降
CHURN00004678,U0007854,2026-08-28,medium,14,连续未登录
CHURN00004679,U0007856,2026-08-28,medium,18,活跃频次下降
CHURN00004680,U0007857,2026-08-28,medium,8,观看时长下降
CHURN00004681,U0007858,2026-08-28,high,35,连续未登录
CHURN00004682,U0007859,2026-08-28,high,61,连续未登录
CHURN00004683,U0007862,2026-08-28,medium,16,连续未登录
CHURN00004684,U0007865,2026-08-28,high,116,连续未登录
CHURN00004685,U0007866,2026-08-28,medium,12,连续未登录
CHURN00004686,U0007867,2026-08-28,high,31,活跃频次下降
CHURN00004687,U0007870,2026-08-28,medium,13,连续未登录
CHURN00004688,U0007871,2026-08-28,medium,30,连续未登录
CHURN00004689,U0007872,2026-08-28,medium,13,观看时长下降
CHURN00004690,U0007875,2026-08-28,high,135,活跃频次下降
CHURN00004691,U0007876,2026-08-28,high,83,活跃频次下降
CHURN00004692,U0007877,2026-08-28,high,31,观看时长下降
CHURN00004693,U0007879,2026-08-28,high,43,连续未登录
CHURN00004694,U0007882,2026-08-28,high,63,观看时长下降
CHURN00004695,U0007885,2026-08-28,high,83,连续未登录
CHURN00004696,U0007886,2026-08-28,high,39,观看时长下降
CHURN00004697,U0007888,2026-08-28,high,35,连续未登录
CHURN00004698,U0007891,2026-08-28,medium,19,连续未登录
CHURN00004699,U0007892,2026-08-28,medium,27,连续未登录
CHURN00004700,U0007894,2026-08-28,high,43,连续未登录
CHURN00004701,U0007897,2026-08-28,high,54,连续未登录
CHURN00004702,U0007899,2026-08-28,medium,14,观看时长下降
CHURN00004703,U0007901,2026-08-28,medium,20,连续未登录
CHURN00004704,U0007904,2026-08-28,medium,20,观看时长下降
CHURN00004705,U0007905,2026-08-28,medium,19,连续未登录
CHURN00004706,U0007907,2026-08-28,medium,12,观看时长下降
CHURN00004707,U0007909,2026-08-28,high,177,活跃频次下降
CHURN00004708,U0007910,2026-08-28,high,35,活跃频次下降
CHURN00004709,U0007915,2026-08-28,high,33,连续未登录
CHURN00004710,U0007916,2026-08-28,high,89,观看时长下降
CHURN00004711,U0007917,2026-08-28,medium,24,连续未登录
CHURN00004712,U0007918,2026-08-28,medium,16,活跃频次下降
CHURN00004713,U0007920,2026-08-28,high,82,活跃频次下降
CHURN00004714,U0007923,2026-08-28,high,70,连续未登录
CHURN00004715,U0007924,2026-08-28,high,53,连续未登录
CHURN00004716,U0007925,2026-08-28,high,34,连续未登录
CHURN00004717,U0007928,2026-08-28,high,37,观看时长下降
CHURN00004718,U0007930,2026-08-28,medium,10,连续未登录
CHURN00004719,U0007931,2026-08-28,medium,8,观看时长下降
CHURN00004720,U0007935,2026-08-28,medium,18,连续未登录
CHURN00004721,U0007936,2026-08-28,high,105,活跃频次下降
CHURN00004722,U0007937,2026-08-28,medium,26,观看时长下降
CHURN00004723,U0007941,2026-08-28,medium,21,活跃频次下降
CHURN00004724,U0007942,2026-08-28,medium,9,观看时长下降
CHURN00004725,U0007943,2026-08-28,high,32,活跃频次下降
CHURN00004726,U0007945,2026-08-28,high,32,观看时长下降
CHURN00004727,U0007946,2026-08-28,medium,29,观看时长下降
CHURN00004728,U0007947,2026-08-28,medium,29,连续未登录
CHURN00004729,U0007948,2026-08-28,high,123,连续未登录
CHURN00004730,U0007949,2026-08-28,high,68,观看时长下降
CHURN00004731,U0007950,2026-08-28,medium,14,连续未登录
CHURN00004732,U0007951,2026-08-28,high,167,连续未登录
CHURN00004733,U0007953,2026-08-28,high,58,连续未登录
CHURN00004734,U0007955,2026-08-28,high,53,连续未登录
CHURN00004735,U0007958,2026-08-28,high,31,活跃频次下降
CHURN00004736,U0007959,2026-08-28,high,55,活跃频次下降
CHURN00004737,U0007961,2026-08-28,medium,13,观看时长下降
CHURN00004738,U0007962,2026-08-28,high,36,观看时长下降
CHURN00004739,U0007963,2026-08-28,high,62,活跃频次下降
CHURN00004740,U0007964,2026-08-28,high,31,连续未登录
CHURN00004741,U0007967,2026-08-28,medium,10,连续未登录
CHURN00004742,U0007968,2026-08-28,medium,22,连续未登录
CHURN00004743,U0007969,2026-08-28,high,40,活跃频次下降
CHURN00004744,U0007970,2026-08-28,medium,11,观看时长下降
CHURN00004745,U0007971,2026-08-28,high,51,活跃频次下降
CHURN00004746,U0007974,2026-08-28,medium,10,连续未登录
CHURN00004747,U0007975,2026-08-28,medium,28,活跃频次下降
CHURN00004748,U0007976,2026-08-28,medium,23,观看时长下降
CHURN00004749,U0007977,2026-08-28,medium,12,观看时长下降
CHURN00004750,U0007981,2026-08-28,high,32,活跃频次下降
CHURN00004751,U0007982,2026-08-28,medium,14,活跃频次下降
CHURN00004752,U0007983,2026-08-28,high,37,活跃频次下降
CHURN00004753,U0007986,2026-08-28,medium,22,活跃频次下降
CHURN00004754,U0007988,2026-08-28,medium,12,观看时长下降
CHURN00004755,U0007990,2026-08-28,medium,24,连续未登录
CHURN00004756,U0007995,2026-08-28,medium,14,活跃频次下降
CHURN00004757,U0007996,2026-08-28,high,35,活跃频次下降
CHURN00004758,U0007997,2026-08-28,high,71,观看时长下降
CHURN00004759,U0007998,2026-08-28,medium,11,活跃频次下降
CHURN00004760,U0007999,2026-08-28,high,32,观看时长下降
CHURN00004761,U0008000,2026-08-28,medium,14,连续未登录
CHURN00004762,U0008002,2026-08-28,high,121,连续未登录
CHURN00004763,U0008003,2026-08-28,medium,10,连续未登录
CHURN00004764,U0008004,2026-08-28,high,52,活跃频次下降
CHURN00004765,U0008005,2026-08-28,high,112,活跃频次下降
CHURN00004766,U0008006,2026-08-28,high,62,活跃频次下降
CHURN00004767,U0008008,2026-08-28,medium,24,连续未登录
CHURN00004768,U0008009,2026-08-28,high,65,连续未登录
CHURN00004769,U0008010,2026-08-28,medium,8,连续未登录
CHURN00004770,U0008011,2026-08-28,medium,9,活跃频次下降
CHURN00004771,U0008012,2026-08-28,high,57,连续未登录
CHURN00004772,U0008014,2026-08-28,high,161,观看时长下降
CHURN00004773,U0008015,2026-08-28,high,188,观看时长下降
CHURN00004774,U0008016,2026-08-28,medium,17,观看时长下降
CHURN00004775,U0008018,2026-08-28,medium,12,连续未登录
CHURN00004776,U0008020,2026-08-28,medium,9,连续未登录
CHURN00004777,U0008021,2026-08-28,high,45,连续未登录
CHURN00004778,U0008022,2026-08-28,medium,17,连续未登录
CHURN00004779,U0008024,2026-08-28,high,63,连续未登录
CHURN00004780,U0008025,2026-08-28,medium,25,连续未登录
CHURN00004781,U0008026,2026-08-28,high,76,观看时长下降
CHURN00004782,U0008027,2026-08-28,high,72,连续未登录
CHURN00004783,U0008029,2026-08-28,high,188,活跃频次下降
CHURN00004784,U0008030,2026-08-28,medium,15,连续未登录
CHURN00004785,U0008033,2026-08-28,medium,11,连续未登录
CHURN00004786,U0008034,2026-08-28,high,129,连续未登录
CHURN00004787,U0008035,2026-08-28,medium,9,连续未登录
CHURN00004788,U0008036,2026-08-28,medium,12,观看时长下降
CHURN00004789,U0008043,2026-08-28,high,126,连续未登录
CHURN00004790,U0008044,2026-08-28,medium,15,观看时长下降
CHURN00004791,U0008045,2026-08-28,medium,13,活跃频次下降
CHURN00004792,U0008046,2026-08-28,medium,24,观看时长下降
CHURN00004793,U0008048,2026-08-28,medium,21,活跃频次下降
CHURN00004794,U0008049,2026-08-28,high,105,活跃频次下降
CHURN00004795,U0008054,2026-08-28,medium,23,观看时长下降
CHURN00004796,U0008056,2026-08-28,medium,21,活跃频次下降
CHURN00004797,U0008057,2026-08-28,high,31,连续未登录
CHURN00004798,U0008059,2026-08-28,high,92,活跃频次下降
CHURN00004799,U0008061,2026-08-28,medium,13,连续未登录
CHURN00004800,U0008065,2026-08-28,high,58,连续未登录
CHURN00004801,U0008066,2026-08-28,medium,12,连续未登录
CHURN00004802,U0008068,2026-08-28,high,49,观看时长下降
CHURN00004803,U0008069,2026-08-28,high,199,活跃频次下降
CHURN00004804,U0008071,2026-08-28,medium,16,连续未登录
CHURN00004805,U0008072,2026-08-28,medium,22,连续未登录
CHURN00004806,U0008073,2026-08-28,high,42,连续未登录
CHURN00004807,U0008075,2026-08-28,high,213,连续未登录
CHURN00004808,U0008076,2026-08-28,high,224,活跃频次下降
CHURN00004809,U0008077,2026-08-28,medium,17,观看时长下降
CHURN00004810,U0008079,2026-08-28,medium,29,活跃频次下降
CHURN00004811,U0008081,2026-08-28,medium,15,连续未登录
CHURN00004812,U0008086,2026-08-28,high,67,活跃频次下降
CHURN00004813,U0008089,2026-08-28,medium,27,观看时长下降
CHURN00004814,U0008090,2026-08-28,medium,21,观看时长下降
CHURN00004815,U0008091,2026-08-28,medium,14,活跃频次下降
CHURN00004816,U0008092,2026-08-28,high,44,观看时长下降
CHURN00004817,U0008096,2026-08-28,medium,8,活跃频次下降
CHURN00004818,U0008097,2026-08-28,medium,19,连续未登录
CHURN00004819,U0008100,2026-08-28,high,86,观看时长下降
CHURN00004820,U0008103,2026-08-28,high,77,活跃频次下降
CHURN00004821,U0008104,2026-08-28,high,42,活跃频次下降
CHURN00004822,U0008106,2026-08-28,high,89,连续未登录
CHURN00004823,U0008109,2026-08-28,high,102,连续未登录
CHURN00004824,U0008110,2026-08-28,medium,30,活跃频次下降
CHURN00004825,U0008113,2026-08-28,medium,15,连续未登录
CHURN00004826,U0008115,2026-08-28,medium,24,活跃频次下降
CHURN00004827,U0008116,2026-08-28,medium,18,观看时长下降
CHURN00004828,U0008117,2026-08-28,medium,18,连续未登录
CHURN00004829,U0008120,2026-08-28,medium,28,活跃频次下降
CHURN00004830,U0008122,2026-08-28,high,32,活跃频次下降
CHURN00004831,U0008123,2026-08-28,high,56,连续未登录
CHURN00004832,U0008124,2026-08-28,high,102,连续未登录
CHURN00004833,U0008125,2026-08-28,medium,30,活跃频次下降
CHURN00004834,U0008126,2026-08-28,high,104,连续未登录
CHURN00004835,U0008127,2026-08-28,medium,16,活跃频次下降
CHURN00004836,U0008132,2026-08-28,high,60,连续未登录
CHURN00004837,U0008133,2026-08-28,medium,17,连续未登录
CHURN00004838,U0008136,2026-08-28,medium,8,连续未登录
CHURN00004839,U0008140,2026-08-28,medium,10,连续未登录
CHURN00004840,U0008143,2026-08-28,high,80,连续未登录
CHURN00004841,U0008144,2026-08-28,high,127,观看时长下降
CHURN00004842,U0008147,2026-08-28,medium,28,活跃频次下降
CHURN00004843,U0008148,2026-08-28,medium,19,活跃频次下降
CHURN00004844,U0008149,2026-08-28,medium,25,活跃频次下降
CHURN00004845,U0008150,2026-08-28,medium,14,观看时长下降
CHURN00004846,U0008151,2026-08-28,medium,9,活跃频次下降
CHURN00004847,U0008152,2026-08-28,high,102,连续未登录
CHURN00004848,U0008153,2026-08-28,medium,18,连续未登录
CHURN00004849,U0008156,2026-08-28,medium,10,活跃频次下降
CHURN00004850,U0008157,2026-08-28,medium,30,活跃频次下降
CHURN00004851,U0008159,2026-08-28,medium,17,连续未登录
CHURN00004852,U0008161,2026-08-28,high,56,观看时长下降
CHURN00004853,U0008162,2026-08-28,medium,25,连续未登录
CHURN00004854,U0008163,2026-08-28,high,48,活跃频次下降
CHURN00004855,U0008164,2026-08-28,medium,8,活跃频次下降
CHURN00004856,U0008165,2026-08-28,medium,17,观看时长下降
CHURN00004857,U0008170,2026-08-28,high,76,连续未登录
CHURN00004858,U0008171,2026-08-28,high,135,连续未登录
CHURN00004859,U0008172,2026-08-28,medium,13,活跃频次下降
CHURN00004860,U0008173,2026-08-28,high,36,连续未登录
CHURN00004861,U0008174,2026-08-28,high,54,观看时长下降
CHURN00004862,U0008175,2026-08-28,high,31,连续未登录
CHURN00004863,U0008177,2026-08-28,high,157,连续未登录
CHURN00004864,U0008180,2026-08-28,high,69,活跃频次下降
CHURN00004865,U0008181,2026-08-28,high,74,连续未登录
CHURN00004866,U0008182,2026-08-28,medium,14,连续未登录
CHURN00004867,U0008185,2026-08-28,medium,30,观看时长下降
CHURN00004868,U0008186,2026-08-28,medium,17,活跃频次下降
CHURN00004869,U0008189,2026-08-28,high,42,连续未登录
CHURN00004870,U0008190,2026-08-28,high,88,观看时长下降
CHURN00004871,U0008191,2026-08-28,medium,28,活跃频次下降
CHURN00004872,U0008193,2026-08-28,medium,19,活跃频次下降
CHURN00004873,U0008195,2026-08-28,medium,8,活跃频次下降
CHURN00004874,U0008198,2026-08-28,medium,22,连续未登录
CHURN00004875,U0008200,2026-08-28,high,138,连续未登录
CHURN00004876,U0008202,2026-08-28,medium,26,活跃频次下降
CHURN00004877,U0008203,2026-08-28,medium,28,连续未登录
CHURN00004878,U0008208,2026-08-28,medium,11,观看时长下降
CHURN00004879,U0008209,2026-08-28,high,123,活跃频次下降
CHURN00004880,U0008210,2026-08-28,medium,29,观看时长下降
CHURN00004881,U0008211,2026-08-28,medium,27,连续未登录
CHURN00004882,U0008214,2026-08-28,medium,13,连续未登录
CHURN00004883,U0008215,2026-08-28,medium,10,连续未登录
CHURN00004884,U0008219,2026-08-28,high,49,连续未登录
CHURN00004885,U0008221,2026-08-28,high,55,观看时长下降
CHURN00004886,U0008222,2026-08-28,medium,15,活跃频次下降
CHURN00004887,U0008223,2026-08-28,medium,13,活跃频次下降
CHURN00004888,U0008224,2026-08-28,medium,12,观看时长下降
CHURN00004889,U0008226,2026-08-28,high,34,活跃频次下降
CHURN00004890,U0008228,2026-08-28,high,55,连续未登录
CHURN00004891,U0008229,2026-08-28,medium,21,活跃频次下降
CHURN00004892,U0008231,2026-08-28,medium,14,连续未登录
CHURN00004893,U0008235,2026-08-28,medium,20,观看时长下降
CHURN00004894,U0008236,2026-08-28,high,137,观看时长下降
CHURN00004895,U0008238,2026-08-28,high,96,活跃频次下降
CHURN00004896,U0008240,2026-08-28,medium,13,连续未登录
CHURN00004897,U0008241,2026-08-28,medium,15,连续未登录
CHURN00004898,U0008244,2026-08-28,medium,23,连续未登录
CHURN00004899,U0008246,2026-08-28,medium,30,连续未登录
CHURN00004900,U0008247,2026-08-28,medium,30,活跃频次下降
CHURN00004901,U0008248,2026-08-28,medium,18,活跃频次下降
CHURN00004902,U0008250,2026-08-28,high,177,连续未登录
CHURN00004903,U0008251,2026-08-28,medium,16,观看时长下降
CHURN00004904,U0008252,2026-08-28,medium,8,活跃频次下降
CHURN00004905,U0008253,2026-08-28,high,90,连续未登录
CHURN00004906,U0008254,2026-08-28,high,56,连续未登录
CHURN00004907,U0008255,2026-08-28,high,66,活跃频次下降
CHURN00004908,U0008258,2026-08-28,medium,9,连续未登录
CHURN00004909,U0008260,2026-08-28,medium,12,连续未登录
CHURN00004910,U0008261,2026-08-28,medium,8,活跃频次下降
CHURN00004911,U0008265,2026-08-28,medium,12,活跃频次下降
CHURN00004912,U0008266,2026-08-28,medium,22,观看时长下降
CHURN00004913,U0008267,2026-08-28,medium,29,连续未登录
CHURN00004914,U0008270,2026-08-28,high,97,连续未登录
CHURN00004915,U0008275,2026-08-28,high,44,观看时长下降
CHURN00004916,U0008276,2026-08-28,high,31,观看时长下降
CHURN00004917,U0008280,2026-08-28,medium,12,观看时长下降
CHURN00004918,U0008282,2026-08-28,medium,10,观看时长下降
CHURN00004919,U0008283,2026-08-28,high,80,观看时长下降
CHURN00004920,U0008284,2026-08-28,medium,18,连续未登录
CHURN00004921,U0008287,2026-08-28,high,64,连续未登录
CHURN00004922,U0008288,2026-08-28,high,78,活跃频次下降
CHURN00004923,U0008290,2026-08-28,high,115,活跃频次下降
CHURN00004924,U0008291,2026-08-28,high,110,活跃频次下降
CHURN00004925,U0008292,2026-08-28,medium,12,活跃频次下降
CHURN00004926,U0008294,2026-08-28,medium,9,活跃频次下降
CHURN00004927,U0008295,2026-08-28,medium,13,连续未登录
CHURN00004928,U0008297,2026-08-28,high,56,活跃频次下降
CHURN00004929,U0008298,2026-08-28,medium,17,连续未登录
CHURN00004930,U0008300,2026-08-28,high,73,连续未登录
CHURN00004931,U0008301,2026-08-28,high,35,活跃频次下降
CHURN00004932,U0008302,2026-08-28,medium,11,连续未登录
CHURN00004933,U0008303,2026-08-28,medium,23,活跃频次下降
CHURN00004934,U0008305,2026-08-28,medium,22,连续未登录
CHURN00004935,U0008306,2026-08-28,high,144,活跃频次下降
CHURN00004936,U0008307,2026-08-28,high,45,连续未登录
CHURN00004937,U0008308,2026-08-28,medium,26,观看时长下降
CHURN00004938,U0008310,2026-08-28,high,33,活跃频次下降
CHURN00004939,U0008311,2026-08-28,medium,10,连续未登录
CHURN00004940,U0008312,2026-08-28,medium,27,观看时长下降
CHURN00004941,U0008313,2026-08-28,medium,14,观看时长下降
CHURN00004942,U0008315,2026-08-28,medium,16,观看时长下降
CHURN00004943,U0008317,2026-08-28,medium,9,连续未登录
CHURN00004944,U0008322,2026-08-28,medium,21,连续未登录
CHURN00004945,U0008326,2026-08-28,high,50,连续未登录
CHURN00004946,U0008328,2026-08-28,high,199,观看时长下降
CHURN00004947,U0008329,2026-08-28,high,169,活跃频次下降
CHURN00004948,U0008331,2026-08-28,high,135,活跃频次下降
CHURN00004949,U0008332,2026-08-28,high,48,连续未登录
CHURN00004950,U0008333,2026-08-28,high,181,观看时长下降
CHURN00004951,U0008334,2026-08-28,medium,9,观看时长下降
CHURN00004952,U0008336,2026-08-28,high,75,连续未登录
CHURN00004953,U0008338,2026-08-28,medium,16,连续未登录
CHURN00004954,U0008339,2026-08-28,medium,21,活跃频次下降
CHURN00004955,U0008340,2026-08-28,medium,12,连续未登录
CHURN00004956,U0008341,2026-08-28,medium,11,连续未登录
CHURN00004957,U0008342,2026-08-28,medium,11,连续未登录
CHURN00004958,U0008346,2026-08-28,medium,21,连续未登录
CHURN00004959,U0008352,2026-08-28,high,42,观看时长下降
CHURN00004960,U0008353,2026-08-28,high,134,连续未登录
CHURN00004961,U0008354,2026-08-28,high,110,连续未登录
CHURN00004962,U0008355,2026-08-28,high,50,观看时长下降
CHURN00004963,U0008356,2026-08-28,medium,14,活跃频次下降
CHURN00004964,U0008357,2026-08-28,high,36,连续未登录
CHURN00004965,U0008359,2026-08-28,high,69,观看时长下降
CHURN00004966,U0008360,2026-08-28,medium,14,活跃频次下降
CHURN00004967,U0008362,2026-08-28,high,58,活跃频次下降
CHURN00004968,U0008364,2026-08-28,medium,11,活跃频次下降
CHURN00004969,U0008366,2026-08-28,high,90,连续未登录
CHURN00004970,U0008367,2026-08-28,high,157,观看时长下降
CHURN00004971,U0008368,2026-08-28,medium,10,观看时长下降
CHURN00004972,U0008369,2026-08-28,medium,25,连续未登录
CHURN00004973,U0008371,2026-08-28,high,46,活跃频次下降
CHURN00004974,U0008372,2026-08-28,high,77,活跃频次下降
CHURN00004975,U0008375,2026-08-28,high,147,观看时长下降
CHURN00004976,U0008376,2026-08-28,medium,11,连续未登录
CHURN00004977,U0008377,2026-08-28,high,67,观看时长下降
CHURN00004978,U0008378,2026-08-28,high,55,连续未登录
CHURN00004979,U0008379,2026-08-28,high,68,观看时长下降
CHURN00004980,U0008381,2026-08-28,high,187,连续未登录
CHURN00004981,U0008382,2026-08-28,medium,20,活跃频次下降
CHURN00004982,U0008383,2026-08-28,medium,26,连续未登录
CHURN00004983,U0008387,2026-08-28,medium,12,观看时长下降
CHURN00004984,U0008388,2026-08-28,high,74,连续未登录
CHURN00004985,U0008389,2026-08-28,high,37,连续未登录
CHURN00004986,U0008390,2026-08-28,high,36,连续未登录
CHURN00004987,U0008391,2026-08-28,high,54,活跃频次下降
CHURN00004988,U0008392,2026-08-28,high,58,观看时长下降
CHURN00004989,U0008393,2026-08-28,medium,14,活跃频次下降
CHURN00004990,U0008395,2026-08-28,high,47,活跃频次下降
CHURN00004991,U0008396,2026-08-28,medium,10,活跃频次下降
CHURN00004992,U0008398,2026-08-28,high,77,连续未登录
CHURN00004993,U0008401,2026-08-28,high,120,连续未登录
CHURN00004994,U0008402,2026-08-28,medium,17,连续未登录
CHURN00004995,U0008403,2026-08-28,medium,12,连续未登录
CHURN00004996,U0008404,2026-08-28,high,48,连续未登录
CHURN00004997,U0008405,2026-08-28,high,86,连续未登录
CHURN00004998,U0008407,2026-08-28,high,159,活跃频次下降
CHURN00004999,U0008408,2026-08-28,medium,14,连续未登录
CHURN00005000,U0008409,2026-08-28,medium,17,活跃频次下降
CHURN00005001,U0008410,2026-08-28,high,39,连续未登录
CHURN00005002,U0008411,2026-08-28,high,67,活跃频次下降
CHURN00005003,U0008412,2026-08-28,medium,9,连续未登录
CHURN00005004,U0008413,2026-08-28,high,76,观看时长下降
CHURN00005005,U0008415,2026-08-28,high,53,活跃频次下降
CHURN00005006,U0008416,2026-08-28,high,52,观看时长下降
CHURN00005007,U0008417,2026-08-28,high,101,活跃频次下降
CHURN00005008,U0008418,2026-08-28,high,34,连续未登录
CHURN00005009,U0008419,2026-08-28,high,56,活跃频次下降
CHURN00005010,U0008424,2026-08-28,medium,23,连续未登录
CHURN00005011,U0008425,2026-08-28,high,42,活跃频次下降
CHURN00005012,U0008427,2026-08-28,medium,11,活跃频次下降
CHURN00005013,U0008428,2026-08-28,medium,14,活跃频次下降
CHURN00005014,U0008429,2026-08-28,high,145,连续未登录
CHURN00005015,U0008433,2026-08-28,medium,16,活跃频次下降
CHURN00005016,U0008434,2026-08-28,high,194,观看时长下降
CHURN00005017,U0008435,2026-08-28,high,33,连续未登录
CHURN00005018,U0008438,2026-08-28,high,102,连续未登录
CHURN00005019,U0008439,2026-08-28,medium,27,连续未登录
CHURN00005020,U0008440,2026-08-28,high,50,观看时长下降
CHURN00005021,U0008442,2026-08-28,high,189,活跃频次下降
CHURN00005022,U0008444,2026-08-28,high,72,观看时长下降
CHURN00005023,U0008445,2026-08-28,medium,16,活跃频次下降
CHURN00005024,U0008447,2026-08-28,high,48,连续未登录
CHURN00005025,U0008448,2026-08-28,medium,10,连续未登录
CHURN00005026,U0008449,2026-08-28,medium,9,连续未登录
CHURN00005027,U0008450,2026-08-28,medium,20,活跃频次下降
CHURN00005028,U0008451,2026-08-28,medium,15,连续未登录
CHURN00005029,U0008453,2026-08-28,medium,10,观看时长下降
CHURN00005030,U0008454,2026-08-28,high,61,观看时长下降
CHURN00005031,U0008455,2026-08-28,medium,16,活跃频次下降
CHURN00005032,U0008456,2026-08-28,medium,15,连续未登录
CHURN00005033,U0008457,2026-08-28,medium,8,活跃频次下降
CHURN00005034,U0008458,2026-08-28,medium,9,活跃频次下降
CHURN00005035,U0008459,2026-08-28,medium,18,活跃频次下降
CHURN00005036,U0008461,2026-08-28,high,36,连续未登录
CHURN00005037,U0008462,2026-08-28,high,35,连续未登录
CHURN00005038,U0008464,2026-08-28,high,133,连续未登录
CHURN00005039,U0008466,2026-08-28,medium,10,活跃频次下降
CHURN00005040,U0008467,2026-08-28,medium,22,活跃频次下降
CHURN00005041,U0008468,2026-08-28,medium,30,观看时长下降
CHURN00005042,U0008471,2026-08-28,medium,24,连续未登录
CHURN00005043,U0008472,2026-08-28,high,210,连续未登录
CHURN00005044,U0008473,2026-08-28,high,35,连续未登录
CHURN00005045,U0008475,2026-08-28,medium,25,活跃频次下降
CHURN00005046,U0008477,2026-08-28,medium,28,活跃频次下降
CHURN00005047,U0008481,2026-08-28,high,39,连续未登录
CHURN00005048,U0008482,2026-08-28,medium,11,观看时长下降
CHURN00005049,U0008485,2026-08-28,medium,24,连续未登录
CHURN00005050,U0008489,2026-08-28,high,34,活跃频次下降
CHURN00005051,U0008490,2026-08-28,medium,17,观看时长下降
CHURN00005052,U0008492,2026-08-28,high,123,观看时长下降
CHURN00005053,U0008493,2026-08-28,medium,9,连续未登录
CHURN00005054,U0008494,2026-08-28,medium,11,观看时长下降
CHURN00005055,U0008496,2026-08-28,medium,23,观看时长下降
CHURN00005056,U0008497,2026-08-28,medium,11,连续未登录
CHURN00005057,U0008498,2026-08-28,high,74,连续未登录
CHURN00005058,U0008499,2026-08-28,high,31,观看时长下降
CHURN00005059,U0008500,2026-08-28,medium,13,活跃频次下降
CHURN00005060,U0008501,2026-08-28,medium,9,连续未登录
CHURN00005061,U0008505,2026-08-28,medium,20,连续未登录
CHURN00005062,U0008506,2026-08-28,medium,13,连续未登录
CHURN00005063,U0008507,2026-08-28,medium,8,观看时长下降
CHURN00005064,U0008508,2026-08-28,high,37,连续未登录
CHURN00005065,U0008512,2026-08-28,medium,11,活跃频次下降
CHURN00005066,U0008517,2026-08-28,high,59,连续未登录
CHURN00005067,U0008518,2026-08-28,high,61,活跃频次下降
CHURN00005068,U0008519,2026-08-28,high,37,观看时长下降
CHURN00005069,U0008520,2026-08-28,high,83,连续未登录
CHURN00005070,U0008521,2026-08-28,medium,9,活跃频次下降
CHURN00005071,U0008524,2026-08-28,medium,29,活跃频次下降
CHURN00005072,U0008525,2026-08-28,medium,17,活跃频次下降
CHURN00005073,U0008527,2026-08-28,medium,21,观看时长下降
CHURN00005074,U0008529,2026-08-28,high,163,活跃频次下降
CHURN00005075,U0008531,2026-08-28,medium,9,连续未登录
CHURN00005076,U0008532,2026-08-28,high,75,活跃频次下降
CHURN00005077,U0008533,2026-08-28,high,71,活跃频次下降
CHURN00005078,U0008534,2026-08-28,high,55,观看时长下降
CHURN00005079,U0008536,2026-08-28,medium,12,活跃频次下降
CHURN00005080,U0008539,2026-08-28,high,40,连续未登录
CHURN00005081,U0008540,2026-08-28,high,34,连续未登录
CHURN00005082,U0008542,2026-08-28,medium,27,活跃频次下降
CHURN00005083,U0008543,2026-08-28,medium,19,活跃频次下降
CHURN00005084,U0008547,2026-08-28,high,37,活跃频次下降
CHURN00005085,U0008548,2026-08-28,medium,16,观看时长下降
CHURN00005086,U0008549,2026-08-28,high,47,活跃频次下降
CHURN00005087,U0008551,2026-08-28,medium,13,活跃频次下降
CHURN00005088,U0008553,2026-08-28,medium,9,活跃频次下降
CHURN00005089,U0008555,2026-08-28,medium,25,连续未登录
CHURN00005090,U0008559,2026-08-28,medium,10,活跃频次下降
CHURN00005091,U0008560,2026-08-28,high,37,连续未登录
CHURN00005092,U0008561,2026-08-28,medium,11,连续未登录
CHURN00005093,U0008563,2026-08-28,high,35,连续未登录
CHURN00005094,U0008565,2026-08-28,high,59,活跃频次下降
CHURN00005095,U0008566,2026-08-28,high,52,活跃频次下降
CHURN00005096,U0008567,2026-08-28,high,36,连续未登录
CHURN00005097,U0008568,2026-08-28,high,61,连续未登录
CHURN00005098,U0008570,2026-08-28,medium,24,连续未登录
CHURN00005099,U0008571,2026-08-28,medium,20,观看时长下降
CHURN00005100,U0008572,2026-08-28,medium,9,观看时长下降
CHURN00005101,U0008577,2026-08-28,high,33,连续未登录
CHURN00005102,U0008583,2026-08-28,medium,21,观看时长下降
CHURN00005103,U0008584,2026-08-28,high,39,活跃频次下降
CHURN00005104,U0008585,2026-08-28,medium,16,观看时长下降
CHURN00005105,U0008586,2026-08-28,medium,10,观看时长下降
CHURN00005106,U0008590,2026-08-28,high,37,连续未登录
CHURN00005107,U0008592,2026-08-28,high,37,连续未登录
CHURN00005108,U0008593,2026-08-28,medium,9,观看时长下降
CHURN00005109,U0008594,2026-08-28,high,63,观看时长下降
CHURN00005110,U0008595,2026-08-28,medium,12,连续未登录
CHURN00005111,U0008596,2026-08-28,high,184,观看时长下降
CHURN00005112,U0008597,2026-08-28,high,81,连续未登录
CHURN00005113,U0008598,2026-08-28,medium,15,连续未登录
CHURN00005114,U0008602,2026-08-28,medium,8,连续未登录
CHURN00005115,U0008605,2026-08-28,high,72,连续未登录
CHURN00005116,U0008607,2026-08-28,high,101,连续未登录
CHURN00005117,U0008608,2026-08-28,high,147,活跃频次下降
CHURN00005118,U0008610,2026-08-28,high,141,活跃频次下降
CHURN00005119,U0008612,2026-08-28,medium,25,连续未登录
CHURN00005120,U0008613,2026-08-28,medium,9,连续未登录
CHURN00005121,U0008615,2026-08-28,high,95,连续未登录
CHURN00005122,U0008616,2026-08-28,medium,20,活跃频次下降
CHURN00005123,U0008617,2026-08-28,high,126,连续未登录
CHURN00005124,U0008618,2026-08-28,high,90,活跃频次下降
CHURN00005125,U0008621,2026-08-28,high,70,连续未登录
CHURN00005126,U0008623,2026-08-28,high,98,活跃频次下降
CHURN00005127,U0008625,2026-08-28,high,50,活跃频次下降
CHURN00005128,U0008627,2026-08-28,high,164,连续未登录
CHURN00005129,U0008629,2026-08-28,medium,18,活跃频次下降
CHURN00005130,U0008630,2026-08-28,high,68,活跃频次下降
CHURN00005131,U0008631,2026-08-28,medium,8,观看时长下降
CHURN00005132,U0008632,2026-08-28,high,146,活跃频次下降
CHURN00005133,U0008634,2026-08-28,high,95,连续未登录
CHURN00005134,U0008635,2026-08-28,high,193,连续未登录
CHURN00005135,U0008636,2026-08-28,medium,24,观看时长下降
CHURN00005136,U0008637,2026-08-28,medium,30,连续未登录
CHURN00005137,U0008638,2026-08-28,medium,18,连续未登录
CHURN00005138,U0008639,2026-08-28,medium,10,观看时长下降
CHURN00005139,U0008641,2026-08-28,medium,20,连续未登录
CHURN00005140,U0008643,2026-08-28,medium,12,连续未登录
CHURN00005141,U0008644,2026-08-28,medium,10,观看时长下降
CHURN00005142,U0008645,2026-08-28,high,203,观看时长下降
CHURN00005143,U0008647,2026-08-28,high,32,活跃频次下降
CHURN00005144,U0008648,2026-08-28,medium,15,连续未登录
CHURN00005145,U0008649,2026-08-28,high,42,连续未登录
CHURN00005146,U0008653,2026-08-28,medium,11,连续未登录
CHURN00005147,U0008655,2026-08-28,high,44,连续未登录
CHURN00005148,U0008656,2026-08-28,high,236,连续未登录
CHURN00005149,U0008658,2026-08-28,medium,18,活跃频次下降
CHURN00005150,U0008661,2026-08-28,medium,18,连续未登录
CHURN00005151,U0008662,2026-08-28,medium,29,连续未登录
CHURN00005152,U0008664,2026-08-28,high,32,观看时长下降
CHURN00005153,U0008666,2026-08-28,high,41,连续未登录
CHURN00005154,U0008667,2026-08-28,high,169,活跃频次下降
CHURN00005155,U0008669,2026-08-28,medium,12,连续未登录
CHURN00005156,U0008671,2026-08-28,medium,16,连续未登录
CHURN00005157,U0008672,2026-08-28,medium,20,活跃频次下降
CHURN00005158,U0008673,2026-08-28,medium,18,观看时长下降
CHURN00005159,U0008674,2026-08-28,high,38,连续未登录
CHURN00005160,U0008676,2026-08-28,medium,12,活跃频次下降
CHURN00005161,U0008677,2026-08-28,medium,16,连续未登录
CHURN00005162,U0008678,2026-08-28,medium,24,活跃频次下降
CHURN00005163,U0008681,2026-08-28,high,72,活跃频次下降
CHURN00005164,U0008683,2026-08-28,medium,28,活跃频次下降
CHURN00005165,U0008685,2026-08-28,high,80,观看时长下降
CHURN00005166,U0008686,2026-08-28,medium,15,观看时长下降
CHURN00005167,U0008690,2026-08-28,medium,18,连续未登录
CHURN00005168,U0008691,2026-08-28,high,62,连续未登录
CHURN00005169,U0008694,2026-08-28,high,53,观看时长下降
CHURN00005170,U0008695,2026-08-28,high,35,连续未登录
CHURN00005171,U0008700,2026-08-28,high,36,连续未登录
CHURN00005172,U0008701,2026-08-28,high,45,连续未登录
CHURN00005173,U0008702,2026-08-28,high,33,连续未登录
CHURN00005174,U0008705,2026-08-28,medium,19,观看时长下降
CHURN00005175,U0008706,2026-08-28,high,48,观看时长下降
CHURN00005176,U0008707,2026-08-28,high,189,连续未登录
CHURN00005177,U0008708,2026-08-28,medium,8,活跃频次下降
CHURN00005178,U0008710,2026-08-28,medium,9,连续未登录
CHURN00005179,U0008712,2026-08-28,high,65,观看时长下降
CHURN00005180,U0008713,2026-08-28,high,147,观看时长下降
CHURN00005181,U0008715,2026-08-28,medium,16,活跃频次下降
CHURN00005182,U0008716,2026-08-28,high,192,连续未登录
CHURN00005183,U0008717,2026-08-28,high,55,观看时长下降
CHURN00005184,U0008720,2026-08-28,medium,18,活跃频次下降
CHURN00005185,U0008721,2026-08-28,medium,9,活跃频次下降
CHURN00005186,U0008722,2026-08-28,high,31,连续未登录
CHURN00005187,U0008724,2026-08-28,medium,9,连续未登录
CHURN00005188,U0008726,2026-08-28,high,166,连续未登录
CHURN00005189,U0008727,2026-08-28,high,225,连续未登录
CHURN00005190,U0008731,2026-08-28,high,48,活跃频次下降
CHURN00005191,U0008732,2026-08-28,medium,8,连续未登录
CHURN00005192,U0008740,2026-08-28,high,115,连续未登录
CHURN00005193,U0008741,2026-08-28,medium,15,连续未登录
CHURN00005194,U0008743,2026-08-28,medium,10,连续未登录
CHURN00005195,U0008744,2026-08-28,high,38,连续未登录
CHURN00005196,U0008745,2026-08-28,high,148,活跃频次下降
CHURN00005197,U0008747,2026-08-28,medium,11,观看时长下降
CHURN00005198,U0008748,2026-08-28,high,81,连续未登录
CHURN00005199,U0008749,2026-08-28,high,155,观看时长下降
CHURN00005200,U0008751,2026-08-28,medium,10,活跃频次下降
CHURN00005201,U0008752,2026-08-28,medium,24,连续未登录
CHURN00005202,U0008753,2026-08-28,high,54,观看时长下降
CHURN00005203,U0008756,2026-08-28,high,54,连续未登录
CHURN00005204,U0008757,2026-08-28,medium,21,连续未登录
CHURN00005205,U0008760,2026-08-28,high,174,连续未登录
CHURN00005206,U0008762,2026-08-28,medium,14,连续未登录
CHURN00005207,U0008764,2026-08-28,medium,17,观看时长下降
CHURN00005208,U0008768,2026-08-28,medium,8,连续未登录
CHURN00005209,U0008769,2026-08-28,medium,21,连续未登录
CHURN00005210,U0008770,2026-08-28,medium,8,观看时长下降
CHURN00005211,U0008771,2026-08-28,high,180,活跃频次下降
CHURN00005212,U0008772,2026-08-28,medium,10,观看时长下降
CHURN00005213,U0008773,2026-08-28,high,65,连续未登录
CHURN00005214,U0008774,2026-08-28,high,36,连续未登录
CHURN00005215,U0008776,2026-08-28,high,46,连续未登录
CHURN00005216,U0008777,2026-08-28,medium,9,连续未登录
CHURN00005217,U0008778,2026-08-28,medium,20,活跃频次下降
CHURN00005218,U0008779,2026-08-28,medium,10,连续未登录
CHURN00005219,U0008780,2026-08-28,medium,20,活跃频次下降
CHURN00005220,U0008781,2026-08-28,medium,12,活跃频次下降
CHURN00005221,U0008782,2026-08-28,high,46,连续未登录
CHURN00005222,U0008783,2026-08-28,high,33,连续未登录
CHURN00005223,U0008784,2026-08-28,high,110,活跃频次下降
CHURN00005224,U0008788,2026-08-28,medium,12,连续未登录
CHURN00005225,U0008789,2026-08-28,medium,21,连续未登录
CHURN00005226,U0008790,2026-08-28,high,32,活跃频次下降
CHURN00005227,U0008792,2026-08-28,high,42,连续未登录
CHURN00005228,U0008793,2026-08-28,medium,29,连续未登录
CHURN00005229,U0008794,2026-08-28,medium,23,活跃频次下降
CHURN00005230,U0008797,2026-08-28,medium,12,观看时长下降
CHURN00005231,U0008798,2026-08-28,high,44,观看时长下降
CHURN00005232,U0008801,2026-08-28,medium,25,观看时长下降
CHURN00005233,U0008802,2026-08-28,high,166,连续未登录
CHURN00005234,U0008803,2026-08-28,high,32,活跃频次下降
CHURN00005235,U0008804,2026-08-28,medium,20,活跃频次下降
CHURN00005236,U0008805,2026-08-28,medium,23,连续未登录
CHURN00005237,U0008806,2026-08-28,medium,16,观看时长下降
CHURN00005238,U0008807,2026-08-28,medium,12,观看时长下降
CHURN00005239,U0008809,2026-08-28,high,176,活跃频次下降
CHURN00005240,U0008811,2026-08-28,medium,15,连续未登录
CHURN00005241,U0008813,2026-08-28,high,106,连续未登录
CHURN00005242,U0008814,2026-08-28,medium,10,连续未登录
CHURN00005243,U0008816,2026-08-28,high,49,活跃频次下降
CHURN00005244,U0008818,2026-08-28,high,41,观看时长下降
CHURN00005245,U0008819,2026-08-28,high,32,活跃频次下降
CHURN00005246,U0008821,2026-08-28,medium,13,观看时长下降
CHURN00005247,U0008822,2026-08-28,high,209,活跃频次下降
CHURN00005248,U0008826,2026-08-28,high,188,观看时长下降
CHURN00005249,U0008827,2026-08-28,high,60,活跃频次下降
CHURN00005250,U0008830,2026-08-28,medium,10,连续未登录
CHURN00005251,U0008831,2026-08-28,medium,29,连续未登录
CHURN00005252,U0008832,2026-08-28,high,50,活跃频次下降
CHURN00005253,U0008833,2026-08-28,medium,23,连续未登录
CHURN00005254,U0008834,2026-08-28,medium,15,连续未登录
CHURN00005255,U0008835,2026-08-28,high,96,连续未登录
CHURN00005256,U0008836,2026-08-28,medium,12,观看时长下降
CHURN00005257,U0008837,2026-08-28,medium,8,连续未登录
CHURN00005258,U0008838,2026-08-28,high,72,连续未登录
CHURN00005259,U0008840,2026-08-28,high,33,连续未登录
CHURN00005260,U0008841,2026-08-28,high,79,观看时长下降
CHURN00005261,U0008843,2026-08-28,medium,14,观看时长下降
CHURN00005262,U0008845,2026-08-28,medium,25,活跃频次下降
CHURN00005263,U0008848,2026-08-28,medium,10,活跃频次下降
CHURN00005264,U0008849,2026-08-28,high,53,活跃频次下降
CHURN00005265,U0008850,2026-08-28,medium,9,连续未登录
CHURN00005266,U0008851,2026-08-28,medium,19,连续未登录
CHURN00005267,U0008852,2026-08-28,high,34,连续未登录
CHURN00005268,U0008853,2026-08-28,medium,14,连续未登录
CHURN00005269,U0008855,2026-08-28,medium,9,活跃频次下降
CHURN00005270,U0008856,2026-08-28,high,208,活跃频次下降
CHURN00005271,U0008858,2026-08-28,high,59,连续未登录
CHURN00005272,U0008859,2026-08-28,medium,24,连续未登录
CHURN00005273,U0008860,2026-08-28,high,37,连续未登录
CHURN00005274,U0008861,2026-08-28,medium,30,观看时长下降
CHURN00005275,U0008863,2026-08-28,high,38,连续未登录
CHURN00005276,U0008864,2026-08-28,medium,25,活跃频次下降
CHURN00005277,U0008868,2026-08-28,medium,16,连续未登录
CHURN00005278,U0008869,2026-08-28,high,144,连续未登录
CHURN00005279,U0008871,2026-08-28,high,52,活跃频次下降
CHURN00005280,U0008873,2026-08-28,high,118,连续未登录
CHURN00005281,U0008874,2026-08-28,high,34,活跃频次下降
CHURN00005282,U0008877,2026-08-28,medium,16,连续未登录
CHURN00005283,U0008878,2026-08-28,medium,23,连续未登录
CHURN00005284,U0008879,2026-08-28,medium,8,连续未登录
CHURN00005285,U0008882,2026-08-28,medium,29,活跃频次下降
CHURN00005286,U0008883,2026-08-28,high,31,观看时长下降
CHURN00005287,U0008884,2026-08-28,high,37,连续未登录
CHURN00005288,U0008887,2026-08-28,high,108,连续未登录
CHURN00005289,U0008890,2026-08-28,medium,8,连续未登录
CHURN00005290,U0008892,2026-08-28,medium,19,活跃频次下降
CHURN00005291,U0008900,2026-08-28,high,115,活跃频次下降
CHURN00005292,U0008901,2026-08-28,medium,10,活跃频次下降
CHURN00005293,U0008902,2026-08-28,medium,18,连续未登录
CHURN00005294,U0008903,2026-08-28,medium,12,活跃频次下降
CHURN00005295,U0008905,2026-08-28,medium,17,活跃频次下降
CHURN00005296,U0008906,2026-08-28,medium,8,活跃频次下降
CHURN00005297,U0008907,2026-08-28,high,33,连续未登录
CHURN00005298,U0008909,2026-08-28,high,54,连续未登录
CHURN00005299,U0008911,2026-08-28,medium,10,连续未登录
CHURN00005300,U0008912,2026-08-28,medium,25,连续未登录
CHURN00005301,U0008914,2026-08-28,medium,17,连续未登录
CHURN00005302,U0008915,2026-08-28,high,63,观看时长下降
CHURN00005303,U0008917,2026-08-28,high,172,连续未登录
CHURN00005304,U0008918,2026-08-28,medium,12,观看时长下降
CHURN00005305,U0008919,2026-08-28,high,44,连续未登录
CHURN00005306,U0008923,2026-08-28,medium,18,观看时长下降
CHURN00005307,U0008924,2026-08-28,medium,17,连续未登录
CHURN00005308,U0008925,2026-08-28,medium,25,活跃频次下降
CHURN00005309,U0008926,2026-08-28,high,76,连续未登录
CHURN00005310,U0008927,2026-08-28,medium,16,观看时长下降
CHURN00005311,U0008928,2026-08-28,high,214,观看时长下降
CHURN00005312,U0008929,2026-08-28,medium,17,连续未登录
CHURN00005313,U0008932,2026-08-28,medium,17,连续未登录
CHURN00005314,U0008934,2026-08-28,medium,9,观看时长下降
CHURN00005315,U0008936,2026-08-28,medium,18,连续未登录
CHURN00005316,U0008938,2026-08-28,medium,19,连续未登录
CHURN00005317,U0008939,2026-08-28,medium,19,连续未登录
CHURN00005318,U0008940,2026-08-28,high,42,观看时长下降
CHURN00005319,U0008941,2026-08-28,medium,9,连续未登录
CHURN00005320,U0008942,2026-08-28,high,51,连续未登录
CHURN00005321,U0008945,2026-08-28,medium,16,连续未登录
CHURN00005322,U0008946,2026-08-28,medium,21,连续未登录
CHURN00005323,U0008947,2026-08-28,high,122,活跃频次下降
CHURN00005324,U0008948,2026-08-28,medium,11,连续未登录
CHURN00005325,U0008949,2026-08-28,medium,8,连续未登录
CHURN00005326,U0008950,2026-08-28,medium,27,连续未登录
CHURN00005327,U0008952,2026-08-28,high,125,连续未登录
CHURN00005328,U0008953,2026-08-28,high,40,连续未登录
CHURN00005329,U0008954,2026-08-28,high,133,观看时长下降
CHURN00005330,U0008956,2026-08-28,medium,24,观看时长下降
CHURN00005331,U0008957,2026-08-28,high,54,活跃频次下降
CHURN00005332,U0008958,2026-08-28,high,47,连续未登录
CHURN00005333,U0008959,2026-08-28,high,34,连续未登录
CHURN00005334,U0008961,2026-08-28,high,59,活跃频次下降
CHURN00005335,U0008962,2026-08-28,medium,18,连续未登录
CHURN00005336,U0008964,2026-08-28,medium,10,连续未登录
CHURN00005337,U0008966,2026-08-28,medium,8,活跃频次下降
CHURN00005338,U0008970,2026-08-28,high,63,活跃频次下降
CHURN00005339,U0008971,2026-08-28,medium,18,活跃频次下降
CHURN00005340,U0008973,2026-08-28,medium,22,观看时长下降
CHURN00005341,U0008974,2026-08-28,medium,9,活跃频次下降
CHURN00005342,U0008977,2026-08-28,medium,8,连续未登录
CHURN00005343,U0008978,2026-08-28,high,105,观看时长下降
CHURN00005344,U0008979,2026-08-28,high,71,连续未登录
CHURN00005345,U0008983,2026-08-28,medium,12,观看时长下降
CHURN00005346,U0008985,2026-08-28,high,42,活跃频次下降
CHURN00005347,U0008986,2026-08-28,high,117,活跃频次下降
CHURN00005348,U0008989,2026-08-28,medium,11,连续未登录
CHURN00005349,U0008991,2026-08-28,medium,17,连续未登录
CHURN00005350,U0008992,2026-08-28,medium,30,观看时长下降
CHURN00005351,U0008993,2026-08-28,medium,19,连续未登录
CHURN00005352,U0008994,2026-08-28,medium,11,连续未登录
CHURN00005353,U0008995,2026-08-28,medium,23,活跃频次下降
CHURN00005354,U0008998,2026-08-28,medium,11,连续未登录
CHURN00005355,U0008999,2026-08-28,medium,8,活跃频次下降
CHURN00005356,U0009000,2026-08-28,medium,14,连续未登录
CHURN00005357,U0009002,2026-08-28,high,33,连续未登录
CHURN00005358,U0009005,2026-08-28,high,32,活跃频次下降
CHURN00005359,U0009009,2026-08-28,medium,8,观看时长下降
CHURN00005360,U0009011,2026-08-28,medium,8,观看时长下降
CHURN00005361,U0009012,2026-08-28,medium,11,活跃频次下降
CHURN00005362,U0009013,2026-08-28,medium,25,观看时长下降
CHURN00005363,U0009014,2026-08-28,medium,23,连续未登录
CHURN00005364,U0009015,2026-08-28,medium,12,观看时长下降
CHURN00005365,U0009016,2026-08-28,medium,10,观看时长下降
CHURN00005366,U0009017,2026-08-28,medium,8,活跃频次下降
CHURN00005367,U0009018,2026-08-28,high,153,活跃频次下降
CHURN00005368,U0009019,2026-08-28,high,112,活跃频次下降
CHURN00005369,U0009020,2026-08-28,medium,13,活跃频次下降
CHURN00005370,U0009023,2026-08-28,high,99,连续未登录
CHURN00005371,U0009025,2026-08-28,medium,16,活跃频次下降
CHURN00005372,U0009026,2026-08-28,high,33,观看时长下降
CHURN00005373,U0009027,2026-08-28,medium,17,连续未登录
CHURN00005374,U0009028,2026-08-28,medium,24,活跃频次下降
CHURN00005375,U0009029,2026-08-28,high,36,连续未登录
CHURN00005376,U0009030,2026-08-28,medium,16,连续未登录
CHURN00005377,U0009032,2026-08-28,medium,15,活跃频次下降
CHURN00005378,U0009033,2026-08-28,medium,16,活跃频次下降
CHURN00005379,U0009035,2026-08-28,medium,13,连续未登录
CHURN00005380,U0009037,2026-08-28,medium,13,连续未登录
CHURN00005381,U0009038,2026-08-28,high,43,观看时长下降
CHURN00005382,U0009040,2026-08-28,high,44,观看时长下降
CHURN00005383,U0009041,2026-08-28,high,79,活跃频次下降
CHURN00005384,U0009043,2026-08-28,high,202,观看时长下降
CHURN00005385,U0009044,2026-08-28,medium,9,连续未登录
CHURN00005386,U0009045,2026-08-28,medium,22,连续未登录
CHURN00005387,U0009046,2026-08-28,medium,16,连续未登录
CHURN00005388,U0009047,2026-08-28,high,160,连续未登录
CHURN00005389,U0009049,2026-08-28,high,89,活跃频次下降
CHURN00005390,U0009050,2026-08-28,high,52,活跃频次下降
CHURN00005391,U0009051,2026-08-28,high,85,活跃频次下降
CHURN00005392,U0009054,2026-08-28,medium,12,活跃频次下降
CHURN00005393,U0009057,2026-08-28,high,134,活跃频次下降
CHURN00005394,U0009059,2026-08-28,high,97,活跃频次下降
CHURN00005395,U0009062,2026-08-28,high,43,连续未登录
CHURN00005396,U0009063,2026-08-28,medium,11,活跃频次下降
CHURN00005397,U0009065,2026-08-28,medium,10,活跃频次下降
CHURN00005398,U0009067,2026-08-28,high,49,连续未登录
CHURN00005399,U0009068,2026-08-28,medium,14,连续未登录
CHURN00005400,U0009070,2026-08-28,medium,29,观看时长下降
CHURN00005401,U0009071,2026-08-28,medium,30,观看时长下降
CHURN00005402,U0009072,2026-08-28,medium,25,活跃频次下降
CHURN00005403,U0009074,2026-08-28,high,130,观看时长下降
CHURN00005404,U0009076,2026-08-28,medium,8,观看时长下降
CHURN00005405,U0009081,2026-08-28,high,68,观看时长下降
CHURN00005406,U0009082,2026-08-28,medium,9,活跃频次下降
CHURN00005407,U0009083,2026-08-28,high,166,观看时长下降
CHURN00005408,U0009085,2026-08-28,high,67,连续未登录
CHURN00005409,U0009087,2026-08-28,high,78,连续未登录
CHURN00005410,U0009089,2026-08-28,medium,9,连续未登录
CHURN00005411,U0009090,2026-08-28,medium,8,连续未登录
CHURN00005412,U0009093,2026-08-28,high,35,连续未登录
CHURN00005413,U0009094,2026-08-28,medium,11,活跃频次下降
CHURN00005414,U0009095,2026-08-28,high,151,连续未登录
CHURN00005415,U0009096,2026-08-28,medium,19,连续未登录
CHURN00005416,U0009098,2026-08-28,high,44,连续未登录
CHURN00005417,U0009100,2026-08-28,high,46,连续未登录
CHURN00005418,U0009101,2026-08-28,medium,19,连续未登录
CHURN00005419,U0009102,2026-08-28,medium,8,活跃频次下降
CHURN00005420,U0009103,2026-08-28,medium,15,活跃频次下降
CHURN00005421,U0009105,2026-08-28,high,211,连续未登录
CHURN00005422,U0009106,2026-08-28,high,57,活跃频次下降
CHURN00005423,U0009107,2026-08-28,medium,9,活跃频次下降
CHURN00005424,U0009108,2026-08-28,high,69,活跃频次下降
CHURN00005425,U0009110,2026-08-28,medium,27,观看时长下降
CHURN00005426,U0009111,2026-08-28,high,32,活跃频次下降
CHURN00005427,U0009114,2026-08-28,high,159,观看时长下降
CHURN00005428,U0009118,2026-08-28,medium,9,观看时长下降
CHURN00005429,U0009127,2026-08-28,medium,29,观看时长下降
CHURN00005430,U0009128,2026-08-28,high,41,观看时长下降
CHURN00005431,U0009132,2026-08-28,medium,8,连续未登录
CHURN00005432,U0009133,2026-08-28,high,147,活跃频次下降
CHURN00005433,U0009135,2026-08-28,medium,17,观看时长下降
CHURN00005434,U0009136,2026-08-28,high,35,观看时长下降
CHURN00005435,U0009139,2026-08-28,high,185,连续未登录
CHURN00005436,U0009143,2026-08-28,medium,18,活跃频次下降
CHURN00005437,U0009144,2026-08-28,high,178,活跃频次下降
CHURN00005438,U0009148,2026-08-28,high,33,活跃频次下降
CHURN00005439,U0009149,2026-08-28,high,91,活跃频次下降
CHURN00005440,U0009150,2026-08-28,high,39,连续未登录
CHURN00005441,U0009152,2026-08-28,high,145,连续未登录
CHURN00005442,U0009153,2026-08-28,high,57,连续未登录
CHURN00005443,U0009155,2026-08-28,medium,26,观看时长下降
CHURN00005444,U0009157,2026-08-28,high,59,观看时长下降
CHURN00005445,U0009158,2026-08-28,medium,22,观看时长下降
CHURN00005446,U0009159,2026-08-28,medium,9,观看时长下降
CHURN00005447,U0009160,2026-08-28,medium,8,连续未登录
CHURN00005448,U0009161,2026-08-28,medium,9,观看时长下降
CHURN00005449,U0009162,2026-08-28,medium,20,连续未登录
CHURN00005450,U0009163,2026-08-28,medium,26,观看时长下降
CHURN00005451,U0009164,2026-08-28,medium,24,活跃频次下降
CHURN00005452,U0009165,2026-08-28,medium,25,活跃频次下降
CHURN00005453,U0009168,2026-08-28,medium,26,活跃频次下降
CHURN00005454,U0009169,2026-08-28,medium,12,观看时长下降
CHURN00005455,U0009170,2026-08-28,high,161,连续未登录
CHURN00005456,U0009171,2026-08-28,medium,14,活跃频次下降
CHURN00005457,U0009172,2026-08-28,medium,20,连续未登录
CHURN00005458,U0009173,2026-08-28,high,33,连续未登录
CHURN00005459,U0009174,2026-08-28,high,38,连续未登录
CHURN00005460,U0009176,2026-08-28,medium,21,观看时长下降
CHURN00005461,U0009177,2026-08-28,medium,11,连续未登录
CHURN00005462,U0009178,2026-08-28,high,49,活跃频次下降
CHURN00005463,U0009179,2026-08-28,medium,27,连续未登录
CHURN00005464,U0009180,2026-08-28,high,137,活跃频次下降
CHURN00005465,U0009181,2026-08-28,medium,13,连续未登录
CHURN00005466,U0009183,2026-08-28,high,37,连续未登录
CHURN00005467,U0009184,2026-08-28,high,158,活跃频次下降
CHURN00005468,U0009187,2026-08-28,high,219,活跃频次下降
CHURN00005469,U0009189,2026-08-28,high,120,连续未登录
CHURN00005470,U0009190,2026-08-28,medium,8,连续未登录
CHURN00005471,U0009193,2026-08-28,high,43,连续未登录
CHURN00005472,U0009194,2026-08-28,medium,17,活跃频次下降
CHURN00005473,U0009196,2026-08-28,medium,18,活跃频次下降
CHURN00005474,U0009197,2026-08-28,high,220,观看时长下降
CHURN00005475,U0009198,2026-08-28,high,64,连续未登录
CHURN00005476,U0009199,2026-08-28,high,236,观看时长下降
CHURN00005477,U0009200,2026-08-28,high,100,活跃频次下降
CHURN00005478,U0009201,2026-08-28,medium,12,观看时长下降
CHURN00005479,U0009202,2026-08-28,medium,16,连续未登录
CHURN00005480,U0009203,2026-08-28,high,93,观看时长下降
CHURN00005481,U0009204,2026-08-28,medium,9,观看时长下降
CHURN00005482,U0009206,2026-08-28,medium,14,连续未登录
CHURN00005483,U0009208,2026-08-28,medium,16,活跃频次下降
CHURN00005484,U0009209,2026-08-28,high,53,连续未登录
CHURN00005485,U0009210,2026-08-28,medium,29,连续未登录
CHURN00005486,U0009211,2026-08-28,medium,30,活跃频次下降
CHURN00005487,U0009217,2026-08-28,medium,8,观看时长下降
CHURN00005488,U0009218,2026-08-28,high,34,活跃频次下降
CHURN00005489,U0009219,2026-08-28,high,35,连续未登录
CHURN00005490,U0009220,2026-08-28,high,139,活跃频次下降
CHURN00005491,U0009222,2026-08-28,high,45,活跃频次下降
CHURN00005492,U0009223,2026-08-28,high,57,观看时长下降
CHURN00005493,U0009224,2026-08-28,medium,13,连续未登录
CHURN00005494,U0009228,2026-08-28,high,41,连续未登录
CHURN00005495,U0009229,2026-08-28,medium,12,连续未登录
CHURN00005496,U0009230,2026-08-28,high,114,连续未登录
CHURN00005497,U0009231,2026-08-28,high,32,连续未登录
CHURN00005498,U0009232,2026-08-28,medium,8,活跃频次下降
CHURN00005499,U0009233,2026-08-28,medium,13,连续未登录
CHURN00005500,U0009234,2026-08-28,medium,17,活跃频次下降
CHURN00005501,U0009236,2026-08-28,high,61,连续未登录
CHURN00005502,U0009237,2026-08-28,high,58,连续未登录
CHURN00005503,U0009240,2026-08-28,high,42,活跃频次下降
CHURN00005504,U0009242,2026-08-28,medium,9,连续未登录
CHURN00005505,U0009245,2026-08-28,high,39,连续未登录
CHURN00005506,U0009246,2026-08-28,high,69,连续未登录
CHURN00005507,U0009248,2026-08-28,high,50,活跃频次下降
CHURN00005508,U0009249,2026-08-28,high,220,活跃频次下降
CHURN00005509,U0009256,2026-08-28,high,112,观看时长下降
CHURN00005510,U0009257,2026-08-28,medium,13,观看时长下降
CHURN00005511,U0009258,2026-08-28,medium,24,连续未登录
CHURN00005512,U0009259,2026-08-28,medium,11,连续未登录
CHURN00005513,U0009260,2026-08-28,medium,13,观看时长下降
CHURN00005514,U0009262,2026-08-28,medium,8,活跃频次下降
CHURN00005515,U0009263,2026-08-28,medium,21,活跃频次下降
CHURN00005516,U0009265,2026-08-28,high,39,活跃频次下降
CHURN00005517,U0009267,2026-08-28,medium,9,活跃频次下降
CHURN00005518,U0009270,2026-08-28,medium,21,连续未登录
CHURN00005519,U0009273,2026-08-28,high,193,观看时长下降
CHURN00005520,U0009274,2026-08-28,high,79,观看时长下降
CHURN00005521,U0009275,2026-08-28,medium,25,观看时长下降
CHURN00005522,U0009276,2026-08-28,medium,26,活跃频次下降
CHURN00005523,U0009278,2026-08-28,high,36,活跃频次下降
CHURN00005524,U0009279,2026-08-28,medium,25,连续未登录
CHURN00005525,U0009280,2026-08-28,medium,24,观看时长下降
CHURN00005526,U0009281,2026-08-28,high,160,活跃频次下降
CHURN00005527,U0009282,2026-08-28,high,48,连续未登录
CHURN00005528,U0009285,2026-08-28,medium,8,连续未登录
CHURN00005529,U0009286,2026-08-28,high,33,连续未登录
CHURN00005530,U0009287,2026-08-28,medium,17,观看时长下降
CHURN00005531,U0009289,2026-08-28,high,118,活跃频次下降
CHURN00005532,U0009290,2026-08-28,high,40,活跃频次下降
CHURN00005533,U0009292,2026-08-28,medium,26,连续未登录
CHURN00005534,U0009297,2026-08-28,medium,25,连续未登录
CHURN00005535,U0009298,2026-08-28,medium,17,活跃频次下降
CHURN00005536,U0009299,2026-08-28,high,188,连续未登录
CHURN00005537,U0009300,2026-08-28,high,73,连续未登录
CHURN00005538,U0009302,2026-08-28,high,35,活跃频次下降
CHURN00005539,U0009303,2026-08-28,medium,9,连续未登录
CHURN00005540,U0009306,2026-08-28,high,85,连续未登录
CHURN00005541,U0009307,2026-08-28,medium,9,连续未登录
CHURN00005542,U0009308,2026-08-28,high,95,观看时长下降
CHURN00005543,U0009310,2026-08-28,high,55,观看时长下降
CHURN00005544,U0009311,2026-08-28,medium,10,观看时长下降
CHURN00005545,U0009312,2026-08-28,high,151,连续未登录
CHURN00005546,U0009313,2026-08-28,high,32,连续未登录
CHURN00005547,U0009314,2026-08-28,medium,21,连续未登录
CHURN00005548,U0009315,2026-08-28,medium,25,连续未登录
CHURN00005549,U0009317,2026-08-28,high,72,活跃频次下降
CHURN00005550,U0009318,2026-08-28,high,101,连续未登录
CHURN00005551,U0009323,2026-08-28,high,33,活跃频次下降
CHURN00005552,U0009325,2026-08-28,high,89,活跃频次下降
CHURN00005553,U0009328,2026-08-28,high,56,观看时长下降
CHURN00005554,U0009329,2026-08-28,high,40,连续未登录
CHURN00005555,U0009330,2026-08-28,high,73,活跃频次下降
CHURN00005556,U0009332,2026-08-28,high,63,连续未登录
CHURN00005557,U0009335,2026-08-28,medium,12,观看时长下降
CHURN00005558,U0009336,2026-08-28,medium,13,观看时长下降
CHURN00005559,U0009337,2026-08-28,medium,11,观看时长下降
CHURN00005560,U0009338,2026-08-28,medium,18,连续未登录
CHURN00005561,U0009341,2026-08-28,high,37,观看时长下降
CHURN00005562,U0009343,2026-08-28,high,36,活跃频次下降
CHURN00005563,U0009344,2026-08-28,medium,10,连续未登录
CHURN00005564,U0009348,2026-08-28,medium,10,连续未登录
CHURN00005565,U0009351,2026-08-28,medium,8,活跃频次下降
CHURN00005566,U0009352,2026-08-28,medium,28,活跃频次下降
CHURN00005567,U0009358,2026-08-28,medium,9,连续未登录
CHURN00005568,U0009360,2026-08-28,high,120,连续未登录
CHURN00005569,U0009362,2026-08-28,medium,8,活跃频次下降
CHURN00005570,U0009363,2026-08-28,high,33,连续未登录
CHURN00005571,U0009365,2026-08-28,medium,17,观看时长下降
CHURN00005572,U0009366,2026-08-28,medium,10,连续未登录
CHURN00005573,U0009368,2026-08-28,medium,23,观看时长下降
CHURN00005574,U0009369,2026-08-28,high,32,活跃频次下降
CHURN00005575,U0009370,2026-08-28,medium,8,活跃频次下降
CHURN00005576,U0009371,2026-08-28,high,35,活跃频次下降
CHURN00005577,U0009372,2026-08-28,high,48,连续未登录
CHURN00005578,U0009375,2026-08-28,medium,21,活跃频次下降
CHURN00005579,U0009376,2026-08-28,high,156,连续未登录
CHURN00005580,U0009377,2026-08-28,high,36,观看时长下降
CHURN00005581,U0009378,2026-08-28,medium,16,观看时长下降
CHURN00005582,U0009382,2026-08-28,high,65,连续未登录
CHURN00005583,U0009383,2026-08-28,medium,28,连续未登录
CHURN00005584,U0009388,2026-08-28,high,99,连续未登录
CHURN00005585,U0009389,2026-08-28,medium,24,观看时长下降
CHURN00005586,U0009391,2026-08-28,medium,12,连续未登录
CHURN00005587,U0009392,2026-08-28,medium,22,活跃频次下降
CHURN00005588,U0009395,2026-08-28,high,54,连续未登录
CHURN00005589,U0009397,2026-08-28,medium,16,连续未登录
CHURN00005590,U0009398,2026-08-28,medium,13,连续未登录
CHURN00005591,U0009399,2026-08-28,medium,17,连续未登录
CHURN00005592,U0009400,2026-08-28,medium,20,连续未登录
CHURN00005593,U0009401,2026-08-28,medium,8,连续未登录
CHURN00005594,U0009402,2026-08-28,medium,13,连续未登录
CHURN00005595,U0009405,2026-08-28,medium,10,连续未登录
CHURN00005596,U0009407,2026-08-28,medium,21,活跃频次下降
CHURN00005597,U0009408,2026-08-28,high,56,连续未登录
CHURN00005598,U0009409,2026-08-28,medium,13,连续未登录
CHURN00005599,U0009412,2026-08-28,medium,21,连续未登录
CHURN00005600,U0009414,2026-08-28,medium,27,连续未登录
CHURN00005601,U0009415,2026-08-28,high,69,活跃频次下降
CHURN00005602,U0009420,2026-08-28,medium,30,观看时长下降
CHURN00005603,U0009421,2026-08-28,high,114,连续未登录
CHURN00005604,U0009422,2026-08-28,high,196,连续未登录
CHURN00005605,U0009423,2026-08-28,high,151,活跃频次下降
CHURN00005606,U0009424,2026-08-28,medium,18,连续未登录
CHURN00005607,U0009425,2026-08-28,high,38,活跃频次下降
CHURN00005608,U0009426,2026-08-28,medium,15,活跃频次下降
CHURN00005609,U0009428,2026-08-28,high,46,连续未登录
CHURN00005610,U0009429,2026-08-28,high,40,连续未登录
CHURN00005611,U0009430,2026-08-28,high,103,连续未登录
CHURN00005612,U0009431,2026-08-28,medium,19,连续未登录
CHURN00005613,U0009432,2026-08-28,medium,15,连续未登录
CHURN00005614,U0009433,2026-08-28,medium,18,连续未登录
CHURN00005615,U0009434,2026-08-28,high,91,连续未登录
CHURN00005616,U0009435,2026-08-28,high,45,活跃频次下降
CHURN00005617,U0009436,2026-08-28,medium,19,观看时长下降
CHURN00005618,U0009437,2026-08-28,high,76,活跃频次下降
CHURN00005619,U0009438,2026-08-28,high,63,连续未登录
CHURN00005620,U0009439,2026-08-28,medium,23,观看时长下降
CHURN00005621,U0009440,2026-08-28,medium,9,连续未登录
CHURN00005622,U0009441,2026-08-28,high,59,连续未登录
CHURN00005623,U0009444,2026-08-28,medium,15,活跃频次下降
CHURN00005624,U0009445,2026-08-28,medium,20,连续未登录
CHURN00005625,U0009447,2026-08-28,high,50,连续未登录
CHURN00005626,U0009448,2026-08-28,high,184,观看时长下降
CHURN00005627,U0009449,2026-08-28,high,37,观看时长下降
CHURN00005628,U0009450,2026-08-28,high,71,连续未登录
CHURN00005629,U0009451,2026-08-28,medium,22,连续未登录
CHURN00005630,U0009452,2026-08-28,medium,22,活跃频次下降
CHURN00005631,U0009453,2026-08-28,medium,10,连续未登录
CHURN00005632,U0009454,2026-08-28,high,82,连续未登录
CHURN00005633,U0009455,2026-08-28,medium,15,观看时长下降
CHURN00005634,U0009456,2026-08-28,high,35,连续未登录
CHURN00005635,U0009457,2026-08-28,high,107,连续未登录
CHURN00005636,U0009458,2026-08-28,medium,19,活跃频次下降
CHURN00005637,U0009459,2026-08-28,high,32,连续未登录
CHURN00005638,U0009460,2026-08-28,medium,8,观看时长下降
CHURN00005639,U0009462,2026-08-28,high,39,观看时长下降
CHURN00005640,U0009463,2026-08-28,high,92,连续未登录
CHURN00005641,U0009464,2026-08-28,high,44,连续未登录
CHURN00005642,U0009465,2026-08-28,medium,20,活跃频次下降
CHURN00005643,U0009466,2026-08-28,medium,12,连续未登录
CHURN00005644,U0009468,2026-08-28,high,171,连续未登录
CHURN00005645,U0009470,2026-08-28,high,87,观看时长下降
CHURN00005646,U0009473,2026-08-28,medium,24,连续未登录
CHURN00005647,U0009476,2026-08-28,high,214,活跃频次下降
CHURN00005648,U0009477,2026-08-28,high,31,观看时长下降
CHURN00005649,U0009479,2026-08-28,medium,21,活跃频次下降
CHURN00005650,U0009481,2026-08-28,high,83,活跃频次下降
CHURN00005651,U0009482,2026-08-28,high,31,连续未登录
CHURN00005652,U0009483,2026-08-28,medium,20,连续未登录
CHURN00005653,U0009485,2026-08-28,high,74,活跃频次下降
CHURN00005654,U0009486,2026-08-28,high,56,观看时长下降
CHURN00005655,U0009488,2026-08-28,medium,11,活跃频次下降
CHURN00005656,U0009489,2026-08-28,medium,14,活跃频次下降
CHURN00005657,U0009490,2026-08-28,medium,21,连续未登录
CHURN00005658,U0009491,2026-08-28,medium,9,连续未登录
CHURN00005659,U0009492,2026-08-28,high,37,活跃频次下降
CHURN00005660,U0009493,2026-08-28,medium,10,连续未登录
CHURN00005661,U0009494,2026-08-28,medium,17,连续未登录
CHURN00005662,U0009495,2026-08-28,high,147,连续未登录
CHURN00005663,U0009497,2026-08-28,high,54,观看时长下降
CHURN00005664,U0009498,2026-08-28,medium,12,连续未登录
CHURN00005665,U0009500,2026-08-28,medium,17,连续未登录
CHURN00005666,U0009501,2026-08-28,medium,8,观看时长下降
CHURN00005667,U0009502,2026-08-28,high,60,连续未登录
CHURN00005668,U0009503,2026-08-28,high,34,活跃频次下降
CHURN00005669,U0009504,2026-08-28,medium,29,连续未登录
CHURN00005670,U0009506,2026-08-28,medium,22,观看时长下降
CHURN00005671,U0009508,2026-08-28,high,54,连续未登录
CHURN00005672,U0009509,2026-08-28,medium,13,连续未登录
CHURN00005673,U0009513,2026-08-28,high,104,连续未登录
CHURN00005674,U0009515,2026-08-28,high,83,活跃频次下降
CHURN00005675,U0009517,2026-08-28,high,96,连续未登录
CHURN00005676,U0009518,2026-08-28,high,57,活跃频次下降
CHURN00005677,U0009519,2026-08-28,high,124,连续未登录
CHURN00005678,U0009521,2026-08-28,high,81,观看时长下降
CHURN00005679,U0009523,2026-08-28,medium,17,连续未登录
CHURN00005680,U0009530,2026-08-28,medium,9,连续未登录
CHURN00005681,U0009531,2026-08-28,medium,12,连续未登录
CHURN00005682,U0009533,2026-08-28,high,60,观看时长下降
CHURN00005683,U0009534,2026-08-28,medium,21,连续未登录
CHURN00005684,U0009542,2026-08-28,medium,9,连续未登录
CHURN00005685,U0009544,2026-08-28,high,167,连续未登录
CHURN00005686,U0009545,2026-08-28,high,97,连续未登录
CHURN00005687,U0009546,2026-08-28,medium,16,活跃频次下降
CHURN00005688,U0009548,2026-08-28,medium,11,连续未登录
CHURN00005689,U0009557,2026-08-28,high,74,连续未登录
CHURN00005690,U0009558,2026-08-28,medium,8,观看时长下降
CHURN00005691,U0009559,2026-08-28,medium,13,活跃频次下降
CHURN00005692,U0009560,2026-08-28,high,84,活跃频次下降
CHURN00005693,U0009563,2026-08-28,high,114,连续未登录
CHURN00005694,U0009565,2026-08-28,medium,8,观看时长下降
CHURN00005695,U0009567,2026-08-28,high,53,活跃频次下降
CHURN00005696,U0009568,2026-08-28,medium,14,连续未登录
CHURN00005697,U0009569,2026-08-28,high,63,观看时长下降
CHURN00005698,U0009572,2026-08-28,high,143,活跃频次下降
CHURN00005699,U0009574,2026-08-28,high,206,观看时长下降
CHURN00005700,U0009575,2026-08-28,high,105,连续未登录
CHURN00005701,U0009580,2026-08-28,medium,8,观看时长下降
CHURN00005702,U0009581,2026-08-28,medium,9,活跃频次下降
CHURN00005703,U0009582,2026-08-28,high,33,连续未登录
CHURN00005704,U0009583,2026-08-28,high,52,连续未登录
CHURN00005705,U0009584,2026-08-28,medium,11,连续未登录
CHURN00005706,U0009585,2026-08-28,high,126,活跃频次下降
CHURN00005707,U0009586,2026-08-28,high,51,连续未登录
CHURN00005708,U0009587,2026-08-28,high,104,连续未登录
CHURN00005709,U0009588,2026-08-28,high,39,活跃频次下降
CHURN00005710,U0009589,2026-08-28,high,151,观看时长下降
CHURN00005711,U0009590,2026-08-28,medium,25,连续未登录
CHURN00005712,U0009591,2026-08-28,medium,22,连续未登录
CHURN00005713,U0009592,2026-08-28,medium,11,活跃频次下降
CHURN00005714,U0009593,2026-08-28,medium,10,连续未登录
CHURN00005715,U0009594,2026-08-28,high,98,观看时长下降
CHURN00005716,U0009595,2026-08-28,medium,12,观看时长下降
CHURN00005717,U0009598,2026-08-28,high,116,观看时长下降
CHURN00005718,U0009601,2026-08-28,high,38,观看时长下降
CHURN00005719,U0009602,2026-08-28,high,230,连续未登录
CHURN00005720,U0009603,2026-08-28,medium,24,连续未登录
CHURN00005721,U0009608,2026-08-28,high,32,活跃频次下降
CHURN00005722,U0009609,2026-08-28,medium,8,观看时长下降
CHURN00005723,U0009610,2026-08-28,medium,19,观看时长下降
CHURN00005724,U0009614,2026-08-28,medium,26,连续未登录
CHURN00005725,U0009617,2026-08-28,high,89,连续未登录
CHURN00005726,U0009618,2026-08-28,high,46,连续未登录
CHURN00005727,U0009621,2026-08-28,medium,9,观看时长下降
CHURN00005728,U0009627,2026-08-28,medium,23,观看时长下降
CHURN00005729,U0009629,2026-08-28,high,31,连续未登录
CHURN00005730,U0009631,2026-08-28,high,157,观看时长下降
CHURN00005731,U0009633,2026-08-28,medium,8,连续未登录
CHURN00005732,U0009634,2026-08-28,medium,13,连续未登录
CHURN00005733,U0009635,2026-08-28,medium,25,活跃频次下降
CHURN00005734,U0009636,2026-08-28,high,82,活跃频次下降
CHURN00005735,U0009638,2026-08-28,medium,9,连续未登录
CHURN00005736,U0009639,2026-08-28,high,51,连续未登录
CHURN00005737,U0009641,2026-08-28,medium,9,活跃频次下降
CHURN00005738,U0009642,2026-08-28,medium,14,活跃频次下降
CHURN00005739,U0009643,2026-08-28,medium,13,观看时长下降
CHURN00005740,U0009644,2026-08-28,high,127,连续未登录
CHURN00005741,U0009645,2026-08-28,medium,28,观看时长下降
CHURN00005742,U0009646,2026-08-28,medium,17,观看时长下降
CHURN00005743,U0009647,2026-08-28,medium,8,观看时长下降
CHURN00005744,U0009648,2026-08-28,medium,29,连续未登录
CHURN00005745,U0009649,2026-08-28,medium,19,活跃频次下降
CHURN00005746,U0009651,2026-08-28,high,143,连续未登录
CHURN00005747,U0009652,2026-08-28,high,201,活跃频次下降
CHURN00005748,U0009653,2026-08-28,medium,12,连续未登录
CHURN00005749,U0009654,2026-08-28,medium,17,活跃频次下降
CHURN00005750,U0009655,2026-08-28,medium,18,活跃频次下降
CHURN00005751,U0009656,2026-08-28,high,40,连续未登录
CHURN00005752,U0009657,2026-08-28,high,79,活跃频次下降
CHURN00005753,U0009658,2026-08-28,medium,13,观看时长下降
CHURN00005754,U0009659,2026-08-28,medium,17,观看时长下降
CHURN00005755,U0009660,2026-08-28,high,135,观看时长下降
CHURN00005756,U0009661,2026-08-28,high,53,观看时长下降
CHURN00005757,U0009664,2026-08-28,high,64,观看时长下降
CHURN00005758,U0009668,2026-08-28,medium,17,活跃频次下降
CHURN00005759,U0009669,2026-08-28,medium,9,连续未登录
CHURN00005760,U0009671,2026-08-28,medium,22,观看时长下降
CHURN00005761,U0009672,2026-08-28,medium,11,连续未登录
CHURN00005762,U0009676,2026-08-28,high,36,观看时长下降
CHURN00005763,U0009677,2026-08-28,high,46,活跃频次下降
CHURN00005764,U0009678,2026-08-28,high,63,连续未登录
CHURN00005765,U0009679,2026-08-28,medium,16,活跃频次下降
CHURN00005766,U0009680,2026-08-28,medium,13,观看时长下降
CHURN00005767,U0009681,2026-08-28,high,170,活跃频次下降
CHURN00005768,U0009684,2026-08-28,high,45,活跃频次下降
CHURN00005769,U0009685,2026-08-28,medium,12,观看时长下降
CHURN00005770,U0009686,2026-08-28,high,94,活跃频次下降
CHURN00005771,U0009687,2026-08-28,high,32,连续未登录
CHURN00005772,U0009688,2026-08-28,medium,15,活跃频次下降
CHURN00005773,U0009690,2026-08-28,medium,23,连续未登录
CHURN00005774,U0009692,2026-08-28,medium,9,观看时长下降
CHURN00005775,U0009697,2026-08-28,high,32,连续未登录
CHURN00005776,U0009698,2026-08-28,medium,26,活跃频次下降
CHURN00005777,U0009699,2026-08-28,high,43,连续未登录
CHURN00005778,U0009700,2026-08-28,high,34,连续未登录
CHURN00005779,U0009701,2026-08-28,medium,15,连续未登录
CHURN00005780,U0009703,2026-08-28,medium,23,连续未登录
CHURN00005781,U0009707,2026-08-28,medium,16,观看时长下降
CHURN00005782,U0009715,2026-08-28,high,180,连续未登录
CHURN00005783,U0009716,2026-08-28,high,35,活跃频次下降
CHURN00005784,U0009721,2026-08-28,medium,11,活跃频次下降
CHURN00005785,U0009722,2026-08-28,medium,10,观看时长下降
CHURN00005786,U0009723,2026-08-28,high,60,连续未登录
CHURN00005787,U0009726,2026-08-28,medium,14,连续未登录
CHURN00005788,U0009727,2026-08-28,medium,19,连续未登录
CHURN00005789,U0009729,2026-08-28,medium,26,连续未登录
CHURN00005790,U0009730,2026-08-28,medium,13,活跃频次下降
CHURN00005791,U0009731,2026-08-28,medium,9,观看时长下降
CHURN00005792,U0009732,2026-08-28,high,77,观看时长下降
CHURN00005793,U0009733,2026-08-28,high,58,连续未登录
CHURN00005794,U0009734,2026-08-28,medium,27,活跃频次下降
CHURN00005795,U0009735,2026-08-28,medium,14,连续未登录
CHURN00005796,U0009737,2026-08-28,medium,16,连续未登录
CHURN00005797,U0009740,2026-08-28,medium,8,活跃频次下降
CHURN00005798,U0009741,2026-08-28,medium,12,连续未登录
CHURN00005799,U0009743,2026-08-28,high,99,观看时长下降
CHURN00005800,U0009744,2026-08-28,high,50,活跃频次下降
CHURN00005801,U0009745,2026-08-28,high,46,连续未登录
CHURN00005802,U0009746,2026-08-28,medium,15,连续未登录
CHURN00005803,U0009747,2026-08-28,high,33,连续未登录
CHURN00005804,U0009748,2026-08-28,medium,23,活跃频次下降
CHURN00005805,U0009750,2026-08-28,medium,8,连续未登录
CHURN00005806,U0009753,2026-08-28,medium,9,连续未登录
CHURN00005807,U0009754,2026-08-28,medium,12,连续未登录
CHURN00005808,U0009755,2026-08-28,medium,9,观看时长下降
CHURN00005809,U0009756,2026-08-28,high,60,连续未登录
CHURN00005810,U0009757,2026-08-28,high,55,活跃频次下降
CHURN00005811,U0009759,2026-08-28,high,107,连续未登录
CHURN00005812,U0009760,2026-08-28,high,79,活跃频次下降
CHURN00005813,U0009761,2026-08-28,medium,19,活跃频次下降
CHURN00005814,U0009763,2026-08-28,medium,9,活跃频次下降
CHURN00005815,U0009764,2026-08-28,medium,11,活跃频次下降
CHURN00005816,U0009765,2026-08-28,medium,25,活跃频次下降
CHURN00005817,U0009766,2026-08-28,medium,23,观看时长下降
CHURN00005818,U0009767,2026-08-28,medium,24,活跃频次下降
CHURN00005819,U0009769,2026-08-28,medium,19,观看时长下降
CHURN00005820,U0009772,2026-08-28,medium,21,连续未登录
CHURN00005821,U0009774,2026-08-28,high,172,活跃频次下降
CHURN00005822,U0009778,2026-08-28,medium,15,活跃频次下降
CHURN00005823,U0009779,2026-08-28,medium,23,连续未登录
CHURN00005824,U0009780,2026-08-28,high,38,连续未登录
CHURN00005825,U0009781,2026-08-28,medium,21,观看时长下降
CHURN00005826,U0009782,2026-08-28,high,123,连续未登录
CHURN00005827,U0009783,2026-08-28,medium,18,观看时长下降
CHURN00005828,U0009785,2026-08-28,medium,19,连续未登录
CHURN00005829,U0009786,2026-08-28,medium,20,观看时长下降
CHURN00005830,U0009787,2026-08-28,medium,21,活跃频次下降
CHURN00005831,U0009788,2026-08-28,medium,9,连续未登录
CHURN00005832,U0009790,2026-08-28,high,141,连续未登录
CHURN00005833,U0009791,2026-08-28,high,68,连续未登录
CHURN00005834,U0009792,2026-08-28,high,113,观看时长下降
CHURN00005835,U0009793,2026-08-28,high,65,活跃频次下降
CHURN00005836,U0009795,2026-08-28,high,199,活跃频次下降
CHURN00005837,U0009797,2026-08-28,medium,9,连续未登录
CHURN00005838,U0009798,2026-08-28,medium,27,观看时长下降
CHURN00005839,U0009799,2026-08-28,high,213,观看时长下降
CHURN00005840,U0009800,2026-08-28,high,112,活跃频次下降
CHURN00005841,U0009802,2026-08-28,medium,12,连续未登录
CHURN00005842,U0009803,2026-08-28,high,45,连续未登录
CHURN00005843,U0009804,2026-08-28,medium,8,连续未登录
CHURN00005844,U0009805,2026-08-28,high,41,连续未登录
CHURN00005845,U0009806,2026-08-28,medium,19,活跃频次下降
CHURN00005846,U0009808,2026-08-28,high,111,连续未登录
CHURN00005847,U0009809,2026-08-28,medium,12,连续未登录
CHURN00005848,U0009812,2026-08-28,medium,11,活跃频次下降
CHURN00005849,U0009813,2026-08-28,medium,9,观看时长下降
CHURN00005850,U0009814,2026-08-28,medium,10,连续未登录
CHURN00005851,U0009820,2026-08-28,medium,14,活跃频次下降
CHURN00005852,U0009822,2026-08-28,medium,23,连续未登录
CHURN00005853,U0009823,2026-08-28,medium,11,活跃频次下降
CHURN00005854,U0009824,2026-08-28,medium,18,连续未登录
CHURN00005855,U0009826,2026-08-28,medium,24,连续未登录
CHURN00005856,U0009829,2026-08-28,high,57,观看时长下降
CHURN00005857,U0009830,2026-08-28,medium,22,连续未登录
CHURN00005858,U0009832,2026-08-28,medium,18,观看时长下降
CHURN00005859,U0009833,2026-08-28,high,104,连续未登录
CHURN00005860,U0009834,2026-08-28,high,196,连续未登录
CHURN00005861,U0009835,2026-08-28,high,42,连续未登录
CHURN00005862,U0009836,2026-08-28,medium,12,观看时长下降
CHURN00005863,U0009837,2026-08-28,medium,8,连续未登录
CHURN00005864,U0009838,2026-08-28,high,136,连续未登录
CHURN00005865,U0009839,2026-08-28,medium,12,连续未登录
CHURN00005866,U0009840,2026-08-28,high,73,连续未登录
CHURN00005867,U0009841,2026-08-28,medium,19,活跃频次下降
CHURN00005868,U0009842,2026-08-28,high,57,活跃频次下降
CHURN00005869,U0009846,2026-08-28,high,54,活跃频次下降
CHURN00005870,U0009847,2026-08-28,medium,9,连续未登录
CHURN00005871,U0009851,2026-08-28,medium,18,活跃频次下降
CHURN00005872,U0009853,2026-08-28,medium,16,活跃频次下降
CHURN00005873,U0009854,2026-08-28,high,45,连续未登录
CHURN00005874,U0009855,2026-08-28,medium,8,连续未登录
CHURN00005875,U0009859,2026-08-28,medium,23,连续未登录
CHURN00005876,U0009860,2026-08-28,medium,27,活跃频次下降
CHURN00005877,U0009863,2026-08-28,medium,11,连续未登录
CHURN00005878,U0009864,2026-08-28,medium,14,连续未登录
CHURN00005879,U0009866,2026-08-28,medium,11,连续未登录
CHURN00005880,U0009867,2026-08-28,medium,17,活跃频次下降
CHURN00005881,U0009870,2026-08-28,high,75,活跃频次下降
CHURN00005882,U0009873,2026-08-28,medium,23,观看时长下降
CHURN00005883,U0009874,2026-08-28,medium,10,观看时长下降
CHURN00005884,U0009875,2026-08-28,medium,11,活跃频次下降
CHURN00005885,U0009876,2026-08-28,medium,22,活跃频次下降
CHURN00005886,U0009877,2026-08-28,high,45,观看时长下降
CHURN00005887,U0009878,2026-08-28,medium,11,活跃频次下降
CHURN00005888,U0009881,2026-08-28,high,210,连续未登录
CHURN00005889,U0009882,2026-08-28,high,156,观看时长下降
CHURN00005890,U0009885,2026-08-28,medium,17,观看时长下降
CHURN00005891,U0009886,2026-08-28,high,33,连续未登录
CHURN00005892,U0009887,2026-08-28,high,111,观看时长下降
CHURN00005893,U0009892,2026-08-28,medium,9,连续未登录
CHURN00005894,U0009893,2026-08-28,medium,9,观看时长下降
CHURN00005895,U0009895,2026-08-28,high,112,连续未登录
CHURN00005896,U0009896,2026-08-28,medium,10,活跃频次下降
CHURN00005897,U0009897,2026-08-28,high,34,活跃频次下降
CHURN00005898,U0009898,2026-08-28,medium,12,观看时长下降
CHURN00005899,U0009899,2026-08-28,medium,25,观看时长下降
CHURN00005900,U0009902,2026-08-28,medium,24,观看时长下降
CHURN00005901,U0009904,2026-08-28,medium,20,观看时长下降
CHURN00005902,U0009907,2026-08-28,high,32,活跃频次下降
CHURN00005903,U0009908,2026-08-28,high,83,观看时长下降
CHURN00005904,U0009909,2026-08-28,high,73,连续未登录
CHURN00005905,U0009910,2026-08-28,medium,13,活跃频次下降
CHURN00005906,U0009911,2026-08-28,high,102,活跃频次下降
CHURN00005907,U0009912,2026-08-28,high,31,观看时长下降
CHURN00005908,U0009915,2026-08-28,high,99,观看时长下降
CHURN00005909,U0009917,2026-08-28,medium,28,活跃频次下降
CHURN00005910,U0009920,2026-08-28,medium,11,活跃频次下降
CHURN00005911,U0009921,2026-08-28,high,48,观看时长下降
CHURN00005912,U0009922,2026-08-28,medium,20,观看时长下降
CHURN00005913,U0009924,2026-08-28,high,76,观看时长下降
CHURN00005914,U0009926,2026-08-28,medium,12,连续未登录
CHURN00005915,U0009927,2026-08-28,medium,8,连续未登录
CHURN00005916,U0009928,2026-08-28,high,32,活跃频次下降
CHURN00005917,U0009931,2026-08-28,medium,28,活跃频次下降
CHURN00005918,U0009933,2026-08-28,high,83,观看时长下降
CHURN00005919,U0009934,2026-08-28,medium,25,活跃频次下降
CHURN00005920,U0009935,2026-08-28,medium,24,观看时长下降
CHURN00005921,U0009938,2026-08-28,medium,23,连续未登录
CHURN00005922,U0009943,2026-08-28,medium,11,连续未登录
CHURN00005923,U0009944,2026-08-28,medium,13,观看时长下降
CHURN00005924,U0009946,2026-08-28,high,43,观看时长下降
CHURN00005925,U0009947,2026-08-28,high,35,连续未登录
CHURN00005926,U0009949,2026-08-28,high,70,观看时长下降
CHURN00005927,U0009951,2026-08-28,high,105,活跃频次下降
CHURN00005928,U0009952,2026-08-28,medium,12,活跃频次下降
CHURN00005929,U0009953,2026-08-28,high,143,活跃频次下降
CHURN00005930,U0009958,2026-08-28,medium,12,观看时长下降
CHURN00005931,U0009960,2026-08-28,high,80,观看时长下降
CHURN00005932,U0009961,2026-08-28,medium,15,连续未登录
CHURN00005933,U0009962,2026-08-28,high,48,观看时长下降
CHURN00005934,U0009963,2026-08-28,medium,25,活跃频次下降
CHURN00005935,U0009966,2026-08-28,medium,18,活跃频次下降
CHURN00005936,U0009967,2026-08-28,high,110,活跃频次下降
CHURN00005937,U0009968,2026-08-28,medium,12,连续未登录
CHURN00005938,U0009970,2026-08-28,high,73,活跃频次下降
CHURN00005939,U0009975,2026-08-28,medium,17,活跃频次下降
CHURN00005940,U0009978,2026-08-28,medium,27,观看时长下降
CHURN00005941,U0009979,2026-08-28,high,32,观看时长下降
CHURN00005942,U0009982,2026-08-28,high,124,观看时长下降
CHURN00005943,U0009985,2026-08-28,medium,9,连续未登录
CHURN00005944,U0009986,2026-08-28,medium,25,连续未登录
CHURN00005945,U0009988,2026-08-28,medium,29,观看时长下降
CHURN00005946,U0009992,2026-08-28,high,34,活跃频次下降
CHURN00005947,U0009993,2026-08-28,medium,17,观看时长下降
CHURN00005948,U0009994,2026-08-28,high,72,活跃频次下降
CHURN00005949,U0009996,2026-08-28,medium,9,连续未登录
CHURN00005950,U0010000,2026-08-28,high,45,观看时长下降
CHURN00005951,U0010001,2026-08-28,medium,13,连续未登录
CHURN00005952,U0010002,2026-08-28,high,123,观看时长下降
CHURN00005953,U0010003,2026-08-28,high,62,活跃频次下降
CHURN00005954,U0010004,2026-08-28,medium,8,观看时长下降
CHURN00005955,U0010005,2026-08-28,medium,9,观看时长下降
CHURN00005956,U0010007,2026-08-28,medium,14,连续未登录
CHURN00005957,U0010008,2026-08-28,high,221,连续未登录
CHURN00005958,U0010010,2026-08-28,high,37,观看时长下降
CHURN00005959,U0010012,2026-08-28,medium,24,活跃频次下降
CHURN00005960,U0010013,2026-08-28,high,68,连续未登录
CHURN00005961,U0010014,2026-08-28,medium,11,活跃频次下降
CHURN00005962,U0010015,2026-08-28,medium,9,连续未登录
CHURN00005963,U0010018,2026-08-28,medium,13,连续未登录
CHURN00005964,U0010019,2026-08-28,medium,8,观看时长下降
CHURN00005965,U0010020,2026-08-28,high,31,观看时长下降
CHURN00005966,U0010023,2026-08-28,high,171,连续未登录
CHURN00005967,U0010024,2026-08-28,medium,24,连续未登录
CHURN00005968,U0010026,2026-08-28,high,153,连续未登录
CHURN00005969,U0010027,2026-08-28,medium,22,连续未登录
CHURN00005970,U0010028,2026-08-28,medium,11,活跃频次下降
CHURN00005971,U0010030,2026-08-28,medium,16,连续未登录
CHURN00005972,U0010032,2026-08-28,high,34,活跃频次下降
CHURN00005973,U0010033,2026-08-28,high,136,活跃频次下降
CHURN00005974,U0010034,2026-08-28,high,33,连续未登录
CHURN00005975,U0010035,2026-08-28,high,69,连续未登录
CHURN00005976,U0010037,2026-08-28,high,136,活跃频次下降
CHURN00005977,U0010038,2026-08-28,medium,17,活跃频次下降
CHURN00005978,U0010039,2026-08-28,medium,9,观看时长下降
CHURN00005979,U0010040,2026-08-28,high,111,连续未登录
CHURN00005980,U0010041,2026-08-28,medium,12,观看时长下降
CHURN00005981,U0010046,2026-08-28,medium,14,观看时长下降
CHURN00005982,U0010047,2026-08-28,medium,19,活跃频次下降
CHURN00005983,U0010048,2026-08-28,high,39,活跃频次下降
CHURN00005984,U0010050,2026-08-28,high,166,连续未登录
CHURN00005985,U0010051,2026-08-28,medium,14,连续未登录
CHURN00005986,U0010052,2026-08-28,medium,8,活跃频次下降
CHURN00005987,U0010053,2026-08-28,medium,24,连续未登录
CHURN00005988,U0010056,2026-08-28,high,173,观看时长下降
CHURN00005989,U0010057,2026-08-28,high,50,观看时长下降
CHURN00005990,U0010058,2026-08-28,medium,17,连续未登录
CHURN00005991,U0010059,2026-08-28,medium,16,连续未登录
CHURN00005992,U0010060,2026-08-28,high,54,活跃频次下降
CHURN00005993,U0010062,2026-08-28,high,88,连续未登录
CHURN00005994,U0010063,2026-08-28,medium,28,活跃频次下降
CHURN00005995,U0010064,2026-08-28,medium,22,观看时长下降
CHURN00005996,U0010065,2026-08-28,high,56,观看时长下降
CHURN00005997,U0010066,2026-08-28,medium,30,连续未登录
CHURN00005998,U0010068,2026-08-28,medium,12,连续未登录
CHURN00005999,U0010070,2026-08-28,medium,20,活跃频次下降
CHURN00006000,U0010071,2026-08-28,high,165,观看时长下降
CHURN00006001,U0010072,2026-08-28,high,34,连续未登录
CHURN00006002,U0010074,2026-08-28,high,50,连续未登录
CHURN00006003,U0010075,2026-08-28,medium,10,连续未登录
CHURN00006004,U0010077,2026-08-28,high,35,观看时长下降
CHURN00006005,U0010078,2026-08-28,high,127,连续未登录
CHURN00006006,U0010080,2026-08-28,high,145,连续未登录
CHURN00006007,U0010081,2026-08-28,high,106,活跃频次下降
CHURN00006008,U0010084,2026-08-28,medium,26,活跃频次下降
CHURN00006009,U0010085,2026-08-28,high,83,连续未登录
CHURN00006010,U0010086,2026-08-28,high,161,观看时长下降
CHURN00006011,U0010087,2026-08-28,medium,10,连续未登录
CHURN00006012,U0010088,2026-08-28,medium,12,连续未登录
CHURN00006013,U0010089,2026-08-28,high,89,连续未登录
CHURN00006014,U0010091,2026-08-28,medium,17,观看时长下降
CHURN00006015,U0010093,2026-08-28,high,32,连续未登录
CHURN00006016,U0010094,2026-08-28,high,73,连续未登录
CHURN00006017,U0010095,2026-08-28,medium,12,连续未登录
CHURN00006018,U0010100,2026-08-28,medium,19,活跃频次下降
CHURN00006019,U0010101,2026-08-28,high,170,观看时长下降
CHURN00006020,U0010102,2026-08-28,medium,15,观看时长下降
CHURN00006021,U0010103,2026-08-28,high,38,连续未登录
CHURN00006022,U0010104,2026-08-28,medium,15,活跃频次下降
CHURN00006023,U0010105,2026-08-28,high,118,连续未登录
CHURN00006024,U0010106,2026-08-28,high,92,连续未登录
CHURN00006025,U0010107,2026-08-28,high,110,连续未登录
CHURN00006026,U0010111,2026-08-28,medium,23,活跃频次下降
CHURN00006027,U0010114,2026-08-28,high,121,活跃频次下降
CHURN00006028,U0010115,2026-08-28,high,94,连续未登录
CHURN00006029,U0010118,2026-08-28,medium,11,活跃频次下降
CHURN00006030,U0010119,2026-08-28,high,132,连续未登录
CHURN00006031,U0010120,2026-08-28,high,90,连续未登录
CHURN00006032,U0010123,2026-08-28,high,55,连续未登录
CHURN00006033,U0010126,2026-08-28,medium,26,连续未登录
CHURN00006034,U0010127,2026-08-28,medium,13,连续未登录
CHURN00006035,U0010129,2026-08-28,medium,26,活跃频次下降
CHURN00006036,U0010131,2026-08-28,medium,8,连续未登录
CHURN00006037,U0010132,2026-08-28,medium,21,连续未登录
CHURN00006038,U0010133,2026-08-28,medium,14,观看时长下降
CHURN00006039,U0010135,2026-08-28,high,45,连续未登录
CHURN00006040,U0010136,2026-08-28,high,53,观看时长下降
CHURN00006041,U0010137,2026-08-28,medium,8,观看时长下降
CHURN00006042,U0010139,2026-08-28,high,65,活跃频次下降
CHURN00006043,U0010140,2026-08-28,medium,12,连续未登录
CHURN00006044,U0010143,2026-08-28,medium,15,连续未登录
CHURN00006045,U0010145,2026-08-28,medium,25,连续未登录
CHURN00006046,U0010147,2026-08-28,medium,8,观看时长下降
CHURN00006047,U0010149,2026-08-28,high,170,活跃频次下降
CHURN00006048,U0010150,2026-08-28,high,224,活跃频次下降
CHURN00006049,U0010155,2026-08-28,medium,15,连续未登录
CHURN00006050,U0010157,2026-08-28,medium,18,观看时长下降
CHURN00006051,U0010159,2026-08-28,medium,25,观看时长下降
CHURN00006052,U0010160,2026-08-28,medium,21,活跃频次下降
CHURN00006053,U0010161,2026-08-28,high,37,活跃频次下降
CHURN00006054,U0010164,2026-08-28,high,201,观看时长下降
CHURN00006055,U0010169,2026-08-28,high,96,连续未登录
CHURN00006056,U0010171,2026-08-28,medium,22,连续未登录
CHURN00006057,U0010174,2026-08-28,medium,30,连续未登录
CHURN00006058,U0010175,2026-08-28,medium,17,活跃频次下降
CHURN00006059,U0010179,2026-08-28,high,153,观看时长下降
CHURN00006060,U0010183,2026-08-28,high,89,观看时长下降
CHURN00006061,U0010184,2026-08-28,medium,9,活跃频次下降
CHURN00006062,U0010187,2026-08-28,high,112,连续未登录
CHURN00006063,U0010189,2026-08-28,high,81,活跃频次下降
CHURN00006064,U0010190,2026-08-28,medium,13,观看时长下降
CHURN00006065,U0010191,2026-08-28,high,41,活跃频次下降
CHURN00006066,U0010192,2026-08-28,high,182,连续未登录
CHURN00006067,U0010193,2026-08-28,high,62,观看时长下降
CHURN00006068,U0010195,2026-08-28,high,81,观看时长下降
CHURN00006069,U0010197,2026-08-28,medium,15,活跃频次下降
CHURN00006070,U0010198,2026-08-28,medium,19,观看时长下降
CHURN00006071,U0010199,2026-08-28,high,151,活跃频次下降
CHURN00006072,U0010201,2026-08-28,medium,25,观看时长下降
CHURN00006073,U0010202,2026-08-28,medium,12,观看时长下降
CHURN00006074,U0010210,2026-08-28,medium,12,连续未登录
CHURN00006075,U0010214,2026-08-28,medium,8,连续未登录
CHURN00006076,U0010216,2026-08-28,high,66,活跃频次下降
CHURN00006077,U0010219,2026-08-28,high,81,连续未登录
CHURN00006078,U0010220,2026-08-28,medium,15,连续未登录
CHURN00006079,U0010221,2026-08-28,high,40,观看时长下降
CHURN00006080,U0010223,2026-08-28,medium,30,连续未登录
CHURN00006081,U0010224,2026-08-28,medium,15,连续未登录
CHURN00006082,U0010225,2026-08-28,medium,8,观看时长下降
CHURN00006083,U0010226,2026-08-28,high,46,观看时长下降
CHURN00006084,U0010227,2026-08-28,medium,17,活跃频次下降
CHURN00006085,U0010228,2026-08-28,high,40,活跃频次下降
CHURN00006086,U0010229,2026-08-28,high,89,活跃频次下降
CHURN00006087,U0010230,2026-08-28,medium,25,观看时长下降
CHURN00006088,U0010232,2026-08-28,medium,8,连续未登录
CHURN00006089,U0010234,2026-08-28,medium,28,连续未登录
CHURN00006090,U0010237,2026-08-28,medium,14,活跃频次下降
CHURN00006091,U0010239,2026-08-28,high,44,连续未登录
CHURN00006092,U0010241,2026-08-28,medium,28,活跃频次下降
CHURN00006093,U0010245,2026-08-28,high,77,观看时长下降
CHURN00006094,U0010246,2026-08-28,medium,20,观看时长下降
CHURN00006095,U0010249,2026-08-28,medium,10,连续未登录
CHURN00006096,U0010250,2026-08-28,high,32,观看时长下降
CHURN00006097,U0010251,2026-08-28,medium,12,活跃频次下降
CHURN00006098,U0010253,2026-08-28,high,68,连续未登录
CHURN00006099,U0010254,2026-08-28,medium,8,活跃频次下降
CHURN00006100,U0010255,2026-08-28,medium,17,连续未登录
CHURN00006101,U0010256,2026-08-28,high,113,连续未登录
CHURN00006102,U0010259,2026-08-28,high,76,观看时长下降
CHURN00006103,U0010262,2026-08-28,medium,11,连续未登录
CHURN00006104,U0010263,2026-08-28,high,32,连续未登录
CHURN00006105,U0010265,2026-08-28,high,158,连续未登录
CHURN00006106,U0010266,2026-08-28,high,56,活跃频次下降
CHURN00006107,U0010268,2026-08-28,high,115,连续未登录
CHURN00006108,U0010269,2026-08-28,medium,14,活跃频次下降
CHURN00006109,U0010272,2026-08-28,medium,11,连续未登录
CHURN00006110,U0010273,2026-08-28,high,42,连续未登录
CHURN00006111,U0010274,2026-08-28,medium,10,活跃频次下降
CHURN00006112,U0010275,2026-08-28,medium,11,活跃频次下降
CHURN00006113,U0010276,2026-08-28,medium,28,连续未登录
CHURN00006114,U0010277,2026-08-28,medium,14,观看时长下降
CHURN00006115,U0010278,2026-08-28,medium,9,连续未登录
CHURN00006116,U0010280,2026-08-28,medium,11,连续未登录
CHURN00006117,U0010284,2026-08-28,medium,20,活跃频次下降
CHURN00006118,U0010286,2026-08-28,high,35,连续未登录
CHURN00006119,U0010288,2026-08-28,high,42,活跃频次下降
CHURN00006120,U0010289,2026-08-28,high,52,连续未登录
CHURN00006121,U0010290,2026-08-28,medium,15,观看时长下降
CHURN00006122,U0010291,2026-08-28,high,100,观看时长下降
CHURN00006123,U0010292,2026-08-28,high,36,活跃频次下降
CHURN00006124,U0010293,2026-08-28,medium,11,观看时长下降
CHURN00006125,U0010294,2026-08-28,medium,18,连续未登录
CHURN00006126,U0010295,2026-08-28,medium,30,连续未登录
CHURN00006127,U0010296,2026-08-28,medium,9,活跃频次下降
CHURN00006128,U0010297,2026-08-28,high,61,连续未登录
CHURN00006129,U0010301,2026-08-28,high,66,连续未登录
CHURN00006130,U0010302,2026-08-28,medium,18,活跃频次下降
CHURN00006131,U0010303,2026-08-28,high,87,连续未登录
CHURN00006132,U0010307,2026-08-28,medium,8,观看时长下降
CHURN00006133,U0010311,2026-08-28,medium,26,连续未登录
CHURN00006134,U0010312,2026-08-28,high,144,连续未登录
CHURN00006135,U0010313,2026-08-28,medium,18,活跃频次下降
CHURN00006136,U0010314,2026-08-28,medium,28,连续未登录
CHURN00006137,U0010315,2026-08-28,medium,13,连续未登录
CHURN00006138,U0010319,2026-08-28,high,70,活跃频次下降
CHURN00006139,U0010320,2026-08-28,medium,15,连续未登录
CHURN00006140,U0010322,2026-08-28,medium,13,活跃频次下降
CHURN00006141,U0010324,2026-08-28,medium,19,活跃频次下降
CHURN00006142,U0010327,2026-08-28,medium,26,观看时长下降
CHURN00006143,U0010328,2026-08-28,high,43,连续未登录
CHURN00006144,U0010330,2026-08-28,high,67,连续未登录
CHURN00006145,U0010332,2026-08-28,high,83,连续未登录
CHURN00006146,U0010333,2026-08-28,medium,14,活跃频次下降
CHURN00006147,U0010334,2026-08-28,high,49,观看时长下降
CHURN00006148,U0010336,2026-08-28,medium,11,活跃频次下降
CHURN00006149,U0010337,2026-08-28,medium,8,观看时长下降
CHURN00006150,U0010338,2026-08-28,medium,11,观看时长下降
CHURN00006151,U0010339,2026-08-28,high,148,连续未登录
CHURN00006152,U0010341,2026-08-28,high,56,活跃频次下降
CHURN00006153,U0010344,2026-08-28,medium,9,活跃频次下降
CHURN00006154,U0010346,2026-08-28,medium,12,活跃频次下降
CHURN00006155,U0010349,2026-08-28,medium,17,观看时长下降
CHURN00006156,U0010350,2026-08-28,medium,26,活跃频次下降
CHURN00006157,U0010351,2026-08-28,high,70,连续未登录
CHURN00006158,U0010353,2026-08-28,high,84,连续未登录
CHURN00006159,U0010355,2026-08-28,high,144,观看时长下降
CHURN00006160,U0010361,2026-08-28,high,62,活跃频次下降
CHURN00006161,U0010362,2026-08-28,medium,9,活跃频次下降
CHURN00006162,U0010365,2026-08-28,high,69,活跃频次下降
CHURN00006163,U0010366,2026-08-28,medium,10,连续未登录
CHURN00006164,U0010367,2026-08-28,high,31,连续未登录
CHURN00006165,U0010368,2026-08-28,medium,30,活跃频次下降
CHURN00006166,U0010369,2026-08-28,high,50,观看时长下降
CHURN00006167,U0010370,2026-08-28,medium,30,观看时长下降
CHURN00006168,U0010373,2026-08-28,high,87,活跃频次下降
CHURN00006169,U0010374,2026-08-28,medium,13,连续未登录
CHURN00006170,U0010375,2026-08-28,medium,13,连续未登录
CHURN00006171,U0010376,2026-08-28,high,65,连续未登录
CHURN00006172,U0010377,2026-08-28,medium,22,连续未登录
CHURN00006173,U0010378,2026-08-28,medium,9,观看时长下降
CHURN00006174,U0010379,2026-08-28,medium,21,观看时长下降
CHURN00006175,U0010380,2026-08-28,medium,8,活跃频次下降
CHURN00006176,U0010381,2026-08-28,medium,15,连续未登录
CHURN00006177,U0010382,2026-08-28,medium,10,活跃频次下降
CHURN00006178,U0010383,2026-08-28,medium,20,活跃频次下降
CHURN00006179,U0010388,2026-08-28,high,39,观看时长下降
CHURN00006180,U0010390,2026-08-28,high,36,连续未登录
CHURN00006181,U0010392,2026-08-28,medium,8,观看时长下降
CHURN00006182,U0010393,2026-08-28,medium,8,连续未登录
CHURN00006183,U0010395,2026-08-28,high,42,连续未登录
CHURN00006184,U0010396,2026-08-28,high,85,连续未登录
CHURN00006185,U0010398,2026-08-28,high,128,观看时长下降
CHURN00006186,U0010400,2026-08-28,high,32,连续未登录
CHURN00006187,U0010401,2026-08-28,high,180,连续未登录
CHURN00006188,U0010406,2026-08-28,medium,24,观看时长下降
CHURN00006189,U0010408,2026-08-28,medium,21,活跃频次下降
CHURN00006190,U0010412,2026-08-28,high,36,观看时长下降
CHURN00006191,U0010414,2026-08-28,high,35,连续未登录
CHURN00006192,U0010415,2026-08-28,medium,23,活跃频次下降
CHURN00006193,U0010416,2026-08-28,medium,28,活跃频次下降
CHURN00006194,U0010419,2026-08-28,medium,17,活跃频次下降
CHURN00006195,U0010420,2026-08-28,medium,9,连续未登录
CHURN00006196,U0010422,2026-08-28,medium,9,活跃频次下降
CHURN00006197,U0010423,2026-08-28,medium,15,连续未登录
CHURN00006198,U0010425,2026-08-28,high,35,观看时长下降
CHURN00006199,U0010426,2026-08-28,medium,10,活跃频次下降
CHURN00006200,U0010427,2026-08-28,high,128,连续未登录
CHURN00006201,U0010429,2026-08-28,high,31,连续未登录
CHURN00006202,U0010430,2026-08-28,medium,22,连续未登录
CHURN00006203,U0010432,2026-08-28,high,131,连续未登录
CHURN00006204,U0010433,2026-08-28,high,100,连续未登录
CHURN00006205,U0010434,2026-08-28,high,104,活跃频次下降
CHURN00006206,U0010435,2026-08-28,medium,23,活跃频次下降
CHURN00006207,U0010437,2026-08-28,high,46,观看时长下降
CHURN00006208,U0010438,2026-08-28,high,186,观看时长下降
CHURN00006209,U0010441,2026-08-28,medium,14,连续未登录
CHURN00006210,U0010443,2026-08-28,high,182,连续未登录
CHURN00006211,U0010445,2026-08-28,medium,8,连续未登录
CHURN00006212,U0010446,2026-08-28,medium,14,连续未登录
CHURN00006213,U0010450,2026-08-28,high,183,连续未登录
CHURN00006214,U0010453,2026-08-28,medium,17,观看时长下降
CHURN00006215,U0010455,2026-08-28,high,104,连续未登录
CHURN00006216,U0010456,2026-08-28,high,217,活跃频次下降
CHURN00006217,U0010457,2026-08-28,medium,17,连续未登录
CHURN00006218,U0010459,2026-08-28,medium,18,观看时长下降
CHURN00006219,U0010460,2026-08-28,medium,8,连续未登录
CHURN00006220,U0010461,2026-08-28,high,103,观看时长下降
CHURN00006221,U0010462,2026-08-28,medium,19,连续未登录
CHURN00006222,U0010467,2026-08-28,medium,11,连续未登录
CHURN00006223,U0010469,2026-08-28,medium,14,活跃频次下降
CHURN00006224,U0010472,2026-08-28,medium,16,活跃频次下降
CHURN00006225,U0010474,2026-08-28,high,122,观看时长下降
CHURN00006226,U0010477,2026-08-28,high,32,连续未登录
CHURN00006227,U0010478,2026-08-28,medium,21,连续未登录
CHURN00006228,U0010479,2026-08-28,medium,23,连续未登录
CHURN00006229,U0010480,2026-08-28,medium,20,活跃频次下降
CHURN00006230,U0010481,2026-08-28,medium,23,连续未登录
CHURN00006231,U0010484,2026-08-28,high,44,连续未登录
CHURN00006232,U0010485,2026-08-28,high,36,活跃频次下降
CHURN00006233,U0010486,2026-08-28,high,56,观看时长下降
CHURN00006234,U0010489,2026-08-28,high,59,连续未登录
CHURN00006235,U0010494,2026-08-28,medium,8,连续未登录
CHURN00006236,U0010495,2026-08-28,medium,12,活跃频次下降
CHURN00006237,U0010498,2026-08-28,high,69,活跃频次下降
CHURN00006238,U0010501,2026-08-28,medium,11,活跃频次下降
CHURN00006239,U0010502,2026-08-28,medium,19,连续未登录
CHURN00006240,U0010503,2026-08-28,medium,21,观看时长下降
CHURN00006241,U0010504,2026-08-28,high,231,活跃频次下降
CHURN00006242,U0010506,2026-08-28,high,149,活跃频次下降
CHURN00006243,U0010507,2026-08-28,high,53,连续未登录
CHURN00006244,U0010508,2026-08-28,high,56,活跃频次下降
CHURN00006245,U0010509,2026-08-28,high,83,观看时长下降
CHURN00006246,U0010511,2026-08-28,medium,19,活跃频次下降
CHURN00006247,U0010512,2026-08-28,high,71,活跃频次下降
CHURN00006248,U0010513,2026-08-28,medium,11,连续未登录
CHURN00006249,U0010514,2026-08-28,high,175,连续未登录
CHURN00006250,U0010516,2026-08-28,medium,11,活跃频次下降
CHURN00006251,U0010517,2026-08-28,medium,17,观看时长下降
CHURN00006252,U0010519,2026-08-28,medium,19,活跃频次下降
CHURN00006253,U0010520,2026-08-28,medium,22,连续未登录
CHURN00006254,U0010522,2026-08-28,medium,15,观看时长下降
CHURN00006255,U0010523,2026-08-28,medium,24,活跃频次下降
CHURN00006256,U0010525,2026-08-28,medium,19,连续未登录
CHURN00006257,U0010526,2026-08-28,medium,24,观看时长下降
CHURN00006258,U0010527,2026-08-28,medium,25,连续未登录
CHURN00006259,U0010528,2026-08-28,high,41,观看时长下降
CHURN00006260,U0010531,2026-08-28,high,143,观看时长下降
CHURN00006261,U0010532,2026-08-28,medium,15,活跃频次下降
CHURN00006262,U0010533,2026-08-28,high,42,观看时长下降
CHURN00006263,U0010534,2026-08-28,medium,18,连续未登录
CHURN00006264,U0010540,2026-08-28,high,162,连续未登录
CHURN00006265,U0010541,2026-08-28,high,147,连续未登录
CHURN00006266,U0010543,2026-08-28,medium,21,连续未登录
CHURN00006267,U0010544,2026-08-28,medium,9,活跃频次下降
CHURN00006268,U0010545,2026-08-28,medium,14,观看时长下降
CHURN00006269,U0010546,2026-08-28,medium,12,连续未登录
CHURN00006270,U0010547,2026-08-28,high,206,连续未登录
CHURN00006271,U0010548,2026-08-28,medium,21,连续未登录
CHURN00006272,U0010550,2026-08-28,medium,10,连续未登录
CHURN00006273,U0010551,2026-08-28,medium,15,活跃频次下降
CHURN00006274,U0010554,2026-08-28,high,95,连续未登录
CHURN00006275,U0010555,2026-08-28,medium,14,连续未登录
CHURN00006276,U0010557,2026-08-28,medium,8,活跃频次下降
CHURN00006277,U0010558,2026-08-28,medium,23,连续未登录
CHURN00006278,U0010559,2026-08-28,medium,16,连续未登录
CHURN00006279,U0010560,2026-08-28,medium,20,连续未登录
CHURN00006280,U0010564,2026-08-28,medium,13,活跃频次下降
CHURN00006281,U0010565,2026-08-28,high,162,活跃频次下降
CHURN00006282,U0010567,2026-08-28,high,101,活跃频次下降
CHURN00006283,U0010571,2026-08-28,high,77,连续未登录
CHURN00006284,U0010572,2026-08-28,medium,13,观看时长下降
CHURN00006285,U0010573,2026-08-28,medium,13,观看时长下降
CHURN00006286,U0010574,2026-08-28,medium,13,连续未登录
CHURN00006287,U0010575,2026-08-28,medium,9,连续未登录
CHURN00006288,U0010576,2026-08-28,high,70,连续未登录
CHURN00006289,U0010577,2026-08-28,high,48,活跃频次下降
CHURN00006290,U0010578,2026-08-28,high,126,活跃频次下降
CHURN00006291,U0010581,2026-08-28,high,36,观看时长下降
CHURN00006292,U0010582,2026-08-28,medium,16,观看时长下降
CHURN00006293,U0010583,2026-08-28,medium,16,连续未登录
CHURN00006294,U0010584,2026-08-28,medium,8,连续未登录
CHURN00006295,U0010585,2026-08-28,high,98,观看时长下降
CHURN00006296,U0010586,2026-08-28,medium,11,连续未登录
CHURN00006297,U0010587,2026-08-28,high,32,观看时长下降
CHURN00006298,U0010588,2026-08-28,medium,22,活跃频次下降
CHURN00006299,U0010589,2026-08-28,medium,12,观看时长下降
CHURN00006300,U0010590,2026-08-28,high,46,连续未登录
CHURN00006301,U0010592,2026-08-28,medium,20,连续未登录
CHURN00006302,U0010593,2026-08-28,high,36,活跃频次下降
CHURN00006303,U0010594,2026-08-28,medium,9,连续未登录
CHURN00006304,U0010595,2026-08-28,high,131,活跃频次下降
CHURN00006305,U0010596,2026-08-28,medium,8,活跃频次下降
CHURN00006306,U0010597,2026-08-28,medium,20,连续未登录
CHURN00006307,U0010598,2026-08-28,high,85,活跃频次下降
CHURN00006308,U0010599,2026-08-28,high,47,活跃频次下降
CHURN00006309,U0010602,2026-08-28,high,31,连续未登录
CHURN00006310,U0010603,2026-08-28,medium,8,连续未登录
CHURN00006311,U0010605,2026-08-28,high,144,活跃频次下降
CHURN00006312,U0010609,2026-08-28,high,168,观看时长下降
CHURN00006313,U0010610,2026-08-28,medium,25,连续未登录
CHURN00006314,U0010611,2026-08-28,medium,9,观看时长下降
CHURN00006315,U0010612,2026-08-28,medium,16,连续未登录
CHURN00006316,U0010614,2026-08-28,high,128,连续未登录
CHURN00006317,U0010615,2026-08-28,high,97,连续未登录
CHURN00006318,U0010616,2026-08-28,high,47,活跃频次下降
CHURN00006319,U0010617,2026-08-28,high,49,连续未登录
CHURN00006320,U0010618,2026-08-28,medium,8,连续未登录
CHURN00006321,U0010621,2026-08-28,high,110,连续未登录
CHURN00006322,U0010622,2026-08-28,high,49,观看时长下降
CHURN00006323,U0010624,2026-08-28,high,158,观看时长下降
CHURN00006324,U0010625,2026-08-28,high,55,连续未登录
CHURN00006325,U0010627,2026-08-28,high,80,活跃频次下降
CHURN00006326,U0010628,2026-08-28,medium,25,观看时长下降
CHURN00006327,U0010631,2026-08-28,medium,12,活跃频次下降
CHURN00006328,U0010632,2026-08-28,high,61,连续未登录
CHURN00006329,U0010633,2026-08-28,medium,24,活跃频次下降
CHURN00006330,U0010634,2026-08-28,medium,18,观看时长下降
CHURN00006331,U0010636,2026-08-28,medium,16,活跃频次下降
CHURN00006332,U0010637,2026-08-28,medium,25,连续未登录
CHURN00006333,U0010638,2026-08-28,high,63,连续未登录
CHURN00006334,U0010639,2026-08-28,high,31,活跃频次下降
CHURN00006335,U0010642,2026-08-28,high,63,连续未登录
CHURN00006336,U0010643,2026-08-28,high,181,连续未登录
CHURN00006337,U0010644,2026-08-28,medium,21,连续未登录
CHURN00006338,U0010646,2026-08-28,medium,16,活跃频次下降
CHURN00006339,U0010647,2026-08-28,high,38,连续未登录
CHURN00006340,U0010649,2026-08-28,medium,29,活跃频次下降
CHURN00006341,U0010651,2026-08-28,high,53,连续未登录
CHURN00006342,U0010653,2026-08-28,high,32,连续未登录
CHURN00006343,U0010654,2026-08-28,high,77,连续未登录
CHURN00006344,U0010655,2026-08-28,high,182,连续未登录
CHURN00006345,U0010656,2026-08-28,high,104,活跃频次下降
CHURN00006346,U0010657,2026-08-28,medium,15,连续未登录
CHURN00006347,U0010658,2026-08-28,high,74,活跃频次下降
CHURN00006348,U0010660,2026-08-28,high,36,活跃频次下降
CHURN00006349,U0010662,2026-08-28,medium,14,活跃频次下降
CHURN00006350,U0010665,2026-08-28,medium,21,连续未登录
CHURN00006351,U0010667,2026-08-28,high,167,观看时长下降
CHURN00006352,U0010668,2026-08-28,high,45,连续未登录
CHURN00006353,U0010669,2026-08-28,high,37,观看时长下降
CHURN00006354,U0010670,2026-08-28,medium,29,活跃频次下降
CHURN00006355,U0010671,2026-08-28,high,165,活跃频次下降
CHURN00006356,U0010672,2026-08-28,high,43,连续未登录
CHURN00006357,U0010673,2026-08-28,medium,9,观看时长下降
CHURN00006358,U0010675,2026-08-28,medium,10,活跃频次下降
CHURN00006359,U0010678,2026-08-28,high,42,活跃频次下降
CHURN00006360,U0010682,2026-08-28,medium,8,观看时长下降
CHURN00006361,U0010683,2026-08-28,medium,14,活跃频次下降
CHURN00006362,U0010685,2026-08-28,medium,27,活跃频次下降
CHURN00006363,U0010687,2026-08-28,medium,13,连续未登录
CHURN00006364,U0010688,2026-08-28,high,141,活跃频次下降
CHURN00006365,U0010689,2026-08-28,medium,18,连续未登录
CHURN00006366,U0010691,2026-08-28,medium,12,活跃频次下降
CHURN00006367,U0010693,2026-08-28,high,52,活跃频次下降
CHURN00006368,U0010694,2026-08-28,medium,19,观看时长下降
CHURN00006369,U0010695,2026-08-28,medium,10,观看时长下降
CHURN00006370,U0010697,2026-08-28,high,98,活跃频次下降
CHURN00006371,U0010698,2026-08-28,medium,27,观看时长下降
CHURN00006372,U0010700,2026-08-28,medium,23,活跃频次下降
CHURN00006373,U0010701,2026-08-28,high,230,活跃频次下降
CHURN00006374,U0010702,2026-08-28,high,51,活跃频次下降
CHURN00006375,U0010703,2026-08-28,medium,16,连续未登录
CHURN00006376,U0010704,2026-08-28,high,71,活跃频次下降
CHURN00006377,U0010708,2026-08-28,medium,23,连续未登录
CHURN00006378,U0010709,2026-08-28,medium,30,连续未登录
CHURN00006379,U0010710,2026-08-28,medium,10,连续未登录
CHURN00006380,U0010711,2026-08-28,medium,23,活跃频次下降
CHURN00006381,U0010713,2026-08-28,medium,20,连续未登录
CHURN00006382,U0010717,2026-08-28,medium,8,连续未登录
CHURN00006383,U0010719,2026-08-28,high,71,活跃频次下降
CHURN00006384,U0010720,2026-08-28,high,132,连续未登录
CHURN00006385,U0010721,2026-08-28,high,31,活跃频次下降
CHURN00006386,U0010722,2026-08-28,high,62,连续未登录
CHURN00006387,U0010723,2026-08-28,high,225,活跃频次下降
CHURN00006388,U0010725,2026-08-28,high,84,连续未登录
CHURN00006389,U0010726,2026-08-28,medium,12,活跃频次下降
CHURN00006390,U0010728,2026-08-28,high,77,活跃频次下降
CHURN00006391,U0010730,2026-08-28,high,75,连续未登录
CHURN00006392,U0010731,2026-08-28,high,76,连续未登录
CHURN00006393,U0010732,2026-08-28,high,54,连续未登录
CHURN00006394,U0010733,2026-08-28,high,33,连续未登录
CHURN00006395,U0010734,2026-08-28,medium,24,活跃频次下降
CHURN00006396,U0010741,2026-08-28,high,62,活跃频次下降
CHURN00006397,U0010742,2026-08-28,high,35,连续未登录
CHURN00006398,U0010744,2026-08-28,medium,29,活跃频次下降
CHURN00006399,U0010746,2026-08-28,high,42,连续未登录
CHURN00006400,U0010747,2026-08-28,high,56,连续未登录
CHURN00006401,U0010748,2026-08-28,medium,19,连续未登录
CHURN00006402,U0010749,2026-08-28,high,185,观看时长下降
CHURN00006403,U0010751,2026-08-28,medium,13,观看时长下降
CHURN00006404,U0010752,2026-08-28,high,61,连续未登录
CHURN00006405,U0010755,2026-08-28,high,97,观看时长下降
CHURN00006406,U0010756,2026-08-28,high,43,观看时长下降
CHURN00006407,U0010757,2026-08-28,medium,9,活跃频次下降
CHURN00006408,U0010760,2026-08-28,medium,8,连续未登录
CHURN00006409,U0010761,2026-08-28,medium,12,活跃频次下降
CHURN00006410,U0010762,2026-08-28,medium,24,观看时长下降
CHURN00006411,U0010764,2026-08-28,medium,10,观看时长下降
CHURN00006412,U0010765,2026-08-28,medium,16,观看时长下降
CHURN00006413,U0010766,2026-08-28,medium,30,连续未登录
CHURN00006414,U0010769,2026-08-28,medium,12,观看时长下降
CHURN00006415,U0010771,2026-08-28,medium,8,连续未登录
CHURN00006416,U0010773,2026-08-28,medium,21,连续未登录
CHURN00006417,U0010776,2026-08-28,high,45,活跃频次下降
CHURN00006418,U0010777,2026-08-28,high,149,活跃频次下降
CHURN00006419,U0010778,2026-08-28,medium,12,观看时长下降
CHURN00006420,U0010781,2026-08-28,high,63,观看时长下降
CHURN00006421,U0010782,2026-08-28,medium,19,观看时长下降
CHURN00006422,U0010783,2026-08-28,medium,28,连续未登录
CHURN00006423,U0010785,2026-08-28,medium,29,连续未登录
CHURN00006424,U0010788,2026-08-28,high,43,活跃频次下降
CHURN00006425,U0010791,2026-08-28,medium,21,连续未登录
CHURN00006426,U0010792,2026-08-28,high,122,观看时长下降
CHURN00006427,U0010794,2026-08-28,medium,15,活跃频次下降
CHURN00006428,U0010795,2026-08-28,high,72,连续未登录
CHURN00006429,U0010796,2026-08-28,medium,8,观看时长下降
CHURN00006430,U0010797,2026-08-28,medium,15,观看时长下降
CHURN00006431,U0010798,2026-08-28,high,34,活跃频次下降
CHURN00006432,U0010799,2026-08-28,medium,10,观看时长下降
CHURN00006433,U0010800,2026-08-28,high,77,连续未登录
CHURN00006434,U0010801,2026-08-28,high,164,连续未登录
CHURN00006435,U0010805,2026-08-28,high,53,活跃频次下降
CHURN00006436,U0010806,2026-08-28,medium,21,活跃频次下降
CHURN00006437,U0010807,2026-08-28,high,40,活跃频次下降
CHURN00006438,U0010809,2026-08-28,medium,10,连续未登录
CHURN00006439,U0010811,2026-08-28,high,54,连续未登录
CHURN00006440,U0010812,2026-08-28,high,34,连续未登录
CHURN00006441,U0010813,2026-08-28,high,61,连续未登录
CHURN00006442,U0010814,2026-08-28,medium,9,活跃频次下降
CHURN00006443,U0010819,2026-08-28,high,37,连续未登录
CHURN00006444,U0010821,2026-08-28,high,69,连续未登录
CHURN00006445,U0010822,2026-08-28,medium,8,活跃频次下降
CHURN00006446,U0010825,2026-08-28,high,62,观看时长下降
CHURN00006447,U0010826,2026-08-28,high,155,连续未登录
CHURN00006448,U0010828,2026-08-28,high,59,连续未登录
CHURN00006449,U0010829,2026-08-28,medium,16,活跃频次下降
CHURN00006450,U0010830,2026-08-28,high,57,活跃频次下降
CHURN00006451,U0010831,2026-08-28,high,35,连续未登录
CHURN00006452,U0010832,2026-08-28,medium,18,连续未登录
CHURN00006453,U0010833,2026-08-28,high,40,活跃频次下降
CHURN00006454,U0010835,2026-08-28,high,43,连续未登录
CHURN00006455,U0010836,2026-08-28,high,137,活跃频次下降
CHURN00006456,U0010837,2026-08-28,medium,30,连续未登录
CHURN00006457,U0010838,2026-08-28,high,89,连续未登录
CHURN00006458,U0010840,2026-08-28,medium,11,活跃频次下降
CHURN00006459,U0010841,2026-08-28,medium,9,连续未登录
CHURN00006460,U0010842,2026-08-28,high,76,连续未登录
CHURN00006461,U0010843,2026-08-28,high,89,活跃频次下降
CHURN00006462,U0010844,2026-08-28,medium,16,连续未登录
CHURN00006463,U0010848,2026-08-28,medium,9,活跃频次下降
CHURN00006464,U0010850,2026-08-28,high,45,观看时长下降
CHURN00006465,U0010852,2026-08-28,high,51,连续未登录
CHURN00006466,U0010853,2026-08-28,medium,11,连续未登录
CHURN00006467,U0010854,2026-08-28,high,80,活跃频次下降
CHURN00006468,U0010855,2026-08-28,medium,27,连续未登录
CHURN00006469,U0010857,2026-08-28,medium,11,连续未登录
CHURN00006470,U0010859,2026-08-28,high,158,活跃频次下降
CHURN00006471,U0010862,2026-08-28,medium,28,连续未登录
CHURN00006472,U0010863,2026-08-28,high,50,观看时长下降
CHURN00006473,U0010864,2026-08-28,medium,11,活跃频次下降
CHURN00006474,U0010865,2026-08-28,medium,9,连续未登录
CHURN00006475,U0010866,2026-08-28,high,41,活跃频次下降
CHURN00006476,U0010869,2026-08-28,medium,23,连续未登录
CHURN00006477,U0010873,2026-08-28,high,31,观看时长下降
CHURN00006478,U0010874,2026-08-28,medium,8,连续未登录
CHURN00006479,U0010876,2026-08-28,high,75,观看时长下降
CHURN00006480,U0010877,2026-08-28,high,43,连续未登录
CHURN00006481,U0010878,2026-08-28,medium,18,观看时长下降
CHURN00006482,U0010880,2026-08-28,high,53,连续未登录
CHURN00006483,U0010881,2026-08-28,medium,17,连续未登录
CHURN00006484,U0010882,2026-08-28,high,84,活跃频次下降
CHURN00006485,U0010884,2026-08-28,high,45,活跃频次下降
CHURN00006486,U0010887,2026-08-28,high,64,观看时长下降
CHURN00006487,U0010888,2026-08-28,high,64,观看时长下降
CHURN00006488,U0010890,2026-08-28,medium,8,活跃频次下降
CHURN00006489,U0010891,2026-08-28,medium,16,连续未登录
CHURN00006490,U0010892,2026-08-28,high,68,活跃频次下降
CHURN00006491,U0010895,2026-08-28,high,33,观看时长下降
CHURN00006492,U0010896,2026-08-28,high,86,连续未登录
CHURN00006493,U0010898,2026-08-28,medium,27,观看时长下降
CHURN00006494,U0010899,2026-08-28,high,92,活跃频次下降
CHURN00006495,U0010904,2026-08-28,medium,18,活跃频次下降
CHURN00006496,U0010906,2026-08-28,high,183,连续未登录
CHURN00006497,U0010909,2026-08-28,high,31,活跃频次下降
CHURN00006498,U0010910,2026-08-28,medium,8,连续未登录
CHURN00006499,U0010911,2026-08-28,medium,23,观看时长下降
CHURN00006500,U0010912,2026-08-28,medium,16,观看时长下降
CHURN00006501,U0010913,2026-08-28,high,41,连续未登录
CHURN00006502,U0010915,2026-08-28,high,36,连续未登录
CHURN00006503,U0010916,2026-08-28,medium,17,连续未登录
CHURN00006504,U0010917,2026-08-28,high,65,活跃频次下降
CHURN00006505,U0010919,2026-08-28,high,52,活跃频次下降
CHURN00006506,U0010921,2026-08-28,medium,28,活跃频次下降
CHURN00006507,U0010926,2026-08-28,medium,8,活跃频次下降
CHURN00006508,U0010928,2026-08-28,high,48,观看时长下降
CHURN00006509,U0010931,2026-08-28,high,46,连续未登录
CHURN00006510,U0010932,2026-08-28,medium,10,活跃频次下降
CHURN00006511,U0010933,2026-08-28,high,85,观看时长下降
CHURN00006512,U0010934,2026-08-28,high,64,观看时长下降
CHURN00006513,U0010937,2026-08-28,high,152,观看时长下降
CHURN00006514,U0010940,2026-08-28,high,57,观看时长下降
CHURN00006515,U0010941,2026-08-28,high,87,观看时长下降
CHURN00006516,U0010942,2026-08-28,medium,8,观看时长下降
CHURN00006517,U0010943,2026-08-28,medium,9,观看时长下降
CHURN00006518,U0010946,2026-08-28,high,198,连续未登录
CHURN00006519,U0010947,2026-08-28,high,158,连续未登录
CHURN00006520,U0010949,2026-08-28,high,229,活跃频次下降
CHURN00006521,U0010951,2026-08-28,medium,28,观看时长下降
CHURN00006522,U0010952,2026-08-28,medium,30,连续未登录
CHURN00006523,U0010955,2026-08-28,medium,16,连续未登录
CHURN00006524,U0010957,2026-08-28,high,59,观看时长下降
CHURN00006525,U0010958,2026-08-28,high,35,活跃频次下降
CHURN00006526,U0010960,2026-08-28,medium,19,观看时长下降
CHURN00006527,U0010961,2026-08-28,medium,27,活跃频次下降
CHURN00006528,U0010962,2026-08-28,high,52,连续未登录
CHURN00006529,U0010963,2026-08-28,medium,11,连续未登录
CHURN00006530,U0010964,2026-08-28,medium,9,观看时长下降
CHURN00006531,U0010966,2026-08-28,high,81,观看时长下降
CHURN00006532,U0010969,2026-08-28,medium,11,连续未登录
CHURN00006533,U0010970,2026-08-28,high,151,连续未登录
CHURN00006534,U0010972,2026-08-28,high,37,观看时长下降
CHURN00006535,U0010973,2026-08-28,high,57,观看时长下降
CHURN00006536,U0010974,2026-08-28,high,67,观看时长下降
CHURN00006537,U0010975,2026-08-28,medium,18,观看时长下降
CHURN00006538,U0010976,2026-08-28,medium,21,活跃频次下降
CHURN00006539,U0010980,2026-08-28,high,143,连续未登录
CHURN00006540,U0010982,2026-08-28,medium,26,连续未登录
CHURN00006541,U0010983,2026-08-28,high,80,连续未登录
CHURN00006542,U0010984,2026-08-28,high,45,连续未登录
CHURN00006543,U0010985,2026-08-28,medium,17,活跃频次下降
CHURN00006544,U0010986,2026-08-28,high,80,活跃频次下降
CHURN00006545,U0010987,2026-08-28,high,55,连续未登录
CHURN00006546,U0010989,2026-08-28,medium,8,活跃频次下降
CHURN00006547,U0010990,2026-08-28,medium,22,连续未登录
CHURN00006548,U0010991,2026-08-28,medium,11,连续未登录
CHURN00006549,U0010992,2026-08-28,medium,21,连续未登录
CHURN00006550,U0010994,2026-08-28,high,50,活跃频次下降
CHURN00006551,U0010995,2026-08-28,medium,28,活跃频次下降
CHURN00006552,U0010996,2026-08-28,medium,22,观看时长下降
CHURN00006553,U0010997,2026-08-28,medium,21,观看时长下降
CHURN00006554,U0010999,2026-08-28,high,68,连续未登录
CHURN00006555,U0011000,2026-08-28,high,44,观看时长下降
CHURN00006556,U0011002,2026-08-28,medium,25,连续未登录
CHURN00006557,U0011003,2026-08-28,medium,8,连续未登录
CHURN00006558,U0011007,2026-08-28,medium,19,观看时长下降
CHURN00006559,U0011008,2026-08-28,medium,8,连续未登录
CHURN00006560,U0011009,2026-08-28,high,67,观看时长下降
CHURN00006561,U0011010,2026-08-28,medium,11,活跃频次下降
CHURN00006562,U0011011,2026-08-28,high,44,连续未登录
CHURN00006563,U0011012,2026-08-28,medium,8,观看时长下降
CHURN00006564,U0011013,2026-08-28,high,150,观看时长下降
CHURN00006565,U0011014,2026-08-28,high,59,活跃频次下降
CHURN00006566,U0011015,2026-08-28,medium,10,活跃频次下降
CHURN00006567,U0011016,2026-08-28,high,75,活跃频次下降
CHURN00006568,U0011017,2026-08-28,medium,16,活跃频次下降
CHURN00006569,U0011018,2026-08-28,high,72,活跃频次下降
CHURN00006570,U0011021,2026-08-28,high,50,连续未登录
CHURN00006571,U0011022,2026-08-28,high,40,连续未登录
CHURN00006572,U0011025,2026-08-28,high,58,活跃频次下降
CHURN00006573,U0011026,2026-08-28,medium,22,活跃频次下降
CHURN00006574,U0011028,2026-08-28,high,36,连续未登录
CHURN00006575,U0011029,2026-08-28,medium,8,活跃频次下降
CHURN00006576,U0011030,2026-08-28,high,36,观看时长下降
CHURN00006577,U0011031,2026-08-28,medium,20,活跃频次下降
CHURN00006578,U0011033,2026-08-28,high,190,活跃频次下降
CHURN00006579,U0011034,2026-08-28,high,34,连续未登录
CHURN00006580,U0011036,2026-08-28,medium,22,连续未登录
CHURN00006581,U0011038,2026-08-28,medium,21,连续未登录
CHURN00006582,U0011039,2026-08-28,medium,10,活跃频次下降
CHURN00006583,U0011042,2026-08-28,high,180,连续未登录
CHURN00006584,U0011044,2026-08-28,high,61,活跃频次下降
CHURN00006585,U0011045,2026-08-28,medium,8,连续未登录
CHURN00006586,U0011046,2026-08-28,medium,27,活跃频次下降
CHURN00006587,U0011048,2026-08-28,medium,10,连续未登录
CHURN00006588,U0011049,2026-08-28,medium,23,连续未登录
CHURN00006589,U0011050,2026-08-28,medium,12,连续未登录
CHURN00006590,U0011051,2026-08-28,medium,12,连续未登录
CHURN00006591,U0011052,2026-08-28,high,41,观看时长下降
CHURN00006592,U0011053,2026-08-28,medium,27,连续未登录
CHURN00006593,U0011055,2026-08-28,medium,24,活跃频次下降
CHURN00006594,U0011057,2026-08-28,medium,9,连续未登录
CHURN00006595,U0011058,2026-08-28,medium,9,连续未登录
CHURN00006596,U0011059,2026-08-28,medium,17,活跃频次下降
CHURN00006597,U0011061,2026-08-28,high,82,连续未登录
CHURN00006598,U0011062,2026-08-28,high,130,连续未登录
CHURN00006599,U0011066,2026-08-28,medium,17,连续未登录
CHURN00006600,U0011068,2026-08-28,medium,10,活跃频次下降
CHURN00006601,U0011069,2026-08-28,medium,15,观看时长下降
CHURN00006602,U0011072,2026-08-28,high,81,活跃频次下降
CHURN00006603,U0011073,2026-08-28,high,49,观看时长下降
CHURN00006604,U0011074,2026-08-28,medium,15,观看时长下降
CHURN00006605,U0011075,2026-08-28,high,105,连续未登录
CHURN00006606,U0011076,2026-08-28,medium,22,连续未登录
CHURN00006607,U0011077,2026-08-28,medium,14,活跃频次下降
CHURN00006608,U0011081,2026-08-28,high,60,连续未登录
CHURN00006609,U0011082,2026-08-28,high,174,观看时长下降
CHURN00006610,U0011083,2026-08-28,medium,10,活跃频次下降
CHURN00006611,U0011085,2026-08-28,medium,8,连续未登录
CHURN00006612,U0011086,2026-08-28,high,38,连续未登录
CHURN00006613,U0011087,2026-08-28,medium,28,活跃频次下降
CHURN00006614,U0011088,2026-08-28,medium,22,观看时长下降
CHURN00006615,U0011091,2026-08-28,medium,24,活跃频次下降
CHURN00006616,U0011092,2026-08-28,medium,14,观看时长下降
CHURN00006617,U0011093,2026-08-28,high,156,活跃频次下降
CHURN00006618,U0011095,2026-08-28,high,66,连续未登录
CHURN00006619,U0011096,2026-08-28,medium,8,观看时长下降
CHURN00006620,U0011099,2026-08-28,medium,29,连续未登录
CHURN00006621,U0011100,2026-08-28,high,40,连续未登录
CHURN00006622,U0011101,2026-08-28,high,31,连续未登录
CHURN00006623,U0011105,2026-08-28,high,140,连续未登录
CHURN00006624,U0011106,2026-08-28,high,57,连续未登录
CHURN00006625,U0011107,2026-08-28,high,99,连续未登录
CHURN00006626,U0011110,2026-08-28,high,129,活跃频次下降
CHURN00006627,U0011112,2026-08-28,high,69,连续未登录
CHURN00006628,U0011115,2026-08-28,medium,15,活跃频次下降
CHURN00006629,U0011117,2026-08-28,medium,16,活跃频次下降
CHURN00006630,U0011118,2026-08-28,high,183,连续未登录
CHURN00006631,U0011120,2026-08-28,medium,11,连续未登录
CHURN00006632,U0011122,2026-08-28,medium,15,观看时长下降
CHURN00006633,U0011123,2026-08-28,medium,26,观看时长下降
CHURN00006634,U0011124,2026-08-28,medium,12,活跃频次下降
CHURN00006635,U0011126,2026-08-28,high,33,连续未登录
CHURN00006636,U0011127,2026-08-28,high,68,连续未登录
CHURN00006637,U0011128,2026-08-28,high,38,观看时长下降
CHURN00006638,U0011129,2026-08-28,medium,10,连续未登录
CHURN00006639,U0011131,2026-08-28,medium,9,连续未登录
CHURN00006640,U0011132,2026-08-28,medium,19,活跃频次下降
CHURN00006641,U0011134,2026-08-28,medium,23,连续未登录
CHURN00006642,U0011138,2026-08-28,high,104,活跃频次下降
CHURN00006643,U0011139,2026-08-28,high,64,连续未登录
CHURN00006644,U0011140,2026-08-28,medium,20,连续未登录
CHURN00006645,U0011141,2026-08-28,medium,15,连续未登录
CHURN00006646,U0011142,2026-08-28,high,43,连续未登录
CHURN00006647,U0011143,2026-08-28,medium,8,观看时长下降
CHURN00006648,U0011144,2026-08-28,medium,16,活跃频次下降
CHURN00006649,U0011145,2026-08-28,high,111,活跃频次下降
CHURN00006650,U0011146,2026-08-28,medium,16,连续未登录
CHURN00006651,U0011147,2026-08-28,medium,30,活跃频次下降
CHURN00006652,U0011148,2026-08-28,high,95,观看时长下降
CHURN00006653,U0011150,2026-08-28,high,44,观看时长下降
CHURN00006654,U0011152,2026-08-28,medium,15,观看时长下降
CHURN00006655,U0011153,2026-08-28,medium,8,连续未登录
CHURN00006656,U0011154,2026-08-28,high,151,连续未登录
CHURN00006657,U0011155,2026-08-28,medium,10,连续未登录
CHURN00006658,U0011156,2026-08-28,high,31,连续未登录
CHURN00006659,U0011157,2026-08-28,medium,20,连续未登录
CHURN00006660,U0011158,2026-08-28,medium,16,连续未登录
CHURN00006661,U0011159,2026-08-28,medium,9,活跃频次下降
CHURN00006662,U0011160,2026-08-28,medium,17,连续未登录
CHURN00006663,U0011161,2026-08-28,medium,9,观看时长下降
CHURN00006664,U0011162,2026-08-28,high,108,连续未登录
CHURN00006665,U0011163,2026-08-28,high,77,观看时长下降
CHURN00006666,U0011167,2026-08-28,high,32,观看时长下降
CHURN00006667,U0011169,2026-08-28,medium,20,连续未登录
CHURN00006668,U0011170,2026-08-28,high,116,连续未登录
CHURN00006669,U0011171,2026-08-28,medium,13,观看时长下降
CHURN00006670,U0011172,2026-08-28,high,181,连续未登录
CHURN00006671,U0011175,2026-08-28,high,219,活跃频次下降
CHURN00006672,U0011177,2026-08-28,medium,23,连续未登录
CHURN00006673,U0011178,2026-08-28,medium,15,连续未登录
CHURN00006674,U0011180,2026-08-28,medium,13,观看时长下降
CHURN00006675,U0011184,2026-08-28,high,123,观看时长下降
CHURN00006676,U0011190,2026-08-28,medium,17,活跃频次下降
CHURN00006677,U0011193,2026-08-28,high,44,观看时长下降
CHURN00006678,U0011194,2026-08-28,medium,8,活跃频次下降
CHURN00006679,U0011196,2026-08-28,high,221,连续未登录
CHURN00006680,U0011197,2026-08-28,medium,24,活跃频次下降
CHURN00006681,U0011198,2026-08-28,high,54,连续未登录
CHURN00006682,U0011199,2026-08-28,medium,20,连续未登录
CHURN00006683,U0011201,2026-08-28,medium,17,观看时长下降
CHURN00006684,U0011203,2026-08-28,medium,28,连续未登录
CHURN00006685,U0011206,2026-08-28,medium,12,活跃频次下降
CHURN00006686,U0011208,2026-08-28,high,52,连续未登录
CHURN00006687,U0011209,2026-08-28,medium,18,观看时长下降
CHURN00006688,U0011211,2026-08-28,medium,22,连续未登录
CHURN00006689,U0011212,2026-08-28,high,51,观看时长下降
CHURN00006690,U0011213,2026-08-28,medium,21,活跃频次下降
CHURN00006691,U0011215,2026-08-28,medium,14,连续未登录
CHURN00006692,U0011216,2026-08-28,medium,10,观看时长下降
CHURN00006693,U0011217,2026-08-28,medium,10,活跃频次下降
CHURN00006694,U0011219,2026-08-28,medium,14,连续未登录
CHURN00006695,U0011220,2026-08-28,medium,15,连续未登录
CHURN00006696,U0011222,2026-08-28,medium,8,活跃频次下降
CHURN00006697,U0011223,2026-08-28,high,147,活跃频次下降
CHURN00006698,U0011224,2026-08-28,medium,18,连续未登录
CHURN00006699,U0011226,2026-08-28,high,45,连续未登录
CHURN00006700,U0011228,2026-08-28,medium,9,观看时长下降
CHURN00006701,U0011229,2026-08-28,high,41,连续未登录
CHURN00006702,U0011230,2026-08-28,medium,9,连续未登录
CHURN00006703,U0011233,2026-08-28,high,51,连续未登录
CHURN00006704,U0011236,2026-08-28,medium,17,连续未登录
CHURN00006705,U0011238,2026-08-28,medium,23,连续未登录
CHURN00006706,U0011240,2026-08-28,high,78,活跃频次下降
CHURN00006707,U0011241,2026-08-28,high,66,连续未登录
CHURN00006708,U0011242,2026-08-28,high,34,连续未登录
CHURN00006709,U0011243,2026-08-28,medium,12,观看时长下降
CHURN00006710,U0011244,2026-08-28,high,33,观看时长下降
CHURN00006711,U0011245,2026-08-28,medium,13,活跃频次下降
CHURN00006712,U0011246,2026-08-28,high,70,活跃频次下降
CHURN00006713,U0011250,2026-08-28,medium,24,连续未登录
CHURN00006714,U0011251,2026-08-28,medium,15,连续未登录
CHURN00006715,U0011252,2026-08-28,medium,16,活跃频次下降
CHURN00006716,U0011254,2026-08-28,medium,15,连续未登录
CHURN00006717,U0011256,2026-08-28,high,140,活跃频次下降
CHURN00006718,U0011258,2026-08-28,high,52,连续未登录
CHURN00006719,U0011259,2026-08-28,medium,30,观看时长下降
CHURN00006720,U0011260,2026-08-28,high,34,连续未登录
CHURN00006721,U0011261,2026-08-28,high,72,活跃频次下降
CHURN00006722,U0011262,2026-08-28,medium,22,观看时长下降
CHURN00006723,U0011266,2026-08-28,high,31,连续未登录
CHURN00006724,U0011267,2026-08-28,medium,25,观看时长下降
CHURN00006725,U0011268,2026-08-28,high,37,活跃频次下降
CHURN00006726,U0011269,2026-08-28,medium,14,活跃频次下降
CHURN00006727,U0011270,2026-08-28,high,72,连续未登录
CHURN00006728,U0011271,2026-08-28,medium,8,观看时长下降
CHURN00006729,U0011272,2026-08-28,medium,10,连续未登录
CHURN00006730,U0011273,2026-08-28,high,59,活跃频次下降
CHURN00006731,U0011276,2026-08-28,medium,8,连续未登录
CHURN00006732,U0011277,2026-08-28,medium,29,连续未登录
CHURN00006733,U0011278,2026-08-28,medium,24,连续未登录
CHURN00006734,U0011280,2026-08-28,medium,25,连续未登录
CHURN00006735,U0011283,2026-08-28,medium,10,连续未登录
CHURN00006736,U0011286,2026-08-28,medium,21,活跃频次下降
CHURN00006737,U0011287,2026-08-28,high,36,连续未登录
CHURN00006738,U0011289,2026-08-28,medium,27,连续未登录
CHURN00006739,U0011290,2026-08-28,high,63,连续未登录
CHURN00006740,U0011291,2026-08-28,high,42,活跃频次下降
CHURN00006741,U0011292,2026-08-28,medium,8,活跃频次下降
CHURN00006742,U0011293,2026-08-28,medium,23,连续未登录
CHURN00006743,U0011294,2026-08-28,medium,17,观看时长下降
CHURN00006744,U0011295,2026-08-28,medium,23,连续未登录
CHURN00006745,U0011296,2026-08-28,medium,28,连续未登录
CHURN00006746,U0011299,2026-08-28,medium,8,活跃频次下降
CHURN00006747,U0011300,2026-08-28,high,146,活跃频次下降
CHURN00006748,U0011301,2026-08-28,high,55,连续未登录
CHURN00006749,U0011302,2026-08-28,medium,28,活跃频次下降
CHURN00006750,U0011303,2026-08-28,high,41,连续未登录
CHURN00006751,U0011304,2026-08-28,medium,30,连续未登录
CHURN00006752,U0011307,2026-08-28,medium,26,活跃频次下降
CHURN00006753,U0011308,2026-08-28,medium,24,活跃频次下降
CHURN00006754,U0011310,2026-08-28,high,43,观看时长下降
CHURN00006755,U0011311,2026-08-28,medium,11,连续未登录
CHURN00006756,U0011313,2026-08-28,medium,22,活跃频次下降
CHURN00006757,U0011314,2026-08-28,high,52,活跃频次下降
CHURN00006758,U0011315,2026-08-28,medium,17,连续未登录
CHURN00006759,U0011316,2026-08-28,high,31,连续未登录
CHURN00006760,U0011317,2026-08-28,medium,11,观看时长下降
CHURN00006761,U0011318,2026-08-28,medium,13,连续未登录
CHURN00006762,U0011319,2026-08-28,high,36,活跃频次下降
CHURN00006763,U0011324,2026-08-28,high,56,观看时长下降
CHURN00006764,U0011325,2026-08-28,high,32,活跃频次下降
CHURN00006765,U0011329,2026-08-28,high,131,观看时长下降
CHURN00006766,U0011331,2026-08-28,medium,17,连续未登录
CHURN00006767,U0011333,2026-08-28,medium,24,观看时长下降
CHURN00006768,U0011334,2026-08-28,medium,23,活跃频次下降
CHURN00006769,U0011337,2026-08-28,high,103,观看时长下降
CHURN00006770,U0011339,2026-08-28,high,95,连续未登录
CHURN00006771,U0011340,2026-08-28,medium,20,连续未登录
CHURN00006772,U0011341,2026-08-28,medium,12,活跃频次下降
CHURN00006773,U0011342,2026-08-28,medium,10,活跃频次下降
CHURN00006774,U0011343,2026-08-28,high,125,活跃频次下降
CHURN00006775,U0011344,2026-08-28,high,131,连续未登录
CHURN00006776,U0011345,2026-08-28,high,86,活跃频次下降
CHURN00006777,U0011348,2026-08-28,high,121,连续未登录
CHURN00006778,U0011350,2026-08-28,high,95,观看时长下降
CHURN00006779,U0011351,2026-08-28,medium,26,连续未登录
CHURN00006780,U0011353,2026-08-28,medium,19,观看时长下降
CHURN00006781,U0011357,2026-08-28,medium,15,连续未登录
CHURN00006782,U0011359,2026-08-28,high,35,观看时长下降
CHURN00006783,U0011360,2026-08-28,high,42,连续未登录
CHURN00006784,U0011363,2026-08-28,medium,29,活跃频次下降
CHURN00006785,U0011365,2026-08-28,medium,26,活跃频次下降
CHURN00006786,U0011367,2026-08-28,high,114,观看时长下降
CHURN00006787,U0011368,2026-08-28,high,73,连续未登录
CHURN00006788,U0011369,2026-08-28,high,78,连续未登录
CHURN00006789,U0011371,2026-08-28,medium,15,连续未登录
CHURN00006790,U0011372,2026-08-28,high,59,观看时长下降
CHURN00006791,U0011373,2026-08-28,medium,14,连续未登录
CHURN00006792,U0011374,2026-08-28,medium,20,连续未登录
CHURN00006793,U0011378,2026-08-28,high,176,连续未登录
CHURN00006794,U0011380,2026-08-28,medium,8,连续未登录
CHURN00006795,U0011381,2026-08-28,high,40,活跃频次下降
CHURN00006796,U0011383,2026-08-28,high,151,观看时长下降
CHURN00006797,U0011384,2026-08-28,medium,20,观看时长下降
CHURN00006798,U0011387,2026-08-28,high,56,观看时长下降
CHURN00006799,U0011388,2026-08-28,medium,10,观看时长下降
CHURN00006800,U0011389,2026-08-28,high,121,观看时长下降
CHURN00006801,U0011391,2026-08-28,high,50,连续未登录
CHURN00006802,U0011392,2026-08-28,medium,27,活跃频次下降
CHURN00006803,U0011393,2026-08-28,medium,17,观看时长下降
CHURN00006804,U0011394,2026-08-28,medium,9,连续未登录
CHURN00006805,U0011395,2026-08-28,high,36,连续未登录
CHURN00006806,U0011396,2026-08-28,high,54,连续未登录
CHURN00006807,U0011397,2026-08-28,medium,9,活跃频次下降
CHURN00006808,U0011402,2026-08-28,high,60,连续未登录
CHURN00006809,U0011404,2026-08-28,medium,30,连续未登录
CHURN00006810,U0011405,2026-08-28,medium,23,活跃频次下降
CHURN00006811,U0011406,2026-08-28,high,70,活跃频次下降
CHURN00006812,U0011407,2026-08-28,high,48,活跃频次下降
CHURN00006813,U0011409,2026-08-28,medium,23,活跃频次下降
CHURN00006814,U0011411,2026-08-28,medium,21,观看时长下降
CHURN00006815,U0011412,2026-08-28,medium,22,连续未登录
CHURN00006816,U0011414,2026-08-28,medium,14,活跃频次下降
CHURN00006817,U0011415,2026-08-28,high,35,活跃频次下降
CHURN00006818,U0011416,2026-08-28,high,166,活跃频次下降
CHURN00006819,U0011417,2026-08-28,medium,17,活跃频次下降
CHURN00006820,U0011419,2026-08-28,medium,10,连续未登录
CHURN00006821,U0011420,2026-08-28,medium,16,活跃频次下降
CHURN00006822,U0011421,2026-08-28,high,113,活跃频次下降
CHURN00006823,U0011424,2026-08-28,high,101,连续未登录
CHURN00006824,U0011427,2026-08-28,medium,9,活跃频次下降
CHURN00006825,U0011429,2026-08-28,medium,8,观看时长下降
CHURN00006826,U0011430,2026-08-28,high,156,观看时长下降
CHURN00006827,U0011433,2026-08-28,medium,25,连续未登录
CHURN00006828,U0011434,2026-08-28,high,45,连续未登录
CHURN00006829,U0011435,2026-08-28,high,167,连续未登录
CHURN00006830,U0011436,2026-08-28,high,48,连续未登录
CHURN00006831,U0011437,2026-08-28,medium,14,活跃频次下降
CHURN00006832,U0011438,2026-08-28,high,31,活跃频次下降
CHURN00006833,U0011439,2026-08-28,medium,20,观看时长下降
CHURN00006834,U0011442,2026-08-28,medium,21,活跃频次下降
CHURN00006835,U0011444,2026-08-28,medium,16,连续未登录
CHURN00006836,U0011450,2026-08-28,high,88,观看时长下降
CHURN00006837,U0011451,2026-08-28,high,50,观看时长下降
CHURN00006838,U0011455,2026-08-28,high,114,观看时长下降
CHURN00006839,U0011456,2026-08-28,medium,20,连续未登录
CHURN00006840,U0011457,2026-08-28,high,68,连续未登录
CHURN00006841,U0011458,2026-08-28,high,31,连续未登录
CHURN00006842,U0011459,2026-08-28,medium,25,连续未登录
CHURN00006843,U0011460,2026-08-28,high,91,连续未登录
CHURN00006844,U0011462,2026-08-28,high,87,观看时长下降
CHURN00006845,U0011463,2026-08-28,high,64,观看时长下降
CHURN00006846,U0011464,2026-08-28,medium,21,活跃频次下降
CHURN00006847,U0011465,2026-08-28,high,147,活跃频次下降
CHURN00006848,U0011470,2026-08-28,high,41,活跃频次下降
CHURN00006849,U0011471,2026-08-28,high,35,连续未登录
CHURN00006850,U0011472,2026-08-28,high,118,活跃频次下降
CHURN00006851,U0011474,2026-08-28,high,72,活跃频次下降
CHURN00006852,U0011475,2026-08-28,high,150,活跃频次下降
CHURN00006853,U0011476,2026-08-28,high,167,连续未登录
CHURN00006854,U0011477,2026-08-28,medium,17,活跃频次下降
CHURN00006855,U0011478,2026-08-28,medium,12,观看时长下降
CHURN00006856,U0011479,2026-08-28,high,112,观看时长下降
CHURN00006857,U0011481,2026-08-28,high,119,活跃频次下降
CHURN00006858,U0011482,2026-08-28,high,98,活跃频次下降
CHURN00006859,U0011483,2026-08-28,high,44,观看时长下降
CHURN00006860,U0011484,2026-08-28,medium,9,观看时长下降
CHURN00006861,U0011485,2026-08-28,medium,15,连续未登录
CHURN00006862,U0011486,2026-08-28,medium,20,连续未登录
CHURN00006863,U0011488,2026-08-28,medium,26,活跃频次下降
CHURN00006864,U0011491,2026-08-28,medium,21,连续未登录
CHURN00006865,U0011492,2026-08-28,high,122,观看时长下降
CHURN00006866,U0011493,2026-08-28,medium,25,活跃频次下降
CHURN00006867,U0011494,2026-08-28,medium,27,连续未登录
CHURN00006868,U0011495,2026-08-28,medium,30,连续未登录
CHURN00006869,U0011496,2026-08-28,medium,11,观看时长下降
CHURN00006870,U0011498,2026-08-28,medium,9,活跃频次下降
CHURN00006871,U0011502,2026-08-28,medium,22,连续未登录
CHURN00006872,U0011503,2026-08-28,medium,12,活跃频次下降
CHURN00006873,U0011506,2026-08-28,high,47,连续未登录
CHURN00006874,U0011509,2026-08-28,medium,21,活跃频次下降
CHURN00006875,U0011510,2026-08-28,medium,18,活跃频次下降
CHURN00006876,U0011511,2026-08-28,medium,13,活跃频次下降
CHURN00006877,U0011512,2026-08-28,medium,14,活跃频次下降
CHURN00006878,U0011514,2026-08-28,medium,15,连续未登录
CHURN00006879,U0011517,2026-08-28,medium,29,活跃频次下降
CHURN00006880,U0011519,2026-08-28,high,51,连续未登录
CHURN00006881,U0011520,2026-08-28,medium,17,活跃频次下降
CHURN00006882,U0011523,2026-08-28,medium,9,连续未登录
CHURN00006883,U0011524,2026-08-28,medium,8,观看时长下降
CHURN00006884,U0011526,2026-08-28,medium,15,观看时长下降
CHURN00006885,U0011529,2026-08-28,medium,25,连续未登录
CHURN00006886,U0011531,2026-08-28,medium,25,连续未登录
CHURN00006887,U0011535,2026-08-28,high,143,连续未登录
CHURN00006888,U0011536,2026-08-28,medium,9,连续未登录
CHURN00006889,U0011537,2026-08-28,high,55,连续未登录
CHURN00006890,U0011538,2026-08-28,medium,15,观看时长下降
CHURN00006891,U0011539,2026-08-28,high,31,连续未登录
CHURN00006892,U0011540,2026-08-28,high,31,连续未登录
CHURN00006893,U0011543,2026-08-28,high,106,连续未登录
CHURN00006894,U0011546,2026-08-28,high,111,观看时长下降
CHURN00006895,U0011547,2026-08-28,medium,17,连续未登录
CHURN00006896,U0011548,2026-08-28,high,32,活跃频次下降
CHURN00006897,U0011549,2026-08-28,high,51,活跃频次下降
CHURN00006898,U0011550,2026-08-28,high,80,连续未登录
CHURN00006899,U0011551,2026-08-28,medium,8,观看时长下降
CHURN00006900,U0011556,2026-08-28,medium,10,连续未登录
CHURN00006901,U0011557,2026-08-28,high,47,活跃频次下降
CHURN00006902,U0011558,2026-08-28,medium,25,观看时长下降
CHURN00006903,U0011560,2026-08-28,medium,16,活跃频次下降
CHURN00006904,U0011562,2026-08-28,high,186,活跃频次下降
CHURN00006905,U0011564,2026-08-28,high,61,连续未登录
CHURN00006906,U0011565,2026-08-28,medium,8,观看时长下降
CHURN00006907,U0011566,2026-08-28,medium,16,活跃频次下降
CHURN00006908,U0011567,2026-08-28,high,153,观看时长下降
CHURN00006909,U0011569,2026-08-28,medium,15,连续未登录
CHURN00006910,U0011570,2026-08-28,medium,21,连续未登录
CHURN00006911,U0011571,2026-08-28,high,52,活跃频次下降
CHURN00006912,U0011572,2026-08-28,high,40,活跃频次下降
CHURN00006913,U0011575,2026-08-28,high,63,观看时长下降
CHURN00006914,U0011577,2026-08-28,medium,21,活跃频次下降
CHURN00006915,U0011578,2026-08-28,medium,21,活跃频次下降
CHURN00006916,U0011579,2026-08-28,high,126,连续未登录
CHURN00006917,U0011581,2026-08-28,high,88,观看时长下降
CHURN00006918,U0011582,2026-08-28,high,49,观看时长下降
CHURN00006919,U0011584,2026-08-28,medium,13,连续未登录
CHURN00006920,U0011586,2026-08-28,high,239,活跃频次下降
CHURN00006921,U0011588,2026-08-28,medium,14,活跃频次下降
CHURN00006922,U0011589,2026-08-28,high,34,活跃频次下降
CHURN00006923,U0011590,2026-08-28,high,198,连续未登录
CHURN00006924,U0011591,2026-08-28,medium,19,连续未登录
CHURN00006925,U0011593,2026-08-28,medium,22,观看时长下降
CHURN00006926,U0011594,2026-08-28,high,41,观看时长下降
CHURN00006927,U0011595,2026-08-28,medium,22,连续未登录
CHURN00006928,U0011596,2026-08-28,high,32,连续未登录
CHURN00006929,U0011597,2026-08-28,high,57,活跃频次下降
CHURN00006930,U0011602,2026-08-28,high,35,活跃频次下降
CHURN00006931,U0011603,2026-08-28,high,33,观看时长下降
CHURN00006932,U0011604,2026-08-28,high,71,观看时长下降
CHURN00006933,U0011605,2026-08-28,high,48,活跃频次下降
CHURN00006934,U0011606,2026-08-28,medium,11,观看时长下降
CHURN00006935,U0011608,2026-08-28,medium,10,活跃频次下降
CHURN00006936,U0011610,2026-08-28,medium,22,连续未登录
CHURN00006937,U0011613,2026-08-28,medium,12,观看时长下降
CHURN00006938,U0011616,2026-08-28,medium,14,连续未登录
CHURN00006939,U0011618,2026-08-28,high,46,活跃频次下降
CHURN00006940,U0011619,2026-08-28,high,42,连续未登录
CHURN00006941,U0011621,2026-08-28,high,35,活跃频次下降
CHURN00006942,U0011625,2026-08-28,medium,8,连续未登录
CHURN00006943,U0011629,2026-08-28,high,39,连续未登录
CHURN00006944,U0011630,2026-08-28,medium,14,连续未登录
CHURN00006945,U0011632,2026-08-28,medium,15,观看时长下降
CHURN00006946,U0011633,2026-08-28,medium,13,连续未登录
CHURN00006947,U0011634,2026-08-28,high,128,观看时长下降
CHURN00006948,U0011635,2026-08-28,high,35,活跃频次下降
CHURN00006949,U0011636,2026-08-28,high,126,连续未登录
CHURN00006950,U0011637,2026-08-28,high,92,观看时长下降
CHURN00006951,U0011638,2026-08-28,medium,23,观看时长下降
CHURN00006952,U0011639,2026-08-28,medium,17,活跃频次下降
CHURN00006953,U0011640,2026-08-28,high,150,活跃频次下降
CHURN00006954,U0011645,2026-08-28,high,46,观看时长下降
CHURN00006955,U0011646,2026-08-28,high,159,连续未登录
CHURN00006956,U0011647,2026-08-28,medium,16,观看时长下降
CHURN00006957,U0011648,2026-08-28,medium,21,观看时长下降
CHURN00006958,U0011649,2026-08-28,high,43,观看时长下降
CHURN00006959,U0011650,2026-08-28,high,35,活跃频次下降
CHURN00006960,U0011651,2026-08-28,medium,13,连续未登录
CHURN00006961,U0011655,2026-08-28,high,41,连续未登录
CHURN00006962,U0011656,2026-08-28,medium,13,观看时长下降
CHURN00006963,U0011660,2026-08-28,medium,12,活跃频次下降
CHURN00006964,U0011661,2026-08-28,medium,9,连续未登录
CHURN00006965,U0011664,2026-08-28,high,54,活跃频次下降
CHURN00006966,U0011666,2026-08-28,high,73,活跃频次下降
CHURN00006967,U0011667,2026-08-28,medium,10,连续未登录
CHURN00006968,U0011668,2026-08-28,high,36,活跃频次下降
CHURN00006969,U0011675,2026-08-28,high,43,连续未登录
CHURN00006970,U0011676,2026-08-28,medium,12,活跃频次下降
CHURN00006971,U0011677,2026-08-28,medium,13,连续未登录
CHURN00006972,U0011678,2026-08-28,medium,19,活跃频次下降
CHURN00006973,U0011680,2026-08-28,medium,22,活跃频次下降
CHURN00006974,U0011681,2026-08-28,high,35,连续未登录
CHURN00006975,U0011682,2026-08-28,high,99,活跃频次下降
CHURN00006976,U0011684,2026-08-28,medium,9,活跃频次下降
CHURN00006977,U0011685,2026-08-28,high,58,活跃频次下降
CHURN00006978,U0011687,2026-08-28,high,116,活跃频次下降
CHURN00006979,U0011694,2026-08-28,high,32,连续未登录
CHURN00006980,U0011696,2026-08-28,medium,13,活跃频次下降
CHURN00006981,U0011698,2026-08-28,medium,27,观看时长下降
CHURN00006982,U0011699,2026-08-28,medium,23,连续未登录
CHURN00006983,U0011700,2026-08-28,medium,14,活跃频次下降
CHURN00006984,U0011704,2026-08-28,medium,28,连续未登录
CHURN00006985,U0011707,2026-08-28,high,58,连续未登录
CHURN00006986,U0011708,2026-08-28,high,165,观看时长下降
CHURN00006987,U0011712,2026-08-28,medium,20,活跃频次下降
CHURN00006988,U0011715,2026-08-28,medium,27,观看时长下降
CHURN00006989,U0011716,2026-08-28,medium,11,连续未登录
CHURN00006990,U0011718,2026-08-28,high,87,连续未登录
CHURN00006991,U0011720,2026-08-28,high,122,连续未登录
CHURN00006992,U0011722,2026-08-28,high,77,活跃频次下降
CHURN00006993,U0011723,2026-08-28,medium,11,连续未登录
CHURN00006994,U0011724,2026-08-28,medium,30,观看时长下降
CHURN00006995,U0011725,2026-08-28,medium,13,连续未登录
CHURN00006996,U0011726,2026-08-28,medium,13,观看时长下降
CHURN00006997,U0011729,2026-08-28,medium,8,活跃频次下降
CHURN00006998,U0011730,2026-08-28,high,42,连续未登录
CHURN00006999,U0011731,2026-08-28,high,63,活跃频次下降
CHURN00007000,U0011732,2026-08-28,high,78,观看时长下降
CHURN00007001,U0011733,2026-08-28,medium,8,连续未登录
CHURN00007002,U0011734,2026-08-28,medium,15,连续未登录
CHURN00007003,U0011735,2026-08-28,medium,18,连续未登录
CHURN00007004,U0011736,2026-08-28,medium,8,活跃频次下降
CHURN00007005,U0011739,2026-08-28,high,52,观看时长下降
CHURN00007006,U0011741,2026-08-28,medium,8,观看时长下降
CHURN00007007,U0011744,2026-08-28,medium,15,活跃频次下降
CHURN00007008,U0011748,2026-08-28,high,40,连续未登录
CHURN00007009,U0011751,2026-08-28,high,49,观看时长下降
CHURN00007010,U0011752,2026-08-28,medium,11,活跃频次下降
CHURN00007011,U0011754,2026-08-28,medium,8,连续未登录
CHURN00007012,U0011755,2026-08-28,high,86,连续未登录
CHURN00007013,U0011756,2026-08-28,medium,11,活跃频次下降
CHURN00007014,U0011758,2026-08-28,medium,16,活跃频次下降
CHURN00007015,U0011759,2026-08-28,medium,9,观看时长下降
CHURN00007016,U0011762,2026-08-28,medium,17,活跃频次下降
CHURN00007017,U0011763,2026-08-28,high,185,活跃频次下降
CHURN00007018,U0011767,2026-08-28,medium,17,连续未登录
CHURN00007019,U0011770,2026-08-28,medium,11,活跃频次下降
CHURN00007020,U0011771,2026-08-28,medium,18,活跃频次下降
CHURN00007021,U0011775,2026-08-28,medium,27,活跃频次下降
CHURN00007022,U0011776,2026-08-28,medium,15,连续未登录
CHURN00007023,U0011777,2026-08-28,high,236,连续未登录
CHURN00007024,U0011780,2026-08-28,medium,8,活跃频次下降
CHURN00007025,U0011781,2026-08-28,medium,12,连续未登录
CHURN00007026,U0011782,2026-08-28,high,131,连续未登录
CHURN00007027,U0011784,2026-08-28,high,53,观看时长下降
CHURN00007028,U0011786,2026-08-28,medium,21,活跃频次下降
CHURN00007029,U0011788,2026-08-28,medium,29,连续未登录
CHURN00007030,U0011791,2026-08-28,medium,8,连续未登录
CHURN00007031,U0011793,2026-08-28,high,59,连续未登录
CHURN00007032,U0011794,2026-08-28,medium,8,连续未登录
CHURN00007033,U0011795,2026-08-28,medium,19,活跃频次下降
CHURN00007034,U0011796,2026-08-28,medium,12,活跃频次下降
CHURN00007035,U0011798,2026-08-28,medium,18,连续未登录
CHURN00007036,U0011799,2026-08-28,medium,13,观看时长下降
CHURN00007037,U0011801,2026-08-28,medium,10,连续未登录
CHURN00007038,U0011803,2026-08-28,high,64,观看时长下降
CHURN00007039,U0011804,2026-08-28,high,45,连续未登录
CHURN00007040,U0011805,2026-08-28,medium,27,活跃频次下降
CHURN00007041,U0011807,2026-08-28,medium,27,活跃频次下降
CHURN00007042,U0011809,2026-08-28,medium,12,连续未登录
CHURN00007043,U0011810,2026-08-28,high,35,活跃频次下降
CHURN00007044,U0011811,2026-08-28,medium,25,活跃频次下降
CHURN00007045,U0011813,2026-08-28,high,83,连续未登录
CHURN00007046,U0011814,2026-08-28,high,86,观看时长下降
CHURN00007047,U0011815,2026-08-28,high,122,连续未登录
CHURN00007048,U0011818,2026-08-28,medium,21,连续未登录
CHURN00007049,U0011820,2026-08-28,high,138,连续未登录
CHURN00007050,U0011824,2026-08-28,medium,8,连续未登录
CHURN00007051,U0011825,2026-08-28,medium,30,连续未登录
CHURN00007052,U0011829,2026-08-28,medium,14,活跃频次下降
CHURN00007053,U0011830,2026-08-28,high,93,连续未登录
CHURN00007054,U0011831,2026-08-28,high,96,连续未登录
CHURN00007055,U0011833,2026-08-28,medium,14,活跃频次下降
CHURN00007056,U0011834,2026-08-28,medium,26,连续未登录
CHURN00007057,U0011835,2026-08-28,medium,8,连续未登录
CHURN00007058,U0011836,2026-08-28,medium,8,观看时长下降
CHURN00007059,U0011838,2026-08-28,high,56,观看时长下降
CHURN00007060,U0011839,2026-08-28,high,100,观看时长下降
CHURN00007061,U0011843,2026-08-28,medium,19,活跃频次下降
CHURN00007062,U0011844,2026-08-28,medium,15,观看时长下降
CHURN00007063,U0011845,2026-08-28,high,51,活跃频次下降
CHURN00007064,U0011848,2026-08-28,medium,20,连续未登录
CHURN00007065,U0011850,2026-08-28,medium,20,观看时长下降
CHURN00007066,U0011852,2026-08-28,medium,15,观看时长下降
CHURN00007067,U0011854,2026-08-28,medium,8,连续未登录
CHURN00007068,U0011855,2026-08-28,medium,8,连续未登录
CHURN00007069,U0011857,2026-08-28,high,44,观看时长下降
CHURN00007070,U0011858,2026-08-28,medium,12,连续未登录
CHURN00007071,U0011859,2026-08-28,high,182,连续未登录
CHURN00007072,U0011862,2026-08-28,high,126,活跃频次下降
CHURN00007073,U0011863,2026-08-28,medium,11,活跃频次下降
CHURN00007074,U0011864,2026-08-28,medium,19,连续未登录
CHURN00007075,U0011865,2026-08-28,medium,12,活跃频次下降
CHURN00007076,U0011866,2026-08-28,high,50,连续未登录
CHURN00007077,U0011869,2026-08-28,medium,13,连续未登录
CHURN00007078,U0011871,2026-08-28,medium,14,连续未登录
CHURN00007079,U0011872,2026-08-28,medium,10,连续未登录
CHURN00007080,U0011875,2026-08-28,medium,12,连续未登录
CHURN00007081,U0011876,2026-08-28,medium,20,连续未登录
CHURN00007082,U0011877,2026-08-28,medium,27,活跃频次下降
CHURN00007083,U0011878,2026-08-28,high,33,活跃频次下降
CHURN00007084,U0011879,2026-08-28,medium,21,观看时长下降
CHURN00007085,U0011881,2026-08-28,medium,27,活跃频次下降
CHURN00007086,U0011882,2026-08-28,medium,8,连续未登录
CHURN00007087,U0011883,2026-08-28,medium,12,活跃频次下降
CHURN00007088,U0011885,2026-08-28,medium,12,连续未登录
CHURN00007089,U0011886,2026-08-28,high,53,连续未登录
CHURN00007090,U0011888,2026-08-28,medium,9,观看时长下降
CHURN00007091,U0011892,2026-08-28,high,39,连续未登录
CHURN00007092,U0011896,2026-08-28,high,33,连续未登录
CHURN00007093,U0011897,2026-08-28,medium,22,连续未登录
CHURN00007094,U0011899,2026-08-28,medium,26,活跃频次下降
CHURN00007095,U0011901,2026-08-28,high,62,活跃频次下降
CHURN00007096,U0011902,2026-08-28,high,123,活跃频次下降
CHURN00007097,U0011904,2026-08-28,medium,14,连续未登录
CHURN00007098,U0011905,2026-08-28,medium,14,连续未登录
CHURN00007099,U0011906,2026-08-28,high,67,连续未登录
CHURN00007100,U0011909,2026-08-28,medium,15,连续未登录
CHURN00007101,U0011912,2026-08-28,high,47,连续未登录
CHURN00007102,U0011913,2026-08-28,medium,12,连续未登录
CHURN00007103,U0011914,2026-08-28,medium,17,连续未登录
CHURN00007104,U0011915,2026-08-28,medium,13,观看时长下降
CHURN00007105,U0011917,2026-08-28,medium,8,连续未登录
CHURN00007106,U0011919,2026-08-28,medium,29,活跃频次下降
CHURN00007107,U0011920,2026-08-28,high,38,连续未登录
CHURN00007108,U0011921,2026-08-28,high,174,连续未登录
CHURN00007109,U0011922,2026-08-28,high,159,活跃频次下降
CHURN00007110,U0011924,2026-08-28,high,135,活跃频次下降
CHURN00007111,U0011925,2026-08-28,high,31,观看时长下降
CHURN00007112,U0011926,2026-08-28,medium,13,连续未登录
CHURN00007113,U0011929,2026-08-28,high,82,连续未登录
CHURN00007114,U0011930,2026-08-28,medium,19,连续未登录
CHURN00007115,U0011931,2026-08-28,medium,29,活跃频次下降
CHURN00007116,U0011933,2026-08-28,high,31,活跃频次下降
CHURN00007117,U0011934,2026-08-28,medium,26,连续未登录
CHURN00007118,U0011935,2026-08-28,high,40,观看时长下降
CHURN00007119,U0011938,2026-08-28,medium,24,活跃频次下降
CHURN00007120,U0011940,2026-08-28,high,39,连续未登录
CHURN00007121,U0011942,2026-08-28,high,112,观看时长下降
CHURN00007122,U0011943,2026-08-28,high,40,观看时长下降
CHURN00007123,U0011947,2026-08-28,medium,22,观看时长下降
CHURN00007124,U0011948,2026-08-28,high,58,连续未登录
CHURN00007125,U0011950,2026-08-28,medium,13,连续未登录
CHURN00007126,U0011951,2026-08-28,medium,25,连续未登录
CHURN00007127,U0011954,2026-08-28,high,36,连续未登录
CHURN00007128,U0011955,2026-08-28,high,98,活跃频次下降
CHURN00007129,U0011956,2026-08-28,medium,12,连续未登录
CHURN00007130,U0011963,2026-08-28,medium,30,连续未登录
CHURN00007131,U0011965,2026-08-28,medium,11,活跃频次下降
CHURN00007132,U0011968,2026-08-28,medium,30,观看时长下降
CHURN00007133,U0011969,2026-08-28,medium,19,观看时长下降
CHURN00007134,U0011970,2026-08-28,medium,13,连续未登录
CHURN00007135,U0011972,2026-08-28,high,51,活跃频次下降
CHURN00007136,U0011974,2026-08-28,medium,20,活跃频次下降
CHURN00007137,U0011977,2026-08-28,high,86,连续未登录
CHURN00007138,U0011978,2026-08-28,high,89,活跃频次下降
CHURN00007139,U0011979,2026-08-28,medium,11,连续未登录
CHURN00007140,U0011980,2026-08-28,high,73,观看时长下降
CHURN00007141,U0011985,2026-08-28,medium,18,活跃频次下降
CHURN00007142,U0011987,2026-08-28,high,36,活跃频次下降
CHURN00007143,U0011989,2026-08-28,medium,15,连续未登录
CHURN00007144,U0011990,2026-08-28,high,38,连续未登录
CHURN00007145,U0011991,2026-08-28,high,56,连续未登录
CHURN00007146,U0011992,2026-08-28,medium,19,连续未登录
CHURN00007147,U0011994,2026-08-28,medium,15,活跃频次下降
CHURN00007148,U0011997,2026-08-28,high,33,连续未登录
CHURN00007149,U0012000,2026-08-28,medium,16,活跃频次下降
