interaction_id,play_id,user_id,content_id,interaction_type,interacted_at,valid_interaction
INT0000000001,PLAY0000000025,U0003948,V00009548,like,2026-08-11 00:14:07,1
INT0000000002,PLAY0000000037,U0006137,V00012527,like,2026-07-03 23:19:36,1
INT0000000003,PLAY0000000038,U0002029,V00010861,like,2026-07-28 20:40:15,1
INT0000000004,PLAY0000000045,U0004864,V00000813,favorite,2026-03-26 20:17:02,1
INT0000000005,PLAY0000000061,U0011929,V00005124,like,2026-06-22 21:54:02,1
INT0000000006,PLAY0000000084,U0008661,V00002501,like,2026-04-04 07:30:19,1
INT0000000007,PLAY0000000097,U0001617,V00013311,like,2026-08-20 13:31:26,1
INT0000000008,PLAY0000000100,U0008185,V00013561,share,2026-07-18 19:34:43,1
INT0000000009,PLAY0000000110,U0000670,V00002958,share,2026-05-26 07:50:08,1
INT0000000010,PLAY0000000135,U0002758,V00006409,like,2026-08-13 20:45:23,1
INT0000000011,PLAY0000000139,U0005071,V00012842,like,2026-04-14 17:54:25,1
INT0000000012,PLAY0000000145,U0001284,V00000389,like,2026-08-21 02:07:49,1
INT0000000013,PLAY0000000146,U0002981,V00009709,like,2026-08-02 04:42:44,1
INT0000000014,PLAY0000000149,U0008711,V00009296,share,2026-06-28 13:01:08,1
INT0000000015,PLAY0000000153,U0003591,V00010863,like,2026-08-16 21:55:42,1
INT0000000016,PLAY0000000158,U0007974,V00002461,share,2026-04-03 20:16:01,1
INT0000000017,PLAY0000000164,U0005310,V00002708,share,2026-06-25 21:49:02,1
INT0000000018,PLAY0000000165,U0001628,V00004502,like,2026-08-23 02:44:02,1
INT0000000019,PLAY0000000173,U0006053,V00000395,comment,2026-06-14 02:33:39,1
INT0000000020,PLAY0000000208,U0006139,V00008576,follow,2026-08-26 12:13:57,1
INT0000000021,PLAY0000000215,U0003001,V00003053,favorite,2026-05-09 14:55:40,1
INT0000000022,PLAY0000000220,U0011870,V00002798,share,2026-08-05 09:00:04,1
INT0000000023,PLAY0000000252,U0009009,V00014470,like,2026-08-28 02:31:29,1
INT0000000024,PLAY0000000257,U0004317,V00008121,favorite,2026-04-01 08:13:56,1
INT0000000025,PLAY0000000262,U0003769,V00013056,like,2026-07-15 14:56:30,1
INT0000000026,PLAY0000000265,U0005808,V00001427,share,2026-03-22 19:42:07,1
INT0000000027,PLAY0000000278,U0004861,V00008079,like,2026-08-13 18:23:30,1
INT0000000028,PLAY0000000286,U0011346,V00004059,like,2026-05-10 09:40:16,1
INT0000000029,PLAY0000000291,U0010913,V00008911,favorite,2026-08-28 12:18:39,1
INT0000000030,PLAY0000000294,U0010337,V00002899,like,2026-03-04 08:55:07,1
INT0000000031,PLAY0000000298,U0006993,V00005611,like,2026-06-22 18:10:21,1
INT0000000032,PLAY0000000301,U0006106,V00014777,like,2026-05-01 02:51:11,1
INT0000000033,PLAY0000000308,U0004490,V00000469,like,2026-02-13 17:19:57,1
INT0000000034,PLAY0000000319,U0009507,V00005388,share,2026-06-24 11:42:13,1
INT0000000035,PLAY0000000320,U0003284,V00007874,comment,2026-07-17 16:04:03,1
INT0000000036,PLAY0000000325,U0011791,V00008450,follow,2026-06-28 00:21:51,1
INT0000000037,PLAY0000000336,U0002163,V00011642,comment,2026-05-11 16:33:46,1
INT0000000038,PLAY0000000340,U0003520,V00012463,like,2026-06-20 10:00:41,1
INT0000000039,PLAY0000000341,U0010448,V00014342,like,2026-06-01 22:15:40,1
INT0000000040,PLAY0000000360,U0009371,V00006956,share,2026-07-18 03:58:55,1
INT0000000041,PLAY0000000361,U0000830,V00004545,follow,2026-05-23 20:14:00,1
INT0000000042,PLAY0000000370,U0004287,V00006852,comment,2026-08-11 04:43:11,1
INT0000000043,PLAY0000000371,U0011343,V00000345,like,2026-06-10 13:54:06,1
INT0000000044,PLAY0000000381,U0003099,V00006898,favorite,2026-08-21 23:10:17,1
INT0000000045,PLAY0000000390,U0008444,V00006975,like,2026-05-15 20:24:49,1
INT0000000046,PLAY0000000403,U0009209,V00004527,like,2026-08-28 19:33:24,1
INT0000000047,PLAY0000000418,U0004164,V00002404,like,2026-08-28 15:42:29,1
INT0000000048,PLAY0000000429,U0009329,V00011601,like,2026-08-09 00:27:54,1
INT0000000049,PLAY0000000431,U0000303,V00009470,like,2026-07-22 20:44:16,1
INT0000000050,PLAY0000000453,U0008161,V00008226,like,2026-08-01 03:29:32,1
INT0000000051,PLAY0000000462,U0004916,V00005514,comment,2026-07-29 16:10:32,1
INT0000000052,PLAY0000000463,U0003646,V00014275,comment,2026-07-05 00:10:30,1
INT0000000053,PLAY0000000470,U0004560,V00007349,like,2026-07-09 06:24:41,1
INT0000000054,PLAY0000000485,U0010944,V00005550,like,2026-08-25 07:23:58,1
INT0000000055,PLAY0000000495,U0004880,V00013787,like,2026-08-25 04:54:49,1
INT0000000056,PLAY0000000497,U0008873,V00005202,like,2026-06-20 18:17:30,1
INT0000000057,PLAY0000000509,U0002371,V00004020,share,2026-06-25 15:37:27,1
INT0000000058,PLAY0000000513,U0005800,V00011932,like,2026-08-22 22:00:18,1
INT0000000059,PLAY0000000531,U0011803,V00002283,like,2026-08-28 13:50:09,1
INT0000000060,PLAY0000000541,U0003431,V00012401,like,2026-07-26 05:47:50,1
INT0000000061,PLAY0000000554,U0005640,V00001583,like,2026-08-06 02:14:12,1
INT0000000062,PLAY0000000559,U0008698,V00012324,comment,2026-08-25 16:21:20,1
INT0000000063,PLAY0000000605,U0003219,V00011602,like,2026-08-24 09:46:40,1
INT0000000064,PLAY0000000607,U0003858,V00012112,like,2026-08-27 19:25:54,1
INT0000000065,PLAY0000000611,U0004348,V00010069,follow,2026-08-19 15:38:11,1
INT0000000066,PLAY0000000622,U0008214,V00009168,like,2026-08-15 16:49:12,1
INT0000000067,PLAY0000000625,U0006431,V00012433,favorite,2026-07-24 14:01:41,1
INT0000000068,PLAY0000000629,U0007815,V00004657,like,2026-07-06 01:48:42,1
INT0000000069,PLAY0000000655,U0011488,V00008501,favorite,2026-08-16 02:46:21,1
INT0000000070,PLAY0000000670,U0011942,V00005349,favorite,2026-07-02 20:52:55,1
INT0000000071,PLAY0000000674,U0001702,V00014414,like,2026-06-13 11:11:15,1
INT0000000072,PLAY0000000690,U0003591,V00005891,favorite,2026-07-03 23:38:40,1
INT0000000073,PLAY0000000691,U0006732,V00007460,like,2026-08-24 14:26:13,1
INT0000000074,PLAY0000000699,U0005288,V00005686,comment,2026-07-26 21:44:57,1
INT0000000075,PLAY0000000702,U0003737,V00003086,like,2026-08-08 03:58:01,1
INT0000000076,PLAY0000000704,U0004265,V00007148,follow,2026-08-12 01:25:35,1
INT0000000077,PLAY0000000718,U0005305,V00004634,like,2026-04-27 20:09:26,1
INT0000000078,PLAY0000000720,U0010280,V00005869,like,2026-08-21 12:17:24,1
INT0000000079,PLAY0000000724,U0001916,V00011990,share,2026-06-19 17:52:06,1
INT0000000080,PLAY0000000726,U0005864,V00001040,like,2026-08-27 11:24:22,1
INT0000000081,PLAY0000000733,U0002704,V00002239,follow,2026-03-18 12:30:17,1
INT0000000082,PLAY0000000735,U0001888,V00006034,favorite,2026-07-25 23:41:26,1
INT0000000083,PLAY0000000737,U0003384,V00010860,like,2026-02-23 11:21:01,1
INT0000000084,PLAY0000000744,U0009240,V00014809,like,2026-03-24 16:03:48,1
INT0000000085,PLAY0000000769,U0006116,V00010777,like,2026-06-23 23:21:55,1
INT0000000086,PLAY0000000788,U0002638,V00001007,like,2026-08-24 23:29:08,1
INT0000000087,PLAY0000000790,U0000912,V00003227,share,2026-08-28 23:03:59,1
INT0000000088,PLAY0000000791,U0003890,V00008506,like,2026-08-25 03:04:06,1
INT0000000089,PLAY0000000801,U0001230,V00001823,follow,2026-07-23 06:33:16,1
INT0000000090,PLAY0000000813,U0008237,V00014766,share,2026-08-24 21:16:39,1
INT0000000091,PLAY0000000820,U0008062,V00014203,like,2026-08-04 08:41:47,1
INT0000000092,PLAY0000000828,U0011409,V00005490,favorite,2026-07-15 20:36:17,1
INT0000000093,PLAY0000000831,U0003334,V00003188,comment,2026-07-16 00:13:44,1
INT0000000094,PLAY0000000832,U0003928,V00006952,comment,2026-06-24 01:49:36,1
INT0000000095,PLAY0000000836,U0007877,V00014536,like,2026-07-04 06:07:36,1
INT0000000096,PLAY0000000846,U0007550,V00014452,favorite,2026-08-05 04:32:44,1
INT0000000097,PLAY0000000847,U0003616,V00005425,like,2026-07-13 20:08:49,1
INT0000000098,PLAY0000000850,U0009144,V00005633,like,2026-08-22 20:51:13,1
INT0000000099,PLAY0000000853,U0002679,V00010388,like,2026-07-14 04:01:34,1
INT0000000100,PLAY0000000857,U0004214,V00006138,like,2026-08-22 20:29:17,1
INT0000000101,PLAY0000000862,U0000819,V00012882,comment,2026-08-08 15:01:24,1
INT0000000102,PLAY0000000864,U0006002,V00010433,share,2026-02-22 12:39:30,1
INT0000000103,PLAY0000000867,U0001919,V00012936,comment,2026-08-17 07:32:11,1
INT0000000104,PLAY0000000869,U0004589,V00000977,comment,2026-07-05 14:03:30,1
INT0000000105,PLAY0000000873,U0011055,V00005013,share,2026-08-18 10:20:22,1
INT0000000106,PLAY0000000879,U0004445,V00012910,like,2026-08-16 21:21:43,1
INT0000000107,PLAY0000000885,U0004409,V00001936,like,2026-08-20 06:32:32,1
INT0000000108,PLAY0000000899,U0009774,V00007736,like,2026-05-26 06:36:09,1
INT0000000109,PLAY0000000918,U0000943,V00014811,favorite,2026-08-15 23:37:09,1
INT0000000110,PLAY0000000921,U0007329,V00001748,comment,2026-03-23 06:06:28,1
INT0000000111,PLAY0000000927,U0003582,V00014677,like,2026-05-24 10:34:01,1
INT0000000112,PLAY0000000928,U0009414,V00003746,share,2026-06-26 17:15:49,1
INT0000000113,PLAY0000000944,U0001870,V00014666,favorite,2026-07-04 22:34:02,1
INT0000000114,PLAY0000000951,U0001549,V00005770,like,2026-08-06 03:15:10,1
INT0000000115,PLAY0000000953,U0001939,V00014111,like,2026-07-05 09:58:42,1
INT0000000116,PLAY0000000955,U0007970,V00001758,favorite,2026-08-07 00:06:02,1
INT0000000117,PLAY0000000972,U0002852,V00005124,like,2026-07-17 14:28:16,1
INT0000000118,PLAY0000000978,U0009607,V00013183,share,2026-05-30 06:34:11,1
INT0000000119,PLAY0000000987,U0004865,V00001000,favorite,2026-05-16 10:11:15,1
INT0000000120,PLAY0000000995,U0001851,V00003101,follow,2026-07-04 13:20:19,1
INT0000000121,PLAY0000001011,U0007849,V00011311,like,2026-06-25 16:52:58,1
INT0000000122,PLAY0000001013,U0009818,V00003948,share,2026-08-27 07:35:08,1
INT0000000123,PLAY0000001028,U0004668,V00001589,follow,2026-08-22 23:06:54,1
INT0000000124,PLAY0000001058,U0003532,V00008288,favorite,2026-05-22 16:18:07,1
INT0000000125,PLAY0000001063,U0007654,V00001850,like,2026-07-30 22:13:23,1
INT0000000126,PLAY0000001069,U0001382,V00008517,favorite,2026-07-19 01:07:04,1
INT0000000127,PLAY0000001088,U0005191,V00011769,share,2026-04-12 06:47:24,1
INT0000000128,PLAY0000001091,U0008392,V00001994,like,2026-08-01 00:22:01,1
INT0000000129,PLAY0000001110,U0001047,V00005979,like,2026-08-21 15:38:25,1
INT0000000130,PLAY0000001117,U0003739,V00001715,like,2026-08-27 06:47:27,1
INT0000000131,PLAY0000001122,U0007044,V00002356,like,2026-07-19 04:01:26,1
INT0000000132,PLAY0000001143,U0009616,V00013744,like,2026-08-27 07:28:01,1
INT0000000133,PLAY0000001160,U0011800,V00014412,like,2026-03-17 14:58:29,1
INT0000000134,PLAY0000001164,U0004294,V00004274,favorite,2026-07-10 01:23:32,1
INT0000000135,PLAY0000001168,U0006622,V00004558,share,2026-06-07 00:37:37,1
INT0000000136,PLAY0000001173,U0009941,V00008763,like,2026-06-12 01:27:51,1
INT0000000137,PLAY0000001174,U0004429,V00010723,like,2026-07-31 14:33:06,1
INT0000000138,PLAY0000001208,U0004944,V00000600,like,2026-07-25 22:03:54,1
INT0000000139,PLAY0000001219,U0007530,V00004983,share,2026-08-09 16:52:52,1
INT0000000140,PLAY0000001235,U0000655,V00001788,share,2026-02-08 13:27:45,1
INT0000000141,PLAY0000001241,U0001158,V00005185,like,2026-05-23 01:33:36,1
INT0000000142,PLAY0000001262,U0007331,V00011494,favorite,2026-08-18 23:17:35,1
INT0000000143,PLAY0000001263,U0011914,V00005373,like,2026-07-08 07:15:00,1
INT0000000144,PLAY0000001281,U0003740,V00004013,like,2026-06-16 10:29:54,1
INT0000000145,PLAY0000001294,U0006181,V00014337,like,2026-08-13 01:42:12,1
INT0000000146,PLAY0000001302,U0009043,V00014486,share,2026-07-17 22:41:55,1
INT0000000147,PLAY0000001307,U0002072,V00005121,comment,2026-04-08 19:05:10,1
INT0000000148,PLAY0000001343,U0003998,V00010027,like,2026-07-25 19:10:29,1
INT0000000149,PLAY0000001350,U0003993,V00010604,follow,2026-08-26 23:09:11,1
INT0000000150,PLAY0000001358,U0006914,V00008580,like,2026-08-23 22:23:58,1
INT0000000151,PLAY0000001360,U0008301,V00005666,favorite,2026-07-21 19:56:35,1
INT0000000152,PLAY0000001362,U0003530,V00013932,like,2026-08-10 14:17:15,1
INT0000000153,PLAY0000001368,U0006621,V00013641,like,2026-04-20 11:28:30,1
INT0000000154,PLAY0000001376,U0006148,V00008836,follow,2026-08-04 15:52:38,1
INT0000000155,PLAY0000001388,U0008727,V00010032,like,2026-07-29 08:09:57,1
INT0000000156,PLAY0000001395,U0000425,V00014516,like,2026-07-26 14:19:25,1
INT0000000157,PLAY0000001404,U0002111,V00013911,follow,2026-08-23 07:30:00,1
INT0000000158,PLAY0000001407,U0001730,V00002058,like,2026-06-08 10:09:12,1
INT0000000159,PLAY0000001408,U0001652,V00002382,share,2026-07-13 11:17:41,1
INT0000000160,PLAY0000001409,U0008765,V00004645,like,2026-06-01 22:32:55,1
INT0000000161,PLAY0000001412,U0004755,V00011416,like,2026-08-19 16:21:34,1
INT0000000162,PLAY0000001421,U0011790,V00008556,follow,2026-08-12 01:18:04,1
INT0000000163,PLAY0000001430,U0003359,V00010787,favorite,2026-08-24 04:19:15,1
INT0000000164,PLAY0000001432,U0006524,V00012596,comment,2026-07-01 17:30:33,1
INT0000000165,PLAY0000001442,U0006571,V00010600,like,2026-06-26 13:26:20,1
INT0000000166,PLAY0000001456,U0000645,V00014934,like,2026-07-14 00:45:51,1
INT0000000167,PLAY0000001459,U0002590,V00008318,like,2026-06-05 04:26:22,1
INT0000000168,PLAY0000001468,U0007948,V00000951,like,2026-06-19 08:59:37,1
INT0000000169,PLAY0000001477,U0003468,V00007218,like,2026-08-07 18:16:02,1
INT0000000170,PLAY0000001482,U0007344,V00011057,favorite,2026-07-26 11:26:03,1
INT0000000171,PLAY0000001485,U0009852,V00002016,like,2026-08-14 19:17:03,1
INT0000000172,PLAY0000001487,U0010793,V00013340,comment,2026-07-14 14:38:31,1
INT0000000173,PLAY0000001500,U0011620,V00006729,like,2026-07-24 18:06:40,1
INT0000000174,PLAY0000001501,U0003059,V00002459,like,2026-06-24 17:38:22,1
INT0000000175,PLAY0000001514,U0005279,V00008239,like,2026-08-25 12:03:54,1
INT0000000176,PLAY0000001519,U0005703,V00002283,like,2026-08-28 16:33:09,1
INT0000000177,PLAY0000001520,U0010691,V00011566,comment,2026-08-10 02:14:25,1
INT0000000178,PLAY0000001522,U0011044,V00004150,favorite,2026-07-19 10:12:12,1
INT0000000179,PLAY0000001540,U0008748,V00000637,like,2026-06-05 22:20:35,1
INT0000000180,PLAY0000001543,U0006729,V00003677,like,2026-04-18 09:45:31,1
INT0000000181,PLAY0000001547,U0006153,V00008821,share,2026-08-26 06:11:03,1
INT0000000182,PLAY0000001556,U0011476,V00007043,favorite,2026-06-03 06:20:16,1
INT0000000183,PLAY0000001559,U0011477,V00004271,like,2026-04-08 05:07:05,1
INT0000000184,PLAY0000001562,U0008864,V00007264,like,2026-08-25 16:22:39,1
INT0000000185,PLAY0000001564,U0009650,V00012759,like,2026-08-12 06:44:08,1
INT0000000186,PLAY0000001570,U0009708,V00008550,like,2026-08-23 02:33:26,1
INT0000000187,PLAY0000001572,U0004218,V00007694,like,2026-06-03 01:59:45,1
INT0000000188,PLAY0000001582,U0003438,V00006261,favorite,2026-03-14 11:09:22,1
INT0000000189,PLAY0000001586,U0001813,V00003707,like,2026-08-18 07:23:03,1
INT0000000190,PLAY0000001594,U0008746,V00008982,comment,2026-07-28 18:37:46,1
INT0000000191,PLAY0000001597,U0003270,V00010360,like,2026-08-03 09:23:00,1
INT0000000192,PLAY0000001607,U0011408,V00012265,like,2026-07-13 03:33:06,1
INT0000000193,PLAY0000001618,U0011422,V00003226,share,2026-05-28 22:57:34,1
INT0000000194,PLAY0000001625,U0005997,V00009516,share,2026-08-19 06:54:33,1
INT0000000195,PLAY0000001639,U0003213,V00000334,comment,2026-08-20 07:13:48,1
INT0000000196,PLAY0000001641,U0011720,V00003204,comment,2026-08-14 11:30:31,1
INT0000000197,PLAY0000001645,U0006769,V00014229,comment,2026-07-12 09:54:01,1
INT0000000198,PLAY0000001651,U0000318,V00003719,comment,2026-06-01 08:26:19,1
INT0000000199,PLAY0000001655,U0000164,V00004498,favorite,2026-06-27 15:19:33,1
INT0000000200,PLAY0000001662,U0009569,V00003583,follow,2026-08-06 03:46:26,1
INT0000000201,PLAY0000001665,U0009058,V00006277,like,2026-05-26 21:24:25,1
INT0000000202,PLAY0000001669,U0002344,V00012367,like,2026-08-01 16:22:57,1
INT0000000203,PLAY0000001675,U0004887,V00005860,follow,2026-08-10 11:09:32,1
INT0000000204,PLAY0000001676,U0007457,V00009812,like,2026-08-07 06:24:59,1
INT0000000205,PLAY0000001689,U0001577,V00014511,like,2026-07-10 08:18:03,1
INT0000000206,PLAY0000001694,U0001415,V00001507,like,2026-08-15 14:03:59,1
INT0000000207,PLAY0000001702,U0004363,V00000017,like,2026-04-27 12:22:28,1
INT0000000208,PLAY0000001705,U0005926,V00014123,like,2026-08-20 18:43:24,1
INT0000000209,PLAY0000001706,U0002426,V00001369,follow,2026-08-23 00:57:25,1
INT0000000210,PLAY0000001714,U0007071,V00002719,comment,2026-08-25 22:35:30,1
INT0000000211,PLAY0000001732,U0003942,V00013557,like,2026-06-03 10:40:39,1
INT0000000212,PLAY0000001738,U0010853,V00012192,like,2026-08-11 10:19:20,1
INT0000000213,PLAY0000001745,U0003308,V00009796,comment,2026-08-28 18:59:19,1
INT0000000214,PLAY0000001749,U0004611,V00009329,comment,2026-08-20 17:56:32,1
INT0000000215,PLAY0000001752,U0002840,V00002242,follow,2026-06-02 20:25:23,1
INT0000000216,PLAY0000001759,U0006443,V00003232,like,2026-08-28 13:08:34,1
INT0000000217,PLAY0000001766,U0011282,V00002059,like,2026-05-19 14:39:33,1
INT0000000218,PLAY0000001780,U0007551,V00014853,like,2026-08-05 02:49:52,1
INT0000000219,PLAY0000001807,U0002158,V00004030,share,2026-08-16 19:13:21,1
INT0000000220,PLAY0000001811,U0001998,V00013420,share,2026-04-27 10:32:38,1
INT0000000221,PLAY0000001818,U0008650,V00001157,share,2026-08-17 06:59:56,1
INT0000000222,PLAY0000001831,U0006821,V00009622,share,2026-08-16 15:11:43,1
INT0000000223,PLAY0000001845,U0011168,V00008362,like,2026-08-18 03:28:20,1
INT0000000224,PLAY0000001847,U0000580,V00013740,follow,2026-08-26 15:59:54,1
INT0000000225,PLAY0000001854,U0008285,V00011118,like,2026-03-02 06:27:29,1
INT0000000226,PLAY0000001882,U0000100,V00003442,comment,2026-08-08 00:18:36,1
INT0000000227,PLAY0000001891,U0007984,V00014199,follow,2026-07-11 19:40:10,1
INT0000000228,PLAY0000001892,U0010701,V00011442,like,2026-07-15 03:41:06,1
INT0000000229,PLAY0000001895,U0007633,V00007592,comment,2026-02-20 19:44:38,1
INT0000000230,PLAY0000001898,U0011792,V00008212,follow,2026-08-12 21:27:10,1
INT0000000231,PLAY0000001899,U0001947,V00006653,like,2026-08-09 05:14:33,1
INT0000000232,PLAY0000001900,U0008759,V00007639,favorite,2026-08-22 12:34:23,1
INT0000000233,PLAY0000001902,U0008056,V00005208,share,2026-07-28 18:40:27,1
INT0000000234,PLAY0000001903,U0011992,V00012883,like,2026-08-27 19:49:04,1
INT0000000235,PLAY0000001904,U0001761,V00003864,comment,2026-08-08 03:06:34,1
INT0000000236,PLAY0000001920,U0008163,V00007006,comment,2026-05-03 14:00:34,1
INT0000000237,PLAY0000001921,U0006501,V00007554,comment,2026-05-29 13:20:31,1
INT0000000238,PLAY0000001924,U0000322,V00011782,like,2026-07-05 03:57:52,1
INT0000000239,PLAY0000001931,U0002990,V00004707,like,2026-07-20 04:50:43,1
INT0000000240,PLAY0000001932,U0010615,V00011082,like,2026-07-30 00:47:35,1
INT0000000241,PLAY0000001936,U0007380,V00005082,like,2026-06-07 17:42:34,1
INT0000000242,PLAY0000001940,U0008210,V00012018,like,2026-05-31 17:53:38,1
INT0000000243,PLAY0000001948,U0001991,V00011763,comment,2026-07-29 07:18:44,1
INT0000000244,PLAY0000001975,U0006333,V00009579,like,2026-05-02 11:35:45,1
INT0000000245,PLAY0000001980,U0010545,V00000383,follow,2026-08-15 07:06:08,1
INT0000000246,PLAY0000001986,U0007272,V00006015,like,2026-07-06 17:29:22,1
INT0000000247,PLAY0000001994,U0008393,V00002809,share,2026-05-28 10:04:42,1
INT0000000248,PLAY0000001995,U0001585,V00012662,like,2026-05-07 01:11:10,1
INT0000000249,PLAY0000001997,U0008259,V00001173,share,2026-06-29 06:38:04,1
INT0000000250,PLAY0000001998,U0011741,V00009672,share,2026-03-20 11:38:39,1
INT0000000251,PLAY0000002010,U0002826,V00013507,like,2026-04-07 17:56:08,1
INT0000000252,PLAY0000002018,U0001350,V00012098,share,2026-08-10 11:13:02,1
INT0000000253,PLAY0000002019,U0008318,V00004955,share,2026-07-19 16:26:41,1
INT0000000254,PLAY0000002020,U0007369,V00008014,like,2026-03-01 03:42:49,1
INT0000000255,PLAY0000002062,U0005483,V00010959,favorite,2026-06-15 05:17:25,1
INT0000000256,PLAY0000002063,U0007521,V00009535,comment,2026-07-19 12:10:53,1
INT0000000257,PLAY0000002065,U0011532,V00005289,share,2026-08-22 01:49:19,1
INT0000000258,PLAY0000002066,U0001573,V00004925,like,2026-08-19 13:15:16,1
INT0000000259,PLAY0000002078,U0005488,V00013678,like,2026-05-28 22:08:51,1
INT0000000260,PLAY0000002081,U0009855,V00005947,like,2026-08-20 13:28:29,1
INT0000000261,PLAY0000002096,U0001485,V00004735,like,2026-07-21 20:02:52,1
INT0000000262,PLAY0000002104,U0001433,V00013800,like,2026-08-15 07:20:31,1
INT0000000263,PLAY0000002132,U0007639,V00009548,like,2026-05-30 06:00:18,1
INT0000000264,PLAY0000002137,U0003981,V00005738,like,2026-08-16 01:13:08,1
INT0000000265,PLAY0000002145,U0001412,V00005579,comment,2026-08-27 00:07:24,1
INT0000000266,PLAY0000002161,U0010195,V00005360,share,2026-08-26 17:37:05,1
INT0000000267,PLAY0000002162,U0004648,V00003341,like,2026-07-30 18:45:44,1
INT0000000268,PLAY0000002178,U0010586,V00004290,like,2026-02-09 23:48:29,1
INT0000000269,PLAY0000002186,U0004298,V00010513,like,2026-07-17 08:51:54,1
INT0000000270,PLAY0000002190,U0008618,V00008577,favorite,2026-06-18 01:10:03,1
INT0000000271,PLAY0000002205,U0011198,V00008585,like,2026-07-03 14:46:12,1
INT0000000272,PLAY0000002211,U0010172,V00002316,share,2026-08-02 15:10:57,1
INT0000000273,PLAY0000002220,U0008369,V00005428,share,2026-08-21 09:52:11,1
INT0000000274,PLAY0000002236,U0001636,V00000448,like,2026-05-06 10:32:08,1
INT0000000275,PLAY0000002255,U0009578,V00000313,comment,2026-08-12 03:04:44,1
INT0000000276,PLAY0000002267,U0000523,V00007190,like,2026-06-30 08:03:17,1
INT0000000277,PLAY0000002281,U0010161,V00003307,follow,2026-07-28 11:28:15,1
INT0000000278,PLAY0000002284,U0010320,V00013069,follow,2026-07-21 17:56:05,1
INT0000000279,PLAY0000002286,U0011650,V00009621,share,2026-07-27 05:38:27,1
INT0000000280,PLAY0000002287,U0009591,V00011023,like,2026-08-27 04:15:39,1
INT0000000281,PLAY0000002289,U0008472,V00009944,share,2026-08-27 13:04:21,1
INT0000000282,PLAY0000002291,U0011163,V00008299,like,2026-08-06 03:42:30,1
INT0000000283,PLAY0000002295,U0002378,V00003451,comment,2026-07-25 22:13:28,1
INT0000000284,PLAY0000002305,U0000270,V00002531,comment,2026-07-22 09:20:22,1
INT0000000285,PLAY0000002306,U0006780,V00014467,follow,2026-08-20 11:08:41,1
INT0000000286,PLAY0000002308,U0001567,V00004175,like,2026-08-08 03:51:36,1
INT0000000287,PLAY0000002309,U0011552,V00002899,like,2026-04-19 13:18:44,1
INT0000000288,PLAY0000002318,U0011371,V00008890,like,2026-08-06 15:40:29,1
INT0000000289,PLAY0000002322,U0003752,V00003914,like,2026-05-05 22:32:54,1
INT0000000290,PLAY0000002329,U0010733,V00013116,follow,2026-08-24 11:35:33,1
INT0000000291,PLAY0000002342,U0010362,V00005068,like,2026-08-25 08:36:23,1
INT0000000292,PLAY0000002345,U0010425,V00014554,favorite,2026-08-11 20:28:56,1
INT0000000293,PLAY0000002358,U0008970,V00010813,like,2026-08-16 03:15:57,1
INT0000000294,PLAY0000002362,U0001680,V00008795,share,2026-04-24 08:09:34,1
INT0000000295,PLAY0000002365,U0006149,V00005953,like,2026-07-20 03:32:27,1
INT0000000296,PLAY0000002368,U0003265,V00000655,like,2026-08-23 07:02:17,1
INT0000000297,PLAY0000002394,U0004445,V00004545,comment,2026-07-22 15:47:14,1
INT0000000298,PLAY0000002397,U0011025,V00000803,like,2026-08-01 12:47:17,1
INT0000000299,PLAY0000002401,U0002517,V00004802,comment,2026-06-19 14:59:53,1
INT0000000300,PLAY0000002411,U0004028,V00003715,like,2026-07-24 05:17:36,1
INT0000000301,PLAY0000002415,U0006402,V00013084,follow,2026-08-28 02:05:30,1
INT0000000302,PLAY0000002417,U0009837,V00010464,like,2026-05-13 19:12:07,1
INT0000000303,PLAY0000002421,U0000857,V00011611,like,2026-03-23 01:30:46,1
INT0000000304,PLAY0000002426,U0003399,V00004045,favorite,2026-07-06 05:54:52,1
INT0000000305,PLAY0000002430,U0006813,V00013224,like,2026-07-18 01:48:26,1
INT0000000306,PLAY0000002433,U0003819,V00014801,like,2026-06-18 18:55:39,1
INT0000000307,PLAY0000002435,U0004433,V00011275,favorite,2026-08-11 00:49:30,1
INT0000000308,PLAY0000002460,U0008362,V00006681,favorite,2026-08-11 04:27:29,1
INT0000000309,PLAY0000002465,U0008029,V00009765,like,2026-07-21 23:25:09,1
INT0000000310,PLAY0000002491,U0007410,V00005627,like,2026-06-12 02:49:57,1
INT0000000311,PLAY0000002510,U0004676,V00008523,favorite,2026-07-26 10:27:40,1
INT0000000312,PLAY0000002518,U0001839,V00014558,like,2026-06-26 18:53:06,1
INT0000000313,PLAY0000002526,U0003854,V00011225,like,2026-07-29 15:59:51,1
INT0000000314,PLAY0000002527,U0001387,V00011521,favorite,2026-08-03 23:31:13,1
INT0000000315,PLAY0000002549,U0003843,V00008219,comment,2026-07-27 12:35:41,1
INT0000000316,PLAY0000002554,U0003347,V00010564,favorite,2026-05-04 00:42:25,1
INT0000000317,PLAY0000002556,U0002276,V00011733,follow,2026-02-15 01:02:19,1
INT0000000318,PLAY0000002558,U0010849,V00011907,favorite,2026-07-07 19:57:41,1
INT0000000319,PLAY0000002563,U0006117,V00005339,like,2026-05-02 16:41:15,1
INT0000000320,PLAY0000002564,U0002242,V00012638,favorite,2026-06-19 14:22:06,1
INT0000000321,PLAY0000002565,U0002194,V00002985,like,2026-07-19 23:14:11,1
INT0000000322,PLAY0000002567,U0003757,V00001756,like,2026-08-12 14:31:58,1
INT0000000323,PLAY0000002569,U0005061,V00005024,favorite,2026-08-25 01:33:30,1
INT0000000324,PLAY0000002571,U0005532,V00006887,like,2026-06-25 23:25:53,1
INT0000000325,PLAY0000002572,U0000993,V00000135,follow,2026-08-07 06:25:54,1
INT0000000326,PLAY0000002577,U0008808,V00009732,comment,2026-08-12 22:54:33,1
INT0000000327,PLAY0000002580,U0008842,V00009911,like,2026-06-12 07:18:20,1
INT0000000328,PLAY0000002582,U0007553,V00013165,like,2026-06-23 12:09:01,1
INT0000000329,PLAY0000002606,U0004625,V00001399,like,2026-08-23 05:33:11,1
INT0000000330,PLAY0000002613,U0008566,V00003009,share,2026-08-22 07:16:04,1
INT0000000331,PLAY0000002627,U0007432,V00008251,favorite,2026-07-04 00:38:58,1
INT0000000332,PLAY0000002628,U0003237,V00010740,like,2026-02-27 19:23:02,1
INT0000000333,PLAY0000002629,U0007543,V00008663,share,2026-08-18 05:38:35,1
INT0000000334,PLAY0000002649,U0005429,V00014622,like,2026-07-02 10:25:48,1
INT0000000335,PLAY0000002652,U0004226,V00007574,comment,2026-08-09 07:01:33,1
INT0000000336,PLAY0000002659,U0007835,V00002420,follow,2026-06-28 01:57:43,1
INT0000000337,PLAY0000002664,U0005843,V00008632,share,2026-06-10 11:11:54,1
INT0000000338,PLAY0000002690,U0000793,V00009077,favorite,2026-08-27 12:44:36,1
INT0000000339,PLAY0000002701,U0003209,V00013726,like,2026-07-20 08:50:11,1
INT0000000340,PLAY0000002731,U0000830,V00013403,share,2026-07-24 21:27:37,1
INT0000000341,PLAY0000002732,U0007524,V00008115,like,2026-08-16 17:11:26,1
INT0000000342,PLAY0000002740,U0007500,V00006422,like,2026-08-11 15:40:58,1
INT0000000343,PLAY0000002749,U0006651,V00010802,share,2026-05-02 12:11:33,1
INT0000000344,PLAY0000002750,U0007029,V00002730,share,2026-08-13 13:15:48,1
INT0000000345,PLAY0000002751,U0006397,V00009051,share,2026-07-14 22:22:06,1
INT0000000346,PLAY0000002753,U0006056,V00005110,comment,2026-08-23 23:41:18,1
INT0000000347,PLAY0000002776,U0000661,V00008374,like,2026-08-14 04:36:05,1
INT0000000348,PLAY0000002778,U0010727,V00010312,share,2026-06-20 16:49:11,1
INT0000000349,PLAY0000002786,U0008252,V00006404,share,2026-04-03 20:30:05,1
INT0000000350,PLAY0000002791,U0000885,V00010483,like,2026-08-18 23:37:15,1
INT0000000351,PLAY0000002805,U0011950,V00009382,like,2026-02-08 21:55:37,1
INT0000000352,PLAY0000002807,U0010031,V00014784,follow,2026-06-26 02:46:15,1
INT0000000353,PLAY0000002812,U0000177,V00008970,share,2026-07-23 22:34:10,1
INT0000000354,PLAY0000002813,U0002590,V00005429,like,2026-07-15 01:05:40,1
INT0000000355,PLAY0000002819,U0004686,V00012739,like,2026-08-27 18:52:46,1
INT0000000356,PLAY0000002838,U0008943,V00009980,like,2026-07-25 13:32:55,1
INT0000000357,PLAY0000002843,U0000330,V00002980,like,2026-05-25 12:24:58,1
INT0000000358,PLAY0000002850,U0010730,V00004832,favorite,2026-07-14 10:55:16,1
INT0000000359,PLAY0000002852,U0000923,V00014618,like,2026-05-12 06:48:57,1
INT0000000360,PLAY0000002864,U0010712,V00000529,like,2026-08-05 11:08:32,1
INT0000000361,PLAY0000002866,U0001693,V00003035,like,2026-08-14 10:26:32,1
INT0000000362,PLAY0000002868,U0007189,V00009299,like,2026-08-26 08:24:31,1
INT0000000363,PLAY0000002870,U0011640,V00008092,like,2026-07-28 23:50:29,1
INT0000000364,PLAY0000002894,U0000151,V00010724,share,2026-08-03 08:42:53,1
INT0000000365,PLAY0000002896,U0006526,V00012186,comment,2026-08-24 06:48:33,1
INT0000000366,PLAY0000002899,U0006959,V00010289,like,2026-04-22 18:24:32,1
INT0000000367,PLAY0000002914,U0008975,V00006291,comment,2026-07-09 10:05:10,1
INT0000000368,PLAY0000002922,U0005108,V00009450,comment,2026-07-21 02:35:20,1
INT0000000369,PLAY0000002923,U0000575,V00013553,favorite,2026-08-23 21:04:44,1
INT0000000370,PLAY0000002933,U0006050,V00000046,share,2026-06-21 07:10:08,1
INT0000000371,PLAY0000002935,U0003579,V00002714,favorite,2026-08-24 08:33:07,1
INT0000000372,PLAY0000002937,U0005447,V00000644,like,2026-04-07 11:43:49,1
INT0000000373,PLAY0000002939,U0006900,V00003174,favorite,2026-07-11 00:41:50,1
INT0000000374,PLAY0000002940,U0007507,V00003178,like,2026-06-08 06:17:27,1
INT0000000375,PLAY0000002950,U0006215,V00006274,share,2026-08-02 01:49:22,1
INT0000000376,PLAY0000002954,U0003555,V00013694,share,2026-08-25 09:12:38,1
INT0000000377,PLAY0000002973,U0008543,V00007192,like,2026-04-19 20:50:24,1
INT0000000378,PLAY0000002979,U0004760,V00004074,comment,2026-08-10 17:28:23,1
INT0000000379,PLAY0000003003,U0002886,V00007001,like,2026-07-19 22:42:21,1
INT0000000380,PLAY0000003009,U0008783,V00010554,like,2026-08-05 06:14:19,1
INT0000000381,PLAY0000003027,U0010314,V00010480,like,2026-08-21 11:25:56,1
INT0000000382,PLAY0000003037,U0010746,V00003981,like,2026-08-21 02:54:08,1
INT0000000383,PLAY0000003046,U0000359,V00013084,like,2026-08-28 21:46:30,1
INT0000000384,PLAY0000003050,U0008991,V00004394,comment,2026-08-26 11:18:19,1
INT0000000385,PLAY0000003058,U0002624,V00013412,comment,2026-08-25 04:32:05,1
INT0000000386,PLAY0000003061,U0000173,V00011679,follow,2026-08-07 23:50:28,1
INT0000000387,PLAY0000003070,U0009071,V00011063,like,2026-08-19 01:52:47,1
INT0000000388,PLAY0000003084,U0009319,V00013491,like,2026-07-10 09:15:07,1
INT0000000389,PLAY0000003085,U0001654,V00010582,like,2026-08-16 09:04:10,1
INT0000000390,PLAY0000003099,U0008556,V00007309,like,2026-06-30 19:52:32,1
INT0000000391,PLAY0000003100,U0010605,V00013893,like,2026-07-09 11:28:07,1
INT0000000392,PLAY0000003107,U0003765,V00005331,like,2026-06-03 17:01:04,1
INT0000000393,PLAY0000003108,U0011846,V00005042,like,2026-08-09 19:08:04,1
INT0000000394,PLAY0000003127,U0002974,V00002050,comment,2026-01-31 04:31:44,1
INT0000000395,PLAY0000003143,U0000666,V00011918,like,2026-06-21 23:27:30,1
INT0000000396,PLAY0000003171,U0001318,V00003153,like,2026-07-19 07:53:10,1
INT0000000397,PLAY0000003177,U0000172,V00006254,follow,2026-03-29 07:32:50,1
INT0000000398,PLAY0000003184,U0005260,V00013707,like,2026-07-30 09:05:16,1
INT0000000399,PLAY0000003188,U0007084,V00010884,like,2026-08-24 08:12:56,1
INT0000000400,PLAY0000003190,U0008993,V00011111,like,2026-05-08 10:16:30,1
INT0000000401,PLAY0000003195,U0009597,V00006129,like,2026-02-18 16:16:48,1
INT0000000402,PLAY0000003196,U0011447,V00009564,like,2026-07-13 18:35:57,1
INT0000000403,PLAY0000003199,U0005414,V00003882,like,2026-05-11 03:39:12,1
INT0000000404,PLAY0000003204,U0008060,V00010361,like,2026-07-13 15:13:34,1
INT0000000405,PLAY0000003210,U0010586,V00011154,like,2026-04-22 12:39:25,1
INT0000000406,PLAY0000003216,U0000848,V00012861,share,2026-08-11 01:24:05,1
INT0000000407,PLAY0000003219,U0001047,V00002995,like,2026-06-21 09:59:45,1
INT0000000408,PLAY0000003220,U0002220,V00008187,like,2026-07-25 22:52:44,1
INT0000000409,PLAY0000003227,U0004926,V00012903,like,2026-08-16 20:59:12,1
INT0000000410,PLAY0000003229,U0009123,V00005137,like,2026-06-11 03:58:49,1
INT0000000411,PLAY0000003233,U0005082,V00014853,share,2026-08-08 14:51:37,1
INT0000000412,PLAY0000003251,U0003132,V00003030,like,2026-06-07 05:53:00,1
INT0000000413,PLAY0000003264,U0001526,V00002961,like,2026-03-26 18:13:50,1
INT0000000414,PLAY0000003271,U0004738,V00013864,like,2026-01-07 21:33:37,1
INT0000000415,PLAY0000003276,U0008460,V00014351,like,2026-06-18 08:29:18,1
INT0000000416,PLAY0000003278,U0004726,V00006407,like,2026-08-15 11:06:09,1
INT0000000417,PLAY0000003281,U0000241,V00014877,comment,2026-08-28 21:23:04,1
INT0000000418,PLAY0000003282,U0004849,V00002228,like,2026-08-13 11:39:24,1
INT0000000419,PLAY0000003286,U0008832,V00013778,like,2026-07-29 17:50:15,1
INT0000000420,PLAY0000003293,U0000770,V00003150,like,2026-08-17 09:17:56,1
INT0000000421,PLAY0000003294,U0006685,V00007305,like,2026-07-11 15:49:53,1
INT0000000422,PLAY0000003327,U0008229,V00008478,like,2026-04-20 16:49:47,1
INT0000000423,PLAY0000003328,U0009148,V00007675,like,2026-08-26 03:03:07,1
INT0000000424,PLAY0000003329,U0001112,V00003713,favorite,2026-04-11 10:50:09,1
INT0000000425,PLAY0000003333,U0011202,V00007080,favorite,2026-07-31 00:13:29,1
INT0000000426,PLAY0000003340,U0004442,V00005772,like,2026-08-21 11:25:51,1
INT0000000427,PLAY0000003343,U0002950,V00007732,share,2026-04-21 07:06:05,1
INT0000000428,PLAY0000003350,U0000317,V00010917,like,2026-06-01 19:59:59,1
INT0000000429,PLAY0000003362,U0003977,V00004426,like,2026-08-13 07:55:58,1
INT0000000430,PLAY0000003376,U0002311,V00003439,like,2026-06-09 11:19:17,1
INT0000000431,PLAY0000003380,U0006589,V00000439,favorite,2026-07-06 01:05:07,1
INT0000000432,PLAY0000003391,U0003940,V00001441,like,2026-06-07 21:48:02,1
INT0000000433,PLAY0000003397,U0001617,V00002154,comment,2026-08-09 13:55:13,1
INT0000000434,PLAY0000003404,U0000659,V00011127,comment,2026-08-02 15:58:30,1
INT0000000435,PLAY0000003406,U0007138,V00005737,comment,2026-07-20 19:49:45,1
INT0000000436,PLAY0000003435,U0010102,V00013447,favorite,2026-08-20 07:33:40,1
INT0000000437,PLAY0000003438,U0007480,V00014986,like,2026-05-30 14:40:28,1
INT0000000438,PLAY0000003448,U0007622,V00002878,like,2026-06-07 18:54:58,1
INT0000000439,PLAY0000003457,U0005467,V00010780,like,2026-07-20 20:24:36,1
INT0000000440,PLAY0000003470,U0004272,V00007730,like,2026-06-15 05:54:41,1
INT0000000441,PLAY0000003471,U0011408,V00000976,comment,2026-07-12 21:50:03,1
INT0000000442,PLAY0000003472,U0001579,V00014061,like,2026-08-13 17:54:57,1
INT0000000443,PLAY0000003484,U0001775,V00009123,like,2026-08-04 15:51:20,1
INT0000000444,PLAY0000003492,U0005882,V00003421,like,2026-07-07 05:58:13,1
INT0000000445,PLAY0000003494,U0006680,V00004206,like,2026-08-17 09:01:25,1
INT0000000446,PLAY0000003495,U0008479,V00013807,like,2026-08-28 11:23:51,1
INT0000000447,PLAY0000003506,U0003419,V00011499,comment,2026-07-25 07:31:01,1
INT0000000448,PLAY0000003508,U0009385,V00010302,share,2026-07-28 20:21:51,1
INT0000000449,PLAY0000003510,U0009897,V00009128,follow,2026-07-27 16:18:18,1
INT0000000450,PLAY0000003524,U0005941,V00004623,comment,2026-04-07 18:36:59,1
INT0000000451,PLAY0000003528,U0008765,V00014352,follow,2026-08-23 06:53:35,1
INT0000000452,PLAY0000003530,U0005128,V00001354,favorite,2026-07-17 19:47:29,1
INT0000000453,PLAY0000003546,U0009726,V00014409,like,2026-08-24 09:44:26,1
INT0000000454,PLAY0000003558,U0000059,V00014504,like,2026-08-15 19:29:27,1
INT0000000455,PLAY0000003571,U0008934,V00009207,like,2026-08-16 15:28:57,1
INT0000000456,PLAY0000003575,U0006258,V00007967,like,2026-08-28 00:09:43,1
INT0000000457,PLAY0000003582,U0006334,V00006999,share,2026-08-26 04:11:53,1
INT0000000458,PLAY0000003589,U0008211,V00006717,follow,2026-08-26 21:10:03,1
INT0000000459,PLAY0000003592,U0009220,V00004449,comment,2026-08-22 08:52:09,1
INT0000000460,PLAY0000003600,U0007547,V00011072,like,2026-08-28 22:35:15,1
INT0000000461,PLAY0000003603,U0008778,V00003540,like,2026-06-27 11:06:46,1
INT0000000462,PLAY0000003613,U0004658,V00007997,follow,2026-07-19 12:44:22,1
INT0000000463,PLAY0000003614,U0006553,V00002098,share,2026-08-08 10:01:25,1
INT0000000464,PLAY0000003618,U0002902,V00012506,share,2026-08-08 22:07:01,1
INT0000000465,PLAY0000003625,U0007332,V00004173,like,2026-07-30 04:39:13,1
INT0000000466,PLAY0000003627,U0004787,V00002966,comment,2026-07-25 00:14:17,1
INT0000000467,PLAY0000003631,U0008252,V00000003,like,2026-07-17 11:29:45,1
INT0000000468,PLAY0000003633,U0005325,V00011902,follow,2026-08-26 03:29:24,1
INT0000000469,PLAY0000003635,U0009352,V00004868,like,2026-07-27 22:18:15,1
INT0000000470,PLAY0000003650,U0008671,V00004550,comment,2026-08-21 14:11:21,1
INT0000000471,PLAY0000003654,U0005891,V00007586,like,2026-08-19 23:01:42,1
INT0000000472,PLAY0000003657,U0011519,V00000375,like,2026-08-28 17:33:52,1
INT0000000473,PLAY0000003665,U0004128,V00005283,like,2026-07-25 02:45:39,1
INT0000000474,PLAY0000003668,U0005814,V00006060,like,2026-07-05 00:22:30,1
INT0000000475,PLAY0000003673,U0002362,V00011417,like,2026-08-27 22:01:39,1
INT0000000476,PLAY0000003675,U0002532,V00005110,like,2026-08-25 12:21:59,1
INT0000000477,PLAY0000003678,U0004003,V00011656,like,2026-08-04 22:57:51,1
INT0000000478,PLAY0000003687,U0001812,V00001592,like,2026-08-12 22:57:34,1
INT0000000479,PLAY0000003688,U0008335,V00009202,favorite,2026-08-09 07:20:56,1
INT0000000480,PLAY0000003700,U0006560,V00014556,like,2026-04-24 10:23:58,1
INT0000000481,PLAY0000003714,U0002603,V00005893,comment,2026-07-29 10:41:14,1
INT0000000482,PLAY0000003723,U0009634,V00011325,comment,2026-08-23 13:36:57,1
INT0000000483,PLAY0000003735,U0010041,V00008272,favorite,2026-08-04 09:34:49,1
INT0000000484,PLAY0000003743,U0005576,V00001778,like,2026-05-15 18:20:39,1
INT0000000485,PLAY0000003745,U0010858,V00012091,comment,2026-08-13 03:44:08,1
INT0000000486,PLAY0000003754,U0008448,V00013807,like,2026-03-21 12:19:10,1
INT0000000487,PLAY0000003755,U0008448,V00010650,comment,2026-06-14 15:04:00,1
INT0000000488,PLAY0000003762,U0005085,V00014162,like,2026-07-29 12:17:51,1
INT0000000489,PLAY0000003797,U0004561,V00014621,like,2026-08-25 06:12:57,1
INT0000000490,PLAY0000003798,U0006570,V00014582,share,2026-07-14 05:28:46,1
INT0000000491,PLAY0000003802,U0001636,V00010662,like,2026-06-27 22:14:12,1
INT0000000492,PLAY0000003808,U0002366,V00003219,like,2026-08-21 03:00:37,1
INT0000000493,PLAY0000003810,U0003080,V00013644,like,2026-08-08 16:26:19,1
INT0000000494,PLAY0000003812,U0008288,V00001691,like,2026-03-24 01:52:58,1
INT0000000495,PLAY0000003816,U0008155,V00000513,like,2026-08-13 08:39:44,1
INT0000000496,PLAY0000003822,U0003010,V00001649,comment,2026-08-11 06:58:06,1
INT0000000497,PLAY0000003826,U0010784,V00012427,comment,2026-07-02 22:03:24,1
INT0000000498,PLAY0000003827,U0011220,V00013964,follow,2026-03-31 02:02:05,1
INT0000000499,PLAY0000003833,U0006173,V00013364,follow,2026-07-05 03:18:54,1
INT0000000500,PLAY0000003835,U0001582,V00005184,like,2026-08-25 22:32:28,1
INT0000000501,PLAY0000003841,U0007407,V00009653,like,2026-07-30 06:59:13,1
INT0000000502,PLAY0000003846,U0009765,V00005942,share,2026-07-26 22:25:15,1
INT0000000503,PLAY0000003847,U0002498,V00014978,favorite,2026-08-17 01:36:16,1
INT0000000504,PLAY0000003849,U0004340,V00005186,follow,2026-07-05 13:07:45,1
INT0000000505,PLAY0000003858,U0007052,V00000501,like,2026-08-24 00:08:35,1
INT0000000506,PLAY0000003864,U0004883,V00014597,like,2026-07-22 13:44:42,1
INT0000000507,PLAY0000003869,U0002853,V00001698,share,2026-04-27 03:48:21,1
INT0000000508,PLAY0000003904,U0005887,V00011801,favorite,2026-05-23 13:48:36,1
INT0000000509,PLAY0000003907,U0000308,V00002252,comment,2026-06-27 08:49:03,1
INT0000000510,PLAY0000003913,U0008431,V00003678,like,2026-07-10 02:00:35,1
INT0000000511,PLAY0000003915,U0007313,V00010982,follow,2026-08-28 18:02:40,1
INT0000000512,PLAY0000003918,U0011224,V00002713,share,2026-04-03 17:11:34,1
INT0000000513,PLAY0000003921,U0004749,V00000252,follow,2026-08-28 23:36:33,1
INT0000000514,PLAY0000003937,U0000499,V00011705,like,2026-08-05 23:49:23,1
INT0000000515,PLAY0000003938,U0011538,V00003135,like,2026-02-25 12:20:39,1
INT0000000516,PLAY0000003950,U0006106,V00009820,like,2026-07-25 18:19:20,1
INT0000000517,PLAY0000003960,U0006035,V00003558,like,2026-08-25 02:01:59,1
INT0000000518,PLAY0000003962,U0010556,V00002836,like,2026-08-26 16:00:08,1
INT0000000519,PLAY0000003964,U0006668,V00001556,favorite,2026-08-24 10:56:08,1
INT0000000520,PLAY0000003977,U0009387,V00001766,like,2026-05-31 14:33:08,1
INT0000000521,PLAY0000003978,U0006789,V00008682,like,2026-07-11 21:58:08,1
INT0000000522,PLAY0000003979,U0004780,V00006645,follow,2026-08-12 07:31:19,1
INT0000000523,PLAY0000003980,U0010709,V00010631,share,2026-06-02 05:28:10,1
INT0000000524,PLAY0000003984,U0006021,V00001782,share,2026-08-17 03:08:15,1
INT0000000525,PLAY0000003986,U0008594,V00000222,like,2026-08-16 00:21:57,1
INT0000000526,PLAY0000004006,U0003363,V00002132,like,2026-05-24 06:12:36,1
INT0000000527,PLAY0000004011,U0002071,V00003725,favorite,2026-08-22 05:18:09,1
INT0000000528,PLAY0000004013,U0003639,V00004725,like,2026-08-23 23:55:15,1
INT0000000529,PLAY0000004016,U0011185,V00007702,favorite,2026-08-07 00:10:00,1
INT0000000530,PLAY0000004017,U0006955,V00005020,share,2026-07-16 22:01:13,1
INT0000000531,PLAY0000004018,U0008307,V00003250,like,2026-08-07 02:21:56,1
INT0000000532,PLAY0000004023,U0010728,V00003647,favorite,2026-08-25 13:11:25,1
INT0000000533,PLAY0000004031,U0011219,V00002448,comment,2026-07-28 06:01:48,1
INT0000000534,PLAY0000004032,U0000300,V00000464,like,2026-07-16 22:47:13,1
INT0000000535,PLAY0000004035,U0010687,V00000913,like,2026-08-22 03:12:27,1
INT0000000536,PLAY0000004041,U0000108,V00001992,like,2026-08-22 13:48:33,1
INT0000000537,PLAY0000004044,U0003684,V00004145,like,2026-02-16 22:49:11,1
INT0000000538,PLAY0000004047,U0001330,V00004332,comment,2026-04-06 16:53:09,1
INT0000000539,PLAY0000004051,U0008665,V00014881,comment,2026-08-15 13:04:08,1
INT0000000540,PLAY0000004058,U0006283,V00014002,like,2026-08-02 04:11:27,1
INT0000000541,PLAY0000004077,U0010661,V00007874,like,2026-07-01 02:56:44,1
INT0000000542,PLAY0000004089,U0006818,V00005183,like,2026-02-03 21:37:22,1
INT0000000543,PLAY0000004105,U0010661,V00011686,share,2026-07-28 02:41:30,1
INT0000000544,PLAY0000004107,U0003938,V00005517,share,2026-04-16 17:28:59,1
INT0000000545,PLAY0000004114,U0009927,V00014664,like,2026-08-29 00:01:27,1
INT0000000546,PLAY0000004118,U0011048,V00014811,favorite,2026-05-08 16:50:13,1
INT0000000547,PLAY0000004119,U0008407,V00010943,like,2026-08-13 21:58:19,1
INT0000000548,PLAY0000004127,U0003855,V00005983,share,2026-08-27 20:40:03,1
INT0000000549,PLAY0000004135,U0010647,V00000612,comment,2026-07-12 07:27:11,1
INT0000000550,PLAY0000004152,U0009745,V00003056,like,2026-08-21 20:35:28,1
INT0000000551,PLAY0000004158,U0002456,V00004714,share,2026-07-15 05:01:01,1
INT0000000552,PLAY0000004164,U0008708,V00001733,like,2026-08-06 20:37:02,1
INT0000000553,PLAY0000004181,U0000570,V00012002,like,2026-08-28 00:47:52,1
INT0000000554,PLAY0000004193,U0010030,V00010748,like,2026-07-15 03:11:51,1
INT0000000555,PLAY0000004197,U0011288,V00007532,like,2026-08-12 05:38:22,1
INT0000000556,PLAY0000004204,U0001908,V00012862,favorite,2026-08-01 13:30:55,1
INT0000000557,PLAY0000004207,U0003567,V00008910,follow,2026-07-19 02:13:17,1
INT0000000558,PLAY0000004213,U0010839,V00011720,like,2026-08-05 12:49:02,1
INT0000000559,PLAY0000004218,U0009694,V00001487,like,2026-08-19 01:10:30,1
INT0000000560,PLAY0000004239,U0006915,V00003968,share,2026-05-20 22:11:02,1
INT0000000561,PLAY0000004241,U0007892,V00012523,like,2026-07-16 17:30:22,1
INT0000000562,PLAY0000004246,U0009978,V00009804,comment,2026-06-30 04:35:10,1
INT0000000563,PLAY0000004257,U0011911,V00013253,share,2026-08-22 00:26:46,1
INT0000000564,PLAY0000004268,U0007408,V00008338,like,2026-05-05 19:15:13,1
INT0000000565,PLAY0000004278,U0002696,V00002751,like,2026-06-08 12:20:50,1
INT0000000566,PLAY0000004286,U0005658,V00011817,like,2026-07-23 07:49:53,1
INT0000000567,PLAY0000004289,U0005384,V00014463,like,2026-07-11 00:25:19,1
INT0000000568,PLAY0000004296,U0006298,V00006004,like,2026-04-21 07:57:32,1
INT0000000569,PLAY0000004300,U0010848,V00010118,like,2026-08-03 21:06:28,1
INT0000000570,PLAY0000004303,U0005796,V00009069,share,2026-07-23 00:57:57,1
INT0000000571,PLAY0000004312,U0007687,V00010626,like,2026-06-21 21:49:11,1
INT0000000572,PLAY0000004318,U0010002,V00013309,follow,2026-08-25 05:46:38,1
INT0000000573,PLAY0000004320,U0009069,V00006574,like,2026-08-08 03:37:06,1
INT0000000574,PLAY0000004321,U0006315,V00012205,comment,2026-08-14 08:27:05,1
INT0000000575,PLAY0000004332,U0001156,V00003852,follow,2026-05-07 01:50:44,1
INT0000000576,PLAY0000004335,U0001575,V00004651,like,2026-07-04 11:15:21,1
INT0000000577,PLAY0000004337,U0006336,V00000451,follow,2026-05-09 10:49:15,1
INT0000000578,PLAY0000004339,U0007973,V00011903,like,2026-05-28 14:12:29,1
INT0000000579,PLAY0000004345,U0001032,V00010982,like,2026-08-28 22:25:44,1
INT0000000580,PLAY0000004349,U0004160,V00012365,favorite,2026-05-05 11:46:36,1
INT0000000581,PLAY0000004358,U0011480,V00005136,comment,2026-05-07 23:13:47,1
INT0000000582,PLAY0000004373,U0009135,V00001757,like,2026-04-11 22:22:33,1
INT0000000583,PLAY0000004378,U0002929,V00001293,follow,2026-08-27 05:44:03,1
INT0000000584,PLAY0000004379,U0008332,V00000252,like,2026-08-23 07:09:45,1
INT0000000585,PLAY0000004394,U0009295,V00011590,comment,2026-04-28 05:09:15,1
INT0000000586,PLAY0000004407,U0010887,V00013089,like,2026-08-04 02:58:38,1
INT0000000587,PLAY0000004413,U0009731,V00000545,like,2026-08-17 10:53:52,1
INT0000000588,PLAY0000004419,U0004899,V00002889,like,2026-04-24 03:04:13,1
INT0000000589,PLAY0000004433,U0002591,V00013601,share,2026-07-19 03:58:21,1
INT0000000590,PLAY0000004436,U0006016,V00005866,like,2026-08-21 17:36:38,1
INT0000000591,PLAY0000004437,U0001268,V00009487,like,2026-07-31 00:05:15,1
INT0000000592,PLAY0000004455,U0006543,V00010409,share,2026-08-28 17:49:20,1
INT0000000593,PLAY0000004462,U0001763,V00008780,favorite,2026-08-19 18:54:48,1
INT0000000594,PLAY0000004476,U0010945,V00005730,like,2026-07-14 21:32:02,1
INT0000000595,PLAY0000004520,U0005589,V00000149,like,2026-05-29 03:06:26,1
INT0000000596,PLAY0000004524,U0009501,V00004323,favorite,2026-06-27 04:11:18,1
INT0000000597,PLAY0000004545,U0004166,V00004344,like,2026-08-05 14:50:42,1
INT0000000598,PLAY0000004572,U0011861,V00002390,comment,2026-06-17 04:32:10,1
INT0000000599,PLAY0000004580,U0000198,V00011352,like,2026-08-10 16:53:03,1
INT0000000600,PLAY0000004583,U0007770,V00003369,like,2026-07-14 13:45:58,1
INT0000000601,PLAY0000004605,U0005118,V00010315,like,2026-08-06 16:24:51,1
INT0000000602,PLAY0000004617,U0001555,V00008651,comment,2026-05-28 17:18:26,1
INT0000000603,PLAY0000004633,U0002566,V00009908,comment,2026-07-17 14:56:51,1
INT0000000604,PLAY0000004635,U0005649,V00000598,like,2026-07-23 21:27:01,1
INT0000000605,PLAY0000004638,U0004189,V00004923,like,2026-08-26 04:04:50,1
INT0000000606,PLAY0000004639,U0005359,V00008582,like,2026-08-25 16:49:56,1
INT0000000607,PLAY0000004642,U0003625,V00006238,like,2026-08-10 23:33:15,1
INT0000000608,PLAY0000004650,U0001347,V00009515,like,2026-07-02 18:35:20,1
INT0000000609,PLAY0000004652,U0011918,V00014610,follow,2026-08-06 20:23:30,1
INT0000000610,PLAY0000004654,U0006563,V00006719,like,2026-08-03 03:46:32,1
INT0000000611,PLAY0000004656,U0001526,V00002238,like,2026-08-19 05:55:22,1
INT0000000612,PLAY0000004665,U0003789,V00005718,favorite,2026-07-06 05:17:56,1
INT0000000613,PLAY0000004695,U0006750,V00005975,follow,2026-07-02 14:18:44,1
INT0000000614,PLAY0000004697,U0002603,V00009618,like,2026-08-26 20:36:05,1
INT0000000615,PLAY0000004712,U0006623,V00002227,like,2026-05-23 19:17:34,1
INT0000000616,PLAY0000004716,U0011498,V00003258,like,2026-04-08 16:32:05,1
INT0000000617,PLAY0000004725,U0009979,V00013972,comment,2026-08-06 03:11:28,1
INT0000000618,PLAY0000004739,U0009035,V00008758,favorite,2026-08-19 00:27:06,1
INT0000000619,PLAY0000004743,U0009484,V00005069,like,2026-06-10 22:29:34,1
INT0000000620,PLAY0000004754,U0000892,V00014383,share,2026-08-01 17:59:12,1
INT0000000621,PLAY0000004755,U0010370,V00011918,like,2026-08-04 10:25:28,1
INT0000000622,PLAY0000004756,U0006118,V00002541,comment,2026-05-20 14:58:20,1
INT0000000623,PLAY0000004802,U0007034,V00012128,like,2026-06-06 23:06:29,1
INT0000000624,PLAY0000004806,U0004226,V00013324,like,2026-06-23 06:04:07,1
INT0000000625,PLAY0000004823,U0000965,V00013804,like,2026-08-05 17:42:16,1
INT0000000626,PLAY0000004827,U0005461,V00013270,like,2026-07-20 08:31:07,1
INT0000000627,PLAY0000004832,U0006306,V00014447,comment,2026-08-14 08:21:29,1
INT0000000628,PLAY0000004853,U0010875,V00010714,like,2026-08-14 15:23:32,1
INT0000000629,PLAY0000004870,U0005245,V00000146,like,2026-08-18 05:18:00,1
INT0000000630,PLAY0000004872,U0011050,V00005194,favorite,2026-08-21 08:35:00,1
INT0000000631,PLAY0000004875,U0011636,V00006089,favorite,2026-08-11 04:49:59,1
INT0000000632,PLAY0000004876,U0005574,V00002389,like,2026-07-30 15:08:25,1
INT0000000633,PLAY0000004888,U0002486,V00002510,like,2026-08-26 04:42:09,1
INT0000000634,PLAY0000004892,U0009119,V00005218,like,2026-03-08 13:17:07,1
INT0000000635,PLAY0000004894,U0000749,V00010443,favorite,2026-05-28 12:21:37,1
INT0000000636,PLAY0000004910,U0009000,V00001375,favorite,2026-08-21 23:42:59,1
INT0000000637,PLAY0000004923,U0006708,V00005853,like,2026-08-15 23:27:19,1
INT0000000638,PLAY0000004925,U0007445,V00001030,comment,2026-08-24 21:32:13,1
INT0000000639,PLAY0000004934,U0011433,V00001178,comment,2026-07-23 21:48:04,1
INT0000000640,PLAY0000004935,U0008195,V00002829,like,2026-05-21 23:37:29,1
INT0000000641,PLAY0000004936,U0011249,V00001189,comment,2026-05-25 23:28:57,1
INT0000000642,PLAY0000004945,U0002977,V00011676,comment,2026-08-09 20:12:07,1
INT0000000643,PLAY0000004946,U0004692,V00009986,share,2026-08-27 17:07:15,1
INT0000000644,PLAY0000004952,U0005919,V00005968,like,2026-08-27 22:49:15,1
INT0000000645,PLAY0000004959,U0004640,V00004854,like,2026-07-24 20:55:20,1
INT0000000646,PLAY0000004961,U0011774,V00013248,like,2026-08-21 15:40:16,1
INT0000000647,PLAY0000004987,U0005276,V00011491,follow,2026-08-10 20:33:48,1
INT0000000648,PLAY0000004988,U0008244,V00011087,comment,2026-07-23 13:33:26,1
INT0000000649,PLAY0000004991,U0000919,V00012483,like,2026-08-22 19:00:54,1
INT0000000650,PLAY0000004998,U0010113,V00007046,like,2026-08-25 01:59:54,1
INT0000000651,PLAY0000005003,U0011442,V00012629,favorite,2026-07-05 12:11:10,1
INT0000000652,PLAY0000005007,U0001656,V00002693,like,2026-07-12 14:06:35,1
INT0000000653,PLAY0000005019,U0004003,V00008350,follow,2026-01-23 19:59:18,1
INT0000000654,PLAY0000005024,U0009344,V00001851,like,2026-07-24 08:40:38,1
INT0000000655,PLAY0000005027,U0002310,V00001427,like,2026-05-22 13:57:16,1
INT0000000656,PLAY0000005028,U0002031,V00010880,share,2026-08-26 09:14:46,1
INT0000000657,PLAY0000005037,U0007215,V00001575,like,2026-07-27 06:10:37,1
INT0000000658,PLAY0000005038,U0001769,V00002736,like,2026-06-01 16:03:52,1
INT0000000659,PLAY0000005048,U0010900,V00008709,comment,2026-08-28 19:38:37,1
INT0000000660,PLAY0000005081,U0002957,V00002529,comment,2026-04-28 00:06:07,1
INT0000000661,PLAY0000005082,U0002659,V00009058,favorite,2026-08-24 08:50:50,1
INT0000000662,PLAY0000005088,U0008454,V00008745,share,2026-08-28 05:32:51,1
INT0000000663,PLAY0000005097,U0001168,V00001190,share,2026-08-20 09:14:56,1
INT0000000664,PLAY0000005106,U0008013,V00001021,like,2026-08-08 09:51:03,1
INT0000000665,PLAY0000005108,U0003556,V00011952,like,2026-05-30 09:23:00,1
INT0000000666,PLAY0000005115,U0000423,V00005969,comment,2026-07-12 10:13:43,1
INT0000000667,PLAY0000005130,U0005468,V00011868,like,2026-05-13 19:15:26,1
INT0000000668,PLAY0000005133,U0011785,V00000718,like,2026-08-19 05:54:11,1
INT0000000669,PLAY0000005150,U0005477,V00008827,comment,2026-03-26 18:34:30,1
INT0000000670,PLAY0000005152,U0009977,V00002439,like,2026-03-07 05:37:06,1
INT0000000671,PLAY0000005183,U0000875,V00013656,like,2026-08-18 03:43:27,1
INT0000000672,PLAY0000005186,U0005845,V00007873,share,2026-04-08 02:35:32,1
INT0000000673,PLAY0000005197,U0001879,V00004755,comment,2026-07-19 12:36:27,1
INT0000000674,PLAY0000005198,U0001746,V00001656,like,2026-08-09 03:44:24,1
INT0000000675,PLAY0000005205,U0006801,V00014886,comment,2026-08-19 17:56:08,1
INT0000000676,PLAY0000005220,U0001127,V00010613,like,2026-03-07 13:19:23,1
INT0000000677,PLAY0000005226,U0004223,V00002619,follow,2026-08-14 11:56:08,1
INT0000000678,PLAY0000005234,U0005221,V00005361,like,2026-07-09 08:26:32,1
INT0000000679,PLAY0000005247,U0009206,V00004300,like,2026-02-16 22:26:32,1
INT0000000680,PLAY0000005250,U0001060,V00003662,like,2026-05-12 03:26:17,1
INT0000000681,PLAY0000005259,U0011741,V00001501,share,2026-07-11 20:04:47,1
INT0000000682,PLAY0000005263,U0010687,V00007776,like,2026-04-25 16:35:47,1
INT0000000683,PLAY0000005282,U0003694,V00008465,like,2026-03-12 23:47:58,1
INT0000000684,PLAY0000005286,U0003779,V00008030,favorite,2026-07-09 07:54:38,1
INT0000000685,PLAY0000005294,U0009425,V00005236,follow,2026-07-26 22:34:38,1
INT0000000686,PLAY0000005297,U0006247,V00003403,share,2026-07-31 02:28:31,1
INT0000000687,PLAY0000005298,U0008670,V00004727,favorite,2026-08-08 22:07:15,1
INT0000000688,PLAY0000005302,U0009203,V00010375,comment,2026-06-04 19:35:59,1
INT0000000689,PLAY0000005308,U0007186,V00011056,like,2026-08-05 17:13:50,1
INT0000000690,PLAY0000005314,U0009008,V00001109,follow,2026-03-31 08:01:58,1
INT0000000691,PLAY0000005327,U0002456,V00005676,like,2026-08-24 05:02:21,1
INT0000000692,PLAY0000005330,U0008940,V00012969,like,2026-05-16 21:05:56,1
INT0000000693,PLAY0000005335,U0005548,V00011942,follow,2026-07-19 19:14:05,1
INT0000000694,PLAY0000005338,U0004047,V00012796,like,2026-08-26 08:04:31,1
INT0000000695,PLAY0000005340,U0006666,V00012728,favorite,2026-04-28 14:04:20,1
INT0000000696,PLAY0000005347,U0003097,V00008214,comment,2026-07-27 22:17:18,1
INT0000000697,PLAY0000005370,U0009291,V00012871,like,2026-07-20 00:45:18,1
INT0000000698,PLAY0000005377,U0007813,V00007656,like,2026-08-19 03:13:48,1
INT0000000699,PLAY0000005378,U0000928,V00009790,favorite,2026-08-03 12:48:07,1
INT0000000700,PLAY0000005384,U0010384,V00013993,favorite,2026-04-23 04:05:08,1
INT0000000701,PLAY0000005386,U0005951,V00005514,like,2026-08-23 05:51:11,1
INT0000000702,PLAY0000005407,U0004231,V00013486,favorite,2026-08-07 00:38:27,1
INT0000000703,PLAY0000005412,U0005785,V00009437,like,2026-07-04 16:33:49,1
INT0000000704,PLAY0000005433,U0007354,V00002326,favorite,2026-05-05 13:26:56,1
INT0000000705,PLAY0000005441,U0000562,V00003523,comment,2026-07-26 12:26:10,1
INT0000000706,PLAY0000005447,U0011801,V00001929,like,2026-02-26 10:10:11,1
INT0000000707,PLAY0000005451,U0003656,V00000453,like,2026-08-14 20:45:28,1
INT0000000708,PLAY0000005501,U0009967,V00000671,favorite,2026-07-04 03:22:55,1
INT0000000709,PLAY0000005502,U0002222,V00008401,like,2026-07-22 00:07:08,1
INT0000000710,PLAY0000005505,U0002843,V00001254,like,2026-06-25 06:18:40,1
INT0000000711,PLAY0000005508,U0009972,V00003255,like,2026-05-09 19:51:38,1
INT0000000712,PLAY0000005514,U0003582,V00006162,like,2026-08-25 07:25:37,1
INT0000000713,PLAY0000005524,U0011732,V00009698,like,2026-03-07 06:59:13,1
INT0000000714,PLAY0000005530,U0011856,V00008214,like,2026-08-21 07:34:31,1
INT0000000715,PLAY0000005535,U0000414,V00007024,share,2026-08-24 03:51:56,1
INT0000000716,PLAY0000005551,U0005778,V00012332,like,2026-06-17 05:31:00,1
INT0000000717,PLAY0000005556,U0002188,V00014624,like,2026-04-23 10:31:11,1
INT0000000718,PLAY0000005558,U0007439,V00002179,like,2026-08-05 18:49:10,1
INT0000000719,PLAY0000005572,U0001341,V00014048,like,2026-08-11 02:45:03,1
INT0000000720,PLAY0000005574,U0005499,V00011884,like,2026-08-22 09:11:40,1
INT0000000721,PLAY0000005575,U0008124,V00006071,favorite,2026-04-14 00:18:15,1
INT0000000722,PLAY0000005576,U0002236,V00001179,like,2026-07-19 11:30:06,1
INT0000000723,PLAY0000005578,U0003033,V00005775,comment,2026-07-31 09:16:26,1
INT0000000724,PLAY0000005581,U0005529,V00003391,like,2026-06-17 15:17:56,1
INT0000000725,PLAY0000005600,U0003770,V00014975,like,2026-04-08 20:31:37,1
INT0000000726,PLAY0000005606,U0001845,V00014627,comment,2026-08-18 02:41:39,1
INT0000000727,PLAY0000005607,U0008175,V00004088,comment,2026-02-23 09:30:25,1
INT0000000728,PLAY0000005622,U0002418,V00012805,like,2026-08-15 13:44:03,1
INT0000000729,PLAY0000005639,U0009215,V00000964,like,2026-05-30 14:45:55,1
INT0000000730,PLAY0000005648,U0006882,V00014737,share,2026-06-27 20:39:43,1
INT0000000731,PLAY0000005649,U0010909,V00011933,comment,2026-06-13 13:05:44,1
INT0000000732,PLAY0000005658,U0011829,V00002817,share,2026-02-06 23:53:21,1
INT0000000733,PLAY0000005670,U0010852,V00000433,favorite,2026-06-28 01:18:10,1
INT0000000734,PLAY0000005679,U0005553,V00001357,favorite,2026-06-30 21:16:24,1
INT0000000735,PLAY0000005680,U0000538,V00005470,follow,2026-07-03 17:58:48,1
INT0000000736,PLAY0000005681,U0009537,V00010033,like,2026-06-10 23:30:34,1
INT0000000737,PLAY0000005699,U0000797,V00013724,comment,2026-06-02 19:10:22,1
INT0000000738,PLAY0000005703,U0004441,V00006583,like,2026-02-03 04:20:42,1
INT0000000739,PLAY0000005706,U0009448,V00009420,like,2026-08-08 13:48:29,1
INT0000000740,PLAY0000005708,U0007548,V00004638,like,2026-08-03 17:15:11,1
INT0000000741,PLAY0000005721,U0004967,V00002245,like,2026-08-04 21:58:22,1
INT0000000742,PLAY0000005727,U0001263,V00008192,share,2026-08-25 17:52:22,1
INT0000000743,PLAY0000005730,U0008244,V00004345,share,2026-08-10 06:10:11,1
INT0000000744,PLAY0000005733,U0009224,V00001892,share,2026-08-27 15:25:13,1
INT0000000745,PLAY0000005741,U0010655,V00009261,like,2026-08-01 13:01:05,1
INT0000000746,PLAY0000005745,U0009114,V00008095,follow,2026-08-08 01:41:52,1
INT0000000747,PLAY0000005746,U0011631,V00007761,like,2026-08-21 22:55:01,1
INT0000000748,PLAY0000005757,U0009798,V00010671,comment,2026-07-13 07:40:33,1
INT0000000749,PLAY0000005763,U0002390,V00008625,like,2026-08-27 22:37:29,1
INT0000000750,PLAY0000005805,U0000144,V00010457,like,2026-06-20 20:30:48,1
INT0000000751,PLAY0000005810,U0003615,V00014305,like,2026-08-16 21:28:48,1
INT0000000752,PLAY0000005817,U0003446,V00010038,like,2026-08-05 20:25:26,1
INT0000000753,PLAY0000005823,U0005747,V00012939,like,2026-07-11 12:02:38,1
INT0000000754,PLAY0000005830,U0003553,V00008420,like,2026-05-06 02:34:49,1
INT0000000755,PLAY0000005835,U0006668,V00012274,favorite,2026-07-09 19:42:15,1
INT0000000756,PLAY0000005837,U0010967,V00001394,comment,2026-08-28 16:42:48,1
INT0000000757,PLAY0000005842,U0003588,V00006598,favorite,2026-07-29 18:00:24,1
INT0000000758,PLAY0000005844,U0003202,V00008671,comment,2026-03-08 21:07:52,1
INT0000000759,PLAY0000005860,U0010845,V00005603,comment,2026-08-14 23:52:58,1
INT0000000760,PLAY0000005893,U0000510,V00012366,favorite,2026-07-17 06:48:38,1
INT0000000761,PLAY0000005896,U0003262,V00005053,like,2026-08-18 18:09:04,1
INT0000000762,PLAY0000005905,U0000929,V00005554,comment,2026-06-22 15:26:54,1
INT0000000763,PLAY0000005906,U0001771,V00002615,like,2026-08-28 11:41:42,1
INT0000000764,PLAY0000005907,U0011892,V00010471,share,2026-04-23 10:30:49,1
INT0000000765,PLAY0000005918,U0006834,V00005187,like,2026-05-13 18:53:20,1
INT0000000766,PLAY0000005924,U0004081,V00005579,like,2026-08-28 10:56:10,1
INT0000000767,PLAY0000005926,U0008775,V00005730,favorite,2026-08-24 22:40:25,1
INT0000000768,PLAY0000005932,U0010621,V00003775,share,2026-08-19 07:43:02,1
INT0000000769,PLAY0000005939,U0009829,V00005357,like,2026-05-26 23:46:57,1
INT0000000770,PLAY0000005942,U0011992,V00010932,share,2026-05-19 06:13:07,1
INT0000000771,PLAY0000005957,U0007349,V00010149,comment,2026-06-20 05:52:39,1
INT0000000772,PLAY0000005964,U0009200,V00004778,like,2026-07-27 09:35:49,1
INT0000000773,PLAY0000005980,U0005309,V00005408,like,2026-08-02 21:07:15,1
INT0000000774,PLAY0000006009,U0003972,V00014144,share,2026-08-12 02:41:11,1
INT0000000775,PLAY0000006010,U0006241,V00000303,favorite,2026-04-24 18:45:36,1
INT0000000776,PLAY0000006033,U0002967,V00000974,follow,2026-08-26 00:24:44,1
INT0000000777,PLAY0000006035,U0007697,V00005830,comment,2026-07-11 03:31:28,1
INT0000000778,PLAY0000006039,U0007993,V00008721,like,2026-07-06 06:36:09,1
INT0000000779,PLAY0000006041,U0002927,V00004508,like,2026-05-20 13:37:35,1
INT0000000780,PLAY0000006054,U0005252,V00008096,share,2026-04-04 00:04:06,1
INT0000000781,PLAY0000006055,U0002003,V00002129,like,2026-05-02 17:02:32,1
INT0000000782,PLAY0000006074,U0000258,V00007727,share,2026-04-25 04:55:47,1
INT0000000783,PLAY0000006075,U0010828,V00005454,share,2026-08-06 04:43:47,1
INT0000000784,PLAY0000006091,U0007245,V00003975,like,2026-06-08 04:50:13,1
INT0000000785,PLAY0000006097,U0002270,V00005613,like,2026-08-25 21:42:29,1
INT0000000786,PLAY0000006121,U0000795,V00006619,like,2026-03-06 16:11:04,1
INT0000000787,PLAY0000006127,U0003630,V00006972,share,2026-04-20 13:59:58,1
INT0000000788,PLAY0000006133,U0008543,V00011075,comment,2026-08-12 13:32:36,1
INT0000000789,PLAY0000006140,U0010332,V00008939,like,2026-08-11 17:55:00,1
INT0000000790,PLAY0000006153,U0010806,V00011305,comment,2026-07-29 00:44:30,1
INT0000000791,PLAY0000006157,U0007308,V00007604,like,2026-08-23 00:12:49,1
INT0000000792,PLAY0000006161,U0004258,V00001609,share,2026-05-25 19:41:19,1
INT0000000793,PLAY0000006164,U0006545,V00002551,favorite,2026-05-25 22:41:43,1
INT0000000794,PLAY0000006170,U0002935,V00002543,like,2026-08-27 04:30:59,1
INT0000000795,PLAY0000006178,U0011197,V00004815,like,2026-07-24 15:12:41,1
INT0000000796,PLAY0000006185,U0000404,V00003627,like,2026-08-15 11:02:43,1
INT0000000797,PLAY0000006189,U0010032,V00008723,like,2026-08-16 16:21:58,1
INT0000000798,PLAY0000006202,U0004862,V00000837,like,2026-08-21 12:51:54,1
INT0000000799,PLAY0000006209,U0006043,V00011990,comment,2026-08-26 11:53:42,1
INT0000000800,PLAY0000006216,U0008021,V00008176,comment,2026-06-03 07:12:24,1
INT0000000801,PLAY0000006217,U0009034,V00007022,like,2026-07-26 18:34:55,1
INT0000000802,PLAY0000006218,U0000368,V00007523,like,2026-05-16 09:57:03,1
INT0000000803,PLAY0000006224,U0001639,V00002097,like,2026-08-12 13:51:39,1
INT0000000804,PLAY0000006225,U0003207,V00005954,comment,2026-08-20 09:51:03,1
INT0000000805,PLAY0000006229,U0004095,V00008552,comment,2026-08-15 23:54:50,1
INT0000000806,PLAY0000006236,U0010770,V00014713,share,2026-05-21 23:11:58,1
INT0000000807,PLAY0000006238,U0009509,V00003357,share,2026-08-28 12:08:23,1
INT0000000808,PLAY0000006252,U0002222,V00008780,comment,2026-08-24 02:08:39,1
INT0000000809,PLAY0000006253,U0010882,V00007167,like,2026-07-06 20:43:36,1
INT0000000810,PLAY0000006272,U0003306,V00007494,like,2026-07-17 22:49:54,1
INT0000000811,PLAY0000006274,U0000163,V00011086,like,2026-04-26 06:40:35,1
INT0000000812,PLAY0000006292,U0006538,V00001750,like,2026-04-21 19:53:01,1
INT0000000813,PLAY0000006304,U0007800,V00007785,like,2026-08-03 10:48:36,1
INT0000000814,PLAY0000006307,U0008886,V00014360,like,2026-06-25 10:44:16,1
INT0000000815,PLAY0000006313,U0005179,V00006614,like,2026-06-26 20:40:21,1
INT0000000816,PLAY0000006322,U0009888,V00006120,follow,2026-08-13 08:16:16,1
INT0000000817,PLAY0000006324,U0008220,V00003897,share,2026-07-14 20:40:53,1
INT0000000818,PLAY0000006335,U0007792,V00009851,like,2026-06-06 14:26:29,1
INT0000000819,PLAY0000006344,U0005953,V00001088,like,2026-08-03 11:17:24,1
INT0000000820,PLAY0000006354,U0011769,V00001365,follow,2026-08-17 22:54:09,1
INT0000000821,PLAY0000006357,U0005136,V00000717,like,2026-08-28 07:40:15,1
INT0000000822,PLAY0000006358,U0008868,V00003231,favorite,2026-08-16 23:44:41,1
INT0000000823,PLAY0000006369,U0002501,V00012089,favorite,2026-07-01 05:45:46,1
INT0000000824,PLAY0000006383,U0010108,V00010481,like,2026-06-27 03:20:54,1
INT0000000825,PLAY0000006386,U0011359,V00013668,like,2026-07-21 13:40:14,1
INT0000000826,PLAY0000006387,U0002461,V00008966,like,2026-06-03 21:49:29,1
INT0000000827,PLAY0000006404,U0000185,V00011934,like,2026-05-26 08:54:16,1
INT0000000828,PLAY0000006414,U0009900,V00011644,like,2026-08-27 19:08:37,1
INT0000000829,PLAY0000006425,U0009376,V00003515,like,2026-07-13 12:56:24,1
INT0000000830,PLAY0000006445,U0011159,V00001591,share,2026-07-05 20:54:33,1
INT0000000831,PLAY0000006446,U0009698,V00008105,favorite,2026-08-27 21:07:50,1
INT0000000832,PLAY0000006452,U0009114,V00010665,like,2026-07-27 17:09:57,1
INT0000000833,PLAY0000006457,U0009738,V00009268,favorite,2026-07-24 18:20:20,1
INT0000000834,PLAY0000006461,U0000948,V00012019,like,2026-07-27 09:59:05,1
INT0000000835,PLAY0000006477,U0005375,V00004658,share,2026-03-16 06:54:19,1
INT0000000836,PLAY0000006478,U0001315,V00011013,like,2026-07-25 17:42:10,1
INT0000000837,PLAY0000006481,U0003432,V00002896,share,2026-03-29 11:13:26,1
INT0000000838,PLAY0000006484,U0010918,V00006662,like,2026-06-01 17:12:39,1
INT0000000839,PLAY0000006485,U0006597,V00014766,like,2026-08-21 12:24:29,1
INT0000000840,PLAY0000006486,U0007898,V00007949,like,2026-08-22 04:17:56,1
INT0000000841,PLAY0000006487,U0007876,V00002673,like,2026-06-05 14:48:22,1
INT0000000842,PLAY0000006496,U0008851,V00004117,like,2026-08-23 01:04:11,1
INT0000000843,PLAY0000006501,U0006345,V00002105,comment,2026-08-05 12:26:25,1
INT0000000844,PLAY0000006504,U0008725,V00010995,share,2026-08-17 03:48:27,1
INT0000000845,PLAY0000006509,U0001565,V00011496,like,2026-07-15 17:12:23,1
INT0000000846,PLAY0000006520,U0006870,V00006564,favorite,2026-08-10 07:57:41,1
INT0000000847,PLAY0000006521,U0005489,V00008362,like,2026-08-25 17:20:22,1
INT0000000848,PLAY0000006525,U0007375,V00003785,comment,2026-05-01 13:24:33,1
INT0000000849,PLAY0000006541,U0011103,V00010363,like,2026-08-02 08:02:02,1
INT0000000850,PLAY0000006561,U0002246,V00004708,like,2026-07-12 20:57:26,1
INT0000000851,PLAY0000006580,U0009775,V00008170,comment,2026-08-11 15:44:58,1
INT0000000852,PLAY0000006583,U0003411,V00014744,share,2026-05-08 06:46:30,1
INT0000000853,PLAY0000006605,U0006879,V00011005,favorite,2026-06-28 20:32:25,1
INT0000000854,PLAY0000006606,U0002383,V00005780,comment,2026-07-28 12:45:42,1
INT0000000855,PLAY0000006615,U0003614,V00006110,like,2026-05-07 08:41:13,1
INT0000000856,PLAY0000006616,U0006110,V00002317,like,2026-08-06 15:46:32,1
INT0000000857,PLAY0000006619,U0008290,V00009716,comment,2026-02-17 19:57:32,1
INT0000000858,PLAY0000006633,U0001323,V00014599,like,2026-07-03 00:03:28,1
INT0000000859,PLAY0000006673,U0006677,V00008118,like,2026-07-03 15:37:24,1
INT0000000860,PLAY0000006675,U0007220,V00010273,like,2026-04-22 12:59:14,1
INT0000000861,PLAY0000006690,U0010480,V00006652,like,2026-07-14 07:41:01,1
INT0000000862,PLAY0000006702,U0000461,V00010520,like,2026-04-23 05:42:05,1
INT0000000863,PLAY0000006719,U0009407,V00009677,like,2026-03-16 19:40:44,1
INT0000000864,PLAY0000006727,U0011199,V00011519,like,2026-06-26 13:48:46,1
INT0000000865,PLAY0000006737,U0011623,V00001389,favorite,2026-06-22 04:40:22,1
INT0000000866,PLAY0000006738,U0004332,V00000513,follow,2026-07-17 20:51:04,1
INT0000000867,PLAY0000006742,U0009343,V00000909,follow,2026-07-08 07:33:09,1
INT0000000868,PLAY0000006743,U0008015,V00000930,like,2026-08-09 20:10:28,1
INT0000000869,PLAY0000006754,U0007012,V00006666,follow,2026-01-26 14:55:31,1
INT0000000870,PLAY0000006766,U0003752,V00003431,like,2026-08-22 16:21:05,1
INT0000000871,PLAY0000006770,U0004641,V00013580,comment,2026-08-20 17:36:50,1
INT0000000872,PLAY0000006784,U0001192,V00006108,share,2026-08-26 09:17:45,1
INT0000000873,PLAY0000006788,U0000470,V00008131,comment,2026-08-25 12:55:52,1
INT0000000874,PLAY0000006810,U0008831,V00002316,comment,2026-07-15 05:48:06,1
INT0000000875,PLAY0000006833,U0001609,V00006909,like,2026-08-03 09:28:47,1
INT0000000876,PLAY0000006844,U0004247,V00000229,like,2026-03-19 14:36:56,1
INT0000000877,PLAY0000006851,U0002724,V00000416,like,2026-08-21 01:00:41,1
INT0000000878,PLAY0000006852,U0004600,V00004563,like,2026-06-24 10:08:16,1
INT0000000879,PLAY0000006855,U0008365,V00003399,share,2026-07-07 00:18:53,1
INT0000000880,PLAY0000006862,U0002123,V00014351,like,2026-07-09 02:47:20,1
INT0000000881,PLAY0000006864,U0010374,V00009981,comment,2026-08-14 19:35:28,1
INT0000000882,PLAY0000006873,U0006374,V00006913,share,2026-08-23 00:36:43,1
INT0000000883,PLAY0000006878,U0008014,V00009711,like,2026-03-21 06:37:49,1
INT0000000884,PLAY0000006892,U0004347,V00001238,like,2026-06-22 06:32:34,1
INT0000000885,PLAY0000006894,U0005369,V00000509,like,2026-08-23 11:37:02,1
INT0000000886,PLAY0000006895,U0005838,V00014566,comment,2026-07-12 16:34:38,1
INT0000000887,PLAY0000006896,U0002493,V00000621,like,2026-08-21 22:59:58,1
INT0000000888,PLAY0000006903,U0000642,V00012450,like,2026-08-12 13:11:18,1
INT0000000889,PLAY0000006907,U0002901,V00011858,comment,2026-08-05 08:21:12,1
INT0000000890,PLAY0000006913,U0003947,V00010199,like,2026-05-26 07:45:08,1
INT0000000891,PLAY0000006917,U0008592,V00008847,comment,2026-07-24 18:29:31,1
INT0000000892,PLAY0000006918,U0006183,V00005846,like,2026-06-02 11:57:38,1
INT0000000893,PLAY0000006925,U0011037,V00014460,like,2026-08-20 06:32:30,1
INT0000000894,PLAY0000006927,U0003821,V00013340,like,2026-08-09 00:10:26,1
INT0000000895,PLAY0000006928,U0011891,V00013417,like,2026-04-26 17:54:37,1
INT0000000896,PLAY0000006938,U0005340,V00003797,like,2026-06-09 13:32:49,1
INT0000000897,PLAY0000006940,U0007575,V00011937,like,2026-08-26 08:57:47,1
INT0000000898,PLAY0000006942,U0000632,V00004292,like,2026-08-28 22:47:07,1
INT0000000899,PLAY0000006953,U0011943,V00004935,like,2026-05-12 22:29:31,1
INT0000000900,PLAY0000006958,U0008392,V00013457,favorite,2026-08-19 08:16:16,1
INT0000000901,PLAY0000006976,U0000103,V00005890,follow,2026-08-10 10:09:16,1
INT0000000902,PLAY0000006980,U0011589,V00012416,follow,2026-06-25 03:05:29,1
INT0000000903,PLAY0000006983,U0010887,V00010033,share,2026-07-30 10:37:58,1
INT0000000904,PLAY0000006986,U0007201,V00002794,like,2026-08-21 13:23:14,1
INT0000000905,PLAY0000006987,U0009635,V00010337,like,2026-04-26 07:54:41,1
INT0000000906,PLAY0000006991,U0006395,V00002069,favorite,2026-05-29 11:10:38,1
INT0000000907,PLAY0000006995,U0007045,V00002117,like,2026-06-01 14:35:57,1
INT0000000908,PLAY0000007014,U0008347,V00000002,like,2026-07-18 16:55:37,1
INT0000000909,PLAY0000007017,U0004310,V00006520,like,2026-07-11 09:05:01,1
INT0000000910,PLAY0000007018,U0005524,V00010114,favorite,2026-07-11 14:46:22,1
INT0000000911,PLAY0000007020,U0010500,V00001411,like,2026-08-26 12:15:42,1
INT0000000912,PLAY0000007031,U0005791,V00009976,like,2026-08-27 14:16:02,1
INT0000000913,PLAY0000007036,U0000598,V00006933,like,2026-08-26 02:28:46,1
INT0000000914,PLAY0000007041,U0011478,V00001786,share,2026-07-06 02:00:22,1
INT0000000915,PLAY0000007045,U0008714,V00010728,share,2026-08-25 20:15:17,1
INT0000000916,PLAY0000007062,U0005704,V00003263,share,2026-06-13 15:24:46,1
INT0000000917,PLAY0000007074,U0005382,V00000732,like,2026-08-24 18:23:13,1
INT0000000918,PLAY0000007080,U0008176,V00006036,share,2026-08-09 23:04:09,1
INT0000000919,PLAY0000007083,U0003483,V00006292,like,2026-08-11 16:32:16,1
INT0000000920,PLAY0000007088,U0008354,V00006226,like,2026-06-19 15:08:59,1
INT0000000921,PLAY0000007090,U0007282,V00007451,like,2026-08-18 09:27:01,1
INT0000000922,PLAY0000007102,U0007699,V00012778,like,2026-07-20 12:38:58,1
INT0000000923,PLAY0000007114,U0003985,V00014995,share,2026-07-27 15:10:40,1
INT0000000924,PLAY0000007116,U0006059,V00007937,like,2026-05-07 09:38:52,1
INT0000000925,PLAY0000007117,U0009418,V00011067,favorite,2026-08-22 09:26:14,1
INT0000000926,PLAY0000007132,U0002968,V00009119,share,2026-07-22 05:22:55,1
INT0000000927,PLAY0000007137,U0004865,V00000575,like,2026-08-27 14:06:46,1
INT0000000928,PLAY0000007138,U0011864,V00008608,comment,2026-06-16 21:40:19,1
INT0000000929,PLAY0000007146,U0008986,V00001165,like,2026-08-21 08:23:15,1
INT0000000930,PLAY0000007149,U0005680,V00013800,comment,2026-08-25 04:47:46,1
INT0000000931,PLAY0000007156,U0002635,V00012279,like,2026-07-22 03:53:07,1
INT0000000932,PLAY0000007157,U0007800,V00011756,favorite,2026-07-15 23:47:12,1
INT0000000933,PLAY0000007192,U0002237,V00006535,share,2026-05-08 20:08:37,1
INT0000000934,PLAY0000007202,U0002387,V00014257,comment,2026-08-03 23:28:14,1
INT0000000935,PLAY0000007205,U0005994,V00009873,like,2026-07-15 22:12:20,1
INT0000000936,PLAY0000007208,U0001868,V00001685,like,2026-07-27 09:06:57,1
INT0000000937,PLAY0000007209,U0000276,V00008115,comment,2026-08-22 09:29:32,1
INT0000000938,PLAY0000007212,U0007036,V00001933,like,2026-08-17 04:42:42,1
INT0000000939,PLAY0000007213,U0004906,V00005255,like,2026-08-01 15:58:19,1
INT0000000940,PLAY0000007214,U0002662,V00006031,like,2026-08-18 11:56:45,1
INT0000000941,PLAY0000007216,U0005905,V00013343,like,2026-06-19 21:32:30,1
INT0000000942,PLAY0000007223,U0000759,V00012296,like,2026-08-18 23:31:00,1
INT0000000943,PLAY0000007239,U0002454,V00001229,like,2026-04-07 20:55:17,1
INT0000000944,PLAY0000007241,U0009726,V00007012,like,2026-08-17 08:03:57,1
INT0000000945,PLAY0000007242,U0000053,V00000518,comment,2026-08-28 14:14:00,1
INT0000000946,PLAY0000007244,U0000681,V00001978,like,2026-08-10 01:03:06,1
INT0000000947,PLAY0000007252,U0002575,V00013706,like,2026-05-28 04:17:11,1
INT0000000948,PLAY0000007254,U0007357,V00011556,comment,2026-07-30 11:51:38,1
INT0000000949,PLAY0000007274,U0009986,V00006124,comment,2026-07-03 08:19:01,1
INT0000000950,PLAY0000007276,U0007394,V00006815,favorite,2026-08-18 16:34:59,1
INT0000000951,PLAY0000007279,U0006787,V00008318,like,2026-06-29 14:34:33,1
INT0000000952,PLAY0000007284,U0000784,V00004035,like,2026-06-24 22:44:12,1
INT0000000953,PLAY0000007288,U0009271,V00009854,share,2026-08-03 03:02:40,1
INT0000000954,PLAY0000007291,U0001261,V00007046,like,2026-08-19 13:50:46,1
INT0000000955,PLAY0000007299,U0006844,V00011673,share,2026-08-16 16:21:08,1
INT0000000956,PLAY0000007313,U0008976,V00000896,like,2026-08-28 08:51:38,1
INT0000000957,PLAY0000007333,U0011879,V00007911,like,2026-07-15 23:11:01,1
INT0000000958,PLAY0000007360,U0009301,V00009132,share,2026-06-29 02:09:46,1
INT0000000959,PLAY0000007370,U0011372,V00013091,comment,2026-08-24 23:53:55,1
INT0000000960,PLAY0000007372,U0006629,V00003405,share,2026-08-14 15:48:22,1
INT0000000961,PLAY0000007385,U0005583,V00005710,comment,2026-08-27 23:29:32,1
INT0000000962,PLAY0000007397,U0003395,V00010894,comment,2026-08-27 20:56:30,1
INT0000000963,PLAY0000007419,U0001051,V00008112,like,2026-03-25 12:45:24,1
INT0000000964,PLAY0000007433,U0001981,V00005060,comment,2026-04-25 16:51:27,1
INT0000000965,PLAY0000007439,U0001164,V00002675,like,2026-08-26 22:23:55,1
INT0000000966,PLAY0000007440,U0009806,V00003929,share,2026-08-01 10:22:36,1
INT0000000967,PLAY0000007441,U0004200,V00014478,like,2026-07-24 23:18:34,1
INT0000000968,PLAY0000007444,U0004958,V00000631,like,2026-08-22 15:05:38,1
INT0000000969,PLAY0000007445,U0001236,V00008712,like,2026-05-24 17:14:06,1
INT0000000970,PLAY0000007456,U0001124,V00003084,share,2026-04-08 02:23:30,1
INT0000000971,PLAY0000007465,U0009805,V00011618,comment,2026-08-04 06:48:09,1
INT0000000972,PLAY0000007472,U0010425,V00009224,like,2026-08-06 14:45:03,1
INT0000000973,PLAY0000007487,U0003631,V00007284,like,2026-08-18 10:57:02,1
INT0000000974,PLAY0000007490,U0003714,V00010904,like,2026-07-03 03:33:47,1
INT0000000975,PLAY0000007491,U0002586,V00009128,like,2026-08-02 12:34:56,1
INT0000000976,PLAY0000007502,U0000684,V00000021,follow,2026-08-14 09:21:06,1
INT0000000977,PLAY0000007512,U0000195,V00010241,like,2026-05-13 21:28:49,1
INT0000000978,PLAY0000007517,U0010083,V00005172,like,2026-08-21 03:02:42,1
INT0000000979,PLAY0000007524,U0000934,V00007285,like,2026-08-11 20:33:30,1
INT0000000980,PLAY0000007525,U0002649,V00010192,like,2026-08-12 00:44:37,1
INT0000000981,PLAY0000007551,U0006106,V00011674,like,2026-06-09 05:19:41,1
INT0000000982,PLAY0000007561,U0005099,V00006775,like,2026-05-12 17:39:18,1
INT0000000983,PLAY0000007564,U0001250,V00007233,like,2026-06-13 10:15:33,1
INT0000000984,PLAY0000007573,U0009145,V00013988,like,2026-07-17 06:05:32,1
INT0000000985,PLAY0000007575,U0011942,V00005192,share,2026-06-03 16:49:55,1
INT0000000986,PLAY0000007577,U0001715,V00006305,like,2026-06-18 11:06:04,1
INT0000000987,PLAY0000007588,U0009651,V00011248,follow,2026-08-23 11:41:15,1
INT0000000988,PLAY0000007595,U0005173,V00009665,like,2026-06-19 21:11:22,1
INT0000000989,PLAY0000007597,U0006893,V00003278,like,2026-05-03 07:35:42,1
INT0000000990,PLAY0000007598,U0005551,V00000648,like,2026-08-10 10:18:22,1
INT0000000991,PLAY0000007605,U0005260,V00014408,like,2026-08-26 18:50:43,1
INT0000000992,PLAY0000007607,U0004535,V00007946,follow,2026-06-08 12:51:32,1
INT0000000993,PLAY0000007634,U0004471,V00009173,share,2026-05-24 01:54:48,1
INT0000000994,PLAY0000007648,U0002660,V00000353,like,2026-07-30 11:58:57,1
INT0000000995,PLAY0000007652,U0007169,V00012269,favorite,2026-07-04 02:08:59,1
INT0000000996,PLAY0000007657,U0007385,V00004870,like,2026-06-09 07:49:49,1
INT0000000997,PLAY0000007664,U0001703,V00008774,favorite,2026-08-02 08:05:06,1
INT0000000998,PLAY0000007667,U0007324,V00001666,share,2026-07-12 00:44:24,1
INT0000000999,PLAY0000007670,U0008712,V00008002,comment,2026-05-01 01:28:52,1
INT0000001000,PLAY0000007671,U0003992,V00005133,like,2026-08-27 12:23:32,1
INT0000001001,PLAY0000007676,U0000089,V00003160,like,2026-04-07 03:31:40,1
INT0000001002,PLAY0000007682,U0011209,V00005042,follow,2026-08-07 21:35:19,1
INT0000001003,PLAY0000007683,U0001657,V00009307,follow,2026-08-27 09:00:58,1
INT0000001004,PLAY0000007687,U0001232,V00012091,follow,2026-08-10 00:45:43,1
INT0000001005,PLAY0000007695,U0010767,V00006326,follow,2026-08-12 08:36:15,1
INT0000001006,PLAY0000007701,U0006394,V00010848,like,2026-08-10 13:13:47,1
INT0000001007,PLAY0000007704,U0009821,V00014890,comment,2026-06-21 22:26:59,1
INT0000001008,PLAY0000007709,U0007713,V00014961,like,2026-08-15 13:05:08,1
INT0000001009,PLAY0000007730,U0007708,V00004613,like,2026-08-05 13:48:01,1
INT0000001010,PLAY0000007737,U0006644,V00007402,like,2026-08-23 04:37:43,1
INT0000001011,PLAY0000007749,U0000041,V00013756,like,2026-08-21 03:52:50,1
INT0000001012,PLAY0000007753,U0004587,V00001439,follow,2026-06-21 04:15:55,1
INT0000001013,PLAY0000007764,U0001510,V00008485,share,2026-07-25 19:01:44,1
INT0000001014,PLAY0000007766,U0003988,V00001287,like,2026-04-26 17:45:49,1
INT0000001015,PLAY0000007788,U0011861,V00008119,share,2026-06-20 14:58:10,1
INT0000001016,PLAY0000007797,U0009760,V00004919,like,2026-08-28 12:48:36,1
INT0000001017,PLAY0000007826,U0002585,V00013748,comment,2026-08-02 14:59:30,1
INT0000001018,PLAY0000007831,U0009747,V00003066,like,2026-03-20 06:29:15,1
INT0000001019,PLAY0000007844,U0000843,V00000056,like,2026-08-09 11:08:15,1
INT0000001020,PLAY0000007852,U0009080,V00008984,favorite,2026-08-17 04:02:28,1
INT0000001021,PLAY0000007855,U0003667,V00008620,share,2026-08-22 23:31:24,1
INT0000001022,PLAY0000007859,U0000555,V00008535,like,2026-06-11 01:44:36,1
INT0000001023,PLAY0000007861,U0007395,V00006258,like,2026-06-09 14:55:48,1
INT0000001024,PLAY0000007867,U0010681,V00007371,like,2026-05-05 07:05:00,1
INT0000001025,PLAY0000007877,U0007321,V00011387,like,2026-08-08 06:58:29,1
INT0000001026,PLAY0000007889,U0011435,V00002258,like,2026-06-03 02:06:25,1
INT0000001027,PLAY0000007892,U0011679,V00000954,like,2026-08-14 05:28:07,1
INT0000001028,PLAY0000007913,U0007207,V00007392,favorite,2026-07-24 12:45:08,1
INT0000001029,PLAY0000007914,U0006924,V00005941,like,2026-06-22 16:33:17,1
INT0000001030,PLAY0000007915,U0011840,V00013724,like,2026-08-24 13:37:46,1
INT0000001031,PLAY0000007916,U0010332,V00012042,like,2026-08-27 10:20:34,1
INT0000001032,PLAY0000007918,U0002950,V00004043,like,2026-08-18 13:17:08,1
INT0000001033,PLAY0000007921,U0008519,V00012248,like,2026-08-22 02:16:11,1
INT0000001034,PLAY0000007928,U0007618,V00008925,comment,2026-05-25 18:15:25,1
INT0000001035,PLAY0000007958,U0007829,V00014045,like,2026-08-28 13:07:58,1
INT0000001036,PLAY0000007959,U0000332,V00013411,like,2026-04-11 04:01:22,1
INT0000001037,PLAY0000007964,U0009219,V00013606,favorite,2026-07-29 03:06:46,1
INT0000001038,PLAY0000007965,U0011857,V00005382,follow,2026-06-24 08:48:54,1
INT0000001039,PLAY0000007969,U0004314,V00009246,like,2026-08-13 17:03:05,1
INT0000001040,PLAY0000007979,U0004299,V00004754,like,2026-04-17 13:51:17,1
INT0000001041,PLAY0000007989,U0009325,V00007248,like,2026-08-08 04:53:43,1
INT0000001042,PLAY0000007996,U0006496,V00002847,comment,2026-07-08 09:31:25,1
INT0000001043,PLAY0000008008,U0001430,V00005469,like,2026-06-29 12:01:18,1
INT0000001044,PLAY0000008014,U0008814,V00002376,like,2026-05-25 16:31:31,1
INT0000001045,PLAY0000008038,U0002232,V00013713,like,2026-08-17 04:11:32,1
INT0000001046,PLAY0000008045,U0010719,V00000206,like,2026-08-21 21:09:35,1
INT0000001047,PLAY0000008049,U0004223,V00000033,like,2026-08-24 22:22:37,1
INT0000001048,PLAY0000008073,U0009399,V00002263,like,2026-06-18 22:09:06,1
INT0000001049,PLAY0000008075,U0005337,V00004936,like,2026-08-02 14:37:59,1
INT0000001050,PLAY0000008076,U0002197,V00014720,like,2026-08-26 08:20:00,1
INT0000001051,PLAY0000008083,U0011113,V00013768,share,2026-07-25 09:38:30,1
INT0000001052,PLAY0000008089,U0003153,V00000759,like,2026-08-11 16:49:25,1
INT0000001053,PLAY0000008091,U0009096,V00013349,follow,2026-08-12 14:17:58,1
INT0000001054,PLAY0000008093,U0011356,V00004506,like,2026-08-26 02:27:51,1
INT0000001055,PLAY0000008100,U0008400,V00013091,follow,2026-08-25 12:19:21,1
INT0000001056,PLAY0000008110,U0002580,V00008271,share,2026-08-07 13:40:44,1
INT0000001057,PLAY0000008115,U0005770,V00012326,like,2026-05-30 14:48:24,1
INT0000001058,PLAY0000008118,U0008184,V00001478,like,2026-07-01 17:01:19,1
INT0000001059,PLAY0000008121,U0008078,V00003970,like,2026-07-11 17:30:18,1
INT0000001060,PLAY0000008133,U0011374,V00013086,like,2026-03-31 02:23:37,1
INT0000001061,PLAY0000008148,U0001620,V00007593,like,2026-07-11 08:40:26,1
INT0000001062,PLAY0000008156,U0000674,V00013869,share,2026-06-21 14:44:08,1
INT0000001063,PLAY0000008158,U0006309,V00007701,share,2026-04-08 11:16:47,1
INT0000001064,PLAY0000008177,U0004455,V00010567,like,2026-05-07 18:21:31,1
INT0000001065,PLAY0000008183,U0010617,V00014861,like,2026-07-09 01:12:50,1
INT0000001066,PLAY0000008210,U0009481,V00009272,like,2026-08-12 05:21:39,1
INT0000001067,PLAY0000008223,U0004695,V00003083,like,2026-08-24 05:45:19,1
INT0000001068,PLAY0000008225,U0002713,V00005325,share,2026-08-23 15:01:50,1
INT0000001069,PLAY0000008228,U0011487,V00001774,follow,2026-04-20 14:34:32,1
INT0000001070,PLAY0000008241,U0004568,V00012501,share,2026-08-08 17:56:38,1
INT0000001071,PLAY0000008242,U0008098,V00004472,like,2026-08-27 02:11:04,1
INT0000001072,PLAY0000008246,U0009994,V00010636,comment,2026-07-24 03:20:53,1
INT0000001073,PLAY0000008271,U0009519,V00008262,like,2026-08-01 13:46:54,1
INT0000001074,PLAY0000008273,U0000168,V00006010,favorite,2026-05-24 15:01:55,1
INT0000001075,PLAY0000008276,U0003058,V00011178,like,2026-07-17 10:33:40,1
INT0000001076,PLAY0000008277,U0005734,V00012208,favorite,2026-05-30 13:12:56,1
INT0000001077,PLAY0000008281,U0011104,V00003132,like,2026-07-28 05:27:40,1
INT0000001078,PLAY0000008293,U0007050,V00004272,like,2026-06-25 08:18:38,1
INT0000001079,PLAY0000008297,U0011542,V00001361,favorite,2026-08-27 02:00:27,1
INT0000001080,PLAY0000008300,U0005420,V00002433,share,2026-08-05 21:35:44,1
INT0000001081,PLAY0000008305,U0003245,V00004014,like,2026-08-08 23:33:07,1
INT0000001082,PLAY0000008306,U0010686,V00014045,favorite,2026-08-27 23:12:01,1
INT0000001083,PLAY0000008323,U0007509,V00000063,like,2026-03-09 18:45:43,1
INT0000001084,PLAY0000008343,U0001142,V00012904,follow,2026-04-18 18:32:08,1
INT0000001085,PLAY0000008346,U0011379,V00004663,like,2026-06-24 11:05:43,1
INT0000001086,PLAY0000008352,U0007956,V00009038,like,2026-08-23 05:43:14,1
INT0000001087,PLAY0000008355,U0000971,V00011651,favorite,2026-07-20 00:57:36,1
INT0000001088,PLAY0000008360,U0005145,V00002436,comment,2026-08-26 18:08:11,1
INT0000001089,PLAY0000008375,U0005241,V00006270,like,2026-08-14 08:03:17,1
INT0000001090,PLAY0000008377,U0011490,V00006581,comment,2026-08-28 19:43:25,1
INT0000001091,PLAY0000008391,U0007962,V00009963,comment,2026-08-26 22:33:54,1
INT0000001092,PLAY0000008406,U0000581,V00009522,like,2026-06-18 01:16:47,1
INT0000001093,PLAY0000008407,U0010257,V00009231,share,2026-07-26 19:19:05,1
INT0000001094,PLAY0000008422,U0002290,V00012654,favorite,2026-08-16 00:33:03,1
INT0000001095,PLAY0000008424,U0011533,V00008597,comment,2026-08-07 11:26:39,1
INT0000001096,PLAY0000008441,U0000014,V00008658,share,2026-06-24 20:25:41,1
INT0000001097,PLAY0000008457,U0010026,V00004094,like,2026-08-21 10:10:56,1
INT0000001098,PLAY0000008472,U0011749,V00003408,like,2026-01-31 12:09:49,1
INT0000001099,PLAY0000008503,U0009653,V00012145,follow,2026-04-08 09:50:20,1
INT0000001100,PLAY0000008511,U0006643,V00008980,like,2026-08-26 16:52:19,1
INT0000001101,PLAY0000008525,U0010909,V00004187,like,2026-08-20 08:44:17,1
INT0000001102,PLAY0000008526,U0007642,V00011095,favorite,2026-07-23 18:41:22,1
INT0000001103,PLAY0000008533,U0001158,V00004718,like,2026-06-24 11:34:46,1
INT0000001104,PLAY0000008541,U0003090,V00012845,share,2026-07-03 20:03:53,1
INT0000001105,PLAY0000008550,U0007075,V00014903,like,2026-08-09 08:10:57,1
INT0000001106,PLAY0000008559,U0011334,V00007978,follow,2026-07-25 09:50:11,1
INT0000001107,PLAY0000008563,U0006987,V00001737,like,2026-08-19 07:54:26,1
INT0000001108,PLAY0000008565,U0009636,V00007241,like,2026-08-14 11:12:48,1
INT0000001109,PLAY0000008585,U0005064,V00006164,like,2026-08-26 21:51:27,1
INT0000001110,PLAY0000008594,U0002603,V00001871,share,2026-06-11 09:42:17,1
INT0000001111,PLAY0000008598,U0011959,V00010169,like,2026-04-06 18:41:53,1
INT0000001112,PLAY0000008605,U0000510,V00004998,like,2026-07-01 22:34:00,1
INT0000001113,PLAY0000008633,U0010562,V00010342,like,2026-08-28 12:21:27,1
INT0000001114,PLAY0000008644,U0001133,V00007342,comment,2026-08-27 03:18:22,1
INT0000001115,PLAY0000008657,U0005632,V00008265,like,2026-08-25 18:05:45,1
INT0000001116,PLAY0000008669,U0009892,V00004372,like,2026-06-18 15:08:05,1
INT0000001117,PLAY0000008686,U0010337,V00012697,comment,2026-07-10 09:38:05,1
INT0000001118,PLAY0000008688,U0011874,V00007773,like,2026-05-03 14:14:30,1
INT0000001119,PLAY0000008697,U0005796,V00008129,like,2026-08-15 03:42:08,1
INT0000001120,PLAY0000008706,U0008196,V00013084,comment,2026-08-27 16:34:27,1
INT0000001121,PLAY0000008707,U0003297,V00009931,follow,2026-08-01 09:20:41,1
INT0000001122,PLAY0000008720,U0000510,V00009267,like,2026-03-08 14:42:55,1
INT0000001123,PLAY0000008722,U0004744,V00010624,like,2026-06-15 19:59:41,1
INT0000001124,PLAY0000008733,U0010353,V00010358,like,2026-05-05 15:47:35,1
INT0000001125,PLAY0000008751,U0011353,V00013056,like,2026-08-09 09:47:58,1
INT0000001126,PLAY0000008755,U0011288,V00008506,like,2026-08-20 12:37:38,1
INT0000001127,PLAY0000008757,U0011654,V00000477,like,2026-06-09 08:35:38,1
INT0000001128,PLAY0000008759,U0001872,V00001665,like,2026-08-02 01:18:02,1
INT0000001129,PLAY0000008761,U0003649,V00009888,like,2026-08-27 18:02:49,1
INT0000001130,PLAY0000008766,U0010736,V00000911,like,2026-07-12 02:17:15,1
INT0000001131,PLAY0000008784,U0003705,V00008805,comment,2026-02-11 08:45:46,1
INT0000001132,PLAY0000008789,U0011794,V00002651,follow,2026-08-20 23:42:42,1
INT0000001133,PLAY0000008797,U0002042,V00007385,like,2026-08-17 19:08:33,1
INT0000001134,PLAY0000008810,U0001420,V00006657,share,2026-08-14 06:22:17,1
INT0000001135,PLAY0000008821,U0010458,V00001881,like,2026-07-26 18:52:00,1
INT0000001136,PLAY0000008824,U0007921,V00011921,favorite,2026-08-09 18:00:51,1
INT0000001137,PLAY0000008829,U0010059,V00006318,like,2026-08-25 15:08:17,1
INT0000001138,PLAY0000008836,U0002883,V00009919,like,2026-05-12 21:28:53,1
INT0000001139,PLAY0000008850,U0001098,V00006140,like,2026-07-09 00:26:50,1
INT0000001140,PLAY0000008860,U0006293,V00009566,like,2026-07-25 06:54:15,1
INT0000001141,PLAY0000008862,U0004570,V00002736,like,2026-06-12 10:52:00,1
INT0000001142,PLAY0000008866,U0009514,V00005553,like,2026-07-06 23:21:03,1
INT0000001143,PLAY0000008869,U0007879,V00011007,favorite,2026-07-23 02:20:02,1
INT0000001144,PLAY0000008885,U0011104,V00011340,favorite,2026-07-30 09:04:20,1
INT0000001145,PLAY0000008906,U0000418,V00009649,like,2026-08-21 18:50:34,1
INT0000001146,PLAY0000008918,U0007718,V00006871,like,2026-06-09 22:08:39,1
INT0000001147,PLAY0000008928,U0007948,V00010725,favorite,2026-05-25 18:26:43,1
INT0000001148,PLAY0000008948,U0011134,V00004249,favorite,2026-08-26 06:04:15,1
INT0000001149,PLAY0000008977,U0011514,V00006749,like,2026-07-07 00:11:41,1
INT0000001150,PLAY0000008978,U0007356,V00010587,like,2026-07-04 10:07:50,1
INT0000001151,PLAY0000008980,U0011537,V00002918,like,2026-08-28 00:02:52,1
INT0000001152,PLAY0000008984,U0006581,V00005588,comment,2026-08-13 16:10:25,1
INT0000001153,PLAY0000009003,U0001826,V00000970,comment,2026-06-02 18:20:06,1
INT0000001154,PLAY0000009010,U0011539,V00013185,like,2026-08-22 12:48:44,1
INT0000001155,PLAY0000009032,U0003884,V00006965,favorite,2026-04-04 10:57:38,1
INT0000001156,PLAY0000009037,U0005616,V00010880,like,2026-08-26 07:12:39,1
INT0000001157,PLAY0000009040,U0010049,V00000997,like,2026-04-03 21:48:08,1
INT0000001158,PLAY0000009041,U0001961,V00011653,favorite,2026-05-12 12:40:03,1
INT0000001159,PLAY0000009044,U0001057,V00012322,like,2026-08-28 12:20:14,1
INT0000001160,PLAY0000009057,U0001491,V00013121,like,2026-06-15 08:48:49,1
INT0000001161,PLAY0000009059,U0006874,V00001269,like,2026-07-30 13:04:50,1
INT0000001162,PLAY0000009068,U0002344,V00004054,favorite,2026-08-28 23:45:13,1
INT0000001163,PLAY0000009085,U0010990,V00007737,like,2026-07-29 01:41:11,1
INT0000001164,PLAY0000009086,U0008373,V00008023,like,2026-07-30 15:05:42,1
INT0000001165,PLAY0000009092,U0002388,V00002724,comment,2026-08-02 15:13:08,1
INT0000001166,PLAY0000009099,U0008865,V00002739,favorite,2026-08-07 20:37:27,1
INT0000001167,PLAY0000009104,U0010002,V00012966,like,2026-07-08 18:09:01,1
INT0000001168,PLAY0000009105,U0009706,V00006262,follow,2026-08-28 02:31:51,1
INT0000001169,PLAY0000009113,U0007472,V00011069,comment,2026-06-03 13:43:15,1
INT0000001170,PLAY0000009118,U0002009,V00013492,like,2026-08-05 14:32:15,1
INT0000001171,PLAY0000009120,U0011881,V00006187,like,2026-02-11 14:16:49,1
INT0000001172,PLAY0000009140,U0010494,V00013391,like,2026-07-14 06:23:53,1
INT0000001173,PLAY0000009151,U0005393,V00002181,like,2026-05-13 10:51:10,1
INT0000001174,PLAY0000009152,U0002568,V00007164,comment,2026-08-28 21:12:24,1
INT0000001175,PLAY0000009158,U0008547,V00013102,like,2026-08-10 12:21:18,1
INT0000001176,PLAY0000009170,U0009395,V00003730,like,2026-06-19 21:24:49,1
INT0000001177,PLAY0000009186,U0006297,V00009690,favorite,2026-08-25 07:57:45,1
INT0000001178,PLAY0000009201,U0007246,V00000347,like,2026-07-16 22:05:20,1
INT0000001179,PLAY0000009205,U0003219,V00003192,comment,2026-07-31 16:29:47,1
INT0000001180,PLAY0000009227,U0002247,V00001199,like,2026-03-04 03:37:44,1
INT0000001181,PLAY0000009230,U0010319,V00011187,comment,2026-08-21 19:42:59,1
INT0000001182,PLAY0000009231,U0004746,V00013140,favorite,2026-08-28 11:16:59,1
INT0000001183,PLAY0000009232,U0005029,V00011919,like,2026-07-20 04:45:58,1
INT0000001184,PLAY0000009234,U0000818,V00000763,like,2026-05-29 02:48:27,1
INT0000001185,PLAY0000009251,U0007295,V00012519,like,2026-08-25 11:06:27,1
INT0000001186,PLAY0000009256,U0011059,V00002635,favorite,2026-05-01 07:49:25,1
INT0000001187,PLAY0000009259,U0006971,V00012845,like,2026-05-20 17:52:56,1
INT0000001188,PLAY0000009269,U0009529,V00009136,like,2026-08-06 13:38:43,1
INT0000001189,PLAY0000009275,U0011381,V00009011,favorite,2026-04-03 19:54:25,1
INT0000001190,PLAY0000009280,U0005158,V00004712,favorite,2026-04-27 16:36:15,1
INT0000001191,PLAY0000009283,U0009615,V00011179,like,2026-05-16 09:31:19,1
INT0000001192,PLAY0000009289,U0003317,V00006107,like,2026-08-10 09:02:29,1
INT0000001193,PLAY0000009302,U0004095,V00007915,like,2026-07-27 21:18:23,1
INT0000001194,PLAY0000009306,U0005470,V00001213,favorite,2026-08-26 12:30:30,1
INT0000001195,PLAY0000009313,U0009392,V00003501,like,2026-07-25 12:53:41,1
INT0000001196,PLAY0000009316,U0004162,V00005477,like,2026-08-28 17:45:37,1
INT0000001197,PLAY0000009321,U0008541,V00012140,share,2026-02-17 03:19:13,1
INT0000001198,PLAY0000009338,U0008499,V00002132,follow,2026-08-23 12:26:30,1
INT0000001199,PLAY0000009339,U0000073,V00007765,like,2026-02-19 16:59:14,1
INT0000001200,PLAY0000009348,U0007631,V00012069,comment,2026-07-23 17:36:00,1
INT0000001201,PLAY0000009351,U0001492,V00004140,like,2026-08-11 05:06:49,1
INT0000001202,PLAY0000009355,U0001082,V00011082,like,2026-07-17 22:17:26,1
INT0000001203,PLAY0000009357,U0005712,V00004883,share,2026-05-04 15:41:37,1
INT0000001204,PLAY0000009367,U0007742,V00000919,like,2026-05-18 23:26:25,1
INT0000001205,PLAY0000009377,U0004433,V00011668,like,2026-04-28 20:03:46,1
INT0000001206,PLAY0000009401,U0007312,V00002108,like,2026-08-14 06:52:05,1
INT0000001207,PLAY0000009409,U0006937,V00014160,like,2026-04-25 10:20:29,1
INT0000001208,PLAY0000009413,U0011789,V00008741,like,2026-06-21 14:14:54,1
INT0000001209,PLAY0000009414,U0002237,V00007587,comment,2026-08-27 20:26:16,1
INT0000001210,PLAY0000009416,U0000311,V00014674,like,2026-08-18 15:19:53,1
INT0000001211,PLAY0000009419,U0005390,V00000335,comment,2026-07-25 19:20:39,1
INT0000001212,PLAY0000009421,U0006664,V00011980,share,2026-06-06 04:03:01,1
INT0000001213,PLAY0000009423,U0004527,V00006195,follow,2026-06-26 11:42:04,1
INT0000001214,PLAY0000009426,U0001376,V00001640,follow,2026-06-05 21:09:41,1
INT0000001215,PLAY0000009427,U0007336,V00011062,share,2026-03-04 04:40:22,1
INT0000001216,PLAY0000009430,U0001951,V00011398,follow,2026-07-27 05:42:04,1
INT0000001217,PLAY0000009432,U0002975,V00009201,favorite,2026-06-05 07:07:31,1
INT0000001218,PLAY0000009436,U0003679,V00006732,like,2026-08-05 12:40:16,1
INT0000001219,PLAY0000009456,U0006328,V00000118,like,2026-07-23 11:11:50,1
INT0000001220,PLAY0000009457,U0001915,V00005392,share,2026-08-18 08:03:16,1
INT0000001221,PLAY0000009467,U0008490,V00005455,comment,2026-03-03 01:56:20,1
INT0000001222,PLAY0000009471,U0007738,V00011392,favorite,2026-07-24 19:39:08,1
INT0000001223,PLAY0000009476,U0008816,V00009731,comment,2026-08-08 04:56:46,1
INT0000001224,PLAY0000009481,U0005511,V00014596,like,2026-06-27 08:41:02,1
INT0000001225,PLAY0000009484,U0009100,V00008507,like,2026-08-07 06:37:39,1
INT0000001226,PLAY0000009489,U0004680,V00008777,comment,2026-08-11 11:59:01,1
INT0000001227,PLAY0000009520,U0011064,V00000301,like,2026-08-23 14:49:40,1
INT0000001228,PLAY0000009522,U0005689,V00008028,like,2026-07-03 09:51:51,1
INT0000001229,PLAY0000009541,U0007905,V00012406,comment,2026-06-04 20:05:32,1
INT0000001230,PLAY0000009575,U0004884,V00006395,follow,2026-08-08 17:25:16,1
INT0000001231,PLAY0000009589,U0004457,V00004952,follow,2026-05-27 11:51:28,1
INT0000001232,PLAY0000009604,U0009738,V00009650,comment,2026-03-02 01:33:59,1
INT0000001233,PLAY0000009609,U0000860,V00014335,like,2026-08-10 03:04:32,1
INT0000001234,PLAY0000009611,U0004717,V00003009,like,2026-08-27 04:37:52,1
INT0000001235,PLAY0000009613,U0010002,V00001793,share,2026-04-27 02:39:18,1
INT0000001236,PLAY0000009615,U0008053,V00014868,follow,2026-07-23 22:18:05,1
INT0000001237,PLAY0000009623,U0010699,V00001667,like,2026-08-28 07:55:31,1
INT0000001238,PLAY0000009634,U0001348,V00004676,like,2026-07-10 17:38:47,1
INT0000001239,PLAY0000009637,U0002095,V00005601,comment,2026-06-11 04:05:27,1
INT0000001240,PLAY0000009639,U0000409,V00014352,comment,2026-08-22 04:26:43,1
INT0000001241,PLAY0000009649,U0001412,V00006427,like,2026-07-30 05:15:19,1
INT0000001242,PLAY0000009662,U0007032,V00003039,like,2026-07-19 06:41:40,1
INT0000001243,PLAY0000009673,U0008631,V00000330,like,2026-05-31 09:08:39,1
INT0000001244,PLAY0000009683,U0006599,V00007263,like,2026-08-24 08:21:42,1
INT0000001245,PLAY0000009713,U0010190,V00007111,like,2026-08-27 13:06:42,1
INT0000001246,PLAY0000009719,U0006078,V00002007,like,2026-08-24 00:43:45,1
INT0000001247,PLAY0000009732,U0010863,V00011619,like,2026-08-01 14:40:01,1
INT0000001248,PLAY0000009733,U0002972,V00007530,share,2026-08-28 19:36:14,1
INT0000001249,PLAY0000009748,U0002519,V00009080,favorite,2026-08-20 04:56:13,1
INT0000001250,PLAY0000009750,U0006537,V00014729,like,2026-08-19 15:00:39,1
INT0000001251,PLAY0000009764,U0008280,V00011040,like,2026-07-22 23:31:51,1
INT0000001252,PLAY0000009773,U0005335,V00013996,like,2026-07-20 00:49:55,1
INT0000001253,PLAY0000009778,U0009337,V00004808,favorite,2026-03-24 00:37:03,1
INT0000001254,PLAY0000009785,U0010530,V00000477,like,2026-05-29 08:42:01,1
INT0000001255,PLAY0000009786,U0001963,V00013690,comment,2026-07-07 10:18:24,1
INT0000001256,PLAY0000009788,U0003890,V00005868,share,2026-08-11 01:42:03,1
INT0000001257,PLAY0000009797,U0005783,V00009106,like,2026-08-12 23:21:42,1
INT0000001258,PLAY0000009798,U0009136,V00001775,comment,2026-08-26 04:10:47,1
INT0000001259,PLAY0000009800,U0002779,V00002228,like,2026-07-27 23:13:02,1
INT0000001260,PLAY0000009801,U0002285,V00005026,share,2026-08-23 19:40:16,1
INT0000001261,PLAY0000009805,U0006493,V00003886,like,2026-04-25 11:52:41,1
INT0000001262,PLAY0000009830,U0004095,V00006162,follow,2026-07-30 04:53:19,1
INT0000001263,PLAY0000009833,U0006880,V00013832,like,2026-06-30 15:16:32,1
INT0000001264,PLAY0000009844,U0001867,V00012783,share,2026-08-28 00:21:58,1
INT0000001265,PLAY0000009853,U0011296,V00002576,like,2026-03-14 05:19:46,1
INT0000001266,PLAY0000009866,U0008090,V00000455,favorite,2026-03-17 21:28:18,1
INT0000001267,PLAY0000009874,U0004643,V00012436,follow,2026-06-19 18:29:32,1
INT0000001268,PLAY0000009876,U0004812,V00014863,like,2026-03-12 12:12:01,1
INT0000001269,PLAY0000009889,U0009482,V00002963,follow,2026-07-21 08:01:31,1
INT0000001270,PLAY0000009890,U0003514,V00008273,comment,2026-08-06 00:24:17,1
INT0000001271,PLAY0000009892,U0003085,V00014300,favorite,2026-08-08 12:19:00,1
INT0000001272,PLAY0000009901,U0004195,V00006344,share,2026-08-01 23:11:22,1
INT0000001273,PLAY0000009903,U0007578,V00011879,like,2026-08-08 05:45:55,1
INT0000001274,PLAY0000009913,U0003263,V00004116,favorite,2026-07-07 22:56:47,1
INT0000001275,PLAY0000009917,U0001555,V00004402,favorite,2026-02-21 01:27:23,1
INT0000001276,PLAY0000009920,U0005926,V00010228,comment,2026-08-13 00:26:31,1
INT0000001277,PLAY0000009922,U0006073,V00001837,favorite,2026-08-21 00:16:04,1
INT0000001278,PLAY0000009931,U0000978,V00007770,comment,2026-08-16 09:02:39,1
INT0000001279,PLAY0000009934,U0010845,V00001844,favorite,2026-06-09 15:40:46,1
INT0000001280,PLAY0000009937,U0002451,V00013284,follow,2026-07-25 14:55:58,1
INT0000001281,PLAY0000009940,U0005464,V00013765,share,2026-05-01 21:49:47,1
INT0000001282,PLAY0000009941,U0011142,V00002134,like,2026-08-14 22:24:36,1
INT0000001283,PLAY0000009948,U0006136,V00009304,like,2026-07-27 05:36:30,1
INT0000001284,PLAY0000009951,U0011654,V00003635,favorite,2026-08-28 06:07:55,1
INT0000001285,PLAY0000009956,U0002596,V00008398,favorite,2026-08-23 08:04:43,1
INT0000001286,PLAY0000009959,U0007957,V00000238,like,2026-06-29 07:07:52,1
INT0000001287,PLAY0000009963,U0007818,V00003018,like,2026-08-23 01:14:15,1
INT0000001288,PLAY0000009964,U0008475,V00009952,like,2026-04-13 06:37:48,1
INT0000001289,PLAY0000009968,U0008355,V00003702,like,2026-08-07 06:57:28,1
INT0000001290,PLAY0000009988,U0001542,V00012449,comment,2026-08-25 11:50:41,1
INT0000001291,PLAY0000009989,U0010305,V00007535,comment,2026-08-28 00:00:51,1
INT0000001292,PLAY0000010006,U0006320,V00002410,like,2026-02-28 22:36:17,1
INT0000001293,PLAY0000010008,U0007873,V00012717,comment,2026-07-24 18:57:00,1
INT0000001294,PLAY0000010013,U0002674,V00003851,like,2026-03-27 15:27:29,1
INT0000001295,PLAY0000010015,U0003628,V00007133,favorite,2026-08-24 07:18:37,1
INT0000001296,PLAY0000010022,U0003829,V00014556,like,2026-08-26 20:04:59,1
INT0000001297,PLAY0000010039,U0005356,V00002644,share,2026-08-24 00:31:47,1
INT0000001298,PLAY0000010042,U0008672,V00008926,favorite,2026-08-23 07:23:06,1
INT0000001299,PLAY0000010056,U0006836,V00013514,like,2026-08-03 13:35:01,1
INT0000001300,PLAY0000010059,U0007171,V00007536,like,2026-04-21 12:53:40,1
INT0000001301,PLAY0000010071,U0000936,V00012398,like,2026-08-28 16:28:16,1
INT0000001302,PLAY0000010077,U0010037,V00010704,follow,2026-06-25 05:41:16,1
INT0000001303,PLAY0000010088,U0011058,V00002880,favorite,2026-06-17 23:01:03,1
INT0000001304,PLAY0000010114,U0002845,V00014791,like,2026-08-12 09:49:25,1
INT0000001305,PLAY0000010123,U0003416,V00009536,like,2026-08-21 17:01:45,1
INT0000001306,PLAY0000010144,U0006229,V00007454,like,2026-08-23 00:10:58,1
INT0000001307,PLAY0000010151,U0010005,V00011606,like,2026-08-28 13:10:30,1
INT0000001308,PLAY0000010153,U0011390,V00003934,follow,2026-08-06 21:34:19,1
INT0000001309,PLAY0000010164,U0007627,V00003442,like,2026-07-14 10:08:44,1
INT0000001310,PLAY0000010168,U0004578,V00002420,share,2026-07-14 23:50:07,1
INT0000001311,PLAY0000010170,U0009631,V00003765,like,2026-08-16 14:04:21,1
INT0000001312,PLAY0000010178,U0000066,V00006864,follow,2026-08-26 09:00:02,1
INT0000001313,PLAY0000010181,U0009658,V00003609,like,2026-07-06 12:09:03,1
INT0000001314,PLAY0000010185,U0009666,V00008031,like,2026-07-12 21:40:03,1
INT0000001315,PLAY0000010189,U0003222,V00008666,follow,2026-06-20 02:21:23,1
INT0000001316,PLAY0000010191,U0006238,V00002760,like,2026-03-19 23:31:56,1
INT0000001317,PLAY0000010192,U0006978,V00009982,share,2026-07-28 05:26:32,1
INT0000001318,PLAY0000010194,U0003974,V00002718,like,2026-06-15 22:00:08,1
INT0000001319,PLAY0000010209,U0006647,V00013543,like,2026-08-14 21:29:19,1
INT0000001320,PLAY0000010219,U0009337,V00002493,like,2026-06-17 15:17:50,1
INT0000001321,PLAY0000010228,U0010504,V00002502,comment,2026-03-08 15:20:08,1
INT0000001322,PLAY0000010229,U0003472,V00010450,favorite,2026-08-14 02:43:54,1
INT0000001323,PLAY0000010232,U0003191,V00005275,like,2026-08-28 10:43:35,1
INT0000001324,PLAY0000010233,U0005272,V00004299,like,2026-06-22 08:50:46,1
INT0000001325,PLAY0000010243,U0009082,V00012965,share,2026-08-27 22:21:47,1
INT0000001326,PLAY0000010244,U0004434,V00000107,like,2026-08-27 08:12:34,1
INT0000001327,PLAY0000010247,U0009094,V00006291,like,2026-08-10 12:40:25,1
INT0000001328,PLAY0000010251,U0003110,V00012844,comment,2026-07-16 11:22:07,1
INT0000001329,PLAY0000010267,U0005121,V00001487,follow,2026-04-30 09:18:16,1
INT0000001330,PLAY0000010286,U0009979,V00007013,like,2026-07-21 16:10:05,1
INT0000001331,PLAY0000010287,U0009698,V00000554,follow,2026-08-19 00:52:16,1
INT0000001332,PLAY0000010304,U0001007,V00008950,like,2026-07-14 02:35:26,1
INT0000001333,PLAY0000010306,U0011575,V00007485,favorite,2026-07-18 12:05:35,1
INT0000001334,PLAY0000010324,U0011547,V00007704,comment,2026-06-21 06:17:39,1
INT0000001335,PLAY0000010328,U0004707,V00010086,like,2026-04-04 23:31:27,1
INT0000001336,PLAY0000010335,U0001668,V00014815,like,2026-07-21 07:11:13,1
INT0000001337,PLAY0000010348,U0010736,V00002483,like,2026-07-27 18:51:43,1
INT0000001338,PLAY0000010363,U0000901,V00013701,comment,2026-05-05 05:44:59,1
INT0000001339,PLAY0000010369,U0010449,V00009581,favorite,2026-06-04 04:38:22,1
INT0000001340,PLAY0000010375,U0000853,V00003185,like,2026-08-02 16:24:19,1
INT0000001341,PLAY0000010377,U0001562,V00008290,comment,2026-05-18 16:13:08,1
INT0000001342,PLAY0000010383,U0000763,V00009987,like,2026-08-10 02:48:08,1
INT0000001343,PLAY0000010386,U0008061,V00012571,like,2026-08-17 00:58:16,1
INT0000001344,PLAY0000010392,U0001024,V00012790,like,2026-08-15 20:24:03,1
INT0000001345,PLAY0000010394,U0004866,V00002860,favorite,2026-07-31 13:18:42,1
INT0000001346,PLAY0000010416,U0010871,V00012406,like,2026-06-08 23:48:20,1
INT0000001347,PLAY0000010424,U0006432,V00011841,comment,2026-07-09 08:47:39,1
INT0000001348,PLAY0000010438,U0006662,V00012455,follow,2026-07-31 16:59:01,1
INT0000001349,PLAY0000010441,U0004888,V00001372,like,2026-08-01 03:52:05,1
INT0000001350,PLAY0000010451,U0009824,V00001660,like,2026-03-05 06:55:45,1
INT0000001351,PLAY0000010456,U0009560,V00009101,like,2026-08-20 20:12:06,1
INT0000001352,PLAY0000010461,U0011123,V00010746,follow,2026-06-10 15:08:48,1
INT0000001353,PLAY0000010475,U0003106,V00006575,like,2026-03-19 19:12:43,1
INT0000001354,PLAY0000010476,U0007781,V00004550,follow,2026-07-26 10:24:03,1
INT0000001355,PLAY0000010481,U0007598,V00005265,like,2026-07-13 09:15:56,1
INT0000001356,PLAY0000010482,U0004031,V00012642,favorite,2026-05-10 21:45:16,1
INT0000001357,PLAY0000010486,U0011953,V00005836,comment,2026-07-28 01:20:02,1
INT0000001358,PLAY0000010493,U0001337,V00013084,like,2026-08-28 09:40:00,1
INT0000001359,PLAY0000010495,U0002968,V00007302,like,2026-06-17 20:55:50,1
INT0000001360,PLAY0000010501,U0003947,V00004325,like,2026-07-16 14:51:15,1
INT0000001361,PLAY0000010504,U0006133,V00012948,like,2026-07-24 15:34:29,1
INT0000001362,PLAY0000010513,U0010323,V00014737,like,2026-07-22 05:40:29,1
INT0000001363,PLAY0000010525,U0010013,V00003258,like,2026-05-24 23:10:13,1
INT0000001364,PLAY0000010526,U0006612,V00014135,share,2026-08-28 02:17:30,1
INT0000001365,PLAY0000010529,U0000611,V00013429,like,2026-07-26 03:27:45,1
INT0000001366,PLAY0000010538,U0001154,V00005162,like,2026-08-25 23:06:07,1
INT0000001367,PLAY0000010541,U0008716,V00003724,like,2026-08-23 22:51:35,1
INT0000001368,PLAY0000010548,U0000800,V00003460,like,2026-03-23 21:49:52,1
INT0000001369,PLAY0000010551,U0007013,V00000386,like,2026-07-28 15:19:26,1
INT0000001370,PLAY0000010557,U0004693,V00005422,like,2026-06-09 12:19:05,1
INT0000001371,PLAY0000010584,U0011392,V00010500,favorite,2026-07-24 09:11:52,1
INT0000001372,PLAY0000010597,U0003693,V00010355,favorite,2026-08-06 14:08:13,1
INT0000001373,PLAY0000010599,U0006093,V00011503,comment,2026-07-08 20:59:01,1
INT0000001374,PLAY0000010600,U0005226,V00006844,like,2026-05-29 00:56:25,1
INT0000001375,PLAY0000010602,U0001812,V00000871,like,2026-08-24 08:15:18,1
INT0000001376,PLAY0000010618,U0008051,V00010385,like,2026-08-29 00:00:09,1
INT0000001377,PLAY0000010625,U0002411,V00004909,favorite,2026-08-21 11:13:36,1
INT0000001378,PLAY0000010626,U0006016,V00014689,like,2026-04-03 18:18:18,1
INT0000001379,PLAY0000010653,U0011730,V00001929,comment,2026-05-05 06:02:06,1
INT0000001380,PLAY0000010667,U0006910,V00008952,comment,2026-04-08 07:42:35,1
INT0000001381,PLAY0000010670,U0011257,V00008510,like,2026-06-10 09:02:06,1
INT0000001382,PLAY0000010671,U0000059,V00013036,share,2026-03-18 05:07:22,1
INT0000001383,PLAY0000010675,U0002638,V00005785,like,2026-07-30 21:15:09,1
INT0000001384,PLAY0000010677,U0008005,V00011021,like,2026-08-19 23:06:04,1
INT0000001385,PLAY0000010700,U0006622,V00013361,like,2026-08-15 19:55:43,1
INT0000001386,PLAY0000010714,U0011185,V00002627,share,2026-04-19 06:24:49,1
INT0000001387,PLAY0000010725,U0001802,V00011921,follow,2026-07-24 07:21:01,1
INT0000001388,PLAY0000010733,U0000216,V00006660,like,2026-04-09 09:22:28,1
INT0000001389,PLAY0000010735,U0009345,V00010252,share,2026-08-25 07:59:10,1
INT0000001390,PLAY0000010743,U0004635,V00001479,like,2026-02-15 22:41:07,1
INT0000001391,PLAY0000010764,U0002488,V00014925,like,2026-05-16 04:13:28,1
INT0000001392,PLAY0000010766,U0003472,V00005173,like,2026-08-02 11:48:38,1
INT0000001393,PLAY0000010770,U0004370,V00014127,like,2026-08-11 00:58:42,1
INT0000001394,PLAY0000010774,U0010806,V00001947,comment,2026-08-14 09:13:54,1
INT0000001395,PLAY0000010775,U0006325,V00004614,comment,2026-05-05 06:33:58,1
INT0000001396,PLAY0000010785,U0007100,V00001096,like,2026-08-24 02:26:18,1
INT0000001397,PLAY0000010786,U0006065,V00002456,like,2026-08-20 17:05:59,1
INT0000001398,PLAY0000010801,U0011732,V00007737,like,2026-05-24 03:54:48,1
INT0000001399,PLAY0000010807,U0010856,V00011267,like,2026-08-25 20:28:56,1
INT0000001400,PLAY0000010814,U0000599,V00006371,comment,2026-08-11 13:54:30,1
INT0000001401,PLAY0000010818,U0004933,V00010821,like,2026-06-11 05:48:26,1
INT0000001402,PLAY0000010821,U0011055,V00008862,favorite,2026-08-15 22:49:05,1
INT0000001403,PLAY0000010827,U0009360,V00011271,like,2026-08-28 19:31:45,1
INT0000001404,PLAY0000010842,U0010005,V00000869,like,2026-05-02 14:48:31,1
INT0000001405,PLAY0000010843,U0002180,V00011211,follow,2026-06-17 03:11:54,1
INT0000001406,PLAY0000010844,U0009835,V00004635,share,2026-07-15 03:16:09,1
INT0000001407,PLAY0000010852,U0002905,V00007266,share,2026-08-27 10:25:34,1
INT0000001408,PLAY0000010854,U0010575,V00011170,like,2026-07-10 20:12:07,1
INT0000001409,PLAY0000010855,U0005207,V00014656,comment,2026-08-16 05:41:11,1
INT0000001410,PLAY0000010864,U0002292,V00006425,like,2026-08-03 11:19:22,1
INT0000001411,PLAY0000010871,U0005047,V00010463,follow,2026-08-06 20:29:03,1
INT0000001412,PLAY0000010880,U0009337,V00007961,comment,2026-08-02 14:09:04,1
INT0000001413,PLAY0000010883,U0011389,V00011565,share,2026-02-24 09:04:54,1
INT0000001414,PLAY0000010887,U0005251,V00012826,share,2026-08-26 07:36:17,1
INT0000001415,PLAY0000010888,U0010731,V00004364,like,2026-06-28 17:28:42,1
INT0000001416,PLAY0000010890,U0004016,V00008867,like,2026-08-04 00:26:15,1
INT0000001417,PLAY0000010900,U0006939,V00007096,share,2026-08-25 22:10:26,1
INT0000001418,PLAY0000010907,U0003590,V00010269,follow,2026-08-26 12:57:13,1
INT0000001419,PLAY0000010915,U0008454,V00004485,like,2026-08-23 21:08:52,1
INT0000001420,PLAY0000010929,U0005218,V00000180,like,2026-08-08 16:41:33,1
INT0000001421,PLAY0000010932,U0005415,V00004482,follow,2026-08-28 03:40:17,1
INT0000001422,PLAY0000010934,U0006329,V00000479,comment,2026-08-28 08:54:18,1
INT0000001423,PLAY0000010935,U0003465,V00005469,favorite,2026-04-24 00:26:22,1
INT0000001424,PLAY0000010948,U0009794,V00009799,follow,2026-06-30 18:41:29,1
INT0000001425,PLAY0000010956,U0011389,V00013644,like,2026-07-05 19:28:19,1
INT0000001426,PLAY0000010958,U0007532,V00012259,like,2026-07-20 09:40:53,1
INT0000001427,PLAY0000010976,U0002361,V00007121,share,2026-08-10 22:21:06,1
INT0000001428,PLAY0000010985,U0010374,V00004244,share,2026-08-24 17:04:03,1
INT0000001429,PLAY0000010995,U0008021,V00005710,share,2026-08-27 09:07:10,1
INT0000001430,PLAY0000011002,U0007658,V00008567,like,2026-06-19 08:17:40,1
INT0000001431,PLAY0000011010,U0010869,V00003053,like,2026-03-06 21:08:06,1
INT0000001432,PLAY0000011013,U0004868,V00010008,like,2026-04-23 01:33:48,1
INT0000001433,PLAY0000011020,U0001739,V00006496,like,2026-07-02 20:12:54,1
INT0000001434,PLAY0000011023,U0008364,V00008091,follow,2026-06-04 16:06:52,1
INT0000001435,PLAY0000011025,U0005782,V00000508,like,2026-08-07 10:46:45,1
INT0000001436,PLAY0000011032,U0008244,V00000465,like,2026-06-03 06:24:27,1
INT0000001437,PLAY0000011033,U0008895,V00001561,like,2026-08-27 23:32:40,1
INT0000001438,PLAY0000011038,U0001436,V00001823,like,2026-05-22 14:02:42,1
INT0000001439,PLAY0000011039,U0003049,V00013290,like,2026-08-28 16:57:23,1
INT0000001440,PLAY0000011045,U0001298,V00004796,follow,2026-08-27 11:08:46,1
INT0000001441,PLAY0000011046,U0008740,V00005922,like,2026-06-11 21:11:32,1
INT0000001442,PLAY0000011053,U0008897,V00001651,share,2026-05-27 09:15:52,1
INT0000001443,PLAY0000011054,U0002511,V00013877,share,2026-08-27 08:01:27,1
INT0000001444,PLAY0000011057,U0011862,V00006668,like,2026-06-29 09:55:42,1
INT0000001445,PLAY0000011059,U0011653,V00014500,like,2026-06-05 21:31:44,1
INT0000001446,PLAY0000011062,U0001607,V00000543,like,2026-08-24 07:26:17,1
INT0000001447,PLAY0000011072,U0004118,V00014405,comment,2026-05-11 03:44:03,1
INT0000001448,PLAY0000011074,U0003549,V00012163,comment,2026-06-10 06:14:17,1
INT0000001449,PLAY0000011075,U0009971,V00004293,like,2026-05-11 21:21:46,1
INT0000001450,PLAY0000011079,U0001346,V00012203,like,2026-08-24 06:55:01,1
INT0000001451,PLAY0000011088,U0010002,V00004554,favorite,2026-07-14 13:20:12,1
INT0000001452,PLAY0000011095,U0001492,V00005587,comment,2026-08-04 00:12:48,1
INT0000001453,PLAY0000011096,U0005938,V00012550,like,2026-04-27 05:26:31,1
INT0000001454,PLAY0000011098,U0007762,V00011749,like,2026-08-20 12:39:47,1
INT0000001455,PLAY0000011103,U0008657,V00010040,favorite,2026-06-17 21:43:00,1
INT0000001456,PLAY0000011107,U0003828,V00011331,like,2026-08-28 17:29:19,1
INT0000001457,PLAY0000011110,U0008426,V00000578,like,2026-08-23 02:13:52,1
INT0000001458,PLAY0000011129,U0011493,V00003694,share,2026-06-18 19:33:59,1
INT0000001459,PLAY0000011137,U0002726,V00010275,share,2026-07-20 21:53:22,1
INT0000001460,PLAY0000011147,U0010248,V00006951,follow,2026-08-09 14:29:09,1
INT0000001461,PLAY0000011159,U0001334,V00008322,like,2026-08-25 12:42:38,1
INT0000001462,PLAY0000011171,U0001540,V00010161,like,2026-07-18 08:23:37,1
INT0000001463,PLAY0000011175,U0009026,V00014338,like,2026-08-28 10:18:51,1
INT0000001464,PLAY0000011182,U0011158,V00008401,comment,2026-04-05 20:51:42,1
INT0000001465,PLAY0000011186,U0001329,V00014051,share,2026-08-24 16:11:58,1
INT0000001466,PLAY0000011194,U0006563,V00012206,share,2026-08-23 14:04:20,1
INT0000001467,PLAY0000011208,U0008047,V00005200,favorite,2026-07-06 15:36:11,1
INT0000001468,PLAY0000011224,U0005876,V00010592,like,2026-08-08 05:07:45,1
INT0000001469,PLAY0000011228,U0011814,V00006291,like,2026-08-24 10:31:06,1
INT0000001470,PLAY0000011239,U0004391,V00003539,comment,2026-08-24 15:42:01,1
INT0000001471,PLAY0000011241,U0006787,V00001221,like,2026-07-01 01:34:28,1
INT0000001472,PLAY0000011248,U0010642,V00004305,like,2026-08-12 02:16:12,1
INT0000001473,PLAY0000011261,U0007479,V00010296,like,2026-04-09 20:39:43,1
INT0000001474,PLAY0000011263,U0001720,V00013710,like,2026-05-27 06:58:34,1
INT0000001475,PLAY0000011274,U0002494,V00000128,follow,2026-08-23 14:40:46,1
INT0000001476,PLAY0000011282,U0006796,V00003964,like,2026-07-12 09:40:50,1
INT0000001477,PLAY0000011292,U0001224,V00003190,share,2026-08-17 03:31:40,1
INT0000001478,PLAY0000011305,U0003145,V00006048,like,2026-08-10 12:00:25,1
INT0000001479,PLAY0000011311,U0007238,V00011461,follow,2026-06-30 05:35:27,1
INT0000001480,PLAY0000011314,U0000291,V00008374,like,2026-08-27 04:49:45,1
INT0000001481,PLAY0000011323,U0011507,V00001843,like,2026-02-15 22:43:44,1
INT0000001482,PLAY0000011331,U0007084,V00003380,like,2026-08-24 07:52:42,1
INT0000001483,PLAY0000011341,U0008797,V00009200,like,2026-07-04 13:39:34,1
INT0000001484,PLAY0000011342,U0005406,V00005425,follow,2026-07-21 10:24:49,1
INT0000001485,PLAY0000011355,U0010560,V00000850,favorite,2026-08-26 00:51:02,1
INT0000001486,PLAY0000011383,U0011524,V00006154,favorite,2026-08-28 05:46:42,1
INT0000001487,PLAY0000011393,U0004503,V00005911,like,2026-05-12 01:16:16,1
INT0000001488,PLAY0000011396,U0002740,V00005425,follow,2026-08-05 19:22:09,1
INT0000001489,PLAY0000011406,U0001713,V00011509,like,2026-08-19 13:18:42,1
INT0000001490,PLAY0000011408,U0011510,V00014691,favorite,2026-03-31 18:55:07,1
INT0000001491,PLAY0000011415,U0007687,V00014586,like,2026-05-20 13:27:48,1
INT0000001492,PLAY0000011422,U0001526,V00007238,like,2026-08-03 23:51:52,1
INT0000001493,PLAY0000011424,U0005168,V00009128,like,2026-08-27 21:18:57,1
INT0000001494,PLAY0000011451,U0007047,V00001875,favorite,2026-08-28 19:10:16,1
INT0000001495,PLAY0000011452,U0003807,V00008545,like,2026-08-12 08:19:58,1
INT0000001496,PLAY0000011458,U0001674,V00011086,comment,2026-07-13 15:21:12,1
INT0000001497,PLAY0000011472,U0011368,V00003531,like,2026-07-09 04:05:00,1
INT0000001498,PLAY0000011479,U0000480,V00013997,like,2026-08-24 10:48:45,1
INT0000001499,PLAY0000011490,U0003187,V00004532,follow,2026-08-23 09:25:47,1
INT0000001500,PLAY0000011499,U0010466,V00014365,like,2026-08-01 17:53:45,1
INT0000001501,PLAY0000011508,U0011208,V00014823,favorite,2026-08-18 10:32:03,1
INT0000001502,PLAY0000011526,U0001995,V00008023,comment,2026-07-31 05:52:25,1
INT0000001503,PLAY0000011528,U0009715,V00002007,like,2026-08-20 11:31:46,1
INT0000001504,PLAY0000011530,U0000352,V00004177,like,2026-02-21 08:54:15,1
INT0000001505,PLAY0000011531,U0009964,V00006438,like,2026-06-22 07:45:34,1
INT0000001506,PLAY0000011543,U0006424,V00014554,like,2026-07-21 10:00:12,1
INT0000001507,PLAY0000011556,U0009695,V00004429,like,2026-05-02 13:37:19,1
INT0000001508,PLAY0000011565,U0009677,V00003456,like,2026-08-09 18:48:16,1
INT0000001509,PLAY0000011570,U0005771,V00008747,follow,2026-08-06 11:12:18,1
INT0000001510,PLAY0000011594,U0001235,V00010392,follow,2026-08-15 08:18:12,1
INT0000001511,PLAY0000011598,U0000115,V00004326,share,2026-06-17 23:07:02,1
INT0000001512,PLAY0000011601,U0004564,V00009591,comment,2026-05-08 13:55:41,1
INT0000001513,PLAY0000011604,U0000744,V00014440,like,2026-05-14 10:21:47,1
INT0000001514,PLAY0000011609,U0006056,V00002540,like,2026-07-30 13:06:27,1
INT0000001515,PLAY0000011613,U0003462,V00008379,share,2026-07-22 18:04:59,1
INT0000001516,PLAY0000011622,U0009137,V00013392,comment,2026-08-25 06:33:37,1
INT0000001517,PLAY0000011632,U0010387,V00004686,favorite,2026-08-09 00:11:05,1
INT0000001518,PLAY0000011637,U0010643,V00008936,like,2026-08-04 20:58:54,1
INT0000001519,PLAY0000011638,U0001672,V00005776,comment,2026-07-03 10:31:22,1
INT0000001520,PLAY0000011640,U0009986,V00005107,like,2026-08-27 11:12:03,1
INT0000001521,PLAY0000011642,U0008370,V00002296,favorite,2026-08-19 12:10:50,1
INT0000001522,PLAY0000011648,U0005759,V00011660,follow,2026-08-24 09:44:42,1
INT0000001523,PLAY0000011654,U0005245,V00008113,share,2026-08-24 09:57:05,1
INT0000001524,PLAY0000011656,U0004338,V00014401,comment,2026-08-22 01:11:29,1
INT0000001525,PLAY0000011660,U0002354,V00013971,like,2026-06-29 02:11:56,1
INT0000001526,PLAY0000011676,U0001742,V00000123,like,2026-08-27 01:54:54,1
INT0000001527,PLAY0000011686,U0010492,V00014607,follow,2026-04-22 05:45:26,1
INT0000001528,PLAY0000011693,U0009827,V00012373,like,2026-04-19 11:44:08,1
INT0000001529,PLAY0000011694,U0005668,V00002508,like,2026-03-14 15:29:29,1
INT0000001530,PLAY0000011726,U0000253,V00002935,comment,2026-07-20 10:36:38,1
INT0000001531,PLAY0000011728,U0007983,V00010357,share,2026-07-30 03:43:35,1
INT0000001532,PLAY0000011748,U0009986,V00002921,like,2026-08-17 18:20:04,1
INT0000001533,PLAY0000011753,U0006035,V00006982,like,2026-07-26 17:47:44,1
INT0000001534,PLAY0000011800,U0005567,V00009514,favorite,2026-08-10 06:49:20,1
INT0000001535,PLAY0000011802,U0002905,V00002045,favorite,2026-06-29 18:03:18,1
INT0000001536,PLAY0000011805,U0008902,V00001189,follow,2026-08-16 21:37:51,1
INT0000001537,PLAY0000011810,U0008137,V00005382,like,2026-08-20 23:11:28,1
INT0000001538,PLAY0000011820,U0008391,V00001372,like,2026-08-14 05:21:47,1
INT0000001539,PLAY0000011823,U0005138,V00005746,favorite,2026-04-02 03:50:22,1
INT0000001540,PLAY0000011833,U0008938,V00001188,like,2026-02-12 05:42:03,1
INT0000001541,PLAY0000011836,U0001760,V00002109,like,2026-07-06 07:10:30,1
INT0000001542,PLAY0000011837,U0009141,V00008637,like,2026-07-31 15:24:46,1
INT0000001543,PLAY0000011856,U0008226,V00014089,like,2026-07-16 18:05:39,1
INT0000001544,PLAY0000011861,U0005908,V00001513,follow,2026-05-15 11:50:41,1
INT0000001545,PLAY0000011863,U0008370,V00008232,like,2026-05-26 20:59:59,1
INT0000001546,PLAY0000011867,U0010592,V00003579,like,2026-08-01 03:10:25,1
INT0000001547,PLAY0000011870,U0010387,V00013227,like,2026-07-07 10:21:29,1
INT0000001548,PLAY0000011873,U0007792,V00013214,favorite,2026-08-25 19:57:06,1
INT0000001549,PLAY0000011881,U0011790,V00000270,like,2026-02-22 21:48:56,1
INT0000001550,PLAY0000011912,U0003159,V00005493,like,2026-07-29 18:28:29,1
INT0000001551,PLAY0000011919,U0006116,V00002241,like,2026-05-10 02:00:00,1
INT0000001552,PLAY0000011947,U0004402,V00007840,like,2026-07-02 16:49:45,1
INT0000001553,PLAY0000011953,U0001024,V00012655,like,2026-04-08 23:56:19,1
INT0000001554,PLAY0000011956,U0002838,V00012788,like,2026-08-28 10:48:32,1
INT0000001555,PLAY0000011960,U0004705,V00004743,like,2026-05-23 19:06:54,1
INT0000001556,PLAY0000011965,U0004996,V00004415,share,2026-02-20 12:24:37,1
INT0000001557,PLAY0000011967,U0004166,V00014315,like,2026-06-30 05:02:32,1
INT0000001558,PLAY0000011977,U0007462,V00004888,comment,2026-07-31 00:59:49,1
INT0000001559,PLAY0000011987,U0001927,V00000250,follow,2026-05-07 17:06:42,1
INT0000001560,PLAY0000011993,U0011718,V00002966,like,2026-08-09 17:43:40,1
INT0000001561,PLAY0000011997,U0006846,V00011151,like,2026-08-02 11:32:51,1
INT0000001562,PLAY0000012008,U0010501,V00014454,share,2026-06-14 22:20:53,1
INT0000001563,PLAY0000012009,U0006030,V00008335,like,2026-08-23 23:08:58,1
INT0000001564,PLAY0000012016,U0007540,V00006383,like,2026-05-28 23:05:01,1
INT0000001565,PLAY0000012023,U0003587,V00007184,share,2026-08-06 10:54:53,1
INT0000001566,PLAY0000012031,U0001541,V00002745,favorite,2026-06-08 22:36:00,1
INT0000001567,PLAY0000012038,U0001467,V00002137,like,2026-08-24 23:28:24,1
INT0000001568,PLAY0000012048,U0008296,V00010744,comment,2026-07-26 18:11:30,1
INT0000001569,PLAY0000012049,U0005674,V00000639,like,2026-07-16 20:44:01,1
INT0000001570,PLAY0000012051,U0003753,V00009702,like,2026-07-29 16:10:05,1
INT0000001571,PLAY0000012066,U0001243,V00009289,comment,2026-08-06 22:52:07,1
INT0000001572,PLAY0000012069,U0005893,V00012142,comment,2026-06-30 19:34:06,1
INT0000001573,PLAY0000012082,U0004443,V00006055,favorite,2026-08-20 13:17:16,1
INT0000001574,PLAY0000012091,U0001250,V00000600,like,2026-07-25 20:22:11,1
INT0000001575,PLAY0000012094,U0010338,V00014889,favorite,2026-08-21 07:54:40,1
INT0000001576,PLAY0000012102,U0001909,V00011990,like,2026-06-10 10:54:42,1
INT0000001577,PLAY0000012109,U0001560,V00013482,like,2026-04-26 18:51:32,1
INT0000001578,PLAY0000012110,U0000472,V00003638,like,2026-08-07 07:10:07,1
INT0000001579,PLAY0000012126,U0003473,V00004240,favorite,2026-08-09 07:23:58,1
INT0000001580,PLAY0000012160,U0011120,V00006894,like,2026-04-06 00:40:32,1
INT0000001581,PLAY0000012161,U0011343,V00004321,like,2026-05-23 16:28:50,1
INT0000001582,PLAY0000012163,U0010253,V00010750,follow,2026-07-27 10:19:10,1
INT0000001583,PLAY0000012173,U0011009,V00001170,like,2026-08-23 04:46:08,1
INT0000001584,PLAY0000012178,U0000633,V00012992,like,2026-08-27 05:35:52,1
INT0000001585,PLAY0000012195,U0006082,V00001399,like,2026-07-29 22:31:55,1
INT0000001586,PLAY0000012198,U0008642,V00011661,like,2026-08-09 22:56:45,1
INT0000001587,PLAY0000012201,U0005140,V00011211,like,2026-05-03 20:18:49,1
INT0000001588,PLAY0000012208,U0008668,V00008157,like,2026-06-07 06:15:48,1
INT0000001589,PLAY0000012223,U0003535,V00011913,like,2026-08-25 23:01:40,1
INT0000001590,PLAY0000012234,U0003685,V00007996,like,2026-08-11 03:50:20,1
INT0000001591,PLAY0000012235,U0011389,V00000370,like,2026-05-01 17:50:22,1
INT0000001592,PLAY0000012242,U0009643,V00011257,like,2026-05-19 18:51:28,1
INT0000001593,PLAY0000012248,U0006016,V00008254,like,2026-07-04 18:06:44,1
INT0000001594,PLAY0000012251,U0009981,V00006056,comment,2026-06-15 06:36:58,1
INT0000001595,PLAY0000012252,U0010382,V00003797,favorite,2026-03-05 02:07:33,1
INT0000001596,PLAY0000012255,U0007811,V00001639,comment,2026-07-22 13:44:32,1
INT0000001597,PLAY0000012260,U0004804,V00014972,follow,2026-07-20 21:25:40,1
INT0000001598,PLAY0000012263,U0005331,V00011322,comment,2026-07-25 11:29:49,1
INT0000001599,PLAY0000012269,U0000581,V00007503,like,2026-07-06 01:16:42,1
INT0000001600,PLAY0000012275,U0003372,V00011060,like,2026-08-27 21:42:05,1
INT0000001601,PLAY0000012287,U0000828,V00006615,like,2026-08-11 04:18:32,1
INT0000001602,PLAY0000012295,U0004878,V00006969,comment,2026-05-23 13:36:36,1
INT0000001603,PLAY0000012310,U0011153,V00004390,share,2026-07-07 17:25:44,1
INT0000001604,PLAY0000012329,U0009610,V00005034,like,2026-05-04 18:37:55,1
INT0000001605,PLAY0000012330,U0004361,V00013004,follow,2026-07-07 01:21:47,1
INT0000001606,PLAY0000012335,U0005642,V00001445,like,2026-03-24 14:15:44,1
INT0000001607,PLAY0000012337,U0002065,V00010192,comment,2026-08-03 20:11:23,1
INT0000001608,PLAY0000012350,U0008991,V00013567,favorite,2026-07-12 05:28:54,1
INT0000001609,PLAY0000012364,U0003951,V00004113,like,2026-03-02 01:40:06,1
INT0000001610,PLAY0000012367,U0008879,V00004632,comment,2026-08-03 12:48:35,1
INT0000001611,PLAY0000012376,U0007312,V00012215,like,2026-08-18 03:51:37,1
INT0000001612,PLAY0000012377,U0010391,V00013762,favorite,2026-08-28 15:15:25,1
INT0000001613,PLAY0000012380,U0000750,V00014299,like,2026-06-02 11:39:12,1
INT0000001614,PLAY0000012385,U0004705,V00010181,share,2026-07-30 13:12:13,1
INT0000001615,PLAY0000012408,U0007068,V00010883,like,2026-06-21 18:52:25,1
INT0000001616,PLAY0000012410,U0002941,V00000191,favorite,2026-06-23 16:41:05,1
INT0000001617,PLAY0000012417,U0001916,V00011251,share,2026-07-21 03:47:50,1
INT0000001618,PLAY0000012424,U0003424,V00001236,like,2026-04-01 21:30:06,1
INT0000001619,PLAY0000012429,U0010897,V00006961,like,2026-06-27 05:44:11,1
INT0000001620,PLAY0000012436,U0005286,V00002324,like,2026-03-17 22:01:58,1
INT0000001621,PLAY0000012441,U0009592,V00007701,like,2026-06-21 11:10:56,1
INT0000001622,PLAY0000012463,U0000207,V00003431,favorite,2026-08-26 10:26:57,1
INT0000001623,PLAY0000012465,U0010105,V00014707,like,2026-08-27 20:37:51,1
INT0000001624,PLAY0000012471,U0007976,V00004356,share,2026-07-20 23:38:37,1
INT0000001625,PLAY0000012474,U0004006,V00012479,comment,2026-08-14 20:56:38,1
INT0000001626,PLAY0000012480,U0010086,V00010353,like,2026-07-26 03:15:59,1
INT0000001627,PLAY0000012485,U0002588,V00006608,like,2026-03-09 23:22:26,1
INT0000001628,PLAY0000012486,U0006254,V00012890,like,2026-06-04 04:34:34,1
INT0000001629,PLAY0000012490,U0005706,V00002354,like,2026-07-27 15:04:10,1
INT0000001630,PLAY0000012493,U0010060,V00000850,favorite,2026-08-09 06:32:56,1
INT0000001631,PLAY0000012498,U0007151,V00007071,favorite,2026-08-07 03:21:30,1
INT0000001632,PLAY0000012548,U0005369,V00013410,comment,2026-08-19 23:55:30,1
INT0000001633,PLAY0000012553,U0005547,V00000745,like,2026-08-13 16:02:40,1
INT0000001634,PLAY0000012557,U0004488,V00005332,like,2026-07-24 16:34:08,1
INT0000001635,PLAY0000012563,U0006374,V00007229,like,2026-07-19 15:51:54,1
INT0000001636,PLAY0000012570,U0007398,V00011605,comment,2026-04-03 22:09:10,1
INT0000001637,PLAY0000012579,U0006292,V00000827,share,2026-07-16 04:28:04,1
INT0000001638,PLAY0000012590,U0009086,V00000437,follow,2026-07-24 19:05:54,1
INT0000001639,PLAY0000012600,U0004306,V00013159,like,2026-06-11 18:19:24,1
INT0000001640,PLAY0000012610,U0010743,V00012045,comment,2026-05-20 07:06:47,1
INT0000001641,PLAY0000012612,U0000602,V00011338,like,2026-08-26 14:20:18,1
INT0000001642,PLAY0000012622,U0011792,V00005069,favorite,2026-05-19 03:20:02,1
INT0000001643,PLAY0000012623,U0005619,V00011594,favorite,2026-04-11 12:20:00,1
INT0000001644,PLAY0000012628,U0006089,V00009792,comment,2026-07-07 06:12:58,1
INT0000001645,PLAY0000012657,U0001532,V00003929,like,2026-07-24 14:06:48,1
INT0000001646,PLAY0000012659,U0002741,V00006618,like,2026-06-28 17:25:24,1
INT0000001647,PLAY0000012664,U0006931,V00000436,share,2026-08-21 22:44:05,1
INT0000001648,PLAY0000012665,U0005144,V00004455,like,2026-08-20 21:48:41,1
INT0000001649,PLAY0000012672,U0007881,V00005650,like,2026-07-18 02:06:43,1
INT0000001650,PLAY0000012675,U0000237,V00001184,comment,2026-08-20 23:00:24,1
INT0000001651,PLAY0000012692,U0005725,V00005812,like,2026-06-13 11:50:26,1
INT0000001652,PLAY0000012694,U0011263,V00001574,like,2026-08-25 18:57:23,1
INT0000001653,PLAY0000012695,U0004231,V00003271,comment,2026-08-24 01:07:41,1
INT0000001654,PLAY0000012702,U0001312,V00000058,share,2026-06-06 10:13:20,1
INT0000001655,PLAY0000012732,U0001961,V00008012,comment,2026-07-29 18:21:11,1
INT0000001656,PLAY0000012753,U0005800,V00005645,share,2026-08-21 00:09:55,1
INT0000001657,PLAY0000012754,U0000303,V00011721,like,2026-08-09 22:49:09,1
INT0000001658,PLAY0000012760,U0010812,V00001251,like,2026-08-17 17:39:29,1
INT0000001659,PLAY0000012766,U0009528,V00004022,like,2026-08-28 01:41:02,1
INT0000001660,PLAY0000012785,U0010792,V00005418,share,2026-05-29 04:22:40,1
INT0000001661,PLAY0000012791,U0007110,V00014517,share,2026-02-22 04:57:11,1
INT0000001662,PLAY0000012795,U0008496,V00002699,like,2026-08-15 12:28:17,1
INT0000001663,PLAY0000012800,U0005542,V00006444,like,2026-08-27 11:18:12,1
INT0000001664,PLAY0000012816,U0006776,V00002254,like,2026-07-02 20:36:12,1
INT0000001665,PLAY0000012818,U0011139,V00006108,like,2026-03-30 14:08:40,1
INT0000001666,PLAY0000012821,U0011058,V00012915,comment,2026-08-21 15:59:43,1
INT0000001667,PLAY0000012823,U0005626,V00001673,share,2026-08-28 23:18:10,1
INT0000001668,PLAY0000012824,U0001986,V00012794,like,2026-05-26 20:05:15,1
INT0000001669,PLAY0000012827,U0000573,V00010525,follow,2026-05-03 03:24:58,1
INT0000001670,PLAY0000012835,U0004237,V00011096,comment,2026-05-26 08:18:22,1
INT0000001671,PLAY0000012840,U0003711,V00005264,like,2026-08-19 19:30:54,1
INT0000001672,PLAY0000012859,U0010884,V00008426,favorite,2026-08-27 03:30:31,1
INT0000001673,PLAY0000012860,U0001704,V00011303,like,2026-08-16 02:26:08,1
INT0000001674,PLAY0000012862,U0004522,V00009136,like,2026-08-22 17:40:29,1
INT0000001675,PLAY0000012873,U0004905,V00005425,like,2026-07-31 13:33:56,1
INT0000001676,PLAY0000012891,U0000816,V00008932,like,2026-08-21 10:48:11,1
INT0000001677,PLAY0000012897,U0001632,V00001415,favorite,2026-04-24 15:01:33,1
INT0000001678,PLAY0000012907,U0007539,V00008301,like,2026-08-16 08:27:19,1
INT0000001679,PLAY0000012912,U0003271,V00010029,comment,2026-07-20 16:52:44,1
INT0000001680,PLAY0000012916,U0009693,V00012179,like,2026-07-06 01:11:16,1
INT0000001681,PLAY0000012923,U0002665,V00008529,like,2026-07-08 23:03:08,1
INT0000001682,PLAY0000012929,U0006923,V00014857,like,2026-07-19 19:03:31,1
INT0000001683,PLAY0000012933,U0005418,V00005257,share,2026-08-09 21:52:01,1
INT0000001684,PLAY0000012948,U0001023,V00014459,like,2026-05-31 10:02:48,1
INT0000001685,PLAY0000012952,U0002876,V00011758,like,2026-06-16 04:22:17,1
INT0000001686,PLAY0000012955,U0002159,V00005023,share,2026-08-25 15:01:40,1
INT0000001687,PLAY0000012957,U0003608,V00012435,like,2026-05-08 11:57:13,1
INT0000001688,PLAY0000012961,U0006578,V00008894,favorite,2026-04-01 07:19:58,1
INT0000001689,PLAY0000012965,U0003802,V00005914,like,2026-08-02 16:21:35,1
INT0000001690,PLAY0000012979,U0004281,V00002726,favorite,2026-07-06 11:33:07,1
INT0000001691,PLAY0000012985,U0001980,V00006672,favorite,2026-06-09 13:41:24,1
INT0000001692,PLAY0000012991,U0004123,V00003791,like,2026-07-21 02:50:54,1
INT0000001693,PLAY0000012994,U0010092,V00001068,follow,2026-08-13 02:44:27,1
INT0000001694,PLAY0000012996,U0001866,V00002088,favorite,2026-06-14 01:09:59,1
INT0000001695,PLAY0000013000,U0009222,V00003694,like,2026-07-05 10:06:45,1
INT0000001696,PLAY0000013003,U0006441,V00010058,like,2026-08-27 19:49:46,1
INT0000001697,PLAY0000013008,U0010587,V00013080,like,2026-06-24 18:26:16,1
INT0000001698,PLAY0000013011,U0010224,V00012675,share,2026-05-26 06:53:53,1
INT0000001699,PLAY0000013018,U0002806,V00001834,comment,2026-08-27 02:17:33,1
INT0000001700,PLAY0000013057,U0000047,V00010764,like,2026-08-25 05:35:25,1
INT0000001701,PLAY0000013065,U0000208,V00002559,like,2026-08-12 10:00:42,1
INT0000001702,PLAY0000013072,U0000728,V00013430,like,2026-08-22 18:21:31,1
INT0000001703,PLAY0000013074,U0001511,V00003446,like,2026-07-29 15:35:51,1
INT0000001704,PLAY0000013075,U0000314,V00011537,share,2026-07-30 14:29:40,1
INT0000001705,PLAY0000013089,U0002013,V00005019,comment,2026-05-13 11:24:20,1
INT0000001706,PLAY0000013096,U0008158,V00014927,share,2026-08-27 10:24:06,1
INT0000001707,PLAY0000013102,U0002549,V00012601,favorite,2026-08-02 16:07:49,1
INT0000001708,PLAY0000013108,U0006926,V00012258,like,2026-06-06 16:47:03,1
INT0000001709,PLAY0000013113,U0010942,V00004019,like,2026-08-25 20:22:54,1
INT0000001710,PLAY0000013125,U0005012,V00001288,like,2026-07-22 05:24:46,1
INT0000001711,PLAY0000013127,U0009383,V00012105,like,2026-07-20 18:11:26,1
INT0000001712,PLAY0000013133,U0000305,V00002070,favorite,2026-08-17 04:52:32,1
INT0000001713,PLAY0000013134,U0006778,V00003134,like,2026-05-01 20:36:21,1
INT0000001714,PLAY0000013136,U0005371,V00004776,like,2026-08-20 06:55:30,1
INT0000001715,PLAY0000013139,U0008650,V00014703,like,2026-08-13 11:55:40,1
INT0000001716,PLAY0000013160,U0006124,V00008033,like,2026-07-03 04:00:20,1
INT0000001717,PLAY0000013178,U0004255,V00011077,favorite,2026-08-20 01:52:37,1
INT0000001718,PLAY0000013180,U0006112,V00013245,like,2026-06-12 12:12:17,1
INT0000001719,PLAY0000013182,U0007694,V00004388,like,2026-01-20 15:27:46,1
INT0000001720,PLAY0000013190,U0008820,V00004644,share,2026-08-17 03:25:01,1
INT0000001721,PLAY0000013192,U0002972,V00001483,comment,2026-05-11 05:42:57,1
INT0000001722,PLAY0000013193,U0005442,V00009124,favorite,2026-08-25 20:50:44,1
INT0000001723,PLAY0000013197,U0004546,V00004426,like,2026-05-25 00:31:51,1
INT0000001724,PLAY0000013224,U0002163,V00012540,follow,2026-07-09 20:33:15,1
INT0000001725,PLAY0000013228,U0006307,V00014132,like,2026-08-18 05:32:00,1
INT0000001726,PLAY0000013237,U0002815,V00004946,like,2026-07-23 15:34:28,1
INT0000001727,PLAY0000013244,U0005493,V00010530,like,2026-08-21 02:55:54,1
INT0000001728,PLAY0000013259,U0000194,V00003820,favorite,2026-07-28 04:57:28,1
INT0000001729,PLAY0000013276,U0008693,V00012963,like,2026-03-30 22:28:25,1
INT0000001730,PLAY0000013279,U0003873,V00000461,like,2026-08-14 09:39:04,1
INT0000001731,PLAY0000013286,U0002769,V00013896,like,2026-08-04 00:17:54,1
INT0000001732,PLAY0000013288,U0001730,V00010572,like,2026-05-23 20:40:43,1
INT0000001733,PLAY0000013294,U0008278,V00002946,share,2026-08-06 19:00:56,1
INT0000001734,PLAY0000013295,U0009212,V00007938,like,2026-03-31 14:31:19,1
INT0000001735,PLAY0000013298,U0006751,V00014462,favorite,2026-05-01 20:01:24,1
INT0000001736,PLAY0000013299,U0009327,V00011237,follow,2026-08-03 10:49:04,1
INT0000001737,PLAY0000013312,U0002964,V00014019,follow,2026-08-20 09:49:23,1
INT0000001738,PLAY0000013313,U0008569,V00001263,like,2026-08-20 07:38:16,1
INT0000001739,PLAY0000013330,U0002233,V00005696,like,2026-08-23 01:27:58,1
INT0000001740,PLAY0000013331,U0010323,V00011479,like,2026-08-04 05:13:08,1
INT0000001741,PLAY0000013333,U0004373,V00002963,like,2026-08-11 05:24:09,1
INT0000001742,PLAY0000013346,U0011803,V00014917,share,2026-07-13 09:31:25,1
INT0000001743,PLAY0000013348,U0004611,V00002275,like,2026-07-29 07:42:24,1
INT0000001744,PLAY0000013351,U0004356,V00005147,like,2026-08-27 10:07:40,1
INT0000001745,PLAY0000013354,U0007100,V00008527,like,2026-08-17 00:32:30,1
INT0000001746,PLAY0000013355,U0007443,V00010155,like,2026-08-17 13:45:55,1
INT0000001747,PLAY0000013356,U0010642,V00001934,like,2026-08-21 23:04:36,1
INT0000001748,PLAY0000013375,U0001792,V00007222,like,2026-08-24 01:44:45,1
INT0000001749,PLAY0000013380,U0011583,V00006163,like,2026-06-16 19:12:53,1
INT0000001750,PLAY0000013382,U0009649,V00005632,favorite,2026-08-28 19:48:26,1
INT0000001751,PLAY0000013403,U0009264,V00010896,like,2026-05-07 13:16:43,1
INT0000001752,PLAY0000013408,U0011190,V00002412,like,2026-03-02 17:47:06,1
INT0000001753,PLAY0000013412,U0005135,V00002178,like,2026-08-23 11:11:14,1
INT0000001754,PLAY0000013414,U0011229,V00012966,comment,2026-07-09 14:43:33,1
INT0000001755,PLAY0000013416,U0003278,V00014159,like,2026-08-22 10:39:25,1
INT0000001756,PLAY0000013419,U0006449,V00006171,like,2026-08-26 22:13:38,1
INT0000001757,PLAY0000013435,U0002131,V00012988,comment,2026-08-06 10:06:40,1
INT0000001758,PLAY0000013437,U0008380,V00005389,like,2026-08-21 16:14:54,1
INT0000001759,PLAY0000013438,U0008353,V00012407,like,2026-07-29 15:06:45,1
INT0000001760,PLAY0000013446,U0006740,V00006317,share,2026-08-28 15:58:02,1
INT0000001761,PLAY0000013453,U0005763,V00013449,like,2026-08-26 21:05:34,1
INT0000001762,PLAY0000013463,U0001280,V00005348,like,2026-07-31 20:39:53,1
INT0000001763,PLAY0000013466,U0003857,V00013149,like,2026-08-26 17:42:51,1
INT0000001764,PLAY0000013473,U0006916,V00013195,favorite,2026-06-23 16:51:56,1
INT0000001765,PLAY0000013481,U0001028,V00004330,comment,2026-06-12 16:29:54,1
INT0000001766,PLAY0000013482,U0004659,V00011361,favorite,2026-07-22 07:00:21,1
INT0000001767,PLAY0000013484,U0003849,V00008551,comment,2026-05-06 14:26:51,1
INT0000001768,PLAY0000013490,U0009968,V00013100,like,2026-08-18 03:59:31,1
INT0000001769,PLAY0000013493,U0005304,V00014572,like,2026-04-20 21:48:47,1
INT0000001770,PLAY0000013501,U0003657,V00005697,favorite,2026-06-28 15:44:07,1
INT0000001771,PLAY0000013525,U0007741,V00013239,like,2026-08-05 03:07:39,1
INT0000001772,PLAY0000013527,U0001824,V00004493,like,2026-08-19 05:49:33,1
INT0000001773,PLAY0000013531,U0000943,V00003097,like,2026-03-10 05:44:10,1
INT0000001774,PLAY0000013534,U0009118,V00013426,like,2026-03-18 02:05:37,1
INT0000001775,PLAY0000013544,U0004989,V00005981,follow,2026-07-29 12:17:23,1
INT0000001776,PLAY0000013546,U0001917,V00011248,like,2026-06-20 14:25:41,1
INT0000001777,PLAY0000013551,U0001956,V00013536,like,2026-07-25 21:30:06,1
INT0000001778,PLAY0000013560,U0007550,V00011798,like,2026-08-24 04:31:49,1
INT0000001779,PLAY0000013568,U0004942,V00009441,like,2026-08-08 17:25:56,1
INT0000001780,PLAY0000013584,U0011748,V00003171,like,2026-06-08 11:36:39,1
INT0000001781,PLAY0000013586,U0003836,V00010268,like,2026-05-03 02:36:08,1
INT0000001782,PLAY0000013622,U0006855,V00011731,like,2026-08-28 01:03:13,1
INT0000001783,PLAY0000013635,U0001884,V00003572,like,2026-08-18 02:58:39,1
INT0000001784,PLAY0000013639,U0007256,V00012541,like,2026-07-20 09:29:49,1
INT0000001785,PLAY0000013646,U0002678,V00006196,like,2026-04-06 02:51:00,1
INT0000001786,PLAY0000013666,U0004498,V00010780,like,2026-06-21 18:44:47,1
INT0000001787,PLAY0000013670,U0009141,V00013079,like,2026-08-14 08:02:48,1
INT0000001788,PLAY0000013678,U0005403,V00002375,like,2026-08-27 22:51:30,1
INT0000001789,PLAY0000013688,U0006774,V00004464,like,2026-08-13 02:06:24,1
INT0000001790,PLAY0000013692,U0003815,V00004310,comment,2026-08-25 20:11:35,1
INT0000001791,PLAY0000013698,U0001310,V00011961,follow,2026-02-16 03:33:00,1
INT0000001792,PLAY0000013704,U0000467,V00000782,share,2026-07-16 18:26:47,1
INT0000001793,PLAY0000013711,U0011172,V00004155,like,2026-08-13 02:35:35,1
INT0000001794,PLAY0000013728,U0005540,V00012983,comment,2026-08-15 14:43:47,1
INT0000001795,PLAY0000013744,U0000191,V00005833,like,2026-08-08 07:13:23,1
INT0000001796,PLAY0000013745,U0006253,V00012797,like,2026-08-12 16:38:15,1
INT0000001797,PLAY0000013750,U0010958,V00001163,like,2026-06-18 18:26:56,1
INT0000001798,PLAY0000013760,U0003641,V00001029,comment,2026-04-15 15:09:33,1
INT0000001799,PLAY0000013785,U0004081,V00010072,favorite,2026-06-25 16:22:47,1
INT0000001800,PLAY0000013788,U0005749,V00006922,like,2026-08-27 20:49:01,1
INT0000001801,PLAY0000013790,U0008219,V00009876,favorite,2026-08-08 05:45:15,1
INT0000001802,PLAY0000013792,U0009638,V00004097,like,2026-07-07 08:11:54,1
INT0000001803,PLAY0000013794,U0001163,V00003026,like,2026-06-08 16:30:34,1
INT0000001804,PLAY0000013797,U0009366,V00010509,like,2026-07-03 01:54:39,1
INT0000001805,PLAY0000013803,U0002991,V00012986,comment,2026-08-20 16:47:05,1
INT0000001806,PLAY0000013814,U0004551,V00002916,share,2026-08-12 10:06:54,1
INT0000001807,PLAY0000013815,U0009539,V00009047,share,2026-08-06 14:58:07,1
INT0000001808,PLAY0000013816,U0010318,V00008066,like,2026-08-26 07:59:33,1
INT0000001809,PLAY0000013835,U0011066,V00006099,like,2026-07-02 22:04:53,1
INT0000001810,PLAY0000013836,U0001048,V00012524,like,2026-08-27 01:45:45,1
INT0000001811,PLAY0000013859,U0008551,V00013114,comment,2026-08-03 13:28:23,1
INT0000001812,PLAY0000013862,U0000486,V00005865,like,2026-08-28 16:37:21,1
INT0000001813,PLAY0000013865,U0007182,V00004764,like,2026-07-28 21:01:32,1
INT0000001814,PLAY0000013866,U0002269,V00011118,follow,2026-03-23 18:26:09,1
INT0000001815,PLAY0000013904,U0004357,V00011519,favorite,2026-04-21 10:07:56,1
INT0000001816,PLAY0000013906,U0007032,V00000411,like,2026-03-29 05:42:33,1
INT0000001817,PLAY0000013922,U0002227,V00005409,comment,2026-07-25 12:04:35,1
INT0000001818,PLAY0000013923,U0009079,V00003543,like,2026-08-19 17:24:46,1
INT0000001819,PLAY0000013927,U0004583,V00003775,share,2026-08-28 22:37:29,1
INT0000001820,PLAY0000013937,U0005769,V00011135,like,2026-08-28 01:05:52,1
INT0000001821,PLAY0000013940,U0005901,V00013486,comment,2026-08-17 06:26:33,1
INT0000001822,PLAY0000013951,U0003428,V00006187,share,2026-08-13 03:05:22,1
INT0000001823,PLAY0000013952,U0008446,V00007803,share,2026-07-15 08:58:08,1
INT0000001824,PLAY0000013955,U0002267,V00007237,favorite,2026-08-27 07:46:11,1
INT0000001825,PLAY0000013956,U0008465,V00014779,like,2026-04-06 06:31:01,1
INT0000001826,PLAY0000013971,U0001732,V00010503,like,2026-07-07 03:40:10,1
INT0000001827,PLAY0000013973,U0007352,V00012575,like,2026-08-23 13:05:57,1
INT0000001828,PLAY0000013975,U0004384,V00010165,share,2026-07-26 22:05:33,1
INT0000001829,PLAY0000013977,U0011894,V00013128,like,2026-08-25 04:23:02,1
INT0000001830,PLAY0000013978,U0002159,V00006769,share,2026-07-30 11:06:46,1
INT0000001831,PLAY0000013984,U0011012,V00011755,like,2026-07-22 01:47:34,1
INT0000001832,PLAY0000014000,U0006601,V00000303,favorite,2026-04-13 06:16:10,1
INT0000001833,PLAY0000014004,U0010607,V00003817,comment,2026-08-22 10:05:27,1
INT0000001834,PLAY0000014019,U0002995,V00003497,comment,2026-08-13 11:50:43,1
INT0000001835,PLAY0000014026,U0003550,V00005536,like,2026-08-16 07:55:23,1
INT0000001836,PLAY0000014030,U0004969,V00001020,like,2026-08-16 10:17:44,1
INT0000001837,PLAY0000014031,U0005764,V00012944,like,2026-02-14 05:43:05,1
INT0000001838,PLAY0000014039,U0011494,V00013138,like,2026-08-01 11:57:54,1
INT0000001839,PLAY0000014047,U0003544,V00014968,like,2026-07-28 09:17:32,1
INT0000001840,PLAY0000014060,U0000106,V00004207,share,2026-04-26 03:41:16,1
INT0000001841,PLAY0000014061,U0000977,V00011332,like,2026-07-23 06:54:55,1
INT0000001842,PLAY0000014064,U0000283,V00011448,like,2026-07-19 20:31:18,1
INT0000001843,PLAY0000014067,U0003116,V00011160,favorite,2026-08-19 23:35:24,1
INT0000001844,PLAY0000014077,U0000075,V00004297,like,2026-05-26 16:08:06,1
INT0000001845,PLAY0000014083,U0002190,V00004116,like,2026-01-30 02:10:30,1
INT0000001846,PLAY0000014097,U0004729,V00005116,favorite,2026-08-18 13:20:15,1
INT0000001847,PLAY0000014098,U0010142,V00007739,like,2026-08-21 17:05:01,1
INT0000001848,PLAY0000014101,U0002523,V00013753,comment,2026-08-11 10:23:35,1
INT0000001849,PLAY0000014108,U0009867,V00000516,like,2026-07-02 02:54:59,1
INT0000001850,PLAY0000014113,U0009356,V00001560,like,2026-08-01 21:24:22,1
INT0000001851,PLAY0000014115,U0010335,V00009007,comment,2026-08-28 10:56:20,1
INT0000001852,PLAY0000014129,U0008160,V00006830,comment,2026-07-13 13:03:48,1
INT0000001853,PLAY0000014132,U0008895,V00007389,like,2026-08-16 14:32:29,1
INT0000001854,PLAY0000014135,U0002595,V00007057,like,2026-06-03 22:22:53,1
INT0000001855,PLAY0000014137,U0005998,V00009231,like,2026-07-05 05:46:16,1
INT0000001856,PLAY0000014139,U0009544,V00008261,share,2026-08-28 21:16:29,1
INT0000001857,PLAY0000014150,U0006370,V00012710,comment,2026-06-25 03:52:52,1
INT0000001858,PLAY0000014152,U0001974,V00000169,follow,2026-08-19 20:26:16,1
INT0000001859,PLAY0000014154,U0006037,V00000159,comment,2026-08-23 08:03:55,1
INT0000001860,PLAY0000014166,U0008404,V00008933,share,2026-08-06 17:16:00,1
INT0000001861,PLAY0000014175,U0008584,V00009641,like,2026-05-16 20:21:07,1
INT0000001862,PLAY0000014179,U0008271,V00010092,follow,2026-07-27 15:36:09,1
INT0000001863,PLAY0000014183,U0005746,V00013612,comment,2026-08-18 12:19:41,1
INT0000001864,PLAY0000014189,U0010959,V00000130,share,2026-08-27 19:56:23,1
INT0000001865,PLAY0000014197,U0010015,V00007946,comment,2026-06-11 04:12:39,1
INT0000001866,PLAY0000014203,U0007587,V00001426,like,2026-06-12 15:47:38,1
INT0000001867,PLAY0000014208,U0003437,V00009294,like,2026-08-22 17:49:59,1
INT0000001868,PLAY0000014231,U0003509,V00013694,like,2026-08-25 17:46:34,1
INT0000001869,PLAY0000014233,U0007010,V00002654,like,2026-08-23 01:30:19,1
INT0000001870,PLAY0000014237,U0011613,V00000072,share,2026-06-05 21:46:48,1
INT0000001871,PLAY0000014245,U0011987,V00003139,like,2026-06-09 01:38:31,1
INT0000001872,PLAY0000014271,U0006619,V00003508,like,2026-08-18 02:22:16,1
INT0000001873,PLAY0000014311,U0011664,V00003971,like,2026-07-10 00:38:02,1
INT0000001874,PLAY0000014315,U0008587,V00006443,like,2026-07-11 21:49:23,1
INT0000001875,PLAY0000014335,U0011407,V00002722,like,2026-08-10 14:22:20,1
INT0000001876,PLAY0000014347,U0002741,V00010975,comment,2026-08-22 04:39:01,1
INT0000001877,PLAY0000014358,U0010891,V00012177,like,2026-06-30 17:33:04,1
INT0000001878,PLAY0000014366,U0001762,V00002055,favorite,2026-08-23 12:40:33,1
INT0000001879,PLAY0000014367,U0011285,V00013675,share,2026-08-19 03:09:53,1
INT0000001880,PLAY0000014370,U0004087,V00001549,follow,2026-07-17 12:14:33,1
INT0000001881,PLAY0000014374,U0009017,V00013549,like,2026-08-20 03:13:33,1
INT0000001882,PLAY0000014376,U0008222,V00012882,like,2026-08-16 03:16:41,1
INT0000001883,PLAY0000014380,U0002205,V00012246,follow,2026-06-10 09:54:47,1
INT0000001884,PLAY0000014387,U0005212,V00009732,favorite,2026-08-17 19:10:38,1
INT0000001885,PLAY0000014397,U0006236,V00007646,comment,2026-08-11 05:37:23,1
INT0000001886,PLAY0000014405,U0009140,V00008990,like,2026-08-28 19:41:32,1
INT0000001887,PLAY0000014414,U0005839,V00005068,like,2026-08-07 03:06:21,1
INT0000001888,PLAY0000014420,U0005793,V00001104,comment,2026-08-03 09:15:58,1
INT0000001889,PLAY0000014460,U0005823,V00013826,like,2026-06-16 01:12:10,1
INT0000001890,PLAY0000014468,U0001137,V00010542,follow,2026-07-05 16:11:42,1
INT0000001891,PLAY0000014479,U0001673,V00008374,comment,2026-08-24 18:08:55,1
INT0000001892,PLAY0000014487,U0003078,V00000777,like,2026-07-22 16:39:29,1
INT0000001893,PLAY0000014493,U0005333,V00008714,like,2026-03-27 19:14:39,1
INT0000001894,PLAY0000014497,U0009202,V00006605,comment,2026-05-06 00:58:55,1
INT0000001895,PLAY0000014509,U0004939,V00013437,follow,2026-05-07 03:07:20,1
INT0000001896,PLAY0000014515,U0009847,V00011620,share,2026-03-01 00:00:29,1
INT0000001897,PLAY0000014518,U0007160,V00012182,like,2026-08-05 17:17:41,1
INT0000001898,PLAY0000014527,U0005333,V00013552,like,2026-08-19 06:33:30,1
INT0000001899,PLAY0000014573,U0005741,V00001727,like,2026-08-19 15:17:09,1
INT0000001900,PLAY0000014575,U0011164,V00007277,comment,2026-07-04 12:54:46,1
INT0000001901,PLAY0000014578,U0003220,V00014232,like,2026-03-05 18:55:02,1
INT0000001902,PLAY0000014584,U0003029,V00007308,share,2026-08-15 22:28:21,1
INT0000001903,PLAY0000014596,U0006773,V00010024,comment,2026-08-20 19:31:16,1
INT0000001904,PLAY0000014599,U0009360,V00012843,favorite,2026-08-17 00:59:17,1
INT0000001905,PLAY0000014602,U0008579,V00000911,favorite,2026-05-10 00:12:03,1
INT0000001906,PLAY0000014611,U0003447,V00005559,follow,2026-05-20 12:10:30,1
INT0000001907,PLAY0000014617,U0011378,V00002381,like,2026-05-31 07:59:26,1
INT0000001908,PLAY0000014621,U0008698,V00014828,like,2026-08-28 22:42:36,1
INT0000001909,PLAY0000014622,U0004968,V00003271,like,2026-08-22 16:41:55,1
INT0000001910,PLAY0000014627,U0007220,V00014092,like,2026-06-06 06:19:42,1
INT0000001911,PLAY0000014651,U0001526,V00000919,like,2026-07-01 05:49:42,1
INT0000001912,PLAY0000014654,U0011259,V00010613,like,2026-02-24 08:24:54,1
INT0000001913,PLAY0000014660,U0007482,V00007539,like,2026-07-13 07:51:38,1
INT0000001914,PLAY0000014664,U0010903,V00012696,favorite,2026-08-16 00:25:02,1
INT0000001915,PLAY0000014670,U0003392,V00001799,like,2026-06-10 21:13:17,1
INT0000001916,PLAY0000014684,U0006220,V00013817,like,2026-07-30 09:07:05,1
INT0000001917,PLAY0000014692,U0010816,V00012400,like,2026-08-22 20:07:22,1
INT0000001918,PLAY0000014694,U0003045,V00008021,like,2026-08-28 03:16:19,1
INT0000001919,PLAY0000014699,U0002044,V00010089,like,2026-08-27 08:00:42,1
INT0000001920,PLAY0000014701,U0011183,V00010778,favorite,2026-08-28 06:59:11,1
INT0000001921,PLAY0000014707,U0007991,V00000964,like,2026-07-24 10:23:14,1
INT0000001922,PLAY0000014718,U0006382,V00013770,like,2026-07-29 01:29:47,1
INT0000001923,PLAY0000014720,U0006504,V00014308,favorite,2026-07-17 20:09:01,1
INT0000001924,PLAY0000014731,U0001183,V00009419,favorite,2026-07-06 05:22:44,1
INT0000001925,PLAY0000014743,U0006394,V00011390,like,2026-07-30 02:58:34,1
INT0000001926,PLAY0000014751,U0005170,V00001846,share,2026-04-10 10:23:49,1
INT0000001927,PLAY0000014752,U0011192,V00003033,like,2026-07-31 04:10:28,1
INT0000001928,PLAY0000014779,U0000767,V00009711,follow,2026-07-17 02:03:59,1
INT0000001929,PLAY0000014819,U0006797,V00012164,like,2026-08-18 03:42:20,1
INT0000001930,PLAY0000014844,U0002439,V00011084,like,2026-07-11 17:02:04,1
INT0000001931,PLAY0000014850,U0007232,V00004970,like,2026-05-15 04:19:17,1
INT0000001932,PLAY0000014859,U0007111,V00004454,like,2026-08-15 05:31:21,1
INT0000001933,PLAY0000014876,U0011092,V00006826,like,2026-08-11 02:58:15,1
INT0000001934,PLAY0000014879,U0007251,V00007223,favorite,2026-08-11 21:50:22,1
INT0000001935,PLAY0000014886,U0004168,V00001942,like,2026-05-29 00:29:44,1
INT0000001936,PLAY0000014891,U0004118,V00005676,follow,2026-08-15 13:05:18,1
INT0000001937,PLAY0000014898,U0006860,V00014815,share,2026-07-11 08:20:04,1
INT0000001938,PLAY0000014915,U0002070,V00014127,share,2026-07-09 10:19:53,1
INT0000001939,PLAY0000014916,U0002132,V00008817,follow,2026-08-27 22:53:18,1
INT0000001940,PLAY0000014917,U0002904,V00000842,like,2026-08-19 03:24:46,1
INT0000001941,PLAY0000014920,U0010716,V00008709,comment,2026-08-24 16:11:20,1
INT0000001942,PLAY0000014923,U0001660,V00002088,favorite,2026-03-27 17:48:38,1
INT0000001943,PLAY0000014926,U0005875,V00003051,like,2026-08-27 06:55:19,1
INT0000001944,PLAY0000014928,U0010643,V00013027,like,2026-06-24 10:03:40,1
INT0000001945,PLAY0000014929,U0002908,V00014142,like,2026-08-06 07:26:15,1
INT0000001946,PLAY0000014934,U0007959,V00003149,favorite,2026-08-22 00:06:55,1
INT0000001947,PLAY0000014949,U0003253,V00011938,like,2026-07-06 05:50:23,1
INT0000001948,PLAY0000014954,U0009254,V00004775,like,2026-07-26 22:26:37,1
INT0000001949,PLAY0000014966,U0002773,V00001102,share,2026-08-21 06:55:00,1
INT0000001950,PLAY0000014975,U0004632,V00011241,like,2026-07-29 10:31:17,1
INT0000001951,PLAY0000014993,U0011094,V00001996,like,2026-06-10 00:15:50,1
INT0000001952,PLAY0000014995,U0002826,V00008139,like,2026-06-02 18:20:54,1
INT0000001953,PLAY0000014996,U0005895,V00012128,comment,2026-05-18 23:00:01,1
INT0000001954,PLAY0000015014,U0009365,V00012893,favorite,2026-05-25 03:29:57,1
INT0000001955,PLAY0000015016,U0000503,V00007332,like,2026-08-15 16:52:53,1
INT0000001956,PLAY0000015021,U0000637,V00007877,comment,2026-08-25 04:44:10,1
INT0000001957,PLAY0000015026,U0001808,V00000522,like,2026-08-26 12:51:59,1
INT0000001958,PLAY0000015039,U0011300,V00003602,like,2026-04-26 20:26:10,1
INT0000001959,PLAY0000015051,U0008413,V00003890,like,2026-07-08 17:41:47,1
INT0000001960,PLAY0000015058,U0005472,V00002473,like,2026-08-13 22:15:03,1
INT0000001961,PLAY0000015075,U0001015,V00011621,like,2026-04-19 23:23:48,1
INT0000001962,PLAY0000015081,U0003969,V00011736,comment,2026-06-08 06:27:11,1
INT0000001963,PLAY0000015083,U0000995,V00003438,comment,2026-07-21 05:46:45,1
INT0000001964,PLAY0000015088,U0007227,V00004011,share,2026-04-07 21:33:14,1
INT0000001965,PLAY0000015093,U0005035,V00003061,favorite,2026-08-23 18:23:48,1
INT0000001966,PLAY0000015110,U0007227,V00012588,comment,2026-08-05 10:21:56,1
INT0000001967,PLAY0000015114,U0011971,V00012636,comment,2026-08-05 11:26:11,1
INT0000001968,PLAY0000015115,U0010300,V00004605,comment,2026-03-25 14:54:18,1
INT0000001969,PLAY0000015120,U0000527,V00004867,follow,2026-08-23 21:41:10,1
INT0000001970,PLAY0000015122,U0009534,V00005719,favorite,2026-08-24 05:06:23,1
INT0000001971,PLAY0000015124,U0011277,V00006330,comment,2026-08-27 20:47:27,1
INT0000001972,PLAY0000015128,U0003503,V00010957,like,2026-04-08 13:55:24,1
INT0000001973,PLAY0000015146,U0009052,V00004646,like,2026-07-23 02:10:47,1
INT0000001974,PLAY0000015153,U0000573,V00011116,follow,2026-08-08 07:14:13,1
INT0000001975,PLAY0000015160,U0010775,V00008986,like,2026-08-19 04:49:02,1
INT0000001976,PLAY0000015162,U0006411,V00002003,like,2026-08-27 13:43:33,1
INT0000001977,PLAY0000015163,U0011744,V00014451,comment,2026-01-17 19:20:18,1
INT0000001978,PLAY0000015167,U0010112,V00013944,like,2026-06-12 04:01:11,1
INT0000001979,PLAY0000015168,U0011243,V00008611,like,2026-08-11 03:49:37,1
INT0000001980,PLAY0000015170,U0000423,V00014674,comment,2026-08-17 19:57:25,1
INT0000001981,PLAY0000015176,U0004772,V00002069,favorite,2026-05-02 15:25:04,1
INT0000001982,PLAY0000015184,U0010633,V00005250,like,2026-08-27 07:35:36,1
INT0000001983,PLAY0000015190,U0002193,V00013666,follow,2026-08-02 04:50:00,1
INT0000001984,PLAY0000015191,U0011773,V00005655,share,2026-07-12 19:28:26,1
INT0000001985,PLAY0000015192,U0004836,V00006631,favorite,2026-05-12 09:20:05,1
INT0000001986,PLAY0000015197,U0006498,V00009958,like,2026-08-18 20:18:36,1
INT0000001987,PLAY0000015200,U0001787,V00005124,like,2026-08-16 22:10:31,1
INT0000001988,PLAY0000015208,U0005445,V00001747,share,2026-08-17 08:21:40,1
INT0000001989,PLAY0000015228,U0010590,V00005419,like,2026-08-17 06:21:33,1
INT0000001990,PLAY0000015236,U0007297,V00007481,favorite,2026-03-27 08:24:17,1
INT0000001991,PLAY0000015245,U0004438,V00002122,follow,2026-08-12 18:45:33,1
INT0000001992,PLAY0000015247,U0006088,V00007397,share,2026-07-22 14:38:13,1
INT0000001993,PLAY0000015249,U0010108,V00010394,like,2026-06-23 05:11:14,1
INT0000001994,PLAY0000015257,U0010611,V00001423,favorite,2026-08-15 21:22:32,1
INT0000001995,PLAY0000015260,U0007875,V00014474,favorite,2026-05-12 05:41:08,1
INT0000001996,PLAY0000015270,U0006488,V00002518,follow,2026-08-25 22:14:36,1
INT0000001997,PLAY0000015271,U0011546,V00008152,like,2026-07-22 00:04:28,1
INT0000001998,PLAY0000015274,U0001175,V00014355,like,2026-05-08 09:38:11,1
INT0000001999,PLAY0000015300,U0004557,V00012559,like,2026-06-26 06:31:26,1
INT0000002000,PLAY0000015307,U0008214,V00014167,like,2026-08-26 10:32:21,1
INT0000002001,PLAY0000015308,U0007603,V00010403,share,2026-08-06 18:54:12,1
INT0000002002,PLAY0000015319,U0008116,V00006193,like,2026-08-14 12:02:26,1
INT0000002003,PLAY0000015321,U0003449,V00012931,like,2026-05-12 14:55:42,1
INT0000002004,PLAY0000015322,U0001612,V00002931,like,2026-04-06 05:59:57,1
INT0000002005,PLAY0000015366,U0002344,V00001938,favorite,2026-08-07 01:07:30,1
INT0000002006,PLAY0000015391,U0007932,V00012485,like,2026-08-02 05:13:20,1
INT0000002007,PLAY0000015398,U0006375,V00004057,share,2026-08-28 16:17:04,1
INT0000002008,PLAY0000015400,U0000069,V00013748,like,2026-06-09 02:38:03,1
INT0000002009,PLAY0000015412,U0006508,V00006837,comment,2026-06-22 01:18:01,1
INT0000002010,PLAY0000015413,U0008720,V00010416,comment,2026-06-28 13:35:24,1
INT0000002011,PLAY0000015417,U0007427,V00002514,like,2026-07-13 09:45:21,1
INT0000002012,PLAY0000015425,U0007818,V00014515,comment,2026-02-15 05:02:21,1
INT0000002013,PLAY0000015426,U0007805,V00006787,share,2026-07-04 06:25:48,1
INT0000002014,PLAY0000015435,U0000514,V00006472,follow,2026-07-20 22:23:25,1
INT0000002015,PLAY0000015441,U0009843,V00011077,like,2026-08-01 03:52:33,1
INT0000002016,PLAY0000015444,U0010060,V00012058,comment,2026-07-30 10:59:45,1
INT0000002017,PLAY0000015445,U0009573,V00014483,like,2026-06-29 04:37:22,1
INT0000002018,PLAY0000015459,U0003776,V00006936,favorite,2026-07-01 02:19:09,1
INT0000002019,PLAY0000015464,U0006505,V00014996,follow,2026-06-22 12:59:54,1
INT0000002020,PLAY0000015466,U0000388,V00003012,like,2026-05-30 11:22:31,1
INT0000002021,PLAY0000015473,U0009492,V00002158,like,2026-08-15 18:17:14,1
INT0000002022,PLAY0000015477,U0007648,V00011271,favorite,2026-08-26 15:44:28,1
INT0000002023,PLAY0000015481,U0000298,V00004440,like,2026-08-26 10:51:34,1
INT0000002024,PLAY0000015483,U0003140,V00014783,share,2026-07-14 23:58:23,1
INT0000002025,PLAY0000015487,U0006874,V00006696,like,2026-07-26 00:48:17,1
INT0000002026,PLAY0000015493,U0004942,V00007276,like,2026-03-27 20:48:14,1
INT0000002027,PLAY0000015494,U0011954,V00014155,comment,2026-08-16 01:05:20,1
INT0000002028,PLAY0000015513,U0003881,V00002860,like,2026-06-22 21:22:40,1
INT0000002029,PLAY0000015521,U0006159,V00013621,follow,2026-06-27 16:25:26,1
INT0000002030,PLAY0000015529,U0007520,V00012825,like,2026-04-02 06:10:31,1
INT0000002031,PLAY0000015532,U0004167,V00009542,like,2026-08-19 19:27:32,1
INT0000002032,PLAY0000015537,U0010802,V00012875,like,2026-08-27 21:06:14,1
INT0000002033,PLAY0000015540,U0001179,V00003240,follow,2026-06-30 08:33:59,1
INT0000002034,PLAY0000015556,U0011383,V00003717,like,2026-08-23 15:30:58,1
INT0000002035,PLAY0000015558,U0005051,V00003118,follow,2026-08-22 03:56:31,1
INT0000002036,PLAY0000015562,U0010037,V00005919,follow,2026-07-21 11:47:21,1
INT0000002037,PLAY0000015581,U0003967,V00009746,like,2026-06-30 00:06:16,1
INT0000002038,PLAY0000015588,U0006519,V00007350,like,2026-03-30 00:07:45,1
INT0000002039,PLAY0000015591,U0004318,V00001191,like,2026-05-23 08:16:43,1
INT0000002040,PLAY0000015597,U0001167,V00014635,share,2026-08-21 01:53:34,1
INT0000002041,PLAY0000015602,U0003757,V00008943,comment,2026-08-24 19:36:10,1
INT0000002042,PLAY0000015606,U0002575,V00000202,like,2026-08-20 01:37:57,1
INT0000002043,PLAY0000015611,U0004970,V00006843,like,2026-08-26 21:25:11,1
INT0000002044,PLAY0000015616,U0008456,V00007013,follow,2026-08-04 00:39:19,1
INT0000002045,PLAY0000015623,U0005251,V00005442,like,2026-07-07 21:28:02,1
INT0000002046,PLAY0000015624,U0007540,V00003727,share,2026-03-11 13:33:03,1
INT0000002047,PLAY0000015629,U0010311,V00004130,favorite,2026-08-25 13:33:30,1
INT0000002048,PLAY0000015638,U0010690,V00001478,comment,2026-06-20 21:47:12,1
INT0000002049,PLAY0000015650,U0009322,V00011965,like,2026-07-28 06:48:17,1
INT0000002050,PLAY0000015672,U0005101,V00012037,favorite,2026-08-11 16:34:31,1
INT0000002051,PLAY0000015673,U0000600,V00002718,follow,2026-04-23 23:21:22,1
INT0000002052,PLAY0000015680,U0005762,V00002918,like,2026-08-23 19:23:03,1
INT0000002053,PLAY0000015694,U0008495,V00013457,comment,2026-05-19 06:25:35,1
INT0000002054,PLAY0000015697,U0003530,V00003607,comment,2026-08-21 14:18:03,1
INT0000002055,PLAY0000015700,U0004536,V00009284,like,2026-08-13 17:40:08,1
INT0000002056,PLAY0000015715,U0009000,V00006132,comment,2026-08-04 16:52:56,1
INT0000002057,PLAY0000015733,U0001942,V00011837,comment,2026-08-28 13:49:55,1
INT0000002058,PLAY0000015734,U0009115,V00004504,like,2026-07-01 13:11:51,1
INT0000002059,PLAY0000015737,U0007360,V00014596,like,2026-07-21 05:55:06,1
INT0000002060,PLAY0000015742,U0006101,V00001999,like,2026-08-25 14:41:42,1
INT0000002061,PLAY0000015763,U0001211,V00002444,like,2026-08-24 05:24:02,1
INT0000002062,PLAY0000015780,U0005122,V00013406,like,2026-08-27 20:34:36,1
INT0000002063,PLAY0000015781,U0001557,V00010106,like,2026-08-19 16:31:08,1
INT0000002064,PLAY0000015782,U0005947,V00003966,like,2026-08-28 07:11:49,1
INT0000002065,PLAY0000015785,U0006395,V00010159,share,2026-08-21 06:44:20,1
INT0000002066,PLAY0000015787,U0009384,V00003410,like,2026-08-08 04:54:49,1
INT0000002067,PLAY0000015791,U0009797,V00006405,share,2026-05-12 14:58:19,1
INT0000002068,PLAY0000015797,U0006924,V00013624,favorite,2026-06-29 01:03:33,1
INT0000002069,PLAY0000015801,U0006489,V00011285,like,2026-04-08 16:27:33,1
INT0000002070,PLAY0000015806,U0003412,V00007785,like,2026-05-14 23:39:35,1
INT0000002071,PLAY0000015820,U0006279,V00010258,like,2026-06-06 05:03:08,1
INT0000002072,PLAY0000015829,U0010782,V00000246,comment,2026-06-01 14:53:08,1
INT0000002073,PLAY0000015831,U0003599,V00000799,comment,2026-07-29 02:46:12,1
INT0000002074,PLAY0000015844,U0008507,V00003315,follow,2026-08-03 12:31:15,1
INT0000002075,PLAY0000015846,U0003842,V00005784,like,2026-05-11 18:54:29,1
INT0000002076,PLAY0000015852,U0001270,V00005930,like,2026-06-07 05:27:28,1
INT0000002077,PLAY0000015861,U0006756,V00005863,like,2026-08-24 02:21:07,1
INT0000002078,PLAY0000015863,U0011495,V00010889,like,2026-07-28 08:44:16,1
INT0000002079,PLAY0000015870,U0008563,V00011978,follow,2026-05-10 03:02:33,1
INT0000002080,PLAY0000015872,U0000933,V00012962,favorite,2026-08-13 11:02:13,1
INT0000002081,PLAY0000015883,U0005855,V00011792,like,2026-04-21 20:16:12,1
INT0000002082,PLAY0000015889,U0008213,V00009768,like,2026-07-15 12:45:15,1
INT0000002083,PLAY0000015890,U0004889,V00000566,like,2026-07-14 00:10:41,1
INT0000002084,PLAY0000015892,U0007821,V00003388,share,2026-08-27 19:29:26,1
INT0000002085,PLAY0000015899,U0009023,V00002089,follow,2026-08-28 12:59:53,1
INT0000002086,PLAY0000015914,U0006816,V00010912,comment,2026-05-06 07:01:03,1
INT0000002087,PLAY0000015915,U0007900,V00012772,follow,2026-07-09 08:38:11,1
INT0000002088,PLAY0000015930,U0007266,V00013662,like,2026-07-05 00:53:16,1
INT0000002089,PLAY0000015936,U0005342,V00002870,comment,2026-08-06 16:21:19,1
INT0000002090,PLAY0000015969,U0010190,V00005213,favorite,2026-06-15 04:50:25,1
INT0000002091,PLAY0000015979,U0004621,V00009654,like,2026-08-18 01:01:37,1
INT0000002092,PLAY0000015993,U0010085,V00010174,like,2026-08-14 05:30:18,1
INT0000002093,PLAY0000015994,U0003043,V00011726,like,2026-06-09 20:29:34,1
INT0000002094,PLAY0000015996,U0003798,V00005160,follow,2026-07-19 06:07:10,1
INT0000002095,PLAY0000016014,U0003071,V00002996,like,2026-05-17 07:37:08,1
INT0000002096,PLAY0000016023,U0006739,V00010125,like,2026-08-28 13:59:12,1
INT0000002097,PLAY0000016024,U0007607,V00009718,favorite,2026-07-12 17:16:10,1
INT0000002098,PLAY0000016029,U0002483,V00008495,follow,2026-08-27 09:02:54,1
INT0000002099,PLAY0000016032,U0002723,V00008225,like,2026-08-27 05:56:41,1
INT0000002100,PLAY0000016036,U0003428,V00008922,like,2026-04-23 11:39:47,1
INT0000002101,PLAY0000016039,U0001737,V00014450,favorite,2026-08-24 14:26:07,1
INT0000002102,PLAY0000016045,U0011733,V00009951,like,2026-06-21 10:04:32,1
INT0000002103,PLAY0000016060,U0009647,V00004044,like,2026-08-24 13:40:03,1
INT0000002104,PLAY0000016065,U0001492,V00008720,like,2026-08-01 17:05:41,1
INT0000002105,PLAY0000016071,U0007568,V00013638,follow,2026-07-18 06:46:58,1
INT0000002106,PLAY0000016073,U0007587,V00000050,like,2026-07-24 21:53:29,1
INT0000002107,PLAY0000016074,U0011584,V00005083,comment,2026-05-06 00:46:07,1
INT0000002108,PLAY0000016098,U0000835,V00007308,share,2026-08-28 04:32:40,1
INT0000002109,PLAY0000016104,U0006969,V00012778,like,2026-04-04 16:22:35,1
INT0000002110,PLAY0000016112,U0008307,V00012060,share,2026-08-06 02:03:57,1
INT0000002111,PLAY0000016116,U0005737,V00014865,like,2026-03-24 17:02:00,1
INT0000002112,PLAY0000016123,U0005073,V00003479,comment,2026-08-16 20:18:43,1
INT0000002113,PLAY0000016125,U0000819,V00014141,share,2026-06-25 20:09:12,1
INT0000002114,PLAY0000016126,U0000938,V00002595,share,2026-05-29 16:47:56,1
INT0000002115,PLAY0000016145,U0000044,V00010138,favorite,2026-07-15 19:11:02,1
INT0000002116,PLAY0000016153,U0001355,V00001404,like,2026-06-21 03:09:30,1
INT0000002117,PLAY0000016159,U0011654,V00013733,like,2026-08-19 03:12:06,1
INT0000002118,PLAY0000016162,U0007501,V00010012,share,2026-02-25 20:13:24,1
INT0000002119,PLAY0000016170,U0001544,V00004163,like,2026-08-21 00:56:54,1
INT0000002120,PLAY0000016179,U0005168,V00001742,favorite,2026-08-14 07:05:20,1
INT0000002121,PLAY0000016186,U0007185,V00001586,favorite,2026-07-20 21:58:03,1
INT0000002122,PLAY0000016191,U0002602,V00005340,favorite,2026-06-24 14:47:02,1
INT0000002123,PLAY0000016194,U0006427,V00009409,like,2026-06-12 19:51:46,1
INT0000002124,PLAY0000016205,U0003499,V00003179,comment,2026-04-25 05:26:47,1
INT0000002125,PLAY0000016210,U0008601,V00000768,like,2026-07-26 00:51:06,1
INT0000002126,PLAY0000016221,U0010004,V00003180,follow,2026-07-20 01:35:02,1
INT0000002127,PLAY0000016230,U0008883,V00005921,favorite,2026-06-03 05:53:07,1
INT0000002128,PLAY0000016233,U0004767,V00006486,share,2026-05-12 06:10:15,1
INT0000002129,PLAY0000016235,U0001915,V00010579,follow,2026-08-23 11:21:53,1
INT0000002130,PLAY0000016236,U0005656,V00011643,favorite,2026-05-23 02:32:32,1
INT0000002131,PLAY0000016252,U0003358,V00005780,like,2026-07-21 17:07:59,1
INT0000002132,PLAY0000016266,U0003909,V00014746,like,2026-06-03 08:02:03,1
INT0000002133,PLAY0000016279,U0002594,V00002232,like,2026-07-15 19:33:00,1
INT0000002134,PLAY0000016280,U0007506,V00004908,follow,2026-01-26 13:35:47,1
INT0000002135,PLAY0000016285,U0002422,V00014578,share,2026-06-03 16:50:23,1
INT0000002136,PLAY0000016288,U0005392,V00001040,comment,2026-08-27 13:09:57,1
INT0000002137,PLAY0000016311,U0002481,V00012694,like,2026-07-23 02:10:56,1
INT0000002138,PLAY0000016313,U0009264,V00001197,comment,2026-07-27 06:42:30,1
INT0000002139,PLAY0000016322,U0000828,V00005008,like,2026-06-19 17:21:30,1
INT0000002140,PLAY0000016341,U0003081,V00013291,like,2026-08-27 13:27:27,1
INT0000002141,PLAY0000016367,U0000226,V00000405,comment,2026-08-14 14:30:08,1
INT0000002142,PLAY0000016370,U0011720,V00011863,comment,2026-08-10 12:15:37,1
INT0000002143,PLAY0000016371,U0005648,V00008992,like,2026-08-26 16:54:30,1
INT0000002144,PLAY0000016374,U0005593,V00003017,like,2026-08-08 16:30:04,1
INT0000002145,PLAY0000016375,U0009710,V00011676,favorite,2026-08-25 03:17:25,1
INT0000002146,PLAY0000016379,U0009131,V00007019,like,2026-08-26 16:27:01,1
INT0000002147,PLAY0000016389,U0008011,V00008944,like,2026-07-23 06:43:38,1
INT0000002148,PLAY0000016390,U0001350,V00006812,favorite,2026-08-26 03:00:38,1
INT0000002149,PLAY0000016391,U0007094,V00004176,comment,2026-06-07 03:13:30,1
INT0000002150,PLAY0000016401,U0005477,V00004962,like,2026-05-12 16:13:17,1
INT0000002151,PLAY0000016407,U0008611,V00005519,like,2026-08-04 11:19:26,1
INT0000002152,PLAY0000016413,U0006826,V00009273,like,2026-08-05 04:49:11,1
INT0000002153,PLAY0000016415,U0000061,V00000783,share,2026-08-12 20:03:11,1
INT0000002154,PLAY0000016422,U0005445,V00014822,like,2026-07-05 06:41:34,1
INT0000002155,PLAY0000016439,U0005045,V00005583,like,2026-08-11 14:14:07,1
INT0000002156,PLAY0000016444,U0005326,V00010049,favorite,2026-05-12 23:21:20,1
INT0000002157,PLAY0000016445,U0008098,V00009513,like,2026-08-14 10:34:47,1
INT0000002158,PLAY0000016449,U0002980,V00002813,like,2026-08-26 08:48:32,1
INT0000002159,PLAY0000016451,U0005072,V00007942,follow,2026-07-13 17:56:43,1
INT0000002160,PLAY0000016453,U0001140,V00000577,like,2026-08-12 17:23:15,1
INT0000002161,PLAY0000016457,U0003660,V00013327,like,2026-07-06 19:15:19,1
INT0000002162,PLAY0000016460,U0006753,V00003364,follow,2026-05-20 08:36:50,1
INT0000002163,PLAY0000016465,U0005984,V00000972,favorite,2026-04-22 04:16:30,1
INT0000002164,PLAY0000016467,U0006522,V00011140,favorite,2026-04-03 09:21:11,1
INT0000002165,PLAY0000016471,U0007130,V00009946,like,2026-07-01 03:58:36,1
INT0000002166,PLAY0000016479,U0007620,V00014133,like,2026-08-13 20:09:19,1
INT0000002167,PLAY0000016480,U0009894,V00003743,like,2026-05-27 05:08:29,1
INT0000002168,PLAY0000016491,U0003524,V00014809,like,2026-05-05 20:28:18,1
INT0000002169,PLAY0000016496,U0000519,V00008962,like,2026-08-25 07:31:33,1
INT0000002170,PLAY0000016498,U0009513,V00002789,share,2026-04-29 03:33:07,1
INT0000002171,PLAY0000016510,U0010410,V00006788,like,2026-08-16 20:09:25,1
INT0000002172,PLAY0000016514,U0002490,V00012899,like,2026-08-27 18:38:14,1
INT0000002173,PLAY0000016517,U0011947,V00006693,follow,2026-02-11 01:00:19,1
INT0000002174,PLAY0000016518,U0003992,V00012751,comment,2026-08-24 23:08:46,1
INT0000002175,PLAY0000016519,U0002557,V00009619,follow,2026-07-12 18:10:37,1
INT0000002176,PLAY0000016530,U0006381,V00005022,like,2026-08-26 01:12:17,1
INT0000002177,PLAY0000016531,U0002064,V00011907,comment,2026-08-10 14:58:00,1
INT0000002178,PLAY0000016553,U0001251,V00014091,favorite,2026-03-22 22:15:14,1
INT0000002179,PLAY0000016571,U0004981,V00001647,comment,2026-08-17 20:38:20,1
INT0000002180,PLAY0000016575,U0000937,V00001530,like,2026-08-24 08:17:00,1
INT0000002181,PLAY0000016577,U0008889,V00000261,like,2026-08-25 11:09:41,1
INT0000002182,PLAY0000016583,U0008418,V00002285,comment,2026-08-02 01:58:59,1
INT0000002183,PLAY0000016585,U0004464,V00003639,like,2026-07-23 02:14:03,1
INT0000002184,PLAY0000016595,U0003765,V00005385,like,2026-08-12 19:37:53,1
INT0000002185,PLAY0000016600,U0009704,V00012529,follow,2026-08-04 18:32:07,1
INT0000002186,PLAY0000016604,U0011085,V00004159,comment,2026-08-27 19:10:05,1
INT0000002187,PLAY0000016610,U0009652,V00007212,share,2026-08-17 13:27:26,1
INT0000002188,PLAY0000016614,U0002639,V00014552,like,2026-08-01 10:03:12,1
INT0000002189,PLAY0000016629,U0000467,V00014412,favorite,2026-06-28 03:10:22,1
INT0000002190,PLAY0000016649,U0004310,V00014770,like,2026-04-24 13:02:33,1
INT0000002191,PLAY0000016653,U0005675,V00012080,like,2026-07-12 15:16:29,1
INT0000002192,PLAY0000016654,U0006991,V00005571,like,2026-08-27 21:19:20,1
INT0000002193,PLAY0000016656,U0007173,V00001850,like,2026-08-11 22:47:48,1
INT0000002194,PLAY0000016657,U0007016,V00001597,comment,2026-07-29 13:49:59,1
INT0000002195,PLAY0000016684,U0002488,V00008144,favorite,2026-08-01 12:03:41,1
INT0000002196,PLAY0000016697,U0001444,V00011239,favorite,2026-08-14 02:30:32,1
INT0000002197,PLAY0000016708,U0000280,V00000202,like,2026-02-23 01:39:02,1
INT0000002198,PLAY0000016713,U0006692,V00010860,like,2026-07-11 13:36:02,1
INT0000002199,PLAY0000016720,U0005915,V00004739,follow,2026-08-22 04:08:18,1
INT0000002200,PLAY0000016729,U0003998,V00014436,like,2026-04-17 22:10:58,1
INT0000002201,PLAY0000016742,U0011455,V00002412,like,2026-07-27 19:47:18,1
INT0000002202,PLAY0000016747,U0000832,V00005677,like,2026-07-19 15:22:27,1
INT0000002203,PLAY0000016749,U0005722,V00001499,like,2026-08-04 15:05:05,1
INT0000002204,PLAY0000016756,U0011076,V00005386,favorite,2026-08-22 22:08:57,1
INT0000002205,PLAY0000016762,U0010864,V00014583,like,2026-08-17 17:46:45,1
INT0000002206,PLAY0000016796,U0002677,V00000977,share,2026-08-07 19:50:54,1
INT0000002207,PLAY0000016802,U0010730,V00000530,favorite,2026-07-30 07:59:36,1
INT0000002208,PLAY0000016818,U0006750,V00012430,like,2026-08-23 13:04:47,1
INT0000002209,PLAY0000016824,U0005145,V00007020,follow,2026-01-17 03:29:18,1
INT0000002210,PLAY0000016835,U0002935,V00004387,favorite,2026-08-23 23:42:37,1
INT0000002211,PLAY0000016841,U0003317,V00002795,follow,2026-07-13 19:56:13,1
INT0000002212,PLAY0000016857,U0001070,V00014676,follow,2026-07-27 17:14:37,1
INT0000002213,PLAY0000016859,U0010628,V00008375,favorite,2026-08-23 13:11:39,1
INT0000002214,PLAY0000016882,U0005793,V00002603,like,2026-02-10 17:26:06,1
INT0000002215,PLAY0000016883,U0008346,V00014241,like,2026-08-10 02:53:04,1
INT0000002216,PLAY0000016885,U0009532,V00014937,share,2026-07-06 06:08:02,1
INT0000002217,PLAY0000016888,U0009850,V00008234,comment,2026-05-10 05:46:59,1
INT0000002218,PLAY0000016891,U0011683,V00013636,like,2026-08-24 14:11:03,1
INT0000002219,PLAY0000016903,U0001160,V00003091,like,2026-08-25 18:51:37,1
INT0000002220,PLAY0000016911,U0009248,V00001944,like,2026-08-21 14:51:04,1
INT0000002221,PLAY0000016917,U0007821,V00007202,like,2026-08-27 16:41:20,1
INT0000002222,PLAY0000016926,U0010667,V00010894,like,2026-08-27 09:12:48,1
INT0000002223,PLAY0000016927,U0003252,V00004554,follow,2026-06-18 23:07:10,1
INT0000002224,PLAY0000016929,U0006881,V00007517,like,2026-07-20 09:29:07,1
INT0000002225,PLAY0000016931,U0010592,V00009451,favorite,2026-08-16 13:07:45,1
INT0000002226,PLAY0000016941,U0000018,V00014744,like,2026-03-22 14:28:44,1
INT0000002227,PLAY0000016946,U0003009,V00001872,like,2026-08-25 14:43:53,1
INT0000002228,PLAY0000016951,U0001907,V00004545,like,2026-08-19 08:29:27,1
INT0000002229,PLAY0000016961,U0004148,V00006606,like,2026-08-18 01:58:42,1
INT0000002230,PLAY0000016973,U0003245,V00002680,like,2026-06-07 16:01:51,1
INT0000002231,PLAY0000016975,U0009060,V00002778,like,2026-08-11 16:12:31,1
INT0000002232,PLAY0000016976,U0007010,V00007246,comment,2026-06-13 10:33:50,1
INT0000002233,PLAY0000016977,U0003278,V00011743,like,2026-08-19 04:41:56,1
INT0000002234,PLAY0000016980,U0009031,V00000788,share,2026-07-01 07:58:18,1
INT0000002235,PLAY0000016986,U0003795,V00003457,like,2026-08-26 21:17:31,1
INT0000002236,PLAY0000017016,U0004962,V00004871,share,2026-07-14 17:57:46,1
INT0000002237,PLAY0000017017,U0008258,V00000583,favorite,2026-08-28 11:45:12,1
INT0000002238,PLAY0000017022,U0008993,V00001549,like,2026-08-05 01:36:38,1
INT0000002239,PLAY0000017027,U0001216,V00002802,favorite,2026-06-24 08:01:10,1
INT0000002240,PLAY0000017039,U0006885,V00014035,favorite,2026-08-25 13:48:40,1
INT0000002241,PLAY0000017040,U0001565,V00009145,share,2026-06-30 19:30:29,1
INT0000002242,PLAY0000017044,U0005915,V00014568,comment,2026-08-28 18:15:51,1
INT0000002243,PLAY0000017056,U0007024,V00002873,share,2026-06-25 08:27:20,1
INT0000002244,PLAY0000017071,U0001287,V00001477,share,2026-08-14 12:52:07,1
INT0000002245,PLAY0000017089,U0002483,V00006715,like,2026-08-20 21:56:20,1
INT0000002246,PLAY0000017097,U0004350,V00010188,share,2026-08-26 23:44:42,1
INT0000002247,PLAY0000017100,U0011642,V00004629,like,2026-08-09 05:48:24,1
INT0000002248,PLAY0000017120,U0000014,V00014868,like,2026-05-26 18:00:03,1
INT0000002249,PLAY0000017140,U0008312,V00010186,comment,2026-08-23 16:26:48,1
INT0000002250,PLAY0000017169,U0003123,V00003221,like,2026-07-30 19:42:29,1
INT0000002251,PLAY0000017181,U0008215,V00007443,comment,2026-07-29 14:53:50,1
INT0000002252,PLAY0000017186,U0008666,V00002262,favorite,2026-05-17 07:23:08,1
INT0000002253,PLAY0000017187,U0003592,V00006040,like,2026-06-03 13:14:35,1
INT0000002254,PLAY0000017190,U0002611,V00005874,favorite,2026-08-11 09:01:43,1
INT0000002255,PLAY0000017193,U0009103,V00006309,like,2026-08-04 14:38:07,1
INT0000002256,PLAY0000017219,U0001757,V00004931,share,2026-06-28 08:49:08,1
INT0000002257,PLAY0000017224,U0000492,V00011373,like,2026-07-19 01:09:56,1
INT0000002258,PLAY0000017230,U0010070,V00014503,like,2026-06-16 00:01:20,1
INT0000002259,PLAY0000017232,U0007409,V00008024,like,2026-07-04 01:57:04,1
INT0000002260,PLAY0000017258,U0008489,V00003265,like,2026-07-28 10:54:45,1
INT0000002261,PLAY0000017263,U0004990,V00010794,like,2026-02-17 14:52:18,1
INT0000002262,PLAY0000017270,U0001615,V00011413,favorite,2026-08-27 19:35:33,1
INT0000002263,PLAY0000017279,U0007096,V00010123,like,2026-05-09 21:00:31,1
INT0000002264,PLAY0000017282,U0010925,V00009537,like,2026-05-10 07:30:55,1
INT0000002265,PLAY0000017289,U0009196,V00000394,like,2026-06-25 17:32:47,1
INT0000002266,PLAY0000017302,U0006693,V00005520,follow,2026-08-17 03:10:42,1
INT0000002267,PLAY0000017307,U0009023,V00001622,comment,2026-07-21 05:06:27,1
INT0000002268,PLAY0000017336,U0003400,V00005905,share,2026-06-19 03:49:31,1
INT0000002269,PLAY0000017350,U0008196,V00012665,like,2026-06-07 23:11:51,1
INT0000002270,PLAY0000017359,U0003315,V00000439,follow,2026-07-30 19:47:58,1
INT0000002271,PLAY0000017364,U0010526,V00013797,comment,2026-08-12 17:11:09,1
INT0000002272,PLAY0000017369,U0000368,V00011235,like,2026-07-08 19:54:05,1
INT0000002273,PLAY0000017370,U0001687,V00004822,favorite,2026-07-27 18:35:30,1
INT0000002274,PLAY0000017397,U0006273,V00002267,like,2026-04-24 21:25:54,1
INT0000002275,PLAY0000017415,U0002788,V00013587,favorite,2026-08-28 23:57:54,1
INT0000002276,PLAY0000017417,U0006433,V00014663,like,2026-07-29 04:40:25,1
INT0000002277,PLAY0000017419,U0007899,V00013461,like,2026-08-03 03:58:09,1
INT0000002278,PLAY0000017425,U0003312,V00008375,like,2026-08-07 01:00:18,1
INT0000002279,PLAY0000017429,U0005943,V00008492,like,2026-06-14 12:22:03,1
INT0000002280,PLAY0000017438,U0000733,V00001334,like,2026-07-18 10:03:26,1
INT0000002281,PLAY0000017442,U0011704,V00004862,like,2026-08-11 08:19:10,1
INT0000002282,PLAY0000017445,U0000452,V00014814,favorite,2026-08-07 12:36:58,1
INT0000002283,PLAY0000017447,U0008393,V00008214,like,2026-07-27 15:35:03,1
INT0000002284,PLAY0000017452,U0004887,V00009251,like,2026-07-14 02:12:24,1
INT0000002285,PLAY0000017466,U0009010,V00002699,like,2026-06-25 19:55:41,1
INT0000002286,PLAY0000017467,U0005663,V00008919,like,2026-08-06 00:16:15,1
INT0000002287,PLAY0000017469,U0006201,V00005906,like,2026-08-24 16:48:57,1
INT0000002288,PLAY0000017494,U0008210,V00003612,like,2026-05-09 17:11:36,1
INT0000002289,PLAY0000017497,U0004793,V00000790,like,2026-08-02 13:38:55,1
INT0000002290,PLAY0000017499,U0010719,V00002704,like,2026-05-07 20:02:44,1
INT0000002291,PLAY0000017500,U0001362,V00009315,like,2026-03-28 15:14:20,1
INT0000002292,PLAY0000017502,U0004860,V00014903,favorite,2026-08-05 15:56:54,1
INT0000002293,PLAY0000017512,U0003341,V00001288,like,2026-07-31 05:25:17,1
INT0000002294,PLAY0000017519,U0009574,V00002405,favorite,2026-07-25 04:31:27,1
INT0000002295,PLAY0000017536,U0007394,V00009463,comment,2026-08-23 13:22:21,1
INT0000002296,PLAY0000017537,U0004826,V00006366,like,2026-05-13 12:39:38,1
INT0000002297,PLAY0000017541,U0000363,V00014964,follow,2026-06-14 05:27:40,1
INT0000002298,PLAY0000017553,U0006104,V00001939,like,2026-04-13 07:21:26,1
INT0000002299,PLAY0000017557,U0007964,V00007732,like,2026-05-25 17:25:48,1
INT0000002300,PLAY0000017561,U0003899,V00006674,comment,2026-03-09 05:02:25,1
INT0000002301,PLAY0000017563,U0008550,V00010479,like,2026-08-08 21:10:50,1
INT0000002302,PLAY0000017580,U0011261,V00014672,like,2026-06-12 22:11:05,1
INT0000002303,PLAY0000017582,U0005718,V00009066,like,2026-05-29 02:25:09,1
INT0000002304,PLAY0000017585,U0009581,V00008511,favorite,2026-07-01 22:14:25,1
INT0000002305,PLAY0000017589,U0008424,V00014942,like,2026-03-17 04:12:18,1
INT0000002306,PLAY0000017610,U0003235,V00011822,like,2026-08-15 11:54:19,1
INT0000002307,PLAY0000017620,U0005952,V00009361,share,2026-07-12 00:30:29,1
INT0000002308,PLAY0000017625,U0006282,V00008607,like,2026-06-21 21:15:57,1
INT0000002309,PLAY0000017630,U0005957,V00002315,like,2026-08-28 00:48:46,1
INT0000002310,PLAY0000017635,U0010799,V00004405,like,2026-07-16 18:18:20,1
INT0000002311,PLAY0000017636,U0007773,V00010379,like,2026-05-30 13:28:11,1
INT0000002312,PLAY0000017638,U0007830,V00004476,favorite,2026-07-07 11:35:08,1
INT0000002313,PLAY0000017647,U0008467,V00002659,like,2026-06-24 00:11:07,1
INT0000002314,PLAY0000017654,U0006515,V00003037,like,2026-08-01 23:31:29,1
INT0000002315,PLAY0000017660,U0007886,V00009895,share,2026-05-13 02:18:23,1
INT0000002316,PLAY0000017686,U0001262,V00012459,share,2026-07-22 21:15:04,1
INT0000002317,PLAY0000017695,U0010835,V00003854,share,2026-08-01 14:40:44,1
INT0000002318,PLAY0000017697,U0007017,V00000822,share,2026-06-02 02:37:15,1
INT0000002319,PLAY0000017701,U0008391,V00013441,favorite,2026-05-05 15:36:22,1
INT0000002320,PLAY0000017707,U0010279,V00007863,favorite,2026-08-07 17:33:07,1
INT0000002321,PLAY0000017714,U0005206,V00009559,like,2026-07-09 02:07:27,1
INT0000002322,PLAY0000017729,U0002608,V00010480,comment,2026-08-26 02:36:43,1
INT0000002323,PLAY0000017739,U0007650,V00004594,like,2026-08-03 19:14:26,1
INT0000002324,PLAY0000017745,U0008241,V00000919,like,2026-08-07 13:13:36,1
INT0000002325,PLAY0000017759,U0000873,V00003545,like,2026-05-10 08:07:30,1
INT0000002326,PLAY0000017770,U0004774,V00004983,follow,2026-08-08 11:43:48,1
INT0000002327,PLAY0000017806,U0009223,V00000945,like,2026-06-18 20:17:59,1
INT0000002328,PLAY0000017814,U0011601,V00000104,like,2026-05-28 19:46:03,1
INT0000002329,PLAY0000017816,U0006159,V00013011,comment,2026-08-15 23:31:35,1
INT0000002330,PLAY0000017824,U0002460,V00011521,favorite,2026-05-18 06:51:43,1
INT0000002331,PLAY0000017827,U0011014,V00011245,like,2026-07-31 01:56:11,1
INT0000002332,PLAY0000017859,U0008154,V00000455,share,2026-02-05 13:48:09,1
INT0000002333,PLAY0000017864,U0001225,V00000457,share,2026-06-12 07:25:36,1
INT0000002334,PLAY0000017870,U0000440,V00004746,like,2026-08-13 06:39:36,1
INT0000002335,PLAY0000017872,U0004399,V00013016,like,2026-08-28 22:12:40,1
INT0000002336,PLAY0000017891,U0007284,V00014699,comment,2026-08-01 01:55:17,1
INT0000002337,PLAY0000017894,U0010111,V00014772,like,2026-07-27 00:34:21,1
INT0000002338,PLAY0000017898,U0011284,V00004134,comment,2026-08-06 20:56:57,1
INT0000002339,PLAY0000017909,U0009746,V00014487,favorite,2026-08-11 09:55:22,1
INT0000002340,PLAY0000017911,U0009615,V00004994,comment,2026-07-12 03:44:32,1
INT0000002341,PLAY0000017913,U0001232,V00008793,like,2026-08-05 02:57:55,1
INT0000002342,PLAY0000017922,U0004390,V00005520,share,2026-08-18 04:03:30,1
INT0000002343,PLAY0000017924,U0002890,V00004234,like,2026-08-25 09:54:20,1
INT0000002344,PLAY0000017932,U0004009,V00009442,share,2026-03-20 13:10:43,1
INT0000002345,PLAY0000017937,U0010443,V00010650,comment,2026-07-23 05:31:01,1
INT0000002346,PLAY0000017938,U0005347,V00004494,like,2026-08-27 16:20:34,1
INT0000002347,PLAY0000017943,U0008595,V00003054,like,2026-07-05 10:43:34,1
INT0000002348,PLAY0000017948,U0007250,V00000377,share,2026-03-16 10:24:07,1
INT0000002349,PLAY0000017949,U0000833,V00014556,like,2026-06-04 17:03:21,1
INT0000002350,PLAY0000017951,U0011359,V00004084,like,2026-05-22 21:57:57,1
INT0000002351,PLAY0000017961,U0008803,V00002040,like,2026-08-05 14:14:47,1
INT0000002352,PLAY0000017964,U0008988,V00005836,like,2026-07-01 02:36:29,1
INT0000002353,PLAY0000017965,U0004116,V00011751,favorite,2026-07-22 17:45:32,1
INT0000002354,PLAY0000017974,U0002776,V00010774,like,2026-08-21 04:25:29,1
INT0000002355,PLAY0000017976,U0004518,V00000941,like,2026-06-23 11:19:07,1
INT0000002356,PLAY0000017977,U0006840,V00003406,like,2026-08-11 14:17:18,1
INT0000002357,PLAY0000017978,U0008687,V00003301,like,2026-08-27 19:23:30,1
INT0000002358,PLAY0000017989,U0010168,V00013457,like,2026-07-22 08:50:59,1
INT0000002359,PLAY0000017998,U0005546,V00010523,like,2026-08-17 20:11:26,1
INT0000002360,PLAY0000018005,U0002116,V00007016,like,2026-08-28 21:19:59,1
INT0000002361,PLAY0000018010,U0003838,V00002878,follow,2026-06-05 22:10:53,1
INT0000002362,PLAY0000018011,U0005885,V00010451,like,2026-06-11 02:39:14,1
INT0000002363,PLAY0000018027,U0004804,V00006171,comment,2026-08-03 15:28:30,1
INT0000002364,PLAY0000018032,U0000281,V00001451,like,2026-08-13 05:51:31,1
INT0000002365,PLAY0000018036,U0008596,V00000141,like,2026-03-02 15:45:40,1
INT0000002366,PLAY0000018052,U0011983,V00013478,comment,2026-08-26 01:31:19,1
INT0000002367,PLAY0000018064,U0010822,V00012180,like,2026-06-20 18:45:16,1
INT0000002368,PLAY0000018077,U0009683,V00009761,like,2026-06-24 10:09:50,1
INT0000002369,PLAY0000018086,U0000557,V00001081,like,2026-04-30 18:05:48,1
INT0000002370,PLAY0000018093,U0001576,V00007521,like,2026-08-20 18:33:30,1
INT0000002371,PLAY0000018097,U0005956,V00000496,favorite,2026-08-01 13:55:26,1
INT0000002372,PLAY0000018098,U0002273,V00005136,comment,2026-06-04 03:13:08,1
INT0000002373,PLAY0000018099,U0005882,V00010322,like,2026-06-21 11:32:32,1
INT0000002374,PLAY0000018103,U0010507,V00007118,like,2026-06-15 02:45:49,1
INT0000002375,PLAY0000018104,U0004156,V00004300,like,2026-06-23 21:50:40,1
INT0000002376,PLAY0000018117,U0010451,V00013624,like,2026-08-03 02:59:45,1
INT0000002377,PLAY0000018118,U0011921,V00005575,favorite,2026-08-24 07:45:27,1
INT0000002378,PLAY0000018125,U0010158,V00011537,like,2026-06-29 13:17:47,1
INT0000002379,PLAY0000018128,U0002187,V00010037,share,2026-06-05 22:53:52,1
INT0000002380,PLAY0000018135,U0009206,V00008284,like,2026-06-09 18:47:40,1
INT0000002381,PLAY0000018148,U0009949,V00010279,favorite,2026-08-14 20:59:29,1
INT0000002382,PLAY0000018150,U0007357,V00007438,favorite,2026-07-06 13:26:20,1
INT0000002383,PLAY0000018151,U0011760,V00003902,follow,2026-07-04 18:11:53,1
INT0000002384,PLAY0000018164,U0002897,V00013301,like,2026-08-20 09:00:26,1
INT0000002385,PLAY0000018166,U0005018,V00000481,like,2026-07-27 10:02:46,1
INT0000002386,PLAY0000018182,U0009326,V00010329,like,2026-08-20 18:48:16,1
INT0000002387,PLAY0000018193,U0005357,V00000696,follow,2026-05-21 14:56:24,1
INT0000002388,PLAY0000018200,U0006083,V00008391,like,2026-03-12 02:09:53,1
INT0000002389,PLAY0000018203,U0006732,V00011952,share,2026-05-17 22:17:50,1
INT0000002390,PLAY0000018219,U0009370,V00004467,like,2026-08-27 06:13:50,1
INT0000002391,PLAY0000018222,U0002396,V00004309,follow,2026-07-20 10:30:13,1
INT0000002392,PLAY0000018239,U0002128,V00001279,like,2026-05-31 08:48:18,1
INT0000002393,PLAY0000018250,U0009052,V00006297,comment,2026-08-26 08:59:09,1
INT0000002394,PLAY0000018252,U0007765,V00009833,like,2026-03-11 03:19:12,1
INT0000002395,PLAY0000018271,U0006646,V00001798,follow,2026-08-27 12:07:31,1
INT0000002396,PLAY0000018276,U0006520,V00006384,like,2026-08-24 09:16:15,1
INT0000002397,PLAY0000018285,U0004742,V00000075,like,2026-07-15 15:15:44,1
INT0000002398,PLAY0000018290,U0004021,V00000891,comment,2026-07-21 07:08:48,1
INT0000002399,PLAY0000018298,U0010215,V00007531,share,2026-08-23 05:08:36,1
INT0000002400,PLAY0000018303,U0005834,V00010461,like,2026-04-08 19:22:05,1
INT0000002401,PLAY0000018312,U0001566,V00004284,like,2026-07-22 12:46:10,1
INT0000002402,PLAY0000018315,U0009975,V00014796,like,2026-08-27 13:50:40,1
INT0000002403,PLAY0000018349,U0010575,V00013116,comment,2026-08-28 00:57:46,1
INT0000002404,PLAY0000018354,U0008529,V00004768,favorite,2026-07-30 14:28:48,1
INT0000002405,PLAY0000018374,U0002379,V00011268,like,2026-08-01 15:26:18,1
INT0000002406,PLAY0000018381,U0006728,V00003174,like,2026-04-23 03:23:19,1
INT0000002407,PLAY0000018383,U0002752,V00002644,follow,2026-08-24 09:08:52,1
INT0000002408,PLAY0000018394,U0003434,V00004611,like,2026-08-27 02:06:41,1
INT0000002409,PLAY0000018399,U0009524,V00001224,follow,2026-05-29 23:09:24,1
INT0000002410,PLAY0000018406,U0007057,V00000389,like,2026-08-21 20:37:45,1
INT0000002411,PLAY0000018407,U0003459,V00008691,like,2026-06-02 09:15:01,1
INT0000002412,PLAY0000018415,U0005754,V00000355,follow,2026-05-08 15:21:57,1
INT0000002413,PLAY0000018440,U0005669,V00011386,like,2026-08-07 11:49:54,1
INT0000002414,PLAY0000018462,U0003745,V00006388,like,2026-07-13 21:26:46,1
INT0000002415,PLAY0000018466,U0005767,V00009959,follow,2026-08-26 06:37:46,1
INT0000002416,PLAY0000018489,U0006260,V00014372,comment,2026-08-17 08:41:23,1
INT0000002417,PLAY0000018501,U0005143,V00008294,like,2026-08-22 10:57:11,1
INT0000002418,PLAY0000018532,U0008072,V00007879,like,2026-08-21 08:41:57,1
INT0000002419,PLAY0000018539,U0005032,V00006607,like,2026-07-31 15:26:37,1
INT0000002420,PLAY0000018549,U0004319,V00004071,like,2026-08-18 20:25:19,1
INT0000002421,PLAY0000018554,U0003773,V00011478,like,2026-05-23 13:46:38,1
INT0000002422,PLAY0000018558,U0006446,V00009770,like,2026-06-23 19:17:16,1
INT0000002423,PLAY0000018573,U0009980,V00014950,share,2026-03-26 19:54:22,1
INT0000002424,PLAY0000018579,U0000480,V00007974,comment,2026-07-08 00:58:24,1
INT0000002425,PLAY0000018604,U0001969,V00011541,like,2026-08-25 08:37:36,1
INT0000002426,PLAY0000018610,U0001762,V00010105,favorite,2026-08-27 15:51:03,1
INT0000002427,PLAY0000018619,U0011607,V00014100,like,2026-08-18 21:19:45,1
INT0000002428,PLAY0000018625,U0011549,V00013965,like,2026-06-30 05:26:36,1
INT0000002429,PLAY0000018632,U0007554,V00012970,follow,2026-07-21 05:33:19,1
INT0000002430,PLAY0000018638,U0008540,V00004992,follow,2026-05-06 11:30:01,1
INT0000002431,PLAY0000018660,U0010059,V00003228,follow,2026-02-09 06:09:09,1
INT0000002432,PLAY0000018664,U0002231,V00002910,comment,2026-08-08 23:29:08,1
INT0000002433,PLAY0000018680,U0010819,V00003441,like,2026-07-27 20:05:44,1
INT0000002434,PLAY0000018683,U0004456,V00011129,like,2026-08-26 11:27:35,1
INT0000002435,PLAY0000018684,U0006689,V00005763,like,2026-08-03 16:36:32,1
INT0000002436,PLAY0000018690,U0005336,V00002852,follow,2026-07-25 06:11:10,1
INT0000002437,PLAY0000018693,U0009677,V00006252,like,2026-07-10 07:29:06,1
INT0000002438,PLAY0000018697,U0010280,V00005731,like,2026-08-27 12:58:25,1
INT0000002439,PLAY0000018705,U0010108,V00010321,comment,2026-08-22 09:45:09,1
INT0000002440,PLAY0000018709,U0008496,V00006780,comment,2026-07-26 20:50:32,1
INT0000002441,PLAY0000018713,U0002633,V00006859,favorite,2026-08-28 06:40:09,1
INT0000002442,PLAY0000018722,U0003749,V00003963,share,2026-05-18 13:28:04,1
INT0000002443,PLAY0000018724,U0009681,V00006706,like,2026-08-24 05:03:34,1
INT0000002444,PLAY0000018726,U0007294,V00002721,like,2026-08-22 10:10:17,1
INT0000002445,PLAY0000018727,U0011570,V00005964,like,2026-08-28 14:40:41,1
INT0000002446,PLAY0000018730,U0003201,V00006879,like,2026-08-17 07:32:32,1
INT0000002447,PLAY0000018738,U0000840,V00010450,like,2026-08-17 11:43:11,1
INT0000002448,PLAY0000018746,U0000460,V00005949,like,2026-08-07 20:20:43,1
INT0000002449,PLAY0000018766,U0001869,V00011446,like,2026-06-13 04:53:17,1
INT0000002450,PLAY0000018770,U0005451,V00012778,comment,2026-08-03 11:33:02,1
INT0000002451,PLAY0000018775,U0003532,V00000395,like,2026-08-17 13:43:16,1
INT0000002452,PLAY0000018782,U0004050,V00009600,like,2026-04-23 01:52:20,1
INT0000002453,PLAY0000018787,U0006456,V00003450,like,2026-08-24 21:05:26,1
INT0000002454,PLAY0000018799,U0000381,V00002110,share,2026-07-13 10:09:10,1
INT0000002455,PLAY0000018802,U0009775,V00009380,favorite,2026-08-28 11:23:44,1
INT0000002456,PLAY0000018803,U0001417,V00008537,comment,2026-05-22 18:14:04,1
INT0000002457,PLAY0000018814,U0000545,V00005123,comment,2026-07-01 09:13:19,1
INT0000002458,PLAY0000018815,U0003193,V00014800,share,2026-08-10 17:34:32,1
INT0000002459,PLAY0000018820,U0010719,V00010335,like,2026-08-02 23:54:53,1
INT0000002460,PLAY0000018831,U0007312,V00000404,favorite,2026-07-05 18:41:17,1
INT0000002461,PLAY0000018838,U0003129,V00002062,like,2026-07-11 16:08:18,1
INT0000002462,PLAY0000018840,U0000803,V00007883,favorite,2026-06-25 21:07:51,1
INT0000002463,PLAY0000018853,U0005404,V00013822,share,2026-05-27 17:03:25,1
INT0000002464,PLAY0000018854,U0006603,V00012080,like,2026-07-28 08:38:21,1
INT0000002465,PLAY0000018855,U0006224,V00011678,favorite,2026-08-24 02:47:45,1
INT0000002466,PLAY0000018857,U0000773,V00008202,follow,2026-06-10 04:10:49,1
INT0000002467,PLAY0000018863,U0011710,V00008296,share,2026-07-14 12:48:33,1
INT0000002468,PLAY0000018872,U0009764,V00008485,favorite,2026-06-11 04:39:59,1
INT0000002469,PLAY0000018883,U0011715,V00004147,share,2026-08-18 11:02:17,1
INT0000002470,PLAY0000018895,U0008352,V00013813,favorite,2026-04-23 07:07:15,1
INT0000002471,PLAY0000018900,U0003198,V00001261,like,2026-08-10 21:21:02,1
INT0000002472,PLAY0000018907,U0005142,V00007712,share,2026-08-27 12:24:01,1
INT0000002473,PLAY0000018908,U0000007,V00004411,like,2026-07-29 07:53:16,1
INT0000002474,PLAY0000018911,U0002364,V00012335,like,2026-07-22 08:09:11,1
INT0000002475,PLAY0000018935,U0005089,V00001716,comment,2026-07-19 10:55:39,1
INT0000002476,PLAY0000018964,U0009505,V00010703,like,2026-08-26 06:59:17,1
INT0000002477,PLAY0000018969,U0007971,V00002546,like,2026-08-12 17:40:20,1
INT0000002478,PLAY0000018971,U0000301,V00003197,comment,2026-04-22 07:07:53,1
INT0000002479,PLAY0000018979,U0006481,V00010279,share,2026-08-04 03:17:08,1
INT0000002480,PLAY0000018981,U0011271,V00006671,follow,2026-08-03 13:17:21,1
INT0000002481,PLAY0000018995,U0006265,V00014714,follow,2026-06-03 14:33:00,1
INT0000002482,PLAY0000019002,U0002727,V00006051,comment,2026-03-30 09:11:11,1
INT0000002483,PLAY0000019015,U0002670,V00003826,comment,2026-04-28 10:38:46,1
INT0000002484,PLAY0000019017,U0008800,V00012641,like,2026-08-10 20:38:44,1
INT0000002485,PLAY0000019031,U0003623,V00006929,share,2026-06-14 23:12:27,1
INT0000002486,PLAY0000019037,U0007028,V00013394,like,2026-04-29 04:46:07,1
INT0000002487,PLAY0000019038,U0002786,V00002157,like,2026-08-19 09:08:30,1
INT0000002488,PLAY0000019054,U0000132,V00010385,like,2026-08-28 23:49:38,1
INT0000002489,PLAY0000019055,U0007345,V00012212,follow,2026-08-26 17:17:05,1
INT0000002490,PLAY0000019061,U0010513,V00005076,like,2026-07-13 05:15:09,1
INT0000002491,PLAY0000019069,U0002608,V00004147,favorite,2026-08-26 18:13:18,1
INT0000002492,PLAY0000019076,U0003225,V00010143,comment,2026-08-21 17:52:34,1
INT0000002493,PLAY0000019094,U0000347,V00002503,comment,2026-08-27 10:08:36,1
INT0000002494,PLAY0000019095,U0009471,V00010235,like,2026-08-22 20:37:47,1
INT0000002495,PLAY0000019098,U0002121,V00001267,like,2026-08-16 12:20:46,1
INT0000002496,PLAY0000019109,U0003070,V00003997,favorite,2026-08-22 00:57:03,1
INT0000002497,PLAY0000019111,U0011108,V00002762,share,2026-07-14 16:32:08,1
INT0000002498,PLAY0000019120,U0000028,V00001563,comment,2026-06-24 09:47:35,1
INT0000002499,PLAY0000019122,U0008449,V00012411,like,2026-03-31 09:26:19,1
INT0000002500,PLAY0000019129,U0011030,V00001651,favorite,2026-08-03 22:20:45,1
INT0000002501,PLAY0000019130,U0004488,V00014956,like,2026-08-22 08:28:25,1
INT0000002502,PLAY0000019131,U0007161,V00001712,like,2026-06-25 12:49:28,1
INT0000002503,PLAY0000019136,U0010812,V00001454,like,2026-08-22 01:01:27,1
INT0000002504,PLAY0000019143,U0006991,V00003338,like,2026-08-19 07:13:34,1
INT0000002505,PLAY0000019156,U0007896,V00008370,like,2026-08-18 01:41:01,1
INT0000002506,PLAY0000019160,U0011485,V00000564,like,2026-08-11 05:17:19,1
INT0000002507,PLAY0000019162,U0010369,V00004362,like,2026-06-27 01:39:24,1
INT0000002508,PLAY0000019170,U0003253,V00008165,favorite,2026-07-31 11:23:36,1
INT0000002509,PLAY0000019183,U0000162,V00000896,follow,2026-08-27 09:59:06,1
INT0000002510,PLAY0000019194,U0006648,V00008320,share,2026-08-12 04:44:24,1
INT0000002511,PLAY0000019202,U0000976,V00002332,like,2026-07-24 05:26:03,1
INT0000002512,PLAY0000019210,U0000530,V00008246,like,2026-08-28 11:42:07,1
INT0000002513,PLAY0000019235,U0010287,V00006322,favorite,2026-05-09 17:26:06,1
INT0000002514,PLAY0000019236,U0001903,V00001764,comment,2026-07-18 22:29:01,1
INT0000002515,PLAY0000019237,U0004373,V00009982,like,2026-08-23 22:27:40,1
INT0000002516,PLAY0000019238,U0005319,V00010334,like,2026-08-28 21:29:09,1
INT0000002517,PLAY0000019246,U0001225,V00006675,like,2026-07-04 19:08:50,1
INT0000002518,PLAY0000019256,U0007376,V00007095,like,2026-08-22 14:40:32,1
INT0000002519,PLAY0000019263,U0005450,V00004240,like,2026-05-01 05:35:45,1
INT0000002520,PLAY0000019266,U0011641,V00013101,share,2026-01-29 09:24:45,1
INT0000002521,PLAY0000019268,U0003012,V00011330,like,2026-08-23 11:42:36,1
INT0000002522,PLAY0000019270,U0010270,V00010477,follow,2026-08-15 05:18:07,1
INT0000002523,PLAY0000019271,U0000874,V00002702,share,2026-04-29 04:09:55,1
INT0000002524,PLAY0000019272,U0005581,V00014613,comment,2026-05-02 23:49:42,1
INT0000002525,PLAY0000019287,U0002746,V00013121,comment,2026-08-18 20:25:29,1
INT0000002526,PLAY0000019292,U0001645,V00002839,follow,2026-07-22 04:24:47,1
INT0000002527,PLAY0000019295,U0003487,V00012729,like,2026-08-23 09:18:50,1
INT0000002528,PLAY0000019306,U0008294,V00004947,share,2026-06-25 17:56:40,1
INT0000002529,PLAY0000019314,U0003397,V00004767,like,2026-08-28 10:38:03,1
INT0000002530,PLAY0000019334,U0010083,V00008816,like,2026-08-23 22:24:04,1
INT0000002531,PLAY0000019349,U0008913,V00008478,like,2026-03-22 05:03:24,1
INT0000002532,PLAY0000019350,U0000650,V00001104,favorite,2026-08-26 00:28:24,1
INT0000002533,PLAY0000019360,U0010673,V00004330,like,2026-06-04 23:21:02,1
INT0000002534,PLAY0000019363,U0004882,V00001742,comment,2026-08-10 09:50:48,1
INT0000002535,PLAY0000019392,U0011051,V00008427,like,2026-08-28 02:25:46,1
INT0000002536,PLAY0000019400,U0000654,V00009608,like,2026-08-28 04:13:15,1
INT0000002537,PLAY0000019408,U0010689,V00009154,like,2026-07-21 23:32:48,1
INT0000002538,PLAY0000019418,U0005777,V00013031,favorite,2026-05-13 06:41:57,1
INT0000002539,PLAY0000019426,U0008438,V00012654,like,2026-07-26 21:54:36,1
INT0000002540,PLAY0000019427,U0004084,V00010443,like,2026-06-25 00:08:24,1
INT0000002541,PLAY0000019429,U0001879,V00012493,like,2026-08-26 03:32:13,1
INT0000002542,PLAY0000019434,U0006049,V00013815,like,2026-08-07 21:42:49,1
INT0000002543,PLAY0000019437,U0007959,V00011404,like,2026-07-19 05:32:46,1
INT0000002544,PLAY0000019448,U0010033,V00001997,like,2026-04-28 17:22:40,1
INT0000002545,PLAY0000019452,U0010511,V00003267,comment,2026-07-22 10:31:08,1
INT0000002546,PLAY0000019456,U0003831,V00004242,like,2026-06-02 11:23:58,1
INT0000002547,PLAY0000019457,U0000772,V00006146,comment,2026-08-21 13:14:28,1
INT0000002548,PLAY0000019465,U0007602,V00003632,share,2026-08-27 01:22:22,1
INT0000002549,PLAY0000019469,U0000261,V00003726,follow,2026-07-20 22:15:10,1
INT0000002550,PLAY0000019485,U0009495,V00007326,like,2026-07-08 11:40:05,1
INT0000002551,PLAY0000019549,U0000221,V00013214,favorite,2026-08-25 23:19:04,1
INT0000002552,PLAY0000019555,U0003164,V00005225,follow,2026-06-02 19:53:43,1
INT0000002553,PLAY0000019574,U0008734,V00007768,like,2026-06-28 15:00:29,1
INT0000002554,PLAY0000019579,U0001255,V00009139,favorite,2026-08-22 21:26:24,1
INT0000002555,PLAY0000019594,U0008611,V00006801,like,2026-08-03 14:30:30,1
INT0000002556,PLAY0000019604,U0002205,V00005583,comment,2026-08-12 13:21:06,1
INT0000002557,PLAY0000019623,U0011820,V00011151,like,2026-08-04 21:46:27,1
INT0000002558,PLAY0000019624,U0003008,V00005611,like,2026-07-09 22:56:47,1
INT0000002559,PLAY0000019639,U0011615,V00007337,favorite,2026-06-02 08:57:20,1
INT0000002560,PLAY0000019655,U0005619,V00000223,comment,2026-07-13 20:57:59,1
INT0000002561,PLAY0000019659,U0002985,V00005074,like,2026-07-07 03:35:11,1
INT0000002562,PLAY0000019674,U0002815,V00000637,like,2026-05-29 06:51:14,1
INT0000002563,PLAY0000019687,U0005700,V00000492,follow,2026-06-07 09:34:20,1
INT0000002564,PLAY0000019695,U0002542,V00013118,share,2026-07-26 17:37:08,1
INT0000002565,PLAY0000019699,U0004004,V00014190,favorite,2026-08-28 15:30:47,1
INT0000002566,PLAY0000019706,U0009473,V00004218,like,2026-06-03 20:44:58,1
INT0000002567,PLAY0000019709,U0003505,V00013416,like,2026-05-07 04:14:16,1
INT0000002568,PLAY0000019718,U0007663,V00002014,like,2026-08-25 07:20:21,1
INT0000002569,PLAY0000019739,U0007073,V00005116,like,2026-07-24 15:01:43,1
INT0000002570,PLAY0000019741,U0003202,V00008358,like,2026-08-01 14:09:32,1
INT0000002571,PLAY0000019743,U0004864,V00007765,share,2026-07-17 15:44:24,1
INT0000002572,PLAY0000019747,U0004625,V00007787,like,2026-08-26 02:56:34,1
INT0000002573,PLAY0000019758,U0000377,V00004938,like,2026-08-07 10:01:06,1
INT0000002574,PLAY0000019760,U0001742,V00010994,share,2026-08-20 00:39:18,1
INT0000002575,PLAY0000019761,U0009105,V00007226,like,2026-07-01 10:52:08,1
INT0000002576,PLAY0000019768,U0005259,V00008200,like,2026-08-09 14:12:05,1
INT0000002577,PLAY0000019773,U0005716,V00014200,favorite,2026-08-16 11:13:20,1
INT0000002578,PLAY0000019774,U0009647,V00014604,like,2026-06-21 01:54:15,1
INT0000002579,PLAY0000019808,U0009469,V00012334,like,2026-06-01 04:19:32,1
INT0000002580,PLAY0000019827,U0003903,V00003717,like,2026-06-03 15:45:07,1
INT0000002581,PLAY0000019835,U0006127,V00000738,favorite,2026-05-11 04:56:17,1
INT0000002582,PLAY0000019841,U0003041,V00006819,share,2026-05-11 07:52:47,1
INT0000002583,PLAY0000019842,U0005939,V00014670,like,2026-06-03 12:14:04,1
INT0000002584,PLAY0000019847,U0001613,V00013494,like,2026-05-28 07:15:39,1
INT0000002585,PLAY0000019853,U0003417,V00005433,like,2026-05-25 23:54:06,1
INT0000002586,PLAY0000019854,U0011573,V00011429,like,2026-08-24 13:40:42,1
INT0000002587,PLAY0000019862,U0011307,V00013026,like,2026-06-26 13:12:31,1
INT0000002588,PLAY0000019865,U0009480,V00014255,like,2026-07-18 17:06:50,1
INT0000002589,PLAY0000019878,U0007578,V00012796,like,2026-08-27 13:41:45,1
INT0000002590,PLAY0000019886,U0002878,V00003081,share,2026-06-29 07:07:34,1
INT0000002591,PLAY0000019894,U0002776,V00010787,like,2026-08-28 01:48:40,1
INT0000002592,PLAY0000019901,U0005408,V00005958,share,2026-05-26 15:13:41,1
INT0000002593,PLAY0000019903,U0001111,V00008834,like,2026-02-06 20:51:58,1
INT0000002594,PLAY0000019915,U0004080,V00006933,like,2026-08-14 00:02:00,1
INT0000002595,PLAY0000019937,U0004840,V00005277,like,2026-07-31 00:12:33,1
INT0000002596,PLAY0000019943,U0001247,V00000364,comment,2026-08-13 07:31:37,1
INT0000002597,PLAY0000019950,U0006078,V00004197,share,2026-05-01 13:20:51,1
INT0000002598,PLAY0000019962,U0000216,V00013575,like,2026-08-25 16:25:42,1
INT0000002599,PLAY0000019970,U0009152,V00001483,favorite,2026-03-21 07:11:55,1
INT0000002600,PLAY0000019973,U0007047,V00013813,comment,2026-08-01 09:14:16,1
INT0000002601,PLAY0000019985,U0006072,V00006638,like,2026-04-24 02:00:58,1
INT0000002602,PLAY0000019990,U0004431,V00004687,like,2026-08-25 00:13:00,1
INT0000002603,PLAY0000020002,U0011382,V00009290,like,2026-07-20 16:30:07,1
INT0000002604,PLAY0000020008,U0002852,V00005971,favorite,2026-08-09 23:28:16,1
INT0000002605,PLAY0000020021,U0005479,V00003602,like,2026-06-25 19:05:52,1
INT0000002606,PLAY0000020027,U0002747,V00013526,like,2026-08-22 05:08:56,1
INT0000002607,PLAY0000020028,U0001593,V00004258,like,2026-08-11 06:28:09,1
INT0000002608,PLAY0000020038,U0007607,V00008775,like,2026-08-26 18:23:14,1
INT0000002609,PLAY0000020043,U0009205,V00013934,like,2026-08-26 17:01:29,1
INT0000002610,PLAY0000020044,U0003614,V00009667,like,2026-07-28 02:22:08,1
INT0000002611,PLAY0000020048,U0007455,V00002051,like,2026-08-14 15:11:23,1
INT0000002612,PLAY0000020065,U0001224,V00008835,share,2026-01-27 16:00:21,1
INT0000002613,PLAY0000020101,U0010765,V00013121,like,2026-06-25 11:50:05,1
INT0000002614,PLAY0000020111,U0006926,V00005782,share,2026-08-25 07:05:27,1
INT0000002615,PLAY0000020113,U0001184,V00014491,favorite,2026-02-12 13:17:40,1
INT0000002616,PLAY0000020117,U0003291,V00009443,like,2026-08-05 08:58:40,1
INT0000002617,PLAY0000020118,U0010008,V00009586,follow,2026-08-23 11:53:20,1
INT0000002618,PLAY0000020130,U0003434,V00013966,like,2026-08-14 13:08:08,1
INT0000002619,PLAY0000020132,U0004912,V00011099,like,2026-06-05 08:37:04,1
INT0000002620,PLAY0000020138,U0000547,V00008927,like,2026-08-24 00:58:33,1
INT0000002621,PLAY0000020140,U0003324,V00009850,share,2026-08-14 14:15:01,1
INT0000002622,PLAY0000020142,U0003979,V00011280,like,2026-08-05 11:27:11,1
INT0000002623,PLAY0000020179,U0002973,V00014327,like,2026-08-24 21:48:10,1
INT0000002624,PLAY0000020194,U0011045,V00013507,like,2026-07-26 11:43:39,1
INT0000002625,PLAY0000020196,U0003150,V00013626,comment,2026-08-26 04:34:59,1
INT0000002626,PLAY0000020198,U0010558,V00001071,like,2026-06-22 15:10:54,1
INT0000002627,PLAY0000020211,U0004178,V00011165,comment,2026-08-01 14:06:27,1
INT0000002628,PLAY0000020214,U0000938,V00005678,like,2026-03-03 07:30:07,1
INT0000002629,PLAY0000020215,U0008860,V00002990,comment,2026-08-12 15:27:50,1
INT0000002630,PLAY0000020216,U0011443,V00013583,like,2026-06-19 14:30:42,1
INT0000002631,PLAY0000020245,U0002173,V00013192,like,2026-08-21 15:41:51,1
INT0000002632,PLAY0000020254,U0002279,V00005196,favorite,2026-07-23 10:23:01,1
INT0000002633,PLAY0000020267,U0008465,V00012998,like,2026-07-22 12:15:23,1
INT0000002634,PLAY0000020268,U0000608,V00005530,like,2026-08-12 14:07:56,1
INT0000002635,PLAY0000020274,U0002243,V00003007,like,2026-07-15 21:07:05,1
INT0000002636,PLAY0000020285,U0008847,V00013664,comment,2026-07-09 20:31:45,1
INT0000002637,PLAY0000020286,U0004047,V00009353,comment,2026-07-30 17:48:39,1
INT0000002638,PLAY0000020292,U0011852,V00010701,like,2026-07-21 21:49:18,1
INT0000002639,PLAY0000020311,U0006459,V00011426,comment,2026-08-22 02:49:00,1
INT0000002640,PLAY0000020329,U0008911,V00009351,like,2026-05-28 21:27:24,1
INT0000002641,PLAY0000020348,U0006515,V00014034,like,2026-04-09 07:10:02,1
INT0000002642,PLAY0000020349,U0008614,V00005894,like,2026-04-03 09:59:51,1
INT0000002643,PLAY0000020352,U0001421,V00000981,like,2026-04-22 06:14:18,1
INT0000002644,PLAY0000020357,U0000714,V00000195,comment,2026-08-14 00:52:03,1
INT0000002645,PLAY0000020376,U0004128,V00006344,follow,2026-07-23 23:12:07,1
INT0000002646,PLAY0000020385,U0002031,V00002368,favorite,2026-08-21 01:10:52,1
INT0000002647,PLAY0000020393,U0003640,V00010107,like,2026-08-13 05:58:02,1
INT0000002648,PLAY0000020396,U0004835,V00008438,favorite,2026-03-05 21:29:46,1
INT0000002649,PLAY0000020398,U0007088,V00008115,comment,2026-08-10 02:24:02,1
INT0000002650,PLAY0000020417,U0004744,V00012563,like,2026-08-21 14:34:58,1
INT0000002651,PLAY0000020423,U0004891,V00003888,like,2026-06-30 10:15:17,1
INT0000002652,PLAY0000020424,U0008429,V00014996,like,2026-08-09 14:28:52,1
INT0000002653,PLAY0000020429,U0007083,V00001428,follow,2026-07-05 08:59:12,1
INT0000002654,PLAY0000020432,U0004455,V00009890,like,2026-08-22 11:13:56,1
INT0000002655,PLAY0000020435,U0010879,V00006969,like,2026-08-16 01:03:25,1
INT0000002656,PLAY0000020447,U0004527,V00000767,comment,2026-05-07 13:11:47,1
INT0000002657,PLAY0000020458,U0002964,V00012730,follow,2026-06-04 04:34:12,1
INT0000002658,PLAY0000020464,U0005548,V00003204,comment,2026-08-23 23:23:36,1
INT0000002659,PLAY0000020466,U0002185,V00006060,like,2026-04-15 05:21:56,1
INT0000002660,PLAY0000020468,U0003512,V00012090,like,2026-05-26 12:17:17,1
INT0000002661,PLAY0000020476,U0008546,V00006444,share,2026-08-25 22:59:15,1
INT0000002662,PLAY0000020481,U0011831,V00004262,like,2026-07-28 10:59:57,1
INT0000002663,PLAY0000020489,U0007195,V00009786,share,2026-08-28 00:06:53,1
INT0000002664,PLAY0000020491,U0007940,V00003540,comment,2026-04-06 17:53:15,1
INT0000002665,PLAY0000020492,U0000056,V00012687,favorite,2026-08-18 23:44:27,1
INT0000002666,PLAY0000020500,U0008587,V00005456,follow,2026-08-26 13:20:26,1
INT0000002667,PLAY0000020501,U0009379,V00011792,like,2026-08-19 12:44:47,1
INT0000002668,PLAY0000020502,U0011940,V00012843,like,2026-08-26 10:38:34,1
INT0000002669,PLAY0000020507,U0005083,V00006613,like,2026-07-26 07:13:26,1
INT0000002670,PLAY0000020509,U0004518,V00006916,follow,2026-08-28 23:34:53,1
INT0000002671,PLAY0000020512,U0009363,V00005359,like,2026-05-01 08:27:28,1
INT0000002672,PLAY0000020514,U0007606,V00005286,like,2026-06-20 06:36:11,1
INT0000002673,PLAY0000020516,U0000140,V00013615,like,2026-08-28 22:46:02,1
INT0000002674,PLAY0000020520,U0005008,V00002203,comment,2026-08-01 06:09:34,1
INT0000002675,PLAY0000020527,U0008600,V00002652,like,2026-04-09 22:22:14,1
INT0000002676,PLAY0000020537,U0009312,V00011266,like,2026-07-26 06:34:21,1
INT0000002677,PLAY0000020547,U0003917,V00003565,like,2026-05-24 11:09:16,1
INT0000002678,PLAY0000020559,U0006676,V00009679,like,2026-06-09 21:29:50,1
INT0000002679,PLAY0000020562,U0009112,V00003437,comment,2026-05-18 22:20:19,1
INT0000002680,PLAY0000020569,U0003724,V00003490,share,2026-06-09 13:45:34,1
INT0000002681,PLAY0000020572,U0004733,V00008920,like,2026-08-03 23:18:53,1
INT0000002682,PLAY0000020574,U0011587,V00008421,like,2026-08-27 09:12:40,1
INT0000002683,PLAY0000020579,U0006406,V00011950,like,2026-05-02 23:29:25,1
INT0000002684,PLAY0000020584,U0001049,V00003002,comment,2026-08-26 13:56:35,1
INT0000002685,PLAY0000020586,U0008240,V00000798,like,2026-08-22 10:49:40,1
INT0000002686,PLAY0000020587,U0004061,V00002630,favorite,2026-08-19 22:01:37,1
INT0000002687,PLAY0000020602,U0004145,V00007905,like,2026-08-20 18:33:13,1
INT0000002688,PLAY0000020607,U0003117,V00004024,share,2026-02-25 00:16:59,1
INT0000002689,PLAY0000020615,U0006367,V00003540,like,2026-08-17 04:25:14,1
INT0000002690,PLAY0000020619,U0008187,V00008791,like,2026-05-28 07:31:32,1
INT0000002691,PLAY0000020620,U0010886,V00012579,follow,2026-08-27 18:38:28,1
INT0000002692,PLAY0000020624,U0010598,V00005668,like,2026-07-29 06:39:28,1
INT0000002693,PLAY0000020626,U0001767,V00009182,comment,2026-06-20 00:55:39,1
INT0000002694,PLAY0000020627,U0007871,V00007014,like,2026-07-27 06:02:54,1
INT0000002695,PLAY0000020631,U0003716,V00000972,share,2026-05-22 09:34:37,1
INT0000002696,PLAY0000020640,U0009435,V00013283,comment,2026-05-17 02:30:09,1
INT0000002697,PLAY0000020643,U0010704,V00005440,like,2026-07-12 04:20:50,1
INT0000002698,PLAY0000020645,U0011692,V00010798,like,2026-03-27 14:10:48,1
INT0000002699,PLAY0000020656,U0001018,V00012565,like,2026-08-27 23:50:17,1
INT0000002700,PLAY0000020676,U0004754,V00013153,like,2026-07-19 13:23:17,1
INT0000002701,PLAY0000020683,U0005226,V00002349,like,2026-05-11 10:39:36,1
INT0000002702,PLAY0000020686,U0004123,V00006023,like,2026-06-23 13:53:27,1
INT0000002703,PLAY0000020694,U0008313,V00010288,like,2026-08-21 02:42:38,1
INT0000002704,PLAY0000020731,U0000785,V00011520,like,2026-08-26 09:56:15,1
INT0000002705,PLAY0000020736,U0007989,V00006821,like,2026-07-23 15:16:51,1
INT0000002706,PLAY0000020750,U0001637,V00011472,like,2026-05-01 17:20:25,1
INT0000002707,PLAY0000020755,U0011248,V00000093,share,2026-05-20 17:48:38,1
INT0000002708,PLAY0000020758,U0008588,V00014326,like,2026-04-11 16:07:29,1
INT0000002709,PLAY0000020787,U0010802,V00011606,like,2026-08-28 23:39:20,1
INT0000002710,PLAY0000020808,U0007722,V00009265,comment,2026-08-25 16:19:29,1
INT0000002711,PLAY0000020822,U0000459,V00008748,like,2026-07-09 11:04:33,1
INT0000002712,PLAY0000020826,U0007841,V00003088,follow,2026-04-26 17:24:01,1
INT0000002713,PLAY0000020827,U0006349,V00012947,like,2026-08-28 14:27:17,1
INT0000002714,PLAY0000020831,U0004900,V00011553,favorite,2026-06-18 15:45:42,1
INT0000002715,PLAY0000020837,U0011279,V00013519,like,2026-05-26 15:03:19,1
INT0000002716,PLAY0000020850,U0006552,V00000585,like,2026-06-30 03:17:26,1
INT0000002717,PLAY0000020871,U0008846,V00009521,like,2026-08-25 21:34:18,1
INT0000002718,PLAY0000020872,U0005810,V00011510,favorite,2026-02-27 04:44:29,1
INT0000002719,PLAY0000020890,U0004972,V00006157,follow,2026-05-12 00:14:03,1
INT0000002720,PLAY0000020900,U0007371,V00009054,like,2026-08-12 18:34:44,1
INT0000002721,PLAY0000020903,U0003526,V00012493,favorite,2026-08-26 12:24:48,1
INT0000002722,PLAY0000020917,U0005626,V00010099,like,2026-08-18 12:07:36,1
INT0000002723,PLAY0000020918,U0003847,V00010687,favorite,2026-07-10 02:47:17,1
INT0000002724,PLAY0000020921,U0005450,V00010468,like,2026-08-05 01:42:50,1
INT0000002725,PLAY0000020928,U0002168,V00010550,follow,2026-07-18 19:46:04,1
INT0000002726,PLAY0000020930,U0011987,V00002667,like,2026-08-11 18:22:33,1
INT0000002727,PLAY0000020937,U0006790,V00011136,share,2026-08-27 12:35:35,1
INT0000002728,PLAY0000020939,U0004618,V00002518,share,2026-08-27 20:06:06,1
INT0000002729,PLAY0000020952,U0010160,V00006972,favorite,2026-07-09 18:42:11,1
INT0000002730,PLAY0000020970,U0007592,V00007360,like,2026-07-14 20:22:57,1
INT0000002731,PLAY0000020992,U0000456,V00005123,like,2026-07-05 11:21:57,1
INT0000002732,PLAY0000020993,U0000654,V00006627,like,2026-08-28 00:54:18,1
INT0000002733,PLAY0000021001,U0011143,V00001941,like,2026-08-28 13:31:14,1
INT0000002734,PLAY0000021003,U0007334,V00007329,like,2026-07-29 06:13:25,1
INT0000002735,PLAY0000021004,U0003036,V00012744,like,2026-07-20 00:23:01,1
INT0000002736,PLAY0000021008,U0011457,V00012007,follow,2026-07-14 18:02:08,1
INT0000002737,PLAY0000021013,U0010823,V00009940,like,2026-08-24 17:49:27,1
INT0000002738,PLAY0000021022,U0009589,V00005748,like,2026-08-27 16:01:28,1
INT0000002739,PLAY0000021026,U0002667,V00013239,like,2026-06-13 20:10:17,1
INT0000002740,PLAY0000021032,U0003858,V00005372,like,2026-06-27 13:27:58,1
INT0000002741,PLAY0000021035,U0003946,V00013747,like,2026-08-27 17:08:03,1
INT0000002742,PLAY0000021038,U0009806,V00010143,favorite,2026-08-24 14:08:34,1
INT0000002743,PLAY0000021046,U0008655,V00014443,like,2026-08-24 00:34:27,1
INT0000002744,PLAY0000021072,U0002152,V00006570,like,2026-08-13 05:09:39,1
INT0000002745,PLAY0000021079,U0009427,V00003466,like,2026-08-17 15:58:12,1
INT0000002746,PLAY0000021080,U0000077,V00003253,like,2026-07-08 03:14:38,1
INT0000002747,PLAY0000021081,U0001518,V00006893,share,2026-06-28 14:59:42,1
INT0000002748,PLAY0000021090,U0003244,V00011555,share,2026-07-30 12:42:58,1
INT0000002749,PLAY0000021095,U0008919,V00000568,favorite,2026-07-31 06:48:05,1
INT0000002750,PLAY0000021110,U0011631,V00011023,share,2026-08-12 08:55:22,1
INT0000002751,PLAY0000021120,U0001599,V00008766,share,2026-07-13 17:35:02,1
INT0000002752,PLAY0000021124,U0000267,V00006271,share,2026-05-04 06:10:37,1
INT0000002753,PLAY0000021144,U0001440,V00007211,favorite,2026-06-15 12:16:31,1
INT0000002754,PLAY0000021146,U0003324,V00007511,like,2026-08-19 23:57:37,1
INT0000002755,PLAY0000021157,U0003914,V00003789,follow,2026-08-09 22:08:09,1
INT0000002756,PLAY0000021166,U0004386,V00005808,comment,2026-07-04 19:58:02,1
INT0000002757,PLAY0000021174,U0005569,V00005692,favorite,2026-08-07 20:23:33,1
INT0000002758,PLAY0000021189,U0007725,V00002528,like,2026-08-24 00:05:41,1
INT0000002759,PLAY0000021191,U0000613,V00003377,like,2026-07-07 14:27:14,1
INT0000002760,PLAY0000021197,U0006100,V00001717,like,2026-05-28 00:24:23,1
INT0000002761,PLAY0000021203,U0005246,V00005485,like,2026-08-27 23:25:24,1
INT0000002762,PLAY0000021212,U0007985,V00006353,like,2026-06-11 09:18:49,1
INT0000002763,PLAY0000021218,U0009884,V00010216,like,2026-04-10 21:19:02,1
INT0000002764,PLAY0000021227,U0006747,V00009340,share,2026-02-22 23:13:55,1
INT0000002765,PLAY0000021263,U0006770,V00005843,share,2026-07-02 11:22:52,1
INT0000002766,PLAY0000021274,U0006492,V00006363,like,2026-08-26 03:18:38,1
INT0000002767,PLAY0000021288,U0008069,V00004148,like,2026-08-11 21:39:25,1
INT0000002768,PLAY0000021293,U0003906,V00003410,like,2026-08-25 13:33:53,1
INT0000002769,PLAY0000021324,U0003061,V00002802,comment,2026-08-06 03:48:48,1
INT0000002770,PLAY0000021348,U0007408,V00001628,like,2026-08-21 08:42:51,1
INT0000002771,PLAY0000021364,U0005258,V00009818,like,2026-07-07 05:28:39,1
INT0000002772,PLAY0000021368,U0004976,V00003081,like,2026-08-28 11:58:41,1
INT0000002773,PLAY0000021370,U0010588,V00011612,like,2026-07-10 07:36:41,1
INT0000002774,PLAY0000021383,U0005530,V00002360,comment,2026-07-26 20:40:16,1
INT0000002775,PLAY0000021401,U0004549,V00012699,follow,2026-07-21 15:53:52,1
INT0000002776,PLAY0000021406,U0011205,V00001620,like,2026-08-01 09:25:24,1
INT0000002777,PLAY0000021409,U0008892,V00007008,follow,2026-05-08 06:31:45,1
INT0000002778,PLAY0000021416,U0010515,V00005668,comment,2026-06-21 19:51:34,1
INT0000002779,PLAY0000021423,U0000886,V00000605,comment,2026-08-09 02:53:56,1
INT0000002780,PLAY0000021424,U0007595,V00001419,favorite,2026-08-21 09:40:01,1
INT0000002781,PLAY0000021433,U0002921,V00003511,like,2026-05-06 20:43:21,1
INT0000002782,PLAY0000021438,U0006450,V00008253,favorite,2026-08-21 14:19:30,1
INT0000002783,PLAY0000021444,U0005999,V00003698,follow,2026-07-03 12:01:00,1
INT0000002784,PLAY0000021445,U0003881,V00006652,like,2026-05-14 20:52:28,1
INT0000002785,PLAY0000021450,U0011711,V00011993,like,2026-08-28 09:29:09,1
INT0000002786,PLAY0000021478,U0011971,V00012174,follow,2026-04-03 21:37:55,1
INT0000002787,PLAY0000021484,U0002035,V00004071,like,2026-08-25 12:10:39,1
INT0000002788,PLAY0000021488,U0001289,V00008440,like,2026-07-25 21:14:03,1
INT0000002789,PLAY0000021497,U0003191,V00011239,favorite,2026-08-23 04:38:28,1
INT0000002790,PLAY0000021503,U0002409,V00005529,like,2026-08-27 01:02:17,1
INT0000002791,PLAY0000021504,U0004008,V00014832,like,2026-07-01 06:56:09,1
INT0000002792,PLAY0000021507,U0011480,V00007447,like,2026-07-16 00:22:33,1
INT0000002793,PLAY0000021509,U0004417,V00009886,like,2026-04-16 23:13:11,1
INT0000002794,PLAY0000021519,U0001924,V00014745,comment,2026-05-09 08:04:31,1
INT0000002795,PLAY0000021528,U0005760,V00000513,like,2026-07-07 11:25:37,1
INT0000002796,PLAY0000021533,U0007315,V00011304,like,2026-07-15 18:42:09,1
INT0000002797,PLAY0000021549,U0002408,V00006190,share,2026-08-07 05:30:57,1
INT0000002798,PLAY0000021555,U0010713,V00002681,share,2026-08-25 05:20:18,1
INT0000002799,PLAY0000021559,U0007123,V00000351,like,2026-06-17 02:33:08,1
INT0000002800,PLAY0000021560,U0004312,V00010864,like,2026-08-27 08:32:28,1
INT0000002801,PLAY0000021576,U0006997,V00001499,follow,2026-08-06 21:24:17,1
INT0000002802,PLAY0000021586,U0006112,V00013043,like,2026-08-26 16:21:57,1
INT0000002803,PLAY0000021587,U0001954,V00014538,share,2026-08-23 23:04:03,1
INT0000002804,PLAY0000021596,U0006469,V00011320,like,2026-07-31 22:40:33,1
INT0000002805,PLAY0000021597,U0006377,V00009336,comment,2026-08-27 06:27:44,1
INT0000002806,PLAY0000021600,U0001237,V00007446,comment,2026-08-07 18:30:36,1
INT0000002807,PLAY0000021605,U0010597,V00011932,like,2026-07-28 17:37:44,1
INT0000002808,PLAY0000021616,U0000124,V00005635,like,2026-04-01 09:35:52,1
INT0000002809,PLAY0000021617,U0006470,V00010218,like,2026-08-09 01:17:30,1
INT0000002810,PLAY0000021629,U0005933,V00006081,like,2026-06-26 12:13:55,1
INT0000002811,PLAY0000021637,U0009967,V00010845,comment,2026-07-16 20:27:16,1
INT0000002812,PLAY0000021642,U0005646,V00007687,follow,2026-08-04 00:15:54,1
INT0000002813,PLAY0000021645,U0005601,V00002566,like,2026-04-26 15:03:35,1
INT0000002814,PLAY0000021648,U0001130,V00012588,like,2026-05-12 22:21:26,1
INT0000002815,PLAY0000021676,U0000236,V00003998,like,2026-08-27 02:55:27,1
INT0000002816,PLAY0000021682,U0003210,V00005004,follow,2026-08-04 23:27:11,1
INT0000002817,PLAY0000021703,U0003358,V00012044,like,2026-08-13 23:45:55,1
INT0000002818,PLAY0000021713,U0011572,V00002678,like,2026-08-14 07:00:06,1
INT0000002819,PLAY0000021727,U0006465,V00010220,like,2026-04-06 03:08:15,1
INT0000002820,PLAY0000021735,U0002035,V00005504,like,2026-08-13 04:32:52,1
INT0000002821,PLAY0000021745,U0003716,V00001273,share,2026-08-06 12:39:45,1
INT0000002822,PLAY0000021769,U0003387,V00006415,share,2026-08-10 11:26:54,1
INT0000002823,PLAY0000021773,U0007923,V00013109,like,2026-08-19 10:32:41,1
INT0000002824,PLAY0000021810,U0011549,V00013427,like,2026-08-13 00:38:46,1
INT0000002825,PLAY0000021812,U0011173,V00003770,like,2026-05-02 12:46:52,1
INT0000002826,PLAY0000021818,U0008256,V00010392,like,2026-08-21 13:56:40,1
INT0000002827,PLAY0000021830,U0001887,V00014638,like,2026-08-26 15:09:42,1
INT0000002828,PLAY0000021832,U0009962,V00003525,favorite,2026-08-22 23:40:31,1
INT0000002829,PLAY0000021835,U0004070,V00005408,follow,2026-08-15 08:34:26,1
INT0000002830,PLAY0000021853,U0002427,V00014213,comment,2026-08-11 05:37:26,1
INT0000002831,PLAY0000021863,U0010532,V00010295,like,2026-08-18 18:33:24,1
INT0000002832,PLAY0000021869,U0009558,V00010517,like,2026-07-31 13:06:51,1
INT0000002833,PLAY0000021871,U0004441,V00014270,share,2026-08-28 14:21:33,1
INT0000002834,PLAY0000021872,U0011236,V00000688,favorite,2026-08-04 23:46:37,1
INT0000002835,PLAY0000021873,U0005542,V00001335,like,2026-05-24 21:13:11,1
INT0000002836,PLAY0000021885,U0000193,V00010325,comment,2026-08-04 02:23:03,1
INT0000002837,PLAY0000021910,U0000986,V00004462,comment,2026-07-30 21:46:24,1
INT0000002838,PLAY0000021911,U0010060,V00013423,like,2026-07-23 15:12:43,1
INT0000002839,PLAY0000021914,U0006193,V00008115,like,2026-08-04 12:37:07,1
INT0000002840,PLAY0000021917,U0000941,V00001043,share,2026-08-07 10:20:50,1
INT0000002841,PLAY0000021924,U0009494,V00012833,share,2026-04-05 22:36:49,1
INT0000002842,PLAY0000021925,U0010297,V00001482,like,2026-08-22 09:10:45,1
INT0000002843,PLAY0000021929,U0010784,V00010236,follow,2026-07-01 21:32:12,1
INT0000002844,PLAY0000021933,U0011740,V00010051,like,2026-08-17 06:37:04,1
INT0000002845,PLAY0000021941,U0009123,V00004003,like,2026-07-14 04:53:08,1
INT0000002846,PLAY0000021947,U0009744,V00005940,like,2026-08-26 16:51:28,1
INT0000002847,PLAY0000021954,U0002081,V00007677,like,2026-04-30 21:03:03,1
INT0000002848,PLAY0000021955,U0000397,V00012150,favorite,2026-04-11 04:53:35,1
INT0000002849,PLAY0000021956,U0003602,V00005819,share,2026-08-26 01:30:38,1
INT0000002850,PLAY0000021959,U0003897,V00014818,like,2026-08-18 12:19:45,1
INT0000002851,PLAY0000021960,U0010616,V00009217,like,2026-04-25 13:40:40,1
INT0000002852,PLAY0000021969,U0001879,V00005216,share,2026-08-18 09:09:38,1
INT0000002853,PLAY0000021976,U0008059,V00010207,like,2026-08-24 06:47:48,1
INT0000002854,PLAY0000021978,U0005323,V00010815,like,2026-06-15 11:58:35,1
INT0000002855,PLAY0000021993,U0002505,V00013543,follow,2026-05-19 19:27:20,1
INT0000002856,PLAY0000021995,U0010161,V00000583,like,2026-08-28 21:35:58,1
INT0000002857,PLAY0000022000,U0002988,V00008523,like,2026-07-31 07:15:11,1
INT0000002858,PLAY0000022002,U0007559,V00014239,follow,2026-08-06 16:26:36,1
INT0000002859,PLAY0000022012,U0009875,V00010151,like,2026-08-16 20:17:30,1
INT0000002860,PLAY0000022020,U0011527,V00010041,comment,2026-07-25 21:22:35,1
INT0000002861,PLAY0000022027,U0010092,V00009188,share,2026-08-14 11:04:24,1
INT0000002862,PLAY0000022029,U0002678,V00004602,share,2026-07-17 01:20:46,1
INT0000002863,PLAY0000022039,U0006290,V00002854,share,2026-08-24 16:03:05,1
INT0000002864,PLAY0000022061,U0009973,V00007080,like,2026-08-25 18:15:58,1
INT0000002865,PLAY0000022063,U0011783,V00007443,share,2026-07-26 02:53:29,1
INT0000002866,PLAY0000022073,U0005159,V00007316,favorite,2026-05-24 13:16:52,1
INT0000002867,PLAY0000022095,U0009749,V00006983,follow,2026-05-04 03:11:14,1
INT0000002868,PLAY0000022096,U0001108,V00010111,share,2026-08-23 04:20:03,1
INT0000002869,PLAY0000022105,U0002803,V00004157,like,2026-07-16 01:09:29,1
INT0000002870,PLAY0000022109,U0008728,V00000751,favorite,2026-06-28 07:51:08,1
INT0000002871,PLAY0000022113,U0010063,V00013317,like,2026-08-22 11:23:32,1
INT0000002872,PLAY0000022119,U0001898,V00007988,share,2026-07-02 21:37:37,1
INT0000002873,PLAY0000022126,U0001426,V00000079,comment,2026-05-11 20:08:01,1
INT0000002874,PLAY0000022129,U0007729,V00009318,like,2026-08-06 01:48:08,1
INT0000002875,PLAY0000022136,U0006004,V00014728,like,2026-08-24 13:57:34,1
INT0000002876,PLAY0000022144,U0010634,V00012414,favorite,2026-06-27 08:36:24,1
INT0000002877,PLAY0000022146,U0007439,V00007860,comment,2026-05-30 14:29:58,1
INT0000002878,PLAY0000022159,U0011720,V00010274,like,2026-06-11 14:52:03,1
INT0000002879,PLAY0000022163,U0002840,V00005221,like,2026-02-28 07:37:45,1
INT0000002880,PLAY0000022171,U0006606,V00005748,like,2026-06-05 18:35:54,1
INT0000002881,PLAY0000022172,U0000985,V00013590,like,2026-08-25 21:39:25,1
INT0000002882,PLAY0000022188,U0008010,V00008501,comment,2026-08-21 17:14:50,1
INT0000002883,PLAY0000022202,U0006885,V00000906,like,2026-08-25 09:27:27,1
INT0000002884,PLAY0000022223,U0011324,V00001875,favorite,2026-07-01 01:43:50,1
INT0000002885,PLAY0000022230,U0003600,V00002503,like,2026-08-24 17:27:16,1
INT0000002886,PLAY0000022239,U0009845,V00006519,like,2026-06-15 10:08:22,1
INT0000002887,PLAY0000022267,U0003240,V00007679,share,2026-08-12 12:48:58,1
INT0000002888,PLAY0000022269,U0000100,V00007430,like,2026-08-21 18:54:40,1
INT0000002889,PLAY0000022303,U0006717,V00002168,like,2026-07-29 03:23:44,1
INT0000002890,PLAY0000022305,U0010582,V00013758,like,2026-01-29 08:05:39,1
INT0000002891,PLAY0000022307,U0004918,V00012567,like,2026-08-19 23:15:26,1
INT0000002892,PLAY0000022308,U0004458,V00007846,comment,2026-07-08 15:57:57,1
INT0000002893,PLAY0000022313,U0007109,V00009949,follow,2026-08-15 04:10:41,1
INT0000002894,PLAY0000022318,U0005137,V00008246,comment,2026-08-28 22:07:06,1
INT0000002895,PLAY0000022330,U0001355,V00005983,share,2026-08-28 19:12:58,1
INT0000002896,PLAY0000022334,U0005819,V00010689,like,2026-08-23 22:05:04,1
INT0000002897,PLAY0000022338,U0002846,V00007388,like,2026-07-23 13:51:36,1
INT0000002898,PLAY0000022339,U0008343,V00004463,like,2026-02-14 21:47:55,1
INT0000002899,PLAY0000022343,U0000331,V00002559,share,2026-08-19 13:36:32,1
INT0000002900,PLAY0000022345,U0004257,V00002732,favorite,2026-08-10 12:35:02,1
INT0000002901,PLAY0000022350,U0010369,V00011052,like,2026-07-30 13:24:13,1
INT0000002902,PLAY0000022358,U0001374,V00005123,like,2026-08-23 00:49:12,1
INT0000002903,PLAY0000022370,U0006061,V00002098,favorite,2026-08-17 16:03:55,1
INT0000002904,PLAY0000022390,U0009012,V00013399,like,2026-07-01 19:42:21,1
INT0000002905,PLAY0000022399,U0007450,V00005301,like,2026-07-26 05:37:25,1
INT0000002906,PLAY0000022408,U0011819,V00014250,like,2026-08-26 12:18:22,1
INT0000002907,PLAY0000022414,U0010000,V00009811,like,2026-08-19 10:49:33,1
INT0000002908,PLAY0000022431,U0004499,V00013689,like,2026-08-17 15:53:08,1
INT0000002909,PLAY0000022442,U0007115,V00012228,like,2026-06-21 15:28:59,1
INT0000002910,PLAY0000022446,U0009631,V00014514,favorite,2026-04-24 13:10:13,1
INT0000002911,PLAY0000022449,U0001020,V00002313,like,2026-03-24 13:49:22,1
INT0000002912,PLAY0000022454,U0010835,V00013996,like,2026-07-16 18:45:57,1
INT0000002913,PLAY0000022459,U0009913,V00002385,share,2026-08-15 19:54:14,1
INT0000002914,PLAY0000022460,U0008191,V00006260,like,2026-02-19 08:04:22,1
INT0000002915,PLAY0000022466,U0007098,V00004086,comment,2026-07-04 00:27:19,1
INT0000002916,PLAY0000022470,U0002215,V00007157,like,2026-06-02 12:37:01,1
INT0000002917,PLAY0000022476,U0002593,V00009304,like,2026-05-07 18:06:14,1
INT0000002918,PLAY0000022477,U0007948,V00012350,share,2026-08-07 23:28:36,1
INT0000002919,PLAY0000022484,U0008258,V00010705,like,2026-06-20 18:42:19,1
INT0000002920,PLAY0000022485,U0005489,V00012284,follow,2026-05-23 12:54:51,1
INT0000002921,PLAY0000022514,U0011897,V00004245,like,2026-08-01 09:22:13,1
INT0000002922,PLAY0000022531,U0007999,V00000781,like,2026-07-30 17:58:02,1
INT0000002923,PLAY0000022533,U0001916,V00003197,comment,2026-04-25 23:19:12,1
INT0000002924,PLAY0000022542,U0009421,V00003142,follow,2026-08-27 13:33:29,1
INT0000002925,PLAY0000022546,U0008646,V00006087,comment,2026-05-18 10:39:45,1
INT0000002926,PLAY0000022549,U0004944,V00014880,share,2026-03-16 07:29:32,1
INT0000002927,PLAY0000022552,U0006905,V00014149,like,2026-08-23 21:57:46,1
INT0000002928,PLAY0000022560,U0006195,V00010791,share,2026-08-23 05:54:08,1
INT0000002929,PLAY0000022564,U0008417,V00003785,comment,2026-04-08 22:31:45,1
INT0000002930,PLAY0000022568,U0006481,V00003818,like,2026-08-27 02:54:05,1
INT0000002931,PLAY0000022573,U0009791,V00003664,like,2026-08-06 03:06:39,1
INT0000002932,PLAY0000022585,U0010961,V00014248,like,2026-06-29 15:22:57,1
INT0000002933,PLAY0000022608,U0005253,V00013923,comment,2026-04-17 19:47:44,1
INT0000002934,PLAY0000022612,U0001594,V00009754,like,2026-08-27 15:54:08,1
INT0000002935,PLAY0000022625,U0011509,V00012141,follow,2026-05-16 02:43:50,1
INT0000002936,PLAY0000022626,U0008562,V00008477,favorite,2026-08-20 02:38:37,1
INT0000002937,PLAY0000022632,U0011298,V00008988,like,2026-08-08 17:56:39,1
INT0000002938,PLAY0000022633,U0006041,V00008595,like,2026-04-06 22:39:31,1
INT0000002939,PLAY0000022636,U0008632,V00005202,follow,2026-08-09 07:42:09,1
INT0000002940,PLAY0000022646,U0010298,V00006097,share,2026-07-01 14:08:22,1
INT0000002941,PLAY0000022658,U0010882,V00011415,comment,2026-04-19 06:31:26,1
INT0000002942,PLAY0000022661,U0009846,V00014367,share,2026-07-09 04:55:50,1
INT0000002943,PLAY0000022674,U0003037,V00012778,like,2026-03-20 08:45:55,1
INT0000002944,PLAY0000022678,U0001454,V00011208,like,2026-08-27 01:13:40,1
INT0000002945,PLAY0000022685,U0011790,V00009325,share,2026-07-07 04:05:22,1
INT0000002946,PLAY0000022695,U0006695,V00004268,like,2026-07-26 22:55:07,1
INT0000002947,PLAY0000022700,U0009256,V00011517,like,2026-05-15 21:56:55,1
INT0000002948,PLAY0000022714,U0001218,V00000976,like,2026-08-24 00:18:10,1
INT0000002949,PLAY0000022738,U0008616,V00010868,like,2026-05-31 04:06:13,1
INT0000002950,PLAY0000022741,U0006928,V00009765,like,2026-08-19 20:39:40,1
INT0000002951,PLAY0000022749,U0004028,V00007437,like,2026-06-27 23:56:10,1
INT0000002952,PLAY0000022755,U0008068,V00008251,favorite,2026-08-08 00:21:39,1
INT0000002953,PLAY0000022756,U0000573,V00006323,comment,2026-04-16 01:51:31,1
INT0000002954,PLAY0000022757,U0005633,V00011453,like,2026-08-13 11:38:13,1
INT0000002955,PLAY0000022777,U0003305,V00014570,like,2026-08-11 05:57:05,1
INT0000002956,PLAY0000022779,U0008741,V00014846,like,2026-08-08 10:33:43,1
INT0000002957,PLAY0000022786,U0002882,V00005492,like,2026-08-23 14:58:06,1
INT0000002958,PLAY0000022793,U0007478,V00007309,like,2026-07-22 02:57:17,1
INT0000002959,PLAY0000022794,U0007668,V00008367,like,2026-06-25 07:19:45,1
INT0000002960,PLAY0000022795,U0002345,V00004040,favorite,2026-07-20 14:34:35,1
INT0000002961,PLAY0000022809,U0005338,V00007105,like,2026-06-23 00:43:55,1
INT0000002962,PLAY0000022824,U0008017,V00003335,favorite,2026-08-27 02:28:00,1
INT0000002963,PLAY0000022826,U0010337,V00010008,like,2026-07-01 07:29:46,1
INT0000002964,PLAY0000022832,U0008044,V00001949,like,2026-08-28 23:54:49,1
INT0000002965,PLAY0000022846,U0010885,V00013495,favorite,2026-03-29 22:31:45,1
INT0000002966,PLAY0000022849,U0002910,V00011421,comment,2026-06-01 17:21:24,1
INT0000002967,PLAY0000022863,U0006251,V00012662,like,2026-06-28 00:51:13,1
INT0000002968,PLAY0000022877,U0008999,V00010089,like,2026-08-28 07:58:11,1
INT0000002969,PLAY0000022908,U0009388,V00012609,share,2026-04-05 20:58:11,1
INT0000002970,PLAY0000022909,U0004134,V00013044,like,2026-07-23 18:16:03,1
INT0000002971,PLAY0000022914,U0007898,V00001622,like,2026-08-14 05:16:51,1
INT0000002972,PLAY0000022916,U0006955,V00008170,like,2026-04-09 16:08:26,1
INT0000002973,PLAY0000022919,U0000159,V00006622,like,2026-06-21 00:41:40,1
INT0000002974,PLAY0000022921,U0006326,V00008235,comment,2026-05-07 17:47:33,1
INT0000002975,PLAY0000022922,U0002079,V00011299,favorite,2026-07-07 04:25:15,1
INT0000002976,PLAY0000022926,U0002740,V00000803,like,2026-08-16 15:54:59,1
INT0000002977,PLAY0000022933,U0001271,V00002005,like,2026-08-10 08:06:57,1
INT0000002978,PLAY0000022940,U0000260,V00006009,like,2026-05-12 23:19:55,1
INT0000002979,PLAY0000022950,U0004223,V00009403,share,2026-06-19 16:06:58,1
INT0000002980,PLAY0000022958,U0006133,V00004525,like,2026-04-25 14:43:39,1
INT0000002981,PLAY0000022961,U0003837,V00007296,comment,2026-06-30 04:53:37,1
INT0000002982,PLAY0000022964,U0011694,V00001704,like,2026-08-27 21:11:48,1
INT0000002983,PLAY0000022974,U0005413,V00000845,like,2026-08-11 21:34:09,1
INT0000002984,PLAY0000022982,U0001472,V00002946,like,2026-06-29 19:11:47,1
INT0000002985,PLAY0000022983,U0004276,V00002670,share,2026-08-28 19:40:01,1
INT0000002986,PLAY0000022984,U0011666,V00002813,like,2026-05-13 13:13:25,1
INT0000002987,PLAY0000023008,U0002282,V00007212,like,2026-08-19 03:50:33,1
INT0000002988,PLAY0000023019,U0011623,V00009471,like,2026-08-15 00:30:23,1
INT0000002989,PLAY0000023021,U0007225,V00009487,like,2026-07-24 02:58:13,1
INT0000002990,PLAY0000023025,U0002548,V00000923,comment,2026-08-05 20:16:20,1
INT0000002991,PLAY0000023040,U0011346,V00007455,like,2026-06-26 10:54:24,1
INT0000002992,PLAY0000023048,U0002832,V00008582,favorite,2026-08-18 18:03:15,1
INT0000002993,PLAY0000023063,U0000340,V00002580,favorite,2026-07-13 21:25:40,1
INT0000002994,PLAY0000023067,U0009503,V00004423,share,2026-08-19 18:06:04,1
INT0000002995,PLAY0000023070,U0004041,V00001698,share,2026-06-25 12:55:08,1
INT0000002996,PLAY0000023073,U0007296,V00010504,like,2026-05-18 13:59:40,1
INT0000002997,PLAY0000023078,U0002508,V00011582,like,2026-05-15 01:23:47,1
INT0000002998,PLAY0000023086,U0001128,V00006833,like,2026-08-03 18:58:48,1
INT0000002999,PLAY0000023088,U0003138,V00005453,like,2026-08-11 22:15:19,1
INT0000003000,PLAY0000023098,U0002569,V00013657,follow,2026-06-30 14:40:14,1
INT0000003001,PLAY0000023107,U0002900,V00000440,like,2026-05-25 01:10:05,1
INT0000003002,PLAY0000023121,U0004365,V00012923,like,2026-08-13 09:50:36,1
INT0000003003,PLAY0000023122,U0009797,V00003457,share,2026-08-13 05:36:24,1
INT0000003004,PLAY0000023125,U0008232,V00009121,follow,2026-07-17 00:47:02,1
INT0000003005,PLAY0000023126,U0010936,V00011667,like,2026-08-28 23:55:08,1
INT0000003006,PLAY0000023127,U0004972,V00003325,like,2026-05-28 17:48:07,1
INT0000003007,PLAY0000023128,U0002702,V00000699,like,2026-07-19 23:07:21,1
INT0000003008,PLAY0000023138,U0004435,V00013746,like,2026-08-26 09:03:44,1
INT0000003009,PLAY0000023142,U0007515,V00007361,like,2026-08-07 13:18:03,1
INT0000003010,PLAY0000023149,U0007638,V00013052,like,2026-07-28 17:47:14,1
INT0000003011,PLAY0000023155,U0010980,V00002974,like,2026-05-27 14:19:25,1
INT0000003012,PLAY0000023159,U0004615,V00014890,like,2026-07-11 20:55:34,1
INT0000003013,PLAY0000023164,U0001434,V00001466,like,2026-07-24 22:33:27,1
INT0000003014,PLAY0000023174,U0006203,V00014957,comment,2026-06-22 01:16:23,1
INT0000003015,PLAY0000023180,U0002764,V00005627,like,2026-06-02 10:02:18,1
INT0000003016,PLAY0000023181,U0003737,V00007957,like,2026-08-27 17:57:06,1
INT0000003017,PLAY0000023188,U0010750,V00004558,like,2026-05-27 20:52:56,1
INT0000003018,PLAY0000023189,U0005687,V00012035,like,2026-08-08 20:32:16,1
INT0000003019,PLAY0000023194,U0007729,V00009190,comment,2026-02-22 13:03:17,1
INT0000003020,PLAY0000023195,U0009812,V00009404,favorite,2026-06-17 13:50:53,1
INT0000003021,PLAY0000023200,U0007738,V00010326,favorite,2026-06-11 11:21:23,1
INT0000003022,PLAY0000023206,U0009497,V00000802,like,2026-08-26 10:51:15,1
INT0000003023,PLAY0000023213,U0006593,V00009716,like,2026-08-11 13:58:18,1
INT0000003024,PLAY0000023219,U0001592,V00011017,comment,2026-07-12 14:57:16,1
INT0000003025,PLAY0000023230,U0007233,V00000916,comment,2026-05-12 14:05:48,1
INT0000003026,PLAY0000023238,U0001427,V00014664,like,2026-08-29 00:01:22,1
INT0000003027,PLAY0000023239,U0007112,V00010316,comment,2026-07-29 15:49:27,1
INT0000003028,PLAY0000023249,U0006288,V00009575,like,2026-08-08 16:43:21,1
INT0000003029,PLAY0000023250,U0011682,V00002656,like,2026-08-12 00:30:40,1
INT0000003030,PLAY0000023252,U0008937,V00011304,like,2026-07-25 03:25:15,1
INT0000003031,PLAY0000023256,U0008393,V00010581,like,2026-06-29 14:08:18,1
INT0000003032,PLAY0000023270,U0006312,V00006676,comment,2026-08-06 16:37:35,1
INT0000003033,PLAY0000023272,U0000976,V00009784,like,2026-08-13 00:08:46,1
INT0000003034,PLAY0000023276,U0009780,V00003179,like,2026-03-31 05:37:47,1
INT0000003035,PLAY0000023289,U0000176,V00010735,like,2026-08-27 13:26:04,1
INT0000003036,PLAY0000023293,U0000484,V00004528,favorite,2026-06-05 16:27:17,1
INT0000003037,PLAY0000023294,U0002484,V00012469,share,2026-08-04 20:48:00,1
INT0000003038,PLAY0000023295,U0001263,V00004680,like,2026-05-29 10:05:26,1
INT0000003039,PLAY0000023314,U0003390,V00001652,share,2026-07-24 04:43:15,1
INT0000003040,PLAY0000023317,U0003148,V00007611,like,2026-08-27 21:50:03,1
INT0000003041,PLAY0000023331,U0003389,V00012682,share,2026-02-03 13:45:00,1
INT0000003042,PLAY0000023333,U0004589,V00009964,comment,2026-04-26 03:27:03,1
INT0000003043,PLAY0000023336,U0000944,V00004703,like,2026-07-23 06:56:00,1
INT0000003044,PLAY0000023342,U0008960,V00013738,like,2026-06-30 01:44:19,1
INT0000003045,PLAY0000023346,U0008651,V00005070,comment,2026-08-21 23:20:36,1
INT0000003046,PLAY0000023353,U0007163,V00001921,like,2026-04-08 04:46:27,1
INT0000003047,PLAY0000023359,U0011374,V00008416,share,2026-06-14 23:17:23,1
INT0000003048,PLAY0000023369,U0005018,V00005976,follow,2026-05-13 02:34:38,1
INT0000003049,PLAY0000023371,U0000830,V00010687,like,2026-06-30 03:21:59,1
INT0000003050,PLAY0000023372,U0002957,V00014875,like,2026-03-08 06:04:38,1
INT0000003051,PLAY0000023381,U0010086,V00000518,like,2026-08-28 18:40:05,1
INT0000003052,PLAY0000023387,U0008769,V00007168,favorite,2026-08-11 06:05:48,1
INT0000003053,PLAY0000023391,U0005384,V00009441,like,2026-07-26 07:12:01,1
INT0000003054,PLAY0000023397,U0004717,V00010912,like,2026-04-29 07:59:46,1
INT0000003055,PLAY0000023403,U0008044,V00013350,like,2026-08-10 13:07:21,1
INT0000003056,PLAY0000023424,U0011991,V00003708,comment,2026-07-21 21:39:13,1
INT0000003057,PLAY0000023430,U0009568,V00006144,like,2026-07-03 03:34:12,1
INT0000003058,PLAY0000023446,U0006380,V00005793,like,2026-08-16 21:33:19,1
INT0000003059,PLAY0000023460,U0003233,V00003479,like,2026-04-30 07:48:46,1
INT0000003060,PLAY0000023464,U0008849,V00010329,favorite,2026-08-20 23:46:25,1
INT0000003061,PLAY0000023482,U0004443,V00006934,favorite,2026-08-02 02:23:04,1
INT0000003062,PLAY0000023488,U0002446,V00002758,share,2026-08-04 15:56:25,1
INT0000003063,PLAY0000023494,U0009640,V00014144,share,2026-07-17 14:19:46,1
INT0000003064,PLAY0000023495,U0005769,V00003034,share,2026-07-19 10:38:21,1
INT0000003065,PLAY0000023499,U0004319,V00000740,like,2026-06-25 17:23:31,1
INT0000003066,PLAY0000023504,U0007462,V00003864,like,2026-08-02 22:02:56,1
INT0000003067,PLAY0000023510,U0002184,V00003621,like,2026-04-27 12:59:45,1
INT0000003068,PLAY0000023514,U0005395,V00003509,like,2026-03-04 14:45:12,1
INT0000003069,PLAY0000023517,U0004078,V00010825,like,2026-04-15 17:23:47,1
INT0000003070,PLAY0000023521,U0004279,V00006293,comment,2026-02-15 05:03:19,1
INT0000003071,PLAY0000023523,U0010048,V00000817,favorite,2026-08-25 02:05:08,1
INT0000003072,PLAY0000023529,U0010112,V00001061,favorite,2026-08-25 08:03:16,1
INT0000003073,PLAY0000023540,U0005208,V00005684,like,2026-03-10 20:19:25,1
INT0000003074,PLAY0000023542,U0011888,V00003531,comment,2026-07-11 19:13:49,1
INT0000003075,PLAY0000023550,U0004339,V00005627,like,2026-07-25 17:10:58,1
INT0000003076,PLAY0000023560,U0006794,V00008515,like,2026-08-06 20:45:20,1
INT0000003077,PLAY0000023567,U0007549,V00002564,like,2026-08-04 01:27:20,1
INT0000003078,PLAY0000023575,U0007056,V00011892,like,2026-05-14 07:18:35,1
INT0000003079,PLAY0000023580,U0000726,V00006691,comment,2026-08-23 21:22:43,1
INT0000003080,PLAY0000023586,U0009345,V00010932,like,2026-07-01 23:50:43,1
INT0000003081,PLAY0000023587,U0002603,V00008031,like,2026-07-01 17:29:10,1
INT0000003082,PLAY0000023592,U0010186,V00014024,comment,2026-08-25 10:34:12,1
INT0000003083,PLAY0000023599,U0006051,V00003669,like,2026-06-13 13:02:37,1
INT0000003084,PLAY0000023605,U0009110,V00011338,share,2026-06-23 23:44:10,1
INT0000003085,PLAY0000023618,U0000178,V00008380,like,2026-07-08 23:38:29,1
INT0000003086,PLAY0000023622,U0010322,V00010733,favorite,2026-08-06 02:44:10,1
INT0000003087,PLAY0000023627,U0007678,V00000181,comment,2026-08-27 02:41:25,1
INT0000003088,PLAY0000023629,U0007948,V00006868,like,2026-07-13 18:49:56,1
INT0000003089,PLAY0000023632,U0003299,V00001631,like,2026-08-21 01:02:39,1
INT0000003090,PLAY0000023638,U0010581,V00013799,like,2026-07-15 08:00:02,1
INT0000003091,PLAY0000023670,U0010287,V00011100,like,2026-08-12 05:06:13,1
INT0000003092,PLAY0000023677,U0001572,V00006512,like,2026-05-15 16:27:44,1
INT0000003093,PLAY0000023682,U0001063,V00012113,follow,2026-08-17 05:46:58,1
INT0000003094,PLAY0000023693,U0000845,V00004711,favorite,2026-04-04 16:16:54,1
INT0000003095,PLAY0000023699,U0007379,V00002478,comment,2026-08-18 20:12:03,1
INT0000003096,PLAY0000023700,U0007229,V00001544,like,2026-06-20 20:06:59,1
INT0000003097,PLAY0000023710,U0003814,V00011318,comment,2026-08-26 09:38:06,1
INT0000003098,PLAY0000023711,U0002031,V00004274,favorite,2026-06-09 10:52:18,1
INT0000003099,PLAY0000023726,U0000338,V00005417,like,2026-08-25 07:12:10,1
INT0000003100,PLAY0000023734,U0008225,V00004779,comment,2026-03-25 01:29:36,1
INT0000003101,PLAY0000023749,U0003733,V00011391,like,2026-05-28 08:18:44,1
INT0000003102,PLAY0000023750,U0006634,V00007725,like,2026-07-02 06:56:30,1
INT0000003103,PLAY0000023762,U0002307,V00000258,like,2026-08-07 06:55:36,1
INT0000003104,PLAY0000023773,U0001268,V00009496,like,2026-07-26 09:36:16,1
INT0000003105,PLAY0000023777,U0004135,V00014000,like,2026-03-23 18:41:24,1
INT0000003106,PLAY0000023792,U0011434,V00009974,like,2026-06-28 13:08:56,1
INT0000003107,PLAY0000023793,U0005355,V00006500,like,2026-08-19 13:45:21,1
INT0000003108,PLAY0000023799,U0007838,V00003611,like,2026-06-24 20:54:45,1
INT0000003109,PLAY0000023810,U0000057,V00005110,share,2026-08-26 20:14:00,1
INT0000003110,PLAY0000023813,U0002016,V00009343,like,2026-07-02 15:24:03,1
INT0000003111,PLAY0000023834,U0011593,V00010863,follow,2026-07-22 16:55:22,1
INT0000003112,PLAY0000023836,U0001672,V00002813,like,2026-05-02 21:09:23,1
INT0000003113,PLAY0000023838,U0005642,V00011230,favorite,2026-03-25 10:32:04,1
INT0000003114,PLAY0000023839,U0005785,V00009994,share,2026-06-27 03:40:08,1
INT0000003115,PLAY0000023841,U0001396,V00005552,like,2026-08-28 16:29:06,1
INT0000003116,PLAY0000023842,U0009481,V00003734,like,2026-04-22 12:07:51,1
INT0000003117,PLAY0000023855,U0009077,V00014048,like,2026-08-24 08:07:32,1
INT0000003118,PLAY0000023869,U0006634,V00008947,like,2026-06-25 13:36:41,1
INT0000003119,PLAY0000023874,U0000436,V00003821,share,2026-08-04 01:17:02,1
INT0000003120,PLAY0000023876,U0008561,V00009706,comment,2026-07-26 01:37:03,1
INT0000003121,PLAY0000023878,U0008544,V00008757,like,2026-06-15 02:11:00,1
INT0000003122,PLAY0000023884,U0008555,V00012793,share,2026-07-08 14:12:17,1
INT0000003123,PLAY0000023903,U0004074,V00007401,like,2026-08-27 18:46:10,1
INT0000003124,PLAY0000023917,U0010437,V00004078,like,2026-07-10 07:21:38,1
INT0000003125,PLAY0000023930,U0010836,V00014518,like,2026-08-14 09:37:48,1
INT0000003126,PLAY0000023951,U0006701,V00011396,comment,2026-07-25 01:19:42,1
INT0000003127,PLAY0000023959,U0000117,V00013933,like,2026-07-20 01:44:05,1
INT0000003128,PLAY0000023968,U0003177,V00009706,favorite,2026-08-01 16:50:49,1
INT0000003129,PLAY0000023969,U0002697,V00005002,like,2026-07-18 18:28:31,1
INT0000003130,PLAY0000023981,U0000467,V00010814,like,2026-06-01 04:50:40,1
INT0000003131,PLAY0000024001,U0000978,V00000371,like,2026-03-28 05:33:34,1
INT0000003132,PLAY0000024002,U0003749,V00001665,like,2026-05-21 13:00:46,1
INT0000003133,PLAY0000024005,U0003609,V00005626,like,2026-07-09 14:57:34,1
INT0000003134,PLAY0000024020,U0008039,V00012354,like,2026-06-13 07:15:21,1
INT0000003135,PLAY0000024021,U0004777,V00012578,comment,2026-08-18 16:03:23,1
INT0000003136,PLAY0000024022,U0004795,V00011343,favorite,2026-04-15 14:28:14,1
INT0000003137,PLAY0000024025,U0003210,V00002454,like,2026-08-26 02:15:38,1
INT0000003138,PLAY0000024033,U0010138,V00006074,like,2026-03-20 03:25:06,1
INT0000003139,PLAY0000024034,U0002837,V00013428,like,2026-07-11 03:29:51,1
INT0000003140,PLAY0000024046,U0009727,V00004255,like,2026-08-27 04:25:32,1
INT0000003141,PLAY0000024051,U0007484,V00009311,follow,2026-08-20 05:08:27,1
INT0000003142,PLAY0000024054,U0005122,V00014841,like,2026-07-31 20:19:36,1
INT0000003143,PLAY0000024055,U0003539,V00004246,follow,2026-08-09 04:41:34,1
INT0000003144,PLAY0000024077,U0000032,V00006140,like,2026-04-17 03:41:36,1
INT0000003145,PLAY0000024079,U0010825,V00006741,comment,2026-07-06 19:26:31,1
INT0000003146,PLAY0000024080,U0001850,V00010620,follow,2026-08-25 23:21:51,1
INT0000003147,PLAY0000024089,U0005504,V00008583,favorite,2026-08-04 12:32:43,1
INT0000003148,PLAY0000024096,U0002187,V00010436,like,2026-04-10 09:08:58,1
INT0000003149,PLAY0000024113,U0005169,V00006805,like,2026-08-21 19:32:19,1
INT0000003150,PLAY0000024116,U0005007,V00004307,follow,2026-05-24 04:11:33,1
INT0000003151,PLAY0000024120,U0010383,V00006875,favorite,2026-08-13 11:49:48,1
INT0000003152,PLAY0000024122,U0004516,V00004321,like,2026-06-30 11:24:44,1
INT0000003153,PLAY0000024142,U0000910,V00009078,favorite,2026-08-25 04:17:20,1
INT0000003154,PLAY0000024144,U0011947,V00004921,like,2026-08-28 06:53:43,1
INT0000003155,PLAY0000024157,U0002594,V00002537,like,2026-05-17 12:10:33,1
INT0000003156,PLAY0000024160,U0002459,V00011006,like,2026-05-26 20:57:23,1
INT0000003157,PLAY0000024164,U0000025,V00008025,like,2026-06-26 19:36:43,1
INT0000003158,PLAY0000024166,U0000569,V00009383,like,2026-08-28 19:35:46,1
INT0000003159,PLAY0000024174,U0008253,V00006643,share,2026-08-08 00:53:38,1
INT0000003160,PLAY0000024179,U0005617,V00005943,favorite,2026-08-10 11:20:46,1
INT0000003161,PLAY0000024187,U0000215,V00001571,like,2026-04-12 11:53:54,1
INT0000003162,PLAY0000024205,U0005490,V00011268,like,2026-06-22 19:42:52,1
INT0000003163,PLAY0000024206,U0004932,V00003677,like,2026-07-03 04:41:42,1
INT0000003164,PLAY0000024216,U0005431,V00001231,like,2026-06-18 12:52:49,1
INT0000003165,PLAY0000024217,U0007219,V00011457,like,2026-02-21 14:55:10,1
INT0000003166,PLAY0000024219,U0004536,V00009426,like,2026-08-09 03:15:19,1
INT0000003167,PLAY0000024229,U0008328,V00012431,share,2026-08-28 22:16:02,1
INT0000003168,PLAY0000024233,U0004878,V00001989,like,2026-08-15 14:50:59,1
INT0000003169,PLAY0000024257,U0000713,V00002618,like,2026-08-28 10:58:57,1
INT0000003170,PLAY0000024259,U0005366,V00003386,like,2026-06-01 08:17:09,1
INT0000003171,PLAY0000024267,U0006853,V00014009,like,2026-03-27 16:06:32,1
INT0000003172,PLAY0000024271,U0005917,V00006752,like,2026-01-21 23:36:18,1
INT0000003173,PLAY0000024272,U0002345,V00001436,like,2026-08-09 13:37:03,1
INT0000003174,PLAY0000024277,U0003595,V00011739,like,2026-07-07 20:02:33,1
INT0000003175,PLAY0000024279,U0006244,V00011445,comment,2026-03-22 07:50:33,1
INT0000003176,PLAY0000024286,U0008527,V00006656,like,2026-02-23 14:11:03,1
INT0000003177,PLAY0000024300,U0011357,V00010352,like,2026-07-14 23:55:02,1
INT0000003178,PLAY0000024301,U0009250,V00002592,favorite,2026-08-16 16:31:55,1
INT0000003179,PLAY0000024311,U0010133,V00004798,like,2026-08-10 04:41:49,1
INT0000003180,PLAY0000024323,U0010529,V00011412,share,2026-07-05 16:37:02,1
INT0000003181,PLAY0000024340,U0005619,V00008974,like,2026-05-20 17:19:53,1
INT0000003182,PLAY0000024347,U0006692,V00010527,like,2026-04-18 09:47:54,1
INT0000003183,PLAY0000024359,U0011704,V00010515,like,2026-04-16 17:36:51,1
INT0000003184,PLAY0000024365,U0009056,V00014700,favorite,2026-08-18 17:35:57,1
INT0000003185,PLAY0000024390,U0006086,V00000007,comment,2026-06-21 18:19:22,1
INT0000003186,PLAY0000024398,U0001478,V00002672,follow,2026-07-22 18:51:37,1
INT0000003187,PLAY0000024411,U0003221,V00000496,like,2026-06-22 00:15:08,1
INT0000003188,PLAY0000024418,U0000155,V00006930,like,2026-08-09 00:43:52,1
INT0000003189,PLAY0000024420,U0003155,V00003658,comment,2026-08-26 18:07:20,1
INT0000003190,PLAY0000024421,U0010568,V00006647,favorite,2026-08-23 04:23:25,1
INT0000003191,PLAY0000024437,U0010423,V00010283,like,2026-08-27 18:24:52,1
INT0000003192,PLAY0000024444,U0006488,V00010886,like,2026-08-27 16:03:38,1
INT0000003193,PLAY0000024452,U0001008,V00008297,like,2026-08-28 15:56:29,1
INT0000003194,PLAY0000024458,U0006974,V00009676,follow,2026-08-12 17:42:59,1
INT0000003195,PLAY0000024471,U0000071,V00009923,comment,2026-07-07 03:53:50,1
INT0000003196,PLAY0000024482,U0002960,V00005909,comment,2026-03-07 10:40:46,1
INT0000003197,PLAY0000024486,U0005267,V00011404,favorite,2026-07-22 18:44:17,1
INT0000003198,PLAY0000024492,U0006703,V00011244,like,2026-06-22 17:51:08,1
INT0000003199,PLAY0000024499,U0004965,V00008571,like,2026-08-20 05:32:38,1
INT0000003200,PLAY0000024501,U0008524,V00004684,like,2026-08-04 15:06:39,1
INT0000003201,PLAY0000024508,U0009488,V00011905,like,2026-05-31 09:39:38,1
INT0000003202,PLAY0000024510,U0001826,V00011369,like,2026-03-30 03:05:52,1
INT0000003203,PLAY0000024516,U0009904,V00010742,share,2026-07-03 22:30:08,1
INT0000003204,PLAY0000024535,U0001865,V00011233,like,2026-08-11 14:14:07,1
INT0000003205,PLAY0000024570,U0011253,V00011189,like,2026-08-12 20:05:34,1
INT0000003206,PLAY0000024571,U0006144,V00012642,like,2026-04-16 05:39:08,1
INT0000003207,PLAY0000024572,U0008910,V00014758,like,2026-08-28 18:12:42,1
INT0000003208,PLAY0000024581,U0006338,V00013078,like,2026-08-18 00:04:21,1
INT0000003209,PLAY0000024583,U0002773,V00001900,like,2026-08-28 11:41:19,1
INT0000003210,PLAY0000024596,U0010416,V00000033,like,2026-05-25 16:56:23,1
INT0000003211,PLAY0000024597,U0003107,V00010914,share,2026-08-04 21:42:02,1
INT0000003212,PLAY0000024602,U0007679,V00010904,follow,2026-07-22 18:04:36,1
INT0000003213,PLAY0000024607,U0006106,V00004020,like,2026-05-10 19:19:38,1
INT0000003214,PLAY0000024617,U0006621,V00012539,like,2026-07-19 18:16:59,1
INT0000003215,PLAY0000024618,U0009244,V00002529,like,2026-07-21 06:27:06,1
INT0000003216,PLAY0000024620,U0008186,V00006983,like,2026-07-08 05:23:35,1
INT0000003217,PLAY0000024622,U0007617,V00012146,like,2026-07-30 00:12:21,1
INT0000003218,PLAY0000024642,U0001959,V00005525,like,2026-08-15 10:15:45,1
INT0000003219,PLAY0000024650,U0006528,V00014454,like,2026-06-24 19:50:50,1
INT0000003220,PLAY0000024651,U0003247,V00006201,comment,2026-07-06 18:34:10,1
INT0000003221,PLAY0000024667,U0009958,V00006024,comment,2026-06-25 08:46:29,1
INT0000003222,PLAY0000024673,U0002353,V00000015,like,2026-06-09 23:41:52,1
INT0000003223,PLAY0000024722,U0005226,V00012947,share,2026-08-27 15:49:48,1
INT0000003224,PLAY0000024725,U0003521,V00006503,like,2026-02-22 00:33:59,1
INT0000003225,PLAY0000024746,U0003675,V00011596,favorite,2026-08-19 22:47:58,1
INT0000003226,PLAY0000024751,U0004166,V00009045,like,2026-02-01 02:44:00,1
INT0000003227,PLAY0000024753,U0007527,V00010670,like,2026-07-11 04:52:15,1
INT0000003228,PLAY0000024771,U0001960,V00007176,like,2026-08-16 18:22:49,1
INT0000003229,PLAY0000024772,U0000989,V00012609,favorite,2026-06-05 13:24:10,1
INT0000003230,PLAY0000024778,U0009324,V00001024,share,2026-06-07 18:56:38,1
INT0000003231,PLAY0000024787,U0006414,V00002097,like,2026-07-29 17:58:39,1
INT0000003232,PLAY0000024791,U0002944,V00004753,like,2026-08-08 18:41:43,1
INT0000003233,PLAY0000024797,U0003393,V00004272,comment,2026-08-19 11:59:02,1
INT0000003234,PLAY0000024799,U0003758,V00013850,share,2026-06-17 12:57:17,1
INT0000003235,PLAY0000024800,U0008811,V00008780,like,2026-08-09 16:23:16,1
INT0000003236,PLAY0000024811,U0007594,V00009376,favorite,2026-05-08 03:28:36,1
INT0000003237,PLAY0000024820,U0006215,V00009657,like,2026-08-16 13:28:24,1
INT0000003238,PLAY0000024824,U0001606,V00011049,like,2026-08-14 00:28:55,1
INT0000003239,PLAY0000024828,U0008908,V00007438,like,2026-07-24 12:26:13,1
INT0000003240,PLAY0000024837,U0009869,V00014711,share,2026-04-13 08:31:54,1
INT0000003241,PLAY0000024840,U0001735,V00007555,like,2026-07-07 16:14:11,1
INT0000003242,PLAY0000024844,U0000233,V00003175,like,2026-05-26 05:23:31,1
INT0000003243,PLAY0000024852,U0001641,V00010343,like,2026-05-24 06:38:30,1
INT0000003244,PLAY0000024861,U0002040,V00006557,like,2026-07-20 04:10:59,1
INT0000003245,PLAY0000024873,U0004092,V00012831,share,2026-08-08 10:47:08,1
INT0000003246,PLAY0000024885,U0007097,V00012734,like,2026-04-04 22:38:29,1
INT0000003247,PLAY0000024888,U0007976,V00008102,favorite,2026-03-03 18:49:56,1
INT0000003248,PLAY0000024905,U0005451,V00011679,like,2026-03-13 22:14:10,1
INT0000003249,PLAY0000024928,U0004771,V00010334,favorite,2026-08-27 19:25:16,1
INT0000003250,PLAY0000024931,U0007017,V00011278,comment,2026-08-20 05:00:16,1
INT0000003251,PLAY0000024932,U0003496,V00011984,favorite,2026-08-24 10:48:08,1
INT0000003252,PLAY0000024935,U0005025,V00012024,like,2026-08-08 02:50:11,1
INT0000003253,PLAY0000024940,U0002692,V00010948,share,2026-07-29 23:25:53,1
INT0000003254,PLAY0000024951,U0011597,V00013606,share,2026-08-12 14:46:47,1
INT0000003255,PLAY0000024957,U0004349,V00008396,like,2026-08-19 12:36:12,1
INT0000003256,PLAY0000024963,U0000385,V00007766,favorite,2026-07-30 00:39:11,1
INT0000003257,PLAY0000024984,U0006830,V00004022,like,2026-08-27 20:05:52,1
INT0000003258,PLAY0000024993,U0009557,V00006071,like,2026-05-01 12:02:03,1
INT0000003259,PLAY0000025001,U0005184,V00003956,like,2026-08-28 22:13:27,1
INT0000003260,PLAY0000025028,U0008691,V00012192,like,2026-08-06 06:07:29,1
INT0000003261,PLAY0000025032,U0004122,V00001180,comment,2026-08-11 19:28:49,1
INT0000003262,PLAY0000025044,U0007173,V00004345,like,2026-08-28 16:20:21,1
INT0000003263,PLAY0000025047,U0009029,V00005320,like,2026-02-17 12:03:30,1
INT0000003264,PLAY0000025075,U0000082,V00009907,like,2026-07-28 22:13:40,1
INT0000003265,PLAY0000025086,U0004882,V00012985,like,2026-07-11 18:49:18,1
INT0000003266,PLAY0000025087,U0007545,V00001999,favorite,2026-08-22 03:31:13,1
INT0000003267,PLAY0000025101,U0008852,V00002077,comment,2026-07-08 08:45:27,1
INT0000003268,PLAY0000025106,U0000009,V00009291,comment,2026-04-30 21:49:23,1
INT0000003269,PLAY0000025109,U0006714,V00011737,like,2026-08-05 18:08:18,1
INT0000003270,PLAY0000025117,U0005888,V00006077,like,2026-05-05 21:17:39,1
INT0000003271,PLAY0000025119,U0002432,V00003496,like,2026-07-28 04:34:47,1
INT0000003272,PLAY0000025121,U0007413,V00003051,like,2026-08-16 12:26:05,1
INT0000003273,PLAY0000025126,U0000083,V00002614,like,2026-06-25 03:10:47,1
INT0000003274,PLAY0000025127,U0008952,V00008515,share,2026-07-31 03:48:25,1
INT0000003275,PLAY0000025129,U0007052,V00000841,like,2026-06-19 19:00:03,1
INT0000003276,PLAY0000025131,U0006566,V00012517,like,2026-08-23 06:42:11,1
INT0000003277,PLAY0000025132,U0006729,V00011099,comment,2026-08-09 11:12:36,1
INT0000003278,PLAY0000025135,U0001621,V00002977,like,2026-08-27 19:07:15,1
INT0000003279,PLAY0000025142,U0001671,V00007105,comment,2026-05-21 19:51:54,1
INT0000003280,PLAY0000025148,U0009837,V00004090,comment,2026-08-28 12:45:20,1
INT0000003281,PLAY0000025152,U0000141,V00007005,like,2026-08-23 02:40:00,1
INT0000003282,PLAY0000025164,U0005726,V00000971,favorite,2026-08-01 11:55:05,1
INT0000003283,PLAY0000025175,U0002309,V00013875,like,2026-07-30 06:32:06,1
INT0000003284,PLAY0000025193,U0003472,V00011949,comment,2026-06-26 11:38:11,1
INT0000003285,PLAY0000025194,U0010539,V00014599,like,2026-06-24 19:37:28,1
INT0000003286,PLAY0000025195,U0003698,V00001721,share,2026-04-01 19:40:01,1
INT0000003287,PLAY0000025205,U0001821,V00001807,share,2026-08-13 19:05:38,1
INT0000003288,PLAY0000025207,U0002131,V00004538,like,2026-04-18 06:43:33,1
INT0000003289,PLAY0000025208,U0009860,V00011984,like,2026-08-26 21:19:38,1
INT0000003290,PLAY0000025226,U0002990,V00009219,like,2026-06-29 21:15:20,1
INT0000003291,PLAY0000025230,U0008727,V00003022,like,2026-07-27 22:16:58,1
INT0000003292,PLAY0000025239,U0000715,V00003551,comment,2026-08-24 16:33:15,1
INT0000003293,PLAY0000025242,U0011249,V00014580,like,2026-07-15 11:00:10,1
INT0000003294,PLAY0000025244,U0008101,V00008870,like,2026-06-21 17:11:35,1
INT0000003295,PLAY0000025251,U0005502,V00007946,like,2026-06-17 11:21:11,1
INT0000003296,PLAY0000025257,U0005256,V00000130,share,2026-08-25 22:20:59,1
INT0000003297,PLAY0000025260,U0000968,V00013862,like,2026-08-05 20:50:37,1
INT0000003298,PLAY0000025269,U0003016,V00006758,comment,2026-08-24 12:11:51,1
INT0000003299,PLAY0000025284,U0005821,V00009814,like,2026-08-28 04:45:15,1
INT0000003300,PLAY0000025299,U0008093,V00008154,favorite,2026-07-30 16:05:56,1
INT0000003301,PLAY0000025362,U0009432,V00010487,like,2026-08-02 19:13:46,1
INT0000003302,PLAY0000025365,U0001737,V00002373,like,2026-08-20 14:02:37,1
INT0000003303,PLAY0000025369,U0010331,V00001443,favorite,2026-02-24 05:05:40,1
INT0000003304,PLAY0000025370,U0002172,V00009777,like,2026-08-18 02:57:11,1
INT0000003305,PLAY0000025372,U0008231,V00008230,like,2026-05-30 23:23:56,1
INT0000003306,PLAY0000025373,U0010049,V00001900,like,2026-08-24 04:28:51,1
INT0000003307,PLAY0000025379,U0003406,V00007192,like,2026-06-26 12:57:36,1
INT0000003308,PLAY0000025381,U0011216,V00007592,like,2026-01-02 13:22:03,1
INT0000003309,PLAY0000025382,U0001551,V00012223,like,2026-07-07 22:41:18,1
INT0000003310,PLAY0000025384,U0001435,V00010691,share,2026-08-24 22:20:54,1
INT0000003311,PLAY0000025388,U0003956,V00005748,like,2026-06-05 21:55:57,1
INT0000003312,PLAY0000025399,U0004997,V00010880,like,2026-08-24 17:45:25,1
INT0000003313,PLAY0000025408,U0004536,V00008648,comment,2026-07-04 08:50:42,1
INT0000003314,PLAY0000025411,U0003538,V00014467,like,2026-05-02 23:55:13,1
INT0000003315,PLAY0000025412,U0001212,V00013440,favorite,2026-08-26 01:08:44,1
INT0000003316,PLAY0000025424,U0004210,V00000534,like,2026-08-20 17:56:22,1
INT0000003317,PLAY0000025436,U0011625,V00009208,like,2026-07-18 11:33:57,1
INT0000003318,PLAY0000025437,U0005689,V00011846,comment,2026-08-26 08:03:37,1
INT0000003319,PLAY0000025440,U0003943,V00001138,like,2026-06-01 03:43:35,1
INT0000003320,PLAY0000025441,U0009188,V00006385,like,2026-08-06 15:52:16,1
INT0000003321,PLAY0000025451,U0001463,V00012867,share,2026-08-05 20:17:59,1
INT0000003322,PLAY0000025452,U0008589,V00012620,like,2026-06-15 09:20:50,1
INT0000003323,PLAY0000025459,U0008330,V00012877,like,2026-08-22 20:09:59,1
INT0000003324,PLAY0000025475,U0003702,V00010320,follow,2026-04-20 01:22:55,1
INT0000003325,PLAY0000025499,U0004535,V00004350,share,2026-08-03 19:38:08,1
INT0000003326,PLAY0000025506,U0002871,V00010784,like,2026-07-06 08:32:48,1
INT0000003327,PLAY0000025509,U0010733,V00012547,favorite,2026-08-22 09:06:38,1
INT0000003328,PLAY0000025514,U0007023,V00008752,like,2026-03-27 05:01:07,1
INT0000003329,PLAY0000025525,U0001554,V00009113,favorite,2026-07-25 13:02:18,1
INT0000003330,PLAY0000025526,U0011339,V00003970,like,2026-08-26 02:51:36,1
INT0000003331,PLAY0000025527,U0008736,V00013625,like,2026-08-26 11:06:07,1
INT0000003332,PLAY0000025530,U0005044,V00007054,like,2026-06-10 09:52:53,1
INT0000003333,PLAY0000025541,U0009275,V00004416,like,2026-06-06 02:38:26,1
INT0000003334,PLAY0000025545,U0007747,V00002950,favorite,2026-02-09 13:59:22,1
INT0000003335,PLAY0000025572,U0000869,V00006495,like,2026-04-27 11:41:55,1
INT0000003336,PLAY0000025588,U0002938,V00007651,like,2026-08-01 23:06:13,1
INT0000003337,PLAY0000025598,U0003633,V00000472,like,2026-07-03 21:14:29,1
INT0000003338,PLAY0000025600,U0004241,V00011497,comment,2026-07-01 05:52:57,1
INT0000003339,PLAY0000025604,U0000031,V00009418,like,2026-07-30 07:45:18,1
INT0000003340,PLAY0000025611,U0004668,V00004522,like,2026-06-24 23:50:15,1
INT0000003341,PLAY0000025613,U0006311,V00005308,like,2026-05-10 18:13:22,1
INT0000003342,PLAY0000025618,U0004850,V00005905,like,2026-06-25 11:57:07,1
INT0000003343,PLAY0000025621,U0005335,V00006592,follow,2026-08-08 15:33:39,1
INT0000003344,PLAY0000025622,U0001606,V00014191,like,2026-05-18 11:05:13,1
INT0000003345,PLAY0000025643,U0006938,V00010600,follow,2026-08-06 17:46:43,1
INT0000003346,PLAY0000025668,U0004399,V00001949,comment,2026-08-27 23:12:03,1
INT0000003347,PLAY0000025689,U0009049,V00012062,like,2026-07-29 17:01:01,1
INT0000003348,PLAY0000025692,U0010230,V00013637,like,2026-05-02 12:33:03,1
INT0000003349,PLAY0000025708,U0007969,V00002871,like,2026-08-13 14:03:45,1
INT0000003350,PLAY0000025742,U0005013,V00000726,like,2026-08-14 20:03:14,1
INT0000003351,PLAY0000025744,U0005798,V00002151,favorite,2026-08-11 23:21:08,1
INT0000003352,PLAY0000025751,U0007828,V00009905,favorite,2026-07-12 20:04:47,1
INT0000003353,PLAY0000025754,U0009819,V00007706,comment,2026-03-18 13:45:04,1
INT0000003354,PLAY0000025756,U0004678,V00000119,comment,2026-08-19 22:58:37,1
INT0000003355,PLAY0000025758,U0010283,V00010436,like,2026-08-13 07:29:27,1
INT0000003356,PLAY0000025768,U0002746,V00013521,like,2026-08-26 22:53:29,1
INT0000003357,PLAY0000025786,U0002520,V00002976,share,2026-07-24 11:26:10,1
INT0000003358,PLAY0000025791,U0008681,V00011192,like,2026-05-21 02:52:24,1
INT0000003359,PLAY0000025792,U0001354,V00002147,favorite,2026-05-20 03:30:08,1
INT0000003360,PLAY0000025799,U0008983,V00010143,favorite,2026-08-13 08:12:03,1
INT0000003361,PLAY0000025802,U0001004,V00001735,comment,2026-07-16 01:02:45,1
INT0000003362,PLAY0000025805,U0006435,V00005610,like,2026-07-03 13:12:30,1
INT0000003363,PLAY0000025807,U0009630,V00005427,like,2026-07-03 08:50:11,1
INT0000003364,PLAY0000025811,U0010647,V00005710,like,2026-08-27 00:24:20,1
INT0000003365,PLAY0000025822,U0007866,V00000294,like,2026-06-19 01:12:40,1
INT0000003366,PLAY0000025824,U0004448,V00014597,like,2026-07-11 06:28:09,1
INT0000003367,PLAY0000025833,U0010859,V00007058,like,2026-08-07 20:35:21,1
INT0000003368,PLAY0000025834,U0003540,V00012424,follow,2026-08-26 02:24:42,1
INT0000003369,PLAY0000025842,U0009039,V00013296,comment,2026-06-18 19:11:53,1
INT0000003370,PLAY0000025848,U0002909,V00000803,like,2026-08-09 06:16:04,1
INT0000003371,PLAY0000025876,U0001858,V00003568,share,2026-08-22 06:21:08,1
INT0000003372,PLAY0000025885,U0004378,V00012130,follow,2026-05-09 09:49:17,1
INT0000003373,PLAY0000025886,U0001178,V00002801,like,2026-07-30 14:55:58,1
INT0000003374,PLAY0000025892,U0009152,V00009174,comment,2026-02-20 07:24:01,1
INT0000003375,PLAY0000025910,U0005922,V00014664,like,2026-08-29 00:02:03,1
INT0000003376,PLAY0000025914,U0009872,V00002831,favorite,2026-06-08 08:59:14,1
INT0000003377,PLAY0000025928,U0005537,V00001226,comment,2026-05-19 19:11:07,1
INT0000003378,PLAY0000025933,U0009742,V00008948,like,2026-04-10 03:08:51,1
INT0000003379,PLAY0000025941,U0005161,V00007598,like,2026-05-14 00:29:47,1
INT0000003380,PLAY0000025945,U0005496,V00014517,share,2026-05-21 07:45:56,1
INT0000003381,PLAY0000025954,U0003631,V00011014,like,2026-05-30 04:40:32,1
INT0000003382,PLAY0000025963,U0011673,V00012986,comment,2026-08-05 21:04:30,1
INT0000003383,PLAY0000025965,U0010637,V00004328,favorite,2026-07-08 00:21:25,1
INT0000003384,PLAY0000025968,U0000750,V00009282,like,2026-05-07 02:54:53,1
INT0000003385,PLAY0000025981,U0009383,V00008704,share,2026-08-04 11:32:29,1
INT0000003386,PLAY0000025982,U0007265,V00000772,like,2026-05-19 06:49:52,1
INT0000003387,PLAY0000025989,U0002830,V00001218,favorite,2026-02-09 00:29:24,1
INT0000003388,PLAY0000026016,U0010001,V00003033,like,2026-07-15 02:12:15,1
INT0000003389,PLAY0000026037,U0009250,V00004775,like,2026-04-26 11:47:07,1
INT0000003390,PLAY0000026055,U0009570,V00008490,share,2026-08-28 13:39:48,1
INT0000003391,PLAY0000026063,U0003101,V00013741,like,2026-08-01 06:07:00,1
INT0000003392,PLAY0000026064,U0008696,V00005002,follow,2026-07-17 08:03:55,1
INT0000003393,PLAY0000026071,U0003421,V00011631,like,2026-05-28 17:43:38,1
INT0000003394,PLAY0000026083,U0000620,V00011651,like,2026-07-12 17:26:55,1
INT0000003395,PLAY0000026086,U0003421,V00002704,like,2026-07-12 18:40:47,1
INT0000003396,PLAY0000026092,U0011731,V00006928,like,2026-08-20 12:45:11,1
INT0000003397,PLAY0000026095,U0009544,V00003733,like,2026-03-24 06:03:39,1
INT0000003398,PLAY0000026098,U0005814,V00009778,favorite,2026-08-21 06:10:26,1
INT0000003399,PLAY0000026103,U0002656,V00007583,like,2026-03-20 22:24:49,1
INT0000003400,PLAY0000026104,U0007924,V00013898,comment,2026-08-14 06:22:06,1
INT0000003401,PLAY0000026111,U0009719,V00011651,like,2026-06-17 23:07:11,1
INT0000003402,PLAY0000026114,U0011110,V00009779,like,2026-07-12 04:54:25,1
INT0000003403,PLAY0000026121,U0003110,V00000577,like,2026-08-08 09:56:49,1
INT0000003404,PLAY0000026128,U0007207,V00005599,share,2026-08-13 23:45:54,1
INT0000003405,PLAY0000026138,U0001340,V00000966,share,2026-08-09 02:31:40,1
INT0000003406,PLAY0000026145,U0006985,V00007213,follow,2026-08-26 13:34:47,1
INT0000003407,PLAY0000026149,U0004139,V00000803,like,2026-07-31 16:36:30,1
INT0000003408,PLAY0000026156,U0006950,V00005341,share,2026-08-27 15:12:47,1
INT0000003409,PLAY0000026160,U0003046,V00007039,like,2026-08-08 13:51:05,1
INT0000003410,PLAY0000026161,U0001851,V00002893,like,2026-08-24 02:45:31,1
INT0000003411,PLAY0000026173,U0010158,V00012911,like,2026-04-09 18:56:21,1
INT0000003412,PLAY0000026176,U0008364,V00006545,like,2026-08-21 23:19:32,1
INT0000003413,PLAY0000026177,U0007584,V00004565,like,2026-07-30 06:32:32,1
INT0000003414,PLAY0000026181,U0008489,V00008186,share,2026-06-26 01:47:00,1
INT0000003415,PLAY0000026182,U0009859,V00009316,share,2026-08-20 15:10:36,1
INT0000003416,PLAY0000026186,U0005821,V00013145,favorite,2026-08-03 13:47:36,1
INT0000003417,PLAY0000026198,U0000837,V00002336,like,2026-08-08 09:19:34,1
INT0000003418,PLAY0000026206,U0007829,V00006891,share,2026-01-18 06:29:25,1
INT0000003419,PLAY0000026214,U0005749,V00009009,like,2026-08-27 12:00:34,1
INT0000003420,PLAY0000026215,U0003994,V00006276,like,2026-08-08 19:18:24,1
INT0000003421,PLAY0000026218,U0005376,V00013122,like,2026-08-01 08:58:15,1
INT0000003422,PLAY0000026229,U0011740,V00005344,like,2026-05-22 17:08:59,1
INT0000003423,PLAY0000026240,U0004139,V00012503,comment,2026-06-16 09:27:02,1
INT0000003424,PLAY0000026242,U0003048,V00014660,like,2026-06-06 21:25:38,1
INT0000003425,PLAY0000026280,U0011747,V00002448,follow,2026-08-25 00:16:29,1
INT0000003426,PLAY0000026290,U0008300,V00013342,favorite,2026-07-03 09:41:32,1
INT0000003427,PLAY0000026306,U0006655,V00003411,favorite,2026-06-07 09:23:33,1
INT0000003428,PLAY0000026315,U0000289,V00004986,like,2026-06-13 14:59:52,1
INT0000003429,PLAY0000026317,U0002589,V00011253,comment,2026-08-24 15:38:25,1
INT0000003430,PLAY0000026344,U0001117,V00010911,like,2026-08-24 06:44:08,1
INT0000003431,PLAY0000026354,U0002289,V00001100,like,2026-08-23 13:03:19,1
INT0000003432,PLAY0000026356,U0009327,V00013497,like,2026-08-08 21:22:07,1
INT0000003433,PLAY0000026359,U0001776,V00011906,like,2026-07-15 02:01:29,1
INT0000003434,PLAY0000026363,U0008820,V00002343,like,2026-08-20 15:26:36,1
INT0000003435,PLAY0000026367,U0007727,V00005404,like,2026-07-08 16:36:54,1
INT0000003436,PLAY0000026373,U0010507,V00013929,like,2026-04-22 08:27:44,1
INT0000003437,PLAY0000026391,U0005637,V00012192,like,2026-07-11 03:58:51,1
INT0000003438,PLAY0000026396,U0010449,V00002972,share,2026-04-03 23:46:33,1
INT0000003439,PLAY0000026410,U0008193,V00007973,share,2026-05-15 17:59:54,1
INT0000003440,PLAY0000026413,U0000571,V00006425,like,2026-08-20 14:26:20,1
INT0000003441,PLAY0000026415,U0008260,V00010759,like,2026-08-13 15:51:52,1
INT0000003442,PLAY0000026420,U0007075,V00014028,share,2026-06-16 18:01:08,1
INT0000003443,PLAY0000026421,U0004165,V00012479,like,2026-08-02 18:10:19,1
INT0000003444,PLAY0000026425,U0009946,V00013734,like,2026-06-09 06:26:17,1
INT0000003445,PLAY0000026433,U0006675,V00012815,share,2026-07-23 10:56:20,1
INT0000003446,PLAY0000026436,U0000218,V00013005,like,2026-08-26 07:00:05,1
INT0000003447,PLAY0000026445,U0007080,V00000558,comment,2026-03-21 08:08:57,1
INT0000003448,PLAY0000026457,U0009301,V00003367,like,2026-06-08 20:49:26,1
INT0000003449,PLAY0000026462,U0010530,V00004212,favorite,2026-05-10 22:46:51,1
INT0000003450,PLAY0000026463,U0009050,V00010124,like,2026-06-04 06:02:30,1
INT0000003451,PLAY0000026467,U0000146,V00000666,like,2026-06-06 23:55:00,1
INT0000003452,PLAY0000026470,U0004331,V00002858,share,2026-06-05 04:56:39,1
INT0000003453,PLAY0000026485,U0006791,V00001267,like,2026-08-01 09:01:17,1
INT0000003454,PLAY0000026491,U0004281,V00012039,comment,2026-07-25 13:52:04,1
INT0000003455,PLAY0000026495,U0007188,V00006341,favorite,2026-05-01 09:32:01,1
INT0000003456,PLAY0000026500,U0011982,V00013228,share,2026-06-18 23:50:36,1
INT0000003457,PLAY0000026502,U0006446,V00002452,like,2026-08-18 14:44:04,1
INT0000003458,PLAY0000026506,U0008982,V00013597,like,2026-04-16 06:27:25,1
INT0000003459,PLAY0000026508,U0009983,V00009951,follow,2026-03-15 22:37:09,1
INT0000003460,PLAY0000026527,U0001617,V00001588,like,2026-07-13 02:04:40,1
INT0000003461,PLAY0000026529,U0011760,V00001260,favorite,2026-08-07 09:48:15,1
INT0000003462,PLAY0000026530,U0005328,V00014697,like,2026-08-12 13:41:27,1
INT0000003463,PLAY0000026531,U0008341,V00008187,like,2026-04-19 00:28:47,1
INT0000003464,PLAY0000026532,U0005574,V00005344,like,2026-07-05 01:36:45,1
INT0000003465,PLAY0000026536,U0002751,V00006374,like,2026-06-08 12:17:55,1
INT0000003466,PLAY0000026540,U0006077,V00005382,like,2026-05-15 22:10:13,1
INT0000003467,PLAY0000026541,U0002808,V00004589,share,2026-04-05 09:26:05,1
INT0000003468,PLAY0000026543,U0000923,V00011711,share,2026-08-28 17:10:33,1
INT0000003469,PLAY0000026550,U0011525,V00001246,comment,2026-08-26 04:51:39,1
INT0000003470,PLAY0000026553,U0002518,V00002503,like,2026-08-26 19:27:22,1
INT0000003471,PLAY0000026571,U0005681,V00004410,like,2026-08-12 05:44:09,1
INT0000003472,PLAY0000026582,U0008397,V00014248,like,2026-08-12 14:05:00,1
INT0000003473,PLAY0000026588,U0002479,V00005462,favorite,2026-08-22 15:14:04,1
INT0000003474,PLAY0000026597,U0004803,V00013823,comment,2026-07-17 20:47:40,1
INT0000003475,PLAY0000026611,U0003876,V00009811,favorite,2026-08-02 03:48:01,1
INT0000003476,PLAY0000026613,U0005396,V00007615,comment,2026-07-06 04:03:27,1
INT0000003477,PLAY0000026614,U0007346,V00007338,like,2026-08-28 22:01:02,1
INT0000003478,PLAY0000026622,U0007995,V00003131,favorite,2026-06-19 05:09:19,1
INT0000003479,PLAY0000026635,U0010083,V00010980,like,2026-08-11 03:57:26,1
INT0000003480,PLAY0000026647,U0002922,V00002245,comment,2026-07-08 18:14:27,1
INT0000003481,PLAY0000026652,U0004965,V00014249,like,2026-08-20 09:41:13,1
INT0000003482,PLAY0000026653,U0006779,V00002496,like,2026-08-26 21:42:23,1
INT0000003483,PLAY0000026668,U0010203,V00001458,like,2026-08-24 16:50:59,1
INT0000003484,PLAY0000026671,U0007818,V00005984,comment,2026-05-24 22:28:23,1
INT0000003485,PLAY0000026674,U0001633,V00009326,favorite,2026-08-18 06:55:03,1
INT0000003486,PLAY0000026681,U0011653,V00010244,like,2026-08-25 18:22:55,1
INT0000003487,PLAY0000026694,U0002970,V00002472,like,2026-03-03 10:33:44,1
INT0000003488,PLAY0000026695,U0002739,V00011352,like,2026-07-14 00:05:04,1
INT0000003489,PLAY0000026696,U0005403,V00014455,like,2026-07-25 00:34:44,1
INT0000003490,PLAY0000026698,U0002166,V00008726,comment,2026-08-17 05:41:40,1
INT0000003491,PLAY0000026703,U0000243,V00004672,like,2026-08-25 02:10:02,1
INT0000003492,PLAY0000026713,U0003153,V00009977,comment,2026-08-11 03:53:59,1
INT0000003493,PLAY0000026729,U0007661,V00002058,like,2026-03-06 22:50:35,1
INT0000003494,PLAY0000026735,U0009877,V00014346,favorite,2026-08-14 12:30:10,1
INT0000003495,PLAY0000026737,U0010442,V00002501,like,2026-05-20 00:01:57,1
INT0000003496,PLAY0000026738,U0004161,V00012687,favorite,2026-08-15 13:33:23,1
INT0000003497,PLAY0000026744,U0007895,V00000683,favorite,2026-06-24 08:54:39,1
INT0000003498,PLAY0000026767,U0001160,V00014188,like,2026-07-01 03:44:05,1
INT0000003499,PLAY0000026768,U0006933,V00010194,comment,2026-08-27 10:23:09,1
INT0000003500,PLAY0000026771,U0003125,V00009482,favorite,2026-06-09 14:40:24,1
INT0000003501,PLAY0000026773,U0005433,V00014242,comment,2026-02-20 10:46:43,1
INT0000003502,PLAY0000026784,U0009232,V00009054,like,2026-08-21 10:22:55,1
INT0000003503,PLAY0000026786,U0009615,V00012884,favorite,2026-05-20 18:11:48,1
INT0000003504,PLAY0000026790,U0001280,V00001775,follow,2026-08-27 04:54:55,1
INT0000003505,PLAY0000026793,U0001031,V00003303,like,2026-04-02 02:24:58,1
INT0000003506,PLAY0000026796,U0009208,V00005002,like,2026-07-18 14:46:05,1
INT0000003507,PLAY0000026803,U0005977,V00008438,like,2026-08-08 05:02:17,1
INT0000003508,PLAY0000026813,U0006519,V00004096,comment,2026-06-07 13:26:47,1
INT0000003509,PLAY0000026823,U0008368,V00012584,comment,2026-05-07 13:30:48,1
INT0000003510,PLAY0000026824,U0002863,V00004540,like,2026-07-31 18:01:49,1
INT0000003511,PLAY0000026825,U0009156,V00004376,favorite,2026-08-24 06:34:35,1
INT0000003512,PLAY0000026836,U0004864,V00006219,like,2026-08-17 05:46:52,1
INT0000003513,PLAY0000026837,U0000122,V00007878,like,2026-08-16 10:16:24,1
INT0000003514,PLAY0000026848,U0006956,V00005233,like,2026-08-26 07:21:33,1
INT0000003515,PLAY0000026852,U0003422,V00013341,like,2026-04-02 12:21:22,1
INT0000003516,PLAY0000026854,U0002801,V00000886,share,2026-07-27 17:04:32,1
INT0000003517,PLAY0000026856,U0007658,V00014543,like,2026-08-28 02:22:20,1
INT0000003518,PLAY0000026865,U0000963,V00003820,like,2026-07-20 03:56:11,1
INT0000003519,PLAY0000026876,U0008503,V00013751,like,2026-08-05 05:17:10,1
INT0000003520,PLAY0000026883,U0001343,V00006894,like,2026-02-28 17:42:53,1
INT0000003521,PLAY0000026888,U0006174,V00009734,comment,2026-07-05 03:58:16,1
INT0000003522,PLAY0000026896,U0001810,V00014738,like,2026-03-20 03:39:38,1
INT0000003523,PLAY0000026897,U0006037,V00010307,like,2026-08-06 11:36:57,1
INT0000003524,PLAY0000026903,U0002560,V00009914,like,2026-05-08 04:02:19,1
INT0000003525,PLAY0000026905,U0007512,V00007397,like,2026-08-04 17:52:51,1
INT0000003526,PLAY0000026910,U0001862,V00012374,share,2026-08-12 12:27:13,1
INT0000003527,PLAY0000026922,U0011332,V00001286,like,2026-05-18 23:42:27,1
INT0000003528,PLAY0000026930,U0007064,V00002794,like,2026-08-28 08:41:49,1
INT0000003529,PLAY0000026932,U0004996,V00004097,like,2026-08-15 18:55:47,1
INT0000003530,PLAY0000026938,U0005554,V00012896,comment,2026-08-27 01:18:38,1
INT0000003531,PLAY0000026944,U0011244,V00004934,like,2026-08-23 14:51:23,1
INT0000003532,PLAY0000026957,U0001641,V00014339,like,2026-08-26 14:07:45,1
INT0000003533,PLAY0000026958,U0006704,V00004373,like,2026-08-14 21:20:27,1
INT0000003534,PLAY0000026965,U0005973,V00013458,like,2026-08-10 05:03:29,1
INT0000003535,PLAY0000026990,U0002653,V00004203,comment,2026-04-27 04:18:30,1
INT0000003536,PLAY0000026996,U0009447,V00012524,favorite,2026-08-05 00:48:29,1
INT0000003537,PLAY0000026997,U0009196,V00002977,like,2026-08-26 16:15:59,1
INT0000003538,PLAY0000026999,U0002474,V00011087,favorite,2026-08-08 22:21:05,1
INT0000003539,PLAY0000027006,U0008502,V00012493,follow,2026-03-19 07:40:58,1
INT0000003540,PLAY0000027007,U0000814,V00008671,favorite,2026-03-30 10:24:12,1
INT0000003541,PLAY0000027010,U0005432,V00010227,like,2026-06-16 21:08:06,1
INT0000003542,PLAY0000027011,U0003139,V00012062,like,2026-07-23 20:19:59,1
INT0000003543,PLAY0000027013,U0001829,V00012928,comment,2026-08-24 05:40:05,1
INT0000003544,PLAY0000027019,U0011625,V00013818,share,2026-08-18 03:58:18,1
INT0000003545,PLAY0000027023,U0004449,V00009724,share,2026-05-15 08:01:44,1
INT0000003546,PLAY0000027025,U0003096,V00013105,comment,2026-08-27 00:32:51,1
INT0000003547,PLAY0000027041,U0001708,V00005809,like,2026-08-01 06:44:47,1
INT0000003548,PLAY0000027047,U0001330,V00006542,like,2026-06-17 13:13:58,1
INT0000003549,PLAY0000027050,U0001558,V00006571,favorite,2026-08-27 05:49:37,1
INT0000003550,PLAY0000027052,U0009617,V00009974,favorite,2026-06-03 08:59:24,1
INT0000003551,PLAY0000027058,U0008704,V00013087,follow,2026-06-25 11:09:48,1
INT0000003552,PLAY0000027069,U0011318,V00006386,comment,2026-04-12 05:51:01,1
INT0000003553,PLAY0000027074,U0003950,V00013088,follow,2026-06-11 12:46:16,1
INT0000003554,PLAY0000027084,U0006959,V00003293,like,2026-07-20 02:07:56,1
INT0000003555,PLAY0000027088,U0001152,V00013227,comment,2026-08-20 11:42:29,1
INT0000003556,PLAY0000027092,U0010707,V00009063,like,2026-08-27 18:22:01,1
INT0000003557,PLAY0000027096,U0003205,V00005599,like,2026-08-13 18:19:49,1
INT0000003558,PLAY0000027098,U0002738,V00003878,like,2026-08-28 02:39:29,1
INT0000003559,PLAY0000027103,U0008284,V00005969,like,2026-05-02 06:32:17,1
INT0000003560,PLAY0000027120,U0001237,V00011803,share,2026-05-23 16:39:35,1
INT0000003561,PLAY0000027126,U0010965,V00008174,like,2026-08-24 06:28:14,1
INT0000003562,PLAY0000027129,U0001910,V00004144,like,2026-08-17 03:56:00,1
INT0000003563,PLAY0000027130,U0008868,V00013213,comment,2026-08-25 03:46:30,1
INT0000003564,PLAY0000027133,U0005283,V00010476,like,2026-07-28 21:37:36,1
INT0000003565,PLAY0000027138,U0008340,V00007609,like,2026-08-16 16:20:19,1
INT0000003566,PLAY0000027143,U0006834,V00008134,like,2026-03-17 22:36:42,1
INT0000003567,PLAY0000027145,U0008073,V00003235,follow,2026-06-18 07:23:39,1
INT0000003568,PLAY0000027152,U0010937,V00013523,like,2026-07-21 01:53:06,1
INT0000003569,PLAY0000027158,U0000074,V00000144,share,2026-08-19 03:05:05,1
INT0000003570,PLAY0000027161,U0011142,V00010929,share,2026-04-06 11:32:53,1
INT0000003571,PLAY0000027166,U0010559,V00013109,comment,2026-08-08 10:32:29,1
INT0000003572,PLAY0000027188,U0005117,V00010222,like,2026-07-22 13:32:51,1
INT0000003573,PLAY0000027189,U0002261,V00005906,like,2026-06-20 20:16:37,1
INT0000003574,PLAY0000027205,U0003986,V00011102,comment,2026-08-18 23:02:37,1
INT0000003575,PLAY0000027207,U0000341,V00005492,follow,2026-08-28 09:18:23,1
INT0000003576,PLAY0000027208,U0000457,V00009690,like,2026-08-26 18:59:32,1
INT0000003577,PLAY0000027213,U0008250,V00006608,follow,2026-08-05 02:51:45,1
INT0000003578,PLAY0000027218,U0001217,V00000108,like,2026-07-08 07:52:11,1
INT0000003579,PLAY0000027232,U0003132,V00010974,like,2026-08-28 14:29:51,1
INT0000003580,PLAY0000027236,U0001732,V00004432,like,2026-08-20 14:44:24,1
INT0000003581,PLAY0000027251,U0003485,V00003605,like,2026-08-13 08:57:50,1
INT0000003582,PLAY0000027252,U0001697,V00001330,comment,2026-08-28 11:32:50,1
INT0000003583,PLAY0000027260,U0007231,V00009435,like,2026-08-03 11:41:13,1
INT0000003584,PLAY0000027264,U0000178,V00012447,comment,2026-08-28 18:23:43,1
INT0000003585,PLAY0000027274,U0003713,V00014647,like,2026-08-02 22:09:57,1
INT0000003586,PLAY0000027278,U0011726,V00001931,comment,2026-07-21 02:50:40,1
INT0000003587,PLAY0000027281,U0003670,V00010091,comment,2026-02-17 10:03:07,1
INT0000003588,PLAY0000027297,U0007895,V00006779,follow,2026-08-05 03:16:32,1
INT0000003589,PLAY0000027299,U0003176,V00003152,follow,2026-06-14 02:28:41,1
INT0000003590,PLAY0000027307,U0007822,V00006609,like,2026-04-06 00:21:31,1
INT0000003591,PLAY0000027309,U0003838,V00013007,like,2026-08-20 05:28:17,1
INT0000003592,PLAY0000027313,U0008930,V00010117,favorite,2026-04-16 16:13:34,1
INT0000003593,PLAY0000027321,U0001607,V00012791,favorite,2026-08-12 12:10:31,1
INT0000003594,PLAY0000027322,U0005673,V00012829,comment,2026-03-30 21:07:09,1
INT0000003595,PLAY0000027339,U0005043,V00012230,like,2026-08-03 22:27:05,1
INT0000003596,PLAY0000027343,U0006572,V00001494,favorite,2026-07-14 01:37:38,1
INT0000003597,PLAY0000027348,U0003205,V00012485,like,2026-08-25 03:22:02,1
INT0000003598,PLAY0000027352,U0000986,V00006354,comment,2026-05-24 04:47:59,1
INT0000003599,PLAY0000027356,U0003134,V00013948,comment,2026-07-26 07:37:58,1
INT0000003600,PLAY0000027357,U0002628,V00014957,like,2026-06-26 09:31:47,1
INT0000003601,PLAY0000027390,U0000825,V00005627,like,2026-08-06 19:05:41,1
INT0000003602,PLAY0000027403,U0006883,V00005164,like,2026-06-09 01:24:43,1
INT0000003603,PLAY0000027421,U0008748,V00005391,like,2026-08-22 13:13:15,1
INT0000003604,PLAY0000027437,U0006771,V00006709,like,2026-06-13 02:34:00,1
INT0000003605,PLAY0000027448,U0008759,V00002342,like,2026-08-22 00:05:58,1
INT0000003606,PLAY0000027458,U0003377,V00000721,like,2026-07-24 04:02:16,1
INT0000003607,PLAY0000027463,U0004845,V00002004,favorite,2026-07-20 22:55:25,1
INT0000003608,PLAY0000027507,U0003362,V00009441,like,2026-07-09 15:26:18,1
INT0000003609,PLAY0000027533,U0001495,V00011361,like,2026-08-08 19:35:20,1
INT0000003610,PLAY0000027534,U0003019,V00011277,like,2026-07-10 04:40:47,1
INT0000003611,PLAY0000027535,U0003057,V00002413,favorite,2026-08-23 14:49:53,1
INT0000003612,PLAY0000027543,U0006363,V00002588,comment,2026-08-28 17:46:01,1
INT0000003613,PLAY0000027545,U0002296,V00013225,like,2026-02-05 20:22:41,1
INT0000003614,PLAY0000027561,U0010498,V00009409,like,2026-06-09 23:28:29,1
INT0000003615,PLAY0000027571,U0003366,V00007790,like,2026-08-03 16:21:32,1
INT0000003616,PLAY0000027580,U0003738,V00002529,like,2026-08-09 13:43:52,1
INT0000003617,PLAY0000027587,U0001857,V00007883,like,2026-06-27 13:29:04,1
INT0000003618,PLAY0000027589,U0003955,V00003110,like,2026-08-28 16:18:22,1
INT0000003619,PLAY0000027592,U0011955,V00011328,like,2026-08-26 05:36:49,1
INT0000003620,PLAY0000027596,U0005622,V00008024,like,2026-08-12 08:38:42,1
INT0000003621,PLAY0000027604,U0007838,V00007167,like,2026-07-09 21:37:44,1
INT0000003622,PLAY0000027606,U0003679,V00010729,like,2026-08-01 14:18:13,1
INT0000003623,PLAY0000027611,U0009727,V00001251,like,2026-08-28 09:19:21,1
INT0000003624,PLAY0000027627,U0010729,V00010687,comment,2026-07-24 05:38:24,1
INT0000003625,PLAY0000027635,U0011128,V00008845,like,2026-07-31 08:43:41,1
INT0000003626,PLAY0000027648,U0003011,V00008938,favorite,2026-06-15 14:25:23,1
INT0000003627,PLAY0000027651,U0003074,V00010812,follow,2026-08-26 00:48:57,1
INT0000003628,PLAY0000027661,U0007507,V00013131,comment,2026-08-21 13:12:08,1
INT0000003629,PLAY0000027663,U0010156,V00006085,favorite,2026-08-14 23:35:03,1
INT0000003630,PLAY0000027676,U0006959,V00006177,like,2026-06-04 12:22:35,1
INT0000003631,PLAY0000027678,U0000624,V00000465,like,2026-04-19 06:21:44,1
INT0000003632,PLAY0000027686,U0000061,V00005947,like,2026-08-27 08:26:10,1
INT0000003633,PLAY0000027688,U0008140,V00004358,like,2026-08-26 07:54:43,1
INT0000003634,PLAY0000027690,U0002723,V00000822,like,2026-08-26 14:06:45,1
INT0000003635,PLAY0000027692,U0011882,V00006029,like,2026-08-20 15:52:15,1
INT0000003636,PLAY0000027702,U0000159,V00001547,like,2026-07-03 02:01:51,1
INT0000003637,PLAY0000027722,U0000187,V00004303,like,2026-03-16 17:03:59,1
INT0000003638,PLAY0000027739,U0003232,V00006492,like,2026-07-01 07:48:00,1
INT0000003639,PLAY0000027740,U0005571,V00001726,like,2026-07-18 09:13:54,1
INT0000003640,PLAY0000027744,U0007038,V00013803,share,2026-06-14 00:11:09,1
INT0000003641,PLAY0000027766,U0001300,V00003371,share,2026-07-08 17:10:26,1
INT0000003642,PLAY0000027769,U0005690,V00013195,like,2026-07-17 15:06:46,1
INT0000003643,PLAY0000027778,U0004291,V00001711,favorite,2026-08-04 00:17:41,1
INT0000003644,PLAY0000027789,U0001279,V00014917,share,2026-06-19 19:21:44,1
INT0000003645,PLAY0000027790,U0001676,V00002284,share,2026-08-03 23:49:57,1
INT0000003646,PLAY0000027806,U0006108,V00003307,favorite,2026-07-23 13:53:10,1
INT0000003647,PLAY0000027816,U0005156,V00012777,like,2026-05-06 09:32:30,1
INT0000003648,PLAY0000027850,U0004849,V00004713,like,2026-03-23 01:57:43,1
INT0000003649,PLAY0000027867,U0004494,V00005933,like,2026-06-08 11:10:29,1
INT0000003650,PLAY0000027871,U0010244,V00012374,follow,2026-07-16 05:54:33,1
INT0000003651,PLAY0000027890,U0011267,V00002379,like,2026-04-21 11:33:44,1
INT0000003652,PLAY0000027905,U0000483,V00014100,comment,2026-08-18 19:21:18,1
INT0000003653,PLAY0000027916,U0003203,V00004325,like,2026-07-30 04:03:24,1
INT0000003654,PLAY0000027928,U0007264,V00010622,share,2026-08-28 20:14:31,1
INT0000003655,PLAY0000027934,U0002737,V00005701,like,2026-07-23 20:49:07,1
INT0000003656,PLAY0000027938,U0000723,V00011268,favorite,2026-06-24 10:19:00,1
INT0000003657,PLAY0000027948,U0004191,V00002582,like,2026-08-25 18:38:24,1
INT0000003658,PLAY0000027961,U0006452,V00011194,like,2026-07-31 03:04:43,1
INT0000003659,PLAY0000027965,U0007235,V00010264,follow,2026-08-28 00:29:52,1
INT0000003660,PLAY0000027966,U0009021,V00012678,like,2026-07-04 14:03:23,1
INT0000003661,PLAY0000027967,U0008197,V00010546,share,2026-08-25 16:39:15,1
INT0000003662,PLAY0000027976,U0001845,V00002571,share,2026-08-07 12:18:00,1
INT0000003663,PLAY0000027979,U0010437,V00008625,share,2026-08-25 23:30:59,1
INT0000003664,PLAY0000027990,U0006611,V00005034,share,2026-08-06 12:09:06,1
INT0000003665,PLAY0000027997,U0009748,V00000947,favorite,2026-01-14 11:09:02,1
INT0000003666,PLAY0000028002,U0010437,V00007410,follow,2026-07-07 10:21:41,1
INT0000003667,PLAY0000028010,U0010157,V00000558,like,2026-04-14 18:43:48,1
INT0000003668,PLAY0000028019,U0002339,V00003530,favorite,2026-08-28 06:38:00,1
INT0000003669,PLAY0000028020,U0000387,V00010436,favorite,2026-02-25 08:12:11,1
INT0000003670,PLAY0000028028,U0001569,V00004337,like,2026-08-16 19:07:19,1
INT0000003671,PLAY0000028036,U0002571,V00003590,favorite,2026-08-27 13:52:52,1
INT0000003672,PLAY0000028047,U0006862,V00005393,comment,2026-08-05 21:50:42,1
INT0000003673,PLAY0000028062,U0009537,V00006782,comment,2026-07-04 09:08:38,1
INT0000003674,PLAY0000028065,U0007683,V00005820,like,2026-03-22 00:09:04,1
INT0000003675,PLAY0000028071,U0005291,V00010966,favorite,2026-08-13 12:19:47,1
INT0000003676,PLAY0000028085,U0000126,V00004409,like,2026-08-14 02:17:41,1
INT0000003677,PLAY0000028088,U0002404,V00011236,follow,2026-08-09 16:02:12,1
INT0000003678,PLAY0000028097,U0010644,V00008032,like,2026-06-15 05:04:06,1
INT0000003679,PLAY0000028103,U0007692,V00000184,like,2026-08-11 21:02:51,1
INT0000003680,PLAY0000028118,U0011687,V00014233,like,2026-08-11 17:31:02,1
INT0000003681,PLAY0000028126,U0010340,V00013196,favorite,2026-05-29 02:32:18,1
INT0000003682,PLAY0000028129,U0006213,V00005968,like,2026-05-13 16:26:34,1
INT0000003683,PLAY0000028130,U0002300,V00001962,like,2026-08-12 15:18:18,1
INT0000003684,PLAY0000028138,U0003184,V00002416,like,2026-08-27 08:00:37,1
INT0000003685,PLAY0000028143,U0007914,V00010261,like,2026-08-28 20:12:24,1
INT0000003686,PLAY0000028145,U0009903,V00000797,like,2026-08-03 07:02:33,1
INT0000003687,PLAY0000028149,U0001671,V00010955,like,2026-08-24 18:49:57,1
INT0000003688,PLAY0000028154,U0011891,V00008917,favorite,2026-07-14 00:48:59,1
INT0000003689,PLAY0000028160,U0010952,V00004355,like,2026-08-27 10:37:03,1
INT0000003690,PLAY0000028173,U0002881,V00004397,follow,2026-06-16 03:50:46,1
INT0000003691,PLAY0000028174,U0005506,V00004725,like,2026-08-23 08:48:29,1
INT0000003692,PLAY0000028184,U0005566,V00001477,like,2026-04-23 07:21:26,1
INT0000003693,PLAY0000028185,U0011256,V00009912,share,2026-07-02 00:36:55,1
INT0000003694,PLAY0000028195,U0009855,V00004050,like,2026-06-15 14:21:34,1
INT0000003695,PLAY0000028196,U0007255,V00006810,favorite,2026-07-09 15:36:04,1
INT0000003696,PLAY0000028204,U0007872,V00006520,share,2026-07-06 17:13:52,1
INT0000003697,PLAY0000028214,U0004770,V00003805,favorite,2026-08-10 13:15:25,1
INT0000003698,PLAY0000028225,U0000825,V00002268,follow,2026-08-25 20:20:56,1
INT0000003699,PLAY0000028226,U0007602,V00003180,comment,2026-08-20 12:02:53,1
INT0000003700,PLAY0000028232,U0001417,V00011809,follow,2026-05-29 06:26:26,1
INT0000003701,PLAY0000028235,U0010725,V00004876,like,2026-08-04 09:07:01,1
INT0000003702,PLAY0000028236,U0008819,V00011515,like,2026-06-03 19:17:32,1
INT0000003703,PLAY0000028241,U0001061,V00008878,like,2026-08-20 19:07:25,1
INT0000003704,PLAY0000028242,U0002493,V00005817,share,2026-06-18 02:21:40,1
INT0000003705,PLAY0000028257,U0007100,V00000261,share,2026-07-31 05:30:05,1
INT0000003706,PLAY0000028262,U0008366,V00000767,follow,2026-05-07 15:01:12,1
INT0000003707,PLAY0000028272,U0007238,V00005249,like,2026-07-11 02:08:50,1
INT0000003708,PLAY0000028277,U0001754,V00008210,like,2026-05-03 16:21:23,1
INT0000003709,PLAY0000028288,U0002632,V00009368,share,2026-05-12 21:04:27,1
INT0000003710,PLAY0000028290,U0010711,V00013306,favorite,2026-05-12 19:47:52,1
INT0000003711,PLAY0000028291,U0008765,V00002055,like,2026-08-28 20:46:40,1
INT0000003712,PLAY0000028292,U0001222,V00012692,comment,2026-08-23 18:23:20,1
INT0000003713,PLAY0000028294,U0010423,V00009342,like,2026-03-23 20:37:21,1
INT0000003714,PLAY0000028314,U0000480,V00014895,share,2026-08-20 20:44:56,1
INT0000003715,PLAY0000028321,U0001809,V00002774,comment,2026-08-08 09:17:04,1
INT0000003716,PLAY0000028324,U0008806,V00014106,comment,2026-08-25 23:38:53,1
INT0000003717,PLAY0000028341,U0002117,V00000052,favorite,2026-06-14 16:59:14,1
INT0000003718,PLAY0000028354,U0005322,V00002394,follow,2026-08-20 07:49:32,1
INT0000003719,PLAY0000028357,U0005228,V00001423,like,2026-08-22 21:31:14,1
INT0000003720,PLAY0000028371,U0011652,V00008770,like,2026-08-12 04:43:42,1
INT0000003721,PLAY0000028377,U0010870,V00002693,like,2026-07-10 19:19:47,1
INT0000003722,PLAY0000028398,U0007238,V00000619,like,2026-06-08 12:15:13,1
INT0000003723,PLAY0000028403,U0007568,V00001929,like,2026-07-27 21:31:11,1
INT0000003724,PLAY0000028410,U0009651,V00009885,like,2026-02-26 12:53:05,1
INT0000003725,PLAY0000028415,U0006230,V00009943,like,2026-07-16 21:08:13,1
INT0000003726,PLAY0000028437,U0011517,V00011477,like,2026-07-25 11:06:52,1
INT0000003727,PLAY0000028440,U0005531,V00012463,comment,2026-07-22 18:47:19,1
INT0000003728,PLAY0000028446,U0008984,V00011526,like,2026-08-28 15:09:56,1
INT0000003729,PLAY0000028454,U0007123,V00008930,share,2026-08-18 21:07:19,1
INT0000003730,PLAY0000028456,U0000544,V00013303,comment,2026-08-27 11:42:06,1
INT0000003731,PLAY0000028458,U0007033,V00005723,share,2026-08-09 22:30:08,1
INT0000003732,PLAY0000028468,U0010155,V00014517,like,2026-04-07 19:59:41,1
INT0000003733,PLAY0000028470,U0003153,V00000954,favorite,2026-08-17 01:13:10,1
INT0000003734,PLAY0000028480,U0000429,V00000075,favorite,2026-07-10 18:00:04,1
INT0000003735,PLAY0000028486,U0008798,V00013262,favorite,2026-07-25 17:48:14,1
INT0000003736,PLAY0000028492,U0008043,V00011136,share,2026-08-26 18:37:45,1
INT0000003737,PLAY0000028493,U0007985,V00012207,like,2026-08-25 21:51:58,1
INT0000003738,PLAY0000028503,U0009150,V00013618,like,2026-08-07 17:13:39,1
INT0000003739,PLAY0000028508,U0006115,V00000171,favorite,2026-08-12 02:50:54,1
INT0000003740,PLAY0000028513,U0010724,V00006841,comment,2026-08-21 20:31:38,1
INT0000003741,PLAY0000028538,U0001425,V00008755,like,2026-07-20 16:37:46,1
INT0000003742,PLAY0000028547,U0011633,V00005014,like,2026-08-06 12:51:06,1
INT0000003743,PLAY0000028550,U0006720,V00003629,comment,2026-08-28 08:58:35,1
INT0000003744,PLAY0000028552,U0000883,V00011045,like,2026-08-16 09:39:42,1
INT0000003745,PLAY0000028559,U0007914,V00013403,like,2026-08-20 00:48:13,1
INT0000003746,PLAY0000028563,U0007678,V00004002,like,2026-08-07 23:23:16,1
INT0000003747,PLAY0000028575,U0007513,V00004419,share,2026-08-26 08:27:24,1
INT0000003748,PLAY0000028588,U0001891,V00013916,like,2026-08-18 01:02:15,1
INT0000003749,PLAY0000028605,U0009218,V00010082,favorite,2026-07-23 11:55:48,1
INT0000003750,PLAY0000028616,U0003016,V00005702,like,2026-06-30 01:18:31,1
INT0000003751,PLAY0000028622,U0006856,V00007707,comment,2026-08-21 04:27:44,1
INT0000003752,PLAY0000028623,U0004481,V00002519,like,2026-07-05 23:16:18,1
INT0000003753,PLAY0000028632,U0003296,V00001973,like,2026-07-28 08:03:15,1
INT0000003754,PLAY0000028637,U0007899,V00004515,favorite,2026-07-26 16:05:51,1
INT0000003755,PLAY0000028645,U0007300,V00011903,follow,2026-05-04 07:43:34,1
INT0000003756,PLAY0000028649,U0007323,V00009262,favorite,2026-08-11 14:44:38,1
INT0000003757,PLAY0000028657,U0005487,V00012170,favorite,2026-07-16 21:40:59,1
INT0000003758,PLAY0000028664,U0004420,V00013839,like,2026-08-22 22:10:17,1
INT0000003759,PLAY0000028681,U0006680,V00004878,like,2026-07-17 06:58:57,1
INT0000003760,PLAY0000028683,U0001902,V00007259,like,2026-07-31 10:28:07,1
INT0000003761,PLAY0000028709,U0011283,V00009609,like,2026-08-22 21:27:41,1
INT0000003762,PLAY0000028722,U0006867,V00013274,comment,2026-07-11 09:46:49,1
INT0000003763,PLAY0000028727,U0010395,V00009468,like,2026-03-18 04:59:33,1
INT0000003764,PLAY0000028729,U0001305,V00013852,like,2026-06-25 03:00:28,1
INT0000003765,PLAY0000028740,U0006917,V00007824,favorite,2026-07-04 03:49:32,1
INT0000003766,PLAY0000028744,U0008034,V00003475,like,2026-05-04 03:56:45,1
INT0000003767,PLAY0000028752,U0006728,V00008261,favorite,2026-08-23 17:06:09,1
INT0000003768,PLAY0000028753,U0001919,V00013405,share,2026-08-01 14:26:01,1
INT0000003769,PLAY0000028754,U0007477,V00005000,share,2026-08-05 18:24:37,1
INT0000003770,PLAY0000028757,U0003899,V00006993,comment,2026-08-09 14:31:17,1
INT0000003771,PLAY0000028760,U0010847,V00005406,like,2026-07-25 22:52:36,1
INT0000003772,PLAY0000028761,U0001916,V00008132,like,2026-08-20 19:54:00,1
INT0000003773,PLAY0000028766,U0011227,V00008274,comment,2026-03-31 20:50:04,1
INT0000003774,PLAY0000028780,U0001161,V00002137,like,2026-08-26 22:57:09,1
INT0000003775,PLAY0000028784,U0006673,V00005990,like,2026-08-28 22:12:27,1
INT0000003776,PLAY0000028792,U0006849,V00007671,like,2026-08-11 12:29:33,1
INT0000003777,PLAY0000028799,U0001810,V00014931,share,2026-07-31 06:41:25,1
INT0000003778,PLAY0000028803,U0010316,V00010657,follow,2026-08-15 19:26:14,1
INT0000003779,PLAY0000028810,U0007180,V00008005,like,2026-03-15 05:01:36,1
INT0000003780,PLAY0000028823,U0005839,V00006574,follow,2026-08-13 09:44:50,1
INT0000003781,PLAY0000028830,U0005387,V00001746,comment,2026-08-13 07:19:36,1
INT0000003782,PLAY0000028832,U0007101,V00003223,like,2026-08-19 03:16:19,1
INT0000003783,PLAY0000028833,U0004359,V00000522,share,2026-08-28 23:47:06,1
INT0000003784,PLAY0000028834,U0002357,V00005352,like,2026-08-12 23:07:34,1
INT0000003785,PLAY0000028835,U0001013,V00001248,comment,2026-03-25 00:46:27,1
INT0000003786,PLAY0000028856,U0009888,V00008665,favorite,2026-08-24 09:58:28,1
INT0000003787,PLAY0000028864,U0005887,V00007876,like,2026-07-16 15:56:55,1
INT0000003788,PLAY0000028873,U0006217,V00011515,follow,2026-08-18 07:39:08,1
INT0000003789,PLAY0000028877,U0002777,V00004078,favorite,2026-06-24 09:20:24,1
INT0000003790,PLAY0000028902,U0001240,V00006887,like,2026-05-09 11:14:25,1
INT0000003791,PLAY0000028909,U0011107,V00010922,favorite,2026-08-12 14:23:54,1
INT0000003792,PLAY0000028916,U0005453,V00012835,like,2026-08-08 10:15:18,1
INT0000003793,PLAY0000028919,U0001153,V00009508,like,2026-06-01 02:44:56,1
INT0000003794,PLAY0000028928,U0006388,V00014331,like,2026-06-18 00:50:45,1
INT0000003795,PLAY0000028932,U0004576,V00001187,like,2026-05-03 22:44:57,1
INT0000003796,PLAY0000028933,U0003808,V00007007,share,2026-06-15 18:55:38,1
INT0000003797,PLAY0000028938,U0008930,V00009913,like,2026-07-31 12:22:14,1
INT0000003798,PLAY0000028946,U0010580,V00006436,share,2026-07-21 05:44:30,1
INT0000003799,PLAY0000028947,U0004650,V00006452,like,2026-08-27 15:56:16,1
INT0000003800,PLAY0000028952,U0005363,V00008224,share,2026-08-25 02:15:05,1
INT0000003801,PLAY0000028963,U0011065,V00006568,like,2026-08-14 11:28:43,1
INT0000003802,PLAY0000028966,U0003420,V00008399,like,2026-08-14 22:52:58,1
INT0000003803,PLAY0000028971,U0001237,V00007438,like,2026-06-25 00:07:49,1
INT0000003804,PLAY0000028972,U0007053,V00013851,like,2026-07-15 13:15:32,1
INT0000003805,PLAY0000028974,U0009971,V00011440,like,2026-08-03 23:00:22,1
INT0000003806,PLAY0000028980,U0000560,V00002929,like,2026-07-04 08:55:09,1
INT0000003807,PLAY0000028985,U0011433,V00005255,share,2026-08-19 02:30:43,1
INT0000003808,PLAY0000028994,U0001900,V00012337,like,2026-06-10 13:49:38,1
INT0000003809,PLAY0000028998,U0009096,V00003938,like,2026-08-27 21:12:01,1
INT0000003810,PLAY0000029024,U0007989,V00012310,favorite,2026-08-22 14:02:29,1
INT0000003811,PLAY0000029029,U0002985,V00008157,like,2026-06-05 08:11:02,1
INT0000003812,PLAY0000029037,U0010055,V00011952,share,2026-04-15 15:27:02,1
INT0000003813,PLAY0000029038,U0004103,V00006263,like,2026-08-26 13:26:27,1
INT0000003814,PLAY0000029039,U0003302,V00006109,like,2026-08-21 05:52:53,1
INT0000003815,PLAY0000029040,U0009040,V00001449,comment,2026-08-06 20:24:47,1
INT0000003816,PLAY0000029046,U0010346,V00000846,comment,2026-04-26 04:21:56,1
INT0000003817,PLAY0000029074,U0009130,V00010872,follow,2026-07-24 05:19:08,1
INT0000003818,PLAY0000029080,U0009782,V00014712,share,2026-08-28 03:29:32,1
INT0000003819,PLAY0000029105,U0007742,V00002250,like,2026-08-07 10:54:26,1
INT0000003820,PLAY0000029108,U0007110,V00008904,follow,2026-04-13 11:15:10,1
INT0000003821,PLAY0000029133,U0001354,V00007110,like,2026-06-11 04:07:57,1
INT0000003822,PLAY0000029142,U0010440,V00007634,like,2026-04-05 16:31:01,1
INT0000003823,PLAY0000029164,U0002478,V00006904,comment,2026-08-23 08:06:31,1
INT0000003824,PLAY0000029165,U0006509,V00001261,share,2026-07-26 18:17:13,1
INT0000003825,PLAY0000029182,U0006345,V00013159,like,2026-08-03 12:26:19,1
INT0000003826,PLAY0000029198,U0011091,V00005279,like,2026-05-08 16:19:49,1
INT0000003827,PLAY0000029209,U0007772,V00012569,share,2026-08-28 02:48:03,1
INT0000003828,PLAY0000029222,U0000920,V00014150,like,2026-08-27 07:12:59,1
INT0000003829,PLAY0000029225,U0008998,V00012633,like,2026-08-25 05:03:04,1
INT0000003830,PLAY0000029229,U0000460,V00004610,comment,2026-03-11 14:32:44,1
INT0000003831,PLAY0000029232,U0009395,V00007699,favorite,2026-07-20 08:51:27,1
INT0000003832,PLAY0000029242,U0008254,V00008323,like,2026-08-13 13:17:25,1
INT0000003833,PLAY0000029244,U0002138,V00014829,share,2026-04-29 09:02:45,1
INT0000003834,PLAY0000029254,U0000310,V00005996,like,2026-07-27 21:03:15,1
INT0000003835,PLAY0000029260,U0009912,V00004951,like,2026-08-21 12:39:12,1
INT0000003836,PLAY0000029269,U0004556,V00002559,like,2026-08-12 05:45:29,1
INT0000003837,PLAY0000029280,U0010204,V00006339,follow,2026-08-06 05:03:27,1
INT0000003838,PLAY0000029282,U0011285,V00006604,comment,2026-04-19 04:56:43,1
INT0000003839,PLAY0000029283,U0009900,V00005800,follow,2026-07-12 05:30:45,1
INT0000003840,PLAY0000029286,U0006212,V00005388,like,2026-07-29 16:20:08,1
INT0000003841,PLAY0000029295,U0003495,V00005123,like,2026-07-21 02:21:44,1
INT0000003842,PLAY0000029306,U0006014,V00003235,comment,2026-07-28 05:58:56,1
INT0000003843,PLAY0000029312,U0004722,V00004544,share,2026-06-23 13:39:24,1
INT0000003844,PLAY0000029316,U0000776,V00008068,favorite,2026-08-28 00:31:22,1
INT0000003845,PLAY0000029322,U0006223,V00000078,follow,2026-05-20 18:54:18,1
INT0000003846,PLAY0000029335,U0011211,V00004206,like,2026-04-03 14:45:56,1
INT0000003847,PLAY0000029346,U0001514,V00003500,like,2026-05-24 18:07:22,1
INT0000003848,PLAY0000029349,U0003700,V00011895,comment,2026-07-28 11:38:16,1
INT0000003849,PLAY0000029353,U0009026,V00013087,like,2026-07-02 23:17:11,1
INT0000003850,PLAY0000029354,U0006663,V00013533,like,2026-05-27 13:02:47,1
INT0000003851,PLAY0000029364,U0004754,V00006353,favorite,2026-08-03 10:34:34,1
INT0000003852,PLAY0000029365,U0004338,V00007638,like,2026-07-24 08:26:39,1
INT0000003853,PLAY0000029371,U0005645,V00010999,like,2026-06-16 12:57:06,1
INT0000003854,PLAY0000029382,U0011333,V00001699,favorite,2026-04-18 17:52:49,1
INT0000003855,PLAY0000029388,U0007295,V00010943,comment,2026-07-22 04:46:18,1
INT0000003856,PLAY0000029424,U0003933,V00006832,like,2026-08-18 18:06:58,1
INT0000003857,PLAY0000029425,U0006194,V00014576,like,2026-08-10 08:01:39,1
INT0000003858,PLAY0000029433,U0006885,V00011441,like,2026-08-05 16:01:00,1
INT0000003859,PLAY0000029436,U0008041,V00012310,share,2026-08-21 23:29:52,1
INT0000003860,PLAY0000029446,U0004626,V00004487,like,2026-08-17 20:54:15,1
INT0000003861,PLAY0000029449,U0001396,V00004759,like,2026-08-17 12:27:04,1
INT0000003862,PLAY0000029458,U0002832,V00002016,like,2026-07-25 17:55:45,1
INT0000003863,PLAY0000029476,U0008280,V00012045,follow,2026-08-21 12:21:39,1
INT0000003864,PLAY0000029485,U0011275,V00011554,favorite,2026-08-14 22:18:01,1
INT0000003865,PLAY0000029488,U0001906,V00011713,share,2026-04-14 17:25:06,1
INT0000003866,PLAY0000029491,U0009366,V00000060,comment,2026-05-31 10:07:04,1
INT0000003867,PLAY0000029497,U0003180,V00010282,like,2026-07-29 20:45:37,1
INT0000003868,PLAY0000029498,U0005312,V00009278,like,2026-07-27 09:32:45,1
INT0000003869,PLAY0000029502,U0000524,V00001975,favorite,2026-08-27 20:39:13,1
INT0000003870,PLAY0000029510,U0004937,V00004069,like,2026-06-20 07:04:25,1
INT0000003871,PLAY0000029512,U0007072,V00014691,comment,2026-03-30 04:52:27,1
INT0000003872,PLAY0000029517,U0001595,V00008340,share,2026-08-25 15:53:44,1
INT0000003873,PLAY0000029522,U0008401,V00002573,favorite,2026-07-24 07:13:33,1
INT0000003874,PLAY0000029534,U0002229,V00003900,like,2026-06-15 11:31:29,1
INT0000003875,PLAY0000029539,U0006240,V00011328,share,2026-06-06 16:32:44,1
INT0000003876,PLAY0000029545,U0008887,V00000596,like,2026-07-05 08:45:22,1
INT0000003877,PLAY0000029549,U0008011,V00004942,like,2026-04-28 13:28:16,1
INT0000003878,PLAY0000029552,U0010066,V00014278,like,2026-08-02 23:05:36,1
INT0000003879,PLAY0000029568,U0011694,V00007807,comment,2026-08-09 01:52:31,1
INT0000003880,PLAY0000029569,U0009452,V00002575,comment,2026-03-21 16:10:59,1
INT0000003881,PLAY0000029574,U0009354,V00010880,like,2026-08-28 04:17:19,1
INT0000003882,PLAY0000029578,U0006404,V00009522,favorite,2026-07-09 08:25:31,1
INT0000003883,PLAY0000029582,U0006993,V00001998,favorite,2026-06-29 16:40:24,1
INT0000003884,PLAY0000029587,U0000482,V00011354,follow,2026-08-28 20:43:48,1
INT0000003885,PLAY0000029589,U0003798,V00012463,like,2026-07-07 11:19:45,1
INT0000003886,PLAY0000029592,U0005470,V00005757,like,2026-08-26 06:55:45,1
INT0000003887,PLAY0000029597,U0011511,V00004497,like,2026-05-29 11:44:37,1
INT0000003888,PLAY0000029599,U0011086,V00004723,like,2026-07-24 09:35:20,1
INT0000003889,PLAY0000029611,U0001249,V00008316,like,2026-08-19 22:06:58,1
INT0000003890,PLAY0000029621,U0004471,V00004754,comment,2026-05-11 00:10:06,1
INT0000003891,PLAY0000029625,U0011951,V00008880,like,2026-06-21 22:28:51,1
INT0000003892,PLAY0000029634,U0002284,V00011465,like,2026-08-25 13:40:25,1
INT0000003893,PLAY0000029641,U0008984,V00009259,favorite,2026-07-23 10:25:46,1
INT0000003894,PLAY0000029645,U0002805,V00013069,like,2026-06-03 03:59:17,1
INT0000003895,PLAY0000029650,U0006472,V00001401,favorite,2026-06-06 07:14:59,1
INT0000003896,PLAY0000029655,U0006164,V00013048,follow,2026-04-22 17:28:36,1
INT0000003897,PLAY0000029658,U0002907,V00005833,favorite,2026-07-12 03:52:23,1
INT0000003898,PLAY0000029664,U0010040,V00000338,favorite,2026-08-22 11:44:41,1
INT0000003899,PLAY0000029667,U0005342,V00008035,comment,2026-04-18 00:21:39,1
INT0000003900,PLAY0000029669,U0011466,V00009087,like,2026-08-18 18:26:20,1
INT0000003901,PLAY0000029672,U0003682,V00011653,favorite,2026-06-09 06:47:42,1
INT0000003902,PLAY0000029676,U0006860,V00004222,like,2026-08-11 23:55:34,1
INT0000003903,PLAY0000029681,U0011527,V00000285,like,2026-04-24 17:16:21,1
INT0000003904,PLAY0000029698,U0008573,V00013587,favorite,2026-08-28 23:32:01,1
INT0000003905,PLAY0000029699,U0007296,V00004170,like,2026-08-07 18:16:59,1
INT0000003906,PLAY0000029702,U0002049,V00008308,like,2026-06-30 13:11:46,1
INT0000003907,PLAY0000029718,U0000935,V00000163,like,2026-06-20 00:14:50,1
INT0000003908,PLAY0000029721,U0002089,V00009505,like,2026-05-09 18:44:29,1
INT0000003909,PLAY0000029724,U0001219,V00000877,like,2026-05-13 09:38:23,1
INT0000003910,PLAY0000029735,U0007161,V00000595,like,2026-07-16 06:09:40,1
INT0000003911,PLAY0000029741,U0002087,V00009041,comment,2026-08-13 05:04:58,1
INT0000003912,PLAY0000029754,U0009338,V00008116,like,2026-08-26 07:37:55,1
INT0000003913,PLAY0000029755,U0000496,V00011015,comment,2026-06-13 05:50:55,1
INT0000003914,PLAY0000029771,U0006738,V00007193,comment,2026-07-20 02:25:19,1
INT0000003915,PLAY0000029776,U0004829,V00011079,like,2026-07-26 01:17:09,1
INT0000003916,PLAY0000029778,U0004264,V00014339,like,2026-08-19 23:25:10,1
INT0000003917,PLAY0000029780,U0003123,V00007245,like,2026-05-14 21:13:58,1
INT0000003918,PLAY0000029781,U0009219,V00004159,like,2026-08-27 09:40:36,1
INT0000003919,PLAY0000029783,U0005842,V00013311,like,2026-08-19 21:32:54,1
INT0000003920,PLAY0000029793,U0000117,V00014824,like,2026-06-30 12:03:41,1
INT0000003921,PLAY0000029796,U0001991,V00007932,like,2026-06-08 05:00:19,1
INT0000003922,PLAY0000029806,U0002880,V00002046,share,2026-05-11 16:53:20,1
INT0000003923,PLAY0000029808,U0005343,V00005564,follow,2026-08-07 16:35:34,1
INT0000003924,PLAY0000029840,U0007934,V00010289,like,2026-08-09 05:22:39,1
INT0000003925,PLAY0000029851,U0006956,V00003638,favorite,2026-08-14 14:12:41,1
INT0000003926,PLAY0000029853,U0005734,V00013783,favorite,2026-08-13 12:17:36,1
INT0000003927,PLAY0000029857,U0010095,V00000060,favorite,2026-02-07 22:03:41,1
INT0000003928,PLAY0000029859,U0003374,V00010550,comment,2026-07-09 01:22:46,1
INT0000003929,PLAY0000029868,U0011941,V00002756,follow,2026-07-05 14:03:01,1
INT0000003930,PLAY0000029874,U0002340,V00005367,like,2026-04-04 20:01:16,1
INT0000003931,PLAY0000029883,U0002600,V00009917,favorite,2026-08-25 21:33:17,1
INT0000003932,PLAY0000029885,U0010580,V00004261,comment,2026-08-25 10:20:32,1
INT0000003933,PLAY0000029890,U0002889,V00003306,comment,2026-05-07 01:18:17,1
INT0000003934,PLAY0000029891,U0006290,V00014099,comment,2026-07-11 22:33:10,1
INT0000003935,PLAY0000029909,U0000069,V00011020,like,2026-07-07 23:19:27,1
INT0000003936,PLAY0000029911,U0000782,V00005909,share,2026-05-12 15:11:12,1
INT0000003937,PLAY0000029925,U0004131,V00001898,like,2026-07-27 19:28:36,1
INT0000003938,PLAY0000029927,U0010785,V00000681,like,2026-06-22 07:01:47,1
INT0000003939,PLAY0000029929,U0001488,V00009113,follow,2026-07-24 15:49:19,1
INT0000003940,PLAY0000029943,U0011868,V00002327,like,2026-06-21 12:37:04,1
INT0000003941,PLAY0000029944,U0008071,V00005759,like,2026-08-28 07:22:00,1
INT0000003942,PLAY0000029945,U0000801,V00011216,share,2026-08-24 04:30:23,1
INT0000003943,PLAY0000029948,U0007410,V00000153,like,2026-08-28 03:35:45,1
INT0000003944,PLAY0000029974,U0010178,V00006487,like,2026-08-12 19:59:03,1
INT0000003945,PLAY0000029975,U0005814,V00011762,like,2026-05-23 12:23:55,1
INT0000003946,PLAY0000029976,U0004993,V00003067,favorite,2026-07-13 21:58:08,1
INT0000003947,PLAY0000029995,U0004876,V00002436,share,2026-08-26 18:55:27,1
INT0000003948,PLAY0000029997,U0008296,V00012482,follow,2026-07-25 11:25:02,1
INT0000003949,PLAY0000030002,U0002600,V00012250,like,2026-05-02 09:30:02,1
INT0000003950,PLAY0000030005,U0006482,V00000729,like,2026-08-04 09:57:53,1
INT0000003951,PLAY0000030010,U0003596,V00004882,favorite,2026-04-29 21:53:17,1
INT0000003952,PLAY0000030012,U0000256,V00011136,like,2026-08-24 23:44:38,1
INT0000003953,PLAY0000030016,U0001862,V00011477,share,2026-08-07 17:32:23,1
INT0000003954,PLAY0000030020,U0004643,V00011580,like,2026-07-11 18:10:57,1
INT0000003955,PLAY0000030022,U0007295,V00006557,comment,2026-06-26 08:43:42,1
INT0000003956,PLAY0000030028,U0007951,V00014581,share,2026-08-27 09:01:44,1
INT0000003957,PLAY0000030038,U0000337,V00002376,like,2026-06-01 11:19:09,1
INT0000003958,PLAY0000030049,U0010148,V00011645,like,2026-08-15 06:37:26,1
INT0000003959,PLAY0000030060,U0004786,V00006569,like,2026-08-09 09:50:55,1
INT0000003960,PLAY0000030061,U0007418,V00012299,like,2026-06-16 03:36:03,1
INT0000003961,PLAY0000030067,U0009100,V00012985,like,2026-03-03 17:26:55,1
INT0000003962,PLAY0000030070,U0001795,V00006780,like,2026-08-04 23:11:36,1
INT0000003963,PLAY0000030079,U0007689,V00014396,share,2026-08-08 12:05:44,1
INT0000003964,PLAY0000030086,U0008575,V00011516,like,2026-07-03 15:44:15,1
INT0000003965,PLAY0000030100,U0008921,V00004828,share,2026-04-18 06:30:48,1
INT0000003966,PLAY0000030110,U0008796,V00004277,like,2026-05-28 01:14:41,1
INT0000003967,PLAY0000030116,U0008017,V00005800,follow,2026-07-26 02:47:02,1
INT0000003968,PLAY0000030117,U0006139,V00003895,favorite,2026-08-28 13:46:58,1
INT0000003969,PLAY0000030127,U0007618,V00009677,like,2026-08-23 00:43:59,1
INT0000003970,PLAY0000030136,U0010884,V00004815,like,2026-05-02 18:29:52,1
INT0000003971,PLAY0000030147,U0001831,V00013845,like,2026-07-18 23:27:02,1
INT0000003972,PLAY0000030150,U0005390,V00012150,like,2026-07-04 19:24:29,1
INT0000003973,PLAY0000030152,U0007693,V00011620,like,2026-08-19 20:59:59,1
INT0000003974,PLAY0000030169,U0004929,V00011325,like,2026-07-08 00:03:56,1
INT0000003975,PLAY0000030172,U0003015,V00008536,share,2026-07-30 04:56:16,1
INT0000003976,PLAY0000030173,U0002071,V00001710,comment,2026-08-09 15:04:43,1
INT0000003977,PLAY0000030183,U0002496,V00001765,like,2026-08-27 21:15:54,1
INT0000003978,PLAY0000030199,U0005557,V00002981,favorite,2026-07-27 21:01:41,1
INT0000003979,PLAY0000030202,U0003516,V00001486,like,2026-06-26 04:36:59,1
INT0000003980,PLAY0000030212,U0004109,V00013479,share,2026-07-03 16:49:41,1
INT0000003981,PLAY0000030216,U0002577,V00010884,comment,2026-08-07 16:54:58,1
INT0000003982,PLAY0000030219,U0005574,V00009991,like,2026-08-17 17:04:26,1
INT0000003983,PLAY0000030221,U0011725,V00014937,like,2026-07-30 11:19:47,1
INT0000003984,PLAY0000030222,U0002433,V00006427,like,2026-06-25 18:18:27,1
INT0000003985,PLAY0000030226,U0003086,V00010425,like,2026-08-19 20:41:23,1
INT0000003986,PLAY0000030231,U0004992,V00010542,like,2026-06-30 01:01:33,1
INT0000003987,PLAY0000030237,U0006726,V00012865,favorite,2026-08-26 03:44:33,1
INT0000003988,PLAY0000030247,U0006949,V00003164,like,2026-02-22 16:45:57,1
INT0000003989,PLAY0000030249,U0009773,V00012015,comment,2026-08-18 22:50:30,1
INT0000003990,PLAY0000030254,U0010063,V00009631,share,2026-07-31 10:26:28,1
INT0000003991,PLAY0000030256,U0006239,V00000383,share,2026-08-15 01:49:40,1
INT0000003992,PLAY0000030258,U0003992,V00010693,like,2026-07-17 03:23:10,1
INT0000003993,PLAY0000030278,U0004111,V00012700,like,2026-08-12 12:47:50,1
INT0000003994,PLAY0000030281,U0000113,V00002034,follow,2026-08-03 14:09:52,1
INT0000003995,PLAY0000030295,U0001337,V00008630,favorite,2026-08-15 09:33:52,1
INT0000003996,PLAY0000030297,U0010717,V00000349,comment,2026-07-03 11:33:06,1
INT0000003997,PLAY0000030335,U0002745,V00005782,follow,2026-08-04 18:58:42,1
INT0000003998,PLAY0000030364,U0001232,V00011157,like,2026-07-07 04:13:14,1
INT0000003999,PLAY0000030385,U0000029,V00002272,like,2026-08-12 13:14:43,1
INT0000004000,PLAY0000030393,U0000586,V00000312,follow,2026-03-13 21:31:25,1
INT0000004001,PLAY0000030398,U0004033,V00012762,follow,2026-07-27 03:40:21,1
INT0000004002,PLAY0000030403,U0005126,V00011202,favorite,2026-07-05 22:44:50,1
INT0000004003,PLAY0000030407,U0007952,V00007895,comment,2026-07-19 13:22:43,1
INT0000004004,PLAY0000030428,U0000308,V00003307,favorite,2026-07-22 19:42:22,1
INT0000004005,PLAY0000030451,U0007494,V00009915,share,2026-08-25 05:17:50,1
INT0000004006,PLAY0000030459,U0003911,V00009379,like,2026-08-21 08:28:12,1
INT0000004007,PLAY0000030464,U0002280,V00005492,like,2026-08-27 02:25:27,1
INT0000004008,PLAY0000030467,U0010166,V00005421,like,2026-07-06 11:57:01,1
INT0000004009,PLAY0000030478,U0005620,V00005042,like,2026-08-16 19:42:40,1
INT0000004010,PLAY0000030488,U0005676,V00007373,like,2026-07-30 02:35:23,1
INT0000004011,PLAY0000030492,U0008747,V00006024,like,2026-05-25 20:52:31,1
INT0000004012,PLAY0000030516,U0008361,V00006346,favorite,2026-08-08 21:30:04,1
INT0000004013,PLAY0000030539,U0001479,V00009541,like,2026-08-26 06:13:32,1
INT0000004014,PLAY0000030541,U0004595,V00003764,like,2026-08-20 18:58:55,1
INT0000004015,PLAY0000030547,U0005740,V00010602,follow,2026-07-17 10:29:17,1
INT0000004016,PLAY0000030548,U0005028,V00002761,like,2026-07-10 08:37:14,1
INT0000004017,PLAY0000030572,U0004432,V00002332,comment,2026-05-21 02:04:27,1
INT0000004018,PLAY0000030575,U0003306,V00007671,share,2026-08-28 13:08:55,1
INT0000004019,PLAY0000030589,U0000598,V00007234,like,2026-08-06 09:14:39,1
INT0000004020,PLAY0000030594,U0008500,V00001869,like,2026-08-24 06:01:40,1
INT0000004021,PLAY0000030599,U0006749,V00000435,follow,2026-08-07 15:43:26,1
INT0000004022,PLAY0000030604,U0000745,V00006247,follow,2026-08-18 00:06:37,1
INT0000004023,PLAY0000030606,U0005391,V00007989,like,2026-07-30 14:56:41,1
INT0000004024,PLAY0000030608,U0010784,V00001440,like,2026-06-07 23:05:37,1
INT0000004025,PLAY0000030610,U0007229,V00009516,follow,2026-08-17 19:49:54,1
INT0000004026,PLAY0000030619,U0011390,V00002803,follow,2026-06-13 04:31:50,1
INT0000004027,PLAY0000030620,U0004583,V00000381,like,2026-06-24 05:22:56,1
INT0000004028,PLAY0000030627,U0009176,V00001801,like,2026-03-16 08:56:16,1
INT0000004029,PLAY0000030635,U0008430,V00010095,favorite,2026-08-23 10:40:03,1
INT0000004030,PLAY0000030646,U0007545,V00011674,comment,2026-07-04 19:27:12,1
INT0000004031,PLAY0000030649,U0005319,V00004889,share,2026-08-04 00:35:48,1
INT0000004032,PLAY0000030678,U0003162,V00005932,like,2026-08-08 08:47:58,1
INT0000004033,PLAY0000030690,U0001166,V00010839,comment,2026-05-21 10:55:27,1
INT0000004034,PLAY0000030703,U0011837,V00012309,like,2026-08-21 21:41:20,1
INT0000004035,PLAY0000030718,U0003850,V00012058,comment,2026-08-18 12:58:27,1
INT0000004036,PLAY0000030731,U0007437,V00012533,comment,2026-08-05 07:41:25,1
INT0000004037,PLAY0000030758,U0000569,V00010379,like,2026-07-01 04:06:22,1
INT0000004038,PLAY0000030766,U0000321,V00003582,like,2026-07-13 19:53:52,1
INT0000004039,PLAY0000030767,U0003948,V00006637,like,2026-06-04 22:38:20,1
INT0000004040,PLAY0000030777,U0005729,V00011610,like,2026-08-18 20:30:33,1
INT0000004041,PLAY0000030782,U0002132,V00009472,like,2026-07-20 17:22:07,1
INT0000004042,PLAY0000030783,U0010353,V00006581,like,2026-06-25 05:56:18,1
INT0000004043,PLAY0000030786,U0008101,V00014676,share,2026-06-14 13:11:09,1
INT0000004044,PLAY0000030787,U0006639,V00013662,favorite,2026-07-21 05:36:37,1
INT0000004045,PLAY0000030792,U0011830,V00011498,like,2026-06-05 09:13:05,1
INT0000004046,PLAY0000030800,U0005835,V00010165,favorite,2026-07-11 05:08:24,1
INT0000004047,PLAY0000030808,U0005353,V00007493,comment,2026-07-14 17:58:43,1
INT0000004048,PLAY0000030812,U0009978,V00004369,like,2026-08-12 23:53:11,1
INT0000004049,PLAY0000030831,U0007173,V00000804,like,2026-08-06 22:39:28,1
INT0000004050,PLAY0000030836,U0006145,V00004299,like,2026-05-09 07:22:05,1
INT0000004051,PLAY0000030840,U0011965,V00008078,like,2026-06-14 15:48:00,1
INT0000004052,PLAY0000030845,U0005834,V00014681,like,2026-07-20 05:06:37,1
INT0000004053,PLAY0000030846,U0007794,V00009545,comment,2026-05-16 01:08:36,1
INT0000004054,PLAY0000030848,U0001777,V00006437,share,2026-07-30 14:22:44,1
INT0000004055,PLAY0000030851,U0002293,V00000323,like,2026-02-25 13:02:18,1
INT0000004056,PLAY0000030855,U0005012,V00006153,like,2026-06-26 21:29:19,1
INT0000004057,PLAY0000030862,U0001810,V00013378,favorite,2026-08-02 05:24:25,1
INT0000004058,PLAY0000030865,U0009617,V00004815,share,2026-08-08 16:10:29,1
INT0000004059,PLAY0000030871,U0004684,V00014901,like,2026-05-22 21:43:03,1
INT0000004060,PLAY0000030875,U0000776,V00007877,like,2026-08-24 10:29:46,1
INT0000004061,PLAY0000030880,U0008533,V00011820,share,2026-08-26 23:39:30,1
INT0000004062,PLAY0000030882,U0011498,V00010453,follow,2026-07-02 10:17:30,1
INT0000004063,PLAY0000030892,U0007737,V00009455,follow,2026-06-04 09:13:48,1
INT0000004064,PLAY0000030909,U0008144,V00012733,like,2026-08-24 18:42:56,1
INT0000004065,PLAY0000030932,U0005218,V00001088,favorite,2026-07-26 11:53:30,1
INT0000004066,PLAY0000030940,U0011310,V00010901,share,2026-03-10 06:58:36,1
INT0000004067,PLAY0000030957,U0008433,V00009066,like,2026-07-08 05:52:32,1
INT0000004068,PLAY0000030964,U0009818,V00010392,like,2026-08-11 22:24:26,1
INT0000004069,PLAY0000030965,U0009151,V00012509,like,2026-08-28 08:26:23,1
INT0000004070,PLAY0000030977,U0005474,V00012225,like,2026-07-31 22:16:51,1
INT0000004071,PLAY0000030989,U0008284,V00012164,like,2026-04-13 20:47:20,1
INT0000004072,PLAY0000031001,U0002047,V00010211,favorite,2026-08-15 15:03:17,1
INT0000004073,PLAY0000031022,U0010066,V00006439,favorite,2026-06-22 01:52:03,1
INT0000004074,PLAY0000031034,U0003418,V00009492,share,2026-06-30 21:15:31,1
INT0000004075,PLAY0000031037,U0006262,V00009028,share,2026-08-25 16:08:40,1
INT0000004076,PLAY0000031051,U0008554,V00010628,like,2026-04-06 13:33:55,1
INT0000004077,PLAY0000031056,U0008274,V00014890,favorite,2026-06-06 18:41:29,1
INT0000004078,PLAY0000031083,U0002801,V00010640,comment,2026-05-25 08:06:18,1
INT0000004079,PLAY0000031098,U0004224,V00001365,comment,2026-08-21 14:42:27,1
INT0000004080,PLAY0000031116,U0005201,V00010693,follow,2026-06-18 00:58:58,1
INT0000004081,PLAY0000031120,U0004697,V00014766,like,2026-08-24 02:23:11,1
INT0000004082,PLAY0000031149,U0000829,V00000349,like,2026-04-02 10:31:58,1
INT0000004083,PLAY0000031154,U0010452,V00002948,like,2026-08-27 00:27:22,1
INT0000004084,PLAY0000031156,U0004150,V00005179,like,2026-08-10 00:19:07,1
INT0000004085,PLAY0000031157,U0002362,V00003863,comment,2026-04-07 14:55:32,1
INT0000004086,PLAY0000031162,U0002517,V00002833,like,2026-03-18 03:43:48,1
INT0000004087,PLAY0000031166,U0011906,V00008445,like,2026-08-14 15:24:27,1
INT0000004088,PLAY0000031170,U0001588,V00013263,like,2026-02-24 16:05:08,1
INT0000004089,PLAY0000031172,U0004358,V00003077,like,2026-08-02 15:04:21,1
INT0000004090,PLAY0000031173,U0008600,V00003470,follow,2026-08-25 07:05:40,1
INT0000004091,PLAY0000031178,U0001289,V00000359,like,2026-07-24 06:48:46,1
INT0000004092,PLAY0000031179,U0011888,V00008301,like,2026-07-14 20:52:30,1
INT0000004093,PLAY0000031181,U0002188,V00011260,like,2026-08-20 18:42:02,1
INT0000004094,PLAY0000031189,U0005482,V00014421,like,2026-08-26 11:22:44,1
INT0000004095,PLAY0000031202,U0003629,V00010247,comment,2026-08-20 00:54:54,1
INT0000004096,PLAY0000031204,U0002283,V00004063,share,2026-08-25 14:36:38,1
INT0000004097,PLAY0000031205,U0004392,V00013278,like,2026-03-13 21:01:47,1
INT0000004098,PLAY0000031206,U0007736,V00014428,follow,2026-08-03 02:20:41,1
INT0000004099,PLAY0000031214,U0000699,V00014321,share,2026-08-04 08:11:15,1
INT0000004100,PLAY0000031224,U0005074,V00004456,share,2026-07-01 07:07:05,1
INT0000004101,PLAY0000031229,U0011695,V00005712,favorite,2026-05-16 19:54:07,1
INT0000004102,PLAY0000031243,U0004776,V00009890,like,2026-08-16 17:03:02,1
INT0000004103,PLAY0000031263,U0005515,V00000163,follow,2026-03-18 08:21:29,1
INT0000004104,PLAY0000031272,U0005358,V00005706,comment,2026-05-07 12:56:07,1
INT0000004105,PLAY0000031278,U0001405,V00002608,like,2026-05-05 00:31:39,1
INT0000004106,PLAY0000031280,U0005327,V00006835,like,2026-08-11 18:54:04,1
INT0000004107,PLAY0000031285,U0000150,V00014545,like,2026-05-26 23:26:57,1
INT0000004108,PLAY0000031286,U0011727,V00007513,share,2026-05-04 15:06:51,1
INT0000004109,PLAY0000031287,U0000437,V00010577,comment,2026-08-26 20:42:01,1
INT0000004110,PLAY0000031295,U0010752,V00014185,like,2026-06-24 20:44:03,1
INT0000004111,PLAY0000031303,U0000022,V00009806,favorite,2026-08-24 14:22:57,1
INT0000004112,PLAY0000031307,U0001866,V00011368,like,2026-08-24 11:26:35,1
INT0000004113,PLAY0000031324,U0003727,V00009283,like,2026-08-22 01:43:01,1
INT0000004114,PLAY0000031330,U0006286,V00010066,like,2026-06-10 23:16:42,1
INT0000004115,PLAY0000031344,U0007842,V00008503,follow,2026-08-26 03:31:11,1
INT0000004116,PLAY0000031347,U0010063,V00013659,like,2026-07-24 18:19:41,1
INT0000004117,PLAY0000031350,U0004818,V00012176,like,2026-08-09 05:27:11,1
INT0000004118,PLAY0000031353,U0003134,V00010380,like,2026-05-10 05:26:38,1
INT0000004119,PLAY0000031359,U0000109,V00007611,follow,2026-08-06 17:35:28,1
INT0000004120,PLAY0000031364,U0000767,V00007738,like,2026-07-28 14:29:37,1
INT0000004121,PLAY0000031367,U0002301,V00011882,like,2026-08-27 09:06:02,1
INT0000004122,PLAY0000031378,U0001135,V00000698,like,2026-08-18 19:22:13,1
INT0000004123,PLAY0000031395,U0001376,V00011894,like,2026-08-18 09:06:08,1
INT0000004124,PLAY0000031397,U0002638,V00003283,comment,2026-03-27 15:24:09,1
INT0000004125,PLAY0000031400,U0010762,V00012562,comment,2026-07-26 17:57:05,1
INT0000004126,PLAY0000031415,U0001069,V00009764,like,2026-07-27 07:13:02,1
INT0000004127,PLAY0000031418,U0006650,V00006365,favorite,2026-04-16 13:57:18,1
INT0000004128,PLAY0000031421,U0003940,V00000697,like,2026-06-15 08:47:13,1
INT0000004129,PLAY0000031428,U0009721,V00008604,like,2026-07-22 11:37:30,1
INT0000004130,PLAY0000031431,U0001310,V00002410,follow,2026-03-17 05:03:23,1
INT0000004131,PLAY0000031433,U0005769,V00014483,share,2026-06-17 15:35:18,1
INT0000004132,PLAY0000031440,U0008669,V00001310,comment,2026-01-28 16:27:04,1
INT0000004133,PLAY0000031450,U0004849,V00011834,favorite,2026-08-07 08:09:57,1
INT0000004134,PLAY0000031464,U0002357,V00011509,like,2026-08-17 07:17:36,1
INT0000004135,PLAY0000031471,U0001482,V00006818,like,2026-07-15 02:53:35,1
INT0000004136,PLAY0000031474,U0003496,V00008158,like,2026-07-05 10:09:58,1
INT0000004137,PLAY0000031476,U0011378,V00011410,favorite,2026-06-30 14:06:09,1
INT0000004138,PLAY0000031477,U0009591,V00003399,favorite,2026-07-27 22:07:57,1
INT0000004139,PLAY0000031479,U0003984,V00007921,comment,2026-07-27 03:57:24,1
INT0000004140,PLAY0000031508,U0006469,V00012070,like,2026-08-15 09:21:20,1
INT0000004141,PLAY0000031528,U0010008,V00008295,share,2026-08-02 19:03:37,1
INT0000004142,PLAY0000031533,U0002703,V00006182,share,2026-04-29 11:09:50,1
INT0000004143,PLAY0000031536,U0001363,V00010529,like,2026-08-02 16:38:46,1
INT0000004144,PLAY0000031537,U0004564,V00004649,comment,2026-08-01 23:11:10,1
INT0000004145,PLAY0000031543,U0004908,V00009819,like,2026-08-28 09:58:15,1
INT0000004146,PLAY0000031547,U0007366,V00006146,favorite,2026-08-10 21:20:45,1
INT0000004147,PLAY0000031551,U0010910,V00008237,like,2026-06-01 16:00:08,1
INT0000004148,PLAY0000031556,U0008351,V00008514,favorite,2026-06-10 16:50:37,1
INT0000004149,PLAY0000031577,U0003842,V00011488,follow,2026-06-06 05:10:29,1
INT0000004150,PLAY0000031580,U0008905,V00006212,favorite,2026-08-17 18:44:40,1
INT0000004151,PLAY0000031582,U0008667,V00002297,like,2026-07-10 16:48:24,1
INT0000004152,PLAY0000031590,U0003393,V00007691,like,2026-07-05 21:06:00,1
INT0000004153,PLAY0000031612,U0011600,V00000125,like,2026-07-20 11:38:51,1
INT0000004154,PLAY0000031618,U0007250,V00008906,comment,2026-07-13 18:44:16,1
INT0000004155,PLAY0000031629,U0002062,V00013663,favorite,2026-07-09 12:09:51,1
INT0000004156,PLAY0000031636,U0010876,V00005109,like,2026-06-21 03:24:08,1
INT0000004157,PLAY0000031646,U0004503,V00006254,like,2026-02-16 14:04:43,1
INT0000004158,PLAY0000031656,U0011525,V00006859,like,2026-08-25 14:40:30,1
INT0000004159,PLAY0000031657,U0006992,V00009935,like,2026-07-10 18:56:55,1
INT0000004160,PLAY0000031660,U0006979,V00005708,follow,2026-05-21 07:03:59,1
INT0000004161,PLAY0000031661,U0005344,V00014439,comment,2026-07-05 17:13:50,1
INT0000004162,PLAY0000031667,U0009466,V00005214,like,2026-07-13 05:12:12,1
INT0000004163,PLAY0000031669,U0005867,V00009244,share,2026-03-27 06:52:56,1
INT0000004164,PLAY0000031670,U0004311,V00014316,like,2026-08-02 08:10:06,1
INT0000004165,PLAY0000031672,U0003131,V00006423,like,2026-05-16 18:27:17,1
INT0000004166,PLAY0000031678,U0011464,V00007214,like,2026-08-08 04:26:42,1
INT0000004167,PLAY0000031680,U0010171,V00004320,like,2026-08-23 13:01:48,1
INT0000004168,PLAY0000031683,U0009282,V00002056,favorite,2026-06-10 17:42:06,1
INT0000004169,PLAY0000031686,U0010438,V00013292,comment,2026-06-07 19:44:46,1
INT0000004170,PLAY0000031690,U0001943,V00009590,like,2026-05-08 15:34:26,1
INT0000004171,PLAY0000031696,U0000528,V00006493,share,2026-07-12 13:10:49,1
INT0000004172,PLAY0000031701,U0006980,V00012413,favorite,2026-08-03 01:43:20,1
INT0000004173,PLAY0000031704,U0011945,V00011638,like,2026-05-29 05:25:02,1
INT0000004174,PLAY0000031712,U0005135,V00007926,like,2026-08-07 14:36:28,1
INT0000004175,PLAY0000031718,U0001139,V00011827,favorite,2026-07-22 10:47:05,1
INT0000004176,PLAY0000031725,U0004702,V00013790,like,2026-03-02 16:15:23,1
INT0000004177,PLAY0000031729,U0009257,V00000827,like,2026-07-23 02:18:09,1
INT0000004178,PLAY0000031737,U0011814,V00007441,comment,2026-08-28 00:09:20,1
INT0000004179,PLAY0000031739,U0001636,V00000930,follow,2026-07-21 09:51:40,1
INT0000004180,PLAY0000031748,U0011030,V00007556,comment,2026-08-21 21:04:25,1
INT0000004181,PLAY0000031749,U0006119,V00002633,like,2026-08-13 10:54:39,1
INT0000004182,PLAY0000031751,U0010199,V00000247,like,2026-08-25 11:19:52,1
INT0000004183,PLAY0000031757,U0003437,V00013685,like,2026-08-25 21:11:28,1
INT0000004184,PLAY0000031766,U0010590,V00012082,comment,2026-08-21 20:02:20,1
INT0000004185,PLAY0000031776,U0001470,V00014119,share,2026-04-18 19:08:59,1
INT0000004186,PLAY0000031777,U0010173,V00004103,comment,2026-08-07 15:48:01,1
INT0000004187,PLAY0000031778,U0004008,V00012354,comment,2026-08-25 16:14:02,1
INT0000004188,PLAY0000031785,U0010832,V00011983,share,2026-08-22 05:23:06,1
INT0000004189,PLAY0000031795,U0001224,V00012325,like,2026-07-25 19:24:20,1
INT0000004190,PLAY0000031801,U0007594,V00008814,like,2026-01-30 20:51:30,1
INT0000004191,PLAY0000031807,U0006587,V00003082,like,2026-08-17 23:12:06,1
INT0000004192,PLAY0000031813,U0000970,V00000942,like,2026-06-04 05:55:45,1
INT0000004193,PLAY0000031814,U0011718,V00000148,like,2026-08-25 13:09:20,1
INT0000004194,PLAY0000031820,U0004236,V00001856,follow,2026-08-19 22:16:35,1
INT0000004195,PLAY0000031851,U0009786,V00004934,like,2026-08-24 21:07:33,1
INT0000004196,PLAY0000031858,U0008630,V00009955,like,2026-08-27 12:55:34,1
INT0000004197,PLAY0000031860,U0009512,V00005298,like,2026-07-28 00:06:37,1
INT0000004198,PLAY0000031863,U0002811,V00001029,like,2026-08-15 21:25:05,1
INT0000004199,PLAY0000031868,U0003126,V00011222,share,2026-08-23 02:41:00,1
INT0000004200,PLAY0000031870,U0003414,V00008252,comment,2026-08-15 14:55:40,1
INT0000004201,PLAY0000031910,U0001536,V00000309,favorite,2026-08-06 18:23:17,1
INT0000004202,PLAY0000031918,U0005243,V00009418,favorite,2026-04-08 06:19:57,1
INT0000004203,PLAY0000031924,U0007379,V00004900,comment,2026-03-03 00:45:16,1
INT0000004204,PLAY0000031928,U0007756,V00005081,like,2026-07-11 20:35:37,1
INT0000004205,PLAY0000031931,U0009233,V00013464,like,2026-07-09 16:31:55,1
INT0000004206,PLAY0000031932,U0008146,V00013589,like,2026-06-28 12:08:55,1
INT0000004207,PLAY0000031943,U0005022,V00001772,like,2026-07-01 21:25:21,1
INT0000004208,PLAY0000031957,U0007171,V00014037,like,2026-03-07 03:58:03,1
INT0000004209,PLAY0000031960,U0001207,V00013129,like,2026-04-17 16:19:07,1
INT0000004210,PLAY0000031962,U0004911,V00008235,like,2026-02-10 13:46:45,1
INT0000004211,PLAY0000031967,U0010712,V00011057,comment,2026-08-05 01:13:49,1
INT0000004212,PLAY0000031969,U0009206,V00012140,like,2026-06-01 14:31:08,1
INT0000004213,PLAY0000031982,U0011997,V00010476,comment,2026-05-24 14:36:05,1
INT0000004214,PLAY0000031989,U0000346,V00004054,like,2026-08-28 23:57:14,1
INT0000004215,PLAY0000032002,U0004662,V00009813,favorite,2026-07-29 22:13:08,1
INT0000004216,PLAY0000032005,U0011886,V00008535,like,2026-06-08 21:12:38,1
INT0000004217,PLAY0000032020,U0000755,V00001542,like,2026-06-15 00:33:35,1
INT0000004218,PLAY0000032021,U0003820,V00002824,favorite,2026-08-28 17:15:04,1
INT0000004219,PLAY0000032031,U0006239,V00003569,like,2026-03-02 01:36:39,1
INT0000004220,PLAY0000032049,U0002029,V00002662,like,2026-06-19 04:22:00,1
INT0000004221,PLAY0000032052,U0008449,V00005002,like,2026-07-31 10:13:15,1
INT0000004222,PLAY0000032055,U0008869,V00004629,comment,2026-07-05 07:17:53,1
INT0000004223,PLAY0000032058,U0000805,V00007720,follow,2026-06-23 11:21:33,1
INT0000004224,PLAY0000032099,U0011058,V00005317,like,2026-03-09 09:27:41,1
INT0000004225,PLAY0000032101,U0001130,V00001077,like,2026-07-17 13:17:33,1
INT0000004226,PLAY0000032103,U0004039,V00001663,like,2026-07-01 08:23:46,1
INT0000004227,PLAY0000032112,U0008601,V00011165,favorite,2026-05-26 21:47:54,1
INT0000004228,PLAY0000032115,U0002481,V00014143,like,2026-08-23 11:58:28,1
INT0000004229,PLAY0000032118,U0011101,V00001581,favorite,2026-08-09 22:29:05,1
INT0000004230,PLAY0000032121,U0003393,V00002152,comment,2026-07-22 04:05:55,1
INT0000004231,PLAY0000032137,U0003537,V00005524,favorite,2026-03-17 00:49:45,1
INT0000004232,PLAY0000032143,U0008641,V00011303,share,2026-08-12 16:03:54,1
INT0000004233,PLAY0000032161,U0010584,V00014549,comment,2026-07-07 17:05:06,1
INT0000004234,PLAY0000032185,U0002334,V00008969,like,2026-08-28 12:09:28,1
INT0000004235,PLAY0000032208,U0002330,V00001191,like,2026-05-17 18:35:54,1
INT0000004236,PLAY0000032224,U0003550,V00013314,like,2026-05-22 20:52:37,1
INT0000004237,PLAY0000032241,U0004146,V00012602,follow,2026-06-14 09:26:40,1
INT0000004238,PLAY0000032249,U0002765,V00002230,share,2026-08-14 21:59:34,1
INT0000004239,PLAY0000032263,U0006002,V00011629,like,2026-08-13 21:00:30,1
INT0000004240,PLAY0000032265,U0006922,V00003808,like,2026-06-20 10:26:05,1
INT0000004241,PLAY0000032266,U0010818,V00010791,share,2026-08-25 19:01:50,1
INT0000004242,PLAY0000032267,U0007831,V00005062,share,2026-08-12 18:28:08,1
INT0000004243,PLAY0000032287,U0000467,V00012258,share,2026-08-05 18:37:06,1
INT0000004244,PLAY0000032289,U0009643,V00005086,like,2026-08-14 09:38:32,1
INT0000004245,PLAY0000032290,U0002980,V00004067,like,2026-03-14 18:17:17,1
INT0000004246,PLAY0000032293,U0009049,V00004245,favorite,2026-07-17 15:26:04,1
INT0000004247,PLAY0000032294,U0007981,V00001597,like,2026-07-30 07:59:25,1
INT0000004248,PLAY0000032303,U0006971,V00005686,favorite,2026-06-26 23:32:09,1
INT0000004249,PLAY0000032306,U0002356,V00001909,follow,2026-08-06 02:31:05,1
INT0000004250,PLAY0000032309,U0005645,V00008581,share,2026-05-26 01:23:03,1
INT0000004251,PLAY0000032311,U0000244,V00005862,favorite,2026-06-29 10:53:03,1
INT0000004252,PLAY0000032315,U0001736,V00001155,comment,2026-08-23 12:33:44,1
INT0000004253,PLAY0000032319,U0003156,V00011535,like,2026-04-23 09:43:38,1
INT0000004254,PLAY0000032329,U0001301,V00008475,like,2026-08-26 10:20:48,1
INT0000004255,PLAY0000032348,U0007114,V00013183,like,2026-02-22 16:58:20,1
INT0000004256,PLAY0000032350,U0005643,V00013922,comment,2026-04-15 09:07:40,1
INT0000004257,PLAY0000032355,U0002402,V00004029,like,2026-07-07 18:48:38,1
INT0000004258,PLAY0000032366,U0011198,V00008483,comment,2026-05-12 08:33:32,1
INT0000004259,PLAY0000032370,U0004082,V00004856,like,2026-08-06 07:06:55,1
INT0000004260,PLAY0000032375,U0000493,V00004858,comment,2026-08-25 01:29:53,1
INT0000004261,PLAY0000032379,U0000326,V00012304,share,2026-07-08 12:19:51,1
INT0000004262,PLAY0000032387,U0000803,V00000037,share,2026-08-13 07:00:17,1
INT0000004263,PLAY0000032388,U0006954,V00012973,like,2026-08-17 09:37:05,1
INT0000004264,PLAY0000032392,U0003686,V00013940,like,2026-08-21 18:46:47,1
INT0000004265,PLAY0000032397,U0007362,V00009198,favorite,2026-08-26 10:31:37,1
INT0000004266,PLAY0000032404,U0001107,V00006781,comment,2026-08-12 14:47:04,1
INT0000004267,PLAY0000032407,U0002319,V00014634,like,2026-02-10 12:22:17,1
INT0000004268,PLAY0000032411,U0011536,V00003394,like,2026-06-21 16:36:36,1
INT0000004269,PLAY0000032416,U0004233,V00011091,like,2026-08-13 07:21:07,1
INT0000004270,PLAY0000032421,U0009802,V00003743,like,2026-04-29 09:56:09,1
INT0000004271,PLAY0000032422,U0003555,V00013405,share,2026-08-25 09:51:14,1
INT0000004272,PLAY0000032425,U0000997,V00013051,like,2026-06-01 05:21:23,1
INT0000004273,PLAY0000032427,U0003226,V00001223,favorite,2026-04-27 02:30:03,1
INT0000004274,PLAY0000032430,U0004601,V00011867,favorite,2026-07-16 08:08:53,1
INT0000004275,PLAY0000032433,U0006009,V00004070,like,2026-05-31 00:22:10,1
INT0000004276,PLAY0000032438,U0008416,V00005839,like,2026-08-12 08:02:11,1
INT0000004277,PLAY0000032443,U0009017,V00014108,like,2026-05-28 22:40:48,1
INT0000004278,PLAY0000032449,U0007625,V00008163,like,2026-06-10 09:19:59,1
INT0000004279,PLAY0000032451,U0003282,V00001706,favorite,2026-05-17 05:12:52,1
INT0000004280,PLAY0000032452,U0010707,V00014455,like,2026-02-24 06:40:37,1
INT0000004281,PLAY0000032453,U0005276,V00004115,comment,2026-07-30 12:13:09,1
INT0000004282,PLAY0000032459,U0007815,V00013238,share,2026-08-28 23:20:42,1
INT0000004283,PLAY0000032480,U0002316,V00002611,like,2026-08-06 08:10:40,1
INT0000004284,PLAY0000032489,U0008691,V00004970,comment,2026-08-16 06:06:36,1
INT0000004285,PLAY0000032494,U0006728,V00002361,follow,2026-06-09 01:06:43,1
INT0000004286,PLAY0000032496,U0004555,V00013096,like,2026-08-14 01:31:45,1
INT0000004287,PLAY0000032504,U0009637,V00002234,like,2026-05-31 13:01:20,1
INT0000004288,PLAY0000032511,U0003462,V00009620,comment,2026-08-10 22:06:00,1
INT0000004289,PLAY0000032515,U0002952,V00006309,like,2026-08-11 20:28:50,1
INT0000004290,PLAY0000032519,U0000360,V00005262,like,2026-06-17 12:24:03,1
INT0000004291,PLAY0000032520,U0006340,V00010436,share,2026-05-03 07:53:28,1
INT0000004292,PLAY0000032522,U0002338,V00004325,favorite,2026-07-17 04:00:56,1
INT0000004293,PLAY0000032549,U0009568,V00009666,favorite,2026-07-22 23:08:07,1
INT0000004294,PLAY0000032554,U0011356,V00005590,share,2026-08-04 08:11:30,1
INT0000004295,PLAY0000032561,U0007794,V00009758,comment,2026-07-13 01:54:38,1
INT0000004296,PLAY0000032575,U0004400,V00008169,share,2026-08-02 14:15:31,1
INT0000004297,PLAY0000032582,U0003251,V00009376,like,2026-04-21 08:04:25,1
INT0000004298,PLAY0000032594,U0000968,V00003689,like,2026-03-23 05:45:35,1
INT0000004299,PLAY0000032600,U0000237,V00010357,comment,2026-08-27 16:35:01,1
INT0000004300,PLAY0000032611,U0006036,V00004385,like,2026-08-11 05:34:03,1
INT0000004301,PLAY0000032626,U0003626,V00009476,favorite,2026-05-25 19:00:00,1
INT0000004302,PLAY0000032628,U0008243,V00011731,like,2026-08-28 04:01:28,1
INT0000004303,PLAY0000032633,U0006678,V00006759,like,2026-08-06 17:38:45,1
INT0000004304,PLAY0000032647,U0001569,V00012605,like,2026-05-11 15:43:26,1
INT0000004305,PLAY0000032649,U0002278,V00009685,like,2026-08-21 11:22:40,1
INT0000004306,PLAY0000032654,U0007562,V00004247,comment,2026-02-06 22:47:38,1
INT0000004307,PLAY0000032662,U0008710,V00011802,follow,2026-05-28 23:26:18,1
INT0000004308,PLAY0000032663,U0002248,V00002741,like,2026-07-16 19:19:24,1
INT0000004309,PLAY0000032664,U0000334,V00014755,like,2026-06-24 17:56:56,1
INT0000004310,PLAY0000032666,U0005089,V00007474,like,2026-07-27 19:39:21,1
INT0000004311,PLAY0000032668,U0004644,V00013574,like,2026-07-27 04:05:52,1
INT0000004312,PLAY0000032677,U0011356,V00006486,like,2026-08-03 04:54:33,1
INT0000004313,PLAY0000032687,U0003065,V00004047,like,2026-08-06 14:27:00,1
INT0000004314,PLAY0000032689,U0005893,V00010261,favorite,2026-08-28 18:21:05,1
INT0000004315,PLAY0000032698,U0004562,V00008233,comment,2026-08-09 16:16:44,1
INT0000004316,PLAY0000032704,U0007753,V00002373,share,2026-07-30 00:45:16,1
INT0000004317,PLAY0000032713,U0010185,V00009350,like,2026-07-30 16:25:11,1
INT0000004318,PLAY0000032716,U0002607,V00005313,favorite,2026-08-15 02:27:26,1
INT0000004319,PLAY0000032718,U0008548,V00010589,like,2026-07-29 20:09:35,1
INT0000004320,PLAY0000032733,U0006368,V00005748,like,2026-07-10 17:42:32,1
INT0000004321,PLAY0000032734,U0011650,V00000795,comment,2026-08-27 04:19:44,1
INT0000004322,PLAY0000032737,U0000735,V00011069,like,2026-07-21 09:05:35,1
INT0000004323,PLAY0000032748,U0010166,V00006568,share,2026-08-07 18:44:44,1
INT0000004324,PLAY0000032752,U0008621,V00011168,like,2026-07-29 23:31:56,1
INT0000004325,PLAY0000032779,U0003760,V00002088,like,2026-06-22 06:12:21,1
INT0000004326,PLAY0000032783,U0000199,V00013187,like,2026-08-21 22:44:09,1
INT0000004327,PLAY0000032787,U0000480,V00013106,favorite,2026-08-26 03:54:28,1
INT0000004328,PLAY0000032809,U0005316,V00009016,favorite,2026-06-08 03:16:16,1
INT0000004329,PLAY0000032829,U0006651,V00009878,follow,2026-07-28 00:05:50,1
INT0000004330,PLAY0000032848,U0000966,V00003920,like,2026-07-16 19:13:26,1
INT0000004331,PLAY0000032850,U0007082,V00013637,comment,2026-08-28 06:34:34,1
INT0000004332,PLAY0000032869,U0010174,V00010481,like,2026-07-27 23:35:39,1
INT0000004333,PLAY0000032870,U0008149,V00001351,favorite,2026-05-29 02:00:11,1
INT0000004334,PLAY0000032883,U0007982,V00002593,favorite,2026-08-09 22:41:15,1
INT0000004335,PLAY0000032900,U0000565,V00007024,like,2026-08-22 07:26:18,1
INT0000004336,PLAY0000032906,U0011979,V00007583,like,2026-06-14 19:05:01,1
INT0000004337,PLAY0000032909,U0008433,V00003007,like,2026-04-08 16:43:25,1
INT0000004338,PLAY0000032916,U0000363,V00000806,like,2026-08-25 22:51:00,1
INT0000004339,PLAY0000032919,U0000677,V00014335,comment,2026-08-25 11:26:36,1
INT0000004340,PLAY0000032924,U0011252,V00006016,like,2026-07-02 03:31:45,1
INT0000004341,PLAY0000032929,U0004233,V00000213,like,2026-08-12 05:01:50,1
INT0000004342,PLAY0000032940,U0005381,V00001102,like,2026-02-17 03:07:59,1
INT0000004343,PLAY0000032948,U0010668,V00003522,share,2026-07-02 11:35:37,1
INT0000004344,PLAY0000032949,U0004425,V00003271,favorite,2026-08-13 06:02:11,1
INT0000004345,PLAY0000032966,U0011567,V00012102,follow,2026-07-02 14:10:07,1
INT0000004346,PLAY0000032973,U0002865,V00011680,like,2026-08-10 18:45:38,1
INT0000004347,PLAY0000032981,U0001020,V00006149,like,2026-06-27 01:32:17,1
INT0000004348,PLAY0000032985,U0003252,V00012900,like,2026-08-26 06:18:32,1
INT0000004349,PLAY0000032986,U0000965,V00006161,comment,2026-07-26 19:42:11,1
INT0000004350,PLAY0000032992,U0004520,V00012098,like,2026-08-09 05:59:09,1
INT0000004351,PLAY0000033009,U0006837,V00014955,like,2026-08-26 23:46:28,1
INT0000004352,PLAY0000033028,U0005124,V00002731,like,2026-05-07 12:55:40,1
INT0000004353,PLAY0000033041,U0006391,V00007754,like,2026-08-13 05:51:55,1
INT0000004354,PLAY0000033042,U0006997,V00011341,like,2026-08-16 22:51:02,1
INT0000004355,PLAY0000033044,U0000341,V00012838,like,2026-07-31 16:29:35,1
INT0000004356,PLAY0000033047,U0006745,V00004990,like,2026-06-16 09:20:31,1
INT0000004357,PLAY0000033050,U0007905,V00004723,like,2026-07-10 08:02:20,1
INT0000004358,PLAY0000033054,U0010049,V00009444,like,2026-05-20 11:25:16,1
INT0000004359,PLAY0000033055,U0005440,V00013762,like,2026-08-23 12:34:14,1
INT0000004360,PLAY0000033064,U0010961,V00004931,favorite,2026-07-26 16:15:18,1
INT0000004361,PLAY0000033065,U0006384,V00005728,like,2026-05-31 07:56:00,1
INT0000004362,PLAY0000033076,U0010628,V00008530,like,2026-03-24 23:58:21,1
INT0000004363,PLAY0000033087,U0005154,V00013199,like,2026-08-23 23:17:40,1
INT0000004364,PLAY0000033092,U0005051,V00005065,like,2026-07-23 18:51:52,1
INT0000004365,PLAY0000033101,U0002454,V00007690,like,2026-06-21 02:25:51,1
INT0000004366,PLAY0000033128,U0002531,V00004997,like,2026-08-15 08:18:28,1
INT0000004367,PLAY0000033137,U0005366,V00001369,like,2026-08-27 04:55:40,1
INT0000004368,PLAY0000033138,U0000742,V00008582,like,2026-08-25 01:10:26,1
INT0000004369,PLAY0000033141,U0008103,V00003889,like,2026-04-22 09:58:40,1
INT0000004370,PLAY0000033154,U0005464,V00013373,favorite,2026-06-08 21:17:35,1
INT0000004371,PLAY0000033168,U0008779,V00000394,like,2026-05-30 22:56:40,1
INT0000004372,PLAY0000033176,U0005513,V00007058,comment,2026-08-26 06:50:11,1
INT0000004373,PLAY0000033183,U0008081,V00007363,comment,2026-06-21 14:34:11,1
INT0000004374,PLAY0000033199,U0008372,V00000157,comment,2026-08-24 20:42:49,1
INT0000004375,PLAY0000033203,U0004432,V00005005,follow,2026-06-14 16:13:55,1
INT0000004376,PLAY0000033207,U0008832,V00001823,like,2026-03-19 14:14:49,1
INT0000004377,PLAY0000033212,U0005814,V00000426,like,2026-07-06 04:58:09,1
INT0000004378,PLAY0000033215,U0003877,V00007585,like,2026-08-20 11:39:22,1
INT0000004379,PLAY0000033227,U0001780,V00009087,like,2026-08-23 16:05:47,1
INT0000004380,PLAY0000033250,U0010554,V00011244,like,2026-07-21 23:56:31,1
INT0000004381,PLAY0000033251,U0005617,V00003460,like,2026-04-13 10:44:09,1
INT0000004382,PLAY0000033256,U0000340,V00002992,favorite,2026-08-25 01:37:51,1
INT0000004383,PLAY0000033264,U0010343,V00006779,like,2026-08-14 08:56:37,1
INT0000004384,PLAY0000033268,U0007144,V00005056,comment,2026-08-10 10:08:43,1
INT0000004385,PLAY0000033270,U0004748,V00001764,like,2026-07-06 15:44:09,1
INT0000004386,PLAY0000033281,U0004254,V00003615,like,2026-07-08 17:37:33,1
INT0000004387,PLAY0000033301,U0000316,V00005189,comment,2026-07-31 11:15:34,1
INT0000004388,PLAY0000033305,U0006972,V00003930,favorite,2026-08-28 10:56:40,1
INT0000004389,PLAY0000033306,U0007227,V00014982,follow,2026-05-15 04:21:00,1
INT0000004390,PLAY0000033319,U0008038,V00008117,comment,2026-07-28 09:13:12,1
INT0000004391,PLAY0000033322,U0008052,V00007067,like,2026-08-23 04:44:03,1
INT0000004392,PLAY0000033325,U0006547,V00003558,like,2026-08-19 07:05:38,1
INT0000004393,PLAY0000033333,U0009500,V00001130,follow,2026-05-07 10:48:51,1
INT0000004394,PLAY0000033361,U0009370,V00007532,favorite,2026-08-04 04:28:04,1
INT0000004395,PLAY0000033362,U0004758,V00014929,comment,2026-04-25 20:18:37,1
INT0000004396,PLAY0000033368,U0008291,V00009610,like,2026-02-22 23:25:36,1
INT0000004397,PLAY0000033370,U0005368,V00003939,like,2026-07-09 08:26:39,1
INT0000004398,PLAY0000033373,U0001113,V00013406,favorite,2026-08-19 17:21:00,1
INT0000004399,PLAY0000033377,U0007945,V00003563,share,2026-08-23 16:27:03,1
INT0000004400,PLAY0000033378,U0003112,V00000659,comment,2026-08-02 00:30:01,1
INT0000004401,PLAY0000033383,U0001368,V00002159,share,2026-08-24 18:29:53,1
INT0000004402,PLAY0000033400,U0002906,V00004091,like,2026-04-10 23:48:39,1
INT0000004403,PLAY0000033408,U0006608,V00005093,favorite,2026-05-02 18:51:00,1
INT0000004404,PLAY0000033410,U0004609,V00011127,like,2026-08-27 09:41:11,1
INT0000004405,PLAY0000033414,U0001543,V00008273,like,2026-04-30 03:11:31,1
INT0000004406,PLAY0000033417,U0004525,V00007434,like,2026-06-10 18:16:06,1
INT0000004407,PLAY0000033420,U0004181,V00007026,like,2026-07-06 07:13:24,1
INT0000004408,PLAY0000033429,U0001841,V00002212,like,2026-07-17 22:32:55,1
INT0000004409,PLAY0000033433,U0004307,V00001441,like,2026-03-24 04:33:46,1
INT0000004410,PLAY0000033440,U0008514,V00011634,follow,2026-06-12 17:54:38,1
INT0000004411,PLAY0000033448,U0009815,V00013965,favorite,2026-07-02 21:59:29,1
INT0000004412,PLAY0000033451,U0004854,V00004680,share,2026-08-12 06:45:43,1
INT0000004413,PLAY0000033458,U0003479,V00004905,like,2026-05-09 06:06:32,1
INT0000004414,PLAY0000033460,U0007710,V00007982,share,2026-08-28 19:52:07,1
INT0000004415,PLAY0000033464,U0006020,V00007677,like,2026-05-31 16:04:14,1
INT0000004416,PLAY0000033469,U0001833,V00012499,follow,2026-08-04 03:10:56,1
INT0000004417,PLAY0000033470,U0004737,V00010960,like,2026-06-23 11:20:40,1
INT0000004418,PLAY0000033476,U0009033,V00013359,comment,2026-07-16 18:06:11,1
INT0000004419,PLAY0000033480,U0003657,V00014863,like,2026-05-24 05:03:20,1
INT0000004420,PLAY0000033489,U0000472,V00010928,follow,2026-07-25 02:24:06,1
INT0000004421,PLAY0000033497,U0008463,V00013535,share,2026-05-28 06:57:09,1
INT0000004422,PLAY0000033501,U0000033,V00010718,like,2026-08-26 14:24:00,1
INT0000004423,PLAY0000033507,U0004348,V00004156,favorite,2026-08-12 16:31:29,1
INT0000004424,PLAY0000033518,U0010884,V00009433,favorite,2026-08-17 10:10:57,1
INT0000004425,PLAY0000033522,U0000956,V00001929,like,2026-03-24 07:58:12,1
INT0000004426,PLAY0000033546,U0000125,V00005915,follow,2026-04-07 09:00:15,1
INT0000004427,PLAY0000033547,U0010953,V00008215,like,2026-08-28 13:57:10,1
INT0000004428,PLAY0000033553,U0009185,V00004078,like,2026-06-11 10:20:29,1
INT0000004429,PLAY0000033554,U0009048,V00005713,like,2026-06-26 05:46:47,1
INT0000004430,PLAY0000033555,U0010103,V00010405,share,2026-08-11 07:00:20,1
INT0000004431,PLAY0000033562,U0010687,V00001833,share,2026-08-28 17:25:42,1
INT0000004432,PLAY0000033577,U0005337,V00008116,comment,2026-02-19 12:28:49,1
INT0000004433,PLAY0000033585,U0000084,V00014976,like,2026-06-27 18:59:06,1
INT0000004434,PLAY0000033589,U0010076,V00001006,share,2026-08-25 17:02:40,1
INT0000004435,PLAY0000033606,U0008886,V00014148,like,2026-08-25 06:30:55,1
INT0000004436,PLAY0000033610,U0005205,V00004996,like,2026-07-06 14:27:37,1
INT0000004437,PLAY0000033614,U0008218,V00002972,follow,2026-06-22 08:23:27,1
INT0000004438,PLAY0000033616,U0006207,V00014546,like,2026-04-13 20:08:13,1
INT0000004439,PLAY0000033617,U0002843,V00009263,share,2026-06-19 04:55:16,1
INT0000004440,PLAY0000033618,U0010568,V00002685,like,2026-04-25 04:07:04,1
INT0000004441,PLAY0000033628,U0000137,V00004488,like,2026-05-17 18:43:53,1
INT0000004442,PLAY0000033632,U0007250,V00010545,like,2026-08-27 22:46:23,1
INT0000004443,PLAY0000033644,U0001418,V00000922,follow,2026-06-14 14:39:14,1
INT0000004444,PLAY0000033645,U0002291,V00005418,like,2026-07-01 18:47:53,1
INT0000004445,PLAY0000033655,U0011125,V00000598,like,2026-06-21 11:54:59,1
INT0000004446,PLAY0000033669,U0008977,V00011451,like,2026-08-18 21:13:26,1
INT0000004447,PLAY0000033670,U0006333,V00000805,favorite,2026-07-13 05:32:38,1
INT0000004448,PLAY0000033682,U0008739,V00004849,like,2026-08-13 17:26:12,1
INT0000004449,PLAY0000033686,U0006336,V00003761,like,2026-08-21 07:57:49,1
INT0000004450,PLAY0000033687,U0009523,V00000890,like,2026-08-19 08:49:17,1
INT0000004451,PLAY0000033692,U0000841,V00006827,favorite,2026-04-10 06:04:30,1
INT0000004452,PLAY0000033696,U0010483,V00002800,follow,2026-08-17 22:50:37,1
INT0000004453,PLAY0000033700,U0005761,V00010666,like,2026-08-21 16:18:37,1
INT0000004454,PLAY0000033704,U0003997,V00005906,favorite,2026-07-01 19:31:03,1
INT0000004455,PLAY0000033723,U0008325,V00004332,like,2026-04-17 17:35:47,1
INT0000004456,PLAY0000033727,U0008320,V00013582,follow,2026-08-05 23:18:21,1
INT0000004457,PLAY0000033737,U0004698,V00007579,like,2026-08-22 12:15:53,1
INT0000004458,PLAY0000033744,U0006074,V00005885,like,2026-06-05 02:22:33,1
INT0000004459,PLAY0000033747,U0007685,V00007244,follow,2026-08-14 07:32:29,1
INT0000004460,PLAY0000033760,U0009812,V00008746,comment,2026-06-15 12:53:31,1
INT0000004461,PLAY0000033767,U0002212,V00009917,like,2026-08-26 23:16:50,1
INT0000004462,PLAY0000033775,U0000595,V00002901,like,2026-08-19 12:02:44,1
INT0000004463,PLAY0000033778,U0000698,V00013358,follow,2026-05-25 00:59:02,1
INT0000004464,PLAY0000033795,U0007287,V00000984,comment,2026-08-26 08:32:31,1
INT0000004465,PLAY0000033800,U0011294,V00011997,like,2026-04-28 22:31:42,1
INT0000004466,PLAY0000033809,U0001781,V00011931,like,2026-08-23 17:43:00,1
INT0000004467,PLAY0000033814,U0006328,V00009274,favorite,2026-04-26 00:33:13,1
INT0000004468,PLAY0000033819,U0001968,V00006378,like,2026-05-19 19:52:24,1
INT0000004469,PLAY0000033827,U0006789,V00002046,like,2026-05-11 06:07:37,1
INT0000004470,PLAY0000033840,U0003345,V00013412,comment,2026-08-15 02:28:18,1
INT0000004471,PLAY0000033857,U0001149,V00003978,like,2026-08-27 23:02:13,1
INT0000004472,PLAY0000033859,U0002700,V00002153,like,2026-08-28 11:06:12,1
INT0000004473,PLAY0000033862,U0009795,V00010760,like,2026-08-04 22:42:51,1
INT0000004474,PLAY0000033867,U0001628,V00002526,comment,2026-08-04 01:06:54,1
INT0000004475,PLAY0000033868,U0001612,V00010631,like,2026-06-01 13:44:44,1
INT0000004476,PLAY0000033869,U0003521,V00002992,like,2026-08-18 02:51:38,1
INT0000004477,PLAY0000033878,U0010816,V00005504,like,2026-08-09 07:35:08,1
INT0000004478,PLAY0000033888,U0005675,V00012339,share,2026-06-19 10:50:22,1
INT0000004479,PLAY0000033889,U0003451,V00014950,like,2026-08-05 10:23:27,1
INT0000004480,PLAY0000033902,U0006901,V00012486,like,2026-08-28 08:02:52,1
INT0000004481,PLAY0000033910,U0001442,V00002555,like,2026-08-02 14:02:02,1
INT0000004482,PLAY0000033918,U0011343,V00007760,share,2026-06-06 19:04:25,1
INT0000004483,PLAY0000033929,U0009089,V00011774,follow,2026-07-18 05:29:48,1
INT0000004484,PLAY0000033932,U0001178,V00011634,like,2026-08-07 14:58:05,1
INT0000004485,PLAY0000033934,U0003828,V00009459,favorite,2026-08-25 09:09:59,1
INT0000004486,PLAY0000033936,U0010721,V00006979,like,2026-04-10 14:48:09,1
INT0000004487,PLAY0000033938,U0010530,V00012032,share,2026-08-20 13:47:52,1
INT0000004488,PLAY0000033954,U0004655,V00003554,like,2026-06-23 12:16:25,1
INT0000004489,PLAY0000033961,U0010753,V00010112,follow,2026-07-01 10:13:29,1
INT0000004490,PLAY0000033966,U0004492,V00005837,like,2026-07-15 15:32:59,1
INT0000004491,PLAY0000033983,U0009051,V00000743,like,2026-08-28 22:51:23,1
INT0000004492,PLAY0000033999,U0011361,V00003040,like,2026-06-02 09:08:22,1
INT0000004493,PLAY0000034000,U0003477,V00012431,like,2026-08-28 01:25:04,1
INT0000004494,PLAY0000034029,U0003695,V00013975,share,2026-08-20 01:25:19,1
INT0000004495,PLAY0000034038,U0003831,V00003429,favorite,2026-07-16 18:58:01,1
INT0000004496,PLAY0000034048,U0004300,V00012486,like,2026-08-27 08:48:34,1
INT0000004497,PLAY0000034049,U0005101,V00012324,like,2026-08-26 20:32:16,1
INT0000004498,PLAY0000034051,U0006968,V00003340,like,2026-06-18 23:49:14,1
INT0000004499,PLAY0000034052,U0000343,V00000377,like,2026-04-26 08:43:46,1
INT0000004500,PLAY0000034056,U0005479,V00014898,follow,2026-05-21 15:10:56,1
INT0000004501,PLAY0000034057,U0003186,V00000130,like,2026-08-12 22:12:22,1
INT0000004502,PLAY0000034062,U0000925,V00002491,like,2026-07-23 23:43:38,1
INT0000004503,PLAY0000034067,U0005546,V00011884,favorite,2026-08-15 21:58:22,1
INT0000004504,PLAY0000034074,U0000497,V00003077,like,2026-07-30 13:39:14,1
INT0000004505,PLAY0000034090,U0010672,V00014352,like,2026-05-28 13:42:38,1
INT0000004506,PLAY0000034111,U0009604,V00006152,like,2026-06-02 00:06:32,1
INT0000004507,PLAY0000034130,U0009065,V00014318,like,2026-08-22 21:37:14,1
INT0000004508,PLAY0000034138,U0009453,V00006619,comment,2026-04-23 08:37:38,1
INT0000004509,PLAY0000034150,U0009324,V00004260,share,2026-07-17 00:01:32,1
INT0000004510,PLAY0000034152,U0010957,V00005004,like,2026-07-20 09:28:55,1
INT0000004511,PLAY0000034153,U0003240,V00001968,like,2026-07-31 00:17:23,1
INT0000004512,PLAY0000034155,U0008970,V00006053,like,2026-08-10 17:18:14,1
INT0000004513,PLAY0000034157,U0003113,V00000360,like,2026-08-28 11:33:45,1
INT0000004514,PLAY0000034158,U0002218,V00004754,like,2026-04-18 09:19:28,1
INT0000004515,PLAY0000034159,U0000306,V00008775,like,2026-08-27 00:23:49,1
INT0000004516,PLAY0000034169,U0011320,V00013329,like,2026-08-13 18:15:09,1
INT0000004517,PLAY0000034171,U0006285,V00003476,like,2026-06-24 12:40:09,1
INT0000004518,PLAY0000034191,U0007908,V00005912,like,2026-07-25 00:02:59,1
INT0000004519,PLAY0000034192,U0011662,V00008299,comment,2026-08-03 00:36:35,1
INT0000004520,PLAY0000034219,U0008801,V00000673,like,2026-08-20 20:25:53,1
INT0000004521,PLAY0000034222,U0007328,V00012820,like,2026-04-13 17:51:21,1
INT0000004522,PLAY0000034244,U0006478,V00009487,like,2026-08-08 03:08:11,1
INT0000004523,PLAY0000034252,U0006225,V00008338,favorite,2026-08-07 22:59:31,1
INT0000004524,PLAY0000034253,U0000961,V00013346,favorite,2026-08-27 19:13:24,1
INT0000004525,PLAY0000034258,U0008994,V00009549,like,2026-08-01 13:47:38,1
INT0000004526,PLAY0000034260,U0006708,V00006276,follow,2026-08-21 22:32:53,1
INT0000004527,PLAY0000034266,U0004293,V00003615,like,2026-05-23 04:54:01,1
INT0000004528,PLAY0000034271,U0003576,V00010755,share,2026-05-25 23:18:37,1
INT0000004529,PLAY0000034274,U0002906,V00008951,comment,2026-07-19 00:31:45,1
INT0000004530,PLAY0000034276,U0000723,V00010894,like,2026-08-27 16:27:27,1
INT0000004531,PLAY0000034284,U0007724,V00006221,follow,2026-06-13 09:43:02,1
INT0000004532,PLAY0000034299,U0011900,V00000603,like,2026-07-16 12:06:49,1
INT0000004533,PLAY0000034300,U0001540,V00006368,like,2026-08-23 20:35:30,1
INT0000004534,PLAY0000034301,U0008826,V00014115,like,2026-08-21 00:07:49,1
INT0000004535,PLAY0000034328,U0002591,V00010262,comment,2026-07-26 03:20:47,1
INT0000004536,PLAY0000034330,U0006238,V00008571,follow,2026-08-19 08:06:57,1
INT0000004537,PLAY0000034333,U0006360,V00000350,like,2026-08-28 00:47:20,1
INT0000004538,PLAY0000034342,U0007760,V00005724,like,2026-08-16 03:17:07,1
INT0000004539,PLAY0000034355,U0001388,V00002128,like,2026-08-01 15:31:18,1
INT0000004540,PLAY0000034361,U0005051,V00012451,like,2026-08-17 08:49:01,1
INT0000004541,PLAY0000034362,U0010802,V00007027,follow,2026-05-06 20:54:04,1
INT0000004542,PLAY0000034403,U0010860,V00004155,like,2026-08-25 19:52:09,1
INT0000004543,PLAY0000034412,U0005147,V00000334,comment,2026-08-28 13:27:18,1
INT0000004544,PLAY0000034413,U0005291,V00014003,favorite,2026-08-18 16:58:24,1
INT0000004545,PLAY0000034419,U0007731,V00008540,favorite,2026-07-02 15:21:38,1
INT0000004546,PLAY0000034422,U0002486,V00006451,follow,2026-07-09 06:18:59,1
INT0000004547,PLAY0000034424,U0010477,V00002988,like,2026-08-04 19:23:18,1
INT0000004548,PLAY0000034444,U0005498,V00012173,favorite,2026-07-20 19:57:54,1
INT0000004549,PLAY0000034447,U0000463,V00002725,share,2026-07-28 21:54:43,1
INT0000004550,PLAY0000034456,U0010876,V00000945,comment,2026-01-14 01:18:24,1
INT0000004551,PLAY0000034458,U0001240,V00007779,follow,2026-04-18 11:07:34,1
INT0000004552,PLAY0000034465,U0007861,V00008810,follow,2026-08-26 21:11:38,1
INT0000004553,PLAY0000034472,U0010698,V00009259,favorite,2026-05-27 02:05:48,1
INT0000004554,PLAY0000034487,U0010291,V00008330,favorite,2026-08-11 19:34:30,1
INT0000004555,PLAY0000034493,U0009669,V00007638,favorite,2026-05-14 01:25:13,1
INT0000004556,PLAY0000034496,U0009865,V00002835,favorite,2026-06-04 20:50:35,1
INT0000004557,PLAY0000034498,U0005027,V00006811,like,2026-04-19 23:48:49,1
INT0000004558,PLAY0000034508,U0004531,V00009488,like,2026-08-27 20:34:30,1
INT0000004559,PLAY0000034529,U0004711,V00014379,share,2026-08-24 02:34:25,1
INT0000004560,PLAY0000034554,U0006995,V00009638,like,2026-08-11 21:45:51,1
INT0000004561,PLAY0000034555,U0002016,V00001343,favorite,2026-07-16 23:57:58,1
INT0000004562,PLAY0000034557,U0006382,V00014436,favorite,2026-08-07 11:31:06,1
INT0000004563,PLAY0000034569,U0004012,V00006517,follow,2026-05-19 20:29:01,1
INT0000004564,PLAY0000034571,U0003038,V00006256,like,2026-05-29 09:08:14,1
INT0000004565,PLAY0000034581,U0004146,V00010412,comment,2026-08-25 18:00:35,1
INT0000004566,PLAY0000034585,U0011449,V00014379,favorite,2026-07-01 12:49:02,1
INT0000004567,PLAY0000034588,U0010550,V00006242,like,2026-08-01 03:21:12,1
INT0000004568,PLAY0000034591,U0000943,V00011532,comment,2026-08-05 09:51:41,1
INT0000004569,PLAY0000034592,U0003296,V00013512,like,2026-07-20 02:26:01,1
INT0000004570,PLAY0000034596,U0001183,V00000726,like,2026-08-22 07:02:54,1
INT0000004571,PLAY0000034599,U0002116,V00010835,follow,2026-03-25 01:28:47,1
INT0000004572,PLAY0000034601,U0010822,V00005393,share,2026-05-29 01:25:34,1
INT0000004573,PLAY0000034606,U0010769,V00006968,like,2026-05-02 11:49:57,1
INT0000004574,PLAY0000034636,U0011732,V00000934,like,2026-08-07 21:40:05,1
INT0000004575,PLAY0000034650,U0001962,V00013872,share,2026-05-24 07:04:10,1
INT0000004576,PLAY0000034652,U0005829,V00005932,favorite,2026-08-13 12:03:04,1
INT0000004577,PLAY0000034656,U0006963,V00000603,share,2026-04-19 02:05:37,1
INT0000004578,PLAY0000034660,U0011515,V00011048,favorite,2026-06-13 14:08:33,1
INT0000004579,PLAY0000034674,U0004593,V00004281,share,2026-08-26 15:58:26,1
INT0000004580,PLAY0000034686,U0001030,V00001967,like,2026-08-23 14:56:12,1
INT0000004581,PLAY0000034701,U0001395,V00009809,like,2026-06-27 16:48:14,1
INT0000004582,PLAY0000034709,U0004314,V00002554,comment,2026-08-02 00:56:58,1
INT0000004583,PLAY0000034711,U0008230,V00000697,favorite,2026-05-09 08:49:24,1
INT0000004584,PLAY0000034735,U0009063,V00013184,like,2026-03-31 21:06:27,1
INT0000004585,PLAY0000034738,U0010428,V00006504,like,2026-08-27 23:56:08,1
INT0000004586,PLAY0000034750,U0003570,V00007908,comment,2026-07-29 21:13:13,1
INT0000004587,PLAY0000034758,U0008590,V00010065,follow,2026-06-04 21:49:45,1
INT0000004588,PLAY0000034760,U0004991,V00000979,like,2026-08-19 17:42:14,1
INT0000004589,PLAY0000034774,U0008725,V00002160,like,2026-05-08 12:53:18,1
INT0000004590,PLAY0000034781,U0011402,V00001089,like,2026-08-26 18:12:44,1
INT0000004591,PLAY0000034815,U0000575,V00008291,comment,2026-07-19 21:48:46,1
INT0000004592,PLAY0000034824,U0000794,V00001558,like,2026-07-05 00:21:47,1
INT0000004593,PLAY0000034827,U0003098,V00011271,like,2026-08-28 03:19:27,1
INT0000004594,PLAY0000034835,U0009504,V00007337,comment,2026-05-03 23:52:46,1
INT0000004595,PLAY0000034847,U0007622,V00001628,like,2026-07-18 13:02:50,1
INT0000004596,PLAY0000034864,U0004340,V00014676,like,2026-05-29 02:21:10,1
INT0000004597,PLAY0000034866,U0010777,V00012429,like,2026-06-16 15:40:15,1
INT0000004598,PLAY0000034870,U0010000,V00001989,share,2026-08-18 22:49:59,1
INT0000004599,PLAY0000034879,U0000906,V00000544,comment,2026-08-28 01:42:37,1
INT0000004600,PLAY0000034891,U0007698,V00003246,like,2026-07-29 07:27:38,1
INT0000004601,PLAY0000034893,U0002502,V00007690,follow,2026-07-02 00:25:09,1
INT0000004602,PLAY0000034905,U0011514,V00002456,like,2026-08-12 22:35:42,1
INT0000004603,PLAY0000034924,U0007248,V00008580,share,2026-08-04 23:30:23,1
INT0000004604,PLAY0000034944,U0011453,V00008286,like,2026-08-10 12:40:50,1
INT0000004605,PLAY0000034945,U0009481,V00005340,like,2026-08-24 09:55:39,1
INT0000004606,PLAY0000034953,U0006968,V00001632,like,2026-08-07 00:33:09,1
INT0000004607,PLAY0000034959,U0006877,V00001540,like,2026-03-08 00:36:40,1
INT0000004608,PLAY0000034960,U0000353,V00014456,comment,2026-07-20 01:06:18,1
INT0000004609,PLAY0000034967,U0000746,V00013095,like,2026-08-23 06:55:12,1
INT0000004610,PLAY0000034968,U0002499,V00012218,like,2026-08-20 17:30:25,1
INT0000004611,PLAY0000034970,U0009302,V00009907,like,2026-07-26 22:34:33,1
INT0000004612,PLAY0000034973,U0008616,V00006179,share,2026-08-12 00:59:41,1
INT0000004613,PLAY0000034975,U0010284,V00007475,comment,2026-06-02 13:26:53,1
INT0000004614,PLAY0000034982,U0005703,V00003087,like,2026-08-21 23:36:02,1
INT0000004615,PLAY0000034990,U0002462,V00006720,favorite,2026-05-17 16:20:47,1
INT0000004616,PLAY0000034996,U0007142,V00012433,comment,2026-08-04 13:45:25,1
INT0000004617,PLAY0000034997,U0003861,V00004122,like,2026-08-18 04:02:50,1
INT0000004618,PLAY0000035006,U0006744,V00000034,like,2026-08-16 07:28:58,1
INT0000004619,PLAY0000035015,U0005216,V00009521,like,2026-08-17 07:00:48,1
INT0000004620,PLAY0000035024,U0008328,V00004683,favorite,2026-08-17 22:26:21,1
INT0000004621,PLAY0000035026,U0008718,V00007991,like,2026-08-23 11:29:17,1
INT0000004622,PLAY0000035033,U0002620,V00001847,like,2026-07-31 10:22:36,1
INT0000004623,PLAY0000035036,U0003265,V00003723,like,2026-08-20 11:11:30,1
INT0000004624,PLAY0000035037,U0009979,V00007894,like,2026-07-18 03:23:44,1
INT0000004625,PLAY0000035061,U0008808,V00010861,share,2026-07-31 04:30:59,1
INT0000004626,PLAY0000035068,U0006036,V00009421,like,2026-05-08 18:36:13,1
INT0000004627,PLAY0000035070,U0003868,V00001520,share,2026-07-02 14:55:10,1
INT0000004628,PLAY0000035072,U0004364,V00005131,follow,2026-07-14 12:20:01,1
INT0000004629,PLAY0000035074,U0004950,V00014690,like,2026-07-10 18:29:24,1
INT0000004630,PLAY0000035087,U0003228,V00014603,like,2026-06-28 14:32:10,1
INT0000004631,PLAY0000035092,U0010235,V00006513,comment,2026-08-28 06:17:37,1
INT0000004632,PLAY0000035102,U0004475,V00007524,like,2026-08-26 00:36:43,1
INT0000004633,PLAY0000035111,U0005584,V00011564,like,2026-08-25 16:50:19,1
INT0000004634,PLAY0000035129,U0001096,V00014411,like,2026-06-28 18:40:43,1
INT0000004635,PLAY0000035138,U0008972,V00012565,like,2026-07-18 17:43:10,1
INT0000004636,PLAY0000035144,U0002523,V00013236,like,2026-04-25 04:35:59,1
INT0000004637,PLAY0000035155,U0007918,V00005906,like,2026-08-08 22:29:26,1
INT0000004638,PLAY0000035178,U0003090,V00000595,like,2026-03-21 08:08:03,1
INT0000004639,PLAY0000035196,U0010818,V00011652,share,2026-08-26 21:00:58,1
INT0000004640,PLAY0000035205,U0006604,V00006097,like,2026-07-03 17:35:38,1
INT0000004641,PLAY0000035209,U0011504,V00006085,favorite,2026-08-18 02:47:38,1
INT0000004642,PLAY0000035226,U0003601,V00001929,comment,2026-03-03 23:18:07,1
INT0000004643,PLAY0000035253,U0005750,V00012984,like,2026-04-22 21:05:54,1
INT0000004644,PLAY0000035266,U0002825,V00004817,share,2026-08-12 13:33:28,1
INT0000004645,PLAY0000035269,U0005916,V00012827,follow,2026-04-08 00:46:26,1
INT0000004646,PLAY0000035276,U0005170,V00003813,share,2026-04-20 05:22:22,1
INT0000004647,PLAY0000035277,U0010090,V00009759,comment,2026-05-21 05:12:58,1
INT0000004648,PLAY0000035296,U0003262,V00004421,like,2026-08-28 23:29:59,1
INT0000004649,PLAY0000035299,U0004845,V00007791,favorite,2026-05-31 22:17:26,1
INT0000004650,PLAY0000035306,U0001348,V00011759,share,2026-07-27 03:26:04,1
INT0000004651,PLAY0000035307,U0003902,V00012093,comment,2026-08-25 03:33:45,1
INT0000004652,PLAY0000035308,U0006214,V00000896,like,2026-08-28 13:53:36,1
INT0000004653,PLAY0000035314,U0006854,V00008970,favorite,2026-08-05 00:24:51,1
INT0000004654,PLAY0000035318,U0004319,V00005717,like,2026-08-06 13:45:19,1
INT0000004655,PLAY0000035319,U0010788,V00010814,follow,2026-07-04 15:32:17,1
INT0000004656,PLAY0000035328,U0002660,V00003688,follow,2026-07-10 07:20:52,1
INT0000004657,PLAY0000035331,U0001165,V00012224,like,2026-05-28 21:13:35,1
INT0000004658,PLAY0000035338,U0001341,V00003363,like,2026-07-31 04:36:27,1
INT0000004659,PLAY0000035349,U0010860,V00010304,like,2026-08-21 00:18:26,1
INT0000004660,PLAY0000035357,U0007529,V00005499,like,2026-06-14 12:29:31,1
INT0000004661,PLAY0000035360,U0006951,V00007410,like,2026-08-06 01:19:14,1
INT0000004662,PLAY0000035381,U0008410,V00012119,favorite,2026-07-21 19:38:47,1
INT0000004663,PLAY0000035386,U0005199,V00010118,like,2026-08-01 01:02:33,1
INT0000004664,PLAY0000035399,U0010067,V00009986,share,2026-08-27 15:15:15,1
INT0000004665,PLAY0000035401,U0011479,V00002589,like,2026-08-21 05:44:29,1
INT0000004666,PLAY0000035403,U0006515,V00009484,share,2026-07-30 20:39:06,1
INT0000004667,PLAY0000035405,U0010700,V00002454,comment,2026-08-06 11:24:19,1
INT0000004668,PLAY0000035418,U0008401,V00014650,like,2026-01-28 08:51:44,1
INT0000004669,PLAY0000035420,U0001985,V00008450,like,2026-07-07 06:27:47,1
INT0000004670,PLAY0000035422,U0009200,V00004280,like,2026-08-02 20:48:16,1
INT0000004671,PLAY0000035426,U0009293,V00004098,like,2026-06-27 17:40:47,1
INT0000004672,PLAY0000035429,U0005861,V00014014,like,2026-07-20 20:31:26,1
INT0000004673,PLAY0000035448,U0010433,V00010106,favorite,2026-08-03 16:21:10,1
INT0000004674,PLAY0000035450,U0000671,V00005389,like,2026-08-11 15:23:05,1
INT0000004675,PLAY0000035465,U0010648,V00008298,like,2026-02-15 13:00:44,1
INT0000004676,PLAY0000035476,U0001612,V00014243,like,2026-08-26 06:28:18,1
INT0000004677,PLAY0000035483,U0005070,V00002127,like,2026-08-03 14:55:50,1
INT0000004678,PLAY0000035489,U0011941,V00006371,like,2026-08-05 15:28:59,1
INT0000004679,PLAY0000035493,U0000171,V00006464,like,2026-08-01 02:42:38,1
INT0000004680,PLAY0000035497,U0001348,V00013501,like,2026-04-19 02:01:45,1
INT0000004681,PLAY0000035499,U0006831,V00011680,like,2026-08-20 03:50:03,1
INT0000004682,PLAY0000035501,U0006397,V00007930,like,2026-02-16 19:06:05,1
INT0000004683,PLAY0000035509,U0005245,V00001130,like,2026-03-22 07:24:03,1
INT0000004684,PLAY0000035512,U0009043,V00011450,favorite,2026-05-28 06:18:24,1
INT0000004685,PLAY0000035526,U0010548,V00012351,like,2026-08-24 04:27:01,1
INT0000004686,PLAY0000035529,U0006145,V00008973,like,2026-08-24 23:41:05,1
INT0000004687,PLAY0000035535,U0011250,V00002589,share,2026-08-02 15:54:21,1
INT0000004688,PLAY0000035539,U0005559,V00005146,like,2026-07-28 10:24:09,1
INT0000004689,PLAY0000035540,U0008064,V00002122,like,2026-07-05 15:14:36,1
INT0000004690,PLAY0000035542,U0001426,V00009167,share,2026-01-26 23:36:17,1
INT0000004691,PLAY0000035543,U0001654,V00001577,like,2026-07-02 05:47:18,1
INT0000004692,PLAY0000035576,U0000985,V00002411,like,2026-08-24 04:22:41,1
INT0000004693,PLAY0000035584,U0009822,V00010288,comment,2026-05-01 06:56:56,1
INT0000004694,PLAY0000035622,U0009893,V00009094,like,2026-06-08 18:24:37,1
INT0000004695,PLAY0000035660,U0011387,V00006630,like,2026-07-16 03:25:14,1
INT0000004696,PLAY0000035682,U0006540,V00014749,follow,2026-08-17 15:17:25,1
INT0000004697,PLAY0000035683,U0009826,V00002686,follow,2026-06-19 11:16:10,1
INT0000004698,PLAY0000035684,U0011061,V00002817,like,2026-06-04 11:35:00,1
INT0000004699,PLAY0000035701,U0006036,V00010070,favorite,2026-05-18 17:48:55,1
INT0000004700,PLAY0000035715,U0004745,V00010531,like,2026-04-13 05:38:21,1
INT0000004701,PLAY0000035724,U0011639,V00012959,like,2026-07-24 18:02:50,1
INT0000004702,PLAY0000035729,U0005312,V00003607,comment,2026-06-18 23:41:25,1
INT0000004703,PLAY0000035735,U0003858,V00014225,share,2026-02-28 04:55:24,1
INT0000004704,PLAY0000035741,U0009326,V00002899,like,2026-07-10 01:16:55,1
INT0000004705,PLAY0000035759,U0008202,V00012119,share,2026-06-23 14:58:16,1
INT0000004706,PLAY0000035768,U0007497,V00010125,comment,2026-07-07 02:14:42,1
INT0000004707,PLAY0000035770,U0010530,V00006925,favorite,2026-06-15 08:46:32,1
INT0000004708,PLAY0000035773,U0004272,V00006363,share,2026-08-22 08:36:04,1
INT0000004709,PLAY0000035774,U0001391,V00009594,like,2026-07-09 10:56:29,1
INT0000004710,PLAY0000035775,U0009119,V00007023,like,2026-08-02 06:41:55,1
INT0000004711,PLAY0000035784,U0001849,V00007496,favorite,2026-08-21 01:03:31,1
INT0000004712,PLAY0000035793,U0005681,V00011702,share,2026-03-29 15:21:42,1
INT0000004713,PLAY0000035798,U0005849,V00008348,comment,2026-08-02 03:30:20,1
INT0000004714,PLAY0000035810,U0007833,V00007013,like,2026-07-29 07:15:02,1
INT0000004715,PLAY0000035819,U0008539,V00004826,comment,2026-08-24 11:58:40,1
INT0000004716,PLAY0000035825,U0005757,V00002665,like,2026-06-26 14:09:43,1
INT0000004717,PLAY0000035828,U0008271,V00001336,like,2026-08-03 07:55:13,1
INT0000004718,PLAY0000035829,U0008521,V00011133,like,2026-05-27 15:15:42,1
INT0000004719,PLAY0000035845,U0005222,V00008820,comment,2026-07-15 06:39:13,1
INT0000004720,PLAY0000035850,U0008975,V00002411,comment,2026-07-31 03:08:08,1
INT0000004721,PLAY0000035854,U0003549,V00014085,follow,2026-05-29 02:19:53,1
INT0000004722,PLAY0000035873,U0002289,V00000119,like,2026-08-28 13:29:40,1
INT0000004723,PLAY0000035886,U0008646,V00013068,like,2026-08-10 02:14:34,1
INT0000004724,PLAY0000035904,U0011179,V00002869,like,2026-06-28 01:12:41,1
INT0000004725,PLAY0000035910,U0004264,V00000607,follow,2026-08-25 14:35:31,1
INT0000004726,PLAY0000035912,U0002600,V00012368,like,2026-07-06 05:38:41,1
INT0000004727,PLAY0000035913,U0005771,V00005641,like,2026-08-23 19:23:09,1
INT0000004728,PLAY0000035915,U0011483,V00014538,favorite,2026-07-27 21:12:03,1
INT0000004729,PLAY0000035919,U0009485,V00006019,like,2026-07-16 17:19:33,1
INT0000004730,PLAY0000035925,U0011341,V00014401,share,2026-07-30 18:18:41,1
INT0000004731,PLAY0000035939,U0001490,V00013697,like,2026-04-20 10:14:45,1
INT0000004732,PLAY0000035940,U0006412,V00005520,comment,2026-08-19 04:42:14,1
INT0000004733,PLAY0000035941,U0004836,V00014654,like,2026-04-23 19:47:02,1
INT0000004734,PLAY0000035952,U0001686,V00010350,like,2026-08-06 15:55:20,1
INT0000004735,PLAY0000035959,U0001950,V00004052,share,2026-07-19 02:32:12,1
INT0000004736,PLAY0000035966,U0002612,V00004100,share,2026-05-13 15:30:15,1
INT0000004737,PLAY0000035970,U0004529,V00008060,comment,2026-08-21 12:52:07,1
INT0000004738,PLAY0000035975,U0009974,V00014987,like,2026-08-28 13:14:36,1
INT0000004739,PLAY0000035982,U0009135,V00002608,follow,2026-07-12 15:25:18,1
INT0000004740,PLAY0000035987,U0005430,V00010639,favorite,2026-08-23 01:40:19,1
INT0000004741,PLAY0000035997,U0005243,V00008485,favorite,2026-06-16 09:05:57,1
INT0000004742,PLAY0000036017,U0011375,V00013957,like,2026-08-26 05:14:25,1
INT0000004743,PLAY0000036029,U0004001,V00012275,like,2026-07-03 11:12:33,1
INT0000004744,PLAY0000036036,U0011427,V00003598,like,2026-08-12 16:42:06,1
INT0000004745,PLAY0000036038,U0001100,V00001208,like,2026-08-17 18:20:43,1
INT0000004746,PLAY0000036049,U0006943,V00005093,favorite,2026-07-29 20:45:04,1
INT0000004747,PLAY0000036050,U0003212,V00012325,like,2026-08-22 06:53:44,1
INT0000004748,PLAY0000036063,U0005962,V00009579,favorite,2026-07-22 00:11:32,1
INT0000004749,PLAY0000036065,U0010194,V00005007,like,2026-07-31 18:22:37,1
INT0000004750,PLAY0000036085,U0010286,V00011526,like,2026-08-19 19:11:17,1
INT0000004751,PLAY0000036086,U0011062,V00014915,like,2026-08-17 16:12:08,1
INT0000004752,PLAY0000036090,U0004808,V00003886,like,2026-08-01 17:25:07,1
INT0000004753,PLAY0000036116,U0004371,V00012143,comment,2026-07-13 15:36:11,1
INT0000004754,PLAY0000036120,U0004583,V00012982,follow,2026-07-23 15:55:01,1
INT0000004755,PLAY0000036123,U0005164,V00007786,like,2026-08-28 22:57:14,1
INT0000004756,PLAY0000036124,U0011321,V00008831,favorite,2026-08-10 09:24:40,1
INT0000004757,PLAY0000036128,U0003144,V00007531,like,2026-07-03 19:56:33,1
INT0000004758,PLAY0000036137,U0000167,V00013530,share,2026-04-25 05:29:49,1
INT0000004759,PLAY0000036138,U0000052,V00002715,comment,2026-08-21 13:05:07,1
INT0000004760,PLAY0000036143,U0003698,V00002747,comment,2026-05-12 02:17:12,1
INT0000004761,PLAY0000036155,U0005052,V00008302,like,2026-08-23 07:03:13,1
INT0000004762,PLAY0000036156,U0005481,V00005342,like,2026-07-18 06:13:34,1
INT0000004763,PLAY0000036158,U0001024,V00014517,share,2026-06-03 23:40:56,1
INT0000004764,PLAY0000036167,U0000108,V00000965,comment,2026-02-06 00:37:41,1
INT0000004765,PLAY0000036175,U0003976,V00009507,follow,2026-06-28 09:21:56,1
INT0000004766,PLAY0000036184,U0010010,V00001980,like,2026-08-16 17:48:10,1
INT0000004767,PLAY0000036185,U0011679,V00000950,share,2026-07-04 02:17:47,1
INT0000004768,PLAY0000036187,U0010910,V00007001,share,2026-07-05 02:10:11,1
INT0000004769,PLAY0000036198,U0007123,V00011777,follow,2026-06-26 07:52:55,1
INT0000004770,PLAY0000036199,U0004865,V00009352,like,2026-07-10 14:58:28,1
INT0000004771,PLAY0000036235,U0006054,V00001102,comment,2026-04-01 14:08:23,1
INT0000004772,PLAY0000036253,U0006802,V00005797,like,2026-08-27 22:22:01,1
INT0000004773,PLAY0000036266,U0005350,V00014769,follow,2026-07-02 04:11:53,1
INT0000004774,PLAY0000036273,U0007588,V00014924,like,2026-06-29 14:00:30,1
INT0000004775,PLAY0000036294,U0007986,V00004398,like,2026-08-11 13:25:47,1
INT0000004776,PLAY0000036295,U0004333,V00011793,like,2026-04-15 20:55:12,1
INT0000004777,PLAY0000036298,U0008987,V00003356,like,2026-04-18 05:26:48,1
INT0000004778,PLAY0000036312,U0001317,V00001847,share,2026-07-20 09:19:57,1
INT0000004779,PLAY0000036316,U0007932,V00005974,favorite,2026-07-18 09:55:13,1
INT0000004780,PLAY0000036321,U0002770,V00007338,like,2026-08-28 21:10:48,1
INT0000004781,PLAY0000036339,U0011462,V00006412,like,2026-08-13 20:57:05,1
INT0000004782,PLAY0000036355,U0007818,V00007658,like,2026-06-05 12:47:47,1
INT0000004783,PLAY0000036356,U0009838,V00013658,favorite,2026-04-27 18:59:04,1
INT0000004784,PLAY0000036377,U0008723,V00006258,like,2026-07-01 09:15:16,1
INT0000004785,PLAY0000036381,U0003783,V00005217,like,2026-08-11 05:32:12,1
INT0000004786,PLAY0000036391,U0000115,V00009197,favorite,2026-06-15 16:16:33,1
INT0000004787,PLAY0000036398,U0010420,V00000232,like,2026-06-01 09:52:01,1
INT0000004788,PLAY0000036410,U0000991,V00000086,like,2026-04-25 04:07:39,1
INT0000004789,PLAY0000036411,U0001314,V00013011,like,2026-08-22 12:21:21,1
INT0000004790,PLAY0000036438,U0003203,V00005943,comment,2026-05-11 05:48:31,1
INT0000004791,PLAY0000036447,U0007809,V00010739,follow,2026-08-08 13:54:47,1
INT0000004792,PLAY0000036451,U0004199,V00006652,comment,2026-08-01 23:30:42,1
INT0000004793,PLAY0000036453,U0009582,V00007921,like,2026-08-09 16:11:42,1
INT0000004794,PLAY0000036459,U0002561,V00011322,share,2026-07-30 07:34:06,1
INT0000004795,PLAY0000036479,U0002309,V00013153,like,2026-08-18 11:14:55,1
INT0000004796,PLAY0000036507,U0009076,V00008881,like,2026-06-06 20:07:17,1
INT0000004797,PLAY0000036509,U0010199,V00013853,comment,2026-08-21 19:24:10,1
INT0000004798,PLAY0000036512,U0000490,V00006875,favorite,2026-08-26 14:09:57,1
INT0000004799,PLAY0000036515,U0006920,V00010952,comment,2026-08-07 05:59:03,1
INT0000004800,PLAY0000036521,U0009339,V00002339,share,2026-05-24 13:11:27,1
INT0000004801,PLAY0000036532,U0001515,V00012188,like,2026-04-28 19:05:38,1
INT0000004802,PLAY0000036538,U0000925,V00011488,like,2026-08-13 15:31:30,1
INT0000004803,PLAY0000036541,U0001932,V00004748,comment,2026-08-25 20:52:50,1
INT0000004804,PLAY0000036545,U0011800,V00005598,comment,2026-08-25 17:19:53,1
INT0000004805,PLAY0000036562,U0008656,V00008698,like,2026-06-03 09:14:45,1
INT0000004806,PLAY0000036591,U0011949,V00007727,share,2026-05-01 02:24:46,1
INT0000004807,PLAY0000036597,U0008753,V00005663,favorite,2026-08-18 23:33:27,1
INT0000004808,PLAY0000036598,U0009245,V00011362,like,2026-05-20 17:21:27,1
INT0000004809,PLAY0000036611,U0001937,V00006685,like,2026-07-05 16:22:45,1
INT0000004810,PLAY0000036654,U0008553,V00008209,favorite,2026-08-28 20:07:03,1
INT0000004811,PLAY0000036659,U0011021,V00009368,follow,2026-08-12 08:57:39,1
INT0000004812,PLAY0000036674,U0005034,V00006716,share,2026-07-10 15:40:39,1
INT0000004813,PLAY0000036677,U0006546,V00009973,like,2026-05-17 05:51:53,1
INT0000004814,PLAY0000036680,U0003079,V00011400,comment,2026-07-20 22:25:21,1
INT0000004815,PLAY0000036684,U0003887,V00002521,share,2026-03-07 04:22:30,1
INT0000004816,PLAY0000036694,U0004214,V00006680,like,2026-07-20 08:41:43,1
INT0000004817,PLAY0000036696,U0010287,V00013808,like,2026-04-15 09:58:16,1
INT0000004818,PLAY0000036714,U0006765,V00002451,like,2026-08-19 01:32:34,1
INT0000004819,PLAY0000036715,U0005207,V00014355,comment,2026-05-31 00:11:12,1
INT0000004820,PLAY0000036721,U0000838,V00014164,favorite,2026-04-01 17:20:05,1
INT0000004821,PLAY0000036732,U0003841,V00011519,comment,2026-07-23 11:52:46,1
INT0000004822,PLAY0000036765,U0001636,V00007600,share,2026-08-27 10:59:33,1
INT0000004823,PLAY0000036766,U0004026,V00008299,like,2026-08-25 16:02:06,1
INT0000004824,PLAY0000036775,U0005178,V00000419,like,2026-08-11 01:41:21,1
INT0000004825,PLAY0000036785,U0008393,V00012320,like,2026-08-19 07:29:46,1
INT0000004826,PLAY0000036789,U0005494,V00001426,like,2026-06-26 03:37:34,1
INT0000004827,PLAY0000036792,U0007982,V00009885,like,2026-04-06 12:13:23,1
INT0000004828,PLAY0000036796,U0004812,V00009302,like,2026-07-10 23:43:13,1
INT0000004829,PLAY0000036812,U0003281,V00014599,comment,2026-07-07 23:16:38,1
INT0000004830,PLAY0000036823,U0003158,V00008462,comment,2026-07-29 08:47:16,1
INT0000004831,PLAY0000036833,U0005461,V00008773,follow,2026-08-25 15:10:41,1
INT0000004832,PLAY0000036837,U0001983,V00013219,like,2026-06-24 23:29:25,1
INT0000004833,PLAY0000036847,U0008699,V00007488,comment,2026-08-12 15:51:26,1
INT0000004834,PLAY0000036867,U0008567,V00000280,comment,2026-08-21 06:07:26,1
INT0000004835,PLAY0000036869,U0009236,V00007418,comment,2026-08-28 20:44:54,1
INT0000004836,PLAY0000036879,U0004954,V00011069,like,2026-05-22 21:15:33,1
INT0000004837,PLAY0000036881,U0006845,V00012014,like,2026-04-20 18:48:33,1
INT0000004838,PLAY0000036887,U0005552,V00004173,favorite,2026-06-23 21:43:42,1
INT0000004839,PLAY0000036892,U0011466,V00010256,follow,2026-07-12 12:18:27,1
INT0000004840,PLAY0000036896,U0000688,V00002765,like,2026-08-11 21:56:31,1
INT0000004841,PLAY0000036899,U0004329,V00001510,like,2026-08-28 12:17:02,1
INT0000004842,PLAY0000036902,U0009925,V00005069,share,2026-07-28 21:27:12,1
INT0000004843,PLAY0000036903,U0002514,V00014212,like,2026-07-02 17:48:37,1
INT0000004844,PLAY0000036908,U0004105,V00006378,like,2026-04-21 13:04:34,1
INT0000004845,PLAY0000036923,U0003957,V00012656,like,2026-07-20 12:42:30,1
INT0000004846,PLAY0000036942,U0009009,V00007551,like,2026-08-17 04:45:57,1
INT0000004847,PLAY0000036944,U0003345,V00000082,like,2026-08-07 01:25:45,1
INT0000004848,PLAY0000036951,U0006249,V00004388,comment,2026-04-13 13:12:56,1
INT0000004849,PLAY0000036960,U0006779,V00002321,comment,2026-08-17 05:05:38,1
INT0000004850,PLAY0000036967,U0007291,V00012126,share,2026-03-26 06:22:29,1
INT0000004851,PLAY0000036975,U0010054,V00014624,comment,2026-07-18 02:05:36,1
INT0000004852,PLAY0000036989,U0001780,V00001192,share,2026-08-27 04:30:50,1
INT0000004853,PLAY0000036996,U0011611,V00006510,favorite,2026-08-05 19:09:24,1
INT0000004854,PLAY0000037001,U0003568,V00001679,favorite,2026-08-13 08:56:19,1
INT0000004855,PLAY0000037004,U0010758,V00000930,like,2026-07-15 19:53:57,1
INT0000004856,PLAY0000037012,U0005159,V00010904,like,2026-07-29 23:54:18,1
INT0000004857,PLAY0000037017,U0002990,V00002881,like,2026-07-13 01:34:29,1
INT0000004858,PLAY0000037023,U0008574,V00006170,comment,2026-08-08 16:16:36,1
INT0000004859,PLAY0000037027,U0003622,V00013797,like,2026-08-15 17:50:16,1
INT0000004860,PLAY0000037028,U0007169,V00013262,comment,2026-08-16 12:44:54,1
INT0000004861,PLAY0000037031,U0002725,V00010424,like,2026-08-27 17:52:54,1
INT0000004862,PLAY0000037045,U0002464,V00004998,comment,2026-06-01 07:15:01,1
INT0000004863,PLAY0000037046,U0003202,V00006961,like,2026-03-27 13:13:15,1
INT0000004864,PLAY0000037050,U0007504,V00005675,like,2026-08-11 21:53:17,1
INT0000004865,PLAY0000037058,U0008695,V00013104,like,2026-08-14 22:07:10,1
INT0000004866,PLAY0000037068,U0003190,V00006747,follow,2026-08-26 09:58:06,1
INT0000004867,PLAY0000037090,U0007361,V00007073,like,2026-03-07 14:59:07,1
INT0000004868,PLAY0000037094,U0004321,V00006990,comment,2026-08-25 06:15:13,1
INT0000004869,PLAY0000037111,U0009679,V00009681,comment,2026-08-19 01:20:23,1
INT0000004870,PLAY0000037127,U0008568,V00005847,favorite,2026-08-13 16:42:15,1
INT0000004871,PLAY0000037128,U0001912,V00000441,like,2026-07-12 06:12:31,1
INT0000004872,PLAY0000037131,U0007044,V00013794,like,2026-05-31 11:50:31,1
INT0000004873,PLAY0000037141,U0000086,V00010408,like,2026-06-19 04:29:26,1
INT0000004874,PLAY0000037151,U0000927,V00005770,favorite,2026-07-25 21:04:32,1
INT0000004875,PLAY0000037160,U0000996,V00006392,favorite,2026-07-17 01:40:58,1
INT0000004876,PLAY0000037165,U0010160,V00005399,like,2026-04-25 08:14:45,1
INT0000004877,PLAY0000037180,U0006709,V00009125,comment,2026-05-12 18:08:59,1
INT0000004878,PLAY0000037183,U0004861,V00009412,like,2026-07-31 12:40:51,1
INT0000004879,PLAY0000037193,U0004286,V00005374,comment,2026-06-02 23:51:12,1
INT0000004880,PLAY0000037196,U0000419,V00001776,like,2026-05-05 18:50:07,1
INT0000004881,PLAY0000037198,U0005111,V00010555,like,2026-06-02 01:20:26,1
INT0000004882,PLAY0000037199,U0007056,V00006838,like,2026-04-15 14:55:57,1
INT0000004883,PLAY0000037209,U0009898,V00006292,like,2026-07-18 03:21:23,1
INT0000004884,PLAY0000037211,U0011279,V00006440,follow,2026-08-15 03:21:25,1
INT0000004885,PLAY0000037216,U0000171,V00006693,like,2026-04-27 11:21:29,1
INT0000004886,PLAY0000037219,U0006960,V00002859,follow,2026-04-18 00:47:37,1
INT0000004887,PLAY0000037230,U0002420,V00002599,share,2026-08-10 08:52:52,1
INT0000004888,PLAY0000037235,U0005785,V00011842,like,2026-07-31 17:30:35,1
INT0000004889,PLAY0000037242,U0004962,V00009596,follow,2026-08-25 04:46:47,1
INT0000004890,PLAY0000037247,U0006861,V00008805,like,2026-02-14 09:57:58,1
INT0000004891,PLAY0000037257,U0007804,V00007130,like,2026-06-11 21:52:53,1
INT0000004892,PLAY0000037275,U0001884,V00013045,like,2026-06-09 13:37:18,1
INT0000004893,PLAY0000037285,U0011726,V00011180,like,2026-08-23 22:21:14,1
INT0000004894,PLAY0000037289,U0002251,V00005535,share,2026-08-28 06:11:39,1
INT0000004895,PLAY0000037292,U0010701,V00010881,comment,2026-07-16 19:48:20,1
INT0000004896,PLAY0000037295,U0005783,V00013221,comment,2026-07-04 15:45:59,1
INT0000004897,PLAY0000037298,U0006499,V00005841,like,2026-08-08 07:45:45,1
INT0000004898,PLAY0000037299,U0008850,V00011130,like,2026-05-31 20:37:13,1
INT0000004899,PLAY0000037308,U0006686,V00002960,like,2026-07-01 18:27:41,1
INT0000004900,PLAY0000037321,U0005677,V00003712,share,2026-08-03 00:08:04,1
INT0000004901,PLAY0000037325,U0004737,V00007828,share,2026-05-09 09:49:14,1
INT0000004902,PLAY0000037358,U0005216,V00002933,share,2026-08-11 20:33:35,1
INT0000004903,PLAY0000037363,U0008430,V00007776,like,2026-07-24 11:45:20,1
INT0000004904,PLAY0000037365,U0002088,V00012800,like,2026-08-19 08:50:23,1
INT0000004905,PLAY0000037386,U0009616,V00001940,like,2026-08-01 20:56:25,1
INT0000004906,PLAY0000037394,U0003965,V00001911,comment,2026-08-13 12:22:16,1
INT0000004907,PLAY0000037399,U0000711,V00009901,like,2026-07-09 15:18:06,1
INT0000004908,PLAY0000037418,U0008063,V00006416,like,2026-08-28 20:30:18,1
INT0000004909,PLAY0000037419,U0006859,V00006725,favorite,2026-08-17 03:18:52,1
INT0000004910,PLAY0000037422,U0000006,V00014774,like,2026-08-24 06:46:50,1
INT0000004911,PLAY0000037440,U0001089,V00013939,like,2026-08-11 02:21:33,1
INT0000004912,PLAY0000037446,U0002272,V00013083,like,2026-08-04 10:08:00,1
INT0000004913,PLAY0000037450,U0008134,V00011413,like,2026-08-24 23:08:43,1
INT0000004914,PLAY0000037451,U0000131,V00005826,like,2026-07-29 18:23:25,1
INT0000004915,PLAY0000037461,U0009466,V00003813,favorite,2026-07-06 08:36:36,1
INT0000004916,PLAY0000037467,U0005069,V00002122,comment,2026-08-04 03:33:46,1
INT0000004917,PLAY0000037468,U0004869,V00002813,like,2026-07-31 23:57:26,1
INT0000004918,PLAY0000037477,U0006431,V00007028,comment,2026-04-02 14:02:24,1
INT0000004919,PLAY0000037493,U0006730,V00005291,like,2026-07-07 20:45:50,1
INT0000004920,PLAY0000037495,U0007183,V00002169,like,2026-08-28 09:44:20,1
INT0000004921,PLAY0000037497,U0007814,V00010850,like,2026-08-19 10:40:28,1
INT0000004922,PLAY0000037520,U0005365,V00008089,like,2026-07-18 19:19:52,1
INT0000004923,PLAY0000037522,U0006923,V00014333,follow,2026-04-16 22:25:59,1
INT0000004924,PLAY0000037525,U0007795,V00009827,like,2026-03-10 04:24:44,1
INT0000004925,PLAY0000037552,U0009921,V00001353,share,2026-08-26 17:59:03,1
INT0000004926,PLAY0000037555,U0007178,V00009259,favorite,2026-06-30 03:36:47,1
INT0000004927,PLAY0000037568,U0006452,V00006526,favorite,2026-08-21 03:06:07,1
INT0000004928,PLAY0000037570,U0011206,V00005454,like,2026-08-10 01:17:19,1
INT0000004929,PLAY0000037579,U0003553,V00008055,like,2026-04-27 22:49:15,1
INT0000004930,PLAY0000037608,U0006152,V00000262,like,2026-05-24 06:00:53,1
INT0000004931,PLAY0000037623,U0004873,V00010251,follow,2026-07-10 03:30:43,1
INT0000004932,PLAY0000037625,U0002229,V00014070,like,2026-07-08 08:01:13,1
INT0000004933,PLAY0000037649,U0007061,V00010943,share,2026-08-10 10:50:19,1
INT0000004934,PLAY0000037651,U0002678,V00006296,like,2026-08-18 00:52:55,1
INT0000004935,PLAY0000037652,U0008937,V00001564,like,2026-05-19 00:03:30,1
INT0000004936,PLAY0000037687,U0000485,V00001779,favorite,2026-08-12 08:43:37,1
INT0000004937,PLAY0000037690,U0007661,V00010056,follow,2026-07-25 00:25:20,1
INT0000004938,PLAY0000037691,U0007432,V00010940,favorite,2026-06-05 16:04:59,1
INT0000004939,PLAY0000037699,U0001016,V00004965,share,2026-08-02 08:25:55,1
INT0000004940,PLAY0000037705,U0011829,V00011558,follow,2026-07-12 12:00:04,1
INT0000004941,PLAY0000037712,U0000665,V00006291,like,2026-07-15 14:39:23,1
INT0000004942,PLAY0000037717,U0011991,V00006576,like,2026-04-12 06:13:06,1
INT0000004943,PLAY0000037719,U0011760,V00003060,like,2026-03-31 20:04:38,1
INT0000004944,PLAY0000037720,U0001878,V00001937,share,2026-03-03 14:17:11,1
INT0000004945,PLAY0000037733,U0001558,V00005900,like,2026-07-20 08:58:42,1
INT0000004946,PLAY0000037734,U0004350,V00000208,like,2026-08-17 13:57:34,1
INT0000004947,PLAY0000037737,U0008521,V00005761,like,2026-07-12 01:06:09,1
INT0000004948,PLAY0000037742,U0011654,V00011784,follow,2026-07-01 09:29:23,1
INT0000004949,PLAY0000037743,U0005425,V00002586,like,2026-03-17 01:00:50,1
INT0000004950,PLAY0000037745,U0001639,V00009799,like,2026-08-26 08:30:27,1
INT0000004951,PLAY0000037751,U0009532,V00009321,comment,2026-02-06 12:12:45,1
INT0000004952,PLAY0000037754,U0003316,V00011364,like,2026-06-29 02:47:10,1
INT0000004953,PLAY0000037755,U0008159,V00008209,comment,2026-08-23 01:30:25,1
INT0000004954,PLAY0000037757,U0002223,V00004253,favorite,2026-08-07 22:06:52,1
INT0000004955,PLAY0000037758,U0011459,V00003637,like,2026-08-20 10:21:27,1
INT0000004956,PLAY0000037778,U0009942,V00013724,comment,2026-05-31 13:12:08,1
INT0000004957,PLAY0000037785,U0007185,V00003712,follow,2026-08-08 06:13:30,1
INT0000004958,PLAY0000037788,U0000271,V00004045,like,2026-01-17 19:14:19,1
INT0000004959,PLAY0000037793,U0010954,V00009604,share,2026-08-26 01:21:04,1
INT0000004960,PLAY0000037798,U0011366,V00005090,like,2026-07-12 11:38:12,1
INT0000004961,PLAY0000037808,U0010320,V00008191,comment,2026-04-13 09:21:47,1
INT0000004962,PLAY0000037815,U0009073,V00003891,like,2026-04-27 07:26:46,1
INT0000004963,PLAY0000037830,U0009802,V00002930,like,2026-05-29 19:22:45,1
INT0000004964,PLAY0000037845,U0009317,V00011683,favorite,2026-07-06 14:50:22,1
INT0000004965,PLAY0000037848,U0006471,V00005231,favorite,2026-02-12 00:20:11,1
INT0000004966,PLAY0000037849,U0010190,V00004146,like,2026-05-21 15:23:51,1
INT0000004967,PLAY0000037864,U0004830,V00014619,like,2026-04-02 17:19:43,1
INT0000004968,PLAY0000037869,U0005545,V00003510,share,2026-08-02 23:39:09,1
INT0000004969,PLAY0000037872,U0010645,V00011100,like,2026-08-25 19:23:40,1
INT0000004970,PLAY0000037874,U0003257,V00008873,like,2026-08-28 04:17:05,1
INT0000004971,PLAY0000037896,U0010820,V00014893,like,2026-07-28 05:28:22,1
INT0000004972,PLAY0000037901,U0011050,V00012762,like,2026-02-24 04:56:53,1
INT0000004973,PLAY0000037911,U0004755,V00000086,like,2026-03-24 17:23:11,1
INT0000004974,PLAY0000037925,U0010327,V00001018,share,2026-05-02 09:47:07,1
INT0000004975,PLAY0000037933,U0000879,V00003619,like,2026-08-26 02:36:27,1
INT0000004976,PLAY0000037950,U0000868,V00014275,like,2026-07-04 17:22:57,1
INT0000004977,PLAY0000037959,U0011900,V00014133,share,2026-02-27 09:39:46,1
INT0000004978,PLAY0000037960,U0002061,V00012167,like,2026-05-19 20:01:45,1
INT0000004979,PLAY0000037966,U0010375,V00002530,like,2026-01-29 09:50:41,1
INT0000004980,PLAY0000037972,U0005505,V00002538,like,2026-08-28 19:12:46,1
INT0000004981,PLAY0000037974,U0004213,V00006513,like,2026-08-24 05:05:47,1
INT0000004982,PLAY0000037992,U0005041,V00003147,share,2026-05-31 10:56:22,1
INT0000004983,PLAY0000038005,U0004026,V00011510,like,2026-06-23 21:50:52,1
INT0000004984,PLAY0000038007,U0010983,V00014188,favorite,2026-07-06 22:38:17,1
INT0000004985,PLAY0000038021,U0005008,V00007562,like,2026-08-25 12:11:39,1
INT0000004986,PLAY0000038025,U0007747,V00004757,like,2026-08-14 07:48:31,1
INT0000004987,PLAY0000038030,U0008942,V00007062,comment,2026-07-02 20:35:22,1
INT0000004988,PLAY0000038034,U0005800,V00007726,comment,2026-08-16 06:48:10,1
INT0000004989,PLAY0000038041,U0005057,V00003465,share,2026-05-23 06:13:40,1
INT0000004990,PLAY0000038042,U0009477,V00004261,like,2026-08-09 00:15:45,1
INT0000004991,PLAY0000038043,U0009409,V00005647,like,2026-05-04 04:41:40,1
INT0000004992,PLAY0000038071,U0002431,V00000203,like,2026-08-28 16:37:19,1
INT0000004993,PLAY0000038077,U0001152,V00010806,like,2026-06-26 00:41:42,1
INT0000004994,PLAY0000038081,U0011849,V00000323,like,2026-02-22 20:05:00,1
INT0000004995,PLAY0000038086,U0006860,V00000620,like,2026-08-22 23:54:05,1
INT0000004996,PLAY0000038109,U0005010,V00005433,like,2026-02-10 18:13:03,1
INT0000004997,PLAY0000038113,U0008898,V00003771,like,2026-06-11 00:34:33,1
INT0000004998,PLAY0000038116,U0007716,V00008371,like,2026-02-21 02:54:09,1
INT0000004999,PLAY0000038123,U0003596,V00010156,comment,2026-07-29 18:00:37,1
INT0000005000,PLAY0000038129,U0008712,V00006002,share,2026-07-18 09:28:24,1
INT0000005001,PLAY0000038144,U0006578,V00005621,follow,2026-07-12 09:10:10,1
INT0000005002,PLAY0000038170,U0005979,V00006895,share,2026-05-28 06:37:04,1
INT0000005003,PLAY0000038189,U0006447,V00010407,follow,2026-06-13 07:52:29,1
INT0000005004,PLAY0000038197,U0000812,V00003347,like,2026-01-14 19:25:34,1
INT0000005005,PLAY0000038203,U0003509,V00003897,comment,2026-07-21 07:12:17,1
INT0000005006,PLAY0000038205,U0007935,V00003399,comment,2026-06-25 18:59:25,1
INT0000005007,PLAY0000038222,U0002179,V00007125,like,2026-07-31 12:54:08,1
INT0000005008,PLAY0000038225,U0007774,V00004205,comment,2026-08-22 17:09:07,1
INT0000005009,PLAY0000038228,U0000035,V00010899,favorite,2026-08-15 02:19:16,1
INT0000005010,PLAY0000038231,U0004450,V00010312,like,2026-08-08 08:17:58,1
INT0000005011,PLAY0000038243,U0009136,V00012389,like,2026-04-17 11:15:46,1
INT0000005012,PLAY0000038246,U0002783,V00013017,like,2026-08-22 08:49:40,1
INT0000005013,PLAY0000038264,U0001012,V00002121,like,2026-08-06 22:00:54,1
INT0000005014,PLAY0000038285,U0011639,V00002010,like,2026-08-08 03:41:01,1
INT0000005015,PLAY0000038299,U0006893,V00001240,share,2026-07-28 22:23:16,1
INT0000005016,PLAY0000038302,U0005212,V00001224,share,2026-05-29 21:43:19,1
INT0000005017,PLAY0000038323,U0008386,V00004729,like,2026-08-05 22:28:46,1
INT0000005018,PLAY0000038329,U0005333,V00014150,comment,2026-08-23 20:04:55,1
INT0000005019,PLAY0000038335,U0003579,V00003449,like,2026-03-18 06:20:21,1
INT0000005020,PLAY0000038345,U0004154,V00009772,like,2026-06-07 07:09:28,1
INT0000005021,PLAY0000038347,U0009340,V00003201,favorite,2026-08-02 20:28:05,1
INT0000005022,PLAY0000038357,U0000550,V00002804,like,2026-07-29 09:58:04,1
INT0000005023,PLAY0000038362,U0010137,V00006959,like,2026-05-12 03:38:33,1
INT0000005024,PLAY0000038367,U0000190,V00010311,like,2026-08-28 08:07:07,1
INT0000005025,PLAY0000038372,U0005171,V00012420,comment,2026-08-07 11:11:29,1
INT0000005026,PLAY0000038374,U0004193,V00002933,like,2026-03-19 23:56:07,1
INT0000005027,PLAY0000038402,U0003766,V00000333,like,2026-08-28 06:06:43,1
INT0000005028,PLAY0000038406,U0000178,V00006806,like,2026-08-18 15:16:23,1
INT0000005029,PLAY0000038418,U0007504,V00014819,like,2026-08-20 02:49:35,1
INT0000005030,PLAY0000038435,U0010452,V00010531,favorite,2026-03-21 04:00:21,1
INT0000005031,PLAY0000038437,U0009817,V00004933,like,2026-07-27 18:54:00,1
INT0000005032,PLAY0000038442,U0008513,V00014040,like,2026-08-03 20:47:48,1
INT0000005033,PLAY0000038455,U0011784,V00000554,comment,2026-08-14 00:44:35,1
INT0000005034,PLAY0000038465,U0004163,V00005773,like,2026-08-18 15:34:41,1
INT0000005035,PLAY0000038477,U0009469,V00011500,like,2026-08-09 00:05:52,1
INT0000005036,PLAY0000038481,U0010474,V00009871,like,2026-08-12 17:16:27,1
INT0000005037,PLAY0000038482,U0008671,V00001549,share,2026-07-24 22:05:09,1
INT0000005038,PLAY0000038486,U0002903,V00011351,like,2026-05-11 20:19:07,1
INT0000005039,PLAY0000038507,U0008322,V00012220,comment,2026-07-24 10:26:32,1
INT0000005040,PLAY0000038510,U0001729,V00006550,favorite,2026-08-18 17:59:21,1
INT0000005041,PLAY0000038523,U0000237,V00002945,follow,2026-08-26 01:33:54,1
INT0000005042,PLAY0000038529,U0010822,V00014304,like,2026-05-25 17:58:33,1
INT0000005043,PLAY0000038530,U0000912,V00008032,favorite,2026-07-07 22:57:43,1
INT0000005044,PLAY0000038533,U0004625,V00008423,like,2026-08-14 12:46:09,1
INT0000005045,PLAY0000038535,U0009716,V00002960,share,2026-08-26 07:09:33,1
INT0000005046,PLAY0000038541,U0010311,V00005040,like,2026-08-14 19:43:21,1
INT0000005047,PLAY0000038559,U0003042,V00013453,like,2026-08-20 12:18:20,1
INT0000005048,PLAY0000038570,U0000835,V00004980,like,2026-08-25 23:12:37,1
INT0000005049,PLAY0000038574,U0000049,V00008391,favorite,2026-04-20 07:28:17,1
INT0000005050,PLAY0000038581,U0010982,V00013547,like,2026-08-21 18:33:07,1
INT0000005051,PLAY0000038582,U0003092,V00003131,like,2026-06-30 17:34:25,1
INT0000005052,PLAY0000038588,U0004758,V00002499,like,2026-08-04 22:11:39,1
INT0000005053,PLAY0000038590,U0000585,V00005025,follow,2026-08-26 09:19:18,1
INT0000005054,PLAY0000038593,U0000186,V00006714,like,2026-08-18 20:53:48,1
INT0000005055,PLAY0000038600,U0000689,V00001943,follow,2026-08-24 04:24:41,1
INT0000005056,PLAY0000038613,U0003650,V00004024,follow,2026-08-27 16:00:44,1
INT0000005057,PLAY0000038622,U0001876,V00009112,like,2026-06-16 04:33:46,1
INT0000005058,PLAY0000038627,U0011809,V00011879,like,2026-07-04 11:40:29,1
INT0000005059,PLAY0000038629,U0008178,V00007603,like,2026-08-11 21:39:07,1
INT0000005060,PLAY0000038631,U0011579,V00002718,follow,2026-03-17 09:00:29,1
INT0000005061,PLAY0000038634,U0010965,V00003016,like,2026-07-24 05:33:11,1
INT0000005062,PLAY0000038645,U0008907,V00000055,share,2026-07-27 20:09:22,1
INT0000005063,PLAY0000038647,U0011415,V00009584,comment,2026-06-10 00:53:06,1
INT0000005064,PLAY0000038650,U0005063,V00014898,share,2026-08-06 08:05:54,1
INT0000005065,PLAY0000038655,U0000132,V00005151,follow,2026-08-09 18:33:37,1
INT0000005066,PLAY0000038659,U0006258,V00014848,favorite,2026-08-26 10:21:04,1
INT0000005067,PLAY0000038684,U0005391,V00012781,favorite,2026-08-09 17:33:01,1
INT0000005068,PLAY0000038685,U0008970,V00007808,like,2026-07-25 00:14:32,1
INT0000005069,PLAY0000038687,U0008005,V00002232,comment,2026-06-30 09:24:10,1
INT0000005070,PLAY0000038691,U0005950,V00002470,favorite,2026-08-17 15:10:37,1
INT0000005071,PLAY0000038696,U0001847,V00001107,share,2026-08-14 06:06:58,1
INT0000005072,PLAY0000038699,U0010839,V00009849,like,2026-06-23 05:19:05,1
INT0000005073,PLAY0000038700,U0004798,V00005094,favorite,2026-08-25 22:46:47,1
INT0000005074,PLAY0000038712,U0005451,V00008935,favorite,2026-08-04 09:06:37,1
INT0000005075,PLAY0000038732,U0002360,V00010508,like,2026-08-07 10:39:25,1
INT0000005076,PLAY0000038734,U0008885,V00007032,like,2026-08-08 23:47:40,1
INT0000005077,PLAY0000038739,U0003776,V00012997,like,2026-06-02 16:06:02,1
INT0000005078,PLAY0000038740,U0010693,V00013498,comment,2026-06-12 12:23:03,1
INT0000005079,PLAY0000038741,U0009442,V00008442,like,2026-07-08 08:51:32,1
INT0000005080,PLAY0000038750,U0000273,V00006230,like,2026-07-11 13:25:38,1
INT0000005081,PLAY0000038759,U0005890,V00012783,favorite,2026-08-27 23:24:00,1
INT0000005082,PLAY0000038761,U0010656,V00007479,like,2026-06-10 03:58:18,1
INT0000005083,PLAY0000038765,U0005426,V00005613,share,2026-08-24 18:21:25,1
INT0000005084,PLAY0000038768,U0009933,V00012654,like,2026-05-24 01:12:25,1
INT0000005085,PLAY0000038777,U0008938,V00005657,share,2026-06-06 05:34:18,1
INT0000005086,PLAY0000038783,U0007217,V00000251,comment,2026-06-26 12:48:36,1
INT0000005087,PLAY0000038795,U0008613,V00011368,share,2026-08-23 01:59:50,1
INT0000005088,PLAY0000038800,U0011424,V00009858,favorite,2026-08-11 00:42:57,1
INT0000005089,PLAY0000038812,U0007492,V00009318,like,2026-06-18 11:01:11,1
INT0000005090,PLAY0000038818,U0010956,V00007076,like,2026-08-01 07:43:41,1
INT0000005091,PLAY0000038820,U0008665,V00002393,like,2026-08-13 19:50:14,1
INT0000005092,PLAY0000038823,U0002631,V00009555,comment,2026-08-28 01:02:58,1
INT0000005093,PLAY0000038828,U0008808,V00013836,like,2026-06-23 22:12:30,1
INT0000005094,PLAY0000038831,U0002918,V00004601,like,2026-06-21 18:44:20,1
INT0000005095,PLAY0000038836,U0006709,V00010529,like,2026-08-05 08:04:18,1
INT0000005096,PLAY0000038837,U0006101,V00012801,like,2026-08-28 01:21:57,1
INT0000005097,PLAY0000038838,U0003239,V00005970,like,2026-08-03 05:46:00,1
INT0000005098,PLAY0000038842,U0006865,V00012147,favorite,2026-08-26 00:47:23,1
INT0000005099,PLAY0000038843,U0004641,V00006612,follow,2026-08-19 07:35:22,1
INT0000005100,PLAY0000038847,U0010723,V00008453,like,2026-08-19 19:53:33,1
INT0000005101,PLAY0000038887,U0005662,V00008332,like,2026-04-14 18:56:03,1
INT0000005102,PLAY0000038891,U0000583,V00009221,comment,2026-08-12 00:59:53,1
INT0000005103,PLAY0000038892,U0003295,V00013146,like,2026-08-14 12:45:37,1
INT0000005104,PLAY0000038906,U0009116,V00011056,comment,2026-08-06 18:16:10,1
INT0000005105,PLAY0000038909,U0004818,V00010772,share,2026-08-15 12:41:04,1
INT0000005106,PLAY0000038925,U0008344,V00007822,like,2026-08-19 22:33:29,1
INT0000005107,PLAY0000038932,U0005537,V00011490,follow,2026-04-01 14:20:25,1
INT0000005108,PLAY0000038933,U0010088,V00007253,like,2026-08-11 14:09:49,1
INT0000005109,PLAY0000038956,U0011785,V00005499,comment,2026-04-13 10:54:13,1
INT0000005110,PLAY0000038957,U0002594,V00014672,like,2026-08-25 01:58:29,1
INT0000005111,PLAY0000038959,U0000118,V00003626,like,2026-07-02 07:54:25,1
INT0000005112,PLAY0000038963,U0001536,V00006252,like,2026-07-30 18:30:33,1
INT0000005113,PLAY0000038970,U0011805,V00011209,like,2026-07-24 10:49:34,1
INT0000005114,PLAY0000038990,U0010498,V00011215,like,2026-08-25 23:44:02,1
INT0000005115,PLAY0000038991,U0006130,V00001398,like,2026-08-11 05:34:36,1
INT0000005116,PLAY0000039011,U0003477,V00011436,comment,2026-08-22 00:27:41,1
INT0000005117,PLAY0000039032,U0010848,V00002149,like,2026-08-24 01:26:49,1
INT0000005118,PLAY0000039034,U0001459,V00014172,like,2026-08-28 12:21:02,1
INT0000005119,PLAY0000039037,U0005444,V00010506,like,2026-08-24 04:10:35,1
INT0000005120,PLAY0000039044,U0009903,V00004564,like,2026-08-22 02:14:09,1
INT0000005121,PLAY0000039065,U0002321,V00000452,like,2026-08-07 16:57:57,1
INT0000005122,PLAY0000039067,U0001558,V00009969,favorite,2026-04-23 21:14:23,1
INT0000005123,PLAY0000039072,U0002657,V00006325,like,2026-07-28 10:55:56,1
INT0000005124,PLAY0000039075,U0006428,V00005050,comment,2026-02-14 13:48:35,1
INT0000005125,PLAY0000039081,U0003677,V00005397,follow,2026-08-24 04:23:58,1
INT0000005126,PLAY0000039086,U0005834,V00000953,like,2026-03-14 01:15:21,1
INT0000005127,PLAY0000039089,U0000235,V00013165,favorite,2026-06-05 04:52:11,1
INT0000005128,PLAY0000039091,U0008435,V00000873,favorite,2026-04-16 19:17:10,1
INT0000005129,PLAY0000039093,U0001112,V00006369,like,2026-08-19 13:34:37,1
INT0000005130,PLAY0000039100,U0009571,V00013805,comment,2026-06-14 21:58:09,1
INT0000005131,PLAY0000039113,U0000966,V00005069,favorite,2026-06-03 00:29:38,1
INT0000005132,PLAY0000039123,U0005020,V00010464,like,2026-08-28 02:01:20,1
INT0000005133,PLAY0000039126,U0007312,V00003123,like,2026-06-13 01:21:21,1
INT0000005134,PLAY0000039133,U0004932,V00011871,like,2026-08-19 23:23:39,1
INT0000005135,PLAY0000039134,U0008864,V00002145,favorite,2026-08-24 23:19:25,1
INT0000005136,PLAY0000039135,U0007970,V00003411,like,2026-08-14 18:11:12,1
INT0000005137,PLAY0000039136,U0009004,V00009594,like,2026-07-30 21:22:33,1
INT0000005138,PLAY0000039139,U0000337,V00006802,comment,2026-07-20 21:47:28,1
INT0000005139,PLAY0000039144,U0008686,V00007834,comment,2026-08-15 23:10:17,1
INT0000005140,PLAY0000039146,U0006740,V00013986,like,2026-01-29 04:45:12,1
INT0000005141,PLAY0000039151,U0008482,V00014235,like,2026-03-22 01:06:59,1
INT0000005142,PLAY0000039170,U0011514,V00014761,like,2026-07-29 00:02:38,1
INT0000005143,PLAY0000039176,U0006173,V00013448,comment,2026-03-30 23:59:53,1
INT0000005144,PLAY0000039185,U0001904,V00002118,like,2026-06-18 14:15:45,1
INT0000005145,PLAY0000039187,U0007896,V00010139,share,2026-07-02 15:25:40,1
INT0000005146,PLAY0000039190,U0002951,V00008390,like,2026-08-28 15:33:46,1
INT0000005147,PLAY0000039194,U0000984,V00006688,like,2026-08-11 20:29:41,1
INT0000005148,PLAY0000039200,U0011687,V00008212,like,2026-08-17 01:44:16,1
INT0000005149,PLAY0000039204,U0004671,V00006171,share,2026-08-19 23:31:13,1
INT0000005150,PLAY0000039211,U0005135,V00010977,like,2026-08-08 06:51:08,1
INT0000005151,PLAY0000039216,U0000969,V00006000,like,2026-08-27 01:37:31,1
INT0000005152,PLAY0000039217,U0005373,V00009752,like,2026-05-01 21:37:26,1
INT0000005153,PLAY0000039220,U0006878,V00002563,like,2026-08-28 14:28:06,1
INT0000005154,PLAY0000039229,U0004498,V00001455,like,2026-07-27 11:13:28,1
INT0000005155,PLAY0000039230,U0006740,V00012208,favorite,2026-08-17 23:55:00,1
INT0000005156,PLAY0000039232,U0010292,V00013396,share,2026-05-26 20:19:05,1
INT0000005157,PLAY0000039234,U0000733,V00003219,like,2026-08-22 09:55:25,1
INT0000005158,PLAY0000039243,U0007426,V00000024,like,2026-08-23 00:56:35,1
INT0000005159,PLAY0000039260,U0008973,V00005248,favorite,2026-08-09 20:47:39,1
INT0000005160,PLAY0000039261,U0001478,V00013684,like,2026-07-26 20:13:20,1
INT0000005161,PLAY0000039262,U0006690,V00012150,like,2026-07-02 11:09:48,1
INT0000005162,PLAY0000039264,U0000026,V00001283,like,2026-08-19 12:19:16,1
INT0000005163,PLAY0000039266,U0004512,V00007307,like,2026-06-03 21:50:48,1
INT0000005164,PLAY0000039270,U0006627,V00008769,like,2026-08-15 08:52:49,1
INT0000005165,PLAY0000039275,U0008600,V00003734,like,2026-05-28 17:45:35,1
INT0000005166,PLAY0000039296,U0002935,V00014401,like,2026-08-03 00:01:57,1
INT0000005167,PLAY0000039299,U0011017,V00006198,share,2026-06-24 05:13:01,1
INT0000005168,PLAY0000039310,U0005119,V00007768,like,2026-06-30 16:25:13,1
INT0000005169,PLAY0000039319,U0006729,V00006878,like,2026-05-19 16:27:47,1
INT0000005170,PLAY0000039345,U0000325,V00002532,favorite,2026-04-16 12:15:05,1
INT0000005171,PLAY0000039348,U0000385,V00008284,like,2026-08-13 15:11:05,1
INT0000005172,PLAY0000039387,U0002090,V00009143,like,2026-08-25 06:41:47,1
INT0000005173,PLAY0000039390,U0011936,V00011322,like,2026-08-07 12:09:15,1
INT0000005174,PLAY0000039391,U0002761,V00013132,like,2026-08-21 03:13:17,1
INT0000005175,PLAY0000039394,U0002430,V00000120,share,2026-08-09 03:11:35,1
INT0000005176,PLAY0000039397,U0002845,V00006772,like,2026-08-26 20:39:27,1
INT0000005177,PLAY0000039401,U0003826,V00013476,like,2026-07-18 12:23:57,1
INT0000005178,PLAY0000039408,U0011476,V00006424,share,2026-04-24 05:29:01,1
INT0000005179,PLAY0000039421,U0009052,V00013604,comment,2026-06-26 05:40:14,1
INT0000005180,PLAY0000039431,U0004498,V00009843,like,2026-08-27 13:32:19,1
INT0000005181,PLAY0000039445,U0000280,V00006652,favorite,2026-05-24 20:18:58,1
INT0000005182,PLAY0000039457,U0007121,V00010811,like,2026-08-28 04:24:00,1
INT0000005183,PLAY0000039478,U0010173,V00000462,comment,2026-08-21 07:04:45,1
INT0000005184,PLAY0000039496,U0003531,V00002331,like,2026-07-17 12:35:45,1
INT0000005185,PLAY0000039501,U0000778,V00014910,like,2026-07-26 22:55:27,1
INT0000005186,PLAY0000039504,U0010526,V00014479,follow,2026-07-16 09:47:17,1
INT0000005187,PLAY0000039512,U0000276,V00011160,follow,2026-07-20 18:53:13,1
INT0000005188,PLAY0000039514,U0004536,V00004260,like,2026-08-23 17:17:09,1
INT0000005189,PLAY0000039520,U0003907,V00003163,comment,2026-05-16 16:19:27,1
INT0000005190,PLAY0000039535,U0007342,V00014809,follow,2026-07-28 06:47:03,1
INT0000005191,PLAY0000039537,U0006239,V00006981,share,2026-04-19 06:20:16,1
INT0000005192,PLAY0000039539,U0000775,V00005436,like,2026-08-17 15:18:35,1
INT0000005193,PLAY0000039541,U0001669,V00009029,favorite,2026-08-27 15:16:13,1
INT0000005194,PLAY0000039546,U0006578,V00007999,like,2026-07-09 01:11:37,1
INT0000005195,PLAY0000039548,U0011168,V00000886,like,2026-07-27 07:44:39,1
INT0000005196,PLAY0000039554,U0010822,V00008450,like,2026-07-16 21:21:35,1
INT0000005197,PLAY0000039560,U0007933,V00013003,like,2026-07-11 22:33:03,1
INT0000005198,PLAY0000039563,U0000998,V00005977,like,2026-05-21 08:36:48,1
INT0000005199,PLAY0000039570,U0006200,V00006963,comment,2026-08-19 00:10:21,1
INT0000005200,PLAY0000039573,U0001946,V00013625,share,2026-08-25 00:39:06,1
INT0000005201,PLAY0000039579,U0011750,V00002326,like,2026-02-19 00:31:37,1
INT0000005202,PLAY0000039582,U0003637,V00011410,favorite,2026-08-19 03:55:43,1
INT0000005203,PLAY0000039587,U0002024,V00010371,like,2026-08-25 18:48:51,1
INT0000005204,PLAY0000039588,U0008183,V00005733,comment,2026-08-26 23:11:45,1
INT0000005205,PLAY0000039596,U0011427,V00008154,like,2026-08-27 23:37:30,1
INT0000005206,PLAY0000039603,U0011393,V00011183,favorite,2026-08-18 09:58:07,1
INT0000005207,PLAY0000039610,U0001266,V00005392,like,2026-08-18 09:53:18,1
INT0000005208,PLAY0000039628,U0009149,V00010265,like,2026-04-16 19:32:13,1
INT0000005209,PLAY0000039629,U0007564,V00009294,favorite,2026-08-27 04:50:01,1
INT0000005210,PLAY0000039630,U0005796,V00006419,like,2026-05-25 23:21:12,1
INT0000005211,PLAY0000039637,U0004905,V00010980,favorite,2026-08-22 00:38:30,1
INT0000005212,PLAY0000039639,U0004236,V00003320,share,2026-08-02 17:01:44,1
INT0000005213,PLAY0000039641,U0009272,V00002682,comment,2026-05-24 17:32:52,1
INT0000005214,PLAY0000039650,U0008974,V00006335,like,2026-08-21 03:06:38,1
INT0000005215,PLAY0000039659,U0008568,V00010251,like,2026-04-24 15:53:11,1
INT0000005216,PLAY0000039678,U0001493,V00013839,like,2026-08-26 06:19:43,1
INT0000005217,PLAY0000039686,U0009938,V00001325,like,2026-07-19 19:20:34,1
INT0000005218,PLAY0000039699,U0006572,V00014689,follow,2026-04-20 06:02:22,1
INT0000005219,PLAY0000039704,U0007731,V00002705,comment,2026-08-19 00:46:56,1
INT0000005220,PLAY0000039731,U0006761,V00014153,follow,2026-06-19 01:29:10,1
INT0000005221,PLAY0000039739,U0005357,V00011829,share,2026-07-31 15:39:07,1
INT0000005222,PLAY0000039748,U0004880,V00002722,like,2026-08-04 08:26:51,1
INT0000005223,PLAY0000039766,U0009657,V00010283,favorite,2026-08-15 23:04:46,1
INT0000005224,PLAY0000039767,U0003328,V00000837,like,2026-08-16 14:38:16,1
INT0000005225,PLAY0000039771,U0000360,V00007738,like,2026-08-28 22:32:46,1
INT0000005226,PLAY0000039776,U0003854,V00009887,like,2026-08-13 00:50:19,1
INT0000005227,PLAY0000039782,U0011564,V00001996,comment,2026-08-18 18:24:56,1
INT0000005228,PLAY0000039790,U0002210,V00011696,like,2026-05-05 07:52:37,1
INT0000005229,PLAY0000039805,U0005306,V00007319,favorite,2026-08-05 01:01:55,1
INT0000005230,PLAY0000039807,U0001611,V00002883,like,2026-04-28 09:22:36,1
INT0000005231,PLAY0000039809,U0010500,V00013616,favorite,2026-08-06 12:46:42,1
INT0000005232,PLAY0000039811,U0007068,V00013220,favorite,2026-08-20 00:07:23,1
INT0000005233,PLAY0000039821,U0001124,V00008065,like,2026-07-08 19:08:43,1
INT0000005234,PLAY0000039825,U0007333,V00009869,share,2026-08-14 23:23:17,1
INT0000005235,PLAY0000039839,U0004925,V00009947,comment,2026-08-13 12:16:39,1
INT0000005236,PLAY0000039843,U0011614,V00014363,follow,2026-08-22 18:10:51,1
INT0000005237,PLAY0000039850,U0000010,V00003687,comment,2026-07-13 01:10:14,1
INT0000005238,PLAY0000039852,U0006137,V00014265,favorite,2026-08-20 22:24:47,1
INT0000005239,PLAY0000039855,U0001318,V00012046,like,2026-08-25 10:53:45,1
INT0000005240,PLAY0000039865,U0010664,V00009790,like,2026-07-20 00:22:30,1
INT0000005241,PLAY0000039868,U0008651,V00008412,like,2026-07-02 05:13:20,1
INT0000005242,PLAY0000039871,U0009499,V00011701,like,2026-06-18 16:33:48,1
INT0000005243,PLAY0000039882,U0010547,V00006406,comment,2026-07-27 21:59:45,1
INT0000005244,PLAY0000039891,U0001485,V00006713,like,2026-07-07 02:01:10,1
INT0000005245,PLAY0000039894,U0003709,V00000039,like,2026-04-30 06:15:40,1
INT0000005246,PLAY0000039906,U0004466,V00003183,like,2026-08-08 15:29:43,1
INT0000005247,PLAY0000039907,U0006061,V00005365,share,2026-07-09 00:58:42,1
INT0000005248,PLAY0000039909,U0000053,V00000531,like,2026-03-22 11:17:14,1
INT0000005249,PLAY0000039910,U0004002,V00008784,like,2026-07-16 00:40:27,1
INT0000005250,PLAY0000039913,U0010472,V00000236,comment,2026-08-06 11:32:15,1
INT0000005251,PLAY0000039925,U0009929,V00005144,comment,2026-06-01 02:10:24,1
INT0000005252,PLAY0000039935,U0007828,V00010716,share,2026-08-27 19:18:24,1
INT0000005253,PLAY0000039942,U0008123,V00011986,like,2026-08-17 22:14:10,1
INT0000005254,PLAY0000039943,U0002834,V00014074,like,2026-06-29 01:25:08,1
INT0000005255,PLAY0000039947,U0005857,V00009444,share,2026-04-06 21:34:47,1
INT0000005256,PLAY0000039950,U0001010,V00001189,comment,2026-08-20 04:01:27,1
INT0000005257,PLAY0000039955,U0011670,V00007001,like,2026-07-02 09:55:28,1
INT0000005258,PLAY0000039958,U0009941,V00007991,like,2026-08-22 01:11:55,1
INT0000005259,PLAY0000039961,U0004417,V00008776,like,2026-03-15 08:01:49,1
INT0000005260,PLAY0000039965,U0004734,V00011316,like,2026-08-13 07:20:19,1
INT0000005261,PLAY0000039967,U0008002,V00002627,like,2026-08-27 15:15:31,1
INT0000005262,PLAY0000039978,U0006245,V00014782,like,2026-08-16 02:06:20,1
INT0000005263,PLAY0000039985,U0008627,V00006881,favorite,2026-07-15 20:18:18,1
INT0000005264,PLAY0000039987,U0010030,V00009823,like,2026-08-28 20:10:31,1
INT0000005265,PLAY0000040003,U0005532,V00014703,share,2026-08-19 05:59:09,1
INT0000005266,PLAY0000040036,U0007856,V00005909,share,2026-04-07 23:04:34,1
INT0000005267,PLAY0000040059,U0008343,V00004109,favorite,2026-08-26 05:56:43,1
INT0000005268,PLAY0000040063,U0004055,V00000716,share,2026-08-24 17:15:48,1
INT0000005269,PLAY0000040064,U0006715,V00013068,like,2026-08-16 16:17:08,1
INT0000005270,PLAY0000040069,U0011724,V00006889,like,2026-08-26 13:33:12,1
INT0000005271,PLAY0000040080,U0001066,V00009429,like,2026-08-14 09:33:22,1
INT0000005272,PLAY0000040081,U0008913,V00003737,like,2026-08-15 09:29:45,1
INT0000005273,PLAY0000040083,U0005999,V00014355,comment,2026-05-26 08:20:34,1
INT0000005274,PLAY0000040086,U0003427,V00008622,like,2026-08-15 12:15:53,1
INT0000005275,PLAY0000040090,U0005981,V00012448,follow,2026-08-28 02:03:27,1
INT0000005276,PLAY0000040099,U0006216,V00011708,like,2026-02-17 23:28:40,1
INT0000005277,PLAY0000040124,U0001281,V00004640,follow,2026-05-16 19:49:42,1
INT0000005278,PLAY0000040126,U0006215,V00004309,favorite,2026-06-21 18:47:39,1
INT0000005279,PLAY0000040135,U0002663,V00001435,like,2026-08-27 08:54:51,1
INT0000005280,PLAY0000040137,U0011948,V00010801,share,2026-06-11 20:35:45,1
INT0000005281,PLAY0000040141,U0007232,V00000713,like,2026-07-19 03:17:16,1
INT0000005282,PLAY0000040158,U0006972,V00011140,like,2026-06-25 12:55:00,1
INT0000005283,PLAY0000040161,U0005677,V00008388,favorite,2026-08-13 06:08:22,1
INT0000005284,PLAY0000040171,U0002354,V00010119,like,2026-07-05 08:26:44,1
INT0000005285,PLAY0000040176,U0002789,V00002575,like,2026-02-04 15:30:38,1
INT0000005286,PLAY0000040180,U0006789,V00005965,share,2026-05-26 16:28:55,1
INT0000005287,PLAY0000040181,U0004138,V00013458,like,2026-08-15 12:58:14,1
INT0000005288,PLAY0000040184,U0006787,V00011264,comment,2026-08-20 22:19:04,1
INT0000005289,PLAY0000040192,U0004558,V00007171,like,2026-06-23 22:20:33,1
INT0000005290,PLAY0000040222,U0003226,V00001512,like,2026-06-24 07:33:07,1
INT0000005291,PLAY0000040230,U0002756,V00011107,like,2026-08-03 00:52:07,1
INT0000005292,PLAY0000040232,U0007876,V00009353,comment,2026-07-18 07:48:49,1
INT0000005293,PLAY0000040233,U0004571,V00001198,share,2026-08-17 04:25:10,1
INT0000005294,PLAY0000040245,U0006380,V00006010,like,2026-03-29 17:07:57,1
INT0000005295,PLAY0000040251,U0000909,V00001957,favorite,2026-07-04 13:58:14,1
INT0000005296,PLAY0000040252,U0008498,V00003176,like,2026-03-26 19:28:44,1
INT0000005297,PLAY0000040260,U0003835,V00000405,like,2026-05-28 10:38:24,1
INT0000005298,PLAY0000040266,U0002591,V00012871,like,2026-05-29 07:50:58,1
INT0000005299,PLAY0000040269,U0004210,V00003883,like,2026-08-26 00:56:07,1
INT0000005300,PLAY0000040289,U0011414,V00001761,share,2026-08-26 14:08:55,1
INT0000005301,PLAY0000040303,U0008391,V00012694,comment,2026-08-13 07:40:02,1
INT0000005302,PLAY0000040305,U0001364,V00012572,favorite,2026-08-15 03:36:35,1
INT0000005303,PLAY0000040311,U0006336,V00002565,favorite,2026-08-23 23:46:55,1
INT0000005304,PLAY0000040315,U0008302,V00003585,like,2026-07-15 14:37:57,1
INT0000005305,PLAY0000040321,U0001984,V00007212,like,2026-08-14 14:29:00,1
INT0000005306,PLAY0000040326,U0004052,V00002362,like,2026-08-21 17:34:53,1
INT0000005307,PLAY0000040327,U0010755,V00004094,follow,2026-08-20 01:46:08,1
INT0000005308,PLAY0000040328,U0005113,V00007143,share,2026-05-29 10:30:30,1
INT0000005309,PLAY0000040330,U0004093,V00003835,favorite,2026-08-09 23:21:13,1
INT0000005310,PLAY0000040332,U0001411,V00000582,like,2026-08-28 23:59:21,1
INT0000005311,PLAY0000040334,U0005496,V00013374,comment,2026-08-28 01:59:57,1
INT0000005312,PLAY0000040338,U0004821,V00002252,like,2026-06-05 22:51:22,1
INT0000005313,PLAY0000040345,U0003767,V00000433,like,2026-07-20 18:03:36,1
INT0000005314,PLAY0000040352,U0007925,V00007169,share,2026-08-20 14:36:16,1
INT0000005315,PLAY0000040356,U0011268,V00007415,like,2026-07-27 11:54:59,1
INT0000005316,PLAY0000040365,U0008321,V00005854,share,2026-08-22 13:54:34,1
INT0000005317,PLAY0000040372,U0007479,V00007243,comment,2026-04-15 04:08:05,1
INT0000005318,PLAY0000040388,U0009262,V00012935,comment,2026-04-11 09:36:20,1
INT0000005319,PLAY0000040389,U0007026,V00008220,like,2026-08-28 07:15:54,1
INT0000005320,PLAY0000040399,U0005976,V00000539,like,2026-08-02 07:01:28,1
INT0000005321,PLAY0000040410,U0003173,V00000312,like,2026-03-27 02:53:52,1
INT0000005322,PLAY0000040411,U0007671,V00008548,like,2026-08-06 09:22:28,1
INT0000005323,PLAY0000040414,U0004394,V00006079,share,2026-08-17 06:22:49,1
INT0000005324,PLAY0000040420,U0006943,V00006721,like,2026-08-18 22:36:25,1
INT0000005325,PLAY0000040431,U0006313,V00010220,favorite,2026-05-12 11:56:18,1
INT0000005326,PLAY0000040439,U0004542,V00007111,share,2026-08-27 06:19:50,1
INT0000005327,PLAY0000040442,U0007724,V00000425,like,2026-08-16 12:51:24,1
INT0000005328,PLAY0000040454,U0010066,V00011593,follow,2026-08-22 05:56:45,1
INT0000005329,PLAY0000040458,U0008134,V00005182,comment,2026-08-28 22:34:17,1
INT0000005330,PLAY0000040461,U0005820,V00011483,share,2026-06-17 21:45:13,1
INT0000005331,PLAY0000040462,U0011208,V00011993,like,2026-08-28 01:23:52,1
INT0000005332,PLAY0000040464,U0003838,V00010709,follow,2026-08-24 15:50:48,1
INT0000005333,PLAY0000040467,U0002767,V00008540,follow,2026-03-02 14:06:22,1
INT0000005334,PLAY0000040469,U0007723,V00009134,like,2026-08-24 02:10:18,1
INT0000005335,PLAY0000040473,U0011281,V00000787,follow,2026-08-28 03:22:42,1
INT0000005336,PLAY0000040476,U0003624,V00009936,follow,2026-06-26 11:55:25,1
INT0000005337,PLAY0000040480,U0005707,V00000939,like,2026-08-18 01:20:06,1
INT0000005338,PLAY0000040481,U0010484,V00011021,share,2026-06-20 02:36:12,1
INT0000005339,PLAY0000040482,U0001121,V00003939,like,2026-07-15 09:37:46,1
INT0000005340,PLAY0000040483,U0007650,V00010161,like,2026-07-25 07:06:48,1
INT0000005341,PLAY0000040484,U0005597,V00009165,like,2026-08-16 18:48:02,1
INT0000005342,PLAY0000040488,U0005471,V00009938,like,2026-06-25 14:34:35,1
INT0000005343,PLAY0000040498,U0001073,V00011417,favorite,2026-08-23 18:32:17,1
INT0000005344,PLAY0000040510,U0006796,V00001710,like,2026-06-10 05:50:09,1
INT0000005345,PLAY0000040522,U0009249,V00011607,like,2026-04-22 07:18:44,1
INT0000005346,PLAY0000040533,U0008626,V00010822,like,2026-06-30 03:40:38,1
INT0000005347,PLAY0000040534,U0011428,V00006326,follow,2026-08-12 06:24:06,1
INT0000005348,PLAY0000040543,U0006380,V00008766,follow,2026-07-23 20:09:22,1
INT0000005349,PLAY0000040556,U0004178,V00013606,like,2026-05-29 14:06:35,1
INT0000005350,PLAY0000040581,U0005008,V00009837,like,2026-08-28 20:46:31,1
INT0000005351,PLAY0000040586,U0002283,V00013959,like,2026-07-12 14:28:42,1
INT0000005352,PLAY0000040588,U0003482,V00000025,like,2026-06-25 08:41:41,1
INT0000005353,PLAY0000040596,U0011326,V00005230,comment,2026-05-20 23:59:37,1
INT0000005354,PLAY0000040600,U0002968,V00009058,like,2026-08-12 23:12:58,1
INT0000005355,PLAY0000040612,U0007585,V00007328,like,2026-07-28 14:09:11,1
INT0000005356,PLAY0000040614,U0010050,V00009190,like,2026-07-23 12:05:13,1
INT0000005357,PLAY0000040616,U0011728,V00012985,favorite,2026-05-29 17:09:06,1
INT0000005358,PLAY0000040617,U0011987,V00002654,like,2026-08-28 08:19:59,1
INT0000005359,PLAY0000040643,U0009993,V00011044,like,2026-08-16 17:47:21,1
INT0000005360,PLAY0000040649,U0009563,V00010662,comment,2026-07-28 07:31:30,1
INT0000005361,PLAY0000040667,U0011848,V00003678,like,2026-06-22 02:38:28,1
INT0000005362,PLAY0000040681,U0004543,V00014341,share,2026-08-26 18:22:47,1
INT0000005363,PLAY0000040685,U0005304,V00012118,like,2026-03-29 09:27:16,1
INT0000005364,PLAY0000040686,U0007099,V00012301,comment,2026-05-11 15:41:53,1
INT0000005365,PLAY0000040697,U0006899,V00012569,like,2026-07-31 18:13:49,1
INT0000005366,PLAY0000040698,U0005723,V00000173,like,2026-01-22 04:00:09,1
INT0000005367,PLAY0000040713,U0010930,V00006573,like,2026-08-09 00:31:37,1
INT0000005368,PLAY0000040725,U0002246,V00003880,follow,2026-07-24 09:46:22,1
INT0000005369,PLAY0000040726,U0008854,V00000811,like,2026-08-24 05:05:23,1
INT0000005370,PLAY0000040734,U0002182,V00005012,like,2026-07-28 09:03:28,1
INT0000005371,PLAY0000040735,U0000966,V00011417,like,2026-08-16 00:42:21,1
INT0000005372,PLAY0000040760,U0011179,V00008421,like,2026-08-27 10:12:33,1
INT0000005373,PLAY0000040770,U0007314,V00008123,favorite,2026-07-28 17:56:07,1
INT0000005374,PLAY0000040772,U0004585,V00005208,like,2026-06-26 07:32:42,1
INT0000005375,PLAY0000040773,U0007534,V00009637,comment,2026-05-13 13:37:02,1
INT0000005376,PLAY0000040779,U0009883,V00010433,comment,2026-06-26 06:51:21,1
INT0000005377,PLAY0000040783,U0004883,V00007389,share,2026-08-15 09:48:45,1
INT0000005378,PLAY0000040786,U0005484,V00003858,like,2026-08-28 14:53:25,1
INT0000005379,PLAY0000040790,U0002506,V00006647,share,2026-07-15 07:48:05,1
INT0000005380,PLAY0000040794,U0008524,V00001249,like,2026-08-13 08:47:03,1
INT0000005381,PLAY0000040796,U0004895,V00013853,share,2026-08-16 04:42:37,1
INT0000005382,PLAY0000040797,U0005078,V00001618,favorite,2026-06-15 09:00:25,1
INT0000005383,PLAY0000040806,U0010325,V00013644,like,2026-08-03 06:25:02,1
INT0000005384,PLAY0000040808,U0011769,V00001636,share,2026-08-26 03:51:49,1
INT0000005385,PLAY0000040814,U0009112,V00002389,like,2026-08-25 20:53:03,1
INT0000005386,PLAY0000040817,U0011193,V00009300,favorite,2026-05-16 07:26:12,1
INT0000005387,PLAY0000040820,U0001875,V00005336,like,2026-06-28 19:02:40,1
INT0000005388,PLAY0000040821,U0010538,V00001248,comment,2026-07-18 00:53:58,1
INT0000005389,PLAY0000040840,U0008548,V00000370,like,2026-04-03 08:18:41,1
INT0000005390,PLAY0000040841,U0000287,V00007119,share,2026-07-10 20:45:31,1
INT0000005391,PLAY0000040850,U0003018,V00002569,favorite,2026-08-03 21:08:58,1
INT0000005392,PLAY0000040866,U0003268,V00010777,like,2026-07-06 00:05:03,1
INT0000005393,PLAY0000040874,U0000421,V00009276,favorite,2026-07-07 03:37:29,1
INT0000005394,PLAY0000040875,U0007254,V00010591,like,2026-08-24 16:55:59,1
INT0000005395,PLAY0000040876,U0011161,V00008802,like,2026-07-01 20:50:21,1
INT0000005396,PLAY0000040878,U0010585,V00011213,like,2026-07-12 07:45:10,1
INT0000005397,PLAY0000040896,U0003205,V00010498,like,2026-08-06 23:52:24,1
INT0000005398,PLAY0000040922,U0000311,V00000387,like,2026-08-21 13:34:49,1
INT0000005399,PLAY0000040927,U0006862,V00007181,like,2026-08-28 17:32:23,1
INT0000005400,PLAY0000040941,U0001950,V00005156,favorite,2026-08-24 02:30:13,1
INT0000005401,PLAY0000040942,U0008527,V00000329,like,2026-08-06 06:56:47,1
INT0000005402,PLAY0000040944,U0003625,V00009678,favorite,2026-05-12 13:01:20,1
INT0000005403,PLAY0000040946,U0003703,V00012659,like,2026-07-25 01:28:32,1
INT0000005404,PLAY0000040949,U0007893,V00011867,comment,2026-06-12 06:16:25,1
INT0000005405,PLAY0000040951,U0002798,V00001929,like,2026-07-23 15:31:09,1
INT0000005406,PLAY0000040955,U0011153,V00014271,favorite,2026-08-15 13:18:25,1
INT0000005407,PLAY0000040964,U0006908,V00005955,share,2026-08-11 07:17:06,1
INT0000005408,PLAY0000040986,U0001161,V00005396,comment,2026-07-10 05:21:23,1
INT0000005409,PLAY0000040987,U0002516,V00012424,favorite,2026-08-26 20:19:50,1
INT0000005410,PLAY0000040992,U0004165,V00003310,like,2026-08-20 00:57:24,1
INT0000005411,PLAY0000040993,U0004876,V00014485,like,2026-08-19 07:06:10,1
INT0000005412,PLAY0000040999,U0011899,V00008291,like,2026-06-05 22:45:33,1
INT0000005413,PLAY0000041003,U0002820,V00002502,like,2026-06-08 21:36:34,1
INT0000005414,PLAY0000041017,U0000177,V00002972,like,2026-06-13 18:20:34,1
INT0000005415,PLAY0000041022,U0003020,V00014628,like,2026-08-20 13:11:00,1
INT0000005416,PLAY0000041029,U0007270,V00003600,like,2026-06-28 18:49:54,1
INT0000005417,PLAY0000041048,U0011721,V00014863,like,2026-03-08 09:21:34,1
INT0000005418,PLAY0000041061,U0003145,V00006021,like,2026-03-10 08:43:20,1
INT0000005419,PLAY0000041062,U0003095,V00012066,share,2026-07-10 02:06:51,1
INT0000005420,PLAY0000041064,U0004075,V00009201,follow,2026-08-08 19:00:43,1
INT0000005421,PLAY0000041084,U0000424,V00010603,like,2026-06-12 16:09:38,1
INT0000005422,PLAY0000041087,U0006390,V00004362,like,2026-07-05 13:04:43,1
INT0000005423,PLAY0000041090,U0009581,V00002313,follow,2026-06-22 00:06:31,1
INT0000005424,PLAY0000041094,U0007983,V00005055,share,2026-03-08 06:42:36,1
INT0000005425,PLAY0000041101,U0009638,V00000773,share,2026-08-02 01:41:47,1
INT0000005426,PLAY0000041107,U0011200,V00011829,favorite,2026-08-01 19:00:37,1
INT0000005427,PLAY0000041114,U0005101,V00009820,like,2026-07-28 19:03:26,1
INT0000005428,PLAY0000041117,U0010802,V00001820,comment,2026-05-27 11:58:45,1
INT0000005429,PLAY0000041121,U0009646,V00011380,comment,2026-08-08 20:52:21,1
INT0000005430,PLAY0000041134,U0001072,V00012701,like,2026-05-29 19:27:10,1
INT0000005431,PLAY0000041135,U0011712,V00004432,like,2026-08-15 10:47:45,1
INT0000005432,PLAY0000041136,U0010570,V00006457,comment,2026-07-28 09:53:18,1
INT0000005433,PLAY0000041154,U0004432,V00000890,like,2026-08-28 07:10:37,1
INT0000005434,PLAY0000041156,U0006867,V00004807,comment,2026-06-09 22:12:52,1
INT0000005435,PLAY0000041158,U0006912,V00007256,like,2026-08-28 01:54:34,1
INT0000005436,PLAY0000041163,U0002276,V00012568,like,2026-08-20 10:33:45,1
INT0000005437,PLAY0000041171,U0009013,V00000202,like,2026-08-10 07:26:03,1
INT0000005438,PLAY0000041174,U0000152,V00001250,like,2026-05-25 22:57:56,1
INT0000005439,PLAY0000041199,U0011966,V00010626,like,2026-04-28 23:52:01,1
INT0000005440,PLAY0000041204,U0005830,V00012384,like,2026-07-14 14:58:44,1
INT0000005441,PLAY0000041210,U0007107,V00013192,like,2026-08-25 02:36:11,1
INT0000005442,PLAY0000041221,U0002168,V00011467,like,2026-08-14 10:27:55,1
INT0000005443,PLAY0000041225,U0011062,V00005594,share,2026-08-26 16:06:35,1
INT0000005444,PLAY0000041227,U0008507,V00012326,follow,2026-08-11 17:11:38,1
INT0000005445,PLAY0000041229,U0002366,V00003145,like,2026-06-25 21:35:16,1
INT0000005446,PLAY0000041230,U0001678,V00006365,like,2026-07-04 19:14:17,1
INT0000005447,PLAY0000041231,U0011786,V00011657,like,2026-05-19 10:55:03,1
INT0000005448,PLAY0000041233,U0011601,V00002526,like,2026-03-13 00:10:44,1
INT0000005449,PLAY0000041236,U0004252,V00012433,like,2026-04-15 17:13:35,1
INT0000005450,PLAY0000041238,U0001655,V00008896,like,2026-07-23 17:25:39,1
INT0000005451,PLAY0000041256,U0006792,V00012162,like,2026-08-27 06:33:00,1
INT0000005452,PLAY0000041258,U0011383,V00014907,like,2026-06-06 09:04:06,1
INT0000005453,PLAY0000041270,U0011435,V00008595,favorite,2026-04-15 22:39:56,1
INT0000005454,PLAY0000041283,U0004623,V00002734,favorite,2026-07-14 14:50:50,1
INT0000005455,PLAY0000041284,U0001356,V00011768,comment,2026-07-09 19:30:42,1
INT0000005456,PLAY0000041290,U0000067,V00000023,follow,2026-08-23 04:33:20,1
INT0000005457,PLAY0000041293,U0011811,V00014671,like,2026-08-08 13:44:13,1
INT0000005458,PLAY0000041313,U0004820,V00005518,like,2026-08-23 05:03:13,1
INT0000005459,PLAY0000041318,U0010747,V00008933,follow,2026-08-05 12:55:25,1
INT0000005460,PLAY0000041320,U0007972,V00005176,like,2026-07-06 02:28:29,1
INT0000005461,PLAY0000041322,U0011636,V00007830,comment,2026-06-13 20:57:55,1
INT0000005462,PLAY0000041338,U0011148,V00014534,follow,2026-04-24 06:31:17,1
INT0000005463,PLAY0000041339,U0004956,V00003314,comment,2026-08-02 00:24:00,1
INT0000005464,PLAY0000041340,U0000909,V00009823,comment,2026-08-26 19:51:11,1
INT0000005465,PLAY0000041358,U0008015,V00004348,like,2026-06-03 20:01:17,1
INT0000005466,PLAY0000041389,U0004498,V00011618,like,2026-08-21 21:19:41,1
INT0000005467,PLAY0000041392,U0010980,V00009902,share,2026-08-23 23:04:40,1
INT0000005468,PLAY0000041394,U0001639,V00008042,like,2026-04-05 22:37:31,1
INT0000005469,PLAY0000041397,U0004581,V00013528,share,2026-08-27 17:20:06,1
INT0000005470,PLAY0000041400,U0008467,V00004464,comment,2026-08-28 18:54:42,1
INT0000005471,PLAY0000041413,U0010052,V00010406,like,2026-05-31 13:36:04,1
INT0000005472,PLAY0000041415,U0009143,V00010213,like,2026-08-27 22:23:35,1
INT0000005473,PLAY0000041433,U0004974,V00012902,like,2026-08-28 13:39:35,1
INT0000005474,PLAY0000041436,U0008448,V00010031,like,2026-08-25 02:59:43,1
INT0000005475,PLAY0000041439,U0005772,V00011370,like,2026-08-03 00:01:57,1
INT0000005476,PLAY0000041442,U0005444,V00000884,like,2026-08-08 04:38:06,1
INT0000005477,PLAY0000041450,U0006159,V00005740,like,2026-07-26 20:34:52,1
INT0000005478,PLAY0000041459,U0010608,V00004450,like,2026-08-28 12:14:26,1
INT0000005479,PLAY0000041464,U0003560,V00011634,like,2026-06-24 21:41:46,1
INT0000005480,PLAY0000041467,U0002363,V00000143,favorite,2026-06-06 21:25:39,1
INT0000005481,PLAY0000041478,U0008221,V00002024,like,2026-06-11 21:14:48,1
INT0000005482,PLAY0000041488,U0007803,V00004277,like,2026-04-05 05:06:29,1
INT0000005483,PLAY0000041490,U0001300,V00006011,like,2026-05-29 21:46:47,1
INT0000005484,PLAY0000041491,U0006173,V00012396,like,2026-08-01 15:41:47,1
INT0000005485,PLAY0000041494,U0000288,V00010237,follow,2026-07-15 08:31:20,1
INT0000005486,PLAY0000041500,U0001945,V00013685,comment,2026-08-04 22:50:48,1
INT0000005487,PLAY0000041510,U0007047,V00004404,like,2026-07-12 02:38:34,1
INT0000005488,PLAY0000041513,U0007818,V00004926,share,2026-08-28 04:08:18,1
INT0000005489,PLAY0000041526,U0006318,V00007858,follow,2026-06-03 00:44:35,1
INT0000005490,PLAY0000041543,U0005505,V00010721,like,2026-08-27 10:35:40,1
INT0000005491,PLAY0000041544,U0010613,V00010821,like,2026-08-22 06:30:25,1
INT0000005492,PLAY0000041553,U0011799,V00013547,comment,2026-08-20 19:57:51,1
INT0000005493,PLAY0000041556,U0011086,V00000234,follow,2026-08-28 20:57:27,1
INT0000005494,PLAY0000041570,U0003853,V00006867,follow,2026-08-23 12:51:57,1
INT0000005495,PLAY0000041574,U0011058,V00010858,comment,2026-04-12 08:04:57,1
INT0000005496,PLAY0000041575,U0009440,V00003374,follow,2026-08-20 23:23:24,1
INT0000005497,PLAY0000041577,U0002199,V00011412,follow,2026-08-25 05:00:29,1
INT0000005498,PLAY0000041578,U0002007,V00008993,like,2026-06-27 15:27:47,1
INT0000005499,PLAY0000041583,U0000704,V00014379,like,2026-08-21 05:14:08,1
INT0000005500,PLAY0000041589,U0010156,V00012749,favorite,2026-07-19 19:46:58,1
INT0000005501,PLAY0000041601,U0008574,V00000380,like,2026-01-31 05:03:25,1
INT0000005502,PLAY0000041609,U0007170,V00000031,like,2026-04-07 22:21:47,1
INT0000005503,PLAY0000041615,U0004180,V00005525,share,2026-01-30 17:31:23,1
INT0000005504,PLAY0000041637,U0006517,V00000102,like,2026-08-11 22:53:00,1
INT0000005505,PLAY0000041639,U0000544,V00011027,favorite,2026-06-09 04:12:30,1
INT0000005506,PLAY0000041643,U0002088,V00012698,follow,2026-06-25 20:48:06,1
INT0000005507,PLAY0000041651,U0010311,V00011920,comment,2026-08-23 15:10:49,1
INT0000005508,PLAY0000041655,U0008428,V00006240,like,2026-08-24 10:52:50,1
INT0000005509,PLAY0000041660,U0000605,V00004586,like,2026-07-28 11:37:41,1
INT0000005510,PLAY0000041669,U0011976,V00000904,share,2026-05-17 15:29:45,1
INT0000005511,PLAY0000041671,U0002323,V00011516,comment,2026-03-25 17:25:34,1
INT0000005512,PLAY0000041673,U0009211,V00008174,like,2026-08-27 02:51:27,1
INT0000005513,PLAY0000041679,U0001066,V00009292,share,2026-08-26 02:18:02,1
INT0000005514,PLAY0000041716,U0007204,V00009373,follow,2026-04-13 12:31:55,1
INT0000005515,PLAY0000041718,U0010947,V00011364,comment,2026-06-22 01:11:19,1
INT0000005516,PLAY0000041719,U0003670,V00014859,like,2026-08-19 23:20:04,1
INT0000005517,PLAY0000041720,U0006657,V00007659,like,2026-08-24 14:26:58,1
INT0000005518,PLAY0000041729,U0001311,V00003043,like,2026-07-31 12:34:38,1
INT0000005519,PLAY0000041735,U0006067,V00006711,like,2026-06-03 19:17:23,1
INT0000005520,PLAY0000041755,U0004702,V00014464,share,2026-08-27 20:14:16,1
INT0000005521,PLAY0000041762,U0006442,V00005378,share,2026-06-19 21:47:11,1
INT0000005522,PLAY0000041768,U0003831,V00014447,share,2026-08-20 05:37:29,1
INT0000005523,PLAY0000041773,U0001248,V00011794,like,2026-07-26 01:21:15,1
INT0000005524,PLAY0000041778,U0000145,V00005050,share,2026-07-14 10:11:58,1
INT0000005525,PLAY0000041781,U0008535,V00010954,like,2026-08-22 06:42:08,1
INT0000005526,PLAY0000041785,U0006162,V00002477,follow,2026-08-10 04:52:38,1
INT0000005527,PLAY0000041793,U0008117,V00001599,like,2026-07-14 04:13:11,1
INT0000005528,PLAY0000041796,U0004625,V00000406,like,2026-05-18 23:06:53,1
INT0000005529,PLAY0000041802,U0000281,V00012843,like,2026-08-19 01:40:21,1
INT0000005530,PLAY0000041810,U0010638,V00003069,like,2026-04-22 10:52:37,1
INT0000005531,PLAY0000041811,U0006241,V00005929,like,2026-07-24 04:18:33,1
INT0000005532,PLAY0000041816,U0010551,V00002149,like,2026-08-24 07:03:03,1
INT0000005533,PLAY0000041830,U0009129,V00000397,like,2026-08-27 17:13:24,1
INT0000005534,PLAY0000041835,U0002954,V00011234,like,2026-01-28 23:38:44,1
INT0000005535,PLAY0000041840,U0005813,V00000550,like,2026-07-23 13:26:25,1
INT0000005536,PLAY0000041844,U0010333,V00006384,like,2026-08-27 09:28:18,1
INT0000005537,PLAY0000041858,U0009921,V00013569,like,2026-08-18 06:54:00,1
INT0000005538,PLAY0000041863,U0010977,V00001855,share,2026-08-25 17:32:17,1
INT0000005539,PLAY0000041869,U0006671,V00008948,follow,2026-05-18 02:35:50,1
INT0000005540,PLAY0000041889,U0004948,V00013043,like,2026-07-13 20:50:47,1
INT0000005541,PLAY0000041912,U0010871,V00000175,like,2026-08-25 14:17:56,1
INT0000005542,PLAY0000041915,U0005893,V00012198,like,2026-08-14 14:15:51,1
INT0000005543,PLAY0000041919,U0005454,V00001797,like,2026-08-23 18:04:56,1
INT0000005544,PLAY0000041921,U0004153,V00001223,comment,2026-05-12 23:10:01,1
INT0000005545,PLAY0000041934,U0003609,V00013272,like,2026-07-01 01:12:13,1
INT0000005546,PLAY0000041944,U0009142,V00008915,like,2026-08-26 09:15:11,1
INT0000005547,PLAY0000041955,U0001704,V00002392,like,2026-07-20 06:01:28,1
INT0000005548,PLAY0000041962,U0011174,V00006008,share,2026-07-04 20:03:34,1
INT0000005549,PLAY0000041978,U0006170,V00008002,follow,2026-03-19 23:01:13,1
INT0000005550,PLAY0000041983,U0004772,V00005923,share,2026-08-24 09:24:05,1
INT0000005551,PLAY0000041985,U0001165,V00008624,favorite,2026-08-13 14:06:19,1
INT0000005552,PLAY0000041991,U0011121,V00006385,share,2026-05-02 09:41:38,1
INT0000005553,PLAY0000041992,U0001802,V00012783,favorite,2026-08-28 07:45:42,1
INT0000005554,PLAY0000041997,U0002105,V00000984,like,2026-08-26 19:42:03,1
INT0000005555,PLAY0000041999,U0007431,V00014213,share,2026-08-01 00:02:35,1
INT0000005556,PLAY0000042009,U0007780,V00000114,like,2026-06-25 07:48:46,1
INT0000005557,PLAY0000042011,U0003632,V00011992,like,2026-03-17 22:15:25,1
INT0000005558,PLAY0000042017,U0000143,V00013562,like,2026-06-10 01:37:59,1
INT0000005559,PLAY0000042019,U0009984,V00001114,like,2026-08-27 23:20:28,1
INT0000005560,PLAY0000042021,U0001761,V00000654,favorite,2026-08-23 15:56:42,1
INT0000005561,PLAY0000042031,U0009483,V00013435,favorite,2026-08-24 19:28:38,1
INT0000005562,PLAY0000042041,U0007918,V00005359,comment,2026-05-20 11:58:11,1
INT0000005563,PLAY0000042051,U0009991,V00010135,like,2026-04-09 23:56:53,1
INT0000005564,PLAY0000042059,U0007317,V00011129,like,2026-08-17 08:49:24,1
INT0000005565,PLAY0000042061,U0002911,V00007799,like,2026-06-18 01:48:52,1
INT0000005566,PLAY0000042067,U0002923,V00002816,follow,2026-05-21 04:08:13,1
INT0000005567,PLAY0000042068,U0004306,V00005382,comment,2026-06-06 09:30:40,1
INT0000005568,PLAY0000042078,U0001799,V00009218,like,2026-08-18 20:09:40,1
INT0000005569,PLAY0000042107,U0000228,V00014882,like,2026-08-16 05:37:01,1
INT0000005570,PLAY0000042111,U0001700,V00013884,like,2026-08-13 09:20:54,1
INT0000005571,PLAY0000042138,U0008707,V00012382,comment,2026-07-11 09:51:48,1
INT0000005572,PLAY0000042143,U0009263,V00003030,like,2026-05-10 23:57:25,1
INT0000005573,PLAY0000042152,U0005621,V00007647,comment,2026-05-03 16:00:26,1
INT0000005574,PLAY0000042159,U0008811,V00011731,like,2026-08-28 17:47:02,1
INT0000005575,PLAY0000042160,U0007793,V00001354,share,2026-05-14 16:40:07,1
INT0000005576,PLAY0000042165,U0005439,V00004930,follow,2026-03-07 15:47:08,1
INT0000005577,PLAY0000042170,U0004581,V00007502,favorite,2026-05-02 17:53:26,1
INT0000005578,PLAY0000042175,U0006747,V00010134,comment,2026-03-09 12:50:39,1
INT0000005579,PLAY0000042177,U0000142,V00001881,like,2026-07-30 19:12:39,1
INT0000005580,PLAY0000042180,U0000483,V00005840,like,2026-04-11 19:27:40,1
INT0000005581,PLAY0000042183,U0010024,V00013592,follow,2026-07-16 06:11:12,1
INT0000005582,PLAY0000042185,U0000604,V00004490,like,2026-08-01 07:27:33,1
INT0000005583,PLAY0000042198,U0008855,V00009426,share,2026-08-14 08:26:47,1
INT0000005584,PLAY0000042204,U0000503,V00011417,like,2026-08-07 21:12:24,1
INT0000005585,PLAY0000042207,U0011372,V00000390,like,2026-08-27 12:24:59,1
INT0000005586,PLAY0000042210,U0003299,V00012874,like,2026-08-15 23:29:09,1
INT0000005587,PLAY0000042212,U0004464,V00011328,comment,2026-05-28 21:11:52,1
INT0000005588,PLAY0000042213,U0005766,V00007614,follow,2026-07-07 06:00:25,1
INT0000005589,PLAY0000042216,U0006572,V00007188,share,2026-07-28 22:29:15,1
INT0000005590,PLAY0000042233,U0011294,V00002564,follow,2026-08-03 10:52:05,1
INT0000005591,PLAY0000042235,U0008829,V00009634,follow,2026-02-22 22:12:09,1
INT0000005592,PLAY0000042241,U0002365,V00001054,share,2026-06-11 03:43:39,1
INT0000005593,PLAY0000042267,U0004644,V00009065,like,2026-07-08 04:56:07,1
INT0000005594,PLAY0000042268,U0000498,V00001486,share,2026-07-31 10:34:22,1
INT0000005595,PLAY0000042274,U0011764,V00006149,share,2026-06-05 21:08:44,1
INT0000005596,PLAY0000042280,U0003259,V00005058,like,2026-06-29 07:46:18,1
INT0000005597,PLAY0000042284,U0001712,V00013143,like,2026-04-18 09:43:59,1
INT0000005598,PLAY0000042303,U0010362,V00007486,comment,2026-06-27 18:56:52,1
INT0000005599,PLAY0000042307,U0001427,V00005192,like,2026-08-20 05:43:23,1
INT0000005600,PLAY0000042310,U0007504,V00000170,like,2026-04-14 04:45:34,1
INT0000005601,PLAY0000042321,U0007628,V00014355,share,2026-05-13 23:44:50,1
INT0000005602,PLAY0000042330,U0008891,V00014209,like,2026-05-01 19:50:44,1
INT0000005603,PLAY0000042336,U0008871,V00002992,share,2026-08-02 23:43:49,1
INT0000005604,PLAY0000042347,U0009776,V00004765,share,2026-06-12 03:49:10,1
INT0000005605,PLAY0000042360,U0001458,V00013385,comment,2026-08-11 06:37:49,1
INT0000005606,PLAY0000042364,U0010008,V00009791,like,2026-08-27 06:04:19,1
INT0000005607,PLAY0000042368,U0011670,V00008615,like,2026-05-09 04:56:55,1
INT0000005608,PLAY0000042370,U0002277,V00000491,like,2026-07-29 15:11:15,1
INT0000005609,PLAY0000042389,U0002258,V00003833,like,2026-03-26 17:50:54,1
INT0000005610,PLAY0000042391,U0011002,V00005994,follow,2026-08-23 23:42:35,1
INT0000005611,PLAY0000042396,U0006240,V00010095,favorite,2026-08-18 10:11:19,1
INT0000005612,PLAY0000042405,U0002083,V00003186,comment,2026-08-24 06:37:41,1
INT0000005613,PLAY0000042418,U0000087,V00005697,like,2026-03-18 17:16:45,1
INT0000005614,PLAY0000042422,U0009348,V00012806,like,2026-07-28 20:08:39,1
INT0000005615,PLAY0000042423,U0009818,V00009288,like,2026-06-22 15:40:24,1
INT0000005616,PLAY0000042433,U0009088,V00005351,share,2026-07-22 23:14:27,1
INT0000005617,PLAY0000042435,U0005169,V00000258,follow,2026-08-16 19:45:44,1
INT0000005618,PLAY0000042438,U0002517,V00014097,like,2026-08-21 06:03:56,1
INT0000005619,PLAY0000042462,U0007220,V00014780,like,2026-08-24 23:52:03,1
INT0000005620,PLAY0000042485,U0005085,V00007172,share,2026-08-27 23:57:57,1
INT0000005621,PLAY0000042486,U0008916,V00001461,comment,2026-08-25 08:10:26,1
INT0000005622,PLAY0000042501,U0005958,V00011056,share,2026-08-18 02:05:54,1
INT0000005623,PLAY0000042513,U0004318,V00002502,follow,2026-04-02 16:56:37,1
INT0000005624,PLAY0000042519,U0003564,V00001104,like,2026-08-15 18:14:35,1
INT0000005625,PLAY0000042528,U0000994,V00003900,favorite,2026-06-22 07:49:01,1
INT0000005626,PLAY0000042536,U0004507,V00002107,like,2026-08-17 09:44:56,1
INT0000005627,PLAY0000042555,U0003826,V00007128,like,2026-08-12 14:35:29,1
INT0000005628,PLAY0000042566,U0007315,V00000905,like,2026-07-18 12:18:10,1
INT0000005629,PLAY0000042571,U0005630,V00006611,like,2026-07-26 10:41:22,1
INT0000005630,PLAY0000042588,U0006849,V00006933,favorite,2026-08-26 06:12:40,1
INT0000005631,PLAY0000042595,U0000566,V00011310,follow,2026-06-21 21:31:14,1
INT0000005632,PLAY0000042596,U0003069,V00011818,follow,2026-08-20 01:53:28,1
INT0000005633,PLAY0000042604,U0005514,V00013571,like,2026-07-22 14:43:14,1
INT0000005634,PLAY0000042607,U0010236,V00005665,like,2026-07-11 11:55:43,1
INT0000005635,PLAY0000042613,U0010326,V00002004,like,2026-08-01 03:06:37,1
INT0000005636,PLAY0000042617,U0005616,V00001921,share,2026-05-07 10:54:32,1
INT0000005637,PLAY0000042626,U0011633,V00012246,follow,2026-06-07 04:51:10,1
INT0000005638,PLAY0000042633,U0011469,V00006473,like,2026-04-29 16:10:07,1
INT0000005639,PLAY0000042641,U0011773,V00006546,like,2026-08-25 07:04:09,1
INT0000005640,PLAY0000042642,U0001400,V00013316,share,2026-08-14 19:02:51,1
INT0000005641,PLAY0000042652,U0001953,V00004583,share,2026-06-25 09:45:59,1
INT0000005642,PLAY0000042658,U0008547,V00011555,comment,2026-08-13 12:59:11,1
INT0000005643,PLAY0000042662,U0007634,V00006578,favorite,2026-04-17 11:01:21,1
INT0000005644,PLAY0000042665,U0002315,V00008151,like,2026-08-26 04:29:57,1
INT0000005645,PLAY0000042679,U0008177,V00007683,follow,2026-05-02 11:13:54,1
INT0000005646,PLAY0000042683,U0007168,V00007919,like,2026-04-11 04:56:27,1
INT0000005647,PLAY0000042685,U0008537,V00012208,like,2026-05-07 19:48:34,1
INT0000005648,PLAY0000042689,U0000081,V00005437,like,2026-07-05 05:52:23,1
INT0000005649,PLAY0000042693,U0006521,V00006717,comment,2026-08-28 22:35:14,1
INT0000005650,PLAY0000042698,U0007794,V00011632,follow,2026-08-22 15:13:19,1
INT0000005651,PLAY0000042704,U0008594,V00007170,like,2026-08-28 16:19:19,1
INT0000005652,PLAY0000042719,U0011828,V00004525,like,2026-07-21 12:38:49,1
INT0000005653,PLAY0000042727,U0001843,V00008467,like,2026-05-20 03:53:40,1
INT0000005654,PLAY0000042729,U0010149,V00010768,favorite,2026-07-30 22:17:20,1
INT0000005655,PLAY0000042735,U0005665,V00014219,share,2026-08-26 07:23:31,1
INT0000005656,PLAY0000042736,U0002051,V00013532,favorite,2026-05-17 21:15:42,1
INT0000005657,PLAY0000042738,U0004055,V00009990,comment,2026-08-15 15:41:40,1
INT0000005658,PLAY0000042739,U0001717,V00013407,like,2026-06-20 02:04:25,1
INT0000005659,PLAY0000042750,U0002168,V00006936,like,2026-03-27 13:24:08,1
INT0000005660,PLAY0000042757,U0011641,V00002269,like,2026-07-17 18:55:58,1
INT0000005661,PLAY0000042761,U0003098,V00003555,like,2026-05-01 19:07:40,1
INT0000005662,PLAY0000042763,U0006046,V00005255,like,2026-08-05 06:52:46,1
INT0000005663,PLAY0000042766,U0003122,V00012036,like,2026-08-13 06:25:49,1
INT0000005664,PLAY0000042770,U0006920,V00011203,like,2026-06-11 00:12:47,1
INT0000005665,PLAY0000042775,U0009313,V00011116,share,2026-08-14 06:39:00,1
INT0000005666,PLAY0000042776,U0006883,V00010245,comment,2026-05-24 09:52:28,1
INT0000005667,PLAY0000042778,U0010697,V00002772,like,2026-08-01 05:33:39,1
INT0000005668,PLAY0000042779,U0002961,V00012765,share,2026-06-13 05:34:12,1
INT0000005669,PLAY0000042786,U0009798,V00008673,like,2026-08-27 07:00:09,1
INT0000005670,PLAY0000042789,U0001781,V00012652,like,2026-08-21 00:11:26,1
INT0000005671,PLAY0000042790,U0009721,V00011185,follow,2026-08-24 10:35:53,1
INT0000005672,PLAY0000042791,U0001199,V00003442,like,2026-08-14 04:38:27,1
INT0000005673,PLAY0000042794,U0001057,V00000457,like,2026-06-30 17:53:49,1
INT0000005674,PLAY0000042796,U0008140,V00012330,like,2026-06-14 23:27:26,1
INT0000005675,PLAY0000042797,U0004081,V00011709,share,2026-03-11 06:12:31,1
INT0000005676,PLAY0000042800,U0011562,V00005352,share,2026-05-15 02:33:49,1
INT0000005677,PLAY0000042801,U0004861,V00011818,like,2026-08-24 22:48:07,1
INT0000005678,PLAY0000042813,U0004854,V00012966,like,2026-07-08 16:10:35,1
INT0000005679,PLAY0000042815,U0009979,V00009027,like,2026-08-21 22:24:41,1
INT0000005680,PLAY0000042823,U0011643,V00009665,like,2026-03-26 12:00:57,1
INT0000005681,PLAY0000042825,U0001379,V00011251,favorite,2026-08-16 22:44:20,1
INT0000005682,PLAY0000042836,U0005029,V00005512,like,2026-08-03 09:38:19,1
INT0000005683,PLAY0000042847,U0000616,V00003626,like,2026-06-09 17:49:01,1
INT0000005684,PLAY0000042857,U0006803,V00007456,share,2026-05-03 17:35:29,1
INT0000005685,PLAY0000042872,U0006051,V00008855,comment,2026-08-12 19:11:34,1
INT0000005686,PLAY0000042876,U0004812,V00010069,share,2026-08-21 03:33:38,1
INT0000005687,PLAY0000042881,U0001049,V00004111,comment,2026-07-07 13:28:40,1
INT0000005688,PLAY0000042887,U0003675,V00014591,like,2026-08-25 05:07:13,1
INT0000005689,PLAY0000042897,U0000977,V00004957,like,2026-05-20 10:14:01,1
INT0000005690,PLAY0000042907,U0002842,V00010426,like,2026-05-22 21:28:47,1
INT0000005691,PLAY0000042908,U0000430,V00002873,like,2026-08-01 21:16:45,1
INT0000005692,PLAY0000042913,U0006771,V00010048,like,2026-06-26 01:47:50,1
INT0000005693,PLAY0000042916,U0009910,V00003545,like,2026-07-21 01:24:27,1
INT0000005694,PLAY0000042917,U0004493,V00005880,like,2026-08-26 18:09:33,1
INT0000005695,PLAY0000042919,U0006293,V00000155,like,2026-04-18 04:23:04,1
INT0000005696,PLAY0000042920,U0005845,V00013128,like,2026-08-04 06:14:52,1
INT0000005697,PLAY0000042923,U0000974,V00007662,follow,2026-05-15 01:08:48,1
INT0000005698,PLAY0000042939,U0006728,V00006296,like,2026-08-22 16:42:25,1
INT0000005699,PLAY0000042945,U0001767,V00012592,follow,2026-06-27 23:58:16,1
INT0000005700,PLAY0000042948,U0011721,V00012821,like,2026-08-04 02:37:33,1
INT0000005701,PLAY0000042968,U0010068,V00005859,favorite,2026-06-13 13:34:11,1
INT0000005702,PLAY0000042969,U0008424,V00008449,comment,2026-08-19 15:54:36,1
INT0000005703,PLAY0000042971,U0009773,V00008464,share,2026-04-24 02:43:05,1
INT0000005704,PLAY0000042980,U0010609,V00007964,comment,2026-05-08 18:38:47,1
INT0000005705,PLAY0000042982,U0004469,V00014190,like,2026-08-28 13:14:55,1
INT0000005706,PLAY0000042985,U0001672,V00007839,favorite,2026-08-25 07:43:02,1
INT0000005707,PLAY0000042987,U0008226,V00005323,like,2026-07-25 05:08:05,1
INT0000005708,PLAY0000043022,U0006008,V00001347,like,2026-08-27 18:36:23,1
INT0000005709,PLAY0000043038,U0009121,V00010557,share,2026-08-26 17:54:59,1
INT0000005710,PLAY0000043043,U0008008,V00013671,favorite,2026-04-21 20:57:57,1
INT0000005711,PLAY0000043047,U0007410,V00012045,follow,2026-06-25 14:50:17,1
INT0000005712,PLAY0000043064,U0007921,V00010070,like,2026-06-01 06:08:37,1
INT0000005713,PLAY0000043068,U0004575,V00002973,favorite,2026-04-30 05:03:06,1
INT0000005714,PLAY0000043069,U0009061,V00004428,like,2026-07-28 11:32:37,1
INT0000005715,PLAY0000043070,U0003224,V00003154,like,2026-06-08 20:56:27,1
INT0000005716,PLAY0000043076,U0008185,V00007874,favorite,2026-06-07 07:26:50,1
INT0000005717,PLAY0000043078,U0011428,V00005348,like,2026-06-01 23:47:26,1
INT0000005718,PLAY0000043080,U0006598,V00002703,favorite,2026-08-20 21:14:02,1
INT0000005719,PLAY0000043082,U0004580,V00000401,favorite,2026-07-26 09:48:10,1
INT0000005720,PLAY0000043092,U0007781,V00004409,like,2026-08-15 21:24:27,1
INT0000005721,PLAY0000043095,U0002222,V00008026,like,2026-07-18 14:16:02,1
INT0000005722,PLAY0000043108,U0011283,V00009681,favorite,2026-08-17 20:17:16,1
INT0000005723,PLAY0000043126,U0006266,V00001651,follow,2026-04-29 18:48:36,1
INT0000005724,PLAY0000043130,U0011355,V00004832,like,2026-05-11 12:04:40,1
INT0000005725,PLAY0000043132,U0000115,V00011519,like,2026-07-10 02:57:55,1
INT0000005726,PLAY0000043134,U0003556,V00004945,like,2026-07-01 22:17:53,1
INT0000005727,PLAY0000043139,U0004912,V00005303,like,2026-05-24 01:10:47,1
INT0000005728,PLAY0000043141,U0004125,V00006292,share,2026-08-28 07:14:09,1
INT0000005729,PLAY0000043144,U0008236,V00009517,like,2026-08-23 01:19:13,1
INT0000005730,PLAY0000043165,U0006405,V00009541,comment,2026-08-25 14:13:39,1
INT0000005731,PLAY0000043173,U0000588,V00005914,like,2026-08-12 13:24:56,1
INT0000005732,PLAY0000043180,U0000262,V00011191,share,2026-08-10 23:00:26,1
INT0000005733,PLAY0000043195,U0000700,V00005191,like,2026-05-26 00:48:58,1
INT0000005734,PLAY0000043211,U0001459,V00006779,favorite,2026-06-30 11:19:17,1
INT0000005735,PLAY0000043221,U0006105,V00011358,comment,2026-06-17 17:40:38,1
INT0000005736,PLAY0000043223,U0011671,V00003234,like,2026-05-11 10:44:44,1
INT0000005737,PLAY0000043225,U0007004,V00012615,like,2026-06-13 05:56:23,1
INT0000005738,PLAY0000043227,U0006378,V00012534,comment,2026-08-21 18:16:43,1
INT0000005739,PLAY0000043229,U0005492,V00009509,like,2026-03-02 08:37:58,1
INT0000005740,PLAY0000043233,U0005631,V00008393,share,2026-08-26 22:08:37,1
INT0000005741,PLAY0000043244,U0006422,V00000909,like,2026-07-31 02:43:26,1
INT0000005742,PLAY0000043245,U0000483,V00009433,like,2026-08-13 09:04:55,1
INT0000005743,PLAY0000043254,U0007962,V00000639,like,2026-08-21 01:47:27,1
INT0000005744,PLAY0000043255,U0002210,V00013073,share,2026-08-24 18:34:49,1
INT0000005745,PLAY0000043263,U0001886,V00011370,comment,2026-08-14 03:41:51,1
INT0000005746,PLAY0000043273,U0011044,V00005034,follow,2026-05-31 19:33:11,1
INT0000005747,PLAY0000043274,U0010777,V00010004,like,2026-08-08 01:48:09,1
INT0000005748,PLAY0000043288,U0010821,V00012926,follow,2026-07-20 09:15:09,1
INT0000005749,PLAY0000043289,U0001552,V00005831,comment,2026-05-20 18:21:07,1
INT0000005750,PLAY0000043299,U0009346,V00010251,like,2026-05-22 03:08:38,1
INT0000005751,PLAY0000043307,U0001686,V00013987,like,2026-07-31 22:46:35,1
INT0000005752,PLAY0000043310,U0002320,V00008096,share,2026-08-19 06:10:10,1
INT0000005753,PLAY0000043314,U0002633,V00000361,like,2026-07-09 15:43:45,1
INT0000005754,PLAY0000043324,U0006115,V00000255,like,2026-04-24 22:05:37,1
INT0000005755,PLAY0000043333,U0010299,V00004526,like,2026-08-01 07:05:21,1
INT0000005756,PLAY0000043340,U0005509,V00014978,comment,2026-07-18 04:20:32,1
INT0000005757,PLAY0000043345,U0001093,V00002807,like,2026-04-25 17:39:20,1
INT0000005758,PLAY0000043349,U0009177,V00006356,comment,2026-08-03 01:56:01,1
INT0000005759,PLAY0000043350,U0000996,V00002671,share,2026-05-12 10:51:58,1
INT0000005760,PLAY0000043359,U0006909,V00013253,like,2026-05-21 04:53:44,1
INT0000005761,PLAY0000043360,U0006625,V00002042,like,2026-08-13 21:33:12,1
INT0000005762,PLAY0000043379,U0008221,V00005012,share,2026-08-24 13:04:03,1
INT0000005763,PLAY0000043393,U0011614,V00005643,like,2026-08-01 01:58:49,1
INT0000005764,PLAY0000043411,U0007133,V00008300,like,2026-02-19 22:21:31,1
INT0000005765,PLAY0000043420,U0005114,V00014309,comment,2026-08-22 20:44:51,1
INT0000005766,PLAY0000043422,U0007174,V00008425,share,2026-07-19 02:33:04,1
INT0000005767,PLAY0000043457,U0008115,V00007035,like,2026-06-28 15:46:36,1
INT0000005768,PLAY0000043467,U0007256,V00001217,like,2026-08-27 19:26:29,1
INT0000005769,PLAY0000043486,U0004417,V00013021,comment,2026-07-02 04:17:02,1
INT0000005770,PLAY0000043489,U0005077,V00006728,like,2026-08-24 05:50:24,1
INT0000005771,PLAY0000043505,U0000262,V00009614,like,2026-06-15 19:18:51,1
INT0000005772,PLAY0000043506,U0008542,V00001622,follow,2026-08-19 07:12:20,1
INT0000005773,PLAY0000043524,U0007519,V00009990,like,2026-08-27 12:52:35,1
INT0000005774,PLAY0000043530,U0006488,V00000959,follow,2026-04-24 17:18:29,1
INT0000005775,PLAY0000043538,U0004915,V00000522,like,2026-08-28 04:02:43,1
INT0000005776,PLAY0000043553,U0008563,V00004560,like,2026-07-15 03:58:14,1
INT0000005777,PLAY0000043558,U0009983,V00005853,like,2026-06-05 01:27:15,1
INT0000005778,PLAY0000043575,U0003804,V00007801,favorite,2026-06-12 13:27:02,1
INT0000005779,PLAY0000043582,U0000139,V00004890,like,2026-08-20 00:35:48,1
INT0000005780,PLAY0000043590,U0004270,V00014994,favorite,2026-08-10 09:26:00,1
INT0000005781,PLAY0000043616,U0009611,V00002945,like,2026-08-25 20:24:16,1
INT0000005782,PLAY0000043623,U0000300,V00013825,like,2026-08-28 21:29:18,1
INT0000005783,PLAY0000043628,U0000485,V00000792,follow,2026-07-11 04:14:47,1
INT0000005784,PLAY0000043638,U0001046,V00001089,like,2026-08-28 00:59:19,1
INT0000005785,PLAY0000043644,U0007167,V00001523,comment,2026-08-21 14:47:04,1
INT0000005786,PLAY0000043645,U0004318,V00009982,like,2026-08-28 07:07:21,1
INT0000005787,PLAY0000043652,U0004456,V00007363,favorite,2026-08-08 03:25:02,1
INT0000005788,PLAY0000043654,U0000941,V00005220,like,2026-08-09 00:19:58,1
INT0000005789,PLAY0000043657,U0005124,V00006362,follow,2026-08-28 19:08:12,1
INT0000005790,PLAY0000043665,U0009529,V00001627,like,2026-03-10 14:04:07,1
INT0000005791,PLAY0000043670,U0001652,V00004032,like,2026-03-18 07:25:49,1
INT0000005792,PLAY0000043671,U0000091,V00003554,share,2026-07-15 10:17:39,1
INT0000005793,PLAY0000043699,U0003244,V00013139,follow,2026-08-23 22:02:48,1
INT0000005794,PLAY0000043708,U0003719,V00002608,like,2026-02-15 07:41:11,1
INT0000005795,PLAY0000043727,U0010667,V00006225,share,2026-08-28 23:48:53,1
INT0000005796,PLAY0000043729,U0006325,V00010757,favorite,2026-07-16 14:30:09,1
INT0000005797,PLAY0000043734,U0006661,V00003306,like,2026-03-08 22:32:14,1
INT0000005798,PLAY0000043740,U0009669,V00012296,like,2026-08-28 15:59:20,1
INT0000005799,PLAY0000043749,U0010608,V00002640,comment,2026-08-02 01:12:14,1
INT0000005800,PLAY0000043755,U0006886,V00014230,follow,2026-08-11 00:20:05,1
INT0000005801,PLAY0000043756,U0011713,V00010665,like,2026-07-28 02:11:49,1
INT0000005802,PLAY0000043759,U0009723,V00009978,like,2026-06-07 14:43:48,1
INT0000005803,PLAY0000043763,U0006933,V00007674,like,2026-06-21 02:24:47,1
INT0000005804,PLAY0000043765,U0009210,V00013850,comment,2026-08-07 23:39:35,1
INT0000005805,PLAY0000043768,U0010864,V00005739,follow,2026-04-23 23:37:47,1
INT0000005806,PLAY0000043776,U0000780,V00014442,like,2026-06-02 05:59:55,1
INT0000005807,PLAY0000043786,U0007404,V00006236,comment,2026-07-02 14:09:48,1
INT0000005808,PLAY0000043798,U0007252,V00013801,follow,2026-03-23 23:02:12,1
INT0000005809,PLAY0000043828,U0009777,V00009035,like,2026-07-01 14:50:40,1
INT0000005810,PLAY0000043830,U0011801,V00006415,follow,2026-05-07 06:43:05,1
INT0000005811,PLAY0000043831,U0002573,V00004530,like,2026-05-18 17:33:56,1
INT0000005812,PLAY0000043835,U0004504,V00001323,share,2026-08-27 05:35:01,1
INT0000005813,PLAY0000043839,U0011682,V00013202,favorite,2026-08-19 13:17:36,1
INT0000005814,PLAY0000043842,U0007610,V00004522,like,2026-05-14 07:08:03,1
INT0000005815,PLAY0000043846,U0009838,V00004278,like,2026-07-20 21:35:31,1
INT0000005816,PLAY0000043851,U0004182,V00003934,like,2026-08-03 17:00:43,1
INT0000005817,PLAY0000043866,U0010671,V00006861,comment,2026-07-03 15:45:46,1
INT0000005818,PLAY0000043879,U0001749,V00004149,like,2026-08-19 10:22:53,1
INT0000005819,PLAY0000043889,U0003972,V00003300,like,2026-08-22 11:18:08,1
INT0000005820,PLAY0000043890,U0002713,V00010373,like,2026-07-09 06:56:03,1
INT0000005821,PLAY0000043891,U0005619,V00010583,like,2026-08-24 21:26:22,1
INT0000005822,PLAY0000043896,U0009792,V00003118,like,2026-08-15 12:45:51,1
INT0000005823,PLAY0000043904,U0007899,V00014675,like,2026-06-13 13:04:22,1
INT0000005824,PLAY0000043910,U0007403,V00004041,comment,2026-04-13 17:09:30,1
INT0000005825,PLAY0000043913,U0001512,V00000450,share,2026-07-09 22:21:40,1
INT0000005826,PLAY0000043920,U0000770,V00001195,comment,2026-07-27 17:05:59,1
INT0000005827,PLAY0000043926,U0000201,V00006987,like,2026-04-21 13:10:19,1
INT0000005828,PLAY0000043931,U0002291,V00002736,like,2026-03-28 10:05:02,1
INT0000005829,PLAY0000043957,U0004276,V00004854,like,2026-06-21 09:46:00,1
INT0000005830,PLAY0000043964,U0001924,V00000364,like,2026-08-03 14:49:16,1
INT0000005831,PLAY0000043968,U0006031,V00001024,like,2026-05-09 03:54:31,1
INT0000005832,PLAY0000043972,U0006629,V00011471,share,2026-08-12 14:21:53,1
INT0000005833,PLAY0000043977,U0007263,V00013104,like,2026-03-20 20:51:31,1
INT0000005834,PLAY0000043992,U0009274,V00004147,like,2026-08-23 05:23:07,1
INT0000005835,PLAY0000044005,U0005978,V00013323,favorite,2026-08-20 07:41:53,1
INT0000005836,PLAY0000044007,U0001280,V00006520,favorite,2026-08-03 01:45:49,1
INT0000005837,PLAY0000044008,U0004183,V00013761,share,2026-08-27 23:21:52,1
INT0000005838,PLAY0000044022,U0003766,V00009176,like,2026-08-28 01:51:05,1
INT0000005839,PLAY0000044024,U0004024,V00014332,like,2026-01-10 07:23:27,1
INT0000005840,PLAY0000044025,U0001570,V00003464,like,2026-03-17 14:34:52,1
INT0000005841,PLAY0000044027,U0009960,V00007027,share,2026-06-19 20:16:16,1
INT0000005842,PLAY0000044036,U0005377,V00001354,like,2026-08-14 02:28:35,1
INT0000005843,PLAY0000044045,U0009234,V00002757,like,2026-07-29 10:33:46,1
INT0000005844,PLAY0000044049,U0006028,V00014436,like,2026-02-12 12:03:15,1
INT0000005845,PLAY0000044054,U0002644,V00014904,like,2026-06-27 00:36:09,1
INT0000005846,PLAY0000044057,U0007988,V00011119,like,2026-07-29 21:35:44,1
INT0000005847,PLAY0000044061,U0001643,V00011806,favorite,2026-06-22 17:00:00,1
INT0000005848,PLAY0000044064,U0003326,V00001908,favorite,2026-08-28 15:22:40,1
INT0000005849,PLAY0000044066,U0001795,V00007448,comment,2026-04-23 18:03:15,1
INT0000005850,PLAY0000044069,U0006754,V00006637,like,2026-07-27 17:35:36,1
INT0000005851,PLAY0000044071,U0011745,V00010423,like,2026-07-12 23:58:32,1
INT0000005852,PLAY0000044077,U0009436,V00008030,like,2026-06-04 04:40:25,1
INT0000005853,PLAY0000044078,U0010018,V00014433,favorite,2026-08-16 17:12:11,1
INT0000005854,PLAY0000044083,U0001237,V00014990,comment,2026-07-02 05:12:11,1
INT0000005855,PLAY0000044096,U0004230,V00000393,like,2026-07-07 15:27:54,1
INT0000005856,PLAY0000044103,U0011440,V00004730,favorite,2026-07-09 13:31:56,1
INT0000005857,PLAY0000044111,U0007072,V00010665,like,2026-06-08 16:00:50,1
INT0000005858,PLAY0000044112,U0007148,V00009312,favorite,2026-05-18 06:30:50,1
INT0000005859,PLAY0000044124,U0005431,V00000704,like,2026-05-06 07:48:57,1
INT0000005860,PLAY0000044128,U0007976,V00004109,like,2026-08-25 19:48:29,1
INT0000005861,PLAY0000044129,U0009942,V00014912,favorite,2026-07-28 23:33:49,1
INT0000005862,PLAY0000044130,U0007272,V00014321,follow,2026-08-21 21:42:48,1
INT0000005863,PLAY0000044133,U0007540,V00008187,follow,2026-08-04 03:44:48,1
INT0000005864,PLAY0000044150,U0008711,V00001158,favorite,2026-05-30 04:31:10,1
INT0000005865,PLAY0000044155,U0000805,V00008872,like,2026-05-22 02:33:08,1
INT0000005866,PLAY0000044163,U0009015,V00014787,like,2026-06-17 10:14:20,1
INT0000005867,PLAY0000044174,U0011763,V00000179,favorite,2026-05-23 14:27:14,1
INT0000005868,PLAY0000044179,U0004524,V00001104,like,2026-06-11 03:38:37,1
INT0000005869,PLAY0000044190,U0003050,V00002175,favorite,2026-08-19 22:41:34,1
INT0000005870,PLAY0000044201,U0007595,V00003879,like,2026-08-16 10:32:10,1
INT0000005871,PLAY0000044203,U0010193,V00014863,follow,2026-08-08 02:52:12,1
INT0000005872,PLAY0000044204,U0011188,V00002002,comment,2026-08-16 21:21:12,1
INT0000005873,PLAY0000044206,U0006294,V00004151,like,2026-07-29 10:03:19,1
INT0000005874,PLAY0000044211,U0007805,V00002902,follow,2026-08-01 17:25:47,1
INT0000005875,PLAY0000044227,U0005005,V00002170,like,2026-07-18 05:50:02,1
INT0000005876,PLAY0000044231,U0008949,V00011918,like,2026-06-13 20:40:55,1
INT0000005877,PLAY0000044233,U0009825,V00005303,comment,2026-06-17 02:14:59,1
INT0000005878,PLAY0000044243,U0006461,V00009652,like,2026-04-24 07:57:09,1
INT0000005879,PLAY0000044246,U0002595,V00008595,like,2026-08-25 22:45:21,1
INT0000005880,PLAY0000044261,U0009021,V00000066,like,2026-07-05 23:35:39,1
INT0000005881,PLAY0000044265,U0006918,V00007020,like,2026-07-01 01:50:21,1
INT0000005882,PLAY0000044295,U0007450,V00014954,like,2026-07-28 02:25:39,1
INT0000005883,PLAY0000044297,U0002247,V00012802,share,2026-04-12 04:28:27,1
INT0000005884,PLAY0000044310,U0000269,V00012949,favorite,2026-07-28 20:54:49,1
INT0000005885,PLAY0000044323,U0010992,V00001755,favorite,2026-05-01 18:04:48,1
INT0000005886,PLAY0000044325,U0000451,V00011976,like,2026-07-28 01:34:07,1
INT0000005887,PLAY0000044332,U0001820,V00002014,like,2026-08-25 07:20:34,1
INT0000005888,PLAY0000044342,U0009756,V00014140,comment,2026-02-01 18:24:26,1
INT0000005889,PLAY0000044345,U0006765,V00003426,like,2026-05-17 22:38:24,1
INT0000005890,PLAY0000044383,U0005964,V00003538,follow,2026-05-25 20:29:53,1
INT0000005891,PLAY0000044391,U0007179,V00004540,follow,2026-08-03 16:24:16,1
INT0000005892,PLAY0000044392,U0003594,V00006343,comment,2026-08-04 13:56:19,1
INT0000005893,PLAY0000044394,U0007038,V00013611,favorite,2026-08-27 22:44:01,1
INT0000005894,PLAY0000044404,U0006304,V00014928,share,2026-05-01 11:28:56,1
INT0000005895,PLAY0000044407,U0009841,V00013718,follow,2026-08-06 18:07:17,1
INT0000005896,PLAY0000044412,U0001557,V00005617,follow,2026-08-28 15:14:19,1
INT0000005897,PLAY0000044415,U0001835,V00005416,like,2026-08-25 21:02:36,1
INT0000005898,PLAY0000044419,U0009817,V00003469,like,2026-08-25 23:50:00,1
INT0000005899,PLAY0000044421,U0001300,V00011259,favorite,2026-08-15 02:34:31,1
INT0000005900,PLAY0000044422,U0010121,V00007219,comment,2026-08-27 21:34:57,1
INT0000005901,PLAY0000044431,U0007890,V00004643,share,2026-08-24 04:33:03,1
INT0000005902,PLAY0000044435,U0004231,V00005265,like,2026-07-05 17:51:56,1
INT0000005903,PLAY0000044439,U0004734,V00000089,share,2026-08-17 08:01:38,1
INT0000005904,PLAY0000044441,U0003545,V00007206,favorite,2026-08-11 19:02:02,1
INT0000005905,PLAY0000044446,U0008051,V00000850,like,2026-08-12 16:36:58,1
INT0000005906,PLAY0000044450,U0006501,V00011592,comment,2026-06-27 01:55:33,1
INT0000005907,PLAY0000044454,U0007427,V00000962,favorite,2026-07-13 05:22:00,1
INT0000005908,PLAY0000044460,U0011567,V00010949,comment,2026-08-23 01:22:13,1
INT0000005909,PLAY0000044473,U0004829,V00008503,share,2026-07-09 12:07:17,1
INT0000005910,PLAY0000044477,U0007895,V00001025,favorite,2026-06-05 12:10:17,1
INT0000005911,PLAY0000044480,U0008580,V00005722,like,2026-08-24 01:08:11,1
INT0000005912,PLAY0000044484,U0011817,V00010370,comment,2026-08-21 16:38:25,1
INT0000005913,PLAY0000044486,U0003213,V00000584,like,2026-03-16 04:49:33,1
INT0000005914,PLAY0000044489,U0009760,V00005458,comment,2026-08-22 01:02:04,1
INT0000005915,PLAY0000044492,U0010695,V00003531,like,2026-06-26 21:11:52,1
INT0000005916,PLAY0000044493,U0007732,V00002461,follow,2026-07-07 05:01:20,1
INT0000005917,PLAY0000044494,U0003812,V00013397,like,2026-05-16 05:04:58,1
INT0000005918,PLAY0000044501,U0003856,V00003821,comment,2026-08-21 21:02:35,1
INT0000005919,PLAY0000044503,U0000387,V00010760,follow,2026-08-04 14:18:37,1
INT0000005920,PLAY0000044527,U0003995,V00000397,like,2026-08-24 08:48:40,1
INT0000005921,PLAY0000044528,U0006804,V00010129,like,2026-08-09 16:38:58,1
INT0000005922,PLAY0000044548,U0006658,V00000901,like,2026-07-27 14:56:53,1
INT0000005923,PLAY0000044555,U0005873,V00005731,favorite,2026-08-21 01:58:00,1
INT0000005924,PLAY0000044571,U0005202,V00012102,like,2026-07-11 03:10:14,1
INT0000005925,PLAY0000044573,U0003864,V00007328,like,2026-07-31 00:56:47,1
INT0000005926,PLAY0000044579,U0009435,V00005442,like,2026-08-07 02:43:33,1
INT0000005927,PLAY0000044583,U0011328,V00012411,like,2026-04-15 08:17:59,1
INT0000005928,PLAY0000044592,U0008131,V00008502,comment,2026-08-11 13:24:21,1
INT0000005929,PLAY0000044614,U0010840,V00009709,share,2026-07-13 20:41:51,1
INT0000005930,PLAY0000044615,U0007900,V00005827,comment,2026-06-26 19:38:04,1
INT0000005931,PLAY0000044618,U0005849,V00003847,like,2026-08-14 12:36:08,1
INT0000005932,PLAY0000044620,U0002650,V00006406,favorite,2026-08-23 15:20:48,1
INT0000005933,PLAY0000044627,U0005709,V00001639,like,2026-07-13 09:09:57,1
INT0000005934,PLAY0000044646,U0008739,V00005069,like,2026-07-17 20:30:50,1
INT0000005935,PLAY0000044659,U0004850,V00011159,follow,2026-03-07 15:07:54,1
INT0000005936,PLAY0000044675,U0011887,V00007399,like,2026-08-21 11:36:30,1
INT0000005937,PLAY0000044678,U0003860,V00008117,favorite,2026-07-05 05:53:32,1
INT0000005938,PLAY0000044695,U0011720,V00002249,favorite,2026-08-15 23:39:07,1
INT0000005939,PLAY0000044703,U0010045,V00006322,comment,2026-06-20 13:19:02,1
INT0000005940,PLAY0000044705,U0009773,V00004885,favorite,2026-08-26 16:29:16,1
INT0000005941,PLAY0000044718,U0010824,V00005831,like,2026-08-04 07:51:19,1
INT0000005942,PLAY0000044749,U0001580,V00008859,favorite,2026-02-18 20:07:42,1
INT0000005943,PLAY0000044753,U0006673,V00014850,like,2026-08-21 01:05:39,1
INT0000005944,PLAY0000044756,U0004627,V00002615,like,2026-08-28 09:03:09,1
INT0000005945,PLAY0000044773,U0003067,V00014012,share,2026-07-13 05:16:25,1
INT0000005946,PLAY0000044774,U0006578,V00012464,favorite,2026-05-15 12:50:55,1
INT0000005947,PLAY0000044776,U0010114,V00007600,follow,2026-06-29 00:11:12,1
INT0000005948,PLAY0000044777,U0003534,V00009198,comment,2026-08-28 01:17:26,1
INT0000005949,PLAY0000044785,U0003014,V00014881,like,2026-08-01 22:39:51,1
INT0000005950,PLAY0000044788,U0000582,V00008176,comment,2026-08-16 03:35:12,1
INT0000005951,PLAY0000044794,U0008306,V00008297,like,2026-08-28 23:10:51,1
INT0000005952,PLAY0000044795,U0008010,V00007258,follow,2026-08-17 21:21:18,1
INT0000005953,PLAY0000044810,U0008280,V00009802,like,2026-08-13 17:58:16,1
INT0000005954,PLAY0000044811,U0008288,V00005268,like,2026-06-28 00:46:13,1
INT0000005955,PLAY0000044821,U0000316,V00004569,follow,2026-04-11 19:47:21,1
INT0000005956,PLAY0000044822,U0004721,V00005194,like,2026-07-06 06:23:48,1
INT0000005957,PLAY0000044829,U0005875,V00012112,like,2026-08-21 02:42:49,1
INT0000005958,PLAY0000044849,U0008309,V00007014,like,2026-05-23 13:39:59,1
INT0000005959,PLAY0000044852,U0008886,V00014605,favorite,2026-03-23 18:08:09,1
INT0000005960,PLAY0000044861,U0001246,V00002785,like,2026-06-05 21:49:58,1
INT0000005961,PLAY0000044869,U0000044,V00000080,favorite,2026-04-12 13:32:42,1
INT0000005962,PLAY0000044870,U0005545,V00004348,share,2026-06-14 08:42:11,1
INT0000005963,PLAY0000044881,U0006657,V00008411,share,2026-08-21 16:23:03,1
INT0000005964,PLAY0000044900,U0006395,V00001142,like,2026-08-24 14:14:25,1
INT0000005965,PLAY0000044905,U0002845,V00011050,share,2026-08-01 12:54:50,1
INT0000005966,PLAY0000044914,U0009497,V00000829,favorite,2026-08-13 16:03:33,1
INT0000005967,PLAY0000044928,U0007352,V00014089,like,2026-05-01 09:10:14,1
INT0000005968,PLAY0000044932,U0010352,V00008243,like,2026-07-27 14:14:50,1
INT0000005969,PLAY0000044944,U0010442,V00001806,like,2026-07-31 09:41:58,1
INT0000005970,PLAY0000044949,U0003650,V00003232,like,2026-08-28 11:26:38,1
INT0000005971,PLAY0000044950,U0008056,V00010447,comment,2026-07-03 03:32:26,1
INT0000005972,PLAY0000044953,U0007110,V00002003,follow,2026-08-27 15:07:28,1
INT0000005973,PLAY0000044954,U0009386,V00014980,like,2026-06-28 14:16:47,1
INT0000005974,PLAY0000044961,U0006283,V00009516,comment,2026-08-13 01:09:22,1
INT0000005975,PLAY0000044968,U0008363,V00010544,comment,2026-04-06 11:11:08,1
INT0000005976,PLAY0000044971,U0011847,V00005801,like,2026-04-03 10:12:17,1
INT0000005977,PLAY0000044975,U0000983,V00008320,share,2026-07-06 14:32:42,1
INT0000005978,PLAY0000044977,U0007866,V00010644,like,2026-05-19 11:44:12,1
INT0000005979,PLAY0000044978,U0004747,V00005274,like,2026-08-26 21:39:55,1
INT0000005980,PLAY0000045001,U0010538,V00010156,share,2026-08-27 15:13:24,1
INT0000005981,PLAY0000045004,U0008616,V00005379,favorite,2026-07-24 14:55:38,1
INT0000005982,PLAY0000045016,U0010839,V00013763,comment,2026-08-26 06:18:07,1
INT0000005983,PLAY0000045025,U0002935,V00007261,comment,2026-07-22 05:41:24,1
INT0000005984,PLAY0000045026,U0001271,V00004234,like,2026-08-27 09:00:30,1
INT0000005985,PLAY0000045035,U0010528,V00007800,like,2026-08-09 04:45:56,1
INT0000005986,PLAY0000045055,U0004753,V00006057,like,2026-05-30 05:04:48,1
INT0000005987,PLAY0000045066,U0004729,V00011865,share,2026-07-20 10:23:42,1
INT0000005988,PLAY0000045071,U0003454,V00002014,like,2026-08-22 00:00:18,1
INT0000005989,PLAY0000045094,U0007944,V00000363,like,2026-05-04 18:17:45,1
INT0000005990,PLAY0000045103,U0001112,V00000130,like,2026-08-13 11:40:21,1
INT0000005991,PLAY0000045105,U0010730,V00011550,comment,2026-08-23 07:08:10,1
INT0000005992,PLAY0000045116,U0004024,V00009957,share,2026-08-28 14:24:18,1
INT0000005993,PLAY0000045119,U0010556,V00013589,favorite,2026-08-14 06:28:51,1
INT0000005994,PLAY0000045130,U0002333,V00006178,favorite,2026-06-08 00:58:14,1
INT0000005995,PLAY0000045141,U0010330,V00014743,like,2026-05-26 00:49:40,1
INT0000005996,PLAY0000045143,U0005351,V00000367,like,2026-06-18 12:04:46,1
INT0000005997,PLAY0000045147,U0001593,V00004953,favorite,2026-08-19 00:42:33,1
INT0000005998,PLAY0000045151,U0003160,V00013789,share,2026-07-03 06:08:52,1
INT0000005999,PLAY0000045172,U0004025,V00012979,like,2026-04-11 03:10:58,1
INT0000006000,PLAY0000045175,U0011116,V00009092,comment,2026-08-20 04:41:25,1
INT0000006001,PLAY0000045179,U0004346,V00014605,share,2026-06-07 09:49:31,1
INT0000006002,PLAY0000045218,U0002974,V00004067,follow,2026-04-20 06:32:04,1
INT0000006003,PLAY0000045225,U0007180,V00013339,like,2026-08-20 15:24:32,1
INT0000006004,PLAY0000045238,U0006989,V00009186,comment,2026-05-03 09:22:30,1
INT0000006005,PLAY0000045246,U0002427,V00001139,like,2026-08-28 23:25:58,1
INT0000006006,PLAY0000045263,U0006727,V00006651,favorite,2026-07-17 12:10:28,1
INT0000006007,PLAY0000045264,U0007657,V00008103,like,2026-08-15 13:19:33,1
INT0000006008,PLAY0000045266,U0002719,V00000021,share,2026-08-19 23:43:50,1
INT0000006009,PLAY0000045267,U0002725,V00014969,like,2026-08-20 07:47:55,1
INT0000006010,PLAY0000045274,U0011552,V00010579,like,2026-08-13 01:32:15,1
INT0000006011,PLAY0000045284,U0009623,V00001897,comment,2026-04-26 12:31:44,1
INT0000006012,PLAY0000045295,U0002784,V00012690,like,2026-06-09 11:08:27,1
INT0000006013,PLAY0000045306,U0001007,V00000257,favorite,2026-08-08 05:02:33,1
INT0000006014,PLAY0000045307,U0009049,V00000218,follow,2026-08-28 00:41:43,1
INT0000006015,PLAY0000045315,U0001252,V00011469,comment,2026-04-19 17:48:49,1
INT0000006016,PLAY0000045318,U0004725,V00001323,like,2026-08-28 04:45:29,1
INT0000006017,PLAY0000045334,U0010019,V00011564,favorite,2026-08-20 18:09:48,1
INT0000006018,PLAY0000045335,U0002200,V00005535,share,2026-08-28 18:50:20,1
INT0000006019,PLAY0000045338,U0008441,V00001054,like,2026-07-30 09:50:51,1
INT0000006020,PLAY0000045363,U0007687,V00014525,share,2026-08-25 12:57:25,1
INT0000006021,PLAY0000045370,U0010669,V00011304,like,2026-06-14 20:46:25,1
INT0000006022,PLAY0000045388,U0000853,V00011999,follow,2026-06-22 03:42:11,1
INT0000006023,PLAY0000045392,U0003917,V00005837,comment,2026-02-04 15:16:43,1
INT0000006024,PLAY0000045417,U0011948,V00010065,like,2026-05-01 10:05:37,1
INT0000006025,PLAY0000045419,U0009417,V00006104,favorite,2026-07-30 11:57:48,1
INT0000006026,PLAY0000045423,U0007715,V00003028,comment,2026-07-18 00:10:15,1
INT0000006027,PLAY0000045429,U0004123,V00007853,like,2026-06-13 02:14:07,1
INT0000006028,PLAY0000045435,U0005520,V00011830,like,2026-03-15 15:23:37,1
INT0000006029,PLAY0000045441,U0006359,V00013996,share,2026-06-25 09:31:04,1
INT0000006030,PLAY0000045454,U0000737,V00011451,comment,2026-08-23 22:37:05,1
INT0000006031,PLAY0000045457,U0005859,V00008501,like,2026-07-09 03:30:46,1
INT0000006032,PLAY0000045467,U0008952,V00008001,like,2026-07-30 03:48:42,1
INT0000006033,PLAY0000045469,U0007404,V00011276,favorite,2026-07-06 08:56:45,1
INT0000006034,PLAY0000045471,U0010458,V00010033,comment,2026-07-16 20:35:27,1
INT0000006035,PLAY0000045478,U0004188,V00010811,like,2026-08-27 11:37:23,1
INT0000006036,PLAY0000045479,U0002504,V00001897,comment,2026-06-09 10:02:09,1
INT0000006037,PLAY0000045483,U0007178,V00005401,like,2026-06-25 05:57:27,1
INT0000006038,PLAY0000045490,U0003786,V00005409,share,2026-08-09 07:40:23,1
INT0000006039,PLAY0000045511,U0001395,V00010222,like,2026-07-31 11:38:21,1
INT0000006040,PLAY0000045523,U0009181,V00012091,like,2026-08-04 14:29:13,1
INT0000006041,PLAY0000045524,U0002982,V00003101,comment,2026-04-23 22:36:37,1
INT0000006042,PLAY0000045525,U0008788,V00007918,like,2026-08-01 05:08:39,1
INT0000006043,PLAY0000045526,U0009254,V00002776,like,2026-07-29 10:35:52,1
INT0000006044,PLAY0000045527,U0002313,V00003147,like,2026-06-20 23:32:13,1
INT0000006045,PLAY0000045529,U0008607,V00010916,like,2026-08-28 22:12:02,1
INT0000006046,PLAY0000045541,U0009104,V00005993,share,2026-06-10 12:07:41,1
INT0000006047,PLAY0000045542,U0011876,V00004910,share,2026-07-28 18:15:55,1
INT0000006048,PLAY0000045543,U0000038,V00003310,comment,2026-08-25 03:50:43,1
INT0000006049,PLAY0000045553,U0003684,V00001000,favorite,2026-07-06 02:47:46,1
INT0000006050,PLAY0000045557,U0009409,V00001588,comment,2026-04-12 14:26:10,1
INT0000006051,PLAY0000045561,U0009344,V00011576,like,2026-08-13 13:37:46,1
INT0000006052,PLAY0000045576,U0003851,V00011902,follow,2026-08-28 15:39:08,1
INT0000006053,PLAY0000045584,U0005877,V00008692,follow,2026-08-21 09:47:36,1
INT0000006054,PLAY0000045609,U0009632,V00007532,like,2026-08-05 16:25:40,1
INT0000006055,PLAY0000045624,U0011008,V00009372,share,2026-02-23 15:01:27,1
INT0000006056,PLAY0000045645,U0007632,V00014345,share,2026-08-26 03:35:15,1
INT0000006057,PLAY0000045657,U0002503,V00004043,like,2026-07-18 14:14:40,1
INT0000006058,PLAY0000045674,U0000362,V00005299,like,2026-08-07 14:47:24,1
INT0000006059,PLAY0000045693,U0004632,V00001990,share,2026-05-15 22:47:55,1
INT0000006060,PLAY0000045704,U0004374,V00013605,like,2026-07-16 23:33:12,1
INT0000006061,PLAY0000045710,U0010082,V00000108,favorite,2026-08-17 22:05:14,1
INT0000006062,PLAY0000045712,U0000624,V00000358,like,2026-08-09 13:33:43,1
INT0000006063,PLAY0000045716,U0003531,V00008253,share,2026-08-28 17:53:13,1
INT0000006064,PLAY0000045717,U0006041,V00000905,like,2026-06-28 18:56:24,1
INT0000006065,PLAY0000045743,U0009080,V00001135,like,2026-08-24 09:29:12,1
INT0000006066,PLAY0000045744,U0006679,V00004037,like,2026-08-08 07:46:48,1
INT0000006067,PLAY0000045746,U0000108,V00009388,like,2026-05-02 22:24:05,1
INT0000006068,PLAY0000045754,U0000396,V00012706,share,2026-07-20 09:29:56,1
INT0000006069,PLAY0000045757,U0009025,V00000724,like,2026-07-12 22:10:02,1
INT0000006070,PLAY0000045762,U0002160,V00010684,share,2026-08-28 15:50:26,1
INT0000006071,PLAY0000045765,U0000037,V00014779,like,2026-07-08 01:56:09,1
INT0000006072,PLAY0000045769,U0000574,V00005822,like,2026-01-20 13:15:05,1
INT0000006073,PLAY0000045776,U0002077,V00006025,like,2026-05-17 07:50:37,1
INT0000006074,PLAY0000045777,U0010493,V00002280,like,2026-08-16 17:19:07,1
INT0000006075,PLAY0000045779,U0007772,V00011548,follow,2026-04-26 21:15:41,1
INT0000006076,PLAY0000045788,U0004944,V00011572,follow,2026-08-26 17:53:20,1
INT0000006077,PLAY0000045806,U0011857,V00007668,comment,2026-08-28 12:29:18,1
INT0000006078,PLAY0000045807,U0005088,V00001724,like,2026-07-01 08:16:32,1
INT0000006079,PLAY0000045816,U0007222,V00010732,like,2026-08-14 23:24:15,1
INT0000006080,PLAY0000045825,U0002730,V00004281,like,2026-08-18 22:13:58,1
INT0000006081,PLAY0000045837,U0010838,V00002553,share,2026-08-22 06:47:33,1
INT0000006082,PLAY0000045849,U0004264,V00009230,like,2026-08-27 05:42:20,1
INT0000006083,PLAY0000045853,U0004934,V00006292,like,2026-08-26 11:45:29,1
INT0000006084,PLAY0000045856,U0008862,V00005517,like,2026-06-23 12:48:54,1
INT0000006085,PLAY0000045859,U0006624,V00011775,like,2026-03-26 14:15:01,1
INT0000006086,PLAY0000045860,U0000171,V00006343,like,2026-08-07 22:05:18,1
INT0000006087,PLAY0000045861,U0008411,V00011490,like,2026-06-01 17:41:13,1
INT0000006088,PLAY0000045877,U0004836,V00001763,like,2026-08-04 05:45:53,1
INT0000006089,PLAY0000045882,U0001173,V00009783,favorite,2026-06-01 14:25:01,1
INT0000006090,PLAY0000045884,U0003772,V00004488,follow,2026-04-02 15:00:15,1
INT0000006091,PLAY0000045895,U0011254,V00014734,share,2026-06-19 01:34:17,1
INT0000006092,PLAY0000045897,U0010597,V00006833,like,2026-05-10 13:22:27,1
INT0000006093,PLAY0000045909,U0003781,V00005357,like,2026-08-21 17:41:29,1
INT0000006094,PLAY0000045913,U0005188,V00001281,like,2026-07-30 14:04:57,1
INT0000006095,PLAY0000045917,U0000719,V00001324,like,2026-07-19 18:52:30,1
INT0000006096,PLAY0000045918,U0000567,V00009593,like,2026-08-23 00:49:40,1
INT0000006097,PLAY0000045919,U0003991,V00006725,like,2026-08-21 08:13:26,1
INT0000006098,PLAY0000045931,U0002229,V00007670,like,2026-07-28 22:11:26,1
INT0000006099,PLAY0000045942,U0011372,V00012519,share,2026-08-24 19:54:20,1
INT0000006100,PLAY0000045945,U0004614,V00005822,like,2026-06-27 22:21:17,1
INT0000006101,PLAY0000045953,U0008828,V00013653,like,2026-07-14 09:08:38,1
INT0000006102,PLAY0000045960,U0000708,V00014363,like,2026-07-12 12:37:32,1
INT0000006103,PLAY0000045968,U0011870,V00010756,like,2026-04-28 17:58:18,1
INT0000006104,PLAY0000045977,U0007660,V00002829,like,2026-07-02 12:54:08,1
INT0000006105,PLAY0000045979,U0001253,V00001618,like,2026-08-11 05:12:42,1
INT0000006106,PLAY0000045982,U0000555,V00006390,like,2026-06-19 18:03:54,1
INT0000006107,PLAY0000045987,U0003562,V00007485,like,2026-07-04 13:27:24,1
INT0000006108,PLAY0000046024,U0000731,V00007539,comment,2026-06-30 23:31:19,1
INT0000006109,PLAY0000046029,U0001359,V00012490,like,2026-08-08 22:30:39,1
INT0000006110,PLAY0000046033,U0011616,V00006659,follow,2026-06-29 13:07:20,1
INT0000006111,PLAY0000046038,U0006303,V00001651,like,2026-05-24 15:03:27,1
INT0000006112,PLAY0000046040,U0007814,V00010798,like,2026-06-20 06:15:59,1
INT0000006113,PLAY0000046058,U0000661,V00008042,comment,2026-02-20 05:26:55,1
INT0000006114,PLAY0000046074,U0009545,V00003127,like,2026-08-11 03:09:04,1
INT0000006115,PLAY0000046093,U0004744,V00005350,favorite,2026-05-30 10:17:41,1
INT0000006116,PLAY0000046130,U0009790,V00011056,like,2026-08-17 01:06:01,1
INT0000006117,PLAY0000046132,U0009813,V00003651,like,2026-08-07 00:30:43,1
INT0000006118,PLAY0000046136,U0005751,V00002085,follow,2026-08-27 05:31:27,1
INT0000006119,PLAY0000046139,U0002678,V00007948,like,2026-08-28 09:37:01,1
INT0000006120,PLAY0000046148,U0005387,V00007493,favorite,2026-07-21 01:57:38,1
INT0000006121,PLAY0000046160,U0004027,V00001098,comment,2026-08-22 06:58:03,1
INT0000006122,PLAY0000046171,U0005936,V00011978,follow,2026-05-04 12:53:04,1
INT0000006123,PLAY0000046194,U0003441,V00002657,like,2026-08-13 04:40:47,1
INT0000006124,PLAY0000046196,U0005853,V00013799,like,2026-06-05 08:56:32,1
INT0000006125,PLAY0000046197,U0007057,V00005429,like,2026-08-11 17:32:21,1
INT0000006126,PLAY0000046200,U0000804,V00000455,like,2026-05-21 09:47:36,1
INT0000006127,PLAY0000046217,U0000645,V00010550,like,2026-08-24 23:00:52,1
INT0000006128,PLAY0000046225,U0009933,V00010271,follow,2026-04-15 10:23:14,1
INT0000006129,PLAY0000046227,U0005039,V00009577,favorite,2026-08-01 20:53:27,1
INT0000006130,PLAY0000046233,U0011883,V00010268,like,2026-03-08 09:12:34,1
INT0000006131,PLAY0000046239,U0009343,V00014047,share,2026-05-05 01:08:59,1
INT0000006132,PLAY0000046244,U0004948,V00002088,favorite,2026-04-30 23:00:16,1
INT0000006133,PLAY0000046248,U0003933,V00003676,comment,2026-08-08 12:29:57,1
INT0000006134,PLAY0000046249,U0000905,V00009738,like,2026-08-06 10:31:06,1
INT0000006135,PLAY0000046255,U0006152,V00000268,like,2026-06-16 22:49:11,1
INT0000006136,PLAY0000046260,U0001208,V00010381,favorite,2026-08-16 16:24:11,1
INT0000006137,PLAY0000046266,U0011252,V00002789,comment,2026-08-23 19:26:51,1
INT0000006138,PLAY0000046281,U0007582,V00007499,comment,2026-06-22 12:58:50,1
INT0000006139,PLAY0000046295,U0007229,V00002162,like,2026-06-22 20:13:04,1
INT0000006140,PLAY0000046303,U0011039,V00009678,like,2026-04-15 17:45:25,1
INT0000006141,PLAY0000046311,U0004698,V00004728,like,2026-05-06 09:50:57,1
INT0000006142,PLAY0000046318,U0001884,V00010402,like,2026-05-03 14:50:42,1
INT0000006143,PLAY0000046319,U0000830,V00003036,like,2026-08-26 10:57:21,1
INT0000006144,PLAY0000046323,U0004180,V00009550,share,2026-07-25 07:37:49,1
INT0000006145,PLAY0000046340,U0004577,V00003080,like,2026-08-01 09:30:29,1
INT0000006146,PLAY0000046354,U0003961,V00002878,like,2026-04-04 10:50:43,1
INT0000006147,PLAY0000046355,U0006377,V00003617,like,2026-08-28 03:17:44,1
INT0000006148,PLAY0000046364,U0010068,V00007976,like,2026-07-04 11:39:12,1
INT0000006149,PLAY0000046370,U0002190,V00012877,like,2026-07-27 22:12:30,1
INT0000006150,PLAY0000046389,U0004388,V00006680,like,2026-05-26 22:49:26,1
INT0000006151,PLAY0000046394,U0009486,V00004921,share,2026-08-21 13:16:31,1
INT0000006152,PLAY0000046405,U0008963,V00006906,share,2026-08-19 00:39:59,1
INT0000006153,PLAY0000046409,U0011263,V00009983,like,2026-07-13 18:22:21,1
INT0000006154,PLAY0000046410,U0007339,V00009819,share,2026-08-28 13:17:52,1
INT0000006155,PLAY0000046423,U0010121,V00001298,favorite,2026-07-27 15:22:07,1
INT0000006156,PLAY0000046434,U0008471,V00002883,like,2026-07-20 15:08:46,1
INT0000006157,PLAY0000046439,U0009520,V00007664,like,2026-08-17 03:02:32,1
INT0000006158,PLAY0000046442,U0011123,V00008657,like,2026-06-13 08:37:16,1
INT0000006159,PLAY0000046455,U0001523,V00013851,follow,2026-06-20 12:20:24,1
INT0000006160,PLAY0000046456,U0005511,V00009504,like,2026-08-27 08:43:30,1
INT0000006161,PLAY0000046465,U0002863,V00001306,like,2026-06-11 04:28:46,1
INT0000006162,PLAY0000046466,U0005837,V00011665,like,2026-08-10 03:26:21,1
INT0000006163,PLAY0000046474,U0002620,V00007858,like,2026-03-07 18:59:47,1
INT0000006164,PLAY0000046496,U0004367,V00002405,like,2026-07-11 11:21:29,1
INT0000006165,PLAY0000046499,U0001014,V00002016,share,2026-06-08 03:10:43,1
INT0000006166,PLAY0000046502,U0004406,V00013481,favorite,2026-08-25 00:14:16,1
INT0000006167,PLAY0000046516,U0002316,V00012155,comment,2026-07-18 13:19:20,1
INT0000006168,PLAY0000046536,U0011728,V00011602,like,2026-08-23 07:06:39,1
INT0000006169,PLAY0000046549,U0004997,V00009366,like,2026-07-28 23:15:04,1
INT0000006170,PLAY0000046606,U0000135,V00011301,comment,2026-05-21 20:04:04,1
INT0000006171,PLAY0000046607,U0011452,V00001343,share,2026-07-07 12:40:11,1
INT0000006172,PLAY0000046614,U0004757,V00008857,like,2026-08-28 18:41:31,1
INT0000006173,PLAY0000046627,U0002056,V00003971,like,2026-06-24 18:45:29,1
INT0000006174,PLAY0000046630,U0008690,V00003227,follow,2026-08-28 21:57:43,1
INT0000006175,PLAY0000046648,U0002711,V00003930,like,2026-08-21 06:43:26,1
INT0000006176,PLAY0000046656,U0009444,V00011066,like,2026-08-28 08:20:16,1
INT0000006177,PLAY0000046673,U0010389,V00001694,like,2026-07-20 18:21:35,1
INT0000006178,PLAY0000046677,U0009849,V00012340,favorite,2026-07-05 07:28:15,1
INT0000006179,PLAY0000046682,U0011953,V00005873,like,2026-07-30 22:49:03,1
INT0000006180,PLAY0000046688,U0006918,V00010784,comment,2026-06-26 23:26:01,1
INT0000006181,PLAY0000046694,U0004455,V00008581,like,2026-08-07 05:37:13,1
INT0000006182,PLAY0000046701,U0004974,V00011023,like,2026-07-25 01:35:33,1
INT0000006183,PLAY0000046704,U0009233,V00001523,comment,2026-08-13 10:44:13,1
INT0000006184,PLAY0000046716,U0006297,V00007202,comment,2026-07-14 18:33:57,1
INT0000006185,PLAY0000046717,U0000189,V00012339,share,2026-06-22 05:02:05,1
INT0000006186,PLAY0000046731,U0009669,V00009192,like,2026-07-21 17:29:24,1
INT0000006187,PLAY0000046737,U0001243,V00012527,like,2026-05-27 11:21:31,1
INT0000006188,PLAY0000046738,U0007812,V00011573,like,2026-08-27 13:40:19,1
INT0000006189,PLAY0000046745,U0010263,V00001568,favorite,2026-06-24 22:18:52,1
INT0000006190,PLAY0000046753,U0007607,V00010438,like,2026-04-21 06:02:30,1
INT0000006191,PLAY0000046756,U0004486,V00011550,comment,2026-08-26 14:07:07,1
INT0000006192,PLAY0000046760,U0010334,V00005236,share,2026-06-02 00:30:11,1
INT0000006193,PLAY0000046763,U0007186,V00007447,share,2026-08-01 02:49:17,1
INT0000006194,PLAY0000046764,U0001223,V00014509,like,2026-08-26 19:16:04,1
INT0000006195,PLAY0000046766,U0003939,V00014040,like,2026-07-04 11:53:55,1
INT0000006196,PLAY0000046770,U0003506,V00007286,like,2026-07-27 10:38:17,1
INT0000006197,PLAY0000046782,U0001407,V00001005,share,2026-08-18 18:38:29,1
INT0000006198,PLAY0000046784,U0009061,V00001637,favorite,2026-05-29 16:29:13,1
INT0000006199,PLAY0000046790,U0010933,V00003225,like,2026-08-24 21:53:02,1
INT0000006200,PLAY0000046800,U0009984,V00001236,comment,2026-06-20 16:16:54,1
INT0000006201,PLAY0000046820,U0001466,V00012665,like,2026-06-30 11:12:23,1
INT0000006202,PLAY0000046826,U0000987,V00008271,follow,2026-08-18 23:18:53,1
INT0000006203,PLAY0000046830,U0003726,V00011592,follow,2026-08-17 11:32:09,1
INT0000006204,PLAY0000046833,U0002911,V00012630,like,2026-08-21 22:59:46,1
INT0000006205,PLAY0000046843,U0003592,V00001041,like,2026-07-17 08:23:41,1
INT0000006206,PLAY0000046845,U0004961,V00001779,like,2026-08-26 16:45:58,1
INT0000006207,PLAY0000046856,U0003626,V00010573,comment,2026-06-19 22:16:28,1
INT0000006208,PLAY0000046859,U0006543,V00007013,comment,2026-07-24 15:44:12,1
INT0000006209,PLAY0000046864,U0003449,V00003349,like,2026-08-02 13:25:57,1
INT0000006210,PLAY0000046892,U0008861,V00014126,follow,2026-08-20 14:24:13,1
INT0000006211,PLAY0000046901,U0008718,V00008828,like,2026-08-27 00:19:24,1
INT0000006212,PLAY0000046903,U0006095,V00008485,like,2026-05-29 20:04:24,1
INT0000006213,PLAY0000046904,U0010360,V00003431,comment,2026-08-26 10:03:38,1
INT0000006214,PLAY0000046908,U0004649,V00001519,follow,2026-08-17 22:34:23,1
INT0000006215,PLAY0000046916,U0009026,V00010159,like,2026-08-26 00:48:11,1
INT0000006216,PLAY0000046931,U0004462,V00002356,follow,2026-07-21 16:11:50,1
INT0000006217,PLAY0000046932,U0005382,V00009633,like,2026-08-23 18:49:24,1
INT0000006218,PLAY0000046933,U0009677,V00012097,like,2026-08-24 05:14:34,1
INT0000006219,PLAY0000046946,U0011658,V00014836,comment,2026-06-22 02:28:16,1
INT0000006220,PLAY0000046955,U0008293,V00003473,like,2026-08-06 16:22:30,1
INT0000006221,PLAY0000046959,U0008534,V00007787,follow,2026-08-21 10:10:15,1
INT0000006222,PLAY0000046965,U0009410,V00004383,share,2026-08-15 10:34:10,1
INT0000006223,PLAY0000046971,U0004999,V00000541,share,2026-04-25 03:26:02,1
INT0000006224,PLAY0000046973,U0001406,V00013553,comment,2026-08-26 08:17:12,1
INT0000006225,PLAY0000046986,U0008889,V00005457,like,2026-05-20 15:32:07,1
INT0000006226,PLAY0000046990,U0000804,V00003838,like,2026-06-29 03:27:46,1
INT0000006227,PLAY0000046996,U0005866,V00000990,favorite,2026-05-22 00:20:58,1
INT0000006228,PLAY0000046997,U0003994,V00013857,like,2026-06-10 06:39:13,1
INT0000006229,PLAY0000047004,U0002603,V00003024,like,2026-06-11 21:00:09,1
INT0000006230,PLAY0000047040,U0006433,V00001997,follow,2026-05-12 02:19:17,1
INT0000006231,PLAY0000047052,U0002416,V00013972,like,2026-07-30 03:07:10,1
INT0000006232,PLAY0000047057,U0005736,V00009377,favorite,2026-08-27 22:29:22,1
INT0000006233,PLAY0000047061,U0011580,V00001411,like,2026-08-22 08:45:28,1
INT0000006234,PLAY0000047063,U0009623,V00003751,share,2026-07-23 22:47:16,1
INT0000006235,PLAY0000047065,U0009467,V00010172,favorite,2026-08-23 08:59:00,1
INT0000006236,PLAY0000047098,U0008389,V00001808,like,2026-02-05 11:30:49,1
INT0000006237,PLAY0000047109,U0003763,V00007068,comment,2026-08-01 07:50:17,1
INT0000006238,PLAY0000047122,U0009609,V00009841,like,2026-02-24 16:57:00,1
INT0000006239,PLAY0000047127,U0002952,V00007274,share,2026-07-27 09:37:38,1
INT0000006240,PLAY0000047130,U0002957,V00008985,follow,2026-08-17 15:01:21,1
INT0000006241,PLAY0000047137,U0006599,V00000663,like,2026-07-27 06:44:34,1
INT0000006242,PLAY0000047144,U0005190,V00000816,favorite,2026-07-18 05:58:04,1
INT0000006243,PLAY0000047145,U0007785,V00002021,like,2026-04-25 09:58:23,1
INT0000006244,PLAY0000047147,U0007331,V00010485,comment,2026-08-12 17:54:18,1
INT0000006245,PLAY0000047164,U0002983,V00010045,comment,2026-08-15 23:24:27,1
INT0000006246,PLAY0000047167,U0005277,V00011773,share,2026-08-23 15:16:39,1
INT0000006247,PLAY0000047199,U0002132,V00005059,follow,2026-07-19 05:55:05,1
INT0000006248,PLAY0000047211,U0006480,V00007980,share,2026-08-16 11:07:00,1
INT0000006249,PLAY0000047233,U0001066,V00005187,like,2026-02-19 14:26:08,1
INT0000006250,PLAY0000047237,U0003689,V00005728,like,2026-06-06 06:05:17,1
INT0000006251,PLAY0000047241,U0003959,V00013249,like,2026-08-07 17:51:26,1
INT0000006252,PLAY0000047246,U0000493,V00007057,share,2026-07-27 03:35:40,1
INT0000006253,PLAY0000047248,U0003409,V00001289,follow,2026-08-28 23:55:02,1
INT0000006254,PLAY0000047249,U0000301,V00007802,share,2026-05-18 20:30:00,1
INT0000006255,PLAY0000047264,U0005608,V00006274,like,2026-08-11 00:40:06,1
INT0000006256,PLAY0000047275,U0005515,V00000416,follow,2026-08-11 05:43:56,1
INT0000006257,PLAY0000047277,U0005080,V00000154,like,2026-08-28 01:12:05,1
INT0000006258,PLAY0000047281,U0000968,V00013810,follow,2026-08-12 13:38:46,1
INT0000006259,PLAY0000047290,U0010058,V00008179,like,2026-08-23 03:01:27,1
INT0000006260,PLAY0000047293,U0006661,V00003075,like,2026-08-17 13:01:02,1
INT0000006261,PLAY0000047295,U0001620,V00009109,like,2026-08-23 19:39:05,1
INT0000006262,PLAY0000047303,U0000405,V00008862,share,2026-08-24 04:59:34,1
INT0000006263,PLAY0000047306,U0005923,V00013226,like,2026-08-20 14:00:31,1
INT0000006264,PLAY0000047309,U0000843,V00004354,follow,2026-06-04 05:52:13,1
INT0000006265,PLAY0000047335,U0008769,V00013823,favorite,2026-07-23 20:26:32,1
INT0000006266,PLAY0000047338,U0002503,V00005455,like,2026-04-24 23:37:00,1
INT0000006267,PLAY0000047343,U0000246,V00000052,like,2026-08-18 21:16:25,1
INT0000006268,PLAY0000047344,U0005928,V00009896,comment,2026-05-05 19:19:26,1
INT0000006269,PLAY0000047352,U0010560,V00003847,like,2026-08-05 19:04:54,1
INT0000006270,PLAY0000047365,U0010848,V00012748,like,2026-08-14 16:53:01,1
INT0000006271,PLAY0000047369,U0002377,V00004074,like,2026-08-17 00:56:52,1
INT0000006272,PLAY0000047372,U0002142,V00002468,like,2026-05-14 14:56:25,1
INT0000006273,PLAY0000047382,U0008483,V00007193,share,2026-04-11 06:46:36,1
INT0000006274,PLAY0000047388,U0007027,V00004708,comment,2026-07-03 11:12:27,1
INT0000006275,PLAY0000047395,U0003730,V00010147,like,2026-08-19 06:21:49,1
INT0000006276,PLAY0000047418,U0011545,V00010409,favorite,2026-08-28 14:48:03,1
INT0000006277,PLAY0000047430,U0002275,V00013992,follow,2026-05-18 06:05:43,1
INT0000006278,PLAY0000047431,U0011636,V00011281,follow,2026-06-30 12:03:22,1
INT0000006279,PLAY0000047432,U0001753,V00004726,share,2026-08-05 18:53:57,1
INT0000006280,PLAY0000047445,U0002469,V00012691,like,2026-07-29 12:31:31,1
INT0000006281,PLAY0000047457,U0002313,V00003346,comment,2026-08-21 09:01:55,1
INT0000006282,PLAY0000047466,U0009352,V00010281,comment,2026-06-19 20:54:28,1
INT0000006283,PLAY0000047472,U0004518,V00010719,share,2026-05-25 22:39:05,1
INT0000006284,PLAY0000047476,U0003741,V00001469,like,2026-07-31 04:58:48,1
INT0000006285,PLAY0000047479,U0008904,V00002757,share,2026-07-01 16:41:03,1
INT0000006286,PLAY0000047482,U0006152,V00011800,follow,2026-02-27 09:44:24,1
INT0000006287,PLAY0000047489,U0001332,V00003571,like,2026-07-09 03:29:51,1
INT0000006288,PLAY0000047503,U0004326,V00004698,like,2026-04-19 18:53:08,1
INT0000006289,PLAY0000047508,U0007290,V00003246,share,2026-08-17 15:25:32,1
INT0000006290,PLAY0000047516,U0009865,V00005854,like,2026-07-13 21:13:01,1
INT0000006291,PLAY0000047518,U0008145,V00003540,like,2026-03-30 11:41:59,1
INT0000006292,PLAY0000047521,U0003219,V00014164,favorite,2026-08-04 08:34:02,1
INT0000006293,PLAY0000047527,U0002295,V00009416,like,2026-08-10 06:21:11,1
INT0000006294,PLAY0000047531,U0000451,V00004682,share,2026-08-08 07:36:02,1
INT0000006295,PLAY0000047545,U0008980,V00011155,favorite,2026-03-23 19:28:18,1
INT0000006296,PLAY0000047548,U0010973,V00010704,share,2026-06-21 16:26:20,1
INT0000006297,PLAY0000047549,U0006309,V00013115,comment,2026-06-28 20:45:25,1
INT0000006298,PLAY0000047553,U0004288,V00003970,like,2026-07-03 12:32:55,1
INT0000006299,PLAY0000047562,U0007097,V00008663,favorite,2026-08-08 02:51:54,1
INT0000006300,PLAY0000047565,U0004404,V00000889,follow,2026-08-07 11:41:20,1
INT0000006301,PLAY0000047567,U0001379,V00006060,favorite,2026-05-23 07:27:23,1
INT0000006302,PLAY0000047569,U0011750,V00003832,like,2026-08-24 03:27:15,1
INT0000006303,PLAY0000047575,U0007790,V00000095,like,2026-08-11 04:26:50,1
INT0000006304,PLAY0000047578,U0007358,V00005474,comment,2026-06-15 11:31:03,1
INT0000006305,PLAY0000047579,U0010911,V00005732,like,2026-07-16 08:03:18,1
INT0000006306,PLAY0000047587,U0010834,V00007096,like,2026-08-27 20:01:35,1
INT0000006307,PLAY0000047597,U0007756,V00003923,like,2026-08-25 12:39:30,1
INT0000006308,PLAY0000047600,U0003854,V00000328,like,2026-08-19 09:12:27,1
INT0000006309,PLAY0000047631,U0010156,V00013421,favorite,2026-08-24 18:39:36,1
INT0000006310,PLAY0000047633,U0006165,V00003622,like,2026-04-17 21:12:17,1
INT0000006311,PLAY0000047644,U0000780,V00014995,like,2026-08-12 14:47:04,1
INT0000006312,PLAY0000047653,U0002205,V00007804,like,2026-08-03 20:59:16,1
INT0000006313,PLAY0000047664,U0008258,V00007222,like,2026-08-25 05:40:21,1
INT0000006314,PLAY0000047665,U0010083,V00006989,share,2026-03-22 06:49:58,1
INT0000006315,PLAY0000047668,U0003884,V00005692,favorite,2026-08-02 20:42:58,1
INT0000006316,PLAY0000047690,U0008085,V00000650,favorite,2026-08-23 22:46:00,1
INT0000006317,PLAY0000047695,U0002836,V00005824,like,2026-06-07 22:25:38,1
INT0000006318,PLAY0000047713,U0002596,V00008347,like,2026-04-30 17:39:32,1
INT0000006319,PLAY0000047743,U0007616,V00012886,like,2026-06-04 04:30:11,1
INT0000006320,PLAY0000047745,U0003061,V00013018,like,2026-07-31 19:05:34,1
INT0000006321,PLAY0000047753,U0002285,V00004884,comment,2026-08-26 06:15:11,1
INT0000006322,PLAY0000047755,U0003719,V00001555,like,2026-07-08 22:19:31,1
INT0000006323,PLAY0000047759,U0004374,V00008189,like,2026-06-28 00:45:34,1
INT0000006324,PLAY0000047760,U0005851,V00005801,like,2026-08-22 22:29:21,1
INT0000006325,PLAY0000047767,U0002759,V00014524,like,2026-08-16 07:15:08,1
INT0000006326,PLAY0000047769,U0000831,V00010551,favorite,2026-08-17 01:56:24,1
INT0000006327,PLAY0000047782,U0009896,V00012312,follow,2026-06-02 15:47:25,1
INT0000006328,PLAY0000047798,U0003354,V00007587,like,2026-08-28 07:49:40,1
INT0000006329,PLAY0000047807,U0007964,V00013805,like,2026-07-14 08:46:37,1
INT0000006330,PLAY0000047809,U0011477,V00001053,comment,2026-04-22 06:49:06,1
INT0000006331,PLAY0000047822,U0000058,V00002369,like,2026-06-18 13:35:54,1
INT0000006332,PLAY0000047824,U0000239,V00002399,favorite,2026-05-15 17:25:04,1
INT0000006333,PLAY0000047831,U0006931,V00005832,share,2026-07-10 17:15:51,1
INT0000006334,PLAY0000047837,U0001952,V00008828,follow,2026-08-20 16:44:05,1
INT0000006335,PLAY0000047838,U0002229,V00009950,favorite,2026-08-18 21:21:11,1
INT0000006336,PLAY0000047845,U0007474,V00013935,share,2026-02-02 10:06:28,1
INT0000006337,PLAY0000047848,U0005223,V00000749,like,2026-08-07 17:13:46,1
INT0000006338,PLAY0000047858,U0003639,V00013209,like,2026-07-17 18:29:07,1
INT0000006339,PLAY0000047859,U0009409,V00008245,like,2026-08-02 03:55:12,1
INT0000006340,PLAY0000047878,U0005687,V00004517,like,2026-06-19 04:43:16,1
INT0000006341,PLAY0000047880,U0007997,V00001531,share,2026-08-14 00:51:12,1
INT0000006342,PLAY0000047890,U0009230,V00007750,like,2026-07-25 23:29:08,1
INT0000006343,PLAY0000047897,U0008456,V00007817,like,2026-06-18 10:44:44,1
INT0000006344,PLAY0000047909,U0003341,V00009674,like,2026-07-24 11:31:34,1
INT0000006345,PLAY0000047911,U0005779,V00010747,like,2026-07-15 02:41:55,1
INT0000006346,PLAY0000047920,U0003949,V00004587,like,2026-04-19 10:32:14,1
INT0000006347,PLAY0000047921,U0000434,V00010546,like,2026-08-28 19:58:16,1
INT0000006348,PLAY0000047922,U0006906,V00007524,like,2026-08-19 10:14:30,1
INT0000006349,PLAY0000047931,U0010492,V00012612,like,2026-08-27 02:11:12,1
INT0000006350,PLAY0000047938,U0007780,V00013218,share,2026-05-13 17:23:01,1
INT0000006351,PLAY0000047956,U0003342,V00006675,like,2026-06-12 23:37:20,1
INT0000006352,PLAY0000047965,U0002419,V00005886,like,2026-03-28 06:40:59,1
INT0000006353,PLAY0000047969,U0005965,V00003579,like,2026-05-29 03:20:07,1
INT0000006354,PLAY0000047975,U0002496,V00003866,share,2026-07-03 01:46:16,1
INT0000006355,PLAY0000047986,U0000378,V00006222,share,2026-04-23 08:02:24,1
INT0000006356,PLAY0000047988,U0010708,V00002614,favorite,2026-04-26 18:52:21,1
INT0000006357,PLAY0000048023,U0010937,V00009148,like,2026-08-26 21:17:12,1
INT0000006358,PLAY0000048037,U0011476,V00006336,comment,2026-03-30 21:40:24,1
INT0000006359,PLAY0000048039,U0002406,V00013756,comment,2026-07-03 04:36:49,1
INT0000006360,PLAY0000048046,U0000278,V00005941,follow,2026-06-14 00:45:22,1
INT0000006361,PLAY0000048049,U0005830,V00008498,like,2026-08-10 10:20:17,1
INT0000006362,PLAY0000048057,U0005640,V00012143,comment,2026-08-18 04:33:51,1
INT0000006363,PLAY0000048061,U0000970,V00000502,share,2026-08-08 21:24:08,1
INT0000006364,PLAY0000048062,U0011892,V00013242,follow,2026-08-28 14:19:54,1
INT0000006365,PLAY0000048068,U0008186,V00002354,favorite,2026-07-03 23:53:11,1
INT0000006366,PLAY0000048079,U0010220,V00008903,follow,2026-08-01 00:32:40,1
INT0000006367,PLAY0000048084,U0005072,V00003006,like,2026-08-20 23:05:45,1
INT0000006368,PLAY0000048104,U0007792,V00007046,like,2026-08-26 21:11:24,1
INT0000006369,PLAY0000048105,U0000701,V00009819,like,2026-08-28 18:04:33,1
INT0000006370,PLAY0000048112,U0002775,V00014363,favorite,2026-08-20 23:29:05,1
INT0000006371,PLAY0000048123,U0000106,V00005948,share,2026-08-15 21:31:13,1
INT0000006372,PLAY0000048131,U0001805,V00004820,comment,2026-07-26 05:24:28,1
INT0000006373,PLAY0000048156,U0010538,V00005081,share,2026-07-20 00:23:16,1
INT0000006374,PLAY0000048159,U0006845,V00010340,share,2026-08-18 19:44:20,1
INT0000006375,PLAY0000048165,U0009260,V00004916,like,2026-08-02 21:56:37,1
INT0000006376,PLAY0000048172,U0004176,V00000406,share,2026-03-22 18:43:26,1
INT0000006377,PLAY0000048174,U0000247,V00005425,like,2026-07-29 20:24:10,1
INT0000006378,PLAY0000048175,U0008746,V00014298,favorite,2026-07-18 08:03:28,1
INT0000006379,PLAY0000048176,U0008545,V00006207,like,2026-08-28 08:44:34,1
INT0000006380,PLAY0000048182,U0005981,V00004389,like,2026-08-18 16:06:56,1
INT0000006381,PLAY0000048199,U0005672,V00007359,favorite,2026-02-13 12:51:57,1
INT0000006382,PLAY0000048207,U0011230,V00008250,favorite,2026-07-25 18:32:41,1
INT0000006383,PLAY0000048216,U0007948,V00013109,like,2026-07-16 20:36:01,1
INT0000006384,PLAY0000048249,U0002805,V00006299,like,2026-05-25 14:19:10,1
INT0000006385,PLAY0000048285,U0001435,V00009561,favorite,2026-07-28 13:49:21,1
INT0000006386,PLAY0000048299,U0009332,V00012490,like,2026-04-14 07:27:05,1
INT0000006387,PLAY0000048315,U0005136,V00011978,like,2026-04-27 16:34:39,1
INT0000006388,PLAY0000048321,U0002694,V00003033,like,2026-07-12 10:45:45,1
INT0000006389,PLAY0000048324,U0003896,V00012471,like,2026-08-16 09:44:09,1
INT0000006390,PLAY0000048333,U0010671,V00008551,like,2026-08-24 19:33:46,1
INT0000006391,PLAY0000048336,U0006632,V00004959,like,2026-02-28 07:09:28,1
INT0000006392,PLAY0000048338,U0005136,V00010279,comment,2026-08-16 21:07:04,1
INT0000006393,PLAY0000048352,U0005257,V00014150,share,2026-08-22 00:34:08,1
INT0000006394,PLAY0000048360,U0003860,V00013596,like,2026-08-17 01:18:38,1
INT0000006395,PLAY0000048370,U0003923,V00009962,share,2026-01-21 23:27:13,1
INT0000006396,PLAY0000048382,U0005298,V00012088,like,2026-07-20 09:09:18,1
INT0000006397,PLAY0000048387,U0011076,V00007526,like,2026-07-14 23:54:43,1
INT0000006398,PLAY0000048391,U0003074,V00012333,like,2026-08-19 11:20:07,1
INT0000006399,PLAY0000048394,U0003649,V00004087,follow,2026-08-01 16:05:24,1
INT0000006400,PLAY0000048418,U0003967,V00008305,like,2026-08-21 03:49:45,1
INT0000006401,PLAY0000048419,U0000325,V00009097,like,2026-08-27 15:10:36,1
INT0000006402,PLAY0000048434,U0001273,V00008422,like,2026-08-25 16:39:56,1
INT0000006403,PLAY0000048440,U0006789,V00014313,like,2026-06-22 18:19:56,1
INT0000006404,PLAY0000048446,U0009953,V00000632,share,2026-08-20 07:55:56,1
INT0000006405,PLAY0000048455,U0008855,V00005196,comment,2026-07-10 15:03:39,1
INT0000006406,PLAY0000048456,U0007649,V00010576,like,2026-08-05 15:50:47,1
INT0000006407,PLAY0000048473,U0008341,V00012432,like,2026-05-08 22:54:20,1
INT0000006408,PLAY0000048479,U0010921,V00012947,share,2026-08-28 01:46:19,1
INT0000006409,PLAY0000048483,U0006124,V00011824,like,2026-06-17 05:44:13,1
INT0000006410,PLAY0000048487,U0008430,V00001465,like,2026-04-12 06:49:43,1
INT0000006411,PLAY0000048489,U0003078,V00005478,like,2026-07-28 06:35:22,1
INT0000006412,PLAY0000048492,U0005259,V00001166,like,2026-05-03 06:55:15,1
INT0000006413,PLAY0000048499,U0009691,V00012368,like,2026-06-11 20:08:31,1
INT0000006414,PLAY0000048507,U0011820,V00010737,follow,2026-06-20 20:19:27,1
INT0000006415,PLAY0000048513,U0007465,V00006581,like,2026-05-21 12:27:10,1
INT0000006416,PLAY0000048520,U0006868,V00006386,comment,2026-05-20 02:07:45,1
INT0000006417,PLAY0000048526,U0011402,V00006879,comment,2026-08-27 22:32:59,1
INT0000006418,PLAY0000048528,U0006014,V00005897,like,2026-08-20 21:15:50,1
INT0000006419,PLAY0000048529,U0002247,V00001349,favorite,2026-08-25 16:22:54,1
INT0000006420,PLAY0000048544,U0002636,V00012955,like,2026-07-20 18:50:09,1
INT0000006421,PLAY0000048546,U0001257,V00000433,like,2026-06-24 14:00:32,1
INT0000006422,PLAY0000048552,U0007643,V00006002,share,2026-08-27 23:01:32,1
INT0000006423,PLAY0000048553,U0008692,V00010463,like,2026-08-25 11:56:47,1
INT0000006424,PLAY0000048556,U0010958,V00014254,follow,2026-08-28 05:27:05,1
INT0000006425,PLAY0000048561,U0001303,V00003679,like,2026-08-27 23:23:16,1
INT0000006426,PLAY0000048573,U0006812,V00007002,like,2026-03-03 09:20:24,1
INT0000006427,PLAY0000048575,U0001738,V00014426,share,2026-03-30 12:33:57,1
INT0000006428,PLAY0000048577,U0010156,V00000813,like,2026-08-24 02:50:54,1
INT0000006429,PLAY0000048587,U0003282,V00009369,comment,2026-07-23 09:22:16,1
INT0000006430,PLAY0000048590,U0000535,V00003993,like,2026-05-15 19:35:07,1
INT0000006431,PLAY0000048600,U0006947,V00007243,like,2026-08-18 19:13:30,1
INT0000006432,PLAY0000048609,U0008085,V00007682,like,2026-08-16 05:57:26,1
INT0000006433,PLAY0000048614,U0002516,V00009805,like,2026-08-04 06:56:53,1
INT0000006434,PLAY0000048622,U0003956,V00004113,like,2026-03-17 17:01:10,1
INT0000006435,PLAY0000048623,U0003775,V00008952,like,2026-04-24 15:52:16,1
INT0000006436,PLAY0000048635,U0009268,V00012565,favorite,2026-07-13 00:32:51,1
INT0000006437,PLAY0000048646,U0003684,V00007132,like,2026-06-04 19:28:08,1
INT0000006438,PLAY0000048649,U0010288,V00001504,follow,2026-08-10 15:53:51,1
INT0000006439,PLAY0000048654,U0006905,V00013807,like,2026-01-16 08:28:21,1
INT0000006440,PLAY0000048655,U0000220,V00003831,like,2026-08-09 19:58:02,1
INT0000006441,PLAY0000048663,U0006658,V00009186,like,2026-07-24 05:16:55,1
INT0000006442,PLAY0000048670,U0000200,V00003112,like,2026-05-12 06:28:17,1
INT0000006443,PLAY0000048676,U0004485,V00007294,favorite,2026-05-30 05:47:25,1
